0.87569934
0.82114744
0.8528695
0.9068192
0.83258736
0.88569707
0.79188955
0.9593682
0.8271866
0.96610916
0.92416793
0.75830686
0.7803403
0.8960248
0.9728888
0.8194144
0.87993973
0.89625216
0.89465797
0.8000193
0.8341681
0.92726815
0.8014814
0.9552339
0.6340383
0.90910876
0.8550695
0.94473183
0.840285
0.82938206
0.8954487
0.9272351
0.8454196
0.8360509
0.80065614
0.8721807
0.6163973
0.84465265
0.5827087
0.93510926
0.8307588
0.87522244
0.75925314
0.89344645
0.8266087
0.9036816
0.69516647
0.7773956
0.8474151
0.71686584
0.8766888
0.81472313
0.9423495
0.87335116
0.86945766
0.87266415
0.9353662
0.8864586
0.9202838
0.88131183
0.9417589
0.80412257
0.7797976
0.9060393
0.8998687
0.9344983
0.92247975
0.8939469
0.9297199
0.90698797
0.8833404
0.9302964
0.94623584
0.92752457
0.91158074
0.96524155
0.74503183
0.9295556
0.9022354
0.66127557
0.75840205
0.7644103
0.92481935
0.9529295
0.76688623
0.9272775
0.8539787
0.89854574
0.8968304
0.89031565
0.9295533
0.8814347
0.81695724
0.8627085
0.85579246
0.8981501
0.84804016
0.6931001
0.806375
0.8424223
0.90398264
0.79548585
0.6512136
0.89448774
0.9603497
0.8677932
0.9295523
0.9365178
0.8955705
0.9001577
0.90847605
0.9134114
0.9068607
0.96824
0.79803973
0.87501305
0.7864732
0.72563905
0.92916
0.78968966
0.83716047
0.8606558
0.855692
0.584076
0.6677265
0.91964114
0.65203804
0.88100845
0.84198606
0.79507375
0.8655375
0.6664375
0.87684864
0.8233364
0.94623756
0.85055315
0.8974817
0.9349797
0.85187757
0.9009897
0.90284
0.923628
0.91848373
0.90656203
0.36402518
0.95612586
0.9558893
0.78652036
0.9396727
0.8068341
0.81766176
0.9034479
0.85771996
0.97872394
0.90619403
0.8927745
0.8864416
0.84276414
0.9295924
0.9475052
0.9446086
0.86402524
0.8739182
0.89390147
0.9181045
0.9532147
0.8288374
0.93268645
0.85971564
0.8835815
0.8678867
0.92199594
0.7348228
0.79929817
0.8174362
0.84673864
0.7728101
0.85543007
0.8815303
0.8885181
0.6675461
0.7043803
0.8960744
0.78785175
0.8421047
0.9603086
0.8511611
0.93032086
0.9401229
0.8274836
0.96298444
0.8097065
0.65754914
0.7903872
0.8524697
0.6689253
0.815957
0.97220045
0.7329139
0.81009287
0.9374665
0.9324415
0.8618252
0.7676616
0.65934354
0.6877905
0.8919246
0.82734865
0.8440481
0.8416873
0.70859474
0.9198322
0.9572234
0.7472081
0.8082337
0.944277
0.41768596
0.8765757
0.6646464
0.88514584
0.8688531
0.8439966
0.828968
0.86626005
0.8786616
0.8655615
0.954926
0.832602
0.91486883
0.9444014
0.84223986
0.89878094
0.79295844
0.8662308
0.8659816
0.95195836
0.8759997
0.91452944
0.8906392
0.7835269
0.7294041
0.58790827
0.924456
0.8623681
0.8751833
0.9800913
0.90691155
0.81346476
0.8107389
0.8611197
0.93782157
0.8066414
0.93629193
0.88919914
0.9655037
0.8541517
0.9367901
0.93457216
0.90036106
0.92838335
0.8247447
0.8565255
0.8160889
0.8646802
0.69497776
0.7830645
0.9679904
0.85160184
0.952217
0.7954797
0.86297035
0.76222765
0.6657289
0.79770285
0.8827605
0.8597715
0.86661756
0.58574057
0.8442904
0.90303904
0.85783124
0.80525976
0.3893227
0.818599
0.771922
0.8503095
0.8317534
0.7964125
0.8073867
0.9750577
0.92477304
0.8547922
0.84734553
0.899825
0.8640198
0.7775843
0.8477577
0.70341986
0.8997234
0.76756334
0.8035264
0.8259809
0.9576511
0.81184286
0.8759626
0.95601785
0.7500295
0.81205475
0.51220495
0.7923315
0.9291749
0.9651419
0.9041301
0.8699268
0.86036813
0.93348944
0.88918513
0.9137547
0.9415905
0.9549534
0.7397851
0.884179
0.87370723
0.7458611
0.7171081
0.61410594
0.8030184
0.8861114
0.78761315
0.55792934
0.8799857
0.86731553
0.9375124
0.90348184
0.76753104
0.64186764
0.9210857
0.8657912
0.87866277
0.75715744
0.67725056
0.7495668
0.94780964
0.8982995
0.90077925
0.9502002
0.9437771
0.9174816
0.7032219
0.89329433
0.7980833
0.83939177
0.88573164
0.84519386
0.83840215
0.8831677
0.9619961
0.8984487
0.68431485
0.9215926
0.7957043
0.7654018
0.8720571
0.78599346
0.81760615
0.8012788
0.83927363
0.61136574
0.4934827
0.85822463
0.885885
0.770722
0.8281825
0.6414114
0.93687654
0.87873936
0.7663355
0.92890954
0.8674602
0.9260618
0.9657123
0.8126025
0.77069235
0.82701725
0.89481354
0.8401981
0.9629257
0.72049004
0.69894683
0.9568397
0.8143732
0.9623317
0.828341
0.92065537
0.832369
0.93869996
0.7511988
0.86096716
0.810123
0.88552237
0.71087426
0.9508256
0.8032294
0.8321829
0.86468893
0.7222153
0.8815316
0.90465254
0.9232006
0.8830049
0.8878625
0.82034314
0.8178474
0.8029722
0.9253104
0.95309955
0.9537394
0.6678479
0.77771896
0.9497966
0.9609543
0.90363884
0.8627637
0.82024026
0.4569002
0.86931574
0.87396115
0.9629103
0.87479085
0.8600764
0.9801922
0.91847813
0.72004455
0.74471515
0.9158258
0.79490566
0.8632704
0.8594736
0.86128265
0.8830947
0.85784847
0.8532977
0.546857
0.831224
0.72815573
0.96959054
0.9041081
0.9293931
0.8320581
0.9193923
0.84182674
0.93317676
0.90224904
0.63418484
0.94651353
0.7037404
0.93402827
0.87462485
0.9000251
0.7379856
0.78318477
0.9234255
0.9207253
0.81032646
0.7548313
0.93460774
0.9328975
0.85421705
0.84313357
0.8646939
0.8895561
0.9441894
0.70904535
0.8665854
0.46084905
0.8946356
0.94099456
0.9760158
0.87843406
0.8249621
0.9057491
0.9419582
0.8786154
0.68916386
0.93361026
0.95738924
0.8366065
0.9135403
0.92891026
0.82555395
0.8282905
0.70455545
0.81896424
0.8972317
0.902707
0.91755307
0.8543301
0.8636558
0.76612574
0.8753417
0.9479631
0.9284789
0.7985545
0.92197335
0.8103811
0.79036826
0.60889095
0.9208589
0.8942984
0.73251456
0.8091249
0.96429884
0.8766923
0.9119617
0.6713135
0.84029526
0.8965002
0.6988857
0.96115136
0.908965
0.71825856
0.887144
0.9293035
0.7048259
0.8493557
0.8434595
0.8375031
0.7577839
0.7716743
0.85620165
0.88336694
0.90476894
0.90724486
0.95719486
0.626433
0.8492118
0.8506243
0.9296574
0.835094
0.7882376
0.88435113
0.8614849
0.72316086
0.67254096
0.8089739
0.93721646
0.8269887
0.87924165
0.8086293
0.9640812
0.9183291
0.83487254
0.84865195
0.8788408
0.9429079
0.82348377
0.8699441
0.8070218
0.9600853
0.91624284
0.9575527
0.8446347
0.83449036
0.7183707
0.9417659
0.5925703
0.8689094
0.7861472
0.89257246
0.8741373
0.8387482
0.88792986
0.86648405
0.815586
0.8761992
0.78738534
0.7730998
0.86891675
0.78682995
0.95534515
0.728061
0.88695323
0.9037509
0.781649
0.9239155
0.9313921
0.9489989
0.86852986
0.9113616
0.9339098
0.9253633
0.85581994
0.947669
0.88258505
0.89319146
0.9132267
0.93381953
0.9061422
0.6880239
0.66715217
0.6883434
0.914691
0.79591453
0.81236196
0.95246714
0.8396927
0.76275694
0.8373036
0.8325185
0.72114235
0.6484494
0.85404205
0.49770623
0.91527003
0.9573008
0.8362569
0.7982857
0.8510883
0.9729026
0.8377584
0.8638443
0.9363923
0.8582184
0.9266538
0.79908776
0.905287
0.81701386
0.8960141
0.85852605
0.8993966
0.75954556
0.92410994
0.5613827
0.906571
0.966983
0.7928478
0.8463146
0.9241925
0.8421289
0.77691716
0.7144281
0.744627
0.9201999
0.96811783
0.8147512
0.941367
0.91788423
0.7575748
0.8939244
0.79915905
0.70493186
0.8515685
0.97725856
0.712601
0.7101433
0.9396391
0.84834915
0.7799766
0.81392944
0.84472734
0.5924307
0.90046
0.75064814
0.95036316
0.81900495
0.8637353
0.73610306
0.9100594
0.8772666
0.97112405
0.9283561
0.88239783
0.9671248
0.91439235
0.6655165
0.78905594
0.9658241
0.9489104
0.9254501
0.8595414
0.5872769
0.9485787
0.7171182
0.8459892
0.50599134
0.7741646
0.9253478
0.914453
0.6925784
0.91122943
0.87501216
0.94157887
0.8353121
0.47888446
0.8282197
0.75446385
0.90027195
0.92401016
0.87814975
0.84527624
0.9533233
0.96333486
0.8271622
0.93363583
0.8892604
0.8788407
0.87161887
0.88195014
0.838421
0.7723564
0.8424952
0.8957072
0.79456586
0.55123097
0.78659403
0.9460659
0.87073773
0.95338285
0.63665843
0.7097075
0.8453407
0.84617686
0.8946896
0.8719432
0.9580969
0.9011705
0.85611844
0.8838696
0.96204054
0.8128176
0.9576391
0.5736114
0.9151936
0.9524524
0.87705004
0.68937474
0.836852
0.94401014
0.9475762
0.9139405
0.9562806
0.7058436
0.45517743
0.85520834
0.929404
0.8786475
0.8265259
0.8221508
0.9338707
0.6667457
0.96522963
0.7903527
0.87386847
0.8812219
0.71639913
0.8392486
0.8614824
0.8572298
0.76153284
0.8785355
0.7147832
0.83865887
0.96001756
0.7265017
0.9533925
0.9297347
0.74689466
0.8037306
0.8783754
0.88559234
0.89434147
0.8675684
0.8356341
0.8364742
0.86474633
0.87824637
0.9728059
0.8263474
0.82935333
0.70504665
0.83024544
0.7450082
0.8086057
0.93760514
0.8784447
0.92057925
0.9205233
0.8617753
0.84869593
0.9693694
0.7237959
0.7910745
0.87486637
0.9097619
0.8815174
0.7163345
0.870094
0.9271983
0.5799958
0.9533289
0.70861626
0.92199135
0.8664188
0.8784554
0.8887917
0.917021
0.631263
0.8359412
0.85533243
0.79920405
0.73069036
0.79393864
0.7969092
0.94283724
0.89527446
0.7709122
0.7657392
0.94767356
0.8584411
0.9576999
0.92824113
0.76912886
0.9030145
0.663005
0.88646156
0.9244529
0.8404101
0.7967406
0.9047855
0.77637196
0.9388547
0.8996166
0.754709
0.824971
0.8070221
0.6160845
0.9389805
0.69119966
0.5155883
0.82604516
0.8812427
0.9608352
0.7850969
0.8702821
0.8484299
0.92849505
0.88563275
0.8242937
0.97827935
0.7578189
0.8262964
0.8882083
0.8162341
0.6140219
0.7852587
0.95134467
0.9024043
0.6210707
0.6647856
0.90892655
0.8923485
0.9330249
0.93126196
0.6070628
0.85491043
0.9098895
0.9717274
0.7361094
0.9535528
0.93227404
0.8572968
0.9470042
0.8607017
0.9167314
0.81259716
0.83729005
0.88500416
0.8578814
0.88675874
0.67740977
0.90283155
0.8446176
0.7839334
0.94662064
0.82183504
0.87710387
0.82989305
0.72535574
0.6250254
0.88966864
0.88482904
0.9101376
0.83255816
0.85128677
0.9112395
0.8248329
0.9359193
0.88754094
0.6871712
0.7029429
0.90073806
0.90834725
0.8152668
0.7349575
0.9618439
0.9274999
0.6996809
0.78894067
0.91307795
0.8696161
0.59452033
0.88734055
0.7963284
0.8234465
0.9545767
0.7431108
0.84564275
0.9537028
0.8072919
0.90836346
0.971879
0.6926634
0.8308263
0.8417205
0.79050994
0.9051188
0.8990411
0.8220491
0.92885345
0.82962155
0.6978924
0.7813542
0.6481578
0.7690953
0.8610131
0.90348
0.85867286
0.8814038
0.9364067
0.6882709
0.7007068
0.89065486
0.812203
0.92248136
0.9234571
0.71720725
0.9148377
0.9246402
0.7402376
0.7384411
0.76579833
0.85137475
0.8476884
0.85768735
0.69401276
0.8512311
0.846405
0.90117794
0.9569068
0.84112245
0.954769
0.94438744
0.48396996
0.8036011
0.935677
0.8608903
0.88345397
0.8882315
0.84863716
0.9016027
0.8974856
0.95030403
0.9207593
0.7515111
0.6623776
0.92611516
0.8577522
0.9508218
0.6385943
0.5616573
0.8646545
0.68073547
0.90085393
0.9001113
0.9241183
0.8855929
0.91756684
0.78219527
0.8092537
0.69419944
0.92263633
0.92571044
0.8763442
0.90533763
0.8744618
0.89379984
0.5256047
0.845304
0.8850358
0.9116261
0.7587191
0.8628147
0.86137855
0.85356414
0.8875747
0.8647847
0.93620175
0.93219686
0.8934754
0.86236197
0.93521154
0.72936195
0.8932569
0.7195053
0.81487244
0.7386622
0.88717747
0.8209402
0.8714894
0.9175419
0.946661
0.93938696
0.94734335
0.91067785
0.93536973
0.88267255
0.9312609
0.9142153
0.8477319
0.8979552
0.8795343
0.88188314
0.73803455
0.92684597
0.45592666
0.77017236
0.8257775
0.7753091
0.91374177
0.8351091
0.79319215
0.85720974
0.78525245
0.8937819
0.74322
0.8624618
0.57071286
0.96734434
0.9020754
0.8847484
0.56107926
0.7991545
0.9439563
0.9513303
0.9563678
0.6907859
0.6317825
0.90378445
0.9449629
0.7504065
0.92536783
0.93221825
0.63023406
0.82846534
0.73787105
0.8835879
0.7874459
0.8524696
0.88292664
0.9322032
0.8142221
0.89537716
0.9499535
0.695909
0.95787776
0.7367534
0.9309137
0.56992
0.93155575
0.773396
0.840518
0.8871045
0.92923033
0.8142066
0.7590026
0.7348496
0.9606872
0.9242407
0.9709059
0.8490752
0.8160428
0.8649938
0.8669633
0.6684008
0.6826954
0.77252996
0.89755154
0.6486073
0.8976389
0.7997589
0.7861128
0.638165
0.92705303
0.8352661
0.4575908
0.84931904
0.8721744
0.7749164
0.960821
0.8533611
0.7492955
0.81498194
0.963561
0.84322786
0.8871079
0.43120074
0.6178451
0.9099277
0.8581666
0.8420744
0.96411914
0.94337523
0.8514077
0.8678653
0.9355669
0.84121084
0.77668124
0.84462345
0.91402185
0.8646723
0.9529617
0.6229706
0.9160516
0.84668875
0.68219954
0.8222414
0.91995347
0.89922523
0.9408973
0.93473697
0.82840484
0.83702177
0.76151466
0.87043214
0.9677759
0.82439846
0.91460633
0.7792091
0.7848085
0.91641396
0.7589581
0.6381284
0.48868436
0.8760181
0.5909983
0.79659253
0.7832714
0.7580167
0.9633377
0.62287515
0.9081031
0.8623979
0.6727306
0.8982779
0.83068043
0.741766
0.89582604
0.92286366
0.87902987
0.8321622
0.9306031
0.69683576
0.9542682
0.70674473
0.66922235
0.8026173
0.8337982
0.8194373
0.8932078
0.87817055
0.8895069
0.9140694
0.9503325
0.9442583
0.87877715
0.8488324
0.89421654
0.8385264
0.76346654
0.7776036
0.9412331
0.96349514
0.7848984
0.9582432
0.9536956
0.4309199
0.6073215
0.9482405
0.88933736
0.94913054
0.9135455
0.6177293
0.9782587
0.6885736
0.85494804
0.84220594
0.73453534
0.47512287
0.9136872
0.7799634
0.8941351
0.84201944
0.78272855
0.70272416
0.8799237
0.9089817
0.7972031
0.8964394
0.6872517
0.74995834
0.8711157
0.88655204
0.7158001
0.9478244
0.64010245
0.8444387
0.85006744
0.9784988
0.46253043
0.9138181
0.96858084
0.8919866
0.895817
0.9662223
0.82437956
0.9259775
0.9481198
0.82141805
0.3729556
0.82338256
0.8820088
0.8521076
0.5735722
0.8130334
0.87483203
0.8150858
0.8529068
0.7540736
0.915591
0.8114511
0.8680845
0.93905795
0.32520372
0.8046761
0.780496
0.899092
0.8355185
0.9134781
0.8816607
0.8436287
0.874292
0.7782119
0.90353096
0.7997515
0.5591037
0.90524435
0.5702531
0.86037964
0.80204755
0.7623413
0.79824746
0.8654071
0.84438896
0.6421369
0.96836275
0.8114292
0.90835875
0.9121451
0.9231872
0.850191
0.9609178
0.818147
0.6202542
0.83728635
0.88963234
0.83204794
0.53587294
0.89572215
0.7228854
0.85173434
0.9203157
0.9265557
0.83160037
0.8555222
0.90913606
0.89446014
0.6769005
0.7722431
0.9178896
0.8767279
0.9556447
0.82360595
0.8153494
0.75350523
0.7107306
0.8477425
0.77100474
0.807113
0.9212177
0.8715101
0.8158462
0.7731034
0.9595819
0.93753535
0.878267
0.7998248
0.81618184
0.8822384
0.90221566
0.8004856
0.8977414
0.9123107
0.69555056
0.71706545
0.97682583
0.70624113
0.85887885
0.7843994
0.8051583
0.8479418
0.87650865
0.77271265
0.7480587
0.8733899
0.9331323
0.44434515
0.951203
0.60608107
0.75170374
0.93968123
0.932979
0.92695487
0.6223469
0.7088989
0.7832931
0.5731044
0.9183899
0.87845504
0.81761384
0.87005246
0.3427113
0.7639859
0.9214026
0.8758185
0.5680268
0.7383913
0.9650311
0.8241389
0.8305087
0.78527355
0.8617629
0.92684543
0.94495624
0.8658404
0.8073363
0.7183823
0.7799792
0.7708739
0.7364063
0.8410293
0.54531187
0.94152796
0.82332015
0.9570587
0.7511668
0.8675499
0.4818384
0.8789493
0.7797484
0.9248556
0.8954092
0.8070339
0.8100301
0.7843572
0.380852
0.8367191
0.7908312
0.85042584
0.7979183
0.7860735
0.8570704
0.8156556
0.6733632
0.79498714
0.6218072
0.5931651
0.81537795
0.6031105
0.91560227
0.7819711
0.87120366
0.8686383
0.8383823
0.8127047
0.8139216
0.8849073
0.75467557
0.70289737
0.6870685
0.8782834
0.90814006
0.82697445
0.8223763
0.91409224
0.85168594
0.5085116
0.7455428
0.8622985
0.7603938
0.71990037
0.8172986
0.8329706
0.9067623
0.6709508
0.9041428
0.8204347
0.6784116
0.89615995
0.8610556
0.6777923
0.93844354
0.9620014
0.9012518
0.8965734
0.6592497
0.781523
0.9163091
0.84174937
0.8579594
0.68947726
0.88461465
0.8705862
0.7775302
0.791858
0.8034014
0.899495
0.8271341
0.83282965
0.80902684
0.76263994
0.77750415
0.70535207
0.61747956
0.78426766
0.76384544
0.77816194
0.8883258
0.8014973
0.8757498
0.7179929
0.86928463
0.95633125
0.8178101
0.8800244
0.58752775
0.3952716
0.8760156
0.49621576
0.80050755
0.8673533
0.8615262
0.8996665
0.8338196
0.90457433
0.8826968
0.805969
0.64051956
0.93959427
0.78780854
0.8413092
0.9321509
0.9016154
0.92354524
0.94180894
0.80814046
0.92337763
0.827381
0.8433469
0.49173924
0.53803563
0.8833749
0.7768172
0.9699205
0.92985266
0.77848256
0.9511622
0.93804705
0.9326142
0.6547891
0.8332485
0.5443319
0.93592864
0.90974265
0.77661043
0.6279619
0.7553628
0.89075106
0.8200496
0.89507395
0.90647507
0.5697041
0.8870574
0.79685503
0.9419131
0.90685
0.88903975
0.8943625
0.8357816
0.95585656
0.7271297
0.85093284
0.9593783
0.9538629
0.93866646
0.83115727
0.88037574
0.87135506
0.8010377
0.96513474
0.9251892
0.8966023
0.90934443
0.7871783
0.76293325
0.9049792
0.90359503
0.7760643
0.88495284
0.9530034
0.9422496
0.88823855
0.8558226
0.7797901
0.6962391
0.70034444
0.899299
0.9154875
0.85660267
0.95536613
0.9053462
0.5794046
0.8951269
0.7672613
0.6963371
0.90671146
0.7809684
0.8806328
0.80999976
0.90092146
0.6050035
0.9611417
0.91767824
0.8631176
0.80518264
0.56906337
0.9487598
0.8950307
0.9751472
0.72151893
0.7999655
0.8960255
0.78305674
0.8608642
0.77990776
0.86943096
0.81606257
0.8400221
0.96814203
0.9545728
0.72931224
0.9352668
0.9302551
0.850148
0.89681906
0.7528275
0.91653275
0.78171813
0.87350464
0.9277218
0.9106405
0.9320595
0.93851364
0.7102876
0.88325626
0.9750032
0.8728348
0.9091731
0.963164
0.75638026
0.89411855
0.71096295
0.8536128
0.926105
0.8684623
0.87515765
0.8451392
0.7953684
0.80070424
0.88843477
0.90275073
0.93694216
0.94445294
0.9086576
0.8728201
0.92439824
0.8851205
0.809445
0.8270718
0.9177002
0.80124307
0.57790196
0.76024103
0.7228162
0.78840995
0.93222666
0.88662505
0.90738595
0.8155757
0.8167711
0.770417
0.95960337
0.7785258
0.7597387
0.5829552
0.9149395
0.7578028
0.6895467
0.7820449
0.93907934
0.8754361
0.937689
0.8208322
0.7694292
0.74759597
0.9248818
0.84050345
0.9052577
0.8384125
0.88091034
0.9477434
0.5537486
0.9440631
0.66991854
0.91916484
0.3123728
0.92102355
0.8729685
0.89076316
0.9308734
0.7430799
0.95073384
0.88922334
0.80914253
0.88920224
0.9202273
0.91017836
0.94782215
0.8729581
0.8363874
0.8312764
0.9484985
0.7675576
0.5706619
0.85397625
0.91880184
0.6763318
0.84487754
0.8036019
0.6226158
0.9526746
0.5367415
0.89118797
0.96780497
0.58034825
0.82552105
0.5758463
0.75197953
0.9027318
0.9065011
0.7862879
0.9022354
0.81368846
0.759607
0.95029235
0.76349133
0.6578035
0.6716334
0.93913156
0.75616693
0.75478846
0.785216
0.7920566
0.91149867
0.8828524
0.5736026
0.71742207
0.749401
0.91645795
0.94294566
0.8329367
0.854841
0.9349617
0.88068736
0.92449087
0.949037
0.7205347
0.86976814
0.64468473
0.9061768
0.9045776
0.6770146
0.5745866
0.9805066
0.79214287
0.6481953
0.79442215
0.81107616
0.8140287
0.9479064
0.7006939
0.88952786
0.8496402
0.7329128
0.9201281
0.929791
0.94937676
0.7757498
0.84911364
0.6324054
0.9565364
0.7781044
0.88661647
0.67911834
0.91361904
0.7763813
0.87300336
0.95014155
0.8741037
0.76227975
0.8474369
0.44283706
0.5834169
0.72962856
0.85560596
0.8432199
0.85624653
0.7895342
0.8210083
0.67216593
0.86461544
0.9687599
0.9033486
0.90276533
0.90022004
0.96832436
0.92131627
0.727783
0.94090325
0.7709504
0.764859
0.86416197
0.77640665
0.9158152
0.7307167
0.8935865
0.81802493
0.8170735
0.91901886
0.4531206
0.85097075
0.9335314
0.9573637
0.91059
0.8762369
0.64763016
0.81993353
0.6997725
0.74461746
0.91315126
0.6024712
0.8350067
0.8514728
0.7388172
0.73613286
0.91081727
0.88017815
0.77676255
0.893821
0.48426205
0.8426101
0.8896579
0.79299664
0.91715944
0.8502958
0.9691253
0.91910565
0.94447094
0.8914188
0.8085215
0.65924424
0.82788956
0.8319449
0.21139759
0.8489141
0.912882
0.55319303
0.80901134
0.8819802
0.80458033
0.7019516
0.67470825
0.55796576
0.29944625
0.90189385
0.81225115
0.9331689
0.7893225
0.95515597
0.6789936
0.8503668
0.7978463
0.9468025
0.9626819
0.8661821
0.9529803
0.804468
0.8034902
0.92232054
0.76799536
0.75313556
0.27355337
0.89964
0.90936935
0.7170738
0.8074151
0.88135946
0.9688171
0.47170478
0.8611483
0.8828006
0.8021618
0.936268
0.8677569
0.80241144
0.73802006
0.8935046
0.58511823
0.7392852
0.6284904
0.7529783
0.93329394
0.8104998
0.92812574
0.83646417
0.9297161
0.93243295
0.9740045
0.83397996
0.65148985
0.8072835
0.70745856
0.53970164
0.90646183
0.75708085
0.8787548
0.89007914
0.8342848
0.7711264
0.59939104
0.8368183
0.8961504
0.81065077
0.9587239
0.81847405
0.9363568
0.74958736
0.9615648
0.7682681
0.7682305
0.8913352
0.8270061
0.93490493
0.77416384
0.6669463
0.6147876
0.9261294
0.9518853
0.9317079
0.9330544
0.77385634
0.7572128
0.7582909
0.7415375
0.71577066
0.7041036
0.9644774
0.95969176
0.58096373
0.8149824
0.95456606
0.6930924
0.85716355
0.88034415
0.7821042
0.86030346
0.84707564
0.8875809
0.8696524
0.910331
0.659262
0.8487554
0.8810061
0.8818034
0.91845816
0.7749346
0.79016477
0.5995937
0.8415972
0.88148344
0.78814185
0.9193586
0.78316855
0.7487651
0.872878
0.7883501
0.65995485
0.7637926
0.88104784
0.81783044
0.89404124
0.8047485
0.8302969
0.89912856
0.7753515
0.7683954
0.7264218
0.94325805
0.81928635
0.5601469
0.89501345
0.8797359
0.92639184
0.8419281
0.8807176
0.9873222
0.6947587
0.90612507
0.80661273
0.6968958
0.851042
0.7078763
0.8949882
0.8137293
0.91216147
0.9090724
0.75880474
0.933724
0.7870981
0.9309568
0.8268369
0.7911345
0.5876352
0.8684133
0.8027141
0.8483755
0.4624849
0.68168604
0.9595074
0.9051637
0.90703326
0.69945955
0.7024271
0.92572236
0.6848722
0.43427706
0.7129482
0.881238
0.57567286
0.86178833
0.8231582
0.7496116
0.80868393
0.55839473
0.8817411
0.86041516
0.8036877
0.7410422
0.8725786
0.869186
0.9277648
0.81635994
0.66830254
0.7244536
0.8597344
0.2950598
0.8612297
0.96462035
0.7432388
0.97108614
0.59494185
0.8980127
0.81470525
0.88256466
0.93655
0.45646653
0.8776387
0.61757725
0.8996515
0.94088185
0.88555276
0.79717135
0.84928316
0.8585893
0.8165211
0.9118924
0.8715608
0.93085575
0.96352637
0.8784145
0.83098227
0.8297589
0.9453324
0.81450665
0.7478977
0.9511612
0.66298425
0.87059003
0.7234232
0.9323449
0.8630342
0.8143692
0.59104204
0.91158533
0.7952811
0.8877896
0.8377737
0.8577787
0.8896557
0.7439219
0.63245165
0.7152002
0.6784909
0.48666978
0.882762
0.9324923
0.8232805
0.7067977
0.7367009
0.67912203
0.9400927
0.86264414
0.9315645
0.8493079
0.9438373
0.80733967
0.8519917
0.8764993
0.8464359
0.96508765
0.63577
0.8603165
0.9718796
0.6684052
0.93815494
0.972309
0.86324024
0.90008676
0.7555766
0.9497214
0.9552691
0.8596814
0.7756517
0.9559774
0.81563383
0.93499684
0.7909076
0.9615055
0.9172954
0.8486761
0.89297926
0.71066505
0.94073594
0.7638133
0.7781524
0.70763046
0.850964
0.8800728
0.8593825
0.8580248
0.7607855
0.95309466
0.92835104
0.94555306
0.8072145
0.89029473
0.9453833
0.7149722
0.71257865
0.49891922
0.72258687
0.7619776
0.8178866
0.8698982
0.7844541
0.8094221
0.76981014
0.9260188
0.81511
0.84187746
0.86771464
0.73637754
0.8970357
0.9598052
0.92957926
0.8903499
0.7154058
0.7251898
0.5824203
0.91727674
0.8802018
0.64585817
0.77153397
0.8618711
0.85852045
0.55064774
0.7907829
0.84309626
0.9399028
0.8189748
0.76132786
0.87803686
0.8516276
0.7444508
0.8530351
0.9692273
0.8094703
0.86023116
0.9400434
0.8476608
0.8691945
0.781762
0.57795995
0.6109436
0.8933646
0.8945264
0.89172864
0.9537788
0.9195059
0.63995916
0.6851693
0.89014864
0.72341853
0.77174234
0.68647385
0.849818
0.7615889
0.7840377
0.75893307
0.95111555
0.96851707
0.44640356
0.81724656
0.94024026
0.8421354
0.8521209
0.49554345
0.6763321
0.83166766
0.7346355
0.8489775
0.7510699
0.8414842
0.8790429
0.9453172
0.9375244
0.92030936
0.64816236
0.78924364
0.89972436
0.82744664
0.9642626
0.64249676
0.68404806
0.8534299
0.7858434
0.73292804
0.6541081
0.83721805
0.6668376
0.8820269
0.9225326
0.95289457
0.7666037
0.8328445
0.7665812
0.82133263
0.93086463
0.9052624
0.720034
0.8031491
0.67283446
0.8328224
0.7232321
0.90260744
0.67281115
0.7478728
0.69552326
0.8579798
0.8230979
0.7762681
0.8308178
0.8728411
0.64086366
0.9617778
0.95791876
0.8312675
0.9322666
0.7473129
0.6932365
0.7411947
0.56149715
0.68892384
0.7176392
0.8773798
0.663752
0.91520536
0.9689033
0.6777926
0.84764
0.81495583
0.9682101
0.8510258
0.88585293
0.91015905
0.8304969
0.7780141
0.85659117
0.8591972
0.8464645
0.90157866
0.7550592
0.50002277
0.95080996
0.8064445
0.6766707
0.9433496
0.75238144
0.7824435
0.8597811
0.8349005
0.91979
0.5185445
0.8993679
0.734136
0.9388723
0.813691
0.7052718
0.79500437
0.948554
0.8675641
0.8505602
0.90940475
0.85583925
0.9617723
0.96145165
0.85903394
0.7141529
0.9317809
0.6620469
0.8091456
0.7975059
0.9039766
0.909547
0.9041117
0.9603271
0.8372069
0.96256256
0.88977873
0.38333082
0.90524626
0.8523222
0.9219437
0.79740757
0.6289014
0.70494205
0.7949202
0.9427456
0.9034267
0.7917213
0.79605794
0.8207113
0.9025261
0.947251
0.62819624
0.93843013
0.9200383
0.7737166
0.8019268
0.8607534
0.9001249
0.67877686
0.934804
0.89437455
0.81846136
0.7012411
0.89167124
0.832168
0.88412386
0.81897223
0.9241695
0.8425243
0.9149178
0.9656054
0.8359042
0.8493773
0.8062585
0.66906804
0.874797
0.863795
0.88774335
0.6864614
0.8911005
0.6054402
0.7529148
0.9078828
0.9375628
0.80675113
0.794008
0.9222908
0.935146
0.67506033
0.74009717
0.74572694
0.87288386
0.8177348
0.65270805
0.83160293
0.96639395
0.5126735
0.8236552
0.7783706
0.8358241
0.799976
0.730718
0.46655416
0.8582305
0.9802959
0.89790857
0.8168338
0.7367895
0.8185928
0.7916161
0.83967763
0.82436395
0.88539946
0.6838599
0.8932872
0.8676016
0.37605104
0.77167
0.89736253
0.7758086
0.9496568
0.9183834
0.78996897
0.76842326
0.7149265
0.86675227
0.8360409
0.7185343
0.90091217
0.9019654
0.86076546
0.680495
0.7543915
0.9838367
0.7745714
0.77952445
0.89115334
0.8965955
0.7338254
0.79715246
0.7724471
0.9061977
0.94361037
0.8516944
0.8973132
0.8474035
0.8362311
0.80519515
0.54948187
0.8552313
0.5717147
0.87690127
0.87748516
0.83536625
0.944404
0.67482805
0.9365145
0.84866303
0.5787654
0.9342336
0.8421049
0.77518964
0.7797406
0.77158487
0.91858757
0.6310895
0.9243896
0.6232672
0.9014607
0.90233105
0.699398
0.7381456
0.71875757
0.76901877
0.8039931
0.86092025
0.7160078
0.77170736
0.8068363
0.548865
0.80572927
0.940409
0.8674008
0.88507986
0.86073303
0.9335456
0.92872554
0.9293495
0.6193762
0.95295227
0.8761611
0.7803654
0.89985955
0.8590131
0.8119486
0.83537525
0.7440016
0.8685986
0.83686787
0.8186374
0.9219363
0.90062183
0.82922053
0.6621582
0.7096209
0.75760317
0.80939424
0.90503967
0.56513876
0.6848052
0.86866885
0.90827256
0.92374796
0.8138726
0.90720296
0.7939404
0.9571221
0.870864
0.93046355
0.75996757
0.9690315
0.6213392
0.948459
0.87625885
0.8273926
0.83153945
0.95222807
0.88978076
0.7292087
0.8687805
0.876888
0.65545714
0.7022399
0.9059889
0.6871654
0.82912415
0.95540005
0.769891
0.83429974
0.78231335
0.8415893
0.6988269
0.8755376
0.9021181
0.7184609
0.8641039
0.84803224
0.9243771
0.73765934
0.7063224
0.8857008
0.9429412
0.9705746
0.77478683
0.79681313
0.77789706
0.9364525
0.6211761
0.69478387
0.8420768
0.8156164
0.84528565
0.9599681
0.8229778
0.89574265
0.917262
0.64278084
0.9010472
0.94786024
0.8603567
0.9776291
0.8200659
0.75103617
0.84068626
0.667304
0.7627424
0.95289385
0.854213
0.9218015
0.8092087
0.72378945
0.9342858
0.88356316
0.6978366
0.9414159
0.9097503
0.8823187
0.7400082
0.82033086
0.87742186
0.785423
0.8994068
0.96855783
0.8582591
0.82953227
0.7630401
0.3594362
0.55902123
0.7280118
0.88005483
0.9249499
0.7385489
0.7967746
0.8426751
0.90609276
0.8987088
0.8690441
0.837856
0.6669666
0.7420728
0.84261787
0.9303879
0.9190133
0.96418506
0.7670485
0.9471891
0.8500442
0.6758347
0.8935615
0.77432287
0.96688724
0.90610754
0.8464725
0.72658944
0.8531803
0.7809541
0.59482753
0.83814526
0.850943
0.9188415
0.83299726
0.8469891
0.949253
0.84320176
0.8752469
0.90201753
0.84854627
0.900605
0.82619905
0.9020057
0.8888225
0.66770726
0.8742237
0.9569745
0.8022493
0.9146521
0.7469934
0.80994695
0.7262284
0.6578374
0.7638324
0.6132896
0.8474882
0.9043896
0.7681737
0.86972743
0.62671506
0.8126005
0.7741692
0.82574695
0.95236677
0.6595295
0.7919047
0.8908183
0.92339134
0.9030262
0.81829894
0.64924526
0.8585626
0.8963735
0.9334557
0.8252344
0.7207727
0.46812156
0.91274124
0.66346157
0.90552163
0.900961
0.86430603
0.7910907
0.7793752
0.8990136
0.700632
0.9173509
0.8363162
0.5651228
0.83855146
0.5558047
0.93787706
0.9341335
0.5529652
0.59223616
0.9426781
0.8414463
0.92391187
0.68611276
0.76483077
0.8244657
0.917465
0.86264586
0.78874826
0.9041336
0.91688436
0.77328527
0.7374258
0.78785014
0.8450259
0.90154076
0.92449373
0.81043315
0.9163289
0.95561653
0.72037804
0.9164809
0.90781546
0.93287325
0.79553795
0.6213926
0.8742545
0.8992564
0.80189854
0.77294654
0.9675751
0.88523954
0.8848426
0.8140973
0.7204346
0.73327285
0.98453707
0.865971
0.50954545
0.88922435
0.82427245
0.8225976
0.42288494
0.943447
0.6969009
0.8384063
0.8469774
0.82858264
0.77987266
0.8711764
0.84337866
0.7353357
0.89551294
0.82150394
0.8677052
0.9247062
0.84876734
0.47016814
0.7711201
0.6733048
0.67813337
0.68565756
0.6146943
0.563658
0.8896562
0.9070276
0.7874544
0.63055474
0.90901375
0.7656326
0.90572035
0.8320608
0.8914009
0.89342964
0.7210616
0.70444715
0.83796453
0.9459945
0.66496223
0.703796
0.9518246
0.85710263
0.93380725
0.7657634
0.74486053
0.92277956
0.92075497
0.8730994
0.9160838
0.8147863
0.85804427
0.845731
0.7800197
0.9297161
0.9301673
0.8510896
0.73055947
0.78050077
0.5324483
0.65736073
0.8468045
0.80215067
0.9112145
0.92029727
0.7599088
0.9094122
0.93183833
0.83384347
0.7095352
0.80067855
0.920716
0.92833656
0.82841694
0.95607597
0.8769932
0.75066435
0.7957845
0.826557
0.7960493
0.7166585
0.78323114
0.97560096
0.9046806
0.9125327
0.8497232
0.89055574
0.78790045
0.8970588
0.8582512
0.7931187
0.7926003
0.8032271
0.7887466
0.9169671
0.92386603
0.9359574
0.6178849
0.6807879
0.9608532
0.5492349
0.8524912
0.80629295
0.65023845
0.925549
0.9406261
0.7999773
0.89041144
0.8577082
0.6613107
0.93568015
0.69972384
0.7952634
0.77015746
0.7160911
0.92383915
0.9129612
0.54695344
0.72006285
0.91682154
0.93988526
0.9754001
0.3666554
0.8179101
0.85813284
0.72522587
0.8927396
0.800182
0.9176365
0.64999646
0.8984314
0.8853267
0.9408127
0.8263859
0.78969955
0.7387368
0.8351788
0.84098876
0.86350024
0.9637706
0.94203
0.95587903
0.7871615
0.9517138
0.7832953
0.86608833
0.6916704
0.8028775
0.74274784
0.87500805
0.87795925
0.83324254
0.8419821
0.56813854
0.7433866
0.73301345
0.90799665
0.7579833
0.7751724
0.8700297
0.8522767
0.5377299
0.90406764
0.6182138
0.63792384
0.9447278
0.87439555
0.9305795
0.8952038
0.71882796
0.81636363
0.7664557
0.791165
0.8577084
0.7903726
0.9113984
0.77867806
0.8955894
0.89918137
0.94966245
0.93481064
0.8436771
0.6967078
0.8813945
0.6768855
0.6044924
0.88052976
0.89115
0.88623613
0.8269658
0.7808869
0.9381648
0.9413357
0.9537657
0.6848923
0.68973297
0.8602394
0.922276
0.89567965
0.91929317
0.8443043
0.78608286
0.9233031
0.8624667
0.89026374
0.84291625
0.8700892
0.8550583
0.8412364
0.6715119
0.8738037
0.6148883
0.9086007
0.85540897
0.6032804
0.8077158
0.85234404
0.9497305
0.7911058
0.7006499
0.8122603
0.8758194
0.8251459
0.8076231
0.8299267
0.9332771
0.60684645
0.9158134
0.90687495
0.7781277
0.81061435
0.6898561
0.73565924
0.91995114
0.6817752
0.88545513
0.8058316
0.87162304
0.9359715
0.425343
0.9337345
0.91102856
0.52260107
0.7324655
0.6721143
0.8377345
0.92124015
0.68032783
0.8741617
0.9536763
0.87574685
0.9391678
0.8977717
0.8360163
0.6846851
0.93918264
0.37678844
0.8786204
0.7241647
0.88860965
0.7935082
0.9057917
0.8149752
0.8688515
0.6480047
0.84191763
0.7961981
0.9026121
0.93891335
0.9564126
0.8280664
0.7591459
0.86972916
0.8440957
0.8017793
0.91007304
0.8189834
0.96928924
0.6949711
0.69698244
0.807799
0.75462973
0.85608935
0.8213217
0.6864588
0.7387598
0.9554015
0.9721493
0.87833405
0.84212226
0.77321804
0.6061619
0.91162205
0.9014047
0.8429972
0.97972286
0.69287527
0.7812142
0.94050765
0.86322707
0.8282732
0.8777138
0.8305029
0.9803722
0.84907705
0.61844975
0.8146108
0.95854914
0.88082504
0.7889924
0.86902994
0.80382246
0.9172207
0.9705104
0.52928483
0.84634334
0.77992815
0.8551529
0.71564
0.74774325
0.78145134
0.8841102
0.8396234
0.9560523
0.89821035
0.73878294
0.67391527
0.73694617
0.7734498
0.89760053
0.7256347
0.79849154
0.7610595
0.85113364
0.76798004
0.87611616
0.86157393
0.8501797
0.74709564
0.9627985
0.85132337
0.81008005
0.7048676
0.89531845
0.82287186
0.8586753
0.66771287
0.9418508
0.82646465
0.8625719
0.67291695
0.88648194
0.906277
0.85560524
0.6103971
0.9062457
0.8483654
0.5484929
0.8589869
0.8858327
0.8551396
0.93913525
0.942388
0.9457644
0.8371061
0.8286333
0.8107362
0.8041297
0.8610367
0.92993283
0.69843143
0.9307967
0.8344145
0.7075056
0.8599463
0.85701585
0.9795522
0.95118153
0.7289789
0.9201834
0.86307704
0.47809657
0.9539564
0.8980135
0.8409275
0.8656791
0.7729757
0.80045414
0.82089484
0.3350497
0.80277884
0.84291375
0.86071146
0.87650687
0.8843981
0.84884095
0.80347484
0.17037268
0.85857844
0.6716377
0.94109446
0.79505247
0.79837
0.78196293
0.87423617
0.95036197
0.85357857
0.92979383
0.72605765
0.89957774
0.9074586
0.67380285
0.83586264
0.95220554
0.918473
0.6168562
0.8808188
0.84980214
0.86937654
0.914941
0.91454536
0.8786132
0.5053092
0.7307408
0.79979783
0.7020319
0.76341105
0.9588052
0.6191773
0.85439765
0.77319485
0.8752996
0.89454913
0.6597183
0.7988174
0.88065827
0.84562504
0.7027756
0.72143054
0.7476074
0.937024
0.67389274
0.7992581
0.88484406
0.85456276
0.75708544
0.90900844
0.59287864
0.79026675
0.7601698
0.7400394
0.9583314
0.8741396
0.907748
0.7283287
0.9500406
0.89329815
0.6422905
0.9451715
0.64190596
0.89696246
0.83947664
0.78448486
0.7227074
0.95204955
0.64698994
0.78641117
0.9312911
0.8551526
0.81596994
0.7860537
0.7186096
0.74644727
0.91848755
0.68064857
0.8952178
0.94432855
0.86826587
0.76189125
0.81421006
0.88006234
0.97693473
0.77603936
0.7330702
0.9533541
0.80669725
0.9458777
0.9706261
0.83231705
0.8348782
0.89059603
0.53467923
0.7949932
0.83826524
0.7292916
0.558767
0.89207774
0.8516669
0.89225686
0.953451
0.8892126
0.28900254
0.9504564
0.88053143
0.85831726
0.6089144
0.7897836
0.7790565
0.8812593
0.82219356
0.81685126
0.89783424
0.8170586
0.82441807
0.86844015
0.9122298
0.9030199
0.8728445
0.7117337
0.8365499
0.8441169
0.8342508
0.7521827
0.75615597
0.86485344
0.87524444
0.7643368
0.94716257
0.8465235
0.8902529
0.9204615
0.91314757
0.53107095
0.7584951
0.7875451
0.7931456
0.8559308
0.90092707
0.74585515
0.7952285
0.8857704
0.43050203
0.75343674
0.92592907
0.575787
0.75496733
0.8924055
0.8311524
0.92281884
0.92507005
0.91020274
0.75691324
0.820969
0.82941234
0.8923835
0.9314225
0.4814978
0.8807923
0.84620786
0.8206636
0.96777606
0.43427703
0.8670404
0.83315223
0.9417596
0.74294
0.7757726
0.925201
0.9220175
0.9214887
0.87566936
0.87219036
0.74569434
0.56258404
0.88750035
0.95178586
0.77119637
0.52193534
0.9249218
0.97088814
0.7208064
0.6763349
0.91800785
0.699841
0.9269842
0.86855114
0.9037906
0.9159596
0.8877121
0.86355096
0.71675515
0.87768435
0.86484617
0.86781496
0.7211341
0.6566081
0.5361786
0.7745718
0.931057
0.85038924
0.77202994
0.8124584
0.7975602
0.8862633
0.88320327
0.9715968
0.8434339
0.8132722
0.9339372
0.67471176
0.8884303
0.8834226
0.880734
0.91263986
0.971833
0.91486996
0.7955765
0.91170365
0.8615932
0.9266195
0.9149934
0.853415
0.8406802
0.7742897
0.77707946
0.8734983
0.8888462
0.5820393
0.75351685
0.7363009
0.8649134
0.8194252
0.90078735
0.7693356
0.707845
0.9522007
0.8230201
0.8672563
0.91701794
0.80020607
0.8516815
0.8397466
0.7562676
0.6583297
0.9256665
0.6866964
0.8196297
0.7453032
0.8482392
0.8530165
0.8846273
0.92280364
0.7642069
0.84568805
0.85805
0.8844999
0.74599075
0.7020482
0.8706157
0.75969875
0.80866754
0.8604699
0.8028406
0.8238903
0.7814903
0.67999184
0.397484
0.92140764
0.78958625
0.7731038
0.9488857
0.832437
0.6736104
0.82006264
0.84439546
0.84367335
0.86414725
0.8441051
0.87188023
0.9484986
0.89132947
0.80898345
0.7965345
0.90230936
0.8661702
0.9206111
0.95886284
0.95225513
0.7826457
0.7149551
0.9739623
0.763622
0.8899175
0.58470285
0.92553264
0.84483445
0.95873237
0.8127432
0.8202319
0.8127394
0.8522142
0.7597736
0.90244067
0.9082638
0.78929496
0.7070009
0.74037313
0.9081416
0.8765166
0.72132266
0.9416912
0.8955492
0.76121306
0.98547137
0.7811722
0.8430127
0.88850373
0.6938842
0.718204
0.58151793
0.88042337
0.9179454
0.8024175
0.89654696
0.8686014
0.9353552
0.79052216
0.6686183
0.83597255
0.9498976
0.83177924
0.9138167
0.87910193
0.91841125
0.9549815
0.7762786
0.58112967
0.93351537
0.8603277
0.7223522
0.9686908
0.8762826
0.9386625
0.43757793
0.90377784
0.9258361
0.9071882
0.96098155
0.9198301
0.95122004
0.6096324
0.71749824
0.61047465
0.9554207
0.92364794
0.9273615
0.7150325
0.42545915
0.9855662
0.6349238
0.83621764
0.88736343
0.6778326
0.80651456
0.7930894
0.8274343
0.83541733
0.95729876
0.7695923
0.9047865
0.8595512
0.83758396
0.81894517
0.89717144
0.7459383
0.8001634
0.8271946
0.8632265
0.7019577
0.81449103
0.73037636
0.8294538
0.8527675
0.7242151
0.8442978
0.65494895
0.8560322
0.7103649
0.796753
0.7620091
0.57447785
0.7808179
0.78672314
0.9673425
0.84750205
0.8669532
0.9540343
0.9207728
0.7506355
0.87553465
0.70644456
0.7930251
0.94693124
0.88742316
0.8242451
0.87332416
0.6736761
0.84522974
0.7289272
0.80624163
0.7745943
0.9426131
0.762932
0.95896655
0.8401008
0.9650044
0.7620386
0.8629265
0.7449748
0.42642364
0.80612695
0.91178477
0.8837455
0.57330596
0.53877693
0.93364954
0.65224826
0.65447104
0.7496526
0.79873496
0.8517201
0.9591036
0.9211567
0.73563594
0.74547935
0.9286864
0.8964306
0.97971404
0.77275944
0.7935812
0.9374804
0.77219176
0.84623414
0.70611125
0.78435475
0.9260838
0.8654475
0.7813364
0.82398915
0.6924447
0.885834
0.5888278
0.909722
0.91926914
0.6236426
0.51984966
0.7858414
0.7537073
0.8351342
0.7225329
0.8665093
0.8282396
0.867031
0.8633821
0.8109684
0.95187265
0.7387711
0.6902733
0.6902477
0.7504719
0.64009535
0.86176765
0.93537277
0.80473
0.89797235
0.7903851
0.6930715
0.8866901
0.8116937
0.9001678
0.80399907
0.82613856
0.9386547
0.8611538
0.9125946
0.70304185
0.73168886
0.9494107
0.8052149
0.813424
0.7124411
0.7849956
0.9075811
0.81694376
0.857054
0.88238704
0.8896922
0.9101356
0.8123176
0.8930361
0.886567
0.9209851
0.53412724
0.8898852
0.60955364
0.6571249
0.93757075
0.91978383
0.95238113
0.867513
0.88560045
0.94440615
0.7737497
0.96237606
0.87705976
0.77594954
0.7732259
0.74841875
0.92538583
0.9346138
0.91687065
0.7902751
0.716149
0.83306944
0.9018141
0.81436276
0.8070407
0.6591388
0.8434752
0.7700245
0.91370904
0.9531405
0.85222584
0.9620148
0.61278576
0.8290687
0.73268914
0.7026231
0.9079909
0.76905406
0.8935998
0.84010553
0.92470837
0.8490728
0.7934004
0.853755
0.81051755
0.75138825
0.8711958
0.9135764
0.6781244
0.8540235
0.8993322
0.79616296
0.8348365
0.8592342
0.8860146
0.7501217
0.87601566
0.9542973
0.9185327
0.9117269
0.8566146
0.95085526
0.4360048
0.82356036
0.8716973
0.7484587
0.71046054
0.63094926
0.86104476
0.8092654
0.9428926
0.7592427
0.7847627
0.95418406
0.8060016
0.6868105
0.6754633
0.82166034
0.88055813
0.929988
0.9052353
0.7481189
0.74520427
0.84902173
0.97014374
0.849426
0.9195854
0.6158277
0.8566812
0.753683
0.6957604
0.9345756
0.8272827
0.7921259
0.84916854
0.6091344
0.84417963
0.8231398
0.59016794
0.36070293
0.87701774
0.83387023
0.7125642
0.89954054
0.859161
0.71583325
0.7886702
0.57193524
0.87812537
0.8375002
0.8794166
0.87001586
0.8525442
0.61224055
0.8502135
0.3584003
0.8879887
0.8904146
0.9201481
0.8309661
0.861845
0.9443089
0.86814725
0.9548636
0.92441165
0.9340305
0.94724464
0.89791834
0.7416471
0.8853779
0.8339198
0.6430193
0.8670361
0.88525504
0.82417166
0.9214734
0.6856935
0.66668975
0.8305218
0.8271959
0.7702881
0.938174
0.83222395
0.90232265
0.9373738
0.7171751
0.8933216
0.90647924
0.87111384
0.70526326
0.8616713
0.9602277
0.77751946
0.562322
0.80569136
0.7546095
0.89052194
0.9065814
0.57621276
0.94430554
0.88278407
0.9348222
0.9362858
0.78162634
0.6929098
0.677446
0.7176662
0.4881712
0.7781329
0.9075962
0.72005546
0.76735854
0.7147952
0.96808124
0.9261135
0.9051937
0.64254785
0.93952286
0.6872306
0.6755412
0.6848775
0.9401777
0.8575324
0.95602584
0.9635529
0.94917357
0.8320187
0.772235
0.48752847
0.94255567
0.8903331
0.904681
0.9129045
0.7325039
0.7755612
0.95444685
0.72255653
0.9171196
0.8408324
0.70709634
0.8168512
0.6674145
0.8817482
0.96873975
0.7756539
0.7542294
0.88715625
0.9464367
0.7506991
0.7593504
0.92382777
0.9179684
0.82511014
0.90535396
0.7735753
0.9650429
0.5960602
0.8957173
0.79869485
0.886923
0.72866106
0.8413496
0.9096345
0.931594
0.7412558
0.97145194
0.8624306
0.59363645
0.8391079
0.87487924
0.8306405
0.8808309
0.8727225
0.9165984
0.8789089
0.6183273
0.8534435
0.7703585
0.907168
0.9098293
0.8358653
0.6933195
0.8943316
0.95424366
0.860479
0.8359187
0.7538825
0.74841416
0.83822393
0.7846935
0.699102
0.72456354
0.84154975
0.96619964
0.8076429
0.7316499
0.7978965
0.94385725
0.97350276
0.9251495
0.95328754
0.6597923
0.5918293
0.9045058
0.8042923
0.9376945
0.8920004
0.7547662
0.88462746
0.91866845
0.55674124
0.9283093
0.73705906
0.65438026
0.74711454
0.84723485
0.9105309
0.7873657
0.8869857
0.59337485
0.7065014
0.9690352
0.7445173
0.5905004
0.7581259
0.9466189
0.8269725
0.7943322
0.80368435
0.83215874
0.87903106
0.90304685
0.8496834
0.79654914
0.5310706
0.9279091
0.882517
0.92136085
0.9050492
0.83180773
0.8349274
0.80891603
0.6618851
0.8766644
0.8691422
0.5064962
0.5631064
0.9007335
0.7182411
0.9228004
0.84209293
0.854751
0.8672483
0.9512274
0.3329432
0.68883
0.9414465
0.9283637
0.8081075
0.9526451
0.9199703
0.8266078
0.5250797
0.7681382
0.8620422
0.9714866
0.9302268
0.9109843
0.8635663
0.94276345
0.97679675
0.9238776
0.88872397
0.7942551
0.88651574
0.7728821
0.8455984
0.8365832
0.76131105
0.5905259
0.861884
0.5985043
0.54341006
0.92754537
0.8175928
0.67310715
0.84422636
0.82233053
0.74393535
0.5818346
0.90388185
0.7904562
0.8776169
0.8742471
0.9134582
0.86875147
0.7596272
0.98016334
0.8361583
0.7812097
0.8350505
0.5927676
0.790401
0.76805687
0.8558278
0.9766357
0.8872059
0.69975513
0.8236962
0.7552187
0.91180086
0.59222585
0.8151163
0.7781653
0.9376375
0.9464929
0.838141
0.85250545
0.7982907
0.88179964
0.9502145
0.9079576
0.9215128
0.9129482
0.82386076
0.86721224
0.92396414
0.73562187
0.80497974
0.75098866
0.849649
0.76242375
0.8933848
0.71413356
0.91301036
0.8806127
0.72679114
0.97085494
0.82755226
0.84133863
0.94349074
0.7054568
0.9304772
0.84182805
0.6505624
0.8821286
0.8801162
0.6725499
0.75194854
0.79068524
0.87724024
0.7588049
0.81939465
0.87106216
0.8328994
0.81025946
0.82793355
0.6734586
0.9534363
0.8476825
0.94611156
0.51444507
0.7409337
0.88610077
0.79650015
0.8506882
0.9527292
0.84178257
0.96123534
0.76658726
0.8031939
0.83425653
0.9379516
0.61664087
0.795032
0.7160862
0.72763854
0.8552176
0.7993083
0.91186106
0.95403343
0.95043176
0.8677167
0.8752297
0.85519826
0.9551274
0.5006143
0.90522254
0.7684945
0.91746867
0.89396983
0.60087484
0.7740777
0.5967598
0.5008428
0.9473996
0.60320973
0.86381096
0.9317606
0.8848251
0.8464244
0.65677077
0.7531806
0.7055983
0.6917891
0.86810815
0.9773884
0.803956
0.93865514
0.764809
0.6827124
0.8553418
0.80426985
0.69753146
0.8992058
0.78082037
0.7436792
0.8749699
0.638885
0.93377405
0.9608905
0.7680632
0.95268816
0.908871
0.8074292
0.6818115
0.83276045
0.88578373
0.9111208
0.66946256
0.91842926
0.66955215
0.8829312
0.45098186
0.9008466
0.6773516
0.8851899
0.91565466
0.9130784
0.78682005
0.6716493
0.5683658
0.8450103
0.93533254
0.66805464
0.80965567
0.9475451
0.8874774
0.7460658
0.94267344
0.6767729
0.743394
0.82867146
0.7204662
0.8510025
0.7298836
0.74977136
0.4236862
0.8629546
0.65535146
0.728181
0.8381902
0.70551336
0.9694576
0.88378614
0.63266695
0.73625124
0.6738062
0.8783571
0.77945656
0.8308454
0.75181246
0.87584996
0.8582403
0.7870143
0.8662367
0.9213829
0.78484356
0.65536773
0.91062456
0.7626515
0.96752423
0.8912431
0.43007115
0.71488106
0.8110506
0.76595426
0.771502
0.91070074
0.87410176
0.9249902
0.70326114
0.95107967
0.8057985
0.69905615
0.70431936
0.9265332
0.8023344
0.8673033
0.9145863
0.5913828
0.7586211
0.73248893
0.94532335
0.6942111
0.820109
0.9642506
0.62620676
0.6001024
0.81192726
0.70879525
0.9326855
0.86252546
0.7707385
0.8999698
0.9806036
0.82072806
0.43918213
0.83956814
0.961884
0.9329108
0.89195734
0.6985469
0.80647314
0.884438
0.78897554
0.85799086
0.9287158
0.86863947
0.8317596
0.6113674
0.82899565
0.8698821
0.8386982
0.83403665
0.94901574
0.82538235
0.7612796
0.75739944
0.91124564
0.86925054
0.7413921
0.7981827
0.72462183
0.8501525
0.6287351
0.7684721
0.75133765
0.8559228
0.87188333
0.777499
0.8942715
0.7009914
0.92466784
0.7486379
0.7660786
0.9274467
0.691293
0.88118774
0.76352024
0.88055265
0.8158766
0.8425424
0.95786786
0.69941235
0.9572939
0.57965976
0.886142
0.965764
0.9249685
0.81533456
0.8959425
0.74594796
0.90184605
0.6408101
0.7351438
0.84119785
0.7203131
0.70615786
0.6621203
0.7844141
0.50564516
0.8208732
0.825782
0.77131104
0.84875286
0.95818686
0.7722584
0.91752344
0.6312808
0.7845473
0.67478037
0.76309854
0.8781942
0.9063906
0.9162402
0.83097035
0.85114217
0.90980494
0.7832211
0.8085253
0.9087223
0.84756833
0.8676128
0.8653939
0.88921267
0.8291591
0.67757165
0.84377545
0.9189225
0.88616574
0.92844737
0.79114187
0.8367375
0.8921509
0.6943149
0.8432466
0.953531
0.9088625
0.5492449
0.827545
0.8970738
0.9219575
0.8242716
0.88375044
0.71363485
0.67432845
0.8744582
0.8666778
0.697688
0.628774
0.8115964
0.8869968
0.92570734
0.7621075
0.68505746
0.8326837
0.979647
0.7327689
0.772339
0.8623973
0.93803203
0.89715284
0.61154926
0.76862586
0.88506866
0.8595353
0.79664683
0.7392717
0.9328409
0.6098599
0.7716883
0.82193977
0.9279274
0.70608205
0.97694266
0.9233117
0.74133795
0.6975274
0.8017057
0.8717499
0.5786098
0.91090053
0.88390595
0.7446207
0.79272413
0.87330073
0.9515415
0.8126848
0.9447071
0.8710959
0.87276685
0.9087203
0.8551336
0.7276248
0.6310771
0.94761884
0.8093861
0.94755065
0.88137364
0.80101806
0.930866
0.89958465
0.9605097
0.5416855
0.8618939
0.837374
0.84770143
0.84671867
0.9161966
0.6647439
0.8422594
0.944007
0.71144164
0.6008662
0.30298644
0.80706286
0.9222877
0.94240046
0.8721285
0.9179325
0.94261265
0.9264599
0.83775663
0.8039344
0.9313511
0.93347377
0.8168843
0.7812284
0.92823875
0.89765733
0.8931539
0.8943033
0.92162335
0.56482285
0.6111109
0.6879729
0.9227568
0.87652314
0.91757965
0.7839253
0.6661873
0.76793885
0.9075241
0.8522958
0.9395873
0.89071935
0.90671027
0.7792091
0.44076815
0.9009679
0.8263009
0.8917296
0.5977085
0.82374084
0.638984
0.93070465
0.9406388
0.9014898
0.5758812
0.7575054
0.9683533
0.72866225
0.95184803
0.9134389
0.9389636
0.8268615
0.67161554
0.944403
0.65720326
0.83355343
0.82389635
0.90351266
0.9014089
0.8295384
0.7624828
0.8830353
0.9507562
0.9098282
0.4731246
0.7999616
0.80658627
0.6424751
0.70557356
0.9063271
0.7384395
0.90135336
0.7542136
0.8419081
0.85860556
0.81748027
0.88381267
0.8044073
0.92124265
0.7519479
0.84650946
0.8584941
0.4448433
0.9133167
0.87138253
0.87922245
0.7503861
0.8343863
0.9019954
0.89407897
0.29191583
0.84341574
0.8858854
0.6411697
0.8024248
0.95171726
0.92805403
0.9330604
0.9349595
0.8618727
0.9086784
0.8574954
0.906118
0.83606875
0.9135988
0.80341345
0.9106333
0.6261097
0.7706395
0.75148606
0.9087508
0.88149536
0.9515093
0.5583074
0.73763096
0.9382056
0.78158486
0.6366321
0.8502511
0.9078926
0.6618432
0.7473669
0.76637334
0.88168895
0.9015904
0.9620504
0.89051396
0.86446387
0.92138517
0.93498975
0.75343496
0.61915886
0.72612566
0.819886
0.48742625
0.9370305
0.94033384
0.9781441
0.9677582
0.3794972
0.9060307
0.84897274
0.8840308
0.9338522
0.7506723
0.8098663
0.77797616
0.7778706
0.9480289
0.90021515
0.9476286
0.9005081
0.605553
0.6794302
0.9579441
0.71237195
0.956816
0.6078427
0.73829
0.8388268
0.89492226
0.85502416
0.8185663
0.9296434
0.95647883
0.9221755
0.73150015
0.90203106
0.8922384
0.8483161
0.87680244
0.8326031
0.75165665
0.89709693
0.8630079
0.82801926
0.9445019
0.90750825
0.46961838
0.8317524
0.89868397
0.868571
0.8641268
0.7083248
0.9684747
0.8815168
0.9142253
0.88304245
0.86721754
0.85093576
0.8674313
0.8593159
0.49157387
0.8525135
0.78874576
0.9511345
0.6777096
0.7697595
0.7667288
0.9078802
0.85916144
0.88942677
0.9632938
0.95198977
0.82660556
0.90321827
0.8143806
0.73342943
0.87752336
0.752128
0.89999664
0.85664237
0.8097094
0.90237415
0.7806878
0.8270573
0.6514617
0.76301557
0.9423064
0.75625575
0.88958204
0.93451697
0.6801974
0.9270061
0.806168
0.83647025
0.95083624
0.7935725
0.75642884
0.90774244
0.7033684
0.71309143
0.89352554
0.75334996
0.9188661
0.8880923
0.744893
0.8724202
0.85307217
0.94125646
0.8096703
0.7054377
0.9440376
0.94466686
0.7644658
0.91141057
0.87209374
0.8961758
0.815745
0.7212186
0.21501374
0.9240127
0.62077373
0.93237376
0.5736431
0.9224404
0.90734315
0.8752283
0.76344234
0.9361419
0.8432154
0.8314434
0.90831244
0.6870808
0.96578264
0.90619355
0.8439325
0.79406255
0.93595695
0.92277783
0.90202504
0.8781165
0.7454004
0.85535204
0.8834155
0.9580574
0.3523323
0.87671447
0.9648332
0.8200527
0.7556705
0.67801166
0.8737589
0.7894905
0.6111434
0.79706144
0.9054241
0.95507216
0.82338583
0.6822028
0.7106217
0.78680354
0.7033621
0.906725
0.7829283
0.82615095
0.8130503
0.9472793
0.8256699
0.79861087
0.87457305
0.77692056
0.9322847
0.89160645
0.7797118
0.83098423
0.96370906
0.8377677
0.981534
0.8061614
0.983481
0.84441715
0.91364723
0.8641163
0.8710729
0.7418008
0.9010221
0.84566295
0.8046449
0.79665494
0.78085977
0.85108423
0.49490172
0.9254324
0.80848145
0.6884904
0.84729564
0.9807644
0.6218052
0.6610854
0.7562511
0.87492
0.57434344
0.7125335
0.8964711
0.96171206
0.89097697
0.9583022
0.55518264
0.81117713
0.83244395
0.5742485
0.9012732
0.9550188
0.97041166
0.8741173
0.7213983
0.7912038
0.90374905
0.8586903
0.915589
0.9142097
0.96661633
0.91893774
0.7807616
0.9405075
0.82241446
0.7052399
0.8080937
0.7574447
0.88585234
0.8653358
0.4900982
0.7573328
0.8880521
0.7939185
0.58511275
0.9519706
0.9393984
0.8766684
0.9388989
0.87665516
0.8766095
0.857304
0.8537308
0.7914787
0.7293718
0.92739165
0.8638357
0.9567914
0.9862002
0.7473574
0.77065957
0.8506915
0.25077948
0.91869146
0.86632675
0.9297839
0.85038555
0.92241895
0.9250683
0.59943926
0.9179087
0.89092624
0.7188458
0.8611646
0.779521
0.82344013
0.8888657
0.89179397
0.9557222
0.7578818
0.80617726
0.7207849
0.73626566
0.8905423
0.8156014
0.90447485
0.71428967
0.9551935
0.7090046
0.9323707
0.8490113
0.94071096
0.86400187
0.8193734
0.91735625
0.7886646
0.92201316
0.84756494
0.7859566
0.7998081
0.7969597
0.88689333
0.8271853
0.82563055
0.8948715
0.9618199
0.78288156
0.88492185
0.95864046
0.58398294
0.91711164
0.74584776
0.8036038
0.63606733
0.9001614
0.7946929
0.87040794
0.88503873
0.81853944
0.87300396
0.9377389
0.6902007
0.8849988
0.7947843
0.56690806
0.7701937
0.7854889
0.30967993
0.89151734
0.63288426
0.87938654
0.9244575
0.84460175
0.8760655
0.8655821
0.9256351
0.59216404
0.94695824
0.929977
0.7814039
0.71285707
0.8950605
0.8355287
0.8962859
0.870017
0.81815547
0.9402729
0.80407333
0.7939578
0.8740848
0.7410772
0.8662131
0.8338643
0.8800199
0.8511435
0.91698825
0.86480653
0.81720954
0.8120137
0.8559945
0.8509223
0.9397569
0.8581183
0.8672894
0.78672767
0.6124812
0.8395171
0.7420281
0.83242893
0.7621899
0.77830756
0.89336395
0.7043434
0.7976142
0.5353154
0.7502939
0.88663447
0.72245955
0.86373067
0.8169197
0.9283334
0.9129225
0.8545201
0.81199986
0.8858414
0.74487674
0.88538516
0.78874403
0.9340641
0.8369852
0.9620299
0.82105285
0.9281392
0.68920666
0.76615006
0.88785374
0.6316674
0.9027839
0.8714024
0.7800142
0.87486804
0.7838427
0.6990553
0.82987094
0.69781584
0.7345283
0.7960707
0.81122375
0.7879535
0.8700468
0.81996214
0.4899122
0.84197867
0.8569727
0.8678384
0.85475695
0.36454397
0.8676732
0.9182265
0.95990914
0.7314694
0.89420056
0.51772755
0.8102328
0.6712637
0.8093597
0.69036233
0.86118096
0.90805984
0.6731503
0.84523076
0.8208964
0.636223
0.8731728
0.884608
0.8948138
0.709185
0.6482971
0.8436176
0.67182404
0.83307195
0.7242651
0.5651397
0.940662
0.96174645
0.647835
0.92131317
0.7920891
0.44851223
0.83164877
0.7935234
0.9132525
0.80967486
0.90052116
0.9460527
0.56169933
0.88716656
0.5774977
0.6273242
0.7065241
0.57874095
0.6732071
0.73707104
0.94074565
0.645751
0.84673977
0.48434845
0.84786385
0.9406557
0.7340299
0.8314152
0.85853904
0.83105546
0.70521
0.70321745
0.6001684
0.7673583
0.8414686
0.94592965
0.80098575
0.814804
0.8555758
0.787487
0.84178805
0.72619784
0.87408805
0.856444
0.4121177
0.70481014
0.9236146
0.7013216
0.8461855
0.8817618
0.549825
0.8118136
0.7170144
0.798646
0.66680163
0.8118633
0.9096907
0.8261898
0.83966947
0.6372821
0.66165984
0.93376684
0.89904034
0.8570608
0.43127444
0.8063828
0.7036521
0.9012949
0.47624847
0.9349965
0.8130425
0.81339765
0.54835534
0.73295325
0.9473458
0.62726676
0.572277
0.90318274
0.82525486
0.8334328
0.67479986
0.7449061
0.6534548
0.89304906
0.8294939
0.72073364
0.8512002
0.93604493
0.92817616
0.801738
0.82566464
0.5488595
0.72716576
0.8376215
0.53300905
0.65631735
0.7969984
0.7294639
0.7810417
0.6281802
0.55380726
0.85654235
0.9030793
0.7544294
0.9121218
0.827516
0.55646354
0.88883734
0.7343404
0.7414923
0.7545705
0.46296376
0.82416505
0.6290965
0.65466094
0.562697
0.80077046
0.8999124
0.90133536
0.54104304
0.92208004
0.8768314
0.8801694
0.7943471
0.7815196
0.7583338
0.86774784
0.8938426
0.89669895
0.87898815
0.8405381
0.8546557
0.7077489
0.58082396
0.9241493
0.7303616
0.8679661
0.89247906
0.80498046
0.9395447
0.91028154
0.9768622
0.6578514
0.866011
0.8617695
0.55304426
0.96381605
0.94304913
0.7537612
0.92525244
0.8327743
0.9616884
0.7376174
0.7723744
0.5890646
0.84835
0.9354323
0.862654
0.7256844
0.8932492
0.8584972
0.7369444
0.6675172
0.83604014
0.76325965
0.7659743
0.8035784
0.41427752
0.8354225
0.7339035
0.6846465
0.77933425
0.8777179
0.90759134
0.8263411
0.58795637
0.921149
0.8366624
0.58541256
0.8205511
0.8663134
0.7977544
0.76699644
0.84050506
0.90661556
0.7302488
0.8709928
0.823037
0.8761015
0.7800362
0.9570431
0.69322914
0.912979
0.8859136
0.79722035
0.838906
0.85391146
0.9504657
0.8300208
0.9105977
0.8912458
0.7757487
0.8613027
0.84017134
0.90868723
0.65278506
0.7733644
0.8110175
0.82809174
0.88587296
0.5050245
0.8409119
0.90831107
0.21275279
0.8404453
0.63577837
0.8293274
0.6949911
0.7489325
0.8670472
0.7478555
0.90002906
0.79619867
0.60121155
0.68608224
0.9245431
0.7397456
0.46002805
0.821
0.846817
0.7824702
0.523219
0.62183464
0.8143515
0.8627651
0.7114093
0.77501523
0.70080495
0.79672045
0.8677473
0.77496153
0.8507291
0.79991853
0.8811624
0.87848604
0.8383069
0.83581346
0.544424
0.8418745
0.89567447
0.6932547
0.91653717
0.5720488
0.5833751
0.7597769
0.8056732
0.85186905
0.6423172
0.7951105
0.8668774
0.7366543
0.9701076
0.818589
0.80580056
0.7283154
0.49053702
0.7498237
0.5141671
0.79623866
0.7594395
0.4185395
0.8856693
0.8732996
0.991192
0.92050683
0.8596954
0.8042208
0.91796976
0.9325936
0.9018748
0.94109803
0.6893053
0.7688358
0.90636456
0.5688131
0.5637907
0.8369477
0.85526496
0.8797711
0.538144
0.8007813
0.6066936
0.79162014
0.9018502
0.53227514
0.9268606
0.84311426
0.95410633
0.68599874
0.9293585
0.82670087
0.8470298
0.82988
0.81051147
0.50277436
0.9342176
0.685514
0.8214289
0.9463706
0.7541679
0.7318663
0.79396594
0.5885929
0.8180547
0.6859572
0.61455464
0.8125626
0.86820954
0.50374466
0.7540031
0.791372
0.89599496
0.87205803
0.813496
0.8804536
0.77322197
0.645673
0.91962194
0.72047955
0.8832538
0.8362088
0.8376797
0.8139948
0.83549464
0.711911
0.6490204
0.82656586
0.8943465
0.8246206
0.9470582
0.69173574
0.69063157
0.8382071
0.7920517
0.8643626
0.80139333
0.61647534
0.88615364
0.6759778
0.81660616
0.7010342
0.83719397
0.91476744
0.74314266
0.89217126
0.911119
0.8130777
0.9042374
0.50993246
0.65742254
0.47797555
0.81237465
0.79345703
0.74989396
0.6653503
0.7180444
0.80131483
0.88362706
0.7723954
0.882737
0.86232656
0.96248996
0.9173829
0.83802533
0.79198366
0.7400693
0.7381486
0.8140609
0.6704062
0.76974976
0.8670208
0.8884293
0.47164285
0.83036923
0.9435593
0.7393371
0.63498694
0.9401287
0.83825606
0.6225016
0.8724565
0.68571746
0.8786503
0.8625319
0.8431814
0.7571367
0.70883125
0.7960328
0.8518296
0.68804497
0.8404502
0.8642892
0.86187834
0.9527792
0.7427963
0.7948291
0.9449328
0.62690616
0.8971094
0.76280135
0.9090846
0.83772254
0.9665017
0.8309104
0.972448
0.84359384
0.8384311
0.7742832
0.81961757
0.93045187
0.92696357
0.8223213
0.8043984
0.8269087
0.93918025
0.92549247
0.92581344
0.753436
0.71649116
0.6122067
0.91148615
0.95657253
0.8220007
0.58295715
0.66287637
0.9341087
0.6982158
0.79104877
0.8791213
0.79893106
0.92067665
0.8040222
0.49333805
0.80876184
0.7731085
0.82827663
0.66352916
0.36938846
0.73092467
0.8009634
0.80951875
0.5511349
0.8024996
0.9143998
0.878018
0.709893
0.84258974
0.87270427
0.8327412
0.43594745
0.7473667
0.79755497
0.6097765
0.8190741
0.76300555
0.76243675
0.7510066
0.88211703
0.90690064
0.6548319
0.68966085
0.6631362
0.8735999
0.81345433
0.8262534
0.7323998
0.87352353
0.83479595
0.88847107
0.8435917
0.7648853
0.822131
0.86586213
0.46879134
0.87564695
0.78964156
0.85018927
0.9166764
0.62682927
0.7444209
0.6010419
0.76519656
0.8043774
0.8032018
0.51347995
0.92239684
0.7369171
0.7626449
0.70246214
0.9755463
0.8388635
0.87021214
0.9700252
0.7607125
0.87830037
0.9099769
0.7267652
0.84581304
0.77254426
0.7822393
0.79111916
0.9697405
0.65599823
0.86282676
0.7574319
0.8595915
0.7333127
0.84492874
0.9133673
0.9456039
0.87613004
0.8158611
0.76511323
0.82485306
0.92446697
0.76404625
0.791968
0.8992754
0.9885693
0.6935121
0.845428
0.8830859
0.788871
0.9326716
0.9008048
0.78082913
0.8618815
0.67571163
0.7066655
0.8978101
0.8732966
0.76412725
0.697028
0.89178574
0.8276867
0.87715477
0.8366047
0.9483734
0.8906532
0.8808572
0.8385555
0.8398739
0.68127584
0.8825962
0.95941126
0.8215165
0.85561013
0.89321595
0.8087269
0.6785208
0.832959
0.7704951
0.9068796
0.7351158
0.5161425
0.85354173
0.6754114
0.8407701
0.8031486
0.9005717
0.8335139
0.8669265
0.71793985
0.8794807
0.9661824
0.9095846
0.8236664
0.91857237
0.76452637
0.741752
0.8715998
0.8961336
0.6681439
0.71797
0.9606138
0.751773
0.88217723
0.694474
0.92353654
0.56735843
0.85169154
0.77303594
0.94271034
0.94314027
0.6689985
0.8028021
0.91117036
0.73871243
0.7467368
0.73841494
0.8910048
0.9081954
0.9033469
0.80304605
0.9126078
0.86571693
0.82251227
0.83430773
0.67016506
0.7604703
0.7036131
0.900312
0.95622045
0.35489723
0.70743203
0.8290641
0.8633267
0.74223936
0.85882646
0.8870425
0.85850465
0.69197744
0.6119036
0.6778859
0.8852714
0.87922007
0.9371598
0.8509575
0.62309474
0.9299263
0.6380836
0.929435
0.8408953
0.9027168
0.7465021
0.9185216
0.9436783
0.82463354
0.82225275
0.87742925
0.96717703
0.66351974
0.79735833
0.8176371
0.85583305
0.74331796
0.6424879
0.539901
0.9453395
0.7593297
0.94675344
0.926136
0.8043594
0.87222636
0.8900983
0.80835676
0.9542373
0.95015067
0.7848359
0.9134949
0.6915443
0.55530685
0.8800733
0.9631187
0.88174194
0.7524447
0.37370497
0.34598836
0.8244958
0.84153986
0.81338036
0.6748047
0.64518374
0.970698
0.7949869
0.8203922
0.8648642
0.72837865
0.89038014
0.666537
0.8718542
0.94400334
0.7269628
0.93081176
0.82814616
0.8775292
0.82505673
0.8868658
0.7242203
0.92703223
0.68690395
0.91142124
0.73239493
0.7677914
0.81559825
0.7926119
0.7608583
0.8327478
0.84206676
0.9277805
0.93499666
0.5387859
0.78081274
0.89190245
0.90862787
0.80915433
0.8824184
0.92147636
0.89603543
0.6705834
0.7384121
0.78826094
0.7387713
0.91716754
0.8822948
0.9044145
0.79237515
0.84680974
0.7973931
0.8467095
0.9031634
0.8309272
0.69494766
0.9009407
0.645988
0.82202744
0.87895066
0.5361863
0.8287256
0.98494375
0.94630224
0.91054606
0.6618201
0.94626844
0.81488365
0.8944918
0.95113045
0.8558231
0.78620464
0.9674164
0.7831517
0.7741193
0.8405905
0.8312475
0.87804055
0.6193299
0.7695952
0.6405382
0.669893
0.7780742
0.9195036
0.9464935
0.8934012
0.9382687
0.947417
0.7055794
0.81629044
0.7038866
0.6625528
0.9670144
0.8996552
0.8241359
0.75286067
0.82954365
0.73876154
0.942602
0.93918556
0.56842273
0.87216926
0.80979854
0.8399274
0.7762022
0.8999274
0.8130815
0.8855462
0.8214532
0.774225
0.9315188
0.45255634
0.74397635
0.87254226
0.9386573
0.8983744
0.7676583
0.7141712
0.84445244
0.9533117
0.88936055
0.8850673
0.8171274
0.78575194
0.7934815
0.8095461
0.68530905
0.64177
0.8490426
0.83180577
0.93021756
0.88397545
0.5035253
0.9447692
0.66463494
0.91946465
0.63767505
0.7506468
0.664845
0.87959015
0.93237543
0.80561095
0.73936677
0.806546
0.7566435
0.7415889
0.9331435
0.9378363
0.9268892
0.7824403
0.86251456
0.8431791
0.9429554
0.8250506
0.8902055
0.9282777
0.6919587
0.8039384
0.78717524
0.562999
0.9330451
0.8043162
0.8664484
0.71028453
0.8643627
0.8503376
0.82689506
0.8470078
0.95620245
0.8245903
0.8415671
0.85387313
0.88229156
0.81442046
0.92262155
0.7841251
0.9457482
0.7427866
0.90398407
0.82093775
0.85758924
0.7277162
0.93248034
0.74056154
0.77662015
0.90398544
0.77360284
0.9712572
0.92742443
0.8518129
0.7595277
0.882175
0.72572577
0.71111053
0.90145594
0.5219259
0.8357011
0.93273544
0.95331115
0.89176786
0.97095454
0.84200525
0.9393126
0.9006998
0.81603515
0.7111189
0.8481525
0.3529833
0.53085953
0.8135333
0.7924743
0.8984425
0.54266185
0.9505042
0.81297463
0.8144876
0.93164134
0.7473654
0.9674987
0.8873981
0.8640352
0.91766375
0.85851866
0.6550627
0.7047457
0.80848444
0.7689367
0.9493697
0.8582945
0.81371033
0.75752866
0.7702205
0.86250293
0.8662075
0.9399017
0.70315087
0.9227733
0.95935637
0.66792625
0.840523
0.889361
0.87311476
0.68965137
0.9088359
0.9262028
0.95374393
0.6642647
0.75799525
0.8867075
0.8635404
0.9634439
0.7507734
0.82830095
0.9322553
0.67824906
0.9136394
0.8181609
0.9093904
0.8791137
0.8015497
0.8011547
0.90342164
0.7801491
0.84527516
0.9420111
0.91163296
0.95727545
0.880374
0.87464076
0.7962522
0.95831037
0.9306435
0.60192996
0.93026847
0.8855903
0.93779093
0.9173709
0.8339605
0.90955627
0.91981095
0.9766063
0.84986955
0.8508272
0.93579596
0.7681347
0.77620625
0.9214866
0.9282119
0.7346139
0.8117355
0.75928915
0.91176826
0.7536104
0.74212974
0.9617204
0.84632754
0.8618584
0.90610355
0.7492982
0.57013744
0.87692064
0.84985954
0.8575666
0.9338975
0.885212
0.72042674
0.9306258
0.82874435
0.8842563
0.7598164
0.7458454
0.9455644
0.86924624
0.9110669
0.95712554
0.8531041
0.75787336
0.79382837
0.5352232
0.68928355
0.95326084
0.728858
0.80269724
0.821352
0.8174283
0.9177896
0.95176995
0.7919693
0.7862015
0.8788192
0.9150436
0.86382437
0.75463575
0.90434927
0.8973598
0.7696266
0.7467769
0.8528106
0.91067755
0.8544142
0.9385817
0.8674354
0.78563106
0.9194336
0.88979506
0.9665526
0.8900329
0.73542416
0.79253346
0.7857456
0.93475175
0.90561676
0.818401
0.94841456
0.7253025
0.7772175
0.8565154
0.83724177
0.81706274
0.9110826
0.80671024
0.9726696
0.95044416
0.8564057
0.8991431
0.9213492
0.80827117
0.9061674
0.92702436
0.84101564
0.9533434
0.761779
0.7693597
0.92304975
0.932093
0.7094523
0.7465465
0.9270887
0.6225019
0.85222894
0.87764335
0.8194824
0.6209684
0.89243525
0.70645034
0.9350711
0.9513527
0.89541996
0.46892822
0.9018309
0.7095618
0.95488596
0.68300194
0.7188653
0.7997798
0.8621694
0.8220748
0.8960072
0.84402335
0.63663167
0.6141174
0.95477617
0.93624365
0.91893846
0.8969563
0.8210969
0.9600428
0.801507
0.7759669
0.8377064
0.55294496
0.74927264
0.8704404
0.72056246
0.75380707
0.77947116
0.88953876
0.9449015
0.9594866
0.92651284
0.8876512
0.96365833
0.9086205
0.8240268
0.8254734
0.8882571
0.89568007
0.91850144
0.60342664
0.933411
0.76872516
0.72591376
0.8076656
0.7139066
0.9620194
0.8627291
0.61560535
0.95205796
0.98906004
0.8732091
0.78966737
0.95172215
0.64883274
0.7906092
0.75008595
0.5415755
0.80342853
0.9022341
0.9429556
0.8768139
0.8601811
0.80404234
0.916913
0.8319891
0.72751796
0.93740296
0.80700946
0.8464487
0.81718016
0.7375214
0.6037185
0.7197792
0.6761476
0.8305895
0.727188
0.9032995
0.752528
0.91301554
0.82570595
0.7680174
0.5889903
0.8178585
0.8325088
0.8259707
0.77422696
0.9003029
0.89857155
0.91725266
0.8774932
0.81746805
0.7951592
0.8623607
0.77492756
0.7970943
0.94973844
0.839828
0.8838527
0.77215326
0.8902469
0.9381907
0.78348756
0.9317471
0.8293816
0.95414305
0.94032425
0.8938631
0.8886617
0.54222155
0.90053475
0.8712126
0.92620355
0.7912582
0.9120671
0.7242585
0.61198425
0.87152284
0.8529218
0.91594654
0.9271052
0.929101
0.9341216
0.87991846
0.79949284
0.86178106
0.77554566
0.78984857
0.93994296
0.7710923
0.9200817
0.9213464
0.82506216
0.75135416
0.75463176
0.9296546
0.924761
0.86678535
0.97465837
0.7829717
0.8049886
0.5781637
0.8318494
0.9130378
0.8268684
0.7675154
0.89357305
0.92226505
0.58672833
0.96518785
0.90434057
0.9289377
0.8669253
0.89466935
0.90367544
0.9547352
0.812682
0.88043165
0.78005785
0.91656685
0.85547423
0.9131208
0.89318955
0.9582565
0.80983984
0.84618264
0.80015236
0.9156455
0.8332171
0.87597567
0.8236249
0.7161533
0.8268233
0.8733464
0.85490173
0.9800912
0.8602272
0.8300858
0.95565784
0.8864409
0.8977634
0.95985824
0.9530271
0.8610316
0.8992083
0.900767
0.849091
0.8628499
0.8421849
0.8864684
0.7748078
0.7618141
0.9435183
0.6991164
0.9639549
0.83812
0.9109033
0.7253715
0.92786574
0.95689636
0.9498608
0.9528776
0.94982743
0.8184394
0.9295389
0.89550126
0.8014384
0.90666217
0.8349997
0.70198935
0.83955157
0.95406187
0.44598252
0.7334664
0.8294348
0.80963534
0.7358466
0.9668125
0.77624726
0.92172897
0.82557946
0.8609698
0.6781763
0.75139225
0.7784634
0.95388055
0.5707512
0.70898014
0.92219067
0.7710824
0.72668463
0.7817596
0.9399776
0.8683931
0.7985068
0.79994076
0.9492413
0.8848766
0.97059834
0.88507146
0.9215419
0.80054116
0.85066414
0.9298738
0.9444576
0.8872963
0.71723634
0.84197783
0.87348783
0.4557929
0.9384913
0.9081855
0.87998617
0.94178134
0.91008186
0.70324254
0.95567787
0.9334903
0.905496
0.8110727
0.8677804
0.8263912
0.9383669
0.629447
0.79443854
0.8233722
0.9073356
0.8009006
0.61549324
0.86659014
0.92414886
0.6792183
0.7062591
0.7491379
0.7630727
0.7861643
0.6278024
0.88001007
0.9357588
0.92434037
0.7685471
0.7565249
0.5928984
0.81254274
0.8563211
0.7661384
0.5249732
0.76477027
0.77669066
0.8372884
0.82123095
0.91400385
0.76856226
0.90348387
0.5654125
0.83591175
0.85000014
0.7073833
0.77288365
0.8624258
0.88491404
0.8609203
0.7566123
0.8627247
0.6516853
0.89408755
0.82761663
0.6855667
0.85466087
0.88662946
0.7740293
0.75961846
0.6334773
0.5540245
0.94297206
0.8499012
0.96429485
0.8005692
0.6927992
0.86127234
0.9730731
0.95804685
0.79311264
0.87507427
0.76976645
0.5489064
0.9205935
0.9151102
0.91635156
0.7682273
0.67907155
0.90564096
0.8520911
0.7455009
0.92840564
0.8169322
0.8271814
0.9078543
0.6018074
0.821478
0.8253931
0.87787396
0.8076552
0.7717063
0.8261807
0.72771263
0.79495066
0.8688123
0.7444123
0.7214807
0.87993544
0.851545
0.95491797
0.53980726
0.79113066
0.8834476
0.76973
0.89914626
0.8408493
0.8630445
0.8132158
0.8707892
0.85410225
0.7009517
0.9282441
0.8701662
0.87752444
0.79082733
0.92539454
0.7120085
0.8259526
0.9804445
0.8417019
0.77454984
0.7427133
0.92138547
0.8693761
0.92271006
0.81370556
0.7964949
0.9292855
0.8294046
0.95042133
0.5175203
0.8433334
0.75793284
0.86290896
0.8495352
0.8049919
0.77095354
0.82339764
0.86448604
0.94953114
0.9135688
0.9306476
0.92963576
0.8821499
0.9002174
0.96504664
0.8278414
0.6543807
0.9273351
0.85339004
0.7609175
0.8548427
0.77908313
0.9665362
0.8434188
0.7566284
0.8799992
0.9042758
0.8931474
0.78369325
0.9232459
0.8910636
0.8623321
0.91115224
0.91511047
0.64998895
0.7128402
0.858564
0.82798153
0.5009843
0.7975823
0.97665715
0.9215635
0.73986727
0.9484865
0.9315115
0.8278967
0.88455224
0.9223439
0.84080327
0.76518846
0.9334748
0.95100975
0.97070515
0.9198026
0.9828085
0.945043
0.76976013
0.93032867
0.8836986
0.9365736
0.9084051
0.7275394
0.8175786
0.743215
0.7892128
0.9175146
0.8665712
0.7436242
0.8777439
0.9167147
0.86658823
0.78217304
0.90207136
0.8600058
0.86320776
0.787258
0.8787811
0.9554368
0.81901234
0.74110115
0.7760649
0.74220425
0.95985293
0.903835
0.8895694
0.85344213
0.86929274
0.7027459
0.8099395
0.8425631
0.6987256
0.8939868
0.822424
0.90989804
0.9590286
0.8802196
0.74581236
0.88110423
0.65670466
0.9078267
0.91376317
0.9127407
0.67098475
0.9284227
0.9214917
0.52736735
0.76339847
0.83216995
0.7281788
0.91564363
0.9248737
0.9683576
0.8711087
0.69604206
0.8686514
0.8340012
0.8654511
0.85140085
0.5135406
0.6500757
0.6546043
0.49251065
0.85156274
0.78303605
0.935956
0.7517781
0.9270556
0.8148992
0.7941013
0.7872614
0.79666156
0.64278346
0.82285035
0.8474904
0.28949732
0.91318655
0.77185076
0.90697646
0.7431981
0.9600854
0.9243602
0.74947554
0.8468173
0.8551645
0.90522677
0.9812048
0.89089006
0.8915386
0.9707918
0.8955195
0.91358864
0.8614162
0.85561055
0.8795861
0.95411
0.9181335
0.6129971
0.9290264
0.9293339
0.7533638
0.74529856
0.9301109
0.87316716
0.7707908
0.71028554
0.85800964
0.8367739
0.7376646
0.8835553
0.8661019
0.98246
0.8802442
0.93302417
0.7001529
0.8485848
0.93630564
0.8946943
0.7401273
0.88613117
0.89194405
0.822915
0.85145664
0.89967537
0.8246261
0.9786846
0.91045845
0.83112633
0.8993529
0.86198795
0.7712207
0.9536238
0.9141135
0.8059267
0.7884794
0.91335833
0.8560824
0.8913628
0.6073408
0.7266934
0.8708364
0.5047774
0.7978905
0.8836721
0.88869697
0.9392947
0.91694194
0.87565774
0.76504165
0.77397907
0.74942213
0.7688494
0.88491917
0.84277487
0.9006742
0.8864332
0.90611583
0.5890269
0.8740618
0.6787549
0.7826179
0.80405384
0.62581354
0.8020227
0.8753236
0.7711321
0.5892587
0.82205594
0.80411494
0.79963094
0.8538689
0.73069614
0.8948374
0.97058153
0.8864083
0.77474207
0.946605
0.84590036
0.90655553
0.86227465
0.80083096
0.93447554
0.921568
0.9341492
0.78984725
0.87222254
0.8223425
0.71167403
0.9745607
0.8765254
0.81439424
0.944808
0.83948123
0.8537565
0.7711181
0.8710722
0.80956876
0.9324445
0.80288416
0.7708994
0.76380783
0.9413618
0.8211532
0.5927009
0.76028234
0.90360403
0.9582403
0.8794872
0.8669624
0.76838154
0.84586877
0.88745165
0.6759366
0.8901849
0.59402966
0.6066627
0.90192676
0.92762434
0.86032397
0.9372249
0.861145
0.8510722
0.9274627
0.74043435
0.9182582
0.86836267
0.7819415
0.9038049
0.93041945
0.80586576
0.72385025
0.8339428
0.83013606
0.6138726
0.7183629
0.7470728
0.7019116
0.6861525
0.8162074
0.8385213
0.91717786
0.91077954
0.8093659
0.8910329
0.8721243
0.95321774
0.92582506
0.8170261
0.75200814
0.56572586
0.9391818
0.8320987
0.9626535
0.7190713
0.7102081
0.6601005
0.7762829
0.95744723
0.8110794
0.84436274
0.8024247
0.85029894
0.8879353
0.8168983
0.9293716
0.8526672
0.7422614
0.6642991
0.92269826
0.88870436
0.9413457
0.85400534
0.8815463
0.90461385
0.8025496
0.8895566
0.47622505
0.47219843
0.8076707
0.47467428
0.693221
0.9643868
0.8285221
0.8003645
0.8406179
0.7365054
0.9257851
0.94561225
0.9228647
0.95317763
0.89809567
0.86284333
0.8078127
0.9581538
0.9329302
0.83511764
0.8876738
0.92585194
0.5856087
0.80182683
0.9177594
0.84104985
0.86176044
0.3554389
0.8281434
0.93217695
0.8566638
0.7315436
0.69451356
0.72995836
0.7930071
0.7034493
0.91432756
0.7297538
0.9714751
0.9635074
0.85563534
0.9302475
0.7976299
0.8124593
0.87915814
0.91858053
0.9566622
0.8193777
0.6815118
0.6928412
0.87621653
0.9216061
0.7858281
0.8914838
0.7968799
0.7588062
0.5362576
0.824015
0.9159572
0.62432194
0.95064706
0.80143017
0.85683846
0.6580543
0.797181
0.9499575
0.8334136
0.8687827
0.8935969
0.62687004
0.6291814
0.7936562
0.866642
0.95454997
0.78041327
0.90973985
0.6318595
0.7279216
0.9429943
0.9274253
0.9524311
0.8899381
0.7034936
0.41438767
0.862543
0.72552025
0.86508745
0.90085757
0.64944714
0.5318831
0.69225425
0.60164756
0.84721214
0.7826499
0.8185614
0.8633773
0.8632477
0.85348594
0.8930798
0.94220036
0.897211
0.9354779
0.7879311
0.945524
0.86144984
0.9299248
0.69675994
0.7144428
0.88680404
0.7720071
0.9261061
0.9333827
0.76111007
0.88711184
0.7577105
0.74570984
0.91301936
0.93208313
0.8654374
0.8114623
0.75608766
0.7793068
0.8034638
0.853371
0.8936893
0.6771658
0.5246652
0.8621973
0.8164777
0.9225806
0.95599294
0.95654607
0.8615069
0.9721365
0.8302505
0.61705375
0.88103044
0.923618
0.8326288
0.9561275
0.6909573
0.88202834
0.9088035
0.9046588
0.9462817
0.8313253
0.72168106
0.8645872
0.8657906
0.71470004
0.82657456
0.7104739
0.7963689
0.93568224
0.6508843
0.6495482
0.8084718
0.862052
0.7952359
0.7490387
0.6036445
0.769371
0.8564368
0.8413843
0.89848506
0.9428779
0.84008527
0.8052628
0.88321435
0.82299435
0.8708526
0.9798665
0.8527346
0.7975301
0.9226931
0.740342
0.8740785
0.9083987
0.84127694
0.5819949
0.9247781
0.87429595
0.8390108
0.8546353
0.7023699
0.72980934
0.8975738
0.9179605
0.8833631
0.7703235
0.88143104
0.9087062
0.9619139
0.69260687
0.54264885
0.87558556
0.91330034
0.70119286
0.900301
0.9399258
0.8103422
0.6878966
0.92837906
0.9291213
0.9150256
0.9704676
0.8674817
0.8240148
0.80822265
0.9354579
0.66383576
0.891392
0.8470391
0.8901593
0.80010086
0.75172687
0.85122746
0.78959143
0.6524801
0.85276693
0.86229116
0.8511143
0.8596138
0.67015666
0.8979137
0.9361121
0.87889016
0.8735583
0.90059525
0.82551914
0.86916476
0.8791715
0.87329555
0.48926336
0.71368957
0.950885
0.83842534
0.95019126
0.8108242
0.9602783
0.8828563
0.93578684
0.6790903
0.71066827
0.70966554
0.9175927
0.8013018
0.7563751
0.8962631
0.67177427
0.7464007
0.77987033
0.9626529
0.85030895
0.8414488
0.8088685
0.92657286
0.9388745
0.8941395
0.8297292
0.7829964
0.97713435
0.9291499
0.66525
0.9273349
0.52618426
0.73961914
0.7359704
0.89496154
0.8525021
0.9203765
0.79062384
0.76355886
0.8986633
0.8673641
0.8691744
0.6341437
0.77178836
0.7421688
0.8268388
0.8714711
0.64905334
0.87797755
0.5647991
0.971134
0.8995236
0.88715166
0.9305732
0.9566231
0.5017208
0.9006292
0.9779154
0.85222685
0.94279194
0.7960621
0.78313094
0.7438143
0.9396987
0.90740174
0.91024536
0.83523923
0.8220396
0.9352361
0.8058769
0.84147525
0.8831816
0.83372736
0.9040998
0.68175805
0.94402015
0.90232944
0.85159445
0.92505056
0.8900831
0.91184044
0.7386523
0.88122475
0.90843886
0.95964795
0.7598958
0.8664394
0.8565257
0.72191525
0.6140727
0.8845573
0.8821945
0.7977507
0.7217724
0.5663472
0.89121675
0.7151445
0.40081102
0.878095
0.8576833
0.9146851
0.47844946
0.9296132
0.6723045
0.9276978
0.90530705
0.86540014
0.8539738
0.84243846
0.7643147
0.77258873
0.8327038
0.83399045
0.78595036
0.73556733
0.96885335
0.65213996
0.80490583
0.88767743
0.77112293
0.857416
0.9050072
0.6777924
0.9327214
0.82900834
0.83358896
0.737274
0.82413715
0.73043805
0.8860337
0.8462454
0.7359301
0.91400677
0.86320126
0.8285355
0.802649
0.9150179
0.5416549
0.801502
0.9802993
0.88055986
0.73542386
0.79642236
0.9544138
0.85756356
0.9580859
0.92979693
0.9119071
0.70596737
0.7581369
0.8269265
0.8848223
0.9242424
0.9461433
0.7596289
0.92309564
0.8692652
0.70495486
0.8242605
0.93863034
0.8133482
0.7065839
0.7815771
0.89442766
0.8087348
0.62226194
0.8923878
0.9384279
0.9147001
0.9206129
0.79043937
0.8829647
0.81836665
0.60780543
0.8779347
0.755628
0.8533114
0.9398576
0.8713714
0.6170345
0.8416945
0.9049248
0.639865
0.80938625
0.87051016
0.6679837
0.75998795
0.8230449
0.9643854
0.8355285
0.9275207
0.8675973
0.81662357
0.80577815
0.79051894
0.8230281
0.8831781
0.8861566
0.4810766
0.88226444
0.88550615
0.87770665
0.9128993
0.791926
0.8945696
0.8938137
0.88551223
0.942018
0.88537353
0.7560104
0.85007596
0.78106284
0.9598551
0.82806826
0.925441
0.913726
0.77453023
0.7973849
0.7690567
0.8991533
0.94020176
0.8864737
0.5854639
0.9350977
0.8560672
0.90712374
0.7391095
0.7182345
0.9228306
0.9124575
0.90137035
0.80926585
0.79675376
0.78048027
0.8973447
0.91709065
0.9047
0.7490741
0.8184178
0.8446812
0.5269335
0.59734285
0.83374214
0.8021525
0.92987216
0.90717363
0.7708654
0.95093226
0.8478874
0.88215244
0.7436143
0.7217506
0.8333055
0.83888197
0.71368754
0.956973
0.9152731
0.85518724
0.83157575
0.69171774
0.7708238
0.9563384
0.72525525
0.9291474
0.9632242
0.7450662
0.8161629
0.9503195
0.961021
0.80494463
0.91991895
0.7498585
0.5760653
0.8942122
0.83031565
0.844516
0.8168142
0.91561955
0.9608932
0.7982954
0.9228242
0.7149478
0.9348054
0.9144468
0.8553875
0.47351232
0.916693
0.8361316
0.75473845
0.6005881
0.9234372
0.77506894
0.865049
0.88347566
0.86472064
0.916206
0.8744768
0.5489018
0.7415938
0.7258976
0.70662713
0.43640497
0.8476055
0.9073685
0.74667346
0.7467506
0.9656605
0.41309226
0.9049311
0.60719347
0.70717573
0.96221745
0.8206967
0.85763294
0.880775
0.90889645
0.72854096
0.77588916
0.8457102
0.7424851
0.6800141
0.759684
0.7440431
0.9687198
0.82178533
0.9341892
0.80161446
0.89167315
0.5657921
0.81717867
0.93524945
0.75877124
0.9048553
0.81456256
0.6612359
0.8425414
0.67876905
0.6821462
0.67835116
0.7142914
0.951995
0.937179
0.8884247
0.6960443
0.83582234
0.9495215
0.84854734
0.80497265
0.79651576
0.76059437
0.80419797
0.9781984
0.7125513
0.5395652
0.77017295
0.9316574
0.8394922
0.71855307
0.89029336
0.9443072
0.6754963
0.8600955
0.73065776
0.86261004
0.93515784
0.88323474
0.83697224
0.6632192
0.80549264
0.8174244
0.8033609
0.95490223
0.90939486
0.87937784
0.8125659
0.8119034
0.8112732
0.8499661
0.65750974
0.6705152
0.71884656
0.87720233
0.8128436
0.94453627
0.8976351
0.82356143
0.77133954
0.7766082
0.7229301
0.79215413
0.6406156
0.9092388
0.8135894
0.8055188
0.7950589
0.9276314
0.91436183
0.9742091
0.9540574
0.8477645
0.9363832
0.8406758
0.94472414
0.94222534
0.9153803
0.90735364
0.77893007
0.87344027
0.67995995
0.5572488
0.8471919
0.88960224
0.84844047
0.9495678
0.8189231
0.65672994
0.9333688
0.9399844
0.85090697
0.90660214
0.8971702
0.8078165
0.7884896
0.7187648
0.7781792
0.9303574
0.88904744
0.81557584
0.7662919
0.91779244
0.6723772
0.86820114
0.8512122
0.7597216
0.7696218
0.9237831
0.86565536
0.7040733
0.82025474
0.89882606
0.9520147
0.6374673
0.60633093
0.81786996
0.6925063
0.8240618
0.8987207
0.81804144
0.73457694
0.94247985
0.89688736
0.85074097
0.92157894
0.75515014
0.88613456
0.6967676
0.81549764
0.8434758
0.773669
0.55290645
0.79899955
0.6898094
0.94498074
0.8307086
0.9041084
0.81706357
0.7406343
0.92694575
0.6575792
0.8678844
0.7849253
0.8876756
0.74203813
0.9180336
0.94397247
0.6774993
0.8430333
0.8886111
0.71179473
0.49840972
0.84507763
0.94400764
0.91158795
0.78638583
0.7994003
0.8399559
0.9339245
0.97367656
0.9613557
0.8203187
0.8789567
0.87413347
0.7714807
0.8352359
0.73763686
0.73062474
0.91048837
0.7976772
0.6427348
0.7934539
0.900187
0.6290307
0.61959374
0.5248276
0.8902482
0.91936535
0.8337951
0.9496628
0.81374526
0.799416
0.9799097
0.9096675
0.6856965
0.8930199
0.8263954
0.8211085
0.9200374
0.9478404
0.90676373
0.8524419
0.8796539
0.79225266
0.93652856
0.95861423
0.8836805
0.936842
0.76152235
0.38761675
0.7196002
0.78157485
0.8582623
0.94904345
0.8401007
0.82774764
0.9348046
0.9058081
0.8506266
0.8604502
0.7805021
0.82885563
0.8494246
0.8496109
0.81141406
0.87763405
0.84659314
0.81185234
0.8890393
0.7559545
0.97313845
0.94337475
0.84886533
0.93785834
0.8734504
0.5191753
0.8864444
0.7486015
0.8465146
0.72932816
0.8775886
0.732988
0.84375024
0.8318869
0.8463383
0.91832256
0.5941663
0.7444468
0.78949344
0.7917807
0.5805775
0.74900365
0.91600233
0.96750796
0.81383306
0.8420054
0.6584005
0.85386837
0.8774239
0.8743174
0.83370894
0.9444703
0.87542987
0.883867
0.8184065
0.7506939
0.9048683
0.8905458
0.95486283
0.7884186
0.854962
0.8140389
0.8138363
0.94244534
0.77398854
0.92253876
0.40820318
0.9283203
0.8195542
0.64603674
0.63978475
0.7428634
0.7597393
0.84678394
0.7370513
0.96010554
0.94373477
0.81787866
0.7627483
0.74055654
0.80055994
0.97679937
0.83123314
0.5887875
0.8443191
0.8659137
0.92714787
0.9142304
0.95613897
0.92952275
0.7964047
0.7842331
0.8335643
0.7500433
0.7799967
0.813931
0.940346
0.86965185
0.78819907
0.92462325
0.7373732
0.8479916
0.8837899
0.97640514
0.9308943
0.83429873
0.84683937
0.944578
0.58605033
0.88218325
0.53483576
0.90976804
0.71469474
0.52441424
0.27641195
0.7478815
0.67576706
0.7959969
0.91873825
0.9045272
0.91332495
0.8796386
0.8234013
0.91602075
0.62260085
0.6659466
0.7154384
0.91651785
0.80408883
0.6352002
0.7863356
0.658184
0.94365543
0.9774268
0.9563821
0.71536714
0.9091645
0.92488533
0.8648257
0.9206359
0.4940132
0.8430699
0.74596685
0.8816187
0.9547359
0.8474176
0.87858313
0.7653274
0.52067614
0.8623948
0.77313435
0.782828
0.5338724
0.9542052
0.699474
0.66716653
0.82504195
0.8418399
0.85346526
0.6031028
0.892537
0.8468974
0.8235147
0.84896123
0.8109636
0.90551704
0.8481617
0.6628607
0.91651094
0.9659519
0.78467697
0.85910285
0.73185337
0.8903519
0.71847725
0.76215976
0.7764813
0.917263
0.75939226
0.9104358
0.915998
0.92691666
0.7016729
0.8821442
0.83671576
0.46187833
0.9480799
0.8416025
0.89409643
0.73610544
0.86601186
0.9023882
0.8974308
0.908099
0.8991066
0.87585324
0.8131037
0.9064528
0.7983237
0.7411525
0.93238366
0.8046038
0.9281113
0.9860132
0.8098625
0.86588466
0.90192854
0.8670135
0.87020165
0.9563686
0.83165056
0.81555074
0.8645586
0.7609636
0.58405554
0.5591396
0.88007075
0.6978818
0.77627957
0.91966045
0.93455076
0.94542444
0.8624736
0.8737321
0.862482
0.7603295
0.88186586
0.7855105
0.7220358
0.87950355
0.70172846
0.6426188
0.9527173
0.88406074
0.935182
0.7776157
0.78811616
0.8522834
0.9222383
0.9127517
0.87620664
0.8232622
0.8984538
0.93203163
0.6376814
0.63332736
0.6720969
0.8768912
0.8896016
0.9426013
0.86182076
0.8676831
0.70739675
0.7919247
0.9072917
0.8611209
0.91737294
0.94502467
0.74139655
0.9448759
0.9123199
0.84207547
0.8817192
0.9475364
0.8596675
0.865297
0.8678804
0.8805871
0.94660836
0.8621839
0.85740334
0.9262982
0.8815694
0.80323005
0.76769716
0.8580906
0.92715764
0.89697933
0.8031896
0.9071003
0.8423949
0.9341809
0.9460338
0.7523623
0.6626917
0.92167985
0.8127556
0.7867701
0.8641182
0.72068685
0.5931893
0.50845796
0.861385
0.9189424
0.85568225
0.96984315
0.75308853
0.57214475
0.6618163
0.9173404
0.8746481
0.94721377
0.7786862
0.8737307
0.56824124
0.94505453
0.50919485
0.7734898
0.6708355
0.69394386
0.7623779
0.77578634
0.7417084
0.7038915
0.7769185
0.6910151
0.8453627
0.7957918
0.74903893
0.820245
0.61690634
0.7019714
0.68597895
0.7875407
0.8999902
0.87995535
0.8055312
0.9010574
0.90025127
0.6642523
0.70334804
0.9030553
0.8372487
0.701059
0.817142
0.4918056
0.8025895
0.4656973
0.88060445
0.7628294
0.7449693
0.893536
0.73121357
0.9602883
0.81018025
0.8898836
0.8387924
0.8670854
0.5742983
0.7188971
0.55851185
0.82214785
0.86877096
0.86467326
0.87998843
0.9172045
0.9226338
0.90966254
0.77912724
0.6456958
0.817474
0.82903796
0.92548287
0.867476
0.8894289
0.918944
0.9326587
0.96388584
0.8208729
0.8676299
0.8731037
0.9256048
0.7342158
0.76184237
0.7265589
0.8012648
0.89119726
0.6027175
0.88523245
0.71531224
0.775777
0.8926396
0.7536801
0.82243943
0.8615503
0.96021426
0.9206461
0.7260607
0.7886412
0.7332272
0.7410194
0.7019214
0.71868616
0.8952413
0.7401266
0.6507619
0.9489895
0.9441975
0.9285937
0.9030062
0.71838766
0.73422813
0.49324846
0.8500103
0.7885562
0.885094
0.788783
0.49552363
0.6520272
0.88910747
0.77213573
0.71367776
0.925421
0.53771
0.95300364
0.79761493
0.87018585
0.84934473
0.7650995
0.8034054
0.8807976
0.723091
0.9791742
0.9188726
0.82899785
0.69010967
0.81605446
0.81699204
0.7590197
0.88894594
0.9313198
0.9511951
0.68684405
0.7429801
0.79776585
0.93727535
0.9538982
0.87547106
0.773812
0.9763969
0.8098706
0.8356614
0.8413954
0.57671666
0.7839687
0.88933736
0.8192581
0.91137654
0.91159225
0.9067096
0.76167876
0.9268226
0.6525518
0.95290875
0.59829044
0.9608989
0.8100353
0.65695685
0.8875537
0.90359724
0.9277181
0.7663901
0.9146756
0.90802205
0.86218965
0.708348
0.95099187
0.78811663
0.7280697
0.68790466
0.8865875
0.9449092
0.90149474
0.86817044
0.89933956
0.6460542
0.9300088
0.8961909
0.9170224
0.7915682
0.82365775
0.8982677
0.9338293
0.82832456
0.59835756
0.75170547
0.93701506
0.8964306
0.7798524
0.8242602
0.9394886
0.812711
0.7899356
0.67098135
0.86700594
0.9054586
0.91032344
0.91810447
0.70906186
0.9637974
0.8249167
0.8285612
0.8697841
0.71971315
0.7305182
0.9864011
0.8935068
0.8385577
0.8106231
0.8853583
0.6654267
0.8151993
0.9177788
0.8810501
0.69939613
0.7721289
0.8982548
0.71780324
0.931191
0.9506387
0.85064197
0.83965206
0.8663478
0.6402146
0.4078793
0.6613287
0.7440397
0.809047
0.8800131
0.8723072
0.9230834
0.7096827
0.8499636
0.9201789
0.85098386
0.79425824
0.89205545
0.7001519
0.9597842
0.8943975
0.8493598
0.7890692
0.782856
0.8153758
0.74666965
0.9256119
0.78657943
0.8806255
0.8707075
0.95575327
0.7809729
0.8367982
0.57758236
0.87423563
0.5012598
0.8294554
0.92058927
0.7786239
0.64090484
0.9745655
0.8674462
0.8714014
0.8131298
0.7172021
0.8395917
0.9078505
0.6703289
0.8071114
0.8611727
0.94925624
0.93420887
0.8256031
0.7755271
0.8203481
0.51057166
0.86944276
0.8776338
0.5682896
0.8694503
0.89659745
0.902954
0.766622
0.81614023
0.35065663
0.810182
0.90071607
0.8257177
0.7246728
0.703611
0.6558584
0.94270355
0.9010118
0.78189254
0.75890726
0.777956
0.7916437
0.85362315
0.7521945
0.878041
0.64429617
0.8833427
0.8766356
0.89617395
0.93143356
0.6801334
0.83059263
0.82217103
0.35089198
0.8542795
0.93209213
0.8222089
0.90834814
0.77707905
0.8227898
0.61583525
0.8589977
0.8600989
0.7777264
0.43261802
0.7800305
0.8981479
0.5251796
0.8792318
0.69029355
0.35260457
0.797421
0.74489206
0.82122195
0.8825854
0.87687147
0.79272735
0.9065292
0.8601885
0.86105144
0.7157201
0.9393393
0.7286203
0.7654983
0.94381005
0.8866975
0.9029472
0.92944384
0.89976287
0.8933112
0.66832507
0.92875963
0.5903976
0.92477053
0.8187075
0.6948496
0.88332
0.92076826
0.7363177
0.8593453
0.70797276
0.9196689
0.8703978
0.84047705
0.85534275
0.8602493
0.85511696
0.60247517
0.7614471
0.68423057
0.8677124
0.5152185
0.83632123
0.8511365
0.8753855
0.5048527
0.6493286
0.74709743
0.8455552
0.80703765
0.6850672
0.73501825
0.5602632
0.8359888
0.66968906
0.9260943
0.8878685
0.8565711
0.7707126
0.7919328
0.87912446
0.9574715
0.930828
0.6312356
0.8324476
0.5064832
0.8429442
0.58579123
0.83871275
0.83609307
0.6702249
0.7718616
0.59384954
0.85003245
0.75898224
0.80436575
0.8207127
0.7476779
0.7180591
0.8753504
0.8798414
0.73945737
0.80281913
0.723804
0.77178794
0.8243269
0.8167329
0.95208466
0.9168466
0.69752604
0.7143757
0.7806814
0.7370866
0.9027287
0.8771007
0.8792765
0.79553956
0.91731143
0.867958
0.9458114
0.7779351
0.7509171
0.60408664
0.9106348
0.93951774
0.94583875
0.7891898
0.8193886
0.7155088
0.8190476
0.4596401
0.6505362
0.8700038
0.6911409
0.7255175
0.4926433
0.722846
0.89237905
0.69646937
0.8997221
0.7484902
0.90079314
0.8137818
0.8970414
0.8967245
0.65319085
0.7916345
0.7823194
0.7763533
0.62871534
0.92497885
0.4142264
0.8586933
0.96190584
0.920451
0.7507347
0.8606871
0.843311
0.66691923
0.66592383
0.7836382
0.876901
0.8859679
0.5913162
0.82323235
0.7148681
0.83235365
0.6986181
0.9475234
0.85834265
0.7591435
0.72573686
0.5687586
0.94226944
0.8958653
0.82203436
0.9410879
0.89637744
0.95103097
0.60728407
0.4254244
0.84812593
0.8656273
0.6705828
0.81700695
0.8693163
0.88000447
0.77856237
0.7298574
0.9316782
0.70137703
0.8271055
0.84206903
0.98374665
0.9006377
0.92988586
0.6682576
0.89736766
0.95503825
0.9577413
0.6801721
0.82107496
0.8579073
0.92553896
0.83232313
0.6010734
0.75930077
0.57644165
0.6453963
0.946796
0.7577388
0.76342773
0.74847
0.7097627
0.7834358
0.9475608
0.9563886
0.7841944
0.94800174
0.7957018
0.61720204
0.94657356
0.3792594
0.74652714
0.71372825
0.5658177
0.9172817
0.7670337
0.78161854
0.73801076
0.92525417
0.86344993
0.79066503
0.9567956
0.59784186
0.8587922
0.47747558
0.9705731
0.7290489
0.7870232
0.7324287
0.8427557
0.8838552
0.86472416
0.87958336
0.6992111
0.9086033
0.8525409
0.8071946
0.51771754
0.929579
0.80776
0.8195316
0.80324996
0.7366446
0.78720045
0.8495691
0.9492712
0.705872
0.83794653
0.7422667
0.8016168
0.678001
0.8985231
0.87848437
0.90431076
0.80354017
0.6962841
0.8002301
0.7951433
0.84466547
0.9454384
0.7789326
0.94256246
0.86119694
0.777819
0.892664
0.6984038
0.64495856
0.67669827
0.5569165
0.92157173
0.8480271
0.9199552
0.69955313
0.86314887
0.92228687
0.9086524
0.9449789
0.66617155
0.80172515
0.72400224
0.78283525
0.5865917
0.8271176
0.95887774
0.7755241
0.9507042
0.67382836
0.7387713
0.7952226
0.8723929
0.59243244
0.8281739
0.90794337
0.8966678
0.9136508
0.90318453
0.69035214
0.7265044
0.91508275
0.6787699
0.88992256
0.8788164
0.82093227
0.91906905
0.80372936
0.8517749
0.8607969
0.844379
0.8135828
0.80048347
0.69087684
0.9309416
0.8840648
0.77392715
0.9151906
0.55180013
0.8750075
0.8713602
0.92347556
0.81479603
0.69256306
0.8889766
0.50735646
0.8976908
0.85154796
0.87979347
0.86343396
0.6256032
0.8030854
0.8030154
0.90479803
0.6067084
0.7538984
0.87800574
0.8467485
0.9306161
0.7590301
0.6927018
0.7735255
0.9357812
0.5830933
0.7792999
0.72530484
0.8920269
0.75328463
0.71844447
0.6815828
0.87025607
0.78732294
0.9163477
0.8536131
0.80777067
0.7578769
0.88419056
0.76061726
0.8368753
0.9185685
0.8507259
0.9676547
0.91493493
0.84802884
0.9326451
0.6357889
0.89952487
0.67080414
0.8123185
0.9252395
0.91625154
0.8843249
0.9267612
0.71241677
0.8119093
0.7776357
0.93353057
0.92541414
0.9290856
0.86334866
0.8832307
0.96252525
0.8719631
0.6886181
0.78162694
0.72933096
0.90702367
0.8037988
0.9139248
0.8716672
0.58879185
0.7977634
0.86718655
0.53930706
0.7645004
0.8766754
0.85041046
0.661567
0.9346147
0.89789605
0.9149457
0.7461047
0.6178923
0.44789958
0.9670542
0.90351003
0.95718336
0.81813735
0.82169116
0.7418902
0.95935225
0.94310474
0.8542742
0.7816815
0.8832006
0.5988464
0.8553536
0.5244346
0.6162848
0.7241185
0.77777076
0.5222184
0.9787004
0.90999466
0.73615426
0.8210851
0.6933167
0.9047303
0.8340457
0.7155165
0.869284
0.74092776
0.94804305
0.81976783
0.892982
0.88988453
0.72509634
0.8569592
0.87750083
0.8401439
0.8798795
0.87455535
0.6709717
0.71993506
0.8859502
0.9209053
0.60632414
0.93474454
0.6557959
0.7548153
0.8221172
0.92982996
0.7459617
0.7177327
0.8032006
0.8552997
0.8867791
0.93611133
0.92355853
0.71818334
0.9619517
0.91891503
0.9633063
0.7287501
0.77803826
0.85788304
0.58135265
0.8254155
0.8225149
0.7613224
0.4808042
0.84141296
0.9139578
0.8036001
0.9460962
0.8444517
0.97837865
0.8550452
0.605844
0.8958463
0.8534071
0.9033796
0.85033834
0.90201473
0.6889001
0.80474555
0.96765
0.8113374
0.72481924
0.75588083
0.3586798
0.8093454
0.93442
0.81085944
0.82948834
0.8888415
0.6763543
0.8077373
0.9031663
0.85473335
0.8384783
0.78036803
0.8905611
0.89809835
0.7535768
0.7916298
0.5406904
0.7551869
0.9001446
0.88783544
0.72458076
0.9193592
0.94073975
0.8931296
0.7254053
0.8691634
0.8603959
0.87249386
0.92592335
0.92634803
0.8576932
0.7384841
0.8475363
0.8429711
0.8883414
0.89150876
0.85804695
0.9236694
0.8965593
0.7557245
0.7860306
0.80609965
0.9023021
0.8596124
0.7023039
0.88717663
0.8327065
0.65919626
0.8762332
0.8946034
0.8669611
0.72374725
0.6834633
0.8054446
0.84344894
0.80032474
0.7962098
0.8733214
0.74045384
0.93472934
0.8657046
0.73515636
0.8650229
0.6494838
0.92177343
0.81326
0.8623928
0.85314775
0.87816185
0.8316485
0.68691367
0.8970515
0.9235303
0.891472
0.9682441
0.9422086
0.85008407
0.77764064
0.87974274
0.93143725
0.68783265
0.9198075
0.9166529
0.76343405
0.4980735
0.9245509
0.8164698
0.8916057
0.8136142
0.7818171
0.8950492
0.8897957
0.7454103
0.82245076
0.8768168
0.8748034
0.8463439
0.74647427
0.67839384
0.5801397
0.8568307
0.8740529
0.76083195
0.7030216
0.94199985
0.9658516
0.97839457
0.8118046
0.8717602
0.90125
0.972569
0.7719214
0.8034604
0.80780953
0.82192594
0.7077861
0.84868103
0.8679159
0.53588116
0.7141689
0.85707843
0.8635371
0.941092
0.87140816
0.8773993
0.94779074
0.96724856
0.7419506
0.6799358
0.6281281
0.64546967
0.6640322
0.529285
0.84803444
0.54134285
0.7235525
0.8916922
0.8539163
0.6731954
0.87272614
0.8457521
0.9453899
0.93248147
0.7943559
0.79764104
0.870204
0.73994935
0.8454952
0.8025801
0.6356159
0.82695276
0.77473
0.8977295
0.9298049
0.3373094
0.65135175
0.8724218
0.83422977
0.8055218
0.78269017
0.6606579
0.78521216
0.81620944
0.8270167
0.6653502
0.9054486
0.76871437
0.81750023
0.69862837
0.7946855
0.9208461
0.91229683
0.9015945
0.8414603
0.92787176
0.951771
0.9125497
0.9246956
0.7813294
0.82864475
0.5765302
0.90354407
0.67521757
0.8399072
0.81347215
0.89852554
0.93823403
0.6874375
0.8663739
0.6924568
0.98018336
0.8079646
0.9182515
0.8261547
0.93176377
0.8025965
0.8039946
0.9611866
0.82632226
0.8237214
0.83330834
0.86853373
0.8284639
0.8682601
0.909653
0.84312004
0.86784273
0.7930498
0.9522492
0.6961105
0.7178103
0.8193545
0.87238276
0.9704075
0.8740189
0.7879709
0.5671213
0.78761363
0.7206962
0.8430676
0.80029285
0.80925536
0.7621313
0.8266536
0.92949563
0.815079
0.7879273
0.9102489
0.73935646
0.86892956
0.7464419
0.76680005
0.85465366
0.8188139
0.9163685
0.8420041
0.9780313
0.8115287
0.80902094
0.72893935
0.8923825
0.9512001
0.55893904
0.83162737
0.69822985
0.7755257
0.7178106
0.82108724
0.8908775
0.92251754
0.8652477
0.7708993
0.93068105
0.78254867
0.9506736
0.7978236
0.7459962
0.81844187
0.7722499
0.71827173
0.90052557
0.7631568
0.62521183
0.95821047
0.8400559
0.87881166
0.67164123
0.75615805
0.85490614
0.80964345
0.90959597
0.822695
0.5178554
0.817029
0.8850328
0.81886035
0.8459661
0.8575174
0.64410377
0.866814
0.86692166
0.80028266
0.5878318
0.77749085
0.43679398
0.78414106
0.79589546
0.7868054
0.9307199
0.9391221
0.80906636
0.86676884
0.8822143
0.79685163
0.9041698
0.63047075
0.73262984
0.8469072
0.8618557
0.8968074
0.90833503
0.7702952
0.7241439
0.726005
0.8768195
0.87112
0.4875656
0.8862716
0.6598461
0.92403525
0.8237045
0.95078653
0.81620336
0.7440605
0.7008105
0.70695436
0.8487538
0.9509319
0.7071164
0.93408495
0.87117374
0.589757
0.8777594
0.7933088
0.8749972
0.7799261
0.7518624
0.7587541
0.8633149
0.8175626
0.78549033
0.8703092
0.71724117
0.66575164
0.8494917
0.70496595
0.7263015
0.89843893
0.77273285
0.71873975
0.85528433
0.82826513
0.75022674
0.79237545
0.97834563
0.8211285
0.79289675
0.7590856
0.853646
0.8812939
0.94536436
0.88170683
0.8460891
0.76914257
0.51019305
0.7725931
0.91421264
0.82535726
0.88482606
0.80310726
0.91200006
0.86266285
0.63572097
0.6471161
0.8151256
0.91206884
0.5229757
0.80433464
0.9180764
0.7837513
0.8266339
0.9187263
0.6163012
0.69510764
0.8728548
0.6461419
0.95218664
0.73256284
0.9184189
0.8146308
0.95465493
0.5015353
0.7332889
0.8415913
0.9156615
0.7258546
0.94554806
0.92069
0.8780019
0.8716229
0.8763246
0.90472746
0.90896404
0.948426
0.7342838
0.81667876
0.90041924
0.93169665
0.850622
0.77325875
0.5943916
0.7158117
0.8124693
0.7443411
0.8489859
0.90209734
0.93204886
0.90666735
0.7478895
0.77941483
0.6424909
0.8518196
0.72884333
0.8976598
0.91721714
0.8495772
0.6970093
0.7924208
0.8660103
0.80594456
0.91225183
0.7484726
0.7865453
0.7202943
0.6552324
0.71638614
0.6924
0.8805812
0.93208426
0.9135758
0.69584113
0.91210896
0.94204605
0.96351236
0.8076341
0.87375474
0.75371915
0.900463
0.9036134
0.9045912
0.679391
0.8377348
0.3515395
0.75756943
0.9156766
0.89940983
0.57862526
0.7946348
0.95134544
0.8024283
0.724459
0.73853266
0.83762246
0.7300931
0.9640998
0.7127441
0.88239473
0.747318
0.81624067
0.92327476
0.6570046
0.9325646
0.8058488
0.8318119
0.9146051
0.9420967
0.32145938
0.6980946
0.83032423
0.8075298
0.9454766
0.78969973
0.69158375
0.8134376
0.76544183
0.53309304
0.9277207
0.93285054
0.8809391
0.84833866
0.6758409
0.9706364
0.89559156
0.9441504
0.7214755
0.7697253
0.57679826
0.842829
0.88629603
0.73834485
0.9046616
0.80232537
0.69456285
0.8485421
0.71998495
0.87841505
0.7413495
0.78675014
0.8998963
0.8057745
0.9783696
0.9524575
0.7027892
0.8282286
0.5912833
0.69484985
0.83813584
0.9291245
0.7144364
0.8510129
0.66130006
0.87170637
0.68309987
0.6511406
0.9201788
0.7227592
0.6416174
0.69937456
0.82501715
0.8778982
0.85999036
0.5839653
0.76352084
0.9277978
0.9322077
0.8646582
0.6919313
0.6208863
0.5646362
0.9012403
0.74543834
0.9392731
0.87531364
0.84035575
0.5839727
0.79324275
0.90369344
0.88617593
0.90735114
0.82236993
0.92372406
0.8104311
0.98403454
0.5914717
0.7475651
0.87284994
0.8960699
0.92697805
0.8508361
0.9110651
0.9048969
0.73123515
0.6611385
0.8835843
0.9239036
0.33671123
0.70075333
0.6689979
0.88057774
0.7782006
0.85987735
0.9390434
0.7801356
0.8858066
0.9550235
0.637392
0.83986676
0.8632834
0.6837753
0.534493
0.51680684
0.6487368
0.8495605
0.43706787
0.6762641
0.8093722
0.7974167
0.89916956
0.74958485
0.84182733
0.8006281
0.93329346
0.89711404
0.8152436
0.7729739
0.69266635
0.94179076
0.7545846
0.6826717
0.75086004
0.84344286
0.8374544
0.78470683
0.78304565
0.5364467
0.73529696
0.70299155
0.6933523
0.78330785
0.77259135
0.57815945
0.7087278
0.938992
0.78074193
0.9235372
0.80528206
0.7812109
0.76506037
0.89840317
0.8073347
0.84213114
0.82017267
0.93134874
0.863449
0.8560493
0.87695646
0.878279
0.96366155
0.96736896
0.8723263
0.7875321
0.92425513
0.9355883
0.86151206
0.9315077
0.87650794
0.8050444
0.6820653
0.9049703
0.9331574
0.9603939
0.92746997
0.7740266
0.9058491
0.79407287
0.9448776
0.81203973
0.8688884
0.8406155
0.6939799
0.87641686
0.9041223
0.8564895
0.9425963
0.8602365
0.8901584
0.9275204
0.84484816
0.88635534
0.7321799
0.9789463
0.96918166
0.7334211
0.8427693
0.668902
0.944425
0.7602977
0.70742303
0.89730096
0.7796137
0.82995224
0.7035339
0.8010177
0.7237851
0.89929235
0.72692984
0.9558309
0.95762163
0.94644976
0.9549217
0.8513053
0.94592756
0.78627074
0.87263525
0.7339276
0.92450154
0.9412421
0.91237783
0.8937653
0.71478844
0.9490882
0.67005944
0.9543641
0.9683191
0.6792921
0.968758
0.8618133
0.71509606
0.7793263
0.86357546
0.8820056
0.8221552
0.9104745
0.5181262
0.9159881
0.7129609
0.94867057
0.7849438
0.821612
0.92128587
0.86297023
0.67729366
0.6734205
0.9505126
0.6895542
0.92403835
0.9183942
0.9303985
0.8165959
0.72409266
0.64617693
0.91748065
0.84486336
0.8729912
0.80581033
0.96112514
0.88810205
0.947328
0.9007748
0.8532072
0.7317107
0.81656367
0.82246935
0.8492688
0.6952751
0.79971963
0.7840042
0.73023725
0.7393341
0.83056986
0.79435766
0.8197958
0.8957983
0.6610754
0.8730896
0.7512658
0.7977984
0.818896
0.68869495
0.8122773
0.7618752
0.7142341
0.8579217
0.96566397
0.9376825
0.60147065
0.9060727
0.8461981
0.5360809
0.79320145
0.92996216
0.75716764
0.8323394
0.6540992
0.61184025
0.8266551
0.73596805
0.78574586
0.6117168
0.8265041
0.8678933
0.70961124
0.9143876
0.78553545
0.8871376
0.96679527
0.9346941
0.80564094
0.88322955
0.91085184
0.90262717
0.7814672
0.5478849
0.82180566
0.749327
0.9256642
0.8714214
0.8400812
0.82409614
0.76861787
0.94732726
0.80766714
0.8649982
0.944148
0.92735493
0.79815245
0.9193633
0.8523004
0.67644626
0.94216174
0.9173632
0.66141415
0.63822937
0.7778572
0.77897924
0.8484972
0.8654783
0.9690865
0.85604537
0.8693966
0.87997997
0.90907705
0.81296235
0.51897955
0.9340092
0.79617465
0.662662
0.5347404
0.8048734
0.8996062
0.6022309
0.64712405
0.7999627
0.70778495
0.9252964
0.8064717
0.6929444
0.64303637
0.7589326
0.85896623
0.52984595
0.7220714
0.56555665
0.9181215
0.7909212
0.8203804
0.9723819
0.91097987
0.7456371
0.7343638
0.9587764
0.9070809
0.74022394
0.67023003
0.7861184
0.82043934
0.79133874
0.467169
0.942618
0.8006233
0.8628215
0.8661994
0.96290165
0.9388987
0.8354112
0.8088314
0.94716245
0.8371736
0.90364254
0.8923346
0.9606565
0.87225765
0.8145816
0.72219443
0.79870725
0.892444
0.90765166
0.8437658
0.89580584
0.85016423
0.93699545
0.8809673
0.76941913
0.8785989
0.53261036
0.7876711
0.9194978
0.8462008
0.90629655
0.8225763
0.90021163
0.93466276
0.7062187
0.83265847
0.93657124
0.80980843
0.93852943
0.66939807
0.9222569
0.6505656
0.94099474
0.92682344
0.91370755
0.49160543
0.89189076
0.5651543
0.8956007
0.79584306
0.94044554
0.9284086
0.7491702
0.9305458
0.7995225
0.90628237
0.9841137
0.86139715
0.38117313
0.7882598
0.8312602
0.9213334
0.8473058
0.712942
0.89361537
0.8749147
0.7059719
0.8522026
0.8536312
0.6610293
0.9542353
0.89119273
0.85701686
0.63422287
0.8290584
0.8010022
0.7899911
0.78843427
0.34945375
0.78224826
0.74564207
0.9028331
0.7411964
0.7868969
0.6588695
0.80079144
0.9198246
0.79716855
0.83815205
0.85274917
0.90443474
0.7509612
0.68389714
0.8767259
0.9514706
0.9437473
0.8415574
0.8409231
0.7527054
0.79324687
0.9408473
0.77508795
0.85993177
0.7992847
0.972597
0.72560734
0.85490257
0.8791431
0.73670405
0.7036887
0.6336935
0.91118807
0.8519824
0.5829562
0.86607355
0.86215925
0.5835173
0.6560708
0.9125276
0.7561722
0.8060403
0.96733946
0.72010815
0.79133844
0.93780875
0.88321424
0.7200116
0.9241946
0.7661665
0.6779002
0.9313836
0.88102025
0.7950913
0.8435153
0.85467404
0.7279716
0.6741604
0.8577087
0.86066085
0.6951952
0.8964959
0.58461154
0.90638804
0.7965537
0.70207417
0.8719158
0.89489114
0.7589037
0.93959296
0.8822728
0.7880478
0.83509034
0.7648836
0.745658
0.6065446
0.75153756
0.92899925
0.8818785
0.4387061
0.79902494
0.70381457
0.6160032
0.8896443
0.85405266
0.7815634
0.78693455
0.9520823
0.7960362
0.9164928
0.9265454
0.7334668
0.44781065
0.82464266
0.72381884
0.7639067
0.61067176
0.7437161
0.7509164
0.8347596
0.8846957
0.81110215
0.6267566
0.8677698
0.7974994
0.9282862
0.88549316
0.6360958
0.5868743
0.94976413
0.93295074
0.9032283
0.8192906
0.939319
0.4651748
0.91451305
0.81724286
0.92313755
0.7647639
0.93528277
0.79796374
0.870557
0.9300326
0.65646553
0.9132513
0.776918
0.7574881
0.88521504
0.7972836
0.5835185
0.73508036
0.95144296
0.7837979
0.72775984
0.7903507
0.9159546
0.90876615
0.8810918
0.8249119
0.6860412
0.6320675
0.7914705
0.907768
0.812856
0.820525
0.9315361
0.8624564
0.7272747
0.6897296
0.83367753
0.66535234
0.9350719
0.83249235
0.92093945
0.8320837
0.8104642
0.76356584
0.7855413
0.79890525
0.7085918
0.87015533
0.6887991
0.82774466
0.38954133
0.8733678
0.8377574
0.7766573
0.8506347
0.2961372
0.9311267
0.76024264
0.84693736
0.8023022
0.9345855
0.8316227
0.8722794
0.7177333
0.889148
0.80388737
0.07815643
0.8108634
0.814726
0.7759112
0.8016624
0.6845678
0.9541092
0.8881427
0.9321157
0.8018731
0.7483692
0.75828743
0.6744832
0.94577116
0.50833035
0.79542947
0.82020247
0.79375905
0.8233313
0.6648774
0.7621
0.77044934
0.67709124
0.71160233
0.6193367
0.9060221
0.9032426
0.7871689
0.9102545
0.88815033
0.9135505
0.8714019
0.9317473
0.7925724
0.96151793
0.9021811
0.8413943
0.79858905
0.86150515
0.6810277
0.65197
0.8107654
0.8876687
0.9359498
0.841395
0.7367184
0.8299035
0.9066401
0.9105304
0.6774228
0.9119297
0.90326685
0.96241343
0.7872255
0.8023271
0.7745128
0.966558
0.82685536
0.81396383
0.8801948
0.95724213
0.8799536
0.78233635
0.91466475
0.80716133
0.9220672
0.93948054
0.9028994
0.5084725
0.82402825
0.82378936
0.9305543
0.8961908
0.892608
0.8445541
0.79566634
0.896117
0.6753283
0.7961385
0.84277135
0.954735
0.87390065
0.61659753
0.7090129
0.8451738
0.8572082
0.9621189
0.82663137
0.9145832
0.85266846
0.86778057
0.7276578
0.7962738
0.8396865
0.6061475
0.92399925
0.9085358
0.8995308
0.6853961
0.87995815
0.5674811
0.59220755
0.83037627
0.84533906
0.63271356
0.7808784
0.7350102
0.8461951
0.9618059
0.68053025
0.8431755
0.87868255
0.74997824
0.8232153
0.96842784
0.87288713
0.9466596
0.7361302
0.7384197
0.730937
0.86674047
0.9118355
0.8169749
0.777242
0.8399254
0.5991734
0.9561596
0.88479066
0.6107668
0.8845222
0.81030464
0.67378235
0.93519837
0.7636428
0.55941963
0.82961196
0.60270965
0.865685
0.816878
0.66579056
0.7940072
0.77643675
0.9552336
0.8865113
0.7989565
0.9011327
0.39377636
0.6569365
0.9224922
0.9533309
0.9510018
0.5186937
0.8564442
0.9030607
0.8391106
0.8011348
0.9051588
0.88837457
0.54224324
0.768794
0.74972355
0.8017273
0.7949941
0.88794535
0.71582633
0.88187915
0.58543724
0.816183
0.9530095
0.92928
0.8068746
0.7381042
0.7477354
0.7855753
0.59772193
0.8753725
0.87566817
0.73254627
0.48611778
0.7634392
0.6564659
0.56747705
0.5911964
0.8194252
0.6496994
0.50022066
0.8574363
0.84544206
0.5303101
0.8657697
0.7824719
0.956636
0.68845904
0.885236
0.7927003
0.7991
0.7883161
0.7937199
0.7725859
0.89694095
0.95622665
0.7314322
0.89746714
0.6729432
0.8263301
0.9227297
0.93017447
0.8318384
0.94828486
0.9070757
0.5252334
0.86503756
0.89339197
0.8936334
0.90040416
0.6264119
0.7087421
0.692243
0.8867929
0.8369781
0.44083345
0.66532105
0.8892526
0.75047386
0.6222648
0.8930929
0.9169241
0.68412566
0.4804966
0.73823595
0.83429295
0.8931537
0.77739674
0.7915361
0.5532503
0.97618115
0.74414015
0.84907925
0.7975585
0.8633504
0.88598835
0.9693527
0.77027655
0.8700032
0.8626293
0.85682803
0.9222968
0.7625891
0.8219638
0.86720043
0.87911236
0.78827906
0.66338795
0.84125257
0.894297
0.729147
0.83927447
0.9562619
0.63499707
0.84164184
0.8029292
0.87939745
0.91523534
0.77233803
0.89252704
0.7482564
0.8464543
0.63742596
0.8905148
0.80361307
0.84865165
0.8347126
0.9414705
0.7768095
0.69546413
0.89332116
0.6571901
0.92721164
0.7674491
0.7861221
0.87455624
0.85970455
0.9016755
0.93783087
0.87967193
0.7323473
0.9110451
0.7508019
0.85251355
0.8169324
0.29900938
0.8883103
0.74654096
0.8262225
0.7774447
0.9014464
0.8290021
0.8883241
0.80287397
0.9534054
0.8497129
0.76211685
0.62758684
0.7624483
0.8197725
0.7588922
0.12067333
0.81335646
0.8600067
0.93838453
0.9342874
0.59563947
0.62944144
0.8274275
0.8806576
0.9427019
0.49680206
0.9165935
0.78752565
0.829486
0.9514502
0.9058313
0.78385466
0.80466676
0.45509106
0.8281348
0.8220149
0.8639289
0.71960545
0.8886181
0.6102605
0.6181726
0.8627817
0.96019113
0.91598785
0.92392284
0.88438493
0.38372028
0.74261665
0.6617203
0.6838908
0.96112275
0.63182354
0.9523467
0.87672895
0.63275427
0.8334608
0.7373415
0.90707725
0.7859202
0.93584704
0.79776716
0.96456546
0.8841468
0.54505175
0.7679934
0.76675314
0.7597345
0.801082
0.57600653
0.8507721
0.8467008
0.86017954
0.953668
0.7976609
0.67176926
0.88793886
0.88940907
0.5863954
0.8002543
0.8061329
0.8163903
0.73750615
0.93350935
0.96652615
0.58913094
0.43116271
0.8974333
0.90186083
0.8909673
0.91724
0.6284167
0.7442741
0.8555801
0.8225068
0.8793807
0.97435606
0.677673
0.95570964
0.8692068
0.74406517
0.70930916
0.949539
0.830959
0.7959497
0.87222326
0.93443555
0.8297307
0.90670484
0.8937725
0.7331528
0.94602406
0.6341029
0.6710402
0.6653475
0.43936667
0.96046376
0.85168546
0.6321764
0.9512302
0.7957802
0.9446682
0.8669354
0.9615113
0.8151374
0.8009593
0.9355525
0.72624254
0.800525
0.88857716
0.9699509
0.9613984
0.56697613
0.9310636
0.8586189
0.9104884
0.7843771
0.96067697
0.9113342
0.87439156
0.77028424
0.9197814
0.7362462
0.89394695
0.8085654
0.84394705
0.8648752
0.9144995
0.7853423
0.88643444
0.7639595
0.8690329
0.8281802
0.9469556
0.80714244
0.9757513
0.87625
0.8436092
0.7700806
0.7526016
0.87295425
0.8533969
0.96331036
0.91003275
0.9470544
0.64261705
0.82674915
0.9062867
0.84376085
0.87765616
0.9309221
0.9656296
0.7252475
0.92729264
0.83012706
0.8135936
0.85741115
0.814407
0.4905308
0.80683005
0.8180931
0.9262698
0.7396531
0.82881236
0.6039666
0.89804363
0.7675642
0.90375584
0.79405975
0.8996576
0.96693677
0.8579781
0.82898945
0.69168305
0.9141464
0.69169825
0.68491286
0.9015856
0.649207
0.6650372
0.81541955
0.89321417
0.932461
0.95433784
0.4909206
0.6442522
0.8216508
0.74594724
0.8919982
0.88563186
0.86448586
0.8271403
0.7529233
0.91219926
0.98364305
0.8072863
0.9449329
0.6338653
0.694587
0.6871083
0.68119067
0.7566465
0.563007
0.88378423
0.96039337
0.8619991
0.76357746
0.742859
0.8797993
0.8212359
0.812876
0.8853735
0.8527953
0.83027744
0.79498476
0.8013406
0.8318219
0.9416581
0.8655446
0.94599986
0.7324109
0.9363281
0.65763664
0.85545325
0.9278023
0.9574253
0.8247282
0.9233621
0.8783358
0.76572955
0.8482507
0.83219045
0.8766992
0.6911465
0.41210583
0.8086666
0.82318324
0.85643834
0.82560194
0.56239545
0.8694852
0.84555215
0.6104748
0.6843137
0.879652
0.5270386
0.7986932
0.46514958
0.9427768
0.8699106
0.6896212
0.9240305
0.7878173
0.9541198
0.9771189
0.5019486
0.5859094
0.8100973
0.8341411
0.5819841
0.9646416
0.7708397
0.78853303
0.77398354
0.959433
0.5773922
0.9245606
0.70635104
0.9452057
0.8477603
0.8054684
0.8201913
0.8948206
0.76704705
0.50502086
0.890396
0.75410926
0.66144353
0.72787756
0.7211541
0.847549
0.87695354
0.80362594
0.63194555
0.77870697
0.8444895
0.9010329
0.66399753
0.5011005
0.7775358
0.8645934
0.5502688
0.9564375
0.897186
0.8729481
0.7415921
0.80235755
0.48994932
0.42995027
0.83867
0.90884745
0.8218219
0.73640704
0.67930436
0.9084134
0.85764307
0.8331181
0.76498353
0.62034374
0.7424861
0.6421796
0.6263406
0.8465204
0.87891227
0.9703037
0.6467744
0.67902076
0.82020116
0.89641553
0.9359895
0.86980295
0.90431327
0.7303778
0.85701764
0.734292
0.71546704
0.80136657
0.55281115
0.94864255
0.7586421
0.52417326
0.70930696
0.8812621
0.87017024
0.8918419
0.81863296
0.5816594
0.7069569
0.9159944
0.78565645
0.85066307
0.86531925
0.80068874
0.972361
0.8164408
0.85156476
0.8667951
0.9230002
0.9799823
0.8965535
0.87588346
0.86518186
0.8723991
0.82109976
0.9618526
0.8748697
0.8866822
0.5743083
0.8776841
0.6239558
0.67617667
0.71848154
0.92093164
0.6982301
0.7215679
0.8791857
0.8505405
0.760502
0.8994411
0.7952653
0.84767056
0.85374874
0.67105156
0.81966734
0.8032626
0.6987442
0.89384264
0.94563234
0.954005
0.6504423
0.76530623
0.6868639
0.85928404
0.7780864
0.81124705
0.8547131
0.7093437
0.91688126
0.9803452
0.90935063
0.6650766
0.82697713
0.78972036
0.8125448
0.8213092
0.81778127
0.80995643
0.6032996
0.89600897
0.8603851
0.93105674
0.7445203
0.7767308
0.9194832
0.36534885
0.892592
0.8090797
0.89950013
0.75644875
0.89515805
0.7326476
0.8196425
0.8842355
0.69801646
0.81825113
0.9401631
0.6112863
0.8591428
0.9494105
0.5664566
0.82122266
0.7202702
0.8894856
0.8530308
0.58063704
0.86629635
0.9771541
0.61553603
0.8991091
0.82814384
0.8121144
0.8160772
0.84159863
0.72509104
0.8164425
0.85716885
0.8300229
0.82979083
0.9567422
0.65080565
0.837095
0.8530018
0.79462534
0.8772776
0.8897637
0.9283705
0.91046387
0.6464015
0.85164285
0.39724404
0.7044001
0.88168395
0.8524343
0.90039855
0.88293606
0.5689393
0.7562014
0.8501218
0.82421565
0.77962923
0.85291576
0.8158576
0.5341919
0.8591748
0.9142705
0.84953177
0.8812908
0.9317378
0.7205743
0.803198
0.9139454
0.69336265
0.6346243
0.61718297
0.70528305
0.8673164
0.8012117
0.90725154
0.5785219
0.891978
0.55557394
0.72900623
0.9351505
0.8668428
0.6364433
0.86761796
0.85506374
0.8884883
0.94177204
0.9628594
0.7648459
0.8850938
0.67866606
0.8161937
0.6909313
0.9513337
0.9675578
0.79340845
0.8745324
0.7474892
0.9258901
0.7220198
0.60497177
0.90806437
0.7278581
0.79491293
0.73070073
0.628555
0.6671865
0.8314263
0.8410817
0.78930354
0.9347952
0.55115056
0.691623
0.6238519
0.8803808
0.8996027
0.9413504
0.603696
0.9512057
0.7590167
0.8614086
0.67505354
0.98118067
0.91343004
0.8614083
0.88774604
0.9265367
0.8775064
0.9343934
0.62201685
0.8786659
0.94269633
0.92934257
0.68250597
0.5987989
0.84331125
0.8825915
0.72277814
0.6443864
0.7275127
0.33246487
0.9099703
0.91571665
0.86334985
0.71361214
0.93156415
0.79575586
0.8145541
0.94914067
0.9325359
0.6026781
0.7900311
0.6897551
0.7445929
0.8492913
0.8964716
0.55842876
0.81789774
0.47328457
0.80874527
0.8518634
0.70185906
0.8356172
0.4681686
0.8447915
0.90602094
0.7042758
0.674703
0.89751965
0.7279545
0.9386246
0.8963711
0.8145871
0.929469
0.8411019
0.64802206
0.6568403
0.8975019
0.94804144
0.8228444
0.8457778
0.8831396
0.84264773
0.81142586
0.9053112
0.49023345
0.7695321
0.94622177
0.61292744
0.8838256
0.90756863
0.89498025
0.7239235
0.6961651
0.73673695
0.70298165
0.8198474
0.79564273
0.944733
0.79572475
0.8708191
0.7977817
0.6790033
0.79764736
0.898773
0.68265873
0.9476336
0.95279324
0.7541329
0.82972944
0.73185307
0.9523722
0.8540784
0.8191074
0.90134597
0.49244416
0.8333111
0.8964491
0.76447654
0.78007746
0.6691338
0.89010143
0.6605675
0.6950879
0.8599371
0.8584421
0.8107233
0.7555046
0.9379608
0.8291993
0.9813386
0.92377007
0.65817523
0.94605774
0.89831275
0.8761297
0.8696931
0.8625972
0.7322231
0.9381081
0.88098496
0.9258424
0.8525456
0.6436554
0.6683248
0.86391115
0.7250148
0.91257536
0.817239
0.8893717
0.9530551
0.7749409
0.7686569
0.9408688
0.88509446
0.88098633
0.89005935
0.848378
0.8808598
0.86739117
0.74790806
0.736295
0.9152259
0.8624077
0.5956608
0.80956876
0.89158124
0.8656025
0.7359148
0.89037645
0.92120063
0.94567204
0.7551909
0.95110023
0.7896066
0.8823873
0.8532473
0.80349535
0.82217354
0.757564
0.7041385
0.9291595
0.7096679
0.815003
0.9392759
0.68853843
0.82865715
0.79172254
0.94627523
0.8570277
0.7614181
0.7112011
0.88893837
0.84357077
0.86193407
0.7199984
0.7912001
0.7478908
0.81196177
0.8634251
0.8808823
0.7646586
0.5938695
0.952963
0.7265974
0.836829
0.86820877
0.80250764
0.8767346
0.5866972
0.9035305
0.8554875
0.9724517
0.9710743
0.6598145
0.55749696
0.9317355
0.9289166
0.86459816
0.94860554
0.8911071
0.82610774
0.978096
0.7049767
0.91028625
0.7240697
0.7100284
0.8260091
0.6460153
0.8644986
0.977868
0.8038273
0.77441347
0.9052859
0.689999
0.83198786
0.5498422
0.885263
0.8189491
0.90880483
0.8430199
0.7270763
0.81377196
0.72755545
0.96023214
0.5380726
0.8475451
0.73122776
0.72031015
0.8724242
0.89413327
0.9285292
0.78586245
0.5739987
0.89817595
0.6804297
0.7936282
0.90028405
0.621461
0.6734832
0.78601414
0.7141734
0.61456287
0.7519204
0.94436145
0.90377605
0.79879534
0.82024074
0.8133118
0.93939394
0.7080461
0.9234539
0.9251207
0.766201
0.8417091
0.79939663
0.61835635
0.46135274
0.8710482
0.743461
0.72471625
0.8100689
0.83194804
0.91116863
0.76678765
0.7482357
0.9280938
0.64731026
0.87668484
0.6537283
0.59941137
0.87825704
0.8644972
0.8816181
0.942783
0.75224847
0.83798903
0.48158383
0.9591691
0.75492245
0.7473479
0.71109205
0.91882277
0.9145823
0.7902779
0.9532944
0.87996924
0.8111906
0.53876144
0.96651137
0.23599823
0.5129984
0.8413612
0.77995896
0.5424435
0.7494103
0.91255736
0.8877782
0.8305296
0.92059016
0.92162806
0.6190843
0.41207072
0.6741617
0.67976975
0.92107016
0.6607299
0.7670609
0.73085093
0.90163696
0.9582932
0.9694918
0.8775403
0.79231495
0.80711627
0.94725126
0.8133321
0.9464621
0.8323628
0.88350147
0.8644888
0.8043911
0.8371827
0.76604766
0.62905395
0.8241836
0.7909962
0.9251604
0.7972967
0.66391015
0.9011313
0.61521107
0.79336745
0.9068197
0.7639672
0.8722043
0.8630502
0.9471854
0.75875145
0.89869845
0.93339056
0.9395788
0.766605
0.914159
0.4600311
0.8719118
0.6738826
0.6505511
0.6681431
0.68720603
0.7491906
0.6890999
0.78474116
0.80313873
0.93279934
0.9330903
0.8191807
0.6994752
0.8111293
0.68204826
0.9690714
0.96515536
0.5863457
0.9518255
0.57890445
0.9593414
0.9538422
0.910814
0.9303716
0.7670253
0.80250543
0.7915449
0.4638515
0.8813657
0.72478455
0.83382857
0.6218065
0.7587104
0.3455018
0.9321853
0.8185285
0.91580516
0.96467674
0.8216855
0.8825021
0.93777776
0.73246366
0.8828148
0.90193117
0.9117883
0.8576406
0.63456726
0.9314432
0.85011494
0.81361395
0.81801784
0.72841644
0.9044248
0.81004053
0.7475698
0.7334361
0.7954549
0.8923456
0.59744304
0.92401725
0.9205239
0.79308796
0.7950198
0.8111674
0.8051339
0.9170268
0.8495358
0.7256581
0.9173834
0.9085824
0.85902774
0.87436277
0.4968255
0.8846446
0.73447335
0.67198795
0.9608131
0.8089361
0.84284264
0.85089064
0.9042141
0.9008067
0.8190844
0.7980784
0.85732865
0.93130016
0.80393076
0.96016306
0.78053796
0.8369552
0.90735286
0.86294776
0.8096271
0.621967
0.91107464
0.6637145
0.955395
0.9196227
0.62561345
0.7489685
0.7037674
0.87888753
0.79033417
0.8387062
0.73948926
0.53076935
0.74182063
0.96794736
0.87532973
0.72480315
0.83061075
0.9360876
0.9208884
0.7060096
0.9247775
0.47557056
0.63649297
0.822978
0.89413035
0.95653886
0.59207356
0.70112664
0.9457704
0.96258247
0.8390509
0.77717185
0.9015691
0.475341
0.89014995
0.9183933
0.85791653
0.6558993
0.7489761
0.4449055
0.8995503
0.6905321
0.80338514
0.6971929
0.542547
0.8322803
0.7564085
0.8266017
0.8375131
0.63896155
0.9155864
0.8699875
0.8929136
0.90286356
0.8384665
0.82341135
0.924794
0.80173105
0.8301161
0.96209735
0.9341868
0.92313886
0.750258
0.6065208
0.8648286
0.95819926
0.8082008
0.7450716
0.80232316
0.8374006
0.87421304
0.8473246
0.8580871
0.9261371
0.9171033
0.9764519
0.86237097
0.97563195
0.93137234
0.88434273
0.8212567
0.8370186
0.85182667
0.87054634
0.9590054
0.84264076
0.7926539
0.83900625
0.9367509
0.68627495
0.86542934
0.8208672
0.9444329
0.9339913
0.96982765
0.9556048
0.81587607
0.7075651
0.85275483
0.8746646
0.91963017
0.8101169
0.90853316
0.93453175
0.9502024
0.6832825
0.8422904
0.6709362
0.7406285
0.77064645
0.7980203
0.712267
0.7964994
0.69617736
0.7845236
0.71502507
0.9150445
0.951939
0.96104705
0.88133186
0.9088571
0.7630762
0.8520908
0.78658634
0.7455135
0.9034654
0.92738664
0.90900934
0.884487
0.964837
0.7920561
0.97181845
0.8076265
0.77636737
0.82367504
0.74962616
0.29498455
0.8313177
0.8284905
0.54196095
0.85883707
0.900375
0.7534285
0.85664064
0.7771191
0.8862918
0.8666412
0.8269705
0.6635493
0.8708055
0.9285765
0.79271704
0.6144401
0.5339771
0.8329594
0.47546366
0.66124326
0.45571107
0.7793287
0.9293456
0.8971639
0.85559094
0.73153543
0.97772396
0.63856703
0.7667696
0.86349875
0.85872495
0.8092258
0.91426617
0.95457834
0.6873363
0.7893869
0.92534584
0.880681
0.75216717
0.89936924
0.7074434
0.8402871
0.9377483
0.809973
0.94703186
0.9012246
0.72900957
0.9158436
0.78533816
0.24003372
0.86139095
0.7581732
0.9356383
0.89841944
0.84942335
0.7348418
0.7226749
0.8862071
0.9350303
0.96168774
0.89573383
0.88163567
0.867503
0.95006526
0.835938
0.9303641
0.6948186
0.8533772
0.8667029
0.97075224
0.8358925
0.8323691
0.814849
0.68954015
0.88139635
0.69272864
0.9225252
0.9556311
0.6599006
0.8584057
0.62085444
0.8704622
0.83763194
0.7332017
0.8710071
0.94346106
0.9333852
0.92085713
0.88599694
0.8972773
0.8275213
0.7672805
0.90077853
0.8854313
0.56378484
0.9087993
0.68595344
0.89967114
0.9582414
0.655836
0.8429539
0.91225314
0.97496676
0.62551486
0.6182902
0.7363705
0.71570796
0.69804966
0.8468456
0.8125896
0.39087242
0.797605
0.8710074
0.9420271
0.6136239
0.91602993
0.7752615
0.8029313
0.8054656
0.8158109
0.84193635
0.8438087
0.9436095
0.96611995
0.8155343
0.8312835
0.8409306
0.71542394
0.9293823
0.7210558
0.9641687
0.80997396
0.9312962
0.95197916
0.9139735
0.6706619
0.73638076
0.49439335
0.9253907
0.651689
0.83852804
0.86861134
0.7237662
0.8343688
0.80791706
0.7864351
0.96961427
0.92029196
0.8498702
0.89097416
0.89374804
0.8950811
0.6958136
0.9485976
0.76271546
0.76478994
0.75691396
0.7850994
0.9009742
0.8944763
0.7725063
0.9121672
0.8460408
0.86079395
0.9398507
0.9430728
0.6825462
0.9193713
0.91392
0.82479095
0.8589123
0.6338513
0.8733967
0.5460675
0.9099214
0.9502456
0.89341486
0.88143134
0.6260207
0.8618778
0.76574093
0.8730777
0.45340252
0.8984837
0.6427308
0.7279664
0.7059736
0.817748
0.8713502
0.39490265
0.8490928
0.8348859
0.63794947
0.9001681
0.8884238
0.9055246
0.78025174
0.90007865
0.8123536
0.8424548
0.86244357
0.8226663
0.63796157
0.8715841
0.91927195
0.8372331
0.9408041
0.8698779
0.88165736
0.86627823
0.89159507
0.9411088
0.9333395
0.88873476
0.7743678
0.94704765
0.77365094
0.92383933
0.91413873
0.9272097
0.68885255
0.8922558
0.86132795
0.9131038
0.93364817
0.9143934
0.92622435
0.82576376
0.8134123
0.85798126
0.8115773
0.88635087
0.96049213
0.68403643
0.5136208
0.95785105
0.8263044
0.8814825
0.64584196
0.89503914
0.87562615
0.74629474
0.88449377
0.60567856
0.7902707
0.72549313
0.73678434
0.85921884
0.9231794
0.9118697
0.97302663
0.7787627
0.6330574
0.89549845
0.81010306
0.614923
0.78667414
0.6759533
0.8457023
0.88910395
0.7106674
0.8830904
0.82976997
0.7880969
0.8476836
0.9315579
0.7159074
0.7751082
0.62883425
0.8315326
0.903745
0.9435477
0.96970147
0.4737478
0.9488108
0.8614925
0.5211899
0.76167035
0.7202222
0.79311967
0.6686406
0.7156942
0.9355942
0.91562736
0.8989715
0.7614745
0.92420137
0.8623787
0.7201768
0.9317523
0.8031946
0.6648835
0.8570949
0.8454564
0.8718162
0.8302274
0.7090849
0.92336416
0.77694356
0.81606466
0.85761654
0.9335788
0.6834194
0.927603
0.72759
0.9181629
0.9008391
0.6545315
0.88194036
0.85731447
0.9610496
0.6555766
0.82765776
0.92354393
0.94198966
0.39446396
0.8110221
0.78047526
0.83964086
0.8851623
0.52219206
0.83457893
0.7287122
0.834942
0.89583063
0.93435705
0.96574914
0.82089484
0.57845986
0.9035184
0.7995647
0.92806095
0.81530017
0.8556601
0.79981816
0.8204531
0.80079216
0.76611
0.58224595
0.8244248
0.739977
0.61496943
0.9264863
0.9457614
0.9124863
0.84779775
0.9764348
0.8136288
0.82567793
0.78321594
0.40080985
0.66454566
0.96057844
0.7165694
0.7967492
0.7232238
0.8756153
0.90538156
0.9114888
0.9100989
0.87830555
0.9156001
0.9105669
0.9197195
0.85194916
0.676427
0.73849535
0.94394267
0.72007656
0.6229087
0.9640374
0.9108819
0.8807853
0.946027
0.5691593
0.6864441
0.9184599
0.7970359
0.7826698
0.54806066
0.9694411
0.86746097
0.80508804
0.7944608
0.7083292
0.91983306
0.912905
0.8631008
0.71973103
0.8690664
0.7573348
0.82113165
0.9510646
0.89915156
0.7563882
0.8845145
0.9503814
0.90761596
0.67432123
0.8820371
0.86349475
0.8379623
0.7042495
0.7957325
0.7917713
0.75077343
0.83736855
0.26962423
0.6944715
0.68552184
0.9343661
0.92842424
0.7979802
0.84176075
0.5332306
0.71886516
0.7984467
0.90811753
0.41632846
0.86680406
0.9320503
0.83945155
0.5790846
0.928164
0.8429318
0.76957417
0.9384182
0.8296366
0.943939
0.8320182
0.6204389
0.896104
0.9004172
0.7925623
0.9415429
0.9548112
0.7878984
0.725426
0.86290795
0.70252186
0.9540789
0.84503883
0.70745903
0.674737
0.9505311
0.7176904
0.71604806
0.9371667
0.9232673
0.80665857
0.49342188
0.8923483
0.7250607
0.9064544
0.9780914
0.869461
0.30952847
0.83684576
0.8868813
0.68726975
0.72242224
0.95553875
0.93585813
0.854996
0.73511523
0.9089153
0.6223385
0.8806776
0.76428956
0.78674996
0.93092895
0.848066
0.87271947
0.88780737
0.7265233
0.91798055
0.4221998
0.62668514
0.91059333
0.70539653
0.8183492
0.9453479
0.64113766
0.89460397
0.90041316
0.81139505
0.8961181
0.9095317
0.9189271
0.8026619
0.88446295
0.7495025
0.8319094
0.7416395
0.79417634
0.74606836
0.70159644
0.82907313
0.71900886
0.8085975
0.7516899
0.77744603
0.8966696
0.767271
0.9198595
0.9525946
0.8350201
0.9205799
0.63129073
0.90169173
0.35479876
0.9024819
0.4065682
0.8858591
0.85336685
0.89107144
0.9216693
0.7641585
0.87464714
0.96264887
0.8980182
0.7599861
0.88087356
0.7908293
0.97124624
0.9512954
0.7750779
0.75128984
0.845957
0.6096964
0.6758609
0.891177
0.882118
0.8428933
0.7383752
0.7521983
0.7088379
0.8846475
0.7490314
0.85639846
0.8206959
0.91215867
0.95793915
0.67572534
0.94563246
0.9275844
0.7308208
0.96938145
0.6381373
0.90420806
0.7572251
0.45295513
0.5502266
0.8787903
0.8952652
0.7814629
0.9397559
0.768538
0.7674256
0.7474099
0.6870891
0.91467756
0.8856604
0.89361054
0.6451879
0.5089153
0.9278357
0.89886373
0.80340487
0.8151212
0.8359446
0.9266457
0.74220335
0.75218004
0.8264621
0.9553112
0.737396
0.79133
0.87920845
0.8884517
0.89384
0.6575223
0.93520457
0.7648196
0.64155936
0.74087256
0.94683826
0.88722336
0.89102226
0.86214554
0.7959991
0.89515704
0.9186538
0.9417734
0.87969166
0.67312384
0.70483375
0.82423604
0.9558727
0.73821616
0.8324389
0.7269511
0.75372016
0.8911721
0.6783817
0.92875403
0.6181713
0.8635639
0.8938676
0.86392903
0.84180295
0.7215461
0.91169274
0.70788574
0.8542105
0.87472963
0.6525215
0.6554212
0.6264025
0.8854562
0.7572629
0.8414949
0.88073075
0.6786478
0.66396916
0.68897676
0.92262113
0.7901333
0.8501722
0.7630354
0.8441273
0.86401045
0.7877024
0.9220135
0.5076772
0.9480941
0.90359724
0.80032265
0.96379304
0.7285815
0.8657025
0.5795611
0.4689784
0.8698838
0.87912405
0.9087032
0.706098
0.9287272
0.7509379
0.7104353
0.41780263
0.8235166
0.92942494
0.7403969
0.95691276
0.8125669
0.9431267
0.8499672
0.92200756
0.8119798
0.50668657
0.82284
0.94562113
0.9433601
0.85199034
0.7702743
0.52592224
0.73113495
0.8233328
0.68152213
0.88442916
0.78239954
0.866484
0.81779003
0.8038015
0.6650762
0.73288363
0.91737634
0.90721035
0.76273155
0.92924356
0.79603726
0.8032763
0.95290315
0.91477734
0.8868828
0.91974324
0.82041585
0.7984803
0.7584535
0.7255677
0.7784429
0.76216614
0.57556593
0.8729973
0.85545146
0.7666821
0.7702087
0.9209442
0.8127308
0.75183856
0.9531948
0.85797125
0.5275358
0.6995711
0.93753815
0.6513051
0.84729207
0.84431237
0.94125545
0.91135937
0.7522085
0.8368064
0.9033072
0.92300886
0.89945203
0.80563796
0.92631865
0.84812766
0.91499263
0.75736356
0.95155996
0.76398486
0.9032917
0.890726
0.64546424
0.91626567
0.7385306
0.6277893
0.79672515
0.8366842
0.9745366
0.918139
0.7608429
0.4316073
0.7193928
0.60868
0.7243725
0.7442896
0.8508303
0.7322049
0.8641639
0.7944832
0.9133095
0.86320126
0.654141
0.47829202
0.8679968
0.8855185
0.9583098
0.90650916
0.82374805
0.78653795
0.65043014
0.8327445
0.7298909
0.849952
0.8821573
0.91352975
0.94055367
0.8090425
0.4352557
0.60571975
0.7696377
0.95862854
0.7631816
0.70082164
0.83088374
0.63778985
0.8502375
0.4767232
0.8660913
0.82428694
0.75036925
0.8365965
0.81438714
0.8579292
0.38699722
0.8290139
0.9292785
0.93721354
0.88219726
0.93549615
0.8287118
0.75206393
0.62409765
0.9668249
0.8015011
0.70240366
0.90862274
0.85551965
0.7885413
0.68381023
0.7037684
0.7270948
0.5730807
0.8245026
0.8183604
0.7844558
0.80192876
0.8104671
0.9664112
0.8853188
0.8664108
0.8613921
0.7866696
0.8950777
0.9759423
0.7714549
0.6962795
0.7254409
0.8738949
0.94096744
0.7757791
0.8053069
0.94841456
0.8999838
0.81762105
0.80621284
0.96438366
0.83701277
0.77246934
0.68558127
0.4631858
0.9432874
0.9027085
0.59805804
0.7005715
0.67548
0.78233725
0.81209916
0.9246281
0.8697741
0.84251994
0.7688442
0.8247637
0.896432
0.82239497
0.8717294
0.7150548
0.955873
0.8206878
0.8720103
0.861708
0.8376461
0.78266054
0.92883533
0.8801247
0.82850146
0.8253733
0.6809311
0.9190301
0.90983135
0.88801503
0.8473654
0.86676115
0.84597635
0.93756026
0.8563501
0.8914515
0.94078976
0.8176518
0.743514
0.8995973
0.92724735
0.77356607
0.7180772
0.8336187
0.6193063
0.73076266
0.90025306
0.9151362
0.95338035
0.92170066
0.84487903
0.72039783
0.6400326
0.83966166
0.93467087
0.637469
0.8971201
0.91472405
0.9715883
0.7287892
0.6724991
0.76255226
0.8665492
0.90840805
0.8079617
0.8581008
0.8756464
0.6560735
0.91333
0.88631433
0.79063326
0.8461004
0.7584005
0.7699749
0.58176416
0.80301213
0.6863052
0.62192154
0.28000757
0.70263857
0.9726377
0.7797427
0.71533835
0.7873817
0.56032133
0.7691309
0.9248344
0.9415314
0.8901808
0.90012497
0.7888858
0.88267857
0.93545526
0.7782707
0.750761
0.8150114
0.8918855
0.65142274
0.7986058
0.7806753
0.8543216
0.8231
0.81319296
0.8912826
0.8006224
0.84165233
0.9419642
0.8909353
0.7362547
0.68590444
0.92949903
0.7344512
0.6493865
0.67523974
0.76581144
0.8066981
0.8716847
0.901544
0.9744705
0.8393654
0.7100236
0.8557112
0.8363848
0.76130056
0.9383481
0.91545707
0.84758735
0.8822942
0.60985756
0.910553
0.80146074
0.9207686
0.96845466
0.8061331
0.9404403
0.92010176
0.5879535
0.9065811
0.87420297
0.8246019
0.9061473
0.6853029
0.89111274
0.8946388
0.82366455
0.9298717
0.7194519
0.87187076
0.6508699
0.83795696
0.90438974
0.8986435
0.85041213
0.78823626
0.88551
0.86219025
0.9012603
0.73839694
0.8978439
0.76950634
0.97141576
0.89287454
0.85975665
0.8743274
0.91142124
0.8848314
0.73024094
0.9103709
0.8687073
0.71049166
0.8612256
0.7627625
0.95796084
0.7288121
0.91723347
0.76226944
0.37447077
0.8848707
0.39155757
0.8393393
0.94592327
0.8944694
0.857395
0.832515
0.61156934
0.5733634
0.8431741
0.7461264
0.9248805
0.80142266
0.69610035
0.85592043
0.69428736
0.71280026
0.7122888
0.85903883
0.8072151
0.6304487
0.88138145
0.84466857
0.87842876
0.64026505
0.74663305
0.72186756
0.89737016
0.825428
0.6993499
0.948443
0.9047988
0.9550524
0.9854696
0.95140314
0.87059295
0.8816631
0.92841065
0.79287255
0.48329693
0.8039101
0.9342366
0.89294994
0.7243406
0.9052439
0.83205736
0.62908715
0.7574219
0.8413668
0.79865414
0.87748843
0.8444551
0.8761365
0.9266837
0.8336444
0.7948344
0.921117
0.9540445
0.7673039
0.8412054
0.7508094
0.50031716
0.8850757
0.7178447
0.7793322
0.70912844
0.87843233
0.73959714
0.96886367
0.88549834
0.6215559
0.57691956
0.87682307
0.7909044
0.9764889
0.57803994
0.6918729
0.72647
0.83131367
0.7780551
0.82572454
0.68116534
0.9227611
0.5889083
0.96272755
0.8588809
0.93729997
0.8299018
0.6710673
0.8727013
0.8136528
0.83303326
0.755496
0.91270703
0.921421
0.8693552
0.7399708
0.66365564
0.678507
0.83317316
0.9013312
0.7819506
0.87724626
0.8959604
0.9792517
0.97602
0.85489845
0.82909214
0.9083184
0.8114148
0.90793264
0.92793566
0.92900217
0.87397456
0.74569017
0.86713374
0.8807045
0.85916275
0.937377
0.9381401
0.7925861
0.9528892
0.8357244
0.9007311
0.8048286
0.649876
0.8237555
0.96566695
0.95952034
0.82283753
0.91217065
0.6003785
0.94310266
0.92635596
0.9639462
0.7813023
0.8938141
0.7488728
0.82975644
0.9271047
0.687812
0.89937246
0.929331
0.90474594
0.8654065
0.74235606
0.695176
0.9581318
0.7818882
0.609397
0.7551614
0.91237676
0.9662583
0.7472385
0.9316503
0.7455185
0.8297922
0.9821558
0.9131693
0.3740089
0.87553495
0.9487388
0.7779057
0.748389
0.7021853
0.6320013
0.94076365
0.5798495
0.7789438
0.8376862
0.79653907
0.96511084
0.88492435
0.7627556
0.92123294
0.9327252
0.7832006
0.9566443
0.8671198
0.83501506
0.65608466
0.8758744
0.82805204
0.68628645
0.8930746
0.8561294
0.9040747
0.83165383
0.8207763
0.7957582
0.6822452
0.92161983
0.602046
0.90915334
0.79592466
0.7037907
0.8225261
0.5797942
0.9142269
0.78194803
0.50162125
0.78877866
0.8032571
0.7426419
0.83203804
0.91095674
0.81775856
0.7766187
0.67852646
0.9036681
0.7375946
0.7876804
0.6365757
0.9706147
0.8766308
0.711743
0.8165515
0.7972851
0.8593975
0.53281105
0.89401567
0.5974268
0.91212034
0.7219014
0.80096775
0.84143716
0.85936266
0.8683507
0.72371787
0.71585166
0.85178965
0.79293066
0.87773585
0.96192104
0.79667526
0.35637552
0.5901408
0.92345595
0.8667637
0.91418624
0.76438427
0.9402883
0.8780201
0.88433224
0.6283122
0.85039085
0.9704086
0.7753521
0.7460195
0.84909296
0.71939516
0.67292786
0.8574111
0.5627759
0.88363254
0.7257833
0.5377477
0.7679497
0.9199311
0.88719183
0.91962063
0.87956
0.88045233
0.7904912
0.6639936
0.75960207
0.87095153
0.8192985
0.7670889
0.95100456
0.7290695
0.9232504
0.47773224
0.82583296
0.83767754
0.89585924
0.7180511
0.51205754
0.9107696
0.45286766
0.9317584
0.9000791
0.5750878
0.8839233
0.8403586
0.929459
0.759409
0.90766066
0.83615315
0.96612215
0.894524
0.6936308
0.92443347
0.79126346
0.8919917
0.7863711
0.9751723
0.90036994
0.85188556
0.8852618
0.9351478
0.8428369
0.6865029
0.62083536
0.8978877
0.6220405
0.76195014
0.4736635
0.8726047
0.89707035
0.91273177
0.850652
0.78177077
0.9340777
0.7466737
0.8615188
0.71770453
0.851378
0.60184824
0.70966506
0.96386534
0.745584
0.96534747
0.7026973
0.8588068
0.7959306
0.93858033
0.6965364
0.79967034
0.6298852
0.7628678
0.86060375
0.7284469
0.3014871
0.84901154
0.72354776
0.59871066
0.93604684
0.9578793
0.9010955
0.78150517
0.8362131
0.7276038
0.72083044
0.7641602
0.8343669
0.83907866
0.8759451
0.911416
0.6277704
0.898906
0.9009275
0.6948049
0.93214566
0.8691371
0.60642385
0.7657969
0.6230514
0.866316
0.9120165
0.948171
0.74644715
0.7929004
0.90884525
0.7797734
0.8812646
0.91274905
0.69815254
0.92876595
0.6616871
0.8384829
0.7527035
0.79740876
0.60068506
0.9264209
0.78900653
0.51325905
0.86401594
0.7159973
0.90348613
0.8113245
0.8258665
0.93780756
0.896393
0.7560873
0.89931357
0.7641416
0.882552
0.75860226
0.49744818
0.5771958
0.5493116
0.7067218
0.87531793
0.8044052
0.9367558
0.51084536
0.88259035
0.8997996
0.8328232
0.8934316
0.7513851
0.8138958
0.7628959
0.8616345
0.7898809
0.84691477
0.89108706
0.8001306
0.7764983
0.6863734
0.6841926
0.53875387
0.95534074
0.80593336
0.8946563
0.9574007
0.7712374
0.8248451
0.88262284
0.88701564
0.8121299
0.77976567
0.8417499
0.7615359
0.9175291
0.779125
0.72166806
0.78684574
0.74600357
0.8726369
0.78704464
0.91404134
0.6832985
0.87335217
0.8400136
0.96240735
0.73195755
0.79796153
0.8803861
0.8474965
0.83246076
0.74029815
0.87190604
0.772175
0.6058293
0.64564747
0.69721144
0.8529962
0.80774146
0.6305945
0.6929444
0.5392262
0.7752964
0.74445003
0.91455555
0.8442618
0.9364546
0.7266817
0.78905565
0.6121984
0.67577076
0.87111896
0.7220501
0.92982066
0.9381554
0.89519274
0.4832484
0.8492161
0.8010953
0.9562835
0.87415355
0.76187974
0.8640125
0.9255917
0.7541939
0.68489295
0.8842774
0.84190065
0.89583313
0.81481934
0.8426297
0.69871163
0.7926904
0.7891228
0.73925084
0.88733965
0.92261696
0.928586
0.76606524
0.85153973
0.6613125
0.5007309
0.38515043
0.7283158
0.86715466
0.7896668
0.9228597
0.8910774
0.80852616
0.7702347
0.53690577
0.64604014
0.8700831
0.98021305
0.6567672
0.7806059
0.5811335
0.93698317
0.8823543
0.8212229
0.51058626
0.94835806
0.446118
0.58522046
0.7992809
0.8894097
0.76549613
0.88579315
0.90136206
0.7968878
0.9274708
0.78768516
0.6172303
0.86580324
0.87810016
0.8613676
0.8333712
0.9687698
0.7951947
0.66922486
0.7835971
0.7148748
0.88380855
0.8235768
0.9349536
0.83675057
0.91560996
0.961388
0.920376
0.7995602
0.75586456
0.48559308
0.8818091
0.9376701
0.9188887
0.8047794
0.9371978
0.943003
0.82356226
0.64223325
0.56448716
0.7913202
0.52732086
0.9047603
0.4400534
0.8127313
0.78386307
0.888826
0.7041977
0.64697313
0.7590945
0.5059345
0.8163441
0.7687405
0.7140549
0.9172603
0.9425274
0.9239215
0.92962414
0.70407945
0.8588965
0.8004724
0.6204927
0.8978198
0.7737155
0.84974277
0.80253005
0.6548313
0.8009785
0.8534565
0.66185963
0.91534126
0.6383938
0.8918873
0.8862097
0.7862242
0.71031183
0.78130263
0.97188693
0.9450978
0.93481976
0.883055
0.8711398
0.8240191
0.950746
0.9065374
0.8676677
0.49490058
0.7866241
0.9157475
0.86391234
0.96228576
0.8290713
0.9045238
0.93945706
0.834293
0.9029177
0.9059503
0.8237203
0.75819165
0.8627516
0.803335
0.7822094
0.62451947
0.5813545
0.9298463
0.7035684
0.8269012
0.84076136
0.7333632
0.76513255
0.7604147
0.8922466
0.8115756
0.7691014
0.7195347
0.565414
0.79258144
0.8677348
0.7162261
0.86108726
0.95398974
0.6395966
0.89536756
0.7382325
0.83439183
0.8283596
0.9356992
0.86552787
0.9253499
0.4720447
0.97023153
0.8802332
0.73983467
0.8265291
0.79627204
0.625279
0.9373447
0.8942773
0.81670177
0.82750046
0.745932
0.86375684
0.93835163
0.9543496
0.8264868
0.89786863
0.8096101
0.46720713
0.8124596
0.96996915
0.83544827
0.83910507
0.8854418
0.83701664
0.91358095
0.61983526
0.8526337
0.75064677
0.91495544
0.70675737
0.8542703
0.6878258
0.6667038
0.9171015
0.87948614
0.65322345
0.9217414
0.8797475
0.8287469
0.83152115
0.48811376
0.9166735
0.89886314
0.9137256
0.83334464
0.94006467
0.7116894
0.82360184
0.763633
0.7930156
0.7724162
0.60965663
0.47756833
0.9293544
0.80605656
0.7986666
0.4546507
0.91714084
0.95760953
0.57954633
0.64712614
0.6023097
0.9446815
0.8372331
0.89031446
0.68112844
0.8773222
0.85341907
0.8503594
0.963481
0.8675662
0.7819196
0.9586825
0.88112766
0.76441383
0.9033313
0.82584774
0.8881965
0.66160506
0.8976826
0.030714665
0.8578184
0.7897714
0.9355222
0.555566
0.8871225
0.88372815
0.8912189
0.66068697
0.93133765
0.73329216
0.8677399
0.89868236
0.8239677
0.84869146
0.9285326
0.82635844
0.90150774
0.81025887
0.8457373
0.85815036
0.8717806
0.8849241
0.66575813
0.8438524
0.9325026
0.9548361
0.84694505
0.7891921
0.7137194
0.83299863
0.7715884
0.8250176
0.9108521
0.73636097
0.9069609
0.7200091
0.78850156
0.81978184
0.9309134
0.89749897
0.8993279
0.6904397
0.7827051
0.9120025
0.8509134
0.86077255
0.79132086
0.85917646
0.66713625
0.7825055
0.92665464
0.9100863
0.8850097
0.87179315
0.77286947
0.76588404
0.9710727
0.8538674
0.8762213
0.83494896
0.81756216
0.76020384
0.8570861
0.86613774
0.81791675
0.87694407
0.7157197
0.6706738
0.7288181
0.90340316
0.71142393
0.81899565
0.8785089
0.827782
0.9522721
0.91487277
0.8652928
0.8585242
0.58679193
0.8881855
0.786495
0.6992208
0.7763268
0.54282385
0.9047077
0.81885445
0.79756445
0.90783256
0.8943756
0.8247578
0.90247256
0.8601548
0.9314901
0.6852515
0.9245037
0.60097927
0.88067454
0.8751762
0.58317447
0.8994584
0.84232897
0.89869225
0.8424289
0.44515452
0.7960265
0.87793136
0.93910736
0.89320135
0.8629951
0.65038383
0.7013397
0.92979336
0.85080147
0.8043587
0.9094111
0.62527883
0.94084984
0.31881434
0.7413617
0.8252995
0.8005487
0.7701626
0.87203723
0.7800989
0.6352387
0.79423
0.8618622
0.8734203
0.7273638
0.78963023
0.9587403
0.68744093
0.84564126
0.9166934
0.5881432
0.93351156
0.98004234
0.81557864
0.9387689
0.8971247
0.7442379
0.8695264
0.9090477
0.66322386
0.66358185
0.8547298
0.6720623
0.7814431
0.7632091
0.8048502
0.8754406
0.75739306
0.8726348
0.8676808
0.8045076
0.60999846
0.73163813
0.86956894
0.9336748
0.72485954
0.9353738
0.87787586
0.68125844
0.75135165
0.7983177
0.8958594
0.66708857
0.8773917
0.754682
0.8916373
0.79840827
0.84563756
0.79170775
0.45731264
0.72447735
0.8176302
0.8783058
0.789304
0.9098091
0.7968137
0.82680464
0.7650554
0.83372116
0.45984414
0.79515976
0.8304654
0.28852233
0.91662866
0.90500677
0.77442086
0.3584151
0.9269157
0.22384351
0.86208946
0.9365406
0.8497177
0.6476384
0.7556794
0.7696266
0.7308524
0.8693178
0.859014
0.9075553
0.86579853
0.6830672
0.5958025
0.94031215
0.85905683
0.8681945
0.77638924
0.7851338
0.73330617
0.9241417
0.71718526
0.6500451
0.91863525
0.7027069
0.7154105
0.7751153
0.91776526
0.81393075
0.8965717
0.8656986
0.82756424
0.8057297
0.83454895
0.8531616
0.89322907
0.9286901
0.7059572
0.8484858
0.79747015
0.91844183
0.74664104
0.93287396
0.7163015
0.87551856
0.66980326
0.90878403
0.33932018
0.70271933
0.70506185
0.5988737
0.8787786
0.6890618
0.7546263
0.72694725
0.77279985
0.42327902
0.94837534
0.9566628
0.7763919
0.93871796
0.5595905
0.8857689
0.87269104
0.5696521
0.34663436
0.9167995
0.9463672
0.9163947
0.9366846
0.93070656
0.75282687
0.96511525
0.95122766
0.9160454
0.93097234
0.83559036
0.79223263
0.524739
0.8111614
0.7799024
0.95551085
0.7650555
0.9552612
0.68566835
0.7891877
0.9454025
0.74875385
0.83034027
0.8730683
0.577666
0.74265116
0.60670143
0.89802265
0.6324814
0.87673724
0.7739564
0.8837176
0.9667549
0.8533471
0.9319056
0.8779682
0.8417959
0.915852
0.92774886
0.89125085
0.7294928
0.89122367
0.6931995
0.79523295
0.70921046
0.8443655
0.77416766
0.8833348
0.9291749
0.91577804
0.8988146
0.8226759
0.9342152
0.6782357
0.9302789
0.7485038
0.9535735
0.677752
0.6302399
0.8704591
0.8315638
0.78431606
0.8094269
0.80039245
0.90262824
0.8196733
0.788885
0.8539843
0.794624
0.6576271
0.67950374
0.7199733
0.6728941
0.9395026
0.85778916
0.7732945
0.8529974
0.92281294
0.6905967
0.81942654
0.84787595
0.71051145
0.97768027
0.9154172
0.792098
0.87074846
0.6625118
0.91718113
0.56341755
0.7685275
0.95005137
0.8027973
0.6818358
0.8704175
0.66231847
0.89840186
0.70142466
0.5672209
0.8961964
0.7639562
0.9514148
0.7038957
0.8006965
0.74217457
0.94178015
0.7973827
0.6913514
0.80636185
0.8410501
0.8609008
0.7385404
0.8984181
0.9405627
0.9209136
0.95561206
0.703329
0.8361857
0.631947
0.7756714
0.92030996
0.92466414
0.67298
0.9206306
0.83187515
0.9120046
0.71191573
0.7760006
0.8180852
0.5792425
0.5462755
0.93947417
0.9376361
0.6424858
0.93289745
0.9616209
0.84981716
0.44698942
0.8407871
0.693558
0.9169514
0.7882012
0.88155144
0.86236084
0.89764243
0.92724764
0.9366102
0.6968144
0.64915293
0.8790261
0.6487276
0.8161679
0.81003505
0.8813435
0.8672352
0.9068624
0.7110887
0.61063385
0.9419605
0.6010409
0.6152071
0.96407044
0.8632009
0.6501854
0.79858434
0.6903794
0.83651537
0.92314035
0.8484314
0.7566393
0.90264404
0.709121
0.97807986
0.88731015
0.85769093
0.9584728
0.76178414
0.7350558
0.8151119
0.8013871
0.5636985
0.8472865
0.79088336
0.835632
0.8376923
0.7043611
0.9004493
0.75711536
0.93216014
0.7864535
0.8413087
0.6897848
0.7208782
0.76580065
0.72970974
0.8479363
0.69581234
0.89121234
0.70127916
0.8875113
0.8205773
0.90442884
0.8956804
0.72867376
0.6350773
0.65824425
0.95028895
0.9344338
0.9013616
0.84081197
0.9450701
0.84121305
0.79178375
0.6316292
0.72777927
0.79884106
0.8923014
0.61683595
0.8774436
0.7664379
0.9306717
0.9482896
0.53094155
0.85543346
0.9676885
0.9354204
0.7545723
0.88004136
0.8644381
0.8525853
0.93380994
0.7393271
0.5695585
0.6998426
0.932657
0.65369904
0.8313637
0.8816847
0.9102954
0.85056025
0.69913375
0.60427576
0.9385262
0.8004868
0.8748814
0.9165759
0.7926028
0.8825711
0.83700264
0.83057874
0.8631214
0.9453546
0.7033211
0.8111305
0.6580106
0.5857589
0.75823355
0.8478065
0.8228204
0.85923386
0.8441069
0.8787788
0.86351526
0.9150195
0.8735675
0.85371673
0.89526695
0.82289755
0.9016676
0.7743478
0.79280394
0.7661752
0.69442683
0.9362249
0.8448334
0.8710414
0.8814726
0.60952914
0.89068604
0.8563575
0.6957191
0.80270934
0.86268306
0.86329305
0.87802625
0.94790125
0.7295594
0.94810236
0.87582153
0.8645038
0.7954357
0.9206536
0.863067
0.81475943
0.89805216
0.8798722
0.66156995
0.8481494
0.5580657
0.83447456
0.8490493
0.7270138
0.89020944
0.7623147
0.82554567
0.92486143
0.6589987
0.91626847
0.8259943
0.9231216
0.70209897
0.8606287
0.8187307
0.34857213
0.5433781
0.7327662
0.7906654
0.91763073
0.6089423
0.6898954
0.39240852
0.88040894
0.63628185
0.4692551
0.88193685
0.9694527
0.9152017
0.5953936
0.6830751
0.9537434
0.909994
0.84434867
0.8017886
0.874282
0.9030529
0.9192778
0.70212024
0.7464174
0.92665905
0.6356835
0.93271875
0.9055073
0.82151014
0.6650912
0.7893745
0.67772436
0.75031334
0.5754385
0.755733
0.9281676
0.6568819
0.92184395
0.8041357
0.8873112
0.6802233
0.9080081
0.6654805
0.6220559
0.7760769
0.78593636
0.8466141
0.6507307
0.62283313
0.7139995
0.7843022
0.8034752
0.8885894
0.8115556
0.8893378
0.79736483
0.8275778
0.9239025
0.7476995
0.8658614
0.8949338
0.8155266
0.80079705
0.78124917
0.90034986
0.347341
0.78091854
0.7075449
0.7642694
0.92992336
0.77167934
0.8665727
0.8543184
0.74427164
0.85212624
0.902215
0.9327393
0.77092683
0.7778636
0.91827947
0.7790461
0.61517346
0.8817862
0.6290373
0.83671904
0.6514087
0.9381816
0.5776054
0.81367636
0.7753318
0.87887466
0.71218747
0.87011385
0.40531653
0.8917496
0.8801796
0.6212643
0.84362227
0.7669085
0.94732094
0.58133364
0.47765583
0.5627039
0.7886433
0.5539363
0.68001664
0.9645175
0.8928231
0.9387689
0.89237946
0.8950561
0.8626912
0.8205034
0.8260654
0.91190845
0.87746716
0.7508761
0.9286702
0.8941917
0.8054283
0.8640539
0.72021025
0.8938308
0.7931453
0.5692744
0.7645297
0.89577687
0.77278125
0.8271519
0.82329935
0.8230809
0.76447916
0.93551207
0.80808973
0.8051257
0.9765334
0.9221771
0.7941147
0.4803524
0.79184234
0.85660154
0.8436122
0.83954954
0.8057252
0.7919961
0.8832415
0.87927383
0.9426191
0.8801631
0.76613337
0.78616786
0.84444433
0.8843479
0.8679288
0.52714
0.9070946
0.8246901
0.88030756
0.8440455
0.93983895
0.8788538
0.9084405
0.7447846
0.9495579
0.81768155
0.8196564
0.9537686
0.8834265
0.8955817
0.80338675
0.86061025
0.86885154
0.88395464
0.9243068
0.754109
0.8908839
0.7524172
0.7692663
0.8402802
0.8427831
0.8534814
0.7863475
0.5227447
0.72844803
0.80553776
0.8357286
0.7695043
0.6306559
0.8717019
0.90260243
0.5236411
0.81259483
0.9746474
0.86297715
0.8813261
0.74658126
0.792813
0.79134345
0.9066918
0.96378803
0.8453867
0.87892884
0.7815026
0.9809023
0.61101675
0.766123
0.8908372
0.79436374
0.8874595
0.7742492
0.91837645
0.92251164
0.7630391
0.9034298
0.94608396
0.69132596
0.76379275
0.7086172
0.81514615
0.90984416
0.89803255
0.7702675
0.89676046
0.82284963
0.7623067
0.7533457
0.8548306
0.9259354
0.89755917
0.95130014
0.8482224
0.87083167
0.8532895
0.7810557
0.83000773
0.6961981
0.87885916
0.89892924
0.9423684
0.9032127
0.9583339
0.8970646
0.8360609
0.81818944
0.8957183
0.8930576
0.93712336
0.9022034
0.8883919
0.80429673
0.97503555
0.8484198
0.89238065
0.96767956
0.9236998
0.95393735
0.7684585
0.72253525
0.7640285
0.61669713
0.8237994
0.78099775
0.7760694
0.8407288
0.7957165
0.83802104
0.8389069
0.82981586
0.95718515
0.7729418
0.9250568
0.88160974
0.87996125
0.89258313
0.81016815
0.9776158
0.58173823
0.74301016
0.9385928
0.89762473
0.91391855
0.88437146
0.9571894
0.87828326
0.9045784
0.5282473
0.85468733
0.8970359
0.8444686
0.8566348
0.8991159
0.7319965
0.8048138
0.8524769
0.4928991
0.77976125
0.7960884
0.8832883
0.88332707
0.8860352
0.8614174
0.9396601
0.86586607
0.8883771
0.8342658
0.8627995
0.8065198
0.8835072
0.8327885
0.9564161
0.82217574
0.9058155
0.8948051
0.8236548
0.7968205
0.8821767
0.8635548
0.874691
0.8526467
0.86660165
0.8833663
0.9613264
0.7852087
0.86626077
0.8702038
0.92043287
0.8928177
0.85486966
0.8216509
0.89749545
0.8128387
0.7740298
0.76559705
0.86138207
0.8683028
0.9379428
0.9385904
0.85084414
0.9817353
0.8538473
0.79498553
0.8999787
0.81899846
0.79443717
0.86750114
0.6224868
0.8889798
0.90506923
0.8783273
0.9606056
0.80440843
0.8827103
0.78876317
0.8758485
0.7656001
0.78660345
0.9226833
0.8982831
0.77603257
0.97936887
0.695876
0.8500264
0.90736616
0.9405005
0.7404662
0.77651685
0.8245267
0.78876567
0.8135496
0.77905566
0.8737218
0.7179784
0.893603
0.79251844
0.77539265
0.794456
0.88110876
0.9083906
0.8353964
0.81433433
0.90192
0.4748634
0.87460303
0.6554207
0.86401033
0.8282696
0.95938945
0.8854313
0.8353147
0.8871536
0.79363066
0.40934867
0.7988715
0.91047484
0.8618157
0.9173555
0.82965964
0.8597769
0.8668994
0.8032827
0.84038585
0.9022354
0.88793194
0.7380294
0.9616386
0.9654422
0.842334
0.67944586
0.8055023
0.6486721
0.89301205
0.7943063
0.93896675
0.6944278
0.8822261
0.97731435
0.81712604
0.86679494
0.9151287
0.87201536
0.81526315
0.8153517
0.93776065
0.7453036
0.8732385
0.947996
0.6981525
0.8882061
0.89020294
0.8562583
0.7872171
0.6079352
0.88718206
0.79102486
0.897845
0.6878133
0.7914981
0.78954643
0.9016365
0.8811642
0.9462869
0.7751601
0.9039816
0.6292545
0.9075948
0.74178064
0.8764715
0.8221104
0.89365757
0.9166304
0.8152189
0.91516757
0.88548625
0.83628166
0.93738735
0.9214153
0.621605
0.6466043
0.90711296
0.7308773
0.7130952
0.889138
0.94227386
0.76890683
0.917574
0.91810316
0.96360445
0.85648376
0.972937
0.6914559
0.8602791
0.80724555
0.80799454
0.8351499
0.60435957
0.7822671
0.9117241
0.6543708
0.94622165
0.8880273
0.9450617
0.60937643
0.9206899
0.5789966
0.9161693
0.88350725
0.7257092
0.7868963
0.7590614
0.69187015
0.89583755
0.94542545
0.86134887
0.8426703
0.84074306
0.8984126
0.7944113
0.8747923
0.25734589
0.790834
0.81425893
0.88587034
0.9125967
0.91119933
0.9209911
0.8947356
0.836067
0.8052664
0.7995516
0.88158524
0.8285454
0.93238187
0.71974367
0.88544726
0.6419205
0.559397
0.88392526
0.859642
0.8142184
0.8752341
0.9084691
0.89463943
0.7275243
0.78951776
0.95418835
0.93222255
0.9199248
0.87354046
0.89449
0.85715
0.7752211
0.8976817
0.68070996
0.86237115
0.6899852
0.905453
0.8039574
0.8180611
0.8304722
0.8720045
0.8787434
0.93824375
0.7363374
0.9268656
0.91029793
0.8415509
0.88206226
0.8967325
0.82519233
0.8996937
0.7167103
0.97126514
0.8934414
0.8464075
0.8618666
0.6839262
0.77768457
0.7524386
0.873835
0.89882535
0.928312
0.77883697
0.6995978
0.8562961
0.88176626
0.83093894
0.96184564
0.94958085
0.959124
0.84619045
0.84003174
0.9766953
0.8568174
0.87905294
0.9042508
0.8842367
0.84824544
0.93140155
0.88382447
0.93680507
0.90622437
0.93170524
0.8858214
0.676136
0.93662107
0.61004716
0.92507416
0.895733
0.9346598
0.8563275
0.85160375
0.8955469
0.8721651
0.96391404
0.75181043
0.8539445
0.8241496
0.8945328
0.69391483
0.80028445
0.9197803
0.7913403
0.7730498
0.8551202
0.868369
0.42824334
0.86327684
0.9375516
0.79728794
0.84791183
0.97997606
0.63393176
0.91537553
0.8774959
0.9324415
0.86385065
0.7810134
0.95938694
0.81668407
0.8134234
0.88831687
0.5960779
0.7801477
0.8715173
0.93287504
0.7263335
0.8178757
0.9537375
0.93311185
0.9166981
0.90582144
0.68117356
0.84472054
0.83011705
0.74598503
0.7995423
0.78689444
0.9475991
0.8389119
0.7858275
0.8987409
0.7268837
0.792052
0.7143383
0.9088659
0.9130281
0.87711716
0.8736565
0.48418102
0.6479788
0.79905486
0.9309956
0.73257834
0.71945405
0.9399302
0.9782833
0.88342476
0.833081
0.89524466
0.9729282
0.90483916
0.9361389
0.66775554
0.8398866
0.873423
0.90704525
0.92476666
0.8179502
0.8577558
0.9543296
0.854839
0.80234766
0.8105448
0.84018177
0.9167478
0.8486537
0.77854097
0.85214853
0.78661364
0.9040378
0.8807825
0.9423819
0.81861436
0.87301093
0.795176
0.8543194
0.6604724
0.6541654
0.9491794
0.82741123
0.6537697
0.62663233
0.81686705
0.7269221
0.88214076
0.93571705
0.7566601
0.7444556
0.7891641
0.9161838
0.7639888
0.9340675
0.71723163
0.82690597
0.7969203
0.6809397
0.8675091
0.63126886
0.7827343
0.9553147
0.73280144
0.9692974
0.8307407
0.68761796
0.75300395
0.6992274
0.77114177
0.7461324
0.8067229
0.80987006
0.6775964
0.6242552
0.66940033
0.92896867
0.77538055
0.87565625
0.7369648
0.86205596
0.87277853
0.9433729
0.88271874
0.8799045
0.80753756
0.9786734
0.8399976
0.9726637
0.77366847
0.97867525
0.9014393
0.8224135
0.7612737
0.6992756
0.9557388
0.86300755
0.8833536
0.9312848
0.8906505
0.78959215
0.8512493
0.79040575
0.9232388
0.9072865
0.71698433
0.9172542
0.9524984
0.90306306
0.67715406
0.89623296
0.66442245
0.886688
0.6907918
0.93804634
0.72888285
0.97123235
0.81198025
0.8326182
0.9229354
0.90491164
0.8002451
0.81229115
0.64948803
0.9266745
0.89875513
0.92794037
0.8437369
0.76765454
0.7429177
0.8568157
0.81503594
0.5825207
0.89968646
0.84779906
0.87983274
0.9020158
0.77141345
0.82936263
0.8553534
0.9253698
0.9207879
0.5419192
0.8302852
0.9699297
0.8934358
0.68396044
0.8909007
0.8261881
0.7328595
0.8683331
0.9556968
0.892992
0.9493743
0.9396676
0.8288584
0.5497639
0.8951118
0.86658657
0.88666314
0.60178363
0.91658723
0.8684797
0.754231
0.6601646
0.8208428
0.72011226
0.93556255
0.9244851
0.7156602
0.7349695
0.86465794
0.83466446
0.76188576
0.67603445
0.8773934
0.71123487
0.87358415
0.83600533
0.69444215
0.8670961
0.9550082
0.81689966
0.9673395
0.9254959
0.6257116
0.98387694
0.937253
0.8605728
0.971603
0.9630507
0.83963615
0.7737677
0.95129687
0.534828
0.90698457
0.20354822
0.8453679
0.87691915
0.7166297
0.8950188
0.79839736
0.83034086
0.8092798
0.79238933
0.8840194
0.78974575
0.6121111
0.9400705
0.7869091
0.8241147
0.8442766
0.9429463
0.89871955
0.92593247
0.8362565
0.72529376
0.67304987
0.83878505
0.7917801
0.7767831
0.6525709
0.81375724
0.93767494
0.8964306
0.898836
0.74244714
0.8510506
0.7804048
0.5290506
0.9237219
0.8068282
0.9207919
0.86215967
0.96169394
0.83785105
0.80293554
0.7607579
0.82743824
0.89761704
0.85849094
0.70664203
0.65539885
0.82950777
0.71040565
0.9141481
0.8082024
0.9375385
0.92187303
0.83222026
0.7700553
0.9337816
0.7653616
0.8696985
0.7817409
0.94253314
0.83675367
0.8095479
0.918183
0.92818755
0.8656498
0.9233295
0.9163947
0.8902288
0.81294703
0.8190329
0.8387668
0.877846
0.8688403
0.9547038
0.9182409
0.8697138
0.9457965
0.8616578
0.92770284
0.8876006
0.68124217
0.80763555
0.93064594
0.6641345
0.8251079
0.92494714
0.9531433
0.80785614
0.8422275
0.83308816
0.6538685
0.8256122
0.7703577
0.7568995
0.9004885
0.81262475
0.73938566
0.70738184
0.9235535
0.8463589
0.86901987
0.9491264
0.97500336
0.49286595
0.7625711
0.79880756
0.87575877
0.8204115
0.9375085
0.96418995
0.8968736
0.61448586
0.7852105
0.8273642
0.8925567
0.8577992
0.86324257
0.90483636
0.808478
0.7428047
0.7425682
0.9496396
0.68498343
0.8362299
0.649456
0.90188515
0.86774534
0.831926
0.72894776
0.79394937
0.928906
0.8694512
0.8785442
0.7186916
0.86941516
0.95104617
0.880944
0.84290504
0.9535578
0.86533517
0.9088432
0.77114934
0.90382326
0.83677894
0.9454358
0.70040005
0.7491921
0.8404176
0.78949064
0.79703873
0.7609112
0.6998247
0.8556888
0.84748197
0.85553217
0.82048327
0.94297844
0.9584428
0.89699167
0.9003533
0.82605577
0.82626593
0.9271748
0.81586516
0.8063085
0.8787415
0.8935534
0.906855
0.9101007
0.7441267
0.8879533
0.85524696
0.78891706
0.859571
0.7585066
0.9296657
0.9508194
0.9684672
0.8416995
0.7943904
0.6445173
0.89441174
0.67024595
0.8618824
0.9688428
0.8910695
0.8190267
0.8388673
0.8545264
0.854807
0.90038013
0.899382
0.7861489
0.718284
0.91385686
0.9268985
0.8190189
0.9078106
0.81060857
0.8712579
0.8603305
0.8416914
0.853598
0.9651837
0.79569966
0.36644349
0.9363935
0.87304145
0.81256634
0.79912305
0.92990404
0.87758446
0.8561036
0.8181262
0.8324716
0.86416036
0.3653534
0.86903155
0.8857324
0.93246317
0.909501
0.9203678
0.6319525
0.8474753
0.9712707
0.8640197
0.826381
0.7683149
0.7700949
0.8834574
0.6485611
0.9503653
0.9477559
0.62681454
0.49177897
0.88851166
0.7162213
0.8703088
0.80338085
0.9246378
0.72731024
0.85251576
0.78453314
0.8537357
0.9253633
0.9522172
0.85642123
0.7702162
0.89555526
0.7437931
0.7883601
0.9288393
0.95756465
0.91566956
0.8574484
0.9120732
0.85197383
0.79831696
0.9207083
0.47056976
0.8113528
0.7505842
0.6192257
0.8396071
0.86073095
0.87903535
0.74992603
0.9018332
0.8993199
0.84200585
0.8914443
0.9088577
0.94918597
0.92990977
0.89352816
0.89645
0.65373695
0.8857494
0.8702639
0.8299378
0.9005073
0.8802241
0.82476014
0.8352017
0.69559634
0.85762066
0.87617964
0.8809974
0.5919956
0.8595808
0.95534444
0.9526811
0.9589268
0.7381971
0.6632515
0.82421464
0.93197423
0.9052358
0.733932
0.9449403
0.9315318
0.83252704
0.73735684
0.84139794
0.8192939
0.88174874
0.9270355
0.83214223
0.85980785
0.8964782
0.8335289
0.9058619
0.91955554
0.9135543
0.86313343
0.8666531
0.8888829
0.90417033
0.5669209
0.8678518
0.7500252
0.7610264
0.8472954
0.86991096
0.948677
0.87272924
0.9228475
0.89664847
0.90095097
0.9451242
0.8736222
0.8910111
0.5551859
0.8242678
0.9397656
0.784546
0.8106962
0.8851778
0.8411042
0.95047283
0.9630015
0.9083179
0.8399386
0.76675427
0.8817753
0.8951679
0.92221785
0.9225684
0.5488149
0.9437659
0.71218944
0.87870884
0.8657207
0.8352032
0.93259776
0.88481396
0.6832763
0.8588667
0.84333915
0.8703332
0.7792717
0.89205873
0.8673707
0.85629076
0.865185
0.8537045
0.9047832
0.93695074
0.9652485
0.74995863
0.8727622
0.5478977
0.83228004
0.62828183
0.7115873
0.8383997
0.8947194
0.7252767
0.12430264
0.92601836
0.79859954
0.89605623
0.8577261
0.90690446
0.9020201
0.8027141
0.8908268
0.8884339
0.8152289
0.8671632
0.8601624
0.7884833
0.8275414
0.76360583
0.85553396
0.8911223
0.89612764
0.86890656
0.92638445
0.89480317
0.94578815
0.92728835
0.8243779
0.92556584
0.90164745
0.6499542
0.97505456
0.92510873
0.924599
0.95637167
0.9211606
0.83129656
0.8623179
0.9020572
0.7636781
0.97363293
0.89670885
0.9145025
0.90222687
0.89200556
0.8832337
0.884517
0.8076336
0.80744827
0.6118999
0.5964223
0.92133594
0.8991548
0.86721975
0.86189234
0.96969587
0.5954933
0.9156231
0.92612076
0.81567955
0.7376387
0.9075064
0.93801266
0.94757897
0.8932962
0.92180413
0.942603
0.83931553
0.8474447
0.9108949
0.9101612
0.7381012
0.84567
0.97955585
0.9133865
0.8992595
0.9200511
0.71192765
0.758108
0.78198165
0.87310946
0.9472176
0.9224176
0.9401091
0.95288426
0.8882245
0.7713672
0.7752992
0.8086905
0.93678725
0.90586305
0.61027455
0.8620963
0.6730289
0.836958
0.86781865
0.90689343
0.6329453
0.91408014
0.29166567
0.7934964
0.84282106
0.9301575
0.7075127
0.7482389
0.83423597
0.8841903
0.8311818
0.94586134
0.6406014
0.98278314
0.6471007
0.7204609
0.6882003
0.9617637
0.7966635
0.84885955
0.8041744
0.8178809
0.90028137
0.73059124
0.90746707
0.8252951
0.82770985
0.81489
0.9460551
0.9414552
0.86213845
0.84097123
0.8561567
0.90397096
0.802792
0.6518115
0.83155566
0.8799832
0.9086175
0.856764
0.7118565
0.9212262
0.9044775
0.9331473
0.9404594
0.89674574
0.89438236
0.8449606
0.9622415
0.6697474
0.70868677
0.7574826
0.8183638
0.8786625
0.6919094
0.8027295
0.9198499
0.7734138
0.8953728
0.8078288
0.7142434
0.7945695
0.9261674
0.8817048
0.73028505
0.91387534
0.81410706
0.93342453
0.87410516
0.8563514
0.79150385
0.7573118
0.65179527
0.8380597
0.9001301
0.88654095
0.79587585
0.9533496
0.762395
0.77507156
0.8440013
0.8414558
0.7485775
0.93355966
0.8016444
0.6900536
0.9047367
0.8826976
0.7459116
0.87282574
0.8186594
0.70986015
0.77428055
0.8309362
0.929266
0.8834885
0.9302032
0.7573634
0.9419701
0.78413296
0.82343286
0.8860862
0.74243116
0.8987809
0.80098575
0.6314571
0.6901016
0.85608625
0.80726135
0.7210847
0.91531616
0.8710194
0.8302027
0.90255153
0.9589069
0.8528129
0.9549395
0.89941406
0.84262997
0.8834965
0.92728263
0.8566525
0.90488994
0.80254036
0.7327653
0.87888
0.6214987
0.8683987
0.8754629
0.76400435
0.79098463
0.94374466
0.7932563
0.9245277
0.67057014
0.73671764
0.8953608
0.8830212
0.8058971
0.7545537
0.8327136
0.80789214
0.8025494
0.9373082
0.96023405
0.7818975
0.9165208
0.90500814
0.85618806
0.89414054
0.73998594
0.7521098
0.73338944
0.8183818
0.9180118
0.9538468
0.874893
0.9421611
0.8799344
0.8227043
0.48798385
0.83722776
0.60818696
0.8320426
0.7446022
0.62389237
0.8691453
0.8691745
0.9360575
0.91923016
0.8166976
0.7894715
0.85093915
0.6529459
0.8904512
0.6848046
0.92166215
0.9148859
0.7910396
0.8328249
0.78412914
0.91524875
0.90286213
0.9280411
0.8589933
0.6510623
0.58760697
0.8907051
0.86688906
0.7402658
0.9060564
0.9636406
0.687433
0.81061596
0.7772825
0.9434171
0.900975
0.9013834
0.89461577
0.85465974
0.61404365
0.75856304
0.91672707
0.832547
0.8756577
0.8295266
0.8260412
0.8419541
0.805845
0.88236606
0.7639606
0.8749945
0.86690617
0.8173645
0.8160734
0.8059489
0.94534236
0.82128507
0.90967965
0.8913491
0.9421307
0.9750619
0.94177985
0.8218055
0.9397247
0.7615511
0.8485135
0.85125434
0.85399044
0.73993486
0.7686646
0.7989871
0.8458398
0.57483834
0.81458575
0.89774764
0.8456135
0.6629395
0.52148485
0.94613165
0.7610629
0.91342515
0.7958757
0.8885301
0.70735306
0.86723804
0.9702977
0.8832558
0.987792
0.93839115
0.9521388
0.88773805
0.83837724
0.87736416
0.8478651
0.89422214
0.89241874
0.8862121
0.8690141
0.94639254
0.89201915
0.89986354
0.92502546
0.93741184
0.9100316
0.70523274
0.8610189
0.93561083
0.8486954
0.95367754
0.91142815
0.82042456
0.86555886
0.82971096
0.6836952
0.91255283
0.76455635
0.8608553
0.94592303
0.7018813
0.58436286
0.8543563
0.88573295
0.87934697
0.5561801
0.7387419
0.968956
0.9264024
0.69749093
0.8760279
0.7773952
0.9070871
0.9149077
0.73608655
0.66199726
0.791317
0.89269316
0.9038415
0.60921466
0.8551531
0.8566194
0.7620107
0.85956407
0.76117015
0.92854816
0.8521318
0.85618716
0.8186472
0.6196964
0.9525118
0.76438254
0.84934103
0.9483061
0.6800181
0.9052323
0.9569566
0.8407868
0.822304
0.8332517
0.56584936
0.93263674
0.7658462
0.8968668
0.9145843
0.9348295
0.96971035
0.9386959
0.94262147
0.9103575
0.89977026
0.8773672
0.9330886
0.8575116
0.823084
0.8912224
0.7485107
0.7159881
0.7643036
0.91402286
0.6194532
0.8975818
0.879069
0.7320071
0.69961226
0.96128994
0.7266581
0.87925
0.9678649
0.9551999
0.85328615
0.82102233
0.706675
0.78911006
0.95702046
0.8629226
0.91162455
0.9229431
0.7971661
0.96122396
0.87778133
0.7709619
0.9417612
0.84311366
0.8366261
0.81392866
0.8108662
0.7154143
0.79959464
0.901345
0.61552036
0.78210545
0.87697166
0.6594058
0.7970029
0.7389288
0.8669931
0.68398064
0.70664483
0.58652085
0.8969341
0.8181859
0.79972374
0.8504629
0.8424603
0.9576636
0.7981472
0.9282813
0.85551524
0.6178304
0.7275301
0.92251927
0.64015937
0.678221
0.9773329
0.7706023
0.9033849
0.5903965
0.71821505
0.8571402
0.7979673
0.9624541
0.81282765
0.77783275
0.7094875
0.6464793
0.72727543
0.5561584
0.88511634
0.3913784
0.8144993
0.9377258
0.88693047
0.9335314
0.66910887
0.9468759
0.8409585
0.7925619
0.9253242
0.9451848
0.6378364
0.8975335
0.8632602
0.9573755
0.96230334
0.9072706
0.9137093
0.806511
0.80440766
0.85406107
0.92830867
0.94150746
0.74866045
0.6526413
0.9614356
0.8328669
0.92374486
0.9100579
0.9164321
0.8685117
0.9292892
0.96841455
0.8889074
0.77170086
0.8674152
0.93498474
0.81887734
0.92743325
0.8412927
0.8094382
0.89681745
0.86734223
0.9269318
0.7998573
0.93677384
0.7405248
0.8442131
0.9515217
0.8416557
0.76169276
0.8231354
0.8161814
0.7394247
0.9731127
0.81988686
0.874725
0.7855948
0.820813
0.8026099
0.9080965
0.8491857
0.6838849
0.7158368
0.9437805
0.88082665
0.6866975
0.8857558
0.81247747
0.8812674
0.6038183
0.9425207
0.8695054
0.8280589
0.866385
0.6586189
0.9231396
0.8873223
0.849706
0.9318501
0.5709659
0.89040804
0.7467586
0.85619646
0.95407706
0.8439478
0.71138126
0.77126354
0.87478805
0.94899744
0.7888517
0.9049617
0.9475433
0.8945518
0.94901955
0.7915742
0.7718591
0.6343925
0.6782541
0.936723
0.83802867
0.79501945
0.8174367
0.7267325
0.91210735
0.7995392
0.9611933
0.93774736
0.81008786
0.89556754
0.77609503
0.877925
0.83264256
0.69666934
0.9208618
0.91831887
0.7042154
0.78092444
0.71189106
0.9103471
0.8688271
0.91034484
0.9409253
0.4915997
0.74398106
0.9735006
0.90097225
0.9468652
0.8506757
0.8464777
0.87745416
0.74793905
0.86352587
0.8983023
0.77637
0.8300224
0.7280552
0.7793312
0.5790861
0.6672188
0.94370633
0.54027027
0.61229146
0.8629167
0.7889371
0.9085752
0.8862058
0.97638494
0.7653322
0.68221545
0.87977314
0.78949594
0.868073
0.92411643
0.8554863
0.7972352
0.8823896
0.8533869
0.46695495
0.7700855
0.85831267
0.91737694
0.8748108
0.7836524
0.8554745
0.72374976
0.81740516
0.7448437
0.73686683
0.524054
0.9407247
0.87157845
0.9007868
0.9377295
0.92942846
0.91086394
0.88792914
0.665307
0.6260453
0.8908226
0.8574997
0.9171923
0.7101984
0.6981344
0.83086574
0.8112494
0.8243021
0.7564195
0.87461317
0.9576859
0.71309125
0.9604282
0.897276
0.8327198
0.91242194
0.94415486
0.6636603
0.9556825
0.9566353
0.6899879
0.9359009
0.84891987
0.8975856
0.640127
0.92073834
0.8190276
0.8054709
0.7982522
0.80655706
0.8828291
0.7876839
0.95136213
0.9418278
0.88930565
0.8754554
0.93698853
0.9228811
0.7666022
0.8681032
0.8838792
0.91396785
0.5704168
0.5367037
0.8542655
0.95082545
0.8832606
0.80621874
0.7589049
0.82303494
0.8019881
0.9270866
0.8718968
0.49619633
0.9574964
0.7410048
0.6811642
0.9228152
0.6559755
0.92251515
0.77704
0.89987254
0.6122899
0.6215459
0.74606025
0.93796474
0.8600795
0.9478116
0.79073095
0.9412589
0.9051578
0.9301911
0.8788798
0.94258386
0.82761335
0.8933266
0.85896313
0.7621004
0.8427597
0.93852293
0.9775766
0.9723009
0.8347919
0.92108417
0.7796519
0.83214456
0.68268853
0.89104944
0.9374308
0.65250945
0.7797152
0.88585705
0.8115543
0.9266295
0.94598246
0.94232565
0.80644625
0.8394295
0.7659615
0.7553172
0.6492596
0.9319435
0.95222795
0.79259723
0.86806446
0.4530962
0.8527862
0.93880373
0.8586613
0.9149441
0.7539018
0.92274743
0.96458244
0.9012187
0.9002397
0.730465
0.75696576
0.65901643
0.8109331
0.71931404
0.89748865
0.8219669
0.7735584
0.75308895
0.82992744
0.9523934
0.8864558
0.94499195
0.7498568
0.84553254
0.782796
0.6096849
0.7060956
0.80076337
0.84113586
0.66248405
0.84177655
0.8286126
0.6509242
0.9609173
0.86962116
0.8627463
0.87496895
0.8262727
0.96079826
0.7915202
0.83941925
0.91609526
0.7693485
0.9765048
0.78473103
0.9517353
0.8038892
0.8012702
0.84963083
0.85290927
0.73165053
0.9394682
0.9383417
0.57814455
0.8866961
0.85252774
0.5829203
0.91842794
0.91804266
0.73865914
0.8467249
0.86739576
0.93831533
0.89843476
0.86293423
0.8590201
0.7538128
0.9282095
0.9405771
0.9410109
0.7602627
0.9431358
0.97400427
0.6878973
0.9744947
0.7336938
0.8717203
0.9673859
0.8932463
0.69364125
0.85163236
0.9645921
0.8509064
0.7553749
0.9184605
0.9193202
0.9093087
0.6340907
0.73414916
0.7590085
0.8549044
0.8295502
0.739214
0.91300184
0.84495115
0.90684175
0.96982455
0.7365889
0.8419989
0.7540798
0.5855117
0.78662544
0.9147753
0.7678708
0.8461076
0.63030684
0.77940303
0.9163899
0.8606092
0.61681145
0.75585824
0.8254819
0.837538
0.8173276
0.883093
0.7385637
0.7683793
0.92813843
0.8783171
0.82951653
0.82602006
0.878819
0.90622735
0.9368372
0.9010706
0.86254305
0.837075
0.42922568
0.92612785
0.90776885
0.87560916
0.7762557
0.731061
0.69645506
0.84961164
0.93151945
0.9110013
0.88100827
0.89269674
0.8917937
0.8608334
0.9482745
0.71445143
0.89782465
0.90942913
0.9113918
0.8520878
0.79330194
0.9036249
0.56722724
0.824834
0.82259
0.7302678
0.8228244
0.8137678
0.8502549
0.90881854
0.9296565
0.9106862
0.67904335
0.86408603
0.9043461
0.6997974
0.75862646
0.9140402
0.94378257
0.9124975
0.9421434
0.89824504
0.85152656
0.86012083
0.9421082
0.8404829
0.7807858
0.6504181
0.7687112
0.9416999
0.83451664
0.72489274
0.8416646
0.67848897
0.7662826
0.8845253
0.87188095
0.852917
0.91128683
0.85032284
0.77141494
0.82132703
0.84044904
0.94783545
0.64465415
0.92224413
0.91023403
0.80614614
0.93672633
0.8627698
0.9347245
0.8954133
0.8052422
0.89081436
0.5718463
0.7946191
0.9769209
0.79352134
0.5282741
0.87201333
0.9132265
0.8553282
0.9094167
0.85731363
0.923697
0.84917784
0.70416
0.6848333
0.9809998
0.899403
0.90170246
0.77941686
0.9018331
0.7753215
0.9176501
0.7356919
0.82883966
0.80124265
0.8061606
0.8085836
0.81171393
0.69862187
0.8862798
0.73803025
0.61522067
0.88329417
0.9661646
0.8516731
0.9447594
0.68002534
0.9822173
0.7754135
0.8668586
0.90199924
0.94580424
0.91848505
0.82458454
0.717415
0.8688186
0.598098
0.87014097
0.8575691
0.93619895
0.95017886
0.840366
0.74639404
0.65048534
0.85630417
0.83962107
0.8954867
0.7801275
0.95019805
0.881194
0.80288005
0.77322954
0.8784529
0.7860875
0.75679326
0.93681604
0.8047664
0.8285763
0.9161936
0.82406616
0.64245605
0.78713906
0.7977492
0.7043618
0.5114877
0.65889287
0.8915875
0.8425997
0.9075566
0.85665023
0.86072177
0.91724646
0.9551971
0.7893337
0.6931864
0.93092847
0.96479124
0.89521694
0.80411625
0.8936697
0.9632847
0.8897692
0.95316327
0.9246728
0.8625852
0.9643332
0.68305916
0.885177
0.6697962
0.59996253
0.9246409
0.6389489
0.8425566
0.79916096
0.6112664
0.86073077
0.9596864
0.91659755
0.74722
0.95752126
0.73274183
0.85028017
0.688703
0.60154134
0.69091773
0.7364211
0.8982815
0.9141465
0.7389822
0.8427797
0.9284349
0.8760702
0.9217532
0.8581602
0.64228857
0.6196994
0.91665196
0.8150797
0.8525369
0.80334187
0.70159775
0.85688764
0.87673914
0.8296316
0.8600024
0.8788432
0.7889268
0.8831818
0.8884815
0.88704216
0.8573079
0.80171525
0.85414463
0.73815936
0.97521675
0.95702523
0.7091077
0.8874834
0.8624896
0.91292965
0.7067431
0.8592064
0.79516816
0.8622884
0.95695513
0.9232899
0.93897736
0.8388151
0.8359624
0.9362353
0.7840035
0.6697794
0.8894588
0.88606447
0.61486137
0.77107906
0.60981643
0.9435774
0.79312044
0.64245826
0.91971004
0.9773377
0.8767724
0.49564266
0.7484516
0.8975619
0.5970071
0.7603076
0.9566052
0.50424385
0.8685277
0.79409826
0.7924246
0.76546514
0.82566714
0.8655764
0.8373147
0.5300614
0.8980175
0.6398345
0.6603688
0.5405438
0.8264103
0.9462403
0.69799834
0.39615324
0.6965206
0.9156295
0.92496383
0.7750162
0.88892794
0.9494592
0.84961057
0.9008964
0.5822445
0.9004182
0.9255878
0.8445725
0.9345846
0.95689416
0.8735618
0.8134061
0.79645014
0.85990775
0.851214
0.8940774
0.9447226
0.49605608
0.76866436
0.8220698
0.8615018
0.82160085
0.7760411
0.96580756
0.94281125
0.8713462
0.9262975
0.95984733
0.9191308
0.86135733
0.9332274
0.74640787
0.8041625
0.92953706
0.80187327
0.80613333
0.86323225
0.8629125
0.78629345
0.8590256
0.78967655
0.7680923
0.91623133
0.8376886
0.9459789
0.5391597
0.76877594
0.8942629
0.7684732
0.9294174
0.75652915
0.8160565
0.8594839
0.5911437
0.9215128
0.93461597
0.7385869
0.87010956
0.8398398
0.7016096
0.8719428
0.9370295
0.90351105
0.9350224
0.84684473
0.7880287
0.80426437
0.9573462
0.9174212
0.7873808
0.9742265
0.9205394
0.76320076
0.80172426
0.83853626
0.8676936
0.8740792
0.85731393
0.5811913
0.94934565
0.9266337
0.6708345
0.81431663
0.7743079
0.46310982
0.6776395
0.8600164
0.92677194
0.72271144
0.90165544
0.7768939
0.78043014
0.77403
0.7581112
0.9449867
0.71387106
0.92238504
0.8408328
0.4740263
0.7733142
0.86622685
0.6743626
0.8610302
0.8656633
0.89695853
0.848999
0.80850804
0.9307912
0.87197816
0.8743314
0.7248942
0.7320565
0.7012582
0.8213736
0.74953806
0.6531984
0.915534
0.9418764
0.9227245
0.93886673
0.692438
0.955669
0.773103
0.92446387
0.86389744
0.91954976
0.80126363
0.854975
0.56584066
0.7963425
0.756082
0.6350837
0.87381035
0.71086526
0.8734465
0.9584349
0.81695056
0.9682767
0.5939602
0.81609917
0.88356805
0.90821874
0.8612913
0.92424184
0.83513606
0.74318594
0.78057504
0.95478106
0.86642504
0.8242977
0.9405866
0.5854752
0.9172237
0.97480065
0.58888906
0.836292
0.8277265
0.8963915
0.89883316
0.6963068
0.94695115
0.9733607
0.8579678
0.7438249
0.8186585
0.87265795
0.81686693
0.9519613
0.958439
0.92433786
0.7795926
0.82082003
0.7177784
0.8983706
0.8841968
0.7735516
0.77337986
0.9152327
0.79040927
0.963215
0.9625014
0.92279035
0.84505624
0.87862784
0.9497039
0.7606739
0.84617996
0.2708935
0.7389867
0.8175691
0.77108264
0.8352597
0.8339765
0.40934166
0.90024114
0.67420596
0.6586032
0.9120339
0.8747726
0.8865651
0.95055866
0.8658315
0.83107114
0.85605586
0.8040414
0.847031
0.8021682
0.8890865
0.8671459
0.9313067
0.98143524
0.8026586
0.7715852
0.91591084
0.9252106
0.8362687
0.9145465
0.7979872
0.8063446
0.9057944
0.87273884
0.8892082
0.8423635
0.8022363
0.7201238
0.876406
0.6375994
0.95386374
0.8864894
0.63370913
0.9468164
0.95367646
0.79591537
0.69353163
0.94490224
0.75082046
0.57093275
0.6945565
0.85884744
0.85299003
0.9081091
0.8637438
0.6800453
0.61005986
0.8863999
0.8587936
0.8290542
0.5582579
0.74833995
0.63660336
0.7980053
0.7406979
0.6974714
0.7598979
0.9583429
0.9281417
0.81094795
0.83125746
0.81287205
0.9334096
0.8221626
0.85502315
0.8033677
0.79036015
0.8543514
0.67169565
0.82294565
0.8148995
0.868024
0.8098037
0.85713744
0.8886059
0.7297391
0.5878849
0.80030406
0.83288604
0.8575923
0.8449306
0.8651103
0.79737246
0.78843904
0.9078555
0.83643436
0.8219139
0.7247981
0.9125237
0.809015
0.9193218
0.88556623
0.96712357
0.8574672
0.7297583
0.7554437
0.80082905
0.8757739
0.8901093
0.9020038
0.9623828
0.7484907
0.9345753
0.72727907
0.60954195
0.87276673
0.60334074
0.74322915
0.7213234
0.849355
0.8468724
0.9048202
0.7523368
0.76756257
0.8024553
0.7039976
0.841725
0.8580775
0.95015657
0.8279192
0.64642346
0.85792005
0.776375
0.9804062
0.7943303
0.82133675
0.9367064
0.8364525
0.7418326
0.88048315
0.80164623
0.9361773
0.78835535
0.9445002
0.85223454
0.92914677
0.97482705
0.7731231
0.8578384
0.9539564
0.9560186
0.9142128
0.66780907
0.7793654
0.881215
0.9713303
0.9042735
0.8979739
0.85105544
0.8666736
0.6826848
0.8387512
0.9373994
0.9673829
0.9792064
0.74926794
0.9765434
0.8993862
0.70883214
0.93369293
0.90586734
0.95901936
0.8597959
0.73607254
0.8001585
0.9027315
0.82324076
0.834917
0.8323312
0.87637913
0.89709264
0.8290365
0.87486947
0.8855526
0.8320447
0.5944671
0.8496582
0.79464847
0.9679566
0.945255
0.83330834
0.792061
0.8275719
0.77072155
0.95903224
0.8642663
0.83982414
0.8572123
0.88516986
0.95343244
0.3500411
0.65946776
0.87764
0.47921023
0.91280293
0.880046
0.70882684
0.9282112
0.6976851
0.786281
0.8456354
0.93135554
0.85753024
0.7422348
0.77893037
0.7720326
0.5934494
0.7767015
0.6990755
0.81145906
0.7198017
0.85733724
0.82263446
0.738379
0.34712097
0.87347007
0.6110431
0.8969676
0.74386984
0.76354706
0.8393478
0.8409361
0.8930491
0.66982096
0.6696079
0.96078455
0.7387853
0.9471736
0.83921045
0.8473871
0.8532814
0.8903987
0.90361315
0.88419795
0.7679083
0.92685896
0.66179734
0.95937514
0.7726012
0.79202247
0.941204
0.88278794
0.57365555
0.8864526
0.7719947
0.8794282
0.68651533
0.9626634
0.78377545
0.84018135
0.8839684
0.8725926
0.9265461
0.8285037
0.70557404
0.8327319
0.7878505
0.80232966
0.77479196
0.93202084
0.894035
0.84413487
0.8504974
0.9687203
0.72725785
0.89731574
0.80225843
0.73026574
0.9269959
0.95211226
0.75821424
0.82769644
0.7043957
0.8614803
0.8526638
0.96878225
0.9771314
0.895374
0.82413673
0.76444757
0.87931174
0.5349651
0.888001
0.8947304
0.89507884
0.8644262
0.95683926
0.8325096
0.6794849
0.89154536
0.8031167
0.9512227
0.75500786
0.71577287
0.89320767
0.950982
0.49141747
0.97221947
0.697628
0.78336287
0.9449012
0.70497763
0.7710104
0.9609292
0.82924086
0.9348868
0.90682673
0.9183494
0.83116794
0.85897005
0.8472767
0.672163
0.93193763
0.9330488
0.9073236
0.94735974
0.81722367
0.7724232
0.95486516
0.91788244
0.9107439
0.8811264
0.7413995
0.77524215
0.8398174
0.8730528
0.7498661
0.8026079
0.6825977
0.6847542
0.8495681
0.66775787
0.91713303
0.97430146
0.79113746
0.84137857
0.7905186
0.9557287
0.7029149
0.9116223
0.9368816
0.89174473
0.8983328
0.8513407
0.6512947
0.91261166
0.75490737
0.8123787
0.7541231
0.85872316
0.93413985
0.69692034
0.838626
0.7812687
0.85992855
0.9589901
0.57448137
0.88513714
0.914083
0.97680604
0.79841256
0.956837
0.8206582
0.93508756
0.8776622
0.82621694
0.85741186
0.8445091
0.9069685
0.7558881
0.8855303
0.7303384
0.63126343
0.9489864
0.8550517
0.9373088
0.86216116
0.88478893
0.7798054
0.69597715
0.8899274
0.9385748
0.71305466
0.965618
0.8541171
0.915842
0.7875209
0.8521851
0.7519984
0.80412483
0.9202539
0.9502918
0.78562486
0.94659144
0.81364197
0.9191811
0.9319077
0.8932239
0.8948581
0.77769893
0.90669703
0.7623305
0.8538143
0.9254656
0.9458262
0.8992986
0.95504856
0.7134285
0.8792003
0.9596885
0.9349468
0.903762
0.8347047
0.8439178
0.8047888
0.9121187
0.84556746
0.70339334
0.7731002
0.7932099
0.8369755
0.94941545
0.8743304
0.89154613
0.9382782
0.8942817
0.89584315
0.8302915
0.8858776
0.8054806
0.7084233
0.8904704
0.7281383
0.4978123
0.9339644
0.69410235
0.92742443
0.6667548
0.83621377
0.6859858
0.8973493
0.96381915
0.7085718
0.81634897
0.9782882
0.93159485
0.64631295
0.88190234
0.7485036
0.8671981
0.944553
0.87829673
0.8396501
0.86335814
0.6188712
0.7858287
0.7650935
0.90402293
0.83325154
0.5498107
0.64426374
0.7784028
0.85986686
0.7475279
0.505986
0.8192266
0.69502854
0.7983824
0.69962865
0.9361151
0.8750981
0.8296929
0.76036304
0.71403646
0.8780823
0.93364453
0.939014
0.8926811
0.9020926
0.91493434
0.8492834
0.7552564
0.7694283
0.6782384
0.6531814
0.8057474
0.7571761
0.7949277
0.42443433
0.84616214
0.88094515
0.8375624
0.4251493
0.8179897
0.73514134
0.86860025
0.6476079
0.74945855
0.9056047
0.8868247
0.9750622
0.8644083
0.83569634
0.951658
0.8531648
0.5626893
0.92154527
0.676442
0.7026663
0.8532764
0.80044687
0.7976589
0.791474
0.9453735
0.88167953
0.9488111
0.48835176
0.710464
0.955612
0.82108855
0.95236975
0.92919225
0.8571771
0.9018171
0.9426125
0.87701565
0.75756186
0.78037393
0.91009784
0.7571913
0.7436094
0.63327765
0.9275337
0.8658758
0.78165615
0.8163668
0.5545088
0.7566785
0.8910458
0.6281557
0.89702404
0.7266906
0.7520003
0.8438307
0.88850105
0.93918
0.8237678
0.8355179
0.9507796
0.89872885
0.62418205
0.9374309
0.776661
0.83346254
0.79816765
0.7972478
0.87384886
0.9732009
0.7079048
0.9614539
0.9454322
0.34086487
0.69618523
0.81206864
0.7872348
0.7884866
0.8123388
0.90522677
0.94684404
0.8924949
0.8472684
0.81445545
0.95508677
0.9214924
0.9222039
0.9269047
0.9167787
0.9053621
0.92889285
0.71133184
0.6403478
0.9087873
0.7732273
0.8046357
0.8017503
0.8960917
0.9397142
0.85324466
0.79647386
0.87685895
0.8527011
0.9583008
0.9390794
0.7645595
0.8896702
0.95300376
0.9058632
0.850387
0.807109
0.9539167
0.95481926
0.8718411
0.8003465
0.8029672
0.79783183
0.8740082
0.8506268
0.8285148
0.7661993
0.7812356
0.44833964
0.6741892
0.9522107
0.8334338
0.91113657
0.8714362
0.86643034
0.828332
0.9362284
0.95513713
0.8582047
0.9473317
0.5960398
0.64937675
0.74506545
0.8727709
0.8005261
0.8533615
0.5199395
0.7322637
0.7705079
0.6513947
0.8798485
0.81224966
0.7944374
0.83479434
0.69167405
0.9354303
0.8450837
0.8150978
0.575356
0.80162966
0.88258547
0.73321366
0.7353509
0.8002981
0.7622251
0.92360765
0.68761295
0.9072655
0.7619511
0.9189013
0.8681745
0.95538723
0.9745364
0.8826481
0.8313777
0.8318749
0.6574889
0.92367506
0.62994385
0.7790163
0.93290246
0.91253287
0.8300791
0.9222129
0.8866361
0.9087343
0.4934436
0.841307
0.8958277
0.8366816
0.82556427
0.79724216
0.76590407
0.92056143
0.9244324
0.7603831
0.8381911
0.8414843
0.97124046
0.84228235
0.84744155
0.75488085
0.94025487
0.93227917
0.87664145
0.8696227
0.7759507
0.9530853
0.8723476
0.8667698
0.9048357
0.94377565
0.9738303
0.71526885
0.6644162
0.8293879
0.8295158
0.9118155
0.9337277
0.9430152
0.8912415
0.9560733
0.95471734
0.81724304
0.9397993
0.9037117
0.7518785
0.6860579
0.8921121
0.7755449
0.93928134
0.9429068
0.8424015
0.79097176
0.8913325
0.93090403
0.9144211
0.89382607
0.7348158
0.5283067
0.8250456
0.8355905
0.5633385
0.8450334
0.96478444
0.8813064
0.9043147
0.887458
0.66553915
0.8626024
0.9562542
0.55057037
0.4520628
0.905979
0.8567885
0.65515435
0.9705411
0.9181436
0.833693
0.6701888
0.83638823
0.7862229
0.95093703
0.7842344
0.8030003
0.7619157
0.3740449
0.9602025
0.97279716
0.8718703
0.9326541
0.85661256
0.9453445
0.7425243
0.9310445
0.875293
0.9760684
0.9524913
0.8226073
0.9577873
0.5583573
0.93819463
0.91546464
0.7870499
0.6661806
0.83235395
0.9297262
0.90472764
0.75816464
0.82674646
0.90149486
0.87569886
0.73998916
0.8296467
0.95494753
0.9682795
0.85012823
0.88390756
0.8753454
0.7774007
0.8514223
0.85321283
0.968238
0.71421427
0.6831664
0.92825174
0.9596709
0.9572935
0.80732995
0.9308385
0.5148541
0.9333483
0.8667799
0.85351473
0.82640886
0.9596095
0.8588132
0.76323235
0.88286793
0.95130384
0.79420674
0.7849953
0.73839384
0.92198354
0.8220869
0.60825175
0.8253347
0.89779294
0.97366416
0.76861346
0.7051914
0.9503258
0.8991827
0.953058
0.86474276
0.9472437
0.94420594
0.77691734
0.97061205
0.8244976
0.9494987
0.87689286
0.8381012
0.7664632
0.9392313
0.73232293
0.92771053
0.89768064
0.83294195
0.8679469
0.6691076
0.7952035
0.89309037
0.8671694
0.88164616
0.9319211
0.82629937
0.8182721
0.86639994
0.65057516
0.76352334
0.91097134
0.7187616
0.9588995
0.7833307
0.8751321
0.89730364
0.895838
0.7098725
0.8594454
0.8321964
0.8574383
0.47559744
0.8449867
0.8458664
0.64046544
0.7669911
0.9134331
0.7829069
0.77531296
0.8741296
0.80114406
0.81808114
0.71951336
0.8848239
0.9196526
0.86675
0.786667
0.6711445
0.9256317
0.9435064
0.9257378
0.8419694
0.45025635
0.82570505
0.629773
0.65760434
0.8967367
0.9421138
0.8209056
0.91837496
0.9620867
0.88551784
0.9481743
0.7962605
0.9331307
0.83453715
0.9670627
0.9336401
0.7241438
0.64550364
0.9128581
0.8111347
0.92660993
0.7763014
0.7043177
0.9254512
0.8475157
0.91131145
0.8499907
0.8806132
0.79038996
0.8591193
0.62898856
0.8003051
0.8609641
0.8905287
0.72317165
0.8887106
0.8824171
0.89086914
0.73494875
0.7188829
0.88196695
0.9318222
0.75092363
0.9085358
0.97415006
0.8104042
0.8300935
0.7616532
0.7628149
0.8985438
0.8174697
0.81149304
0.9200598
0.9063418
0.863919
0.7763902
0.88509625
0.88866436
0.8391681
0.6590338
0.8511251
0.7260104
0.97394556
0.85937893
0.6659217
0.7302943
0.7306416
0.9009277
0.92249715
0.97373027
0.935701
0.8543418
0.7466024
0.76026255
0.8696946
0.8053385
0.6163984
0.8769125
0.8867642
0.8866542
0.93778586
0.90227914
0.74399155
0.9176868
0.9338386
0.86060786
0.79474396
0.9807194
0.9644378
0.68367517
0.82362074
0.65414786
0.7496476
0.93928117
0.92696095
0.8941552
0.78354275
0.7906201
0.69537646
0.89408565
0.90488154
0.83223295
0.92288506
0.5418041
0.7891051
0.9456977
0.7653591
0.73372084
0.7698563
0.8410058
0.74007565
0.8035174
0.7247566
0.94256896
0.86735237
0.8801296
0.9295217
0.6398432
0.90410554
0.94660795
0.91472673
0.9416041
0.8466834
0.80654204
0.73987144
0.6565385
0.90457976
0.89825165
0.96160436
0.8339123
0.57795095
0.9611536
0.86495614
0.90313053
0.89464176
0.73938143
0.82975316
0.7629452
0.74785095
0.9130365
0.8312207
0.86378455
0.8373059
0.9069212
0.8439792
0.850097
0.9680271
0.8247967
0.734607
0.95303947
0.87812686
0.813654
0.87857836
0.76023626
0.93531024
0.8709351
0.86242473
0.900355
0.7116943
0.80532694
0.91970605
0.9290034
0.87262726
0.96040475
0.49670768
0.9397189
0.72637165
0.7907426
0.85738844
0.93526995
0.7487361
0.89120996
0.76530385
0.96061903
0.8481632
0.9392216
0.95043474
0.95079726
0.8488304
0.81580687
0.74380565
0.96551067
0.7293052
0.8526007
0.7198708
0.91479945
0.8095371
0.9393516
0.8901874
0.89115554
0.84783614
0.80067176
0.6376358
0.8877024
0.75971675
0.87007236
0.86576235
0.9554399
0.8429356
0.9128631
0.8015776
0.44305876
0.64994174
0.7572888
0.87192106
0.78924143
0.8121289
0.94489896
0.87113106
0.8996042
0.8033115
0.85786307
0.8826072
0.86486053
0.8378634
0.93975776
0.7662877
0.8593053
0.84901845
0.9175711
0.79411453
0.8929666
0.9667573
0.68175936
0.67380404
0.8052537
0.8245908
0.85304344
0.91166204
0.9036512
0.94605017
0.9005248
0.7317252
0.9288209
0.770713
0.8226418
0.5144215
0.9668815
0.8670223
0.9108436
0.969959
0.88789344
0.7418077
0.850281
0.6037215
0.90689886
0.92069113
0.88221383
0.8412448
0.9187039
0.80087554
0.9437394
0.7424741
0.7263066
0.93228316
0.47441
0.8899097
0.86444736
0.7896855
0.93192697
0.9268259
0.92908335
0.69157666
0.8328656
0.8244778
0.922989
0.6603228
0.885425
0.80140775
0.82365566
0.8562641
0.896143
0.91701317
0.79532325
0.80302507
0.8633667
0.85093373
0.9034953
0.84884924
0.8089733
0.95688015
0.94857574
0.8463081
0.8413706
0.95654684
0.9551006
0.91983855
0.9419756
0.9615177
0.88904107
0.8974774
0.87544143
0.80235416
0.77610606
0.95142657
0.90227747
0.859397
0.8489405
0.9216809
0.91585714
0.83283883
0.85406905
0.7800622
0.8139631
0.9418075
0.9010983
0.89354974
0.8874416
0.877194
0.85724956
0.82143784
0.8084575
0.81877136
0.7008599
0.7883073
0.8055836
0.7579653
0.96821177
0.88802165
0.7441656
0.91703695
0.93652904
0.9372964
0.9099101
0.9607246
0.8852711
0.7120073
0.9069239
0.8955467
0.9301959
0.9190687
0.48026094
0.9637675
0.68870074
0.9454104
0.7692642
0.8205675
0.894588
0.7838962
0.86611164
0.80870885
0.9805659
0.895605
0.9238871
0.8550287
0.82705563
0.89164233
0.86036396
0.88681203
0.55803883
0.9061663
0.9451728
0.8136884
0.49308005
0.9228308
0.7303122
0.9469305
0.8154362
0.87034154
0.7610695
0.907331
0.89328426
0.8831396
0.9028675
0.9191805
0.65322316
0.8249501
0.8654259
0.64830315
0.6412839
0.89407724
0.90063983
0.79656315
0.75143546
0.8961273
0.82946575
0.85247767
0.80744046
0.86163574
0.680586
0.8893317
0.6208338
0.908114
0.91761625
0.7360789
0.894332
0.75871855
0.8816854
0.879119
0.75908566
0.8392189
0.9221259
0.902681
0.9641993
0.61385256
0.95340896
0.76173514
0.9400022
0.89858645
0.7423314
0.93977076
0.76009333
0.89061856
0.9028201
0.86778134
0.7812978
0.791587
0.80976194
0.92941123
0.9361471
0.8774009
0.896703
0.6733908
0.8463196
0.8873762
0.76695114
0.8750056
0.9826206
0.8418305
0.9800231
0.6753648
0.84184253
0.93283665
0.7848752
0.9291479
0.8378289
0.8147428
0.7818508
0.84289485
0.77123666
0.71232206
0.9218843
0.94518673
0.73072475
0.69832146
0.8196907
0.8364084
0.88831925
0.88691384
0.8996225
0.6544342
0.8767596
0.85339636
0.814584
0.94855165
0.9831442
0.85148144
0.47684133
0.86501664
0.34579524
0.770299
0.9010554
0.72089857
0.8739064
0.9329104
0.8678472
0.81028235
0.87486744
0.66382784
0.888289
0.8521639
0.84268904
0.82565796
0.9315921
0.5832348
0.93104374
0.88646674
0.83498454
0.80983174
0.98121095
0.8256829
0.90775746
0.70333767
0.5030261
0.81916916
0.80217254
0.75659007
0.8597306
0.9137333
0.8792054
0.9113542
0.68517077
0.67393196
0.71074396
0.8639784
0.8747517
0.9244338
0.8942293
0.89667314
0.833325
0.81398827
0.7570185
0.8439372
0.7156481
0.7575371
0.85955757
0.82252157
0.82612836
0.88908654
0.7895585
0.9180367
0.8568616
0.9338416
0.71232355
0.85006636
0.72887295
0.8098984
0.96808004
0.7999907
0.6819707
0.79012495
0.8367485
0.765062
0.8827268
0.82697266
0.58159006
0.9415576
0.52505606
0.733829
0.8832676
0.7803873
0.819848
0.9206151
0.8647393
0.9103677
0.9431815
0.73248637
0.65371954
0.92422783
0.8250731
0.8002309
0.8524757
0.97811973
0.86121804
0.8073293
0.9150117
0.82365847
0.956836
0.92516994
0.9363061
0.783114
0.95777524
0.83052576
0.80837446
0.9137413
0.8828218
0.8530195
0.82283676
0.65299714
0.6906183
0.8130269
0.91915923
0.86438006
0.81605583
0.53274035
0.90140194
0.78369534
0.9427297
0.8256512
0.92397493
0.9132336
0.78276396
0.7611172
0.79632574
0.8946523
0.87791145
0.7548058
0.826689
0.73156345
0.83851504
0.8782233
0.85589653
0.8276259
0.93775016
0.72242296
0.9060031
0.9596887
0.94415283
0.807378
0.9811176
0.8534899
0.93267924
0.8393573
0.87499297
0.84216046
0.8231132
0.94800127
0.95224786
0.88427955
0.8498802
0.9584314
0.93596554
0.8828903
0.7954782
0.8049115
0.9476399
0.8957594
0.97157484
0.9120102
0.85017264
0.7990781
0.9627484
0.7997286
0.79757905
0.87528944
0.86846936
0.92442703
0.8526514
0.87515074
0.8402887
0.89206064
0.7359932
0.946747
0.81993157
0.66761595
0.9402755
0.9532056
0.8824116
0.84370303
0.97112894
0.7074963
0.46771476
0.8394388
0.8077905
0.8831444
0.7222677
0.8762942
0.8674765
0.84577644
0.2220935
0.94289315
0.9083282
0.7543292
0.808118
0.5130142
0.75247693
0.9050322
0.9640208
0.8613522
0.8466408
0.6324647
0.68632644
0.8671945
0.3416182
0.9483999
0.59850395
0.84872144
0.8263927
0.53239584
0.7373662
0.9457575
0.96626115
0.8127559
0.6958748
0.80768806
0.62711513
0.74953306
0.87907296
0.8577732
0.8640424
0.65042233
0.90418243
0.88641256
0.8463113
0.8298671
0.9321559
0.77724826
0.8640256
0.83736145
0.97544724
0.86824775
0.87322134
0.75127137
0.88232565
0.8671218
0.83431774
0.8558008
0.81156504
0.7459184
0.784734
0.8433807
0.79907703
0.62286705
0.57510173
0.8920839
0.64092076
0.6459163
0.9268652
0.9121269
0.9733834
0.79443747
0.8870225
0.87579495
0.8245013
0.855087
0.9608792
0.9710253
0.9408116
0.69944465
0.9635943
0.94982034
0.80387414
0.9216751
0.91622144
0.9315146
0.9168626
0.7808632
0.8145853
0.468389
0.7931286
0.70797706
0.8485262
0.6913007
0.66116595
0.8639779
0.86341673
0.83757293
0.8107581
0.74171245
0.77277625
0.8037723
0.8856975
0.91836166
0.9475881
0.9454061
0.89394367
0.84688485
0.94997096
0.9210929
0.932574
0.832461
0.9641363
0.8662948
0.62290955
0.62313896
0.6166557
0.9034188
0.6773759
0.8674082
0.87400055
0.6522686
0.88090384
0.8383328
0.882191
0.82715124
0.7943244
0.8014689
0.93992
0.729209
0.5499135
0.9189451
0.8454208
0.85574436
0.8077191
0.91906327
0.66778094
0.934402
0.92416304
0.79212475
0.9483858
0.73396546
0.8320339
0.84595674
0.9751619
0.8531194
0.8554673
0.83829683
0.87783027
0.80965066
0.7943638
0.639288
0.84911025
0.88090575
0.8140623
0.40743428
0.9134071
0.93327475
0.88070345
0.8159453
0.94792575
0.92475265
0.7446244
0.93376637
0.90671134
0.78100926
0.71611565
0.91613775
0.8094715
0.88215834
0.7635251
0.8388275
0.9232981
0.82925725
0.7318979
0.75812876
0.8768823
0.7175207
0.87658894
0.8216765
0.8640127
0.92791057
0.8711902
0.8549293
0.9474404
0.9286494
0.801766
0.8785379
0.8752305
0.9185949
0.8734295
0.7201257
0.703798
0.8031282
0.95876884
0.9409684
0.91890574
0.84610623
0.9199109
0.9244272
0.7883219
0.8557555
0.90305424
0.9256998
0.8502939
0.7789586
0.89967406
0.77168393
0.7487659
0.78509194
0.9121817
0.83083224
0.7351924
0.8964163
0.8734946
0.61527276
0.8885802
0.9358513
0.8525507
0.79771644
0.8122994
0.91834545
0.8650125
0.8300934
0.8547462
0.8494358
0.9177451
0.84709746
0.59806323
0.695039
0.5546367
0.8328079
0.85205233
0.844749
0.7297866
0.8042343
0.6202719
0.82316244
0.9128087
0.8694954
0.87422204
0.9599489
0.8587907
0.78996795
0.91996
0.68080604
0.8974008
0.7966006
0.8934354
0.7564372
0.599121
0.8887477
0.80732596
0.8829381
0.92724407
0.913383
0.8155843
0.8578438
0.8217038
0.8998786
0.66624844
0.76901245
0.9289733
0.9675987
0.82799935
0.9024626
0.8753827
0.73874056
0.9727647
0.8026639
0.79129237
0.8828771
0.7618953
0.65604687
0.32826295
0.8498882
0.9596774
0.72264516
0.94438034
0.7948205
0.8069857
0.85141665
0.553515
0.80172837
0.95672977
0.76559025
0.77486664
0.91764164
0.6824115
0.8783711
0.8808213
0.7579488
0.83476704
0.8659668
0.63108844
0.83478594
0.80413914
0.8911243
0.86793
0.7537728
0.7055058
0.8880173
0.83335346
0.9290961
0.6119316
0.94620997
0.6683423
0.96299213
0.9576179
0.8039828
0.8913
0.9119189
0.6306623
0.83052725
0.87096065
0.96219206
0.8593043
0.8600641
0.85331297
0.7842692
0.5071918
0.77395445
0.77120835
0.75052977
0.84728307
0.85300785
0.9689317
0.62035733
0.38841653
0.86203
0.8612431
0.9263759
0.9533399
0.79367775
0.6587484
0.88829446
0.7782087
0.84418654
0.9025302
0.76524884
0.8563957
0.87425625
0.92567945
0.9256744
0.9592258
0.8224624
0.7117678
0.73091453
0.93821406
0.74648046
0.048147
0.8634884
0.9392365
0.68451095
0.9620113
0.763211
0.97486615
0.8226454
0.9516901
0.83557034
0.9052864
0.84606767
0.729286
0.8723686
0.86873204
0.8644046
0.92171514
0.6378005
0.66347027
0.8691311
0.7149739
0.93689543
0.7872694
0.7591302
0.9088522
0.9124149
0.6644011
0.9108214
0.72057307
0.908882
0.81439567
0.88231266
0.8166391
0.9307471
0.7081801
0.8701187
0.7657611
0.929567
0.8803803
0.87989414
0.9022017
0.80183655
0.6500089
0.80121577
0.6896719
0.879539
0.82474816
0.70804435
0.9443816
0.80182076
0.967841
0.79799837
0.6683036
0.7065626
0.7218842
0.86572635
0.7545376
0.9316765
0.65603876
0.9440741
0.7520517
0.5775057
0.6105292
0.7849132
0.9257416
0.69529456
0.8759868
0.9501161
0.9429383
0.76884365
0.8521611
0.93651277
0.8981311
0.77907574
0.86518764
0.9649447
0.7413034
0.8899653
0.9560122
0.9283379
0.9503962
0.8629531
0.8885001
0.84614474
0.7554518
0.84840834
0.9225444
0.68016666
0.7327752
0.7872711
0.65121716
0.8704654
0.8564964
0.8912213
0.6064923
0.9345167
0.83769006
0.73219943
0.86092454
0.8667777
0.42933726
0.7126859
0.8568343
0.9103546
0.938053
0.60396385
0.7772988
0.81066674
0.96338284
0.9385829
0.8980106
0.837363
0.89160377
0.8630848
0.9353405
0.7354588
0.9445951
0.6689398
0.72697693
0.67701846
0.8616126
0.8079053
0.8177984
0.9338772
0.5088273
0.83831805
0.8756108
0.9112261
0.9641908
0.89567196
0.7044895
0.7575619
0.9171456
0.9397732
0.6743992
0.75579256
0.8703876
0.86215144
0.94819707
0.86607194
0.8994284
0.6621069
0.62124455
0.7856473
0.7950146
0.7698542
0.92995226
0.8662399
0.9347581
0.9349614
0.87005115
0.8511867
0.8442804
0.69982064
0.9407454
0.755847
0.833778
0.930769
0.959534
0.8305871
0.88719666
0.89355844
0.8092109
0.83960927
0.79801536
0.7942816
0.7929849
0.7782126
0.9634634
0.8837972
0.79353607
0.94769096
0.8498718
0.9375092
0.9428979
0.783993
0.77260715
0.68867224
0.74265486
0.92709297
0.9279647
0.9796586
0.7997705
0.8115805
0.63098395
0.8977637
0.8305379
0.79171914
0.7517217
0.76515627
0.95336175
0.6292633
0.95489615
0.86302423
0.80476856
0.7947367
0.48302317
0.84576285
0.8932119
0.8555508
0.7792109
0.9355979
0.68985623
0.404332
0.84091747
0.7217634
0.822536
0.8238169
0.8254406
0.95053715
0.9057984
0.8573387
0.97973996
0.8255539
0.9682578
0.6662603
0.91882896
0.8902921
0.8571237
0.9517913
0.73260796
0.83972514
0.9046584
0.8961967
0.6933443
0.8012908
0.7822917
0.7852924
0.791922
0.6503154
0.6874199
0.931194
0.9299278
0.7192219
0.9404434
0.9489712
0.66582227
0.6327329
0.6964943
0.85626316
0.7097811
0.93863696
0.76151615
0.94621706
0.8250571
0.97891927
0.77691245
0.81350243
0.87337464
0.8203324
0.886649
0.7539949
0.8541037
0.7837097
0.8724153
0.7647555
0.9448956
0.77037054
0.89067566
0.96635264
0.63271743
0.7383897
0.76589894
0.9008566
0.8853523
0.7891977
0.7799965
0.7773861
0.57471114
0.8661159
0.91676795
0.6725551
0.74498326
0.92794997
0.8165587
0.86821383
0.8650286
0.8574189
0.4771651
0.8106351
0.8419501
0.85358423
0.8941246
0.7115084
0.73896515
0.8138252
0.8449023
0.86173666
0.8900011
0.69532144
0.80129594
0.70627606
0.8767317
0.9463335
0.9815146
0.9336648
0.94237244
0.8646625
0.77510476
0.48434868
0.73736215
0.7399082
0.8925958
0.70866257
0.954122
0.8550722
0.89309955
0.7380568
0.83949935
0.6764888
0.80520314
0.8817744
0.8669298
0.9801492
0.6299205
0.8402375
0.79300547
0.77974856
0.88151085
0.49408
0.85018617
0.77274585
0.91956323
0.8802701
0.8972457
0.9165938
0.87643886
0.79493314
0.7995712
0.2107031
0.96683025
0.8820295
0.7517206
0.91638786
0.8863212
0.84116036
0.7108806
0.87721944
0.685555
0.98395276
0.9330429
0.9232025
0.7915684
0.86310095
0.9445056
0.86733496
0.6569543
0.5723336
0.90909845
0.8738388
0.9395891
0.87784797
0.852519
0.79619306
0.93322676
0.923845
0.87950385
0.8536054
0.9706807
0.8767827
0.9441371
0.49980164
0.7788469
0.9061195
0.769969
0.8990122
0.90036523
0.8193195
0.93527025
0.86839354
0.8390559
0.6909455
0.74281675
0.9308063
0.9512879
0.9392573
0.7562372
0.9206928
0.8832697
0.9304433
0.8358327
0.93127596
0.6604857
0.8645309
0.92962724
0.7552852
0.8618725
0.6435098
0.91329074
0.9051041
0.8269297
0.7812936
0.93435884
0.8284072
0.5855912
0.8750597
0.9432576
0.92127067
0.95879114
0.91452193
0.7166692
0.92267764
0.89554656
0.6657522
0.9425024
0.92743325
0.8506419
0.80496025
0.7769967
0.89039356
0.40790042
0.9413752
0.82761943
0.86166465
0.8442529
0.85098344
0.808509
0.8894698
0.9613378
0.84366846
0.6650293
0.9032619
0.8500658
0.8424765
0.9022667
0.9088506
0.84452856
0.92517024
0.6868204
0.8796621
0.8517445
0.8760676
0.9386804
0.7364063
0.9419625
0.9497644
0.7170515
0.80662566
0.7762854
0.82096225
0.87741554
0.8107933
0.6409252
0.7127142
0.87021494
0.948894
0.73524356
0.93627423
0.9562954
0.7802923
0.72772527
0.774413
0.570396
0.9548565
0.96933365
0.90547264
0.91656333
0.84850335
0.7968331
0.91488826
0.8361325
0.7955726
0.76716775
0.85740286
0.96203506
0.9228551
0.81054103
0.876698
0.8091576
0.7052846
0.85088533
0.8502253
0.6246474
0.62510884
0.42483038
0.8390162
0.82132983
0.9046303
0.90754914
0.72829723
0.7841539
0.8681166
0.8549875
0.85455155
0.8258779
0.5813212
0.86593854
0.88060296
0.5799104
0.88164663
0.6871869
0.96469134
0.8430496
0.7853281
0.7341493
0.79046935
0.80246794
0.79093605
0.9528341
0.9211792
0.9537
0.92136633
0.68435144
0.81768155
0.93541896
0.9521817
0.6181512
0.91318685
0.6180501
0.70660686
0.86157495
0.9611967
0.85290635
0.73486006
0.9531503
0.86726487
0.8566478
0.7611109
0.8530708
0.83847404
0.8752638
0.86446327
0.86000293
0.7324676
0.89063627
0.7664436
0.6226345
0.7438896
0.7884622
0.8440933
0.7755275
0.8369353
0.7283043
0.94249964
0.86797255
0.8720209
0.6988142
0.7864908
0.74691826
0.8034157
0.9304416
0.5858907
0.8904279
0.63143575
0.8247544
0.88178176
0.7113061
0.9060359
0.7963215
0.7308333
0.70861053
0.86663145
0.9073818
0.9570627
0.967968
0.94555676
0.9275591
0.9528499
0.8079748
0.8062395
0.7162541
0.9045697
0.76645225
0.928624
0.7955009
0.7851769
0.7862743
0.90041775
0.90204245
0.87453085
0.9572972
0.55881834
0.9153852
0.9733045
0.80750555
0.79080474
0.83978826
0.86319035
0.75228775
0.897471
0.86561453
0.77453756
0.90992355
0.8832692
0.9537262
0.8754146
0.9276695
0.6735754
0.7489908
0.83587646
0.830157
0.8787252
0.48896465
0.84810185
0.94007313
0.8968818
0.90093064
0.9085896
0.9080761
0.75339687
0.81796074
0.76073664
0.60970795
0.44122544
0.93144727
0.7338421
0.8517933
0.8390528
0.8933193
0.7999585
0.72154063
0.74492633
0.7225597
0.79193896
0.76364756
0.7757902
0.94182205
0.9384151
0.8301011
0.8123295
0.64075243
0.79102147
0.81464475
0.5577233
0.90106
0.8195249
0.87390447
0.9489166
0.9441327
0.80081135
0.9634086
0.84231097
0.8199321
0.8921858
0.77763224
0.8712398
0.5978239
0.8790196
0.90011007
0.77143997
0.8240442
0.92706394
0.860524
0.7170272
0.94128156
0.662558
0.95825994
0.89790916
0.86876726
0.8359849
0.75275004
0.9062712
0.48283187
0.9367971
0.8283654
0.9222071
0.940148
0.7295681
0.5434458
0.92201424
0.94503146
0.848862
0.95749915
0.8505684
0.768754
0.80665934
0.79018426
0.86322135
0.9071238
0.6847466
0.67108816
0.93778795
0.7946523
0.92117786
0.6034289
0.8255455
0.8029318
0.8262074
0.6454727
0.9449042
0.7898637
0.91985345
0.9284922
0.8615282
0.864218
0.8760219
0.8705336
0.8734741
0.9426049
0.91603804
0.94974196
0.88902026
0.9877027
0.97247255
0.6746119
0.7444644
0.91021687
0.9360486
0.5678224
0.5188897
0.8199604
0.9753941
0.718714
0.97161263
0.4623066
0.68190217
0.79822093
0.66835576
0.5442917
0.9244658
0.863241
0.90120983
0.74512124
0.86978185
0.95939267
0.66433173
0.8528149
0.87008256
0.4664476
0.81936204
0.9001712
0.8752344
0.92044187
0.8969159
0.9372742
0.8897791
0.9377344
0.8087608
0.9444805
0.9403123
0.86839366
0.9023996
0.6617004
0.7540908
0.92529976
0.8375241
0.6384283
0.787917
0.8257344
0.7495445
0.54228485
0.77362704
0.8259475
0.84822416
0.9135922
0.9199808
0.9039342
0.93270856
0.35496214
0.77867866
0.9275755
0.9227706
0.7409971
0.8673444
0.71878564
0.89358026
0.9073167
0.8282321
0.95006585
0.8495719
0.936075
0.75278705
0.82893586
0.7172706
0.91108716
0.849741
0.80233717
0.8953815
0.9661075
0.70765185
0.9458263
0.94679725
0.85039556
0.9631417
0.738942
0.9245133
0.8031256
0.9410132
0.7215039
0.77645093
0.92727345
0.97917765
0.9874493
0.95498395
0.85248375
0.9487223
0.7367756
0.9232063
0.85427606
0.8832199
0.86512846
0.8616333
0.92289084
0.87111264
0.9071673
0.74823684
0.69287294
0.7619368
0.9374615
0.85009295
0.71619934
0.9162965
0.72027534
0.84067833
0.86100376
0.8790679
0.6228665
0.9150903
0.7798576
0.74430954
0.55771947
0.5634958
0.73895496
0.6792086
0.94404614
0.59361553
0.9482874
0.9050718
0.8314729
0.9790918
0.8649741
0.81364655
0.83022124
0.67303
0.79893553
0.647459
0.92271924
0.92635304
0.9264934
0.8412689
0.50345874
0.7049066
0.9363296
0.8642201
0.7036348
0.7800482
0.711954
0.657056
0.83515507
0.80132836
0.94643337
0.8721422
0.65893036
0.93159217
0.67266035
0.73569024
0.8089442
0.88118666
0.95953923
0.8537806
0.79129016
0.81333226
0.8722519
0.7540997
0.868931
0.81840014
0.85225004
0.7312213
0.93519354
0.9061128
0.87995243
0.74700946
0.77881294
0.809554
0.7458952
0.89224255
0.7285711
0.87107146
0.7777185
0.885574
0.96710664
0.779679
0.7718501
0.76986516
0.72523725
0.8176608
0.8296535
0.8522322
0.66292983
0.80167985
0.708271
0.89268917
0.9538468
0.85322285
0.82626027
0.81805855
0.96296585
0.82098585
0.9623532
0.8510821
0.7259909
0.8577782
0.91963184
0.78294456
0.9576373
0.9454614
0.957784
0.88616556
0.8757224
0.8482013
0.93492305
0.74116653
0.919024
0.912493
0.7546752
0.57944447
0.7786896
0.8677188
0.8039752
0.8637251
0.9544633
0.85592496
0.8889593
0.80073607
0.97830045
0.88981926
0.8824796
0.9078388
0.76251864
0.8507484
0.8942494
0.79178494
0.58667356
0.56720203
0.8177612
0.9235659
0.8334941
0.83127004
0.77429926
0.87648755
0.7908786
0.7801025
0.88167137
0.76142967
0.8325454
0.8776212
0.90759116
0.8497011
0.69501555
0.8719079
0.70882165
0.87761813
0.885421
0.84112746
0.9000074
0.9417058
0.776182
0.83454305
0.76069194
0.95911133
0.9459687
0.9504646
0.9226244
0.9190874
0.81248176
0.64592034
0.80712664
0.91622496
0.8958151
0.8344717
0.8031877
0.894205
0.40121475
0.94966114
0.6293149
0.8966171
0.8989955
0.8582392
0.674049
0.7945499
0.91325635
0.88864887
0.76220727
0.74328476
0.85242003
0.7611395
0.8779887
0.8142338
0.76993674
0.83237255
0.8679922
0.96529984
0.8928789
0.7217893
0.627132
0.83113444
0.9060645
0.56001383
0.7580544
0.8935344
0.08363269
0.68092495
0.96972454
0.8159344
0.72848713
0.84766364
0.65214556
0.89219767
0.79396254
0.8976579
0.921136
0.787888
0.951322
0.7773056
0.9697556
0.8844664
0.86814755
0.9453238
0.85143584
0.74120474
0.7759676
0.9234419
0.7808045
0.877019
0.73819506
0.8315937
0.8125485
0.7966781
0.95834935
0.82163465
0.8550854
0.966757
0.6957396
0.9600359
0.7398112
0.95509857
0.90986675
0.84664977
0.659999
0.8835313
0.88300645
0.9002973
0.9552207
0.5319879
0.8931616
0.7499518
0.9686336
0.8354659
0.80452484
0.8031412
0.614407
0.8687719
0.88549286
0.83053213
0.8324985
0.7529332
0.8892519
0.824872
0.5706347
0.92943764
0.80369127
0.96166563
0.6930875
0.77419084
0.67567384
0.86722386
0.8683205
0.7571387
0.8135273
0.43510154
0.84340745
0.82921076
0.729146
0.8548223
0.6532596
0.7303422
0.9459583
0.77161324
0.84925544
0.89412504
0.8473454
0.8660102
0.8976843
0.76947606
0.95915335
0.75219774
0.9623506
0.80764985
0.7504006
0.8703876
0.8256776
0.58937395
0.85046744
0.63366985
0.5830254
0.8044864
0.7359398
0.6231706
0.93496823
0.903242
0.91720045
0.8715557
0.91526073
0.9247329
0.90077686
0.8796834
0.91271895
0.9170716
0.87278783
0.748497
0.8955412
0.9247005
0.9129723
0.93127394
0.7290029
0.9740557
0.9630104
0.45376253
0.6921244
0.89759994
0.7007214
0.8562143
0.8296493
0.9660399
0.5208042
0.68677396
0.7531878
0.82664424
0.8882103
0.81311554
0.8631736
0.8533078
0.811224
0.89411354
0.8315131
0.90214074
0.59194964
0.9511204
0.71794724
0.8317934
0.9453238
0.9078853
0.8843894
0.8380237
0.765032
0.8900988
0.5678476
0.9101912
0.73440975
0.63106424
0.5370346
0.72421145
0.8240613
0.9160773
0.75610465
0.81166524
0.91919655
0.8515189
0.63804257
0.8571419
0.5082421
0.7681974
0.71901804
0.8122619
0.9155376
0.90060604
0.69451475
0.9302795
0.91910684
0.6445511
0.8299514
0.8971591
0.80450433
0.78611326
0.8520609
0.8190065
0.6293608
0.9081264
0.73267585
0.8384565
0.7115511
0.5557961
0.86108696
0.9101912
0.6569983
0.85269773
0.79697174
0.9492097
0.9667895
0.8346695
0.9218356
0.7907507
0.8630291
0.7184987
0.980038
0.87586343
0.8247199
0.8064684
0.95240515
0.90044796
0.7896433
0.89272827
0.8541273
0.69950914
0.98486197
0.8036768
0.70891994
0.85862255
0.71989316
0.8119296
0.9382208
0.60530555
0.8739811
0.8210026
0.49650246
0.85435474
0.95226955
0.8093354
0.90998375
0.8442536
0.82016325
0.92730963
0.71258223
0.92598414
0.55460083
0.8410054
0.9489343
0.90133536
0.85307896
0.822086
0.751919
0.94311464
0.6075406
0.9015866
0.8834164
0.95822036
0.86232525
0.7696813
0.7033465
0.73998356
0.8825382
0.86900544
0.92014724
0.7472491
0.7054869
0.9393653
0.8679735
0.77707464
0.79193795
0.84910357
0.91399044
0.8320104
0.4622501
0.958678
0.9372711
0.5126464
0.9204549
0.86926025
0.793346
0.9072537
0.85721314
0.94494146
0.5287238
0.68366957
0.8627938
0.94359845
0.9378538
0.7305942
0.9387863
0.7165444
0.829661
0.6467486
0.7071682
0.57710445
0.7045171
0.9204659
0.86398566
0.897377
0.756779
0.7614221
0.87310064
0.86686546
0.88331693
0.6343796
0.85428107
0.81934273
0.9611437
0.8315058
0.93885154
0.8236302
0.8213246
0.88337076
0.7351458
0.81380427
0.7527704
0.73339075
0.79693097
0.446051
0.7691095
0.7764979
0.8470415
0.6693154
0.5894753
0.8961024
0.83697575
0.85583496
0.803233
0.7978793
0.8296582
0.88243854
0.5983751
0.6777965
0.82109886
0.8955679
0.85365874
0.58662295
0.63003325
0.96133876
0.918136
0.839469
0.91864276
0.7326656
0.7133541
0.9690128
0.73137516
0.85280436
0.83659875
0.7546118
0.7427438
0.97355574
0.53376365
0.7781318
0.8417238
0.93818414
0.9808792
0.8522617
0.6839792
0.91604984
0.7625489
0.6815915
0.70902085
0.9033326
0.954258
0.6307633
0.72771317
0.8313691
0.8158308
0.8521371
0.9446697
0.6653497
0.78661644
0.8264292
0.53080577
0.6796836
0.6116149
0.8048249
0.78627044
0.9003466
0.88567066
0.87815106
0.7930934
0.9014669
0.72882915
0.71033084
0.9225283
0.86012036
0.8881438
0.8718147
0.86590004
0.7893394
0.80473
0.8534051
0.6803807
0.6457143
0.45549765
0.81396914
0.86750484
0.92529666
0.7630195
0.7488721
0.84910464
0.8783606
0.73689765
0.9644613
0.79489285
0.6839528
0.9529909
0.8182508
0.6306341
0.8780716
0.8782323
0.84035254
0.866725
0.9290705
0.8798283
0.93500376
0.7843807
0.467067
0.8745224
0.98406523
0.9713645
0.85470974
0.86325556
0.7658405
0.94482124
0.8004992
0.7117734
0.81918323
0.7937614
0.49187467
0.960953
0.8585629
0.6634889
0.92218
0.86773086
0.8781513
0.7572037
0.7646324
0.83929074
0.93119204
0.86936057
0.66828734
0.8323633
0.772198
0.9685019
0.6522623
0.55555063
0.73945093
0.8816285
0.9425199
0.69523716
0.80508244
0.42404532
0.8357529
0.66586155
0.92621976
0.83309406
0.58917546
0.88915443
0.95172197
0.6480387
0.821852
0.8093433
0.3965804
0.91789377
0.7634593
0.85805357
0.8974732
0.96221066
0.7958062
0.8613473
0.94907165
0.8598759
0.68793714
0.91509175
0.7550181
0.87233126
0.73473233
0.78669757
0.94652367
0.8942504
0.78492653
0.69495606
0.8987832
0.9071002
0.9351412
0.69079167
0.8454786
0.9033433
0.88535655
0.81023437
0.93323874
0.8454322
0.69095397
0.85966676
0.84067297
0.9666828
0.8773401
0.8000021
0.89071894
0.94082266
0.8712771
0.93879545
0.6632113
0.75426245
0.8968271
0.45842743
0.8798288
0.9671266
0.8192012
0.8048217
0.5669093
0.7760222
0.80074096
0.97433513
0.7773743
0.8649029
0.9098747
0.89940006
0.7293175
0.9145578
0.85558105
0.694067
0.85813135
0.7346481
0.7682082
0.63967687
0.6497885
0.8150539
0.5834021
0.8542408
0.8367343
0.8817289
0.8958216
0.87116194
0.6835828
0.83166146
0.83499324
0.6702567
0.78972745
0.94966024
0.82918525
0.86552304
0.84098774
0.9339497
0.88129604
0.6853641
0.9267247
0.7202383
0.9202603
0.9579865
0.54090375
0.95184356
0.91505957
0.7548407
0.9696908
0.6894399
0.875611
0.894773
0.9052577
0.95747703
0.8379352
0.83302844
0.87366086
0.9529436
0.8279728
0.8280997
0.7348379
0.73570234
0.72724944
0.69822395
0.91061234
0.9094244
0.7607455
0.6706562
0.6670351
0.94786984
0.8674581
0.63943267
0.9020679
0.9698036
0.7916653
0.9075507
0.8752808
0.82913923
0.89015734
0.7851995
0.7450485
0.8114695
0.811501
0.82574165
0.9482027
0.52378196
0.91883314
0.5274528
0.95931923
0.86348224
0.81389666
0.8027039
0.8368557
0.9368862
0.899335
0.9341283
0.827193
0.6667545
0.8393057
0.92491317
0.8349706
0.73437995
0.9112097
0.84729075
0.9435227
0.8925673
0.9172001
0.8465621
0.88346946
0.9348603
0.8396061
0.8531078
0.81917125
0.7864979
0.9412801
0.891329
0.9227228
0.85404134
0.84700084
0.8840772
0.891021
0.90630215
0.84935427
0.6858666
0.8476472
0.46536052
0.7868561
0.8737866
0.76489735
0.8168624
0.8781108
0.8522822
0.7412554
0.8159279
0.8138554
0.89549994
0.8500831
0.8039005
0.83281195
0.94187117
0.9354182
0.704399
0.899147
0.78538907
0.8011571
0.7684911
0.7634393
0.795794
0.6287617
0.7330808
0.86074704
0.69485354
0.92049265
0.83820677
0.6684895
0.9667859
0.8038137
0.5193635
0.8455083
0.9580033
0.78719395
0.8925144
0.8943057
0.68713886
0.9684645
0.89814645
0.7398111
0.7330429
0.78934944
0.9403769
0.9589665
0.9344321
0.5768481
0.87078905
0.9531428
0.9418766
0.7482734
0.7362831
0.84270084
0.9400288
0.75415343
0.5993788
0.89084256
0.76922345
0.86544365
0.72418535
0.8371798
0.90421814
0.8333298
0.9269639
0.87211835
0.89522815
0.8604443
0.9432358
0.79428154
0.6563499
0.8037522
0.62786293
0.9027365
0.7832238
0.7918622
0.627139
0.92830765
0.96274203
0.76704276
0.70207286
0.7900147
0.902202
0.6807358
0.93997717
0.88629687
0.6839615
0.83972716
0.89707285
0.91935205
0.7914922
0.869292
0.87128776
0.9317988
0.9426903
0.8900024
0.9034967
0.84063274
0.9369164
0.5368036
0.5193764
0.7923492
0.88598865
0.8629715
0.7904258
0.8488984
0.6945644
0.8592739
0.95533144
0.75518686
0.9718853
0.6471339
0.89037246
0.84679025
0.955692
0.9404237
0.46963716
0.931413
0.7988895
0.9675114
0.75763786
0.93919384
0.8278498
0.74856955
0.8619063
0.8709513
0.69057494
0.8422451
0.8856262
0.7410736
0.9602308
0.8873263
0.47234827
0.68126607
0.8170344
0.60041165
0.7933507
0.86449957
0.8431294
0.70651764
0.7085493
0.921479
0.7874758
0.94318247
0.87482715
0.782031
0.6786785
0.87655556
0.9575271
0.8498198
0.84436005
0.95088434
0.76310813
0.7640842
0.82232517
0.9083789
0.8587588
0.6246888
0.9492452
0.9061226
0.813637
0.6298009
0.71890503
0.9620374
0.6379428
0.86410606
0.7424411
0.7611218
0.47207218
0.91948
0.9398266
0.7433025
0.8008081
0.8312278
0.7480358
0.86252415
0.9663736
0.7647996
0.8360063
0.8023985
0.8966451
0.89693266
0.6442863
0.88722926
0.7879698
0.80038047
0.9557805
0.88587385
0.9330128
0.9120604
0.81651235
0.7275371
0.864082
0.7490696
0.82763106
0.7759012
0.8507739
0.9330198
0.7751679
0.7604691
0.8663821
0.6586478
0.7436913
0.9571089
0.7398242
0.79367334
0.8858272
0.91234106
0.7864314
0.74311954
0.6167748
0.6302265
0.94668835
0.78604895
0.72876924
0.9429244
0.95844233
0.8977975
0.6520784
0.8974811
0.9303568
0.85319513
0.91107917
0.905861
0.9184669
0.93543804
0.68422234
0.5505565
0.83729947
0.7502637
0.86251485
0.5699569
0.8969631
0.7063253
0.9153639
0.8348802
0.8352711
0.8403065
0.6376168
0.89898944
0.54611015
0.6891156
0.86402607
0.7514705
0.89692676
0.9381773
0.9436021
0.8475479
0.7732406
0.7545035
0.38994935
0.8665851
0.84426427
0.97000915
0.84844714
0.95222706
0.78675944
0.6978403
0.92468
0.9134173
0.73361003
0.8419092
0.7741458
0.85798216
0.6632435
0.8993151
0.91045994
0.96080256
0.927605
0.87093425
0.92532665
0.93740696
0.84806204
0.85100263
0.86427665
0.9065711
0.5383185
0.6439611
0.84510446
0.87804055
0.7978626
0.8759916
0.93230426
0.9674513
0.91406417
0.96494865
0.8553056
0.51401776
0.96887636
0.8837664
0.76986736
0.85165
0.7197184
0.73524237
0.84489626
0.8103437
0.8200298
0.8869502
0.86544275
0.7008222
0.94674516
0.73840773
0.9024904
0.9291103
0.89325327
0.9270929
0.8695494
0.646979
0.8993124
0.9135309
0.9116322
0.7231388
0.93882036
0.83227926
0.8884357
0.7858456
0.9041242
0.6230662
0.6888353
0.9739244
0.79212624
0.89152396
0.7153467
0.94086784
0.7828399
0.937011
0.67327005
0.5707633
0.81790364
0.91970026
0.93585485
0.7690571
0.83765656
0.920131
0.5511153
0.9344191
0.6369169
0.8558125
0.8517817
0.8555295
0.63478386
0.6131239
0.75679344
0.9531418
0.8343406
0.86946255
0.8240928
0.9022843
0.590208
0.77483255
0.8893286
0.7527665
0.96617186
0.87733996
0.8820771
0.7230177
0.7432961
0.8083415
0.5849331
0.8638456
0.7108132
0.8549948
0.583642
0.8724706
0.8440927
0.89390105
0.8134232
0.764354
0.89516425
0.78607893
0.93322
0.9251731
0.5987953
0.8680147
0.76171046
0.8651386
0.82327247
0.7239335
0.6363099
0.8529623
0.8831432
0.9378586
0.8525372
0.7636633
0.95857346
0.8425484
0.69618917
0.8051791
0.88231325
0.9312198
0.75833255
0.9006842
0.7810865
0.9183902
0.7894572
0.8798549
0.7095807
0.8704702
0.89706486
0.748131
0.9610875
0.79313993
0.90117645
0.67882174
0.72255594
0.92763793
0.897238
0.7278575
0.8204984
0.85987747
0.92594635
0.79132664
0.96679336
0.8355509
0.66272926
0.85623354
0.94819474
0.8620946
0.866136
0.75100267
0.6798596
0.52061117
0.7820668
0.79956436
0.9476455
0.8291241
0.8838773
0.9427369
0.8349545
0.8766951
0.9211074
0.55467874
0.6574365
0.8489813
0.8770752
0.95641124
0.8237394
0.95596594
0.57738405
0.8080605
0.97173536
0.8876157
0.87943923
0.84686244
0.750985
0.774118
0.8114903
0.7263918
0.7996353
0.9239818
0.7310205
0.8568605
0.4817164
0.82973397
0.6606697
0.8978715
0.8801055
0.93081653
0.68401575
0.68658715
0.92697835
0.83133346
0.7912776
0.9215486
0.86645055
0.89124453
0.76945657
0.6912677
0.705215
0.9276248
0.77222776
0.83359003
0.85036165
0.5313518
0.9358206
0.71122134
0.52287483
0.9078003
0.84768844
0.88139945
0.5878357
0.85398084
0.9344202
0.8688297
0.67859197
0.851291
0.9259745
0.63869095
0.5412013
0.64614975
0.5412298
0.9530099
0.8744066
0.75465393
0.9455914
0.69971985
0.832299
0.91873574
0.87785816
0.88209236
0.9228905
0.895261
0.6274527
0.89497566
0.68539417
0.8708049
0.8225054
0.7577486
0.96071625
0.7689325
0.65342337
0.96538675
0.5115819
0.8363618
0.94199276
0.93589777
0.4230879
0.820552
0.8978169
0.9669787
0.90909076
0.91691816
0.91321343
0.82892084
0.8724318
0.8602414
0.8942424
0.87230885
0.96789944
0.8300036
0.77768856
0.75643533
0.87600464
0.7282024
0.93381613
0.93804866
0.83346057
0.5383044
0.9873548
0.890031
0.6559786
0.82438135
0.6242941
0.86130244
0.92145026
0.7740174
0.9283609
0.84494275
0.96875095
0.87163556
0.65823054
0.94928694
0.62376535
0.7993524
0.90849566
0.8407824
0.86758256
0.88464254
0.7757787
0.85742164
0.78100336
0.89763874
0.8535762
0.81562454
0.7141988
0.9133589
0.51045626
0.75390625
0.77831936
0.8057175
0.6841571
0.7832878
0.9537781
0.72585404
0.76314026
0.8036134
0.86585206
0.7586902
0.867771
0.8502088
0.92288226
0.865778
0.8436652
0.80762017
0.83386296
0.90322536
0.87659556
0.82936996
0.8867591
0.94584244
0.8659982
0.8908226
0.8224883
0.82146096
0.5205438
0.7207987
0.82988644
0.8562243
0.91849744
0.9566992
0.8295595
0.9384422
0.71501225
0.8431203
0.79705185
0.85487735
0.77134955
0.93448895
0.65045774
0.93097305
0.87900305
0.7398549
0.72891504
0.6490944
0.7865172
0.7723948
0.79342127
0.6158865
0.6426766
0.7831358
0.93057317
0.6776247
0.9781578
0.7759601
0.6927435
0.93118644
0.7153128
0.8528299
0.9120502
0.8898016
0.9398879
0.8050321
0.88702995
0.9351909
0.8542056
0.7194775
0.9593735
0.85958785
0.7750315
0.9595749
0.75455546
0.73664415
0.88875824
0.6638269
0.8525674
0.74481153
0.932305
0.74637437
0.9610778
0.7226757
0.9301673
0.7377763
0.85533494
0.9165855
0.80408436
0.9428972
0.96775115
0.8395003
0.8832744
0.63623554
0.87252617
0.84396964
0.80877686
0.9164252
0.9048674
0.90129447
0.7337315
0.9034992
0.8056158
0.84491944
0.8993876
0.9825078
0.8004551
0.60988396
0.8687979
0.8724165
0.8877687
0.84642786
0.7375744
0.7981682
0.70598245
0.7423723
0.9777162
0.7961106
0.74545497
0.8469336
0.6469539
0.8480171
0.8989785
0.8981134
0.90774614
0.8279493
0.6084107
0.9125022
0.71422786
0.89300084
0.8194405
0.7173426
0.68313515
0.7842894
0.8102906
0.9082713
0.9226512
0.87711906
0.8693634
0.7535684
0.8977751
0.7852614
0.8279071
0.96680605
0.9585243
0.8771996
0.83009326
0.82191277
0.7493628
0.87160724
0.90442795
0.8717645
0.9407964
0.91272336
0.7523625
0.6788024
0.8588998
0.8465533
0.90477073
0.84628403
0.93646526
0.81425774
0.9248436
0.88758326
0.92804676
0.83372754
0.86466223
0.86779946
0.9199583
0.9124102
0.97878206
0.8876596
0.7966805
0.84114194
0.88853484
0.9663619
0.7637234
0.7901783
0.93440074
0.9346293
0.8439026
0.86081773
0.83208823
0.7490547
0.95674056
0.86573875
0.73640627
0.868937
0.64210725
0.6460311
0.8958201
0.7014314
0.8741949
0.9267367
0.96409786
0.71440935
0.7642014
0.9527781
0.72649705
0.9319535
0.91862637
0.8814926
0.6628298
0.6467501
0.9713634
0.8297137
0.8705067
0.9113645
0.7383541
0.9320468
0.6391814
0.651769
0.92033976
0.85409164
0.6092321
0.7076803
0.8315032
0.91455775
0.91760534
0.7728973
0.8656637
0.92362916
0.7934692
0.8908156
0.9260513
0.96403545
0.5802708
0.875746
0.91277534
0.8147707
0.97866917
0.8538009
0.96348786
0.6904106
0.80535215
0.6511267
0.8893693
0.8719661
0.9305899
0.8337707
0.88311124
0.88507044
0.8632516
0.9326352
0.9015937
0.9742708
0.7683005
0.90696394
0.68193805
0.8626603
0.8407856
0.72142816
0.81212354
0.8994695
0.9161862
0.76046365
0.86857015
0.87998617
0.6860801
0.7322149
0.2650432
0.8859776
0.7252189
0.5587245
0.5550589
0.76800084
0.8281374
0.4127107
0.921943
0.8252476
0.82197255
0.84297216
0.9161791
0.7549846
0.70111406
0.6199227
0.7989728
0.80382943
0.8862312
0.6047358
0.8780986
0.78906864
0.9275032
0.90151036
0.7239413
0.9449391
0.8817574
0.65583885
0.5707062
0.8569467
0.86914694
0.840979
0.95152366
0.83298016
0.79353654
0.91792846
0.9449154
0.6190177
0.9445082
0.6659926
0.9430153
0.9024607
0.91436124
0.78596497
0.9471381
0.7990334
0.9693973
0.8273036
0.94144934
0.95498824
0.71716404
0.8334694
0.9584491
0.82558316
0.633298
0.8253916
0.8773015
0.96113205
0.7694188
0.8998332
0.8991655
0.6519844
0.86028004
0.8609702
0.9352316
0.8775623
0.9045531
0.8621693
0.9434653
0.81654495
0.8552614
0.9363991
0.8097855
0.8295094
0.86708504
0.8711108
0.8946656
0.87791455
0.6273155
0.9289056
0.8147577
0.31706014
0.8461479
0.75611305
0.5919956
0.8512154
0.90781695
0.6312194
0.9464055
0.961571
0.9495068
0.73346126
0.694799
0.90797925
0.897088
0.8447696
0.71119213
0.78229
0.739168
0.9380214
0.81995106
0.9744092
0.9205899
0.6351559
0.5653419
0.7156011
0.89068544
0.7633386
0.94106835
0.9201391
0.8492239
0.94704443
0.9053279
0.7213278
0.82797444
0.8680965
0.92385256
0.8961763
0.6934397
0.89108026
0.900484
0.7909823
0.76910305
0.8340225
0.9386692
0.9001895
0.8073982
0.60932475
0.7267048
0.9194345
0.89642113
0.93525815
0.88635945
0.8053528
0.8881346
0.88995683
0.8684472
0.7161733
0.87220305
0.90259004
0.91951376
0.84751
0.9674893
0.88621587
0.7019375
0.5000329
0.98028046
0.86884946
0.6819298
0.9173989
0.7883428
0.7298666
0.9003275
0.78651166
0.8572997
0.7988066
0.9471807
0.89332783
0.8384059
0.939194
0.6331643
0.89095956
0.56602454
0.83640397
0.89814794
0.72640866
0.8672284
0.9447969
0.93240774
0.6685505
0.9199631
0.891663
0.8920631
0.7541699
0.8884358
0.75706816
0.94890594
0.78161585
0.88607204
0.78367114
0.9457064
0.9150412
0.9209021
0.9641076
0.9877177
0.8150627
0.69946015
0.6274496
0.9820074
0.70387876
0.85900134
0.7152892
0.8670459
0.904063
0.81105506
0.75896174
0.80415165
0.71492094
0.5946109
0.9407963
0.93406403
0.79654294
0.95896363
0.7478962
0.83230495
0.7963172
0.98179674
0.85979414
0.76736176
0.7749721
0.76620924
0.75075406
0.78045464
0.82438064
0.72084886
0.74599695
0.92314166
0.7384623
0.9464124
0.8054321
0.89112455
0.86305827
0.9453468
0.8284447
0.7959138
0.84105957
0.8374082
0.72536945
0.79216886
0.7997967
0.78014946
0.5930709
0.9281021
0.82886595
0.9098306
0.9455457
0.9451307
0.8910469
0.63620573
0.7346545
0.8245257
0.93669593
0.8525816
0.7565851
0.8726157
0.81386083
0.76705587
0.6323748
0.92100286
0.7112915
0.9128128
0.7159987
0.7848733
0.7273759
0.83615893
0.8962873
0.9524525
0.91330326
0.865718
0.82613236
0.89200544
0.8940446
0.9141489
0.8935363
0.86820406
0.8016782
0.77461535
0.9242153
0.90298563
0.6985082
0.83050317
0.7819658
0.82965213
0.8617539
0.79313666
0.78138524
0.7698058
0.8136347
0.77953947
0.63047636
0.7123699
0.84004176
0.9466197
0.8833171
0.8318131
0.91878605
0.8695063
0.86411107
0.88383275
0.8955204
0.97731465
0.909925
0.6478048
0.88997465
0.87731504
0.7784475
0.73990023
0.83331585
0.87658465
0.7424637
0.65429056
0.790802
0.5740276
0.9243005
0.9027157
0.96864164
0.855294
0.7717993
0.68900967
0.87521464
0.8964188
0.79898334
0.6303817
0.88429266
0.709489
0.7918431
0.5635832
0.7172791
0.8378809
0.9094725
0.7259052
0.84457076
0.9267698
0.9211256
0.8867206
0.80516255
0.66394264
0.84412134
0.8713678
0.686446
0.6052669
0.8296416
0.8717374
0.8439742
0.8818696
0.8665367
0.7125805
0.9294609
0.9596083
0.73719585
0.78854233
0.94073606
0.87094444
0.79420877
0.86727405
0.8881024
0.8338584
0.9254602
0.7985823
0.7614906
0.8839139
0.8345473
0.93664724
0.86662424
0.77621216
0.9379753
0.86781615
0.8571862
0.9178821
0.88080406
0.9000646
0.9730079
0.84477895
0.92052716
0.5322915
0.70098466
0.8783933
0.9484391
0.866076
0.45981187
0.95401657
0.88217676
0.84854496
0.8044144
0.8028987
0.6646725
0.9779651
0.78612816
0.86469877
0.81821096
0.6911944
0.9354831
0.9115809
0.8856105
0.95430446
0.7318239
0.7896727
0.70889753
0.9551443
0.90875936
0.85457504
0.5875881
0.8592572
0.794176
0.7622285
0.7404929
0.4128249
0.9447822
0.86823654
0.91941524
0.87923074
0.6844588
0.7379421
0.8514571
0.9115244
0.9060522
0.914598
0.8256417
0.7986799
0.70355576
0.88434213
0.8788002
0.8045166
0.7252927
0.9074025
0.73744744
0.9236108
0.7910529
0.69618577
0.77793515
0.9737915
0.9596347
0.7420969
0.85290515
0.76064193
0.82294106
0.5846983
0.90815485
0.86443114
0.8918865
0.73507905
0.71183527
0.90329456
0.6817277
0.9317939
0.7188106
0.843925
0.9449549
0.85373056
0.91299015
0.83552945
0.966805
0.84336066
0.73848474
0.8248572
0.7831909
0.8263951
0.83180535
0.899619
0.8867651
0.9301533
0.84506875
0.7946629
0.88899684
0.71542937
0.94274807
0.7898388
0.89334166
0.7022113
0.9661771
0.8854907
0.8079214
0.9085541
0.95022553
0.87018853
0.80531067
0.76298046
0.86196387
0.5855503
0.95868266
0.77557385
0.89065796
0.7695469
0.83265007
0.52507275
0.74395466
0.8995697
0.6385932
0.8229809
0.73153925
0.90198445
0.88555074
0.93195575
0.8983073
0.8125573
0.7901981
0.70796794
0.7027043
0.85063523
0.8146499
0.64099133
0.89931947
0.9614205
0.70921844
0.7453296
0.88859236
0.73024935
0.94214827
0.90073586
0.8778584
0.920563
0.8807688
0.8138648
0.8297558
0.8392321
0.92324996
0.64622945
0.806616
0.9102487
0.9288221
0.8102001
0.63985896
0.89229685
0.85961825
0.75481045
0.82850486
0.89498526
0.831871
0.8543755
0.82714623
0.9432687
0.7815533
0.65774655
0.78962886
0.95868975
0.92513496
0.9229696
0.928573
0.7391126
0.9698204
0.8625784
0.9017538
0.77860856
0.9186472
0.87549627
0.8352673
0.7327377
0.7919491
0.7220374
0.9570664
0.6428529
0.98329437
0.90054417
0.85491866
0.66774535
0.7721376
0.72551626
0.7155037
0.70467055
0.89506817
0.92036223
0.8581359
0.9701432
0.88328236
0.8819676
0.87493336
0.9128077
0.8753818
0.8646612
0.5085517
0.38018978
0.8203185
0.39873075
0.8610954
0.83265615
0.9226746
0.76429796
0.7447783
0.73996115
0.9190852
0.55212474
0.7135424
0.9622867
0.6640848
0.88424593
0.7604248
0.95485204
0.91915655
0.73285925
0.83183223
0.7336141
0.94631135
0.84225774
0.73863983
0.72555244
0.8164752
0.871051
0.92930144
0.6839413
0.87419724
0.8473533
0.8897071
0.8225273
0.89379174
0.9056138
0.8182188
0.838387
0.6388129
0.9165663
0.90638816
0.2689476
0.8818408
0.9335465
0.8625473
0.80670065
0.7686412
0.9050828
0.8167387
0.8790039
0.78945553
0.93992174
0.7239896
0.7277323
0.9011918
0.9237313
0.7595847
0.84546405
0.8452555
0.6379714
0.77994716
0.9427645
0.7773794
0.9473918
0.9602591
0.8902818
0.8326902
0.5822448
0.7978133
0.9524175
0.7367008
0.74337655
0.8788936
0.94323015
0.8639402
0.6438822
0.5275138
0.95397645
0.9646621
0.93792295
0.8960711
0.84031975
0.82377607
0.8110493
0.92392576
0.7102068
0.80525076
0.8127278
0.93586737
0.8612875
0.89824724
0.91677237
0.64942336
0.9400941
0.9254826
0.8851456
0.845869
0.74447733
0.8391402
0.73159444
0.8239007
0.9612025
0.8174158
0.806288
0.8594265
0.84379756
0.94054854
0.71667755
0.7775829
0.83587325
0.92591655
0.8614225
0.7129853
0.94566226
0.8333413
0.69208425
0.85294014
0.58944017
0.6696187
0.11159246
0.84905237
0.7415751
0.8814573
0.881049
0.70054233
0.70500463
0.94371
0.96759504
0.7312224
0.76745623
0.86552143
0.9520456
0.5381713
0.55175257
0.9580834
0.8858527
0.84806424
0.6561393
0.83806294
0.8752769
0.854651
0.8563346
0.9116911
0.55447376
0.8486481
0.71747625
0.97677165
0.8761482
0.8776018
0.8895449
0.19129026
0.87955064
0.9184605
0.92525685
0.9042777
0.9627348
0.9293698
0.82405394
0.91604865
0.96237737
0.63408226
0.945863
0.90573305
0.33435154
0.8152791
0.7174249
0.7808172
0.9127389
0.84329987
0.9235838
0.8367233
0.7595638
0.9095197
0.85343254
0.6712399
0.926276
0.6163231
0.8099499
0.76903784
0.6689702
0.64971787
0.6584295
0.93407714
0.865472
0.8956448
0.98424196
0.9153904
0.7759272
0.81820476
0.88940966
0.86710584
0.9208602
0.84147316
0.87607485
0.8933182
0.81649595
0.8614925
0.86947644
0.8413034
0.84808713
0.9498227
0.91831285
0.8563981
0.90666145
0.6339292
0.82799816
0.84025407
0.5185685
0.8410722
0.9019494
0.929835
0.53114796
0.8999673
0.96362936
0.9051053
0.91124773
0.8886702
0.8829673
0.88466316
0.5895476
0.7560596
0.7115424
0.77214885
0.8658138
0.93631995
0.97058994
0.92647743
0.81777954
0.8891086
0.7721659
0.7362853
0.8832599
0.874838
0.8900417
0.75763685
0.8802311
0.89202106
0.90369576
0.852086
0.55939984
0.7709162
0.9520653
0.86612386
0.82199335
0.9048864
0.78169644
0.7820297
0.718487
0.693994
0.8682504
0.9636145
0.65510184
0.8599824
0.77716696
0.70386845
0.8520712
0.9553666
0.34482542
0.7925209
0.91718525
0.8625484
0.88357556
0.9170541
0.91250104
0.9157156
0.50578284
0.89062953
0.87657976
0.77203786
0.9313682
0.79946786
0.8347795
0.90656286
0.8284708
0.8616039
0.95332336
0.676324
0.8188003
0.9699484
0.5989628
0.7019129
0.8903868
0.90184253
0.8128339
0.9018223
0.9479373
0.77068126
0.892653
0.917853
0.92775923
0.82887006
0.8829091
0.77836275
0.6233755
0.78825057
0.9175225
0.82320654
0.809933
0.87469125
0.85530084
0.9414884
0.80216956
0.8837311
0.8317861
0.7432213
0.8628458
0.8605563
0.92563725
0.9003043
0.83434916
0.6873845
0.8973675
0.8298577
0.82783854
0.6267154
0.8553877
0.7758407
0.74796
0.7610675
0.9091912
0.954481
0.6156317
0.785394
0.9267557
0.8836113
0.59599817
0.8524618
0.84482837
0.73956037
0.9560014
0.8907248
0.8451344
0.91379696
0.874724
0.9709639
0.8053864
0.77474254
0.9480081
0.7468355
0.7940788
0.9404656
0.73562044
0.78867483
0.81572235
0.93031776
0.8153309
0.8685014
0.8283218
0.9273573
0.66658896
0.66853493
0.8849461
0.8336706
0.8809154
0.32511434
0.86713666
0.94952345
0.73396504
0.7240291
0.86564666
0.85938257
0.8783899
0.88249934
0.8035712
0.9653589
0.8161363
0.89741504
0.8889617
0.85814184
0.8285746
0.84201056
0.96269447
0.7273203
0.8534174
0.94104266
0.9595481
0.8195673
0.75225526
0.88157684
0.8677227
0.8459395
0.67347723
0.768085
0.8895875
0.8428479
0.86430615
0.8762715
0.84352267
0.68372184
0.7828442
0.8500984
0.86174333
0.87623954
0.849041
0.8928377
0.74403155
0.9465753
0.7741813
0.80934364
0.7265531
0.68594587
0.64436805
0.96107495
0.8645276
0.9410389
0.82718205
0.7712967
0.7450935
0.7411051
0.8238722
0.6567494
0.40524462
0.836982
0.9091537
0.9412839
0.83250904
0.88510543
0.8597112
0.93248916
0.8954281
0.89040625
0.8007448
0.9333707
0.43904805
0.9240063
0.8234619
0.85265595
0.77258223
0.80235296
0.8583332
0.894714
0.7224014
0.8794031
0.9485637
0.8365814
0.87718606
0.69941586
0.6382054
0.73450893
0.71088886
0.9052629
0.50895625
0.7610341
0.6979249
0.6267135
0.9003116
0.80453026
0.912944
0.9356144
0.9354676
0.7930329
0.96339107
0.92458963
0.72308326
0.72457826
0.6669305
0.8570765
0.89898926
0.9003261
0.9365613
0.7945563
0.9629301
0.9005274
0.9719671
0.8340551
0.8901082
0.64456147
0.94686127
0.93068564
0.9567448
0.7933594
0.92174464
0.8175346
0.7101621
0.9345082
0.8501995
0.91680694
0.8063134
0.3275255
0.6804612
0.68812907
0.8834285
0.8557846
0.6529454
0.80297804
0.8503859
0.92701465
0.7523288
0.81543636
0.8062407
0.86441505
0.7550338
0.94387245
0.58883876
0.6764995
0.93968064
0.92475814
0.9221751
0.94409907
0.69435835
0.7731939
0.95564556
0.7578113
0.9349817
0.8465835
0.87218845
0.78811395
0.85961246
0.9361635
0.94834507
0.69273955
0.8649013
0.7926543
0.70749164
0.73331463
0.86526823
0.8635661
0.7987971
0.8214166
0.8975832
0.82810265
0.7760876
0.682884
0.9187411
0.85288453
0.7647108
0.66976845
0.80966544
0.49045986
0.8002765
0.74602354
0.8579991
0.77643347
0.8436759
0.7567775
0.8259958
0.8472948
0.9759325
0.75085044
0.6936263
0.91679317
0.8920945
0.61795896
0.6968322
0.96326965
0.9309596
0.7806357
0.9409497
0.87255687
0.8198185
0.8265588
0.72131896
0.7558423
0.97256064
0.9306363
0.920136
0.73997265
0.9276065
0.87262684
0.88559395
0.66054857
0.8249115
0.7337358
0.84726906
0.69014895
0.9718148
0.70650524
0.837269
0.7657548
0.80755466
0.85348165
0.8980484
0.76394403
0.8364891
0.8390617
0.9239197
0.7547875
0.77446204
0.7338454
0.91664135
0.4133584
0.7534051
0.86778605
0.8319745
0.7236514
0.9461443
0.7421289
0.78060246
0.86225283
0.9874493
0.93339247
0.7881276
0.7976157
0.7340524
0.7310825
0.92644787
0.965891
0.60579133
0.87815106
0.95132285
0.833783
0.5890272
0.7806035
0.91668487
0.93152803
0.82176363
0.7436941
0.9040959
0.8273113
0.8403067
0.8111092
0.7542605
0.77828145
0.79112005
0.8965429
0.73275656
0.9349371
0.6104417
0.8139223
0.91112906
0.6453701
0.9432359
0.9455317
0.6485596
0.89665544
0.321267
0.9601721
0.2974233
0.75825965
0.8009595
0.9298784
0.8840433
0.9339138
0.79117
0.71014345
0.8754949
0.9049307
0.8056471
0.8815003
0.9040563
0.961413
0.96503407
0.7162423
0.8637952
0.93453187
0.85305446
0.7955165
0.74637765
0.727087
0.8623259
0.83739674
0.7808981
0.7950732
0.81412315
0.93542457
0.92170215
0.86562276
0.59101725
0.93299025
0.78209305
0.8580918
0.8602612
0.731213
0.6750039
0.8068995
0.8417199
0.85544455
0.83662987
0.9243547
0.68258864
0.925247
0.8515686
0.84121484
0.8284917
0.773272
0.8447883
0.8299691
0.91003895
0.9210323
0.81338745
0.64547896
0.74614614
0.91185707
0.49621433
0.8031676
0.607252
0.9210267
0.91854084
0.90473384
0.6554774
0.9152306
0.85676336
0.95679647
0.8821809
0.9318253
0.85025
0.9213039
0.72052735
0.95309174
0.8850286
0.9096582
0.82836044
0.6660308
0.8601706
0.68708926
0.9163999
0.8682388
0.85355484
0.9480805
0.85462224
0.8802685
0.72608525
0.868026
0.80779314
0.8153373
0.7298487
0.9363005
0.72997814
0.89297384
0.91362894
0.76879287
0.93189436
0.7143791
0.96318
0.8528811
0.93020016
0.8106332
0.8678005
0.933179
0.8075407
0.89755493
0.72362345
0.90267897
0.87646055
0.9481047
0.7082645
0.9505508
0.9050034
0.7753849
0.8744236
0.8820035
0.9463532
0.86787766
0.88481474
0.89876604
0.81380403
0.73879534
0.89486057
0.52111816
0.8499112
0.8412355
0.76060927
0.7431039
0.65973985
0.9482158
0.87698835
0.8682683
0.81486
0.9197472
0.7742778
0.8318536
0.92836195
0.88683367
0.62497157
0.8605008
0.85483766
0.84637463
0.8545438
0.8443866
0.56402665
0.5837108
0.75786966
0.8183707
0.92492396
0.9467504
0.8300406
0.91596675
0.8789049
0.81124616
0.97414684
0.9310794
0.94460166
0.81473756
0.71744365
0.8600733
0.5755497
0.9646655
0.5107447
0.67284566
0.9490641
0.7324979
0.9368788
0.78470963
0.73431444
0.9235874
0.8859215
0.907385
0.9176686
0.7979842
0.841473
0.8286545
0.75888807
0.98228365
0.68305033
0.8208227
0.96487105
0.91641885
0.7682011
0.9508785
0.85514843
0.8646504
0.8908867
0.8729126
0.89494544
0.8695146
0.79807746
0.832803
0.8622354
0.8760928
0.6535824
0.7356047
0.8841092
0.7570733
0.9149548
0.97714496
0.81465876
0.9115263
0.97407234
0.93192625
0.64600813
0.73167413
0.76747173
0.93966424
0.830006
0.6987195
0.90210515
0.85010976
0.88287586
0.81033164
0.96779627
0.89027077
0.6595744
0.8661667
0.8443637
0.8479735
0.9636571
0.913964
0.6580549
0.8322786
0.76343334
0.90067637
0.78472644
0.6974868
0.7837895
0.8295073
0.93254584
0.8459278
0.9763529
0.8365301
0.6799019
0.68715143
0.6362158
0.9330309
0.8793069
0.7885515
0.7808957
0.6052957
0.9221196
0.8953587
0.76851654
0.9138136
0.9419427
0.8935048
0.5129125
0.60837036
0.61707103
0.711551
0.93927944
0.8710899
0.881516
0.9159554
0.81772447
0.8035848
0.8678582
0.88992846
0.9230597
0.8856483
0.7934283
0.7917032
0.6085312
0.869545
0.7716502
0.8613986
0.72709095
0.91010344
0.55633515
0.8250676
0.68866134
0.88232404
0.9392578
0.8341841
0.96958804
0.8640765
0.8433312
0.7337728
0.84906995
0.89155793
0.92052454
0.6061932
0.8804534
0.62996596
0.9167981
0.6511919
0.96419144
0.7804292
0.7429831
0.9502202
0.7644953
0.8946372
0.7877221
0.7815678
0.94241524
0.801797
0.8267473
0.85399383
0.90315396
0.85117674
0.91741323
0.87697756
0.7275352
0.882164
0.7162762
0.87355155
0.80195177
0.76569
0.7820709
0.9185489
0.83400273
0.86846906
0.79545575
0.6956884
0.89146197
0.82640517
0.7306975
0.8315699
0.9588016
0.8223786
0.56462294
0.8490505
0.94023687
0.8637151
0.9793121
0.40577734
0.9645954
0.9287608
0.40862447
0.51700217
0.87869084
0.80978215
0.76688474
0.50912464
0.9693981
0.71802217
0.6078764
0.835672
0.7869446
0.9312978
0.9379244
0.7163214
0.79926574
0.72856617
0.8670466
0.8870284
0.83421373
0.7938809
0.92011845
0.5204764
0.96788555
0.87361646
0.796142
0.59686637
0.78609043
0.82120115
0.68628436
0.9251828
0.9493908
0.9492824
0.748022
0.82973325
0.7828449
0.89047515
0.843998
0.7361657
0.7227392
0.9817684
0.9329268
0.7677812
0.7822222
0.8505993
0.7648547
0.85648054
0.91634035
0.9079354
0.83681166
0.7780583
0.81047213
0.80198944
0.8660952
0.8675848
0.80124533
0.93614554
0.690204
0.87199205
0.6829446
0.84860367
0.819821
0.83278733
0.8916942
0.8932358
0.75005203
0.9194256
0.7967955
0.9367781
0.6431803
0.74538547
0.5715476
0.8860085
0.5842749
0.9135503
0.8658359
0.7930271
0.69446945
0.83493024
0.8644054
0.6476497
0.45114535
0.84863544
0.63371587
0.9287618
0.62647045
0.7804567
0.7951847
0.77185553
0.9021663
0.8521646
0.79432464
0.8931901
0.86022925
0.77090347
0.8556235
0.9300111
0.8253915
0.9046143
0.8800416
0.7221186
0.72763014
0.8801043
0.89894897
0.8591422
0.8447621
0.8287002
0.8651409
0.88777536
0.84782493
0.64226866
0.8675074
0.8811024
0.9248117
0.75677866
0.74969643
0.957523
0.9467505
0.8744098
0.5207321
0.80341905
0.9090396
0.74157757
0.9597837
0.903869
0.6593448
0.95829093
0.8971219
0.7458203
0.7020138
0.8032557
0.9040139
0.8455469
0.6582743
0.8131808
0.9640876
0.86310154
0.8382222
0.8412027
0.84741056
0.8877465
0.8363296
0.8050575
0.9722612
0.8745889
0.5941647
0.93419117
0.81658417
0.48018986
0.9700481
0.8068987
0.96580416
0.8710389
0.5724416
0.5416136
0.9099285
0.8848442
0.8807601
0.8836671
0.7188127
0.83936906
0.7969051
0.5675493
0.9239931
0.7041814
0.78093123
0.66229653
0.8748658
0.8574695
0.84746814
0.9616494
0.82679546
0.83248013
0.9240772
0.6670764
0.8157853
0.90412253
0.8755495
0.92007476
0.9038662
0.7968146
0.812972
0.924209
0.8420581
0.9451643
0.6456521
0.96833265
0.9633972
0.9007063
0.8336268
0.94456017
0.9512503
0.81728613
0.6853396
0.9065802
0.6341793
0.7491884
0.8646493
0.8978337
0.8153602
0.86049116
0.8769135
0.8122461
0.815271
0.9210855
0.85989904
0.8807516
0.5899812
0.95486355
0.8401487
0.95819557
0.9787322
0.9038813
0.5083721
0.80855113
0.95694095
0.8664961
0.550074
0.63790274
0.76149124
0.8771866
0.61551976
0.75109375
0.8461993
0.66332215
0.9637305
0.8206011
0.7979415
0.8882791
0.81216836
0.8630868
0.86074656
0.8980892
0.78224695
0.90457237
0.9529427
0.8303713
0.72626364
0.6903626
0.732612
0.81393147
0.6910203
0.7215607
0.83653843
0.83938897
0.91503584
0.8327282
0.84290123
0.8948114
0.87743866
0.75276065
0.8105732
0.8616483
0.7167367
0.9084899
0.9524824
0.9613831
0.5628296
0.635546
0.45386127
0.8126169
0.7609231
0.8242135
0.84731746
0.7964597
0.77405393
0.85554326
0.7816264
0.8059881
0.7681551
0.7715025
0.9153646
0.8772879
0.8362407
0.80097336
0.86481434
0.7180754
0.8927697
0.8666734
0.7880687
0.74155796
0.8740427
0.88207304
0.8603344
0.810555
0.7339177
0.85052454
0.900395
0.97447264
0.7094391
0.6131909
0.8345632
0.84909534
0.8066968
0.9126607
0.92654485
0.9170717
0.90299094
0.7929646
0.7323449
0.8647435
0.8923299
0.8809198
0.7724248
0.7907869
0.6404368
0.6164042
0.95806
0.6132196
0.8689634
0.74344796
0.78541696
0.76104933
0.930424
0.75328
0.8865031
0.9259862
0.8774302
0.83605796
0.6242968
0.93037385
0.9604158
0.81338096
0.8943216
0.81796485
0.98781276
0.71855557
0.43716997
0.74731904
0.89269143
0.5376504
0.7052339
0.8540085
0.88832164
0.92127776
0.9531563
0.728014
0.6406037
0.9069592
0.9310875
0.9382483
0.95691276
0.7959179
0.8915248
0.81716466
0.9448279
0.6079031
0.7363906
0.89505327
0.8804104
0.8643935
0.92983097
0.9281957
0.4641715
0.8153651
0.80278075
0.87704897
0.7418412
0.8641451
0.90900517
0.823756
0.7608356
0.68969023
0.8158604
0.88666
0.7282186
0.6525502
0.8767631
0.9096454
0.92117083
0.8566434
0.94429886
0.8736129
0.96606183
0.86213785
0.9475091
0.95036435
0.869935
0.86250997
0.966951
0.95683026
0.7364498
0.7478132
0.8787087
0.822199
0.94735086
0.807434
0.71035254
0.93802875
0.86784154
0.80449456
0.93340015
0.7243394
0.96958685
0.9366686
0.8614332
0.70331883
0.7770057
0.94483423
0.89693415
0.8855242
0.757841
0.93366146
0.66987383
0.94344616
0.9675847
0.7440535
0.8161324
0.77316576
0.8479401
0.88026744
0.7567257
0.9474107
0.7530699
0.6903652
0.7748291
0.8668685
0.8797514
0.8188845
0.8707054
0.76894367
0.82873195
0.91414976
0.6457382
0.950307
0.88285196
0.8795731
0.938279
0.8521806
0.8490606
0.86408484
0.8908175
0.8031306
0.80082345
0.9483507
0.81556976
0.5326507
0.64936
0.9032898
0.84940076
0.7749645
0.8492075
0.95006555
0.91935825
0.87423277
0.9255721
0.77750856
0.69189227
0.8896948
0.80444884
0.7601604
0.75743073
0.76431155
0.786551
0.6914883
0.6092675
0.9603127
0.8933444
0.92398274
0.95635474
0.8172723
0.8430874
0.85047054
0.8878316
0.72171545
0.8175371
0.6509205
0.83842486
0.9648629
0.85247195
0.953884
0.84225625
0.95186293
0.47401074
0.8567023
0.78021353
0.83678174
0.6927714
0.7989012
0.9712852
0.8544081
0.7856908
0.7840002
0.97034943
0.8296156
0.84885484
0.85996574
0.8983683
0.5560436
0.9600422
0.8599263
0.9751533
0.59534234
0.8887146
0.7851392
0.5441557
0.8804121
0.88117903
0.94032294
0.9476596
0.5739236
0.8055696
0.88605833
0.80302185
0.7896239
0.69992614
0.78880286
0.9758445
0.8336817
0.87714905
0.9055559
0.8508847
0.8125669
0.9136399
0.88330173
0.9222365
0.8917085
0.6513956
0.7692083
0.9470025
0.73512983
0.5975033
0.9368984
0.81294703
0.79242325
0.87767327
0.9032944
0.82313305
0.81356096
0.8535658
0.72927755
0.7698287
0.6596951
0.8588333
0.7087179
0.9663321
0.9498341
0.6861333
0.90490526
0.84371406
0.7040828
0.7832506
0.7137691
0.8065591
0.8177508
0.8602672
0.906444
0.76313263
0.8044131
0.84938383
0.7669374
0.7719918
0.837465
0.8876545
0.84841454
0.4595405
0.8016715
0.8559266
0.7773249
0.9040611
0.84634703
0.86583936
0.72675693
0.743151
0.76106757
0.7435744
0.7434208
0.88837904
0.87696123
0.8903264
0.8397222
0.69567883
0.85855937
0.42410317
0.7172417
0.9611801
0.6771419
0.7774954
0.8707916
0.85533553
0.5946949
0.7021523
0.85073036
0.5156345
0.96230924
0.9087752
0.85519946
0.8727108
0.87778187
0.74241817
0.89495456
0.83887255
0.5921565
0.9518746
0.7453281
0.87298274
0.8214259
0.7276043
0.7404924
0.8234412
0.7918507
0.74071175
0.8666192
0.84307814
0.68735546
0.8520013
0.85640013
0.66468805
0.90425026
0.9462124
0.9052154
0.978546
0.6977347
0.81682897
0.7059871
0.90640545
0.88643014
0.951726
0.6229658
0.9052383
0.90352833
0.8682123
0.8933821
0.92287576
0.64478815
0.9303567
0.8279495
0.8382381
0.9328568
0.95082897
0.82839966
0.7851291
0.9397564
0.9396538
0.89010626
0.670952
0.8911389
0.7895926
0.9475046
0.8180301
0.83832914
0.85917234
0.830373
0.69835716
0.8228701
0.91337353
0.8709412
0.81535786
0.9521832
0.8555324
0.92967343
0.7975186
0.72070783
0.9231247
0.72273433
0.876807
0.8419136
0.8747457
0.6687877
0.8214363
0.720953
0.84165376
0.7431606
0.8612034
0.9718056
0.961721
0.92638355
0.871319
0.6595436
0.7147223
0.6426993
0.949001
0.73164034
0.8158033
0.909205
0.786415
0.87993044
0.74212956
0.9167633
0.795432
0.5922044
0.9435602
0.8709271
0.8543246
0.7297253
0.861827
0.7722945
0.78814715
0.75820094
0.85655427
0.87062347
0.9248399
0.7555638
0.87148523
0.9160201
0.81960076
0.8094407
0.9707151
0.8961067
0.8298044
0.80120987
0.69956267
0.89447004
0.22380336
0.8914333
0.8986895
0.9654244
0.8114984
0.8695417
0.82837254
0.6627986
0.92405146
0.93808144
0.8836118
0.96222126
0.9068284
0.96743304
0.9394421
0.9198975
0.6953574
0.84153867
0.75417054
0.809279
0.8178115
0.8413047
0.93294877
0.8909361
0.84859073
0.9200618
0.8725889
0.85647637
0.9415915
0.8605454
0.565614
0.8992479
0.9685
0.57331645
0.85509413
0.9092389
0.6614657
0.80170727
0.93442404
0.8633004
0.8941308
0.86384696
0.4653921
0.74808294
0.61359924
0.6500469
0.9406969
0.71224594
0.920858
0.897205
0.912008
0.8326803
0.9328041
0.84408087
0.90668875
0.6962393
0.9288482
0.7560454
0.61004996
0.8556144
0.9085033
0.7750058
0.9041262
0.94649756
0.7775849
0.896423
0.6884588
0.860775
0.7778159
0.7980815
0.8066381
0.811422
0.90552133
0.9040945
0.8221276
0.8365015
0.6967269
0.5161438
0.73126
0.9636214
0.74130255
0.7396951
0.8983895
0.80461806
0.7131639
0.96488833
0.91292423
0.85776836
0.9097561
0.82488
0.7337991
0.80504805
0.61988074
0.7954905
0.8499412
0.900475
0.073502354
0.9137764
0.77056706
0.73320776
0.9544829
0.7548873
0.8018357
0.8503281
0.93215936
0.97695875
0.9195377
0.8925008
0.8930303
0.74448586
0.9265112
0.59534764
0.95196676
0.62127006
0.97634834
0.76034045
0.75905335
0.944752
0.6914143
0.89768875
0.8471488
0.95501816
0.5257534
0.612767
0.97520757
0.7701046
0.96736443
0.93347704
0.8797189
0.8598031
0.84953994
0.9316553
0.8654609
0.9648845
0.85836333
0.83625424
0.95771074
0.81169206
0.80528116
0.8988314
0.94142234
0.6835251
0.7068664
0.8359255
0.843856
0.89740974
0.913437
0.6247934
0.7601371
0.7232464
0.78883684
0.6642362
0.9182865
0.93035746
0.9536134
0.7659401
0.8207446
0.81183344
0.4815043
0.83841455
0.8603662
0.86254644
0.948661
0.88024175
0.6457246
0.8329023
0.8679159
0.8066334
0.8548551
0.9213449
0.8128016
0.87877136
0.7855885
0.8476924
0.7723473
0.84160155
0.8501158
0.8950299
0.8145866
0.8919628
0.7419653
0.7544338
0.9567578
0.8589773
0.9458353
0.5026108
0.91195935
0.8840671
0.34817147
0.852527
0.7548146
0.7057645
0.9271163
0.78091514
0.793855
0.77753437
0.80098367
0.66390085
0.8432594
0.7553757
0.8918774
0.8521826
0.9383186
0.8594038
0.880336
0.85752124
0.16665293
0.8985591
0.5174361
0.8447527
0.89568615
0.85714394
0.9055595
0.9687742
0.89673865
0.84867454
0.90170157
0.814252
0.8488765
0.8149424
0.9355644
0.82245016
0.82038116
0.7799654
0.8701501
0.695141
0.90717334
0.84696776
0.860596
0.97203624
0.9222523
0.8777602
0.50124484
0.8627788
0.8684565
0.68479776
0.7674141
0.7947121
0.81667525
0.9276955
0.6865693
0.88186246
0.7624296
0.7987164
0.71758896
0.93841267
0.83986074
0.87788796
0.9274974
0.94524527
0.9682975
0.88709235
0.64882606
0.88124514
0.81468594
0.58335555
0.7371231
0.56500417
0.7904283
0.9006145
0.8331565
0.79189426
0.7287624
0.728765
0.8096208
0.92338693
0.6853938
0.6312299
0.84327173
0.9200296
0.94190985
0.9000096
0.87745744
0.9302486
0.9117792
0.73542345
0.83963794
0.8042148
0.81419146
0.8580703
0.8098078
0.94617337
0.8978388
0.8986688
0.84052366
0.83541894
0.7730213
0.8044271
0.88929033
0.8282515
0.96256936
0.7994412
0.9027827
0.8785396
0.88019425
0.8360795
0.5828534
0.7819734
0.93482333
0.8129338
0.758984
0.62428415
0.9090959
0.69325066
0.7704988
0.7159856
0.8316848
0.88223094
0.8374653
0.78589916
0.7339574
0.9233807
0.91204745
0.92098564
0.692696
0.8083576
0.89651895
0.8267282
0.5956939
0.97458386
0.8841484
0.64193
0.7345214
0.88257825
0.80080533
0.8763792
0.8148384
0.8369072
0.89127886
0.79985845
0.9068315
0.9151559
0.9044093
0.9106307
0.87157094
0.9186904
0.77412677
0.78092504
0.6887167
0.96456885
0.79970145
0.6895466
0.7599137
0.8714697
0.7868372
0.7458216
0.8746972
0.71922576
0.9302987
0.86473215
0.8548585
0.833248
0.70390356
0.89341277
0.8680699
0.9367702
0.5571659
0.96012354
0.9096595
0.4500032
0.801163
0.97174823
0.82313156
0.82077914
0.8432937
0.83255726
0.8909663
0.9679622
0.7331188
0.82719195
0.6869165
0.82838106
0.7594092
0.8620508
0.96020514
0.85372317
0.8939378
0.7371034
0.82933
0.9008408
0.77674997
0.8664353
0.9769071
0.80462736
0.61752427
0.7410352
0.78763515
0.8512403
0.8940107
0.8824097
0.5678175
0.8955436
0.869024
0.91366017
0.6876415
0.81619596
0.9665916
0.6638837
0.9485916
0.9535859
0.9238447
0.78296393
0.76178384
0.90768594
0.926481
0.86809874
0.89936
0.8382857
0.7878141
0.9381523
0.7188029
0.6757326
0.86659485
0.78911823
0.56438994
0.67581534
0.8467884
0.9001439
0.84985214
0.8043026
0.67788374
0.8962916
0.84862286
0.9185172
0.67859876
0.91090447
0.87933344
0.8501427
0.47287896
0.67274916
0.49171102
0.8683654
0.8815987
0.7798022
0.651019
0.76181036
0.79357046
0.90353715
0.86917883
0.6889729
0.6013846
0.9490055
0.881363
0.91675764
0.58869636
0.8802868
0.93441236
0.7060511
0.8288903
0.9437848
0.9025864
0.87773925
0.8427931
0.95430815
0.9744618
0.21248747
0.8913381
0.7103532
0.6427866
0.85666716
0.5736801
0.77569824
0.9370446
0.68543994
0.83217585
0.82767797
0.8141185
0.8947934
0.8945781
0.80181307
0.43783942
0.7063659
0.87246716
0.6999622
0.7842683
0.9210158
0.8487154
0.90446484
0.69390935
0.65701336
0.86907685
0.8951434
0.70522046
0.6727689
0.84300315
0.9037216
0.81939375
0.8789289
0.6425269
0.7970997
0.86609805
0.8718922
0.72095484
0.8782269
0.8388493
0.89418286
0.8301419
0.87933636
0.93242675
0.8934339
0.8185024
0.8619539
0.9709884
0.7669515
0.7791505
0.7705697
0.9481766
0.77856094
0.66305244
0.8444469
0.44852194
0.8532956
0.75537395
0.82888925
0.89761734
0.9166283
0.7398733
0.8774502
0.86892307
0.9091449
0.8427634
0.7687034
0.8560824
0.8957801
0.75724405
0.9503416
0.67621946
0.6801944
0.8476397
0.8710354
0.9228187
0.91898435
0.6618239
0.7710538
0.98755884
0.8203355
0.8459599
0.7322506
0.63015044
0.85054725
0.93303305
0.8401164
0.9722636
0.7373731
0.8862981
0.9288188
0.80908513
0.9195751
0.93623745
0.7441196
0.89859754
0.6958861
0.9151924
0.8090433
0.78115857
0.73521733
0.96325964
0.7644224
0.87885475
0.65793777
0.8081921
0.8134562
0.9030562
0.5011058
0.9440491
0.65122956
0.95465356
0.8579482
0.6841873
0.8926902
0.9337321
0.88791955
0.4468174
0.7894058
0.9786696
0.95368445
0.623711
0.8317047
0.9359176
0.92258507
0.7282559
0.9397183
0.8149325
0.91916084
0.6642382
0.8600086
0.8612274
0.803639
0.6858984
0.83874387
0.73197085
0.8802391
0.6554957
0.71265465
0.8107475
0.7789159
0.7145287
0.8958429
0.93178016
0.81440836
0.75923395
0.71504164
0.740001
0.69350964
0.9283276
0.94089174
0.93084913
0.88788116
0.70167816
0.8697343
0.8026337
0.75698644
0.8575206
0.8309652
0.8391571
0.96489155
0.7931923
0.7498391
0.90568316
0.7095934
0.95475626
0.76409376
0.88708586
0.8646008
0.84674
0.948171
0.7666805
0.87877804
0.7762728
0.8818892
0.8984007
0.7912282
0.8823609
0.95168304
0.952886
0.86377215
0.93609685
0.8333136
0.63504386
0.6002761
0.7474894
0.96581805
0.5915554
0.8503399
0.90205073
0.9180479
0.75761217
0.97829145
0.82013226
0.69809437
0.83401436
0.8607419
0.71406156
0.70759
0.7828549
0.88831985
0.97142696
0.5359471
0.8760488
0.7812941
0.73447615
0.7936591
0.95429885
0.7714849
0.7477204
0.9423002
0.6515032
0.68688065
0.8838171
0.73008716
0.65879697
0.59533393
0.75669014
0.7972744
0.8344159
0.85825306
0.8042431
0.748899
0.8567139
0.64941186
0.86802423
0.8909193
0.86202866
0.8407209
0.882208
0.7288524
0.7265884
0.50294113
0.69187796
0.92042685
0.94315076
0.8104086
0.90564126
0.82202566
0.89525694
0.911242
0.7190262
0.92277515
0.81074876
0.9162865
0.89335144
0.7852295
0.8485038
0.85146785
0.8223413
0.7882461
0.8855511
0.79557806
0.8124011
0.9132375
0.8633534
0.6266556
0.7842052
0.7198927
0.8478112
0.8631055
0.88410634
0.7334049
0.8801922
0.8570003
0.97967625
0.85154855
0.9514631
0.8117908
0.7708067
0.91993487
0.8205492
0.90865165
0.916738
0.8853656
0.8053461
0.8350731
0.93630093
0.9167959
0.8223171
0.64841044
0.84398556
0.57237715
0.6354984
0.66313773
0.9390281
0.9253824
0.7816605
0.82900655
0.9280144
0.8527266
0.6263705
0.9302164
0.6565908
0.6595261
0.8124287
0.9386025
0.8038826
0.948727
0.6623922
0.86458564
0.88555515
0.68336034
0.9091729
0.9128639
0.79562116
0.81560516
0.9721115
0.92960215
0.8261577
0.7734561
0.93685436
0.9286839
0.67152977
0.6811322
0.48190925
0.7996705
0.8142679
0.8865761
0.7355532
0.60399985
0.8099058
0.77424145
0.9340249
0.8423275
0.8943205
0.7040186
0.9140293
0.9360719
0.56474066
0.8590335
0.9121172
0.97547895
0.9641702
0.85263777
0.92149514
0.8364823
0.8611288
0.7389475
0.80519366
0.76124793
0.67461926
0.9141291
0.8156324
0.9295057
0.8059647
0.83964765
0.6995171
0.90975875
0.8560567
0.9197792
0.6671019
0.8168198
0.97565013
0.9648141
0.86723375
0.73932433
0.74916583
0.75929195
0.8134355
0.72734654
0.80863196
0.5589497
0.93405265
0.8557038
0.7020503
0.71792984
0.82552266
0.9542257
0.68588775
0.875802
0.9184705
0.914772
0.9347933
0.9132823
0.7853788
0.71899307
0.8130512
0.85331506
0.7675657
0.91701984
0.8565852
0.88609195
0.8569921
0.95922804
0.786705
0.8528387
0.826365
0.8934635
0.57743746
0.8498693
0.8643338
0.90821725
0.89340943
0.9002249
0.8819841
0.90360534
0.7273757
0.86123836
0.83966434
0.889058
0.8190228
0.8885669
0.8269146
0.8229451
0.9138984
0.7833071
0.7246696
0.92504287
0.7206266
0.75598407
0.7051106
0.8601643
0.969438
0.9060207
0.7569759
0.9107016
0.92373663
0.8122102
0.89579576
0.6583598
0.8452995
0.74349105
0.8566949
0.5703555
0.7262284
0.6433712
0.9091729
0.8785685
0.6848264
0.57118237
0.8858789
0.53277934
0.8902061
0.94388705
0.5516917
0.7876735
0.7502552
0.9530046
0.945341
0.8260023
0.7034648
0.96101344
0.6943506
0.8098484
0.8846599
0.6893766
0.642487
0.83246124
0.56589574
0.6601175
0.70570606
0.91092676
0.770245
0.8755592
0.7037681
0.7994204
0.8883302
0.7446789
0.97032547
0.61022663
0.8241702
0.81619155
0.8615481
0.7319228
0.8881459
0.83471376
0.8464035
0.85996187
0.65027314
0.80679584
0.9691815
0.75864816
0.78333503
0.8504299
0.80608773
0.87787056
0.6942103
0.5773115
0.7797883
0.8192941
0.9283535
0.52915615
0.83494574
0.6730805
0.8707967
0.86273134
0.80580294
0.8937051
0.90257
0.83290666
0.8816355
0.7677723
0.80515283
0.7965465
0.97087634
0.8865667
0.72656035
0.8326547
0.5781483
0.90442455
0.74815327
0.85181755
0.6595639
0.96234673
0.7992678
0.8136388
0.85832286
0.79152256
0.84183943
0.7952951
0.92413473
0.88039804
0.77506924
0.51335645
0.9108969
0.62406605
0.75590664
0.8700968
0.8959546
0.83601236
0.96852
0.9145713
0.8681187
0.60623366
0.8417252
0.89396024
0.7497525
0.72667456
0.92059994
0.8724742
0.87896436
0.7985907
0.95961505
0.73156226
0.8454616
0.7859341
0.68309027
0.82567686
0.79865044
0.9178146
0.85956293
0.8891676
0.84796906
0.7550788
0.8408689
0.8910561
0.961277
0.8394685
0.9000477
0.91662264
0.7402339
0.72079515
0.8503483
0.80625725
0.95038736
0.9131395
0.8881867
0.8216352
0.86654496
0.82229793
0.7133907
0.6019125
0.9486806
0.89200276
0.91893566
0.8997921
0.615882
0.69003475
0.8980215
0.74710065
0.8759861
0.8061143
0.9760293
0.83786845
0.56052864
0.6725165
0.86921453
0.6600115
0.62697166
0.9314774
0.8488203
0.68570435
0.89680016
0.89435947
0.8191685
0.78363353
0.86942154
0.71585345
0.60639936
0.91315526
0.861411
0.74809617
0.89698803
0.80831355
0.7807251
0.8738592
0.90589297
0.93348783
0.8121603
0.7562952
0.80114067
0.876584
0.8768815
0.83045834
0.5526252
0.9196063
0.8307055
0.9060885
0.86669326
0.88574505
0.88564664
0.8793197
0.86705995
0.8595272
0.8602642
0.8866801
0.73328495
0.6341036
0.833755
0.758242
0.79543036
0.875067
0.9175146
0.77812934
0.8564991
0.87602955
0.869645
0.8231523
0.8420459
0.81395227
0.6601831
0.8127141
0.7299161
0.88608444
0.861464
0.8842807
0.91362995
0.87853444
0.82020986
0.91304314
0.7239122
0.63807976
0.7818675
0.8914554
0.762335
0.65459126
0.94167286
0.77817154
0.8811017
0.78729415
0.8434405
0.9116745
0.92644274
0.811208
0.9563484
0.95431656
0.88161314
0.5522041
0.92376685
0.8879684
0.9753024
0.71801317
0.64211607
0.9190489
0.8803754
0.9382992
0.8231744
0.89739966
0.7964662
0.8535044
0.9248705
0.85959196
0.87480783
0.7651559
0.6412436
0.6742511
0.8638749
0.7987298
0.8072466
0.8962873
0.60964215
0.87145317
0.9627114
0.9236563
0.8449086
0.8089244
0.5308102
0.89373606
0.92601013
0.86097103
0.6554117
0.8084383
0.76665604
0.86025167
0.5307082
0.638874
0.9031349
0.75263727
0.80488724
0.82205594
0.724228
0.805966
0.9630968
0.9063206
0.5967993
0.8328046
0.9059762
0.9038913
0.86757296
0.805883
0.7363778
0.7612437
0.92207
0.7144538
0.9115572
0.8586607
0.91144
0.795153
0.76912326
0.9301455
0.85237384
0.9564151
0.82292295
0.84260404
0.9015587
0.7354982
0.66420704
0.95212615
0.75846773
0.9003838
0.7983831
0.73816574
0.82183564
0.86373365
0.9189147
0.8867188
0.79330385
0.84852254
0.9333555
0.49861747
0.92743796
0.6380954
0.737023
0.835717
0.71268356
0.93242115
0.70859134
0.95602846
0.9691783
0.7540758
0.659322
0.8141573
0.8047282
0.8746388
0.82150036
0.78918886
0.9797646
0.92282367
0.7535416
0.8332825
0.2692153
0.8272265
0.97996116
0.8284606
0.95190644
0.87392235
0.74163514
0.7697048
0.91703176
0.7186257
0.8980753
0.8915934
0.97738504
0.9488957
0.73814106
0.86208993
0.8686236
0.7778439
0.9582218
0.7969029
0.8254918
0.6472669
0.94360924
0.9236574
0.70851475
0.70804894
0.87282366
0.86262643
0.58523625
0.71966654
0.9068726
0.8931872
0.97661597
0.8884204
0.7651646
0.7771464
0.568148
0.70343214
0.88575894
0.7501693
0.9116921
0.8194139
0.90602005
0.6916892
0.65407926
0.74316597
0.75353384
0.87262845
0.8874498
0.7470018
0.942892
0.8295788
0.8388434
0.96009654
0.907429
0.7180936
0.6988849
0.7560963
0.7924904
0.92451763
0.81959593
0.83826745
0.9249202
0.9057285
0.72409433
0.83019865
0.83798045
0.8641706
0.862589
0.6809375
0.68413544
0.8563978
0.81374955
0.84323853
0.6798516
0.88854057
0.9215844
0.73431563
0.84954864
0.7508422
0.83029246
0.86533487
0.8177933
0.71669185
0.58505166
0.77064264
0.9146114
0.46947265
0.87392163
0.90357864
0.7363441
0.7472009
0.6305598
0.59008086
0.7996131
0.89942026
0.9427495
0.7572871
0.926291
0.8793682
0.8568181
0.83451015
0.8763095
0.8129201
0.8426258
0.66547966
0.95188224
0.7912142
0.91414934
0.85908425
0.9503505
0.87276524
0.9595951
0.41667387
0.962
0.86205685
0.7459414
0.96348727
0.72339106
0.8492267
0.7934805
0.74525166
0.8866
0.7859857
0.7300616
0.8242048
0.9861248
0.8472071
0.8893439
0.9715954
0.9098387
0.72487915
0.9333752
0.85035443
0.86422163
0.93122834
0.8306292
0.8384707
0.80122674
0.87843704
0.9501044
0.95492214
0.4615621
0.8142276
0.673669
0.8375287
0.547719
0.96461225
0.91912526
0.8284876
0.7946746
0.76703084
0.91787255
0.9457016
0.9184963
0.7211318
0.564895
0.8729229
0.88477236
0.72635365
0.8660656
0.71616673
0.82987654
0.87124276
0.888583
0.9288872
0.7668205
0.77031684
0.8144333
0.84521806
0.84876144
0.80894053
0.527435
0.9523915
0.8391189
0.8931931
0.7927151
0.628672
0.68086576
0.6822215
0.963836
0.91302365
0.8718197
0.8923355
0.765194
0.90081817
0.9486284
0.76486206
0.827506
0.8309201
0.6621384
0.92253876
0.89350843
0.8638798
0.8971339
0.8030894
0.9704971
0.69595075
0.882438
0.5956595
0.95092785
0.6868236
0.85403
0.87307084
0.95760584
0.95780843
0.60660017
0.9591735
0.7988394
0.7377832
0.9244928
0.7275783
0.82071376
0.9343841
0.92142326
0.85373664
0.9413296
0.83431107
0.69156605
0.8884976
0.9207256
0.6367819
0.7522349
0.9441418
0.7659267
0.7595336
0.81241566
0.76346684
0.7336972
0.9188019
0.86681724
0.7705333
0.7908608
0.9270198
0.87853503
0.82612485
0.9479462
0.82487595
0.8974498
0.9240211
0.58812916
0.86064637
0.79372555
0.915563
0.8256857
0.85447043
0.9239974
0.8952432
0.95306087
0.9223692
0.662496
0.8621107
0.784217
0.81861854
0.8097172
0.6081338
0.71088606
0.7922034
0.86139494
0.9425747
0.90042067
0.9351396
0.55260104
0.67140055
0.93696904
0.9067835
0.9027038
0.52172285
0.749905
0.8967896
0.77520216
0.83889765
0.9296304
0.77972126
0.76990795
0.7542861
0.83778363
0.75848997
0.6802793
0.7986769
0.7733179
0.88595223
0.62077206
0.8810495
0.79455477
0.85827273
0.91789335
0.8235301
0.9289076
0.7143885
0.95390564
0.7140607
0.9575911
0.88943565
0.73661315
0.805486
0.8752022
0.7879618
0.70871174
0.5177366
0.87264097
0.92547524
0.7319481
0.94184977
0.84587264
0.9146377
0.8607238
0.5890995
0.7531335
0.84619164
0.8999442
0.8645627
0.9009616
0.6714791
0.8926985
0.8670613
0.6489488
0.8465326
0.9460753
0.7451341
0.8236248
0.5589545
0.7870996
0.83203596
0.7357149
0.8392326
0.9170294
0.94014597
0.93572414
0.91829765
0.86425936
0.83874404
0.9261887
0.8424004
0.9586674
0.8495811
0.2592151
0.7527702
0.88343096
0.96543187
0.85954696
0.8632304
0.729056
0.7886221
0.95835006
0.8327751
0.7618845
0.8258888
0.72844094
0.86188585
0.91293913
0.86664176
0.8556984
0.7453496
0.6776724
0.8901244
0.89697325
0.80414194
0.766153
0.6696988
0.84489554
0.9376051
0.93493915
0.7252038
0.78436756
0.720689
0.25429899
0.7845844
0.8442029
0.5824032
0.91936547
0.60468996
0.8099747
0.92924696
0.5951815
0.909672
0.74635744
0.8913111
0.7298598
0.87361926
0.7987484
0.89014035
0.6906137
0.9003258
0.953619
0.9220105
0.90038484
0.8612015
0.8919772
0.84523445
0.80914885
0.9246012
0.84161794
0.76955897
0.7029036
0.9457642
0.8406975
0.90105724
0.83570755
0.8190654
0.93735725
0.7671076
0.9007235
0.9746158
0.8604762
0.82621217
0.87318325
0.78570807
0.642511
0.8234527
0.77345663
0.8513981
0.90201503
0.8770062
0.8595207
0.8048454
0.8659725
0.72453696
0.51815724
0.7758382
0.96358895
0.6982972
0.9540652
0.8261167
0.6296316
0.82438505
0.57112265
0.7696488
0.81692964
0.861148
0.8752394
0.8598388
0.971664
0.9335638
0.7832567
0.90295184
0.870617
0.7894123
0.78155154
0.94097745
0.9172082
0.80797714
0.8679631
0.79489225
0.89488256
0.8322588
0.7557432
0.9545939
0.8450142
0.87488574
0.77633923
0.87510324
0.8320053
0.89407706
0.9014193
0.75808775
0.7914477
0.7898457
0.8689613
0.67770666
0.7712319
0.8480823
0.80620193
0.67837566
0.79463315
0.6590264
0.9553445
0.7316843
0.6634463
0.79152036
0.9299499
0.73537105
0.74163586
0.8284354
0.73565567
0.9713199
0.7916372
0.5916845
0.56644684
0.8570775
0.93610805
0.7603159
0.71275866
0.7422435
0.81482935
0.74308115
0.69628185
0.91134626
0.96731704
0.93246174
0.87277913
0.75608706
0.76932
0.968431
0.82001823
0.85506546
0.77754045
0.81462103
0.8650243
0.80965793
0.34730563
0.7006834
0.82002366
0.91508806
0.81917626
0.8883225
0.86040044
0.9180644
0.9082391
0.94067657
0.951653
0.88367355
0.888531
0.685183
0.75703347
0.7634921
0.9596956
0.5751706
0.7611787
0.4874928
0.9090707
0.63840437
0.8913361
0.81644964
0.8169228
0.7732909
0.7110404
0.74436605
0.8744662
0.6849939
0.9774219
0.45741597
0.7462404
0.91191906
0.6719292
0.68044174
0.5033096
0.8695434
0.8556154
0.80621374
0.9308914
0.7712171
0.62928736
0.88652635
0.6578918
0.87919897
0.46066934
0.91236186
0.7458404
0.64335805
0.87203836
0.8056723
0.8332811
0.9009235
0.9498402
0.90991354
0.8897772
0.4636771
0.8614041
0.90805244
0.6211355
0.80275816
0.8561825
0.7886733
0.832315
0.78425777
0.55136234
0.7790803
0.7884551
0.8750634
0.8296918
0.89024734
0.79281926
0.7782927
0.83684576
0.89648044
0.6267248
0.63826746
0.80786216
0.77215165
0.44656527
0.950638
0.88949984
0.7331579
0.7784314
0.7241626
0.7957324
0.7244348
0.76601374
0.8836288
0.6618289
0.688882
0.7809299
0.96214986
0.9391633
0.8558331
0.8302378
0.7382627
0.87404513
0.7808503
0.92471135
0.9167052
0.70875216
0.8066949
0.9448528
0.8107651
0.9407296
0.744365
0.91332006
0.8415613
0.8943506
0.8263465
0.85558563
0.87986124
0.44099715
0.6832717
0.82600754
0.8451209
0.888958
0.8968893
0.69047195
0.8448923
0.92159677
0.62510085
0.6319257
0.8687996
0.7892107
0.8693252
0.8021466
0.7624078
0.9111178
0.6750456
0.8636943
0.95445347
0.9187478
0.8024358
0.966002
0.8790319
0.7573156
0.9571162
0.9217076
0.79455864
0.82689905
0.92502594
0.78654957
0.9213481
0.84100735
0.72964257
0.85002726
0.85415775
0.86500835
0.79723537
0.8035424
0.783268
0.7199515
0.48268488
0.4215815
0.7710339
0.9439627
0.9423679
0.7635383
0.70608884
0.87235796
0.8909802
0.91981673
0.9079483
0.7892858
0.82111865
0.88827056
0.9156873
0.81905246
0.70723325
0.8277729
0.9518752
0.8409373
0.91170585
0.7862662
0.8916042
0.46003842
0.6248339
0.92219883
0.8386208
0.57482654
0.9043181
0.8862494
0.571447
0.74999666
0.8864183
0.7139161
0.8188863
0.5457953
0.8705914
0.75309694
0.9396211
0.85375214
0.8534007
0.7165796
0.8898946
0.8742977
0.70726544
0.6401468
0.6816094
0.69379497
0.7059133
0.8795777
0.8171999
0.82123494
0.69484097
0.75280225
0.82426107
0.8979703
0.912321
0.7171808
0.8750172
0.8117266
0.88010186
0.6336076
0.8678535
0.6811799
0.8358736
0.7749636
0.97710824
0.8629391
0.9133768
0.84251726
0.9211997
0.48224843
0.7667342
0.9204666
0.7419306
0.9083057
0.74659085
0.62545735
0.82478195
0.54901177
0.82867324
0.37070584
0.7806832
0.81636095
0.67820525
0.8393538
0.667102
0.8701017
0.81991255
0.9454473
0.84713054
0.74913496
0.8685446
0.84623665
0.8989964
0.84608996
0.8943999
0.8629708
0.9309897
0.8081113
0.8571929
0.59253407
0.6742222
0.8774159
0.877473
0.81739026
0.6930906
0.61445373
0.6843178
0.8964307
0.90750647
0.93284595
0.9124979
0.8029478
0.6041516
0.92326707
0.80835533
0.924767
0.87386096
0.9090616
0.7459391
0.6704288
0.66035897
0.8412541
0.908974
0.93125075
0.85997117
0.5483367
0.76586705
0.7983023
0.8337533
0.7467983
0.8864778
0.8617231
0.8767203
0.8015031
0.93366385
0.8449558
0.7407468
0.7513017
0.91796774
0.7897557
0.9052932
0.8390156
0.82301134
0.8435021
0.86765987
0.90666234
0.8084105
0.64260495
0.68066436
0.7959899
0.97415364
0.89971507
0.87618077
0.9370809
0.6967203
0.9497098
0.783138
0.5480812
0.7948998
0.8892069
0.93688595
0.68976575
0.8140139
0.6428536
0.9287523
0.7161857
0.71829814
0.89973617
0.896833
0.50706965
0.9413173
0.8795833
0.80678636
0.87855786
0.8526269
0.887614
0.9196778
0.80016243
0.9011907
0.90164846
0.7090473
0.94500864
0.62258804
0.7031894
0.8794904
0.91275257
0.717764
0.57050836
0.9594805
0.88115716
0.841918
0.8520306
0.9058478
0.7879251
0.8260701
0.8954655
0.7212439
0.67996526
0.9379101
0.9504813
0.90775055
0.72640973
0.85470134
0.30700102
0.50820255
0.7374793
0.8169039
0.9252397
0.9160081
0.81975824
0.7794093
0.83087504
0.8808377
0.961992
0.76983845
0.7984916
0.81784016
0.8823731
0.789802
0.69177383
0.9485184
0.7960018
0.9692185
0.77324176
0.86382705
0.8913096
0.81624424
0.7838627
0.92660004
0.8565067
0.9805608
0.747101
0.84745824
0.89950633
0.9106143
0.77925026
0.8828656
0.8282436
0.6788072
0.74285245
0.9576403
0.7098514
0.92665887
0.9068796
0.8454956
0.8522334
0.79501987
0.7906696
0.71634066
0.73889023
0.7560785
0.88854194
0.90293944
0.65872926
0.80675685
0.7906706
0.75979584
0.7965876
0.8693483
0.91006434
0.87742615
0.8212251
0.7670339
0.7629542
0.80677205
0.94532377
0.94369894
0.5977696
0.8295969
0.8695457
0.7105877
0.78281975
0.9198371
0.66305935
0.7815059
0.783725
0.69789135
0.83783233
0.8271538
0.8467808
0.767017
0.38619694
0.85724914
0.71774006
0.81715286
0.8605236
0.7292689
0.7220656
0.8878458
0.86953396
0.7365706
0.8078272
0.48435012
0.59391457
0.93014467
0.980597
0.9305388
0.7771773
0.751865
0.60087174
0.88103503
0.7235447
0.75508165
0.74327374
0.84369785
0.8120896
0.8482332
0.9716807
0.93199027
0.8461847
0.9194981
0.89648783
0.75970584
0.8508666
0.8698846
0.94368607
0.8893603
0.75496715
0.9063992
0.8356209
0.738744
0.9364104
0.8178457
0.85801
0.8171598
0.92223346
0.65360373
0.8035539
0.8857384
0.5821545
0.64233106
0.75656444
0.90703475
0.7390268
0.9111626
0.9429486
0.85898805
0.9490529
0.97836703
0.9020774
0.8258454
0.7819864
0.8437791
0.74413115
0.7408576
0.8588296
0.94307685
0.8836691
0.78017515
0.5819542
0.8293086
0.75376284
0.907379
0.8869948
0.82164395
0.7639339
0.64362836
0.71851164
0.85318965
0.9039026
0.8064098
0.6416804
0.7498739
0.7830894
0.75502056
0.46934426
0.840008
0.7380949
0.7467637
0.9339751
0.44450265
0.94282466
0.8832971
0.9097381
0.90770555
0.8287197
0.765648
0.94861674
0.5157258
0.85666794
0.82747656
0.90533173
0.8440812
0.7313591
0.74076027
0.90082425
0.76791453
0.9393304
0.84220874
0.7097551
0.8950848
0.8348197
0.85524416
0.49983218
0.57255965
0.9127696
0.8383852
0.8423954
0.80201054
0.78146034
0.8290018
0.59821564
0.8950664
0.9543089
0.53419477
0.86852694
0.790477
0.9787519
0.77527297
0.80364996
0.8522263
0.8507825
0.8616063
0.78526294
0.9070017
0.8125949
0.68762434
0.75976634
0.76361233
0.53187466
0.80231994
0.85858965
0.8910171
0.91132337
0.8280006
0.71111315
0.7282963
0.753382
0.84412515
0.90913635
0.8556137
0.9113816
0.6705873
0.91517633
0.93003577
0.91146094
0.8708529
0.7957618
0.8116678
0.89730316
0.9160657
0.7782566
0.926673
0.88973707
0.80132633
0.9124891
0.8916114
0.72954273
0.88772774
0.6009456
0.87712646
0.8570175
0.8116548
0.7880723
0.47943458
0.8883823
0.9308679
0.73603034
0.7828739
0.45793846
0.9382459
0.6425846
0.76994
0.89574116
0.8173061
0.83886707
0.8029704
0.827342
0.8302202
0.7155193
0.7317047
0.8156036
0.92344576
0.6031707
0.8355895
0.8110769
0.67154276
0.7613975
0.59912294
0.9556695
0.6106795
0.8789723
0.9276978
0.89765906
0.86450714
0.7806922
0.9156287
0.7853099
0.96558774
0.8909575
0.91012526
0.926015
0.85371786
0.9198645
0.8504824
0.71520114
0.82907856
0.9262917
0.8636195
0.8137882
0.83576953
0.9430395
0.7575116
0.95039165
0.7867538
0.9058029
0.79704094
0.8458851
0.85986525
0.97173554
0.66290563
0.9013958
0.7115638
0.85621715
0.95745194
0.63646203
0.71675694
0.94622606
0.6560322
0.8436861
0.89513785
0.83181584
0.9134234
0.8425769
0.78886575
0.86612487
0.8885757
0.97709996
0.7149899
0.8573271
0.8743917
0.7858925
0.895934
0.9150786
0.6342767
0.83777684
0.85472625
0.93197477
0.85659987
0.91048187
0.8639959
0.9401381
0.8432638
0.71947056
0.84176815
0.95057184
0.5773564
0.86948967
0.944107
0.7789749
0.7472529
0.93729335
0.93649983
0.76440567
0.8696213
0.8480144
0.7828738
0.80764693
0.83366764
0.8608056
0.90314054
0.8467185
0.9061436
0.78282887
0.8456728
0.93880475
0.8161447
0.851821
0.90709347
0.90426964
0.83951366
0.8414595
0.7841691
0.91220015
0.91989547
0.8433969
0.8370794
0.7590044
0.68090695
0.753191
0.80399394
0.84092
0.7545128
0.8877785
0.9514827
0.93925375
0.8323691
0.85024184
0.8292607
0.6640641
0.73247457
0.92421865
0.8799907
0.8016211
0.76353276
0.556525
0.8461928
0.82127273
0.64991444
0.95005006
0.81754315
0.74506557
0.7713478
0.5151323
0.8580548
0.8423824
0.85846
0.8072011
0.8532801
0.88109916
0.68405646
0.8305182
0.8436836
0.6404348
0.4522404
0.9390883
0.9054732
0.7157693
0.7603874
0.8678458
0.807603
0.7552751
0.8585322
0.93362904
0.5417006
0.7058548
0.86400694
0.8730096
0.8627495
0.84597373
0.5318522
0.91549313
0.8699696
0.93697685
0.9115344
0.6133292
0.93444604
0.80095786
0.85046726
0.8412563
0.4757765
0.9154969
0.96330476
0.5970061
0.54592115
0.8024903
0.63950294
0.9252072
0.643163
0.95089734
0.6403559
0.6866427
0.86719394
0.88338244
0.89407295
0.7864296
0.93215656
0.64332336
0.8725181
0.6030435
0.8027
0.89890075
0.828548
0.90758127
0.89016986
0.8051835
0.558553
0.8189564
0.67533606
0.7472551
0.8900161
0.60838675
0.5550302
0.7623373
0.86855364
0.8016847
0.83809674
0.72667015
0.7780721
0.9246319
0.7618202
0.7020546
0.7456881
0.74929047
0.9059572
0.7446684
0.7226288
0.7689476
0.7594584
0.7531402
0.63283396
0.7176043
0.7189546
0.73181576
0.83185816
0.8723619
0.8240895
0.87711036
0.7916715
0.69828963
0.8749125
0.64210397
0.8541308
0.81432796
0.8126992
0.5751248
0.9090607
0.8397214
0.93673384
0.720471
0.75481915
0.8190423
0.8979331
0.91492176
0.8552729
0.886523
0.79230523
0.65124863
0.76750755
0.9257813
0.941197
0.61222434
0.85732645
0.86380607
0.7487519
0.81913245
0.75207645
0.88421345
0.6182879
0.65014565
0.72603977
0.7779201
0.5007516
0.859152
0.8239356
0.9619947
0.8179003
0.8153184
0.8960892
0.92684954
0.6204665
0.79279315
0.9276525
0.8380201
0.89070916
0.89923793
0.8532594
0.9557838
0.8902824
0.8782367
0.9346943
0.8720317
0.91450703
0.98356384
0.85806274
0.92168975
0.92933893
0.85129404
0.9391413
0.82995665
0.96547216
0.93201834
0.77180254
0.8432845
0.665732
0.8615777
0.81839585
0.7400643
0.92512786
0.9344766
0.94543624
0.87680537
0.7922219
0.861643
0.77192783
0.81068254
0.8144938
0.84267807
0.7628864
0.9443953
0.83095694
0.9151442
0.78945845
0.93710136
0.7013263
0.8209709
0.7169972
0.8392415
0.7761534
0.6532049
0.7185022
0.9065552
0.7452309
0.917704
0.7384979
0.69146246
0.88217777
0.8012761
0.6847877
0.9596438
0.735953
0.9505831
0.7713275
0.8158887
0.85622704
0.83865786
0.69394386
0.91341037
0.86221474
0.90477157
0.8528942
0.50583595
0.81738746
0.8072308
0.87335426
0.6764178
0.8969927
0.8763833
0.67875606
0.76922506
0.8634979
0.91533345
0.91309786
0.96971977
0.94857967
0.6364837
0.64041674
0.82284117
0.65181935
0.937277
0.7589104
0.95685756
0.73112696
0.8806474
0.87649924
0.56842715
0.2921418
0.6550442
0.8684146
0.7813314
0.8816347
0.63224554
0.90123785
0.9380823
0.93514806
0.7825565
0.7951485
0.929577
0.9686655
0.93900114
0.87706417
0.92057437
0.9198506
0.8946671
0.85208386
0.74651986
0.8522606
0.89868927
0.82446754
0.88653636
0.9370535
0.82855946
0.92635614
0.9488024
0.69572854
0.5937054
0.77218443
0.89095634
0.86773574
0.87826645
0.95374477
0.8469346
0.937596
0.9045265
0.8369159
0.42854986
0.6795962
0.86152846
0.9690744
0.83757627
0.8866541
0.93408227
0.6438917
0.8233112
0.9372724
0.6095733
0.7291954
0.8823726
0.8750933
0.9314271
0.8409476
0.41029215
0.89706117
0.8913606
0.8612804
0.8670577
0.88877654
0.8541549
0.7251258
0.63557464
0.8265584
0.88550913
0.86276346
0.87574196
0.9505857
0.92165315
0.9056065
0.90859056
0.8150505
0.8792518
0.83961815
0.9035516
0.844448
0.85923225
0.9388936
0.68367714
0.7923805
0.7399061
0.85317415
0.8445269
0.47332433
0.79350966
0.7220537
0.8182887
0.85451543
0.82594144
0.65476334
0.87338454
0.84596217
0.9641454
0.8310791
0.88460284
0.8429895
0.80570203
0.788691
0.8921909
0.7923597
0.85995215
0.6683835
0.7815712
0.51940227
0.9315405
0.86794853
0.6266335
0.74100107
0.68853164
0.84092563
0.9062734
0.9365285
0.7769731
0.84570396
0.9768543
0.61843395
0.754245
0.6609296
0.8567035
0.7974137
0.7392139
0.8482027
0.93165755
0.8266943
0.9469521
0.85308987
0.97462744
0.9079402
0.8990918
0.92925954
0.85772955
0.8938742
0.78682745
0.8128847
0.91472805
0.8930184
0.8849689
0.8898549
0.7063149
0.86922127
0.86857074
0.7629027
0.7126954
0.81940365
0.90379333
0.71602273
0.9524343
0.87036866
0.8893669
0.80458903
0.8035709
0.819074
0.8370466
0.96316653
0.8132859
0.7104989
0.8701224
0.81076795
0.89680237
0.36775285
0.74591655
0.8726855
0.7940064
0.8463185
0.910474
0.9221384
0.9468399
0.83193886
0.9524765
0.7466908
0.94591224
0.9457689
0.7829976
0.73836464
0.9022632
0.85635805
0.8232926
0.8984005
0.9527792
0.7996315
0.85832924
0.757986
0.5418406
0.93898255
0.73036003
0.84582126
0.8948602
0.81754124
0.9195844
0.562938
0.6241578
0.7005448
0.675704
0.7033805
0.704504
0.88017184
0.8669101
0.8831566
0.74130756
0.9079219
0.7964935
0.8974689
0.9437092
0.8678449
0.9544944
0.6783968
0.94531727
0.6735161
0.79953384
0.9354638
0.7451472
0.91317654
0.7961061
0.91678715
0.885436
0.76447093
0.8992773
0.7807106
0.88437563
0.84836084
0.9190843
0.94636726
0.8698587
0.94121516
0.8865942
0.8094288
0.94759697
0.90016246
0.86280406
0.8250917
0.9727331
0.94284594
0.7655875
0.9530893
0.85151005
0.93470216
0.9210346
0.91660523
0.6308765
0.5761845
0.90786016
0.85616225
0.6946188
0.84105426
0.90084195
0.7951672
0.72351503
0.78161824
0.8653964
0.79005474
0.43935728
0.7461773
0.71788585
0.8387281
0.8710989
0.80601764
0.77191603
0.7650708
0.92165476
0.7963038
0.61448234
0.89151394
0.7753894
0.8013435
0.7930731
0.8810013
0.51461667
0.71026504
0.51404953
0.7845919
0.8877963
0.841617
0.6754921
0.6810943
0.7711832
0.9007562
0.7734631
0.78819245
0.9051311
0.50756186
0.6188659
0.6689099
0.94900024
0.8894906
0.78019977
0.8560759
0.7085227
0.87369186
0.7574773
0.7964713
0.80231345
0.8431273
0.53488094
0.89504325
0.8482101
0.8260474
0.6833941
0.6432137
0.92311
0.80308264
0.7723918
0.8848847
0.899397
0.6746725
0.85253847
0.8110399
0.9105748
0.9556842
0.9027273
0.55545604
0.8162143
0.80020463
0.74692696
0.83190185
0.81553555
0.87867856
0.94762355
0.8083004
0.64788187
0.86865157
0.88338643
0.9164768
0.85407954
0.7453432
0.7469209
0.8692433
0.7406903
0.9485641
0.79308254
0.892895
0.6432301
0.91256845
0.6357922
0.74521285
0.88981605
0.64060414
0.7879188
0.60973495
0.57668126
0.7936407
0.6225685
0.778263
0.79586875
0.8461731
0.75199604
0.8461
0.8346998
0.76698565
0.90252775
0.7979435
0.8490907
0.8387163
0.5454314
0.84699005
0.9302542
0.88112754
0.7265843
0.83039296
0.8520281
0.8626735
0.88846767
0.8220271
0.72829866
0.90733814
0.617398
0.7753386
0.65654033
0.7514713
0.947598
0.90995324
0.8403599
0.78286874
0.80926406
0.8264215
0.8012373
0.63089776
0.70421433
0.87756616
0.9281586
0.8263674
0.84022695
0.90069073
0.929771
0.8246101
0.97284067
0.7826764
0.47761503
0.61928993
0.7426014
0.727028
0.77316195
0.70980763
0.88620555
0.56314605
0.8067974
0.60465413
0.66155523
0.8533956
0.8016732
0.86654377
0.8037799
0.828041
0.7753525
0.8748488
0.7664367
0.778905
0.7771332
0.9143001
0.9512059
0.87547475
0.6220513
0.783614
0.8250226
0.7443272
0.6487277
0.87525445
0.867949
0.7859001
0.9428519
0.76699686
0.9357854
0.6986301
0.868176
0.9283047
0.9038136
0.7531423
0.91042006
0.8415812
0.8651019
0.8767687
0.92728055
0.8848438
0.592153
0.7977526
0.8374353
0.7457408
0.7727167
0.94949484
0.5513967
0.7213795
0.89449114
0.6567077
0.95385724
0.87724316
0.7909828
0.90626276
0.877721
0.939195
0.8785301
0.9691726
0.6537497
0.895236
0.59797597
0.8525888
0.8755737
0.77394867
0.8154481
0.80787235
0.5633143
0.8635463
0.9307071
0.68636954
0.73493814
0.8442445
0.97675437
0.7894113
0.8599285
0.77005017
0.96082836
0.7897171
0.77253366
0.85314363
0.9618372
0.7662787
0.27129006
0.82614243
0.9109189
0.7269018
0.81166494
0.79112196
0.83046603
0.87603104
0.8931992
0.81945497
0.9221918
0.88484824
0.91508186
0.75650716
0.9621523
0.7581465
0.7934504
0.8763092
0.8951881
0.76671416
0.93010426
0.89613277
0.5634262
0.7738992
0.874498
0.8414529
0.65495574
0.76191384
0.501692
0.8243993
0.78303105
0.67952627
0.7825634
0.9438149
0.76314914
0.73712134
0.6704129
0.93451583
0.6192068
0.9026078
0.7600939
0.76559633
0.8307153
0.8468524
0.95163167
0.82769674
0.5546604
0.9544134
0.9306449
0.8055672
0.8193096
0.8863113
0.85657537
0.90548795
0.7464334
0.6094708
0.75999284
0.84868103
0.81564057
0.8637318
0.8276422
0.87475264
0.8745588
0.63909554
0.7412199
0.8646374
0.65809625
0.8616667
0.9326752
0.80941844
0.7580797
0.91584915
0.93248475
0.7229212
0.94176435
0.6286286
0.5467388
0.8678127
0.9619254
0.75642127
0.87388724
0.61794627
0.9247389
0.9386128
0.6111082
0.9026289
0.7289677
0.901875
0.72512454
0.71138465
0.89712113
0.689944
0.7369646
0.7837782
0.690781
0.8477884
0.84696186
0.8864723
0.6669872
0.845044
0.869717
0.88246477
0.94200224
0.9361113
0.82295686
0.6614106
0.9071741
0.8503378
0.9258574
0.8173755
0.62275153
0.8668163
0.97527575
0.93556327
0.8255448
0.950724
0.85862976
0.9123912
0.78427243
0.46791458
0.9251637
0.7703428
0.78953505
0.91342723
0.6734058
0.5708022
0.69474244
0.7629749
0.7590175
0.82186586
0.79123634
0.6266104
0.6064664
0.8054024
0.86137766
0.8951237
0.90430117
0.7146812
0.80558896
0.7862869
0.837572
0.8625995
0.940507
0.7965314
0.9033496
0.76798755
0.6042315
0.9179219
0.7563571
0.8094252
0.8436221
0.8212651
0.6985689
0.7398175
0.8476881
0.80354184
0.62885696
0.9037092
0.8472078
0.86849517
0.7324065
0.8139361
0.6913208
0.85054624
0.9745882
0.7568029
0.73412967
0.91278857
0.76409507
0.7858294
0.7967645
0.9725102
0.9089922
0.8178792
0.74826753
0.6775311
0.8311198
0.9419366
0.7586088
0.65221584
0.89006174
0.6817534
0.84530616
0.76622885
0.5421908
0.8093438
0.7794397
0.62125957
0.76257217
0.81268317
0.90165436
0.8361557
0.8568312
0.9416666
0.7712394
0.7718176
0.88081104
0.7734634
0.7329517
0.562717
0.9295163
0.86045337
0.9646205
0.8650078
0.5848713
0.78559625
0.8559281
0.79825145
0.94089174
0.9198452
0.96197504
0.8213603
0.6465173
0.9088269
0.8240973
0.6412518
0.8492132
0.82067734
0.7888925
0.8629187
0.8207779
0.66947895
0.8191444
0.55461055
0.9642691
0.8726861
0.90496576
0.85352874
0.9611207
0.8211269
0.8950742
0.911549
0.84128094
0.62608737
0.92311937
0.82153094
0.8834647
0.959009
0.63422257
0.7586269
0.5612089
0.89816386
0.9019834
0.87386024
0.7396652
0.7388388
0.78671587
0.82988274
0.66670287
0.78559726
0.47148174
0.74000424
0.9440174
0.67532146
0.84426445
0.92102766
0.8627313
0.6304844
0.9608642
0.7693419
0.92746395
0.87984866
0.5894096
0.9258216
0.78827083
0.59181446
0.8672663
0.9490526
0.83814436
0.4313324
0.88433564
0.5673952
0.84465444
0.8657292
0.81743115
0.913806
0.88111806
0.8486068
0.6808478
0.88146055
0.637259
0.9474218
0.572781
0.87094325
0.90024716
0.9478887
0.8727335
0.78222716
0.93863523
0.7848257
0.8295506
0.8352665
0.9458152
0.6595462
0.9034215
0.8816385
0.66174054
0.92083156
0.8762015
0.8385043
0.7023123
0.8379849
0.7014632
0.9397662
0.7917168
0.92735887
0.91131485
0.88594097
0.73203665
0.69517195
0.8290263
0.8240329
0.6932665
0.7475976
0.8458815
0.94647425
0.6074677
0.93774146
0.92129034
0.9364877
0.54960024
0.840842
0.9051713
0.7052139
0.655203
0.67112327
0.7506844
0.8697765
0.8641689
0.72323537
0.8639108
0.5259129
0.94635355
0.86609113
0.64772284
0.5701034
0.972663
0.9217291
0.9353361
0.9033694
0.7580483
0.94205284
0.776934
0.8680714
0.8559527
0.7799415
0.90118635
0.86339235
0.82787645
0.9104311
0.84585226
0.7728015
0.88786936
0.811518
0.7478478
0.885022
0.73429376
0.950161
0.7352839
0.80660546
0.5807736
0.97771096
0.68572724
0.8711882
0.7615004
0.8193654
0.704113
0.7031473
0.7240308
0.8850814
0.90642583
0.7826762
0.4397633
0.6787936
0.7529411
0.80798525
0.8322222
0.81703055
0.86478734
0.8947705
0.7672938
0.7460948
0.848062
0.92010844
0.9040884
0.8833356
0.3340219
0.8208256
0.622465
0.87796515
0.6109995
0.7630229
0.8425259
0.9497707
0.8937444
0.7843996
0.8634407
0.8023721
0.9122981
0.81770486
0.92777944
0.8330822
0.8468752
0.8763355
0.96474814
0.917753
0.9279787
0.86291957
0.7941866
0.9264718
0.7075538
0.58750504
0.89792264
0.6295084
0.8190931
0.8105637
0.9449252
0.8377432
0.76699084
0.83942723
0.85155153
0.77454937
0.7302088
0.49281204
0.5509001
0.74178565
0.6546347
0.9016191
0.86754745
0.9310063
0.7511074
0.85994625
0.8463749
0.9544967
0.8866448
0.8379087
0.6884515
0.8605028
0.6590541
0.8778811
0.52397966
0.85910994
0.8453345
0.8709646
0.62193316
0.91997445
0.9063134
0.77605295
0.7373469
0.75985265
0.9587553
0.932531
0.5851591
0.8899774
0.4093202
0.9245006
0.8639747
0.8742122
0.7025008
0.87913287
0.93040055
0.6799925
0.81247985
0.88424885
0.84649515
0.8056118
0.6759628
0.69649297
0.82033205
0.8459848
0.81894386
0.63708615
0.94383895
0.8003924
0.9396288
0.8642951
0.9389816
0.86455566
0.9106166
0.89823514
0.9516435
0.8553754
0.94907475
0.770561
0.8318329
0.87632024
0.8807688
0.85574806
0.7901083
0.78986037
0.6658536
0.6642697
0.8492251
0.4224425
0.7897953
0.81519496
0.9272711
0.8406522
0.79727435
0.81614345
0.71930265
0.9236747
0.9644538
0.88211435
0.5088362
0.852795
0.89886874
0.73166394
0.63278896
0.92634225
0.8818642
0.71940196
0.95077145
0.88852614
0.8074618
0.6165164
0.86359805
0.68958354
0.8782826
0.7748902
0.55976
0.69913536
0.77437764
0.8493151
0.54102015
0.7280884
0.82588977
0.80941147
0.8766161
0.8998704
0.8728525
0.7860027
0.8810524
0.75830364
0.96953046
0.85670376
0.8361491
0.7220509
0.87973297
0.59459764
0.71523005
0.78302634
0.5940749
0.8003596
0.8353603
0.8180981
0.6384176
0.8011231
0.8627276
0.8047107
0.38494325
0.91998446
0.5693619
0.6581981
0.59878767
0.87150097
0.2909345
0.63211715
0.9587183
0.8127188
0.9137829
0.68521917
0.9698852
0.9418001
0.6916734
0.8633353
0.54561174
0.89298
0.46406615
0.74593717
0.68668014
0.9361764
0.917366
0.84136784
0.72732943
0.7871326
0.9205425
0.8779727
0.8155433
0.8391881
0.79832274
0.8701439
0.94458514
0.92359596
0.8270298
0.9089244
0.6997607
0.86035407
0.7776747
0.53074586
0.66871816
0.9046384
0.9064819
0.88239956
0.92958224
0.8662756
0.84714913
0.84113574
0.84056646
0.5294534
0.85913146
0.809475
0.9610482
0.92349446
0.7859294
0.7789818
0.7488815
0.84882647
0.94999474
0.789693
0.5936101
0.83012563
0.79604983
0.95420414
0.68123174
0.7131864
0.9478229
0.5959333
0.86035585
0.8215369
0.9096393
0.919016
0.8870633
0.76224434
0.8441694
0.81595075
0.8821654
0.8092872
0.6577838
0.8896048
0.7683946
0.9043002
0.92230475
0.7756738
0.86837876
0.93925047
0.92127687
0.9268433
0.8948084
0.6227176
0.8151336
0.81921583
0.65937847
0.8785356
0.8819148
0.7641475
0.8769574
0.8905066
0.95011055
0.8433006
0.88189965
0.70248777
0.9262903
0.81531286
0.87622726
0.8625358
0.56017363
0.86040515
0.87365305
0.84563786
0.82792616
0.85073483
0.85441524
0.8763589
0.85962385
0.7607373
0.38664293
0.87454116
0.8801459
0.89672595
0.9451761
0.810146
0.9335378
0.8406172
0.8313052
0.7884569
0.8206698
0.80484676
0.86581194
0.7115051
0.65602577
0.7298114
0.87264323
0.732275
0.4261269
0.40667957
0.89831764
0.9119333
0.76062995
0.7981496
0.8308514
0.6922775
0.8355539
0.8442104
0.85360307
0.9178604
0.9369893
0.72174114
0.93784815
0.8986136
0.81807697
0.8804976
0.83823353
0.71688485
0.63614786
0.8948773
0.81973827
0.8500912
0.93334544
0.82416105
0.76597744
0.83889353
0.90756434
0.7957939
0.90468687
0.6933325
0.7791344
0.7100705
0.5283151
0.7838531
0.88879377
0.83983344
0.8865198
0.8705976
0.95660985
0.78003824
0.9048915
0.7760134
0.7616772
0.80491054
0.8986156
0.8327105
0.6565157
0.90058887
0.9099105
0.77760124
0.87434995
0.8783068
0.5306023
0.84187806
0.7523512
0.9116681
0.867644
0.93339264
0.81181645
0.74708354
0.9355373
0.92624545
0.87117964
0.9098837
0.86003184
0.75090367
0.91853774
0.64593345
0.8652344
0.86014944
0.8955071
0.8402014
0.914348
0.8311902
0.92195016
0.8068203
0.91756415
0.9297659
0.9138287
0.7746118
0.7689894
0.76257575
0.9289114
0.7426767
0.8378626
0.9051963
0.9139467
0.95806724
0.9330857
0.8892306
0.84533244
0.9147049
0.7924671
0.8558063
0.81578034
0.86618656
0.81603515
0.85521156
0.70102894
0.7815067
0.7503213
0.6460388
0.90619683
0.9209019
0.73036927
0.74669504
0.8908085
0.9070683
0.8583664
0.41189453
0.8880066
0.76091874
0.92995703
0.75873184
0.36610404
0.90346843
0.90867984
0.76677966
0.88277173
0.80840725
0.81244624
0.7799727
0.86879134
0.8945962
0.9658173
0.71140116
0.8775649
0.8421315
0.98172885
0.8300762
0.88603723
0.5684827
0.8331243
0.8711337
0.66102237
0.89551926
0.83640134
0.67241526
0.76995707
0.8391926
0.93153554
0.89792675
0.8965882
0.80360246
0.94192374
0.8247191
0.69070596
0.86839205
0.7009554
0.9131631
0.7635043
0.9151861
0.82456386
0.8228773
0.81983936
0.83061016
0.84087837
0.68913937
0.73704547
0.8256891
0.30088776
0.8604869
0.89537144
0.738052
0.782556
0.7431704
0.876558
0.86800325
0.8131714
0.9088911
0.903066
0.9244138
0.7247431
0.9209014
0.81111157
0.81666756
0.8066385
0.8130857
0.7468995
0.8404902
0.8816985
0.82444525
0.7792686
0.92541605
0.91714036
0.7600586
0.8930415
0.79465795
0.9376983
0.73481643
0.76331764
0.86557925
0.83285385
0.82459676
0.79500496
0.59326243
0.92351645
0.7389641
0.9219282
0.86359787
0.9117031
0.95505875
0.80698234
0.6997414
0.77272594
0.9331941
0.6772337
0.47807258
0.77409977
0.8258471
0.6477678
0.8708946
0.8984865
0.7527066
0.76819086
0.67140365
0.75584483
0.8309148
0.80568874
0.8665806
0.9213309
0.7605775
0.46639007
0.90175873
0.76919776
0.78541166
0.75997907
0.7523924
0.6856833
0.77942795
0.72411704
0.8317033
0.9588468
0.69361424
0.85475665
0.814524
0.7923885
0.94505244
0.49625075
0.83522403
0.84118557
0.71645224
0.77504456
0.90000516
0.84303665
0.84847265
0.93810284
0.71805346
0.7994104
0.89729315
0.7925931
0.8752606
0.9189979
0.838347
0.686603
0.7607955
0.8532342
0.8080684
0.8604732
0.8019788
0.79169106
0.7351037
0.629025
0.8223443
0.53907484
0.89148676
0.82528317
0.957207
0.86285543
0.84761786
0.8663652
0.83086807
0.5763166
0.7036798
0.97972244
0.8070761
0.89623064
0.64399767
0.83962864
0.8810896
0.6602259
0.78544205
0.7698504
0.3709166
0.87029904
0.774542
0.89812577
0.7501334
0.8868758
0.88570815
0.6219399
0.6787577
0.800117
0.8105796
0.92339706
0.95749754
0.9357807
0.7639458
0.6957494
0.95291054
0.5319602
0.8477502
0.83758813
0.8072339
0.88578296
0.90991163
0.7793038
0.7396469
0.94360554
0.93492216
0.69837695
0.85385454
0.723132
0.5241759
0.78502023
0.6683806
0.78852487
0.9392116
0.6348196
0.80748165
0.82537985
0.8969499
0.8952725
0.89609253
0.77698815
0.7431868
0.5175006
0.962306
0.66846764
0.60804415
0.73023355
0.71360207
0.9266205
0.81653214
0.8103488
0.6852044
0.96148443
0.91263545
0.7370097
0.8186719
0.4963474
0.97680426
0.80052626
0.6197465
0.7735118
0.9342514
0.9714656
0.6569944
0.7340546
0.70782995
0.7938637
0.76892364
0.7979029
0.8946946
0.64935505
0.9255647
0.90633994
0.82546437
0.9279965
0.82171357
0.7022832
0.72545624
0.6533298
0.748619
0.72083175
0.9472586
0.8938055
0.85726655
0.7788833
0.6217753
0.8405699
0.7406224
0.9546046
0.7411636
0.8408762
0.71484894
0.93158066
0.9183254
0.7483151
0.9129313
0.74312395
0.6931118
0.6243499
0.89836556
0.8542752
0.955595
0.7267286
0.7729
0.93602455
0.8204696
0.82190657
0.9257431
0.960217
0.90740055
0.83545524
0.81815076
0.7092946
0.8793357
0.7989034
0.5601619
0.90601283
0.6637218
0.5864554
0.8531344
0.8703641
0.80925214
0.87682074
0.72606224
0.8281219
0.79538614
0.9369719
0.86767167
0.58285546
0.9435705
0.7034862
0.9410192
0.93730056
0.8194236
0.761426
0.7851797
0.7953684
0.8324424
0.8440648
0.8308516
0.91923916
0.86077267
0.9541682
0.830774
0.9077004
0.7973074
0.92780596
0.7789266
0.85025537
0.8841018
0.90479004
0.89204574
0.6975405
0.712556
0.78696334
0.78567827
0.9586483
0.82274175
0.95480216
0.7394365
0.7412973
0.87025666
0.8471466
0.7902663
0.79975015
0.69890374
0.52357537
0.86617464
0.67589724
0.68377364
0.77384305
0.86603856
0.9695462
0.7380382
0.8842124
0.8221275
0.86560506
0.73530704
0.917125
0.7636534
0.8076163
0.81963474
0.7146332
0.7939875
0.7485896
0.94457567
0.6356146
0.93126225
0.79714966
0.93870664
0.79305965
0.7484158
0.8561637
0.69275504
0.7554113
0.89363825
0.7950405
0.81458175
0.8276558
0.7223966
0.6232058
0.79216
0.7633767
0.9321871
0.8132173
0.9112382
0.9480496
0.7916984
0.69147205
0.8927954
0.70060426
0.7819786
0.8414458
0.8849803
0.8711449
0.7809308
0.9637092
0.85170776
0.6156143
0.8035527
0.91729593
0.8642012
0.5309459
0.86986005
0.8793102
0.90280414
0.6807399
0.7978116
0.9073111
0.6110611
0.92338204
0.7237222
0.8408151
0.84896296
0.84647447
0.8408927
0.85219437
0.6534463
0.93067116
0.89875543
0.8738067
0.68707675
0.86778635
0.87407947
0.9337937
0.703333
0.66267806
0.6380782
0.8317091
0.82598495
0.59004736
0.76795524
0.8792243
0.57070684
0.93232805
0.88471925
0.76444554
0.90500224
0.89143527
0.8637104
0.9153317
0.6357143
0.84660995
0.90064996
0.76465297
0.7174614
0.7373054
0.80124146
0.8865341
0.86628187
0.8047149
0.90859777
0.77637637
0.8475825
0.9007704
0.8815807
0.7077714
0.79884654
0.96558964
0.8732959
0.8442044
0.8648703
0.9209349
0.7151072
0.8480858
0.37581807
0.53398
0.9079484
0.86291397
0.7435073
0.91066426
0.7391569
0.66095984
0.72945875
0.7074895
0.7609428
0.94618994
0.79188406
0.45077512
0.8325199
0.8035968
0.7556036
0.7277096
0.72041774
0.5124199
0.8354529
0.8839661
0.87388223
0.79655564
0.96008515
0.80943495
0.8334108
0.84053195
0.6396836
0.6080259
0.7602246
0.90616834
0.8972701
0.7780551
0.8955005
0.7949675
0.79449636
0.8028586
0.8748431
0.89503694
0.9261901
0.7493182
0.66207147
0.9108842
0.8547584
0.6250656
0.79193354
0.81490535
0.90544355
0.8648372
0.96506774
0.86673135
0.75763273
0.77926767
0.8827384
0.89668214
0.71282434
0.5208293
0.89850265
0.9466834
0.71003586
0.7854556
0.81504905
0.74448895
0.8552717
0.7995535
0.9566932
0.88458174
0.8641942
0.95620465
0.79684794
0.79946977
0.83795726
0.43002918
0.83790433
0.9315503
0.8315462
0.69185406
0.7779837
0.7208163
0.63235605
0.8684765
0.6699891
0.9069717
0.85803145
0.5782852
0.91510445
0.7779154
0.784766
0.7060751
0.77890146
0.37911493
0.9084511
0.74419105
0.91583806
0.7687715
0.85531986
0.9008762
0.81779194
0.7423053
0.8667181
0.7653391
0.91596293
0.9426594
0.9045821
0.84952116
0.8672223
0.8662943
0.7483143
0.71698654
0.91391414
0.82410914
0.80941474
0.8404157
0.8490971
0.7646908
0.85203266
0.7564329
0.9040039
0.9151996
0.77444214
0.5710233
0.9056721
0.89315045
0.7904966
0.82628965
0.9504397
0.92854095
0.8159495
0.89693123
0.8940156
0.95105565
0.85641766
0.8710656
0.9230958
0.8282088
0.9709377
0.8106269
0.86938816
0.8322843
0.90504175
0.770415
0.64578915
0.81513464
0.73052335
0.84312314
0.45899126
0.8840192
0.93023705
0.7901496
0.68960315
0.7870888
0.9253223
0.92520463
0.8407389
0.85612184
0.79342324
0.96883905
0.86041105
0.7330742
0.9299317
0.76289016
0.82034904
0.74815136
0.9393203
0.7163609
0.84662485
0.6867846
0.92944145
0.8350845
0.69419074
0.7526273
0.77933824
0.9343925
0.59194285
0.82605135
0.6387354
0.83908284
0.8629334
0.65649
0.7447035
0.7965171
0.7340424
0.7294032
0.83888644
0.7692271
0.9436439
0.76107407
0.8525916
0.89882666
0.94046086
0.8569999
0.76309186
0.632324
0.6550299
0.7659953
0.81652683
0.8923195
0.885805
0.8758131
0.9256683
0.9270859
0.8572911
0.7000263
0.917425
0.73091704
0.8860656
0.669222
0.8602998
0.6649696
0.8471581
0.5446672
0.73983324
0.7986647
0.8751127
0.78906184
0.88970923
0.7018383
0.7478851
0.5725957
0.8605424
0.8341824
0.82113475
0.8800497
0.7816619
0.96459544
0.8274898
0.7299345
0.6531207
0.8567774
0.64316785
0.8958646
0.9340906
0.6944679
0.8542773
0.78918207
0.6955767
0.6239278
0.79658973
0.7831954
0.7542448
0.78425616
0.9382295
0.8538296
0.8961443
0.5040973
0.7516122
0.7257486
0.9667014
0.56146777
0.8781503
0.7577053
0.8998915
0.6784519
0.6148659
0.79735625
0.5580297
0.6282898
0.8916013
0.919402
0.91972893
0.6829137
0.69074214
0.9493407
0.78907514
0.837103
0.8367167
0.7973617
0.84773326
0.85238636
0.80979025
0.94922745
0.8448503
0.800539
0.79939437
0.88114583
0.8172173
0.9107173
0.779775
0.9368526
0.7995257
0.78203845
0.75199306
0.87798005
0.7374309
0.6721471
0.7215072
0.722983
0.9335997
0.65787643
0.8822801
0.8664191
0.8685598
0.80298215
0.8278823
0.91022754
0.9275345
0.65177965
0.5086658
0.8302256
0.86112505
0.47398227
0.726748
0.8291431
0.7406254
0.71615577
0.62839746
0.9277357
0.9392727
0.35163814
0.5604431
0.692235
0.831747
0.7158441
0.905969
0.8693835
0.87167627
0.7558316
0.67697644
0.6891956
0.9349885
0.80789363
0.85830724
0.73973966
0.73232126
0.5469191
0.8356423
0.8272349
0.8741093
0.40995568
0.5855688
0.8717578
0.88614607
0.90190417
0.63030964
0.5910086
0.9079366
0.84876704
0.7753806
0.65555495
0.8180364
0.9236322
0.7686826
0.80995506
0.73346263
0.9216417
0.9509323
0.8227963
0.76298124
0.93906367
0.9146211
0.85078245
0.8883024
0.88067085
0.88773394
0.7178028
0.9291303
0.9205354
0.8842652
0.89195776
0.90776217
0.4046886
0.818922
0.8827056
0.83727914
0.8799736
0.6686902
0.8045877
0.8409921
0.9290472
0.79213136
0.92706496
0.50019634
0.76970196
0.7198623
0.85228294
0.9297828
0.92963713
0.93754816
0.71755064
0.80156004
0.97714996
0.9188444
0.66072947
0.9422433
0.7282119
0.8619175
0.8909777
0.93470854
0.76487416
0.71791375
0.82974875
0.89491653
0.8924346
0.9022794
0.5796669
0.65463936
0.64386535
0.7556048
0.55813307
0.8707677
0.75767356
0.8253155
0.8273532
0.8764913
0.9349804
0.8857938
0.6008738
0.7004274
0.8097845
0.7613777
0.96509415
0.90810776
0.923437
0.66471153
0.945711
0.80760074
0.8359971
0.9029878
0.94180244
0.9688453
0.81312335
0.75282526
0.8551734
0.8695469
0.76021826
0.8478838
0.70743036
0.92254615
0.7068481
0.928305
0.83517253
0.72605515
0.6133497
0.7677679
0.8986302
0.8866974
0.74427557
0.91492504
0.59657526
0.6430556
0.4778215
0.85805595
0.854058
0.93624675
0.7411586
0.8069341
0.7873203
0.7539952
0.92197174
0.7240969
0.55764353
0.9094969
0.6834482
0.9225861
0.7548986
0.94018584
0.83615935
0.8308886
0.8984409
0.9021471
0.7800423
0.95179045
0.9211308
0.8296229
0.53367835
0.8693401
0.48327896
0.6903414
0.94700956
0.9413065
0.6546401
0.54846656
0.79750615
0.8436053
0.95733994
0.88255256
0.8117097
0.7094965
0.80514276
0.7895154
0.86281216
0.69450915
0.8854987
0.8902248
0.59032696
0.7849067
0.7418529
0.78755534
0.65308505
0.85005665
0.933449
0.78556156
0.7246904
0.90626484
0.796094
0.81987417
0.86956054
0.8416975
0.7920937
0.57844114
0.8529905
0.7788856
0.84587926
0.64712423
0.6709658
0.9585674
0.75111413
0.9111308
0.896996
0.77529705
0.8983366
0.80724615
0.6312208
0.83882093
0.32763416
0.7999762
0.82863
0.71511006
0.86752033
0.8296453
0.96752423
0.84019256
0.9169587
0.7233941
0.9731126
0.87279516
0.77203405
0.7457919
0.51239854
0.74228334
0.9205948
0.7904962
0.8646175
0.45842567
0.641453
0.8842474
0.68158954
0.793316
0.93374527
0.9021029
0.8920182
0.858541
0.9214879
0.80974853
0.80515164
0.83458
0.8902591
0.6494637
0.93514615
0.62335783
0.92788595
0.5288497
0.82356924
0.7359871
0.86656415
0.90619314
0.8746115
0.82257265
0.6109585
0.6969229
0.9030792
0.872497
0.85620415
0.7612897
0.8358195
0.84850454
0.85670835
0.8517511
0.8689364
0.8126122
0.702484
0.5358668
0.89946747
0.42833027
0.96738154
0.9040497
0.8743845
0.87043184
0.8598324
0.61742735
0.6589324
0.8506695
0.5761095
0.8753135
0.8245525
0.77024585
0.9464521
0.692895
0.90933335
0.86298203
0.839737
0.92449343
0.9473622
0.8085622
0.8899895
0.59554976
0.7033286
0.9173207
0.779854
0.86990696
0.8436347
0.6095466
0.8412574
0.71896195
0.85397005
0.70946324
0.82405245
0.77581054
0.57109886
0.78345394
0.47453642
0.870262
0.4519511
0.9561548
0.62211144
0.8938248
0.8951839
0.90439266
0.7600031
0.84929615
0.92148125
0.8888717
0.8637845
0.9129591
0.83071035
0.7282305
0.77422005
0.87220734
0.8540546
0.63063854
0.8582287
0.852468
0.9016317
0.79295003
0.8221757
0.8536898
0.79438716
0.89840853
0.8182596
0.83430505
0.8851316
0.72694254
0.70303667
0.8879008
0.8145842
0.84845734
0.7602945
0.6417841
0.897338
0.93039125
0.94610167
0.7855418
0.959788
0.8874152
0.95652866
0.72093904
0.73314965
0.68988717
0.82921857
0.90954894
0.85778284
0.82550293
0.45124286
0.7256636
0.7242571
0.9192945
0.3366475
0.8048605
0.8308101
0.92319876
0.73561
0.7343597
0.8518162
0.779879
0.927562
0.68825036
0.83067125
0.60752964
0.863018
0.76015574
0.65145093
0.50777185
0.7635818
0.9362098
0.93721515
0.8223725
0.9174268
0.7954269
0.9324243
0.93228847
0.8001754
0.90941846
0.81603855
0.8426376
0.82034796
0.8898363
0.83573645
0.86708015
0.91514057
0.89585555
0.89349055
0.807988
0.8150178
0.86115026
0.70104337
0.93925107
0.6714331
0.78931093
0.86001
0.8576572
0.72171414
0.94648397
0.87533367
0.8170732
0.88741773
0.8432556
0.87743604
0.8816499
0.7121279
0.710889
0.5092834
0.94655025
0.84708923
0.835112
0.8451475
0.84270245
0.85570985
0.82058305
0.8718853
0.8687428
0.76223356
0.9199332
0.89886093
0.8991214
0.776318
0.7803296
0.868825
0.9037544
0.9237554
0.8162653
0.8718556
0.924245
0.9606827
0.8175176
0.7457793
0.6182696
0.59923583
0.6066602
0.7096987
0.68402547
0.66076255
0.8889493
0.8967639
0.49360996
0.86219895
0.9458725
0.84874123
0.75274897
0.91168004
0.90998614
0.79937106
0.6933934
0.6180208
0.8617019
0.6132562
0.89330167
0.812009
0.86526674
0.8692291
0.7184722
0.7184322
0.8183741
0.90971667
0.86019796
0.7298541
0.8895023
0.8047509
0.8544133
0.9350784
0.7607868
0.8851218
0.7410943
0.56809735
0.8910775
0.96599674
0.82752156
0.8622333
0.85146797
0.85974735
0.88161314
0.84523743
0.8706318
0.6402841
0.802809
0.80507183
0.8451687
0.9214486
0.92663544
0.8416343
0.753346
0.82538813
0.79576844
0.7594518
0.8512702
0.9247187
0.9029577
0.7289252
0.70502484
0.8253014
0.8705401
0.75880337
0.8904173
0.7689525
0.72212046
0.90545785
0.8494831
0.77720106
0.679811
0.7453283
0.93391913
0.8888898
0.7125197
0.77493256
0.78877246
0.8143411
0.8677465
0.6599263
0.82074
0.95603955
0.69210374
0.56602603
0.85412526
0.5331323
0.7835618
0.86166394
0.82986563
0.95275635
0.8342648
0.65741503
0.8326417
0.76951814
0.8638863
0.9558343
0.94649297
0.8925855
0.87683624
0.9250303
0.8863465
0.89153385
0.90535676
0.9161236
0.7220347
0.9336093
0.85318106
0.9113058
0.8159311
0.96616024
0.8824925
0.93952465
0.7313427
0.8952471
0.96706605
0.71905035
0.762087
0.72103447
0.912288
0.7170506
0.8582189
0.8590854
0.95477164
0.7885464
0.8037408
0.90500385
0.92820984
0.81433296
0.6547902
0.91989964
0.6684518
0.93366945
0.8493874
0.9001637
0.62794244
0.53616786
0.4686532
0.822328
0.9281715
0.8945812
0.905818
0.8456635
0.9123497
0.98018587
0.63967997
0.8735923
0.96330893
0.80883694
0.82965523
0.88313705
0.9108743
0.80311304
0.92900735
0.91937387
0.8905207
0.7588956
0.88588214
0.88047427
0.9148177
0.8126666
0.8928472
0.84166944
0.79176086
0.4485641
0.8386033
0.8771273
0.8845526
0.9018638
0.8539326
0.81174564
0.73816925
0.6095759
0.8584082
0.91466415
0.8763295
0.77558833
0.8338474
0.84063655
0.93242127
0.56689495
0.86919916
0.903165
0.80545455
0.96686906
0.92999685
0.9383605
0.8138901
0.8526792
0.82933486
0.8408183
0.80230033
0.84482574
0.8457031
0.8894276
0.9333339
0.87955266
0.7681275
0.74456006
0.94488585
0.8008435
0.8083829
0.832512
0.85050833
0.7436796
0.6645575
0.9258315
0.96478873
0.81614125
0.8301419
0.79962206
0.93009603
0.92220825
0.95577055
0.9125605
0.7950056
0.8030391
0.7860473
0.67767584
0.870179
0.76692945
0.6388416
0.96587527
0.8913083
0.91284364
0.8893765
0.91459477
0.8963922
0.5346478
0.9692421
0.7882595
0.6144355
0.858357
0.89792836
0.9348318
0.9716476
0.86526537
0.86072516
0.810809
0.8846621
0.8395109
0.86964494
0.81875056
0.4924213
0.92222965
0.859547
0.71468204
0.8547294
0.637419
0.9127306
0.8279405
0.6645581
0.95191693
0.6310983
0.9139497
0.8546361
0.7545402
0.80018556
0.938174
0.72110736
0.8691795
0.8766426
0.86335003
0.8121064
0.81741285
0.8717192
0.9502285
0.719847
0.887568
0.7611997
0.91294026
0.5695598
0.78739095
0.81663555
0.735034
0.82679844
0.7277789
0.73340595
0.9120504
0.62561053
0.60870385
0.86336744
0.90440637
0.8777696
0.762995
0.9130117
0.37849692
0.81886476
0.62120044
0.76491165
0.78462934
0.75848246
0.6795046
0.6417263
0.8361558
0.77102673
0.93728894
0.78221434
0.8192682
0.9138227
0.960441
0.8910552
0.8329846
0.7421506
0.65138197
0.8098475
0.8986969
0.9026765
0.8304006
0.90932405
0.90917003
0.82331985
0.8033336
0.925704
0.5115099
0.7951435
0.8979634
0.66747475
0.93720233
0.85179794
0.9160502
0.8297149
0.9572114
0.6834683
0.8775689
0.620979
0.8918073
0.80896163
0.88453907
0.89765245
0.9187694
0.8786354
0.6051413
0.6355389
0.8655239
0.55368596
0.82653093
0.75344425
0.9144465
0.80404663
0.77026045
0.84109193
0.85547036
0.922713
0.93625396
0.9196918
0.81901443
0.8314002
0.8338464
0.8861772
0.5672651
0.6562322
0.8122463
0.8656151
0.8340706
0.7511599
0.5584302
0.8567443
0.9337008
0.77639604
0.90290517
0.6134354
0.9193747
0.946074
0.9160144
0.8444604
0.7747828
0.8044926
0.975647
0.8565426
0.95361954
0.76821446
0.77255195
0.739414
0.8835038
0.8101275
0.897244
0.78875214
0.9642948
0.723933
0.6716592
0.9635236
0.8438837
0.91569686
0.7457775
0.78023183
0.83735716
0.8456319
0.87357265
0.82463264
0.9060548
0.926457
0.47501042
0.8107277
0.81257755
0.68639755
0.9160087
0.86320454
0.7359631
0.786719
0.871792
0.8785627
0.6914072
0.8997604
0.8776447
0.81765765
0.86703384
0.614297
0.8088969
0.8679903
0.9672282
0.73271257
0.8163972
0.8275381
0.9260032
0.8725701
0.9013038
0.8162931
0.65458035
0.9241766
0.3428566
0.8907118
0.7866604
0.8555236
0.8770193
0.90001684
0.8693236
0.7666478
0.7729773
0.77472836
0.739796
0.8579911
0.7902472
0.7709434
0.66563296
0.9661047
0.89039284
0.8734376
0.94142747
0.8376827
0.82547724
0.41528264
0.870463
0.7035467
0.6929474
0.8713144
0.8773359
0.8399577
0.60128844
0.76714385
0.94871795
0.8490671
0.7703457
0.90071464
0.71380764
0.7414368
0.7609234
0.67694426
0.85170805
0.8404964
0.6999595
0.8381106
0.76818526
0.7939066
0.8715734
0.7047766
0.9370823
0.795855
0.7725346
0.81005764
0.6198998
0.7414034
0.7792119
0.6967407
0.85316026
0.7152453
0.7451632
0.7584122
0.832755
0.90936697
0.7035603
0.88614136
0.81470066
0.8097543
0.8282726
0.8654063
0.48042378
0.76447463
0.7283038
0.8831478
0.7210113
0.85721076
0.9268404
0.92419386
0.84760964
0.8406627
0.7912328
0.9075149
0.7291382
0.7875919
0.88158774
0.784436
0.7906079
0.82703507
0.8573051
0.86055714
0.9194701
0.6880734
0.7963144
0.89524484
0.79341114
0.76730585
0.7942395
0.94478923
0.9695867
0.95626366
0.93341064
0.8674366
0.9102474
0.7853521
0.9254266
0.7158933
0.8082379
0.9104932
0.93471026
0.8753058
0.44244552
0.7951221
0.7962938
0.81710637
0.828548
0.8368244
0.61039525
0.9185337
0.7827784
0.7884011
0.91257995
0.666419
0.69580394
0.7591871
0.8278208
0.8591612
0.87237054
0.9166063
0.84645635
0.73531806
0.8673469
0.5000643
0.8773867
0.8020944
0.84665054
0.7590203
0.48161077
0.8998567
0.7967254
0.6773404
0.8296469
0.9263201
0.7463641
0.63211167
0.9235589
0.3980231
0.8978927
0.90846574
0.8508343
0.748862
0.84115154
0.93581605
0.98540914
0.6699327
0.67068195
0.6890335
0.83973294
0.9049955
0.682754
0.8133633
0.67411834
0.7767847
0.8904632
0.95498526
0.77636945
0.7969501
0.9167386
0.9002369
0.92082787
0.9036212
0.76017696
0.6936197
0.85577387
0.8565365
0.89883065
0.871281
0.8482588
0.5808096
0.77561235
0.7280942
0.9460596
0.8104707
0.91009575
0.9329365
0.9591701
0.8126209
0.83483887
0.8005085
0.67888385
0.7691294
0.42036188
0.6818742
0.68330544
0.61038065
0.9731022
0.97342557
0.8946286
0.7553389
0.54004353
0.85292923
0.8617476
0.75752854
0.74850905
0.55157536
0.77956396
0.79241675
0.8733157
0.7778116
0.9056356
0.8948569
0.91916174
0.8383482
0.9053756
0.88787794
0.8498139
0.8611565
0.68974763
0.62077546
0.67872286
0.70159405
0.58409244
0.81399536
0.9018042
0.74716055
0.95797396
0.77824044
0.77304965
0.67120737
0.8993014
0.72913617
0.92157376
0.7332252
0.6275131
0.87773985
0.8326723
0.8090144
0.8707833
0.8551267
0.72481453
0.9049133
0.7932099
0.90503883
0.73176706
0.824661
0.71144223
0.7391292
0.8625467
0.8479667
0.5237995
0.89563155
0.80436504
0.9244094
0.77003384
0.88989353
0.9309032
0.8244755
0.9446206
0.8579812
0.6111304
0.95969146
0.3514318
0.8430434
0.75355524
0.79044145
0.83601344
0.8651251
0.5986079
0.7244557
0.74465966
0.7735075
0.56830096
0.86106807
0.76112914
0.71243143
0.87475014
0.9342537
0.861313
0.6934438
0.71420914
0.6369938
0.6647127
0.8738414
0.8139458
0.829492
0.85038817
0.8925948
0.83375615
0.78926027
0.7706941
0.58603233
0.75619686
0.8415123
0.78651106
0.66791445
0.5699312
0.7846594
0.82504666
0.81831175
0.8465587
0.8146769
0.814165
0.76812744
0.84461176
0.89535147
0.8662332
0.9195465
0.6635153
0.8935065
0.80873215
0.95320886
0.9504701
0.80459845
0.8425928
0.7402476
0.9373189
0.8140461
0.93944436
0.5391947
0.8427326
0.90408355
0.84962213
0.8551182
0.76366055
0.903482
0.7496767
0.60007846
0.89414966
0.8467389
0.36079413
0.9235723
0.81102395
0.7406945
0.95348775
0.8024045
0.47930783
0.8086712
0.8604283
0.89737594
0.7210752
0.94182086
0.9380392
0.82756996
0.8122711
0.91474503
0.8876846
0.84949756
0.860634
0.6868252
0.9504879
0.7600373
0.84009
0.8497193
0.8028974
0.33527213
0.83218944
0.7749513
0.6624426
0.8770788
0.9578533
0.80445546
0.8516948
0.8681625
0.8905282
0.75129163
0.75820255
0.6639792
0.880041
0.75664973
0.91032183
0.9083354
0.8415913
0.72726345
0.61112803
0.8075609
0.8807101
0.7421019
0.32674953
0.9009278
0.72564995
0.7342074
0.5072305
0.75659025
0.57801497
0.88138205
0.6792474
0.9087963
0.86468863
0.89533675
0.8660085
0.87776697
0.9674792
0.834468
0.76351327
0.836589
0.8966558
0.6648987
0.8864566
0.6299283
0.86934584
0.92911434
0.7494149
0.9368711
0.824859
0.67780995
0.54884756
0.97439224
0.93226725
0.7666421
0.90746707
0.8718081
0.41139826
0.7993201
0.7205457
0.750846
0.8168668
0.8294238
0.6076766
0.9478969
0.72364986
0.9147698
0.8919751
0.8841417
0.9370812
0.9337081
0.74072015
0.7827282
0.94838446
0.91896296
0.80293834
0.8426793
0.7706473
0.91019315
0.91793656
0.91916615
0.7622151
0.76792026
0.8196425
0.7301092
0.79586154
0.7370252
0.7040996
0.81678563
0.8905292
0.802621
0.81218493
0.84941375
0.45460922
0.5873816
0.71351457
0.8706994
0.9126624
0.8279151
0.8591517
0.76807487
0.89757687
0.8088841
0.7250025
0.84822685
0.67456794
0.88866657
0.79740524
0.97625077
0.788438
0.77656543
0.82091206
0.80580705
0.8668891
0.8223371
0.7594064
0.85020417
0.89678746
0.8728406
0.9412852
0.7860992
0.76297283
0.8836986
0.92873275
0.85728014
0.8934516
0.8615789
0.7592142
0.84755003
0.7364779
0.098342255
0.45520216
0.9006002
0.5867184
0.95110893
0.8499367
0.79443675
0.57690865
0.7692139
0.67635703
0.8076396
0.8685685
0.7934303
0.6667251
0.7481046
0.8487483
0.7566422
0.7630086
0.77091193
0.9240781
0.79472464
0.90690684
0.63864446
0.856091
0.9065826
0.87636817
0.90545213
0.9369559
0.94223243
0.70417136
0.73593116
0.7400913
0.88628536
0.8442509
0.824077
0.8896841
0.84228206
0.48566866
0.7164793
0.7683649
0.6918987
0.5828875
0.8754812
0.93497324
0.75250536
0.76564026
0.83517975
0.8507332
0.85160744
0.949129
0.7414322
0.62850344
0.689288
0.8144766
0.8810556
0.8875577
0.93884224
0.8362262
0.8406129
0.9396528
0.79595345
0.9163315
0.64627266
0.9162542
0.7909431
0.80560005
0.9185185
0.81158054
0.6881115
0.85718733
0.8089936
0.9198103
0.92094743
0.91232127
0.6666111
0.51741767
0.72689176
0.594803
0.59095
0.86270374
0.85107106
0.93585914
0.7713492
0.8482783
0.8269539
0.9647552
0.9106398
0.84932554
0.90584826
0.8964306
0.8778845
0.68878
0.82833916
0.8521042
0.75204194
0.6271121
0.84446967
0.90819407
0.7192513
0.83679914
0.755812
0.8629449
0.80279535
0.9484841
0.75221723
0.75362575
0.28357643
0.8057958
0.8172559
0.9171011
0.797877
0.7586148
0.8528205
0.851455
0.83523077
0.89337116
0.86223966
0.7501155
0.87823635
0.47453094
0.91608787
0.61249727
0.9061111
0.5510266
0.8510074
0.75678945
0.72761464
0.5970615
0.7346284
0.89656883
0.8455678
0.76308227
0.62099636
0.8045909
0.8200309
0.6618377
0.84232265
0.85267437
0.6270735
0.7990612
0.75953776
0.5206926
0.9662965
0.82300526
0.80009806
0.902081
0.6990916
0.83891916
0.4434599
0.9409976
0.6891854
0.8917035
0.6322123
0.9145561
0.60050684
0.77808195
0.7904834
0.92686385
0.7878585
0.8830506
0.78305423
0.85194767
0.8292646
0.8281128
0.76760656
0.87290734
0.8875302
0.7098524
0.7920821
0.7421947
0.76528084
0.7246424
0.7723234
0.6188394
0.75515187
0.9583885
0.8193175
0.7432406
0.91704255
0.87981826
0.8017174
0.92103195
0.89612734
0.60126686
0.6813308
0.57369834
0.77893203
0.7511902
0.8909669
0.52534366
0.78874207
0.8324833
0.8101933
0.9391429
0.8865107
0.9720868
0.79926974
0.6968976
0.9501522
0.8442829
0.915215
0.9321383
0.83565533
0.7354956
0.77165496
0.66616297
0.89355725
0.7919991
0.7861739
0.8709603
0.96312046
0.86868083
0.91028523
0.7533886
0.6329173
0.72572875
0.53633
0.6178501
0.838881
0.9261178
0.9083258
0.8337037
0.9322654
0.68440145
0.9145699
0.79870504
0.9174219
0.7695559
0.82154316
0.88304186
0.952963
0.9392264
0.7018823
0.769153
0.740417
0.9310682
0.8708427
0.9135338
0.82520086
0.85625297
0.78532404
0.9070768
0.5844076
0.8065055
0.8022456
0.78468746
0.6446327
0.84322023
0.83644474
0.64928675
0.8445355
0.92078066
0.66779983
0.8258104
0.81697166
0.89964
0.79862565
0.8403169
0.80027515
0.8522853
0.8968656
0.5176864
0.92115164
0.7118821
0.867476
0.8652222
0.9259014
0.9370579
0.688893
0.57575446
0.73872566
0.77916884
0.92595136
0.80634856
0.8464132
0.5388406
0.82977986
0.884245
0.8315023
0.76556575
0.8190576
0.75953096
0.8773248
0.7845365
0.8055429
0.94787323
0.8084792
0.9551535
0.8187326
0.8811444
0.8684678
0.9769232
0.8075452
0.7247419
0.78122926
0.6993391
0.7520849
0.9380163
0.845188
0.8033118
0.7822421
0.7875708
0.8235575
0.9021482
0.44548652
0.9407336
0.8158834
0.962037
0.8211235
0.92373013
0.81177944
0.9253444
0.52936935
0.7438631
0.8609699
0.8262305
0.65671706
0.40014902
0.8775191
0.7643543
0.9505475
0.88776875
0.92775357
0.9582668
0.7404033
0.91307485
0.80973005
0.8430802
0.7876966
0.82816267
0.8208865
0.9166455
0.8569275
0.87374336
0.9627129
0.8663242
0.66223776
0.859971
0.46045032
0.85721266
0.9539105
0.96496975
0.8368047
0.66890866
0.7699198
0.7923558
0.9176874
0.9574882
0.84703934
0.60104614
0.8741307
0.75080913
0.8141466
0.7429352
0.9018709
0.72797585
0.80679727
0.8137302
0.8126901
0.8117691
0.9371652
0.92899156
0.6455505
0.8631058
0.9497023
0.9016272
0.7054365
0.7280994
0.90750223
0.8925859
0.8507148
0.96442443
0.76891446
0.7897737
0.7012773
0.6791868
0.8821768
0.84575313
0.70728064
0.77724653
0.8900657
0.75116134
0.9295907
0.81093585
0.8398504
0.93123233
0.81129736
0.9692198
0.9218778
0.9834069
0.7841966
0.54356605
0.66222334
0.80012953
0.92052895
0.95512986
0.86580914
0.8519204
0.8163454
0.8199207
0.8972279
0.7220144
0.905352
0.86553866
0.8814678
0.88983786
0.88302433
0.8883064
0.79268444
0.8049609
0.8083814
0.8072672
0.5840986
0.8682859
0.9273767
0.7859217
0.89017445
0.9359991
0.86260813
0.6331903
0.85983604
0.9126185
0.8577075
0.78769004
0.8677012
0.923826
0.8733472
0.6741797
0.86236566
0.81428957
0.4229281
0.9456177
0.9476754
0.8542953
0.96423435
0.7615162
0.91464794
0.92002684
0.93348014
0.8504652
0.3487624
0.9329355
0.6330289
0.9467972
0.8149786
0.36060035
0.88702893
0.94638646
0.9321897
0.6907151
0.6590843
0.6818072
0.8303106
0.8031524
0.8495369
0.81319135
0.8494759
0.8189011
0.7392967
0.7597412
0.6543193
0.91093946
0.83834773
0.79765564
0.8158393
0.8987432
0.7700511
0.7327868
0.9144279
0.44638762
0.812464
0.92141783
0.8979942
0.65805686
0.82509154
0.63133174
0.7262734
0.7426336
0.7342727
