0.8449513
0.8191217
0.8702333
0.8538826
0.70377696
0.80419713
0.74027956
0.8827637
0.93992186
0.8563374
0.73654056
0.93048716
0.93801
0.66826826
0.95920503
0.83699995
0.84734905
0.8119883
0.930158
0.731403
0.82071555
0.9564906
0.6542858
0.9198351
0.8263339
0.9048252
0.8769635
0.8116826
0.7807131
0.7611282
0.88369584
0.8280775
0.8597782
0.9445907
0.9368404
0.8630207
0.87375104
0.9101271
0.75678396
0.9295614
0.94118863
0.90361625
0.7053066
0.9430084
0.7982143
0.8795531
0.55167496
0.9303775
0.7901335
0.8294824
0.91112334
0.94421893
0.96734285
0.8933501
0.83627737
0.747897
0.95609087
0.7532909
0.95247304
0.94182605
0.8927489
0.88791215
0.7895664
0.72798085
0.79953253
0.92408556
0.8044916
0.85075414
0.86605895
0.8977658
0.8505008
0.78855217
0.8908426
0.86638826
0.8881019
0.7733006
0.897174
0.884513
0.93340546
0.85767305
0.82146037
0.8599376
0.8021922
0.9329647
0.9301499
0.915998
0.87806964
0.92697865
0.874081
0.6749191
0.8527647
0.95839095
0.8952432
0.92634064
0.8847271
0.8454767
0.88092947
0.8515253
0.51675135
0.9314294
0.8768723
0.86057055
0.8268243
0.8486873
0.96413016
0.8967695
0.96646357
0.86330754
0.8584119
0.82896703
0.849857
0.9484726
0.84226155
0.9535715
0.91083777
0.8220683
0.66182494
0.8303346
0.769372
0.8979968
0.8067986
0.90003645
0.94207394
0.83530104
0.8418429
0.79813695
0.71229446
0.92058516
0.8329137
0.9566699
0.7915896
0.7333875
0.86454237
0.8214727
0.93209994
0.90915835
0.7546788
0.83747846
0.7934229
0.91788036
0.80117154
0.79103273
0.93340117
0.7726863
0.7347989
0.9356481
0.88034797
0.9003127
0.9335632
0.86439794
0.79526067
0.8497521
0.87488294
0.9252912
0.86581844
0.91249955
0.85441923
0.8846428
0.8656607
0.88510156
0.9536706
0.7663076
0.840253
0.88886184
0.879942
0.95752835
0.9119873
0.94051087
0.84711677
0.8875668
0.80673695
0.877773
0.91095996
0.8288347
0.87543017
0.9065084
0.91805077
0.9099245
0.89365363
0.79680264
0.7506072
0.75449663
0.8985098
0.77679694
0.8945438
0.92201996
0.8610139
0.89830935
0.9521533
0.9675562
0.9185855
0.88066524
0.7664079
0.79283494
0.7593939
0.84556055
0.92560804
0.80672437
0.66866636
0.7793409
0.8596559
0.9547337
0.92474735
0.59417915
0.8388581
0.6142135
0.85186344
0.90421
0.83966076
0.8967454
0.90542054
0.87366176
0.96079564
0.8665907
0.6924964
0.8012186
0.75155926
0.9319613
0.82871485
0.74412155
0.8732405
0.84114164
0.83857906
0.9008968
0.8527491
0.79362583
0.92203426
0.5760602
0.6484593
0.92231345
0.7900094
0.88933706
0.74406016
0.90587056
0.82451
0.9283402
0.87988883
0.88886493
0.93928087
0.8314028
0.8844545
0.9152045
0.88667876
0.92106473
0.7964278
0.9453557
0.77963144
0.7847157
0.7377664
0.8391028
0.79476666
0.8270918
0.8347585
0.911876
0.8088377
0.83760434
0.8118632
0.88532424
0.88529336
0.8010763
0.71349156
0.89691603
0.85462266
0.8176876
0.72447866
0.83383214
0.79889107
0.8801569
0.8641633
0.8640628
0.93634737
0.92178357
0.9191927
0.8840743
0.8673688
0.8889683
0.93473786
0.86856353
0.7955705
0.8148751
0.8494525
0.9040443
0.6599285
0.90559447
0.9566452
0.829449
0.91781604
0.89785284
0.8517056
0.8892219
0.8731299
0.8314421
0.66662806
0.8098455
0.73810977
0.7949059
0.9167368
0.8620148
0.9329376
0.9026094
0.8296589
0.9387442
0.9424068
0.8461039
0.80164367
0.8470255
0.7302671
0.8748022
0.8264796
0.7955897
0.9478101
0.9394684
0.8316161
0.8109347
0.82417184
0.94880456
0.85538214
0.8710635
0.8088327
0.9469059
0.94298625
0.9166402
0.855456
0.93855286
0.9616536
0.92607236
0.91719174
0.82583547
0.87780327
0.6995065
0.877959
0.8726247
0.89417046
0.84452605
0.5784119
0.90005606
0.6206618
0.87812734
0.8173694
0.7663014
0.8883124
0.89233947
0.9074445
0.9546677
0.9444398
0.9090351
0.85129416
0.89172155
0.7572104
0.84647065
0.9749687
0.8145926
0.8904711
0.90429455
0.83913517
0.73031044
0.90362275
0.9407416
0.7404079
0.8863746
0.8321056
0.54306746
0.9147254
0.82122016
0.66311544
0.9148927
0.927802
0.7699757
0.86152405
0.9299908
0.9180018
0.85658985
0.6408807
0.9302028
0.8190649
0.9323827
0.91769624
0.86676526
0.7661632
0.9264331
0.9412519
0.8981891
0.8604488
0.89898974
0.9007954
0.92010665
0.75842047
0.71958995
0.8904331
0.92815924
0.7018935
0.9663147
0.72356695
0.7658367
0.7207106
0.87645113
0.7857822
0.91870755
0.66979516
0.9265757
0.74282485
0.9162401
0.60098255
0.81112885
0.8706039
0.7608341
0.8880309
0.90470004
0.86272883
0.9320018
0.832908
0.80144
0.8889354
0.9420155
0.85082895
0.7053961
0.83177483
0.71315515
0.90765446
0.94287795
0.87238795
0.90567803
0.8798774
0.70750505
0.4281757
0.8722806
0.8086211
0.92806643
0.9294017
0.73439837
0.9198623
0.930724
0.8800364
0.7853168
0.9210191
0.7142817
0.89240813
0.8453053
0.9034762
0.88506836
0.88833976
0.90906304
0.9284516
0.90545285
0.7927376
0.9543781
0.7507233
0.90223134
0.8905887
0.8273994
0.94774044
0.8098588
0.8504202
0.92032075
0.8655129
0.7214865
0.8682908
0.9297093
0.7828719
0.8246675
0.8807291
0.78304017
0.95615596
0.8191556
0.9154706
0.8901688
0.7299785
0.67798257
0.9187783
0.6963039
0.8840847
0.9573064
0.7210198
0.7490099
0.6386817
0.8870934
0.9026996
0.8423697
0.75105864
0.76179713
0.8701691
0.8684272
0.8244377
0.9208513
0.9586947
0.92360306
0.8690737
0.9200734
0.82772505
0.8454895
0.85331535
0.8320715
0.83628374
0.8765538
0.9171579
0.91221696
0.947334
0.9281473
0.8173498
0.8652603
0.9334432
0.8906396
0.85553765
0.88488925
0.74155194
0.7792733
0.6976776
0.9022162
0.7587376
0.88359535
0.94479746
0.8250622
0.9032628
0.8423709
0.8245275
0.9145955
0.945104
0.81853503
0.97406197
0.90447927
0.6648934
0.8264484
0.7890724
0.91703504
0.93868506
0.8969761
0.8332106
0.83933246
0.7622196
0.85131896
0.58445007
0.953483
0.81917393
0.9348389
0.90518194
0.7691207
0.95074886
0.95344126
0.92076266
0.73729
0.902886
0.78564435
0.9173823
0.82564825
0.91643184
0.908046
0.8645494
0.90690464
0.8549562
0.89448965
0.79605734
0.69683796
0.8530483
0.76496965
0.7946564
0.7214228
0.85025513
0.8030069
0.7550882
0.87681
0.8952766
0.8907182
0.78280354
0.8345508
0.849319
0.85053694
0.86262816
0.86635435
0.8880991
0.7641443
0.79384726
0.8945256
0.93940645
0.94592327
0.89474595
0.7497375
0.743325
0.8535917
0.6252115
0.859249
0.6128355
0.9277969
0.7618997
0.8803871
0.9480054
0.8830072
0.8513509
0.89026254
0.9646922
0.8568941
0.7190157
0.86598027
0.95505565
0.93018067
0.9593276
0.7904255
0.7823204
0.8470123
0.8044341
0.83088577
0.7755555
0.8301388
0.850932
0.8424814
0.9397832
0.78426665
0.93532526
0.91434914
0.85542446
0.725122
0.7367505
0.837007
0.8021386
0.772463
0.9364002
0.80177176
0.9081988
0.8577668
0.9558623
0.93453
0.86490464
0.86165786
0.79528755
0.90653145
0.9657974
0.9150965
0.7701011
0.8631761
0.73815393
0.7187694
0.6096264
0.82964635
0.69636416
0.9464033
0.9532676
0.878374
0.85317147
0.89895755
0.9028647
0.73817825
0.9170617
0.7953053
0.83775973
0.91457856
0.6719207
0.91977215
0.7955017
0.875143
0.84930813
0.8389766
0.85496205
0.8237855
0.9612727
0.7412214
0.9609624
0.70432395
0.69442976
0.8765782
0.867543
0.8424916
0.8426894
0.9592624
0.947736
0.8821448
0.8737955
0.77759206
0.8196777
0.85901314
0.9099215
0.95584023
0.88393295
0.8236171
0.6630706
0.8069671
0.85609907
0.8902508
0.9019096
0.85210943
0.7676195
0.91564053
0.50180954
0.928787
0.87587005
0.88538295
0.74617106
0.7800031
0.82048
0.88218296
0.83771604
0.84531987
0.880986
0.7681303
0.66071916
0.891806
0.78645015
0.7411796
0.8526094
0.95763993
0.87977487
0.7977134
0.9083534
0.92526174
0.9703256
0.90252256
0.93471086
0.8576733
0.76969665
0.8899881
0.9170477
0.74951065
0.8244507
0.92163503
0.9228287
0.6613729
0.9237373
0.8608925
0.8797586
0.8785788
0.70911855
0.86397797
0.8450079
0.6510647
0.80117726
0.83523905
0.8975699
0.90212387
0.79049945
0.93624926
0.93393743
0.9406304
0.94943064
0.5276929
0.93035734
0.9085617
0.81502676
0.5884615
0.8890773
0.8802762
0.9029685
0.8993412
0.7859085
0.71935827
0.83115417
0.81436783
0.9426466
0.93579465
0.70317525
0.94455004
0.8800759
0.7449074
0.9398989
0.88002557
0.8948875
0.90420085
0.91642225
0.8109284
0.74033713
0.8408959
0.6016624
0.85126156
0.82496095
0.7162676
0.9147074
0.7685515
0.8816024
0.85076857
0.86714226
0.8078939
0.87305355
0.8731016
0.81334984
0.9321523
0.9127523
0.92036676
0.94186807
0.7551508
0.80876416
0.86855865
0.810686
0.87821066
0.8272627
0.90867865
0.7744752
0.84048384
0.93882155
0.78079224
0.76342595
0.89533275
0.9447546
0.9395749
0.884338
0.84011304
0.92019975
0.90033937
0.85212237
0.8348638
0.785949
0.92448103
0.90834045
0.90427643
0.8795035
0.8115384
0.9019999
0.7610082
0.8076811
0.8999335
0.9211432
0.80237406
0.8617655
0.88418734
0.73172176
0.8743523
0.74222124
0.8902523
0.8872646
0.6999757
0.848421
0.92216295
0.89814913
0.90205157
0.89904857
0.8059647
0.93483716
0.9476627
0.9754665
0.73872757
0.8771842
0.8795343
0.9086125
0.916269
0.90055215
0.8452973
0.78048635
0.8414663
0.85911155
0.79022145
0.88472754
0.74179524
0.72114
0.55661416
0.84556866
0.9385612
0.8203187
0.8779615
0.8693571
0.5363155
0.8040751
0.8329222
0.9325124
0.7212069
0.9017235
0.84387916
0.82736886
0.83495575
0.82728475
0.8778219
0.9282454
0.6972616
0.7571692
0.657767
0.9259599
0.87652445
0.8195179
0.6260487
0.94040304
0.9547648
0.5948467
0.7990937
0.9139967
0.8966801
0.83321476
0.88543993
0.9717594
0.9490382
0.8236445
0.92950034
0.94470614
0.78441656
0.94109637
0.83064616
0.7989298
0.8519877
0.5952681
0.84876007
0.67003185
0.78110015
0.8213818
0.82086635
0.68300515
0.86256367
0.7270233
0.88230145
0.8887304
0.8941393
0.9425341
0.7271904
0.7865428
0.8938306
0.6233591
0.70101345
0.8244469
0.7825451
0.8270488
0.72636354
0.872373
0.7413473
0.8924923
0.928638
0.9688793
0.77160364
0.7219713
0.856694
0.8523009
0.87963486
0.95505154
0.8288471
0.9276643
0.8942183
0.8485423
0.7380201
0.9540077
0.7431693
0.8910267
0.8853537
0.8024975
0.79852134
0.9519655
0.89572275
0.8975587
0.82818305
0.9239584
0.86416656
0.7740066
0.83220124
0.8336871
0.844923
0.8871225
0.8732926
0.8513039
0.9399479
0.8189223
0.7977461
0.60314184
0.93048334
0.950887
0.7726141
0.8297066
0.9303203
0.9538407
0.82299304
0.76951766
0.7966278
0.8315027
0.7913172
0.859211
0.90366197
0.84417325
0.92983496
0.93063366
0.7064407
0.9515382
0.8944121
0.9460666
0.86456865
0.6537424
0.7523415
0.81996953
0.7656533
0.7871743
0.6097925
0.81735575
0.94733804
0.8468797
0.7878747
0.91482466
0.9408345
0.8544199
0.6933354
0.7626015
0.59935653
0.8805905
0.6849859
0.9554538
0.821173
0.9045844
0.8796579
0.91528034
0.85369045
0.8108983
0.92810655
0.91645646
0.88456947
0.7218918
0.794108
0.7991751
0.8634
0.8016743
0.86977017
0.72750795
0.8404001
0.86187553
0.89786637
0.74894965
0.92566764
0.93343514
0.86936057
0.91133976
0.86067784
0.93471557
0.82672244
0.8697877
0.9101133
0.8533391
0.8623904
0.6340991
0.77979577
0.8976074
0.7888651
0.94380546
0.9241472
0.92833287
0.8913299
0.9447683
0.90182745
0.75694
0.9363555
0.83753175
0.89460045
0.8949231
0.74083716
0.9093738
0.87915987
0.8399447
0.9562078
0.8338071
0.82848895
0.7950169
0.6873841
0.95778346
0.8060967
0.8791673
0.858829
0.92318684
0.9109294
0.8468746
0.96776265
0.9146878
0.90428036
0.89241606
0.7626693
0.88498986
0.689612
0.90885854
0.8169908
0.93919677
0.80798453
0.9054693
0.8727124
0.9039511
0.77444655
0.9103164
0.9432792
0.6704991
0.8798358
0.8548518
0.9302826
0.77442527
0.80668354
0.8890741
0.91865313
0.7659237
0.94903255
0.7074615
0.86655676
0.9020957
0.7704731
0.9400883
0.72283953
0.92391825
0.8791351
0.6748637
0.9486434
0.9486619
0.88763475
0.97485524
0.66231304
0.9688105
0.919624
0.92987686
0.79240346
0.93768156
0.8758665
0.88619614
0.77356446
0.5412619
0.7507678
0.8849026
0.79960537
0.9115237
0.87220335
0.5480649
0.89364815
0.9379458
0.8694186
0.6387331
0.82073665
0.80523074
0.91643065
0.9483
0.94260496
0.83762145
0.87678546
0.8583231
0.80615723
0.8508118
0.8274551
0.9190082
0.74615765
0.8019208
0.8594797
0.88661623
0.93793786
0.94702244
0.87279534
0.93694186
0.8505822
0.9227344
0.9394332
0.87202775
0.7027004
0.5000081
0.85666156
0.85805064
0.8279732
0.81740713
0.81896704
0.80989295
0.8448937
0.69176275
0.88184583
0.77488625
0.8654965
0.8494259
0.85104024
0.93082577
0.9123951
0.8144006
0.6712697
0.81937945
0.7782389
0.89994115
0.8757958
0.87871563
0.90456814
0.74317425
0.83419496
0.8346051
0.886249
0.96560544
0.8444091
0.9231858
0.9385919
0.80238414
0.8100246
0.8054517
0.8900326
0.7276676
0.97687364
0.93796086
0.8357461
0.89669627
0.67693305
0.91709536
0.74180233
0.7900453
0.8145572
0.9479036
0.8489341
0.8172999
0.813899
0.8730377
0.94929045
0.9454077
0.9515804
0.931675
0.9157601
0.7730024
0.88536686
0.7795617
0.7991836
0.7920685
0.85054475
0.88249993
0.9463575
0.94368434
0.8581388
0.7865133
0.930812
0.94495195
0.94620264
0.8956862
0.7122202
0.9327761
0.7643055
0.937139
0.7187967
0.9110873
0.7343668
0.88467205
0.80338264
0.81495386
0.7634354
0.8340409
0.7865242
0.8159751
0.9076699
0.9165289
0.88611275
0.79746383
0.74914885
0.8366231
0.8614895
0.8107329
0.9256473
0.85664237
0.855259
0.9320595
0.9015129
0.6241071
0.9136129
0.74751985
0.6541425
0.9265392
0.89528525
0.9231479
0.88620055
0.83531374
0.7836847
0.7555167
0.9155746
0.96186125
0.82560927
0.90719306
0.8732631
0.65284455
0.8416889
0.71216106
0.8576965
0.8917039
0.9403017
0.93833214
0.5511252
0.6610718
0.84897393
0.83759606
0.97837347
0.8306624
0.63919735
0.9424081
0.8943892
0.87756693
0.8947072
0.92154014
0.9236083
0.74345285
0.7927357
0.8071626
0.8148853
0.8035929
0.8123644
0.8553555
0.7594745
0.86829793
0.6933021
0.9337094
0.8880929
0.8316779
0.96957576
0.79725957
0.8523316
0.91542906
0.8691585
0.8608074
0.83530164
0.87258923
0.8917771
0.92249674
0.80016536
0.54015416
0.86390257
0.8415191
0.885574
0.8187295
0.8837294
0.75722474
0.8169412
0.846708
0.7867209
0.89785546
0.7830035
0.8959601
0.6795994
0.8449582
0.84297484
0.90284395
0.82742995
0.7399115
0.8377023
0.929746
0.9460651
0.8589422
0.9414549
0.83873236
0.7868562
0.76762235
0.8660365
0.86945224
0.91285294
0.91212237
0.8208902
0.83929175
0.9257874
0.8899563
0.9458602
0.9654405
0.65630925
0.88996845
0.9443741
0.9575662
0.7960217
0.8784412
0.8454791
0.85474485
0.82283694
0.8381341
0.86179376
0.8762529
0.7401603
0.72192013
0.83805394
0.9327502
0.9357099
0.6643532
0.7892022
0.79501104
0.93346465
0.88025683
0.8732498
0.7486164
0.9067649
0.7606205
0.9255582
0.922763
0.8484168
0.93386817
0.6182644
0.9012915
0.8762543
0.90566456
0.8547675
0.7855943
0.7769122
0.93981814
0.7892347
0.14026436
0.8947534
0.8194049
0.9265424
0.75388277
0.8664341
0.85321736
0.95324636
0.87037456
0.95114785
0.8138282
0.8618765
0.8980946
0.9387287
0.79479533
0.8421021
0.9556322
0.8122513
0.59386826
0.57942355
0.72660166
0.8327267
0.88110423
0.9551735
0.8823856
0.8163758
0.8025509
0.8709845
0.7890885
0.89723253
0.81315744
0.9034867
0.911157
0.79231745
0.92076564
0.94839984
0.709743
0.7858288
0.9271642
0.92077565
0.79516363
0.8333026
0.72046167
0.90185034
0.7252888
0.8030092
0.72407556
0.72633725
0.78463554
0.8695887
0.77578396
0.6235378
0.84894013
0.7118376
0.7626463
0.7846637
0.8569467
0.850339
0.7904593
0.8995466
0.90394324
0.8242325
0.7743317
0.8174732
0.94751036
0.8161578
0.9231291
0.94679564
0.86716247
0.8603742
0.7755599
0.84496015
0.9332367
0.8902297
0.6707639
0.74556106
0.9286564
0.846906
0.91085213
0.72060776
0.6906593
0.968793
0.67029953
0.85016656
0.9017583
0.9137032
0.95183986
0.8608502
0.50605476
0.86488575
0.8547861
0.7960265
0.8654262
0.89752865
0.8504465
0.95743465
0.7945247
0.8119862
0.85451525
0.7861603
0.8098316
0.73214465
0.812227
0.7608035
0.8086361
0.8521231
0.8635245
0.9330591
0.88220716
0.9274662
0.877467
0.8627899
0.7914725
0.9629518
0.77854466
0.89670944
0.9424007
0.8601639
0.9237699
0.94139034
0.78766465
0.8976421
0.64167744
0.8487577
0.915981
0.8341876
0.9014716
0.79728156
0.9326327
0.92049164
0.8372811
0.88978887
0.9064381
0.9001833
0.805438
0.7777369
0.8289384
0.77581054
0.81875145
0.82947636
0.8299018
0.8684013
0.66168416
0.928564
0.7944162
0.89785326
0.6900216
0.9396115
0.89200914
0.87210155
0.7666479
0.82002294
0.79173887
0.81444025
0.9252377
0.8413256
0.75652164
0.9607848
0.92542064
0.9406761
0.885366
0.90010005
0.86051965
0.908973
0.90563244
0.8233894
0.95667946
0.93412113
0.9296883
0.85805345
0.93157995
0.9376643
0.73866534
0.8389786
0.7905859
0.94821656
0.8380567
0.8366817
0.89176923
0.6811899
0.52648014
0.90655285
0.9588716
0.84413534
0.95398605
0.80550116
0.73615277
0.8156687
0.8604305
0.8190993
0.83956355
0.86069846
0.922342
0.83374906
0.8991484
0.77220756
0.90983486
0.8718155
0.8896548
0.8748639
0.80566543
0.8226851
0.94601315
0.80075943
0.78147244
0.9174153
0.86713856
0.89770263
0.9516463
0.6627815
0.8701619
0.8388257
0.9270636
0.855068
0.96929353
0.8155229
0.9625365
0.96214515
0.9333763
0.94252765
0.88258004
0.8907875
0.6645725
0.84170556
0.8072318
0.79464436
0.9610987
0.9541305
0.81504965
0.8139799
0.94193953
0.88249606
0.7220487
0.9546195
0.7645525
0.81877965
0.7036296
0.8174087
0.81462103
0.8910127
0.8432563
0.88864523
0.7395943
0.74027336
0.96280533
0.7362265
0.8200222
0.96748805
0.81111026
0.89631104
0.9300155
0.89231807
0.8244978
0.8294258
0.8779747
0.9486923
0.9490152
0.9146841
0.67105365
0.8678318
0.85058266
0.9479753
0.90853083
0.8227871
0.77301407
0.77087533
0.8953342
0.8715489
0.80384284
0.8345654
0.93932974
0.8241431
0.91691935
0.8235472
0.8911542
0.9233651
0.90857863
0.76402795
0.71321386
0.8556956
0.95911723
0.9154228
0.936238
0.9087822
0.7327003
0.886647
0.72392833
0.92010856
0.6818651
0.9385279
0.6506841
0.87961394
0.9239197
0.8482033
0.94604856
0.87031394
0.81742346
0.6179187
0.94354534
0.811168
0.93324953
0.89131725
0.90994716
0.90799534
0.5765603
0.94036525
0.91571474
0.767167
0.94478583
0.77959275
0.935003
0.8791798
0.88648117
0.89682347
0.5448132
0.9383497
0.82689255
0.8421901
0.94580674
0.80060464
0.9100123
0.79211986
0.8496615
0.9333631
0.896427
0.78340507
0.9095931
0.9619023
0.8565745
0.87913823
0.7070581
0.6298594
0.8133789
0.88023466
0.924695
0.67049056
0.7782621
0.85008174
0.94454205
0.82048905
0.6431332
0.91807145
0.8574827
0.86132056
0.79010135
0.64665675
0.72787005
0.8603227
0.95190066
0.9509581
0.8997821
0.8234875
0.9190673
0.8154532
0.9136312
0.8813849
0.94209164
0.8311322
0.96014035
0.93943304
0.8202271
0.87565875
0.90076363
0.92571616
0.8695828
0.88637716
0.9241605
0.950461
0.88795096
0.9116319
0.88854414
0.76921546
0.83093375
0.7246148
0.734133
0.79391235
0.86055917
0.9495857
0.7863657
0.89237475
0.95460343
0.90211135
0.98028624
0.78703195
0.88079536
0.75266117
0.73322237
0.85317475
0.95062965
0.6760904
0.77217287
0.79075235
0.9256249
0.62501144
0.7406441
0.794732
0.9709578
0.6862006
0.92922044
0.93726504
0.90456295
0.7540128
0.9014982
0.88709974
0.90094924
0.7847857
0.84150195
0.83146864
0.81767553
0.8987275
0.897185
0.8655183
0.89322555
0.74630636
0.73082
0.93861115
0.8026156
0.9511799
0.89132714
0.86788553
0.8537971
0.8656119
0.90117
0.8078275
0.93178034
0.94195175
0.82111764
0.44003353
0.82814234
0.8902723
0.939891
0.82833964
0.8997401
0.91695845
0.8291347
0.92141175
0.8898501
0.8062533
0.9437772
0.83378094
0.95126987
0.93322444
0.76012313
0.8360566
0.9246466
0.7307073
0.7397859
0.8395949
0.7182698
0.69683176
0.8543207
0.75334096
0.88662976
0.8631593
0.8794264
0.76791626
0.8557671
0.9188628
0.5715853
0.673084
0.87679684
0.85172796
0.8829342
0.953581
0.7565102
0.7546047
0.8751181
0.83319217
0.91626453
0.8239511
0.89143586
0.8373298
0.88889724
0.91091913
0.9002491
0.9073156
0.82528436
0.8320583
0.87534916
0.8418763
0.5396973
0.8944031
0.85840106
0.92975634
0.8845906
0.88537085
0.92465484
0.78379655
0.90875155
0.8237997
0.71008
0.88487494
0.7157577
0.8004987
0.6464695
0.84245354
0.90901095
0.8986666
0.80221236
0.9052719
0.93413836
0.66090286
0.9703693
0.87410295
0.9304523
0.92490005
0.80530024
0.88942397
0.72642577
0.8126785
0.35651237
0.92806304
0.89332604
0.80628824
0.93350065
0.8681774
0.9241964
0.8679662
0.9348711
0.83041406
0.821787
0.9331962
0.94490457
0.80029297
0.8234847
0.84615636
0.8716521
0.9616053
0.960287
0.7156341
0.9032823
0.91808254
0.87004495
0.910671
0.833318
0.7867841
0.8421393
0.8040113
0.9240507
0.83552384
0.8826711
0.94808817
0.8812742
0.8750195
0.863207
0.7387042
0.8626458
0.9336451
0.9253287
0.7000628
0.9464197
0.89590365
0.69712496
0.7469738
0.89000416
0.8825419
0.84789246
0.9103615
0.85830194
0.9273846
0.89236796
0.90871316
0.7846767
0.8351074
0.93871605
0.7383634
0.8316027
0.9559821
0.7429996
0.8095682
0.8921221
0.92176795
0.94213223
0.9560275
0.7441329
0.81106746
0.9011761
0.7966943
0.6733666
0.7922796
0.92709225
0.86283934
0.9206648
0.75245816
0.78963965
0.88149166
0.93960345
0.95060104
0.8474992
0.8446002
0.9824505
0.8244894
0.91733813
0.8540364
0.85462034
0.93611354
0.926211
0.7942847
0.7843782
0.85025495
0.9060122
0.88279045
0.93436134
0.89169
0.9485289
0.95260274
0.89786756
0.9422656
0.85842323
0.85537297
0.9204002
0.6968083
0.9492953
0.89489454
0.9522569
0.7825424
0.8501861
0.8303577
0.7383838
0.9111233
0.52887326
0.7716739
0.92794317
0.89235073
0.78826463
0.88161504
0.6647217
0.8033593
0.90234196
0.751611
0.9368248
0.7971623
0.53054434
0.9104472
0.70830584
0.87838984
0.90564835
0.6708057
0.8872034
0.9003284
0.89476645
0.77302015
0.9614444
0.92835474
0.9530183
0.7828712
0.77546173
0.91530734
0.78929913
0.8677295
0.7624526
0.9323028
0.81737715
0.9335084
0.94808394
0.9581044
0.786691
0.866169
0.8401483
0.8807746
0.70359385
0.9347757
0.92002666
0.964325
0.7439964
0.72729766
0.9547713
0.8089277
0.9071174
0.78349024
0.7908621
0.928701
0.96409357
0.9517251
0.7003265
0.9424833
0.935711
0.8852986
0.822433
0.855333
0.86797565
0.59548146
0.7550698
0.9045888
0.7898615
0.7229657
0.857294
0.75288963
0.6295249
0.91493213
0.74627525
0.8216641
0.9084695
0.80813175
0.81273264
0.7726373
0.70601743
0.9417596
0.9227654
0.9566053
0.78747594
0.96151435
0.9183385
0.8240073
0.9811037
0.81732327
0.90069485
0.95989025
0.7826872
0.91611063
0.91544414
0.9212887
0.9003918
0.8628585
0.90533775
0.89559484
0.8421669
0.7702046
0.92668897
0.8815913
0.78631365
0.8767223
0.9238447
0.80105484
0.8654455
0.8923769
0.7764996
0.9510248
0.8599455
0.7328164
0.8647773
0.82750666
0.7994693
0.8080547
0.8232222
0.87211174
0.9343353
0.74364287
0.84234416
0.8566603
0.92225003
0.9429573
0.7547046
0.7504219
0.80929244
0.91704035
0.74049985
0.8650304
0.770568
0.8583
0.7166318
0.8918633
0.967474
0.92228603
0.8681853
0.7529529
0.82922614
0.8762722
0.83580613
0.8368034
0.92646784
0.92782557
0.81803507
0.8439667
0.90867877
0.8439789
0.6630763
0.83972794
0.95303243
0.8896382
0.88563144
0.87590486
0.80117816
0.8908508
0.9544462
0.9305709
0.8656076
0.91573477
0.90113324
0.78695357
0.7480322
0.78186554
0.8738259
0.74591076
0.9474261
0.6653381
0.6833138
0.8524108
0.73726976
0.96056175
0.79175967
0.93509454
0.9560444
0.8820136
0.95672846
0.7893852
0.88195586
0.77926004
0.7755122
0.86757946
0.7792741
0.832171
0.9165096
0.86315894
0.9481189
0.89737225
0.8654913
0.73410726
0.7158426
0.8003062
0.82474935
0.7713856
0.5741661
0.89336836
0.49979377
0.93669
0.68576646
0.9332429
0.8120343
0.88378114
0.9307008
0.90636104
0.5145372
0.8675143
0.88513017
0.9243703
0.89433306
0.8406987
0.93828315
0.82275516
0.6750366
0.63324744
0.81149644
0.93369424
0.8888071
0.8761075
0.9647444
0.87615
0.6540408
0.891152
0.928458
0.9519514
0.93021476
0.66385883
0.7314404
0.9557303
0.90667653
0.9044244
0.640931
0.85733205
0.89424086
0.8099193
0.8656721
0.9602717
0.8433727
0.7853025
0.69484067
0.80569607
0.7749119
0.8452886
0.8811556
0.6144509
0.87710166
0.7506223
0.609025
0.5842655
0.7994585
0.7327349
0.83655465
0.9409856
0.7319621
0.85866773
0.9422104
0.8777259
0.70884466
0.9211694
0.81753135
0.9106767
0.9002087
0.837725
0.9007375
0.7788094
0.89181656
0.7881094
0.7051424
0.8053453
0.7146994
0.88255024
0.9404284
0.8569864
0.84864265
0.91450554
0.87292194
0.8050553
0.89441025
0.8665912
0.7553042
0.69840676
0.97460157
0.7833858
0.931962
0.6119749
0.90063757
0.9043614
0.8371322
0.8521131
0.8345275
0.9455536
0.93265
0.8818456
0.9596593
0.83961636
0.66854537
0.91888237
0.94144446
0.82232714
0.86037797
0.8987671
0.7906488
0.76448095
0.96526194
0.84612656
0.91416055
0.9240091
0.97381717
0.8776257
0.85632235
0.86130524
0.8707408
0.8525767
0.6717545
0.6672518
0.8143234
0.83600736
0.82217705
0.83612967
0.8397138
0.8862462
0.8540548
0.7844746
0.7597092
0.9107069
0.84811735
0.8304821
0.90030086
0.9408984
0.8159351
0.8181604
0.65434337
0.8932851
0.8548562
0.8966117
0.64319324
0.79287773
0.89157444
0.90849644
0.86176443
0.9466544
0.8925575
0.8835776
0.85094655
0.73235327
0.7310927
0.95018184
0.8050461
0.7516033
0.9163282
0.91029954
0.9350027
0.8647618
0.8916893
0.9111654
0.9483621
0.8434484
0.9230438
0.8720486
0.8473621
0.6609254
0.9254559
0.93493915
0.93815327
0.6749369
0.8183427
0.95638275
0.6900656
0.7846934
0.9104644
0.9468186
0.81996465
0.95075405
0.83869964
0.9448467
0.9725753
0.9528105
0.75053155
0.8129035
0.888284
0.80830115
0.9369987
0.8849444
0.90546286
0.8600116
0.8512515
0.8600178
0.91808
0.9165077
0.9601773
0.93181694
0.94608885
0.8552703
0.8767199
0.83996415
0.85464394
0.77946025
0.8288428
0.8202058
0.78424644
0.7453549
0.69413865
0.91997504
0.8321358
0.94192237
0.85050327
0.75899684
0.9208457
0.87325716
0.7670867
0.7022478
0.89376795
0.8468777
0.90990704
0.85169476
0.7729149
0.90296453
0.872345
0.8515332
0.7168104
0.78236175
0.83674157
0.9405623
0.85862553
0.9529035
0.89365494
0.9542209
0.92622834
0.83986837
0.7798347
0.9530933
0.83348465
0.8974402
0.7764573
0.81858397
0.9556903
0.68750465
0.85481626
0.90280193
0.8244216
0.8574158
0.77704525
0.8017535
0.66791356
0.9228948
0.8123085
0.7505556
0.89116955
0.83811355
0.89133996
0.8591565
0.8966748
0.9549924
0.8654313
0.7582156
0.5912917
0.8428559
0.86231595
0.8393301
0.81081516
0.9492297
0.97006017
0.67352927
0.8102471
0.96026623
0.73082703
0.8821196
0.9559599
0.88694876
0.9457858
0.7737397
0.7899529
0.7812772
0.8762
0.75425476
0.9169558
0.80004174
0.72068894
0.92599314
0.92203796
0.87538326
0.96105075
0.89445424
0.9422878
0.8596335
0.8420769
0.84927243
0.9374251
0.9150975
0.8518095
0.85402864
0.6750941
0.81813383
0.8260539
0.9640664
0.9279929
0.76317525
0.943945
0.8213179
0.85128653
0.88703066
0.8202473
0.7696236
0.8483392
0.8887547
0.9177499
0.8425317
0.9210787
0.86987066
0.6497517
0.87665457
0.96189815
0.9007891
0.83062124
0.6947007
0.82145715
0.93321896
0.8325702
0.8422602
0.7115655
0.85938907
0.86549836
0.8980143
0.9477669
0.79100275
0.8686987
0.89631605
0.9280416
0.9041294
0.8393052
0.87017196
0.9679175
0.8215167
0.8674737
0.8388476
0.8522983
0.8197094
0.8170556
0.7162427
0.92393064
0.7672587
0.8125984
0.9301058
0.9090676
0.8191863
0.8896708
0.83776087
0.9669088
0.82105684
0.88330466
0.7227129
0.7826266
0.9331708
0.76360315
0.76889586
0.9381715
0.8269763
0.9679032
0.8771361
0.86096174
0.8056526
0.8929477
0.9048786
0.9417749
0.94354045
0.93972987
0.70562065
0.67462647
0.8505783
0.7511486
0.9071886
0.93861157
0.828947
0.81571805
0.9124743
0.8051911
0.84499586
0.7999706
0.90390134
0.88459283
0.8169994
0.6965306
0.915062
0.96214515
0.93849134
0.9337345
0.7890816
0.7376707
0.8801522
0.95983315
0.8864682
0.8677784
0.79902434
0.85206306
0.89891076
0.84620714
0.9532678
0.7078581
0.7703981
0.732275
0.93528557
0.85969347
0.70464236
0.71060336
0.9382938
0.678295
0.90733165
0.79907596
0.8875711
0.83503914
0.7030441
0.9234295
0.7540883
0.7104518
0.9342164
0.9391851
0.96547014
0.8974397
0.856673
0.66938096
0.75893295
0.92393136
0.79772717
0.75271344
0.8087995
0.8092062
0.89686114
0.82574373
0.87111473
0.75890374
0.81706035
0.89151096
0.87692094
0.7184778
0.75310695
0.9080149
0.881848
0.8384222
0.89992535
0.8916847
0.91570663
0.7857995
0.8847538
0.8243786
0.67490727
0.8929932
0.8534388
0.8946108
0.9414404
0.9415776
0.7997925
0.934156
0.9561554
0.83469844
0.90490305
0.8541509
0.78565466
0.7863568
0.8392997
0.9192093
0.7716874
0.7542987
0.91216946
0.833125
0.8172175
0.8038235
0.83077115
0.8321883
0.7482658
0.8531031
0.89387846
0.95840955
0.86480427
0.934277
0.9341017
0.8912041
0.83775663
0.7863377
0.8546859
0.9041759
0.8128823
0.85429025
0.7449531
0.8632997
0.8650204
0.79648495
0.90268517
0.8617225
0.885121
0.83255374
0.7070061
0.86629313
0.71418506
0.8415063
0.7617541
0.9773288
0.8798792
0.78102696
0.865466
0.9063965
0.8694173
0.9005397
0.8831441
0.8160235
0.79537916
0.9155568
0.9514067
0.8208187
0.88093096
0.9223208
0.7692429
0.82686394
0.89232635
0.8466787
0.79743326
0.9336256
0.84334373
0.8961087
0.7817367
0.8162651
0.9005824
0.86532825
0.8815166
0.5155932
0.6146287
0.67699456
0.85069597
0.8456543
0.7582499
0.91417176
0.90671533
0.9430112
0.8601801
0.9272925
0.69004387
0.9079654
0.95800275
0.61145294
0.8483365
0.7371526
0.8188538
0.7570974
0.8820387
0.8920712
0.82520306
0.92718136
0.8739649
0.78711355
0.8562963
0.9204014
0.87918603
0.95038384
0.5614021
0.74554676
0.78823847
0.7570153
0.880847
0.79761654
0.8246062
0.7542758
0.82621384
0.77884585
0.88914603
0.8654808
0.82963574
0.7677563
0.7575447
0.7343951
0.81367725
0.98376125
0.9005554
0.89836067
0.81122583
0.9247755
0.91785914
0.7005421
0.93980193
0.9205715
0.88990545
0.8645277
0.8832716
0.862989
0.86960685
0.786148
0.8658206
0.6937733
0.94515514
0.85943836
0.8733066
0.91231275
0.7179873
0.8894448
0.7054519
0.89546007
0.8959589
0.77776825
0.87501323
0.7501278
0.9067377
0.8656226
0.7753562
0.8929139
0.84862673
0.796308
0.8726067
0.6340996
0.907019
0.8606956
0.8373164
0.7269918
0.8183722
0.8893233
0.9806915
0.8140237
0.8727995
0.92763567
0.74018466
0.96398115
0.8432645
0.8586705
0.8940195
0.8104687
0.8700212
0.71315867
0.8678567
0.8834689
0.8439762
0.85314673
0.8192935
0.79422927
0.79840124
0.6855267
0.67578113
0.96196777
0.9685565
0.88427675
0.77057135
0.9030529
0.8477187
0.6116205
0.8427695
0.9111719
0.892997
0.88398206
0.6789287
0.8211021
0.7289961
0.9063488
0.81159467
0.66768104
0.3939736
0.8954613
0.9110183
0.8036081
0.86906683
0.9245205
0.8595098
0.78766215
0.9025658
0.93073595
0.9426642
0.8522192
0.7577909
0.7309857
0.8115791
0.81548226
0.86568135
0.8955881
0.94294214
0.88124955
0.93154895
0.9217075
0.7522237
0.698255
0.8629951
0.81416273
0.9183711
0.8795843
0.8968246
0.95876
0.9746979
0.8516829
0.8585211
0.8688172
0.7127943
0.79425925
0.7881318
0.50774735
0.8880495
0.9238455
0.8076221
0.88086617
0.91502666
0.9421279
0.88681555
0.92099106
0.7952522
0.7961195
0.91324353
0.9417806
0.9673342
0.867114
0.7934277
0.8469933
0.8911583
0.93994266
0.7465698
0.9253104
0.69142634
0.8808498
0.74434966
0.9232744
0.91821307
0.88964653
0.83853984
0.91300714
0.89804816
0.8951885
0.7584896
0.9682362
0.8126526
0.6629926
0.8884878
0.9477173
0.9510698
0.80639327
0.8895389
0.9210918
0.8816005
0.94606096
0.8894398
0.78836334
0.83516824
0.8139278
0.84408975
0.91810656
0.76972675
0.87078166
0.79458827
0.83399326
0.8588045
0.7356475
0.96895045
0.61517626
0.80402654
0.8079494
0.89935255
0.75931025
0.8188749
0.86937773
0.81587386
0.89729947
0.8027576
0.9576174
0.95473176
0.77971935
0.78198314
0.9514135
0.8248413
0.8546589
0.7438562
0.7961732
0.8864234
0.94750535
0.95909196
0.67460173
0.75617844
0.914009
0.8703635
0.8270584
0.9129081
0.967004
0.8510118
0.616971
0.90699166
0.74599123
0.96924335
0.95149004
0.76271033
0.92623055
0.814969
0.9420016
0.7114519
0.77905005
0.85864127
0.82486963
0.8234336
0.9424388
0.8721646
0.95897275
0.8628745
0.69645345
0.83229494
0.7762978
0.8740963
0.8543243
0.93517756
0.912032
0.8087449
0.7201354
0.92051256
0.93732953
0.84391415
0.87353915
0.7735896
0.78941983
0.93172014
0.76299775
0.87762046
0.907437
0.86630297
0.8570516
0.8972442
0.9170802
0.8526768
0.8637662
0.8061443
0.9050373
0.8672639
0.9195126
0.7637228
0.89270985
0.77764994
0.879408
0.8948823
0.92073584
0.9008499
0.7130183
0.84331346
0.8235824
0.8885743
0.911042
0.7607285
0.93222815
0.88260746
0.82038295
0.8501903
0.94574636
0.8093359
0.73542553
0.93000454
0.9339746
0.817744
0.9607874
0.918758
0.86581045
0.8857055
0.81009555
0.7567145
0.89020336
0.9456964
0.8414632
0.8611999
0.9404787
0.86056924
0.8501435
0.8598789
0.84643084
0.8643494
0.77505887
0.87703866
0.8107985
0.7216861
0.91981405
0.9148823
0.9031365
0.9322429
0.940591
0.93690085
0.7786608
0.9356365
0.9005518
0.7120415
0.90662
0.91849273
0.9449289
0.80922174
0.32097596
0.9397767
0.9133502
0.8263058
0.94454587
0.9010662
0.8430014
0.8902854
0.92806077
0.9106686
0.6656416
0.8517307
0.6636931
0.8710309
0.9125352
0.7932318
0.82077426
0.8072094
0.8897783
0.7216792
0.84002054
0.94175637
0.7299682
0.88895553
0.820226
0.9580139
0.9127222
0.8471099
0.8373015
0.9516923
0.8197098
0.8639958
0.86973655
0.7821771
0.76743615
0.68511784
0.94528246
0.87094015
0.92741966
0.7799346
0.8826395
0.8063788
0.8477872
0.83274347
0.9477204
0.9001129
0.8905405
0.80477685
0.83951986
0.85026854
0.90285057
0.77400976
0.9217255
0.9281587
0.66951513
0.91232073
0.919277
0.89147675
0.68185097
0.7720148
0.8811145
0.8922005
0.91129863
0.90923935
0.7303645
0.85953975
0.8554277
0.9320389
0.9055541
0.74533117
0.40152442
0.78592217
0.8993107
0.82592165
0.76708144
0.8301136
0.9521923
0.84500355
0.7883841
0.7413274
0.8148669
0.8302467
0.7780625
0.849344
0.51440656
0.9000423
0.9202919
0.85291636
0.90185946
0.8139252
0.9107323
0.8754151
0.86710924
0.92772704
0.948024
0.9035775
0.7524777
0.7725555
0.8513889
0.6530273
0.70398283
0.9616556
0.79466283
0.8424533
0.93206865
0.89573723
0.9449544
0.8871143
0.82880527
0.6878418
0.938256
0.93977106
0.94187933
0.8730608
0.89565897
0.95565677
0.7830305
0.8555833
0.9467358
0.8890547
0.89524364
0.79037553
0.97289884
0.8527533
0.84839344
0.8964011
0.6869587
0.8712465
0.96849793
0.7995565
0.6988145
0.8650713
0.70469284
0.78068626
0.7715517
0.81241703
0.94559526
0.74513054
0.7263612
0.76737344
0.8961818
0.9710462
0.7945174
0.8729662
0.8533148
0.9149401
0.6952487
0.8141594
0.9102148
0.8414049
0.9343493
0.8749345
0.6785834
0.92860866
0.8895655
0.89358485
0.95485145
0.86941695
0.9229117
0.91225827
0.8261776
0.7313514
0.8827113
0.8627095
0.7829813
0.803228
0.76242787
0.8253862
0.8481033
0.6042729
0.83191854
0.9231039
0.9419739
0.8850354
0.848755
0.91305614
0.71477634
0.8459995
0.8140158
0.8530896
0.88083535
0.70101947
0.86881
0.938535
0.8047154
0.904581
0.43775082
0.7125503
0.84773445
0.94385505
0.65468615
0.84757936
0.8895432
0.9316081
0.816816
0.8902059
0.94853723
0.6857497
0.74590594
0.76886636
0.88339776
0.82624495
0.74638045
0.72497946
0.98201084
0.83913374
0.81132716
0.7793449
0.758812
0.8906826
0.83776987
0.85842
0.94988036
0.8354249
0.9009008
0.8486403
0.85108596
0.8363159
0.85203826
0.82879204
0.8512395
0.8731848
0.8554937
0.95773244
0.71352303
0.6444238
0.9048284
0.9375116
0.87981576
0.9100028
0.9709909
0.7572786
0.52182907
0.9476032
0.97435087
0.8276046
0.8985766
0.8101988
0.824378
0.9435018
0.7615059
0.7864183
0.7676772
0.82927954
0.7874912
0.82428706
0.854865
0.70495176
0.7651737
0.8705771
0.8843543
0.9047147
0.7460582
0.84489655
0.8404112
0.95174414
0.94223356
0.9253111
0.9621947
0.8642365
0.9658099
0.8811557
0.86797404
0.90908396
0.7567241
0.9389905
0.8367038
0.7376297
0.9469743
0.8339424
0.8906084
0.6266225
0.8617234
0.8118258
0.8788085
0.9248981
0.8939223
0.8333516
0.9127654
0.9304483
0.8984319
0.904137
0.6918547
0.9352135
0.81248873
0.8854613
0.7966038
0.8333552
0.8306792
0.83162516
0.85729796
0.77968067
0.8930128
0.8088107
0.8894025
0.9345134
0.7519799
0.6443222
0.8057388
0.9330816
0.9121958
0.9354457
0.9392894
0.8546176
0.86614305
0.9448555
0.9401085
0.79020876
0.8804596
0.9278204
0.8942611
0.84233665
0.7859339
0.62890357
0.8928686
0.95363605
0.96361625
0.96194816
0.8094306
0.82329834
0.67728305
0.9117032
0.9159484
0.74154794
0.8557936
0.9003497
0.9699939
0.8779741
0.90078896
0.89006007
0.75624275
0.843752
0.7180196
0.97030455
0.8841361
0.9486725
0.7938584
0.86822814
0.9690473
0.8375402
0.74043715
0.9163533
0.77151275
0.79085803
0.8549162
0.87556064
0.76014
0.90550077
0.77243
0.8777079
0.9082382
0.8369167
0.75777656
0.76961136
0.95795214
0.88534063
0.7368218
0.80573726
0.8913285
0.9468341
0.8697253
0.79845554
0.807896
0.8858365
0.83405924
0.93673974
0.7740377
0.9399196
0.8568042
0.9004027
0.8671705
0.8268093
0.9665567
0.69351953
0.9531666
0.90353394
0.7923574
0.93155366
0.90143
0.92383075
0.8603735
0.91498953
0.70217276
0.96141565
0.8697028
0.81043947
0.9399213
0.78920597
0.87285805
0.73670036
0.84682727
0.93569124
0.9581834
0.8506911
0.8523747
0.8580841
0.893329
0.8104276
0.8358545
0.777045
0.9478265
0.92213106
0.8089488
0.7837864
0.81569433
0.7626034
0.90153956
0.8149625
0.6455877
0.8308968
0.82430345
0.8721122
0.8155303
0.8618374
0.76043516
0.7676528
0.8200779
0.75897
0.8436556
0.84387887
0.8401098
0.84856296
0.8359684
0.94822687
0.9672807
0.9215766
0.8551816
0.88361335
0.8229916
0.8764232
0.87465554
0.8678899
0.8502104
0.901523
0.803264
0.6064233
0.861815
0.8958834
0.96316594
0.83332247
0.9432449
0.87382543
0.8070015
0.78965855
0.7374797
0.81255054
0.9200551
0.85336477
0.83591866
0.83082676
0.9588531
0.6818937
0.761589
0.8339018
0.8457328
0.79588675
0.8370322
0.9654695
0.79038584
0.6804167
0.8115525
0.95522577
0.9757483
0.56827784
0.54428387
0.935058
0.77844113
0.90654784
0.7556144
0.89445436
0.92969507
0.94317114
0.72387755
0.9103867
0.9652717
0.92333174
0.6492309
0.8950379
0.86955106
0.9149879
0.7622765
0.9284319
0.6568723
0.89030576
0.90767694
0.803141
0.9327823
0.9472575
0.79012215
0.81375325
0.88506365
0.7536025
0.8969426
0.8382784
0.76917243
0.8481009
0.918788
0.9194415
0.90235937
0.8922564
0.9660027
0.8141943
0.7944176
0.8287557
0.8389132
0.85758156
0.8857628
0.66282517
0.91002923
0.89352584
0.54672205
0.8920036
0.9611985
0.8380001
0.91414094
0.87281156
0.77682495
0.849818
0.85600674
0.87984264
0.73693836
0.83175015
0.8804432
0.8205276
0.9297077
0.92169076
0.8850327
0.40748996
0.9514498
0.81286925
0.8806702
0.8727662
0.91346586
0.8314469
0.95400834
0.9497787
0.92827904
0.9090161
0.9508068
0.9380629
0.7454514
0.92830276
0.88124734
0.89126724
0.94061685
0.9420085
0.91616315
0.6449496
0.75815827
0.9195765
0.8770107
0.7614223
0.9392496
0.9074961
0.94040173
0.9528325
0.8534642
0.9355769
0.92345834
0.9020659
0.90261656
0.964817
0.896414
0.89859307
0.6695945
0.8684491
0.8681817
0.79550767
0.92979383
0.8215136
0.9083221
0.85932654
0.930828
0.68879914
0.7602303
0.8451293
0.93840134
0.9627327
0.84029657
0.8527812
0.9540478
0.75067914
0.7265327
0.75591755
0.90672845
0.90903074
0.82048327
0.7445663
0.9579314
0.7837533
0.8629233
0.90161633
0.67914325
0.79498667
0.93612397
0.85282046
0.9351947
0.9184594
0.7271411
0.925027
0.92293364
0.72163296
0.8035449
0.7804311
0.838456
0.8485541
0.93204576
0.8083219
0.8715154
0.8765565
0.7460583
0.856889
0.9146601
0.8126907
0.79990935
0.8868657
0.82151073
0.8629371
0.75732195
0.84052795
0.85902464
0.8533253
0.7830598
0.79699504
0.8345478
0.65501225
0.8127021
0.726525
0.89711374
0.686002
0.94676185
0.81821394
0.8890378
0.8364135
0.6907596
0.9437545
0.9481838
0.90539706
0.7897795
0.8683306
0.8370106
0.8098878
0.79869896
0.7337107
0.906725
0.9422454
0.80084205
0.7593671
0.8757474
0.8965766
0.97400564
0.94810617
0.946409
0.96106017
0.8965791
0.8172082
0.81760967
0.86377156
0.7547133
0.8891743
0.9742154
0.82864547
0.90391225
0.8354613
0.89873576
0.8642074
0.84321487
0.77783394
0.8965276
0.81784964
0.80135703
0.83300024
0.67140585
0.94896424
0.91515803
0.8910388
0.78603625
0.8850756
0.92376614
0.7455158
0.8404926
0.89994395
0.83338654
0.79802966
0.7632413
0.87884843
0.9603518
0.8926166
0.81873095
0.8832543
0.8582452
0.93269914
0.94650036
0.9070557
0.85000235
0.83923316
0.81520844
0.7485545
0.7914
0.67210275
0.9693945
0.8986275
0.82624096
0.94812536
0.9555196
0.87955976
0.9145077
0.90699923
0.9527963
0.90941167
0.90144837
0.8977196
0.9671536
0.7824498
0.87827086
0.7896764
0.85008234
0.89742833
0.82117426
0.82557875
0.86498976
0.8842033
0.79306716
0.86935246
0.8184086
0.9253861
0.74472886
0.93228376
0.8454276
0.8329818
0.9101096
0.86151206
0.6971552
0.93247205
0.9421091
0.7841261
0.79514265
0.8147715
0.94208574
0.7603173
0.9291694
0.66139054
0.92987585
0.7844584
0.9493951
0.83763033
0.9612922
0.92676544
0.7562438
0.92783946
0.79894435
0.7069756
0.95096666
0.7637663
0.8470091
0.88729614
0.8700439
0.6681129
0.908314
0.8387724
0.8792354
0.82716584
0.77882636
0.865726
0.6427484
0.9068196
0.94933945
0.8230029
0.8742962
0.95186174
0.9416612
0.80805457
0.8696849
0.7638
0.9527893
0.76551926
0.85896194
0.70045924
0.8063479
0.8802473
0.9396385
0.86755365
0.8594855
0.92394245
0.9728585
0.93159205
0.7798765
0.8974619
0.9272155
0.8535139
0.7247486
0.963547
0.9205719
0.8434193
0.70767695
0.76246583
0.853303
0.6371805
0.8611808
0.76390254
0.85948765
0.7795639
0.9134699
0.86805236
0.8198966
0.77928257
0.8318502
0.8925968
0.9454843
0.92202544
0.7313322
0.64450264
0.85167944
0.8914478
0.6413019
0.78511983
0.7070078
0.8714152
0.9300033
0.84323126
0.8719497
0.9390389
0.9433663
0.92027366
0.9176283
0.85889626
0.9209302
0.86257255
0.83683145
0.91113764
0.9102006
0.8043822
0.90164703
0.75981456
0.89852875
0.71261644
0.87212276
0.8254488
0.91277605
0.9328531
0.97758275
0.7713552
0.81049764
0.92730314
0.88438666
0.81268716
0.88839966
0.8485051
0.69171834
0.88069534
0.88654613
0.73678267
0.8855773
0.94394565
0.857669
0.89792705
0.92007697
0.95482135
0.9389615
0.8541932
0.9278301
0.87508255
0.849792
0.7348922
0.895027
0.8329731
0.915378
0.7869118
0.9139879
0.71585464
0.90689886
0.87634623
0.8505125
0.8771635
0.9121826
0.851165
0.63295716
0.8481113
0.8058404
0.83902895
0.715394
0.8349616
0.8717619
0.8096492
0.93077606
0.8594376
0.85967785
0.8195484
0.62816346
0.8212411
0.8349342
0.9296869
0.96799415
0.86786413
0.9093452
0.8156351
0.8440645
0.7667726
0.7583953
0.9037411
0.8788238
0.94312835
0.9513257
0.9022354
0.806326
0.90908766
0.97419924
0.92850137
0.92450327
0.86408913
0.8335073
0.86151093
0.80788755
0.88270384
0.9269935
0.8805265
0.8589741
0.821687
0.9120637
0.9272882
0.7714808
0.769062
0.74941075
0.80489516
0.91980624
0.8291037
0.9190366
0.91521186
0.9298116
0.91438454
0.9412586
0.90528065
0.7652485
0.83850116
0.64760906
0.8591837
0.87603474
0.9454819
0.9342401
0.7632653
0.94618165
0.8472213
0.7839118
0.8289681
0.79036486
0.8487997
0.9360528
0.8528961
0.872103
0.90621144
0.9667429
0.8138053
0.79623663
0.86897475
0.92801327
0.9230827
0.93583244
0.72082216
0.81287843
0.8795269
0.5881259
0.92222494
0.7864661
0.8262512
0.8851949
0.8285276
0.95581496
0.76901925
0.8412455
0.8921516
0.8476014
0.6651757
0.7576202
0.86421394
0.934097
0.84121865
0.9075132
0.86638
0.8063791
0.854059
0.8246259
0.5879501
0.8534331
0.78210384
0.93603855
0.74474037
0.9338635
0.8591528
0.92057914
0.8700308
0.7961612
0.6160326
0.9461933
0.9378815
0.6870558
0.754745
0.801003
0.9132756
0.7878777
0.91000414
0.8847015
0.92607474
0.79095894
0.8436538
0.8181673
0.9447613
0.9497527
0.8621955
0.8252127
0.8451161
0.9384398
0.8193779
0.93057066
0.94491833
0.8791556
0.9276544
0.69249403
0.8750974
0.6809664
0.90865445
0.56563425
0.73678994
0.90249574
0.8617494
0.70204026
0.78998125
0.95088375
0.893189
0.79019517
0.8520775
0.91081095
0.93510234
0.8970466
0.7976297
0.85400677
0.7153663
0.9621676
0.7074385
0.7914986
0.8688142
0.8997664
0.7731467
0.9199164
0.9549453
0.8529136
0.8811803
0.8479209
0.78662276
0.80097777
0.9318855
0.71686226
0.84765947
0.91749173
0.79382914
0.93238837
0.86057174
0.8655933
0.8753027
0.7898505
0.8087609
0.85339206
0.9436962
0.81711465
0.80749065
0.7689557
0.7535871
0.8168895
0.8698609
0.921457
0.92645293
0.9418487
0.9246178
0.84743184
0.7806109
0.8007016
0.9088081
0.8524997
0.9304539
0.8937713
0.8930227
0.74804723
0.87126666
0.9231574
0.93405
0.7314151
0.9135125
0.81703895
0.72496927
0.8262448
0.7775335
0.968603
0.7473525
0.7850094
0.6141969
0.95085347
0.84655136
0.84900147
0.8897022
0.7175519
0.9101453
0.85062146
0.93569654
0.9126585
0.93388796
0.74088013
0.83582485
0.83833313
0.9558388
0.8380909
0.77446944
0.895219
0.8293839
0.78135365
0.934309
0.8563844
0.9411008
0.9491633
0.9399528
0.95475274
0.73243564
0.8945433
0.827657
0.8346037
0.8327863
0.9446291
0.8711271
0.90434337
0.6257187
0.8329276
0.80234253
0.9749345
0.8106781
0.77575016
0.64250743
0.7498984
0.94586754
0.86516744
0.9518823
0.9684453
0.6205969
0.46628505
0.8801503
0.80014676
0.90816724
0.8534755
0.8650053
0.79169047
0.9417835
0.90136373
0.62925214
0.89724743
0.7760435
0.9369304
0.7627665
0.8769787
0.9773395
0.94253427
0.9388157
0.82387096
0.9565893
0.7995777
0.91682714
0.7371115
0.9771563
0.7809995
0.9162428
0.87218475
0.82943165
0.68257123
0.9129094
0.7477363
0.8847243
0.80475247
0.914499
0.89809316
0.8492736
0.920601
0.94865876
0.67246133
0.7392212
0.8119881
0.9229676
0.9666112
0.8620547
0.84747016
0.9300727
0.82693297
0.88158226
0.91684204
0.94723785
0.6682751
0.81791043
0.8966032
0.7473317
0.67387563
0.90357786
0.8063155
0.9372512
0.843255
0.63490856
0.9190387
0.77321845
0.6935049
0.78441155
0.94731253
0.9208884
0.8747587
0.6606174
0.7678474
0.8991706
0.88650024
0.88054216
0.8235285
0.8914727
0.8841476
0.8043184
0.94486994
0.8900654
0.5277272
0.89756167
0.8370403
0.8976376
0.95312965
0.92712355
0.983196
0.949427
0.8242686
0.926911
0.7876827
0.8989424
0.72223115
0.91756624
0.8205882
0.9162414
0.88740873
0.9239478
0.91048455
0.6663132
0.4181661
0.84138113
0.85884404
0.8012122
0.9038665
0.9585993
0.87795496
0.63364255
0.84073675
0.7650183
0.8552723
0.94065934
0.9451712
0.95281446
0.74989444
0.90682906
0.8938053
0.76663834
0.8822415
0.9049413
0.78131163
0.7605917
0.85176635
0.6897134
0.70449567
0.97272396
0.8099644
0.9632772
0.9313401
0.7600444
0.9019749
0.86045676
0.883981
0.85941744
0.8439803
0.8522928
0.89278764
0.8080582
0.9249574
0.827507
0.86244917
0.9398195
0.8695184
0.9487722
0.85431033
0.8054102
0.915702
0.910306
0.9403844
0.92702585
0.7384707
0.863082
0.8284067
0.90660846
0.89332026
0.83883923
0.9145271
0.71712583
0.59364504
0.90650064
0.732316
0.8911816
0.90585995
0.89223367
0.79107225
0.87374365
0.8467046
0.80166274
0.67263836
0.8644686
0.84874225
0.90654427
0.9567013
0.9397858
0.85260856
0.7950207
0.83186245
0.85290605
0.5868676
0.8918818
0.7386756
0.9298232
0.827101
0.8082268
0.49861592
0.90984297
0.9110311
0.88601285
0.89639956
0.89050364
0.8316142
0.7983872
0.75039756
0.8529677
0.9361744
0.8146239
0.8622714
0.8826658
0.76058596
0.82983106
0.94987106
0.8906763
0.877103
0.8902076
0.9540573
0.9305763
0.8808112
0.8569827
0.7989958
0.8311603
0.8490995
0.80981547
0.41215315
0.9289779
0.79055995
0.812287
0.840433
0.8585866
0.8191966
0.9149871
0.8741856
0.7315377
0.95888823
0.9368791
0.88496387
0.89760166
0.8816478
0.9578332
0.94298756
0.8812951
0.86675084
0.86354816
0.8102543
0.9023442
0.8663819
0.9654734
0.93121064
0.8829877
0.91162527
0.9240866
0.8969797
0.7667928
0.9484894
0.8019248
0.88273156
0.7697279
0.86218154
0.8522201
0.8219726
0.82042205
0.83988464
0.8248952
0.9297444
0.92963815
0.85263133
0.85640424
0.8492554
0.65832424
0.86798084
0.9189156
0.8509231
0.8960348
0.69370663
0.89076006
0.8795937
0.8886943
0.866632
0.8764681
0.889844
0.91051996
0.8572031
0.8236136
0.84979063
0.9486432
0.88462055
0.8731921
0.8181518
0.92136097
0.47097525
0.9539502
0.9409711
0.9225707
0.9266619
0.85450745
0.93807715
0.9195223
0.81777847
0.89486337
0.932237
0.9342838
0.92351335
0.7947051
0.87877846
0.8580604
0.95257115
0.8865312
0.80137503
0.87267417
0.83337015
0.81782186
0.7655685
0.70907867
0.9333501
0.8485065
0.92285854
0.84801006
0.7946231
0.852475
0.9137545
0.92496765
0.83993894
0.8980926
0.8965589
0.9296082
0.95617807
0.8662772
0.9541954
0.86213493
0.7227996
0.7825652
0.79902625
0.91793096
0.74192315
0.8327529
0.8882806
0.8558311
0.7786854
0.8530411
0.9218471
0.6575308
0.74368936
0.9028253
0.8696768
0.8648162
0.7663688
0.9191767
0.9399686
0.7368068
0.8944042
0.90134764
0.8541287
0.91632825
0.9264244
0.9583276
0.785201
0.8718113
0.92457867
0.9134305
0.7704734
0.90538096
0.9437686
0.8090511
0.83080494
0.84923065
0.8365976
0.8164774
0.8130287
0.8387537
0.87497985
0.750883
0.462772
0.79038835
0.9242836
0.9501058
0.90095395
0.9615338
0.8832447
0.7909423
0.9454646
0.70116794
0.86804634
0.828566
0.88190377
0.9092497
0.94211346
0.7574096
0.85991216
0.9601717
0.73486716
0.9022665
0.84297526
0.8060592
0.60513264
0.9270172
0.8840342
0.9245074
0.8851963
0.8993799
0.7919833
0.8868421
0.85439205
0.5875076
0.84218264
0.88159573
0.90295887
0.8551987
0.5744941
0.9406697
0.8155325
0.8689634
0.91186494
0.9285811
0.6800916
0.89739704
0.9414712
0.9173316
0.77691746
0.85327554
0.9241658
0.91193575
0.9028903
0.91063035
0.928688
0.81075835
0.8145084
0.9096788
0.89862174
0.87919456
0.88013995
0.86477876
0.82904065
0.83313423
0.8514157
0.73545694
0.8909974
0.81036514
0.8386847
0.9513471
0.43443456
0.8911902
0.75359386
0.8899577
0.9141643
0.7909643
0.8838769
0.94020396
0.6895679
0.8976692
0.52685916
0.84421575
0.83078563
0.7714568
0.7377902
0.8827998
0.8671187
0.8156339
0.90400267
0.8919664
0.8981715
0.85733974
0.9003456
0.7999251
0.86590993
0.89258504
0.9294081
0.95396924
0.7481692
0.89776754
0.9335487
0.85549295
0.91986877
0.7992091
0.84191704
0.7821151
0.7087558
0.84903383
0.9095069
0.8985099
0.80546045
0.8939767
0.73627293
0.79699033
0.864224
0.8364508
0.75290424
0.8702797
0.82766473
0.9436263
0.8910235
0.9233949
0.652434
0.72606945
0.73510003
0.77845967
0.6788395
0.8572712
0.7750162
0.926445
0.94246054
0.8657658
0.8427454
0.86724913
0.82322866
0.8122648
0.78399664
0.7996014
0.9232264
0.91179913
0.88166064
0.8847888
0.88547176
0.80701137
0.89687335
0.9563653
0.93549603
0.8478107
0.876993
0.857259
0.76078165
0.9021164
0.8433554
0.8747951
0.8436602
0.95392203
0.81137
0.8671596
0.8304071
0.6464733
0.8925742
0.8567897
0.87719184
0.86047757
0.6808643
0.85148257
0.96670026
0.9112129
0.84220344
0.92861587
0.6211378
0.8610565
0.6902245
0.78422725
0.8010636
0.90838563
0.9166411
0.811676
0.9144624
0.8157673
0.53540134
0.91574436
0.8869141
0.8552518
0.9569854
0.91530025
0.925139
0.90512115
0.587151
0.7446913
0.86085147
0.91179
0.8998256
0.83273417
0.8702955
0.88766474
0.9082099
0.88801444
0.8464838
0.9588922
0.7248145
0.8338609
0.85982984
0.8100362
0.7210416
0.7158582
0.59920967
0.96042323
0.74420196
0.93829775
0.9058265
0.85680175
0.9665526
0.9332512
0.67269146
0.82386386
0.8653364
0.78303266
0.92717385
0.8712878
0.88962084
0.8350313
0.86662656
0.7766332
0.9648179
0.8489892
0.93691087
0.95630145
0.9316814
0.7283185
0.8730117
0.83844954
0.80147
0.8035795
0.7980272
0.8273474
0.8646539
0.87030613
0.89787555
0.8646445
0.6560333
0.8100457
0.9171814
0.84953046
0.781558
0.96790725
0.9166215
0.9492042
0.79852086
0.94317603
0.8493821
0.90555704
0.7925409
0.8628769
0.8614385
0.8291692
0.8644025
0.8588851
0.7423805
0.93897617
0.82362556
0.85220164
0.8988694
0.9059536
0.7016243
0.9286264
0.82746935
0.8081536
0.9639753
0.85480165
0.88053375
0.86027706
0.90669674
0.77280897
0.86391425
0.92551816
0.89672846
0.94360584
0.9138189
0.81490105
0.81236947
0.9443793
0.91348493
0.9346776
0.884733
0.92927444
0.87746096
0.81908596
0.8102732
0.9046875
0.8690685
0.86847734
0.9030465
0.85618675
0.8246167
0.6288372
0.88656133
0.93982226
0.7895394
0.9206548
0.929765
0.8943169
0.87976474
0.81929886
0.8163825
0.78554296
0.8057674
0.9166628
0.96620077
0.69803995
0.95111275
0.9427779
0.8635741
0.849904
0.83919096
0.9656327
0.79434735
0.9142159
0.9487448
0.9040062
0.7705848
0.92625046
0.8904117
0.88281804
0.6601181
0.9395951
0.87611663
0.9666449
0.9076933
0.8943856
0.8521453
0.84265804
0.865902
0.94789827
0.7392429
0.914799
0.7366756
0.7736126
0.8132883
0.89352417
0.938059
0.88384235
0.7849815
0.9170632
0.8157149
0.95699674
0.8443976
0.8424202
0.8172912
0.905868
0.76581824
0.87328523
0.9113858
0.80245864
0.7661891
0.9344211
0.8722662
0.8903663
0.69812065
0.87324136
0.76894563
0.89181876
0.96723014
0.8557625
0.7889117
0.78530526
0.82672334
0.9575176
0.85451895
0.57324857
0.8520234
0.85649735
0.9418799
0.82123196
0.7968395
0.90014565
0.6860465
0.94109744
0.919469
0.79410774
0.6017196
0.9452616
0.6465552
0.8154193
0.9115431
0.86268014
0.7895694
0.91363984
0.873339
0.6732631
0.86600137
0.9045724
0.7926201
0.9196115
0.9152076
0.8400079
0.84337646
0.88151884
0.8502389
0.7441158
0.9209751
0.858186
0.9324689
0.825569
0.97304624
0.7561419
0.5939002
0.963292
0.6262834
0.81444657
0.7758378
0.7981182
0.8098631
0.8025451
0.96274614
0.78666055
0.83750683
0.93924314
0.9063513
0.79415435
0.9448644
0.9651479
0.79945785
0.7113014
0.7514318
0.9602578
0.92141473
0.78122354
0.88986766
0.83193415
0.6547979
0.9020448
0.80680585
0.77034086
0.9209628
0.8844476
0.936803
0.77385706
0.66274554
0.80718184
0.81601083
0.8718914
0.8262206
0.9209662
0.8694157
0.84487116
0.75700825
0.8079051
0.786998
0.8863507
0.8510865
0.8292053
0.945314
0.8821991
0.74986994
0.8409984
0.72623026
0.80790985
0.9262584
0.9311632
0.8200374
0.82133603
0.75288486
0.8546159
0.85297656
0.94604456
0.8007208
0.8795397
0.7122893
0.9473314
0.71183
0.82449377
0.8446423
0.94012713
0.67823863
0.8826166
0.71388936
0.6914237
0.88244337
0.9540307
0.8419569
0.76987916
0.8332128
0.70515347
0.9211442
0.9317031
0.8678959
0.80982983
0.82477903
0.881531
0.93492806
0.9211314
0.9164508
0.8512361
0.90081424
0.9031029
0.95973915
0.9118123
0.94031596
0.86711526
0.8495004
0.849064
0.95228994
0.86641395
0.9000037
0.8870018
0.9253007
0.7983082
0.8932116
0.673998
0.80624104
0.94316864
0.8399637
0.83643675
0.853186
0.94268894
0.6758267
0.90602183
0.7706371
0.8149404
0.7190123
0.8612308
0.6692604
0.8666169
0.96409535
0.77015144
0.7952994
0.95060277
0.62332875
0.8521656
0.80692834
0.85628295
0.83834106
0.91398865
0.77071905
0.875479
0.8533925
0.7930751
0.8452916
0.8991447
0.91592985
0.9703275
0.90409523
0.7809174
0.9658494
0.81545335
0.7799723
0.81675625
0.779637
0.81337166
0.8736098
0.86271983
0.5748539
0.8577477
0.95029914
0.9277236
0.9026345
0.917391
0.92691696
0.8079081
0.8392234
0.8999227
0.92385834
0.8911557
0.75257254
0.9218594
0.85003626
0.84209955
0.8249544
0.9172039
0.80966884
0.79698884
0.82934505
0.9248868
0.62105966
0.806337
0.7930356
0.88491815
0.5938372
0.79774404
0.79595363
0.8607544
0.7971845
0.808948
0.7292977
0.8310098
0.89175534
0.8923701
0.8127679
0.8781452
0.95148104
0.90029234
0.87666404
0.7997627
0.9573168
0.90543413
0.8241274
0.7193955
0.69356006
0.9129292
0.85420775
0.7106038
0.8384874
0.899104
0.8798177
0.8440739
0.8854601
0.7716664
0.9213708
0.84385306
0.6886075
0.87531507
0.9673182
0.9330402
0.7793415
0.84989643
0.90756273
0.92489725
0.6314062
0.8899624
0.8157452
0.56106824
0.9286741
0.944302
0.9717413
0.9085437
0.8932391
0.8609488
0.8900175
0.9007278
0.938616
0.7418499
0.80643374
0.85681313
0.9234111
0.76216996
0.826594
0.77206874
0.7677336
0.8355971
0.759354
0.84078133
0.81254244
0.872189
0.8486525
0.8322492
0.93223375
0.92616063
0.88675404
0.87821794
0.9044091
0.88437724
0.645542
0.7703141
0.943587
0.79423404
0.8557331
0.9109654
0.95644236
0.96656716
0.72071457
0.8308568
0.7480384
0.934832
0.87972635
0.8497224
0.6797834
0.91841507
0.9271578
0.8798446
0.81727195
0.6585639
0.9606057
0.855553
0.81848776
0.88709784
0.89208454
0.72289085
0.9736465
0.8099062
0.8801998
0.9236992
0.8885489
0.8445223
0.8099463
0.7967541
0.63537014
0.9107288
0.8970169
0.87615037
0.74867696
0.8717483
0.9448186
0.80626553
0.7842631
0.8748158
0.89049196
0.8990777
0.93663096
0.9660562
0.90235126
0.8441739
0.84563434
0.8980598
0.8559045
0.8816893
0.9220286
0.68844295
0.9685259
0.5656659
0.8340701
0.915583
0.85319287
0.8830803
0.8486363
0.907977
0.77446055
0.81728995
0.76357543
0.8959976
0.82246995
0.7638786
0.88544077
0.96478087
0.8996329
0.7704495
0.9243039
0.9084477
0.7871111
0.8289032
0.8956628
0.8590801
0.9297198
0.88823724
0.73730093
0.9083065
0.9539783
0.78613585
0.5226578
0.93489957
0.74730515
0.84178704
0.86856115
0.70497686
0.96841335
0.8010508
0.8714173
0.84924984
0.8646356
0.7295126
0.8949929
0.9647733
0.8148063
0.88902473
0.67750937
0.8156114
0.8618328
0.9319283
0.75776094
0.9106352
0.8684372
0.87442416
0.934444
0.92198926
0.7881751
0.86954445
0.8919913
0.8958917
0.86078084
0.9067376
0.9407224
0.84030133
0.9610772
0.93327284
0.9198144
0.8460611
0.64004195
0.8928929
0.656628
0.8197142
0.7679316
0.8686134
0.94022775
0.80742943
0.87490755
0.8631983
0.84509015
0.92348963
0.8750379
0.87088215
0.8542014
0.83751875
0.7944256
0.82024676
0.62224007
0.857634
0.85768175
0.7562163
0.7409726
0.82637274
0.9667615
0.86178875
0.7204178
0.8483836
0.8818197
0.83997905
0.75489485
0.85024256
0.8077707
0.76393104
0.8251141
0.8273041
0.8333504
0.9040621
0.9078734
0.73371154
0.75315636
0.83284044
0.86066246
0.79435146
0.75620556
0.9224827
0.8623429
0.8592905
0.8032248
0.90487546
0.5332076
0.96904004
0.78349286
0.684975
0.70839727
0.86115944
0.91041356
0.92325723
0.9097563
0.9218651
0.89511955
0.8781954
0.9441061
0.8670363
0.8871367
0.9364241
0.76516664
0.78271127
0.8792911
0.87556815
0.7702297
0.9126066
0.8801135
0.8285426
0.79484177
0.8642558
0.91482866
0.9366591
0.93825835
0.91995704
0.97056895
0.7734972
0.93172514
0.7866411
0.7603008
0.94711953
0.9678111
0.7866293
0.7992916
0.8539624
0.7683711
0.80489737
0.9099864
0.8314572
0.8117039
0.9053461
0.8076972
0.9438124
0.8397399
0.821407
0.8124164
0.83444375
0.8761511
0.9295348
0.87890166
0.89176565
0.87722576
0.690035
0.84256536
0.96098125
0.8308433
0.8615831
0.7703849
0.7350588
0.7890263
0.83327216
0.6779554
0.78754896
0.89271104
0.8947667
0.9125125
0.92806196
0.89870006
0.829853
0.8934347
0.90971243
0.81508046
0.8478912
0.75175726
0.95662683
0.81604123
0.87097156
0.9277624
0.9309031
0.8483515
0.95087814
0.8747158
0.92004293
0.86986333
0.64250875
0.85944885
0.9060436
0.7433682
0.8646938
0.9396689
0.79029566
0.68030286
0.7577412
0.76632476
0.8238981
0.9260562
0.8466635
0.79743135
0.91376936
0.7007689
0.7570225
0.9089872
0.7441819
0.7580433
0.96014726
0.8714656
0.8630645
0.7184126
0.71271497
0.55871105
0.8142193
0.85695404
0.87913465
0.96354514
0.63436854
0.9528579
0.84223974
0.8489508
0.8359785
0.9120964
0.95032585
0.86342615
0.79849875
0.82537824
0.83045036
0.8613247
0.9067125
0.87447906
0.7751898
0.85121876
0.7100127
0.9080504
0.9096291
0.6556454
0.760623
0.90224004
0.9064738
0.8256147
0.7653459
0.8089652
0.84003776
0.86237514
0.8304607
0.9232409
0.9103187
0.88661027
0.9160504
0.8113066
0.6419202
0.91256446
0.7078971
0.90833265
0.875092
0.6976603
0.8072002
0.83250654
0.898745
0.91578656
0.91229415
0.9009488
0.91056216
0.86021185
0.9155644
0.7456665
0.7104893
0.7045953
0.83208036
0.77503717
0.90681016
0.9118806
0.8691735
0.9016926
0.8511848
0.85729307
0.8817482
0.91761225
0.84309155
0.9282594
0.90092015
0.7821223
0.9160582
0.9558575
0.8751482
0.9242792
0.7989813
0.9007822
0.5044733
0.5602823
0.86096585
0.95887315
0.8825079
0.73743695
0.8363907
0.94629806
0.8822877
0.7905489
0.8964637
0.8511076
0.8930713
0.8790585
0.85343057
0.9495563
0.717366
0.8178097
0.71598524
0.80586654
0.7599931
0.916558
0.82434386
0.85053873
0.9255638
0.96068084
0.9535892
0.8104731
0.87025565
0.90336543
0.8480958
0.893393
0.8485705
0.90181005
0.88257223
0.86723167
0.8513209
0.7286692
0.93082714
0.81823426
0.83099186
0.9418031
0.9512776
0.9128752
0.78346103
0.9588661
0.8759502
0.9141051
0.90957713
0.9564204
0.84172964
0.88395303
0.8086752
0.9323872
0.92033505
0.91387266
0.81839967
0.9733433
0.7851385
0.8929415
0.79316443
0.66464853
0.9520975
0.9781554
0.89973736
0.93444407
0.8437164
0.88044894
0.919342
0.83045816
0.84072006
0.9302131
0.8740368
0.9589765
0.8229921
0.80295235
0.6988247
0.9650856
0.88896734
0.90623784
0.78498685
0.81189597
0.65546435
0.6481951
0.9181876
0.90786654
0.8700352
0.9313695
0.9492565
0.77594334
0.63444346
0.87110734
0.5943024
0.78845835
0.9031937
0.8834464
0.7915508
0.8341565
0.7250601
0.61860675
0.9579346
0.88789344
0.91974324
0.87595356
0.9430307
0.7672852
0.7846341
0.7806703
0.8833925
0.96336764
0.74819356
0.9467574
0.8313385
0.7345012
0.87816805
0.90250266
0.7315836
0.8345389
0.6498314
0.9224648
0.90510535
0.92393035
0.8896874
0.9015039
0.7787648
0.79750526
0.8278856
0.80484194
0.8701323
0.8707131
0.72629297
0.7889221
0.7858858
0.85996455
0.74128115
0.8908663
0.8900575
0.8433661
0.6806265
0.7661004
0.88314897
0.83106893
0.88252175
0.82192326
0.7474396
0.84878457
0.71386975
0.8881496
0.7541484
0.90560967
0.49874577
0.8460115
0.8370539
0.90409535
0.88301
0.93802774
0.66394114
0.8277427
0.8526907
0.7408688
0.8300684
0.9432963
0.67961746
0.97603697
0.927831
0.87770474
0.8491373
0.8466171
0.92194384
0.9228425
0.8688147
0.72595507
0.8749336
0.9568315
0.88647324
0.8230528
0.90381837
0.86626244
0.8382916
0.9087509
0.8580093
0.9160259
0.89114743
0.87688655
0.9059541
0.82281566
0.80289125
0.9652664
0.95810395
0.92796785
0.844768
0.91729164
0.8710556
0.8563271
0.9026176
0.7662806
0.8689865
0.85122436
0.7580748
0.94812506
0.8790675
0.9447696
0.82718533
0.79746556
0.76615393
0.88651276
0.6455351
0.7794082
0.770754
0.8101894
0.9006363
0.9283405
0.8056264
0.7890212
0.80159664
0.7366771
0.87100285
0.97316855
0.8918403
0.980243
0.8819025
0.6883416
0.8948693
0.9686637
0.77182055
0.8636216
0.93937385
0.5586773
0.49010012
0.83068025
0.8447502
0.82229245
0.8061913
0.7557912
0.84928054
0.91404355
0.68606496
0.8569178
0.840047
0.8470402
0.93902814
0.84054565
0.85557765
0.88456404
0.6640197
0.95459294
0.9262614
0.72644275
0.84819835
0.8893889
0.9389788
0.92676544
0.88839257
0.848835
0.9625301
0.7200602
0.9105457
0.6868712
0.90707517
0.78137916
0.93143046
0.8378278
0.8800999
0.93955684
0.87067723
0.95565474
0.9410602
0.9606759
0.85056514
0.9244608
0.8709774
0.89471567
0.8935174
0.7576716
0.9491296
0.8507485
0.9025535
0.74908257
0.7490807
0.95396113
0.7711626
0.9662722
0.839461
0.92049676
0.87350184
0.90346104
0.82988954
0.9101051
0.8309658
0.6744251
0.8113676
0.74177295
0.91012573
0.6469612
0.82239854
0.88471264
0.8597193
0.7155463
0.7584344
0.89730346
0.82130855
0.8029937
0.9017344
0.8302472
0.9598603
0.84870255
0.87158936
0.67165864
0.7837531
0.8645282
0.8151397
0.85940576
0.85473996
0.6683676
0.9594474
0.9466263
0.846058
0.9386697
0.89274526
0.672084
0.85106325
0.8168462
0.81066287
0.9004067
0.70235527
0.7065171
0.86527765
0.87971956
0.82437295
0.9240016
0.82486516
0.84167475
0.89656717
0.9118631
0.7719335
0.9418239
0.8781105
0.84233755
0.8522698
0.9059109
0.7974738
0.65708727
0.9142336
0.91211355
0.7279822
0.9152899
0.93460417
0.87430626
0.88007975
0.77550286
0.80438304
0.95575374
0.954267
0.9544714
0.8044701
0.76026165
0.7009146
0.93973464
0.9163967
0.77172965
0.93076795
0.8104788
0.84175587
0.8313285
0.8603623
0.8515551
0.91139483
0.854902
0.9248009
0.92287844
0.9438393
0.9406689
0.88288015
0.83411044
0.9253536
0.82049227
0.9462139
0.68024707
0.9528516
0.76003134
0.6057055
0.9240516
0.8372243
0.9277316
0.7882253
0.6546191
0.95753074
0.83880335
0.9490645
0.81898427
0.8528029
0.73505425
0.93156064
0.9183188
0.712437
0.91566974
0.4535816
0.73603565
0.6135641
0.93463194
0.8178297
0.947647
0.9747242
0.7600599
0.87815785
0.963298
0.75143665
0.8893319
0.9409511
0.8019132
0.95650274
0.6566933
0.84723425
0.93615854
0.5688571
0.9063053
0.6836292
0.7642006
0.8842878
0.9363222
0.7079364
0.9231393
0.9567689
0.7287482
0.88343006
0.90150815
0.9272211
0.89141583
0.9495713
0.8692736
0.81900966
0.90403056
0.9486334
0.80177647
0.83375543
0.63538
0.91197675
0.646286
0.9415838
0.9791657
0.9020255
0.91214585
0.91667163
0.7404016
0.92961377
0.72016037
0.85961545
0.7308608
0.8796007
0.84966755
0.8705287
0.8993981
0.9469904
0.94844407
0.9471108
0.90735817
0.9249042
0.85586023
0.9015674
0.9222935
0.8652333
0.846745
0.8697289
0.8168259
0.8199947
0.6542785
0.8610975
0.794032
0.9121306
0.74800205
0.8627317
0.8248398
0.90253997
0.91442084
0.81159407
0.8087002
0.9196389
0.9219844
0.9033166
0.72345054
0.8864541
0.90965354
0.8762449
0.8367233
0.78010267
0.9260504
0.8479481
0.9320508
0.8580479
0.9265238
0.74732125
0.85937476
0.900463
0.82838285
0.93421173
0.9582311
0.5979688
0.9214717
0.8307681
0.9045441
0.9096434
0.88079786
0.93703115
0.80920756
0.88232255
0.82375324
0.7390095
0.7943833
0.8655357
0.8428238
0.8846045
0.64952147
0.8521862
0.8863707
0.8921178
0.54060155
0.8303935
0.91307116
0.7682092
0.9101706
0.89086837
0.8791475
0.6214571
0.897213
0.87210035
0.9523776
0.7852685
0.9421375
0.893065
0.9205447
0.70347345
0.9404475
0.77436197
0.603665
0.7042558
0.8238283
0.75147533
0.7755656
0.9128792
0.85811436
0.8777519
0.8601995
0.82011586
0.8078337
0.8231412
0.7117853
0.9309373
0.90088475
0.7245242
0.81376183
0.88507015
0.7348623
0.8494932
0.7027431
0.89274013
0.93085825
0.85956514
0.8394819
0.8398493
0.8320672
0.89280796
0.8967125
0.8612045
0.95201623
0.9478481
0.9166424
0.76312405
0.8794074
0.7863048
0.75324667
0.93698984
0.91256124
0.9491565
0.88585556
0.8996258
0.86883235
0.9491864
0.7873212
0.9504465
0.82827723
0.9023562
0.8512195
0.90360767
0.95989096
0.8605895
0.88431644
0.901492
0.74499464
0.9409188
0.85247016
0.8567603
0.7127846
0.78602636
0.94826245
0.9291755
0.80937976
0.90407187
0.88116604
0.65495235
0.8958446
0.9198854
0.7193648
0.814978
0.6382611
0.77406836
0.661051
0.79534054
0.87112546
0.87708765
0.78699327
0.87639374
0.7339855
0.84106606
0.8813488
0.9107016
0.7262778
0.7159759
0.81495434
0.8199335
0.89946663
0.8755845
0.95617485
0.6237176
0.74234486
0.73444074
0.89516604
0.7837063
0.935134
0.9255168
0.9684562
0.91769457
0.9580847
0.9570849
0.8238978
0.91943234
0.9536736
0.80023
0.94395435
0.8656944
0.8211287
0.9100454
0.90776443
0.9221558
0.8803691
0.8156418
0.90905607
0.86481655
0.8943199
0.8784535
0.9165339
0.7459782
0.9581698
0.727171
0.95410156
0.8559715
0.91439784
0.8416123
0.78890324
0.6881643
0.93753767
0.6282844
0.9651761
0.8816577
0.86557883
0.8087689
0.72381973
0.9241862
0.91151893
0.9468415
0.67925113
0.88680804
0.6382855
0.9081351
0.9090311
0.8710153
0.76895314
0.8758017
0.64754736
0.916478
0.9452599
0.8664246
0.56606597
0.76130193
0.8429301
0.77359223
0.913226
0.81924164
0.9245653
0.9169125
0.7594857
0.82675123
0.8645427
0.83138597
0.82949567
0.908867
0.70065176
0.81847596
0.7830973
0.86044276
0.84712845
0.9354289
0.8843687
0.7630853
0.8350875
0.95122343
0.8331791
0.93175334
0.67270964
0.8551918
0.932726
0.92154044
0.81399953
0.8792383
0.8777386
0.8253746
0.5706638
0.95324683
0.81494
0.89778095
0.8600261
0.7695185
0.8941375
0.95642316
0.7238992
0.89342546
0.8484787
0.92731494
0.8329306
0.8903518
0.8913219
0.8342638
0.7143177
0.8746627
0.88667095
0.79225653
0.69394714
0.89021844
0.6435978
0.57413816
0.86057234
0.93131846
0.94255507
0.8787155
0.93744236
0.81438136
0.79911363
0.9172221
0.9328977
0.8583207
0.9346992
0.82284784
0.81949735
0.86346686
0.61613476
0.9681668
0.96791846
0.81922513
0.88532573
0.8838266
0.71339184
0.9111302
0.850039
0.8790602
0.87434936
0.9248562
0.7428416
0.66961235
0.90351045
0.7749166
0.9062655
0.79426455
0.75787956
0.72250557
0.9595939
0.8526742
0.80546737
0.8142276
0.90329015
0.8417777
0.86923397
0.9652685
0.8733871
0.8977651
0.75881404
0.87602997
0.9232956
0.85433614
0.8182157
0.7903178
0.91511947
0.93061423
0.83172584
0.6506996
0.7150993
0.7008703
0.955142
0.8323201
0.6849425
0.70680207
0.72024035
0.9533024
0.9089855
0.8247088
0.54684925
0.8592143
0.656213
0.93388605
0.7736101
0.7250292
0.73964196
0.9252233
0.86713165
0.8651606
0.95170045
0.9122941
0.8419976
0.8855906
0.9581301
0.8472938
0.7740768
0.91461325
0.8955039
0.86654216
0.8344166
0.8661925
0.9324701
0.9653548
0.92146474
0.9454781
0.8368625
0.93510425
0.5252678
0.9182433
0.9196959
0.8640288
0.7866952
0.76675224
0.8678006
0.83259296
0.946916
0.7799338
0.9440511
0.89418083
0.9106851
0.8920674
0.95617586
0.8163266
0.84688324
0.8116903
0.77911353
0.9554652
0.8312036
0.8109075
0.9095106
0.7697654
0.86279905
0.8749099
0.620102
0.8505042
0.85845727
0.7857437
0.84732896
0.77189183
0.763907
0.8839172
0.7988122
0.9218141
0.9291784
0.9160833
0.80867374
0.91469413
0.84340537
0.8403824
0.94782877
0.94878376
0.8135764
0.76760805
0.95307755
0.67525446
0.86975855
0.9587622
0.9374998
0.9040855
0.8165482
0.94664204
0.86680454
0.9457927
0.8123776
0.88408875
0.6446525
0.9037583
0.87066483
0.9232619
0.7288098
0.85480446
0.8149966
0.9232433
0.93304354
0.8377167
0.80386597
0.82246035
0.821963
0.8781131
0.9037487
0.8024624
0.96485794
0.82629246
0.898063
0.86198884
0.9170762
0.840671
0.9033239
0.89577866
0.9466703
0.8352736
0.8505586
0.88035405
0.7369765
0.76043874
0.89373875
0.7746157
0.8671429
0.69884187
0.64926964
0.77424854
0.9506086
0.9140733
0.81912583
0.9203295
0.8798734
0.7852114
0.89456165
0.8683593
0.861271
0.90411603
0.71640164
0.80959725
0.7505864
0.7076527
0.94100636
0.84531295
0.89226
0.8811342
0.9129236
0.8662317
0.9344163
0.82744944
0.857468
0.96416956
0.9053588
0.8953927
0.88749385
0.90486723
0.9725382
0.92017066
0.92445046
0.9157959
0.894212
0.90651137
0.9015385
0.884798
0.79035354
0.9332888
0.95057356
0.8508861
0.86898583
0.79427123
0.88947934
0.83340746
0.84050846
0.7489276
0.8000552
0.8626827
0.82122815
0.9067928
0.9481933
0.858387
0.7880327
0.7808458
0.615908
0.8961904
0.8749754
0.8397989
0.78995657
0.9281436
0.89651257
0.8195441
0.84165514
0.89195603
0.87025654
0.7902479
0.79150003
0.9367559
0.8298066
0.69965136
0.9038652
0.9602886
0.74989784
0.77109814
0.9120022
0.8570045
0.74362636
0.85969436
0.8560611
0.7302865
0.9303882
0.9105634
0.94796515
0.87242484
0.73130214
0.871367
0.88571084
0.6125291
0.9520101
0.90656066
0.5424926
0.74345785
0.9186896
0.8808688
0.9355652
0.8295468
0.94927883
0.87464887
0.90976894
0.7554134
0.82052934
0.9125444
0.9378778
0.8675176
0.8662491
0.781806
0.6947281
0.6884332
0.92890084
0.8268682
0.74717796
0.8628396
0.83552104
0.89655787
0.91508794
0.7549772
0.6403829
0.840029
0.88860995
0.9298799
0.8383702
0.8870558
0.9141317
0.8429154
0.930834
0.80005574
0.8371455
0.84522116
0.9353138
0.91955256
0.88424236
0.89744264
0.7231581
0.7203553
0.8636285
0.7016759
0.94452417
0.90355647
0.8773335
0.87505746
0.661963
0.50739187
0.8108892
0.8741894
0.7916039
0.83781266
0.8770832
0.8226113
0.9236348
0.8753468
0.89155155
0.8007527
0.7135993
0.77358127
0.7834086
0.7833154
0.7560475
0.7930509
0.9600708
0.8921637
0.7592826
0.73618644
0.9192092
0.82641053
0.9347529
0.8066246
0.8798787
0.793965
0.8340261
0.9185783
0.6723261
0.8111584
0.8914427
0.82595044
0.7333713
0.8639645
0.8772519
0.88506883
0.95550144
0.9176916
0.79287565
0.7906774
0.85000217
0.8537493
0.87262976
0.7929574
0.621832
0.9578689
0.89693975
0.777985
0.87566245
0.8079344
0.86049134
0.72096854
0.8299666
0.8995063
0.9683701
0.8632942
0.7691772
0.8077872
0.93239474
0.84177953
0.8146773
0.94569093
0.64522773
0.66414064
0.7476286
0.9117146
0.9003175
0.87864745
0.6170115
0.8678637
0.93191636
0.8368563
0.7477823
0.79664737
0.8530164
0.7571814
0.78572196
0.7376326
0.915535
0.8786558
0.897735
0.8974603
0.8330899
0.9029651
0.9291804
0.7233956
0.8687463
0.8794748
0.8399301
0.9168227
0.96355176
0.6572809
0.89022315
0.82683176
0.94077384
0.80385506
0.93636686
0.9502473
0.7503091
0.8532369
0.9123347
0.9518393
0.94268703
0.8873167
0.8807256
0.7951458
0.9556783
0.8449461
0.81866485
0.90187055
0.81656873
0.608905
0.70803356
0.7991503
0.83747315
0.9093597
0.9151069
0.80421275
0.81706667
0.89131653
0.7948458
0.86886835
0.63407815
0.7423997
0.71924424
0.8891379
0.86890554
0.78838015
0.96607924
0.77585995
0.75288147
0.70891106
0.67901814
0.9554815
0.92874026
0.881713
0.9335259
0.9207393
0.57918495
0.94021535
0.9029728
0.95513594
0.833254
0.921028
0.9441356
0.9185582
0.90678036
0.9173881
0.9315878
0.8114145
0.87130296
0.8114647
0.8384582
0.90136266
0.9216471
0.8366158
0.70652825
0.7785142
0.91293675
0.7420817
0.84822094
0.7117619
0.8954033
0.8767141
0.65543866
0.92905146
0.8688592
0.6486982
0.7581241
0.8251367
0.8208682
0.8661858
0.93051666
0.8876794
0.9311209
0.8597152
0.868845
0.87517774
0.92674685
0.8580764
0.9161232
0.8033593
0.9259553
0.890859
0.7956718
0.8363327
0.8293909
0.5684632
0.66978604
0.89043355
0.8741005
0.86424685
0.689185
0.9283216
0.9055157
0.8500993
0.8115747
0.8736675
0.7478462
0.83336574
0.9612993
0.79036236
0.9611994
0.77509326
0.90764445
0.9229312
0.7180609
0.7979747
0.64758766
0.79558104
0.8141264
0.8619855
0.9006843
0.7941704
0.84212124
0.96321094
0.8863666
0.8752933
0.95706064
0.74674875
0.88255835
0.9793013
0.8946239
0.74151266
0.9007221
0.85270643
0.5546114
0.9396332
0.7897634
0.81562656
0.9020693
0.8413401
0.7995883
0.87601215
0.96719354
0.68730855
0.90372115
0.8352709
0.7153846
0.8882053
0.9358295
0.866373
0.8513511
0.9092226
0.89677346
0.86594105
0.96631384
0.86813265
0.9209089
0.80293095
0.912499
0.93750846
0.69031024
0.9126227
0.7934735
0.9091629
0.8654605
0.8834854
0.62657887
0.92915833
0.8483439
0.80031717
0.89678967
0.79344857
0.8248358
0.7919656
0.9120082
0.7904852
0.8988522
0.8326635
0.73274654
0.875446
0.7852336
0.8777958
0.87337935
0.91590416
0.6297442
0.7166541
0.88174295
0.75175923
0.8923337
0.78917146
0.83972
0.8099672
0.78926694
0.7683296
0.8970059
0.91743124
0.7724119
0.9708664
0.5666526
0.7432454
0.90139043
0.93885845
0.8993729
0.96132314
0.89303386
0.8486266
0.8618211
0.8854941
0.8732085
0.74862
0.9322475
0.9445222
0.80405796
0.89301693
0.6283743
0.6131814
0.80040896
0.7089257
0.8986583
0.9248034
0.9467382
0.8352972
0.750262
0.8783685
0.91845375
0.8547963
0.79729044
0.83004564
0.8644245
0.79213464
0.9429177
0.7859222
0.89263505
0.9610128
0.9293804
0.9613904
0.922634
0.9154998
0.60956717
0.89529693
0.83886236
0.8886599
0.92887264
0.7733198
0.7719493
0.75872844
0.89881974
0.949979
0.96035135
0.7529681
0.88350725
0.95269793
0.94839513
0.91804624
0.7709647
0.7539687
0.76880795
0.903663
0.8999826
0.8354552
0.845153
0.9597258
0.68201345
0.9060771
0.8708913
0.8814376
0.8825255
0.95277625
0.8239831
0.8479476
0.8109869
0.8213405
0.93418556
0.90956306
0.9152297
0.8562243
0.90036905
0.89367706
0.79550326
0.7250215
0.8322103
0.7645983
0.80491126
0.8804711
0.83229035
0.89293796
0.7088598
0.8968109
0.9464513
0.67065716
0.849273
0.8970119
0.5232354
0.74554574
0.6566742
0.93479913
0.87552494
0.913922
0.9561843
0.8650261
0.8027826
0.82940584
0.5046627
0.74836093
0.76204026
0.64274055
0.66021323
0.76622653
0.89710546
0.8630276
0.88707596
0.9120611
0.93191886
0.93151736
0.76412094
0.9171964
0.84630364
0.56390804
0.6791885
0.8492363
0.71968687
0.9013932
0.9131185
0.92588603
0.86268806
0.84345686
0.9735112
0.9075222
0.7313963
0.8371891
0.74729276
0.8461384
0.8583276
0.78235483
0.8625438
0.9387326
0.95836323
0.8397931
0.94569635
0.8147998
0.9221474
0.9270882
0.69075054
0.9050164
0.9634801
0.7716193
0.81290764
0.919124
0.59866476
0.8982671
0.88925314
0.84696966
0.8583826
0.78459877
0.8781485
0.85872257
0.797459
0.9025354
0.8452249
0.8029724
0.93278575
0.9003061
0.95731556
0.8494904
0.8926269
0.88009775
0.8509684
0.8748167
0.8186616
0.7578197
0.76003385
0.90513605
0.8904656
0.8574843
0.90573144
0.79461694
0.6622345
0.9060338
0.89611155
0.9019989
0.9356114
0.8352679
0.8874842
0.92334044
0.6015785
0.8791253
0.91191244
0.9195459
0.83194405
0.82100475
0.9444359
0.92307425
0.9024256
0.78244007
0.9209773
0.9528274
0.96063757
0.8457377
0.9260174
0.8334202
0.71362484
0.93865716
0.94552493
0.9128774
0.87803274
0.80435634
0.9151544
0.8409391
0.9074101
0.8987332
0.8892352
0.9509028
0.948793
0.9099094
0.7376037
0.88813007
0.8178503
0.87496644
0.8555479
0.96440697
0.8520566
0.76144695
0.76551646
0.8612261
0.8280599
0.6135017
0.92896616
0.8606632
0.54306036
0.6808003
0.89640385
0.7178117
0.9062842
0.7260562
0.9494334
0.885591
0.74671584
0.7984883
0.8685876
0.8542051
0.8350473
0.8182367
0.9095713
0.7784082
0.9011771
0.7785626
0.8709135
0.9299479
0.86542565
0.8810501
0.92728114
0.8190812
0.8269308
0.8984833
0.6484228
0.7694526
0.48218834
0.8710818
0.9414526
0.8506729
0.9688394
0.96273357
0.7713356
0.89041
0.8739813
0.809271
0.9616975
0.94263154
0.8406132
0.8198354
0.71631914
0.9026871
0.8835659
0.95258474
0.73747414
0.8230216
0.83849686
0.8958013
0.858423
0.89397115
0.8079544
0.85790306
0.95842624
0.7640781
0.52917093
0.85017383
0.92216265
0.7269566
0.9192389
0.87982917
0.8831032
0.7205394
0.7559473
0.8156489
0.91234523
0.9095772
0.8812742
0.8367539
0.9091203
0.8076021
0.8325193
0.86727035
0.7380167
0.9106415
0.92076325
0.9009617
0.85275936
0.80123216
0.87278914
0.8458649
0.6999535
0.6481753
0.620368
0.87432086
0.95506847
0.9262123
0.81743044
0.9057473
0.62358516
0.82206064
0.8544421
0.8765764
0.7805777
0.72570443
0.7010725
0.7231356
0.6999233
0.7750781
0.66919833
0.7956208
0.8208658
0.8700567
0.96000934
0.8304624
0.85172
0.75463974
0.83741176
0.8847994
0.78504026
0.9259212
0.8516584
0.935979
0.95985055
0.8200569
0.7589704
0.9353958
0.8654964
0.8447158
0.77645135
0.83829665
0.95016575
0.8276766
0.95043105
0.7877181
0.87755895
0.8801707
0.95432055
0.84975463
0.65291774
0.6752587
0.8543989
0.8080374
0.78691274
0.93826675
0.866274
0.76130635
0.92479974
0.8883943
0.88971674
0.8283853
0.9143717
0.83053195
0.7498113
0.7940168
0.82522726
0.8762127
0.73058754
0.80576473
0.78884137
0.8793971
0.9774027
0.8309697
0.7866803
0.87309766
0.7141122
0.9208641
0.84929454
0.81531304
0.85518116
0.8366556
0.7334918
0.83977395
0.8194964
0.8491623
0.7817611
0.80255485
0.97473073
0.9292247
0.7765411
0.7675585
0.947508
0.86803716
0.9472308
0.92666763
0.9188335
0.8892576
0.81322116
0.8234451
0.91993785
0.77289164
0.79291093
0.839288
0.9647282
0.78348094
0.7801615
0.94287896
0.9357486
0.8860266
0.72252846
0.8200866
0.91159225
0.70336384
0.9472998
0.95574397
0.78711814
0.7781794
0.826245
0.9084887
0.72048205
0.88885903
0.9507795
0.9654385
0.81638426
0.8201684
0.92615765
0.9192034
0.91958606
0.7831296
0.8627317
0.9218601
0.9024401
0.97530967
0.68919176
0.8463613
0.9056731
0.92799294
0.8961615
0.9241677
0.76201576
0.78679526
0.72128093
0.7891223
0.518013
0.89074576
0.92729527
0.7708517
0.8403682
0.855921
0.86401737
0.8294727
0.7760254
0.83613634
0.70563436
0.942742
0.7844222
0.87627757
0.797586
0.765913
0.92466146
0.78253025
0.92241687
0.9408669
0.88898015
0.8499994
0.9462387
0.9351033
0.7773087
0.8231386
0.7337949
0.8564828
0.7415712
0.72478855
0.78761625
0.8654749
0.8932177
0.8704405
0.6448428
0.92530966
0.8125402
0.83807194
0.9605109
0.843801
0.7531146
0.96878314
0.96638644
0.85774916
0.9471721
0.76619476
0.7958865
0.85408217
0.8916035
0.9091591
0.9398359
0.85998946
0.73771006
0.9192206
0.9601164
0.9422996
0.8906207
0.80064523
0.76566964
0.9079693
0.65787685
0.82730424
0.9615626
0.95950764
0.91099566
0.8696722
0.8485666
0.5433187
0.9005574
0.7899877
0.9450797
0.78537846
0.8455742
0.8363719
0.8036216
0.84055066
0.9464586
0.81282085
0.864647
0.91273874
0.9437516
0.8277246
0.8620993
0.84599483
0.43088475
0.7364999
0.8687889
0.830139
0.81938374
0.7183411
0.7383918
0.76390874
0.8789351
0.7315545
0.93068904
0.7481063
0.7932923
0.93320835
0.808939
0.8020309
0.8523823
0.7997853
0.9234526
0.8488487
0.946378
0.9010997
0.8222841
0.950737
0.82122815
0.9207034
0.91864955
0.77132016
0.91434985
0.8384772
0.8633112
0.7901037
0.9331262
0.9383322
0.8402809
0.74652267
0.90806055
0.6185807
0.5190562
0.83471465
0.87870926
0.9159558
0.9481724
0.869403
0.8439564
0.9028492
0.65513194
0.8292265
0.78805536
0.8428213
0.7345223
0.9618392
0.8355896
0.92211926
0.5638998
0.7717903
0.9343054
0.87663203
0.8936605
0.9367628
0.9403668
0.83641964
0.9250566
0.9067717
0.87684745
0.84432554
0.7227557
0.765492
0.76420313
0.9258465
0.9055707
0.8692535
0.8954764
0.8715101
0.85063016
0.83270097
0.9245641
0.9172553
0.91539836
0.9176995
0.9243035
0.86717826
0.91176987
0.8862316
0.76353216
0.87360626
0.8824961
0.8085846
0.5663305
0.5533645
0.8721583
0.6523954
0.9198105
0.8900901
0.87544274
0.8754028
0.7805735
0.8788674
0.89198434
0.8343533
0.8304053
0.96203685
0.89424086
0.8646807
0.83285755
0.8718066
0.81000376
0.97056884
0.95685345
0.68942595
0.83772737
0.8251994
0.7751609
0.9023064
0.9429196
0.8345148
0.8079491
0.7209965
0.8657149
0.7102118
0.86955065
0.84018224
0.81987506
0.8154741
0.92987275
0.8621511
0.9117609
0.9347646
0.93381804
0.9179848
0.5943777
0.90299577
0.8605904
0.7225467
0.9079513
0.9172627
0.8484999
0.86606085
0.79395276
0.81989056
0.9310183
0.73740304
0.9522425
0.86278933
0.9354177
0.83495593
0.7924093
0.83550596
0.7727841
0.9358355
0.7957887
0.875696
0.9304564
0.95842415
0.9587258
0.8809835
0.89128286
0.7868176
0.73872167
0.91475874
0.94115853
0.7605463
0.85489786
0.9216845
0.89545697
0.8997638
0.8258325
0.8560775
0.94103706
0.7787148
0.86676645
0.75190306
0.94326556
0.8214155
0.79377645
0.881743
0.8703959
0.8700215
0.93812174
0.8176835
0.64856493
0.8431366
0.9058243
0.7019727
0.9229788
0.83109146
0.8755275
0.889409
0.5717914
0.7948284
0.8271785
0.8281174
0.8207092
0.8738807
0.94217116
0.8117497
0.9507891
0.81477773
0.78131163
0.84433293
0.79467255
0.91416234
0.57328635
0.90090656
0.90711856
0.9251226
0.7860974
0.9443917
0.92184633
0.84832543
0.83320063
0.817492
0.9208492
0.93937474
0.8967258
0.9055094
0.87334937
0.8588828
0.92121035
0.7876926
0.9627333
0.8798965
0.92734504
0.9361057
0.8782172
0.9290705
0.8379028
0.89007777
0.84682214
0.8372259
0.94522727
0.89898443
0.9633456
0.8362826
0.9181726
0.8710576
0.9229101
0.83513385
0.9534637
0.8379647
0.8475225
0.933434
0.82514787
0.92340106
0.8390847
0.76865643
0.9397365
0.7386419
0.8857574
0.8550978
0.73152
0.9357088
0.8547081
0.86405873
0.935032
0.9418534
0.8724951
0.91146135
0.56881845
0.88428783
0.81994194
0.93463236
0.8305104
0.9539657
0.8097833
0.79947954
0.7615596
0.8708199
0.8969828
0.852346
0.9195931
0.91206926
0.6854
0.81738806
0.9128002
0.7892619
0.9667874
0.8712803
0.8099892
0.7665237
0.8939806
0.93855685
0.8686445
0.8674101
0.66810656
0.88861006
0.6576979
0.86164856
0.9230993
0.7897624
0.80108076
0.90881944
0.7228062
0.9484665
0.95426935
0.8560779
0.7337337
0.7556974
0.89285403
0.8876737
0.9108331
0.8806669
0.9585017
0.8489107
0.80950165
0.90449053
0.9682043
0.936671
0.8030468
0.9235544
0.829926
0.8830625
0.7605935
0.8880551
0.83042824
0.79335403
0.81951976
0.826081
0.918972
0.89319324
0.8940105
0.8737017
0.78453016
0.7842453
0.7884196
0.9526732
0.9176967
0.81996423
0.7725079
0.7874677
0.94714254
0.751606
0.76496243
0.7658141
0.857044
0.9063692
0.8507952
0.73716545
0.8355184
0.9480635
0.9136049
0.9185146
0.95720875
0.86225015
0.8710775
0.8101691
0.71838105
0.8432949
0.9381267
0.7912019
0.92543
0.7994816
0.9433576
0.90712976
0.83758616
0.85834587
0.86414355
0.92685825
0.8696557
0.9040543
0.86809206
0.81851226
0.9108547
0.89122325
0.771653
0.76642156
0.9573831
0.6024993
0.8289819
0.8816673
0.9557485
0.86792046
0.8495688
0.8814601
0.8157343
0.7857661
0.8456424
0.7839759
0.88700557
0.8847784
0.8926573
0.84664273
0.6034252
0.8518598
0.79708296
0.9308622
0.77811295
0.8410063
0.8703331
0.94179773
0.92484653
0.7502629
0.9508745
0.93625045
0.777448
0.8322264
0.75263137
0.9860175
0.94046205
0.7830348
0.9357871
0.8850873
0.47019318
0.8872282
0.90232706
0.82863975
0.9665495
0.83885807
0.8440688
0.8847268
0.89737767
0.9022494
0.8219931
0.9295727
0.9749219
0.89578736
0.8261379
0.83665156
0.9273513
0.84158254
0.93409956
0.9481282
0.8498019
0.82523143
0.9170322
0.8235893
0.96616673
0.86817604
0.88998306
0.88276577
0.86967206
0.8554291
0.71420455
0.94169426
0.95234764
0.89789367
0.6861968
0.9476584
0.9376221
0.6052315
0.69544405
0.8739216
0.8896522
0.9254925
0.94236124
0.6848373
0.9409247
0.8222
0.7855548
0.82341635
0.9528103
0.86365026
0.7169306
0.88780755
0.84917957
0.8467847
0.87806934
0.9572584
0.90580153
0.899575
0.8494533
0.960894
0.9760341
0.84242386
0.9525655
0.93124574
0.88975304
0.8481279
0.4985277
0.91423494
0.93145406
0.89789283
0.8969924
0.8919184
0.98076487
0.8816933
0.8779013
0.91707397
0.7313623
0.7254313
0.9201133
0.9171563
0.88405883
0.78286564
0.87730896
0.92808104
0.8607979
0.925269
0.93408275
0.76469415
0.8837253
0.88907075
0.82205606
0.8767315
0.857651
0.8709388
0.9402794
0.8214119
0.86458325
0.7396005
0.96219164
0.8272382
0.7144799
0.9057406
0.68924105
0.9451129
0.92028743
0.77656806
0.946229
0.88942766
0.746567
0.8877344
0.81840825
0.96404326
0.8439416
0.9069775
0.8820974
0.8589717
0.86956865
0.8616695
0.8819355
0.8478955
0.7811492
0.93122846
0.88104147
0.92694896
0.7776862
0.92921954
0.93263566
0.7680776
0.88177466
0.8039423
0.90217465
0.82718015
0.8883177
0.9396014
0.92717373
0.7548559
0.93825215
0.86948025
0.8236728
0.8167179
0.6943606
0.9146134
0.93551165
0.9036631
0.76657003
0.8043364
0.7450508
0.69520664
0.9126169
0.9077493
0.92318386
0.8822618
0.7505176
0.80350983
0.86594117
0.9568383
0.89152837
0.8717965
0.9249499
0.95140636
0.7856071
0.87066334
0.8040398
0.8639893
0.89894193
0.88847
0.7884911
0.85317755
0.8941554
0.82556874
0.8160912
0.8151446
0.7388442
0.89584553
0.85484326
0.9279378
0.9606887
0.8899857
0.8526874
0.803319
0.59493196
0.8457804
0.85814315
0.6482547
0.7711771
0.9021624
0.9405294
0.8384997
0.9516668
0.86559016
0.8579243
0.683368
0.9191156
0.8592689
0.883638
0.7094724
0.78039163
0.867695
0.5540217
0.6276461
0.72516143
0.8745172
0.95164096
0.81969774
0.8532903
0.95920575
0.8901776
0.85602325
0.76501215
0.69367635
0.768243
0.9447022
0.8871293
0.8020763
0.8869446
0.66660786
0.73104936
0.8907223
0.88714606
0.87546396
0.7188892
0.5783426
0.8784398
0.88049597
0.8333518
0.76522523
0.8178494
0.8460978
0.88160753
0.86359584
0.8333375
0.7822205
0.7230232
0.8160044
0.9017487
0.828189
0.8971763
0.8774538
0.7731014
0.9393372
0.7575161
0.91602343
0.8798136
0.74701035
0.6869998
0.8690967
0.81091785
0.8859216
0.61022717
0.82323205
0.95335233
0.92434627
0.88753635
0.8787354
0.8825886
0.9309345
0.8823614
0.889987
0.91642064
0.85293007
0.8623817
0.7452961
0.5984041
0.86222494
0.48872674
0.8822144
0.8217342
0.67854446
0.8574699
0.8043123
0.80388916
0.8413173
0.8726479
0.8979953
0.8090711
0.89245415
0.8513778
0.827983
0.5310687
0.90653163
0.8796156
0.8910947
0.9578186
0.8589599
0.9266378
0.90019315
0.7595294
0.88031304
0.8508466
0.75409806
0.84909374
0.888443
0.8428245
0.9052352
0.94075334
0.94864136
0.9249123
0.9148061
0.9270718
0.74172
0.93025124
0.93495023
0.9549388
0.87344474
0.851684
0.8675926
0.9117396
0.85933447
0.92524797
0.9285133
0.8271217
0.9007274
0.8153944
0.9251267
0.8944659
0.7941912
0.83243716
0.7818728
0.8119347
0.8399616
0.90504885
0.8335943
0.86993134
0.81623125
0.94652474
0.7821875
0.8852355
0.84986615
0.68332165
0.8051978
0.93880934
0.96704715
0.87806994
0.9235834
0.95480955
0.8224683
0.8245032
0.76061004
0.9049939
0.7904035
0.702304
0.86991775
0.8365126
0.70903003
0.8768724
0.96141595
0.8033203
0.801714
0.8183962
0.5958967
0.9268146
0.9325198
0.8080518
0.9425509
0.6985387
0.8990528
0.85793704
0.7020994
0.86243063
0.91104996
0.6370722
0.9111388
0.73220414
0.8962675
0.7694122
0.9004442
0.9160129
0.77677804
0.89734954
0.91978395
0.9080379
0.93380034
0.9281941
0.9022911
0.8796865
0.89214104
0.8941828
0.8338274
0.8700259
0.6369552
0.8968702
0.9436566
0.8940471
0.84284425
0.7759303
0.74202424
0.7978629
0.8375702
0.9616572
0.8271148
0.70882607
0.8207293
0.682716
0.85627735
0.75056314
0.8638007
0.92102945
0.83382595
0.9379947
0.56915134
0.6912123
0.73240596
0.5419688
0.88877255
0.67676276
0.85307896
0.9334371
0.8823432
0.7014418
0.92873293
0.6923134
0.82857156
0.9361524
0.87190664
0.93310004
0.96768594
0.8215394
0.90069795
0.9554453
0.8270304
0.7955167
0.7969863
0.79215765
0.9074708
0.8638263
0.88039505
0.88587344
0.90696913
0.93164945
0.83162737
0.8160212
0.83973056
0.7757441
0.8657682
0.7036809
0.88809997
0.7701961
0.797419
0.78941613
0.84419453
0.7795975
0.8286793
0.59386456
0.8617281
0.6178716
0.69513905
0.9550774
0.90625757
0.9060403
0.81017625
0.8910229
0.9013339
0.909739
0.7539357
0.7653998
0.8825648
0.74029815
0.8182217
0.9195876
0.8622942
0.9227928
0.8762335
0.8488718
0.93710005
0.87133205
0.6559733
0.88056654
0.8493781
0.95747936
0.69682425
0.8213919
0.75059366
0.93242335
0.7894966
0.90469646
0.9231806
0.8865223
0.9093298
0.70474476
0.81510806
0.80403006
0.9333391
0.90216196
0.7420316
0.9064575
0.646533
0.7384064
0.96441984
0.90448326
0.94200444
0.8521397
0.8629336
0.8350897
0.9425025
0.7275521
0.78080934
0.88444203
0.81421506
0.85849947
0.8092139
0.86738765
0.9553149
0.7386362
0.8905385
0.88171756
0.91371274
0.9364249
0.8776798
0.9282154
0.8630081
0.8927469
0.7746153
0.95230466
0.87651414
0.8818855
0.9259678
0.83620113
0.8444913
0.95615876
0.80094135
0.91722775
0.8580746
0.9358428
0.9151428
0.9279024
0.94270825
0.9083129
0.8054272
0.88014114
0.8244191
0.90842044
0.8779013
0.9461588
0.9534067
0.7270545
0.8239925
0.8401847
0.8616388
0.8576161
0.8635305
0.80545866
0.74099475
0.8115528
0.80751836
0.7550466
0.88512915
0.91828686
0.927302
0.9420056
0.9277244
0.71861523
0.8947158
0.83421385
0.8377346
0.9385227
0.7893381
0.85675204
0.876274
0.9276399
0.90708345
0.9634537
0.8495828
0.93497837
0.9032448
0.85800743
0.7817761
0.7471291
0.9035693
0.889061
0.62880486
0.9256501
0.85049736
0.72432745
0.92341125
0.9039866
0.9186895
0.7241693
0.53848004
0.85496926
0.96565574
0.88384587
0.9209974
0.8577209
0.848823
0.94808245
0.8033454
0.8745039
0.82253844
0.8320831
0.6921869
0.9393686
0.91778904
0.8246733
0.8922483
0.8855058
0.8451151
0.93765044
0.76263326
0.9281164
0.84941465
0.870152
0.82369673
0.9197988
0.9011449
0.7540922
0.533962
0.8933996
0.8369237
0.94685537
0.8085316
0.85490656
0.85824335
0.8946223
0.71423405
0.9339924
0.86627173
0.8930224
0.744773
0.7788543
0.8257742
0.87869006
0.91411823
0.74008524
0.76582927
0.9497178
0.8717619
0.92732555
0.7751515
0.84593856
0.9191435
0.8713983
0.93168485
0.91746336
0.951901
0.80305576
0.944293
0.89754134
0.8489372
0.8051032
0.8470904
0.68034786
0.8249917
0.8154709
0.87152827
0.92434144
0.8675343
0.9169348
0.87432086
0.9640038
0.742036
0.8871564
0.835166
0.7679712
0.81941605
0.95476115
0.88677573
0.7564589
0.8522044
0.87571764
0.7970743
0.8527284
0.7998521
0.88100517
0.9207937
0.82100415
0.8288162
0.9624522
0.84449327
0.84634125
0.77493644
0.71192795
0.7430713
0.7397541
0.8738208
0.9570353
0.9292128
0.92170477
0.34675068
0.9522495
0.90647984
0.8132804
0.8695806
0.6250397
0.82929146
0.86055005
0.8162907
0.8423141
0.8620444
0.9651778
0.8882821
0.64891744
0.9534764
0.94997597
0.8050118
0.93279254
0.88293743
0.7792475
0.9284687
0.96777254
0.876562
0.8345497
0.8139845
0.84501576
0.8553939
0.7998698
0.8785104
0.95696557
0.865179
0.7874914
0.84375507
0.8736664
0.767785
0.88550967
0.96737343
0.95267946
0.84034157
0.8904749
0.9360305
0.87422967
0.84246737
0.9327302
0.92237574
0.9127243
0.8729351
0.8942596
0.83124965
0.89231193
0.8236624
0.941589
0.8747852
0.8244653
0.8223767
0.7525565
0.8974515
0.905926
0.7378465
0.7837215
0.74284875
0.81483626
0.8339175
0.91181785
0.85533834
0.88978964
0.90862465
0.7823241
0.93009967
0.8234995
0.8300509
0.8757932
0.89101726
0.96078724
0.8969968
0.72826195
0.6232656
0.829885
0.95971
0.73551655
0.86802304
0.8533925
0.8978168
0.63042957
0.79643774
0.90765035
0.90366733
0.8778489
0.89673495
0.9064477
0.8091888
0.648127
0.6735989
0.94993985
0.8762773
0.95901203
0.629894
0.91124225
0.7404651
0.90217143
0.86316717
0.81665194
0.83315474
0.6680428
0.95507175
0.9496454
0.90225613
0.8816605
0.676163
0.91886985
0.8350848
0.9344323
0.8474412
0.9144206
0.83609116
0.8502662
0.88096917
0.72195584
0.74928784
0.8639007
0.8700434
0.77756196
0.8188437
0.93477005
0.8786719
0.8668439
0.92155945
0.9537344
0.7883378
0.6714685
0.68436736
0.8541131
0.8947828
0.78868467
0.88989955
0.76308584
0.8392419
0.7311861
0.8043938
0.94339526
0.88597006
0.8807082
0.9056573
0.95305437
0.7488525
0.7981594
0.86548007
0.7499105
0.95874774
0.8873536
0.865637
0.9138272
0.80608976
0.8322894
0.69487214
0.67439526
0.9128381
0.8731276
0.89178973
0.9695511
0.9070358
0.82971
0.90633607
0.8515346
0.96134764
0.8140365
0.8574282
0.7927951
0.87649256
0.8257791
0.9061368
0.96221805
0.8097544
0.97268635
0.93979156
0.8707938
0.6816361
0.8250057
0.7739077
0.735986
0.7835534
0.87403893
0.8514328
0.7709004
0.60392356
0.9447972
0.85536444
0.76184034
0.88026655
0.93656486
0.9515826
0.91478056
0.76118726
0.8256239
0.8965554
0.9537155
0.8704447
0.9240228
0.892232
0.7844609
0.95039743
0.7683913
0.7980711
0.9160979
0.85269225
0.8759168
0.8524152
0.88401735
0.77486384
0.88034374
0.8437784
0.7750908
0.9672839
0.5462794
0.893849
0.47596392
0.8203325
0.9106933
0.88746905
0.91617346
0.70835876
0.9405986
0.8737686
0.9027809
0.86591136
0.9045603
0.64764994
0.9640801
0.8077036
0.82675785
0.7112341
0.81260526
0.88928086
0.74001026
0.83058786
0.96290886
0.8467649
0.48843962
0.73464966
0.881281
0.8010559
0.8396753
0.9241048
0.7735933
0.8701567
0.9210144
0.8663823
0.8829088
0.86156607
0.85057753
0.9125758
0.86018836
0.7818376
0.9425073
0.92119485
0.73783135
0.7243212
0.9054495
0.84279317
0.80820036
0.8818762
0.8626382
0.939866
0.9395279
0.84675777
0.64110214
0.9174932
0.9470417
0.7199405
0.95592517
0.78202945
0.76761276
0.92478406
0.83098924
0.71251583
0.5402149
0.8631848
0.7501789
0.8311634
0.93611884
0.8911562
0.9140445
0.8501718
0.7948782
0.71335125
0.90585107
0.78467417
0.82353437
0.9639789
0.93525326
0.7471384
0.893659
0.8575471
0.8414229
0.7457245
0.8948628
0.8498769
0.8954164
0.90654564
0.91329646
0.71063006
0.74478036
0.869201
0.9512485
0.9558787
0.85170877
0.90669626
0.70787036
0.76845413
0.8973411
0.9050181
0.8731767
0.8209572
0.9051125
0.8127392
0.781615
0.94117194
0.7353259
0.92483234
0.86017436
0.8820495
0.9188343
0.8627292
0.78238326
0.94500303
0.8660008
0.7721708
0.9508402
0.93228304
0.87424624
0.90549856
0.63817143
0.7046344
0.86547196
0.8158603
0.8362884
0.9164305
0.86290705
0.8962228
0.90569556
0.88909906
0.80358106
0.8703853
0.874207
0.90858966
0.93900853
0.89826626
0.88122153
0.7261238
0.92508394
0.82787657
0.7960211
0.8917829
0.86179817
0.7873405
0.91217995
0.72975653
0.8290355
0.77339065
0.7379264
0.77828014
0.6950669
0.9181859
0.95298684
0.91842985
0.77097064
0.88179463
0.9465031
0.8284702
0.84222054
0.90885156
0.8902088
0.7470332
0.7408543
0.9347339
0.8445755
0.78909963
0.65967476
0.85065985
0.82711774
0.8636558
0.7868642
0.8235182
0.7508664
0.602721
0.7583412
0.9055988
0.9139766
0.84462065
0.85456216
0.9060173
0.8071073
0.9479229
0.82649463
0.8924153
0.9188863
0.9288633
0.82814306
0.7126388
0.6076183
0.843356
0.9065139
0.8601202
0.7157712
0.9116984
0.8837807
0.8147657
0.9198586
0.90111
0.7344775
0.928961
0.7832049
0.80358696
0.9620699
0.85382473
0.83038014
0.71428406
0.630961
0.7548155
0.72488487
0.66477525
0.56888163
0.8371207
0.43566883
0.9535024
0.8659948
0.8548899
0.92443824
0.85413325
0.89918935
0.6871397
0.91904104
0.8049561
0.549845
0.81449616
0.84690595
0.57860655
0.8705094
0.89040726
0.8110929
0.92201704
0.78191566
0.6629078
0.95912004
0.9099012
0.81073684
0.5656812
0.79380256
0.85281783
0.8802817
0.87003064
0.65210986
0.7906596
0.8202375
0.9126053
0.91168624
0.84319675
0.9431597
0.94924116
0.9036746
0.8732729
0.96052414
0.8887073
0.7981961
0.69418544
0.7428495
0.8279996
0.90295774
0.72022593
0.6944143
0.82057357
0.9521514
0.9388834
0.8547285
0.8154675
0.875498
0.8316424
0.9542681
0.8796079
0.8049793
0.82203525
0.950509
0.9536913
0.8628533
0.8145116
0.9042196
0.90859914
0.73002183
0.8545829
0.8270115
0.8158126
0.79823494
0.9412347
0.83325315
0.94519913
0.81925935
0.87891567
0.7647541
0.85256356
0.9415363
0.93405247
0.86450106
0.8709467
0.782958
0.89975923
0.85432404
0.88473624
0.9072311
0.91518706
0.8982307
0.8622968
0.84005123
0.86882836
0.9277303
0.80832297
0.547025
0.79738986
0.88657725
0.8708537
0.84272325
0.79396456
0.921889
0.89249855
0.72413796
0.9306947
0.7406095
0.81775737
0.91201496
0.91558963
0.9026701
0.9023098
0.9355957
0.7386508
0.87204134
0.8030061
0.7869158
0.8451361
0.97060525
0.9446375
0.92835
0.9105679
0.8893857
0.9264388
0.6715627
0.8652443
0.9386456
0.8621686
0.7993003
0.84118485
0.94944006
0.7734618
0.8325608
0.8639322
0.88378614
0.8769338
0.8250964
0.88298476
0.94988394
0.9533176
0.81534684
0.7345277
0.7244443
0.78085184
0.90669787
0.82757103
0.68234843
0.7699928
0.9293981
0.88893306
0.7059505
0.7741592
0.9196211
0.87681997
0.96153724
0.8242698
0.7448336
0.8883552
0.8526974
0.92520434
0.7728047
0.85757315
0.9611644
0.91906834
0.88243836
0.9199412
0.910448
0.9211431
0.87180555
0.9455847
0.79132557
0.90880287
0.765137
0.9256699
0.7542783
0.93106705
0.5606403
0.78718907
0.9549925
0.8456791
0.7666781
0.7211018
0.93510485
0.88482034
0.9497092
0.9281438
0.7176109
0.81470025
0.8852388
0.83587277
0.8088218
0.7564512
0.94937503
0.7316757
0.83080137
0.94769
0.7614471
0.95237696
0.9414969
0.8601119
0.89237237
0.95238936
0.74739516
0.85531354
0.85733145
0.89226985
0.7992204
0.7770138
0.9247013
0.8552984
0.9114522
0.9161138
0.8772335
0.80156946
0.93814445
0.9214481
0.8130194
0.8017123
0.9454324
0.8486172
0.7259336
0.9469989
0.8854264
0.8127779
0.8573295
0.72971815
0.7430066
0.89527375
0.8222629
0.82682496
0.7406992
0.8932953
0.6718837
0.7924542
0.9530194
0.9035761
0.86026937
0.93919396
0.7174455
0.88720256
0.8625033
0.9094947
0.9681897
0.9658365
0.9108291
0.6817489
0.9138298
0.965299
0.9572013
0.7921466
0.6078637
0.90310544
0.7534959
0.9302014
0.84210527
0.9058732
0.66533124
0.9179211
0.93099976
0.85199535
0.9353196
0.8162576
0.932928
0.9174706
0.89236546
0.9035819
0.90905774
0.7646446
0.86253
0.916033
0.899109
0.8801482
0.8765584
0.8483198
0.72237444
0.8357686
0.90965486
0.9126458
0.7203303
0.93060875
0.802137
0.7232684
0.76803803
0.8422667
0.9095888
0.80389124
0.93281657
0.817668
0.7265279
0.56657714
0.8112548
0.93079185
0.8739487
0.897251
0.76572394
0.81922233
0.86461914
0.71706086
0.91232604
0.84680194
0.930604
0.8041586
0.843737
0.7582533
0.8533465
0.795587
0.874848
0.7476639
0.6005795
0.74246764
0.8172844
0.8446232
0.7810966
0.8281747
0.797704
0.8573421
0.8273839
0.74838173
0.78176296
0.77010363
0.8292434
0.7369435
0.8815428
0.9044884
0.9782372
0.804173
0.6301666
0.800107
0.71484774
0.89460945
0.88683045
0.8952826
0.9540816
0.8074374
0.89128643
0.79215527
0.8026832
0.8898477
0.7382456
0.86983955
0.6256999
0.9354685
0.8847681
0.8873481
0.94608027
0.96915334
0.7721905
0.88477504
0.8524107
0.9293893
0.9561352
0.8295517
0.9431055
0.80948013
0.64912874
0.8635345
0.8915179
0.9105504
0.80178976
0.7831887
0.8975787
0.71041244
0.73110414
0.95851165
0.9527304
0.78992355
0.6339311
0.77545583
0.95486814
0.90840685
0.75700164
0.93596846
0.7684549
0.9175951
0.88993835
0.65909624
0.91471493
0.9502368
0.8289386
0.77323836
0.8338436
0.78376406
0.7959802
0.630632
0.81767386
0.9527687
0.7125156
0.73820746
0.8678025
0.9324092
0.5425508
0.72924894
0.7400601
0.8589163
0.93482125
0.82380265
0.86021173
0.7293192
0.8523343
0.7826092
0.6742315
0.806403
0.6619637
0.88758963
0.8601978
0.7163961
0.8570627
0.69074655
0.6657485
0.83444345
0.8511487
0.7846668
0.45929408
0.74561566
0.8878757
0.83416235
0.8794427
0.85440147
0.9756536
0.8525076
0.9318651
0.90111035
0.9205707
0.85655594
0.7669136
0.904839
0.92354256
0.9234162
0.8404058
0.8151637
0.95713824
0.91658664
0.9020114
0.891819
0.804224
0.91810423
0.83025396
0.93787587
0.84459317
0.71051896
0.96170604
0.9240638
0.81858605
0.82595813
0.73898077
0.8675673
0.8697947
0.91341984
0.90624934
0.78957975
0.84015495
0.83394784
0.73225397
0.9023877
0.9503403
0.8859953
0.90712595
0.68208545
0.87314564
0.83730567
0.80037624
0.914242
0.91980135
0.81584734
0.8115771
0.84488916
0.9445521
0.88595647
0.96636295
0.8577883
0.9427197
0.74835515
0.8120606
0.9720603
0.95003325
0.7510653
0.72412324
0.88831514
0.83671474
0.88807636
0.68849856
0.9316375
0.9244063
0.7569515
0.94767106
0.89272255
0.94201124
0.8893137
0.8946636
0.89816505
0.9080588
0.82287586
0.8927637
0.85501504
0.71564204
0.8150574
0.8884879
0.6887567
0.544724
0.7816778
0.8258331
0.792698
0.94582635
0.83208036
0.7624258
0.9418821
0.9195665
0.94837767
0.96399176
0.9125957
0.866374
0.91141784
0.9211774
0.91410327
0.90599644
0.95896953
0.8732985
0.88879687
0.86828554
0.9399003
0.8467843
0.882939
0.76723
0.9106358
0.914147
0.8830212
0.65009654
0.82130396
0.81508857
0.916161
0.87429947
0.8709823
0.75207716
0.89202356
0.6476858
0.8027543
0.9041772
0.7884995
0.89209867
0.9603251
0.9538709
0.8129864
0.84353137
0.93558455
0.78297746
0.8242331
0.77755344
0.55953586
0.8820727
0.89716154
0.9181494
0.9082671
0.84914696
0.8205987
0.8090324
0.8841951
0.867442
0.7590653
0.7874483
0.7792334
0.91618735
0.8129457
0.51322633
0.77990913
0.70231366
0.8475305
0.8015301
0.613503
0.85056615
0.71219754
0.9274239
0.8425139
0.8989296
0.8984972
0.78120875
0.9405163
0.5344119
0.84020877
0.7763998
0.83578503
0.91113937
0.69391096
0.87615764
0.92506397
0.91992587
0.7486308
0.8537694
0.8528076
0.9182599
0.76717585
0.86043
0.80019325
0.8463315
0.56571054
0.8977707
0.92364085
0.73286647
0.95620644
0.85299397
0.850873
0.88359785
0.8368296
0.9467963
0.8397453
0.9179564
0.9221973
0.91413534
0.9377821
0.841922
0.76367694
0.870039
0.9071189
0.8681461
0.82543266
0.97733337
0.9570273
0.9632343
0.87892973
0.8401512
0.95001495
0.7700276
0.8674803
0.8256892
0.9031979
0.6886661
0.9157305
0.82716596
0.8201046
0.9216138
0.8794995
0.83819264
0.8849992
0.78259057
0.94272715
0.7960949
0.75513697
0.64506817
0.7933756
0.9756885
0.9632861
0.8708175
0.84150004
0.6610985
0.74677944
0.5451999
0.7511722
0.8613618
0.94469506
0.870571
0.86143124
0.85558337
0.85472685
0.9422823
0.85121644
0.84389687
0.8605708
0.6404485
0.8266246
0.8529391
0.8243689
0.69492495
0.8643522
0.8463578
0.72082996
0.80287206
0.8785982
0.89988136
0.90610707
0.9012137
0.7116581
0.8375665
0.8558518
0.87104815
0.9086442
0.8387164
0.8842943
0.7924538
0.86586964
0.9027018
0.84493303
0.8854336
0.64770174
0.84251255
0.86216354
0.90666145
0.8420467
0.88049847
0.8226326
0.8103649
0.949669
0.82383335
0.8778136
0.6669066
0.7944296
0.81777054
0.7943854
0.811455
0.9097467
0.8520404
0.85050017
0.6361554
0.8774358
0.78191113
0.7622435
0.85994387
0.88819987
0.9755893
0.9182745
0.9066054
0.9331311
0.8415803
0.9087336
0.95090514
0.7786875
0.9159188
0.7397934
0.9529806
0.91200274
0.8380098
0.8272564
0.82099247
0.8084883
0.705508
0.83555436
0.9442246
0.8685824
0.8606561
0.87831235
0.87909687
0.6513058
0.934723
0.8210849
0.9096866
0.96535635
0.5022439
0.87545574
0.91349
0.92535317
0.82587963
0.9288957
0.737982
0.7212373
0.8677997
0.82754916
0.8270569
0.8336612
0.8966602
0.8959551
0.8782461
0.835006
0.8593415
0.7913125
0.92103916
0.7482845
0.686512
0.71038675
0.97012436
0.9203558
0.7251134
0.7726902
0.93580353
0.8510486
0.8856919
0.83422834
0.9411613
0.8502841
0.69588494
0.8411087
0.7390254
0.96606016
0.87184405
0.8628441
0.96825767
0.80589306
0.827919
0.826271
0.7545673
0.7650081
0.91337997
0.94475627
0.9346361
0.93868893
0.8473656
0.88681585
0.91108614
0.92525417
0.8699816
0.9548848
0.7811247
0.79958457
0.860551
0.94694453
0.93621695
0.803168
0.76436543
0.8865961
0.8810998
0.9412426
0.93092835
0.8604842
0.7878531
0.8447859
0.9425388
0.8724655
0.7608712
0.8067985
0.9507478
0.8621452
0.9484596
0.78600526
0.86704427
0.86658037
0.72705096
0.9572002
0.8831016
0.88504696
0.9135918
0.8557955
0.94292724
0.9222489
0.90541506
0.80146086
0.49871165
0.89605975
0.9373134
0.8305338
0.8816653
0.81441087
0.75362927
0.6996826
0.82666403
0.8089125
0.84719676
0.77711946
0.8541202
0.7075538
0.91375923
0.910811
0.92665905
0.868163
0.91261804
0.8922475
0.8594085
0.7938949
0.9257514
0.8303362
0.6695162
0.8511567
0.90136653
0.85088253
0.7118955
0.83265895
0.86755
0.7352292
0.71234274
0.8908961
0.73212445
0.8391659
0.8295668
0.9348934
0.85873795
0.91888946
0.8464638
0.8445031
0.8067571
0.7301676
0.78552467
0.9546907
0.8877486
0.9538293
0.80577636
0.7934031
0.8968893
0.8360548
0.81674945
0.8866338
0.9708852
0.6460091
0.9231541
0.8385861
0.6998472
0.79807836
0.8398471
0.765017
0.87369454
0.9502568
0.9564715
0.89129764
0.8511
0.81906253
0.95941615
0.8488524
0.659781
0.91314274
0.88921154
0.7516079
0.5833084
0.93056166
0.91875046
0.77759576
0.7510531
0.87567604
0.95099163
0.8473009
0.67832875
0.8163754
0.8366767
0.89929086
0.94251287
0.8294766
0.7956006
0.89943016
0.87356913
0.8980446
0.81626403
0.6427128
0.83412105
0.89924383
0.76895934
0.91345423
0.893366
0.89263695
0.93630534
0.9272385
0.7795809
0.8132744
0.73704344
0.8933632
0.9112572
0.9522307
0.7649477
0.7911955
0.7902795
0.924295
0.923454
0.8342079
0.91549224
0.8535349
0.7757081
0.81535834
0.8963202
0.8922914
0.86190647
0.7981472
0.87584156
0.86807835
0.7428471
0.91768324
0.92923313
0.861272
0.9179746
0.8892528
0.49678564
0.8844715
0.890843
0.7214797
0.861923
0.9039664
0.867416
0.9113592
0.8207999
0.81896627
0.7458093
0.7425365
0.83935654
0.8772336
0.89546674
0.9287542
0.531527
0.80841744
0.7363784
0.9085528
0.9579611
0.91067076
0.9275327
0.92003244
0.72943115
0.80534697
0.85864776
0.8932821
0.9231982
0.8384307
0.6215562
0.8579069
0.83464766
0.7903532
0.8894018
0.7377972
0.91997564
0.9353124
0.92774427
0.8858252
0.9049155
0.8008454
0.67362356
0.93347126
0.93576044
0.93779033
0.830105
0.87090975
0.72933763
0.7712194
0.7932268
0.8649326
0.8640666
0.78082573
0.89401674
0.9624058
0.7052013
0.8455072
0.7771955
0.8650378
0.92212784
0.70108926
0.97056526
0.6557313
0.83502626
0.9517001
0.9117108
0.7282115
0.7386672
0.94460636
0.8931899
0.81572884
0.90018857
0.85053796
0.8848805
0.9278325
0.92800236
0.95060974
0.9007888
0.8193038
0.65075076
0.8294008
0.8974438
0.77478635
0.8487336
0.90962994
0.85861635
0.88393164
0.83192676
0.88672364
0.76442325
0.819433
0.7600055
0.80603695
0.9170487
0.7719812
0.857885
0.6980196
0.9754367
0.8171499
0.7537363
0.83243006
0.9363922
0.7713192
0.85325056
0.75777215
0.77982277
0.82579315
0.81609666
0.9580478
0.9437553
0.6421516
0.9552788
0.89591277
0.8274028
0.9270371
0.8890937
0.63331646
0.77829033
0.8805377
0.81981647
0.9200485
0.93120366
0.9469088
0.8368067
0.91956156
0.777775
0.8177389
0.807931
0.7622637
0.9481174
0.7838033
0.72061807
0.7735975
0.84459895
0.85373735
0.80007136
0.9449033
0.8636593
0.89886075
0.93052816
0.89677477
0.7181951
0.9243699
0.9782356
0.9174446
0.84595925
0.8410499
0.7634711
0.913554
0.83145994
0.949193
0.95036846
0.8629854
0.92436665
0.9319078
0.85005534
0.86008483
0.8212323
0.7347601
0.73969585
0.85468584
0.8747472
0.90374976
0.9467824
0.86150116
0.7604134
0.9412633
0.856203
0.95028424
0.86410034
0.81818455
0.91267383
0.8789455
0.6960437
0.7702997
0.8134238
0.85022324
0.71982765
0.88220334
0.9542413
0.82478595
0.86130947
0.92895234
0.7430057
0.90200317
0.7060702
0.86077344
0.7872952
0.86084306
0.90321577
0.9042781
0.7100782
0.67642796
0.82154095
0.80178785
0.8885719
0.94166714
0.8673268
0.8396942
0.9583672
0.9105975
0.87008923
0.9144936
0.9186996
0.7895739
0.8014146
0.611863
0.9228625
0.7650897
0.6302624
0.8148242
0.95789754
0.7981177
0.637484
0.7739066
0.7750221
0.81867355
0.7862972
0.7650824
0.9088173
0.9092127
0.9098321
0.84130573
0.67894083
0.8785322
0.768615
0.9001156
0.89754033
0.84861064
0.9540446
0.8215194
0.88860315
0.8965295
0.91964436
0.89735997
0.743702
0.88168645
0.92386854
0.88969207
0.7914876
0.84963924
0.7435743
0.8442307
0.6078637
0.8885783
0.86726546
0.8402019
0.9407192
0.90596
0.88382983
0.82703763
0.686821
0.8731336
0.7545198
0.9456475
0.87796205
0.9251454
0.86368734
0.95018965
0.87963974
0.9649298
0.8855827
0.82891655
0.8829398
0.85569245
0.9063246
0.6979848
0.90219784
0.8038324
0.8910424
0.90149146
0.89895236
0.7392453
0.7098189
0.8478586
0.80880874
0.84130585
0.9259203
0.71091306
0.8777723
0.8482435
0.8651919
0.8523393
0.6282687
0.85130435
0.8964643
0.8914413
0.8624084
0.9024168
0.87386405
0.69885254
0.9078068
0.93608767
0.9677541
0.81830376
0.88120615
0.91071784
0.9146913
0.8324205
0.87333393
0.92581487
0.89250946
0.809662
0.73345464
0.87554157
0.80567646
0.841475
0.92259103
0.94970363
0.72433347
0.9288364
0.7551313
0.7712113
0.8940935
0.8705396
0.87692475
0.925193
0.86636543
0.86149764
0.9029377
0.9332516
0.8493238
0.93399626
0.8966937
0.81306946
0.9104456
0.85422236
0.94625825
0.8536587
0.7005067
0.9172647
0.6860234
0.90363693
0.94468
0.932767
0.8108579
0.7917103
0.4631152
0.9043736
0.7594645
0.8500018
0.9188281
0.7491111
0.7703501
0.8888911
0.94286746
0.77879936
0.8254197
0.5287188
0.6601267
0.95621765
0.8811852
0.94986343
0.9408912
0.7220338
0.7044733
0.8978997
0.8618107
0.8140005
0.73826355
0.6786423
0.91464466
0.8565048
0.8102999
0.912549
0.8722464
0.882665
0.9249269
0.7100939
0.830939
0.96526676
0.9486084
0.8308824
0.93029916
0.9414833
0.84437543
0.92342806
0.90491927
0.907158
0.935076
0.8434603
0.9237436
0.8373061
0.88923454
0.71467143
0.8909086
0.9041151
0.96790206
0.6792851
0.97913384
0.661642
0.74158394
0.67882526
0.84351945
0.74635327
0.85982686
0.60189193
0.87131333
0.9169978
0.8869037
0.83182526
0.8357802
0.8887475
0.90999734
0.89436895
0.68864757
0.9705809
0.9508643
0.9140432
0.6500373
0.84661347
0.94877815
0.8609384
0.7576941
0.87906253
0.67958593
0.92401755
0.87506455
0.80217016
0.9158479
0.8715054
0.97721064
0.8770796
0.7423765
0.79640853
0.95711005
0.794388
0.93016475
0.9084656
0.52437925
0.7804627
0.73498946
0.95135504
0.9106602
0.79252326
0.9610461
0.78079146
0.7831946
0.8870276
0.74115777
0.8882619
0.8947274
0.8808185
0.8319342
0.8441666
0.79678893
0.95968354
0.71917564
0.93881863
0.7623169
0.69016623
0.8722615
0.7385273
0.83938795
0.8502503
0.8400821
0.8501324
0.506783
0.8164639
0.96464914
0.8750286
0.6954611
0.85881376
0.8376616
0.90683484
0.777315
0.86326325
0.73809737
0.952369
0.78419536
0.8294331
0.92636
0.8298194
0.85537267
0.8875543
0.71280754
0.79130745
0.8662772
0.81138647
0.9478413
0.8197909
0.82653034
0.8769597
0.8882891
0.51038206
0.8468938
0.8396384
0.8230747
0.8947504
0.8954513
0.9230845
0.7389772
0.80364716
0.9469911
0.7390743
0.8141605
0.93915886
0.75865716
0.8868242
0.8617791
0.7365979
0.75749
0.7291061
0.87858427
0.54610246
0.7780517
0.78149974
0.9146388
0.85842
0.90440536
0.90902615
0.58185333
0.95722985
0.86058956
0.8338727
0.8848774
0.8955165
0.6868511
0.9040101
0.690976
0.91316485
0.8532522
0.8742002
0.8656405
0.8531124
0.88592005
0.83090943
0.8436515
0.92377514
0.8733107
0.9547484
0.829128
0.7591894
0.89615494
0.9454753
0.82695895
0.8531128
0.872439
0.8739579
0.89553803
0.89128435
0.87528706
0.9074607
0.9474508
0.8366893
0.7972738
0.8911674
0.8169613
0.8055843
0.9002008
0.92138517
0.805427
0.78651804
0.8031919
0.7589157
0.72711575
0.7588024
0.85732645
0.93060803
0.94592184
0.8487599
0.95238525
0.8326739
0.8573165
0.7591447
0.7151884
0.84197664
0.95633376
0.8573183
0.789977
0.83148146
0.795806
0.9194909
0.79367334
0.8531134
0.78078043
0.8900899
0.7955593
0.85960764
0.69848543
0.91072077
0.6370817
0.86117387
0.9411845
0.9049337
0.81398815
0.79111874
0.81552875
0.8936856
0.91727984
0.8940367
0.9229704
0.8548495
0.693603
0.77784574
0.8667429
0.8614769
0.88704425
0.8115869
0.886654
0.853091
0.9538093
0.8334752
0.7839794
0.7998285
0.9451151
0.8645141
0.7959571
0.77824914
0.81113493
0.6868508
0.89278066
0.8883893
0.8622337
0.86093783
0.94566584
0.9051677
0.7898549
0.88777846
0.8950833
0.77216464
0.78847563
0.95808005
0.9355527
0.8690529
0.8448262
0.75556123
0.61571777
0.82623374
0.8167307
0.82885176
0.6385467
0.9352875
0.61228
0.82528573
0.85287994
0.90820295
0.89779526
0.8203186
0.8777665
0.7814178
0.8434159
0.91624165
0.76625395
0.8442312
0.828322
0.959728
0.56255555
0.86727434
0.83565515
0.9095618
0.6753404
0.96017665
0.82057244
0.90255797
0.8822176
0.9565754
0.8476888
0.8559966
0.85249925
0.8640039
0.60254323
0.7127579
0.7025313
0.8346435
0.9754605
0.93293613
0.65478134
0.9627396
0.9102603
0.84542876
0.8608404
0.9513466
0.8714423
0.9039697
0.71285295
0.9352957
0.8354875
0.79504097
0.7911469
0.9070149
0.7086271
0.953838
0.9167085
0.86006874
0.7569903
0.7835898
0.6950985
0.9086631
0.8377567
0.8875312
0.848025
0.81147796
0.7441383
0.81776047
0.7116908
0.8542736
0.8602447
0.8399915
0.51870364
0.8821048
0.7755925
0.9021874
0.7758949
0.80074954
0.8926213
0.87757814
0.8436968
0.8030288
0.88765043
0.81071734
0.87065345
0.9408709
0.8826058
0.78893167
0.86388546
0.8597606
0.64473784
0.88315094
0.755331
0.8840447
0.89038336
0.91892695
0.951645
0.8451749
0.86717063
0.74514
0.9189894
0.9421401
0.7468944
0.7179902
0.81712985
0.8030195
0.92193216
0.8307471
0.85960907
0.89604807
0.70712274
0.86365557
0.87160695
0.8681715
0.8253048
0.84102434
0.8410183
0.87112284
0.81990427
0.62251323
0.827483
0.87896514
0.8821538
0.74437076
0.9044677
0.839311
0.90460825
0.8706444
0.8578329
0.8038175
0.91890204
0.97042584
0.88117373
0.81723857
0.74265605
0.8523663
0.88869774
0.87612396
0.9613198
0.8234995
0.75581956
0.89037025
0.89740086
0.88741964
0.87070477
0.8478724
0.7560089
0.86973834
0.88233465
0.8867591
0.9445127
0.85328656
0.9738593
0.9375366
0.919641
0.81666136
0.82052463
0.917654
0.8533273
0.8408218
0.71399766
0.91667175
0.8215529
0.76628
0.83784395
0.8942342
0.915535
0.84081924
0.88624966
0.9434921
0.89046115
0.9179138
0.64287865
0.9275531
0.6873326
0.8579513
0.7674641
0.9101869
0.9154134
0.9000996
0.9219342
0.88234234
0.92429686
0.77252346
0.8607639
0.65677255
0.7609008
0.9032501
0.84468263
0.70194423
0.86754435
0.8653687
0.8663889
0.81596845
0.9485929
0.68111676
0.8903202
0.92894995
0.9149154
0.86948884
0.77739567
0.7909149
0.9534272
0.85866565
0.9103725
0.6986432
0.94559634
0.91802496
0.87985235
0.8661275
0.86766446
0.8866825
0.89196587
0.8393356
0.8607501
0.91160256
0.7981862
0.9544063
0.8730067
0.7492345
0.8515478
0.7313569
0.8438966
0.8553532
0.71245646
0.88685095
0.77926826
0.8477416
0.9570905
0.6900301
0.89158374
0.9649687
0.7456911
0.84512794
0.7454357
0.71498096
0.8972603
0.843415
0.8895536
0.88946044
0.8527502
0.86634505
0.8574625
0.86632514
0.8069803
0.8393737
0.8863859
0.85173
0.8502218
0.8782233
0.7994697
0.7883083
0.6234512
0.92536074
0.7727525
0.8410996
0.6557951
0.7586504
0.94837797
0.88463473
0.9254972
0.95237005
0.9746012
0.7639207
0.7441906
0.9268728
0.7304166
0.83114564
0.949007
0.84386
0.9298425
0.91229665
0.8796595
0.8748579
0.9064348
0.87214154
0.8534601
0.8515822
0.9493926
0.91430116
0.5669204
0.8086163
0.9592303
0.95519733
0.90009534
0.7743401
0.86703265
0.88366884
0.9462837
0.9332698
0.9099942
0.69133645
0.69401765
0.9398004
0.9144581
0.8328252
0.938252
0.8676634
0.8869986
0.756945
0.7551258
0.87420833
0.8006738
0.75927866
0.76735157
0.6723826
0.93768096
0.5367006
0.9012585
0.8585205
0.90111655
0.670445
0.9494896
0.8985308
0.7906594
0.780497
0.89906776
0.8740856
0.6820992
0.9527358
0.9522668
0.7843082
0.9642472
0.82566726
0.6557555
0.9497397
0.7533004
0.8071499
0.92165196
0.93411744
0.92431605
0.94075537
0.8267137
0.92489004
0.9365252
0.94039387
0.8375971
0.91320574
0.79917693
0.87750936
0.95788026
0.90675133
0.7240813
0.88246894
0.91335195
0.7773428
0.8935383
0.89118546
0.80436546
0.9201832
0.7209275
0.86364216
0.8251485
0.9699857
0.93048775
0.82334393
0.9326314
0.7822092
0.78217864
0.9151202
0.9141029
0.856858
0.9585648
0.93279296
0.84097666
0.9415
0.8729033
0.9199484
0.8009253
0.8989141
0.89717746
0.7740589
0.6433077
0.7626065
0.892193
0.66760397
0.7022227
0.8612871
0.62073
0.76576537
0.81066334
0.8827436
0.7559689
0.91831756
0.8808499
0.7514493
0.9489188
0.87100047
0.5258238
0.8236675
0.8185893
0.8520136
0.9673887
0.7371901
0.8874413
0.95691884
0.939889
0.8164458
0.8370596
0.8102991
0.6778227
0.9006834
0.91483045
0.70626926
0.76340866
0.7697336
0.7016594
0.88023436
0.94827694
0.88387847
0.8601197
0.7467978
0.91721284
0.92220217
0.86861795
0.88619834
0.5672582
0.7855863
0.90569186
0.9024829
0.8911573
0.8074652
0.70415854
0.8088662
0.795455
0.89627635
0.9298705
0.8822839
0.9147916
0.9402732
0.74044585
0.7589184
0.89803785
0.8099177
0.88528806
0.9007677
0.89089835
0.81427
0.84052926
0.8849254
0.8573258
0.8625442
0.8456454
0.900142
0.97696173
0.6907215
0.92635226
0.8989116
0.84746987
0.7871804
0.87186444
0.9402525
0.8586808
0.8123168
0.8576571
0.8234972
0.80845743
0.85124975
0.69150996
0.822441
0.91577893
0.93160474
0.86821485
0.7340101
0.8939549
0.837271
0.9094339
0.9113854
0.8843439
0.9192083
0.91302764
0.9434636
0.8643939
0.8861586
0.6881219
0.9340228
0.8752593
0.77424157
0.84367436
0.87391824
0.8786675
0.8098523
0.7954136
0.89518
0.8625511
0.9276319
0.86302304
0.84044397
0.9289187
0.7809821
0.7500824
0.8320384
0.93939495
0.8496621
0.9026116
0.90881556
0.9708272
0.7582539
0.93640274
0.8350806
0.8597889
0.7684053
0.94137347
0.3423741
0.8920271
0.9010696
0.84392464
0.90753627
0.9001715
0.9086237
0.89639276
0.7752402
0.90197617
0.9086946
0.87782586
0.9055783
0.7269492
0.8139853
0.7392694
0.8046795
0.8023757
0.88239855
0.71701175
0.8672564
0.8757148
0.7061433
0.8715234
0.9250443
0.95875907
0.8633746
0.9224826
0.7742998
0.81505764
0.9458999
0.88353896
0.80383074
0.87595767
0.89922655
0.9502248
0.81174546
0.9727723
0.92830133
0.8745594
0.88472116
0.91108507
0.83365345
0.95086265
0.9325329
0.922697
0.8870841
0.9208304
0.8751131
0.87858874
0.755416
0.7250587
0.94925714
0.8591733
0.9219495
0.94560957
0.9451288
0.3302809
0.9192275
0.94752085
0.9617475
0.86698294
0.8366253
0.74804145
0.8890257
0.9375683
0.9760369
0.7190467
0.72954434
0.82780993
0.794183
0.8167107
0.72895664
0.8084927
0.8085978
0.88705933
0.7181941
0.85051686
0.8695594
0.9095225
0.847557
0.84433186
0.7486546
0.80417037
0.9189124
0.9308331
0.9602071
0.8988889
0.8808415
0.8504228
0.9183128
0.8573656
0.8670085
0.9265759
0.8577992
0.81486297
0.92865324
0.75536644
0.9309012
0.91886723
0.8224484
0.6776529
0.835976
0.91186
0.7916204
0.8469651
0.71567714
0.7202037
0.687777
0.9572818
0.7553347
0.7706727
0.90238965
0.8587847
0.92284894
0.8289979
0.8768078
0.9066651
0.8798002
0.82630765
0.7597198
0.8137795
0.89978033
0.94658494
0.8433901
0.69077015
0.9488682
0.8631577
0.87903273
0.9428402
0.91084826
0.9120365
0.95900893
0.94535637
0.9310806
0.90250695
0.80584544
0.82488084
0.7104167
0.8998702
0.5980167
0.87813115
0.9219357
0.86087036
0.76414
0.90987015
0.91577107
0.97492236
0.8463931
0.80404884
0.9191636
0.8370206
0.8921566
0.8601529
0.8345848
0.9150172
0.77010894
0.8585337
0.707302
0.92052436
0.88755417
0.7730771
0.83138436
0.93795776
0.38535482
0.9056227
0.93338114
0.7331191
0.9318022
0.86522156
0.81080735
0.9165634
0.88951004
0.84491897
0.89168733
0.84594184
0.88312393
0.8406499
0.8642871
0.77947384
0.90581375
0.8229928
0.8204856
0.575149
0.87156427
0.8843732
0.94432014
0.7645652
0.80303204
0.8757917
0.9377288
0.71784407
0.8837264
0.6869347
0.94799876
0.8712354
0.91883403
0.89392585
0.8986903
0.72106284
0.88787967
0.768211
0.8931012
0.5217423
0.91815406
0.8752954
0.8461687
0.8944314
0.9189864
0.8254843
0.91956013
0.8122926
0.8474269
0.82363343
0.8342443
0.82837254
0.8221203
0.61287975
0.82042617
0.8039948
0.96872246
0.839115
0.9350477
0.76622057
0.9251363
0.82461035
0.887223
0.97180074
0.84336174
0.87151945
0.9046378
0.84041387
0.9398122
0.91611785
0.72078556
0.83062625
0.921452
0.80072016
0.8988244
0.6774153
0.84054
0.6982421
0.80879223
0.95163226
0.89196754
0.9360568
0.7869973
0.8190946
0.9031018
0.92372483
0.7806898
0.61246574
0.7066878
0.54198146
0.88732475
0.7548609
0.846865
0.8849292
0.80033946
0.896675
0.85593003
0.79439586
0.7421745
0.8716335
0.7454921
0.8366079
0.8907019
0.83044064
0.90496963
0.9240881
0.77687055
0.6505411
0.9400411
0.97427696
0.85817885
0.87646884
0.91220915
0.94104916
0.8978806
0.7052028
0.8364659
0.8595537
0.87804425
0.9552604
0.7365696
0.8298991
0.7856388
0.9598598
0.88743615
0.8333286
0.7125202
0.71951544
0.9073784
0.9438081
0.7043228
0.8276139
0.8137611
0.8995064
0.76189446
0.89964026
0.77043664
0.919235
0.92747927
0.8066133
0.9149136
0.8853511
0.8886033
0.7342167
0.71332836
0.8705179
0.8749894
0.88254464
0.71497995
0.840799
0.83400863
0.9453839
0.8312463
0.8955703
0.8739723
0.74115837
0.7311025
0.6659862
0.6235007
0.96497095
0.76069754
0.9011673
0.9029332
0.91215706
0.9305564
0.8116705
0.75952715
0.6102034
0.89896584
0.73270005
0.82560134
0.87027484
0.88509357
0.7754561
0.6267613
0.8184906
0.7911097
0.9156351
0.85762805
0.8004613
0.85416275
0.94069326
0.8650764
0.94140875
0.77734286
0.94085777
0.942701
0.6729169
0.77295005
0.9187151
0.87227774
0.93439364
0.9365732
0.950195
0.85779256
0.8890965
0.78401744
0.82320666
0.87869793
0.94476783
0.91235507
0.700423
0.8250848
0.8096544
0.8637478
0.84479314
0.7008281
0.7616064
0.8590175
0.7600966
0.88031054
0.7514084
0.85978025
0.8314985
0.72603226
0.86788964
0.85372084
0.86312807
0.8706429
0.83182883
0.77569795
0.8965976
0.88018954
0.94040984
0.8232785
0.9380132
0.85710824
0.81297755
0.8540436
0.94727653
0.9230397
0.7729589
0.9295293
0.9127159
0.7921741
0.82655215
0.91519076
0.94920075
0.88604903
0.9549162
0.9475223
0.8844458
0.8702966
0.8600582
0.8088576
0.86925316
0.7443183
0.6850105
0.9006189
0.8188593
0.7769502
0.6187129
0.9010046
0.49982062
0.8560798
0.8651918
0.96072584
0.887125
0.80539906
0.9107996
0.8217557
0.66120136
0.9261782
0.7217137
0.84829146
0.9257443
0.8243108
0.61674875
0.8417006
0.65553343
0.81098235
0.92179114
0.7620467
0.7272873
0.8704487
0.7804874
0.6729368
0.7101745
0.90361774
0.6925172
0.75587416
0.9016898
0.9231331
0.9305734
0.9074255
0.9141332
0.8251867
0.8671909
0.87123543
0.7140623
0.93203264
0.8862411
0.88824075
0.5779497
0.8738151
0.87536114
0.57867485
0.8035934
0.8479132
0.9660708
0.88265085
0.88180983
0.8862132
0.9152709
0.83081365
0.7416207
0.9129964
0.6147652
0.95096105
0.9127109
0.8644967
0.785434
0.9412877
0.6666678
0.8993694
0.8617134
0.8763643
0.94087076
0.8780808
0.9266184
0.82790077
0.95314586
0.83878756
0.81105006
0.87914044
0.9165886
0.59410244
0.7603233
0.73810446
0.8446247
0.8708373
0.83364975
0.6965342
0.7287879
0.8867006
0.72537
0.9152071
0.8594952
0.9280209
0.89199305
0.8112131
0.9201609
0.91068774
0.8734584
0.7967169
0.8891703
0.8724267
0.81035346
0.7214568
0.6614109
0.82781756
0.9273615
0.88896155
0.8821357
0.82084334
0.8316723
0.92482257
0.9328001
0.78457654
0.7904583
0.895318
0.9569062
0.8801446
0.9158846
0.7096482
0.86229205
0.65337574
0.9653676
0.6342188
0.87223285
0.8720929
0.8979297
0.8932189
0.76683897
0.86673224
0.83118236
0.912011
0.9543402
0.9281518
0.92493963
0.8048984
0.9465453
0.9252782
0.8060763
0.9612677
0.83036137
0.9034159
0.88374716
0.75829005
0.923118
0.6932125
0.9408579
0.920094
0.84548855
0.8324323
0.83526677
0.8644286
0.6068392
0.830011
0.8541212
0.8607783
0.84179413
0.7963376
0.748588
0.81865823
0.9133685
0.75382143
0.96496725
0.89543635
0.72875077
0.88820153
0.86567193
0.7428019
0.8682564
0.8101554
0.8060977
0.79620105
0.90353703
0.4944183
0.84944963
0.8014248
0.83270997
0.8545371
0.81220126
0.9326228
0.6939935
0.9404304
0.89276314
0.84929687
0.9251841
0.858188
0.9414537
0.78850996
0.91453665
0.81424636
0.7624739
0.8255201
0.8275392
0.78848034
0.916147
0.85715485
0.8878873
0.74565804
0.8626338
0.923731
0.92865777
0.8910272
0.8702201
0.89510024
0.77452266
0.7783115
0.7799556
0.9306688
0.92373157
0.8460281
0.64794517
0.882661
0.9515357
0.58255273
0.6666778
0.77606905
0.8674843
0.75528014
0.9236506
0.732375
0.89816064
0.7619506
0.9439407
0.80615586
0.9417826
0.8922228
0.7001292
0.91271937
0.9528743
0.8311728
0.8192566
0.8329606
0.9171269
0.91416293
0.63040435
0.8542805
0.94682854
0.8252118
0.79831576
0.87512934
0.8466416
0.8092658
0.88560474
0.7970411
0.6901381
0.87106836
0.888422
0.8698026
0.94061863
0.8105349
0.96256787
0.89267427
0.884912
0.74790263
0.9667528
0.8218019
0.9322035
0.86180335
0.83348274
0.9537212
0.8263967
0.910262
0.88289
0.9125715
0.826272
0.70586246
0.8606378
0.9042957
0.8770403
0.88496673
0.87724674
0.9296721
0.9119916
0.62374777
0.76656723
0.8455988
0.9164086
0.9304736
0.8261508
0.915339
0.7618387
0.9247626
0.8293902
0.92690563
0.7537312
0.8334749
0.87072486
0.8449381
0.8496697
0.8486071
0.9180094
0.7092572
0.9626045
0.93720603
0.94455814
0.80934215
0.9316205
0.8569799
0.82003784
0.90035105
0.77466446
0.9072943
0.91994476
0.81192845
0.9385855
0.92057395
0.93298125
0.8551468
0.7964107
0.94340795
0.7818678
0.8733366
0.8379814
0.8555801
0.8744075
0.8635521
0.7678344
0.7903663
0.87025654
0.89275444
0.5933041
0.9336162
0.9446472
0.9709017
0.8521012
0.93457055
0.8329008
0.9067714
0.8318496
0.7980746
0.7948328
0.808312
0.88419867
0.92348903
0.70331013
0.90310323
0.957018
0.8535899
0.58096063
0.88075346
0.7709161
0.92292804
0.80465573
0.91508996
0.8259286
0.9214332
0.8843512
0.7862428
0.8647014
0.8510923
0.93332285
0.9367298
0.7766483
0.78442
0.7800925
0.75656796
0.7733299
0.87688166
0.9021545
0.90319884
0.7553716
0.8827967
0.9178886
0.82938564
0.73980165
0.8431231
0.78495383
0.7665643
0.9229888
0.662464
0.92283106
0.8495241
0.9510974
0.8690669
0.88293415
0.88704723
0.8779871
0.86804205
0.9069751
0.81259817
0.89181757
0.68475866
0.84919065
0.8074076
0.90351087
0.9222057
0.92969716
0.912811
0.92891264
0.95559245
0.77967054
0.9454902
0.92745066
0.78996897
0.9261704
0.9359729
0.9115739
0.9591455
0.8892135
0.9498242
0.85751987
0.8394032
0.8486305
0.9345454
0.73743016
0.82390213
0.89107037
0.8117995
0.88644904
0.68217504
0.84607565
0.9352749
0.7436578
0.7259424
0.93049145
0.79944384
0.815789
0.928868
0.764664
0.7650112
0.88337946
0.9037031
0.74019146
0.8587855
0.91404855
0.9012805
0.83641845
0.9516317
0.9036039
0.90926635
0.88407093
0.9255401
0.92458093
0.7520601
0.85282016
0.9449102
0.8597215
0.8892125
0.9687387
0.9034145
0.9138215
0.82332647
0.83438754
0.7974355
0.9613737
0.8506535
0.9254839
0.9135068
0.9393768
0.9077308
0.7894008
0.885827
0.92283994
0.8849064
0.912014
0.87369084
0.77327716
0.88043606
0.72900254
0.8262187
0.83724505
0.8402523
0.9297084
0.8721881
0.8807554
0.8776363
0.6817417
0.7757504
0.85137516
0.7973179
0.7817309
0.8751163
0.7025879
0.8463283
0.967841
0.9257455
0.8688667
0.7906308
0.9197724
0.88396996
0.74166656
0.90578955
0.6984482
0.82366663
0.56057143
0.8862962
0.93939316
0.823286
0.8092692
0.8980543
0.7233042
0.8660195
0.78203195
0.85873324
0.91700375
0.95474386
0.9129453
0.91600823
0.907616
0.79802346
0.89718014
0.9340595
0.87528706
0.9466773
0.9420477
0.9120431
0.91108936
0.9545162
0.73670506
0.7482417
0.85625553
0.8447938
0.85716236
0.82500374
0.8147141
0.82775277
0.8633714
0.83005786
0.887241
0.8220071
0.9121512
0.9656435
0.9178784
0.84369504
0.91709805
0.630018
0.9255719
0.90941495
0.7289693
0.42280138
0.89227176
0.90395325
0.9514222
0.76412994
0.8269945
0.9050677
0.73101294
0.86507326
0.66590106
0.7738379
0.79911935
0.8562624
0.8024454
0.93478715
0.69138664
0.7892166
0.85152096
0.86430335
0.93723756
0.8995123
0.90226066
0.9191973
0.7981233
0.82947373
0.9117234
0.92762464
0.91792214
0.79276353
0.86614776
0.8419691
0.61798465
0.9528464
0.88047093
0.70098716
0.73816615
0.8583424
0.7243546
0.73383164
0.88657
0.79877347
0.95954794
0.8340937
0.9189033
0.7257156
0.9462144
0.86347723
0.8942764
0.75762236
0.8867249
0.8381765
0.9378228
0.83181065
0.88796496
0.79300946
0.8609799
0.85868937
0.8457805
0.89339495
0.9057212
0.7846639
0.9421121
0.85087156
0.7854013
0.9209905
0.78549707
0.9283107
0.9271153
0.90762436
0.83991206
0.8207598
0.76060927
0.75751454
0.82930785
0.7309379
0.85822916
0.7861396
0.91752964
0.8466698
0.80302376
0.92902046
0.791481
0.9044082
0.58695257
0.71810716
0.9053434
0.9283123
0.8481924
0.8657025
0.9450593
0.789403
0.8624428
0.76558733
0.8182923
0.9363153
0.79823035
0.9587172
0.9731411
0.84980464
0.64114374
0.81120455
0.91673905
0.8716302
0.7246984
0.86143845
0.9111326
0.9419833
0.9133262
0.93793446
0.7739744
0.872918
0.79137254
0.9185823
0.93592596
0.9079526
0.8506737
0.77075195
0.863423
0.94426924
0.858768
0.89527774
0.9309496
0.86868685
0.9011832
0.85222137
0.868031
0.59286916
0.9057915
0.78765583
0.44114608
0.80114895
0.59962547
0.9575664
0.8931774
0.890678
0.79855496
0.8702323
0.83303165
0.9144756
0.89719015
0.90300643
0.95818734
0.90215147
0.71891934
0.95672166
0.91732335
0.9539786
0.7005034
0.88862777
0.8535064
0.90574336
0.8569803
0.87443495
0.9389016
0.93207604
0.91379756
0.9146315
0.8677596
0.8912125
0.93522155
0.85871303
0.3526726
0.7172766
0.42010236
0.9030162
0.67573726
0.7779672
0.8813042
0.93317854
0.9404033
0.93802017
0.88495946
0.93992126
0.6776244
0.7273256
0.89426017
0.90992117
0.9512332
0.5689934
0.89742386
0.6133562
0.7196871
0.95998937
0.9059505
0.8413462
0.8487276
0.83053815
0.9198786
0.8384158
0.9011398
0.8557962
0.9006714
0.94036376
0.8308977
0.84835714
0.84947354
0.90525144
0.78032887
0.8136177
0.8567926
0.87832034
0.88534373
0.94491726
0.9644755
0.901629
0.70432967
0.81969017
0.9153371
0.85354877
0.9598693
0.7171551
0.8679197
0.801105
0.75716054
0.9099003
0.7421365
0.9378146
0.6067425
0.8938626
0.8311896
0.8489817
0.95470333
0.8681803
0.73564506
0.9327644
0.81728256
0.7944385
0.7887677
0.88399845
0.8014571
0.9398304
0.7982546
0.9509803
0.8818528
0.7630762
0.91673887
0.89442223
0.7672873
0.8132397
0.7041852
0.8708742
0.90160614
0.9311808
0.85770226
0.7390444
0.59163636
0.7531147
0.8168338
0.7716924
0.94670296
0.87055725
0.7884917
0.781492
0.82540613
0.8625286
0.9745682
0.92553246
0.8614364
0.9145561
0.89098763
0.9587752
0.59632736
0.94832504
0.74508715
0.67018306
0.78417146
0.8735337
0.9338862
0.66639584
0.9439347
0.77645665
0.8240786
0.89459974
0.6897369
0.8180196
0.949634
0.7717383
0.8966166
0.8255049
0.9171244
0.9102291
0.795864
0.86886716
0.7923591
0.79237574
0.7826021
0.93882287
0.8703309
0.5983999
0.8597515
0.9284142
0.7738488
0.73433614
0.5786488
0.69601
0.9362467
0.7020764
0.8574508
0.89742136
0.5264113
0.73890954
0.9604342
0.8312015
0.70372236
0.63253504
0.94499356
0.7870853
0.76354533
0.8335452
0.68647647
0.94331837
0.8684312
0.9106319
0.69164807
0.9374793
0.868739
0.83816946
0.8497956
0.904207
0.6654784
0.543682
0.93490976
0.89957744
0.74023813
0.84817165
0.90539944
0.87688744
0.68694675
0.88547516
0.85892844
0.91815835
0.85236084
0.93314266
0.9188535
0.88850576
0.9321967
0.80722934
0.7077349
0.9065039
0.80108845
0.8205186
0.85901505
0.8581953
0.8581822
0.88921297
0.90573114
0.8431544
0.7818744
0.81163526
0.8263464
0.7744476
0.96526754
0.94975793
0.80604
0.95633113
0.6830178
0.93600166
0.90506655
0.92142135
0.7479495
0.97292185
0.89300436
0.7107404
0.89139605
0.9447641
0.96327674
0.91445655
0.65031683
0.93442154
0.7653469
0.9597285
0.6152068
0.86993784
0.85076696
0.9108167
0.6882842
0.91002387
0.9204618
0.7704514
0.8796681
0.89798325
0.90262634
0.87780434
0.6973101
0.8325245
0.74698037
0.87408304
0.9347545
0.9183721
0.92994905
0.87674004
0.7220327
0.875316
0.90926546
0.7591967
0.8944495
0.8562932
0.53656363
0.6932933
0.9474989
0.7909978
0.9586363
0.9607105
0.65849787
0.81296265
0.82899225
0.9126551
0.711593
0.86805487
0.8835709
0.85305005
0.65848887
0.84522164
0.8667897
0.7931622
0.9052488
0.7682814
0.824106
0.7766365
0.7436406
0.87308544
0.84478104
0.8541318
0.8868948
0.90004826
0.8355144
0.92203087
0.9365248
0.84642345
0.88950986
0.9186179
0.9382763
0.9324187
0.865151
0.77528197
0.841051
0.8152359
0.9355956
0.61017805
0.90549666
0.9352671
0.73459816
0.80878067
0.8676535
0.86592066
0.81106544
0.97432816
0.84862006
0.8109269
0.9151883
0.8509943
0.6731083
0.91019464
0.9516951
0.7688117
0.9102049
0.8068288
0.9565649
0.4803541
0.86502534
0.77479094
0.9437451
0.8872204
0.785391
0.92963827
0.84790605
0.87509805
0.9043679
0.8268964
0.90066516
0.88402426
0.9004841
0.7746303
0.94470227
0.89033663
0.9026602
0.70299435
0.8740263
0.61055094
0.6706397
0.9476034
0.91008675
0.8018193
0.8998081
0.92699826
0.82641834
0.82604057
0.9537352
0.87130815
0.58679795
0.8966788
0.9052343
0.81050855
0.8046875
0.75899833
0.7784578
0.8751931
0.736109
0.90805787
0.7529641
0.97670674
0.71371824
0.88903034
0.759756
0.76215565
0.89004225
0.8156885
0.6127074
0.7055675
0.6069911
0.6594701
0.74915874
0.7704736
0.94110703
0.84452313
0.74852556
0.75851905
0.6351674
0.52487326
0.9092721
0.8789469
0.7693267
0.87536466
0.8016704
0.81173617
0.82747674
0.9000581
0.7363781
0.96679485
0.7808074
0.7880721
0.7866213
0.94247365
0.9331233
0.89440775
0.84289247
0.73404396
0.78478384
0.92443883
0.61857843
0.866912
0.92000353
0.8997634
0.8127032
0.9023006
0.81726146
0.8472838
0.8259894
0.8395679
0.93421185
0.93858796
0.8397964
0.869873
0.74397117
0.8569021
0.9122637
0.82597554
0.87883466
0.7919822
0.917959
0.84621674
0.92068064
0.92152107
0.79138386
0.9138547
0.6682372
0.7365417
0.7514963
0.9543597
0.760905
0.7364204
0.9528291
0.78630006
0.8457673
0.8310252
0.72343004
0.9259214
0.8033761
0.8881779
0.9497067
0.9359415
0.70196486
0.7636925
0.84370095
0.8696362
0.86788815
0.8528781
0.88610864
0.6965577
0.94810605
0.89674455
0.96053183
0.92613536
0.61503696
0.8234246
0.4976629
0.86961037
0.8432098
0.90390754
0.9123083
0.9278695
0.96040344
0.9118693
0.67908114
0.78422797
0.73833597
0.877292
0.7419029
0.886599
0.9238908
0.8237884
0.9532262
0.8574077
0.8526013
0.8309697
0.84940493
0.8760615
0.81553173
0.85596657
0.8535997
0.78230804
0.57716244
0.8145592
0.58821917
0.7379105
0.8550668
0.8114667
0.8736832
0.896652
0.6915829
0.9091353
0.8695266
0.8636738
0.964138
0.785283
0.6334908
0.84144825
0.8722819
0.94676185
0.8085843
0.9033604
0.7505729
0.84478897
0.89834785
0.6752678
0.9368762
0.87161446
0.7103967
0.8405594
0.96173817
0.92563176
0.5945841
0.90423054
0.74473286
0.94617176
0.9677412
0.8586416
0.9590134
0.9585329
0.9064017
0.7879902
0.9104544
0.7721909
0.74059916
0.7768263
0.74295163
0.94403464
0.8621437
0.8886386
0.79649425
0.9010055
0.9600585
0.7959915
0.8061336
0.7630209
0.9170048
0.8838419
0.6993692
0.93021816
0.9374695
0.8486382
0.8554806
0.839966
0.9423318
0.92510337
0.7974123
0.90535706
0.91290283
0.84394956
0.8228391
0.7826151
0.8912881
0.8423575
0.6293219
0.9009046
0.9677636
0.95166516
0.73857164
0.90732336
0.7469273
0.77916557
0.7356062
0.90806264
0.86187315
0.91380376
0.62950635
0.78093946
0.8597396
0.7039248
0.9353253
0.42816722
0.7933129
0.8120219
0.85283613
0.84145373
0.942447
0.88561237
0.7827954
0.84459364
0.93241316
0.7969721
0.83871233
0.6639193
0.90837777
0.7874669
0.9821374
0.86792946
0.90752167
0.74588794
0.78401715
0.9093085
0.9041166
0.87547946
0.7061952
0.93095875
0.9330309
0.9562506
0.7709956
0.9043929
0.89816785
0.87391293
0.9179808
0.91806984
0.8898084
0.8914074
0.94053376
0.7714446
0.8144462
0.88594544
0.8633501
0.58402085
0.97511125
0.89535755
0.8434389
0.82848185
0.91274065
0.79578114
0.91887176
0.84450734
0.8718169
0.87789494
0.65732133
0.8844036
0.9460135
0.93945277
0.87897414
0.89221954
0.82863075
0.84817743
0.75538063
0.92366517
0.7597837
0.8030008
0.839957
0.918079
0.94253784
0.8744001
0.73575336
0.8741443
0.87124264
0.9512894
0.75275666
0.7377528
0.84683144
0.76255846
0.72479284
0.8080816
0.9061453
0.9037903
0.8708142
0.67374194
0.85258913
0.9337876
0.85292906
0.85560644
0.8951931
0.8580587
0.94383824
0.8771776
0.8871242
0.69518805
0.9658478
0.80509657
0.7926158
0.81175506
0.86608905
0.87855107
0.8980846
0.8311567
0.96350765
0.72142327
0.9087348
0.9587083
0.8818548
0.8545046
0.85776114
0.79016805
0.8093585
0.85252935
0.7142485
0.8810616
0.95504534
0.85102826
0.90590894
0.80275816
0.83333546
0.9263214
0.9094439
0.8598177
0.8037619
0.7443162
0.5443894
0.70504904
0.80616164
0.7591488
0.648304
0.6956947
0.490412
0.880737
0.77045906
0.712848
0.81443155
0.9381233
0.8896086
0.91495633
0.84943116
0.8034037
0.8398502
0.9487714
0.86120015
0.8114197
0.76009667
0.8571019
0.9543092
0.8228883
0.8382172
0.9540094
0.789029
0.9078941
0.7447369
0.9182197
0.6497733
0.865326
0.957448
0.8861275
0.8691968
0.741404
0.7418826
0.91013986
0.8330277
0.8740431
0.97139984
0.7865877
0.8118733
0.9098178
0.928457
0.86031926
0.8628331
0.87998474
0.70633173
0.73469967
0.77352524
0.74298805
0.61736405
0.92407805
0.84964764
0.9399073
0.8273057
0.9152781
0.9094876
0.9139023
0.82744735
0.8940734
0.89796364
0.7064208
0.8299495
0.7546682
0.884289
0.9379989
0.7088529
0.7606719
0.926916
0.79662085
0.93626773
0.8755749
0.8506855
0.8549787
0.96185195
0.8303057
0.87773144
0.94235176
0.73025036
0.9119276
0.83147573
0.8532648
0.7503705
0.7280018
0.89546263
0.744496
0.8190039
0.802547
0.82045245
0.96722275
0.8537742
0.6604172
0.9554231
0.82916707
0.8908875
0.7162114
0.8366833
0.9264777
0.7741753
0.68553966
0.81086123
0.89192355
0.9293808
0.8763233
0.8630002
0.6340276
0.8907764
0.96195245
0.89783186
0.8009218
0.8239795
0.92334807
0.7886392
0.74735314
0.9195184
0.88323426
0.7545636
0.8170222
0.8695815
0.74763185
0.63680553
0.77874196
0.7870285
0.8610667
0.9225286
0.8289678
0.74700886
0.83896303
0.8843935
0.6730261
0.8780688
0.7955036
0.9164021
0.8896116
0.93829006
0.8185405
0.9405971
0.59654737
0.84033567
0.67408603
0.7438649
0.83120704
0.7806259
0.77395517
0.7182423
0.8882861
0.60513663
0.8960843
0.83280414
0.6520517
0.931377
0.88114345
0.51748145
0.9348668
0.8127377
0.89835525
0.7997831
0.84530854
0.6251402
0.5824112
0.97121763
0.91066086
0.8128553
0.80333287
0.5940192
0.8827959
0.9112679
0.769498
0.815832
0.8412814
0.8831921
0.8673184
0.78516454
0.778131
0.93639
0.78265667
0.87640685
0.77469903
0.7648202
0.89968514
0.8697932
0.9285345
0.7523544
0.8708112
0.8995046
0.90069395
0.936062
0.90743256
0.83642066
0.8811478
0.94027054
0.6647262
0.92674136
0.9118351
0.8049237
0.7305745
0.8394108
0.9186605
0.93605494
0.9128941
0.82208586
0.82953924
0.9215174
0.8276708
0.9453866
0.8677184
0.94457614
0.76064867
0.72141206
0.6892233
0.7892524
0.9216569
0.84456205
0.87784684
0.9447935
0.92955405
0.9598422
0.9316214
0.97742534
0.91919816
0.86496824
0.93201137
0.8020345
0.90491927
0.6806616
0.86379766
0.9189173
0.9397276
0.8027568
0.94477326
0.8404714
0.9145678
0.8797902
0.9241015
0.7770098
0.8892274
0.8575938
0.9040576
0.77028984
0.89077866
0.8962167
0.8915935
0.89927393
0.92640865
0.8740754
0.783986
0.97459453
0.60689557
0.7268617
0.901842
0.7316278
0.9229931
0.89839315
0.8470576
0.89453906
0.79912776
0.8729572
0.883794
0.78635824
0.88477236
0.9361367
0.90963495
0.52567077
0.8682162
0.8628276
0.80243754
0.9258403
0.8882625
0.8827746
0.87931466
0.54394245
0.9428592
0.89620364
0.87819993
0.7967294
0.8692849
0.72693956
0.9375087
0.8941486
0.84241074
0.72375757
0.84540945
0.9586015
0.8360515
0.8106674
0.9068485
0.7147341
0.9032973
0.8392705
0.91391736
0.79700834
0.9130172
0.93081284
0.88338
0.9502195
0.9197837
0.8653618
0.9364935
0.94533306
0.90921426
0.87541246
0.8863522
0.8974707
0.8657189
0.8030556
0.80870366
0.9507072
0.8224584
0.8179689
0.81077135
0.95866257
0.9049361
0.7859765
0.74174327
0.8416187
0.87985814
0.89733845
0.75568414
0.6835651
0.8487942
0.91839707
0.90371597
0.85260886
0.80803967
0.75189394
0.7876879
0.95760596
0.8512002
0.63742673
0.86299264
0.7023294
0.87319565
0.8767998
0.9209307
0.9543956
0.96588004
0.9135095
0.903578
0.6935966
0.73883754
0.75038326
0.85692024
0.91114044
0.9070663
0.70704174
0.869172
0.83021426
0.6418927
0.7628506
0.8555424
0.94634014
0.71708417
0.8580277
0.7726282
0.81590044
0.83564985
0.89341974
0.9362589
0.70808715
0.7850423
0.8488591
0.9152967
0.9206933
0.75147754
0.92710507
0.80685395
0.8695008
0.861336
0.9311502
0.9424111
0.8318497
0.8279709
0.85172415
0.8788146
0.8151833
0.8687767
0.90476567
0.8754325
0.61759365
0.84287995
0.8933164
0.7599258
0.77059263
0.82232726
0.8384699
0.86418086
0.9518192
0.85250914
0.8746205
0.87738407
0.7805752
0.72374964
0.81927675
0.8199514
0.65937907
0.8850703
0.79667985
0.8342824
0.8022364
0.9193826
0.9341109
0.857147
0.88616085
0.8656259
0.6093565
0.9218798
0.67980057
0.56719947
0.7689552
0.8673599
0.90709686
0.9210838
0.902803
0.92966264
0.6559821
0.87220395
0.56927896
0.87705153
0.8971293
0.90726656
0.7837032
0.89830714
0.7700613
0.54816914
0.957674
0.73144174
0.8199798
0.7564471
0.51985747
0.8982224
0.8887064
0.8837276
0.8402085
0.8804178
0.9604132
0.95978594
0.88537586
0.74206835
0.8017569
0.80922985
0.9512657
0.78773063
0.9625435
0.6191045
0.76512843
0.9031877
0.9421618
0.8454186
0.916504
0.9455639
0.780105
0.93127114
0.77593124
0.9217035
0.83680165
0.85802174
0.94627357
0.8227245
0.8890094
0.7706659
0.84795505
0.92434365
0.93922925
0.8226576
0.7562728
0.86062557
0.85727686
0.9104815
0.65001464
0.83937943
0.9308356
0.95927167
0.90298676
0.9595178
0.8645026
0.9087572
0.90933174
0.8383161
0.9264953
0.931453
0.9224988
0.66495204
0.92911327
0.58141816
0.8955991
0.81556046
0.92578495
0.8402171
0.9467944
0.85355085
0.86684203
0.89080304
0.8079661
0.93287826
0.9203508
0.95848477
0.7942555
0.6001751
0.8752369
0.8436155
0.9478282
0.732023
0.9165722
0.8352106
0.6833379
0.8581654
0.80886406
0.7998274
0.87317413
0.7768742
0.7366165
0.87021047
0.9293638
0.960195
0.83440924
0.88771147
0.920056
0.94466674
0.92255354
0.8441506
0.724542
0.923362
0.8462866
0.86758304
0.96346146
0.9187285
0.8399051
0.90902257
0.9389028
0.7072301
0.5805714
0.7605802
0.8181927
0.8947383
0.7496642
0.8571552
0.9617113
0.8357098
0.63520557
0.81664103
0.9373506
0.7918569
0.9549469
0.91907644
0.9330712
0.850358
0.771711
0.8252505
0.8786852
0.9482161
0.7111052
0.94659156
0.9069367
0.883654
0.3601175
0.83219314
0.60514367
0.91846526
0.872283
0.736055
0.8984416
0.8641738
0.91676956
0.81867856
0.87200475
0.8316972
0.75785196
0.8825911
0.77811795
0.91983336
0.88372177
0.6719134
0.8023483
0.92701674
0.74392253
0.84779936
0.7669662
0.9113388
0.9426801
0.7825781
0.9412878
0.9381635
0.9279903
0.60757816
0.82740813
0.8635303
0.8723045
0.78912103
0.6028299
0.9323223
0.7847239
0.61676884
0.8130356
0.8137286
0.91901183
0.8237361
0.93350184
0.82378054
0.8575117
0.89802647
0.8542094
0.8502957
0.890972
0.8064559
0.91010183
0.81306577
0.8325306
0.34594792
0.8683645
0.934191
0.8877551
0.9007891
0.8144129
0.9012028
0.74164987
0.7355297
0.72796774
0.86031294
0.7752778
0.8837917
0.8952302
0.9205587
0.8960738
0.85493237
0.9017279
0.7488755
0.7615819
0.64652556
0.8154387
0.8383802
0.8091363
0.88865685
0.93206155
0.8956692
0.7555074
0.79987025
0.92958033
0.8854125
0.9465501
0.9147828
0.8542042
0.898103
0.90373605
0.8926378
0.8817344
0.9234467
0.9420269
0.8854275
0.81425726
0.71125644
0.80661446
0.8778506
0.75764084
0.8632864
0.94101685
0.8657005
0.95059276
0.9170216
0.86307096
0.84568465
0.9152947
0.9688833
0.8868359
0.7901567
0.88765144
0.83354557
0.9311609
0.848644
0.788465
0.76960456
0.88044965
0.970116
0.8739504
0.9629938
0.8131698
0.89240324
0.900941
0.95945364
0.93035024
0.6588122
0.9197454
0.89575046
0.7052319
0.7836918
0.7252437
0.84405226
0.73867005
0.8884475
0.95601994
0.76531625
0.8712104
0.88631094
0.7111411
0.8570862
0.8715625
0.858401
0.8077405
0.8163792
0.77811444
0.83833367
0.87417364
0.8982816
0.68712705
0.8758598
0.9475544
0.8683822
0.8384345
0.66291106
0.6911476
0.8360199
0.8739889
0.8975514
0.91174364
0.8682219
0.90290457
0.7211988
0.8736836
0.7535376
0.58593875
0.743253
0.94038385
0.7875211
0.9034649
0.75184464
0.9286692
0.93072057
0.64834875
0.7879637
0.94199324
0.8430483
0.8009886
0.90077245
0.80357444
0.9361957
0.8369923
0.8459445
0.8442585
0.90501565
0.81686825
0.9414959
0.89281464
0.93830633
0.63640296
0.8145408
0.6986685
0.83473736
0.84069407
0.7616815
0.6977289
0.86595786
0.87686706
0.8236438
0.73424447
0.95166796
0.87930524
0.74995685
0.9739411
0.8795215
0.80023533
0.7620857
0.67128646
0.83914554
0.9215235
0.8863797
0.9670505
0.9520637
0.83715254
0.87622327
0.9492887
0.6129924
0.92362034
0.89714587
0.8048298
0.92654777
0.8458296
0.8710922
0.9402909
0.9102508
0.94756913
0.9268763
0.97000253
0.8399013
0.6831045
0.932981
0.8645276
0.7662403
0.7597003
0.9094247
0.8637104
0.84375226
0.8718184
0.76640594
0.7961451
0.9583121
0.8716197
0.83033144
0.86792576
0.75816715
0.71411675
0.69892466
0.91398144
0.7776727
0.80437124
0.89459264
0.81746197
0.9441777
0.87312424
0.88640285
0.9424254
0.935884
0.8036072
0.8773722
0.88863575
0.8533162
0.9280216
0.94733286
0.775106
0.81498075
0.7513856
0.64170384
0.72435516
0.73887324
0.9176655
0.91315866
0.8899014
0.8691957
0.9397857
0.67302126
0.84661555
0.8055601
0.8853763
0.82623875
0.80682445
0.83855766
0.95956147
0.8346002
0.9012178
0.95640993
0.9429538
0.81458396
0.88994116
0.9390169
0.92806876
0.8526641
0.9743032
0.8209761
0.8094472
0.7607745
0.80565536
0.84280753
0.74540067
0.9221841
0.83443284
0.874453
0.8557783
0.93269795
0.9150243
0.8735262
0.9150289
0.83350897
0.9352707
0.7272088
0.8808155
0.9696063
0.9035076
0.88845164
0.8062427
0.8694124
0.8419204
0.9661927
0.87804645
0.7799274
0.94984204
0.9726116
0.86416686
0.88639086
0.9442189
0.8687774
0.9472832
0.83522123
0.8588614
0.890077
0.8779138
0.93765765
0.96158534
0.8782735
0.87416697
0.7784899
0.69342387
0.87837565
0.9522263
0.83540815
0.7360794
0.89929605
0.9692328
0.9495142
0.5638922
0.8887417
0.61980397
0.81823456
0.7608884
0.93119824
0.8854359
0.9538953
0.84291756
0.96775794
0.5822138
0.5898813
0.7797501
0.8617948
0.8813572
0.7513097
0.8260803
0.7863831
0.939046
0.8910506
0.5937208
0.642717
0.78686
0.9270645
0.7183484
0.8676398
0.79831505
0.91540617
0.92854077
0.8950174
0.9093318
0.93094665
0.78914875
0.9238338
0.8746317
0.86382353
0.61898404
0.69452965
0.67014587
0.86783504
0.8453351
0.6089862
0.8698983
0.90233946
0.96049404
0.91083777
0.8389867
0.95827705
0.7171681
0.83153176
0.6831144
0.87693906
0.9654009
0.8986809
0.85390306
0.764444
0.85421324
0.93178797
0.6919923
0.83604956
0.79107696
0.8864056
0.86083925
0.9264634
0.9013622
0.8530129
0.5858867
0.8856394
0.6423008
0.8848835
0.9010447
0.900826
0.8626924
0.7934376
0.8663899
0.93640935
0.94187075
0.78144693
0.9235162
0.7866042
0.95803976
0.8668012
0.84333295
0.87566096
0.93461746
0.8583503
0.8845388
0.8505101
0.8357316
0.83464897
0.9273416
0.7926076
0.7755446
0.91622245
0.7640139
0.92629117
0.82509065
0.9240413
0.8533272
0.8282529
0.9526188
0.8943312
0.789054
0.8785005
0.87449306
0.85468924
0.76564276
0.9453636
0.95999545
0.8925281
0.8429532
0.9298533
0.8148024
0.8244196
0.81588286
0.86655927
0.7428515
0.7792818
0.97258884
0.8698101
0.8927977
0.8011354
0.6787909
0.51451766
0.84532905
0.8574624
0.84464574
0.7688838
0.5812801
0.78964806
0.8159799
0.8139591
0.8296747
0.7441918
0.94593114
0.8709053
0.890143
0.66227764
0.641764
0.9161638
0.87281466
0.9146266
0.9254605
0.8086452
0.8145436
0.8644963
0.90439653
0.8228604
0.7428577
0.9354703
0.84636503
0.59521616
0.7742633
0.8986971
0.8255784
0.8722949
0.78926677
0.80629057
0.8500353
0.8509165
0.7804213
0.69325316
0.9489659
0.8572127
0.8237042
0.82271695
0.765838
0.9432461
0.8633695
0.9626231
0.77482814
0.882586
0.86709625
0.901909
0.8221193
0.6536863
0.8824295
0.91761523
0.91673034
0.86658615
0.90095407
0.9484203
0.9025875
0.93101525
0.89130646
0.9039915
0.7988782
0.8999709
0.84958124
0.9523322
0.9384589
0.64052653
0.9206872
0.808762
0.64719474
0.94158506
0.96759015
0.9103396
0.6073277
0.75469774
0.9709843
0.81865215
0.90280384
0.7670225
0.8658995
0.9513947
0.8103771
0.9287443
0.7677678
0.8804662
0.6998827
0.8838341
0.7469715
0.883385
0.8196047
0.88431126
0.9236438
0.95497954
0.8623539
0.7871702
0.9323784
0.78008604
0.8195633
0.84244794
0.73385847
0.9392431
0.72128975
0.7771982
0.93986785
0.88969284
0.8897653
0.7942607
0.8368578
0.85302985
0.88493484
0.84916216
0.9450848
0.84657276
0.93221897
0.96739715
0.92777413
0.9015409
0.94287634
0.9286683
0.9411651
0.8195239
0.9445003
0.91169465
0.87035906
0.8128121
0.81185985
0.8961007
0.744894
0.9516371
0.8228523
0.8761829
0.9524242
0.77300954
0.7713632
0.944502
0.76830816
0.81326306
0.76560986
0.83375806
0.8383601
0.8829576
0.9607184
0.8961947
0.61239886
0.848809
0.742862
0.94841653
0.5994389
0.6044391
0.69092864
0.8731892
0.8141578
0.74834335
0.90386397
0.8014885
0.82517844
0.74539053
0.4989027
0.9251985
0.96814877
0.8337304
0.9128163
0.8026115
0.97641784
0.84821975
0.77620685
0.6851986
0.7506884
0.8064542
0.7514281
0.75009716
0.7117575
0.9374937
0.92672527
0.86560845
0.705461
0.86955273
0.70093775
0.8196596
0.8127897
0.88081855
0.92270404
0.83694685
0.9382222
0.78228116
0.9492796
0.7698616
0.8283755
0.83563524
0.75421596
0.78793305
0.7684779
0.94898653
0.80770403
0.87248075
0.7925618
0.70597434
0.862178
0.91369355
0.8837508
0.9461757
0.7288459
0.8708585
0.89955395
0.8908171
0.61333644
0.63074696
0.7431796
0.7594286
0.7167238
0.9041036
0.9523774
0.84521234
0.9262893
0.8691895
0.96718454
0.87957627
0.82377386
0.7878121
0.7760032
0.7009258
0.8901766
0.78717136
0.9503308
0.8837867
0.85465175
0.79437166
0.90711725
0.9440579
0.92706215
0.75163734
0.6763851
0.91143835
0.8741273
0.91592145
0.908995
0.9127177
0.97600204
0.8420954
0.89295465
0.7704014
0.9420875
0.9262839
0.8914402
0.8865554
0.8327544
0.7329966
0.89376825
0.740269
0.9281682
0.78705084
0.8395959
0.86676836
0.90238583
0.85710096
0.9311882
0.87078965
0.7359326
0.85476166
0.83535796
0.8850531
0.926181
0.9347956
0.87721634
0.8633741
0.95037913
0.72900665
0.9297752
0.84569514
0.83513904
0.8804101
0.8215943
0.95343137
0.7346791
0.7659479
0.8302129
0.75273776
0.9187275
0.8789353
0.833007
0.81448895
0.9102836
0.94825906
0.9140152
0.92931414
0.76474434
0.91897434
0.85959285
0.84084785
0.7392436
0.79278183
0.8864472
0.86880344
0.77079296
0.8236997
0.9751818
0.71474594
0.9233512
0.88745695
0.6863788
0.7051167
0.5172478
0.91799283
0.81829226
0.9600676
0.91948265
0.89746433
0.71713555
0.8924739
0.87659806
0.8684457
0.6009494
0.81857103
0.88755476
0.84667957
0.9308292
0.84473807
0.9339509
0.84246904
0.7973404
0.8045263
0.8253294
0.9237559
0.8381039
0.8145634
0.8209738
0.8583291
0.79361534
0.76489395
0.8359846
0.8218197
0.87478846
0.84319437
0.84866506
0.90181315
0.54933244
0.88107795
0.945186
0.8738177
0.9383541
0.9553412
0.93442106
0.7777946
0.8966591
0.9065506
0.6795787
0.8683801
0.88029677
0.76929975
0.87026674
0.8074138
0.92518467
0.9267533
0.8664181
0.90208924
0.8966105
0.90585566
0.7924471
0.7592493
0.9117041
0.5958469
0.9117023
0.82469714
0.74697536
0.75639415
0.9325248
0.93041414
0.8641503
0.81434673
0.6058346
0.8210686
0.75013983
0.7783958
0.8685772
0.92611283
0.9760341
0.8990947
0.8273773
0.8261723
0.8948809
0.7577041
0.89671004
0.86364174
0.80311155
0.7404086
0.90105224
0.7018642
0.8619
0.8364504
0.92352444
0.86097723
0.7455894
0.90413105
0.84527373
0.8961449
0.8606702
0.8785741
0.68442416
0.8555003
0.8731941
0.67002606
0.9180585
0.92348856
0.6320681
0.80592585
0.8192397
0.8733647
0.8440348
0.89938444
0.9538866
0.89599216
0.8277241
0.9068943
0.87658596
0.92542666
0.8950024
0.7197869
0.8143267
0.7814979
0.93392336
0.92497987
0.91608596
0.8351345
0.78556085
0.88440955
0.81695753
0.9732071
0.8903907
0.8631168
0.9201172
0.9114283
0.8953304
0.88057387
0.9506606
0.7467879
0.91917384
0.7733365
0.75560606
0.8520041
0.9446297
0.84377074
0.9620083
0.80346084
0.8221049
0.87249154
0.86151284
0.8494279
0.81660455
0.9665754
0.8023805
0.5750928
0.83558017
0.877364
0.84141654
0.8537517
0.96412146
0.94172734
0.7782208
0.8459798
0.7447167
0.6080349
0.7993358
0.900718
0.8484436
0.9460679
0.6647898
0.88496155
0.7999217
0.8391982
0.81648356
0.888816
0.7930404
0.94742316
0.9041903
0.85103464
0.7522503
0.7470229
0.8634534
0.84977776
0.93072975
0.94860286
0.97315127
0.970773
0.86835957
0.78690493
0.8789264
0.92159057
0.854235
0.91413
0.6741674
0.7756057
0.9372306
0.63661623
0.9170284
0.86761504
0.7212843
0.79416275
0.8144806
0.933638
0.86717534
0.8001073
0.86504585
0.8598189
0.9044409
0.8666294
0.8499184
0.8436438
0.7054366
0.73200977
0.7718578
0.94287103
0.8095855
0.96236056
0.78818876
0.95769286
0.87381023
0.93691343
0.86865085
0.83440804
0.7982715
0.83039457
0.66222847
0.87786627
0.8128063
0.9727617
0.78805834
0.81582284
0.7920034
0.9291087
0.79850703
0.8054509
0.8366619
0.94596153
0.8940848
0.83334476
0.8896073
0.8672855
0.9604529
0.82957983
0.8163971
0.8699777
0.73060095
0.9713168
0.9206251
0.85666245
0.9415439
0.8925992
0.82425195
0.8734399
0.68813753
0.95050585
0.88890004
0.42882913
0.8925622
0.84144306
0.89066863
0.7745316
0.9382752
0.75168175
0.91591483
0.7661327
0.91230845
0.89876443
0.84838885
0.6757637
0.94836724
0.9298294
0.8626087
0.9269076
0.67114717
0.8033403
0.8666701
0.8808241
0.75569475
0.7165071
0.5774628
0.920049
0.79713726
0.78088456
0.815208
0.68547654
0.52276194
0.8046334
0.68630934
0.79112273
0.83229387
0.96396166
0.9110556
0.9371767
0.6843056
0.8529681
0.7190157
0.9582863
0.84087604
0.9113853
0.86915326
0.84852046
0.9451582
0.893763
0.95419395
0.86031306
0.7006449
0.9402917
0.9091092
0.8485027
0.9306159
0.6739778
0.85017395
0.8936821
0.7781166
0.8468722
0.9189253
0.75768155
0.896991
0.7665821
0.9323305
0.85628605
0.8655057
0.8004977
0.8199282
0.83331704
0.9097851
0.94500524
0.87370086
0.7252014
0.8405142
0.85276407
0.6330535
0.71654403
0.88253725
0.8756668
0.8545754
0.8320281
0.69671065
0.7635194
0.8799516
0.8890748
0.7473875
0.91767347
0.9356154
0.8842403
0.84080625
0.8633056
0.9489639
0.7609985
0.626215
0.83292764
0.87474895
0.97190523
0.89304507
0.6451601
0.68541664
0.85581154
0.9415814
0.8186196
0.7341311
0.9216343
0.92637455
0.9129237
0.896896
0.7801753
0.78013885
0.9415493
0.904275
0.8680224
0.83431256
0.84831196
0.9101107
0.9376688
0.89070415
0.91728556
0.7286578
0.90170383
0.85381424
0.9351215
0.90825707
0.9315923
0.6041709
0.8198567
0.9207877
0.85189295
0.94217455
0.8509035
0.7314653
0.9495827
0.9337099
0.7846927
0.9225367
0.93248606
0.9537177
0.7471521
0.90505
0.93827736
0.76199293
0.9448401
0.82632333
0.87165797
0.8530894
0.8922065
0.817786
0.95477074
0.9215556
0.8432239
0.7997647
0.908847
0.8525676
0.79577154
0.74368715
0.7871313
0.8620689
0.8181609
0.8979458
0.9446156
0.64502656
0.9452189
0.8089965
0.7733739
0.86818194
0.8631432
0.95546657
0.8004701
0.82552814
0.9402475
0.88765806
0.8348452
0.9200103
0.6862385
0.796859
0.79148114
0.95409024
0.80409044
0.7971499
0.7104664
0.79359186
0.925323
0.84151953
0.9254651
0.8015904
0.9107206
0.90970373
0.70541984
0.9443183
0.81742966
0.8726345
0.8756453
0.81162775
0.67209417
0.8781168
0.89048886
0.90877235
0.91776156
0.76332134
0.7408529
0.85475516
0.7170649
0.9001241
0.95319337
0.8509333
0.6298764
0.785644
0.8185296
0.91078943
0.8271072
0.7729695
0.7500692
0.87691337
0.7994299
0.8064542
0.83967364
0.7327864
0.8557869
0.48800212
0.45494133
0.8336479
0.92796123
0.79686195
0.8705711
0.9367556
0.95891047
0.6809334
0.88555086
0.8631286
0.9086746
0.75044745
0.8043619
0.899277
0.8238323
0.93660843
0.9604069
0.8105563
0.8171094
0.7712096
0.95425713
0.7587286
0.9349095
0.9506392
0.9029905
0.89550716
0.8254053
0.8642972
0.725679
0.8650647
0.8938023
0.9428029
0.84711796
0.7947244
0.95665926
0.8840061
0.83933216
0.8355824
0.9543116
0.8086957
0.82626456
0.88828576
0.9803531
0.7282487
0.93998504
0.8789381
0.92816055
0.6871788
0.9179474
0.8834678
0.79216033
0.7640887
0.8140363
0.92663616
0.9182154
0.96846163
0.95708144
0.760486
0.8966972
0.85731924
0.98075986
0.7330031
0.89422286
0.64280593
0.90517575
0.58207023
0.70872253
0.8682282
0.86430466
0.7804191
0.84496564
0.6947455
0.9403081
0.7761185
0.85625213
0.958473
0.9612022
0.707569
0.92365706
0.75650966
0.86958146
0.88322824
0.8046655
0.7791496
0.95952445
0.7558174
0.8886602
0.80932724
0.90762675
0.8397107
0.8389978
0.7679796
0.76496005
0.7989961
0.95758575
0.9227649
0.9201372
0.6614826
0.7137346
0.84123176
0.93233836
0.9693643
0.90149385
0.84487736
0.7984748
0.9243133
0.72193
0.89922994
0.90754867
0.92976725
0.8027456
0.529786
0.9291569
0.6901532
0.93044806
0.84825253
0.8225289
0.8405469
0.7744919
0.7218853
0.93425304
0.9720569
0.91166204
0.6654452
0.96356773
0.7993855
0.85312295
0.9778048
0.7883742
0.8653456
0.9567766
0.7757423
0.80451566
0.9334196
0.5787704
0.8233572
0.9369649
0.7620039
0.847006
0.64709866
0.86819804
0.850212
0.8983172
0.7998221
0.6228099
0.8006741
0.79878974
0.9153977
0.87832236
0.75722575
0.81383806
0.9081772
0.7924977
0.73070145
0.84396017
0.7421155
0.9155237
0.84584206
0.83541983
0.9189947
0.6748177
0.92429495
0.9442382
0.9248198
0.9246753
0.761315
0.8193833
0.9022915
0.7819053
0.9456785
0.88717145
0.843607
0.85400677
0.9251014
0.8257238
0.85328555
0.7469018
0.8046094
0.7972304
0.85758466
0.7964746
0.7511581
0.7321334
0.9391465
0.85003996
0.6867138
0.89865613
0.85124177
0.8440157
0.8679514
0.9219264
0.87597615
0.6109539
0.7451864
0.90776867
0.7837375
0.9071921
0.7844036
0.82609665
0.919888
0.8540515
0.9498986
0.8978745
0.8628218
0.86291087
0.94223
0.8544241
0.7828965
0.9477194
0.7611699
0.8428384
0.83104503
0.67715764
0.7941306
0.80768883
0.93551534
0.92536294
0.84173465
0.800779
0.820259
0.73091996
0.9505157
0.68968844
0.9231352
0.69831085
0.77878785
0.8895982
0.93221205
0.96002257
0.8113618
0.8791508
0.7584013
0.7778946
0.7946945
0.8962036
0.827394
0.8183017
0.7044199
0.9038417
0.7746817
0.87554806
0.807688
0.89702594
0.8302586
0.8268174
0.8960444
0.9021328
0.7600648
0.83450377
0.8957391
0.72811735
0.94806284
0.89744043
0.8146939
0.8040136
0.89032614
0.7809284
0.7062098
0.8456327
0.81891483
0.9415244
0.6620281
0.8014963
0.72928417
0.8983387
0.9536839
0.8894277
0.84395885
0.9673038
0.90574646
0.91627204
0.8011276
0.72658056
0.818728
0.85660696
0.6548214
0.7802753
0.8046469
0.66130203
0.91113704
0.8615471
0.93204516
0.9118306
0.93250775
0.90711665
0.8468841
0.84759295
0.7245184
0.7732969
0.8505309
0.90443957
0.8784433
0.77194
0.95420814
0.7676062
0.9614115
0.91927296
0.9499932
0.81901777
0.754581
0.81707793
0.8825318
0.9110213
0.73756933
0.8668848
0.90559053
0.8656043
0.69087005
0.9558193
0.9223266
0.9105219
0.9451995
0.87381023
0.8818112
0.79895973
0.9184585
0.9605783
0.8958254
0.86391294
0.9400531
0.9136134
0.9410332
0.8597015
0.9527627
0.8833934
0.97365636
0.8199567
0.9284648
0.85378814
0.758054
0.67859346
0.78432614
0.87416995
0.94548106
0.80858713
0.72866327
0.8503452
0.8645819
0.9087262
0.86713284
0.8053112
0.86635256
0.8444217
0.882182
0.7999145
0.5517812
0.9142196
0.7631106
0.90834785
0.94760656
0.70567745
0.9237109
0.85584474
0.8715494
0.7384027
0.62582433
0.81458104
0.79316604
0.8365954
0.95345694
0.92535424
0.7228639
0.9291145
0.84455687
0.7444592
0.9279318
0.8160774
0.93133646
0.9031883
0.8475578
0.719911
0.7840519
0.92288417
0.9016964
0.80824995
0.9273935
0.91032934
0.94637024
0.9788643
0.86998546
0.796056
0.73522556
0.9113412
0.737547
0.8096012
0.95465744
0.9292578
0.74009395
0.86158574
0.82886624
0.703119
0.87552243
0.91246855
0.8268904
0.94660896
0.8812114
0.8411921
0.8336776
0.59936446
0.70474064
0.92527246
0.8962689
0.905944
0.8972169
0.8753023
0.94872785
0.8488181
0.7692633
0.8939624
0.7090028
0.90582335
0.845111
0.8626732
0.85960805
0.8349423
0.909063
0.95058566
0.8238307
0.95632774
0.7867648
0.96785825
0.91149044
0.76110715
0.74317765
0.9294251
0.70613444
0.94560635
0.7863068
0.9310913
0.90066415
0.88575757
0.7004808
0.8516907
0.81917065
0.84285796
0.5960027
0.8135348
0.8965879
0.88319254
0.9139723
0.91867507
0.7061221
0.8378982
0.8330371
0.8574291
0.8190117
0.7543078
0.84150803
0.7590222
0.8443559
0.8065464
0.8754985
0.88175505
0.7632599
0.7515775
0.74017483
0.89177954
0.95229024
0.860183
0.87288475
0.8314785
0.95311856
0.8937297
0.95954597
0.8269023
0.95479953
0.9017222
0.9128721
0.87257683
0.8956698
0.8097098
0.87634856
0.7434721
0.70736074
0.89789355
0.8028325
0.8755764
0.8850797
0.9502578
0.8849934
0.8446057
0.85020053
0.8669497
0.9096634
0.9244993
0.80141574
0.94272125
0.9701721
0.8703443
0.95500636
0.9118792
0.84580433
0.9490646
0.8423539
0.7101813
0.65173066
0.8452793
0.865696
0.90324
0.6770911
0.91692144
0.7463327
0.93074733
0.9471849
0.793444
0.8865475
0.8833643
0.7423717
0.75882393
0.92370677
0.8967888
0.8215469
0.8801641
0.8852161
0.7802562
0.83660066
0.82006896
0.9096227
0.74158216
0.937087
0.7396157
0.9139074
0.7599941
0.9175439
0.80237234
0.74435526
0.84119606
0.9043587
0.86614335
0.7146443
0.94932836
0.779571
0.93287194
0.94601643
0.8801372
0.75400263
0.8098795
0.89857024
0.77689326
0.95113367
0.9286313
0.70387834
0.82149374
0.915023
0.9342571
0.9465262
0.96583104
0.9505096
0.849355
0.6414193
0.74292195
0.9237325
0.79573184
0.8182459
0.78418106
0.91131926
0.8593713
0.61567646
0.79223967
0.91038454
0.6590229
0.75811887
0.7004769
0.62901497
0.81554395
0.9603647
0.686748
0.80200535
0.62387407
0.92347026
0.795858
0.7932729
0.8298235
0.79786414
0.7884972
0.8153016
0.87413996
0.7419883
0.7624014
0.7933863
0.8946037
0.88397795
0.78455293
0.790321
0.7853441
0.67506754
0.83904004
0.8938988
0.7838738
0.840989
0.87137085
0.90275943
0.7257954
0.8839078
0.89764345
0.90111125
0.89391696
0.9202317
0.8496576
0.83718455
0.83204323
0.682151
0.95222163
0.8420347
0.86108303
0.79830176
0.7930366
0.93468094
0.38048896
0.8216542
0.7326642
0.77557355
0.92271584
0.6275486
0.6852871
0.80139047
0.887259
0.7899728
0.7713257
0.5374849
0.8666702
0.77160645
0.9000682
0.7257782
0.7602775
0.939411
0.8962928
0.82412004
0.87983423
0.89022934
0.9533014
0.7694448
0.9440098
0.911916
0.8355773
0.8096367
0.9179905
0.6589769
0.8132976
0.67334616
0.82751805
0.87330633
0.9376962
0.9004772
0.93753254
0.7735273
0.9328626
0.8203977
0.8655792
0.83200794
0.77074295
0.89490676
0.91514504
0.6227338
0.87260544
0.86510503
0.91592646
0.9213713
0.8690039
0.7289108
0.84156907
0.7821135
0.78195876
0.84811014
0.8295586
0.8429938
0.931926
0.8455415
0.8590381
0.9347886
0.90784115
0.93789077
0.8991579
0.9016595
0.86917204
0.90697366
0.7971905
0.8587689
0.85024834
0.9532966
0.8503121
0.7735833
0.6251956
0.8677036
0.9325987
0.8539476
0.9709698
0.63839954
0.8980198
0.86104167
0.8938802
0.97207135
0.8486748
0.911129
0.8597189
0.89126676
0.7443588
0.74822605
0.9268389
0.9444471
0.90527767
0.9552259
0.63832426
0.9305053
0.8675893
0.9374563
0.8930032
0.9277675
0.763133
0.8961686
0.84786904
0.86259073
0.8936994
0.95285857
0.94752324
0.9444543
0.6384977
0.8410099
0.9140532
0.8492925
0.7135971
0.97067255
0.959216
0.8799094
0.8590367
0.9311941
0.85987806
0.9406148
0.75508463
0.8843949
0.9093888
0.8103522
0.8656385
0.87300146
0.86825985
0.72291577
0.93893933
0.9044942
0.75780714
0.87991554
0.56681705
0.8108258
0.8480605
0.88372695
0.9384738
0.83957237
0.9238477
0.90361
0.891495
0.88336796
0.89146304
0.81406784
0.884128
0.9022081
0.8866127
0.8134539
0.8086808
0.8942297
0.9106816
0.96231335
0.8216122
0.93742734
0.8082789
0.92941564
0.8862886
0.7878841
0.8544638
0.5839497
0.8875022
0.8411883
0.87233186
0.96182287
0.9002795
0.90896094
0.7636094
0.9613828
0.88267595
0.88990444
0.76857597
0.646556
0.8142973
0.6171392
0.8460894
0.93248135
0.88608414
0.84055626
0.7626597
0.7439251
0.7735355
0.8238492
0.66513216
0.93624
0.917114
0.6712198
0.764851
0.83650184
0.83643806
0.80887705
0.94482535
0.7878561
0.844765
0.8922457
0.745203
0.89017975
0.85544544
0.9160967
0.90914595
0.7855159
0.75783986
0.88668877
0.86939794
0.9464557
0.94672894
0.76717234
0.937229
0.7791587
0.8024329
0.95493066
0.76682067
0.7731421
0.7988817
0.9700095
0.8215521
0.93068874
0.9579701
0.8747174
0.9149633
0.80057776
0.84564126
0.90227187
0.86086994
0.82111853
0.7375761
0.8792091
0.7951914
0.90702945
0.93896925
0.8385403
0.8774929
0.9504219
0.78957874
0.7991668
0.8255799
0.78378683
0.93635416
0.9502194
0.9222752
0.95191705
0.75965744
0.76284057
0.8274075
0.78922105
0.7768851
0.80976343
0.8749575
0.7147959
0.86824423
0.91927874
0.689799
0.942004
0.87788826
0.76984954
0.8917488
0.8955374
0.957973
0.6491738
0.7672162
0.7505759
0.85410357
0.77370775
0.84775996
0.8322888
0.80096596
0.7189097
0.8882911
0.8710198
0.70134014
0.8514589
0.85488963
0.87789726
0.85235107
0.8596038
0.7332814
0.83843076
0.9336308
0.9109127
0.87996644
0.8400074
0.83927226
0.62619305
0.6626192
0.9511357
0.79221106
0.66996247
0.82823664
0.6046376
0.9458489
0.897823
0.84563524
0.7945401
0.86650777
0.9370095
0.89404625
0.7608349
0.9130473
0.77039313
0.9309325
0.96916497
0.89412194
0.77747357
0.94447154
0.9095737
0.9176475
0.67244184
0.8473909
0.5705474
0.9181
0.822388
0.8838544
0.8170552
0.76374733
0.8426863
0.8278389
0.772282
0.79349136
0.8769964
0.82623804
0.7763841
0.8787031
0.9049248
0.9270774
0.87469304
0.8580726
0.8523131
0.81827176
0.9757973
0.8764845
0.7972392
0.9020331
0.6924879
0.94333345
0.5180968
0.79108906
0.953578
0.9490181
0.6727855
0.9341728
0.6643491
0.94339937
0.7673465
0.9635497
0.9106101
0.9608635
0.62179863
0.8746467
0.951347
0.9496182
0.65192217
0.78583175
0.71561915
0.8766418
0.9304044
0.7040064
0.8361087
0.64156944
0.86777216
0.8969238
0.86248076
0.8956255
0.91609573
0.74446654
0.74534017
0.3365268
0.9469712
0.8231299
0.9239765
0.817284
0.9645981
0.83212423
0.5528739
0.61719924
0.9605337
0.7785136
0.8489873
0.75423086
0.87720656
0.8721405
0.9368148
0.9142082
0.75879776
0.8924502
0.85138357
0.803483
0.5482733
0.81619
0.63232416
0.9248419
0.8932803
0.92810166
0.84186614
0.9220214
0.8451338
0.86743486
0.93664545
0.74373233
0.9038423
0.8057196
0.7824677
0.6828049
0.8367403
0.79326034
0.69166
0.8365982
0.93909794
0.8925037
0.7996576
0.88364846
0.84315586
0.91523105
0.8789655
0.8114181
0.91779494
0.90477496
0.8245894
0.9136556
0.9317868
0.9479346
0.8676336
0.9516496
0.87052035
0.94099814
0.879021
0.9544661
0.8731541
0.88805383
0.9064201
0.4553427
0.92237705
0.96312094
0.7607008
0.8742744
0.7882313
0.754642
0.7172786
0.8767085
0.96654195
0.9081622
0.87877995
0.86362565
0.97177476
0.8533293
0.86907166
0.61809826
0.8710555
0.8935271
0.7936985
0.90117234
0.90168405
0.85680354
0.94418067
0.853357
0.8751388
0.86649
0.64195776
0.7621354
0.850844
0.816684
0.738914
0.91764414
0.8352384
0.75980973
0.91132426
0.8959654
0.90239394
0.8842173
0.8328113
0.86403006
0.8644513
0.8363048
0.88692456
0.91276944
0.7247245
0.946119
0.89550364
0.9149952
0.9628368
0.84572285
0.93475825
0.94871044
0.81755966
0.9410247
0.85165954
0.8986583
0.92668605
0.87886643
0.90873855
0.9016178
0.9528635
0.8321456
0.9313856
0.5884257
0.8489151
0.82357764
0.94415057
0.7835246
0.87947714
0.85421777
0.9233952
0.9461804
0.8531736
0.8704142
0.8907702
0.8388592
0.62956136
0.80485797
0.9036003
0.73139846
0.71225864
0.9566401
0.9056153
0.91845816
0.9100439
0.8973976
0.7766255
0.8786372
0.82908547
0.90951127
0.7559798
0.73914784
0.90871596
0.8893682
0.72384787
0.9342371
0.94231105
0.95173794
0.7647224
0.8656758
0.8615413
0.8974626
0.7908517
0.8648078
0.9158906
0.80986005
0.825301
0.86660707
0.9003959
0.94359493
0.9677099
0.89607507
0.95329976
0.809381
0.8939438
0.8774909
0.9065131
0.90138006
0.7865517
0.9357369
0.5966948
0.8166217
0.88728124
0.8387539
0.90196687
0.5793298
0.96851504
0.8550111
0.91230637
0.8462806
0.96423453
0.9476431
0.9127932
0.90516776
0.9437555
0.6878912
0.9296962
0.86764485
0.7651166
0.8483023
0.9075109
0.8511535
0.7825461
0.9339099
0.83047724
0.85695535
0.87023735
0.9279107
0.78292096
0.791802
0.95754194
0.94012123
0.9480085
0.7502173
0.8466017
0.8856664
0.8279893
0.9359025
0.9484775
0.87195414
0.8289288
0.8370314
0.6730833
0.7238979
0.8927912
0.87498415
0.93778574
0.9071675
0.84152055
0.8668693
0.8407549
0.8865747
0.70915294
0.8913671
0.82909113
0.8924105
0.8410482
0.87502706
0.89109504
0.87987477
0.8268308
0.7466829
0.8986394
0.91895384
0.87827337
0.94984543
0.83984077
0.7912128
0.91787505
0.7963937
0.8927244
0.918345
0.7389741
0.8247734
0.65726525
0.88570654
0.9599879
0.93839103
0.886882
0.9206492
0.7750102
0.78151464
0.84867746
0.90283966
0.735529
0.8619277
0.8531721
0.8367706
0.7034177
0.8418664
0.79879
0.8330927
0.8727214
0.8393626
0.54002464
0.79775476
0.6558902
0.83608097
0.6423437
0.9193005
0.86507803
0.8471676
0.92300254
0.875414
0.94669473
0.77169496
0.9044628
0.8684559
0.8476161
0.8227196
0.8111313
0.8367268
0.9580122
0.9056987
0.84924674
0.8194901
0.71820414
0.9208998
0.9695686
0.8722079
0.95638955
0.87750185
0.88993466
0.9507971
0.7896724
0.85746217
0.91784525
0.76934844
0.89124036
0.8871791
0.90338206
0.93764865
0.9696326
0.92644763
0.68077433
0.9401849
0.9458421
0.72606504
0.8539496
0.9185705
0.93383795
0.8708861
0.93412393
0.92173296
0.9456617
0.92977667
0.81564033
0.8925638
0.878728
0.8549263
0.9359179
0.91909367
0.9599529
0.841424
0.8987993
0.70881987
0.7976759
0.8013611
0.8825806
0.71693665
0.8087141
0.85951614
0.88300395
0.93678075
0.893725
0.8697442
0.8986014
0.8416709
0.8523365
0.8196707
0.8727543
0.65387034
0.8986745
0.74366826
0.7673811
0.91744006
0.78163105
0.7355428
0.7723068
0.8882854
0.7969104
0.8384577
0.8117044
0.9809731
0.6850875
0.78355783
0.7663286
0.9292609
0.8320243
0.82539177
0.7952011
0.82176137
0.6528107
0.9514803
0.8602554
0.8620851
0.74554116
0.8302635
0.8255653
0.88223445
0.6162888
0.7944073
0.95326626
0.81168723
0.8753616
0.92523384
0.7821857
0.8503601
0.92996377
0.78394
0.842561
0.90009445
0.80751044
0.94042087
0.94693184
0.85941064
0.72523516
0.80144703
0.6210226
0.78540134
0.6680451
0.92248833
0.8382473
0.95614696
0.6806347
0.7583515
0.8103465
0.93551373
0.768749
0.8086597
0.6010737
0.8445048
0.8384437
0.6243771
0.8131538
0.9354296
0.69754076
0.8798676
0.9264508
0.8002869
0.8878701
0.7828942
0.9588699
0.9191891
0.823459
0.762573
0.88236594
0.8953161
0.69563943
0.7828356
0.6712061
0.7689183
0.9224657
0.84112215
0.91036946
0.60821915
0.8977611
0.8924428
0.84025675
0.8769748
0.76374125
0.78099155
0.935979
0.8566601
0.81181866
0.86222506
0.91779256
0.82708263
0.87653196
0.835279
0.8876915
0.9457503
0.91208977
0.7517271
0.8136617
0.86199546
0.910605
0.91273004
0.77829957
0.91258925
0.70440334
0.9143247
0.8468416
0.881882
0.82735765
0.9477346
0.6404494
0.88747233
0.8297154
0.9228682
0.89698946
0.8566035
0.8683766
0.85905576
0.8745533
0.89658576
0.8833567
0.8368712
0.88231933
0.87860256
0.46419045
0.8406651
0.8984607
0.9095585
0.86966264
0.880689
0.81539106
0.9014356
0.8651839
0.81901044
0.6884015
0.9651033
0.9390335
0.9376929
0.73079574
0.80213636
0.95322615
0.76479733
0.78091204
0.887759
0.88267034
0.9694987
0.6616678
0.7003862
0.8781422
0.9171832
0.9324343
0.8805278
0.9355044
0.89999044
0.86357915
0.8679296
0.8205505
0.9129565
0.8750793
0.91468644
0.9150215
0.74935544
0.71034044
0.8415577
0.9261564
0.9183774
0.8751882
0.64370084
0.8873372
0.9319543
0.95190763
0.8592414
0.8077145
0.9421687
0.7702134
0.8873044
0.82532203
0.7412834
0.76179504
0.8057136
0.8892396
0.7660403
0.9473115
0.9130217
0.6505783
0.89128774
0.8153366
0.88837075
0.9133383
0.79578453
0.70165414
0.706031
0.941648
0.9004038
0.9139277
0.7740109
0.94805515
0.7839428
0.8604827
0.73954093
0.7620842
0.9119159
0.90992683
0.87013566
0.8726883
0.93436944
0.9127717
0.5618658
0.9042107
0.91227293
0.7799686
0.8393662
0.94925404
0.78776026
0.8417804
0.94112664
0.5142714
0.78921473
0.6870839
0.86836267
0.9258795
0.82220674
0.88131046
0.8216508
0.94752795
0.83191824
0.8981726
0.78745955
0.90777504
0.8631799
0.8406938
0.91193545
0.90483475
0.90974206
0.53200823
0.9132585
0.61117935
0.90150905
0.70842063
0.8145696
0.6704608
0.7646958
0.814546
0.7676479
0.9681811
0.89584005
0.7153151
0.9491631
0.92049277
0.8608856
0.90398824
0.70791245
0.9341562
0.808952
0.8916185
0.93247104
0.91628563
0.841138
0.8742559
0.8732042
0.85451704
0.8801171
0.7716105
0.9224789
0.70037174
0.8944695
0.8828385
0.8829093
0.654479
0.9378553
0.644041
0.9136512
0.8546213
0.79933494
0.8608758
0.89499646
0.8963181
0.93090487
0.8150238
0.9055858
0.93940777
0.84773743
0.8172673
0.81998014
0.83229154
0.664611
0.88530016
0.91750956
0.8763879
0.8558446
0.95325696
0.87474126
0.63117236
0.8672064
0.8912111
0.83528924
0.6800899
0.87707096
0.8320336
0.9665551
0.5640712
0.924222
0.7705084
0.86177003
0.8421871
0.73408973
0.84567845
0.9314389
0.82942116
0.90157616
0.9081773
0.8933123
0.80338365
0.9034842
0.904203
0.77068645
0.8929646
0.84804785
0.9496455
0.81510097
0.801521
0.91744787
0.82425433
0.7765744
0.6072391
0.77821374
0.8270226
0.8952888
0.84348786
0.6942966
0.86038005
0.86038584
0.80436677
0.8766118
0.95542413
0.8780434
0.8929516
0.9412783
0.85782766
0.78837544
0.6402995
0.9348586
0.9539589
0.7851832
0.82727027
0.90129954
0.8528217
0.78496957
0.89651126
0.9537214
0.7854352
0.60759974
0.83528376
0.9234504
0.9274453
0.8477354
0.89588267
0.90055454
0.846533
0.84176487
0.7947416
0.9208843
0.89468735
0.8868189
0.83805907
0.9113748
0.87231445
0.93947065
0.9504361
0.766992
0.9156567
0.8995072
0.890329
0.51192605
0.97319365
0.57749224
0.88183284
0.8975582
0.8310803
0.9496094
0.7813875
0.85608125
0.7315985
0.9144418
0.7765669
0.9005418
0.84428275
0.8207305
0.8777863
0.9508381
0.8998959
0.84945023
0.6700385
0.90165824
0.9137115
0.90654856
0.8859337
0.75018346
0.7727034
0.87697953
0.8748587
0.8595909
0.91686034
0.9303562
0.9332311
0.9037778
0.81244695
0.8897509
0.77205694
0.8656523
0.86430395
0.8937619
0.90775347
0.8978201
0.8006866
0.788251
0.92085344
0.9029785
0.8632047
0.9232367
0.793415
0.80866927
0.72980297
0.7920142
0.876583
0.9580289
0.91417676
0.82229084
0.9386282
0.91751784
0.7907571
0.89107394
0.8489249
0.7304097
0.86680293
0.81734717
0.9433283
0.76553166
0.83370745
0.8130131
0.9115881
0.8287078
0.8088524
0.72977436
0.94023937
0.86521786
0.85756266
0.79349613
0.9732083
0.83512354
0.5599022
0.82988113
0.77114874
0.8507396
0.7858469
0.9169115
0.9057443
0.9568114
0.7889803
0.883339
0.76487076
0.8939064
0.8383012
0.8653414
0.8834152
0.80166566
0.9179045
0.77477974
0.6754013
0.9318602
0.8067025
0.8841764
0.9004137
0.81297904
0.87848705
0.93199915
0.96593493
0.7269516
0.92111725
0.9307859
0.91932034
0.93988585
0.9510113
0.7557149
0.87560606
0.79429173
0.9397702
0.86061287
0.5458989
0.9104401
0.7558786
0.8254949
0.7947799
0.91262853
0.7534611
0.73762304
0.60759515
0.9117598
0.7219515
0.89388204
0.79960823
0.7986423
0.74106246
0.81933373
0.97281015
0.92347175
0.9323068
0.9568548
0.87448186
0.8013389
0.96819144
0.8832585
0.8462895
0.8997741
0.8133917
0.9095731
0.92287093
0.90787685
0.9207318
0.9458368
0.8178157
0.87231326
0.85013884
0.76206094
0.90995926
0.9315315
0.9160814
0.89844084
0.82932734
0.85514575
0.8006895
0.75529385
0.7733585
0.71270037
0.85003155
0.71178067
0.7714734
0.81638473
0.9243122
0.8789901
0.8670797
0.86498713
0.77329856
0.7164858
0.7526773
0.9351481
0.7668047
0.9125793
0.96431184
0.93024075
0.90897435
0.8370788
0.8391791
0.9677534
0.87023246
0.93533134
0.7615287
0.75882775
0.93512833
0.81360555
0.8920295
0.9264797
0.67245156
0.64627093
0.92181104
0.66310704
0.8500463
0.73054093
0.7074119
0.82579625
0.8450469
0.9054259
0.92799544
0.8338802
0.8735502
0.81681293
0.89032817
0.66658723
0.83497226
0.7369386
0.7840609
0.8219828
0.9783818
0.7483117
0.8543123
0.93801564
0.7949182
0.8947451
0.832868
0.84384465
0.88446635
0.8120824
0.94806385
0.8251974
0.93679875
0.9125484
0.9381316
0.89340955
0.8826074
0.8470941
0.93225557
0.8707744
0.78309405
0.948785
0.86041737
0.9341476
0.80310524
0.8949604
0.64148307
0.8587446
0.9019519
0.9631491
0.81188107
0.858575
0.8131064
0.65418535
0.9832165
0.81936085
0.7243613
0.7361573
0.9520308
0.8836199
0.8980707
0.79324055
0.8343009
0.91838515
0.9129284
0.79416704
0.87259865
0.92040694
0.7842355
0.89366895
0.7957227
0.75110656
0.73686665
0.70786566
0.8126903
0.7273961
0.8187713
0.89682096
0.796873
0.88274384
0.69969577
0.804785
0.8523805
0.8262532
0.96119046
0.6296974
0.7842325
0.8738486
0.9219435
0.9292308
0.88931555
0.8779918
0.942137
0.96039915
0.8866725
0.9203828
0.92918444
0.96587646
0.88825434
0.8847156
0.75083655
0.9085806
0.79193234
0.859071
0.77384645
0.873759
0.91502136
0.8277878
0.9199915
0.86163807
0.9111486
0.7334199
0.78079474
0.89290386
0.8056831
0.81838435
0.93776137
0.9399586
0.95017296
0.87656265
0.82459724
0.77394015
0.9518781
0.9502654
0.94042283
0.87460357
0.9506294
0.930549
0.9115144
0.8385582
0.8472881
0.96613675
0.8108126
0.7225489
0.85844845
0.84103817
0.93030214
0.7262831
0.7296457
0.85426986
0.8699242
0.83877695
0.8812609
0.858877
0.91112584
0.8525966
0.9061122
0.8830987
0.8919657
0.94737655
0.8555571
0.88479555
0.8224289
0.84521735
0.9118652
0.92011744
0.8861745
0.7442538
0.9398129
0.93178093
0.8837994
0.76738054
0.8037086
0.55548257
0.90721166
0.8115882
0.6109968
0.8758586
0.9454985
0.9443728
0.8061371
0.85957867
0.7614152
0.8641197
0.8605318
0.73810536
0.8211539
0.9506663
0.9019265
0.79988843
0.948769
0.7459892
0.75850844
0.9095024
0.80084586
0.81961983
0.9083315
0.7936601
0.8328751
0.77720493
0.76293117
0.8267389
0.97037053
0.93516713
0.920458
0.889394
0.9366269
0.73086464
0.87046367
0.9642569
0.82006764
0.9581585
0.7194313
0.94495463
0.922225
0.95079195
0.8762046
0.83280456
0.8958985
0.86733174
0.7772834
0.9554247
0.9671417
0.7156841
0.7660021
0.8717261
0.6544198
0.7122872
0.8258755
0.9454717
0.89847684
0.7391552
0.79159904
0.88624364
0.9117632
0.660228
0.8658757
0.8210846
0.6117622
0.8777011
0.92730594
0.88634896
0.7977285
0.86079323
0.7987317
0.94544274
0.83420587
0.8807442
0.75008756
0.96027213
0.69511753
0.9238825
0.8552549
0.798324
0.9285625
0.8908716
0.91647625
0.8614003
0.8513297
0.86506057
0.6346389
0.90341526
0.91139764
0.8675371
0.848192
0.91997766
0.8954543
0.5749167
0.8235903
0.94025266
0.9436197
0.8629855
0.8966063
0.75897324
0.94220173
0.84355396
0.8056973
0.8675819
0.9536685
0.81365395
0.77670497
0.75771564
0.91024625
0.88099414
0.6443469
0.90474206
0.8634668
0.8447817
0.87914485
0.9229627
0.8451152
0.74411064
0.959063
0.8229387
0.42819715
0.89860225
0.8230066
0.94199175
0.75077355
0.9344281
0.9424106
0.8662475
0.79910123
0.81349516
0.9238858
0.86882424
0.7804606
0.8638603
0.83094454
0.8161067
0.82644016
0.9413374
0.86335254
0.93797606
0.7639531
0.65419346
0.94261825
0.922549
0.75682366
0.75837237
0.93815356
0.8648059
0.94769347
0.8288802
0.89014566
0.87692475
0.571572
0.8392208
0.86623865
0.8256906
0.81809485
0.85176134
0.75199735
0.8999613
0.8366102
0.92529523
0.93170875
0.9164109
0.89983195
0.8484821
0.9005976
0.83641255
0.941723
0.7611955
0.8386378
0.8113941
0.9144393
0.9439515
0.8399108
0.5988045
0.9229271
0.858802
0.91570896
0.8918563
0.7756617
0.93739337
0.85733604
0.7847073
0.9458636
0.88930154
0.8093598
0.7867691
0.6711428
0.84735537
0.75567245
0.755492
0.695117
0.88233006
0.88308865
0.76550275
0.96825767
0.95664525
0.73626876
0.8741243
0.8400418
0.6200357
0.7462216
0.8993646
0.9674454
0.94764733
0.8013796
0.7966507
0.858124
0.8212456
0.9006741
0.86193943
0.7190056
0.88411695
0.6068111
0.8193635
0.9217274
0.9234767
0.6517836
0.70753926
0.79370546
0.881778
0.8803042
0.8326565
0.83554095
0.78684604
0.8618245
0.84267616
0.9191386
0.9290683
0.941183
0.8206831
0.84658307
0.7602141
0.833761
0.8715354
0.93902045
0.88382155
0.861366
0.8401772
0.97562945
0.860173
0.66445875
0.9570185
0.7435277
0.89863175
0.906125
0.9582252
0.75488937
0.92504
0.794524
0.8934079
0.68008024
0.90972745
0.7768816
0.85854703
0.78862494
0.85531294
0.9501066
0.9258241
0.8440277
0.77599955
0.90549964
0.92651427
0.7975961
0.8138687
0.94300747
0.9309975
0.85254335
0.93545425
0.8452313
0.86257243
0.68755305
0.6952907
0.9035313
0.880021
0.8628643
0.84726155
0.83161074
0.8301526
0.9053154
0.8779418
0.8315176
0.9197925
0.772756
0.87036526
0.67858016
0.9342488
0.85044277
0.9109329
0.8924205
0.86649704
0.86191905
0.88048995
0.96437323
0.8383577
0.9190584
0.9066148
0.9240762
0.81920606
0.87963605
0.95153904
0.7974442
0.95002794
0.82904655
0.91879
0.9471542
0.8633487
0.9189441
0.8897828
0.9579335
0.7301243
0.8295047
0.94265336
0.7271814
0.9284828
0.8644868
0.82379913
0.8662423
0.81340206
0.8757736
0.8922772
0.9587071
0.8456536
0.94579303
0.88309485
0.94410896
0.7394395
0.6850403
0.9143994
0.9091116
0.89399534
0.7622486
0.9063016
0.89649963
0.8799284
0.95216787
0.7016664
0.9684545
0.86553246
0.9496989
0.80808914
0.95498204
0.7349341
0.9259186
0.8582981
0.92393106
0.7680578
0.8627201
0.8976003
0.68841374
0.94628376
0.8431152
0.83267313
0.8286706
0.9372902
0.76659745
0.8956317
0.8310595
0.90121114
0.77490246
0.80612934
0.8846842
0.8531062
0.94080716
0.94961005
0.6968945
0.8019292
0.89191806
0.7638611
0.9150312
0.8107949
0.8886011
0.9300638
0.82656395
0.943035
0.89318097
0.9424
0.8785518
0.75595725
0.6510027
0.89400953
0.7860905
0.8911944
0.6574601
0.7816784
0.9030454
0.9244744
0.9126139
0.80984384
0.9605595
0.77968645
0.7753837
0.919305
0.7621509
0.7669846
0.7352645
0.76892465
0.9322232
0.96113634
0.9475938
0.9089391
0.9489622
0.9045001
0.96866024
0.8866262
0.8257193
0.93143755
0.7330791
0.9379294
0.8396807
0.89189965
0.77516574
0.94284046
0.7936424
0.715337
0.8429613
0.88676
0.9134291
0.6752238
0.8604071
0.92812335
0.7025945
0.7615055
0.83487695
0.9139834
0.8447378
0.8160256
0.8684808
0.81484485
0.83728975
0.932951
0.82622826
0.9307538
0.853835
0.9174268
0.9439023
0.9422467
0.87244534
0.83812916
0.90756464
0.924655
0.8117653
0.88967127
0.8799523
0.89194137
0.8012376
0.92285097
0.800005
0.88072586
0.9009584
0.9064743
0.801758
0.9264347
0.87908703
0.92088723
0.850991
0.90275323
0.8780507
0.85747117
0.8732665
0.6258184
0.69361377
0.6915739
0.7752863
0.9040654
0.88678735
0.8724499
0.6790531
0.87463295
0.91971767
0.85543925
0.90259355
0.8974824
0.8277365
0.8493437
0.86475885
0.9527865
0.8679857
0.71515673
0.8337169
0.8920779
0.90341806
0.97735465
0.828013
0.90694606
0.8299791
0.69766414
0.73120815
0.94419163
0.87417847
0.7742153
0.91391516
0.91872245
0.98236036
0.88247925
0.8282541
0.6658517
0.8885943
0.83414716
0.71508884
0.92897415
0.8436296
0.8714657
0.85448873
0.9310151
0.82024187
0.92074674
0.83883375
0.9072302
0.9254988
0.92761666
0.695745
0.9309605
0.89935434
0.796555
0.8344596
0.857895
0.65109646
0.8199159
0.9121947
0.9242349
0.83965164
0.8302355
0.7917774
0.91226137
0.6842042
0.8852918
0.8643541
0.8904649
0.5739236
0.8234944
0.7063898
0.897882
0.75725454
0.9058985
0.9043374
0.7956722
0.83313847
0.8205344
0.81613016
0.9306708
0.74124396
0.7856775
0.93909407
0.9275274
0.94797945
0.8567607
0.9287193
0.8749864
0.9587763
0.914474
0.7286777
0.8443881
0.7571031
0.8973694
0.9284898
0.9132225
0.8084779
0.81281376
0.9330341
0.78465337
0.8207886
0.9283292
0.92193115
0.8465798
0.8780932
0.79878193
0.9230169
0.822209
0.8918252
0.90029866
0.8835826
0.88631725
0.8866439
0.8351521
0.69714123
0.9016708
0.61794436
0.8226094
0.7221418
0.77010804
0.9141556
0.9144175
0.8894722
0.80796164
0.9034213
0.6320523
0.6797535
0.8387169
0.8401351
0.8960105
0.811472
0.8736087
0.9278789
0.9161778
0.92099
0.87861866
0.9717212
0.8506643
0.8143239
0.87911487
0.72213274
0.93141145
0.90780663
0.88300985
0.6917635
0.91721666
0.89180946
0.8668783
0.9345082
0.8767209
0.8003681
0.8690511
0.83854234
0.95664597
0.8419372
0.89073086
0.9001228
0.92552936
0.78062934
0.95989454
0.93800646
0.7232599
0.8908814
0.9061445
0.7975118
0.8140975
0.9232651
0.8951216
0.87825954
0.88407177
0.73204553
0.86556
0.73502105
0.8778294
0.84138006
0.83063215
0.9077085
0.9074965
0.826831
0.95505184
0.89801
0.93946654
0.8438282
0.81468546
0.7965117
0.856109
0.7880043
0.7313934
0.9438602
0.93933964
0.8226672
0.720334
0.93572724
0.74731874
0.82713294
0.9465534
0.827383
0.75152326
0.91722536
0.62973535
0.83053714
0.7981634
0.7589184
0.936928
0.95219886
0.6559515
0.91020423
0.7209013
0.7325832
0.7014003
0.9533326
0.8614297
0.7929607
0.87601113
0.923207
0.77663255
0.9141605
0.8489445
0.7765587
0.8842294
0.942881
0.7068884
0.8455094
0.9706238
0.8202862
0.86726475
0.872869
0.7978586
0.88426256
0.76683587
0.8187174
0.94364864
0.9389442
0.88089657
0.8456174
0.8469183
0.8114964
0.88962084
0.78927296
0.8436967
0.87098587
0.8239132
0.9123007
0.8339367
0.7103305
0.731492
0.8616854
0.9265375
0.9192947
0.6823211
0.8001362
0.92066777
0.8245053
0.7868528
0.80113155
0.93858784
0.9671009
0.76435816
0.7504126
0.7846787
0.902988
0.8973012
0.79886895
0.7977739
0.79633605
0.8211637
0.8569637
0.88422453
0.919985
0.7912322
0.88910806
0.8503431
0.9387034
0.7325009
0.91457516
0.82094496
0.91132885
0.9204954
0.7851209
0.7773041
0.9194981
0.9423525
0.7697122
0.87890166
0.815207
0.8155597
0.8667041
0.9136195
0.9407442
0.95044947
0.95012933
0.8672263
0.9356562
0.8764255
0.90436494
0.9160508
0.76192516
0.75785124
0.9175848
0.9483381
0.8777818
0.86245084
0.8851901
0.95863837
0.9218451
0.8681295
0.8196296
0.9149768
0.9259627
0.83818907
0.7298635
0.7399062
0.85677934
0.7971483
0.97136396
0.82480407
0.8902751
0.75861955
0.92474496
0.78367835
0.80005896
0.8451166
0.7273842
0.80945665
0.6981
0.6377781
0.80789214
0.89505
0.91093147
0.8190425
0.8394417
0.82071733
0.75434947
0.9301473
0.8645248
0.96572924
0.9142025
0.83631986
0.9734694
0.9325348
0.73213196
0.90333337
0.94311106
0.9001466
0.8856779
0.67040694
0.65683764
0.8372127
0.8837643
0.9538586
0.964338
0.7674707
0.77018
0.9112381
0.81858444
0.9503412
0.8861697
0.9467532
0.9219928
0.89540887
0.95106137
0.72427434
0.8906918
0.69857115
0.86634856
0.9308041
0.7411076
0.85271794
0.83273864
0.77380514
0.7439518
0.8552395
0.8880369
0.77383906
0.6729913
0.8137325
0.9213622
0.92119867
0.8908241
0.9461705
0.78316575
0.7332185
0.93370485
0.92362225
0.7125258
0.79722023
0.86438525
0.9232082
0.8959761
0.8820603
0.9125762
0.8086456
0.9244607
0.8538023
0.8536709
0.8967338
0.8290782
0.7996224
0.7402533
0.8976325
0.92085326
0.8366179
0.8721652
0.86265755
0.5690207
0.9322195
0.9022512
0.8115061
0.87692183
0.7502625
0.9340048
0.8769829
0.86806005
0.93644035
0.86769366
0.93086445
0.9171984
0.8703475
0.9293783
0.67780185
0.9680652
0.78067136
0.86114657
0.8208271
0.53720987
0.7518891
0.8631896
0.8449518
0.85839945
0.94578207
0.8766326
0.867077
0.7270585
0.9021709
0.8955995
0.85221064
0.856431
0.7825844
0.8219015
0.77511257
0.75539273
0.92191166
0.90538275
0.9419175
0.7727016
0.87009287
0.80939376
0.950755
0.7834952
0.87724733
0.9434348
0.9218536
0.9032473
0.7807161
0.9731736
0.8663699
0.9249877
0.8092123
0.91097564
0.9252002
0.92645574
0.8696771
0.8905073
0.8418044
0.7597713
0.7988736
0.7763548
0.820503
0.7193978
0.78620476
0.8969389
0.8689989
0.9204605
0.91837054
0.84603494
0.712479
0.81516004
0.83699864
0.72133636
0.91145504
0.77828383
0.8500285
0.92686224
0.8772396
0.8817129
0.915118
0.7563159
0.8929856
0.8777609
0.90539217
0.8950065
0.8973627
0.57395065
0.9222687
0.97891814
0.7088577
0.7407446
0.79954255
0.8064483
0.966228
0.94423836
0.6879052
0.9319729
0.7602332
0.7185973
0.8015018
0.82825744
0.7610826
0.75770175
0.7927449
0.91078013
0.85385275
0.8278126
0.9498391
0.8546926
0.71968555
0.8756189
0.8688457
0.86081976
0.72630197
0.8300961
0.7544098
0.92101026
0.83120805
0.67760015
0.8184234
0.92262036
0.880361
0.8404525
0.88869566
0.6283326
0.88080436
0.58343196
0.9382153
0.8344463
0.75751173
0.7148218
0.79563427
0.65912014
0.5911285
0.5289078
0.6723698
0.82551455
0.71262515
0.8897996
0.79952985
0.8527477
0.96103853
0.928645
0.84061134
0.8786373
0.9064534
0.79237396
0.94247353
0.85067844
0.8753092
0.9355516
0.92237324
0.8742959
0.8054965
0.52635247
0.83965373
0.8720008
0.8815148
0.95478857
0.92008835
0.9206249
0.86772966
0.9578688
0.9159188
0.94288784
0.941977
0.90392524
0.9599152
0.94241846
0.82824755
0.8039677
0.81598914
0.95658
0.8899619
0.6877993
0.8919447
0.8777177
0.7720599
0.8744838
0.853477
0.89503294
0.843433
0.8014255
0.8758985
0.78359455
0.8993355
0.94938993
0.8954124
0.9614904
0.9136354
0.8988467
0.86071265
0.6350019
0.89519304
0.87764347
0.7741241
0.8857852
0.8684368
0.8731181
0.8615788
0.9738859
0.8586492
0.8735768
0.93389046
0.90567654
0.8445969
0.958051
0.8064803
0.67366624
0.87773454
0.7018894
0.911175
0.8965333
0.8067283
0.851111
0.90273845
0.6770705
0.87869537
0.896824
0.95394903
0.83100116
0.9474087
0.65659976
0.9005609
0.89011216
0.83723503
0.8194138
0.90696514
0.86460763
0.9123614
0.74900234
0.76078254
0.6975347
0.72433305
0.78949606
0.92465746
0.9380543
0.7086339
0.71400267
0.9060935
0.8497123
0.7804838
0.9572225
0.8586284
0.78831714
0.840091
0.92859083
0.8667145
0.93792725
0.784018
0.8141147
0.84183705
0.95444965
0.384144
0.86636007
0.6079154
0.8987105
0.7112307
0.92175436
0.8725015
0.9264977
0.8560536
0.8709284
0.76920396
0.93072224
0.887
0.84399635
0.64314306
0.8931133
0.9345474
0.74198085
0.78191745
0.56133276
0.7282466
0.8764649
0.90366507
0.8731635
0.8111849
0.91591704
0.93599784
0.9060025
0.9418783
0.8620096
0.6683112
0.875069
0.6886252
0.807249
0.8620811
0.7816841
0.8588171
0.8550363
0.90679145
0.8576654
0.87648803
0.96629035
0.68635094
0.82887816
0.8251286
0.9280914
0.7412349
0.892258
0.9631748
0.8527962
0.88804305
0.8947278
0.93631953
0.7668617
0.8541373
0.71065724
0.68378156
0.9199687
0.89856046
0.7270029
0.7945588
0.8545413
0.7535374
0.7320196
0.7662074
0.9345538
0.8398003
0.6748247
0.90664864
0.933988
0.8918877
0.8510828
0.83444345
0.9188807
0.6146736
0.75490505
0.96592534
0.9259332
0.926257
0.85622394
0.9214667
0.93864095
0.9143863
0.7957598
0.8691896
0.6207179
0.89104617
0.7876057
0.89700335
0.7200959
0.7991228
0.9145725
0.8742479
0.9246105
0.91272783
0.8845412
0.89470595
0.93525314
0.8789861
0.77989364
0.79253364
0.7397876
0.80029434
0.89475536
0.8738612
0.83688694
0.8529647
0.8897111
0.85901976
0.95421046
0.9580896
0.9121495
0.92809486
0.9594634
0.8652455
0.7861061
0.7688684
0.798156
0.87199134
0.7591328
0.9059802
0.87146246
0.9767302
0.9169573
0.81548977
0.8354145
0.9356494
0.92384964
0.83500755
0.8940051
0.7649756
0.86052936
0.8964411
0.8901241
0.88844955
0.88372576
0.88897747
0.8643461
0.90314037
0.90549195
0.6956818
0.94708
0.86723906
0.81763184
0.8457587
0.94460994
0.76987535
0.91626036
0.8630872
0.9137841
0.82601327
0.8764962
0.8976686
0.93036354
0.75715095
0.95832205
0.8684783
0.8244978
0.92932844
0.8148644
0.8886006
0.70510066
0.8221129
0.85103595
0.91334796
0.7923364
0.85711247
0.9144475
0.8219211
0.95379096
0.9550932
0.6454791
0.901768
0.7259972
0.93140614
0.8689475
0.8519636
0.9379141
0.8835033
0.863325
0.913931
0.8833359
0.94391704
0.72525185
0.90262276
0.90738577
0.87649727
0.86308086
0.8548683
0.49085677
0.8620745
0.87322515
0.7379251
0.9247929
0.944502
0.6401399
0.8550136
0.40553647
0.78194916
0.82029873
0.93190694
0.7710027
0.88781506
0.8483624
0.7406161
0.8713265
0.81140965
0.78271353
0.95974076
0.9398406
0.92632294
0.9182367
0.94094473
0.9385534
0.90267575
0.93058306
0.852339
0.9630079
0.88292545
0.8327306
0.9201176
0.83992815
0.7764728
0.85380894
0.8542093
0.81320834
0.8430799
0.92900896
0.85819787
0.90894365
0.62428063
0.84500873
0.8784945
0.86641854
0.8587244
0.8230632
0.94646835
0.85528165
0.8173626
0.7178968
0.90325767
0.734538
0.6947314
0.93081903
0.75147104
0.8071811
0.96823335
0.63794893
0.9420745
0.77278835
0.94730383
0.66852313
0.8619852
0.9397956
0.79251903
0.9104495
0.95654523
0.85017604
0.8478769
0.8003033
0.9297238
0.8772531
0.87495303
0.9336193
0.911163
0.7667611
0.95507604
0.90434164
0.8749696
0.7022261
0.84463704
0.9090321
0.8251185
0.88068247
0.9015776
0.88012224
0.9109794
0.8736766
0.81292963
0.7963261
0.83062464
0.839039
0.86540544
0.9256738
0.9082502
0.7388123
0.74849707
0.80992603
0.7661751
0.9468675
0.78724146
0.8252591
0.57386917
0.91284025
0.87409765
0.93585163
0.8928578
0.7866368
0.9305397
0.76618314
0.5311105
0.80219877
0.84199476
0.93126404
0.93924093
0.8989737
0.75076723
0.96690303
0.80138105
0.865893
0.7412361
0.86506087
0.94676876
0.756239
0.9509809
0.902043
0.8903612
0.78116137
0.8851575
0.8731342
0.7438494
0.8278239
0.94173753
0.9477309
0.91640264
0.81476206
0.80645
0.8050926
0.89535195
0.8387896
0.85145247
0.9111479
0.9097637
0.8848522
0.9478065
0.96561754
0.90715075
0.8225474
0.96715975
0.6912574
0.8762306
0.90719664
0.91547096
0.92470604
0.8868632
0.95968896
0.8232993
0.72156996
0.90164614
0.93875843
0.898714
0.8842342
0.9715334
0.96656376
0.9069627
0.93083185
0.72150695
0.9328077
0.922699
0.70100564
0.9149839
0.9479799
0.88299567
0.86972326
0.92223656
0.9162992
0.8719442
0.8880478
0.91799986
0.9629338
0.8561034
0.6416483
0.8201941
0.80441195
0.8377541
0.8897231
0.7883951
0.80391675
0.90875804
0.914836
0.90127194
0.9593917
0.94658077
0.8575987
0.8938168
0.69648397
0.80603224
0.8241891
0.72857875
0.6275145
0.8552479
0.784315
0.9347266
0.84708154
0.8907536
0.80711967
0.9523734
0.84219867
0.8437386
0.94560987
0.90362227
0.9139513
0.8608366
0.8842634
0.9090363
0.9327218
0.82572854
0.81889415
0.92961586
0.8225768
0.8343488
0.9161662
0.9254503
0.91559875
0.85025215
0.73131424
0.9032886
0.86884445
0.8172217
0.92491186
0.92846763
0.69134384
0.90645397
0.8528699
0.85366285
0.87549716
0.92773074
0.9244722
0.8800053
0.8371744
0.7849581
0.93292135
0.7655522
0.87124467
0.7640155
0.97463095
0.8718631
0.81919456
0.9224105
0.7970245
0.8612876
0.8677771
0.85548043
0.8642762
0.9589255
0.8627693
0.914564
0.52349126
0.87799436
0.9302087
0.78304935
0.6556712
0.7968721
0.8440974
0.9635022
0.8994212
0.7611955
0.9407793
0.93223
0.7305907
0.93388474
0.8562842
0.8508018
0.90019816
0.9071383
0.9579473
0.77694035
0.78326637
0.7719724
0.9497982
0.580493
0.9613939
0.9257976
0.89170057
0.8531028
0.70082504
0.7183571
0.8648481
0.8233542
0.94514024
0.7969868
0.8055933
0.8756202
0.8607538
0.8050364
0.37008873
0.72026294
0.8161432
0.951673
0.85819685
0.960545
0.8191878
0.86622316
0.9013423
0.8803276
0.8065478
0.92153764
0.8974337
0.8162588
0.7618866
0.9050524
0.98466647
0.880062
0.90502375
0.83299
0.9226789
0.83057487
0.89713556
0.77784026
0.9672056
0.844787
0.80197936
0.97897464
0.8861868
0.7135452
0.9296399
0.84935284
0.9001187
0.86508185
0.85186577
0.9639243
0.95788276
0.8561871
0.8518659
0.87749696
0.88982093
0.91206616
0.7487427
0.97916895
0.72056997
0.9221474
0.8138443
0.88434625
0.7091724
0.83284694
0.7175075
0.774506
0.79614687
0.9152373
0.8542743
0.91505504
0.74065435
0.84873444
0.78014934
0.7735683
0.8172654
0.8724515
0.75795597
0.8906628
0.8479745
0.82290405
0.70418566
0.9259408
0.8925741
0.8168025
0.8721761
0.96708816
0.7406136
0.8454931
0.8498758
0.7089788
0.91603374
0.90457803
0.8560593
0.873526
0.80157197
0.75803435
0.9083166
0.8888984
0.6918523
0.7382745
0.930961
0.80851173
0.9012686
0.979918
0.8870925
0.8214066
0.81350756
0.9272868
0.6266243
0.8827635
0.5893178
0.93348503
0.82899
0.916149
0.95875376
0.8322975
0.9434417
0.91436523
0.8540565
0.92649865
0.8786855
0.8656698
0.8119794
0.82673097
0.8180251
0.96042037
0.71663564
0.9017943
0.9079735
0.79810804
0.94671
0.912027
0.8578025
0.7516734
0.9519175
0.9038235
0.91745985
0.9233804
0.79079497
0.86308324
0.7566506
0.9194834
0.70751894
0.77734935
0.8918909
0.8588364
0.66350365
0.924245
0.8567016
0.88979286
0.6988893
0.7774615
0.8251627
0.82789314
0.8703752
0.8964586
0.90536183
0.9288384
0.8234475
0.7925918
0.8273571
0.7805958
0.85440713
0.95101416
0.7577754
0.8263657
0.43105543
0.8725619
0.898303
0.7201575
0.9123032
0.888561
0.7894792
0.6278763
0.9569274
0.77685314
0.97023416
0.81313545
0.7208788
0.8596395
0.8552009
0.88724333
0.90804994
0.9416295
0.72127044
0.96763504
0.74238497
0.8472668
0.9050404
0.8127652
0.9513701
0.8484236
0.9459413
0.9371118
0.8497774
0.73182124
0.8297004
0.9140956
0.86867994
0.73529077
0.92643535
0.86577606
0.93191653
0.9229472
0.9274509
0.71883816
0.81282663
0.68214494
0.72187877
0.8373522
0.9060726
0.85665274
0.94820213
0.9233919
0.8211385
0.7590839
0.8280559
0.88136387
0.95612025
0.8210425
0.8623563
0.95212245
0.95427597
0.9598406
0.85517645
0.7891742
0.84586585
0.90777636
0.9094134
0.83516085
0.816137
0.93211246
0.887095
0.96211255
0.6931773
0.6207728
0.7673602
0.75619555
0.8253037
0.9555035
0.9184868
0.8743475
0.76048553
0.7654169
0.7617481
0.84018403
0.73164713
0.8252812
0.85361785
0.90275455
0.8863626
0.76619077
0.9335718
0.82113636
0.9487242
0.9475267
0.9288841
0.9356037
0.8559591
0.897491
0.82669336
0.9457301
0.9462918
0.8768769
0.83614796
0.9493813
0.6492646
0.8980629
0.7746465
0.71543396
0.79655766
0.9135588
0.90179557
0.7464813
0.87192243
0.92155147
0.93332636
0.90431124
0.83776677
0.69307446
0.73135346
0.8380566
0.87931824
0.84276223
0.82590055
0.86633444
0.81061614
0.8496102
0.9635054
0.8299312
0.933017
0.66564405
0.9154554
0.93674034
0.79111797
0.9302032
0.83105516
0.7731183
0.92742634
0.9059934
0.84528375
0.8690855
0.8660733
0.9612471
0.69498473
0.8988862
0.8878792
0.8597945
0.8698275
0.8339764
0.9561276
0.93755835
0.91109765
0.91410017
0.67309403
0.922308
0.61287576
0.911993
0.9058697
0.9078463
0.9117304
0.93042994
0.94338405
0.86883307
0.9055515
0.8726631
0.79521173
0.9169181
0.92642474
0.84483916
0.87982213
0.8952506
0.8963813
0.69273365
0.88016766
0.8970057
0.77737916
0.799265
0.6545813
0.7458331
0.7171003
0.5798066
0.8138584
0.8243631
0.94541836
0.62319237
0.9064944
0.7607283
0.8791575
0.9631693
0.5569511
0.8998822
0.9390004
0.84796816
0.9215161
0.87282836
0.8314048
0.92751384
0.88517976
0.8794686
0.8254558
0.874333
0.77481794
0.84017813
0.853421
0.81478965
0.78309524
0.7935974
0.88505906
0.82126325
0.7844285
0.8972407
0.9273118
0.91604507
0.91494805
0.6860138
0.8710607
0.913022
0.7800413
0.9151872
0.8467279
0.96535766
0.8183295
0.89945674
0.8806138
0.7562371
0.94762456
0.7963962
0.8328081
0.9089396
0.7025039
0.81136185
0.8392973
0.8455821
0.9299598
0.86208177
0.8803864
0.7675652
0.88740224
0.91453594
0.9410889
0.9524877
0.8369199
0.82165295
0.9302482
0.8768909
0.5457626
0.6997309
0.93542373
0.85339403
0.813763
0.8246964
0.96140957
0.88251704
0.9696271
0.75440174
0.8559328
0.91295886
0.9402884
0.8900732
0.8406793
0.91504943
0.8751215
0.9050842
0.9657632
0.82720804
0.91561764
0.741929
0.8667938
0.8493328
0.8961247
0.7352219
0.9568083
0.8601211
0.55240303
0.58860457
0.84681183
0.777369
0.79222566
0.7791579
0.8802825
0.8472733
0.95862925
0.93533283
0.9528116
0.90997267
0.8465876
0.9622555
0.9145373
0.9167062
0.816334
0.9329654
0.93642855
0.8082893
0.8058298
0.83526593
0.9065452
0.8318855
0.88912153
0.801008
0.7913924
0.9505799
0.8923789
0.82525796
0.96724033
0.9112754
0.9008139
0.82059
0.7237385
0.9551261
0.7736335
0.83460045
0.9320122
0.862501
0.8495567
0.90867364
0.767665
0.8766187
0.92816997
0.9234233
0.88518786
0.87308365
0.8365504
0.8825733
0.8470961
0.8798533
0.7661409
0.8531797
0.89103216
0.7915219
0.7492226
0.9227662
0.7886391
0.8698082
0.9230008
0.8643786
0.871953
0.9310607
0.88052696
0.86182165
0.8937019
0.9106821
0.90909505
0.632031
0.8634652
0.8975694
0.8495118
0.84756845
0.89774054
0.78924286
0.8657368
0.86984885
0.91928005
0.9051114
0.84489
0.94138646
0.843038
0.84787863
0.70724136
0.90468514
0.6045625
0.9176084
0.9670172
0.8810128
0.95268166
0.7995362
0.7221489
0.88076574
0.9094463
0.92431617
0.85706645
0.68088835
0.8449599
0.9150287
0.9450419
0.7766596
0.7913813
0.8441403
0.8189921
0.8472527
0.93307716
0.6575126
0.89771307
0.8932078
0.81615376
0.9302478
0.7667141
0.89812535
0.91030467
0.7869804
0.9242086
0.8810177
0.7007999
0.9127072
0.7369786
0.70849395
0.95911765
0.9351549
0.82768434
0.9458579
0.8923446
0.8598016
0.89806634
0.67917484
0.8516583
0.88321346
0.9291692
0.8579079
0.8504793
0.55926883
0.8048023
0.95008665
0.9506243
0.86465484
0.83256924
0.8250814
0.83521426
0.7987607
0.56045604
0.8812713
0.9233093
0.75055075
0.6387917
0.7796942
0.78042555
0.9458483
0.89339936
0.7838329
0.8056735
0.91514665
0.82254326
0.64932907
0.83628285
0.96675766
0.8281956
0.6234572
0.9444014
0.8477353
0.868295
0.7704671
0.67137355
0.8148384
0.8995884
0.84870017
0.9146714
0.71398103
0.8992509
0.7588296
0.8709473
0.8207785
0.7700609
0.683961
0.8916267
0.94060457
0.7628293
0.8763066
0.83993673
0.7923684
0.94763404
0.8741373
0.8821851
0.8791338
0.89406157
0.9237906
0.928188
0.8696929
0.7228391
0.8363388
0.46473268
0.8344784
0.9037245
0.9322795
0.7275005
0.9474282
0.84833616
0.97099936
0.89694357
0.84806657
0.8441643
0.8668906
0.8864515
0.739667
0.71338475
0.80167043
0.68558455
0.7672
0.9321918
0.85142064
0.9127907
0.8511199
0.7699927
0.86229354
0.92705745
0.9623101
0.9446546
0.7684268
0.8381174
0.9360629
0.7827918
0.93049306
0.936854
0.8646669
0.8281837
0.8570688
0.8407041
0.89554334
0.87859327
0.8115761
0.64235795
0.74589425
0.7435894
0.70153636
0.8854641
0.90073586
0.74110794
0.74282646
0.9373512
0.9047581
0.90185356
0.8107499
0.84940916
0.8669077
0.8800069
0.88095737
0.8489094
0.94700056
0.7745566
0.94801587
0.9402835
0.70242774
0.912804
0.8257868
0.9500624
0.8891921
0.9387004
0.93623936
0.8738056
0.841373
0.77007294
0.9035119
0.69173443
0.71159565
0.73308516
0.9604844
0.91184133
0.90351284
0.7919978
0.9500087
0.92499876
0.83356804
0.95230657
0.68581593
0.89854217
0.7622828
0.7564122
0.92596096
0.9351455
0.9317165
0.9041266
0.9402306
0.70659775
0.83525
0.7938435
0.86858726
0.8906251
0.9649478
0.764616
0.74634
0.90188706
0.92508733
0.94559294
0.5821409
0.74682635
0.9176733
0.9446895
0.9255034
0.95711625
0.9293958
0.7622804
0.913032
0.944174
0.9236933
0.8430546
0.8909029
0.9011406
0.8682857
0.91252977
0.7828405
0.6188578
0.79621315
0.92030895
0.68272007
0.8183494
0.8412714
0.88049805
0.9395172
0.84943134
0.8723612
0.86027
0.9120898
0.9558458
0.9148277
0.85975677
0.93592954
0.8750652
0.87133384
0.91023666
0.9273157
0.8467305
0.89620584
0.9276979
0.86535525
0.79371417
0.9594041
0.6372714
0.83480936
0.91987365
0.9356706
0.7466811
0.9578453
0.7263266
0.8299815
0.77753603
0.6759673
0.8846131
0.8516482
0.9372213
0.8413569
0.87623304
0.9029835
0.86244684
0.9409063
0.86694866
0.8765238
0.76039356
0.69990414
0.8376862
0.94877905
0.8019052
0.86044675
0.83442384
0.8368962
0.94269574
0.7795474
0.8679315
0.7555678
0.96041805
0.8825389
0.8721726
0.8165248
0.65551937
0.79928565
0.9064866
0.79698086
0.88791865
0.8930113
0.92133236
0.85547143
0.9058967
0.6637518
0.912933
0.8191293
0.81391877
0.9331025
0.9087754
0.83352405
0.8693393
0.78656137
0.828865
0.7608035
0.8896098
0.7832837
0.9206811
0.94350874
0.78560674
0.9154488
0.9777659
0.875875
0.90135366
0.83806694
0.70801234
0.8622478
0.94191855
0.87786144
0.85936874
0.8968806
0.89067173
0.9292649
0.8925004
0.78355384
0.84003586
0.90287125
0.7709909
0.89213526
0.9517837
0.75126433
0.83896977
0.7328998
0.8869608
0.8481126
0.8780712
0.88266003
0.9674031
0.8511761
0.59407204
0.8234246
0.89806074
0.8925196
0.8647008
0.9314722
0.8216761
0.92361
0.85865116
0.9229484
0.82297564
0.6591413
0.9244022
0.84532934
0.7393969
0.8852884
0.8076861
0.96058655
0.8982917
0.72647583
0.86736834
0.58639985
0.9636344
0.8395394
0.5895424
0.75886476
0.8462999
0.71712685
0.7773798
0.7246299
0.94031125
0.73387927
0.7422335
0.8135219
0.77502966
0.7103431
0.9546778
0.81653744
0.85674936
0.94603777
0.8529512
0.83523285
0.8686638
0.8586213
0.9024127
0.8156501
0.87098044
0.7955405
0.86599594
0.90579224
0.813601
0.96361274
0.93081117
0.9656413
0.7087321
0.93959785
0.93526757
0.88699937
0.9223353
0.8424393
0.6483024
0.890296
0.79474413
0.9528063
0.75127774
0.8273057
0.8900857
0.8483591
0.91458696
0.8820341
0.9088497
0.8470163
0.82291514
0.9183321
0.9531165
0.9138447
0.86937237
0.77121186
0.8817523
0.8167888
0.9106768
0.6643852
0.8511256
0.8661105
0.8486031
0.79327834
0.8258975
0.87942445
0.85865366
0.8723834
0.7615076
0.85461605
0.8764037
0.81087005
0.8658994
0.9416338
0.83894366
0.74254227
0.6036432
0.83271235
0.8129053
0.9393739
0.8874569
0.76595664
0.9031969
0.9315588
0.85417134
0.9306383
0.67793506
0.8143596
0.92361695
0.5937518
0.88914776
0.9336253
0.8787376
0.89083976
0.8670745
0.8874812
0.74465126
0.7782529
0.9002857
0.92128986
0.7608719
0.8900701
0.9020368
0.9403367
0.6573546
0.8122489
0.74905056
0.7322272
0.8870898
0.93584126
0.9389621
0.8674393
0.85100806
0.8281117
0.8571699
0.88013756
0.96138537
0.8631455
0.87865156
0.9412595
0.6383772
0.8861389
0.8378786
0.88743144
0.9196958
0.8521041
0.9223211
0.90191317
0.89674646
0.75179076
0.7937273
0.96872926
0.9517083
0.8132834
0.9458226
0.88929814
0.8843559
0.88217956
0.8312966
0.7832893
0.710768
0.8371633
0.8037226
0.717127
0.8183204
0.9201855
0.7796455
0.91099095
0.69236255
0.89151275
0.9293692
0.85553783
0.8628958
0.80895424
0.9460744
0.74501455
0.80263186
0.763292
0.91952187
0.87101245
0.9126111
0.80401814
0.84832436
0.93582517
0.9303354
0.9288746
0.9165737
0.91736513
0.791681
0.87869114
0.7405218
0.860239
0.907692
0.844252
0.84741074
0.9561528
0.780345
0.85500616
0.9461876
0.81689334
0.47888386
0.8884963
0.84980565
0.80938596
0.7651129
0.89947045
0.8516483
0.88024795
0.81891173
0.72842735
0.92157435
0.8543494
0.85989165
0.7994199
0.95380294
0.7861737
0.8702727
0.76313376
0.8954087
0.894188
0.8258437
0.8843351
0.8651989
0.7056875
0.8392217
0.9562077
0.90284896
0.903056
0.82089865
0.8974506
0.91866755
0.8756236
0.8549417
0.7499562
0.8958699
0.885863
0.87641853
0.90726054
0.9258877
0.8753643
0.8883812
0.88760686
0.9076414
0.73136765
0.71424526
0.683571
0.9457205
0.8847976
0.8874197
0.77826625
0.93191934
0.7369883
0.90533775
0.8207253
0.74734616
0.82213
0.8677103
0.86847883
0.7609818
0.8688506
0.93999314
0.87602353
0.8709973
0.9039926
0.6712931
0.70462966
0.92905915
0.87700015
0.74738306
0.88656676
0.88316864
0.8454158
0.9266891
0.7315405
0.81998676
0.9369849
0.8908454
0.83500725
0.91058815
0.8562825
0.8314264
0.8812926
0.79055214
0.830235
0.6238236
0.7823048
0.8662525
0.9450852
0.6308618
0.91199005
0.7751746
0.75912786
0.85688704
0.87836176
0.91592216
0.7905871
0.9024148
0.91323704
0.8267653
0.82754755
0.9598693
0.8800502
0.9399131
0.90396607
0.8974522
0.90539116
0.957448
0.8955824
0.9418035
0.877094
0.8652324
0.9069782
0.9067642
0.7458734
0.817322
0.9398221
0.7999958
0.86785865
0.9020321
0.8823743
0.79716974
0.86513144
0.6752882
0.85217714
0.7641974
0.846369
0.83528143
0.9138494
0.8222385
0.9181013
0.9221811
0.7817967
0.85437393
0.8687799
0.8916783
0.9283429
0.77866256
0.785839
0.8028887
0.76469994
0.88677603
0.7887506
0.6732004
0.8877449
0.92670393
0.8260408
0.90832496
0.950085
0.8948615
0.8627903
0.8087405
0.93625027
0.8644294
0.88962686
0.87890023
0.8259935
0.7916671
0.84040874
0.924806
0.94515866
0.8396354
0.9090179
0.8134464
0.79423857
0.90375155
0.406795
0.6272577
0.7729144
0.7760015
0.9043887
0.9675704
0.7933107
0.7941968
0.81189317
0.839854
0.83897305
0.8622693
0.8469914
0.8764857
0.80184484
0.97351474
0.8246366
0.7135664
0.8404837
0.785673
0.9031418
0.8853971
0.8029179
0.95916504
0.91481483
0.73915744
0.8645993
0.7309318
0.86824876
0.89258605
0.75739247
0.9078202
0.94670326
0.8266969
0.79717827
0.5661141
0.92715853
0.84466034
0.8734262
0.85450184
0.88571936
0.9409659
0.94939435
0.8695477
0.87954116
0.6726557
0.8942584
0.7715654
0.8849378
0.9350333
0.85531175
0.6439899
0.8340663
0.83803594
0.90121406
0.87071943
0.73325706
0.85768133
0.8157744
0.947826
0.8340501
0.82703763
0.8795236
0.8593837
0.85470885
0.7670705
0.927652
0.91566205
0.7431179
0.7751495
0.95595276
0.8648176
0.8554431
0.9106998
0.85291564
0.59576255
0.9067241
0.9761433
0.89877415
0.8499091
0.8380098
0.8646637
0.7717148
0.97275734
0.8069286
0.67888784
0.9195839
0.7238755
0.9301969
0.8362145
0.8210137
0.88963544
0.7157873
0.9537872
0.8758332
0.79565096
0.90290827
0.847508
0.8362655
0.73213327
0.8891257
0.6591752
0.8257396
0.73712844
0.952944
0.93201464
0.89807826
0.9285125
0.8662583
0.94650257
0.7412474
0.86220723
0.6125891
0.9204333
0.77954596
0.7463272
0.8711752
0.91518366
0.90122855
0.70736504
0.9433627
0.7758906
0.8826838
0.94717336
0.92926854
0.77843153
0.93309915
0.9097446
0.76012844
0.7616588
0.9023186
0.9434809
0.6848704
0.7338364
0.8454837
0.9494849
0.8948197
0.9200425
0.93871135
0.72585374
0.9347276
0.7803618
0.7491803
0.8246366
0.729973
0.6782762
0.85469186
0.9422011
0.8402287
0.82523906
0.7872563
0.82925034
0.91621953
0.9226268
0.88201183
0.849654
0.93862146
0.8046721
0.78746885
0.76479125
0.88539237
0.764145
0.89004713
0.8143339
0.9144634
0.81302226
0.8937032
0.91886425
0.94724953
0.7512512
0.79422766
0.9061446
0.8963283
0.87220335
0.8819799
0.78046405
0.84593457
0.4874808
0.70806444
0.8608918
0.84414697
0.8547214
0.8811014
0.8412717
0.7165186
0.88670856
0.933721
0.9298183
0.89563197
0.7848811
0.88108754
0.69311637
0.8837153
0.75671494
0.66866
0.7448566
0.9262268
0.819073
0.90329456
0.8959316
0.82873946
0.9315531
0.6473268
0.76536393
0.9092071
0.93217045
0.7435736
0.8910732
0.9084018
0.8648994
0.7783118
0.8560468
0.88410956
0.8895104
0.8942237
0.9323195
0.8771132
0.9185153
0.93429554
0.80886966
0.916488
0.878474
0.89751947
0.86332035
0.89064664
0.8948896
0.8961395
0.84253454
0.8873862
0.77157336
0.89553624
0.94294554
0.94470835
0.8870766
0.81242853
0.76285905
0.9218006
0.66253155
0.9524331
0.84486836
0.90139157
0.75706923
0.8673861
0.96189654
0.9516666
0.8726914
0.88393474
0.9602677
0.9348558
0.82665634
0.88738304
0.86166626
0.9420736
0.95819104
0.8692854
0.8255952
0.91629124
0.85834956
0.68826973
0.6882603
0.95284045
0.5883083
0.8927939
0.91085714
0.80015135
0.840971
0.9366774
0.8773658
0.751573
0.8864162
0.7196226
0.8419013
0.69828135
0.76896197
0.9509617
0.9572145
0.82830435
0.8768311
0.8410202
0.50602746
0.7668662
0.7810993
0.97264993
0.69827247
0.8677116
0.9037311
0.9552913
0.6588455
0.7697775
0.9056384
0.90692854
0.9170506
0.90753675
0.84792435
0.9733958
0.8489169
0.8174975
0.8586155
0.81459177
0.92608094
0.8452789
0.91594356
0.89067566
0.88879573
0.9182892
0.8492416
0.9640467
0.72082007
0.8964317
0.90249485
0.96765894
0.83938146
0.80952287
0.78749496
0.9235834
0.80219316
0.81851965
0.8808103
0.9122956
0.848202
0.7609682
0.9374391
0.84175056
0.77290845
0.8480418
0.8385613
0.8766545
0.8012376
0.913271
0.8981801
0.9532049
0.7888774
0.90715075
0.892095
0.87568426
0.93549573
0.85963356
0.84633005
0.88013685
0.684474
0.90211123
0.9741591
0.8505973
0.95097244
0.9128947
0.81013733
0.837883
0.87683594
0.82866776
0.86858207
0.9078442
0.8368771
0.86058336
0.8097965
0.8887639
0.6992972
0.95337415
0.8667713
0.90816224
0.9242699
0.90670156
0.9205461
0.868151
0.80554825
0.95980036
0.8385159
0.9110585
0.84031564
0.8348194
0.72042346
0.6680288
0.8194621
0.7936619
0.85253847
0.6977042
0.80495954
0.84489715
0.63675463
0.8227085
0.77638954
0.9125873
0.87772006
0.8613694
0.9514032
0.925384
0.74815685
0.8306618
0.94315344
0.7275594
0.8976086
0.8612273
0.7994242
0.84024084
0.87484354
0.71231633
0.9476317
0.93289685
0.69475335
0.901227
0.9348246
0.8151352
0.9445872
0.9395498
0.90529025
0.8879894
0.8849205
0.8747414
0.8332764
0.9244689
0.923001
0.9253478
0.817182
0.95560175
0.6824166
0.7565575
0.9232068
0.8916039
0.934755
0.781847
0.8706465
0.9623898
0.71861786
0.8763123
0.87483627
0.8937343
0.918169
0.9419215
0.8895238
0.901986
0.77532804
0.9337426
0.7836365
0.91379964
0.915743
0.8207244
0.9732014
0.9466875
0.8966441
0.88026404
0.9756118
0.8241651
0.71804905
0.7716668
0.8619506
0.92380327
0.94639593
0.9020691
0.9220499
0.8954983
0.96514666
0.95620555
0.91296834
0.816558
0.8282512
0.8872549
0.866172
0.8551472
0.9346585
0.67024744
0.9380059
0.8871454
0.7955326
0.8267464
0.77360433
0.77042013
0.9429277
0.91445345
0.85249704
0.89540076
0.84842587
0.7231138
0.8161044
0.8202355
0.95867443
0.91299975
0.9246909
0.8401785
0.96627253
0.89878356
0.9071037
0.7269062
0.9301303
0.9195887
0.9489181
0.8746442
0.8347604
0.92432016
0.7973678
0.82517016
0.88001686
0.95841944
0.9165903
0.8756053
0.6452807
0.7712692
0.94728506
0.9532313
0.7647363
0.90277547
0.9771648
0.9255518
0.72492987
0.9293331
0.92789626
0.81413853
0.9376494
0.68750745
0.8774347
0.8793878
0.66969883
0.9438978
0.87293017
0.8501547
0.79932845
0.8699124
0.7179571
0.92408
0.9115572
0.9109622
0.6470669
0.8505617
0.81173444
0.8545835
0.9275887
0.9399727
0.9142217
0.9195873
0.9379347
0.933479
0.9177634
0.94124055
0.9536207
0.7744886
0.88970894
0.8997282
0.84459376
0.8873836
0.7644621
0.825993
0.8357904
0.86930734
0.94103134
0.87866455
0.9309516
0.88234645
0.64330083
0.962739
0.86562175
0.91428256
0.92876256
0.82291806
0.7814425
0.79543567
0.83895034
0.88926274
0.8024314
0.8459362
0.9237368
0.8571322
0.85792106
0.8816155
0.8340471
0.88553834
0.89932024
0.9036526
0.9341471
0.7667811
0.8934291
0.88628435
0.8311006
0.93734974
0.8309321
0.87224764
0.726016
0.8766232
0.789769
0.905225
0.90005934
0.86742866
0.7578571
0.79142666
0.85891116
0.7236512
0.72462
0.7656828
0.9160454
0.89434206
0.87359047
0.8696386
0.96808374
0.8497708
0.89334095
0.9308668
0.84303
0.76555353
0.7772244
0.8010705
0.88362336
0.74032557
0.84110355
0.9264755
0.79175425
0.7626227
0.86880463
0.8960924
0.86896527
0.8355727
0.84579384
0.8531702
0.83146703
0.7441251
0.7620712
0.829506
0.8716036
0.8332865
0.82892627
0.814209
0.7198507
0.9265908
0.81235534
0.8946634
0.87936103
0.9062588
0.85178876
0.93277436
0.9449803
0.89153224
0.92472553
0.8294299
0.8543581
0.8809253
0.9584262
0.8458048
0.9572808
0.83631295
0.92042255
0.89416516
0.94880193
0.9522359
0.90214974
0.84449726
0.92635214
0.88234377
0.92297083
0.8810632
0.96464014
0.9056783
0.83085597
0.9670478
0.6918038
0.8195463
0.8820348
0.9369145
0.7268847
0.8575591
0.89639956
0.9545604
0.8896922
0.8471211
0.40401468
0.8884357
0.9047172
0.6642145
0.7984235
0.9500766
0.8819877
0.9325397
0.90210664
0.8164794
0.855586
0.7315968
0.98173946
0.8973742
0.77191085
0.8616936
0.93066144
0.81558126
0.9665428
0.9183495
0.780348
0.8379711
0.82846934
0.8147169
0.9483719
0.96445745
0.93917805
0.89014435
0.90892434
0.8165093
0.8718118
0.81730795
0.9606656
0.9227508
0.7248435
0.9604459
0.9731233
0.7422559
0.9173267
0.91586685
0.9267733
0.8678795
0.9569391
0.88131213
0.9182418
0.9016094
0.90782875
0.91896534
0.8546066
0.8789938
0.9301019
0.927303
0.9435815
0.9211995
0.74319273
0.8624608
0.802227
0.885836
0.8988406
0.85697377
0.7618075
0.9039631
0.903369
0.9638979
0.86257005
0.7658027
0.8965886
0.83290404
0.7175783
0.8476755
0.7609693
0.76682305
0.88008446
0.74551183
0.9409475
0.8866985
0.80812067
0.87388134
0.81994164
0.76400703
0.9584497
0.7413059
0.7796218
0.73663545
0.7565315
0.8442757
0.9220099
0.7945657
0.87013674
0.80296695
0.94824237
0.8394956
0.7099137
0.84080476
0.97064024
0.7905285
0.76078093
0.9131092
0.89625204
0.92139816
0.9402683
0.8967303
0.90412116
0.8803856
0.8807771
0.8601066
0.9199994
0.7441841
0.8355141
0.84399235
0.9715047
0.9347536
0.65963346
0.77327555
0.9156956
0.88726246
0.9546606
0.85489804
0.87438023
0.8522975
0.86064297
0.7935635
0.8049109
0.85792816
0.90402573
0.9044523
0.8303931
0.8482734
0.94070923
0.8943876
0.9100207
0.97338605
0.88390434
0.8493129
0.911534
0.75849044
0.8742325
0.802213
0.95293427
0.81446964
0.91429037
0.7869828
0.88611764
0.8647051
0.8149133
0.8313796
0.8178154
0.9111175
0.6951711
0.8219159
0.83146024
0.8432962
0.70532227
0.86449945
0.6529457
0.76804197
0.7371298
0.9267613
0.97576755
0.9053657
0.8237687
0.7794117
0.8016639
0.77942765
0.64415574
0.8328059
0.6395699
0.91253567
0.93650746
0.96738666
0.97326785
0.8338318
0.863961
0.86024296
0.88820535
0.91530144
0.9420555
0.8308338
0.6620136
0.86976093
0.5801919
0.9449533
0.90481895
0.7555042
0.8102788
0.9175363
0.79685503
0.7885705
0.90536207
0.9714414
0.9161255
0.78854716
0.917137
0.8522832
0.90880316
0.8334768
0.8521663
0.9380779
0.9583125
0.8519099
0.6291045
0.76101834
0.89230585
0.920332
0.9113531
0.8163921
0.82074654
0.637353
0.94492
0.66419584
0.91576207
0.9567577
0.77082515
0.88494396
0.9432768
0.951345
0.90777546
0.90479994
0.8276228
0.8316554
0.8479668
0.96885735
0.86502016
0.886144
0.93403596
0.81702626
0.70615894
0.84337306
0.85117304
0.9134587
0.66999125
0.8663695
0.76879704
0.7825583
0.90019315
0.9220944
0.79360926
0.9129498
0.9097489
0.8594392
0.92768246
0.9210054
0.85529995
0.8757329
0.91957283
0.65323454
0.9001726
0.9402799
0.79006463
0.79795676
0.93566877
0.9272765
0.8282713
0.8589426
0.8772261
0.9149218
0.9303971
0.8004765
0.88480586
0.7059468
0.8296412
0.92717123
0.9346934
0.90957385
0.7473891
0.82965064
0.809842
0.8476861
0.93563426
0.7830599
0.68943644
0.76089615
0.86394393
0.7433284
0.8742081
0.9156167
0.6597214
0.91289675
0.8316515
0.9115379
0.6476074
0.83207095
0.85504514
0.85518306
0.91442955
0.6423112
0.82902795
0.902946
0.95496166
0.9447589
0.8787136
0.8886699
0.7105863
0.8344301
0.87723625
0.85173994
0.9186321
0.88973004
0.8665358
0.81486076
0.9216278
0.8767939
0.91677475
0.8039578
0.9400766
0.75607497
0.86555135
0.78995395
0.7616269
0.9107931
0.9395865
0.8899275
0.9240993
0.95012933
0.7919862
0.8579705
0.9381345
0.8730644
0.8746393
0.8455941
0.83825094
0.93702626
0.9137026
0.9164437
0.82566875
0.8762304
0.85428846
0.9442111
0.90185195
0.8075176
0.83327574
0.8864848
0.73983073
0.7379453
0.95214176
0.9189514
0.9308857
0.8382985
0.8731879
0.72212213
0.91435575
0.7972185
0.93145585
0.9409756
0.9438067
0.9277754
0.881547
0.92597145
0.91429347
0.8485562
0.93167365
0.8675847
0.77474546
0.9585353
0.91992867
0.6986414
0.89467126
0.896098
0.904426
0.9547769
0.92393637
0.8473741
0.8904052
0.864735
0.89770156
0.90671545
0.8163987
0.8941306
0.85338
0.6944192
0.87164795
0.8260928
0.8520721
0.9321757
0.8397836
0.91119283
0.93166566
0.70419383
0.9093837
0.90740365
0.79485834
0.76323247
0.8262215
0.87985504
0.7528766
0.85664004
0.8464921
0.91350865
0.8868903
0.9083325
0.909656
0.9346695
0.86034995
0.8253887
0.7872835
0.6900132
0.8221364
0.8703282
0.8483852
0.86083496
0.90483165
0.84351486
0.8875332
0.9389005
0.87161523
0.9335173
0.9026271
0.8082506
0.71425927
0.837162
0.73166823
0.88013536
0.8979876
0.88364214
0.86203444
0.8262712
0.8201215
0.92288476
0.86245984
0.9027792
0.88484347
0.891745
0.86162233
0.8917441
0.9056084
0.8687885
0.7756803
0.8634744
0.8709582
0.9222312
0.8589224
0.7920175
0.8384868
0.9376914
0.9741385
0.91255337
0.91118026
0.7598902
0.84350574
0.9319906
0.8082195
0.85688615
0.93755585
0.84820616
0.968869
0.7743066
0.7967862
0.95014817
0.8544026
0.7377783
0.9067842
0.9366047
0.86788607
0.86759084
0.75518733
0.90228593
0.88982415
0.9019269
0.9498664
0.91966987
0.7853514
0.77086735
0.915301
0.6297369
0.6529117
0.80497164
0.7968714
0.85799557
0.91557074
0.79479355
0.71895003
0.82979053
0.87880737
0.6937821
0.82546085
0.83615315
0.8764735
0.79875976
0.93388987
0.88445294
0.844532
0.71134156
0.8665842
0.89231277
0.7467153
0.8723973
0.87493247
0.7967942
0.9805661
0.8835556
0.7766669
0.8796759
0.74778986
0.8211618
0.8928864
0.7381509
0.8459686
0.89617825
0.8015546
0.92988396
0.842894
0.7442475
0.9704414
0.93981075
0.89727247
0.9628588
0.7673028
0.8909515
0.8956065
0.902894
0.87372255
0.9073655
0.862103
0.90724134
0.9273912
0.7711989
0.9027794
0.7833541
0.9383614
0.80580515
0.943956
0.9241994
0.89634013
0.9062557
0.9436206
0.8487741
0.8926791
0.95101595
0.9081715
0.8548229
0.92790097
0.8709838
0.8480713
0.8836802
0.9069014
0.71927106
0.7996149
0.88962847
0.88819015
0.9033765
0.78670794
0.94085735
0.9250183
0.8172078
0.85681427
0.91187423
0.79733986
0.85649455
0.8340024
0.8685453
0.93901277
0.95332396
0.678125
0.6871812
0.82549846
0.97085714
0.8549596
0.83567137
0.9265561
0.84421146
0.93439823
0.78350055
0.725315
0.813663
0.8888931
0.8999626
0.9043998
0.96472836
0.88122845
0.86921215
0.88371795
0.7940972
0.626044
0.8764809
0.83795196
0.8643985
0.9285498
0.9464726
0.9130557
0.9055606
0.9170955
0.61524636
0.9476736
0.93348014
0.9312641
0.57915527
0.92122215
0.85872024
0.7750872
0.9370756
0.57081723
0.86141896
0.8085263
0.9710158
0.8948486
0.90897024
0.8594161
0.96098757
0.7796653
0.7282433
0.6928286
0.75425804
0.8140698
0.8551989
0.50592756
0.9091892
0.73695624
0.9360833
0.7796509
0.9656323
0.9284463
0.8223978
0.7528162
0.70422316
0.83475083
0.79943824
0.9426124
0.8925046
0.7333942
0.7204184
0.92784137
0.7437054
0.89695877
0.75272316
0.8847032
0.86796683
0.79083234
0.7815393
0.6767662
0.8747949
0.74054855
0.86497706
0.82788527
0.73151696
0.86442584
0.77875733
0.91213524
0.8722056
0.88311803
0.89591265
0.9516541
0.82739115
0.90848553
0.8348656
0.9649496
0.67807
0.81883085
0.9313059
0.87511736
0.87024784
0.80751216
0.8349534
0.71585387
0.8923936
0.82319355
0.89496845
0.83319426
0.9190801
0.7217739
0.8600291
0.7768297
0.9044646
0.74179995
0.86770296
0.870213
0.97177935
0.7997542
0.8084026
0.7608827
0.83431333
0.8753149
0.9138006
0.7939919
0.7818179
0.9102967
0.84155405
0.9084065
0.8622815
0.9602735
0.8822589
0.79935753
0.9226993
0.8033042
0.8388777
0.83072567
0.8984986
0.95018286
0.8967201
0.9683105
0.8993789
0.95367
0.8674695
0.94047374
0.90543073
0.80803436
0.43098524
0.8843415
0.92143404
0.7704821
0.847684
0.9437438
0.7742501
0.78186893
0.91519684
0.934788
0.92018574
0.8449436
0.8540936
0.94607407
0.75224435
0.80214006
0.8722875
0.88350296
0.95065355
0.9089575
0.9287128
0.8403942
0.8249556
0.93641186
0.8440084
0.81807894
0.8532041
0.89290935
0.7480196
0.85890687
0.8979287
0.80302566
0.95767105
0.82774734
0.89863944
0.8141244
0.94643503
0.90465426
0.8816434
0.9007012
0.83608043
0.8153137
0.8585582
0.9311075
0.87663144
0.9393918
0.89419705
0.8560012
0.7792871
0.77714705
0.84456384
0.71263146
0.839727
0.9274973
0.82403773
0.96510714
0.70338464
0.8122197
0.843168
0.91561675
0.9642264
0.89464283
0.85365295
0.9159645
0.8278371
0.80942416
0.9397276
0.7387243
0.87731045
0.9381501
0.92538863
0.94748825
0.8457381
0.9062433
0.9332922
0.9061126
0.8644799
0.90989596
0.9027209
0.87253404
0.9328088
0.8172926
0.8853838
0.9019973
0.94190246
0.87999225
0.8255033
0.9186956
0.8971528
0.8597019
0.85389763
0.9111023
0.67074645
0.92071974
0.8570151
0.8220215
0.86684674
0.9286846
0.8893246
0.9331645
0.92147905
0.9078981
0.87197894
0.88196504
0.7372267
0.79587835
0.87538004
0.6261888
0.7532245
0.73421544
0.7964582
0.87198204
0.83506334
0.8015968
0.87677693
0.8369378
0.8877728
0.9038205
0.7483461
0.8415216
0.8722389
0.81741035
0.89916205
0.88456833
0.8735732
0.8660946
0.6122329
0.91324395
0.948397
0.9123754
0.9050205
0.8209401
0.92889965
0.678913
0.81280303
0.9787992
0.82966775
0.8829594
0.88440746
0.8460072
0.9242658
0.79662186
0.79698426
0.8128077
0.7878337
0.8734001
0.6507224
0.921711
0.85442215
0.7066836
0.7376976
0.92500335
0.8204325
0.84524053
0.83648735
0.9517472
0.82483155
0.9643236
0.78547204
0.87336797
0.849784
0.75985557
0.88472426
0.930868
0.8311347
0.88557374
0.8029454
0.915294
0.9391693
0.93993556
0.83345836
0.86930645
0.8117404
0.86606526
0.86291516
0.8981685
0.8238753
0.91214544
0.8408952
0.73103994
0.734723
0.85887706
0.9471982
0.78821343
0.84022385
0.82779187
0.91010606
0.9153769
0.91175395
0.6073863
0.97102106
0.6687355
0.9432313
0.89120376
0.7745646
0.9650544
0.9105773
0.74003905
0.8000405
0.83477664
0.89129376
0.8806087
0.93093526
0.9346893
0.84760123
0.8277241
0.70205635
0.7449659
0.90527755
0.88892806
0.9620426
0.94107866
0.89201736
0.81446654
0.90712357
0.8701857
0.87614214
0.7603026
0.7048529
0.8025639
0.86367404
0.91453755
0.77324075
0.8546281
0.8488357
0.6059003
0.80396515
0.9249442
0.9595357
0.7564455
0.87347984
0.75194514
0.8911004
0.7322326
0.9596579
0.8415194
0.9454593
0.77378654
0.9731576
0.86853504
0.8896329
0.8143747
0.7844931
0.7962138
0.8205101
0.89464
0.68679196
0.8594795
0.92290914
0.9096148
0.87131846
0.79935694
0.85792005
0.8542546
0.852314
0.9601811
0.882071
0.7997649
0.87409216
0.7844608
0.8824733
0.97155786
0.92332894
0.9446899
0.8761788
0.82224053
0.80423814
0.8796504
0.9065978
0.90642345
0.93465126
0.7936322
0.81230164
0.82319415
0.9168886
0.8841406
0.9162391
0.83424973
0.8845728
0.9476392
0.94060767
0.7229978
0.8547234
0.86490417
0.70190424
0.92974675
0.7056041
0.81457174
0.9154261
0.92286766
0.8584888
0.95042396
0.7298559
0.7379144
0.71832407
0.6177469
0.83490276
0.71916103
0.8192338
0.7642034
0.8727051
0.91453147
0.913115
0.94385874
0.8662598
0.79815733
0.9008556
0.83142155
0.8784199
0.8728602
0.8581096
0.73870087
0.92539907
0.8227696
0.7695745
0.9285249
0.86889035
0.8458287
0.86318874
0.93417984
0.8424467
0.9520365
0.89026636
0.94077677
0.7679345
0.6972483
0.81665564
0.6275801
0.8377247
0.80965
0.9013858
0.8676604
0.7411337
0.84038556
0.9438311
0.8765896
0.8379754
0.9418336
0.87957764
0.76800925
0.8908209
0.8368084
0.9431356
0.77073693
0.8310939
0.6786104
0.8484534
0.9334812
0.96624875
0.8816631
0.9131123
0.9209314
0.90458536
0.7248241
0.8676165
0.812548
0.8805151
0.84427845
0.9485486
0.8656002
0.8417624
0.8877191
0.8520902
0.5257479
0.7515253
0.9534534
0.85866404
0.64198256
0.8502102
0.8895068
0.87172
0.7743348
0.90988576
0.7085598
0.85481274
0.79105455
0.7826471
0.7405257
0.8198863
0.7493497
0.85973907
0.94332343
0.86554366
0.94423884
0.9215602
0.8234353
0.89705205
0.9300333
0.92482734
0.8891668
0.79431975
0.97624147
0.83551234
0.76338774
0.92855775
0.9256737
0.8994093
0.8533615
0.9303459
0.901675
0.91399205
0.83727187
0.8710724
0.8736549
0.86161524
0.85054624
0.94005734
0.74234456
0.91932726
0.9002476
0.60655177
0.7537304
0.81213737
0.8434794
0.8414711
0.7687732
0.71316254
0.76638246
0.786487
0.7691008
0.89001787
0.95290697
0.93223596
0.96365637
0.64126885
0.6888957
0.8078116
0.8775219
0.9280002
0.8316092
0.83982396
0.9370107
0.8186379
0.83506256
0.9119539
0.87204695
0.709011
0.95039654
0.73762083
0.9305151
0.845798
0.7770809
0.9192506
0.8777451
0.91565883
0.7737327
0.769866
0.9137939
0.8629449
0.7162636
0.5949279
0.9096099
0.91866505
0.8678237
0.7969643
0.9502915
0.9104171
0.8434357
0.90066445
0.7189574
0.8652975
0.82151806
0.9610548
0.7628504
0.753747
0.9180585
0.7676917
0.8077888
0.9298085
0.9478913
0.9389157
0.7123351
0.7737175
0.8792836
0.8911023
0.86494714
0.8155974
0.81750274
0.93954664
0.8379907
0.8788913
0.86266434
0.7051903
0.6038116
0.8997852
0.95534396
0.87424695
0.84594303
0.8752741
0.9030178
0.8945729
0.71385765
0.74276197
0.9484972
0.7295624
0.8433118
0.7661284
0.95735043
0.96545285
0.84100765
0.8987069
0.85970414
0.821771
0.8836913
0.72742873
0.93702585
0.8546212
0.93947697
0.8224851
0.9336164
0.9352298
0.81325215
0.8920906
0.8405038
0.82792354
0.88536584
0.9325511
0.8594753
0.83033955
0.8919594
0.8882506
0.91342694
0.9217422
0.7017217
0.92018247
0.9284921
0.7888826
0.79192257
0.90458953
0.8607864
0.9018902
0.91924363
0.87558
0.64158976
0.882769
0.6478577
0.8933648
0.9191762
0.8723645
0.83213854
0.8951064
0.92020595
0.906419
0.801247
0.8230908
0.9138683
0.8915765
0.83044696
0.9620478
0.42806828
0.82272744
0.90619564
0.7162746
0.88641673
0.8941407
0.86880726
0.88151675
0.6999734
0.94403064
0.81506157
0.7020198
0.76467294
0.92783314
0.8908494
0.939215
0.8523662
0.84965056
0.9151688
0.89415014
0.91879594
0.9214971
0.9522643
0.7812791
0.94209874
0.8855884
0.92044175
0.88061875
0.750191
0.9165323
0.7607185
0.96808445
0.6545766
0.8064107
0.9593862
0.79697716
0.6381954
0.8657047
0.941922
0.88164854
0.8582144
0.9434651
0.90808517
0.8062117
0.86402833
0.9324167
0.96237034
0.84923923
0.9269315
0.7715505
0.77997327
0.94027394
0.93812996
0.8153263
0.89389426
0.5969893
0.8311862
0.85939157
0.9405936
0.8800283
0.92300206
0.8821784
0.9379864
0.87487006
0.9348253
0.88430643
0.81093854
0.85274446
0.72665924
0.8436773
0.96113867
0.83231765
0.92690456
0.910042
0.87147564
0.94264865
0.7252927
0.93758756
0.9305229
0.8428803
0.9707294
0.9575967
0.82018524
0.9195775
0.7887823
0.9579463
0.8015037
0.8938725
0.8499583
0.8993456
0.797696
0.9413697
0.9295763
0.84025323
0.7911703
0.90952575
0.93567955
0.9398075
0.86697817
0.9331866
0.91851485
0.7081195
0.943936
0.78143567
0.9455376
0.92367184
0.9456491
0.9130559
0.9180236
0.9462838
0.7383137
0.886209
0.8001447
0.94120806
0.84908503
0.8249465
0.889642
0.89617753
0.87820095
0.9609286
0.83424985
0.8486827
0.89784145
0.9015213
0.9477885
0.88697255
0.8485206
0.92178464
0.92654973
0.92321295
0.913961
0.7319684
0.9197023
0.88028836
0.8772558
0.8583237
0.6955135
0.9030993
0.9009954
0.90600175
0.922221
0.9328999
0.77953
0.8387829
0.8479835
0.98302025
0.6572296
0.9148271
0.8814212
0.921931
0.780851
0.834514
0.7921767
0.80402404
0.78737533
0.89183617
0.91003627
0.92062217
0.8323964
0.93983704
0.83481455
0.8288737
0.966226
0.86600477
0.9369106
0.8178942
0.8564787
0.96456295
0.82908356
0.95709157
0.9177766
0.9187479
0.91218436
0.90731645
0.9030338
0.9045369
0.86413264
0.92396855
0.8320556
0.9172837
0.94331956
0.84342366
0.8946427
0.9061481
0.8155925
0.8985215
0.840233
0.9076959
0.82290953
0.9264985
0.86325204
0.9396486
0.9059253
0.75826514
0.792516
0.936966
0.8446175
0.79604566
0.73970884
0.92328054
0.74418604
0.9012659
0.71308255
0.82677275
0.8072686
0.81625503
0.9643041
0.9127759
0.84289926
0.9552589
0.930102
0.9294712
0.79369825
0.5894648
0.88438183
0.78332776
0.8433593
0.8679647
0.8768331
0.8155781
0.9046024
0.915277
0.83491135
0.8669987
0.796151
0.8690433
0.86481774
0.8395259
0.96713406
0.86704844
0.8753617
0.7979403
0.5977614
0.88078463
0.75791025
0.9090814
0.78493595
0.72472566
0.85999674
0.77559745
0.84537405
0.8211799
0.7664528
0.91022116
0.88953054
0.7797789
0.8278194
0.749568
0.8105811
0.777005
0.93357474
0.7066722
0.8653786
0.8993749
0.95390254
0.9538258
0.9192277
0.8359953
0.8220745
0.8803211
0.87269616
0.8677932
0.6308969
0.87707496
0.8378989
0.9266605
0.82445395
0.86881465
0.89053214
0.9142369
0.9215918
0.91130775
0.57911867
0.9131764
0.92167336
0.76677996
0.9127494
0.8945584
0.68987215
0.742556
0.77673745
0.9142631
0.933018
0.9255371
0.9690844
0.7420507
0.76911235
0.90707463
0.9355746
0.8513758
0.754493
0.8669592
0.9067102
0.9142739
0.8111589
0.93284196
0.96626675
0.7023699
0.88003504
0.8879805
0.852433
0.9054686
0.7915129
0.7137289
0.761479
0.89443463
0.92841107
0.9213114
0.43921334
0.9094441
0.911306
0.89599
0.89758193
0.8722046
0.8548436
0.8684515
0.6769171
0.87850004
0.9291789
0.8777629
0.8780116
0.6175514
0.94720834
0.79479456
0.6823698
0.9294061
0.85148746
0.8149573
0.76613975
0.89533305
0.58531207
0.9223405
0.8895195
0.863688
0.97555083
0.59138185
0.9614193
0.9232613
0.9296279
0.68040735
0.86783844
0.85864604
0.8204081
0.628783
0.9809184
0.87875235
0.8852276
0.8935993
0.9505498
0.94176406
0.9161827
0.8777074
0.7922274
0.91251177
0.7707399
0.9210578
0.83579814
0.9301025
0.94941413
0.804348
0.9499202
0.6185144
0.91577244
0.76909125
0.7026886
0.8613093
0.8337259
0.8681652
0.90495956
0.8988994
0.9278822
0.817645
0.90240896
0.8745055
0.6226301
0.94176126
0.92966205
0.957116
0.89833236
0.9343972
0.86386126
0.85142994
0.75630796
0.8479618
0.8173821
0.87917554
0.8378465
0.90350854
0.9106698
0.9022737
0.7496385
0.7380171
0.75107074
0.95229304
0.87377036
0.9042978
0.94482386
0.90579104
0.79967576
0.80460787
0.921438
0.8769154
0.8930615
0.92855996
0.8047217
0.8640022
0.8408601
0.91549784
0.91813636
0.8600633
0.83426225
0.86860853
0.92726237
0.8222676
0.9147174
0.95438147
0.9760934
0.9254757
0.79749244
0.6129107
0.874605
0.8928707
0.84895027
0.86717856
0.9634588
0.84498864
0.9580089
0.8794872
0.68917227
0.8579817
0.85454506
0.89896214
0.80539864
0.7218979
0.8708651
0.77777654
0.86864257
0.9150605
0.6451451
0.7803112
0.846044
0.9207498
0.8798517
0.8774079
0.91689223
0.884657
0.71422035
0.8066888
0.8272501
0.67634934
0.80014527
0.81666124
0.9328759
0.86168927
0.91324854
0.93440694
0.79731876
0.856918
0.81295794
0.76471144
0.8798517
0.8972038
0.6228271
0.9355148
0.840941
0.8130384
0.85361916
0.9303129
0.83264405
0.93065125
0.6998054
0.8323368
0.9189869
0.7376375
0.81482697
0.8704142
0.8413899
0.9059037
0.8966493
0.7995629
0.8390267
0.96308964
0.8793448
0.94050246
0.8070924
0.86278063
0.90955895
0.87057173
0.9167918
0.6970862
0.76027334
0.93799245
0.8772853
0.9174285
0.95092374
0.8607929
0.6554378
0.8154227
0.92331815
0.87272954
0.94243944
0.66239643
0.95690167
0.76831067
0.87995106
0.90610486
0.8551881
0.9778307
0.88075614
0.9002286
0.7314131
0.65749025
0.81044567
0.7905152
0.7951987
0.8917254
0.9404246
0.89455366
0.7636805
0.9210968
0.9522098
0.944059
0.8112181
0.7998849
0.9614424
0.94644445
0.6418366
0.9701809
0.8911123
0.88584256
0.9285454
0.84439063
0.8787533
0.7949775
0.81915665
0.8637898
0.9153161
0.74469185
0.88541347
0.91761076
0.6271227
0.84222543
0.7176761
0.9141668
0.7368611
0.9501149
0.89106774
0.8875548
0.8839842
0.9409759
0.9304645
0.77248275
0.8758408
0.9247927
0.8906729
0.9119654
0.703769
0.7171785
0.8877994
0.86859095
0.8501923
0.9109399
0.8168216
0.816934
0.91942763
0.92601705
0.8702577
0.95835924
0.7032027
0.9334068
0.92103714
0.9597138
0.929881
0.7293923
0.7542004
0.8966458
0.9522816
0.7834683
0.81553966
0.92704904
0.8646328
0.8602117
0.807466
0.90528554
0.8286377
0.86780334
0.878458
0.5072006
0.8886728
0.7879048
0.8732798
0.9613809
0.93022573
0.95656836
0.7632542
0.72278464
0.6284236
0.95116544
0.8669433
0.84191173
0.8592416
0.88122606
0.69448084
0.82458615
0.65730375
0.885308
0.65218115
0.6532845
0.7265048
0.87393993
0.7447284
0.8369951
0.8960573
0.65666914
0.7644198
0.89356166
0.7122048
0.936952
0.82451546
0.8903308
0.744402
0.8848774
0.89771116
0.92031324
0.9257512
0.9004851
0.93303585
0.8878124
0.7598847
0.94756556
0.8399567
0.77578324
0.8240533
0.93322223
0.91129667
0.7411954
0.8449942
0.8787048
0.8195997
0.95455974
0.8518475
0.73046446
0.961282
0.892575
0.9358551
0.9298457
0.94725573
0.7062094
0.8659794
0.7622421
0.8595249
0.87145305
0.85456395
0.94765115
0.843204
0.8406582
0.8913289
0.9247159
0.9168662
0.89962304
0.7127315
0.8329367
0.9650543
0.7695596
0.59250885
0.91296124
0.8696435
0.8712279
0.8790878
0.94473
0.9397276
0.9386967
0.8867346
0.88926417
0.7843778
0.89504087
0.96154696
0.9058431
0.8432138
0.60771316
0.7968589
0.85859835
0.91742885
0.8082136
0.6573403
0.8588659
0.8478374
0.83819693
0.934518
0.84351885
0.5443452
0.85279036
0.784085
0.76309884
0.7991081
0.8897311
0.8578547
0.9157456
0.8798771
0.7639416
0.9316539
0.920302
0.7304649
0.90028226
0.9052678
0.90548724
0.9562706
0.9187552
0.8652308
0.9118103
0.72076887
0.9201728
0.86084795
0.9466069
0.9165471
0.9189148
0.94493353
0.9236457
0.6622436
0.8366091
0.90741116
0.8373169
0.912666
0.75785184
0.9344016
0.92740357
0.85005087
0.6649121
0.8139339
0.76525074
0.8630066
0.9353733
0.9383358
0.92832446
0.8974428
0.90944314
0.8548712
0.8668575
0.86317253
0.8385652
0.72038734
0.78826416
0.9199643
0.92946255
0.8651347
0.8512176
0.9202867
0.9330948
0.9067288
0.843573
0.8251833
0.8731486
0.74211687
0.90274405
0.86847705
0.9101657
0.92324424
0.7958654
0.8938147
0.8429199
0.36355698
0.890845
0.8809335
0.9661834
0.8670268
0.8900454
0.8531304
0.82810396
0.7726511
0.88367605
0.8558871
0.8379611
0.8794631
0.74391735
0.9034599
0.96283436
0.9273803
0.81789595
0.8663185
0.9723264
0.8549404
0.8777967
0.91639125
0.7179635
0.8753147
0.8074311
0.72646636
0.8378267
0.7868979
0.88993067
0.8233548
0.8730286
0.67903507
0.8958909
0.9110935
0.9023
0.90592915
0.8879577
0.9053974
0.90073174
0.8986236
0.9283777
0.7835654
0.90724945
0.8303969
0.97169816
0.92403924
0.9398836
0.66245234
0.91875684
0.8997094
0.8287796
0.6738977
0.72009015
0.92214096
0.8378185
0.9347911
0.90490305
0.8409444
0.92319095
0.47727412
0.8954092
0.9379391
0.8577119
0.85683393
0.8079866
0.90033704
0.86191225
0.8280324
0.6929788
0.9666814
0.79270387
0.85683006
0.88985354
0.87818336
0.92933965
0.82185644
0.7758524
0.6664854
0.85450405
0.92596203
0.8931346
0.7908623
0.77578163
0.9512399
0.91345745
0.7628241
0.81609875
0.97795415
0.90123844
0.923749
0.90047437
0.8865134
0.83254284
0.5237903
0.84936106
0.97285664
0.8201819
0.909534
0.9506334
0.90801984
0.85880065
0.9591191
0.9158598
0.73199856
0.77605784
0.933162
0.90755785
0.8461437
0.928351
0.7921008
0.64076877
0.9532154
0.8908553
0.81065565
0.86278427
0.8329476
0.857633
0.81561893
0.90258497
0.8318498
0.82985425
0.7724064
0.9325851
0.73929447
0.90874535
0.95552623
0.83599865
0.88335884
0.8730926
0.7607089
0.91681737
0.8647005
0.81714946
0.8824425
0.71458906
0.8629162
0.95123875
0.8748653
0.8764352
0.7649059
0.87513626
0.89944047
0.83396405
0.75738424
0.84951276
0.9508605
0.9617039
0.8928846
0.845946
0.8464769
0.7951002
0.9446323
0.9430649
0.7896782
0.8519698
0.8404547
0.54469633
0.7957371
0.8570261
0.5536554
0.9405893
0.88438195
0.88415784
0.8555698
0.8659914
0.90914387
0.821865
0.7279513
0.764809
0.8868788
0.88371366
0.9590737
0.86044204
0.8301401
0.7240199
0.9015685
0.9430427
0.7962867
0.8994439
0.8735469
0.73820245
0.9367704
0.815956
0.87989235
0.8610734
0.9441376
0.8817595
0.9675937
0.7838967
0.8411005
0.8952534
0.88680875
0.91791624
0.9195198
0.84070706
0.8577777
0.9342258
0.89773804
0.8155118
0.9531702
0.8607655
0.80050117
0.81765926
0.90123266
0.95687455
0.81309474
0.9346106
0.81286275
0.8789384
0.9095132
0.8823734
0.79009116
0.884659
0.903229
0.8559303
0.90480196
0.7886309
0.9394203
0.90833735
0.79158723
0.7658741
0.787915
0.92217094
0.95437926
0.97058684
0.8951571
0.88635814
0.93732446
0.68875504
0.83841395
0.70354
0.8506297
0.78710204
0.7424842
0.8595394
0.84047306
0.90941983
0.86479485
0.8903926
0.9251072
0.9380686
0.79081726
0.9296119
0.8967425
0.9476949
0.79592526
0.9224124
0.90235496
0.8335651
0.8136015
0.92785823
0.76885056
0.91934067
0.62602395
0.9126402
0.876805
0.72597516
0.89533484
0.9112894
0.8274776
0.91083413
0.940031
0.90007436
0.88477
0.886085
0.8858608
0.93985426
0.8672614
0.84788704
0.85683185
0.9332333
0.90267134
0.9410763
0.93130755
0.94266844
0.89325595
0.9303851
0.8238351
0.9105107
0.8824676
0.94446635
0.77167404
0.95719457
0.7416188
0.9411598
0.62554157
0.8094668
0.82596976
0.9177274
0.97950375
0.91870064
0.8637288
0.97535235
0.848365
0.87075496
0.85623425
0.90470076
0.8731306
0.96037525
0.86302996
0.86472356
0.936805
0.87998366
0.9517544
0.9413904
0.87333435
0.86137617
0.73231816
0.97854275
0.85895437
0.7749154
0.9076077
0.81055474
0.86911196
0.8544821
0.89038956
0.8416142
0.9321255
0.92458093
0.79075974
0.89562994
0.7491256
0.87862396
0.8208435
0.6818613
0.95551074
0.8345626
0.9515618
0.9379288
0.9281914
0.6333278
0.92128223
0.85132366
0.87497884
0.9263803
0.8924351
0.9490895
0.77571464
0.87990564
0.8680891
0.868925
0.9574201
0.96236944
0.86889434
0.88988453
0.79055566
0.84236157
0.9192372
0.86927456
0.9077233
0.86425483
0.95442563
0.92836857
0.8582587
0.9085232
0.84150726
0.9227171
0.94025093
0.89426434
0.846201
0.73704535
0.8128492
0.5245702
0.87421983
0.8698985
0.8487164
0.86556864
0.9304942
0.9240999
0.84551764
0.6334171
0.7064474
0.81880254
0.9356529
0.731948
0.81821054
0.7833219
0.70985365
0.87925553
0.88478744
0.9304943
0.90184045
0.81915337
0.7231646
0.9267351
0.83739036
0.9051484
0.82593644
0.8803036
0.79809153
0.87135565
0.8463942
0.75799257
0.8999804
0.8510007
0.9105561
0.9175084
0.8295478
0.8496938
0.90218514
0.9325649
0.6621863
0.9105494
0.87462926
0.9013114
0.8467399
0.90181214
0.71896374
0.82026994
0.90171224
0.8726577
0.90244806
0.9464727
0.9260106
0.70667523
0.88382196
0.8307688
0.37436444
0.780961
0.88918525
0.81141967
0.7940204
0.84886986
0.8306066
0.6902495
0.9425287
0.82391137
0.8973425
0.8327917
0.8884667
0.8733168
0.852883
0.880707
0.83165264
0.85312897
0.8916729
0.8054392
0.64545196
0.86011434
0.83065116
0.53551936
0.92192626
0.8183521
0.7905511
0.9150828
0.7511519
0.9178193
0.92636955
0.91473633
0.84948605
0.8734108
0.77260494
0.76269174
0.8437572
0.9055077
0.96254754
0.9268807
0.8393531
0.81482565
0.8859636
0.86944216
0.965552
0.778921
0.94086635
0.6075371
0.73411477
0.87788105
0.8210777
0.8302639
0.8331182
0.93148345
0.92870814
0.90183264
0.8130249
0.8980101
0.80625594
0.8593862
0.81705475
0.9309749
0.8507192
0.8944265
0.85531986
0.73439103
0.9694397
0.88723034
0.9683445
0.89737993
0.67530584
0.86427367
0.96695834
0.7750731
0.9562337
0.97510254
0.84348595
0.8579953
0.8490741
0.875686
0.83008873
0.90313166
0.85199726
0.8887715
0.73087174
0.86706895
0.6857524
0.8128513
0.89137614
0.77999073
0.90924454
0.8425343
0.9397331
0.85923356
0.83333355
0.9179084
0.934928
0.9346681
0.90474266
0.89608157
0.9277176
0.89060175
0.555094
0.9587561
0.8749239
0.5603082
0.69922197
0.8873378
0.70209193
0.8602614
0.75828135
0.9739416
0.96314704
0.92657554
0.88786006
0.8682486
0.760577
0.8505446
0.6687356
0.87332124
0.9294747
0.90630585
0.9494618
0.86748224
0.5407103
0.898469
0.93463856
0.84761286
0.85082793
0.7706885
0.9450712
0.8360695
0.92924774
0.971289
0.7745018
0.92221504
0.874786
0.8683531
0.8474015
0.6825012
0.7116965
0.9540451
0.8662746
0.9474827
0.9123043
0.9392176
0.8331615
0.83063877
0.8064869
0.8551078
0.8946962
0.62878704
0.8503745
0.88839483
0.94763184
0.893374
0.54890186
0.76408356
0.8354594
0.76791966
0.86422276
0.9061904
0.90889704
0.86290216
0.8800566
0.855607
0.85572714
0.82652384
0.9400665
0.9508136
0.872087
0.7850431
0.7837987
0.74813557
0.8035861
0.905034
0.8603932
0.7972739
0.9549846
0.68809736
0.6376489
0.9136124
0.9452105
0.8362488
0.8554871
0.71352303
0.8399181
0.63399065
0.9139545
0.8660299
0.8363231
0.8285606
0.8819361
0.94073814
0.83660614
0.83936536
0.6584988
0.854496
0.6377969
0.7290102
0.86159873
0.9297222
0.84661424
0.7339342
0.87736046
0.9049628
0.84776735
0.82841456
0.7260552
0.94270194
0.96183336
0.8000752
0.90945303
0.6326825
0.8816428
0.846368
0.7561178
0.78141403
0.9458269
0.941743
0.8866899
0.8515917
0.87932754
0.86611134
0.70302755
0.72047937
0.91585827
0.8033788
0.91552985
0.93011427
0.7822286
0.7938635
0.7931335
0.87753356
0.84301716
0.79488957
0.9347452
0.9375284
0.8176694
0.813811
0.8538377
0.9363487
0.8833976
0.73234534
0.94707847
0.76376075
0.90534467
0.8464636
0.9071554
0.7315306
0.83716977
0.8766472
0.89605904
0.9460112
0.850469
0.7497766
0.811417
0.86465687
0.81080997
0.8765178
0.9278238
0.9408997
0.9409257
0.82824695
0.81263345
0.9183128
0.8210537
0.94517565
0.8618903
0.8403326
0.821921
0.79883546
0.8519972
0.68571645
0.7346816
0.8116707
0.8401781
0.87910795
0.6735002
0.94606084
0.8316998
0.87011224
0.83814275
0.81518835
0.8961089
0.7808201
0.8399893
0.9007253
0.94291484
0.9301292
0.82453835
0.8716426
0.6858599
0.8031318
0.93009233
0.8433143
0.7288466
0.68401134
0.8834024
0.8449258
0.8857075
0.7185748
0.4989035
0.88164425
0.9472054
0.89737356
0.7581213
0.9094603
0.84082276
0.9405765
0.78571814
0.83693385
0.6504362
0.8330766
0.7562833
0.915926
0.96000683
0.73782265
0.87675536
0.6004678
0.86351585
0.86761475
0.65902495
0.8297651
0.879075
0.86925095
0.93242294
0.9015274
0.8208215
0.95049584
0.92291874
0.87288934
0.7026448
0.8650258
0.8743284
0.9180135
0.75704974
0.9431679
0.8922294
0.9267227
0.9541585
0.76689315
0.88557065
0.5990978
0.6276561
0.57207745
0.87407255
0.8390978
0.8843882
0.8917999
0.56924886
0.9230813
0.9225768
0.9441604
0.8102497
0.78243047
0.8030838
0.9194939
0.8820504
0.9562382
0.82268625
0.8872893
0.7022191
0.7964934
0.9234478
0.91310495
0.8573977
0.9077343
0.8419646
0.87456465
0.74840355
0.9117298
0.75671506
0.9383504
0.92783964
0.8852236
0.938473
0.8658105
0.9046874
0.9458292
0.86192966
0.9081962
0.8825903
0.86027807
0.93434817
0.81576127
0.9412777
0.9013824
0.9283859
0.88965786
0.89596415
0.90297496
0.9637971
0.91895163
0.8003652
0.8436212
0.9759917
0.8466159
0.9274265
0.94100595
0.8581734
0.8176699
0.9520799
0.88815165
0.89552873
0.8747741
0.9470257
0.86767256
0.944364
0.7780563
0.8711423
0.8556721
0.67255324
0.7125958
0.8906443
0.89197016
0.9122134
0.95291644
0.95917606
0.9059567
0.9189011
0.81209916
0.90075105
0.7883654
0.76341605
0.86528385
0.9533907
0.6476418
0.8728086
0.86899734
0.8598663
0.84082156
0.9487763
0.9128195
0.8917562
0.8091981
0.958231
0.9390101
0.75898373
0.9179247
0.9589492
0.8684801
0.83242285
0.8647712
0.89081204
0.9183998
0.89176047
0.78814834
0.9051228
0.7469295
0.7671428
0.88396055
0.73803484
0.9398587
0.78024554
0.86681074
0.77413094
0.84308904
0.86903626
0.8936986
0.8718513
0.88188905
0.7964727
0.7771412
0.94777834
0.75058544
0.840309
0.7806016
0.90308774
0.8877683
0.91067815
0.9337915
0.8796378
0.6977532
0.9190039
0.8788113
0.9144871
0.9145358
0.91021913
0.94499075
0.85739005
0.85261166
0.9168004
0.8618359
0.80398124
0.8181647
0.7368879
0.86447245
0.8789024
0.9117072
0.9061401
0.85173976
0.6787229
0.7835954
0.66361576
0.9293399
0.90908587
0.77389014
0.91215706
0.8672782
0.8183396
0.6050029
0.90906125
0.9244027
0.7333177
0.866663
0.8201057
0.9244084
0.79055977
0.9542654
0.9219923
0.7052124
0.83584625
0.69520193
0.7433884
0.9320263
0.88145804
0.859087
0.9454339
0.81504494
0.8487711
0.84779185
0.8147135
0.9062314
0.9008792
0.8797225
0.7175658
0.78408587
0.88970196
0.87611985
0.8885275
0.9411917
0.7438432
0.722369
0.938078
0.86639255
0.92155474
0.9369929
0.9549619
0.9256648
0.8772795
0.93635786
0.9557371
0.8839055
0.87650454
0.82052153
0.9013274
0.7379583
0.7910768
0.8379925
0.7997698
0.87394273
0.91208947
0.789754
0.7534074
0.9363189
0.882596
0.93345946
0.8725515
0.872859
0.8722336
0.9180037
0.7652096
0.7740098
0.95588434
0.8465381
0.74892044
0.8188805
0.8558678
0.79841673
0.8625679
0.8267785
0.8108842
0.76786107
0.9129601
0.91662985
0.4107081
0.8535013
0.89010644
0.8502196
0.89209056
0.84096825
0.9323857
0.86382365
0.86036193
0.757372
0.82681894
0.86036855
0.75060517
0.94672257
0.9170969
0.91180944
0.783023
0.86455095
0.7824294
0.8428973
0.95675886
0.8608025
0.637694
0.78741413
0.78332376
0.78859985
0.82039857
0.86963
0.7393453
0.90674305
0.83035606
0.78206134
0.85232764
0.93549985
0.8291408
0.7531631
0.77704394
0.9332032
0.78584206
0.91231775
0.7660809
0.86688197
0.9035522
0.77147603
0.883647
0.93114775
0.90249556
0.74032664
0.9733387
0.82451653
0.7946973
0.722619
0.8784381
0.89052075
0.7905833
0.8119389
0.7079489
0.89461505
0.8153492
0.7750366
0.83362335
0.89902633
0.9200442
0.87044024
0.9171096
0.75819546
0.8688008
0.8832402
0.942625
0.70480376
0.77433395
0.82931614
0.9192259
0.8107426
0.9009316
0.8865595
0.96164674
0.95553917
0.74344933
0.878613
0.87714535
0.74417126
0.9009897
0.93913394
0.8796098
0.8646862
0.8362505
0.8159286
0.76093876
0.89733243
0.87275946
0.86511207
0.8548654
0.8674134
0.876487
0.9084291
0.9542122
0.6161114
0.9106565
0.766172
0.9670825
0.5305222
0.8467443
0.6891228
0.82586175
0.95394665
0.7700026
0.87704206
0.7981292
0.83724916
0.93983936
0.77243423
0.928442
0.7721318
0.9037833
0.92859054
0.7527448
0.87718934
0.901065
0.76675916
0.879789
0.91552484
0.879943
0.93739766
0.8903827
0.85668945
0.7978847
0.84637237
0.93235624
0.7730483
0.62386644
0.92585695
0.9026123
0.9050164
0.94997233
0.94169855
0.8934567
0.82428193
0.88655865
0.93608874
0.910993
0.87054276
0.8800161
0.87034154
0.90236485
0.9608255
0.9410057
0.88710785
0.7361021
0.9588908
0.79708195
0.60736203
0.7834845
0.97066903
0.85138273
0.93825513
0.76449174
0.90986264
0.96041006
0.8897476
0.9193827
0.7706039
0.901008
0.5125038
0.707392
0.8198551
0.8238685
0.926081
0.74428093
0.8568178
0.89008105
0.85966116
0.75223607
0.8701645
0.60862744
0.91897744
0.81745476
0.91454715
0.9473356
0.9481957
0.8343832
0.9008256
0.81830287
0.8972558
0.8989683
0.83582574
0.92885435
0.8401756
0.7224651
0.9032428
0.90285087
0.90398854
0.80152047
0.8470659
0.9498097
0.9356939
0.8870844
0.8932232
0.9075868
0.725206
0.96125823
0.8410988
0.9115121
0.8370727
0.90710485
0.80650604
0.4566732
0.9346597
0.9178706
0.81037116
0.67906153
0.7720092
0.9365921
0.9309046
0.8174408
0.90117717
0.8293134
0.7540418
0.8781032
0.75425655
0.921448
0.82405734
0.77883595
0.96582156
0.80172926
0.84488153
0.91752756
0.8677057
0.8357087
0.9058664
0.8037256
0.6970434
0.9042291
0.7438407
0.80868846
0.9321091
0.74698657
0.85204905
0.9643683
0.9028516
0.7782494
0.7994461
0.784766
0.77611226
0.86509305
0.82567847
0.7886154
0.91535276
0.92368525
0.8620951
0.92478055
0.7315948
0.93845433
0.82271814
0.94816107
0.8848601
0.9223284
0.9484023
0.92196995
0.89629406
0.87347406
0.9132958
0.9483892
0.74933565
0.91687775
0.6049433
0.89945424
0.9410487
0.86906785
0.7451391
0.92200184
0.8496208
0.6430045
0.8873824
0.8682749
0.71246934
0.8289184
0.9207411
0.8772613
0.8618794
0.8335729
0.81945944
0.87594855
0.8325232
0.856132
0.96556175
0.9603044
0.9096776
0.9063935
0.8160701
0.8914925
0.85542583
0.8747462
0.9173255
0.85987717
0.87864643
0.68016565
0.9498204
0.84691566
0.93760896
0.88135076
0.6742682
0.8497554
0.8445278
0.8558114
0.8781155
0.85771537
0.7423085
0.8781638
0.7444403
0.9610037
0.9004189
0.95479065
0.9099169
0.9659698
0.8500831
0.9296359
0.6441864
0.8773333
0.8478994
0.8867478
0.88033503
0.9177744
0.7781267
0.82320786
0.94942087
0.8992941
0.8888713
0.9503068
0.82283056
0.8033662
0.8398501
0.6231423
0.8035054
0.90427375
0.9023104
0.791553
0.8467318
0.92765236
0.957766
0.9094956
0.8437204
0.4474763
0.7932862
0.9154149
0.8482163
0.84499246
0.7244956
0.91789937
0.9247831
0.6262741
0.9430001
0.8679101
0.83282155
0.8328544
0.8833325
0.8102207
0.82931614
0.7972112
0.7474851
0.82925236
0.7985463
0.5989163
0.96540475
0.8593704
0.79460603
0.8534139
0.91891026
0.9290025
0.92956
0.5456173
0.8681576
0.82125527
0.89950407
0.82019836
0.7216165
0.9025145
0.8307929
0.84778804
0.9006934
0.87823176
0.8654247
0.92252755
0.84031427
0.87215763
0.88171893
0.7286449
0.7881035
0.8134603
0.834918
0.89823854
0.88351375
0.943276
0.87859035
0.8575592
0.7923181
0.8271674
0.8861119
0.79443204
0.8066147
0.9710664
0.75043315
0.93445516
0.9118129
0.9084014
0.8589326
0.8646056
0.9218056
0.91239876
0.94599
0.82209474
0.84991556
0.9082174
0.92031026
0.8282289
0.779772
0.9221843
0.94841486
0.83102584
0.8285837
0.8269241
0.8694847
0.8685157
0.96378297
0.975246
0.9643298
0.9017255
0.854499
0.8598025
0.7341957
0.94505197
0.71381485
0.7688467
0.75115836
0.7622934
0.6025821
0.8722166
0.87507415
0.7928914
0.77145076
0.74522406
0.8915638
0.7771803
0.87322235
0.94355845
0.94502425
0.7991685
0.6444959
0.8825581
0.8291525
0.89383316
0.65763396
0.93266696
0.78393084
0.9659023
0.87811935
0.81381285
0.7927032
0.73354554
0.9375998
0.85986763
0.94832164
0.88468903
0.90286624
0.73708075
0.9322071
0.7896446
0.8456985
0.8951033
0.8880754
0.88715094
0.6811241
0.77860546
0.81223965
0.9036424
0.8194538
0.92383087
0.80077654
0.6528835
0.8212227
0.9592569
0.79622805
0.9651831
0.87723994
0.77642757
0.83652127
0.85975635
0.86968094
0.69829965
0.93216205
0.8718446
0.899174
0.8040112
0.8223555
0.80447567
0.8444971
0.74516153
0.88626134
0.93883586
0.87175435
0.9502597
0.75144297
0.7633247
0.9298483
0.87233007
0.87185985
0.87263346
0.7412789
0.67934775
0.908511
0.909941
0.89954925
0.9276331
0.92843264
0.84808505
0.91489446
0.6350401
0.90562224
0.9574977
0.8689953
0.9212032
0.84975475
0.94714594
0.7799539
0.83169144
0.8480193
0.9513206
0.7267639
0.8113706
0.80635667
0.632769
0.92036486
0.9066227
0.9504113
0.92324775
0.93669367
0.68062216
0.9358642
0.8458785
0.8359562
0.87060255
0.8746866
0.8668256
0.7814817
0.87107617
0.89395756
0.821845
0.88264966
0.69936436
0.6117993
0.8722068
0.8727871
0.8566557
0.92433214
0.64435136
0.8310243
0.8788761
0.9194496
0.89841187
0.8912462
0.8516319
0.9491543
0.77977204
0.9246361
0.7720703
0.9214736
0.74204755
0.818068
0.9123787
0.8010213
0.8099477
0.91448444
0.87909913
0.8530584
0.8618854
0.8467156
0.8685194
0.85593045
0.82064575
0.78520846
0.85576856
0.93127084
0.9211201
0.8545796
0.8775744
0.70630914
0.7527334
0.88220954
0.7230812
0.79057163
0.7601486
0.8329606
0.9185988
0.9024293
0.8212275
0.81148654
0.7807304
0.7945003
0.7101371
0.838619
0.8884803
0.86264503
0.91590655
0.8750727
0.8327989
0.8837949
0.80596644
0.87273574
0.8818656
0.7505832
0.94210625
0.95144343
0.8137162
0.7713089
0.892279
0.8489634
0.9363072
0.817037
0.68966943
0.93707186
0.8490689
0.8862538
0.51137984
0.5556703
0.92088175
0.92200387
0.80101883
0.7729142
0.9648462
0.88352466
0.9469198
0.76461387
0.90170217
0.8555284
0.9577893
0.7490432
0.842686
0.92898536
0.7545232
0.7447909
0.59317195
0.97137105
0.78652763
0.83258057
0.7165265
0.7592338
0.6601104
0.93686175
0.8826343
0.958459
0.89233726
0.92066646
0.82215405
0.9333844
0.81060296
0.91828406
0.73169637
0.7791713
0.8664864
0.82155424
0.74516135
0.8563396
0.6472385
0.8179883
0.89919263
0.82273257
0.9165651
0.87718177
0.73047864
0.73216856
0.81179523
0.82842594
0.8453368
0.88540125
0.64414215
0.77271575
0.87773216
0.87322855
0.9593207
0.87417847
0.78724015
0.732506
0.9094815
0.71650416
0.8288937
0.93062115
0.9493587
0.7808491
0.96717477
0.84352237
0.9453042
0.9360474
0.8289447
0.91913956
0.9457827
0.8420854
0.91106665
0.81638473
0.9712755
0.89753747
0.6960269
0.8636513
0.9488199
0.898577
0.79411083
0.94870096
0.9297676
0.9110913
0.7149826
0.9114594
0.82629716
0.8500335
0.965791
0.86356086
0.8586277
0.89932615
0.8903113
0.83722126
0.9074526
0.8932832
0.82960033
0.83285946
0.895778
0.71277833
0.86045223
0.813312
0.7858799
0.8748139
0.88079906
0.8734308
0.73025125
0.9018148
0.9008198
0.8034427
0.6487237
0.8017309
0.83423436
0.746871
0.81892496
0.77266777
0.7910667
0.7671078
0.8739529
0.7332357
0.8873962
0.8081678
0.65152407
0.88705814
0.96738696
0.8656878
0.86100674
0.9165162
0.77724755
0.48635083
0.82996446
0.946089
0.89354146
0.7059864
0.8159422
0.8789169
0.8260838
0.74269724
0.944928
0.76684344
0.950541
0.8670117
0.7881055
0.94651186
0.8592974
0.74442774
0.8450842
0.91278785
0.84270984
0.9122049
0.7978261
0.90032065
0.8432219
0.8114158
0.94728816
0.83519864
0.860457
0.88419104
0.73126566
0.8679796
0.7971104
0.91797245
0.8275876
0.72430545
0.77573097
0.73497295
0.7788896
0.7785403
0.691912
0.7416004
0.7835365
0.8927162
0.76274526
0.9695665
0.8439977
0.88732904
0.73173064
0.763654
0.88206047
0.9645113
0.8437377
0.95014226
0.89542675
0.8615283
0.90528715
0.7719737
0.89141184
0.8487215
0.75333685
0.6918846
0.93514335
0.91306216
0.892447
0.780279
0.8500172
0.92110187
0.9349504
0.8162836
0.91878796
0.83597386
0.8480974
0.90485287
0.74205184
0.7218239
0.9100615
0.87186736
0.87900066
0.93240047
0.9312906
0.9613365
0.952772
0.87517285
0.9626843
0.9002746
0.86122555
0.8228898
0.8162317
0.9187868
0.6594168
0.9302174
0.7889683
0.81623584
0.8798042
0.8118601
0.8488213
0.9229567
0.8858708
0.73090863
0.7677318
0.9062167
0.79489386
0.87699956
0.68628514
0.8866245
0.6400571
0.7777158
0.92244804
0.8762815
0.8295555
0.88001406
0.79628235
0.730487
0.7941918
0.936831
0.735671
0.82046986
0.7654909
0.8030372
0.835251
0.7922896
0.9359018
0.937102
0.9080675
0.8831799
0.8287238
0.921142
0.76989025
0.8372528
0.76649666
0.93451357
0.8984439
0.94261575
0.95360553
0.715134
0.6364081
0.84161425
0.767091
0.70809054
0.95738673
0.8863393
0.86398894
0.74036115
0.8288471
0.9143292
0.85626924
0.90881914
0.93915665
0.91442204
0.84332377
0.8547706
0.969609
0.9086243
0.9130204
0.88140416
0.8586168
0.9238552
0.7390767
0.8130051
0.7997247
0.93484175
0.8567094
0.8163399
0.79794836
0.94574237
0.94536215
0.8722464
0.8692697
0.7994378
0.87936264
0.7479933
0.88000435
0.8131591
0.90398973
0.6749637
0.5725931
0.89241636
0.8608668
0.9040638
0.9023203
0.81445986
0.93462384
0.86431426
0.8731137
0.94815224
0.7683513
0.88084686
0.8642396
0.9178533
0.852512
0.7525626
0.8545416
0.8545196
0.92737764
0.7403799
0.8810282
0.96865493
0.8326666
0.8362568
0.7345984
0.94005287
0.81011707
0.903622
0.9032772
0.66787064
0.77219725
0.67478347
0.87986463
0.6985306
0.6759642
0.9235324
0.8722241
0.7040154
0.90388966
0.88567954
0.89251894
0.9612992
0.7115219
0.8158214
0.8890069
0.81157786
0.680288
0.70816725
0.8022337
0.8567668
0.9469454
0.73389876
0.8812232
0.77874696
0.8040639
0.79033
0.7434944
0.95245135
0.81825805
0.82716453
0.93320554
0.86618596
0.95913815
0.90357375
0.9195698
0.8169285
0.7379723
0.9680323
0.80696774
0.8289963
0.8655002
0.90905195
0.77245194
0.8960858
0.68927485
0.7794283
0.86560714
0.90321505
0.80026084
0.8989078
0.64726263
0.89113736
0.8953166
0.8020801
0.91901976
0.7818551
0.86957204
0.64551884
0.8873214
0.8410842
0.91217154
0.7505484
0.84323734
0.56897974
0.948019
0.79818964
0.78549045
0.80430245
0.76224923
0.8609348
0.90406907
0.8572593
0.9529874
0.7121935
0.9496752
0.86252
0.90508336
0.8496391
0.74642277
0.8768095
0.82735395
0.8794856
0.68844265
0.8839168
0.94888026
0.69612736
0.82195234
0.85432243
0.91082597
0.8941729
0.80610824
0.91003746
0.71127003
0.76046497
0.9341394
0.8860971
0.66445017
0.8864761
0.9274617
0.760954
0.94674295
0.8824548
0.90882415
0.8950536
0.9250468
0.81860775
0.749158
0.8216386
0.8926534
0.91073424
0.88284904
0.7180712
0.77558243
0.79201114
0.85944736
0.84301925
0.9476242
0.7292683
0.89356023
0.8350058
0.8878983
0.9171114
0.6407073
0.90079707
0.75884926
0.90349597
0.9061
0.7858348
0.79319566
0.8738768
0.72409505
0.8189802
0.86058265
0.95418847
0.8833351
0.86984146
0.8479952
0.95872885
0.9433054
0.862834
0.73111933
0.80506665
0.8755342
0.80795085
0.8452262
0.76083845
0.8600134
0.9370434
0.6819318
0.8884422
0.8427291
0.8799995
0.7299873
0.9039899
0.87976825
0.8905532
0.9196511
0.85084647
0.7711456
0.8723473
0.6771139
0.8789288
0.8455408
0.92998946
0.7450488
0.7664457
0.8668174
0.8641881
0.6644956
0.8520515
0.89351416
0.85100234
0.71352845
0.8499011
0.85685265
0.86839783
0.91803426
0.9456743
0.82532674
0.873117
0.81226957
0.92002475
0.8387535
0.9017123
0.86309123
0.8318229
0.8314521
0.9281227
0.89784414
0.9314715
0.84844273
0.847742
0.85909176
0.8248526
0.7638314
0.7903899
0.90822643
0.9034444
0.91783595
0.86368096
0.85831165
0.7644899
0.8166435
0.90339017
0.9579472
0.86874163
0.93832225
0.9411293
0.9632394
0.82936054
0.9197136
0.878569
0.94375217
0.92305595
0.872038
0.7377374
0.8654441
0.9536514
0.86823493
0.8327118
0.7901757
0.823477
0.7523933
0.56025
0.76672
0.912406
0.5445665
0.7945471
0.87290585
0.84823
0.7954359
0.8068675
0.8703287
0.83313257
0.81803685
0.8942177
0.8595116
0.82915294
0.90618074
0.96424913
0.78775215
0.9252713
0.89649993
0.9196925
0.4588535
0.8397661
0.8012079
0.65398335
0.7710282
0.8789657
0.8342184
0.9423287
0.89403903
0.7856825
0.8293565
0.7419789
0.8257394
0.82900465
0.7401776
0.9644797
0.7905372
0.8884598
0.81372076
0.90018564
0.8381027
0.9518328
0.89839685
0.7227964
0.81086946
0.8354621
0.8904189
0.9307463
0.7816551
0.7666712
0.96726173
0.7829455
0.6660404
0.8237776
0.8353108
0.8790488
0.915297
0.79025
0.9139911
0.8721056
0.86390364
0.8077892
0.90667874
0.9024639
0.9545858
0.9346311
0.89825994
0.8456759
0.8299103
0.7881325
0.84106797
0.8258153
0.77894413
0.82792354
0.8538011
0.86954796
0.78327626
0.52670366
0.83152604
0.9338634
0.6934674
0.7506697
0.86044097
0.86079544
0.90463483
0.8753293
0.86673737
0.87162477
0.92831606
0.9266795
0.8738771
0.7593308
0.9221825
0.8923088
0.7865444
0.86645734
0.8496251
0.84814405
0.77013856
0.9374976
0.76039994
0.8184039
0.7955923
0.83399236
0.9023894
0.89763635
0.8952316
0.9278304
0.87392706
0.85468507
0.8659416
0.92876893
0.82134974
0.8311356
0.8513574
0.91842556
0.83425164
0.75727266
0.8596141
0.8794866
0.9004812
0.86426616
0.8881745
0.9022394
0.8242618
0.8331368
0.83087766
0.9516759
0.8026659
0.7825184
0.7662615
0.8899542
0.97632617
0.7905558
0.846857
0.88232416
0.8623836
0.92590356
0.93997824
0.679156
0.79879725
0.9388926
0.9601108
0.8288717
0.7720376
0.86906886
0.763026
0.8478075
0.8869251
0.9409397
0.8277256
0.8557553
0.9052573
0.88652074
0.75906074
0.8133113
0.7847272
0.83920777
0.9144579
0.83089644
0.8560435
0.83057296
0.8478515
0.870487
0.9505408
0.9173453
0.79032415
0.51259136
0.70878524
0.9693812
0.8797669
0.96051407
0.8459308
0.9080019
0.92304456
0.84327453
0.86369705
0.88525045
0.7308485
0.69593936
0.767142
0.8185354
0.8194522
0.77911824
0.8538829
0.9450584
0.9107673
0.89237714
0.9507742
0.9176103
0.7981589
0.74170977
0.710312
0.77753043
0.8183136
0.9392707
0.63445824
0.7849909
0.82602394
0.95358616
0.9563341
0.7527071
0.8824855
0.8904202
0.86809987
0.84657675
0.7464439
0.952796
0.91705906
0.7761737
0.85921776
0.9154334
0.825975
0.9276703
0.60177195
0.8971341
0.8024216
0.91038275
0.87645346
0.9460862
0.8961412
0.8667289
0.76695496
0.8863545
0.87809175
0.8826149
0.4758953
0.95031124
0.80040646
0.8419124
0.8450308
0.8851409
0.8769702
0.89210105
0.8871068
0.78873193
0.7655698
0.6843312
0.80394495
0.91893125
0.88875973
0.7862771
0.927732
0.6982591
0.7645165
0.9450225
0.8968072
0.8220244
0.8666402
0.8648508
0.8707904
0.8506445
0.74733955
0.79977125
0.9456827
0.928988
0.9122293
0.8657187
0.7163264
0.92983544
0.66552985
0.92684656
0.83802027
0.88048697
0.5731982
0.84582555
0.8183308
0.69293696
0.95555884
0.8821844
0.73696315
0.86054504
0.812122
0.83221424
0.9336114
0.6892616
0.84682333
0.7566943
0.8271386
0.7559203
0.8690869
0.8057295
0.8858125
0.8785732
0.87840295
0.82199967
0.89138234
0.87212926
0.9346853
0.90137947
0.8777621
0.8739578
0.95231575
0.88059103
0.8744647
0.90197784
0.89367527
0.8225205
0.9043316
0.81180036
0.72051543
0.8915527
0.9285823
0.94023836
0.91256255
0.9521742
0.7186415
0.81958133
0.8314251
0.8266129
0.87978435
0.946514
0.8554887
0.8079941
0.9213361
0.9561275
0.88037646
0.85820043
0.9442605
0.78750724
0.66392505
0.8367884
0.9220111
0.84156036
0.9359292
0.79173386
0.9326844
0.6741049
0.69247204
0.75179434
0.88181436
0.85514987
0.6382676
0.7595788
0.76221573
0.7779942
0.8217857
0.8460157
0.80114293
0.91935974
0.86388594
0.9057379
0.5712516
0.8909158
0.67049646
0.73583984
0.9256382
0.7587981
0.8592007
0.93308324
0.85437256
0.8775525
0.8593236
0.83080566
0.83249044
0.8377706
0.916999
0.9104852
0.7814453
0.86304766
0.8203306
0.8311455
0.86531407
0.78689206
0.9301963
0.76312196
0.81677115
0.80756646
0.65241987
0.875357
0.7952335
0.9062496
0.9379706
0.9063648
0.8748766
0.88087887
0.7759095
0.6717448
0.6546179
0.90421885
0.9059216
0.7553355
0.91134334
0.92409974
0.94029546
0.8427737
0.9669435
0.8794106
0.9228147
0.80201465
0.689793
0.9101464
0.8777767
0.8558848
0.8111892
0.7462603
0.9034517
0.9016429
0.9506091
0.8466783
0.9067453
0.9093876
0.68942153
0.9328171
0.85824156
0.81971264
0.79859537
0.84201765
0.9197772
0.90764266
0.8539189
0.8960261
0.77308863
0.80163085
0.9330205
0.8265682
0.7667242
0.9636913
0.47608536
0.8776357
0.90667593
0.8988663
0.85607994
0.93999624
0.8186027
0.8436549
0.8512057
0.8697933
0.94161946
0.87101984
0.81421095
0.76174635
0.9324511
0.8822398
0.8540958
0.83665633
0.8170488
0.94630706
0.6800694
0.6883956
0.88883674
0.8839778
0.7734344
0.78447187
0.88058144
0.7855791
0.92344666
0.7074533
0.9160249
0.86188734
0.76945686
0.8587212
0.7836664
0.9029645
0.84455025
0.88745815
0.91295683
0.85133326
0.78687114
0.8133736
0.8933585
0.9588522
0.7082106
0.81541836
0.6670552
0.9142723
0.8399246
0.8345787
0.8817667
0.77243525
0.95312434
0.8620554
0.8265922
0.79995334
0.9326545
0.90792936
0.885527
0.90172744
0.8440676
0.8197883
0.8961308
0.8849894
0.8813908
0.79448175
0.822303
0.86235857
0.93913126
0.8527193
0.8725646
0.77828366
0.98053753
0.9035144
0.85905313
0.80318165
0.8511812
0.8133922
0.88283825
0.9122325
0.92678463
0.81448674
0.90139717
0.9190192
0.8765609
0.77212805
0.9036056
0.815171
0.7942999
0.94717264
0.8929779
0.67796487
0.9295257
0.71824324
0.86986387
0.8928263
0.9288217
0.90090686
0.90928614
0.7934484
0.91705376
0.9385527
0.9511986
0.89287597
0.9493353
0.7891506
0.8306969
0.8637751
0.6856152
0.9023379
0.9360788
0.92158186
0.8658707
0.88936865
0.8933138
0.86070454
0.863474
0.8385486
0.87638235
0.91032535
0.80975914
0.8524891
0.80542755
0.8633648
0.9615029
0.84690547
0.88998425
0.8097758
0.8786194
0.92067885
0.72501147
0.8544043
0.8854087
0.8992951
0.87657225
0.87427735
0.6783521
0.7980738
0.71663105
0.80478823
0.7416218
0.7767767
0.8300218
0.90578043
0.90474033
0.78563076
0.8327296
0.6835886
0.8830277
0.8818355
0.8851076
0.8441112
0.9343422
0.81022394
0.72053224
0.7414179
0.87132883
0.5766232
0.7673349
0.8905586
0.81320333
0.74662346
0.78409374
0.74734664
0.87491626
0.8925534
0.9180429
0.85536873
0.7367009
0.7997856
0.7202596
0.9476915
0.61756957
0.8869922
0.8436154
0.86143696
0.87846446
0.8014477
0.9092685
0.6387869
0.8865795
0.9137361
0.86255753
0.7629995
0.86855155
0.7305235
0.9511678
0.83863705
0.48961914
0.8738632
0.94931126
0.8534593
0.91546583
0.8505573
0.8791952
0.92727757
0.9032502
0.913947
0.80940074
0.8903161
0.96237046
0.951427
0.925445
0.7606602
0.94580746
0.8206844
0.7831016
0.89995754
0.7055347
0.86124384
0.74992645
0.85445285
0.8666007
0.75811654
0.88897204
0.81452143
0.7808617
0.9551952
0.79545146
0.82022893
0.8643087
0.8833424
0.5507363
0.8626591
0.8674278
0.936466
0.8516121
0.8794388
0.84886014
0.95027894
0.9454006
0.7438247
0.83225745
0.8253121
0.90323657
0.72805655
0.7607503
0.68750715
0.8714458
0.9204113
0.7655658
0.9028168
0.8700826
0.8824084
0.77611953
0.8996759
0.7651322
0.8377668
0.8303243
0.8404771
0.9539381
0.8554934
0.8312494
0.83928835
0.7281776
0.91544014
0.8778895
0.82682407
0.504642
0.7292752
0.72573125
0.8717525
0.8266354
0.87018216
0.8400198
0.81643987
0.89742386
0.841174
0.9089169
0.9228147
0.90341914
0.8923365
0.94186014
0.8881417
0.81211805
0.82414126
0.84039295
0.8842861
0.8455536
0.8858047
0.730484
0.89183736
0.87790406
0.8751561
0.82594144
0.8087794
0.68369496
0.9725007
0.8453382
0.79519016
0.9424109
0.8228571
0.8594523
0.87044626
0.91463006
0.8569048
0.89748025
0.8028932
0.900728
0.8722548
0.78071755
0.952531
0.9359049
0.8667329
0.83081704
0.82504547
0.9412131
0.81175363
0.91197944
0.7374202
0.83265775
0.86637855
0.94193983
0.56705
0.9080021
0.8856456
0.83207357
0.85636514
0.9617287
0.96140516
0.8654084
0.82376266
0.899544
0.9515911
0.8564609
0.759419
0.65645295
0.82015866
0.9343321
0.91536117
0.9260486
0.802372
0.76025516
0.82749873
0.9479687
0.7519429
0.9562219
0.78462416
0.94946784
0.8081148
0.93399906
0.8780656
0.7297138
0.67102057
0.7744044
0.8273701
0.94157773
0.84725595
0.8480867
0.8707966
0.8665285
0.8634099
0.8890702
0.88997495
0.7323711
0.8300285
0.8671406
0.87997985
0.87629724
0.85204923
0.8339126
0.78383565
0.87111723
0.90287673
0.8101735
0.64271176
0.95657
0.9411017
0.8114057
0.9628316
0.5274879
0.9104871
0.934458
0.69390976
0.90557617
0.8418621
0.8907838
0.88592833
0.83956456
0.8745998
0.89120084
0.88139904
0.932096
0.8091371
0.7527268
0.82797647
0.9142647
0.75483346
0.9186473
0.9210724
0.77299464
0.7472554
0.75674677
0.859497
0.6244327
0.74256516
0.8609625
0.6881025
0.9285692
0.87193507
0.76399165
0.93524754
0.7776067
0.73317975
0.8859142
0.9455041
0.7384653
0.9198527
0.8942032
0.88966686
0.9230341
0.76539296
0.9086553
0.89227265
0.8088988
0.935901
0.8384379
0.9254509
0.9162207
0.77776927
0.7753221
0.80413914
0.8652678
0.72388905
0.7804279
0.7664288
0.7599311
0.8376523
0.85514224
0.91800904
0.8602685
0.9103256
0.9657877
0.9123701
0.81549734
0.83677757
0.86075956
0.97400415
0.74198824
0.8263277
0.81978095
0.9511187
0.8715955
0.8716364
0.904936
0.8916958
0.8853425
0.8732465
0.9392195
0.8575309
0.8007995
0.80191517
0.88415736
0.7571877
0.9318057
0.6382866
0.81136817
0.75971544
0.9238437
0.8405989
0.8388827
0.7439268
0.80034584
0.8919002
0.8238001
0.83557737
0.9030591
0.61671656
0.7665499
0.8837864
0.8910638
0.83620757
0.872218
0.8750683
0.80977565
0.8777299
0.82847166
0.6559468
0.7989854
0.79066527
0.85710365
0.7051314
0.9140522
0.9070108
0.7965003
0.8013738
0.93577987
0.8910412
0.92212737
0.76053756
0.87061006
0.86687315
0.8392817
0.8218959
0.86699045
0.76847386
0.8081007
0.6956203
0.8186871
0.54051536
0.9053542
0.8206518
0.9008056
0.6720599
0.8270657
0.74920416
0.9613259
0.8955146
0.94656074
0.8434464
0.84974575
0.858338
0.8249962
0.74777764
0.73727787
0.7907112
0.94479054
0.9364799
0.8666808
0.901603
0.90930545
0.8346224
0.8965148
0.92338705
0.8031317
0.9429583
0.90416235
0.87549543
0.8736704
0.9657546
0.91906214
0.7924902
0.8484844
0.8375714
0.7850956
0.7875746
0.83639956
0.7513076
0.72628236
0.825901
0.8421701
0.80229497
0.96790737
0.7298782
0.92712367
0.9200245
0.8574186
0.8203566
0.82458186
0.9504698
0.8941813
0.7065906
0.83255386
0.8279216
0.81683004
0.65140057
0.7674364
0.8823905
0.83444405
0.793952
0.9053196
0.8651407
0.8188054
0.76133174
0.9318327
0.9257564
0.95123273
0.73739153
0.852126
0.7433175
0.84133804
0.8968003
0.73458445
0.9010063
0.91560286
0.92307055
0.8714129
0.8983919
0.8818492
0.8890093
0.90440595
0.86338055
0.83409995
0.6912544
0.9228994
0.6231805
0.81912196
0.9328704
0.81577706
0.9184805
0.9190898
0.7526113
0.82292956
0.7787008
0.79773223
0.8148015
0.91258216
0.9193198
0.92312
0.8797419
0.88987577
0.86051184
0.9556172
0.8593185
0.8560499
0.96464103
0.6634731
0.9099904
0.83553594
0.7849865
0.786542
0.7924942
0.9129135
0.809937
0.92402947
0.83008194
0.8006997
0.8202806
0.9009504
0.8297305
0.8646705
0.9318238
0.772443
0.84632427
0.8986123
0.8510566
0.8857841
0.94710374
0.757912
0.7611419
0.68814707
0.915003
0.91476166
0.94754064
0.7138286
0.9176382
0.8743418
0.9416199
0.80416137
0.83781993
0.83854264
0.7913155
0.8814317
0.7026562
0.93058205
0.86609083
0.7954154
0.8868161
0.7093543
0.87568897
0.8677409
0.6362692
0.7130191
0.8243498
0.9343744
0.80589926
0.90499717
0.92150784
0.6546271
0.8273665
0.7698573
0.8173529
0.9029459
0.06661551
0.84005785
0.5338721
0.77580994
0.86430264
0.8958058
0.8850474
0.84840095
0.8663937
0.72724897
0.7773582
0.90432465
0.7946527
0.80530274
0.7753144
0.85398567
0.8665014
0.8462517
0.85029525
0.769714
0.89447474
0.74695605
0.81197816
0.7339063
0.8699995
0.65018004
0.846817
0.8743824
0.70144355
0.81054264
0.8496904
0.84390974
0.77195275
0.787072
0.48261446
0.87117994
0.8015405
0.9163201
0.84504116
0.86506695
0.8590916
0.8190816
0.9249606
0.92974937
0.8823941
0.78631985
0.89618075
0.7690208
0.6715949
0.82214737
0.8706496
0.95880055
0.8676631
0.87967783
0.9586568
0.6959249
0.748929
0.91522443
0.85990834
0.8447926
0.9350456
0.9283848
0.88027495
0.71934086
0.8525131
0.84663266
0.79833573
0.8067906
0.80258894
0.88887423
0.889946
0.71877325
0.7047348
0.9064002
0.9223715
0.8614392
0.898226
0.8810414
0.91913927
0.59871435
0.88949925
0.77779305
0.7214272
0.86478674
0.95987356
0.6481438
0.7213339
0.6975918
0.9355408
0.8393388
0.93287
0.8255198
0.86065906
0.76882386
0.9632974
0.8787215
0.7703201
0.58571774
0.8563794
0.7451113
0.8171403
0.8883477
0.9668128
0.7428443
0.8789437
0.5129617
0.8175972
0.71479666
0.90647244
0.75950074
0.76420224
0.80216646
0.95234907
0.92246866
0.87110734
0.9052707
0.7629048
0.9246905
0.71925354
0.8700306
0.6895646
0.79081035
0.8901303
0.7549728
0.8693826
0.6910025
0.9127674
0.5712838
0.9313472
0.8054788
0.8639202
0.71734464
0.85201937
0.8113172
0.82348865
0.84389484
0.67059046
0.89347315
0.86917937
0.95012254
0.9028323
0.5264992
0.90460664
0.87101156
0.8153255
0.835213
0.7822704
0.866621
0.87152004
0.8290034
0.9236748
0.81048775
0.82577723
0.88737315
0.8220444
0.90233773
0.8470231
0.76562995
0.7972763
0.86949146
0.9194275
0.91748536
0.7738183
0.97811806
0.9128277
0.8193916
0.7189021
0.93978804
0.88648766
0.8257144
0.89815533
0.54975253
0.6902434
0.92609763
0.8759966
0.9253308
0.91420615
0.8988327
0.9260448
0.8354949
0.8816657
0.9183229
0.85406363
0.90872425
0.8419926
0.7625877
0.90051085
0.8244828
0.8389782
0.8164559
0.61078656
0.87489045
0.726746
0.8841984
0.7558743
0.85875887
0.884415
0.89026845
0.7948833
0.92514277
0.80828965
0.94215137
0.8522059
0.8525978
0.7884732
0.8110013
0.7597517
0.8395984
0.811917
0.79191774
0.9265189
0.9291444
0.7915907
0.9425763
0.88290924
0.9494094
0.76688737
0.75155574
0.8152048
0.9579292
0.9438301
0.95799303
0.85273373
0.92751145
0.7727387
0.89557314
0.86977077
0.82120955
0.9453177
0.7928516
0.8673496
0.7652302
0.8661559
0.8500908
0.8095431
0.7038098
0.8848452
0.7774297
0.8806186
0.7853863
0.9231492
0.82008183
0.8716479
0.5866961
0.923482
0.66506135
0.9233768
0.88757765
0.83154726
0.43481934
0.84406114
0.87015736
0.77519774
0.8390002
0.897697
0.9640926
0.85941184
0.92409766
0.87897575
0.9330323
0.88003945
0.9231424
0.88955146
0.86314905
0.8603016
0.92430913
0.9077869
0.7489042
0.92007005
0.89312804
0.8794179
0.9405289
0.87517166
0.7649791
0.9401597
0.88994986
0.7755294
0.74425143
0.7553199
0.9026184
0.7393227
0.9217582
0.888998
0.8766413
0.87882555
0.9619986
0.88017493
0.9008924
0.6859796
0.7681067
0.9373904
0.87116206
0.97062504
0.7369105
0.83426464
0.76379055
0.700613
0.84101903
0.7180996
0.8923874
0.8132394
0.8393619
0.8671334
0.7756198
0.9292237
0.947527
0.69869137
0.84901863
0.8940173
0.80523986
0.81337625
0.8290136
0.92843246
0.9147109
0.89856577
0.924684
0.40065193
0.77003276
0.9437729
0.8642435
0.90347934
0.95159054
0.82462376
0.8158631
0.8613844
0.939008
0.8125073
0.8439341
0.94284254
0.83905405
0.856929
0.8842073
0.88352793
0.84409475
0.73057926
0.85164845
0.8046563
0.5777874
0.7238767
0.7907418
0.83996993
0.7116227
0.8485528
0.76948845
0.8366607
0.81721663
0.9246582
0.88099736
0.86787784
0.90232307
0.7911436
0.81815773
0.9020506
0.92883116
0.8855465
0.8218329
0.7850054
0.8421038
0.89289725
0.8144103
0.87190765
0.9510559
0.8305167
0.8004448
0.94252795
0.8970881
0.89120716
0.7329811
0.94159526
0.6946716
0.7775456
0.9072752
0.77326
0.82300055
0.9058459
0.77017665
0.8671826
0.5984289
0.68430877
0.7876619
0.9092617
0.61016226
0.7839582
0.8594037
0.80322355
0.8068414
0.92732
0.7862574
0.80229926
0.94152135
0.8129316
0.6245988
0.81274533
0.8822289
0.8951178
0.84813124
0.87458336
0.909921
0.7570118
0.9026298
0.87610173
0.82848406
0.82303286
0.76437074
0.87124336
0.83534086
0.8201529
0.89992607
0.85061294
0.8751147
0.8852436
0.91162354
0.7042346
0.8946527
0.9105538
0.7144396
0.92492104
0.88998425
0.75202966
0.8849289
0.8913943
0.90578187
0.8040311
0.74676275
0.80037
0.79638696
0.92201114
0.82171106
0.8196096
0.9220067
0.78205466
0.9295933
0.90235627
0.55341274
0.89998996
0.8673303
0.77098507
0.92960393
0.9538673
0.848387
0.7231206
0.89121425
0.8285881
0.81382495
0.96475774
0.68979794
0.8425744
0.73927015
0.65885127
0.8641146
0.8682296
0.82533604
0.9072806
0.79420376
0.9575408
0.6396542
0.7792784
0.8171991
0.69508594
0.90695554
0.8066176
0.9085536
0.8582841
0.88408387
0.79427415
0.9460389
0.89759135
0.82558084
0.877834
0.77377534
0.8868156
0.7868898
0.8916477
0.7871438
0.9206161
0.7775907
0.6040585
0.904326
0.8395166
0.8613788
0.8430718
0.88546795
0.93791157
0.88647884
0.8314774
0.83671194
0.8142645
0.74947244
0.7400384
0.91394573
0.8901778
0.8778945
0.9272045
0.86391556
0.9461501
0.89042735
0.82120425
0.8230036
0.7532672
0.9229618
0.709676
0.93374467
0.7588093
0.7380442
0.90939355
0.8711763
0.79314077
0.68793654
0.7972823
0.84657854
0.95700115
0.82761985
0.70769024
0.9221714
0.902218
0.8684424
0.85932857
0.65038234
0.86974216
0.8823626
0.8751046
0.83605325
0.8806551
0.76606625
0.9021423
0.8804635
0.8758587
0.86716956
0.9213249
0.83180946
0.91927236
0.7651892
0.87805027
0.645859
0.88782156
0.9270276
0.68377537
0.7110293
0.776162
0.8238958
0.87663704
0.6897222
0.8324537
0.9401898
0.8394507
0.7515079
0.9249031
0.7472726
0.90918374
0.90718853
0.9182244
0.82683325
0.88768566
0.83772594
0.86559623
0.7228585
0.87588084
0.81623596
0.77380764
0.9101313
0.8174956
0.9107922
0.8709913
0.75305045
0.9544241
0.80670416
0.7536347
0.71174353
0.91157055
0.9147061
0.762265
0.8398271
0.6827852
0.6856023
0.9305731
0.78433573
0.87928784
0.9003365
0.9259767
0.82128143
0.8690078
0.89927423
0.6851793
0.8116711
0.85481924
0.8073372
0.889332
0.95822203
0.84771854
0.8042234
0.7610159
0.8882659
0.86135614
0.59182155
0.8960149
0.79995406
0.9523718
0.89974135
0.82623065
0.9183227
0.8246533
0.700001
0.92401457
0.893502
0.79288304
0.87056893
0.74880475
0.84034735
0.9028019
0.9224061
0.92577726
0.94498944
0.840359
0.91336143
0.8804233
0.6271687
0.88378394
0.80951923
0.7881225
0.9285159
0.68823844
0.8520503
0.90920496
0.95537263
0.7869262
0.55755264
0.86841255
0.8579273
0.8380076
0.8641443
0.8513496
0.7613859
0.7989283
0.5873873
0.7490219
0.90594727
0.9238321
0.9460831
0.9110275
0.69001836
0.82679975
0.8753767
0.8520843
0.7010686
0.881815
0.8002212
0.9511273
0.8641664
0.63301724
0.932971
0.8653656
0.92586035
0.9214132
0.7928928
0.80081797
0.89326274
0.796079
0.93576145
0.8867639
0.7419939
0.7714747
0.6223104
0.88873744
0.94485927
0.8488952
0.8180514
0.89118576
0.8288004
0.63774765
0.47076532
0.90254027
0.587049
0.7576488
0.8722561
0.63377225
0.84284216
0.6918332
0.8038318
0.7641139
0.9203711
0.80564636
0.91359794
0.8894398
0.94726336
0.90090424
0.76433885
0.85708195
0.8663317
0.80667615
0.8810322
0.9075703
0.9022815
0.835665
0.8957014
0.8451241
0.78131795
0.77152145
0.8576057
0.86806214
0.8582216
0.80796564
0.70773244
0.9361068
0.7963507
0.84676975
0.96061295
0.8860779
0.766872
0.9341106
0.9558897
0.9191597
0.8657866
0.8201348
0.78208745
0.7030119
0.723932
0.8049824
0.8471715
0.7647797
0.9061154
0.69070226
0.90208524
0.8118996
0.8296043
0.8642223
0.73942506
0.9285747
0.35441047
0.9559771
0.8391965
0.84332615
0.7436296
0.74905366
0.82002753
0.84529996
0.91851944
0.6800642
0.89605325
0.9001577
0.8452655
0.91023076
0.9229026
0.8669783
0.7082174
0.8461335
0.8199605
0.8715812
0.81733704
0.76798844
0.96116537
0.7471961
0.9356714
0.8408614
0.8749401
0.7694993
0.8775555
0.7845571
0.8764539
0.88499206
0.7598893
0.7058033
0.8618384
0.75057214
0.6546788
0.77835536
0.872998
0.88882077
0.89682066
0.8526765
0.81981707
0.8290601
0.9023398
0.92349106
0.71254283
0.91008437
0.5519898
0.88279444
0.82908344
0.88523376
0.96296626
0.88742673
0.90568775
0.7643956
0.9380362
0.839787
0.81923544
0.83134943
0.7991459
0.84850293
0.89408016
0.8149625
0.85984063
0.89656895
0.90980256
0.7939304
0.60903955
0.8294963
0.8565335
0.8303642
0.8210062
0.8279849
0.76922095
0.855661
0.87951463
0.9132544
0.73491436
0.6928861
0.7621625
0.85895157
0.94861746
0.85480905
0.8719537
0.88574976
0.6103244
0.6968358
0.94622743
0.79045516
0.9664654
0.8709703
0.78532743
0.933843
0.64984334
0.8716242
0.9256007
0.84899104
0.76456803
0.8772899
0.87457925
0.9321188
0.90628415
0.95490754
0.91549724
0.9430654
0.79724896
0.7121018
0.83500147
0.902756
0.79361045
0.9458485
0.9145367
0.91308844
0.7868369
0.8808166
0.86438704
0.8758928
0.92369497
0.8516072
0.9147171
0.87360203
0.6604102
0.91431284
0.89110863
0.6858713
0.8679902
0.7948533
0.74692506
0.88781345
0.877861
0.92421013
0.9071542
0.85997725
0.7865785
0.8145029
0.8772918
0.9364944
0.9263598
0.87740934
0.7890212
0.87476563
0.8792604
0.91251355
0.82645184
0.90634656
0.9027573
0.80760837
0.9204366
0.90724015
0.86643434
0.92270654
0.94649583
0.82950026
0.95854604
0.83549714
0.8961797
0.8450981
0.8562684
0.8424475
0.753272
0.81488526
0.78716874
0.8076165
0.69912505
0.74940115
0.9570984
0.90335196
0.9064364
0.8821981
0.90560627
0.81192636
0.7941275
0.84201324
0.8637978
0.88212085
0.92260706
0.89170516
0.78765094
0.93723893
0.9005804
0.9088035
0.90867287
0.54882914
0.5857307
0.8277068
0.8328603
0.90519893
0.8173629
0.9197263
0.78857636
0.8601217
0.85578084
0.79102767
0.75184053
0.84194356
0.83510345
0.67451555
0.91116774
0.8305135
0.893946
0.83831525
0.9342774
0.9430987
0.9192029
0.9339831
0.8994705
0.8515273
0.63966894
0.66396034
0.710806
0.80542135
0.78745514
0.97768885
0.73281693
0.74165636
0.90300214
0.9146005
0.80525947
0.9464961
0.7392962
0.88869977
0.9331405
0.9154678
0.81625354
0.89079255
0.78540176
0.8446754
0.6382277
0.9036378
0.71715665
0.824709
0.84326315
0.8180731
0.75516474
0.74069434
0.91670364
0.80254364
0.86161596
0.8408397
0.90387833
0.74951583
0.9164129
0.72731894
0.3198381
0.76605487
0.5413418
0.88194376
0.7689785
0.8477948
0.826983
0.67788893
0.7379939
0.86028343
0.8925194
0.86135167
0.8274326
0.83823663
0.8563831
0.8880113
0.7324042
0.71672857
0.87510014
0.90640986
0.7789339
0.74789155
0.7616509
0.84027743
0.89306813
0.7660047
0.7850044
0.74972796
0.88752747
0.8780912
0.8556261
0.83412963
0.9233119
0.7674149
0.78039443
0.8510418
0.84819955
0.8442004
0.71519303
0.8379637
0.7630157
0.8806021
0.9258741
0.8852581
0.90182734
0.8631872
0.9362945
0.7888775
0.8516848
0.8734865
0.8911245
0.8864622
0.65921867
0.85698855
0.8182661
0.8316114
0.82696795
0.8701853
0.8429825
0.7774278
0.8545327
0.850088
0.9139459
0.8978621
0.9407558
0.93814933
0.89215547
0.76265293
0.5394021
0.8961862
0.8762
0.9194437
0.8139496
0.8439238
0.76270795
0.88225085
0.871657
0.8002345
0.8676451
0.5832158
0.84868336
0.8417832
0.7166727
0.6635855
0.8309039
0.8605656
0.7875513
0.8325063
0.94021136
0.8425935
0.88342655
0.8434176
0.81465846
0.82033265
0.82655627
0.86319995
0.80096173
0.8931569
0.9359857
0.6817978
0.6776538
0.71377623
0.9657236
0.8627372
0.7097157
0.92359376
0.91181445
0.8845915
0.7991845
0.8374178
0.926065
0.43933356
0.9327766
0.96051407
0.9040463
0.76817125
0.6756112
0.8922124
0.914023
0.94508505
0.8631659
0.8849869
0.88160795
0.93045604
0.78730613
0.8674402
0.788811
0.8808828
0.8420492
0.7496127
0.81057024
0.7398268
0.8233864
0.8184518
0.8060503
0.89627
0.9396746
0.86073416
0.75545335
0.80851245
0.7675194
0.88250464
0.82012403
0.87850505
0.64761233
0.959635
0.8207426
0.83002156
0.8764903
0.8348468
0.87717485
0.80800396
0.70094097
0.9113822
0.7878381
0.74220085
0.9261322
0.8355174
0.9290186
0.9006275
0.8855712
0.835449
0.9008449
0.9330374
0.873376
0.8740781
0.6975594
0.88180375
0.9153966
0.85016346
0.72488
0.8204155
0.86318946
0.7745745
0.83679736
0.65204674
0.90332294
0.9048375
0.7724112
0.825781
0.85881364
0.9092846
0.84508854
0.78173673
0.76999825
0.8830863
0.6071766
0.8488606
0.8180766
0.923364
0.8105254
0.8092365
0.80404395
0.8945612
0.83627975
0.81245905
0.81173956
0.84401464
0.91822183
0.9269005
0.680054
0.80875105
0.8284687
0.807947
0.7137048
0.7395164
0.7686982
0.856158
0.90721196
0.78409314
0.93096
0.7094571
0.9256922
0.83458036
0.7498156
0.62910306
0.49055797
0.9227227
0.8550705
0.9159667
0.803331
0.783751
0.9362497
0.8118564
0.9418615
0.80327713
0.821615
0.8410858
0.8139594
0.75674206
0.9764577
0.90403855
0.7921022
0.75785893
0.6571669
0.87910366
0.9421726
0.8740225
0.91580135
0.86677533
0.8260598
0.81019884
0.8680012
0.80797243
0.9384303
0.8997189
0.76745594
0.9030455
0.85541904
0.94610715
0.801835
0.90476346
0.63241297
0.9019301
0.9226378
0.85567415
0.68177027
0.9018022
0.9325592
0.80219734
0.8271639
0.7832178
0.9467697
0.90235734
0.65584314
0.8783872
0.81733364
0.8699585
0.92734593
0.73855066
0.7825216
0.81084794
0.80975246
0.8617461
0.919319
0.9474201
0.9177999
0.94849443
0.84660864
0.77077544
0.7858578
0.6657616
0.84399426
0.8682277
0.91719747
0.9054168
0.8878441
0.93320006
0.87127936
0.7975131
0.8440005
0.84292907
0.86190164
0.7111519
0.8482251
0.85277915
0.9051052
0.8049277
0.86923856
0.8604075
0.8412504
0.9498413
0.76941985
0.90905064
0.8133106
0.8762232
0.95047355
0.8715936
0.67764324
0.80404556
0.9369368
0.60805416
0.90967727
0.89056325
0.738419
0.9609573
0.9300992
0.7481213
0.8979819
0.8579583
0.9048239
0.7202729
0.6499867
0.7433287
0.72553515
0.9130705
0.6671604
0.88959265
0.91435957
0.71609205
0.8002848
0.9410528
0.86597276
0.83606446
0.6270535
0.91905195
0.6348951
0.93214893
0.88377607
0.9016179
0.85007614
0.95257914
0.9213272
0.8170439
0.92480135
0.94047457
0.8696792
0.95994276
0.9312726
0.76537937
0.94162136
0.77676487
0.9542185
0.83881354
0.6404747
0.8800491
0.8569242
0.9495384
0.7806008
0.9534284
0.7761557
0.8354554
0.9085385
0.77175796
0.8836983
0.84382063
0.85479295
0.8211375
0.894439
0.9106538
0.79356086
0.859873
0.8400369
0.77551365
0.65892065
0.8534391
0.69455224
0.9107747
0.90709114
0.83231235
0.76562726
0.9156302
0.8179051
0.7741257
0.88297355
0.9280955
0.95100045
0.7742559
0.81669533
0.85425687
0.794275
0.95656157
0.9043523
0.8940892
0.8004372
0.8338469
0.76569194
0.76936024
0.8835227
0.7620694
0.8421541
0.8268156
0.8360747
0.90520257
0.80403465
0.9178461
0.8958023
0.80868137
0.8521516
0.93967354
0.78284407
0.73584455
0.8356845
0.8357281
0.7983678
0.9068178
0.66211575
0.85910106
0.90748465
0.9470036
0.68165576
0.74624217
0.8351091
0.76163775
0.81372756
0.90893924
0.8799107
0.93684506
0.79713637
0.8095548
0.8262402
0.8464566
0.613172
0.8187811
0.88045174
0.8677678
0.9081603
0.8232212
0.8843576
0.86901045
0.7133132
0.8702073
0.8220673
0.62920964
0.76559234
0.9041882
0.9375414
0.6964792
0.86317784
0.800859
0.9448351
0.66956866
0.7255748
0.72727704
0.91284597
0.8890486
0.85361415
0.7472117
0.9647546
0.5951633
0.94135416
0.92416716
0.83612335
0.83245915
0.8951343
0.899706
0.8604542
0.7333417
0.91302854
0.9022086
0.9064967
0.8487936
0.91047126
0.62758535
0.8900371
0.8025117
0.93640536
0.883555
0.87146354
0.8151728
0.8467437
0.92551845
0.8617047
0.78509426
0.8944181
0.9182341
0.49411732
0.924483
0.8118125
0.7547294
0.87446225
0.767267
0.76422787
0.91515136
0.80655664
0.9050638
0.8562535
0.8589922
0.7810687
0.44875276
0.8191019
0.63042444
0.94681543
0.7732401
0.69974333
0.8669989
0.81992155
0.81563795
0.6117208
0.88561165
0.8689953
0.8574303
0.81560194
0.7857412
0.8670664
0.9204738
0.7623362
0.8388648
0.84121406
0.69110525
0.7434373
0.8406804
0.9345237
0.93204087
0.6383507
0.85907155
0.8202577
0.8006449
0.8865695
0.9347215
0.9202547
0.69265467
0.8757441
0.9025256
0.8982059
0.8400303
0.65551245
0.68878925
0.6185496
0.86855453
0.86216736
0.8878261
0.83539784
0.8646956
0.89680636
0.9379127
0.80265903
0.88264465
0.9114057
0.9459916
0.9171595
0.7922987
0.73950493
0.5659456
0.8715433
0.9584807
0.8205515
0.9234675
0.8680533
0.8694891
0.80257374
0.7794689
0.87121916
0.89050317
0.86178046
0.9419772
0.89971465
0.88407576
0.92338634
0.832093
0.88560337
0.60457027
0.9175154
0.72492987
0.94356656
0.75990236
0.81658834
0.8678156
0.6621364
0.7863243
0.91363853
0.92116714
0.87467504
0.8165403
0.882307
0.956705
0.9306829
0.7928161
0.90697175
0.86599565
0.9363452
0.87497777
0.7664898
0.8276087
0.8734226
0.90975565
0.71365803
0.95163083
0.8652594
0.91823256
0.91648686
0.90054065
0.87745905
0.794781
0.93787426
0.93280613
0.946382
0.8330449
0.8721097
0.89167213
0.8322604
0.8772584
0.77554417
0.7306337
0.92356086
0.8948022
0.93559164
0.94680005
0.9634416
0.8920035
0.87726974
0.7239915
0.88252366
0.8662967
0.90561795
0.72791773
0.8620771
0.92037714
0.9416926
0.84994894
0.86612415
0.8170654
0.8774397
0.7446089
0.8245089
0.9066241
0.7494609
0.76907253
0.9516721
0.68427026
0.88732207
0.68214834
0.8251413
0.8609569
0.6340614
0.814062
0.8886169
0.8778423
0.8989762
0.7297488
0.78160876
0.8414146
0.91138273
0.91463417
0.70161986
0.9506187
0.9116344
0.856639
0.81156075
0.880146
0.7620895
0.92846864
0.8174274
0.89878106
0.9221427
0.9234433
0.85797566
0.72883296
0.7770389
0.73278135
0.70669687
0.81532925
0.92128235
0.79638153
0.79084635
0.8054782
0.9225301
0.8845316
0.38434607
0.8417427
0.7809322
0.9077457
0.76551646
0.59219974
0.80237204
0.83769506
0.8736827
0.8198521
0.82188505
0.8406973
0.82452744
0.81942403
0.8822225
0.94089514
0.7749176
0.8182051
0.6664669
0.9614738
0.7423618
0.87010676
0.62714654
0.7950524
0.83727694
0.7914082
0.6878282
0.9063871
0.8700162
0.8565934
0.7932684
0.75540566
0.69218487
0.89286596
0.810812
0.8201747
0.8854618
0.7991502
0.8853409
0.87275136
0.75006026
0.79879355
0.8758999
0.88039744
0.90075064
0.86654156
0.7494063
0.84806496
0.8254969
0.62418574
0.80948514
0.9209006
0.7669576
0.85123926
0.8548469
0.91273564
0.8877373
0.8547441
0.7884784
0.8125705
0.8348601
0.9305602
0.85689646
0.74430996
0.9527029
0.928003
0.753532
0.578846
0.76590705
0.76667756
0.89225554
0.84809184
0.89780796
0.79001
0.8417631
0.69571203
0.88966966
0.84904426
0.8488
0.85127395
0.9326005
0.92883337
0.9195042
0.7606499
0.6615819
0.8766372
0.92003727
0.84176654
0.76344645
0.94308543
0.83147943
0.8890991
0.8162518
0.82346773
0.8898774
0.88337797
0.7517476
0.68825907
0.6623723
0.677997
0.8319948
0.8194152
0.6642903
0.83390725
0.7078582
0.95777494
0.6789446
0.7869314
0.8531098
0.8890413
0.71261764
0.84973335
0.82484454
0.9110001
0.90699863
0.74722064
0.9063872
0.7526687
0.75905585
0.8531709
0.95666134
0.732351
0.71375227
0.691204
0.8356633
0.8553592
0.63978475
0.8315675
0.9312507
0.9251549
0.8456037
0.8779925
0.70519334
0.88381505
0.6661218
0.8149475
0.8256727
0.87890124
0.9448968
0.87780625
0.6407632
0.8059417
0.6229674
0.802509
0.8293064
0.8611512
0.91262853
0.808394
0.80348206
0.94559956
0.7344729
0.84865355
0.74646425
0.7977123
0.87799525
0.88146365
0.8362073
0.8184949
0.96365947
0.8963112
0.76136863
0.7827305
0.9066281
0.795558
0.89093035
0.88872194
0.93969476
0.9475617
0.905344
0.98277164
0.921353
0.8164969
0.7909034
0.86645085
0.70489854
0.9042252
0.9099734
0.9522115
0.9477021
0.854552
0.85032445
0.8340225
0.83105373
0.931315
0.93319964
0.7759054
0.80779845
0.74324685
0.74247986
0.9052458
0.72280943
0.93208057
0.8052327
0.88552964
0.9470303
0.9358546
0.9121094
0.90189105
0.7585054
0.7289066
0.66015923
0.77205807
0.860407
0.7402573
0.95318717
0.8910146
0.6861842
0.8628019
0.6646241
0.854476
0.88656914
0.90142953
0.7922567
0.9422772
0.83076036
0.76148564
0.74654835
0.9470196
0.8623606
0.8345568
0.8139999
0.81641227
0.859305
0.82366693
0.8288924
0.9482852
0.8904292
0.8983547
0.8020687
0.9608594
0.864439
0.8532394
0.937116
0.8570561
0.84034455
0.78479767
0.76857483
0.63849366
0.76570725
0.94526064
0.7042081
0.8667052
0.68052346
0.85951847
0.91458845
0.9014497
0.8431497
0.82281125
0.9384834
0.8589843
0.7911198
0.9139847
0.7675593
0.7851286
0.8032274
0.7663714
0.79859793
0.888924
0.8578349
0.93221736
0.7293415
0.977738
0.8371997
0.46742687
0.80394185
0.8654053
0.81359255
0.81719905
0.8710482
0.88733083
0.87679744
0.90576476
0.8900707
0.76945
0.70904577
0.81532675
0.8094303
0.8769562
0.7192207
0.8690872
0.60872126
0.81348205
0.88816917
0.55450904
0.75079346
0.79030085
0.7224989
0.8585843
0.956635
0.91845155
0.854678
0.79260767
0.841149
0.67684025
0.94751817
0.76987517
0.8114758
0.8878068
0.536691
0.68750674
0.547941
0.865672
0.84226954
0.74032545
0.9089452
0.83481336
0.87758636
0.70288146
0.81791985
0.76342994
0.7197746
0.8379617
0.8893535
0.56864154
0.9610077
0.9351097
0.85980976
0.76634943
0.90062976
0.87918276
0.75901306
0.83130586
0.73890287
0.89505833
0.84243685
0.90822846
0.9300953
0.9005283
0.5563007
0.7108782
0.88131034
0.774869
0.87853
0.6448418
0.86670446
0.8332835
0.7984799
0.90741616
0.9243146
0.84845454
0.8151521
0.94299656
0.86461604
0.83749646
0.80599195
0.8173671
0.786452
0.85441124
0.8008209
0.9375117
0.6967236
0.8594216
0.9334833
0.84573483
0.876866
0.82697594
0.7678447
0.8265649
0.887032
0.8383656
0.90330285
0.7216422
0.8401861
0.7276801
0.9137026
0.58689666
0.8762231
0.9019673
0.8467019
0.881863
0.5761683
0.80776876
0.8350233
0.7747268
0.7643223
0.8221326
0.91722524
0.81309396
0.8696152
0.605961
0.90743154
0.83056974
0.8724201
0.8909761
0.7424882
0.85682046
0.96641016
0.7580654
0.9261484
0.6863309
0.78787076
0.85870093
0.8961661
0.90598905
0.7719083
0.9201789
0.8589915
0.888968
0.8543804
0.5511581
0.88078535
0.7085255
0.8506064
0.88059986
0.9033997
0.88875103
0.807459
0.8834535
0.8351631
0.8373726
0.8005563
0.8862475
0.8933667
0.9449398
0.93582404
0.86545736
0.80929613
0.8684384
0.90460217
0.8328756
0.8601837
0.8853419
0.55092984
0.8732275
0.7881336
0.9229677
0.5439789
0.94391966
0.86825687
0.86260635
0.7971272
0.88886255
0.89831054
0.8149868
0.8447357
0.83368504
0.95709175
0.8183104
0.7685986
0.75367415
0.8314502
0.8561249
0.85746866
0.9160565
0.72356814
0.806337
0.8442206
0.86242574
0.8993813
0.867851
0.9278469
0.8944492
0.9114486
0.8997017
0.73608446
0.9119983
0.84537506
0.7911899
0.762321
0.8952883
0.87385225
0.87603503
0.89719236
0.9382341
0.89526284
0.865475
0.94765264
0.9270128
0.88828146
0.6008387
0.82406706
0.7549302
0.71414447
0.67348295
0.94063354
0.91306734
0.92758656
0.9666591
0.8998533
0.8763007
0.5047424
0.8773509
0.9318897
0.9082438
0.828647
0.8307884
0.94882727
0.90275264
0.85934806
0.8141553
0.72631764
0.81483054
0.9435003
0.9105036
0.8037201
0.74864566
0.6490452
0.8799045
0.7680239
0.7474227
0.860961
0.860361
0.9287698
0.7297124
0.922515
0.89437675
0.6900601
0.8738169
0.61048365
0.9173051
0.78848535
0.9397518
0.9210093
0.8805616
0.723021
0.8942353
0.78989166
0.91559136
0.7786073
0.66438866
0.8579581
0.9158329
0.8469832
0.91739714
0.83970845
0.9233464
0.8325596
0.8478325
0.89780223
0.95470357
0.93163323
0.95872253
0.84571666
0.7043538
0.78580713
0.82598674
0.91065705
0.8940666
0.93333995
0.78141016
0.88647914
0.879271
0.8623951
0.8794031
0.900277
0.68306464
0.8735393
0.9108371
0.848485
0.9259461
0.7833741
0.9265222
0.7182715
0.77683234
0.91225314
0.848405
0.9566386
0.8766774
0.90162694
0.77751976
0.8206551
0.7669201
0.8853875
0.8180067
0.9206164
0.88100183
0.8023722
0.6762023
0.8089743
0.91732466
0.7299989
0.89069396
0.91108215
0.82531434
0.95736897
0.7386647
0.884337
0.9189893
0.8335854
0.85688454
0.84371597
0.8639624
0.76338446
0.83851135
0.87736833
0.8743337
0.9398345
0.7199102
0.80120677
0.81824696
0.8560218
0.7806512
0.89394873
0.59631795
0.8999912
0.7827549
0.8077123
0.8947913
0.8354331
0.7373518
0.68996334
0.8752072
0.64083195
0.8406595
0.8378401
0.8760042
0.70683813
0.78050715
0.7798148
0.6774199
0.787067
0.80186945
0.8648511
0.9524979
0.9367417
0.7989717
0.7147307
0.96597916
0.8755788
0.7441726
0.72050875
0.8802315
0.87895626
0.80556226
0.82490957
0.82750887
0.87815547
0.8678886
0.951967
0.9601995
0.7040104
0.779138
0.7884852
0.8218074
0.81190723
0.9114766
0.878348
0.8049392
0.8231856
0.82004625
0.82104635
0.7061185
0.8167789
0.79350996
0.884508
0.82824683
0.61530614
0.84801483
0.82870805
0.8748189
0.842278
0.90333766
0.7910924
0.7510781
0.8302614
0.9651897
0.9176875
0.90966713
0.9554986
0.8940181
0.85726297
0.8666452
0.91485554
0.8912009
0.8043644
0.9235353
0.9277501
0.9104087
0.9239668
0.8777902
0.96181285
0.88719267
0.8373161
0.8016234
0.90724015
0.6919259
0.81652665
0.80491114
0.6748321
0.8794813
0.77005297
0.87717295
0.92956495
0.9143755
0.93617773
0.8931882
0.7630129
0.9350575
0.91981435
0.8636515
0.8149036
0.80496776
0.8991438
0.8899811
0.9181907
0.6690559
0.91762394
0.8203991
0.855674
0.87150747
0.9577685
0.9112828
0.7430232
0.89150155
0.9266211
0.85042644
0.8129945
0.9466126
0.88394225
0.89766324
0.74984
0.9386247
0.92539346
0.92737365
0.8718129
0.7206248
0.8696287
0.82346433
0.7758755
0.7336659
0.8890353
0.9108902
0.9093465
0.71129394
0.80016685
0.8027073
0.78634393
0.83697087
0.790287
0.9157269
0.84468126
0.8861766
0.74884653
0.8639151
0.76329666
0.8013576
0.9167075
0.9175543
0.8709362
0.9229779
0.8368839
0.88159513
0.7446796
0.916811
0.9069818
0.91610855
0.964652
0.7864228
0.77662057
0.9027847
0.8536638
0.814478
0.87070525
0.8249353
0.9299264
0.91231674
0.8393551
0.90629447
0.7275998
0.8779548
0.78641343
0.8496643
0.91749793
0.86065173
0.5042922
0.5924159
0.80342317
0.87630177
0.8426255
0.7131745
0.93069637
0.9406941
0.7785254
0.93380874
0.9309342
0.87660265
0.7783403
0.77034366
0.86494815
0.90306044
0.69506615
0.81582654
0.8573428
0.95765543
0.92844796
0.9402232
0.79180574
0.8042687
0.72980285
0.89040595
0.9469726
0.9098493
0.81272364
0.7456562
0.92108434
0.9052339
0.86554384
0.8959772
0.822939
0.7158334
0.8216804
0.68612695
0.88872206
0.75473976
0.909526
0.8803252
0.89515525
0.89836895
0.87181115
0.86239994
0.5596167
0.75726694
0.8584937
0.72653735
0.85394436
0.8935183
0.83490324
0.84620094
0.9114815
0.7431693
0.9291794
0.93597364
0.85703826
0.93421185
0.8943236
0.9192956
0.8898505
0.7380687
0.8805897
0.67105985
0.95887256
0.6708849
0.6494864
0.92542565
0.9305212
0.86543244
0.8039739
0.70477235
0.85276276
0.8270931
0.7148344
0.9197771
0.7716497
0.8931852
0.7895688
0.9672849
0.7686022
0.9200981
0.7802717
0.7731652
0.88240373
0.7563612
0.8897289
0.5700098
0.6268957
0.88886076
0.91916496
0.7133903
0.949167
0.8743582
0.8268907
0.92814547
0.8205675
0.746084
0.58613706
0.84281254
0.9161827
0.9135601
0.85657334
0.87891877
0.9699378
0.80644
0.777473
0.8809001
0.62816596
0.7072725
0.9604447
0.817518
0.8577846
0.87182826
0.7763335
0.90217096
0.8581101
0.7700206
0.92832303
0.65554714
0.79115224
0.5989075
0.77987635
0.7478166
0.85701174
0.8000327
0.6347456
0.91948664
0.8921938
0.87578744
0.6969094
0.868626
0.9184337
0.7546835
0.82832444
0.86818707
0.7626574
0.8392483
0.95570314
0.89790416
0.8135334
0.8276794
0.74178016
0.8594071
0.84304476
0.6420388
0.59698856
0.92782235
0.845843
0.8529623
0.9210455
0.86999094
0.8950012
0.7124173
0.9422395
0.7044141
0.80007905
0.9577154
0.7377628
0.8782395
0.86094904
0.8559276
0.942066
0.963838
0.822109
0.9266601
0.5898279
0.8245373
0.8979397
0.81968355
0.86429524
0.8868957
0.68392175
0.6778959
0.8759981
0.95897907
0.90712684
0.8029662
0.9024661
0.743274
0.7304559
0.83363265
0.77307415
0.7132666
0.87772447
0.8916725
0.7367129
0.75511277
0.841521
0.8075063
0.8491811
0.9196091
0.8347336
0.9202016
0.95225936
0.8760809
0.7541811
0.8955188
0.5996003
0.7500105
0.96270496
0.8634642
0.90264034
0.8963195
0.8309706
0.70355964
0.8223943
0.8324058
0.8393369
0.68282807
0.89622664
0.7773554
0.8624368
0.9372428
0.5108783
0.8632346
0.83515036
0.8394707
0.7775617
0.911167
0.8125653
0.85876507
0.9084066
0.76172054
0.89938045
0.8583127
0.8844103
0.8017843
0.86949724
0.8820373
0.8803115
0.7946327
0.7734692
0.8626004
0.857138
0.91082984
0.86350614
0.8926329
0.84771395
0.8283143
0.76263857
0.8304611
0.8840171
0.8298018
0.85325146
0.75439864
0.80841076
0.78037524
0.8641571
0.83756506
0.88992274
0.654297
0.8823834
0.8251465
0.8849758
0.913301
0.58412105
0.8891309
0.9033136
0.8864282
0.8887667
0.9258627
0.6295465
0.8155954
0.6919528
0.920046
0.4063659
0.8509521
0.84258926
0.72294474
0.91704965
0.7800249
0.76600206
0.9413874
0.91154283
0.87950695
0.83276147
0.8037615
0.5059274
0.92280465
0.85893965
0.9181707
0.80110055
0.9174453
0.77200323
0.7836498
0.8641417
0.7488865
0.78673196
0.84748554
0.8810799
0.89575624
0.7524156
0.7203435
0.70872307
0.86557615
0.86584204
0.817378
0.9503758
0.8120874
0.93239295
0.8926726
0.80657035
0.9323693
0.8737503
0.7206405
0.9340255
0.9046635
0.7989801
0.94996464
0.7935137
0.7717586
0.89018625
0.7754572
0.7898139
0.9002249
0.86333716
0.7095289
0.94244415
0.6872592
0.71827906
0.82755387
0.78643507
0.9387553
0.8280731
0.7836084
0.6872655
0.9249318
0.63776153
0.887972
0.77482796
0.9603555
0.7658655
0.86415315
0.7636254
0.8093291
0.6814945
0.8663878
0.83560467
0.8812249
0.87876093
0.86403406
0.7943827
0.91741776
0.7752578
0.8789128
0.9261799
0.81194156
0.8622236
0.7866136
0.9116204
0.9439934
0.76660156
0.78043044
0.9452601
0.66967803
0.72768044
0.88413805
0.7421051
0.9164189
0.9128997
0.8285964
0.92692965
0.8787145
0.93012464
0.6664624
0.5728847
0.7860818
0.8568733
0.8851291
0.926196
0.8836977
0.8892851
0.9333821
0.95204026
0.8830778
0.8706732
0.85942745
0.87071
0.945011
0.9477948
0.79099643
0.83838713
0.7985364
0.94798934
0.93091404
0.7699722
0.6869687
0.88710725
0.88644785
0.7457452
0.8324231
0.91317505
0.9137452
0.8732148
0.82748544
0.9481107
0.8737155
0.93286824
0.6904837
0.68239844
0.72684926
0.79817736
0.73703456
0.66376024
0.83360326
0.9028533
0.8923058
0.8000357
0.8958395
0.8570954
0.86739606
0.679465
0.7749109
0.7145565
0.85481656
0.84975064
0.701575
0.914467
0.8803035
0.89039373
0.54746115
0.92268556
0.8947216
0.6789614
0.7909106
0.6699485
0.8034632
0.8781147
0.81033653
0.66255
0.7382188
0.86555314
0.897322
0.9011586
0.8503814
0.8226556
0.83562964
0.8801335
0.93119323
0.6888259
0.73587316
0.6048696
0.8611194
0.89645964
0.7402149
0.81321824
0.8225494
0.86310077
0.9257483
0.8404208
0.8514262
0.8990181
0.93439364
0.83700895
0.78413683
0.82965887
0.8763578
0.8636856
0.87717795
0.9666029
0.792435
0.9147125
0.8137576
0.9529786
0.873611
0.91921794
0.90639955
0.74220663
0.9218931
0.722811
0.87861997
0.8937185
0.9093841
0.90831065
0.82804507
0.8316002
0.7629994
0.7653313
0.8879689
0.951279
0.827034
0.74169856
0.7993269
0.88403296
0.9483153
0.8999612
0.73113656
0.9218194
0.7816122
0.69366807
0.64477485
0.8185779
0.96506256
0.8311645
0.7768608
0.95820713
0.7742367
0.87084275
0.8248081
0.39896885
0.9291866
0.83188933
0.51280713
0.6863146
0.84927136
0.92455727
0.77220803
0.77111393
0.9141671
0.458567
0.6541236
0.79803896
0.8790989
0.94478667
0.9182182
0.7432758
0.95842284
0.75357807
0.8377702
0.8122015
0.8031891
0.92037195
0.9143586
0.88441557
0.9152485
0.9068076
0.73280084
0.8905168
0.69025123
0.92927873
0.8505366
0.82926726
0.8966218
0.7622332
0.88196284
0.94749594
0.87555695
0.6550114
0.8402713
0.9324574
0.7333207
0.82487285
0.8628187
0.615953
0.8375783
0.8675816
0.89822894
0.8608388
0.94320446
0.9392906
0.7462212
0.7879094
0.86953384
0.65290016
0.79704136
0.8702048
0.87411577
0.9397832
0.8635424
0.9405808
0.7738186
0.8346466
0.7942906
0.7743386
0.8262738
0.9376097
0.8178986
0.92248553
0.8115592
0.8858613
0.90039206
0.7479096
0.47920042
0.8389088
0.8961254
0.90761817
0.7340515
0.9689405
0.9286306
0.9359249
0.8618663
0.82569253
0.66835064
0.9386693
0.7412884
0.8551249
0.9110574
0.6841547
0.83943737
0.649582
0.8839786
0.7459872
0.90814006
0.7881563
0.87946385
0.6215153
0.9439057
0.83570147
0.9583055
0.94655824
0.7939822
0.9595572
0.8256706
0.72056955
0.7864221
0.6224206
0.8692528
0.87369066
0.89529705
0.93058306
0.7882197
0.9511445
0.8580855
0.8755823
0.9319385
0.9408892
0.55905557
0.6709737
0.9065597
0.91986156
0.72828627
0.75498897
0.8866385
0.88189304
0.9211951
0.95463115
0.91052425
0.81010664
0.8731126
0.85357046
0.8358313
0.95188415
0.9431351
0.90406543
0.8884454
0.9492723
0.8632672
0.88788456
0.9050007
0.78053945
0.84060663
0.9458256
0.95714676
0.9183023
0.87064344
0.9038373
0.7849965
0.63890076
0.9162413
0.6097034
0.8176957
0.86889565
0.9227059
0.809157
0.9320732
0.9572082
0.66287047
0.90226066
0.82256263
0.8587181
0.94286084
0.8135636
0.84372056
0.8836133
0.9039427
0.7271167
0.9000138
0.6595956
0.7327496
0.76918
0.8544849
0.8676308
0.81981456
0.9236247
0.87541604
0.94393635
0.84585965
0.8208126
0.9376863
0.5958944
0.934439
0.7981215
0.86216706
0.7867173
0.9354264
0.94481146
0.84806025
0.9201767
0.8267235
0.798236
0.7820648
0.9082267
0.85784227
0.87805295
0.91667855
0.8329496
0.85142636
0.7787888
0.5749392
0.728781
0.8915802
0.9457402
0.8244863
0.94381785
0.63886094
0.8953968
0.78905904
0.7374734
0.88587034
0.9028518
0.7265887
0.87299985
0.8810832
0.93437225
0.792492
0.9085452
0.9051881
0.8990936
0.9451338
0.85672855
0.9043009
0.83163995
0.93022037
0.86771226
0.8535095
0.89722085
0.623378
0.75988805
0.92213607
0.6934911
0.6902115
0.89595264
0.79107934
0.8679923
0.86806947
0.85353154
0.7466356
0.9361093
0.912705
0.91555
0.8966728
0.88655686
0.8117224
0.86849993
0.87587875
0.8456687
0.7988882
0.8934375
0.9518661
0.7336283
0.8217527
0.8663566
0.7715033
0.5758902
0.9032208
0.9387467
0.85479695
0.908128
0.9174267
0.8155034
0.6612601
0.810236
0.92302644
0.80141145
0.797218
0.9170567
0.7591288
0.7911321
0.725492
0.71385634
0.76778185
0.8068574
0.83902043
0.8909421
0.90033054
0.9635814
0.9171061
0.91162646
0.8407604
0.7825396
0.7997391
0.9701672
0.73951524
0.7496497
0.8540605
0.7712867
0.74771094
0.8925066
0.95880854
0.6155597
0.71491784
0.9537667
0.86411834
0.940325
0.9336629
0.87869847
0.9148487
0.901376
0.75596935
0.9177443
0.7671287
0.89090717
0.8824943
0.51810527
0.8610282
0.7541873
0.8760242
0.84779644
0.9033941
0.9328271
0.9206833
0.8264339
0.90731657
0.7647322
0.79184467
0.6047048
0.88006026
0.741244
0.89596784
0.75865054
0.71370363
0.83019674
0.75893766
0.8118274
0.7993119
0.83642733
0.84936935
0.6254881
0.8636857
0.91690665
0.77324325
0.7473588
0.8130918
0.7740269
0.98152316
0.81404316
0.71647716
0.8531587
0.90003514
0.81827176
0.8203859
0.88913053
0.83054084
0.8513133
0.9292916
0.9142346
0.685027
0.82318664
0.8112539
0.7806296
0.9243897
0.72964454
0.8525339
0.8613112
0.8737334
0.8037963
0.8272082
0.93820083
0.914935
0.83273983
0.9127221
0.9104967
0.8239647
0.68192494
0.95467293
0.8200947
0.7718802
0.95541245
0.9403917
0.5933833
0.879313
0.5755364
0.90156454
0.81071997
0.90817815
0.9277979
0.89054394
0.93576753
0.80751085
0.89728475
0.8997685
0.8546654
0.84940636
0.9517307
0.72329783
0.84139824
0.74894494
0.8383685
0.8541272
0.84807336
0.94175273
0.8334986
0.7298061
0.9436683
0.8220755
0.859975
0.75174224
0.8584809
0.795015
0.88091207
0.91176367
0.94946307
0.9677848
0.7998045
0.79478765
0.7432908
0.7307477
0.9614413
0.8812431
0.8725505
0.88038856
0.84245807
0.8722404
0.8312388
0.84243506
0.96161604
0.93801624
0.8296689
0.9414539
0.81598866
0.9331039
0.90175706
0.9378785
0.93747705
0.9212409
0.85159713
0.8019743
0.57253265
0.9446781
0.9201733
0.8643707
0.93729776
0.67170364
0.8611822
0.7962974
0.7491751
0.90711737
0.960292
0.8216996
0.92932415
0.747278
0.48891857
0.95523584
0.7644336
0.905025
0.9558712
0.79887694
0.8037886
0.9494525
0.88662326
0.87546086
0.9003558
0.8803481
0.7883116
0.9409592
0.9043176
0.91368574
0.83550155
0.8256395
0.88874173
0.8905367
0.71348345
0.8249373
0.7959233
0.7760437
0.934952
0.9444803
0.80937946
0.76194274
0.8094871
0.9047731
0.82320416
0.91816187
0.68320477
0.97229993
0.9530266
0.8786609
0.7573001
0.8480829
0.931419
0.7424458
0.89680076
0.88297576
0.8992369
0.7156612
0.85960233
0.88842666
0.47451627
0.8809335
0.8980405
0.8887878
0.8162788
0.87173355
0.7720995
0.84362805
0.84997034
0.8453179
0.9363853
0.95016164
0.95641303
0.8718465
0.82386774
0.8766158
0.90922797
0.8934429
0.89017963
0.9507536
0.92260665
0.8545407
0.515546
0.8163175
0.80119115
0.96155155
0.9479399
0.9049029
0.91798097
0.9117808
0.8193006
0.925751
0.86544555
0.80782974
0.90487015
0.9114082
0.8855877
0.8073201
0.8850715
0.9631345
0.96671665
0.8888184
0.74875873
0.79260963
0.76091766
0.8785604
0.9790803
0.8845935
0.78447056
0.7432456
0.8170164
0.887878
0.8790231
0.70396596
0.7923711
0.8907862
0.62817156
0.93344414
0.94187295
0.89914554
0.794292
0.73255247
0.8746382
0.9174516
0.9494134
0.81091726
0.87949723
0.97847635
0.7884578
0.8237122
0.736395
0.8914736
0.8488708
0.91550213
0.72557724
0.86324424
0.843618
0.85751647
0.86924994
0.91319925
0.94661856
0.66979986
0.8210409
0.79881084
0.86093867
0.8274143
0.88156617
0.89241296
0.849845
0.8458218
0.9316863
0.7495986
0.83025885
0.8728315
0.96612823
0.7213113
0.80776244
0.87466526
0.6256362
0.7988321
0.9300156
0.826352
0.86651814
0.89640677
0.8478805
0.8812826
0.79528064
0.86982983
0.94789773
0.71528345
0.84190154
0.8712853
0.91867405
0.878025
0.793765
0.88562655
0.7488032
0.81499135
0.7331375
0.9062265
0.80294806
0.8502168
0.87567675
0.6316327
0.9319577
0.89769197
0.918909
0.8608575
0.8322667
0.8399174
0.83273023
0.87034744
0.7639587
0.902521
0.9445224
0.7731017
0.90776604
0.78143245
0.929763
0.88937736
0.91776824
0.87712467
0.9454963
0.86143136
0.9037252
0.80037826
0.9241064
0.7351771
0.95636237
0.8266765
0.7460028
0.73880136
0.9703208
0.82370496
0.8166187
0.68801403
0.9660443
0.8182848
0.40542465
0.84883463
0.66786504
0.93230724
0.8953572
0.94475156
0.5643282
0.87125695
0.90493083
0.88841814
0.8199493
0.8641006
0.96865624
0.82193387
0.9026677
0.95648247
0.88784057
0.9359827
0.90884364
0.8470104
0.74397266
0.91208655
0.7583092
0.8944624
0.9177932
0.88658345
