0.8215135
0.74691015
0.8987941
0.80577636
0.9130034
0.92064846
0.61194336
0.92132
0.85420436
0.96823746
0.9357448
0.886435
0.825873
0.8468358
0.9789924
0.8404617
0.7838191
0.86542815
0.8873353
0.89540887
0.8201792
0.87779164
0.93846685
0.9611065
0.6540221
0.89753544
0.8022393
0.79891634
0.85884905
0.91433656
0.78914183
0.70048255
0.86642206
0.8394985
0.83720833
0.88642335
0.8154592
0.95028806
0.73016024
0.93954396
0.9217356
0.80871654
0.7719068
0.83568347
0.94698274
0.9013754
0.88332325
0.84517074
0.8055642
0.82359797
0.9138882
0.9352998
0.93232477
0.8670176
0.9191162
0.86933064
0.87199146
0.836211
0.8899103
0.84722203
0.8635551
0.8778462
0.61668175
0.83526194
0.82185495
0.8928425
0.86752045
0.9061296
0.9383917
0.85905653
0.9427733
0.7768798
0.8574253
0.839834
0.7424526
0.84252024
0.8899192
0.956988
0.86728776
0.6943961
0.73632336
0.9145699
0.86769086
0.9059081
0.8738988
0.9271983
0.8100496
0.85717916
0.9144888
0.8009334
0.89721227
0.91381234
0.8731278
0.82435197
0.86868054
0.90410113
0.75589895
0.77397686
0.6629014
0.9411217
0.74733776
0.8003359
0.73268217
0.7937919
0.8773065
0.8757812
0.9729681
0.9310873
0.8172298
0.9201509
0.81588846
0.9201172
0.9014724
0.9506018
0.9197789
0.782014
0.86084425
0.72061425
0.6975124
0.7949085
0.7970252
0.8848314
0.87562597
0.6153312
0.96247363
0.8799708
0.907462
0.91337484
0.79689765
0.9407192
0.82865834
0.7173078
0.92655516
0.8391029
0.87879616
0.7777895
0.8312953
0.8646425
0.847138
0.8610991
0.83159375
0.63416225
0.9522531
0.899674
0.36417755
0.9463247
0.92064035
0.9238233
0.92319983
0.884825
0.72637314
0.8765559
0.81753933
0.96741474
0.8106421
0.89877564
0.79203844
0.92240554
0.90978765
0.88370264
0.92557263
0.7586595
0.78714573
0.9172829
0.82677126
0.9512519
0.8732729
0.9129832
0.7513626
0.846386
0.9275049
0.8745799
0.81405425
0.8329785
0.7791945
0.94738734
0.76032776
0.92911375
0.941983
0.88854575
0.7362674
0.77908593
0.85567015
0.71983254
0.78831506
0.89970016
0.9412035
0.9544225
0.934139
0.8382894
0.931417
0.83233315
0.5442281
0.8051828
0.90389425
0.6897253
0.88751775
0.9401255
0.6656875
0.7819661
0.90192014
0.953645
0.6767168
0.8131032
0.7685891
0.73347443
0.8976482
0.8147723
0.81092167
0.86748695
0.9119401
0.63509154
0.9588678
0.74183375
0.515741
0.96689504
0.40573376
0.919868
0.9076504
0.8718682
0.84538144
0.81569064
0.7279693
0.85022914
0.73183334
0.8907973
0.9492526
0.81241983
0.8990619
0.91128373
0.93774295
0.8664622
0.85544217
0.8448431
0.67631024
0.78863347
0.85862535
0.9079091
0.82332677
0.8586066
0.8348611
0.7578515
0.85576266
0.6766824
0.89065576
0.97367805
0.8757794
0.7893193
0.90183705
0.91478705
0.9139637
0.8917174
0.918548
0.9633803
0.9555329
0.71184075
0.85374
0.8298322
0.75111765
0.82302326
0.87360877
0.8698786
0.76889217
0.8330656
0.8380961
0.71438944
0.9039352
0.8397801
0.9513744
0.7602274
0.92662036
0.8403011
0.6613538
0.9458664
0.8392921
0.78953207
0.879151
0.6412386
0.8482774
0.91677463
0.88553894
0.8229765
0.45957464
0.79592806
0.953796
0.76558876
0.93213004
0.68763024
0.9159848
0.92038953
0.7984491
0.8633419
0.8274527
0.90479255
0.7992377
0.75397617
0.8135613
0.8649268
0.8522084
0.70032686
0.77600205
0.82607025
0.9417891
0.9310174
0.82516587
0.9632997
0.85793775
0.82590574
0.89374536
0.93518513
0.86043
0.93050563
0.82869244
0.80571926
0.85753244
0.97147995
0.87555766
0.81314766
0.69286585
0.9493682
0.7208861
0.9227344
0.8972664
0.89332163
0.88181704
0.83310103
0.8028809
0.8514829
0.86400646
0.5479866
0.8259518
0.87071466
0.9201286
0.83546466
0.7187006
0.73185396
0.8952966
0.8009037
0.89864564
0.74304014
0.7594755
0.8004979
0.9631943
0.9397141
0.9406683
0.8540893
0.88707006
0.8368979
0.8369026
0.83222723
0.94320405
0.9479042
0.8344875
0.84673524
0.90481365
0.9402634
0.9329653
0.89494514
0.6805444
0.8614686
0.75564533
0.74242926
0.94799405
0.8476567
0.9040252
0.92786133
0.882797
0.90877104
0.6531154
0.8968946
0.7423451
0.8467316
0.9246768
0.6668899
0.8146703
0.9298314
0.6806486
0.90403694
0.6896768
0.9632292
0.96520513
0.85317934
0.9413652
0.8336427
0.86587167
0.7684306
0.8774346
0.8272804
0.76122415
0.93005943
0.755327
0.96083987
0.85516936
0.90657836
0.89181757
0.90650797
0.88082635
0.883669
0.83352095
0.7660391
0.75208896
0.8094733
0.769937
0.771428
0.95175505
0.8572633
0.80503666
0.9007515
0.933281
0.9155767
0.88764894
0.9219457
0.8704098
0.85609525
0.8815725
0.8820449
0.9437026
0.7123173
0.7259062
0.9416191
0.86594725
0.94089663
0.8436486
0.78919774
0.42783722
0.92042744
0.8971714
0.96842134
0.8803964
0.8112911
0.9691655
0.9116695
0.8934246
0.7203797
0.88650835
0.7823909
0.8453688
0.8072646
0.8587396
0.61412644
0.903686
0.844908
0.93207216
0.79332745
0.84954184
0.88890713
0.9151535
0.87864083
0.6412893
0.78061837
0.7870786
0.83510965
0.7744262
0.9315988
0.9072549
0.9138009
0.870067
0.84462184
0.9008018
0.8482923
0.79020005
0.86059344
0.89416796
0.7572285
0.74284756
0.90413445
0.92830396
0.9270678
0.9157517
0.80172116
0.84969175
0.9608615
0.82445765
0.86431724
0.6596061
0.84692186
0.9188286
0.9658084
0.96019447
0.76166266
0.8333352
0.89016974
0.9191009
0.8149502
0.93315345
0.9279728
0.87771255
0.90467083
0.7909417
0.8960107
0.7737171
0.7404752
0.9103351
0.8279619
0.87930214
0.93293136
0.7993877
0.8726879
0.6452217
0.871038
0.91434336
0.8748869
0.6815746
0.6908763
0.83736736
0.7009454
0.58175755
0.9053211
0.841376
0.75917333
0.85215867
0.92620665
0.83198607
0.87488586
0.77390534
0.86496294
0.90154326
0.7720882
0.97622657
0.8594077
0.8095444
0.83496225
0.7795835
0.72298
0.64118016
0.7798118
0.8668677
0.8991817
0.8434111
0.66310036
0.7751641
0.9488262
0.7424046
0.969895
0.8453828
0.92423433
0.96297646
0.9622154
0.9253502
0.6842221
0.82016987
0.79196
0.82908416
0.62786597
0.86918855
0.9699742
0.8334825
0.8473691
0.9001524
0.9643794
0.86690253
0.79902416
0.91650057
0.89349055
0.9278145
0.7951908
0.7904943
0.92358303
0.52746314
0.87500757
0.9386581
0.91892666
0.7649348
0.9409015
0.9359652
0.8636842
0.8249435
0.8729104
0.8088962
0.85590774
0.86675555
0.9530889
0.84538
0.7897446
0.7643865
0.83376503
0.8299167
0.9133452
0.91872907
0.87015474
0.7383439
0.87194455
0.90192795
0.7631359
0.87433696
0.7479392
0.7630081
0.83016264
0.8016564
0.8749868
0.8908776
0.8546047
0.94564444
0.9239946
0.9459646
0.9322078
0.9352075
0.87345874
0.6459308
0.5203061
0.82862586
0.82439405
0.6978235
0.9094169
0.89599645
0.87872165
0.8263631
0.7743586
0.81438226
0.66507244
0.8620665
0.8306384
0.5134447
0.7948112
0.96809214
0.7597755
0.8509729
0.951402
0.8821701
0.8639654
0.89488226
0.918754
0.7425331
0.9331785
0.8650552
0.96200246
0.86475736
0.889914
0.72976565
0.86515665
0.8750754
0.9212211
0.715722
0.8620076
0.9851123
0.80877584
0.8436744
0.92725277
0.9430995
0.7969155
0.80708456
0.7847426
0.8306644
0.92114955
0.7758295
0.93106544
0.8744361
0.7135638
0.9240016
0.8488613
0.5102891
0.9013572
0.9797071
0.8135961
0.94610906
0.94425154
0.86329293
0.73328257
0.8516755
0.86406755
0.7153492
0.896135
0.94268733
0.75700516
0.92524916
0.852921
0.810557
0.9431392
0.8794328
0.97691715
0.84580386
0.88117707
0.93040323
0.87823886
0.68628365
0.77328223
0.96931475
0.7913916
0.88786775
0.82598144
0.62978226
0.90753496
0.7730034
0.66451234
0.4633762
0.87669545
0.8536918
0.7835246
0.86621445
0.8851359
0.8790377
0.9373194
0.8238988
0.67483413
0.80873346
0.8792782
0.8877835
0.97440296
0.8515202
0.78401166
0.9046265
0.93043965
0.9190486
0.95583755
0.87675977
0.8938446
0.7888292
0.8891114
0.9162906
0.91914403
0.628454
0.86341786
0.79984874
0.67449564
0.77217627
0.89339143
0.8594547
0.90830207
0.83141905
0.82369035
0.8412715
0.799816
0.9169277
0.6087326
0.940974
0.8759974
0.79510516
0.92747915
0.941345
0.9488171
0.8141941
0.8246884
0.8478047
0.83389026
0.86810696
0.6885679
0.8737874
0.8784957
0.95279825
0.8790891
0.76122713
0.55307734
0.7147781
0.819581
0.9097593
0.9110592
0.84684706
0.84246415
0.82980907
0.8152547
0.9411169
0.72479594
0.93083096
0.92625827
0.8938989
0.6536567
0.7028558
0.8809582
0.825158
0.8361783
0.85620904
0.8579526
0.90606725
0.7200298
0.94757855
0.8788402
0.9287522
0.7835839
0.9282117
0.88919294
0.8048613
0.9126413
0.87920177
0.8367615
0.8479744
0.76812935
0.9747551
0.8085213
0.5423912
0.9247199
0.87672836
0.78564066
0.9149419
0.84602624
0.95134354
0.72448176
0.7859403
0.8601787
0.92655134
0.96819097
0.8170518
0.76464725
0.9266144
0.9636436
0.8432807
0.82403535
0.82279104
0.9678057
0.49060673
0.9670224
0.79990506
0.964157
0.8757719
0.87596375
0.9090869
0.843274
0.8531657
0.8060393
0.85436314
0.8006326
0.8028835
0.873641
0.9178646
0.9441161
0.9263324
0.76644987
0.90313023
0.91950375
0.8973377
0.94563425
0.8807051
0.6854673
0.94310963
0.8384056
0.9443041
0.8702237
0.92278755
0.885495
0.8615629
0.88015413
0.8752771
0.9575006
0.8776958
0.8270966
0.8690575
0.67657465
0.87558895
0.80869037
0.49075812
0.8458645
0.93595326
0.9155219
0.92536366
0.73349756
0.837758
0.72454363
0.8968503
0.83631945
0.86253434
0.89093435
0.8181224
0.85749865
0.75716656
0.7813896
0.9034225
0.9324121
0.85171914
0.7340899
0.7082081
0.7926092
0.94614756
0.88465595
0.8298191
0.78461933
0.8594655
0.96192366
0.9749191
0.8738058
0.95037216
0.9497043
0.8820256
0.9508502
0.9785546
0.9452814
0.8114172
0.87930405
0.8551119
0.8216231
0.8707155
0.86607265
0.95133495
0.666011
0.7502416
0.9180323
0.67893106
0.8779294
0.80520344
0.8386363
0.39542565
0.8103497
0.91388625
0.9247327
0.8037994
0.9421505
0.8980051
0.8548053
0.9259461
0.853121
0.7012974
0.70430243
0.86284465
0.82269955
0.785834
0.8641721
0.9446159
0.81755733
0.8672162
0.9370512
0.9630244
0.807798
0.81982213
0.8643276
0.8032442
0.8983932
0.8805319
0.88646066
0.8342683
0.93599755
0.5825983
0.88243544
0.9643861
0.65458363
0.7668642
0.8378863
0.77338815
0.72774816
0.9524397
0.83467996
0.93584037
0.7995869
0.7721579
0.8343811
0.58013284
0.7306792
0.8302481
0.8614589
0.80508184
0.9044224
0.6975557
0.90120447
0.72878236
0.8762368
0.8717403
0.8519858
0.95322233
0.62467086
0.71637297
0.84662867
0.79392385
0.85139215
0.7078992
0.93205106
0.8577869
0.83475626
0.8021269
0.82920086
0.86177117
0.929093
0.83185935
0.72357565
0.970409
0.96501696
0.8549759
0.8563135
0.8512734
0.82596874
0.87658775
0.7563891
0.894618
0.6872714
0.76509553
0.8101302
0.91384166
0.6064804
0.73712593
0.92039156
0.9067406
0.8800467
0.8473733
0.8073303
0.9118626
0.6619792
0.8033711
0.8043812
0.9102608
0.93560237
0.90641075
0.74600774
0.897845
0.9033463
0.8112594
0.82790935
0.83028764
0.93893754
0.87029445
0.8897141
0.86743796
0.84503037
0.897227
0.8017296
0.7261833
0.7641059
0.88918704
0.7952767
0.8198435
0.8519671
0.93448174
0.9071885
0.9422843
0.84609777
0.9368136
0.66551405
0.8990144
0.79215646
0.5597007
0.79227006
0.7454592
0.882272
0.9555423
0.9371703
0.72120863
0.89370805
0.86189336
0.9121187
0.9469919
0.9722525
0.9191571
0.91055083
0.87570745
0.90633523
0.93530893
0.8001636
0.63681036
0.8376427
0.71960473
0.79946685
0.8671472
0.75861585
0.8964255
0.8600174
0.6779818
0.7871724
0.81562704
0.8844264
0.8874266
0.8117053
0.8897072
0.9075686
0.89556366
0.8284823
0.8548347
0.6736339
0.8760053
0.905783
0.93472403
0.7442192
0.6433307
0.8726996
0.90963423
0.71655345
0.91571546
0.95198935
0.70280415
0.86105275
0.7274111
0.8353416
0.78379244
0.8112192
0.7873461
0.93526787
0.85079104
0.92517644
0.9140084
0.8512431
0.9595551
0.93371683
0.8876636
0.5952229
0.84332216
0.7703414
0.872409
0.9290805
0.90531975
0.8457153
0.63266784
0.70709854
0.9658433
0.8675457
0.97488594
0.8211314
0.8265423
0.9058038
0.79549503
0.79638237
0.45048738
0.5637296
0.7866137
0.7039389
0.85698044
0.72566503
0.7551925
0.75085115
0.9380415
0.846082
0.62313974
0.56091267
0.8150735
0.87105924
0.91317755
0.76548254
0.88315463
0.7909092
0.8270304
0.75902313
0.8349914
0.83336353
0.84461
0.9414122
0.90592647
0.76832694
0.970043
0.908173
0.9412597
0.8160335
0.87370145
0.8950019
0.79023856
0.74163496
0.9326009
0.79070187
0.9608208
0.8999062
0.8997812
0.86083066
0.8153325
0.7247682
0.8017615
0.816862
0.8875346
0.87652016
0.8191526
0.8473674
0.7351582
0.87988764
0.9617767
0.8518462
0.907975
0.90718555
0.8492751
0.8786236
0.8096542
0.73921454
0.72632277
0.8979318
0.8221996
0.8141926
0.61812276
0.778627
0.9848099
0.74298334
0.8543125
0.89490485
0.85928077
0.886884
0.84814036
0.9216678
0.9128621
0.75116307
0.9350746
0.92980343
0.9201225
0.67976665
0.95786613
0.7098657
0.8206784
0.6412493
0.93155277
0.8341977
0.8738078
0.8187606
0.8647599
0.9347608
0.94619024
0.95128685
0.84692246
0.78303325
0.8745532
0.8188711
0.7813746
0.7908821
0.8404985
0.91425157
0.83787954
0.959266
0.9310722
0.5402954
0.7516258
0.90590596
0.8398115
0.9154499
0.8739797
0.71456075
0.9851697
0.70045733
0.81822264
0.7702659
0.8684088
0.73341405
0.9361811
0.9194521
0.84676474
0.75191736
0.8434062
0.6878574
0.72738624
0.8902676
0.93744224
0.86559665
0.6919765
0.8163607
0.81304795
0.9051842
0.42689565
0.9339022
0.5802192
0.7366064
0.7865504
0.9356168
0.51327235
0.89590055
0.91075367
0.9033359
0.8449919
0.9612276
0.79087716
0.8045966
0.9475094
0.799024
0.621965
0.838891
0.8460632
0.84379035
0.8486583
0.8663212
0.9094847
0.79384124
0.84141684
0.6417258
0.92786616
0.78876066
0.85793805
0.92922515
0.57908803
0.80186665
0.44602862
0.9404758
0.62539965
0.9531093
0.6082025
0.8312861
0.86094487
0.87571347
0.9003049
0.87686807
0.7011513
0.82073617
0.68842924
0.8092486
0.89902645
0.7259228
0.7928379
0.5756617
0.76084495
0.7291641
0.9561275
0.80415094
0.96411306
0.7452266
0.8979722
0.81275207
0.89330804
0.748876
0.6705375
0.9282044
0.8529033
0.8472399
0.50778
0.91887647
0.8411927
0.8008177
0.97142
0.75477415
0.91298354
0.69060695
0.8278164
0.9232651
0.7992172
0.82944334
0.82913053
0.81866217
0.8723345
0.8288921
0.914697
0.7830387
0.810947
0.8112132
0.8833449
0.7462478
0.87858164
0.8397175
0.8825206
0.81145567
0.75243336
0.8756561
0.74403286
0.784624
0.809324
0.91235095
0.8749089
0.91169816
0.831655
0.845591
0.6831302
0.92886496
0.9008377
0.8295252
0.8535047
0.96939874
0.86931986
0.8500711
0.85535806
0.7411441
0.7198096
0.83323306
0.8365945
0.7166933
0.69546384
0.82710487
0.7424722
0.93862736
0.9512787
0.93775713
0.6618286
0.7190762
0.6705863
0.7466578
0.9001346
0.8414315
0.71743536
0.9174914
0.44542903
0.88935304
0.9400876
0.88908064
0.88325626
0.8897407
0.95399505
0.81080014
0.78017527
0.8999016
0.9274827
0.64542663
0.9545096
0.89411545
0.7649857
0.9165081
0.7652083
0.87658143
0.6496347
0.9134371
0.8458344
0.92355907
0.71536756
0.7947272
0.89
0.8553891
0.86196744
0.8204409
0.8013438
0.94539976
0.9550823
0.74701655
0.7740108
0.60435176
0.56615746
0.8482362
0.8653836
0.82915235
0.7923018
0.78914046
0.9036331
0.8031818
0.7380602
0.6728539
0.76702726
0.6369624
0.8902266
0.6189674
0.8309603
0.8739934
0.8474305
0.7978993
0.92536753
0.91951936
0.8883537
0.8728179
0.61986285
0.88753355
0.6562756
0.91765904
0.9166534
0.86226857
0.7628366
0.8053919
0.8810218
0.79460585
0.50664645
0.70665723
0.6242374
0.8240304
0.8802537
0.7644446
0.86224717
0.8966795
0.9364942
0.92270935
0.63971937
0.781474
0.9217292
0.7079244
0.92203176
0.96310663
0.8488207
0.736415
0.6406126
0.73064834
0.8914014
0.84777135
0.95068616
0.9615842
0.91779244
0.91946304
0.8154945
0.83033234
0.61745167
0.88143235
0.8278292
0.9308677
0.80157626
0.87992674
0.6470952
0.9378214
0.5766856
0.8574009
0.9559019
0.8159984
0.80234677
0.8285108
0.86471313
0.901386
0.90825325
0.9482317
0.6859041
0.8587746
0.61580735
0.8806783
0.9036909
0.70072067
0.8311923
0.948956
0.8501426
0.8866377
0.8535362
0.91712546
0.87313706
0.8523658
0.8265241
0.95516545
0.876285
0.8979195
0.89436805
0.88513225
0.93442905
0.91360855
0.8387868
0.73324776
0.7722955
0.8111603
0.5665928
0.7357747
0.88747525
0.8408141
0.898906
0.8948684
0.8099424
0.9055384
0.91088915
0.9258289
0.5522679
0.78724045
0.74349785
0.858131
0.89332056
0.8426858
0.8322956
0.837245
0.8328439
0.8756889
0.85611856
0.73288506
0.50688666
0.8450562
0.93264526
0.9343171
0.87286425
0.8748322
0.8846564
0.88183725
0.96914726
0.8509661
0.88367116
0.95090365
0.9458015
0.81277233
0.95880944
0.8824207
0.8449525
0.7976574
0.9496039
0.8870958
0.87652254
0.8987808
0.7543005
0.7239056
0.8640848
0.9080145
0.7868359
0.659665
0.9351197
0.9378394
0.8239909
0.88134086
0.80709267
0.6373103
0.58057815
0.8044097
0.8894739
0.8558449
0.92311555
0.71536344
0.9009456
0.8528986
0.7598464
0.67564046
0.94029814
0.7297007
0.8801827
0.69573367
0.88860476
0.73442495
0.9353047
0.9021117
0.8207546
0.93295205
0.75622654
0.9307186
0.933821
0.9756489
0.7959981
0.948126
0.92876494
0.76375073
0.69803274
0.7438193
0.84495145
0.93926156
0.738799
0.93645906
0.971996
0.7886483
0.94304204
0.8727185
0.9211254
0.9049866
0.78841543
0.84731364
0.9377046
0.7458325
0.85485584
0.9025498
0.8806371
0.957561
0.6561365
0.8412729
0.9081108
0.9109355
0.89877695
0.95070755
0.74414337
0.8815565
0.70125484
0.80409235
0.7655694
0.8510842
0.83820975
0.85663396
0.82868445
0.8481838
0.8956201
0.7836241
0.942718
0.9506934
0.9242214
0.881738
0.92890304
0.8592557
0.7810845
0.74568594
0.75226593
0.84301186
0.6282072
0.863762
0.66672564
0.9427045
0.6392163
0.9696419
0.9546548
0.66403353
0.82825446
0.85564876
0.94678026
0.8165983
0.7878158
0.8912384
0.9161624
0.7154814
0.82197577
0.7945175
0.9004177
0.8340634
0.8107097
0.9099019
0.94267726
0.8442455
0.9485426
0.8918091
0.9001703
0.8772628
0.88416135
0.900709
0.83921015
0.8357799
0.5361532
0.8065759
0.42299744
0.9078877
0.92026734
0.8856917
0.9291524
0.7763841
0.97367543
0.7901745
0.9406596
0.82356846
0.9149821
0.86407965
0.84374654
0.8897239
0.837093
0.84713715
0.8162733
0.83798844
0.94270587
0.7763119
0.96557283
0.78561735
0.6965062
0.8830545
0.70768636
0.9465846
0.5585829
0.7264441
0.9438512
0.83560705
0.77240306
0.7295091
0.7903635
0.94726306
0.85626656
0.90782356
0.8677397
0.90653825
0.93575734
0.83941567
0.75212336
0.6195466
0.7571696
0.8902155
0.76110405
0.6855084
0.6274662
0.890277
0.9298372
0.7674233
0.5860757
0.7979262
0.8445581
0.8306593
0.8849423
0.8808769
0.83732957
0.92340326
0.84914243
0.9164339
0.9554434
0.7803981
0.8235871
0.942412
0.90790904
0.93461716
0.78569007
0.7665917
0.9335626
0.8535699
0.68857783
0.85471106
0.8785501
0.8546681
0.8756578
0.7456231
0.9347676
0.93478644
0.92548287
0.91164917
0.8399174
0.92131263
0.8160362
0.77220774
0.81058955
0.93661404
0.8223999
0.74421966
0.6734361
0.92589563
0.6660249
0.90174484
0.89948106
0.69892746
0.8426682
0.7914634
0.82533884
0.52116907
0.8627672
0.79632384
0.8435839
0.79895806
0.9309511
0.68713844
0.8883838
0.85976833
0.9506662
0.90353644
0.8738197
0.929723
0.981467
0.84130263
0.83028877
0.89473206
0.75680196
0.80143857
0.7456947
0.9122875
0.8951648
0.9057925
0.7957846
0.66021174
0.8863468
0.89615357
0.39028743
0.89173824
0.67513055
0.95860547
0.8187045
0.889591
0.680334
0.93080115
0.5707774
0.6752059
0.84706044
0.70642346
0.9228066
0.8403834
0.8356787
0.87097853
0.95851445
0.835277
0.6661359
0.8789169
0.65146494
0.93943816
0.82550967
0.7907265
0.9210601
0.7921957
0.96602845
0.8955874
0.951241
0.8735868
0.937386
0.68095005
0.92668295
0.8063655
0.6588441
0.8238065
0.96382695
0.88701534
0.6838118
0.73757935
0.90660244
0.7929382
0.8053924
0.72409004
0.5117878
0.9111412
0.8668766
0.8666499
0.818064
0.92462695
0.76777464
0.8942863
0.887617
0.74483526
0.9243778
0.759085
0.83049214
0.6969689
0.78825885
0.6872632
0.8907127
0.91145337
0.809911
0.863551
0.6612116
0.69142526
0.6793573
0.8845683
0.87159115
0.59533376
0.92642796
0.77423114
0.96310127
0.8917309
0.8190476
0.8881985
0.8704084
0.84578234
0.7865627
0.795939
0.8094488
0.9289374
0.84769857
0.82116836
0.9120356
0.86394817
0.9567176
0.9230082
0.917884
0.8889498
0.92573
0.87447166
0.7637626
0.8602518
0.86794823
0.9117725
0.73103917
0.90127504
0.94749147
0.8470484
0.64292675
0.94202256
0.84517395
0.8577969
0.9582927
0.88264096
0.77386516
0.84626913
0.92291033
0.91763604
0.8262835
0.9291609
0.9385748
0.8838248
0.8348872
0.9068858
0.88082945
0.91246355
0.9524096
0.91212
0.7930196
0.8534376
0.8995013
0.8546191
0.7342979
0.8539235
0.865435
0.9557935
0.8531156
0.88058096
0.8852764
0.874016
0.94369614
0.8798349
0.969816
0.933696
0.8981087
0.88581246
0.87696797
0.7700052
0.849555
0.73027414
0.68967825
0.91507626
0.68930936
0.9193421
0.723907
0.853044
0.7172334
0.82814467
0.91516364
0.76944673
0.87670577
0.8357289
0.79086536
0.84324074
0.7940885
0.8123658
0.8525554
0.93920034
0.7189727
0.9421078
0.9468774
0.949589
0.9076374
0.8432612
0.94032496
0.8786149
0.94809407
0.8770074
0.8370024
0.86708677
0.8657446
0.9556681
0.9234696
0.79113513
0.96228385
0.9277366
0.89032906
0.88649845
0.55278736
0.7920486
0.7515275
0.86344725
0.85156655
0.95536464
0.89547604
0.8579647
0.9751444
0.67040515
0.8873712
0.88175976
0.92212486
0.84480387
0.8521414
0.90576386
0.9036435
0.7116996
0.58346653
0.8583716
0.83006406
0.8352171
0.891078
0.7041601
0.8370576
0.7267986
0.5159764
0.7957736
0.8162691
0.8421234
0.8902068
0.76459056
0.61721134
0.9076629
0.8584394
0.8575432
0.8223476
0.9100369
0.8850942
0.9056488
0.9303204
0.9605392
0.7989152
0.9006835
0.92325133
0.9237082
0.88503826
0.54187155
0.91579753
0.834606
0.9561032
0.79618865
0.8653968
0.82591724
0.85706043
0.9466004
0.6857103
0.9598002
0.7769947
0.8685717
0.9298607
0.79610574
0.85198617
0.83177453
0.87971044
0.7685867
0.7699628
0.8852145
0.9568283
0.96907926
0.908337
0.7964861
0.9470125
0.90787226
0.9004712
0.9465654
0.9575643
0.9076668
0.8847215
0.9275035
0.8296597
0.82734734
0.7884587
0.78922975
0.814201
0.82435465
0.8446783
0.8785774
0.77913374
0.8468355
0.7714975
0.6123739
0.8693354
0.912674
0.54833037
0.91205496
0.9131431
0.8648155
0.6629619
0.7045195
0.9192616
0.9335535
0.91264564
0.9499192
0.7942682
0.9049244
0.73790467
0.87018126
0.87836325
0.82519615
0.9595226
0.92191267
0.9330297
0.95663846
0.72137463
0.89022356
0.9740565
0.89679253
0.8890968
0.78992367
0.9484558
0.89463586
0.8256363
0.8569943
0.94554126
0.7281573
0.7742871
0.742363
0.91101575
0.8665981
0.7308309
0.9110645
0.6628635
0.9526534
0.6711526
0.679011
0.64872205
0.7214095
0.92316103
0.8799686
0.8291357
0.77914846
0.84017986
0.92624635
0.96248615
0.89626986
0.8661226
0.8661452
0.7995606
0.37373158
0.8370868
0.83718795
0.8902769
0.75821066
0.81556875
0.8683566
0.90505654
0.61845857
0.9109252
0.83166575
0.8187734
0.91144264
0.93972266
0.92593384
0.8944449
0.93323517
0.8862258
0.7704789
0.65735626
0.8814899
0.9113693
0.8318067
0.7791205
0.85158193
0.8327177
0.7912261
0.75934565
0.6591719
0.79063475
0.9447096
0.82961273
0.7682057
0.84564656
0.9010134
0.63638985
0.7250364
0.78930205
0.7377343
0.90350235
0.92852426
0.96189356
0.94163203
0.80504245
0.68293893
0.75980425
0.95038176
0.85550624
0.9337594
0.90458065
0.90186447
0.959628
0.8161032
0.82249844
0.70429444
0.83816594
0.83717346
0.6952412
0.90543246
0.9688855
0.81015444
0.91477805
0.9628413
0.8011669
0.8512652
0.88476646
0.9163441
0.81187546
0.71905965
0.86905444
0.6846816
0.7652697
0.9335921
0.7157311
0.89551425
0.8401252
0.9214143
0.98157156
0.9270919
0.5357767
0.97198
0.8745626
0.90556514
0.91728055
0.8717313
0.9476313
0.7551236
0.779651
0.5180235
0.7323984
0.87642616
0.79561126
0.9315244
0.86346304
0.9480424
0.59712076
0.87573516
0.7530774
0.9563228
0.9644785
0.6798809
0.81620145
0.9133653
0.77004623
0.8581968
0.70549047
0.8142589
0.9121756
0.81471336
0.8825377
0.91212034
0.93170404
0.91144454
0.8963049
0.82785326
0.46995303
0.95680106
0.9152708
0.7836111
0.7527588
0.8623531
0.8914315
0.7979901
0.65990067
0.7096048
0.82021296
0.9237158
0.6720535
0.8843115
0.93028986
0.7665632
0.79291344
0.8785149
0.9551672
0.95898247
0.86808956
0.7859336
0.88730776
0.7759607
0.80407155
0.85037977
0.89743555
0.90492505
0.83814156
0.74825186
0.96143746
0.70903516
0.5992039
0.9048584
0.8436543
0.79066324
0.8473885
0.69091123
0.8587079
0.52724206
0.82050437
0.76177543
0.8968127
0.77208537
0.7404997
0.82554483
0.93654406
0.9357583
0.86827666
0.95621747
0.9037468
0.9151067
0.9748075
0.78338873
0.79176843
0.9273576
0.90182734
0.8272718
0.82423735
0.9231571
0.8896807
0.7771597
0.8869616
0.8070669
0.8914778
0.8924029
0.5611604
0.9018679
0.90493965
0.849447
0.8303274
0.69064754
0.6632997
0.79298466
0.9276247
0.93820184
0.85419816
0.8166695
0.9497568
0.8592876
0.9212681
0.8120893
0.8858069
0.9238566
0.8632821
0.8431226
0.874418
0.88485855
0.7865417
0.90208966
0.9181375
0.8642726
0.7563329
0.93917763
0.80078673
0.9096695
0.7626059
0.8601955
0.90182793
0.88220835
0.93889683
0.81956255
0.9094478
0.68090606
0.9041999
0.92156833
0.88531196
0.78901863
0.63699496
0.8614215
0.9175437
0.8473163
0.9338696
0.9305729
0.7016348
0.77581495
0.9532561
0.94373095
0.8917564
0.79800934
0.7680575
0.9030601
0.9212347
0.94201183
0.8820226
0.8613996
0.8661579
0.84789354
0.83718777
0.84171146
0.9169617
0.7904375
0.5719559
0.7993562
0.9772218
0.8907699
0.89329207
0.857304
0.87153876
0.9483285
0.906168
0.79333264
0.9260532
0.6861081
0.94861627
0.83107495
0.7821767
0.8501094
0.9627696
0.86980695
0.95424294
0.8506371
0.8227363
0.89598745
0.6425591
0.8390332
0.9004288
0.8507212
0.9147574
0.8163805
0.90270793
0.65104413
0.7518505
0.94002813
0.8707717
0.8014899
0.92389655
0.90758
0.9088857
0.7987145
0.8271233
0.87282705
0.9548913
0.8886405
0.81986177
0.72429234
0.9282143
0.8265188
0.42038703
0.92050606
0.8432396
0.92688084
0.71662307
0.9352437
0.932584
0.7954911
0.91969657
0.93704206
0.62932575
0.92306656
0.823433
0.8242612
0.8225135
0.69805557
0.8991225
0.7423675
0.7725292
0.8770962
0.8114365
0.9626057
0.39020047
0.88567746
0.8688731
0.8976095
0.7927208
0.9144358
0.8818021
0.7958281
0.8744637
0.9186132
0.8465423
0.9467568
0.90251315
0.8817951
0.8482322
0.93942
0.8866333
0.6626506
0.8541284
0.86789507
0.9000799
0.7057911
0.898571
0.85191196
0.77423793
0.8944684
0.9046056
0.91634756
0.89128166
0.6697096
0.7982327
0.72020614
0.87113565
0.8860337
0.75447476
0.85091186
0.76965976
0.9100435
0.8983729
0.7414091
0.7936479
0.85246354
0.9348615
0.8465853
0.79275024
0.68649936
0.956208
0.8598761
0.95417446
0.74298465
0.95788586
0.74705034
0.95404506
0.86519283
0.57697845
0.89408946
0.9380071
0.9115346
0.80901647
0.8553751
0.9175615
0.9074026
0.71292007
0.91558224
0.91115505
0.85227233
0.84755176
0.9416619
0.9057538
0.6302521
0.91770923
0.8313388
0.8555995
0.89003146
0.71948254
0.9102845
0.9468318
0.8736771
0.69870514
0.7890572
0.8535461
0.92644155
0.94008124
0.7550114
0.718326
0.92921245
0.89278287
0.5912353
0.8235545
0.7211742
0.96264946
0.88635314
0.96267796
0.7330024
0.9345592
0.87840146
0.70223224
0.9217621
0.7281919
0.8321193
0.9323125
0.81511223
0.9080492
0.8443029
0.67345583
0.76597416
0.9457137
0.8508649
0.8997155
0.889887
0.6777832
0.9296259
0.80463135
0.85892814
0.8646923
0.92638236
0.97807384
0.83020616
0.8196941
0.7317167
0.8180386
0.8926216
0.96577555
0.77466
0.7848237
0.66380584
0.50995624
0.81580865
0.77215284
0.8586757
0.96860665
0.8604706
0.78878313
0.8835708
0.7950485
0.9351568
0.88767976
0.8487124
0.7738713
0.84168595
0.8852154
0.92915064
0.9208554
0.9644121
0.9459204
0.9707583
0.8963876
0.8445947
0.88196236
0.8491272
0.9751951
0.8075619
0.928175
0.6983233
0.90077907
0.8375095
0.67040557
0.6915732
0.75464875
0.9237777
0.7665725
0.8483152
0.89258367
0.95134836
0.84248865
0.80896294
0.68305284
0.8488229
0.8557505
0.89336425
0.9074859
0.88990253
0.8049156
0.95271564
0.82325745
0.9206109
0.75450283
0.939437
0.73035884
0.6748726
0.72349817
0.71371806
0.8661567
0.88148344
0.7572312
0.9139465
0.9113469
0.86125857
0.8729892
0.7754609
0.94869554
0.8697817
0.9036733
0.80335873
0.88799554
0.86492807
0.81514335
0.90543556
0.8502272
0.8896296
0.89123625
0.9071413
0.70972615
0.7623434
0.9508631
0.81563973
0.93766934
0.87075824
0.7776079
0.9300226
0.8530108
0.9236412
0.6252945
0.79347885
0.7237829
0.77576673
0.894791
0.5855791
0.73001844
0.9292983
0.6787297
0.9099766
0.85386
0.7446679
0.9237811
0.66436416
0.8330826
0.8478085
0.9060454
0.89027
0.81398046
0.86964476
0.9084792
0.90942115
0.8218864
0.86889434
0.82117355
0.88198507
0.8970909
0.7878399
0.870808
0.94013155
0.86431843
0.8637385
0.92008924
0.9474355
0.83061814
0.91930765
0.8257027
0.8851626
0.80166465
0.7813384
0.6538215
0.8085614
0.92966217
0.85350597
0.8399897
0.74758947
0.96405566
0.7848426
0.8087728
0.7742058
0.8625808
0.89487326
0.7865156
0.909626
0.9328909
0.89767975
0.79612815
0.8754678
0.653856
0.9054621
0.8349423
0.7810823
0.9692226
0.8262737
0.8091867
0.8695337
0.88303494
0.8982108
0.8351562
0.8244447
0.6418954
0.756804
0.9270805
0.8176007
0.9190047
0.82677174
0.7340384
0.7588329
0.8334991
0.8490462
0.9284707
0.7725404
0.8836818
0.9252589
0.5266181
0.7702147
0.81340986
0.911118
0.51483303
0.85160077
0.93905354
0.8391712
0.87520856
0.829951
0.8570428
0.9008688
0.92692
0.84948605
0.9256307
0.6980894
0.838593
0.9053918
0.8546902
0.8847537
0.9289473
0.86758745
0.7980168
0.8729151
0.70650935
0.8900598
0.91598046
0.89915097
0.9559411
0.69792676
0.6859812
0.8834156
0.9279001
0.72995657
0.9211906
0.858678
0.88971627
0.92752665
0.853988
0.9762013
0.88905287
0.82986987
0.8845686
0.9086101
0.6291083
0.7889717
0.8460276
0.9553253
0.8456745
0.820169
0.8383182
0.87041414
0.82210106
0.70261246
0.68845475
0.6463228
0.96001244
0.848038
0.8051907
0.87170297
0.8949883
0.9551824
0.58387005
0.79960096
0.9167804
0.66095763
0.7416457
0.8820373
0.9233125
0.85669804
0.91454756
0.8051383
0.8788873
0.8634218
0.8620546
0.95833665
0.7378045
0.8368655
0.89059603
0.9377211
0.885888
0.791499
0.54935247
0.83346677
0.79723144
0.8796643
0.9314359
0.8544995
0.80209947
0.86423707
0.64221627
0.84470075
0.7939177
0.8227765
0.57303774
0.892406
0.8169638
0.93538725
0.8688954
0.792806
0.8796388
0.8881246
0.7982497
0.8899381
0.9380037
0.94179475
0.94761133
0.8616451
0.8803094
0.75436836
0.97230595
0.7406907
0.88041526
0.77486145
0.9411998
0.8963325
0.82204723
0.8390496
0.9049966
0.7120281
0.87695915
0.7891354
0.8147583
0.8107833
0.89454556
0.90843165
0.8819636
0.90467906
0.59051394
0.79046535
0.8663143
0.9071427
0.8324456
0.8744501
0.76119435
0.7837646
0.8118902
0.7569617
0.8385236
0.8801788
0.85579467
0.8876373
0.9665973
0.9507003
0.81622255
0.91557074
0.69788265
0.7487165
0.9498404
0.7755543
0.6909994
0.9694168
0.93648136
0.9576775
0.9513796
0.96478844
0.9284755
0.9435257
0.9507655
0.63739055
0.7861439
0.8951858
0.8756855
0.86768687
0.91667855
0.77430373
0.7612502
0.8397933
0.86447036
0.90180683
0.8812794
0.7581547
0.9658768
0.8827935
0.7926769
0.8060828
0.9003381
0.82023966
0.949454
0.90439904
0.8699359
0.8933326
0.95294225
0.83283436
0.7903054
0.83966154
0.8904694
0.89922583
0.74193466
0.70494056
0.9267627
0.82090616
0.93583316
0.9028955
0.76313376
0.87139875
0.82926816
0.8406887
0.87392056
0.5355793
0.8813868
0.9467846
0.85567
0.9387319
0.6698973
0.9319166
0.87003773
0.6156212
0.7890589
0.8827397
0.85577416
0.8502678
0.7357118
0.8589051
0.92591023
0.81425124
0.95542073
0.9355955
0.8374155
0.7718026
0.95457566
0.32888427
0.84303683
0.6714298
0.74856293
0.9221122
0.9580928
0.9616748
0.8517209
0.6762495
0.7726102
0.88481027
0.88745713
0.8924568
0.9812746
0.8094635
0.81604344
0.9263995
0.8518785
0.82726914
0.8468518
0.92031
0.9626959
0.6047319
0.8883401
0.9151331
0.74120563
0.92290735
0.86127305
0.75308675
0.8605454
0.8309809
0.9610445
0.92752385
0.8672946
0.8982044
0.85498387
0.8771465
0.8896442
0.8881313
0.93236494
0.92861557
0.9762712
0.9433094
0.92806387
0.86501306
0.7668127
0.941383
0.9020442
0.942778
0.64497316
0.7630304
0.9563831
0.9317409
0.7719883
0.8301139
0.8947921
0.93113697
0.8615772
0.7151477
0.9516937
0.91027325
0.89004517
0.6550089
0.9016672
0.74477404
0.77290016
0.7381149
0.9427386
0.9114983
0.8708158
0.7871695
0.9071399
0.8221743
0.9313456
0.71310353
0.810144
0.8266746
0.8737569
0.8796376
0.9583752
0.77159554
0.70371044
0.8412982
0.9467471
0.85176617
0.94671816
0.87054765
0.86404634
0.8240608
0.79946065
0.7073054
0.7087974
0.83682716
0.9194074
0.7372147
0.93782175
0.87860996
0.8006435
0.6301154
0.7816757
0.88271457
0.43470773
0.9546836
0.8528791
0.9392688
0.9416846
0.9266183
0.9377917
0.6036098
0.9655905
0.8414837
0.82311434
0.73380065
0.91006136
0.9057244
0.9115748
0.8379686
0.8627364
0.8415357
0.69389516
0.92396605
0.83617985
0.7698635
0.9494221
0.80066204
0.62882966
0.7800885
0.95640475
0.9495486
0.86588085
0.8785754
0.63064206
0.8971299
0.8587081
0.8083666
0.6045727
0.8757676
0.9244716
0.81570846
0.77235866
0.8325263
0.5869618
0.84242314
0.82121223
0.82651633
0.9353123
0.78772265
0.9102386
0.94492257
0.91327804
0.8632334
0.9025547
0.80885935
0.8458887
0.9087331
0.749709
0.90270054
0.9232815
0.84216064
0.72449535
0.8300041
0.77671576
0.94386196
0.9200361
0.908449
0.8977312
0.7456659
0.89127415
0.7116687
0.9315623
0.79082537
0.9766536
0.88373804
0.90372473
0.8947707
0.8385552
0.9335227
0.56035984
0.85606754
0.78612053
0.7009849
0.7479237
0.8276219
0.8610102
0.95114326
0.547114
0.9636086
0.90778124
0.86143184
0.86019254
0.8994062
0.76289755
0.8361509
0.6653375
0.83841187
0.970903
0.82536465
0.89133096
0.85852116
0.7864268
0.6469656
0.7063684
0.89222246
0.73616004
0.9151896
0.8689161
0.8880011
0.84794945
0.8565623
0.6844946
0.9102366
0.9451044
0.88473403
0.95161355
0.9339599
0.88207984
0.7744105
0.64795816
0.6458269
0.7355978
0.89060163
0.6774646
0.91075075
0.85282344
0.96270216
0.9824985
0.6774364
0.80809397
0.7644465
0.980448
0.9018023
0.9221325
0.87906367
0.91061187
0.9092355
0.83770865
0.7318124
0.92186797
0.933305
0.8517702
0.8546505
0.8968415
0.9410631
0.9744517
0.8021593
0.56508976
0.9243545
0.9558415
0.8589605
0.6932089
0.84542876
0.76953256
0.8211892
0.9335415
0.8147073
0.9349648
0.89042264
0.7845346
0.82368577
0.88145316
0.93985707
0.91196036
0.8185048
0.9064567
0.92981344
0.86343354
0.85286707
0.80794966
0.9166709
0.813911
0.88685274
0.90937024
0.8867549
0.7179587
0.8309844
0.87027246
0.48912978
0.81680804
0.75943756
0.81834054
0.84095323
0.85392
0.8475243
0.7983681
0.8463867
0.7086503
0.83760554
0.8462039
0.6320794
0.83527225
0.81186724
0.8407334
0.86133665
0.90014046
0.9225246
0.81893444
0.84653723
0.915404
0.9011474
0.901025
0.69045854
0.8826413
0.87572205
0.86757916
0.929494
0.7100136
0.92426074
0.88470757
0.87727594
0.7390571
0.83431476
0.93135387
0.85594815
0.8851111
0.86430115
0.7561307
0.80002636
0.29483053
0.90738267
0.8825327
0.7441358
0.61870766
0.8093411
0.9717273
0.939488
0.82800674
0.77179176
0.8666323
0.8871211
0.6440408
0.8485462
0.8275142
0.8676732
0.7342006
0.91843957
0.87502766
0.88671935
0.67892796
0.84380543
0.71972847
0.91911006
0.8854867
0.8427898
0.87033165
0.81625795
0.76454157
0.87164557
0.8032669
0.8791791
0.9833327
0.7990624
0.9223591
0.93776536
0.9037324
0.9137354
0.89551413
0.87517524
0.9197657
0.8834207
0.9407892
0.8563959
0.8737681
0.73610425
0.88192743
0.89113367
0.86137325
0.8731754
0.72041285
0.7705341
0.9285233
0.8907077
0.8369012
0.75159466
0.6432796
0.90920264
0.89998794
0.94993585
0.9729196
0.6642721
0.94969475
0.96279395
0.9513636
0.87581795
0.7695286
0.931411
0.93160295
0.7865602
0.96279484
0.8193667
0.85744077
0.8249852
0.90642047
0.81404823
0.8815788
0.91870666
0.9490534
0.84878016
0.9130946
0.8662713
0.9291175
0.85954595
0.86943156
0.9295803
0.8150096
0.83660704
0.8378789
0.94142795
0.809723
0.92770135
0.8395039
0.90249604
0.93298584
0.84204316
0.8557257
0.91409725
0.8611884
0.8211481
0.81335527
0.69350135
0.89609736
0.9564013
0.9507931
0.86667943
0.95239854
0.7814592
0.92971134
0.8982502
0.8448877
0.8818741
0.91707623
0.911037
0.9696976
0.90828216
0.9035703
0.94983745
0.9590554
0.9061659
0.8494376
0.73331946
0.828211
0.96135783
0.73667014
0.7467011
0.7577547
0.94210297
0.95183724
0.6846061
0.7797409
0.77894825
0.87475085
0.8361937
0.8212594
0.962272
0.87659484
0.94611716
0.8922858
0.8254538
0.96033746
0.8276231
0.9017971
0.8230172
0.8004214
0.8387379
0.7688359
0.81084746
0.831571
0.7526296
0.8752935
0.79456484
0.94834805
0.85587
0.8538405
0.71515644
0.95045406
0.8334047
0.8508165
0.9035616
0.8591311
0.9735726
0.75530005
0.7329578
0.9494473
0.8920774
0.72039557
0.88062316
0.625966
0.8931661
0.6806019
0.9297311
0.89572585
0.9260583
0.9446423
0.89216185
0.8716958
0.6352571
0.45684913
0.7989652
0.9552012
0.93057525
0.92536414
0.9294892
0.8131668
0.95562387
0.9520837
0.85042536
0.9185799
0.6245427
0.79493195
0.9704868
0.8733491
0.78857875
0.9425273
0.84733546
0.82132596
0.8996849
0.81511796
0.88058954
0.86527646
0.7540899
0.80346656
0.8895087
0.7673452
0.8794861
0.82487994
0.7842928
0.95631385
0.9117268
0.67891425
0.8864329
0.8808658
0.81381977
0.91489655
0.7109166
0.8124339
0.77448374
0.71011627
0.83070666
0.924838
0.8002181
0.9577163
0.86577946
0.96050096
0.704481
0.8290638
0.84218246
0.8346685
0.88806725
0.81299496
0.86804134
0.8764575
0.816157
0.9179279
0.7397218
0.7971443
0.88279796
0.8981564
0.94780207
0.9399355
0.8501654
0.94967115
0.69940126
0.89130646
0.829492
0.8257322
0.62402475
0.9467862
0.88695234
0.89524484
0.7485394
0.88373184
0.80225617
0.731202
0.78886366
0.91123503
0.74556595
0.96952546
0.93882376
0.68665814
0.58858126
0.89709973
0.978568
0.95463955
0.85971856
0.7010043
0.8916659
0.8951725
0.84027296
0.78207403
0.89251226
0.9029738
0.935514
0.74599725
0.8845845
0.68581605
0.84559166
0.7003059
0.9101694
0.8254415
0.82325083
0.5566203
0.78369683
0.8284819
0.7672157
0.6479311
0.94240296
0.92925435
0.9000734
0.76186633
0.8205285
0.97358453
0.7146135
0.8460727
0.8024836
0.9447133
0.8217405
0.8798999
0.8708595
0.9544675
0.83138317
0.91766405
0.76734173
0.7676598
0.92902803
0.82304245
0.85350174
0.81957084
0.86215514
0.7121395
0.88826686
0.44076765
0.8197763
0.96159774
0.9294306
0.7442121
0.6930687
0.59882236
0.855755
0.6324412
0.84252673
0.86584014
0.93209684
0.90167046
0.8097519
0.9524892
0.87577885
0.9345235
0.7669933
0.9476142
0.88897526
0.7505229
0.87146175
0.87442553
0.8785485
0.82253945
0.91968656
0.9569905
0.8178917
0.9672435
0.8881583
0.75815296
0.8761102
0.9193968
0.92731214
0.954725
0.972287
0.7365411
0.7493992
0.7477418
0.9362691
0.7294845
0.8134504
0.7152797
0.8585064
0.81252146
0.8481226
0.923708
0.94300056
0.9176793
0.89048576
0.83826303
0.9201397
0.8204506
0.9363828
0.8183365
0.96490127
0.8631294
0.9024533
0.67592263
0.7349545
0.88178384
0.5961152
0.8631518
0.8170371
0.9089179
0.8411549
0.93638736
0.88820684
0.8225318
0.8388083
0.81880355
0.89026
0.72848654
0.80117345
0.92934823
0.89713585
0.89694387
0.72830194
0.97572356
0.7806857
0.8694463
0.9456698
0.8002679
0.7416444
0.920771
0.93741
0.92673606
0.8578055
0.94034344
0.84896463
0.923618
0.8300234
0.86465055
0.66729826
0.89794004
0.89667344
0.93633235
0.93167114
0.83233225
0.75859594
0.72849697
0.94176555
0.8603527
0.91844493
0.9231237
0.8623471
0.79257965
0.8712625
0.923929
0.77770334
0.93609166
0.5946524
0.69078827
0.7331297
0.73114574
0.5919724
0.7399228
0.8756253
0.91299564
0.7648947
0.8765807
0.8168497
0.80534005
0.7858521
0.829231
0.9060044
0.847675
0.901051
0.7413235
0.84508544
0.74521863
0.85082054
0.7436093
0.9428045
0.7585501
0.94951653
0.89104605
0.8923671
0.89930856
0.90487736
0.84863436
0.91477025
0.8911888
0.7622006
0.9003945
0.89276695
0.9632663
0.9025306
0.84204835
0.8438848
0.9745749
0.9223436
0.9515052
0.89965326
0.80797267
0.8952073
0.803357
0.79124963
0.9717032
0.7057569
0.9565169
0.8749149
0.6510184
0.91757774
0.87509596
0.9242001
0.7433524
0.8858177
0.9580476
0.8269506
0.9093032
0.8462541
0.80617905
0.8432505
0.73665667
0.4303938
0.8433544
0.85837305
0.87508774
0.9169268
0.95638686
0.88304955
0.88506377
0.88973224
0.8515724
0.86514044
0.95439374
0.90226275
0.9029156
0.85940635
0.95796186
0.91060334
0.94016856
0.87534696
0.9360851
0.92505586
0.8641066
0.8573703
0.947231
0.8933867
0.91604733
0.83524853
0.8936467
0.89074546
0.9503313
0.719877
0.89958364
0.93504655
0.86958736
0.88508266
0.9257424
0.801682
0.9192356
0.77794546
0.9454957
0.85294306
0.82890296
0.8250659
0.73992443
0.9081665
0.7559434
0.70483375
0.91929394
0.952861
0.9621398
0.77462065
0.7404004
0.91127765
0.9325049
0.8153097
0.9188659
0.81686294
0.9517709
0.6674022
0.91413236
0.8623555
0.9181552
0.62736213
0.8244872
0.9220741
0.9224906
0.7931432
0.97250795
0.8283539
0.5360382
0.83749616
0.77577543
0.7599871
0.8840554
0.8598123
0.75430936
0.89527166
0.75079525
0.94021696
0.719917
0.9492502
0.8701533
0.6514617
0.6404325
0.9636552
0.9396132
0.8339913
0.9476279
0.87810344
0.8185445
0.87348044
0.9085847
0.86867535
0.8407516
0.92774564
0.8640468
0.8258037
0.78165174
0.8825805
0.9535838
0.9619509
0.92562103
0.94603014
0.8904772
0.8689486
0.9683291
0.9642611
0.93849766
0.86183876
0.83546984
0.7533455
0.9692533
0.7605035
0.8424763
0.8466531
0.8832731
0.84471333
0.85672194
0.87254405
0.8853783
0.85225654
0.53196144
0.8857757
0.9628286
0.8050937
0.89925116
0.68323445
0.90602344
0.89261025
0.65901566
0.8695519
0.94853383
0.9216618
0.8691654
0.8229832
0.92160964
0.80037135
0.91888285
0.9500551
0.88417256
0.8936633
0.8825023
0.88745266
0.8037617
0.8937432
0.87821144
0.9015652
0.9363398
0.8079212
0.9246254
0.8574645
0.89591503
0.91018045
0.8089675
0.9393587
0.9343175
0.796617
0.78988266
0.9211615
0.8114571
0.7099639
0.9593892
0.897518
0.75863904
0.9437928
0.89589566
0.841327
0.8311245
0.87037283
0.9231276
0.8508586
0.9166892
0.9813565
0.9624681
0.87895805
0.9572575
0.8996189
0.73255354
0.9495677
0.84594536
0.8243354
0.84611475
0.66000766
0.9130344
0.8364039
0.92168224
0.84555626
0.8631935
0.9261043
0.6729186
0.8197264
0.49218616
0.8203151
0.85969543
0.78074545
0.90130275
0.91273785
0.9424844
0.78334653
0.9683949
0.9345994
0.913606
0.89105093
0.85078824
0.80417585
0.856256
0.93706715
0.9186438
0.7985383
0.8172431
0.89015234
0.8415499
0.8759458
0.60533416
0.7543818
0.59759134
0.95595586
0.94928384
0.89845455
0.9071948
0.906728
0.9782636
0.92627245
0.9586618
0.9095463
0.96118593
0.7813815
0.92503405
0.80014944
0.79202664
0.82621944
0.81009847
0.829303
0.8908063
0.92672205
0.87150466
0.86534786
0.6861451
0.826361
0.96073765
0.84019196
0.9514418
0.94683105
0.62144154
0.82707095
0.758777
0.9384251
0.8271631
0.75568885
0.85804015
0.7017244
0.89936066
0.8111451
0.8592923
0.82287174
0.76232725
0.74775213
0.80921006
0.88270664
0.7233998
0.8907352
0.8826916
0.86916643
0.85918504
0.90997076
0.87759686
0.7961651
0.8689513
0.94572556
0.87199676
0.93123907
0.8240028
0.8278776
0.865209
0.762882
0.85000336
0.84072506
0.70745456
0.85581434
0.81324816
0.9174344
0.90894806
0.96316874
0.9334856
0.86517495
0.87218577
0.6441085
0.9489823
0.53855366
0.95866907
0.79673743
0.7790196
0.92529553
0.79982686
0.6231285
0.7357746
0.37901577
0.80102766
0.73346233
0.8858965
0.934618
0.96847004
0.7925817
0.94901973
0.83404565
0.78699166
0.9002917
0.97039837
0.9709553
0.7501608
0.91886693
0.79590034
0.92167974
0.9418458
0.8069736
0.85480785
0.96533406
0.92367774
0.923871
0.90344656
0.7712214
0.96349865
0.919344
0.8058235
0.9210533
0.9099069
0.891042
0.7413324
0.86348116
0.916658
0.8070028
0.7111932
0.89157
0.874678
0.8860409
0.43416312
0.7519428
0.93175113
0.85636365
0.9296154
0.8825656
0.7542275
0.79443455
0.679518
0.9023454
0.9419905
0.8834034
0.7817696
0.92614084
0.82798827
0.83160925
0.95347416
0.75657356
0.80341357
0.7132287
0.91469055
0.9488244
0.78975147
0.9411333
0.81625235
0.89987916
0.79495686
0.7093243
0.8891956
0.8788098
0.9604844
0.9642773
0.67531025
0.7928803
0.8121023
0.88892865
0.790794
0.8749572
0.82573044
0.90568197
0.7414203
0.9345808
0.779266
0.78844523
0.8916924
0.68539166
0.7581796
0.8483958
0.932812
0.7144968
0.88315845
0.89879525
0.910457
0.785282
0.84229267
0.9583533
0.8810346
0.936283
0.9084772
0.93580544
0.7301531
0.76494586
0.7309092
0.95740014
0.7032221
0.9169352
0.8595343
0.7379937
0.75723064
0.7072315
0.8480715
0.83578247
0.8886148
0.91002655
0.76916105
0.8593809
0.78242034
0.85446954
0.91007257
0.8955377
0.78334403
0.8965923
0.9301463
0.9074943
0.7105515
0.8907359
0.95947045
0.9601244
0.85758734
0.8900127
0.9767582
0.90702295
0.93691915
0.8606137
0.9416567
0.9428681
0.8737628
0.83255064
0.78883964
0.84559757
0.8959277
0.834898
0.8599211
0.83663046
0.7634815
0.8895347
0.87711394
0.8739844
0.8090502
0.6840372
0.85095155
0.8350236
0.8258751
0.91060805
0.8408965
0.950037
0.8516076
0.95261496
0.8670663
0.7623942
0.9583842
0.74271274
0.8882036
0.8974104
0.8044136
0.86641884
0.74556303
0.9409081
0.6636566
0.7617783
0.840653
0.80082995
0.9488834
0.81229544
0.8446297
0.9508823
0.9367552
0.88420486
0.9239822
0.9187919
0.8510971
0.76897466
0.7728265
0.96750087
0.56237066
0.84855044
0.863227
0.7531897
0.88055485
0.7606118
0.72426564
0.77163225
0.6455486
0.9019586
0.82597023
0.9611917
0.94534355
0.82236236
0.76248974
0.8149084
0.83386314
0.931737
0.9483958
0.88890165
0.88231605
0.9503356
0.8460597
0.93945026
0.7587477
0.8019755
0.87587667
0.942989
0.9080358
0.8397996
0.86545926
0.9126132
0.876607
0.8891109
0.91698503
0.7580629
0.8259788
0.8831181
0.7283696
0.7075609
0.9776193
0.83657193
0.4892256
0.80389315
0.8469242
0.9388678
0.72805405
0.8547891
0.7742179
0.7537247
0.78253716
0.7330704
0.9518242
0.72612363
0.60176927
0.92293024
0.8821527
0.94000226
0.70305675
0.9465568
0.9750914
0.95769423
0.87449694
0.91886425
0.9353565
0.8857843
0.6774214
0.90342647
0.621257
0.9143764
0.7915634
0.8323117
0.83284384
0.4163905
0.8524817
0.87487227
0.9494811
0.82486194
0.9140739
0.9107171
0.7346914
0.84287035
0.7987839
0.94805753
0.7927605
0.916181
0.9439621
0.9500745
0.8712936
0.84537256
0.8907009
0.80577374
0.806293
0.9698617
0.83789307
0.9093896
0.8533925
0.66379106
0.7500281
0.9772581
0.8319081
0.93617594
0.85638654
0.7832489
0.91448987
0.72832793
0.9493377
0.56438303
0.8500506
0.78469723
0.76090264
0.8363757
0.87472165
0.77334636
0.77839816
0.9409764
0.77080804
0.8801952
0.6065283
0.7294013
0.9227303
0.8990526
0.8585173
0.9060904
0.8507762
0.87555766
0.7936321
0.8776189
0.9101819
0.9081221
0.94160306
0.76917493
0.9377209
0.9160228
0.69181573
0.8711597
0.8747349
0.8974751
0.75466806
0.91003704
0.8477945
0.8798773
0.7418201
0.8128229
0.8604905
0.8501592
0.9347267
0.9062599
0.94695497
0.92786086
0.91029215
0.8373237
0.7118146
0.9097484
0.8756983
0.8773479
0.6405594
0.8570433
0.650526
0.8404796
0.8943108
0.914808
0.8512886
0.6762683
0.7972678
0.9115502
0.92108136
0.8920845
0.96872175
0.7581711
0.7455545
0.8060191
0.55545866
0.77221185
0.86900854
0.93165404
0.9808893
0.8912116
0.89948815
0.9365396
0.96630776
0.83659196
0.7053516
0.7605804
0.5020287
0.8972716
0.9096075
0.8944934
0.90166295
0.9606273
0.7453224
0.7827338
0.9181639
0.77414316
0.87194157
0.90570635
0.9017577
0.936573
0.8591583
0.86529
0.78338456
0.9586045
0.967773
0.85867137
0.8978334
0.7589773
0.93761235
0.7454717
0.48645824
0.73152053
0.93565416
0.82162505
0.94029
0.938814
0.9173047
0.90984964
0.7643275
0.7906414
0.9452463
0.84127086
0.9346782
0.77589303
0.878711
0.83741295
0.8516286
0.64036727
0.77062917
0.7335923
0.9171322
0.90959007
0.963378
0.6772955
0.7049581
0.92593753
0.7906331
0.90505534
0.5820857
0.97332263
0.7180023
0.9271382
0.8928404
0.8649008
0.8585773
0.898452
0.8933052
0.8640197
0.92384803
0.920813
0.75281274
0.6648883
0.693644
0.94401526
0.92345357
0.8457286
0.8888752
0.94624144
0.9207387
0.81035084
0.6660677
0.84779257
0.8382966
0.8422288
0.8864857
0.86252487
0.8054146
0.88653505
0.9358666
0.89003754
0.87365603
0.90977985
0.6125944
0.6169601
0.89556265
0.8464215
0.7803674
0.6695607
0.9403893
0.81671214
0.9043447
0.86794734
0.8496549
0.916834
0.9324171
0.95167685
0.7294402
0.7398098
0.89192194
0.8073958
0.8899103
0.76781213
0.9472476
0.90662855
0.79449594
0.80228984
0.9440209
0.90178627
0.7449926
0.7772061
0.79107845
0.8407863
0.84586525
0.802353
0.9671032
0.893471
0.7554072
0.9222084
0.9110992
0.7169011
0.90683997
0.87949413
0.7805854
0.7933622
0.7694829
0.94235003
0.8577665
0.8760387
0.9483237
0.8928779
0.91271937
0.93592596
0.9501008
0.9482874
0.8622578
0.9126874
0.8300802
0.86027074
0.83564943
0.69754344
0.7734963
0.8560243
0.738235
0.89509
0.9130319
0.69996893
0.77936506
0.6948884
0.8750801
0.8428881
0.86980003
0.90777534
0.66427636
0.8538601
0.8959638
0.85533136
0.9005535
0.72646445
0.80975974
0.8954628
0.94032884
0.8824613
0.86264926
0.96842575
0.8218059
0.8390274
0.8576659
0.78824383
0.64579034
0.9219451
0.6757806
0.78615534
0.90537775
0.9565456
0.67365575
0.84193957
0.93039554
0.844577
0.87409335
0.70900476
0.8543448
0.88584733
0.7693396
0.8573853
0.7942467
0.84137976
0.78488004
0.83498156
0.8880999
0.9357459
0.970038
0.9688048
0.8859354
0.8906466
0.9522522
0.9065957
0.93153566
0.83345294
0.89047956
0.7646159
0.8536804
0.8660792
0.68554425
0.92125344
0.9308123
0.89999753
0.4968571
0.8440681
0.94510657
0.8488292
0.8864668
0.8441495
0.9164121
0.850554
0.6596434
0.81563985
0.88924444
0.9346013
0.74711025
0.94129324
0.89156777
0.81199235
0.71391916
0.6654446
0.7980724
0.920725
0.83583945
0.9031105
0.7997443
0.7933846
0.87031645
0.83476776
0.8506883
0.8233433
0.9117267
0.85656035
0.74478483
0.79754233
0.80362976
0.80397356
0.9335687
0.95268637
0.7895491
0.60340154
0.8984177
0.7581989
0.93646
0.7146666
0.84893405
0.87435246
0.8933786
0.8382859
0.8419298
0.9092572
0.7995571
0.7563692
0.86653125
0.92008317
0.756102
0.76421463
0.9461939
0.880256
0.84956306
0.93838793
0.93334806
0.95766515
0.7625457
0.9373269
0.6636282
0.80867803
0.885623
0.7240131
0.8527979
0.93740326
0.89879215
0.86306196
0.674798
0.92561156
0.72805303
0.9094232
0.85840005
0.8766525
0.9316362
0.9805113
0.4088788
0.88167024
0.90229
0.8208081
0.6446426
0.93952745
0.8294314
0.8861171
0.7861907
0.864224
0.8540507
0.803278
0.7660634
0.91503966
0.911906
0.9454429
0.8106251
0.8448711
0.88502824
0.96672714
0.87576807
0.8475661
0.7532268
0.8994117
0.9036947
0.8682703
0.9704347
0.9436006
0.70679903
0.96804655
0.5659517
0.92551064
0.87129104
0.9175837
0.94456553
0.85101354
0.83646166
0.685294
0.90505993
0.8876208
0.9512315
0.9334838
0.84923047
0.79626983
0.9437183
0.9264337
0.98027694
0.81236094
0.7459295
0.8467237
0.5379743
0.7484303
0.7567432
0.8275789
0.6545542
0.87684
0.91907406
0.9045241
0.5016212
0.9702286
0.8747251
0.88346374
0.9300092
0.8010894
0.8463461
0.7570264
0.62076193
0.8529692
0.8428991
0.9342182
0.8916336
0.77019924
0.9864332
0.9243643
0.8058816
0.8530402
0.9363788
0.59554076
0.8704939
0.9083145
0.90259635
0.85380507
0.90237576
0.6542499
0.85539865
0.90125954
0.80674225
0.9026604
0.9396105
0.723732
0.9168829
0.8592742
0.39222485
0.78021955
0.73812103
0.7266596
0.91460204
0.860852
0.93920636
0.76727605
0.87479275
0.7395035
0.75720733
0.88497066
0.6305168
0.956089
0.9166044
0.89825654
0.871899
0.8663828
0.95854133
0.9386333
0.8960513
0.95918846
0.90612566
0.67019403
0.6228244
0.82625955
0.8720033
0.9119588
0.90597004
0.94934416
0.85511893
0.9130515
0.9517833
0.9721553
0.7881135
0.89431024
0.85695505
0.90850645
0.9506396
0.911901
0.91330117
0.7726158
0.83699006
0.9569303
0.7623749
0.8993524
0.9544171
0.8620039
0.8033329
0.82032585
0.89952046
0.8618604
0.90531766
0.9223906
0.8004738
0.87755686
0.8943688
0.8279736
0.95201826
0.86538756
0.7842541
0.89397883
0.87246877
0.8449836
0.8437653
0.9165452
0.9425628
0.86945254
0.94865155
0.74474645
0.7383541
0.8786078
0.67151594
0.6785717
0.94196916
0.8102714
0.9178555
0.7859912
0.88327146
0.78891355
0.78464603
0.8070935
0.67109674
0.94098556
0.75230676
0.9323504
0.8327594
0.7911095
0.85658884
0.8834606
0.9175958
0.83077025
0.65571916
0.9505346
0.9357653
0.9808922
0.21790597
0.93136984
0.81615454
0.93328387
0.74668956
0.85000086
0.7634975
0.95946896
0.9120279
0.7923603
0.6579285
0.8429955
0.7817327
0.7695859
0.92609656
0.9310622
0.8101584
0.7723215
0.7805929
0.639773
0.8075122
0.8447987
0.78189695
0.89742184
0.9123131
0.8754708
0.9215559
0.92265177
0.91169596
0.9693391
0.5551686
0.8875398
0.70374197
0.86987406
0.9639864
0.88405573
0.8323914
0.80065763
0.8329128
0.9380578
0.8648347
0.48295683
0.7960812
0.9509425
0.79300874
0.81983745
0.7659411
0.96400046
0.93818563
0.8127512
0.9106696
0.7908751
0.82310224
0.86181074
0.8804538
0.65063673
0.83044255
0.92657197
0.9604603
0.9628712
0.8309325
0.7869837
0.8849317
0.808807
0.5944295
0.87932384
0.94062734
0.88985646
0.78340083
0.87913144
0.88986486
0.8957477
0.8720527
0.81025785
0.92633474
0.91259754
0.9527582
0.829593
0.7783972
0.90450937
0.87589294
0.8255318
0.69746983
0.8798631
0.95047766
0.9251874
0.96830946
0.91151124
0.740136
0.926155
0.9220892
0.7232401
0.87345195
0.912711
0.8593523
0.71853817
0.8212082
0.928349
0.84671456
0.5962816
0.8754957
0.8435328
0.71425015
0.8889226
0.72191584
0.8028351
0.8115326
0.90275466
0.849267
0.8291326
0.95226157
0.85861665
0.87472874
0.802481
0.70978826
0.73529863
0.7402816
0.83100456
0.76716137
0.8601518
0.7572094
0.7567866
0.6582738
0.89800096
0.80691993
0.8676502
0.81155515
0.8245418
0.81862223
0.7024152
0.90620637
0.81566864
0.8803852
0.8787304
0.6950149
0.93086934
0.6516764
0.95780826
0.82325566
0.8889822
0.8383997
0.96955216
0.6975448
0.9238059
0.63197523
0.91416943
0.94663537
0.81838137
0.5991461
0.50062644
0.88909036
0.7733829
0.80485713
0.8141215
0.9126178
0.81785357
0.7887931
0.9749862
0.7560297
0.8353325
0.88194996
0.8446993
0.91442716
0.9347653
0.952376
0.8327718
0.90364724
0.8353355
0.85451424
0.8951286
0.94724375
0.75337476
0.94190127
0.7052966
0.94664663
0.7104985
0.88757074
0.85078186
0.91239405
0.9444035
0.83639544
0.78040045
0.88366616
0.92656255
0.8168984
0.84643376
0.8362296
0.7549142
0.83259106
0.88702
0.47902775
0.83670825
0.8705075
0.8350108
0.77366155
0.91423094
0.94311285
0.82625306
0.72649544
0.8862375
0.87844276
0.74960196
0.7788399
0.7573991
0.5723058
0.6992713
0.7219321
0.85137284
0.60891795
0.9004828
0.7485674
0.87694776
0.8020101
0.9301455
0.8714503
0.85245335
0.92714393
0.81108814
0.8476603
0.82532656
0.95341563
0.8116408
0.9320142
0.75884646
0.89560384
0.814684
0.8325483
0.80185026
0.7463528
0.90992874
0.7908721
0.8299129
0.910285
0.7271697
0.8207774
0.9045047
0.77242947
0.9591528
0.8501351
0.8143747
0.6654415
0.787882
0.7870403
0.8628278
0.85373044
0.9126387
0.4772209
0.7555595
0.7945671
0.7766733
0.4369177
0.7658257
0.8766178
0.7788675
0.62198526
0.7259506
0.7866046
0.7775947
0.64602685
0.76795727
0.85145384
0.9109196
0.9509201
0.528787
0.8478733
0.8875716
0.7455926
0.9467025
0.8245947
0.74488443
0.5947826
0.8943733
0.8608662
0.7392592
0.9312942
0.86192423
0.92387426
0.8032199
0.88407487
0.8870503
0.72529066
0.81262636
0.79482466
0.91233957
0.92584884
0.94121575
0.8289194
0.88132674
0.6720064
0.90455663
0.826257
0.85120696
0.60015154
0.5753823
0.8998169
0.8501402
0.97991824
0.83835876
0.92481524
0.8205657
0.9087467
0.9231814
0.81077385
0.8437798
0.64677876
0.8291918
0.8105396
0.69715375
0.7985418
0.8584566
0.8367097
0.88539237
0.86164767
0.7985317
0.6128847
0.8660068
0.7896774
0.9417575
0.8917043
0.9009428
0.95718086
0.8777293
0.8394512
0.79272324
0.9396987
0.8477129
0.6775723
0.725255
0.9438205
0.79088145
0.950567
0.94693345
0.72084516
0.80381644
0.72293377
0.8746544
0.8952564
0.4834795
0.66534376
0.91709983
0.9150507
0.7731845
0.790313
0.8029221
0.9386116
0.79247385
0.88784504
0.9233906
0.82635635
0.92853254
0.948119
0.86781645
0.91793346
0.9249182
0.8418196
0.8490547
0.85922
0.8809409
0.76302814
0.9026909
0.9638048
0.83730054
0.8718196
0.8137841
0.91071343
0.8061857
0.80120647
0.8896266
0.8612065
0.8097163
0.8414415
0.7976412
0.860299
0.94961023
0.83906466
0.9583546
0.7861704
0.87538135
0.9218281
0.76664454
0.9553293
0.4754321
0.78134
0.82504535
0.7387604
0.81043196
0.8951155
0.8828223
0.6956281
0.9109662
0.9312777
0.82577443
0.930832
0.88836837
0.935927
0.97955537
0.9132455
0.74283534
0.8652399
0.92300874
0.9479932
0.88335633
0.8221549
0.95326304
0.8326043
0.89000505
0.93815005
0.9577741
0.77006686
0.82205474
0.8902251
0.8998902
0.8214463
0.82548076
0.8403206
0.8297092
0.9490665
0.9248754
0.79359573
0.8667507
0.83261585
0.9374561
0.81622404
0.9008429
0.73269385
0.9227033
0.93368506
0.7050137
0.9088521
0.9492186
0.8223611
0.7593225
0.8390566
0.9225361
0.72388995
0.9214843
0.85270435
0.87372553
0.8908673
0.90613073
0.9069264
0.94127506
0.86505103
0.9083507
0.7763014
0.8712392
0.69735944
0.9625171
0.804006
0.84758353
0.86166453
0.75658476
0.88358617
0.9405681
0.9574169
0.8340782
0.89212584
0.91924775
0.89835006
0.93152094
0.9286626
0.8996424
0.81207186
0.8979161
0.70779926
0.79683906
0.8995009
0.81942475
0.7498235
0.921701
0.77394956
0.7338326
0.94273967
0.8726672
0.7803624
0.9269493
0.863651
0.79617536
0.666764
0.91989934
0.8914197
0.75591516
0.85858554
0.7794558
0.9096804
0.835005
0.8298715
0.7865338
0.7711149
0.8327696
0.8383001
0.9212098
0.74997216
0.9010779
0.8635411
0.8526955
0.9101181
0.7382146
0.94842696
0.8236355
0.8018561
0.6924672
0.8027683
0.7873648
0.9461327
0.9053881
0.9645638
0.8687145
0.91151386
0.7910299
0.95636964
0.89442635
0.81177545
0.6676582
0.62429214
0.85928476
0.5495879
0.7315789
0.8607546
0.91195923
0.721565
0.76884437
0.9121627
0.85959584
0.89960176
0.95010734
0.8948746
0.9462521
0.924324
0.8127868
0.7726625
0.7192595
0.84271044
0.78529865
0.97054935
0.70584047
0.7836132
0.8164809
0.84995574
0.78453
0.9289691
0.8715635
0.88371533
0.9213029
0.7202633
0.7560142
0.8691793
0.92837876
0.9096585
0.7450384
0.93754476
0.961365
0.8127133
0.8844209
0.8650785
0.6922824
0.7889436
0.81632894
0.84057415
0.87282854
0.9408544
0.7302043
0.8250334
0.7882295
0.8723277
0.56687695
0.84031713
0.70673436
0.87626135
0.88742745
0.9106304
0.9621477
0.9138856
0.9073233
0.87061745
0.7586156
0.8109335
0.9206215
0.8906762
0.67804813
0.9254786
0.72668785
0.9195762
0.8348173
0.72663796
0.7611898
0.91539335
0.65343434
0.91337365
0.6466655
0.7334201
0.76912415
0.8763358
0.7870972
0.8498295
0.65684974
0.7430486
0.9304254
0.87438446
0.91103953
0.8386167
0.9425839
0.7870941
0.85286313
0.85830367
0.6670525
0.8650142
0.9750507
0.68650913
0.9246981
0.93177056
0.87263054
0.5863499
0.84504926
0.8835651
0.8276611
0.9373806
0.51330674
0.839883
0.89060825
0.7231681
0.6882892
0.7619647
0.8814393
0.80448
0.79431456
0.90375525
0.8406765
0.9151294
0.838099
0.8374959
0.6767714
0.73861283
0.89539886
0.9007294
0.8617576
0.35350093
0.85099477
0.8701654
0.9360854
0.82682645
0.8926405
0.8751259
0.8685063
0.8149775
0.6851889
0.7521249
0.924858
0.7932929
0.92130995
0.92137164
0.852303
0.9377312
0.6029533
0.8896158
0.8940642
0.9361288
0.92242855
0.8888668
0.95307165
0.9245695
0.83302176
0.8965926
0.90140474
0.6551032
0.76944673
0.7853306
0.8386008
0.8418524
0.91439813
0.61148185
0.9191739
0.7316331
0.9444451
0.8077267
0.8770131
0.87351334
0.9272749
0.81683993
0.7659333
0.8353645
0.9034595
0.94967186
0.68437415
0.90622133
0.9323291
0.86813974
0.8346913
0.59081465
0.7377102
0.49968225
0.8371044
0.9516463
0.8236922
0.8897205
0.772913
0.9805589
0.7831319
0.88675535
0.8906804
0.8068347
0.8549508
0.7836019
0.9353721
0.89113116
0.74918294
0.84135973
0.6155838
0.8625239
0.72767043
0.9482466
0.8143634
0.9489118
0.8376595
0.9176579
0.8877077
0.8365835
0.9097234
0.7628516
0.87047625
0.86059546
0.6767487
0.8686886
0.9012363
0.5197444
0.87669694
0.9010633
0.87502176
0.7799135
0.718813
0.92318285
0.84844756
0.89096856
0.4776613
0.8570634
0.8683264
0.9345051
0.87565756
0.95432293
0.76527697
0.9108703
0.8238289
0.9544808
0.89855504
0.94121766
0.79856706
0.90723467
0.6317681
0.9441507
0.8658817
0.7234207
0.833433
0.97446847
0.88940364
0.8764413
0.7053384
0.8584026
0.898013
0.8953827
0.84613496
0.8982303
0.8411125
0.9431925
0.7422497
0.7270731
0.86563516
0.84343845
0.9055077
0.5605876
0.583763
0.6347022
0.83022135
0.9221155
0.9233408
0.94121796
0.8566892
0.91680634
0.9585258
0.832651
0.7710599
0.83539075
0.78488016
0.9450747
0.9212773
0.7678193
0.79971975
0.7675875
0.6019505
0.8330534
0.9077557
0.73834854
0.91577387
0.89752996
0.94307226
0.8348792
0.90745056
0.78593475
0.90610105
0.8698921
0.819677
0.86818814
0.6375826
0.76492035
0.93036443
0.95626324
0.85385936
0.8957855
0.60259455
0.9247271
0.93672323
0.9146213
0.9704142
0.7828723
0.7443856
0.7708319
0.91596067
0.82002527
0.73474854
0.86617297
0.86333865
0.9483521
0.8080373
0.83555156
0.9728482
0.5784723
0.68674433
0.66890955
0.7672141
0.68645763
0.86114687
0.9502422
0.86161804
0.8189716
0.602751
0.77335167
0.8290735
0.94294894
0.93616635
0.82461536
0.70601976
0.88450414
0.79476666
0.8380708
0.79396904
0.92646044
0.8281617
0.7645475
0.8475177
0.6682234
0.41534323
0.8000536
0.72265095
0.95998245
0.8358946
0.56216365
0.9055664
0.8759788
0.9163972
0.9485023
0.750296
0.8611601
0.8884748
0.88182724
0.8742703
0.88280267
0.88922167
0.75906736
0.7768123
0.88882047
0.88067174
0.89584255
0.73961365
0.94998384
0.834867
0.72688025
0.90585554
0.7337338
0.929316
0.75455564
0.74356073
0.7840884
0.8068431
0.86237574
0.79114497
0.7479667
0.8367153
0.6688311
0.86538804
0.87872344
0.84820104
0.9360049
0.81730115
0.74597025
0.7831444
0.93766487
0.78416824
0.84484524
0.56421715
0.810088
0.8735252
0.78185785
0.87853897
0.41400647
0.89334494
0.87351215
0.5929345
0.9016022
0.86695284
0.9714547
0.7473506
0.80001867
0.8240408
0.95861346
0.74468106
0.7567115
0.93736666
0.54169637
0.9246856
0.7892451
0.84640723
0.8160552
0.8318107
0.8056604
0.8374181
0.8975247
0.5873143
0.9109665
0.946956
0.5997316
0.8293527
0.89702445
0.8362153
0.85838777
0.78186
0.91826785
0.8712627
0.72693866
0.77495605
0.899846
0.722378
0.8759707
0.8009812
0.78160286
0.8236673
0.7915293
0.9195143
0.8395387
0.949646
0.8386431
0.9216024
0.83912593
0.9120443
0.7219481
0.9492921
0.908131
0.8064545
0.9381056
0.8945855
0.9422564
0.9497116
0.8716348
0.8330929
0.7117013
0.9444468
0.9437687
0.8485607
0.86602044
0.8228656
0.8799867
0.87058246
0.98133045
0.7874454
0.75183547
0.93885946
0.9254137
0.8745655
0.93903065
0.9601824
0.72766894
0.87477815
0.7671561
0.83188015
0.7378763
0.82733846
0.92044544
0.92128277
0.86436296
0.9231697
0.65486354
0.4489338
0.8606632
0.8977245
0.7057743
0.9161004
0.8363445
0.70270914
0.90802526
0.80104506
0.71299154
0.6876724
0.8035621
0.8376775
0.88105047
0.9657677
0.9618658
0.88859904
0.78673416
0.9041417
0.5045173
0.82219076
0.895524
0.7890535
0.8705012
0.74364376
0.8032445
0.945644
0.9317661
0.8563937
0.80080503
0.925761
0.9052253
0.88809085
0.8218782
0.85005236
0.9282562
0.8030673
0.7665664
0.8178969
0.9395225
0.7697613
0.90199155
0.9322175
0.6602249
0.8880167
0.9007987
0.9638478
0.8691941
0.8801459
0.80586785
0.8460656
0.95354694
0.80323404
0.78673345
0.82720184
0.7011437
0.82242703
0.923036
0.6859498
0.75393975
0.94169956
0.8824378
0.95553917
0.83366287
0.8565099
0.7920168
0.9289431
0.8108667
0.9372272
0.95756245
0.96913767
0.9752873
0.8654703
0.8696568
0.9620843
0.9268539
0.73318523
0.7651722
0.8607852
0.8507634
0.8221061
0.8941967
0.83746856
0.94642985
0.9029004
0.662846
0.9118432
0.9121003
0.85970855
0.8646779
0.87490857
0.95331365
0.95256555
0.7832631
0.56455153
0.90084994
0.90439963
0.7903585
0.94596756
0.84183943
0.8608459
0.8796441
0.9496708
0.92704916
0.89447737
0.9760942
0.8832879
0.96404034
0.9278931
0.510419
0.9537903
0.7524269
0.85564464
0.87311995
0.6294425
0.7396024
0.7730517
0.72766346
0.8649509
0.9654356
0.8771058
0.8958696
0.9623428
0.939027
0.8558936
0.77131975
0.8830212
0.8293414
0.90052354
0.9290006
0.95655334
0.83626527
0.7529831
0.8526769
0.87677205
0.91098624
0.90112835
0.58422345
0.93201506
0.9863605
0.8759796
0.83720493
0.880838
0.7724573
0.91401845
0.7271762
0.8133807
0.7343298
0.9062326
0.85908806
0.8934304
0.87099594
0.9509551
0.9411022
0.71390516
0.8102828
0.92399436
0.8451345
0.77747226
0.9375784
0.8040071
0.7895175
0.6901642
0.7130999
0.81157947
0.82677865
0.48073986
0.8420307
0.9245595
0.8500156
0.8129325
0.54787296
0.8259276
0.9150324
0.75347745
0.72496253
0.9136537
0.90120584
0.9230767
0.64713097
0.816487
0.68505627
0.76217526
0.82800514
0.78613734
0.97919834
0.93399036
0.9365905
0.86894846
0.9365864
0.938095
0.85660887
0.8054556
0.7072567
0.92086756
0.93955946
0.8292894
0.8109884
0.686333
0.86889625
0.8260245
0.92221284
0.7455702
0.74168164
0.76428986
0.7900276
0.8658942
0.7428843
0.89230967
0.90511906
0.860656
0.71288717
0.8732388
0.8671628
0.9163743
0.6186882
0.86356753
0.9132492
0.66960657
0.95112234
0.74254394
0.79299796
0.40338773
0.6907691
0.91883314
0.8919919
0.90653354
0.9751065
0.84066695
0.9442631
0.7341432
0.9370748
0.7623476
0.7038336
0.92162406
0.8976944
0.90712875
0.72805595
0.9079635
0.9115684
0.9041322
0.8726295
0.73666936
0.8034556
0.90288967
0.71273017
0.81529224
0.8450886
0.892084
0.910639
0.95613956
0.6854943
0.93155587
0.84519255
0.72647184
0.8266135
0.9164397
0.8067579
0.8495455
0.79420435
0.7771072
0.86336803
0.91994977
0.69640815
0.9635892
0.8156041
0.83559
0.90838426
0.8377644
0.9180135
0.9482807
0.9036104
0.8746395
0.86167896
0.88977593
0.92231643
0.73096836
0.84485567
0.8645328
0.824165
0.7903798
0.80413336
0.690698
0.8713328
0.8178265
0.85645866
0.6675701
0.8261521
0.95962703
0.9133687
0.9114056
0.93772095
0.86340547
0.9509009
0.9586537
0.8499867
0.8569014
0.90579265
0.701555
0.8912928
0.94676834
0.73881024
0.8728369
0.88422734
0.83097553
0.8265875
0.9652566
0.7642672
0.81953603
0.87138546
0.84643364
0.67520285
0.8966974
0.9595608
0.8433446
0.93608665
0.6422936
0.9486093
0.8276829
0.94005287
0.8257266
0.95590305
0.78061545
0.8284312
0.75639063
0.7825814
0.89536977
0.97170454
0.86954224
0.9224652
0.87172216
0.98068917
0.8666487
0.9628922
0.8985807
0.9395065
0.7655114
0.9599251
0.60192174
0.78981185
0.9438889
0.9470254
0.95518744
0.9085905
0.74620813
0.9655
0.82982856
0.8844518
0.83119863
0.9663666
0.9033811
0.9176359
0.7749896
0.8437733
0.7690745
0.94628316
0.72197413
0.7251953
0.78582186
0.8984611
0.7426338
0.93374187
0.6804752
0.9446205
0.7725903
0.6747242
0.8754061
0.82239234
0.97898185
0.7886998
0.78675574
0.566303
0.8983923
0.8717243
0.90977836
0.8319615
0.75657594
0.72618556
0.93410337
0.8182987
0.7671486
0.6136443
0.747207
0.84187466
0.84022975
0.96666104
0.82347846
0.79934084
0.96535516
0.8504718
0.7662995
0.8174509
0.8535385
0.8006248
0.9202456
0.8222523
0.7257695
0.8330919
0.87618554
0.8087653
0.8016988
0.691182
0.5885423
0.8372588
0.8924645
0.9253409
0.78323144
0.60018635
0.90151644
0.9728687
0.9517059
0.7922467
0.927906
0.82538235
0.80826813
0.86851823
0.92838866
0.8862355
0.7741132
0.75646424
0.8447064
0.86102045
0.8779876
0.8729779
0.9297981
0.8719189
0.90840304
0.74106395
0.864982
0.79877377
0.82458895
0.80854934
0.938367
0.7936393
0.7797188
0.6964967
0.94010913
0.7852976
0.8907083
0.9362428
0.87841743
0.9631349
0.8616086
0.75450706
0.76796675
0.9358634
0.895617
0.87345135
0.8634883
0.88835585
0.8582254
0.8858735
0.81272745
0.9418552
0.85644877
0.91460294
0.8891412
0.774281
0.76906204
0.8820935
0.9577915
0.9616779
0.67041653
0.8922337
0.9122588
0.81068784
0.88424003
0.8548181
0.84843785
0.875481
0.9388004
0.9609322
0.8100033
0.88794947
0.86803985
0.8536593
0.83530754
0.7974536
0.94660157
0.7539441
0.96823967
0.9169725
0.8269508
0.9474888
0.9076191
0.92158985
0.8104407
0.882145
0.8189621
0.8969242
0.8484125
0.91284025
0.8875098
0.7973062
0.8235327
0.97318184
0.87210315
0.8590631
0.8377639
0.90830207
0.88207877
0.6504127
0.9400309
0.59160054
0.829438
0.92218935
0.92044777
0.6772135
0.77861327
0.8130766
0.86289835
0.35946804
0.8528562
0.964857
0.9087514
0.70013213
0.81739193
0.9355431
0.7657303
0.79495925
0.94239247
0.88600016
0.7240612
0.8999527
0.93337464
0.9658776
0.930787
0.88244456
0.9397692
0.6935433
0.9623823
0.87507796
0.920395
0.9370124
0.9062883
0.7749977
0.86855805
0.8617924
0.9118405
0.9671074
0.6967294
0.9165447
0.8548776
0.8275432
0.74739975
0.71504277
0.8019512
0.8140234
0.86140954
0.7635913
0.94631445
0.7566912
0.80460846
0.9713501
0.70316446
0.9552972
0.7957339
0.9199264
0.83747
0.81202346
0.75835276
0.8341815
0.8851944
0.78207004
0.8232757
0.824438
0.81770176
0.87511575
0.9153559
0.7833872
0.76257
0.8345235
0.8305665
0.8359834
0.9595826
0.88112134
0.927462
0.9629005
0.5171833
0.7567652
0.9580993
0.9227986
0.7785103
0.9018053
0.93671864
0.8422473
0.6840195
0.92637396
0.769473
0.7632718
0.8751949
0.80436575
0.90509546
0.6332251
0.48477212
0.90163743
0.84484816
0.88098973
0.9126642
0.877601
0.801785
0.687906
0.82051766
0.88567877
0.6400726
0.75502276
0.8708173
0.5702111
0.86653215
0.87238806
0.82439107
0.8823459
0.9383596
0.923233
0.74712026
0.85434234
0.89389294
0.74093294
0.95928323
0.90041864
0.8467613
0.9229932
0.8955754
0.8644757
0.76648
0.9300174
0.9243534
0.92693824
0.9020507
0.59564424
0.8878063
0.88984025
0.8584984
0.71058345
0.8935217
0.5588198
0.8980899
0.6313242
0.65619755
0.90439296
0.8700709
0.8894556
0.8607612
0.95282006
0.89639
0.9376055
0.7482855
0.86975825
0.9109067
0.8122329
0.8095791
0.91161966
0.84805137
0.9718572
0.8665069
0.78644717
0.96037996
0.964802
0.88552946
0.83432734
0.927952
0.8932557
0.93250966
0.9087675
0.6284262
0.93538964
0.81288576
0.83644783
0.8709911
0.86109483
0.65583915
0.80289733
0.88032895
0.6277414
0.85340756
0.90057385
0.84221774
0.92732364
0.85563314
0.87841076
0.94305503
0.6827704
0.66932005
0.7375463
0.93617326
0.7912534
0.882852
0.8611294
0.86175644
0.46988964
0.824021
0.9310632
0.8274383
0.7826586
0.71555066
0.8822864
0.9427814
0.8081881
0.72375864
0.85482013
0.91240144
0.8690865
0.7599752
0.8468234
0.8297719
0.95823056
0.9089315
0.8548285
0.9458296
0.91899383
0.7655428
0.7944335
0.8518275
0.9045391
0.84099346
0.9762504
0.86775684
0.8856721
0.78560084
0.89646804
0.8996068
0.9544277
0.9500537
0.9382269
0.6866958
0.7987442
0.96383387
0.77444494
0.85074556
0.9232512
0.87914824
0.8693019
0.86416507
0.96322596
0.78720146
0.6804107
0.8420859
0.9342959
0.78001726
0.8584839
0.8643384
0.6775786
0.76546675
0.81637734
0.687139
0.9342531
0.85034025
0.88655454
0.9574981
0.9408251
0.88446116
0.82115716
0.8951243
0.8661555
0.84436905
0.7812201
0.86333025
0.7566672
0.7981997
0.85886204
0.94649386
0.59612465
0.85725266
0.8351652
0.7995683
0.76538503
0.57750714
0.7305918
0.7960541
0.6654213
0.884047
0.9282776
0.86832094
0.8914237
0.85130656
0.55313057
0.8355018
0.87531495
0.7476201
0.8001783
0.7085359
0.5159696
0.9199804
0.9363437
0.87734336
0.7130077
0.7033503
0.7865952
0.8308535
0.9286784
0.8042033
0.91936064
0.9147726
0.8902197
0.8709327
0.8765109
0.90808254
0.74989736
0.8926589
0.59728533
0.9104003
0.89808774
0.9123476
0.93989915
0.90755856
0.7592968
0.8711004
0.8796587
0.7342128
0.8402152
0.7424849
0.6006421
0.8834924
0.9345556
0.75769234
0.90660906
0.7911418
0.57630277
0.804171
0.9311408
0.93869865
0.9566263
0.79691976
0.7958114
0.9038071
0.9093311
0.77855676
0.7894455
0.9572426
0.88370943
0.8563802
0.705055
0.8228091
0.8214444
0.8744188
0.5640161
0.9156235
0.90100586
0.74869674
0.87512064
0.6453235
0.90649575
0.79699045
0.8155184
0.9646092
0.9045179
0.91905993
0.9635112
0.87425643
0.93194145
0.9029263
0.84056294
0.8477379
0.882019
0.9489244
0.8240768
0.9229282
0.87816393
0.79327554
0.87620944
0.7476972
0.8961131
0.6985765
0.8717654
0.7926478
0.80401915
0.70235
0.86683464
0.81754637
0.90270156
0.74290013
0.6826536
0.8785958
0.90848076
0.7558331
0.90938854
0.90017706
0.8760661
0.8353349
0.6863134
0.9196061
0.9559147
0.94485176
0.9083965
0.83795905
0.793398
0.88072073
0.82885206
0.95777535
0.8237029
0.6180972
0.4847347
0.886443
0.8181952
0.87467647
0.94168735
0.8497835
0.62505186
0.8288289
0.8587619
0.8782322
0.8132214
0.8994821
0.8254714
0.872846
0.9074801
0.7775147
0.9201201
0.9381167
0.9485232
0.89538074
0.93937737
0.8199598
0.9476847
0.7840067
0.92996126
0.9247364
0.80530035
0.805834
0.8995091
0.9113854
0.88926697
0.9409696
0.7483299
0.8416324
0.8855566
0.822194
0.7450304
0.7466736
0.8842257
0.88351035
0.87668717
0.8906797
0.65481347
0.79162186
0.8546604
0.8065346
0.9597596
0.942983
0.95901096
0.84842455
0.9793249
0.8894188
0.89968514
0.9145531
0.9064099
0.7969527
0.9727356
0.54920435
0.8480595
0.85269916
0.7450259
0.8390987
0.7930867
0.77590984
0.8146514
0.8993579
0.8123536
0.83456457
0.85584456
0.95494604
0.9122896
0.8391933
0.82732296
0.7687101
0.7782117
0.7725285
0.9107505
0.81937563
0.9218794
0.85743076
0.94325006
0.8880491
0.89343184
0.7676147
0.79817516
0.554845
0.79033905
0.9091681
0.9694839
0.87567294
0.7206335
0.8231952
0.8609692
0.8456735
0.90690196
0.6591796
0.871967
0.96091473
0.90360767
0.7554013
0.86853975
0.76318127
0.5491827
0.90094125
0.741397
0.9117954
0.8899334
0.86691886
0.9377838
0.87716717
0.8900943
0.7805723
0.84368986
0.9400519
0.6409278
0.7941451
0.86271197
0.7674879
0.92614114
0.92969865
0.96916485
0.94466794
0.96154374
0.9546486
0.8617177
0.8116824
0.93896335
0.9153557
0.7534615
0.6811654
0.83904195
0.824164
0.792515
0.8845283
0.8097168
0.85430837
0.6375935
0.9069853
0.816955
0.8936788
0.9072434
0.72243047
0.9495119
0.8845569
0.83834356
0.73719656
0.7243339
0.8476339
0.8752413
0.85528654
0.9109864
0.7916442
0.95678186
0.80827343
0.9060582
0.797717
0.9181967
0.85183936
0.7531035
0.83892345
0.71104324
0.87060237
0.9468066
0.9111273
0.8025155
0.8704282
0.82537353
0.7704985
0.97342217
0.6374781
0.84514046
0.8832124
0.7859706
0.8811698
0.948616
0.9175726
0.7542901
0.8331915
0.92788166
0.9084582
0.8839725
0.8026612
0.78943396
0.7904177
0.8018993
0.83364415
0.82511306
0.9400138
0.8747133
0.85655814
0.68314385
0.8672061
0.81012523
0.91668683
0.8010699
0.79432994
0.87088966
0.87444633
0.81831956
0.88489133
0.9213321
0.9617536
0.8529149
0.9617717
0.92164236
0.8704252
0.6981558
0.8519031
0.88319075
0.7048449
0.8638772
0.8517895
0.85919845
0.8353481
0.9113762
0.9491155
0.9553504
0.7750285
0.507247
0.9327282
0.8205926
0.8278183
0.8595242
0.90432084
0.84160036
0.8535607
0.9304035
0.8717586
0.7238679
0.85289264
0.6804242
0.91140234
0.89967483
0.8967701
0.9108771
0.9675803
0.7670437
0.8412263
0.69805664
0.81511927
0.9471694
0.86024296
0.8970468
0.9126914
0.7556887
0.73509395
0.6544068
0.8738379
0.7546414
0.6437393
0.87272024
0.80004776
0.8579055
0.84130925
0.7919334
0.8500683
0.6008196
0.6461182
0.81105953
0.8353704
0.55956805
0.8283045
0.57567906
0.9254556
0.8678954
0.77423877
0.9692036
0.89694834
0.72577024
0.90825564
0.76416
0.7400713
0.83071154
0.80460703
0.94115734
0.84796876
0.88445777
0.62367475
0.787297
0.81642854
0.8819754
0.87777156
0.56490195
0.9328926
0.87635624
0.9226894
0.81268775
0.92144674
0.4594446
0.90965855
0.97270167
0.8615006
0.82118654
0.7482719
0.96887165
0.88036066
0.7571946
0.92414796
0.8540697
0.8277616
0.7777506
0.8767978
0.7701293
0.90970397
0.908499
0.91273004
0.92470884
0.83425087
0.79731935
0.7693918
0.70511883
0.89227134
0.7495743
0.7392938
0.8504117
0.8720242
0.6700813
0.94822943
0.82197756
0.8930628
0.8936387
0.74605083
0.8691633
0.8091701
0.7247247
0.95186675
0.65390897
0.8594707
0.94636685
0.8862246
0.86542416
0.779218
0.8997727
0.89567745
0.70507324
0.8748139
0.8513701
0.8371334
0.8219092
0.9394889
0.7545682
0.9016769
0.77463293
0.818122
0.63212496
0.9149412
0.7874362
0.88977194
0.85007954
0.5818834
0.964718
0.8537704
0.7167522
0.88540983
0.9035294
0.9440914
0.8027235
0.7748234
0.95131624
0.9189422
0.93058044
0.77631134
0.79981077
0.83946955
0.8231338
0.8188192
0.89865744
0.8259949
0.9268507
0.85717005
0.92280024
0.9541744
0.68909407
0.86473095
0.86357975
0.8316995
0.90907574
0.93421686
0.74439716
0.9111905
0.9184151
0.87926036
0.92419887
0.8441323
0.87202317
0.8609981
0.69935733
0.93588215
0.8725343
0.8538792
0.8018758
0.8112062
0.5124906
0.81062376
0.9098102
0.8116098
0.81840944
0.88960856
0.9304434
0.7888267
0.9507571
0.76191497
0.6238982
0.7466976
0.7646621
0.86448365
0.9575294
0.9251245
0.8916812
0.819818
0.8211132
0.7889447
0.84172684
0.7959478
0.9099187
0.92865753
0.86623263
0.93223536
0.9493017
0.96722925
0.7243994
0.9493309
0.72091097
0.7668576
0.82976717
0.6836336
0.8516145
0.8650393
0.813234
0.97124493
0.9039096
0.888136
0.8435062
0.870684
0.82096946
0.80281544
0.67005837
0.9341511
0.778347
0.8148583
0.82501566
0.9035358
0.7272083
0.79957813
0.9169654
0.7576353
0.7667149
0.87909234
0.5278545
0.7972609
0.92376643
0.72789425
0.44035167
0.8060268
0.9524716
0.85526615
0.8844334
0.953575
0.8477898
0.8014027
0.72615457
0.7255514
0.86142886
0.9020914
0.9351225
0.8862152
0.9364941
0.85813934
0.6568011
0.9281032
0.87365705
0.7728575
0.8890911
0.8617152
0.95852375
0.7871804
0.9058271
0.80481684
0.90062225
0.63869107
0.92989075
0.95171726
0.88919073
0.934163
0.9230461
0.7420213
0.8331435
0.67091054
0.7977411
0.86374164
0.8775717
0.8875753
0.8582409
0.8534833
0.47927883
0.82606673
0.95994043
0.7861024
0.8085009
0.89124095
0.8674274
0.78372014
0.9170296
0.589859
0.5671687
0.86300063
0.7360129
0.89021134
0.62046254
0.95309794
0.88875794
0.8838518
0.7162593
0.9003445
0.8024171
0.8440611
0.8420241
0.5981268
0.9270144
0.8923437
0.66631085
0.7599503
0.93668544
0.8394286
0.8698174
0.9200715
0.8108434
0.8138116
0.79078174
0.83249193
0.78826904
0.9502183
0.9409192
0.8498699
0.9284978
0.784583
0.8503907
0.72061837
0.94814706
0.6102544
0.7858584
0.8190479
0.879283
0.93166685
0.58870536
0.9132194
0.91488576
0.8980224
0.9633174
0.96788293
0.78450525
0.90021294
0.8665145
0.9565196
0.9574439
0.90655667
0.859531
0.85311925
0.90334016
0.7489041
0.57027113
0.82630056
0.8557296
0.7860004
0.94170886
0.9002373
0.66316795
0.8931308
0.9437927
0.84106296
0.8971541
0.89715457
0.889403
0.9385943
0.6425338
0.8977458
0.8913801
0.8581198
0.516186
0.91196847
0.8672659
0.8529769
0.9008601
0.86913186
0.78008235
0.83727133
0.85809743
0.8527226
0.8996304
0.74181056
0.7509621
0.91142803
0.59893525
0.62932336
0.8291866
0.7677554
0.80853796
0.90330523
0.95146304
0.9297332
0.9311755
0.74599916
0.85906804
0.9248496
0.8490341
0.8750668
0.8689352
0.8708565
0.8148622
0.93167645
0.89542365
0.8302102
0.7596985
0.9530234
0.8145214
0.93745005
0.78301394
0.87460315
0.7820828
0.60500443
0.9518491
0.7606268
0.82791764
0.7867061
0.7737017
0.92898965
0.6640094
0.84332347
0.83991945
0.75389683
0.7582122
0.7760761
0.951866
0.9338218
0.82778037
0.7826027
0.9144324
0.9412356
0.9706105
0.95787114
0.94558823
0.869464
0.88014656
0.92741215
0.77646965
0.72687423
0.72501284
0.75991255
0.7790133
0.9209415
0.76149756
0.9314941
0.72056997
0.7500561
0.6087447
0.8750345
0.91771865
0.8773711
0.86165094
0.98333466
0.86164093
0.9437959
0.89746475
0.9328462
0.9514789
0.8853072
0.89719236
0.89382565
0.9096483
0.9273285
0.9128318
0.9032656
0.66191685
0.9181038
0.9416564
0.77634203
0.88434976
0.893073
0.9435725
0.92143106
0.9313426
0.8289269
0.9479716
0.9395178
0.818876
0.9259791
0.73963
0.85609984
0.9074842
0.9158575
0.78266555
0.9164375
0.82848775
0.82499963
0.8748208
0.9040715
0.90301037
0.8735351
0.79058754
0.9588493
0.94082916
0.9291707
0.94769996
0.81157017
0.51287675
0.92967945
0.8910831
0.9213006
0.6793347
0.7670523
0.8951809
0.8299955
0.898025
0.92880666
0.8767444
0.8515828
0.7742224
0.9120841
0.66623086
0.7429949
0.6050942
0.9288233
0.9645597
0.9224456
0.7840632
0.7894752
0.85890466
0.8192777
0.8741139
0.85855603
0.9377536
0.78927684
0.9320457
0.89334625
0.8607719
0.8585173
0.93714345
0.9182488
0.79152936
0.7631753
0.90024936
0.54641664
0.9106263
0.79294765
0.9645075
0.5391674
0.9115198
0.9010865
0.7549366
0.62080663
0.8861289
0.75995475
0.7642489
0.85400677
0.9466789
0.93959373
0.74134177
0.89079493
0.75735456
0.8082489
0.98541796
0.92099243
0.92187315
0.84466803
0.96410704
0.85388017
0.8446772
0.9372926
0.94153327
0.77884614
0.8148991
0.7880242
0.88197017
0.8153726
0.8903278
0.90614396
0.88856244
0.8708547
0.8146293
0.83982885
0.8579914
0.934098
0.9675478
0.95110166
0.81507164
0.92598474
0.8573387
0.5051278
0.8860306
0.6944642
0.76218796
0.69827366
0.5336258
0.8849752
0.9010781
0.8256508
0.7986244
0.8667252
0.73738015
0.8231905
0.90907025
0.8983664
0.90983754
0.6335536
0.7687938
0.8696418
0.8927671
0.86300015
0.6249061
0.8749363
0.5006926
0.9660815
0.95434535
0.97310126
0.9078942
0.7687445
0.8048033
0.93034446
0.93746203
0.6482682
0.7104399
0.7709864
0.8926356
0.9198753
0.85904366
0.84620994
0.94783133
0.5732522
0.9227574
0.7880266
0.8719749
0.8695069
0.919975
0.8487699
0.73025256
0.90534836
0.799405
0.8916026
0.7273227
0.9242808
0.7781919
0.9043082
0.8910508
0.8304142
0.9298953
0.76421607
0.8113432
0.773796
0.9431069
0.67621785
0.8118715
0.80426776
0.87759525
0.84246767
0.85819614
0.86465245
0.9486416
0.8790119
0.94538784
0.77107215
0.9422289
0.7012327
0.81061506
0.8720691
0.85368323
0.8538712
0.8814399
0.81267273
0.8063924
0.76679546
0.8607869
0.9207285
0.90348047
0.88219243
0.79664457
0.79484063
0.93765604
0.9099271
0.7917909
0.8880631
0.92090887
0.93292356
0.983111
0.9036273
0.7985252
0.926438
0.9510788
0.8532154
0.9399706
0.93910587
0.93888354
0.8464175
0.81288373
0.78291523
0.9022164
0.89599186
0.84278035
0.84017956
0.82812345
0.8379483
0.7762694
0.91174126
0.80491686
0.74754065
0.7623047
0.90025705
0.6964933
0.69886374
0.96175873
0.93596435
0.6605164
0.86684865
0.9052391
0.6709838
0.9169672
0.743489
0.93989104
0.957992
0.9292026
0.9312096
0.86469364
0.9559307
0.8229254
0.6415239
0.7610592
0.905525
0.84403074
0.86486113
0.8972295
0.81156063
0.8799505
0.72852826
0.9669714
0.8809985
0.9259154
0.92895776
0.9346072
0.8654889
0.97546864
0.93106425
0.8976489
0.80926394
0.9323448
0.8856109
0.7454233
0.844189
0.94790053
0.90128237
0.9554963
0.8330766
0.8804265
0.79672545
0.87378603
0.76738226
0.78937536
0.96567553
0.90434843
0.8817485
0.8744088
0.8249598
0.9079953
0.9420851
0.8313977
0.68282074
0.91933316
0.868904
0.8069465
0.9458852
0.7121087
0.75017476
0.65635544
0.86971533
0.8028063
0.87253684
0.9274135
0.9442759
0.7321781
0.87008905
0.9374188
0.8428925
0.9407886
0.89726
0.85705936
0.8277909
0.9426939
0.7635842
0.8245662
0.7020188
0.7518814
0.78188705
0.7375985
0.7455213
0.6640486
0.76091516
0.93208134
0.8408587
0.9179205
0.8959124
0.85278964
0.7550154
0.80461705
0.72381645
0.8223769
0.7861265
0.88733983
0.7322081
0.84844804
0.8572858
0.76447767
0.8832405
0.9401046
0.93301475
0.9510016
0.886597
0.76833546
0.8296918
0.6911677
0.8923304
0.71616775
0.7856492
0.8991646
0.6415133
0.931029
0.83374274
0.92790407
0.863415
0.8921033
0.5762248
0.9266615
0.80948615
0.89739764
0.7987521
0.89386535
0.89162254
0.9240742
0.93268466
0.9030449
0.7820857
0.76320803
0.7435867
0.947961
0.8830149
0.7858881
0.93754834
0.9419547
0.88445944
0.8892536
0.88995963
0.8375492
0.8493266
0.83616626
0.9254505
0.93716013
0.6563285
0.81652445
0.8651872
0.81016326
0.9090557
0.7364338
0.8836065
0.9093374
0.79131037
0.84664476
0.9023721
0.89182365
0.8528947
0.7823883
0.92386276
0.92082804
0.7801304
0.9336669
0.81861717
0.8773736
0.79163826
0.8148645
0.7632396
0.6418827
0.8765145
0.89538515
0.5426257
0.8568965
0.44996166
0.97652066
0.8491477
0.95469713
0.86391395
0.7334129
0.7298521
0.884258
0.9154734
0.75004953
0.82695836
0.8218032
0.95071316
0.94660115
0.9024222
0.86076206
0.9385021
0.92787194
0.9264566
0.87311625
0.9821408
0.9576803
0.741708
0.78409094
0.8480784
0.7754974
0.8802035
0.92341566
0.87277997
0.9753144
0.897424
0.8996713
0.90598094
0.96823883
0.8067201
0.8233124
0.90390664
0.9718969
0.737262
0.8064096
0.7232752
0.8708958
0.8684901
0.8761795
0.9689177
0.8999139
0.8039561
0.81327975
0.852212
0.9281361
0.7278913
0.9486426
0.6676433
0.9613782
0.9058003
0.5910047
0.9632546
0.878442
0.9395288
0.81782347
0.9143111
0.85697734
0.6539351
0.7345357
0.8465746
0.90984607
0.9194709
0.79184777
0.94623613
0.9042478
0.86783165
0.886307
0.9178454
0.94531703
0.94644475
0.96526957
0.9274222
0.785149
0.81480217
0.7956838
0.91239643
0.95203793
0.8887071
0.80466676
0.9164361
0.978568
0.8307791
0.8311137
0.9719709
0.7188824
0.87677944
0.44948044
0.9456525
0.90109557
0.8853236
0.9305138
0.76242584
0.9706063
0.9415121
0.82416123
0.83456194
0.87297046
0.77932835
0.96252316
0.9395525
0.76312906
0.86413
0.8997403
0.92134976
0.8001095
0.8933668
0.8912365
0.5193143
0.87990296
0.9447118
0.632343
0.8290449
0.89196515
0.8492788
0.8296577
0.9389293
0.48036453
0.64163035
0.7197417
0.92292196
0.6519457
0.9234087
0.7990131
0.92606205
0.74059695
0.9116089
0.85388017
0.8537938
0.7984817
0.85734665
0.8293993
0.96889836
0.85930914
0.9411608
0.83776283
0.8262624
0.85304755
0.7655044
0.7584179
0.8127941
0.86434704
0.9292369
0.9519763
0.88836694
0.8746323
0.8110397
0.85213786
0.46447194
0.87031287
0.8773553
0.9182857
0.8494662
0.95919085
0.84541416
0.8685375
0.7972042
0.944365
0.84777534
0.87293565
0.8489281
0.85570526
0.83266425
0.91483647
0.9371245
0.7813455
0.76450205
0.8042096
0.6417356
0.9491285
0.7326666
0.6538698
0.9231464
0.9685835
0.88395613
0.75291955
0.9209149
0.94990456
0.8921679
0.9595376
0.911657
0.74943346
0.6185784
0.6665534
0.8825351
0.8768365
0.8438437
0.824352
0.89536047
0.92462325
0.9262843
0.8182005
0.6136004
0.63826454
0.81597733
0.8011442
0.9325278
0.6923799
0.7933839
0.8730891
0.8964739
0.64142275
0.87573946
0.9273399
0.8976664
0.8574564
0.8061926
0.87896204
0.6015593
0.8888685
0.84967446
0.82855356
0.63265306
0.94682574
0.89832735
0.71844864
0.8952047
0.91366374
0.8992632
0.62351805
0.8152751
0.79776543
0.92755747
0.955322
0.8150615
0.89440316
0.7185171
0.8613386
0.7825842
0.865343
0.85294104
0.73842156
0.9861407
0.76628315
0.8264043
0.9274252
0.90366524
0.900007
0.8051073
0.82869005
0.843837
0.8416429
0.67211586
0.87696654
0.80779153
0.89576423
0.85618967
0.850197
0.91548556
0.92005396
0.87620455
0.76193273
0.708872
0.85710955
0.9234616
0.80217355
0.81093824
0.86840856
0.78150076
0.7795186
0.89488184
0.7625346
0.9336715
0.7081887
0.758988
0.75435346
0.91166997
0.7422921
0.82882786
0.77880013
0.83810633
0.9411544
0.8597594
0.9632217
0.9258306
0.96027434
0.83673537
0.6743525
0.82681596
0.95755047
0.89410293
0.78562474
0.8089876
0.77163976
0.82389796
0.5580495
0.91767347
0.92135394
0.8379413
0.8500539
0.7409847
0.7803022
0.81568617
0.75408
0.8476751
0.75079614
0.7807817
0.89510304
0.8898287
0.5877584
0.8444024
0.8899877
0.90861326
0.97111875
0.82807636
0.9550108
0.9279919
0.9226085
0.9161373
0.700102
0.82234526
0.8289965
0.8387618
0.9035932
0.87057835
0.9198166
0.86766684
0.93418306
0.7783329
0.81081975
0.89549637
0.8738737
0.969224
0.95327127
0.7342983
0.82072055
0.8127086
0.83514637
0.83730704
0.9252029
0.8503568
0.8683922
0.9063565
0.80250645
0.8274249
0.96102256
0.5563484
0.9377347
0.8846712
0.9294237
0.88703364
0.8336949
0.8163033
0.8129358
0.8851075
0.91395605
0.76482916
0.83158016
0.78504086
0.7372927
0.83883584
0.8937882
0.9076304
0.7944523
0.78322625
0.8751766
0.7206148
0.7251554
0.73241985
0.94311726
0.8961513
0.75339186
0.813794
0.83027446
0.81782424
0.78718835
0.9311374
0.90823203
0.7759085
0.6945904
0.82364696
0.9120806
0.93698204
0.93944335
0.9719044
0.769094
0.9728264
0.5958104
0.6087711
0.85759914
0.86771876
0.78465533
0.8359579
0.80633533
0.7369972
0.82563937
0.77928394
0.9466493
0.54073906
0.92314917
0.90434647
0.9709421
0.91529983
0.94403595
0.70484006
0.9264618
0.94806075
0.95625263
0.88508576
0.81244135
0.8387674
0.9237581
0.88299924
0.8308214
0.7411791
0.6961719
0.8814757
0.9219536
0.88733405
0.9258332
0.85519165
0.8368895
0.73993003
0.9148351
0.880908
0.71951807
0.9344825
0.9154843
0.94307935
0.9621258
0.76142013
0.8281677
0.7127216
0.54316974
0.95220304
0.83425313
0.7445198
0.670298
0.8652889
0.8673742
0.93437946
0.9001633
0.8003179
0.7679397
0.81100595
0.91797775
0.89119244
0.7954561
0.8766197
0.866664
0.89014477
0.90472454
0.9320729
0.83760595
0.94890326
0.73946494
0.8607063
0.71401954
0.8912813
0.78115785
0.8868042
0.93912166
0.8164859
0.80993605
0.9066289
0.9085189
0.8471891
0.85017633
0.8131044
0.8990587
0.9150861
0.88850975
0.9062383
0.8969834
0.8218922
0.86798155
0.89471334
0.940862
0.87765026
0.92645323
0.9043348
0.81350636
0.8004858
0.6874807
0.86599714
0.8482299
0.89944315
0.5881158
0.8644848
0.87653923
0.86892784
0.96317077
0.8590046
0.85882646
0.9394954
0.8868237
0.722084
0.8106895
0.89353913
0.89745736
0.8387525
0.78756225
0.69096184
0.8675868
0.80344874
0.82405746
0.82511765
0.75458837
0.7782863
0.8320832
0.7542184
0.8377363
0.9050224
0.9399311
0.8972087
0.8836702
0.59431016
0.8762482
0.9031893
0.92283404
0.9093266
0.8555151
0.8586864
0.8364218
0.9629052
0.8981267
0.9096344
0.7963546
0.8709994
0.86477673
0.7489655
0.8174403
0.94771814
0.741045
0.86119884
0.9265057
0.9108174
0.8765753
0.81294733
0.84730196
0.85101616
0.9257124
0.7952853
0.84269446
0.8869708
0.91486514
0.8727875
0.7843615
0.8708558
0.9154452
0.89501363
0.8923649
0.85257995
0.89562213
0.90060097
0.8708445
0.7937639
0.8845298
0.74061555
0.8752913
0.8651341
0.95973766
0.8447377
0.92339027
0.9463049
0.79793185
0.7824182
0.81600493
0.6781921
0.9352885
0.96682084
0.80902785
0.88803583
0.8100183
0.74653035
0.9354347
0.9009238
0.8868607
0.9582174
0.92561185
0.94865644
0.95844775
0.8310493
0.7784603
0.8471183
0.8792677
0.909101
0.94241935
0.8559273
0.90638757
0.9486093
0.89145005
0.7855392
0.9215609
0.9652987
0.8547748
0.87482697
0.75716424
0.892467
0.8482168
0.6862245
0.96104014
0.79386556
0.961723
0.89371693
0.89802307
0.91718435
0.6139924
0.82423925
0.91553754
0.8693525
0.7734584
0.86132574
0.8884931
0.7176602
0.91903186
0.9044276
0.92598796
0.7901548
0.7578943
0.42025602
0.97079563
0.85728073
0.9314633
0.9137691
0.84345996
0.8810533
0.967916
0.8734589
0.94307595
0.6970999
0.6686732
0.8475889
0.9214209
0.61773163
0.79537207
0.80624235
0.71941686
0.8561133
0.9184017
0.76646626
0.93015325
0.9117285
0.7567946
0.9305112
0.8089031
0.7468385
0.9388708
0.89047194
0.84586453
0.7756233
0.9027426
0.9293886
0.74883485
0.8488099
0.9570127
0.7386403
0.94524294
0.89796454
0.83445126
0.72603935
0.87516654
0.8936852
0.7165125
0.94968605
0.6985561
0.7711069
0.81949437
0.8820758
0.80561393
0.7418805
0.427781
0.7067551
0.6916916
0.83029187
0.9125818
0.9346631
0.9092169
0.80073047
0.9223748
0.7365971
0.8824483
0.89985514
0.54878455
0.8833889
0.9426021
0.7957173
0.7564542
0.9095812
0.67593956
0.9395025
0.8488206
0.9160006
0.90959406
0.80763596
0.5941917
0.8829299
0.9514925
0.88051504
0.8260431
0.9138632
0.8842092
0.86052907
0.92873466
0.8210918
0.79830605
0.8535415
0.78651756
0.704631
0.9644772
0.8274324
0.8685076
0.8517698
0.42198294
0.81709516
0.88910854
0.85172343
0.8585697
0.69312197
0.9390241
0.9013477
0.72637194
0.8915552
0.70844746
0.84075993
0.9183684
0.83076584
0.7562987
0.86427414
0.9049888
0.9263199
0.8917783
0.8858808
0.8327676
0.9556112
0.9509417
0.82308495
0.78444475
0.8529639
0.75450146
0.8214379
0.8807682
0.88021135
0.876186
0.96315634
0.8256759
0.84018725
0.7365769
0.7838862
0.94428015
0.8437135
0.8674705
0.9248704
0.93037164
0.819798
0.877298
0.8355929
0.8163098
0.87864333
0.8849819
0.8896762
0.8547047
0.83067787
0.8325886
0.8583138
0.77401865
0.8455479
0.86875373
0.8673475
0.86164033
0.8219074
0.84620166
0.86936533
0.9490905
0.9038992
0.7624396
0.8899165
0.8420035
0.87763995
0.88590825
0.87788594
0.9563058
0.94970894
0.7965611
0.66993976
0.80991364
0.866438
0.69546133
0.89553404
0.7942074
0.8334895
0.6997038
0.77673423
0.8594869
0.80763865
0.8822062
0.9118348
0.81132734
0.7931603
0.7839548
0.80892587
0.8712028
0.9264622
0.9081204
0.86427826
0.7484268
0.6374784
0.8612562
0.95669377
0.7069127
0.71977115
0.83515066
0.8946976
0.96072745
0.86191785
0.77450097
0.94215953
0.9554455
0.82036257
0.9225304
0.76431024
0.8280313
0.8270149
0.87091386
0.802044
0.6922338
0.79014635
0.88241285
0.8757043
0.88269055
0.88046706
0.8881432
0.84962153
0.94882995
0.7180406
0.94543064
0.7593018
0.8689742
0.79879016
0.55534273
0.87955165
0.75624675
0.8772036
0.90546167
0.88112235
0.7253511
0.74437547
0.70806
0.93106914
0.9651018
0.8083782
0.8473066
0.80512995
0.6311354
0.72425175
0.92465574
0.8885973
0.7089039
0.8423729
0.9296148
0.89338255
0.48888233
0.7801477
0.8361662
0.73622674
0.9002501
0.8884004
0.69342065
0.7529729
0.77757883
0.8024868
0.67457706
0.92473036
0.8848472
0.83521485
0.7149154
0.77093726
0.9357128
0.87828887
0.9333828
0.80950993
0.9277553
0.96028364
0.89159477
0.91401947
0.8797746
0.80901986
0.7532917
0.904802
0.6338069
0.9055762
0.8253647
0.8214876
0.8849812
0.8569902
0.89105517
0.91766834
0.9725871
0.81994784
0.86568856
0.8244673
0.87933314
0.8830847
0.7862147
0.94331545
0.7950802
0.85710084
0.7748799
0.93163824
0.82311517
0.821646
0.96677804
0.8821383
0.8355177
0.88376456
0.8620328
0.6703797
0.7892165
0.80824137
0.9375828
0.96585715
0.7584733
0.80705994
0.83983713
0.7170949
0.8749303
0.8927593
0.8410381
0.8922766
0.91626096
0.8706666
0.714134
0.8949911
0.8222456
0.8522786
0.91686714
0.9197517
0.7937691
0.8660245
0.89089537
0.856535
0.923122
0.8450378
0.9647498
0.64926046
0.79606444
0.8578332
0.9147853
0.9316124
0.8867373
0.9085256
0.78458047
0.760785
0.61052895
0.83622015
0.8906407
0.90428513
0.8659464
0.9214397
0.83313596
0.777826
0.846697
0.8438131
0.91750515
0.8205419
0.9471798
0.8749089
0.88356787
0.8661819
0.8551865
0.9119415
0.9437709
0.87328094
0.7259041
0.8317384
0.9169305
0.7128999
0.92520916
0.52160203
0.36547753
0.7848964
0.84292245
0.7726682
0.85870224
0.840317
0.54740274
0.9544553
0.9209089
0.8328769
0.77680063
0.73438543
0.78383636
0.813599
0.816497
0.5761129
0.8624017
0.9328629
0.93863815
0.9485524
0.86200553
0.82328033
0.82254136
0.62101
0.87979376
0.9194929
0.8919803
0.94313425
0.8362476
0.75162685
0.7788843
0.7994043
0.9454111
0.93057716
0.6845463
0.93258584
0.90853035
0.75710034
0.80791485
0.9496525
0.89400077
0.7277413
0.8427125
0.77629566
0.8941756
0.9592316
0.73334694
0.94948125
0.93559057
0.5543932
0.8396057
0.8515511
0.72500753
0.86519295
0.77351946
0.79952955
0.90673804
0.8162653
0.84448326
0.79292184
0.61423314
0.7769306
0.5491173
0.66619873
0.84520435
0.9329154
0.87739086
0.8978162
0.81583226
0.8244364
0.911643
0.8622009
0.9226216
0.9244407
0.7812914
0.78465635
0.90214074
0.9378967
0.94881386
0.8637615
0.85078055
0.83662784
0.7280562
0.86732346
0.910025
0.8020215
0.91577756
0.7789056
0.85994273
0.751923
0.9083425
0.6596698
0.8409453
0.8430197
0.7347917
0.8210187
0.9062933
0.7910899
0.82900345
0.8400231
0.6328412
0.65398
0.8692107
0.9361139
0.8934513
0.6994113
0.8131608
0.8321309
0.9627214
0.4813622
0.58214664
0.85293186
0.7961278
0.66158324
0.9393286
0.8856417
0.8124726
0.90272605
0.7769468
0.8602687
0.85535413
0.93355036
0.7840796
0.80737597
0.9321168
0.9626071
0.7642878
0.65652496
0.7937943
0.7144552
0.7948346
0.8794558
0.6374647
0.91248494
0.8654218
0.8805673
0.7324699
0.6700045
0.8707686
0.8778085
0.84045213
0.933143
0.9559288
0.87010205
0.9151533
0.8242597
0.8607692
0.80558974
0.9005419
0.5080725
0.82444024
0.8008648
0.67782706
0.8882141
0.8319024
0.9104793
0.944279
0.84569377
0.745379
0.8912189
0.9537403
0.9520054
0.70779246
0.8105214
0.70541084
0.93862975
0.8973638
0.838011
0.83453095
0.8931526
0.82898957
0.66056883
0.86435014
0.92181957
0.6849164
0.6982392
0.95020974
0.82755446
0.7331828
0.9236757
0.7705399
0.71038914
0.8731786
0.78616136
0.93135047
0.91719675
0.90229857
0.8427233
0.91938275
0.8960775
0.94725895
0.8432766
0.8934963
0.94557893
0.8253864
0.7165247
0.78772163
0.651302
0.95712286
0.88478106
0.9360015
0.9222246
0.6038846
0.62149405
0.9014782
0.7573051
0.91151655
0.9238648
0.632959
0.9127201
0.8908644
0.84213495
0.64445007
0.8229934
0.75176036
0.8060901
0.8809979
0.8255874
0.77619296
0.7038615
0.7769052
0.80112123
0.6638305
0.77722335
0.9238256
0.7973865
0.85666203
0.7269112
0.96146566
0.9554461
0.9007222
0.8647573
0.7531101
0.898433
0.8470308
0.85456556
0.7555533
0.82260907
0.875631
0.8664168
0.8572833
0.9031966
0.8880499
0.7240429
0.42534024
0.8851973
0.64231807
0.8715869
0.82993793
0.63162225
0.8634754
0.9781889
0.9013296
0.9161075
0.62983507
0.7900051
0.845424
0.8407237
0.796047
0.86069417
0.8920094
0.8087735
0.9035871
0.5067827
0.94792604
0.8548895
0.9600314
0.6527108
0.92885476
0.829041
0.95866644
0.8846197
0.9007971
0.8806549
0.918529
0.8988576
0.80779004
0.9409717
0.94444335
0.6169366
0.7508619
0.9487434
0.825155
0.76956004
0.8926471
0.6898768
0.93789566
0.8012747
0.8557816
0.85477173
0.9704244
0.7889012
0.7921008
0.49902916
0.8466207
0.8783097
0.8370557
0.7003217
0.8185424
0.5774331
0.9221943
0.67119694
0.7601589
0.9091893
0.77213675
0.95265615
0.9420277
0.8961555
0.9404816
0.8734909
0.94939613
0.8526057
0.8758685
0.84189576
0.9326663
0.89914346
0.91873825
0.9142494
0.9189169
0.9149236
0.8637381
0.90423226
0.39148366
0.9489979
0.5971733
0.66356313
0.96801627
0.7986339
0.753986
0.7108366
0.9786182
0.84032065
0.7643822
0.83636814
0.8408612
0.8335661
0.8775471
0.892803
0.85883325
0.8213106
0.8792641
0.7248189
0.8842235
0.9454642
0.82139504
0.9700297
0.9618634
0.9318472
0.90530086
0.86336
0.9395721
0.79649055
0.94721943
0.82114744
0.9360372
0.6689387
0.9154135
0.9524085
0.9296406
0.85721457
0.6745512
0.8999618
0.89587355
0.9555133
0.6586977
0.7927709
0.9399476
0.81820613
0.902198
0.8983966
0.83753896
0.794807
0.84841275
0.8584988
0.91968834
0.76114947
0.6541325
0.9418064
0.95609444
0.87420416
0.8731495
0.8327583
0.9569366
0.9548982
0.462972
0.8757661
0.842479
0.803347
0.8049642
0.8525733
0.9241383
0.9214893
0.88354445
0.7588
0.94635177
0.9595001
0.9352343
0.91911626
0.8112481
0.9267478
0.842308
0.922178
0.8228772
0.7743422
0.9561453
0.8901388
0.91979456
0.73831546
0.95105684
0.701402
0.9308608
0.8938322
0.86904496
0.91263074
0.8803954
0.8155337
0.8564863
0.81307364
0.9181405
0.69797796
0.9379381
0.6517521
0.8513732
0.75304455
0.9644114
0.7918076
0.6567663
0.90490687
0.6956138
0.8600187
0.7897553
0.90351397
0.87633127
0.9290946
0.9006834
0.8784342
0.67715275
0.6717403
0.65690315
0.9078555
0.8326995
0.6530911
0.8810243
0.9149932
0.8467719
0.7950554
0.8961168
0.83237696
0.92924535
0.82676715
0.87000406
0.9424876
0.92683697
0.85456634
0.8692149
0.8765332
0.6456805
0.72256076
0.82987505
0.83061796
0.9100794
0.9422911
0.8116569
0.8994358
0.8349706
0.87184644
0.815729
0.7933236
0.9303278
0.7932161
0.94123006
0.970047
0.91119295
0.784632
0.8575378
0.7727327
0.47274107
0.8461516
0.76014054
0.93486047
0.79748756
0.59885263
0.85590273
0.8739721
0.71889055
0.8303229
0.7415801
0.88150835
0.9056935
0.73669577
0.7592348
0.8197992
0.8648284
0.97177833
0.94124
0.8103545
0.8407661
0.92204624
0.860937
0.70387536
0.9437055
0.80971384
0.81060857
0.82697433
0.9048255
0.8383751
0.8659732
0.75027525
0.97450477
0.8232954
0.8416718
0.8918301
0.94984436
0.90207195
0.80157983
0.8674625
0.76204383
0.87062633
0.89477634
0.63369143
0.73809654
0.73658836
0.88236725
0.82167304
0.85218096
0.9630921
0.6895152
0.92705244
0.76718277
0.92254406
0.82518566
0.66536945
0.9792631
0.941135
0.70403844
0.65595937
0.88930416
0.9036593
0.83727074
0.6919083
0.52327514
0.88775706
0.94296986
0.8538276
0.8353531
0.63052577
0.7527316
0.84543043
0.76478916
0.5307435
0.51160294
0.84291804
0.8990045
0.86619073
0.9697213
0.9180498
0.7628349
0.7564086
0.8642948
0.8752903
0.832973
0.787765
0.82304674
0.8186152
0.8189411
0.80168486
0.9654771
0.8556685
0.9040216
0.95077395
0.950297
0.9282678
0.9016496
0.92733467
0.9160712
0.8054919
0.961936
0.91928244
0.94198275
0.8028529
0.8672419
0.7280342
0.80243003
0.93848276
0.7668956
0.9014827
0.9660553
0.8299049
0.8799591
0.8518605
0.7996631
0.8331087
0.5686008
0.7654287
0.79061705
0.9538451
0.9151618
0.8158905
0.92395663
0.85641813
0.8330722
0.9617628
0.87842965
0.8732354
0.9448614
0.66901547
0.92369115
0.73480505
0.9426934
0.917928
0.79498535
0.571303
0.9203672
0.87226075
0.9540515
0.7898727
0.94136506
0.9547018
0.9001972
0.8974427
0.7845117
0.91733366
0.955941
0.864648
0.40813804
0.7561236
0.7783468
0.915184
0.84350085
0.8794818
0.80803645
0.81845164
0.9071221
0.9370026
0.9261004
0.8669466
0.85470957
0.9664864
0.8541146
0.70421505
0.8893925
0.8770894
0.8053672
0.83326465
0.9291267
0.7132166
0.7299319
0.8234879
0.8215479
0.9361609
0.6945133
0.84466
0.9213322
0.91942513
0.9430164
0.77792144
0.8883309
0.88245803
0.9167767
0.93871975
0.86815536
0.66462195
0.87077427
0.9102664
0.84853184
0.8344876
0.8889906
0.9135756
0.8327254
0.7032323
0.97333336
0.8940712
0.92416096
0.9190521
0.88197327
0.7542823
0.6847735
0.9506346
0.8308113
0.77924204
0.889438
0.9376646
0.56645656
0.85827184
0.869923
0.64820796
0.9290281
0.9626319
0.8013839
0.80119383
0.942002
0.86632246
0.7776137
0.83969814
0.6885943
0.5775487
0.8375941
0.92389166
0.80359215
0.8394855
0.91484076
0.9042714
0.7918916
0.70323014
0.8616625
0.63329124
0.8981969
0.8223736
0.8842268
0.91480243
0.74593973
0.87142134
0.61133635
0.56907344
0.85893786
0.7871461
0.77632636
0.92229354
0.9260173
0.94090074
0.89302826
0.8782828
0.9238488
0.8865322
0.9227916
0.8223848
0.7773479
0.8176893
0.96210384
0.8073874
0.87263364
0.80567056
0.8165539
0.74343246
0.94019234
0.8957863
0.93984306
0.63241565
0.801233
0.7348889
0.8062097
0.74685615
0.89401615
0.8399565
0.6884043
0.96811634
0.9371002
0.77943236
0.92856586
0.80905414
0.8769167
0.77544785
0.85493755
0.9688257
0.9429816
0.944365
0.9331752
0.84752417
0.9313991
0.7459666
0.89861923
0.8465344
0.9204003
0.94145024
0.95969206
0.81882524
0.8569177
0.9473846
0.9476569
0.9181757
0.75830734
0.8540589
0.9132612
0.96407986
0.7569947
0.85023844
0.86860937
0.8660063
0.8037806
0.80820453
0.9114713
0.92833596
0.7706132
0.9270947
0.7737251
0.71427345
0.9727998
0.95516086
0.8743255
0.9269495
0.8370888
0.847136
0.7858533
0.727768
0.89003533
0.67602867
0.95452064
0.79898614
0.84936816
0.8139005
0.93120307
0.809468
0.9410083
0.83692205
0.72864336
0.93140566
0.8839573
0.73112035
0.5382905
0.91320455
0.8095566
0.7703157
0.60450464
0.66133666
0.82524186
0.8553022
0.796871
0.79168713
0.9508613
0.86818117
0.8863597
0.8686964
0.88324195
0.6395051
0.8846952
0.7951826
0.85601646
0.75642437
0.89832073
0.8189058
0.92464423
0.84068674
0.90057516
0.81148034
0.9593199
0.87315303
0.8196733
0.9464946
0.7490734
0.87147015
0.9467448
0.8898816
0.8593334
0.8145757
0.6744158
0.9034763
0.85400105
0.72891814
0.9148427
0.9398472
0.94293416
0.6910087
0.90625954
0.79046047
0.93312585
0.85369915
0.8457007
0.7980503
0.8562847
0.9516409
0.93446743
0.8397218
0.92428476
0.7111616
0.9488982
0.6997304
0.88503623
0.88319254
0.8144411
0.81680155
0.83550847
0.8126366
0.94465286
0.64335513
0.9021467
0.9647343
0.9562133
0.74424446
0.7773516
0.75462437
0.8739177
0.8223511
0.8449648
0.93131685
0.93016076
0.91795653
0.7340485
0.8840443
0.79468256
0.8176632
0.94313884
0.9373077
0.6794157
0.6632576
0.8221992
0.90216833
0.91797006
0.7575813
0.8896713
0.7584174
0.9358752
0.8158621
0.8652576
0.90088296
0.96379626
0.8485465
0.4859621
0.76156723
0.9227901
0.7792604
0.9103303
0.87342536
0.97726643
0.8938559
0.88262206
0.7939923
0.75467306
0.8391832
0.89292556
0.8785857
0.8398472
0.6509596
0.6959724
0.82573986
0.8183378
0.71275836
0.88310444
0.89691406
0.8890029
0.867771
0.7004485
0.7508514
0.82709676
0.7335277
0.85858244
0.8697835
0.6767281
0.81451285
0.93682647
0.9173391
0.91922915
0.7011211
0.8707726
0.9083838
0.9298401
0.9040569
0.8991554
0.8701256
0.89475733
0.7372328
0.8089421
0.8710396
0.72675717
0.8709571
0.94412076
0.772379
0.9438135
0.7263828
0.71056545
0.8631988
0.8911045
0.8534929
0.81291246
0.6841931
0.7246791
0.8748951
0.97005135
0.8189298
0.8299544
0.85776913
0.71335584
0.8193351
0.9159447
0.9453145
0.8822398
0.6172203
0.9531745
0.8821459
0.7897903
0.8672212
0.88374335
0.8635485
0.8546369
0.70640606
0.7764065
0.9204708
0.8814834
0.8286403
0.9617425
0.9060547
0.8638891
0.7771686
0.9190446
0.8532407
0.69637734
0.6375239
0.85560286
0.8586188
0.5346042
0.9372774
0.9341651
0.769487
0.4970262
0.7417107
0.9277335
0.6912355
0.80972964
0.85684395
0.7974283
0.8381338
0.7819032
0.8433235
0.7030087
0.77799875
0.6743982
0.93433577
0.96207577
0.8983385
0.8106454
0.88202095
0.85284257
0.83177364
0.9096473
0.7863597
0.87683904
0.8233791
0.83787346
0.7852409
0.7538096
0.7632562
0.9422271
0.89967203
0.93514717
0.9595977
0.94666785
0.8974828
0.85856885
0.86090094
0.9147465
0.8557697
0.84159243
0.6705233
0.93139356
0.86725944
0.48301756
0.8826335
0.9537704
0.6252054
0.8337151
0.9169308
0.89640814
0.79279125
0.8232757
0.7657917
0.85910034
0.9448593
0.83301824
0.86175275
0.79098094
0.9493398
0.8413429
0.7302912
0.76217747
0.8416899
0.87640685
0.95079947
0.8820597
0.8634158
0.9607925
0.8414004
0.93430686
0.8505844
0.7473675
0.86889553
0.7857137
0.7658362
0.6955734
0.80032504
0.8619311
0.77776086
0.90692353
0.8954614
0.8280566
0.6538914
0.7780275
0.7933556
0.6570411
0.837324
0.8927301
0.8245026
0.847195
0.84781677
0.92298746
0.88028216
0.9371875
0.7627559
0.9793271
0.8030398
0.7879679
0.8973005
0.66500694
0.90201086
0.8708618
0.7912985
0.77451754
0.87323284
0.8902949
0.9361133
0.89258236
0.77386284
0.94066197
0.86321735
0.91574496
0.819757
0.8280988
0.92237926
0.64748573
0.70611185
0.47951692
0.9534719
0.69821084
0.9412872
0.8652919
0.9603047
0.92748535
0.83173674
0.7418883
0.8136967
0.7776266
0.80459905
0.8070641
0.8604829
0.89826334
0.9319099
0.9055077
0.597698
0.7927433
0.94501793
0.89933705
0.93791604
0.80244154
0.91883206
0.73456967
0.8224593
0.80659246
0.88558865
0.8348071
0.8678526
0.6609082
0.64538306
0.93930733
0.9241508
0.8383121
0.8959375
0.82912165
0.70648557
0.93431515
0.94699717
0.9116832
0.8293795
0.82639337
0.6544721
0.84956336
0.87121826
0.8815624
0.9517307
0.8724691
0.80198807
0.8686185
0.8053771
0.9478973
0.940558
0.7601705
0.7435161
0.8681934
0.8576507
0.94280756
0.89451915
0.5122388
0.69975346
0.7635224
0.8079296
0.8094609
0.83198035
0.84126043
0.863366
0.8150988
0.9345814
0.82220894
0.8579377
0.89487284
0.8959203
0.7705395
0.7031229
0.9253177
0.88173413
0.8210395
0.94382024
0.98186255
0.35117072
0.7536625
0.91079617
0.82379895
0.88181365
0.94604516
0.6671347
0.88437045
0.7993563
0.9073861
0.87612414
0.95435655
0.77060497
0.94151163
0.94542956
0.719487
0.93634415
0.9677267
0.7870537
0.87726647
0.8310515
0.9028835
0.9024314
0.854959
0.9475661
0.82624507
0.9478001
0.761765
0.68425566
0.63893354
0.92391276
0.9536321
0.81551796
0.6361349
0.6867584
0.8787824
0.9764552
0.80027544
0.9093801
0.954374
0.8376737
0.9222101
0.88571924
0.82977265
0.9453078
0.8003664
0.94327086
0.7978786
0.8964617
0.7393744
0.9077571
0.8908612
0.9549503
0.9471241
0.8980586
0.8821419
0.94654655
0.6727966
0.88937634
0.7986314
0.78816974
0.88987416
0.87710744
0.87894934
0.91890717
0.80068505
0.9021189
0.8873018
0.9282275
0.8286691
0.9758579
0.9154422
0.8585803
0.7636006
0.77629375
0.5982312
0.79891115
0.96195906
0.67530745
0.94636214
0.77116454
0.83465165
0.9373463
0.66135776
0.9044039
0.80944425
0.94959
0.878179
0.9381123
0.8740161
0.9230315
0.80584973
0.726774
0.7620375
0.8028052
0.9452211
0.7843327
0.69509184
0.9173384
0.92933476
0.7871229
0.8174666
0.8966764
0.86455625
0.9340119
0.90783715
0.8166015
0.850601
0.58119345
0.9729448
0.94868785
0.6379715
0.69431055
0.8549887
0.75992227
0.82365847
0.9269041
0.9414337
0.7085512
0.80649394
0.77358866
0.85072285
0.7550605
0.96120566
0.8619057
0.6489269
0.89759403
0.8118794
0.8658891
0.9699535
0.8120413
0.9631736
0.7772862
0.7176841
0.8806238
0.6657609
0.938732
0.64907676
0.8049003
0.9578771
0.86835706
0.73452455
0.76017475
0.8241837
0.9332366
0.7695135
0.9157397
0.88501537
0.7862737
0.9769393
0.8899387
0.87814605
0.9285146
0.7517842
0.89924806
0.8098729
0.9076766
0.87681365
0.90265083
0.95134246
0.953666
0.8134025
0.8671368
0.8906227
0.76743543
0.9042417
0.90936196
0.7528442
0.6918091
0.79628134
0.6958061
0.8176999
0.8586159
0.81399864
0.71357405
0.88020647
0.8800552
0.90631044
0.8166329
0.8168839
0.78120613
0.8932687
0.74475276
0.8746892
0.92396235
0.8140333
0.91087145
0.79544306
0.9086384
0.9538619
0.52088207
0.68838084
0.63290036
0.83607876
0.7352223
0.9641911
0.8526056
0.8415581
0.9405372
0.92851424
0.6080126
0.8115011
0.89504355
0.891711
0.9056654
0.7672376
0.82370657
0.88351613
0.7452966
0.7830708
0.942111
0.76187867
0.79389364
0.9448059
0.7174638
0.82354486
0.79278105
0.75468993
0.78543276
0.7856347
0.8548658
0.93859047
0.8609944
0.7269664
0.8383852
0.8629666
0.68329984
0.84651697
0.7407396
0.8356761
0.89030707
0.8230275
0.8177855
0.61166483
0.94121873
0.9369346
0.8590251
0.85632336
0.82411975
0.9326968
0.84214437
0.9317241
0.8616961
0.82772934
0.9236081
0.852103
0.81550366
0.8833852
0.8440025
0.90032077
0.6335424
0.6357287
0.9547508
0.9090533
0.9184086
0.8840433
0.745564
0.6587244
0.920158
0.8759334
0.89941746
0.8674302
0.5645219
0.95696265
0.8694891
0.65274227
0.8576808
0.887951
0.82761985
0.93189126
0.80400836
0.7009397
0.9449089
0.9613832
0.92170024
0.8866052
0.8573462
0.67822695
0.9237454
0.90418
0.9152429
0.8894138
0.92783785
0.9748628
0.895526
0.917472
0.8778405
0.9376079
0.7822386
0.96690977
0.8046175
0.9658189
0.5205838
0.67742246
0.8554939
0.62757266
0.71548134
0.85816544
0.6921773
0.6395788
0.9434265
0.6639585
0.8064466
0.9006225
0.8399145
0.95971453
0.81983066
0.7378234
0.8979641
0.88930863
0.6947161
0.8003223
0.93929255
0.9382089
0.7418617
0.7510252
0.835989
0.91009283
0.8230484
0.72382873
0.9212112
0.6645102
0.9621217
0.97167236
0.942714
0.61116815
0.83826655
0.9336411
0.8130536
0.84268576
0.9237391
0.7255953
0.6172607
0.58359534
0.8012284
0.9044804
0.7301686
0.7407021
0.88241225
0.55758786
0.814477
0.8514899
0.8742785
0.9145908
0.8601926
0.8326609
0.85329133
0.77459615
0.9060713
0.777896
0.839191
0.634924
0.83544993
0.8139693
0.4945566
0.826456
0.8254609
0.8812476
0.84304196
0.5255935
0.8513195
0.96806514
0.81579643
0.78395444
0.82254934
0.77676296
0.8835581
0.9328701
0.87330496
0.71030474
0.8341647
0.9129814
0.77087843
0.9573244
0.7133914
0.8477893
0.89541984
0.7743391
0.95032704
0.8748285
0.78710765
0.9394159
0.90220267
0.7657291
0.63889724
0.8431353
0.89046735
0.8686039
0.8842386
0.8615287
0.8635424
0.84104276
0.8619022
0.8632406
0.76520634
0.80660605
0.85185575
0.6548965
0.8792613
0.92424244
0.85601014
0.9074987
0.71075606
0.7238866
0.8842531
0.8462032
0.4499664
0.78251886
0.77646464
0.90161556
0.8979606
0.8170818
0.89800847
0.9066902
0.9634034
0.7098617
0.8873694
0.9257394
0.9518518
0.7797906
0.9191172
0.8597529
0.76133114
0.8559123
0.92074
0.89385104
0.85616374
0.82993925
0.8760742
0.7080023
0.91812533
0.94036627
0.78882706
0.7424257
0.7151994
0.902788
0.7951276
0.71895164
0.7461096
0.8252271
0.6658569
0.7279677
0.56960243
0.6803899
0.94146335
0.94502926
0.9316115
0.83573717
0.7590206
0.86260575
0.78800774
0.66976297
0.917363
0.8750683
0.58134055
0.8540703
0.6478848
0.7128162
0.7846939
0.90282357
0.90713924
0.81690395
0.92026997
0.9477993
0.81338924
0.87641966
0.92298794
0.80101234
0.9303807
0.9706372
0.7501652
0.7812132
0.9367112
0.95052457
0.7781706
0.77136576
0.90400374
0.7058849
0.8804842
0.9598445
0.876316
0.75534606
0.90196157
0.7706061
0.85814786
0.8157116
0.9681659
0.58763397
0.8501198
0.6455248
0.87346905
0.6835047
0.86419725
0.9712509
0.86813486
0.4788308
0.73025876
0.7995579
0.85016453
0.8690457
0.68000674
0.71174645
0.73898166
0.85479176
0.92581904
0.8353974
0.78446966
0.91615623
0.7210921
0.75026727
0.9567152
0.8897513
0.9009438
0.6641681
0.88156927
0.92179805
0.89950275
0.9049418
0.802376
0.9129855
0.88049346
0.8530493
0.7813849
0.9020983
0.94990635
0.8718356
0.6889161
0.85366064
0.89366186
0.8551278
0.6342843
0.9267802
0.7710779
0.8382354
0.8655777
0.9676724
0.85221875
0.8958671
0.84316313
0.67257607
0.7496582
0.77297187
0.6712877
0.7397717
0.8475848
0.72966737
0.8129161
0.77190363
0.93246555
0.76944697
0.8784607
0.9365692
0.6464622
0.8645823
0.9219364
0.61873025
0.8309821
0.83794624
0.8081377
0.8399971
0.80215305
0.8664571
0.83308405
0.8688493
0.7067493
0.5075495
0.8825695
0.9853163
0.9787023
0.86451745
0.9347476
0.9167289
0.8113628
0.78339344
0.83693653
0.9337735
0.8415468
0.964407
0.93044794
0.7963296
0.64430237
0.69267964
0.9444375
0.7206127
0.9496839
0.8602004
0.8210118
0.9193851
0.7633506
0.8653822
0.95051175
0.9196696
0.88589644
0.9274253
0.8696553
0.77275145
0.8545134
0.8902765
0.8033509
0.89046144
0.7943118
0.6037219
0.9236454
0.86694705
0.90055805
0.95360094
0.940105
0.8609639
0.95684874
0.8971679
0.94637275
0.809424
0.8707053
0.8793759
0.8750675
0.9267515
0.7806591
0.70719045
0.94155174
0.77949274
0.92169034
0.8433745
0.86625355
0.7019573
0.7876425
0.9468248
0.8742137
0.951671
0.8149297
0.9081148
0.9400124
0.91810817
0.66193324
0.91012836
0.89167535
0.9499552
0.81479436
0.76744986
0.74055135
0.6178132
0.9573028
0.622398
0.95611936
0.8571323
0.8334153
0.81324357
0.75121313
0.79825026
0.8257841
0.95436966
0.9593848
0.81887627
0.84283906
0.89991236
0.87622017
0.8989583
0.91410017
0.92313784
0.9350406
0.97404057
0.9103782
0.8921179
0.664724
0.9660298
0.84960985
0.63639456
0.87117386
0.9591505
0.7280221
0.7521774
0.9600369
0.9601925
0.8395606
0.8209723
0.8796397
0.7564808
0.8764644
0.8752966
0.9641454
0.971068
0.69007957
0.9639765
0.87833136
0.77253765
0.97969836
0.758876
0.8929189
0.8204463
0.8754171
0.86356497
0.7189702
0.86293024
0.71144724
0.94336474
0.9394642
0.7811524
0.8303998
0.8215513
0.78995395
0.6937819
0.8723735
0.88635695
0.8790482
0.666768
0.865726
0.77072555
0.8536086
0.9403214
0.9686227
0.8327125
0.7872149
0.9681423
0.8538571
0.79113704
0.5827479
0.8195598
0.87545675
0.7483541
0.81108284
0.71568584
0.86622864
0.7753748
0.8329044
0.91155225
0.72228897
0.8961003
0.5690026
0.6473942
0.89793795
0.96669614
0.5858963
0.86135197
0.77636653
0.9146927
0.5789498
0.944498
0.79963815
0.8206148
0.90202874
0.94284326
0.85631156
0.9572588
0.8712959
0.7527067
0.837257
0.7325532
0.9504915
0.38692725
0.8386084
0.77419186
0.78341585
0.5527121
0.7059146
0.8979123
0.9183624
0.8477256
0.8753468
0.8474891
0.7191499
0.6443405
0.91010684
0.5810896
0.90110433
0.76925474
0.80064595
0.8320892
0.80011237
0.9537931
0.83995354
0.93458235
0.91145945
0.91986066
0.85588187
0.8241949
0.8829686
0.8900858
0.92335576
0.78552926
0.91975147
0.7390507
0.64346796
0.5838955
0.91795903
0.8336674
0.9299197
0.8525164
0.64204335
0.9627123
0.6975073
0.7033754
0.9504879
0.97025245
0.8173626
0.8982063
0.8513684
0.8972604
0.89016414
0.83907324
0.94681
0.773927
0.9261886
0.6371125
0.82873076
0.92097205
0.9289958
0.8678009
0.75896657
0.819318
0.8635011
0.8153764
0.90569216
0.8918815
0.9720011
0.8155813
0.82491463
0.78506595
0.6813892
0.9842141
0.9337147
0.9418791
0.958796
0.7428384
0.94995034
0.9037768
0.856916
0.92636037
0.92800236
0.89889777
0.84254086
0.7824684
0.8695649
0.79573876
0.9080967
0.8139746
0.9332496
0.5861017
0.91176057
0.9222792
0.9234648
0.9261441
0.8602736
0.9608814
0.91279304
0.73519075
0.89598817
0.8918524
0.9043252
0.9158304
0.84815425
0.9629382
0.9258294
0.9339457
0.96281505
0.8208723
0.9375767
0.74127424
0.87820673
0.7946626
0.8097803
0.8852222
0.94873756
0.81782347
0.7935184
0.76967025
0.84106916
0.80360156
0.8122216
0.8940419
0.9112332
0.8099505
0.9522529
0.9396242
0.85668087
0.8827193
0.8130141
0.95926744
0.8753297
0.8158175
0.9305506
0.60776955
0.9171291
0.88835084
0.86676013
0.7979296
0.8997728
0.88806176
0.82860994
0.93471813
0.8482538
0.87686765
0.90773517
0.6619221
0.9274759
0.9102714
0.9125972
0.8513513
0.98156464
0.7226632
0.9568981
0.8115857
0.7265162
0.8499766
0.88198596
0.8360488
0.6617266
0.72592705
0.9351566
0.32796493
0.9378858
0.94519335
0.7835981
0.8192574
0.9108878
0.9714674
0.90603435
0.82477444
0.91247773
0.728787
0.9187982
0.8759272
0.878592
0.97176486
0.76076436
0.8438005
0.81038135
0.9338322
0.8690897
0.6766322
0.9152318
0.779703
0.7281933
0.90685534
0.7636408
0.6944494
0.679888
0.73934305
0.91613483
0.74432033
0.7831
0.69394404
0.7809651
0.7926864
0.8048304
0.9206113
0.8808838
0.5216253
0.68953955
0.8461394
0.90434587
0.7666337
0.9493782
0.69919896
0.81741303
0.882655
0.8679527
0.959343
0.73822165
0.91408646
0.7891189
0.66611177
0.9101602
0.91024077
0.90705407
0.7038887
0.8373025
0.81859535
0.7201609
0.98137265
0.8685848
0.90352106
0.864304
0.9392078
0.8870945
0.9798125
0.8981521
0.91539294
0.8563526
0.84174526
0.83198524
0.80295295
0.86241794
0.7355217
0.9004794
0.8322265
0.9149199
0.76001346
0.845591
0.8363538
0.8709523
0.8810687
0.9580766
0.9483594
0.86316496
0.62930393
0.83632195
0.8875823
0.85392296
0.76353455
0.906168
0.91744417
0.97429127
0.85848725
0.6754634
0.924082
0.861237
0.70783526
0.6642916
0.89510244
0.78024393
0.81737816
0.92997694
0.76579374
0.9437422
0.87461156
0.96611094
0.922902
0.84417456
0.8448372
0.7936908
0.653015
0.6415663
0.7638565
0.9374708
0.89409095
0.8173812
0.94264597
0.9313228
0.87923735
0.7837887
0.81696975
0.8506379
0.7508956
0.35039085
0.69885653
0.78660786
0.8622105
0.65124
0.9269992
0.7537123
0.85583
0.70684206
0.8227983
0.9287103
0.90104264
0.942057
0.84359974
0.7442672
0.9690008
0.91028357
0.88946223
0.9178444
0.6006043
0.80745065
0.8734128
0.7698449
0.95224893
0.92864704
0.9055989
0.8011056
0.9811217
0.66219914
0.7669715
0.875882
0.8934865
0.8912183
0.76288706
0.9361462
0.9276781
0.83579606
0.93687403
0.8598697
0.8593786
0.78298914
0.71655166
0.9056748
0.9594302
0.89494777
0.9345341
0.90043926
0.7773727
0.7905511
0.8449614
0.8363251
0.88592744
0.7999275
0.90708995
0.8938769
0.9597153
0.91692626
0.6735809
0.95852906
0.9376385
0.9478952
0.85495704
0.8120196
0.7959232
0.9374168
0.8719005
0.95182306
0.82950485
0.83214855
0.805107
0.9853765
0.7579073
0.5386284
0.75128275
0.70319724
0.75053173
0.79334426
0.8253634
0.9482278
0.9058292
0.84502774
0.6203257
0.7416172
0.84358555
0.8260044
0.9516257
0.97177136
0.8298302
0.9022914
0.83320105
0.9470639
0.7678318
0.8032328
0.84092975
0.92693657
0.5896834
0.9154606
0.6568995
0.91770375
0.9696536
0.7442725
0.8256551
0.8873982
0.97450113
0.6239132
0.51623815
0.7698437
0.7507887
0.698893
0.7667338
0.7408309
0.34216338
0.93882203
0.73237795
0.91081035
0.84508103
0.8776498
0.9305776
0.83342385
0.89341205
0.8864388
0.9009031
0.8522707
0.9334214
0.91944927
0.94040936
0.9273751
0.842063
0.7976683
0.9545789
0.88545346
0.9125745
0.83612025
0.9042402
0.7158953
0.92515874
0.61183864
0.7616534
0.7367996
0.94018966
0.66725826
0.88106436
0.83022624
0.72231424
0.8821327
0.91261023
0.9235873
0.98038894
0.9281562
0.84618294
0.8645414
0.9318158
0.8540387
0.6408402
0.94153875
0.90342015
0.8052764
0.7628411
0.96206105
0.7998284
0.91741616
0.8063654
0.9347365
0.7834256
0.9558811
0.9309865
0.8572203
0.69023526
0.88874066
0.8908131
0.89899033
0.7640269
0.74809813
0.8374287
0.7449515
0.8818867
0.9170018
0.81647724
0.8638712
0.7152149
0.97602326
0.798095
0.85120004
0.6523493
0.8731874
0.6590942
0.835201
0.7246805
0.9074966
0.8667067
0.8740182
0.9106761
0.6859109
0.72039425
0.8713114
0.8623938
0.8828207
0.9055708
0.9458256
0.8857821
0.8437778
0.7865514
0.83923596
0.62562823
0.9273094
0.907665
0.82065415
0.9509191
0.8062646
0.89261574
0.7761649
0.8147867
0.90413386
0.7284332
0.9433126
0.70179135
0.9309824
0.7207198
0.80389005
0.9366133
0.934746
0.8809587
0.8207189
0.9448643
0.9223964
0.92803097
0.95120585
0.98817897
0.8953467
0.82443845
0.8188583
0.87742126
0.87800133
0.9219849
0.72124034
0.4227702
0.91243964
0.88130426
0.9099857
0.57504874
0.9307972
0.5348092
0.8034946
0.9359726
0.9180567
0.83719075
0.85285276
0.7225316
0.9001221
0.87270427
0.9354688
0.95622516
0.7824581
0.65221196
0.89307344
0.8797288
0.9058748
0.7273844
0.8326426
0.7739098
0.88082284
0.7866244
0.7372463
0.87352663
0.8989441
0.8205647
0.9230412
0.7629472
0.8228334
0.95151913
0.8516205
0.8909203
0.9142285
0.9634881
0.717845
0.95168185
0.8501722
0.636302
0.74820065
0.6267875
0.7453067
0.79089046
0.84495807
0.94793713
0.96134466
0.90192175
0.7897171
0.9184046
0.8836462
0.70864654
0.7531377
0.75182223
0.8824092
0.8709718
0.85659
0.8775655
0.897031
0.80514455
0.87030977
0.92627233
0.7512587
0.89123905
0.90446985
0.77389824
0.88983715
0.78364116
0.9396614
0.93778723
0.6691948
0.8153629
0.8840188
0.7850163
0.5816016
0.67902476
0.8934232
0.7408086
0.6238497
0.95384085
0.81731373
0.7870923
0.78255427
0.5383763
0.8730924
0.8394989
0.7099501
0.92339385
0.9671643
0.8374584
0.90104264
0.8831963
0.93272185
0.7986971
0.9043348
0.78550625
0.83238006
0.85529363
0.9153274
0.8800267
0.7555307
0.83316994
0.8468219
0.8039652
0.93674856
0.8933033
0.8677217
0.9028353
0.8708997
0.9439466
0.87418103
0.9178744
0.93206567
0.47919792
0.7993533
0.93459904
0.8912427
0.91213846
0.8095759
0.84247255
0.7698685
0.94999355
0.9123315
0.927525
0.85178393
0.8848093
0.95303255
0.8408585
0.76023346
0.8084948
0.82813615
0.9074477
0.4931264
0.8124656
0.93422115
0.9550376
0.9460774
0.94917744
0.7603629
0.92496777
0.82177246
0.9558692
0.6528556
0.80446434
0.70062923
0.86477476
0.8514662
0.862579
0.9218155
0.91357887
0.9203387
0.8966865
0.9130399
0.9293717
0.68773055
0.9630325
0.8597665
0.63503814
0.94744354
0.8402997
0.81597996
0.65933216
0.8177054
0.89262
0.81382436
0.76299655
0.89104444
0.7608932
0.92793405
0.8627359
0.8549863
0.5754589
0.83065295
0.7259723
0.93656325
0.9186969
0.89429677
0.5982817
0.84677845
0.745985
0.75501925
0.8708528
0.9249433
0.9128511
0.8928969
0.7336742
0.93148345
0.85082114
0.79080003
0.9262935
0.8652517
0.97339207
0.9002232
0.5939769
0.85015094
0.945001
0.7797876
0.96516025
0.9339738
0.7140689
0.9360408
0.8781876
0.86527836
0.8929965
0.8612681
0.7159145
0.7636321
0.92497474
0.753253
0.8738426
0.89404225
0.907869
0.7816495
0.85631394
0.86961126
0.7015492
0.9082047
0.9707785
0.8537836
0.6970329
0.8757427
0.891019
0.61485314
0.9550764
0.96427876
0.9669789
0.8274553
0.8011143
0.8443913
0.7313961
0.65902126
0.90806085
0.8358581
0.7611415
0.95788246
0.8735623
0.9396821
0.78912383
0.9405613
0.92118204
0.7501445
0.803072
0.71996415
0.8621337
0.9431646
0.766402
0.8223328
0.89410305
0.8789743
0.8788174
0.93158835
0.9055102
0.79346204
0.74700034
0.75354713
0.63810027
0.8459703
0.5908104
0.6755359
0.789243
0.9031538
0.6178163
0.78969425
0.85854214
0.8719714
0.9109219
0.80554855
0.95021737
0.89042383
0.88658035
0.94306743
0.8131573
0.8631102
0.8288392
0.84973717
0.41950706
0.9023328
0.86815155
0.9207003
0.9139083
0.73130065
0.8758966
0.9199236
0.924879
0.747772
0.866927
0.8070191
0.95478207
0.94038576
0.84553707
0.91349494
0.84998906
0.6729847
0.8483835
0.75755954
0.85259557
0.8812849
0.76171166
0.88831705
0.5893343
0.8491825
0.89597195
0.8700833
0.97756445
0.91463673
0.93995523
0.73692554
0.85310423
0.9101756
0.7669126
0.95469874
0.8263914
0.9023273
0.7950226
0.63041484
0.9106097
0.86157006
0.92364657
0.8359905
0.95144683
0.65119183
0.8612555
0.79153204
0.61062413
0.85662884
0.7065709
0.8311716
0.80834305
0.6161429
0.89295197
0.88832206
0.81273615
0.78774303
0.79145837
0.940468
0.63201994
0.941303
0.8915459
0.8940511
0.8251857
0.74159926
0.85560775
0.8618646
0.8043801
0.67577285
0.91812265
0.82889634
0.7097869
0.7872436
0.9099848
0.78929853
0.7999518
0.92572963
0.8657867
0.8759815
0.8599207
0.8536
0.79140866
0.79633224
0.8701786
0.85732186
0.8303169
0.8675743
0.92827666
0.7674442
0.7238678
0.96399796
0.59563565
0.791286
0.8917362
0.9338366
0.9060533
0.9065987
0.786819
0.7874508
0.7713462
0.79283863
0.8673229
0.8971767
0.7319897
0.6702297
0.83913606
0.9124187
0.7794018
0.67117554
0.8778659
0.7622402
0.7864502
0.8371545
0.9398308
0.88246274
0.88421977
0.8208387
0.8465882
0.85255027
0.68715584
0.9117095
0.6491564
0.8532977
0.878442
0.7333917
0.96235424
0.7665764
0.79564553
0.79369205
0.8227244
0.8883925
0.90046906
0.91456723
0.8246809
0.85533786
0.8935056
0.787593
0.584263
0.80792564
0.8229884
0.83683616
0.84078944
0.8336638
0.91461134
0.91922283
0.8543724
0.93110037
0.79649395
0.82358134
0.9446776
0.9486199
0.77580166
0.8335898
0.6541698
0.7942333
0.8846338
0.9594641
0.9292929
0.88736725
0.87259233
0.85529745
0.6817369
0.84322333
0.2810718
0.8781791
0.9248881
0.8961905
0.9458469
0.7817155
0.79508865
0.9513696
0.942909
0.9016696
0.9220636
0.8789029
0.7513509
0.9707525
0.8626813
0.53716046
0.78356564
0.876308
0.9184193
0.9015527
0.8344891
0.8070515
0.9588851
0.7555765
0.7915715
0.9390751
0.7369852
0.6806963
0.87742996
0.848862
0.8770421
0.7844385
0.8032212
0.9371436
0.9699967
0.8153126
0.9347067
0.91333926
0.96987796
0.8569948
0.883503
0.94151115
0.73755646
0.78681636
0.50700283
0.86030674
0.7086194
0.86733365
0.8484771
0.40204984
0.83392143
0.80522954
0.7082125
0.8530787
0.751773
0.95705247
0.8935901
0.84467345
0.8076116
0.80561125
0.6454104
0.85241854
0.8445488
0.8441363
0.640144
0.9361035
0.8437789
0.9275664
0.8571085
0.64860356
0.48833242
0.7854539
0.88233626
0.9652648
0.91610503
0.9116918
0.9045762
0.9688464
0.86543626
0.7683543
0.8443849
0.90785015
0.92832434
0.8349645
0.7736592
0.80201733
0.8213775
0.6509308
0.9598026
0.93164444
0.8751437
0.7835213
0.573301
0.8753079
0.8010457
0.9177667
0.80228925
0.89132345
0.8303398
0.82459646
0.79982513
0.46077052
0.83555526
0.81838614
0.9127712
0.8539799
0.9148635
0.9104958
0.6927325
0.7844531
0.9655366
0.86816895
0.7793167
0.9486524
0.88968503
0.85795283
0.6221888
0.7346632
0.9077229
0.74433726
0.8809962
0.82616246
0.8437396
0.7913297
0.93319803
0.84798574
0.8285591
0.9501699
0.90695643
0.72704095
0.7480068
0.9620793
0.94704825
0.84588265
0.77676684
0.9037285
0.9428408
0.8929211
0.82047796
0.95884335
0.88050425
0.8512927
0.90103346
0.9343808
0.8409141
0.8501075
0.6946793
0.80297226
0.80748063
0.9045537
0.7782663
0.83501893
0.87439054
0.86500704
0.6855731
0.8363181
0.89945745
0.78483516
0.83902097
0.9002742
0.8684715
0.9154318
0.86530787
0.88632786
0.94417673
0.8335909
0.8594965
0.9022756
0.84244967
0.8691691
0.9600489
0.91635215
0.7736374
0.8148467
0.8269354
0.6292296
0.8038442
0.89014447
0.8742349
0.8860097
0.87541956
0.8881737
0.86508924
0.7757368
0.9375806
0.8541242
0.87457144
0.782377
0.79360676
0.7386835
0.45746896
0.8491347
0.7450759
0.7130406
0.8983121
0.8870058
0.914876
0.8542665
0.9116913
0.8433134
0.7456438
0.87236214
0.8914135
0.85041
0.93400645
0.9759154
0.96643245
0.95423937
0.9240833
0.8991771
0.918131
0.9014515
0.8286642
0.86127603
0.8809311
0.4924394
0.91489
0.9308922
0.773735
0.8628637
0.909874
0.9458454
0.84432817
0.78903735
0.9887227
0.60695064
0.42894942
0.9301541
0.96821594
0.8430796
0.58198607
0.8942851
0.8155787
0.92136693
0.7934072
0.93922734
0.90152913
0.82924086
0.7890259
0.9019382
0.87664104
0.8568451
0.804119
0.8515831
0.8313977
0.9201729
0.7937765
0.84651107
0.6508934
0.9248649
0.7885684
0.90057003
0.72804046
0.8504695
0.86377215
0.8256074
0.8306721
0.82567006
0.797616
0.9408994
0.6862912
0.54558253
0.747258
0.93021756
0.8987837
0.8579867
0.97930884
0.9067434
0.783538
0.71098053
0.79241014
0.80393606
0.7853555
0.86975855
0.8985256
0.9073148
0.67912704
0.8596327
0.84728694
0.95287323
0.9259292
0.7140571
0.92569584
0.9339776
0.78505135
0.84466577
0.85504484
0.9424815
0.89367867
0.7237109
0.7551036
0.9172333
0.80587083
0.92417836
0.9026943
0.8255308
0.93844724
0.9160603
0.91334283
0.9229731
0.9190764
0.9152777
0.95986396
0.9182959
0.779035
0.88874996
0.722806
0.6757519
0.93928945
0.93020123
0.8137109
0.9331141
0.8203863
0.9099808
0.7706834
0.64319754
0.93188506
0.7966626
0.9184129
0.80026025
0.950863
0.8780266
0.954631
0.7050139
0.75157833
0.9485514
0.4501992
0.90772974
0.9203268
0.9037354
0.83297956
0.85546863
0.538388
0.61385643
0.9540256
0.8525734
0.91505456
0.8900884
0.6755485
0.87209404
0.8335787
0.8788419
0.7025942
0.88994837
0.8844816
0.81683344
0.88380635
0.8331182
0.8152938
0.71757257
0.92444587
0.65151864
0.8321129
0.80015314
0.72362304
0.93897843
0.9386978
0.9109575
0.97101736
0.8061844
0.8198302
0.64918345
0.91071415
0.8414686
0.73545355
0.90471256
0.8507771
0.7512515
0.8222956
0.87180924
0.7280604
0.8104808
0.843168
0.882752
0.9419057
0.9114636
0.7979238
0.8253415
0.95070755
0.89752704
0.7741202
0.94968563
0.93213826
0.72705024
0.78923005
0.91148967
0.81073284
0.8332846
0.7094952
0.6946471
0.7711468
0.85238016
0.6629032
0.9699395
0.77494824
0.84680474
0.7086375
0.9210536
0.8769886
0.95020753
0.87474394
0.68093413
0.8503684
0.9204732
0.7876211
0.9344567
0.8419021
0.8932686
0.6547915
0.9587269
0.92182046
0.94504476
0.67647105
0.86175686
0.97748685
0.818847
0.83663803
0.7163349
0.9149082
0.89121485
0.82541525
0.8307359
0.66265184
0.82392037
0.9327868
0.87965685
0.8852512
0.9094927
0.93897426
0.9661977
0.9721092
0.88388586
0.9014404
0.88186246
0.8265433
0.95367527
0.87680525
0.9539921
0.9527713
0.6866995
0.8456171
0.7607876
0.88016456
0.91675127
0.8777187
0.92458135
0.92052275
0.88069016
0.85576093
0.8041344
0.7070276
0.8619451
0.95928305
0.9591604
0.85160255
0.857541
0.83963966
0.9507961
0.89679456
0.9488888
0.863369
0.90994984
0.8873251
0.857299
0.87620485
0.8120959
0.87501115
0.958313
0.9147407
0.7853578
0.88706976
0.7530425
0.921645
0.6816155
0.4611588
0.87923634
0.9527749
0.957603
0.9109948
0.9132973
0.80408883
0.7803449
0.97834635
0.77718794
0.6730182
0.93038327
0.8943627
0.820589
0.64413553
0.67704237
0.67053896
0.97232854
0.7794258
0.9319817
0.8742149
0.5875303
0.96616566
0.8976719
0.9028812
0.6590608
0.9508856
0.8385527
0.96911985
0.799458
0.74070525
0.4404158
0.887459
0.72906655
0.91318417
0.7001515
0.8244399
0.86655104
0.80890226
0.83687127
0.9055513
0.6989732
0.9302917
0.90940595
0.9278604
0.94499916
0.8707849
0.96704334
0.66598535
0.8974552
0.92683464
0.6705779
0.8878181
0.8700025
0.82076037
0.88122815
0.90822864
0.76576
0.76743335
0.6680197
0.8746361
0.77950954
0.9525639
0.8420167
0.94052577
0.9157371
0.8706012
0.8528446
0.8158079
0.88368744
0.67179245
0.8864627
0.8676095
0.9303128
0.749612
0.75754476
0.8823315
0.8485723
0.7326083
0.7847195
0.82670903
0.83962715
0.95242155
0.90125626
0.9395322
0.642046
0.69385016
0.72449446
0.89157534
0.92533094
0.89370966
0.66347855
0.95925105
0.89343345
0.9004452
0.70612144
0.7988088
0.9576954
0.7700324
0.92722285
0.7427215
0.841058
0.9070852
0.9399532
0.76721674
0.83452743
0.7802908
0.6101025
0.90413654
0.94399077
0.90316474
0.87000704
0.8497713
0.91000295
0.9148154
0.57984436
0.69238013
0.8495599
0.7523792
0.8305826
0.9572243
0.57320404
0.9265949
0.71619487
0.62593514
0.92126524
0.8665928
0.92081624
0.6694486
0.9188619
0.76214045
0.9593384
0.9290021
0.8551249
0.78467834
0.8147676
0.8976653
0.79808986
0.85897815
0.940314
0.8924767
0.92712325
0.8030841
0.931961
0.8682543
0.88171566
0.78120893
0.9525871
0.89211214
0.86728454
0.85523957
0.9616382
0.9800619
0.8593989
0.47879666
0.8189975
0.8417824
0.97257376
0.6558762
0.8025761
0.74681103
0.8561959
0.86648
0.8053732
0.9065095
0.89311004
0.9080391
0.56262255
0.98127246
0.73150146
0.8275145
0.95577264
0.77216667
0.8902217
0.962556
0.9096138
0.77900827
0.91777253
0.8201924
0.8024338
0.8632942
0.8891833
0.86507636
0.81852305
0.5350305
0.79858273
0.9177687
0.8032275
0.85817015
0.9118071
0.9302031
0.812287
0.7808132
0.78961205
0.6802867
0.82124364
0.7928997
0.91518515
0.87319344
0.9235281
0.5960278
0.91743827
0.87487036
0.62392515
0.9609263
0.7888754
0.67571723
0.8767334
0.77774954
0.8923018
0.8192819
0.9543915
0.9166198
0.8242879
0.8499695
0.8404121
0.9173665
0.912914
0.90433073
0.954967
0.9424106
0.8508039
0.8043454
0.88305926
0.85610425
0.88608795
0.74170065
0.82449603
0.6251907
0.8966452
0.9118006
0.86741537
0.72266287
0.9665568
0.92760867
0.85519904
0.92752147
0.8471383
0.81644857
0.9382099
0.65554416
0.86886626
0.74042535
0.8063058
0.9586379
0.9124057
0.9484185
0.6215099
0.9511948
0.8819251
0.73407745
0.9363227
0.8875152
0.8589324
0.8790537
0.89901793
0.80256784
0.9527863
0.9252
0.84116495
0.8679325
0.8648201
0.5828435
0.74786246
0.97175306
0.7059368
0.93803614
0.9753861
0.9088119
0.85967886
0.94257987
0.9075428
0.8330378
0.8339755
0.76470304
0.8481477
0.8514039
0.8467081
0.8372332
0.7791044
0.9122241
0.8828953
0.79692304
0.7880751
0.6796318
0.8278635
0.72434115
0.9716558
0.77039135
0.900768
0.8337572
0.80544686
0.70814323
0.74124694
0.6695704
0.38745758
0.7619832
0.80891144
0.8099334
0.8030842
0.81715953
0.77265704
0.77375555
0.5323644
0.6436547
0.7086008
0.90861213
0.8059798
0.8610959
0.9124329
0.8611761
0.82361364
0.7203883
0.84691846
0.7051924
0.95321643
0.8541541
0.92512983
0.551186
0.8227944
0.80683476
0.95651996
0.88332355
0.63631535
0.915539
0.94685763
0.8729183
0.86883503
0.88126427
0.83238345
0.930758
0.8884445
0.7694963
0.8921182
0.82522285
0.8091352
0.90964156
0.8984711
0.73615485
0.83060503
0.79650974
0.90479827
0.8494337
0.6004741
0.9395446
0.7842668
0.9368628
0.9639077
0.87843627
0.90724546
0.86140895
0.8553794
0.7512973
0.8139487
0.8268858
0.9228123
0.67668617
0.83112633
0.80579126
0.86935663
0.90235895
0.80858785
0.7109058
0.9061686
0.8324789
0.80135727
0.89969003
0.86483085
0.8516774
0.84450567
0.94016254
0.80425376
0.89546585
0.88985056
0.88378805
0.7393734
0.9602918
0.853604
0.95994824
0.96452403
0.7544334
0.69511014
0.72656006
0.8856352
0.8767378
0.8402432
0.9110017
0.89979804
0.9769968
0.8274149
0.7447471
0.79245204
0.7259065
0.76787657
0.8865184
0.92380345
0.52394545
0.81608635
0.88930035
0.8345474
0.8690796
0.74122274
0.6485292
0.9029931
0.69643414
0.8847771
0.668774
0.7573323
0.721213
0.84231913
0.59975076
0.6224632
0.7553107
0.68625844
0.8376841
0.8712424
0.76101136
0.9629563
0.9360193
0.9466671
0.92263114
0.7168291
0.5938946
0.88897574
0.49435842
0.9385692
0.8679118
0.82499623
0.72517896
0.89913356
0.7949529
0.9070666
0.6890448
0.9417752
0.7446989
0.9418721
0.9673457
0.7817801
0.6971433
0.8328487
0.79053277
0.8683488
0.9535843
0.84434825
0.9144697
0.9550036
0.9215491
0.86974114
0.7562372
0.822723
0.5734785
0.7079263
0.7478583
0.9556205
0.7428563
0.814562
0.62359875
0.89455146
0.9557188
0.77578604
0.789811
0.8401422
0.8242435
0.85005385
0.83382
0.7655188
0.87957966
0.895975
0.504544
0.8294853
0.9078237
0.8558993
0.88337284
0.68599653
0.8552581
0.8273927
0.7494506
0.6160698
0.678855
0.83379817
0.89960027
0.91301125
0.9362079
0.92934346
0.67255855
0.898047
0.78597873
0.8160467
0.8047727
0.7636436
0.7904992
0.8243458
0.69949806
0.9467762
0.8565763
0.87416416
0.74382275
0.7400796
0.77065814
0.8983439
0.83568746
0.7395526
0.7742295
0.7978485
0.90427446
0.9004086
0.9548453
0.8093437
0.8787718
0.6641712
0.8407159
0.9321308
0.9631889
0.75911605
0.7396087
0.8788216
0.71188366
0.8666358
0.81018144
0.8028767
0.935441
0.8756059
0.5465572
0.9348872
0.8741144
0.73420453
0.9072859
0.8409666
0.71781564
0.85534215
0.85103285
0.77211773
0.826561
0.7233755
0.92912424
0.91270417
0.872686
0.85801286
0.9807605
0.7768536
0.94332695
0.952824
0.9335956
0.91635984
0.73692214
0.8850926
0.9160851
0.77474785
0.94547224
0.8920223
0.8695204
0.92788935
0.76073396
0.8437021
0.6962296
0.95472
0.931265
0.8862323
0.8214448
0.83574504
0.8407208
0.9371223
0.81930673
0.9258787
0.89313316
0.87332785
0.8790276
0.9484169
0.41650945
0.8667325
0.8739764
0.7416297
0.8204752
0.6836241
0.8942044
0.8179591
0.8572594
0.6182289
0.95857203
0.7308701
0.8037387
0.769451
0.9345922
0.44005904
0.92243886
0.87045795
0.9378228
0.86127853
0.9757547
0.7668672
0.86590934
0.96164626
0.7836625
0.90667784
0.85820156
0.92836666
0.6442526
0.78738004
0.9332214
0.9267161
0.82451105
0.9124067
0.8962475
0.92891324
0.72736895
0.70278275
0.9301591
0.6609103
0.946697
0.8066296
0.9028161
0.7231287
0.9018358
0.941482
0.9361838
0.7308691
0.8041964
0.94792974
0.89979583
0.8641421
0.8257508
0.91752535
0.72452426
0.8169016
0.8546634
0.9189392
0.76544666
0.9118363
0.7677669
0.9136505
0.94530815
0.879058
0.95619965
0.888424
0.86221135
0.9729365
0.776954
0.8379996
0.5815278
0.80946445
0.7027469
0.7094478
0.89647156
0.866698
0.71723104
0.85384464
0.780489
0.92649263
0.9822093
0.891046
0.90795135
0.9154811
0.886579
0.64718586
0.9394262
0.6806382
0.834265
0.9125126
0.91819435
0.8416236
0.7940141
0.86887205
0.9157419
0.93841726
0.8197211
0.8933567
0.91280305
0.9220352
0.9262241
0.81634235
0.7490106
0.8830213
0.67078567
0.94425416
0.88082004
0.95387316
0.85715455
0.54564756
0.7313387
0.9485148
0.9527745
0.8588103
0.74436855
0.6690727
0.87100285
0.9183254
0.5390845
0.7856554
0.8100362
0.8566127
0.95204675
0.7093859
0.889307
0.89527416
0.8097014
0.7718137
0.9249054
0.8460163
0.6731229
0.7281135
0.8164667
0.88067555
0.6816954
0.6893977
0.9472012
0.8326588
0.92442334
0.9414059
0.9455729
0.9546815
0.977456
0.8194785
0.8987962
0.8015618
0.74781984
0.7526206
0.82710004
0.8605239
0.7035958
0.73135924
0.900007
0.71555424
0.8218736
0.63914454
0.8372154
0.8114199
0.8421398
0.8151062
0.8547936
0.87869424
0.8909947
0.8777044
0.9217877
0.82711375
0.9167368
0.88345945
0.78222424
0.7784451
0.9300725
0.7947802
0.75088084
0.9145998
0.8689603
0.92306054
0.7901996
0.8498657
0.80562913
0.67931294
0.9048396
0.7906982
0.9671595
0.9196722
0.84270597
0.7879143
0.88594097
0.8127417
0.8535285
0.40053773
0.7944584
0.7518719
0.7548524
0.92402947
0.71335506
0.7009899
0.7671788
0.7964567
0.763363
0.95067644
0.9333912
0.72690046
0.6873694
0.8217773
0.8100974
0.89679694
0.92109317
0.91107696
0.71097124
0.8905745
0.85833454
0.6272981
0.97550666
0.9234608
0.77980924
0.9095438
0.799641
0.9296158
0.850955
0.71722984
0.7113695
0.9572545
0.96260524
0.8629807
0.79252386
0.9525728
0.94667155
0.88782525
0.96789074
0.81170076
0.8713393
0.79516876
0.9364908
0.91664684
0.8446509
0.76387465
0.8644693
0.8924281
0.8709128
0.90704304
0.8975948
0.7068466
0.81900173
0.8001114
0.9400765
0.8413572
0.7625695
0.6660085
0.8422684
0.78452986
0.6922041
0.85449946
0.78786397
0.8656266
0.5513612
0.88346696
0.9532784
0.81017107
0.94839656
0.78521836
0.88969994
0.87141883
0.50405747
0.9275679
0.9139527
0.81028354
0.8187578
0.90271235
0.9597533
0.83033425
0.9581726
0.8979594
0.8876117
0.85399204
0.8681367
0.90643936
0.68707496
0.8724658
0.7231679
0.81558084
0.8900929
0.87946594
0.812536
0.61812395
0.90539694
0.85689723
0.6738403
0.9071712
0.85869694
0.86804795
0.7273511
0.84565854
0.85432875
0.50506574
0.8705642
0.8967476
0.8271546
0.87576616
0.95817053
0.7909379
0.86927545
0.89627975
0.77949256
0.9287777
0.8314261
0.9547488
0.9687763
0.9465401
0.9265154
0.86009973
0.70542496
0.85802484
0.8213641
0.922756
0.9241972
0.66630256
0.8600112
0.74622977
0.89102334
0.90093374
0.9648989
0.69842094
0.77794075
0.9666639
0.9257065
0.947322
0.8666841
0.652555
0.7262255
0.69310653
0.2657
0.9001466
0.8996284
0.8182688
0.71738404
0.6059011
0.93463176
0.90578914
0.7391182
0.8292454
0.8561524
0.85063624
0.53013396
0.88072807
0.73177046
0.78427273
0.9657001
0.9142868
0.7589613
0.8673823
0.8475042
0.81519526
0.93009377
0.92686796
0.79230225
0.8958974
0.7033103
0.87898135
0.6602218
0.9270879
0.879283
0.88489383
0.8929006
0.8497593
0.8228797
0.8907813
0.64315
0.7390403
0.9598216
0.70616907
0.8344082
0.8488631
0.92073166
0.8702631
0.8603084
0.7778456
0.93004924
0.9530245
0.9666238
0.8388968
0.8727678
0.9301241
0.6411257
0.9056036
0.86554587
0.928012
0.8881834
0.93738806
0.9425798
0.8850987
0.702018
0.70444375
0.633929
0.8650631
0.88904774
0.8228264
0.7862102
0.8122554
0.867798
0.7238758
0.509652
0.8829164
0.91578
0.836781
0.953303
0.92585766
0.71712476
0.8996855
0.93332386
0.9792166
0.8910545
0.7111165
0.9268751
0.89374673
0.8962337
0.8373335
0.8734169
0.7906852
0.86826605
0.82810366
0.80884945
0.90662104
0.8852064
0.887262
0.974815
0.9107801
0.8528771
0.74951994
0.9107617
0.7935395
0.9798907
0.69695914
0.7097221
0.7020243
0.6830157
0.9781078
0.8930374
0.76699924
0.97617984
0.8035262
0.77471423
0.8952916
0.870077
0.71078944
0.7816416
0.81698513
0.8160235
0.8952281
0.92165464
0.8225281
0.641072
0.9228027
0.8475547
0.7447958
0.82401425
0.94570434
0.7829206
0.921066
0.75237256
0.7340204
0.8965442
0.74128044
0.79152167
0.82728934
0.8535082
0.62322205
0.6147774
0.7768313
0.6202006
0.8621911
0.8245982
0.92682177
0.90511
0.9522096
0.81856066
0.65721846
0.9201301
0.62626785
0.7337474
0.8951143
0.82736176
0.8761322
0.9124421
0.8072139
0.8944323
0.74723315
0.9669214
0.92406774
0.96008706
0.71393263
0.7646135
0.8461212
0.8289595
0.9071004
0.86593986
0.5182183
0.8837882
0.83451164
0.8266348
0.85094416
0.806024
0.97360754
0.8257336
0.6210391
0.809971
0.95388824
0.8949007
0.8972293
0.8780041
0.67339575
0.9052292
0.8103894
0.7757728
0.88445044
0.9218361
0.8726731
0.82607156
0.61208856
0.69405925
0.8769628
0.7394843
0.8971907
0.9707347
0.9143838
0.95952904
0.9451869
0.92613924
0.9486505
0.7997138
0.73053646
0.7958418
0.8674075
0.7680902
0.87338066
0.8283955
0.6698791
0.9065155
0.7805723
0.9576901
0.8697878
0.9302463
0.8324777
0.85186845
0.80976075
0.7134268
0.9329383
0.85183245
0.9550778
0.9138205
0.8081118
0.79711574
0.8660624
0.9517598
0.7722452
0.79530287
0.7921629
0.6636304
0.9153929
0.8858981
0.71533257
0.9047871
0.77673554
0.65770245
0.8618562
0.7202308
0.9308803
0.7419739
0.9225681
0.8221186
0.93679917
0.8722718
0.88915217
0.9265558
0.8252758
0.8955175
0.9043596
0.94961303
0.88076276
0.73992455
0.91417205
0.90420437
0.7886392
0.8048196
0.62309074
0.8554845
0.87268656
0.7822031
0.82978976
0.9645228
0.89203566
0.8192332
0.8397142
0.9581223
0.86374664
0.94951904
0.7589516
0.8507707
0.9030876
0.894052
0.7314566
0.74965465
0.9309875
0.39800817
0.88184375
0.9183316
0.76700693
0.7235598
0.71113145
0.8461599
0.9204944
0.8589531
0.8210469
0.88094616
0.708733
0.88455886
0.8710165
0.870798
0.7317915
0.785692
0.6913027
0.6070659
0.7654821
0.82183933
0.85221213
0.7535733
0.9213039
0.90878403
0.80837876
0.7825783
0.9154333
0.88408744
0.7800223
0.9244764
0.90034515
0.8730519
0.66311413
0.8624906
0.907463
0.87271285
0.9368207
0.4800412
0.9516721
0.27834105
0.6891898
0.8541073
0.83475435
0.9742805
0.9355243
0.9082133
0.9537889
0.83244395
0.8727232
0.86520875
0.88078856
0.8902056
0.8127208
0.8517467
0.8502188
0.7906831
0.9331913
0.8554141
0.82539654
0.888803
0.95645034
0.7292056
0.82620674
0.75674206
0.9038751
0.6571677
0.94012654
0.7408766
0.91876507
0.8333455
0.8994617
0.8948565
0.82880986
0.9397533
0.7889732
0.8096622
0.66427076
0.7741245
0.8786166
0.916447
0.93437195
0.85545266
0.9154742
0.68738055
0.88443893
0.85564154
0.8444348
0.89876044
0.90773237
0.7935698
0.8056834
0.86885357
0.9480658
0.8605019
0.9034531
0.94956714
0.88477683
0.88258785
0.55026734
0.92088133
0.83883625
0.7683947
0.80804235
0.94306177
0.7992955
0.8459659
0.89190155
0.69026744
0.8203285
0.96053517
0.9325746
0.7196152
0.6701057
0.86138076
0.91629183
0.91307086
0.9264984
0.7590836
0.77542925
0.906952
0.9022012
0.9227885
0.9293211
0.81024283
0.8880176
0.90057516
0.9489557
0.9539635
0.5619794
0.9641812
0.9114991
0.8670432
0.7627375
0.87524194
0.87085235
0.85537034
0.84245294
0.9459564
0.8500172
0.8930751
0.978828
0.86109614
0.91822195
0.5026754
0.81898403
0.9467961
0.9178798
0.8925135
0.70375276
0.8800161
0.9523235
0.67237663
0.7010234
0.9705677
0.91851974
0.8436711
0.7174481
0.87559533
0.8884495
0.8466512
0.8374462
0.79238665
0.8824172
0.7612572
0.43925774
0.9248217
0.9710591
0.8727271
0.87195724
0.8611162
0.7588986
0.80811995
0.6892863
0.8374249
0.88609403
0.90809673
0.76111555
0.96985745
0.43184915
0.85359097
0.83848524
0.68139863
0.8466695
0.84529734
0.7405045
0.9177873
0.82448703
0.9095626
0.8951821
0.82575595
0.92631465
0.5426809
0.8117325
0.8944838
0.84365815
0.64457685
0.8624785
0.7755606
0.6058814
0.94565225
0.8506711
0.8415169
0.931514
0.93944025
0.88088983
0.9078834
0.91442645
0.8270447
0.7293132
0.23940715
0.92749643
0.9704184
0.90053976
0.96175265
0.9541497
0.9366546
0.71904445
0.88501906
0.8184273
0.96054876
0.8931857
0.9421929
0.90209955
0.77092963
0.95681447
0.7830707
0.77994406
0.9553565
0.9505221
0.9695719
0.7163371
0.83757174
0.90938854
0.6306732
0.74242467
0.82034016
0.77742493
0.8229625
0.84180313
0.93406224
0.8441018
0.8436557
0.96762085
0.82958764
0.9112861
0.75429434
0.7760626
0.94149864
0.8223552
0.9621078
0.80617565
0.5276933
0.9235432
0.90239763
0.9603336
0.94388336
0.86170816
0.94768405
0.9125644
0.5098152
0.78889877
0.8927456
0.7889773
0.90333354
0.92512786
0.90921485
0.8640222
0.711396
0.55718035
0.8582583
0.8477119
0.8793697
0.869336
0.91724056
0.8531674
0.8257325
0.71550703
0.77847785
0.87311435
0.8946632
0.7670448
0.4754482
0.8200882
0.96808016
0.8279606
0.9278211
0.8118706
0.77597433
0.8179271
0.87674594
0.90982145
0.86962867
0.84407866
0.8921485
0.9343052
0.8910441
0.9306742
0.8718435
0.808083
0.9065149
0.9572294
0.81870687
0.8693023
0.8925964
0.92246896
0.73512816
0.7746059
0.73508495
0.9036634
0.9014817
0.9452808
0.92231524
0.9839165
0.8677374
0.89798665
0.7723403
0.832096
0.9106448
0.8993546
0.74331576
0.9112374
0.8802634
0.9716939
0.9495163
0.82673043
0.83189964
0.8867196
0.8600924
0.8286175
0.5849904
0.92641336
0.8406805
0.77518
0.971339
0.81786376
0.9026692
0.8969856
0.9457047
0.70039284
0.94125366
0.78187776
0.7881253
0.9101091
0.978496
0.92335325
0.9062598
0.8147598
0.6958981
0.9218252
0.57269543
0.87909317
0.92308944
0.9518233
0.85580844
0.8972193
0.70503545
0.8063817
0.84169376
0.9045884
0.82727265
0.94846463
0.82427406
0.76378846
0.87206185
0.88442993
0.68019754
0.78340673
0.9151025
0.8754544
0.7343978
0.89399
0.9108144
0.88228774
0.95820785
0.9202599
0.86728776
0.86794925
0.89429784
0.907735
0.96541303
0.7620659
0.7459723
0.83778656
0.6768458
0.8720739
0.7908009
0.926352
0.71575224
0.9265234
0.96949977
0.9368781
0.8704058
0.96472967
0.922562
0.80927646
0.61340344
0.9261344
0.95748985
0.7646997
0.8707762
0.77062964
0.86152107
0.84100026
0.79039645
0.82578963
0.7083542
0.86321926
0.9537938
0.50698763
0.90831137
0.78811
0.50932175
0.94560933
0.8378762
0.92153496
0.85380894
0.80396795
0.81537515
0.8221271
0.8722687
0.88209134
0.959285
0.90484923
0.92266583
0.8239455
0.8908654
0.9173483
0.7449745
0.9337759
0.9186442
0.8090205
0.7747116
0.90805906
0.86810833
0.8908554
0.93732977
0.9009063
0.85912937
0.8543646
0.8784431
0.96792793
0.74054813
0.8616924
0.8289658
0.7919959
0.91719127
0.9432712
0.70707166
0.63143
0.7557055
0.904404
0.56865126
0.95672435
0.90172786
0.6601879
0.6611864
0.8515018
0.8957508
0.92878526
0.8485079
0.7724279
0.64340645
0.8240669
0.9268477
0.92414534
0.93751824
0.8781086
0.7459661
0.8841465
0.79295343
0.8773824
0.8761839
0.8454049
0.5359195
0.91416633
0.8599298
0.9444219
0.8312002
0.8790821
0.9391714
0.8854656
0.88415086
0.84107155
0.86283004
0.87765336
0.82370126
0.74481857
0.5857228
0.52125174
0.80429125
0.8946029
0.9153321
0.9058199
0.7872246
0.79897225
0.83620286
0.7142205
0.7980355
0.95211035
0.8239159
0.88756716
0.8959093
0.95134944
0.702806
0.88885856
0.9059314
0.69391537
0.81024426
0.81215906
0.8450178
0.7978366
0.836045
0.9062313
0.8939732
0.9152812
0.9647721
0.8464433
0.9243395
0.9473491
0.92944753
0.959437
0.91371834
0.85933954
0.7367382
0.8067425
0.92040896
0.9461474
0.9188226
0.8875545
0.86128163
0.7400124
0.7010196
0.79969317
0.93590957
0.9116272
0.86038506
0.8128588
0.9177908
0.83054066
0.808624
0.9454206
0.91756016
0.9596081
0.8675486
0.8253352
0.97488266
0.91191655
0.87645054
0.76388115
0.90998745
0.8866837
0.8844857
0.9535432
0.8419192
0.9013805
0.8287426
0.8738813
0.6992281
0.8974017
0.8265728
0.8376564
0.9377443
0.94170195
0.812545
0.7207048
0.85856533
0.76727116
0.9403714
0.8575862
0.8342118
0.7624756
0.86476517
0.8546667
0.9594157
0.87434727
0.77781713
0.776848
0.78383887
0.8814938
0.8714638
0.93608576
0.91540444
0.78665626
0.8840925
0.9808177
0.9430963
0.8762606
0.93919605
0.82659626
0.8531227
0.8148652
0.9404476
0.945651
0.86944735
0.8850384
0.75846153
0.84778994
0.8678533
0.93213356
0.77823037
0.9089656
0.90472835
0.8730465
0.97193956
0.9331237
0.57889116
0.87002987
0.83189446
0.76988906
0.9323587
0.89128625
0.9769121
0.9382374
0.5769985
0.89948535
0.6036196
0.92781895
0.827485
0.8030397
0.9141878
0.8039304
0.9331456
0.6591063
0.6299849
0.73048204
0.9266144
0.6699486
0.8520055
0.73706496
0.96592087
0.8936723
0.81232846
0.90504503
0.97021806
0.92113173
0.7158933
0.68575203
0.81463903
0.93569547
0.89720905
0.8669438
0.7778631
0.9205446
0.9070478
0.86112857
0.79002196
0.90066224
0.876031
0.8666565
0.6183853
0.83610255
0.89120895
0.824588
0.96137655
0.94603264
0.64058733
0.6437413
0.8523102
0.71177864
0.80020785
0.83868176
0.55651
0.9182881
0.80873543
0.73861825
0.5929216
0.8425398
0.9361807
0.89064753
0.9436387
0.79734147
0.8813386
0.88250554
0.8578509
0.8237536
0.89483273
0.7877394
0.89895415
0.6986914
0.85427463
0.78938496
0.8654597
0.77291197
0.9331201
0.81653196
0.96172917
0.8761788
0.8820425
0.8303101
0.67255133
0.61816794
0.75315547
0.8341813
0.81876075
0.717051
0.7820271
0.90646416
0.86320686
0.78989077
0.78785896
0.7667372
0.7229304
0.8866626
0.9111824
0.8940744
0.89642054
0.87586814
0.97945905
0.7374828
0.95885926
0.7389022
0.95423687
0.7647786
0.79029864
0.85866857
0.8094748
0.90706086
0.90536964
0.86165154
0.9079758
0.9498219
0.8353765
0.8359406
0.94333315
0.91277254
0.81385714
0.87269014
0.9212724
0.8929507
0.7631031
0.8713823
0.9385627
0.8495363
0.82305515
0.5808215
0.8386983
0.47792867
0.8803858
0.7250834
0.75887513
0.8441016
0.87473255
0.93972933
0.76370156
0.82499135
0.9318466
0.80305946
0.8065517
0.9185304
0.83350813
0.8612501
0.90462923
0.81952494
0.695389
0.94355345
0.824733
0.9071512
0.7969604
0.7287767
0.7839291
0.8340362
0.9087474
0.91234195
0.8426116
0.7277675
0.9761941
0.81115687
0.93877965
0.91635466
0.7436235
0.6566972
0.79551625
0.9548613
0.8905284
0.96017545
0.928584
0.91613704
0.91798246
0.8429662
0.77024066
0.8714309
0.37305424
0.8527298
0.7199721
0.87280416
0.94016796
0.75471634
0.88873243
0.695983
0.91092706
0.6742764
0.9264656
0.8574025
0.8533491
0.82914793
0.6749299
0.88050264
0.6936574
0.8189972
0.9273498
0.6560496
0.9210712
0.9037404
0.688184
0.9495172
0.8808618
0.60093266
0.9462888
0.8547601
0.8978938
0.93786746
0.9179292
0.81943905
0.7371876
0.89792514
0.5861954
0.8341501
0.9354568
0.8788682
0.8788998
0.8681936
0.8687745
0.83191264
0.8000564
0.88465834
0.89935
0.78838605
0.7498513
0.6304676
0.93715465
0.7540127
0.8063027
0.7219111
0.9303607
0.7985922
0.9352381
0.93524987
0.89097214
0.7611736
0.76155365
0.6979588
0.8203757
0.7454507
0.92978615
0.70401084
0.978568
0.93694496
0.69525504
0.8854618
0.9236194
0.71015596
0.9291646
0.8023604
0.9078877
0.858444
0.95676154
0.82408696
0.8824037
0.8531768
0.9186358
0.6754768
0.92025167
0.811405
0.8061161
0.76971895
0.8859054
0.94891214
0.7589888
0.80293334
0.84452343
0.9238363
0.72311413
0.95124227
0.8393471
0.91306496
0.88218576
0.94512784
0.9031927
0.8183494
0.9491707
0.92218393
0.93737537
0.9328851
0.85674214
0.8521449
0.8929744
0.83229196
0.9531398
0.89081633
0.9030103
0.957858
0.89164495
0.7290721
0.9593977
0.89667475
0.79270834
0.85536635
0.8005159
0.9013085
0.9298041
0.783765
0.8858269
0.8806828
0.84625244
0.681514
0.9427176
0.85232335
0.71008766
0.79731786
0.79140323
0.731765
0.7965118
0.85830176
0.7601111
0.90820235
0.89111763
0.87759143
0.91110265
0.963777
0.94991523
0.51965934
0.8743052
0.6810841
0.85780424
0.8213221
0.9547098
0.9112898
0.7512127
0.88644606
0.9625773
0.78920186
0.7989849
0.8410064
0.9334876
0.73669267
0.8498778
0.670465
0.75361407
0.94273764
0.5469796
0.9254639
0.5877718
0.95843357
0.945603
0.91165525
0.7750865
0.90851104
0.9622249
0.8754498
0.92111194
0.71921015
0.9002497
0.9860492
0.9261341
0.7287125
0.88875645
0.9324012
0.91944456
0.8839025
0.7761377
0.74813074
0.9800089
0.75165445
0.9488365
0.93493396
0.6792974
0.756216
0.7558058
0.9165317
0.8776257
0.88824105
0.8265201
0.84968466
0.9632344
0.9347605
0.81971467
0.86613405
0.87965816
0.81372374
0.9318444
0.9703488
0.89932775
0.8778162
0.9166706
0.88731253
0.8865521
0.9173979
0.89447564
0.8520382
0.7550344
0.71518195
0.7225118
0.95793575
0.76837295
0.97103995
0.8861479
0.757605
0.84941804
0.9236891
0.6198853
0.6839009
0.9778132
0.93837893
0.8486557
0.93409914
0.7830687
0.8293137
0.89390016
0.883334
0.6691517
0.5863504
0.9354575
0.9461099
0.82088524
0.93790793
0.91459376
0.85077435
0.91866326
0.9213699
0.78719807
0.7834973
0.8639934
0.7481296
0.9276234
0.9113086
0.88868225
0.7898042
0.8388513
0.78436416
0.8529136
0.8607076
0.852928
0.7922935
0.307006
0.8017971
0.9380228
0.94409883
0.95943695
0.8134829
0.76911914
0.91687113
0.9514981
0.73519784
0.6692523
0.75419384
0.7992718
0.84070116
0.73451436
0.93065536
0.9021866
0.68646324
0.48897648
0.91654915
0.89891624
0.87685204
0.94272107
0.92791605
0.8699619
0.9208058
0.82744396
0.83421063
0.8908776
0.8229803
0.8772314
0.81409705
0.8997207
0.7543806
0.94599295
0.948311
0.9231315
0.8924932
0.855825
0.84643596
0.9082358
0.8158392
0.8779533
0.6794822
0.8365553
0.7470989
0.7536857
0.7158362
0.94840926
0.7597568
0.7556826
0.89636266
0.8818776
0.84236515
0.7877969
0.86452985
0.9371482
0.88504577
0.93681735
0.8512618
0.6760312
0.8397126
0.9391164
0.7913739
0.774624
0.8063107
0.8861524
0.767114
0.96321225
0.9173728
0.62247944
0.8542044
0.8000356
0.7636949
0.90523136
0.9266052
0.8546083
0.6622426
0.7926056
0.66250366
0.9437239
0.93542135
0.89309454
0.8421746
0.86995023
0.8425269
0.842986
0.9179744
0.66213924
0.8033496
0.93844754
0.9215163
0.85927206
0.8166812
0.84165156
0.85282725
0.8387517
0.872527
0.7643692
0.8868965
0.9087358
0.7973925
0.69490135
0.8070734
0.91599095
0.8866403
0.8191424
0.85508746
0.97437966
0.75212884
0.8642637
0.8829686
0.9321712
0.93267107
0.8407741
0.94270825
0.68696666
0.84528
0.89588493
0.8336709
0.6786288
0.83296627
0.8311746
0.96483815
0.9563234
0.9210981
0.82223696
0.8135085
0.9056592
0.9393836
0.86464256
0.9644527
0.7898979
0.725935
0.90017736
0.88918984
0.70243174
0.8532904
0.93931115
0.8074613
0.6457648
0.8947605
0.84554386
0.83524585
0.7894679
0.7144699
0.9525614
0.84515613
0.7509634
0.85139084
0.90365636
0.9607785
0.8876857
0.79077446
0.8707829
0.8058347
0.8496216
0.8310367
0.810693
0.9703445
0.85073084
0.70696187
0.8723668
0.6842381
0.6517255
0.90290004
0.91319174
0.85421443
0.9534987
0.8386479
0.7797182
0.93214476
0.87905306
0.8549666
0.8600049
0.92927986
0.8919295
0.8138236
0.91277313
0.9379849
0.9033469
0.9381685
0.8605792
0.8311591
0.84101385
0.84998566
0.88250816
0.84967554
0.9023869
0.8924717
0.97757596
0.93753725
0.9234217
0.9492971
0.7294756
0.80816084
0.927055
0.89659125
0.9532972
0.9241212
0.72914225
0.81729805
0.86355364
0.833374
0.75549996
0.84700155
0.7827381
0.8104876
0.8389701
0.8568869
0.6195489
0.88743955
0.93186253
0.82442456
0.916388
0.71504927
0.7873416
0.89258677
0.92897534
0.70916975
0.9444312
0.7489402
0.8015356
0.92086756
0.91734236
0.9700252
0.82878697
0.7151254
0.87892187
0.94268394
0.66584194
0.90796757
0.936912
0.8412576
0.9490895
0.9177918
0.8622662
0.873206
0.69557106
0.92080003
0.89911366
0.87240493
0.7693668
0.9162864
0.8837809
0.72170097
0.88751864
0.7705633
0.90084463
0.8061265
0.6488358
0.8958063
0.79864573
0.89097327
0.8990786
0.91264325
0.5990517
0.8551087
0.625627
0.77780664
0.84150475
0.7950049
0.95386064
0.7697451
0.86611986
0.6965204
0.7291661
0.88180655
0.61768764
0.98021436
0.60385954
0.72426856
0.6417838
0.87007713
0.60231894
0.8659108
0.8524038
0.9067045
0.7405866
0.8088161
0.7892945
0.8986684
0.81344104
0.8773107
0.9501828
0.94533205
0.7683687
0.78248066
0.72599125
0.932353
0.8943233
0.7264129
0.78932685
0.9145112
0.913193
0.8671005
0.9086874
0.88978183
0.8619865
0.9105263
0.9357219
0.92004323
0.8176361
0.8919198
0.84536153
0.67178226
0.70131814
0.7715678
0.8101888
0.89694893
0.98161066
0.8070395
0.8746342
0.74210614
0.8295804
0.8326267
0.91240615
0.79089564
0.93018484
0.9088874
0.71944803
0.9672617
0.8903286
0.87520635
0.8903367
0.8724427
0.7475476
0.7419858
0.6543361
0.9372175
0.8914501
0.7112202
0.7452061
0.9297954
0.84498763
0.7871438
0.819169
0.72351813
0.602665
0.82855195
0.8530348
0.8727212
0.75797796
0.87889236
0.70446986
0.9441977
0.78791994
0.8478038
0.77931666
0.8518598
0.84809387
0.89161485
0.93992126
0.7102005
0.8090411
0.89078593
0.8055116
0.81083375
0.76825833
0.9341033
0.8596709
0.7632026
0.67694986
0.84597814
0.91270614
0.8572693
0.90485597
0.80647457
0.8550589
0.8894854
0.95368373
0.86061037
0.95535845
0.8307022
0.72521245
0.87942576
0.7353344
0.88772625
0.88537884
0.8577774
0.84253156
0.81783557
0.84125656
0.93693405
0.8927265
0.8339987
0.7740612
0.8227276
0.73082876
0.86113167
0.7622806
0.8949513
0.9672905
0.8558481
0.71634
0.82962275
0.7782228
0.8617724
0.81165653
0.9521463
0.9556354
0.75694716
0.5808544
0.9403683
0.84243226
0.81945163
0.8079331
0.9291466
0.733732
0.8659261
0.9439446
0.8575393
0.93308777
0.8602396
0.8583012
0.78302056
0.67252445
0.8253381
0.56789047
0.7873467
0.6275722
0.44596276
0.951938
0.8676739
0.9171551
0.9320824
0.82752615
0.6221701
0.8695784
0.7435326
0.7792151
0.81730115
0.88161206
0.91342205
0.8359469
0.8347919
0.9587767
0.9688344
0.94867873
0.86178243
0.772275
0.54196167
0.66030884
0.8850226
0.84914196
0.76624924
0.9191322
0.9201645
0.6625166
0.87834007
0.8937144
0.8238273
0.85506356
0.9447267
0.8018665
0.8580248
0.9256887
0.8392154
0.96542954
0.8968357
0.9561014
0.81022066
0.9059806
0.8093034
0.90512174
0.89637876
0.7997466
0.9151703
0.8160254
0.93812364
0.78075147
0.7051169
0.84178
0.8718648
0.9188681
0.8652916
0.921683
0.98089665
0.8571136
0.8608705
0.87938946
0.7988334
0.8318336
0.9010528
0.4652805
0.7801596
0.8060924
0.7189071
0.86569786
0.7525523
0.94236135
0.830006
0.8537733
0.8337408
0.7492746
0.96466637
0.786162
0.94955117
0.8923587
0.8110312
0.7189721
0.90885097
0.943636
0.9158094
0.9881996
0.91128904
0.92724144
0.75966644
0.9324321
0.86012733
0.7384377
0.89864147
0.69951475
0.9103292
0.91631407
0.900021
0.847484
0.96445054
0.74191844
0.9359713
0.94968307
0.8740346
0.8225047
0.8223811
0.7810392
0.98040414
0.9062164
0.9271192
0.9314009
0.9302347
0.9747948
0.9168628
0.7447738
0.86828506
0.95837545
0.61629784
0.8849315
0.81785536
0.69449675
0.6265942
0.7854121
0.8109096
0.96499085
0.82828766
0.74721694
0.9292365
0.8839096
0.9218534
0.8028018
0.77216977
0.78265405
0.8141595
0.87446064
0.78805244
0.66523516
0.7970265
0.81851196
0.7875232
0.8562514
0.7140318
0.8630839
0.9114567
0.93557346
0.8269757
0.5905132
0.95639
0.86873984
0.7826468
0.8808004
0.7209639
0.9030163
0.9591333
0.7988653
0.7273458
0.9285472
0.7989824
0.914225
0.86150384
0.83299714
0.709519
0.82244134
0.9473213
0.93490773
0.9693313
0.85240793
0.81343746
0.9696795
0.953117
0.85659146
0.7437968
0.92666435
0.8451686
0.63153964
0.72155446
0.9003725
0.8895332
0.91635215
0.65460324
0.82541466
0.65199393
0.9448346
0.676957
0.9006376
0.97244525
0.96540713
0.8927556
0.8492501
0.6757713
0.7614902
0.92854965
0.88926774
0.83981854
0.9128327
0.7931503
0.893008
0.85963
0.89877903
0.88086593
0.9456299
0.8617679
0.90221304
0.8743496
0.6718603
0.7621899
0.8952936
0.782329
0.9450001
0.926672
0.7752836
0.88451046
0.84399456
0.86211073
0.8374575
0.9449957
0.9174705
0.92551
0.87556696
0.72009146
0.7929427
0.8756505
0.8657837
0.87319434
0.83221656
0.74002147
0.73636335
0.8763846
0.9486132
0.7311439
0.8915001
0.93421566
0.85927033
0.8687106
0.74757415
0.807564
0.88186944
0.66475064
0.81476223
0.8636698
0.8540713
0.87477
0.8902774
0.8053597
0.75183403
0.8913404
0.6372522
0.8675912
0.9672704
0.8561853
0.8984962
0.7500868
0.93737197
0.84026355
0.9347757
0.8985231
0.96071386
0.7013337
0.8857974
0.86361057
0.9462611
0.9623241
0.90734947
0.9402431
0.7126201
0.9109833
0.8847621
0.9618623
0.8510825
0.8800001
0.9166092
0.9435563
0.69829035
0.9154495
0.9134104
0.7763448
0.9380305
0.92995244
0.86488086
0.9019954
0.8629606
0.8498913
0.85306937
0.7115382
0.7994051
0.8288452
0.7712608
0.91672575
0.90971774
0.9523504
0.9120846
0.83214456
0.76969445
0.911376
0.9512488
0.8895587
0.6655901
0.7734809
0.8670058
0.8754934
0.93170977
0.9248587
0.9420675
0.9050854
0.80935335
0.7697133
0.7555607
0.87787867
0.84247875
0.8551477
0.9288412
0.81428695
0.6125699
0.89779305
0.77967703
0.9236928
0.88345706
0.91502213
0.89195776
0.85949075
0.85423326
0.8115479
0.79030347
0.9488658
0.8550643
0.9136446
0.68670547
0.914238
0.886425
0.76869917
0.9163042
0.73569554
0.78553367
0.7647447
0.9574629
0.89010406
0.8153071
0.8983225
0.97213227
0.8228435
0.9374851
0.6998681
0.87544334
0.7769722
0.7583612
0.8933255
0.8177432
0.86176413
0.95640135
0.8564629
0.9278259
0.82506096
0.95937306
0.85179275
0.40971828
0.95317274
0.6616877
0.8109355
0.8276285
0.8870177
0.76794183
0.8457059
0.74506027
0.6897044
0.577892
0.7643765
0.9283167
0.85487556
0.9350575
0.6418294
0.73188686
0.95225495
0.9051884
0.8694547
0.85206807
0.850569
0.7629063
0.65020365
0.74959666
0.86948806
0.8157828
0.7753482
0.7506148
0.768347
0.63393354
0.8748432
0.882723
0.6855729
0.84322584
0.7863906
0.86712104
0.72510576
0.749184
0.9763226
0.9300312
0.8492044
0.8286539
0.907884
0.96551996
0.8120396
0.7282149
0.81486154
0.8119529
0.8603058
0.8284198
0.76074183
0.7227744
0.85991704
0.927739
0.7888862
0.6127966
0.8688576
0.7025356
0.8638716
0.7847381
0.5682046
0.65775734
0.8577511
0.9304751
0.8954159
0.92627144
0.91516495
0.86275375
0.79652196
0.9322009
0.9485917
0.8188982
0.94709235
0.62740004
0.68836284
0.62596834
0.7985016
0.90366566
0.8977708
0.7883053
0.9523763
0.9095223
0.9476336
0.8594341
0.87579775
0.9040779
0.88925874
0.83692765
0.8786135
0.97969437
0.7121279
0.9551672
0.8828664
0.82523185
0.7897434
0.89862776
0.8099786
0.84591174
0.720199
0.9150094
0.8744843
0.8726336
0.93812644
0.93361795
0.8776659
0.9216808
0.9220135
0.9043193
0.91206837
0.93179107
0.85141444
0.9158636
0.6557875
0.5970065
0.94977885
0.8700416
0.9356091
0.73245656
0.7573159
0.8518029
0.7531268
0.8196354
0.943537
0.52450144
0.9650985
0.8272951
0.7341658
0.94528264
0.7326582
0.9063765
0.86592627
0.7454378
0.60264087
0.58375305
0.8172768
0.9024868
0.8517872
0.95097816
0.68461925
0.94498014
0.85422564
0.93512344
0.89150006
0.8284082
0.8216721
0.83209056
0.794999
0.8252388
0.84483236
0.9589031
0.98686683
0.9667896
0.7347508
0.84105194
0.9255189
0.77278715
0.81682503
0.9006185
0.9539223
0.85304904
0.8671954
0.62890047
0.8082365
0.91649914
0.8877538
0.89070904
0.94506425
0.8423258
0.7481998
0.8090287
0.8074748
0.8868965
0.90682644
0.6991017
0.94960946
0.49736536
0.9277075
0.9601749
0.85913825
0.82817733
0.9083924
0.74496865
0.88866776
0.90120983
0.8936971
0.9222214
0.7318287
0.65396714
0.8955914
0.64981574
0.92200685
0.843686
0.7515205
0.87271756
0.86538327
0.9604833
0.831581
0.95489293
0.6679997
0.85775304
0.7162709
0.91255605
0.7750856
0.820982
0.893489
0.6710786
0.6100605
0.81319296
0.80655
0.8613069
0.74276423
0.92782944
0.8870349
0.7873302
0.87517595
0.53655887
0.667027
0.71733284
0.7856199
0.9366153
0.8458206
0.90361935
0.696548
0.7008495
0.7816432
0.7599838
0.8271384
0.91273475
0.946074
0.6943995
0.8441387
0.66882575
0.5224768
0.912732
0.83140004
0.7947334
0.8359173
0.7777776
0.87236714
0.86640954
0.8574277
0.8728397
0.881528
0.8400018
0.8999186
0.69718105
0.48296186
0.921448
0.9496941
0.862052
0.95052624
0.8666441
0.7610512
0.9756596
0.8079395
0.6104858
0.77324456
0.96245337
0.92720646
0.9236189
0.96986794
0.91429996
0.9092193
0.7542651
0.7668796
0.62828904
0.8973961
0.8728497
0.5875486
0.9371972
0.89704007
0.8143894
0.9682994
0.62293434
0.912145
0.75924414
0.6179
0.86260563
0.8665475
0.90424186
0.8463737
0.82644075
0.8824901
0.9199962
0.6960147
0.8243132
0.6668539
0.8195015
0.7455601
0.9655211
0.8989887
0.8120372
0.8375564
0.9012991
0.5481135
0.9666159
0.823272
0.8167434
0.8836454
0.9118414
0.9142871
0.9045843
0.7168341
0.7785165
0.8819858
0.8610346
0.8703216
0.8467763
0.8175342
0.868273
0.8893346
0.8489279
0.89766085
0.8711188
0.98150885
0.86005247
0.883667
0.9511361
0.653281
0.937072
0.90772724
0.89233804
0.748564
0.8891476
0.74885154
0.5772974
0.6933369
0.98450875
0.7700735
0.87993956
0.8731551
0.7259184
0.9358781
0.7743819
0.8442389
0.8573558
0.73351
0.8565998
0.93842334
0.779664
0.9069184
0.94050425
0.84805286
0.9428268
0.90968007
0.82567286
0.9414872
0.79180765
0.92104614
0.8332124
0.94821817
0.8064277
0.94988674
0.942912
0.7888361
0.8567547
0.74252236
0.84260714
0.660879
0.8004397
0.87526196
0.7399787
0.75156295
0.8272148
0.89962786
0.8778624
0.9542023
0.75925344
0.9568853
0.93301874
0.6974938
0.90299034
0.7971665
0.8097683
0.9424893
0.8413828
0.90033364
0.68389827
0.9228532
0.92921823
0.8896268
0.743845
0.94226646
0.6267377
0.9427206
0.83807594
0.9489754
0.92811656
0.92807215
0.7185663
0.7876599
0.96744746
0.9045916
0.6919608
0.74485433
0.8204026
0.8760576
0.9449118
0.977818
0.89093304
0.8298436
0.91344225
0.92939055
0.86795855
0.8962352
0.87589735
0.81039274
0.7153644
0.83425725
0.9486289
0.935086
0.9134939
0.7467904
0.96243274
0.88518995
0.735289
0.8324326
0.940648
0.8463406
0.880796
0.87173414
0.9421534
0.7723672
0.82199
0.84745294
0.8891857
0.91594374
0.8785757
0.7477586
0.7439327
0.8559925
0.8831848
0.9270615
0.7986118
0.959175
0.9136059
0.94343215
0.78900135
0.9550288
0.79574585
0.7133596
0.88081115
0.69219136
0.90579885
0.8401463
0.83637345
0.70318604
0.91251653
0.8693719
0.95030904
0.90928495
0.6293652
0.90071607
0.7826483
0.96228373
0.86919785
0.8486466
0.8539677
0.8929406
0.64023125
0.60514617
0.8746248
0.9292737
0.9159077
0.97132605
0.90049565
0.9059243
0.7717765
0.9124241
0.91305125
0.8512491
0.9650256
0.84072214
0.89665645
0.82495445
0.7912687
0.9244355
0.7759117
0.9197779
0.8064363
0.87188387
0.8930631
0.9390656
0.7242043
0.8654712
0.9731176
0.8374488
0.90683675
0.76684135
0.7070592
0.8228196
0.783043
0.84700054
0.89686966
0.6813483
0.86641693
0.81227183
0.8927906
0.832954
0.7785491
0.8147495
0.88478935
0.8028131
0.5991897
0.86679345
0.9341179
0.8645392
0.95173687
0.7250279
0.9077848
0.91829777
0.6979574
0.79843855
0.88402504
0.88594997
0.89046997
0.86551034
0.8713209
0.8145974
0.7546644
0.96208155
0.7132688
0.91047806
0.86291206
0.9168626
0.80996966
0.8918149
0.7158668
0.8496559
0.8048889
0.9217878
0.92214906
0.8972197
0.87280035
0.86550194
0.96417505
0.7655183
0.6472665
0.8731763
0.8936479
0.8296286
0.8479091
0.6103885
0.9317285
0.9472209
0.62221783
0.78397185
0.9864609
0.89206004
0.8469486
0.7105026
0.73465014
0.59974694
0.7292385
0.909865
0.73927987
0.79788864
0.80391943
0.79896325
0.911206
0.88083297
0.9041603
0.93101156
0.9114427
0.81957984
0.587211
0.83493125
0.7059996
0.8730717
0.9600508
0.90552014
0.7165153
0.6594392
0.95330846
0.9141866
0.87875503
0.91826344
0.9675595
0.8995241
0.83969903
0.84434456
0.76655436
0.96247584
0.95626044
0.9061635
0.96824247
0.77613
0.93061054
0.8146422
0.9286723
0.8967737
0.72386163
0.92797726
0.57700294
0.84385574
0.7781451
0.9056688
0.87855476
0.8717178
0.9326254
0.91290504
0.9202589
0.8582649
0.97004664
0.9100324
0.8784532
0.9456175
0.95544016
0.66758907
0.91841316
0.86809427
0.8147501
0.92291355
0.85815525
0.7685479
0.8835751
0.8954588
0.83510894
0.88563085
0.87440616
0.9317694
0.7153499
0.8533758
0.854598
0.80983347
0.9034759
0.8235359
0.8738104
0.7202676
0.80004287
0.9029838
0.9180482
0.7706907
0.89641833
0.8448172
0.72150254
0.7971219
0.8587663
0.8067452
0.9122609
0.9358828
0.71107113
0.7806983
0.879107
0.94651574
0.8214523
0.95098245
0.9359263
0.93010086
0.8126899
0.83448327
0.80019784
0.89368695
0.9159296
0.6783648
0.9021836
0.9126696
0.82208586
0.823725
0.8120618
0.46122953
0.8675052
0.7271352
0.9336423
0.7614807
0.79308623
0.8700607
0.7932127
0.83709455
0.95741624
0.89629096
0.63048327
0.9075823
0.8114536
0.8747187
0.8169005
0.91834587
0.7673805
0.89181954
0.84555626
0.7698624
0.74462235
0.6997695
0.7291388
0.84009767
0.92405903
0.83497083
0.70981956
0.7765011
0.78819466
0.89161414
0.79298806
0.8970151
0.8709433
0.9053255
0.9579415
0.76297575
0.90059626
0.8762874
0.95619035
0.8200406
0.9163186
0.8092099
0.87389916
0.8014422
0.8964417
0.847963
0.7003074
0.85600007
0.8040971
0.8873739
0.95194364
0.72960895
0.96220714
0.6505871
0.876125
0.9414315
0.8970301
0.94932157
0.93702203
0.8777836
0.79086655
0.7675813
0.9333564
0.87944394
0.81108105
0.90225327
0.51468265
0.91135144
0.94418037
0.715405
0.83381176
0.918778
0.8968423
0.87944555
0.8379513
0.9345814
0.95730937
0.9367589
0.64730006
0.89801544
0.8233578
0.7977589
0.9490487
0.8280685
0.9336798
0.783537
0.9525819
0.8998063
0.87771183
0.9019779
0.90656626
0.80894905
0.869497
0.7927151
0.9608382
0.94277936
0.87578
0.7150411
0.8758852
0.8603378
0.93246156
0.85311335
0.8049794
0.8047044
0.84735316
0.69196856
0.72739804
0.85535586
0.88817817
0.9126168
0.924827
0.73512775
0.87334764
0.9091685
0.9339401
0.8404601
0.6569801
0.8105041
0.7267289
0.9439116
0.7655689
0.8759224
0.86397785
0.9571934
0.9005155
0.95885223
0.8624652
0.88349336
0.91840345
0.95106256
0.7709875
0.9262651
0.8968924
0.8622494
0.9462709
0.8648343
0.7988883
0.9489644
0.8470492
0.8937783
0.9176545
0.7781855
0.902522
0.9502699
0.743787
0.93659824
0.96168005
0.8524269
0.72439146
0.91771793
0.89710075
0.7066825
0.7564659
0.8821085
0.8433001
0.889283
0.7928389
0.8064078
0.9074391
0.93272364
0.8668952
0.8324563
0.810226
0.78967726
0.8533247
0.67264044
0.5190217
0.8668529
0.8802922
0.9364893
0.85429376
0.77909946
0.9307928
0.8332361
0.888669
0.8140105
0.85304534
0.86225474
0.8902303
0.72627497
0.6963679
0.58766747
0.762291
0.7004079
0.83197075
0.7533343
0.94106907
0.804616
0.7348367
0.8573886
0.71895236
0.8175163
0.7954225
0.9315717
0.90288293
0.9409285
0.7769956
0.83766747
0.81657887
0.7534375
0.83622086
0.84374887
0.8886867
0.93626374
0.87220585
0.89506423
0.6954886
0.8355477
0.8693413
0.8495774
0.90296054
0.931404
0.93807566
0.904991
0.83627677
0.8948516
0.64278585
0.8758168
0.5516726
0.949794
0.86660385
0.9280301
0.8097374
0.8088949
0.85689867
0.87068397
0.8286504
0.88452077
0.89623857
0.84685975
0.89150083
0.8231609
0.70262897
0.8721953
0.8974677
0.96421254
0.8668124
0.7816543
0.868929
0.86149424
0.878201
0.8529213
0.8519299
0.92559505
0.95569897
0.94458133
0.88509476
0.87467426
0.9841154
0.7983126
0.86407226
0.8400996
0.94437635
0.8849228
0.92412096
0.9221598
0.8935779
0.9273424
0.6943027
0.8308186
0.8841506
0.85220367
0.73021513
0.7499607
0.7354085
0.92388594
0.9744656
0.8760916
0.96769744
0.7582483
0.88817257
0.9472439
0.8251144
0.95831054
0.9467525
0.5633313
0.73915416
0.8662141
0.9248328
0.93432516
0.85458654
0.9480264
0.91120815
0.81709695
0.9556681
0.8757549
0.718511
0.72587544
0.7880597
0.8484751
0.9247925
0.89233905
0.8519568
0.90956295
0.7661978
0.8709771
0.95759135
0.8933174
0.8182328
0.7052064
0.7912286
0.9272338
0.88931614
0.6954218
0.8728186
0.79598016
0.90334964
0.8371531
0.7999521
0.95024544
0.81230366
0.852428
0.80541444
0.9419278
0.8672782
0.7195202
0.7449307
0.8635565
0.87935466
0.7823094
0.94642866
0.83197176
0.89834267
0.8329271
0.7465257
0.44877568
0.22664331
0.66370946
0.9085108
0.7994918
0.80010736
0.8008995
0.9387417
0.8531523
0.87771904
0.7791194
0.7236447
0.9455779
0.8886762
0.9420233
0.764746
0.8770617
0.82445836
0.89748275
0.9027933
0.8390932
0.79220426
0.93148375
0.5246117
0.9137321
0.8776824
0.7794225
0.97560567
0.9177149
0.8242951
0.853087
0.7420174
0.8372494
0.8108463
0.9444844
0.90919477
0.8332788
0.8554367
0.7804088
0.8984123
0.86812055
0.9223384
0.8894632
0.9006706
0.9146093
0.6928418
0.8907874
0.72086453
0.90344816
0.8360125
0.9838143
0.6122649
0.95971787
0.86757433
0.8632848
0.9227188
0.83777833
0.8029657
0.87808603
0.91623914
0.89889246
0.7949214
0.9644288
0.97424924
0.80376226
0.8377233
0.77855873
0.78563905
0.7620427
0.87945926
0.83882385
0.8792349
0.90496457
0.9684665
0.8177048
0.6342552
0.9049866
0.7207807
0.92738545
0.8354324
0.80568624
0.84726816
0.9284212
0.60170346
0.941394
0.82065415
0.8263134
0.970446
0.84196264
0.91963756
0.94564605
0.8476358
0.94753224
0.9145013
0.95484054
0.87953025
0.89659745
0.77374065
0.7700907
0.9260003
0.84997225
0.9707184
0.8089932
0.8812022
0.88564134
0.90385705
0.93704754
0.91077703
0.8188907
0.8186657
0.87430805
0.78699493
0.78305066
0.9032303
0.77605665
0.7992241
0.8874234
0.8458433
0.77718693
0.86135
0.98181474
0.90596503
0.80931264
0.80182374
0.89893085
0.8934189
0.8622694
0.848307
0.83720565
0.8856584
0.89107615
0.8219056
0.92837894
0.68936217
0.813809
0.6882294
0.7709811
0.9498968
0.8148862
0.81027067
0.6152781
0.8485532
0.91525424
0.8277054
0.8916467
0.8938968
0.9227391
0.9125159
0.92115724
0.74014354
0.89584506
0.9188215
0.8282093
0.921849
0.8534609
0.92774266
0.6787489
0.94057
0.71086115
0.6780609
0.9142996
0.7636668
0.9031642
0.9304708
0.7285975
0.8381256
0.80187464
0.8309057
0.93445444
0.8143709
0.8939761
0.9347625
0.87476665
0.8397454
0.7458113
0.7496665
0.8221729
0.9370686
0.9307488
0.8591588
0.8907012
0.88821065
0.8879601
0.9485867
0.8672029
0.80953026
0.93544763
0.9271868
0.7794592
0.88945633
0.8969653
0.9005326
0.81514716
0.80203897
0.8110846
0.7578064
0.93567276
0.9281105
0.8353679
0.9461782
0.8139961
0.75448626
0.92287695
0.88334775
0.6584867
0.8648693
0.7658864
0.9316694
0.9451644
0.8894745
0.9069495
0.9558686
0.9069989
0.8816018
0.79926836
0.7684169
0.7852044
0.8702963
0.6672782
0.94994855
0.68519735
0.7002715
0.7549467
0.7794398
0.8782037
0.88572776
0.8883239
0.9534973
0.9716612
0.83180135
0.8889929
0.98318464
0.9505638
0.69299483
0.92221004
0.8709754
0.9282974
0.940433
0.8687314
0.884717
0.9112205
0.65964997
0.9073636
0.7818811
0.92423666
0.81844497
0.5597249
0.9067437
0.85056156
0.85643655
0.75095236
0.57939875
0.77972555
0.86732376
0.86714983
0.85396093
0.9278156
0.9475363
0.95649356
0.92778647
0.70877886
0.8291115
0.93741536
0.9677997
0.8636378
0.9213743
0.86550117
0.93431467
0.9371406
0.8215329
0.7495188
0.5775385
0.92400885
0.7041758
0.74723315
0.30400318
0.8998706
0.88265485
0.8052821
0.7370301
0.89890987
0.7786672
0.93002903
0.8014081
0.91780406
0.8899252
0.84041256
0.9657402
0.88309866
0.84742594
0.95364803
0.853888
0.6870588
0.94962215
0.79202807
0.76944923
0.9041227
0.74681735
0.8570278
0.8274957
0.9458837
0.9305779
0.9281005
0.8211
0.89759886
0.8607034
0.7959788
0.9045886
0.9624573
0.967054
0.83222204
0.91480476
0.8664356
0.75782025
0.8126907
0.93477774
0.8326036
0.88862896
0.82464457
0.9095736
0.8174583
0.8425764
0.9228612
0.74393535
0.7007274
0.877594
0.81161416
0.9114661
0.949967
0.8700894
0.88061315
0.8247561
0.8292086
0.86680675
0.8403714
0.8797183
0.9070849
0.7620838
0.91971254
0.82156056
0.7786958
0.79742265
0.7767234
0.78504664
0.9138279
0.8506321
0.9436053
0.9406127
0.5275847
0.81454396
0.8425874
0.6622715
0.77889514
0.6805102
0.8354337
0.94733727
0.81871414
0.76343375
0.7633719
0.85237396
0.9008445
0.9079134
0.8352586
0.9093236
0.93383265
0.94144475
0.63220346
0.86375093
0.8476624
0.849722
0.86377937
0.88626945
0.86666846
0.8674865
0.8577858
0.8821409
0.8773198
0.8507619
0.94702643
0.93506324
0.72071314
0.8724569
0.93234956
0.92999357
0.84275985
0.8131354
0.96236473
0.9565936
0.8660382
0.90167147
0.89219666
0.6543605
0.802964
0.9384247
0.8620232
0.744619
0.8109323
0.6413765
0.63306797
0.95997304
0.9031589
0.9335761
0.8040081
0.88530064
0.86638665
0.93831015
0.80972886
0.8993856
0.93784094
0.9093938
0.5274601
0.7463982
0.8743972
0.92311513
0.8150028
0.614288
0.8780937
0.78673553
0.71977246
0.8758175
0.88717073
0.9365579
0.81391317
0.80016786
0.8847407
0.8730649
0.78493404
0.7795532
0.8115443
0.8361851
0.6170074
0.7482322
0.7746444
0.82009256
0.89797115
0.79481804
0.9143732
0.7199614
0.9183676
0.8893902
0.9501723
0.94934505
0.9655792
0.7875453
0.8385742
0.8355807
0.90925586
0.7935751
0.89246964
0.85469055
0.8288043
0.90122014
0.8636419
0.95856076
0.9265985
0.5580917
0.9356203
0.8180883
0.90438116
0.9282501
0.6605097
0.94095707
0.76573366
0.7540257
0.90065116
0.8836725
0.82491255
0.8934809
0.94800854
0.94588727
0.80533534
0.8559687
0.9582723
0.8263031
0.7990909
0.82047206
0.8574923
0.9084438
0.8916419
0.880393
0.7557049
0.96998084
0.8922545
0.7209041
0.82995397
0.91209507
0.9016616
0.8927002
0.86826193
0.8108369
0.8973851
0.94738376
0.9644278
0.91955835
0.91961646
0.88646907
0.7641683
0.8510856
0.84384483
0.8829091
0.83328485
0.88386226
0.86756366
0.9016809
0.8958988
0.9051198
0.90256023
0.8611907
0.604098
0.83844393
0.71860385
0.3581685
0.79483765
0.7911302
0.831523
0.91943765
0.89057136
0.66323096
0.8717307
0.9716058
0.69023496
0.80713886
0.9434896
0.8871001
0.7510934
0.9618728
0.9227264
0.81233454
0.8425752
0.92291576
0.8476728
0.94445896
0.82092273
0.6912249
0.7700283
0.68572587
0.90709317
0.93854654
0.8588231
0.9369285
0.915081
0.91936255
0.8426295
0.9221509
0.8496023
0.9260719
0.9527513
0.86508924
0.94607955
0.9508035
0.95107317
0.8189471
0.7850392
0.8073038
0.9144584
0.9507696
0.9683125
0.96925217
0.7383874
0.94207937
0.77570593
0.8322589
0.759467
0.87256324
0.9764106
0.88713384
0.8913899
0.7930076
0.786499
0.9352247
0.84777945
0.93939114
0.794255
0.77932024
0.79121304
0.9241674
0.91373837
0.8521521
0.8603028
0.7877019
0.89266115
0.92512655
0.8518739
0.6878123
0.96205306
0.8635188
0.91015345
0.87599075
0.73432237
0.88860565
0.87834466
0.87677836
0.8650702
0.8347418
0.5573391
0.7966732
0.9150508
0.9330524
0.48473674
0.7596636
0.8373122
0.8238832
0.9233058
0.8734837
0.8372234
0.9606983
0.9399245
0.94663095
0.78581035
0.9011695
0.8577613
0.8303399
0.7068107
0.90996176
0.8762816
0.8271634
0.9024139
0.9276021
0.86242735
0.8478277
0.7990793
0.8739391
0.94113433
0.8168643
0.90825963
0.8979198
0.8389636
0.85403156
0.7268373
0.80206794
0.89880645
0.8802788
0.883267
0.6064879
0.9366502
0.85463774
0.89530814
0.8038267
0.85068744
0.8311747
0.8214986
0.82276475
0.89493525
0.8507817
0.73533595
0.7180087
0.86786854
0.51378155
0.8696561
0.8281212
0.662369
0.8893904
0.6854257
0.8817025
0.89997315
0.7504749
0.733023
0.9170062
0.9426551
0.87631625
0.83829665
0.85065013
0.67795473
0.9542122
0.47867873
0.8723191
0.92873406
0.90668905
0.85754544
0.806829
0.9600562
0.93794996
0.937947
0.93974245
0.92103595
0.9080636
0.9598166
0.9422402
0.78300416
0.8663282
0.92982125
0.9154575
0.9444605
0.8806142
0.6149364
0.9133084
0.8108569
0.8878905
0.8409991
0.87614554
0.8980447
0.8682179
0.63969004
0.9420785
0.9163568
0.89335936
0.84366477
0.9790119
0.73816216
0.9097927
0.93939584
0.4807539
0.8492329
0.9175145
0.8746623
0.8398472
0.9268078
0.71541727
0.76663077
0.7970222
0.7766322
0.9054321
0.82513255
0.9207526
0.962945
0.7465275
0.8679002
0.6943361
0.7400634
0.9342787
0.8794074
0.8226204
0.8318192
0.77265567
0.91238904
0.8655482
0.76960653
0.8253232
0.80633646
0.8206033
0.8654229
0.95744145
0.837567
0.9251311
0.9366053
0.88139045
0.8416249
0.8220085
0.78162444
0.9192029
0.87101346
0.81016994
0.86006284
0.8188411
0.8252463
0.9531715
0.9301475
0.81394356
0.770208
0.98048365
0.96735513
0.761258
0.921703
0.6946983
0.9334545
0.91309553
0.9399441
0.8473277
0.8122737
0.8013821
0.78654706
0.82698363
0.93622005
0.8346063
0.8222689
0.8057595
0.8849698
0.9351379
0.9283505
0.7778963
0.77570635
0.8048702
0.9008515
0.81283504
0.7468169
0.93089104
0.8673746
0.89291793
0.9333341
0.6330186
0.9244214
0.9425638
0.6417538
0.94590056
0.8894253
0.7972001
0.7388476
0.7487616
0.8938724
0.9387739
0.8169255
0.85171187
0.7132625
0.93690956
0.92607766
0.95520794
0.9778899
0.6002379
0.9098204
0.93947464
0.88118845
0.9338704
0.80492115
0.9679141
0.92578447
0.9034854
0.85067654
0.6846974
0.93887603
0.87284106
0.71931815
0.92780507
0.873079
0.82038283
0.8940087
0.8723636
0.8419451
0.7540287
0.90293086
0.9057606
0.8437647
0.91755974
0.9113308
0.8768573
0.7121453
0.96747065
0.59668255
0.8227597
0.79115546
0.6335963
0.8303732
0.9466018
0.8252485
0.92100793
0.7039121
0.93064636
0.67745644
0.86747503
0.9546631
0.9582645
0.90467143
0.80301225
0.8363651
0.95200056
0.8854387
0.96634847
0.68712085
0.9152417
0.8735445
0.957248
0.8649788
0.8261553
0.7340295
0.9405519
0.7917778
0.8917992
0.8144531
0.8736936
0.88742304
0.8516632
0.9370742
0.85069907
0.76825494
0.5197773
0.93946034
0.7154539
0.8513535
0.90216637
0.81353617
0.6230226
0.91935515
0.8529457
0.8196827
0.92658424
0.87223303
0.60959595
0.78981614
0.8208606
0.8069209
0.9176321
0.8103311
0.7584175
0.92103213
0.9289953
0.98066235
0.9177513
0.5458694
0.89468455
0.8664046
0.8369928
0.91320837
0.9291401
0.9236483
0.7614222
0.8261618
0.79680395
0.84720516
0.89339256
0.7726798
0.9412677
0.8494423
0.9383542
0.94768363
0.8955168
0.9333671
0.84940094
0.62525856
0.64740646
0.93002534
0.8513497
0.8903886
0.97621405
0.7919184
0.935315
0.847456
0.7273025
0.91684115
0.67331
0.7926237
0.9117718
0.81829304
0.94749343
0.8979641
0.84042746
0.6852585
0.78688496
0.9102769
0.818282
0.80604154
0.87092936
0.8723371
0.8761717
0.7516564
0.8503299
0.79150426
0.90308726
0.9487516
0.8556937
0.8463959
0.95740664
0.90312093
0.8074424
0.9613099
0.9563418
0.7633033
0.9685758
0.89317894
0.95689803
0.91590774
0.91873085
0.95030415
0.8012221
0.87781274
0.87278926
0.9020813
0.7851715
0.9452709
0.73785335
0.9310854
0.8189895
0.9124701
0.8646749
0.9584051
0.75821143
0.92572045
0.5950741
0.9517567
0.8673817
0.90759295
0.9467785
0.8434521
0.8203319
0.7472011
0.86024237
0.9491049
0.83445495
0.7896127
0.77738416
0.87629944
0.93257105
0.95828515
0.744514
0.8974422
0.8647363
0.9252491
0.8148136
0.961096
0.73473954
0.7037991
0.91106886
0.8783501
0.9603061
0.9159391
0.73872256
0.9078001
0.9096557
0.8941144
0.7847458
0.96417224
0.9010551
0.82064945
0.8340266
0.9215195
0.96592927
0.81540537
0.9106269
0.75758046
0.7925861
0.7212129
0.72120774
0.8939419
0.8724005
0.8695381
0.8112077
0.76398134
0.84308386
0.9209528
0.7494061
0.9512307
0.95803595
0.918471
0.7366292
0.9076818
0.8113251
0.7509175
0.8315881
0.8057351
0.4924843
0.82090604
0.9290203
0.63183624
0.6365377
0.84695613
0.8684337
0.74897516
0.6129553
0.8658387
0.7726803
0.79523396
0.7194914
0.8534107
0.83629525
0.9406643
0.76201445
0.9418113
0.8661314
0.7926607
0.91012317
0.76786506
0.8005385
0.8287489
0.8691409
0.76754075
0.82274187
0.90965855
0.98145807
0.901986
0.9455305
0.8458255
0.9035955
0.95602906
0.9473324
0.91004694
0.71781254
0.8429613
0.87484443
0.81551266
0.80380464
0.84763026
0.9525611
0.81774235
0.7676572
0.97325224
0.8529391
0.8142384
0.9475665
0.78948784
0.75843316
0.85332704
0.9716711
0.86069214
0.9694032
0.68394786
0.77863145
0.838771
0.74993354
0.8335334
0.9263642
0.7520981
0.79048777
0.7584052
0.7739078
0.95768505
0.8711806
0.9026324
0.8799397
0.5857644
0.77373296
0.84966385
0.7504908
0.9228374
0.87787974
0.658333
0.878361
0.83276767
0.94999546
0.94230914
0.9598167
0.8934698
0.52290225
0.946482
0.64155906
0.9070644
0.79922014
0.854591
0.9159722
0.9380668
0.9159516
0.9044769
0.85595775
0.8319448
0.90540916
0.9093541
0.863562
0.85836977
0.92941284
0.7648444
0.8991207
0.9135142
0.70952904
0.8389902
0.96007085
0.8032443
0.9033154
0.78673345
0.8888711
0.8768891
0.7895932
0.69994164
0.85583174
0.92397326
0.8381109
0.9121212
0.7608188
0.76638156
0.672713
0.92865384
0.94567883
0.91513395
0.89627624
0.9143263
0.92860454
0.88357794
0.82729656
0.8887535
0.83979297
0.90833795
0.9001913
0.7537338
0.94717264
0.8915155
0.84814
0.88784635
0.83247924
0.9544418
0.8846441
0.9206909
0.75596726
0.8535874
0.9428567
0.8938159
0.89585966
0.92087847
0.8329973
0.9148191
0.9234558
0.8353071
0.72641647
0.94413865
0.52193683
0.56424415
0.8208212
0.85372305
0.86554986
0.84436256
0.7294705
0.8839965
0.759517
0.849352
0.6621184
0.87229824
0.8219511
0.78373027
0.85124326
0.97514176
0.61194587
0.7824526
0.8733312
0.85872847
0.90592813
0.9255358
0.75275785
0.90001833
0.9654721
0.88883865
0.8739063
0.8712051
0.8472411
0.768471
0.79079914
0.9012898
0.71055996
0.850299
0.92806506
0.8494287
0.78660846
0.751414
0.8994906
0.9074193
0.9287262
0.8036791
0.9162811
0.9194877
0.9345311
0.71186113
0.8907274
0.95323956
0.94236946
0.73371494
0.8260195
0.79109305
0.86885226
0.8932172
0.76976514
0.8498502
0.9077903
0.6761047
0.872846
0.82463914
0.9705531
0.908005
0.9462183
0.7781963
0.97108287
0.902868
0.91838884
0.78721595
0.92066383
0.92675894
0.92060184
0.87871933
0.8339193
0.8560938
0.8869796
0.9084613
0.85237294
0.83917457
0.92017454
0.9574139
0.9421487
0.9262444
0.90562385
0.8205726
0.9621166
0.884676
0.7066327
0.80317116
0.85120106
0.93499225
0.87331927
0.8535939
0.642309
0.8526546
0.7314151
0.95207864
0.8606153
0.85946774
0.75556684
0.89944994
0.9115477
0.79224014
0.89467865
0.92722785
0.8157353
0.8640489
0.91839516
0.8951495
0.9062982
0.8774971
0.9495518
0.9073162
0.69638634
0.9561294
0.85458744
0.5730019
0.8623632
0.83100986
0.7948829
0.8544575
0.9171071
0.84740865
0.9213767
0.6791044
0.7800216
0.7827963
0.8697115
0.7750282
0.749073
0.87908673
0.9739161
0.8650016
0.93991965
0.9243179
0.83017653
0.88727957
0.80887115
0.71439016
0.6898663
0.6782818
0.91654605
0.9525877
0.9442278
0.87622815
0.68345225
0.8861618
0.8523523
0.770288
0.8752146
0.78289455
0.8987128
0.84409046
0.96461535
0.7944831
0.90696734
0.657551
0.87367785
0.96197027
0.7832651
0.526717
0.8388788
0.8024131
0.85260224
0.89805037
0.85246426
0.7750714
0.8701222
0.8716692
0.8022724
0.8510296
0.97179496
0.90939724
0.979912
0.8586011
0.87442565
0.84358174
0.73496217
0.89661
0.9301849
0.96699095
0.93993205
0.90348566
0.90846
0.8763429
0.9176375
0.8726584
0.8378279
0.9402499
0.8807889
0.8065401
0.8416278
0.7279728
0.865435
0.93498635
0.90290534
0.77921015
0.8097964
0.86098987
0.76458156
0.7744102
0.69683695
0.62027025
0.9275056
0.8549736
0.8363445
0.94001037
0.934591
0.91126335
0.90423626
0.9322999
0.9597936
0.74215823
0.85586613
0.8052633
0.9650645
0.90885603
0.6537532
0.89358604
0.89457667
0.6782801
0.61055446
0.9643222
0.9085972
0.7105344
0.7977641
0.8669178
0.85153365
0.73111236
0.78001386
0.7749026
0.8903409
0.6639688
0.78401464
0.92748815
0.93958557
0.8969835
0.76501733
0.87679684
0.75132704
0.93419
0.8255389
0.8702327
0.93588674
0.8122804
0.870657
0.8774259
0.9708411
0.9447567
0.8885633
0.71986014
0.94117546
0.73592824
0.70425415
0.85274965
0.8980708
0.67786497
0.847785
0.73015326
0.821168
0.90738505
0.9061172
0.7694381
0.93078744
0.94687057
0.7648333
0.9209276
0.84667957
0.7155832
0.7636961
0.8253432
0.8796612
0.85626197
0.89397526
0.8479541
0.9268362
0.93676543
0.83615434
0.7572593
0.74472797
0.7090385
0.9016035
0.8908571
0.9396562
0.901688
0.83716583
0.871786
0.9615621
0.9193123
0.7899421
0.76075065
0.8249759
0.93730354
0.9160161
0.83994794
0.8710663
0.903007
0.9241569
0.88132244
0.93505955
0.52609056
0.8088398
0.91485244
0.9177952
0.88683474
0.86428064
0.9629508
0.8848198
0.7682658
0.9147483
0.72296476
0.70357347
0.7482876
0.9229429
0.6831133
0.67914146
0.90126824
0.96231395
0.704832
0.8885387
0.8093862
0.71819484
0.8581317
0.7675046
0.85726196
0.80491847
0.79092354
0.7578675
0.8144519
0.84766614
0.90056205
0.834139
0.79904664
0.747467
0.90542436
0.81903017
0.8734791
0.85985106
0.66041076
0.82727164
0.92807364
0.96680105
0.8876882
0.6391982
0.9511845
0.78528553
0.9229775
0.8738136
0.8354213
0.9059534
0.89441925
0.9175919
0.7469308
0.53156155
0.87917036
0.86345035
0.85785216
0.90177745
0.8321886
0.84655553
0.91264534
0.9413468
0.8738804
0.8090325
0.7974102
0.90534735
0.97098947
0.7489408
0.9223248
0.87192965
0.90995115
0.93135834
0.95298123
0.78612685
0.9350906
0.76963484
0.8569006
0.52406555
0.8624033
0.9704831
0.75445825
0.91871715
0.80676067
0.81001997
0.85666424
0.6365881
0.79476833
0.9640105
0.7301097
0.8941244
0.89670527
0.57391757
0.9246606
0.9275326
0.7306688
0.8780585
0.8409907
0.87754714
0.879001
0.93439776
0.9027533
0.87596196
0.8147401
0.8474488
0.889015
0.4497103
0.87514764
0.7647368
0.8412508
0.66870725
0.9101538
0.94689184
0.84883684
0.94311297
0.9257861
0.69908243
0.89995843
0.9300657
0.92139214
0.7477841
0.9104834
0.8557173
0.8910175
0.5240928
0.70648795
0.8268043
0.7792348
0.8507068
0.89941883
0.9219819
0.73320764
0.6713701
0.8221931
0.8872959
0.9004969
0.91664803
0.8876106
0.64336264
0.85292107
0.5615792
0.80073285
0.950764
0.75021696
0.8937306
0.89706415
0.9368316
0.91814536
0.9519936
0.8323886
0.819901
0.8017787
0.91903013
0.6247157
0.8582504
0.7004515
0.90270877
0.91555583
0.96905047
0.71694136
0.9692469
0.9537666
0.96830773
0.7923918
0.86223805
0.8767112
0.9020669
0.75051045
0.9101838
0.8840963
0.9244046
0.85455745
0.615919
0.80036753
0.87845296
0.9562067
0.82197833
0.80637956
0.8494363
0.9051477
0.89848304
0.9017585
0.88745177
0.9286196
0.8897823
0.8842305
0.74538696
0.828263
0.68156856
0.7309584
0.84746385
0.7955699
0.879328
0.92959297
0.8463174
0.82786095
0.71596307
0.90600884
0.870203
0.9104387
0.8503809
0.93187827
0.6234679
0.84762824
0.9399428
0.8625202
0.81131
0.8915459
0.7785368
0.81771266
0.93182975
0.9191242
0.825535
0.93395376
0.8280025
0.5138513
0.75706905
0.6586911
0.9210254
0.7632376
0.8377725
0.90254056
0.8572834
0.94529665
0.84700805
0.8669808
0.892776
0.74134755
0.8528696
0.8921825
0.7283584
0.8565842
0.9058589
0.92390543
0.8582751
0.89077026
0.8179137
0.87398744
0.66550994
0.8645241
0.912759
0.89203274
0.8092075
0.8906251
0.8487769
0.839983
0.9426516
0.90970665
0.68389827
0.89333713
0.8379739
0.6952531
0.9386648
0.80204177
0.37256888
0.7582695
0.8684463
0.8762737
0.9031121
0.7860687
0.90548444
0.9003607
0.9594275
0.95429766
0.9551002
0.8728678
0.81901926
0.7147562
0.92186445
0.75451326
0.9588587
0.76243913
0.7187469
0.8685962
0.9160592
0.8468553
0.9224139
0.8559417
0.95498675
0.87059134
0.88350475
0.94506514
0.91396546
0.8641579
0.83783126
0.8443152
0.8961453
0.91461575
0.72700095
0.70551795
0.78149796
0.7655686
0.8816051
0.7714761
0.88550794
0.8471558
0.91605604
0.80958617
0.784941
0.75479347
0.96919525
0.81124103
0.9039706
0.66351753
0.9304982
0.77085865
0.9521516
0.7532878
0.8870781
0.77878076
0.9597229
0.8345792
0.95366997
0.87161946
0.87630665
0.8951019
0.76935244
0.8633202
0.93878233
0.89312375
0.92196316
0.8911346
0.9592172
0.90567863
0.7107552
0.84142435
0.8608277
0.8958808
0.930369
0.87181795
0.8546355
0.88975704
0.61740255
0.93327093
0.9155308
0.893307
0.80144763
0.75115675
0.6444272
0.8938068
0.8329016
0.8363112
0.5227219
0.8870789
0.8499929
0.6202109
0.9409052
0.922081
0.8356583
0.7437375
0.5696049
0.78838366
0.76849926
0.92255175
0.82007617
0.8649119
0.6549902
0.72036994
0.80240846
0.82678276
0.85822386
0.9348329
0.81217724
0.967059
0.87261355
0.9632658
0.98481375
0.8763976
0.8294474
0.82929575
0.8738783
0.88540226
0.88611466
0.9536458
0.48775536
0.83085823
0.8476668
0.87992954
0.92669064
0.9409073
0.8954903
0.8139738
0.82063234
0.7168955
0.8157707
0.8681925
0.85612655
0.8672263
0.898431
0.86951107
0.7023003
0.70780957
0.76563585
0.92974776
0.8499088
0.8435454
0.8938272
0.80950093
0.7645916
0.97943175
0.84310097
0.8764287
0.87779427
0.80880624
0.88741857
0.7956785
0.83583236
0.7859179
0.9554723
0.93535745
0.90101576
0.8193782
0.881973
0.88023347
0.9229908
0.72159016
0.8413342
0.9572162
0.80697304
0.8201488
0.85902935
0.79657066
0.79100746
0.89069384
0.856231
0.8986056
0.88049406
0.9468731
0.7633469
0.86010915
0.8334308
0.8718181
0.63182414
0.75909394
0.73258305
0.84594226
0.87347364
0.69589055
0.82353073
0.85078037
0.8882698
0.88274497
0.9397925
0.67365354
0.80758
0.85740715
0.90807706
0.8969643
0.90216
0.91275275
0.9207314
0.7179304
0.80831206
0.81830406
0.7727018
0.86397207
0.86910343
0.7665745
0.76764053
0.8841837
0.9284426
0.8448649
0.8143817
0.78815377
0.86578727
0.90442467
0.8922604
0.9769741
0.78239965
0.7855987
0.66718274
0.90295225
0.8553544
0.6278798
0.78359973
0.7563317
0.96853435
0.92079246
0.75933605
0.7944598
0.8751291
0.843091
0.72684723
0.68071616
0.9235737
0.9058832
0.9367724
0.9575279
0.9022169
0.884416
0.8042065
0.8116776
0.75607055
0.96520805
0.903455
0.8044007
0.81692815
0.7783481
0.90431106
0.9237837
0.78234357
0.7230449
0.9335487
0.86191195
0.8901294
0.93372524
0.87676394
0.69526374
0.90268326
0.85955715
0.86030495
0.90695894
0.927386
0.9049083
0.9819605
0.9032048
0.8049205
0.80253476
0.95585084
0.85341823
0.8896358
0.79544556
0.7666315
0.8004306
0.597738
0.8557115
0.8435753
0.7158596
0.94061387
0.9167563
0.81801593
0.9609529
0.8369729
0.9404187
0.9419732
0.9068506
0.54943556
0.90269446
0.9309609
0.7995289
0.91276646
0.8833647
0.9350951
0.66524714
0.69289064
0.8554455
0.9259492
0.8559366
0.61767405
0.9427456
0.8005513
0.8573617
0.8520421
0.9228108
0.75597537
0.8932583
0.7805631
0.8012178
0.8334767
0.82061523
0.8627113
0.87910104
0.8151461
0.7303546
0.42203468
0.94693565
0.86731756
0.72839814
0.8357214
0.87806016
0.8293763
0.7886152
0.9635641
0.89411676
0.54626405
0.9053692
0.89014804
0.90732974
0.7729241
0.93629587
0.859083
0.8349324
0.7536719
0.83449686
0.91196495
0.74989635
0.87758505
0.6731007
0.9503316
0.895539
0.71614856
0.89131314
0.67183197
0.83951557
0.72882
0.8397704
0.47117507
0.9110814
0.67481726
0.9255365
0.57390076
0.870448
0.90377414
0.7163808
0.7731431
0.81757087
0.7215063
0.96486664
0.92835134
0.9188547
0.94533277
0.8656633
0.74071234
0.9109195
0.868261
0.9247602
0.8973439
0.8829182
0.9653542
0.8794371
0.8189163
0.90321827
0.7656699
0.67234796
0.84655714
0.9206742
0.7658222
0.87494826
0.3646948
0.73567784
0.60053325
0.9714234
0.830572
0.83261794
0.7953641
0.8771889
0.93146765
0.8469809
0.7365352
0.81292903
0.74330926
0.9466608
0.79579216
0.92064834
0.82037723
0.859449
0.88090396
0.85064006
0.6874368
0.9289193
0.88703734
0.79696
0.8553575
0.8107914
0.95855653
0.9218186
0.94145036
0.78556705
0.90556145
0.95320934
0.85660857
0.939531
0.89403766
0.83005285
0.86644727
0.95366645
0.9296973
0.7262951
0.93565816
0.7524648
0.6991035
0.73867106
0.77011144
0.92565787
0.8711624
0.77231646
0.9105125
0.90905154
0.93665457
0.7695124
0.8181631
0.97575784
0.8536556
0.78433335
0.797738
0.9010374
0.6950041
0.95148844
0.698065
0.85023975
0.76566136
0.7004125
0.9532116
0.84088355
0.914043
0.86787784
0.73349506
0.73924685
0.8739394
0.6797605
0.90448713
0.93381727
0.80055976
0.8797116
0.62268364
0.9272455
0.89369184
0.8665939
0.9388176
0.90407735
0.6771831
0.9534478
0.8118128
0.8418411
0.9209302
0.8199563
0.5703956
0.92582506
0.7545034
0.8010129
0.7502839
0.85358685
0.7291074
0.8489392
0.91950744
0.7435082
0.89055693
0.95419365
0.7629798
0.8791485
0.90714383
0.9101622
0.9058074
0.89756113
0.6328356
0.89764297
0.9172479
0.9027579
0.9782076
0.88048637
0.9142355
0.83804077
0.88179606
0.8350829
0.9011729
0.8853446
0.66416407
0.8693415
0.8724368
0.8658008
0.85984516
0.86793613
0.952788
0.62982357
0.927404
0.8300625
0.7042665
0.5267311
0.9417536
0.8523214
0.9500039
0.8753072
0.9383546
0.89437705
0.84825325
0.900031
0.76050425
0.8745767
0.79443085
0.8093786
0.76717263
0.95538414
0.78776634
0.8768171
0.7543276
0.75995255
0.8516022
0.81365144
0.7340289
0.8846313
0.8264207
0.9503437
0.78774047
0.8182735
0.88939416
0.6995056
0.76820993
0.90709376
0.92918825
0.8121431
0.7448144
0.81266224
0.88071704
0.5324315
0.88306767
0.95478135
0.84523743
0.7556741
0.96366686
0.77835655
0.9771727
0.92898715
0.8634863
0.8204622
0.7347813
0.88460594
0.44481942
0.91523325
0.81376827
0.97121036
0.6894065
0.7855967
0.53178966
0.80538803
0.93749374
0.8733475
0.9260057
0.9211148
0.87499356
0.842491
0.79215527
0.9490768
0.9571827
0.8554913
0.6947939
0.91315436
0.89159954
0.9140167
0.5175935
0.7457528
0.9245583
0.73538244
0.90640736
0.8574201
0.95447683
0.9076014
0.88258207
0.8704679
0.8181262
0.91702724
0.9572929
0.81562513
0.8547522
0.9051956
0.9558396
0.8774977
0.98347455
0.9346051
0.877338
0.8802087
0.95388114
0.9243412
0.8526878
0.8221881
0.7591603
0.96368676
0.91511583
0.9324151
0.7947681
0.55635625
0.84324235
0.75935566
0.5569544
0.9167824
0.92535007
0.87800467
0.7651174
0.90306455
0.91596127
0.78007436
0.6618187
0.94739497
0.9306155
0.77009684
0.9173826
0.81587785
0.91200393
0.86112106
0.9600125
0.9447458
0.9501083
0.9403248
0.9375776
0.958377
0.836504
0.97000945
0.74804664
0.8244787
0.8311477
0.93583894
0.66120905
0.82929814
0.8842839
0.8722193
0.8250396
0.908265
0.8645918
0.8598897
0.82515705
0.91500723
0.9520635
0.87472373
0.9507891
0.75690645
0.8854393
0.9360825
0.8545837
0.88686895
0.8563121
0.8662357
0.92837095
0.75336564
0.95230126
0.9207457
0.9222251
0.73670596
0.90898275
0.68690395
0.91641587
0.8656993
0.9160185
0.8537168
0.88062817
0.77384233
0.8289181
0.9547251
0.89537
0.9571159
0.9147024
0.8328868
0.8122455
0.830303
0.67663294
0.6436735
0.9752321
0.9669257
0.948594
0.90913314
0.7465569
0.96168876
0.64840764
0.88850987
0.8388972
0.90849113
0.9005706
0.9044732
0.9448377
0.87043375
0.9509509
0.77798253
0.78072625
0.7555797
0.9449128
0.9209944
0.85501087
0.91976607
0.8258492
0.7852769
0.93065083
0.8457587
0.8880224
0.91986126
0.81042993
0.726983
0.583301
0.7198858
0.82538766
0.8199319
0.8486893
0.5936774
0.94931626
0.8518715
0.9302333
0.98074335
0.7079123
0.9518378
0.875118
0.8348932
0.8127598
0.81796914
0.7735492
0.9629303
0.84877586
0.91224194
0.48758218
0.5705601
0.89632446
0.88183194
0.8386362
0.86422515
0.81051224
0.6984969
0.7428341
0.8322893
0.9560726
0.7792421
0.78384596
0.93035305
0.7464713
0.92087334
0.78271705
0.9428487
0.9487501
0.9008632
0.82762325
0.8116146
0.8097765
0.7075463
0.9383188
0.79295766
0.91608924
0.89721745
0.7778658
0.9246954
0.71494734
0.7569455
0.9266298
0.90165436
0.90490264
0.8833185
0.9358223
0.8621175
0.9292284
0.8342055
0.9405454
0.8357962
0.82599056
0.72287005
0.8489177
0.83026767
0.80700314
0.80747485
0.9642778
0.7208493
0.48906115
0.75943387
0.7241771
0.77932286
0.97232556
0.739815
0.9075152
0.9014337
0.98239434
0.8265437
0.8556416
0.85633993
0.7777548
0.7392326
0.9389041
0.87630844
0.9630556
0.8341792
0.9288036
0.8207536
0.94036484
0.65579987
0.9402577
0.8982644
0.89280236
0.8400673
0.9139757
0.82458985
0.77926147
0.7468051
0.8690723
0.8809278
0.9121932
0.8749503
0.95748323
0.9267219
0.92393124
0.9144028
0.7552073
0.95830524
0.88596994
0.69919896
0.93955284
0.7777279
0.88283724
0.79026747
0.873952
0.75117755
0.7438054
0.86327827
0.8988526
0.6857683
0.6876834
0.80187654
0.85482144
0.89377767
0.85051334
0.9333711
0.8856354
0.92029715
0.78042287
0.82375085
0.8998451
0.735345
0.96711385
0.9041664
0.7796146
0.91384554
0.89546716
0.9609724
0.95459265
0.93070185
0.85521364
0.8787292
0.7577868
0.8925509
0.9139675
0.90449584
0.9221604
0.83479583
0.7663988
0.87299263
0.6579164
0.9724325
0.56030023
0.89299077
0.8647081
0.76165605
0.84841126
0.77902186
0.82200176
0.75303304
0.8049675
0.84044766
0.76282364
0.91009367
0.9444175
0.870033
0.57012916
0.87531817
0.95196146
0.8767839
0.9021296
0.6437993
0.73709583
0.81201816
0.9181351
0.94522995
0.6546119
0.93405354
0.7545344
0.8804927
0.96265346
0.9131447
0.9624246
0.76433486
0.8718685
0.8705941
0.84195226
0.90869224
0.96635187
0.8243697
0.8959794
0.9032473
0.88805497
0.8037894
0.95432115
0.89012885
0.66081804
0.78424275
0.8127066
0.89837146
0.9371054
0.8647269
0.9526396
0.75476015
0.8434952
0.74550724
0.9655086
0.91807985
0.8207074
0.8637825
0.6819821
0.9624734
0.68381345
0.9545879
0.9224083
0.88298225
0.7366944
0.94165134
0.87847817
0.7636969
0.8993658
0.8086023
0.9069392
0.9271477
0.96674764
0.8251023
0.9121702
0.7894873
0.8581228
0.9695663
0.859851
0.7817342
0.94942725
0.78832245
0.9020429
0.81281817
0.80371284
0.93083936
0.9269573
0.9282942
0.7081938
0.92594886
0.63763255
0.87456155
0.932043
0.84752184
0.8920139
0.9118116
0.79332924
0.8704289
0.8030781
0.9269824
0.7852672
0.7311893
0.9195671
0.89872074
0.81555325
0.89374876
0.6763278
0.7692278
0.9306108
0.829406
0.9741372
0.82157886
0.94730175
0.8155331
0.52282935
0.7791939
0.76071715
0.8624232
0.9114581
0.94541264
0.61416346
0.8856578
0.62548715
0.8326252
0.95584255
0.90048754
0.93859947
0.8412026
0.8597095
0.7495727
0.9490464
0.8737358
0.909847
0.91243386
0.8371482
0.8876849
0.81073093
0.9338541
0.9290208
0.884948
0.8242354
0.9679347
0.90548563
0.56180084
0.7440069
0.8566267
0.78803676
0.86179066
0.95629764
0.91502523
0.3611759
0.8093093
0.967992
0.82142055
0.9250066
0.8002182
0.911431
0.8894815
0.8061447
0.91441035
0.88111305
0.62317145
0.9464089
0.95994323
0.9366822
0.90445673
0.85587
0.8532964
0.9132941
0.7782622
0.88371634
0.93616194
0.81218076
0.92425776
0.77020776
0.7603675
0.5697035
0.8536766
0.8338778
0.9216163
0.7869748
0.7834034
0.55682063
0.911233
0.68926805
0.82311445
0.57558227
0.6723324
0.90213305
0.90855604
0.7484554
0.9228822
0.847994
0.9385986
0.92945683
0.87595904
0.8935179
0.85753393
0.9011295
0.9437588
0.92217886
0.9290962
0.7066776
0.8946212
0.66141725
0.88850754
0.46251366
0.876783
0.8912478
0.79966795
0.7702289
0.87776315
0.7530872
0.95821327
0.966652
0.88538986
0.9374563
0.86969066
0.9546246
0.91294503
0.88763976
0.8586322
0.90000707
0.8964071
0.91689956
0.89465874
0.8348721
0.94252825
0.74398935
0.74605536
0.96676284
0.8602914
0.81785893
0.8761719
0.8227933
0.7923887
0.9585227
0.73511267
0.9063977
0.89245963
0.6708973
0.9402242
0.953597
0.61869955
0.8714083
0.8385817
0.9083771
0.8694933
0.744348
0.9075553
0.5380885
0.8641763
0.8797462
0.77016264
0.768839
0.90772116
0.8602139
0.857846
0.46370074
0.85009784
0.9455828
0.9500696
0.83479
0.8742368
0.8568366
0.9016969
0.8752657
0.9577717
0.9141948
0.9495036
0.93285185
0.93068844
0.90374845
0.88827837
0.80571914
0.8169075
0.8744179
0.81881654
0.55038947
0.9737637
0.9313431
0.90218043
0.93341696
0.8791501
0.53291285
0.93313426
0.68407446
0.9447896
0.5907077
0.6646765
0.82213247
0.90616435
0.8759159
0.7433342
0.8909818
0.8628495
0.8842737
0.94014466
0.8365459
0.8733872
0.80053717
0.66215205
0.8860264
0.9068608
0.8232789
0.823058
0.929473
0.9061502
0.8881599
0.67102623
0.9423258
0.87474227
0.9316107
0.7651769
0.9507702
0.8805685
0.9071553
0.82272905
0.7158528
0.8014653
0.8620316
0.7865665
0.87579566
0.84034
0.9017733
0.76312745
0.89755
0.92081535
0.5843365
0.94792116
0.94787174
0.89513505
0.95970094
0.68937975
0.795579
0.83730114
0.7692532
0.8457483
0.88998765
0.8931297
0.6617996
0.55683476
0.8560394
0.9198134
0.8719203
0.83592
0.82320434
0.8174549
0.70936006
0.9168158
0.81071436
0.8745894
0.8407492
0.9514507
0.7212026
0.9025275
0.62122566
0.8861868
0.7107473
0.8222649
0.9219432
0.9063928
0.8594518
0.91232806
0.903492
0.8749011
0.88856983
0.8673655
0.96864533
0.84514105
0.7268447
0.83338
0.9149526
0.8083296
0.89552456
0.9508079
0.6724675
0.9547068
0.8737387
0.7665155
0.7870354
0.9141624
0.75841665
0.92963856
0.81583667
0.88071793
0.826057
0.9337443
0.87696624
0.715945
0.930254
0.78855836
0.96229374
0.84273094
0.75799084
0.6718707
0.6778099
0.8013497
0.5474948
0.7787811
0.83721876
0.6424669
0.86814314
0.6616255
0.7680132
0.9414138
0.93904305
0.8035631
0.8483995
0.9499488
0.810091
0.7364426
0.850987
0.8043167
0.7611118
0.7314861
0.8775876
0.79596156
0.8334693
0.8959579
0.80577385
0.9187911
0.85279256
0.7044022
0.7480771
0.97979605
0.97332203
0.96579325
0.89538246
0.96069205
0.76384175
0.9546207
0.94707
0.8492541
0.77987504
0.68894887
0.9263933
0.8249863
0.95522827
0.8268346
0.9572492
0.9066229
0.75752413
0.6452237
0.89523923
0.89833486
0.8516646
0.6681918
0.8490405
0.77559805
0.9696431
0.9055008
0.5771248
0.8196032
0.92607343
0.87664306
0.45737022
0.7717705
0.7422782
0.9326759
0.77374923
0.8473376
0.92554784
0.8108358
0.91794765
0.9185134
0.609985
0.84881854
0.88557494
0.7825677
0.918069
0.8660779
0.9317066
0.8273552
0.93312526
0.8781368
0.88100874
0.9480454
0.93316555
0.9120317
0.8567796
0.74121803
0.8678353
0.8056583
0.7660076
0.87581575
0.8259803
0.88559026
0.7391349
0.6569085
0.9521943
0.8990821
0.7334373
0.94008934
0.93142986
0.8697287
0.94042075
0.896112
0.9659366
0.6323082
0.82885665
0.77840054
0.9105246
0.86675346
0.9374765
0.88787127
0.8045144
0.8796874
0.9656237
0.8444041
0.866351
0.9342604
0.54678977
0.91532296
0.95345616
0.82126594
0.91492695
0.65746397
0.90513384
0.8731197
0.9712844
0.80584013
0.7345344
0.88922
0.89045346
0.7912854
0.89008516
0.8576816
0.9388597
0.90817493
0.89000374
0.7910739
0.8712719
0.7259189
0.9435056
0.757854
0.8059394
0.8427725
0.7242875
0.93852
0.67192256
0.8415533
0.79848796
0.8907125
0.8833748
0.6868624
0.94068027
0.8196429
0.86635983
0.60530317
0.9348215
0.8749284
0.720579
0.9666176
0.82775295
0.87878925
0.789762
0.70116407
0.9585616
0.89504176
0.9569024
0.9646901
0.8987129
0.8171362
0.90943754
0.8362585
0.8949155
0.9431443
0.9380455
0.9258611
0.9402062
0.85246074
0.7574175
0.8874723
0.8907377
0.763083
0.85399425
0.9360913
0.88128746
0.89909935
0.78300333
0.75194013
0.9449954
0.89291507
0.79693323
0.8608206
0.96242356
0.8907975
0.9457885
0.8314846
0.93077385
0.8369432
0.72359824
0.8627377
0.8181847
0.8610088
0.9059793
0.959844
0.811028
0.878154
0.695265
0.8527322
0.8554981
0.79331255
0.86517805
0.8199933
0.89935493
0.77133876
0.888619
0.9339425
0.8473862
0.84197986
0.87230736
0.88359
0.76788986
0.78686863
0.7527047
0.89081466
0.86181605
0.9302998
0.8342118
0.9168898
0.96347344
0.8465291
0.96165144
0.82121444
0.75943434
0.93536514
0.927992
0.93267107
0.7022532
0.92958075
0.9141717
0.8890003
0.8949427
0.8771611
0.6906619
0.85585636
0.77678835
0.87695646
0.8213863
0.81768155
0.8622174
0.9172044
0.9665277
0.7519062
0.76584214
0.8788357
0.7696479
0.9184607
0.87121344
0.84182125
0.72082573
0.85435325
0.8414693
0.75061506
0.8252234
0.7820076
0.7929074
0.7849515
0.62000483
0.77097785
0.6388098
0.94881004
0.69699675
0.875886
0.8669315
0.8906904
0.89056623
0.8734162
0.7486473
0.7902502
0.96359
0.762347
0.8178697
0.9159157
0.79712826
0.87086403
0.9193487
0.89254385
0.94082385
0.8692922
0.9588046
0.93552417
0.86207354
0.59182245
0.81344575
0.93331444
0.89212584
0.6939738
0.7894399
0.88352317
0.91061646
0.84662443
0.7926361
0.8970461
0.6667309
0.8614583
0.91965085
0.75993776
0.8483362
0.86944425
0.9424044
0.9033686
0.86870325
0.8089807
0.884488
0.94592553
0.9345593
0.79888386
0.779027
0.94586587
0.7317383
0.9104775
0.6624383
0.8626006
0.94737375
0.8227875
0.8951756
0.9169642
0.9608569
0.8020897
0.7940409
0.8952069
0.92980194
0.79399246
0.9394113
0.8203945
0.7378869
0.8591264
0.95124185
0.8031237
0.93627864
0.9352129
0.8797901
0.86286867
0.9447886
0.58612245
0.53234315
0.79803425
0.93103564
0.7611543
0.96271604
0.8840655
0.74373627
0.87171334
0.9272349
0.78518
0.95557296
0.8092231
0.84881264
0.8205212
0.9824169
0.9678332
0.928267
0.8115141
0.9208782
0.89635485
0.8866362
0.8066759
0.9644011
0.8832308
0.85331607
0.8295418
0.6896763
0.8694782
0.9514428
0.8450053
0.90464306
0.8737648
0.8160373
0.8044274
0.94010437
0.9248845
0.8851785
0.8879607
0.8578202
0.75210595
0.87112683
0.79605263
0.8812691
0.94398826
0.85847205
0.9106388
0.8366163
0.91696477
0.77673584
0.89291716
0.77989584
0.79559064
0.80288345
0.736784
0.7774396
0.93440455
0.9044901
0.8697049
0.8392779
0.9328359
0.7063495
0.8937044
0.8135328
0.8847968
0.7736902
0.9212464
0.84437174
0.86338776
0.74852544
0.89778495
0.76532614
0.85734886
0.843457
0.83400524
0.756794
0.9107646
0.9121906
0.75811034
0.7844834
0.8719007
0.86696327
0.85370594
0.8790069
0.87978375
0.6618233
0.75495565
0.9156305
0.9309834
0.9431861
0.7575833
0.8934159
0.4316954
0.8646982
0.6953258
0.79111063
0.89630145
0.8438329
0.8405912
0.6722782
0.9123435
0.7945248
0.83480614
0.8732684
0.9590975
0.8470581
0.7451401
0.9353288
0.94232166
0.9366092
0.87528294
0.6981193
0.56675744
0.9557722
0.8439528
0.7356197
0.87462777
0.90779895
0.9281365
0.6111543
0.8743209
0.93976957
0.9024919
0.93404603
0.8302616
0.94095165
0.9425701
0.72590345
0.5176087
0.6678227
0.83067554
0.9401189
0.7592965
0.86159116
0.8692377
0.9576465
0.8783233
0.83822155
0.83677405
0.67771745
0.8663149
0.5905081
0.77525306
0.7750066
0.73905647
0.85281366
0.7027792
0.90280575
0.922468
0.8041907
0.74754107
0.413772
0.83845055
0.86220133
0.93443334
0.8966845
0.9263012
0.8196114
0.7441119
0.92257774
0.88260424
0.8318268
0.881668
0.91174537
0.9081895
0.80483633
0.8344781
0.8422532
0.97723246
0.8043199
0.8837391
0.9455973
0.8447555
0.7965563
0.833798
0.8990351
0.890594
0.8798462
0.4310186
0.84289116
0.87005186
0.8411621
0.8935959
0.9483774
0.92905515
0.96137625
0.94804657
0.88118225
0.76807505
0.7329132
0.94899046
0.7724897
0.9556818
0.8760077
0.7996607
0.87101525
0.8143218
0.93689954
0.89597857
0.8382053
0.7263523
0.8765657
0.65424156
0.703273
0.93562704
0.90893006
0.7427367
0.912719
0.87447375
0.9487207
0.9235349
0.8202654
0.622825
0.74941933
0.87295526
0.8005014
0.6841732
0.94082737
0.8793158
0.5608083
0.94754386
0.82889324
0.8466894
0.6244929
0.8315393
0.85639316
0.92223394
0.5302752
0.8105526
0.9017842
0.8939563
0.9196619
0.9562098
0.7922433
0.90861416
0.56586945
0.9066062
0.6691124
0.9595897
0.65032977
0.8905822
0.63815933
0.9116532
0.80805725
0.9470092
0.73548144
0.89815664
0.80307263
0.82506466
0.76963204
0.71970856
0.87409043
0.9499529
0.9358412
0.8346722
0.8755872
0.8005645
0.8106015
0.897178
0.70764625
0.9004264
0.7958072
0.8684943
0.82917964
0.9285908
0.703125
0.90634906
0.78258497
0.8328346
0.9532663
0.8420553
0.7740431
0.8497677
0.66140854
0.9112662
0.81012815
0.87737453
0.7453839
0.5146507
0.68736017
0.8498343
0.7503536
0.9027758
0.86967766
0.8516047
0.9645058
0.85117424
0.6772169
0.88601375
0.9300151
0.92563665
0.8491812
0.87181675
0.8394048
0.9229823
0.8496526
0.7761529
0.7828551
0.7998562
0.9316219
0.8133292
0.942494
0.8002566
0.91142064
0.83765775
0.83517575
0.916447
0.70832056
0.7950439
0.84908384
0.85165185
0.9483912
0.83243144
0.9613343
0.9349729
0.7931031
0.7599016
0.95444095
0.81649005
0.8845494
0.780841
0.8038639
0.9189259
0.84328055
0.7973641
0.97234255
0.8053587
0.95413125
0.9048809
0.7633623
0.9660534
0.8919255
0.934752
0.7551269
0.89993757
0.94547004
0.9009896
0.90130556
0.91358167
0.7213193
0.9570791
0.9745748
0.8512305
0.8720492
0.86507046
0.71645194
0.7509362
0.7919075
0.780504
0.7531985
0.92046636
0.5353794
0.7797259
0.8762715
0.9127598
0.7068105
0.9009691
0.88095933
0.91525704
0.9161047
0.96241623
0.84784496
0.86381626
0.8715865
0.9418731
0.8887332
0.939336
0.7487848
0.9048754
0.73041296
0.85610116
0.88812697
0.6779169
0.7943208
0.66490567
0.9195176
0.9328648
0.70844966
0.9303191
0.7596595
0.85480577
0.8436938
0.9151548
0.9410019
0.92929554
0.8364695
0.84629375
0.9311941
0.7694993
0.91481835
0.80440754
0.83716786
0.94783807
0.78190476
0.7634224
0.8600495
0.65022576
0.6244348
0.92701393
0.8919848
0.82364273
0.7513963
0.86419165
0.90774816
0.88213307
0.74614185
0.84981847
0.864911
0.7710193
0.9207392
0.8677794
0.75405335
0.9572574
0.88419604
0.82911956
0.93730175
0.7585806
0.68664443
0.7998209
0.91955096
0.94534653
0.9399079
0.92330474
0.9304222
0.88367575
0.79672146
0.9435736
0.9502053
0.7946399
0.9429071
0.8111983
0.7552699
0.74864715
0.8541454
0.8439901
0.9558654
0.95587265
0.8296723
0.6944637
0.98402643
0.9317867
0.5913578
0.8613864
0.84352994
0.9297261
0.91443944
0.91104394
0.70444167
0.7832629
0.9645284
0.8554561
0.78303874
0.8435115
0.84224576
0.7851271
0.91150165
0.7776626
0.969276
0.84636664
0.8672694
0.8419565
0.71791697
0.8808417
0.8116536
0.7587514
0.7234489
0.93458575
0.70382017
0.7098033
0.9125656
0.65573657
0.90265805
0.70836437
0.92400515
0.80583334
0.8534667
0.7565524
0.95352817
0.86807644
0.8665457
0.7611132
0.91013163
0.9268053
0.7755468
0.8780252
0.84593344
0.901715
0.9476041
0.8338175
0.892953
0.93544465
0.9115306
0.9299835
0.7881868
0.87618184
0.7341764
0.79543823
0.74254036
0.9326763
0.946806
0.92989326
0.92996037
0.9177776
0.83410215
0.8212859
0.8316457
0.8866072
0.91371244
0.9400059
0.8490225
0.9691623
0.77213365
0.77420604
0.75641686
0.77783227
0.68388736
0.8569726
0.89351845
0.6537731
0.59724724
0.824909
0.8569273
0.8362231
0.9620015
0.83538806
0.8918219
0.9225537
0.8321285
0.8880609
0.9154053
0.85990703
0.9416711
0.87356627
0.88972104
0.94096637
0.84386605
0.9260569
0.91184354
0.77876073
0.93176055
0.9471594
0.7333428
0.72276247
0.8601611
0.7418024
0.39394593
0.93753314
0.9114033
0.9180757
0.95348245
0.7957347
0.7793839
0.87631416
0.88090795
0.8842382
0.6963264
0.9044161
0.8881172
0.95150506
0.866256
0.60779876
0.77878773
0.88684916
0.9117272
0.92221403
0.9221326
0.90029824
0.7795248
0.8601046
0.8881606
0.8262907
0.89092463
0.8797172
0.72711307
0.77470636
0.7883402
0.93960273
0.9018104
0.8390722
0.7079333
0.7340309
0.80934024
0.7643319
0.9383483
0.79650176
0.9383757
0.8684851
0.45807526
0.79628575
0.98035896
0.84221405
0.824639
0.8757692
0.5627309
0.78959537
0.7690416
0.8988421
0.9592185
0.8327342
0.7393786
0.8915995
0.90714663
0.9029274
0.89138097
0.72534585
0.9097395
0.83241904
0.89256907
0.9489019
0.76586664
0.9274356
0.9227637
0.7631258
0.7848701
0.90537953
0.80611473
0.87712777
0.95677316
0.95348597
0.7670935
0.94886863
0.5407077
0.9151388
0.8397785
0.92375547
0.8942561
0.96331465
0.89518714
0.82390183
0.9075022
0.8001846
0.94753927
0.7084736
0.85054827
0.7597855
0.924921
0.9082129
0.92362607
0.92393
0.80939806
0.85243267
0.9359628
0.847216
0.8555918
0.7400597
0.9762166
0.9546394
0.8505635
0.87667215
0.7133375
0.79009235
0.9405036
0.8528048
0.78072006
0.9357363
0.8512886
0.8095086
0.8883368
0.883862
0.6685693
0.7900177
0.91858363
0.8676928
0.86546755
0.9280266
0.84284115
0.94871736
0.9674131
0.8741142
0.92710197
0.73419684
0.96883637
0.87074757
0.84245217
0.9432565
0.972669
0.8775781
0.9391741
0.8723585
0.88496596
0.72925115
0.49808663
0.7315589
0.9096676
0.8184042
0.93716496
0.8398996
0.87388283
0.89627045
0.6972518
0.94935167
0.9049093
0.9203121
0.59376585
0.93365085
0.85028416
0.87407553
0.96063757
0.8321098
0.91301024
0.70117366
0.8301195
0.814695
0.8989693
0.9078469
0.8375429
0.7788851
0.9155139
0.94396627
0.83589274
0.8260946
0.9002991
0.97874945
0.8289604
0.87347615
0.87708676
0.8823465
0.90347755
0.72147053
0.7593229
0.91495305
0.76820093
0.82331455
0.8567582
0.8496761
0.9082673
0.824072
0.7198953
0.7735028
0.7007435
0.66858417
0.7141832
0.75294775
0.85282177
0.47400132
0.7849705
0.8418373
0.8795544
0.8322011
0.91388464
0.75199467
0.7371476
0.7489649
0.8491731
0.8845842
0.9046722
0.5834518
0.77643025
0.84247124
0.95632863
0.8651887
0.6299596
0.96204394
0.9642584
0.7426202
0.93056166
0.891228
0.87958086
0.90141755
0.93370634
0.94628704
0.54619807
0.789584
0.787616
0.84583855
0.93201643
0.797275
0.82367724
0.94065905
0.8865953
0.82057786
0.9472873
0.85940653
0.95349056
0.9539386
0.9655262
0.97169906
0.7836226
0.9072342
0.93662775
0.8971852
0.6989304
0.9532623
0.9018422
0.9221605
0.8513875
0.93867093
0.8941306
0.7556623
0.9245762
0.9105823
0.9411345
0.7497504
0.96194744
0.9229252
0.93619823
0.7921314
0.90456975
0.8964534
0.9345476
0.85670274
0.9426902
0.8023097
0.88909316
0.9147392
0.77724886
0.83334917
0.97264236
0.84026164
0.7524674
0.85337615
0.7308854
0.82908267
0.87548953
0.8297604
0.9250282
0.9576361
0.97773993
0.85971564
0.8989447
0.7837447
0.8288813
0.7769959
0.83586305
0.80738413
0.5748618
0.92068505
0.89731234
0.93842614
0.9458528
0.79204446
0.6514632
0.9277255
0.8709087
0.76215464
0.93289375
0.8625396
0.46549127
0.8978431
0.7646074
0.90370995
0.84506917
0.88088226
0.9247033
0.8853966
0.8686851
0.92885727
0.9190552
0.83103687
0.88326675
0.87738216
0.9668609
0.9522065
0.96029276
0.712298
0.93967474
0.9106621
0.8964261
0.85734737
0.899175
0.8534703
0.87257516
0.87235737
0.9355829
0.74717206
0.85116804
0.8148832
0.7590253
0.8565469
0.9733667
0.8303822
0.8254329
0.45415422
0.97114223
0.789158
0.8027456
0.9151999
0.9341329
0.8332478
0.85331094
0.9419099
0.8939841
0.8238599
0.9352346
0.8599192
0.67488295
0.9339985
0.54837275
0.932498
0.6641678
0.84210664
0.84657997
0.84525996
0.81781346
0.9210707
0.8823383
0.8038324
0.90755284
0.77162373
0.93842363
0.8803234
0.9184698
0.8477381
0.95331377
0.72361237
0.8569267
0.90193284
0.86941415
0.8873696
0.8751458
0.90505505
0.87222797
0.8611109
0.78145134
0.883292
0.92713964
0.7758847
0.8152281
0.8233874
0.89027154
0.8351881
0.91579545
0.7982607
0.90740263
0.66701573
0.66840434
0.94888103
0.8865289
0.70380026
0.88260573
0.83771825
0.82289416
0.82372457
0.94038004
0.84441304
0.79403275
0.8472247
0.7730414
0.7925671
0.660587
0.88130534
0.8409748
0.86049664
0.89823693
0.7951536
0.952222
0.8309173
0.9091719
0.9500424
0.89994615
0.9049213
0.9300806
0.8759982
0.9066833
0.73474306
0.76378936
0.9002681
0.92225116
0.7199046
0.9335691
0.9589551
0.9167262
0.9331678
0.91644824
0.93331397
0.6770447
0.7838333
0.7995279
0.9432186
0.8485507
0.7538356
0.8245038
0.9779157
0.7408519
0.8033847
0.95080394
0.753942
0.9359339
0.745541
0.86966014
0.85682493
0.7421538
0.9556673
0.8583922
0.78480846
0.9330423
0.7885064
0.9228444
0.8643292
0.9034866
0.87974775
0.89532936
0.81032544
0.970757
0.8140256
0.9056697
0.77394193
0.81751776
0.8162378
0.93721646
0.8718145
0.82540613
0.89979845
0.7566544
0.9064747
0.8360067
0.8021281
0.8929854
0.817517
0.88794565
0.89668334
0.7768256
0.93254185
0.84874386
0.8708682
0.93478405
0.94197714
0.91039395
0.9616647
0.87605965
0.8158925
0.7817199
0.86580503
0.82807857
0.9129252
0.79005015
0.9097006
0.88575387
0.83783454
0.8821711
0.9157827
0.8025901
0.93099964
0.86621314
0.96519905
0.9381102
0.832758
0.92064536
0.8540001
0.7900753
0.85074675
0.745883
0.8139315
0.9203588
0.853719
0.6991968
0.8937508
0.931681
0.78245175
0.9298639
0.8915137
0.85350573
0.841792
0.8664697
0.8613615
0.8431354
0.8589381
0.8982897
0.7498744
0.8839527
0.76199687
0.87191874
0.8826703
0.7176077
0.9350872
0.9573289
0.78041357
0.7785177
0.9005076
0.91376215
0.81320167
0.85784864
0.8505385
0.8463336
0.8193858
0.50573313
0.7563162
0.9087964
0.8128207
0.6933349
0.84328204
0.7414064
0.86513126
0.8681646
0.7723078
0.93974006
0.9166052
0.97113395
0.97347045
0.7359312
0.90943426
0.365498
0.7467566
0.9431112
0.80151093
0.66685367
0.6165464
0.9529476
0.86961377
0.91895735
0.63900554
0.8506942
0.65278935
0.95623595
0.7052437
0.8545984
0.94834703
0.8651899
0.7343011
0.89037913
0.8498088
0.9512019
0.8931049
0.82977736
0.846006
0.8080294
0.788701
0.94241726
0.7379644
0.93049383
0.7056338
0.87393904
0.7674516
0.81847
0.7934552
0.80177695
0.82844937
0.86289346
0.78519857
0.7970321
0.8917344
0.9098597
0.90595174
0.92611873
0.69814974
0.83298755
0.78109443
0.93897516
0.9127576
0.78891504
0.7299053
0.85462236
0.8530168
0.9218729
0.76938283
0.6566748
0.9099857
0.9505183
0.875223
0.6536076
0.9556891
0.7511847
0.8036059
0.54681695
0.6975876
0.8488322
0.9332157
0.8562486
0.8628454
0.878234
0.83318233
0.94304144
0.92427874
0.725981
0.81350744
0.96427786
0.9299878
0.8108748
0.9585132
0.87474895
0.83006907
0.87492555
0.88971055
0.9349092
0.78888893
0.96083593
0.8340767
0.84533155
0.8204775
0.83825314
0.92267996
0.9017709
0.8987198
0.91630477
0.8973387
0.884624
0.9656129
0.9590341
0.8692199
0.9551526
0.9571315
0.9045623
0.73719174
0.9073915
0.89523077
0.752879
0.9401199
0.8433589
0.8205456
0.77933747
0.8430443
0.89845
0.88477725
0.9304816
0.83949935
0.79048985
0.8491879
0.9050572
0.8165167
0.9256269
0.82782197
0.71022785
0.8431561
0.72189415
0.9535631
0.88564503
0.81724143
0.769408
0.88972545
0.9632624
0.88427913
0.8282663
0.86121505
0.9171176
0.80254316
0.8651947
0.91378874
0.9177275
0.8941744
0.8588673
0.77393806
0.84288526
0.90103185
0.7560872
0.800911
0.91508126
0.91422635
0.9188924
0.840018
0.58369774
0.9061609
0.93952453
0.8872325
0.8537965
0.8365277
0.87124217
0.8452203
0.92475504
0.8127951
0.58641976
0.802245
0.88560224
0.92270947
0.9232309
0.9111296
0.88279724
0.97715056
0.6009601
0.8197296
0.7913887
0.78353035
0.6361944
0.74531186
0.70135546
0.7519461
0.82077044
0.9555342
0.5065899
0.99293554
0.90061504
0.80177903
0.76762664
0.8279201
0.8623199
0.7078154
0.9492913
0.8951081
0.78949136
0.88082194
0.947145
0.80862385
0.7129987
0.84420335
0.9338106
0.87395847
0.765411
0.6413255
0.5653491
0.7733569
0.48229727
0.9107799
0.84172326
0.86096704
0.9076657
0.7898299
0.8524842
0.85246205
0.805797
0.67813087
0.9197362
0.784193
0.8935839
0.8019546
0.95429987
0.669224
0.5228196
0.8264706
0.94956684
0.9468373
0.86693317
0.8558082
0.8229912
0.7760867
0.9123874
0.9257385
0.75721073
0.8679369
0.84615386
0.7622907
0.63779247
0.9439037
0.8322849
0.89266396
0.9217229
0.9529037
0.8052343
0.80772144
0.7706328
0.8080992
0.814778
0.90066034
0.7813052
0.78276956
0.85381746
0.95652646
0.959113
0.88459
0.8999334
0.8306962
0.60208493
0.9423958
0.8658503
0.86430806
0.77174014
0.91036403
0.9055001
0.85987854
0.9600637
0.93156207
0.8528497
0.9459666
0.8072903
0.8721763
0.6320896
0.7814728
0.92908555
0.82191133
0.7458335
0.83704555
0.9452594
0.8514594
0.74577886
0.63831776
0.95733714
0.9053419
0.80096376
0.6758279
0.8913093
0.8415829
0.8933046
0.9394056
0.65875256
0.930853
0.9274819
0.8561615
0.8626335
0.86308104
0.9134202
0.7205182
0.5497192
0.8329479
0.89482427
0.7755407
0.6291131
0.84691364
0.9515432
0.88870996
0.90681857
0.85616356
0.86591256
0.9075672
0.79400414
0.91957664
0.8247236
0.82272637
0.8382064
0.73272
0.8387198
0.96207947
0.9643657
0.95116884
0.6595473
0.86708784
0.8349503
0.66294444
0.10606747
0.8109913
0.92233074
0.78037834
0.8229893
0.8642255
0.89534605
0.889685
0.9472256
0.74330235
0.9142889
0.8215047
0.95686275
0.78209245
0.8447641
0.917213
0.82724285
0.7337545
0.701332
0.8873833
0.8941695
0.755899
0.86913717
0.9116085
0.8980242
0.7985498
0.8428189
0.9739111
0.88470894
0.8876252
0.88628376
0.92875016
0.88717085
0.943673
0.8615444
0.8678436
0.9139541
0.8524202
0.85983485
0.90272236
0.926371
0.58704334
0.9619856
0.8668072
0.8961069
0.8204459
0.8527955
0.86561435
0.88345546
0.84918296
0.8937226
0.7950393
0.71553546
0.867506
0.84105426
0.8418565
0.79404515
0.5623812
0.9557302
0.8057703
0.7109353
0.82021445
0.808507
0.8179362
0.80258787
0.93409127
0.8978925
0.88932705
0.73308915
0.78927785
0.87638605
0.8807397
0.92791355
0.94679797
0.67161775
0.91164464
0.88427603
0.8568692
0.93507445
0.87059724
0.90037996
0.84863716
0.8925152
0.9048564
0.94906384
0.8241667
0.8886103
0.8220454
0.7601621
0.816417
0.8652556
0.9237167
0.77080095
0.9149906
0.9257191
0.7834068
0.9461763
0.90330696
0.9058686
0.946623
0.7446257
0.8726563
0.9352319
0.8124152
0.8056725
0.91219383
0.97364163
0.8759233
0.7416715
0.9055132
0.4200997
0.86332077
0.9047234
0.91528547
0.84426886
0.7207376
0.9334181
0.95451146
0.95069146
0.8084859
0.7057401
0.8730246
0.9538577
0.8450067
0.90249693
0.86942226
0.6964579
0.90638936
0.79663676
0.77537686
0.7822381
0.9172444
0.71263427
0.8431786
0.7943273
0.84940785
0.883399
0.92996323
0.572309
0.8661181
0.9192068
0.9572152
0.89715797
0.84648424
0.8873127
0.84966195
0.75136626
0.7653947
0.7901678
0.9448253
0.9335142
0.7416682
0.8829763
0.8197831
0.830655
0.863886
0.92062616
0.92765766
0.9476298
0.9589991
0.92122614
0.83440745
0.8562217
0.86793303
0.7595253
0.8174343
0.91845477
0.669213
0.8272456
0.94213575
0.914056
0.9307446
0.87468874
0.7294219
0.6766766
0.89060533
0.9214745
0.86330354
0.7189473
0.9301572
0.8087262
0.85742617
0.79526997
0.9306889
0.81878626
0.8678988
0.7975564
0.9020019
0.8449284
0.8886043
0.724944
0.65527296
0.8917928
0.7794359
0.8292868
0.54675275
0.8085021
0.8770863
0.7686874
0.8250841
0.7982212
0.9294722
0.7843421
0.9194551
0.9434019
0.8933676
0.8419823
0.85694146
0.43702966
0.64334124
0.73006773
0.9303598
0.89324456
0.84692526
0.881874
0.86646163
0.6356351
0.94380873
0.9021415
0.92452544
0.9398503
0.94935364
0.84364015
0.83611053
0.7500923
0.90578926
0.8604159
0.8378695
0.97491395
0.79981244
0.7282673
0.7161265
0.9169688
0.9027777
0.90034735
0.6515422
0.8499353
0.94713515
0.8547456
0.7963842
0.95695674
0.8077616
0.8700021
0.8502965
0.7236565
0.89116466
0.82529867
0.87072444
0.9406111
0.8455702
0.90088844
0.83373606
0.96277475
0.64384055
0.85685647
0.87960833
0.87120324
0.96067727
0.7554269
0.86728895
0.8045343
0.81300926
0.8449909
0.76624185
0.8358713
0.89251703
0.80563384
0.8837809
0.9526809
0.7625783
0.954434
0.84339803
0.84426063
0.881494
0.81912595
0.8700012
0.763902
0.91591126
0.87141967
0.9064383
0.91771096
0.9193593
0.61296904
0.9711491
0.68601185
0.9520505
0.83958906
0.90252733
0.5910907
0.75581443
0.79894
0.9031146
0.7337598
0.88294345
0.746649
0.90050936
0.8213093
0.94718885
0.79761255
0.92463964
0.8578356
0.772926
0.5768871
0.91529876
0.9178302
0.93191624
0.7544141
0.8755085
0.81957567
0.737402
0.68279094
0.8653353
0.83405644
0.8583594
0.9447174
0.91045225
0.8454287
0.9199451
0.6319094
0.8880549
0.5341463
0.8254555
0.8501965
0.7321742
0.7056233
0.86560893
0.9001439
0.905432
0.9495117
0.8789423
0.9670094
0.8023576
0.95652825
0.93440825
0.8657586
0.88439405
0.7618387
0.89149326
0.8152536
0.8133524
0.962134
0.77471143
0.93530726
0.9548936
0.93636376
0.89785177
0.93778306
0.84541154
0.86909765
0.80177945
0.8676324
0.91296834
0.92156565
0.8507619
0.85875434
0.7161801
0.7912539
0.939539
0.8577511
0.5675454
0.8922373
0.80015266
0.8151695
0.8466835
0.8726827
0.7852625
0.79556257
0.8804629
0.7013962
0.91462207
0.7952987
0.8443343
0.9567882
0.9125064
0.86093956
0.860229
0.8225442
0.9667174
0.89979845
0.8573438
0.9129949
0.8705277
0.94526696
0.78106314
0.9353639
0.87463105
0.8724087
0.7228904
0.81123173
0.8384974
0.9463948
0.9270447
0.7877738
0.9593844
0.6282568
0.8956687
0.89871216
0.90362936
0.8235232
0.77859783
0.9233482
0.9019051
0.8617467
0.8987348
0.95287263
0.90742505
0.858924
0.86349577
0.8068824
0.7800871
0.785064
0.88581204
0.8555552
0.78014696
0.9049772
0.77759016
0.627565
0.8649905
0.9681827
0.78325415
0.68315285
0.9092302
0.88403213
0.6617845
0.89420956
0.95546407
0.87447363
0.57495856
0.9868385
0.7133019
0.745384
0.6928546
0.772989
0.88298994
0.9705117
0.87659913
0.89550465
0.89345133
0.77871555
0.7903934
0.84463376
0.69841474
0.8859991
0.8670175
0.7785299
0.78126585
0.90435135
0.8245038
0.95173985
0.8499007
0.8853975
0.72522235
0.90533686
0.83312833
0.93517333
0.7702048
0.87217355
0.81392574
0.8911691
0.9018629
0.8034127
0.56182945
0.9350768
0.90521085
0.9187871
0.881081
0.8746445
0.8582668
0.9358812
0.8451616
0.948594
0.9004286
0.73764664
0.9471089
0.69773406
0.7303587
0.968706
0.9226506
0.8951499
0.83618927
0.9630553
0.89660984
0.51014876
0.92727137
0.7288774
0.9601011
0.82854754
0.8315239
0.95344687
0.83256483
0.8447853
0.849316
0.7828679
0.9690104
0.8869378
0.8962491
0.8743072
0.9237623
0.8570599
0.74515903
0.90222895
0.6883639
0.936542
0.93490905
0.7956232
0.92286587
0.6534038
0.9042524
0.72533727
0.6604831
0.7041887
0.9171734
0.91289973
0.88395685
0.7911272
0.68299407
0.81361675
0.90265954
0.8084225
0.8211013
0.944249
0.85426015
0.913103
0.8548096
0.86941254
0.8385361
0.9007123
0.9503317
0.7551292
0.8968858
0.77366644
0.8249801
0.80096984
0.7168856
0.6535243
0.90691626
0.86124253
0.9201852
0.76396704
0.88204956
0.63520133
0.7485675
0.83080125
0.7147493
0.8768219
0.8796308
0.9107524
0.8483179
0.75416493
0.9300778
0.8044502
0.8355572
0.8213112
0.86306334
0.78586304
0.752179
0.95851976
0.8327297
0.8807525
0.91880316
0.9361037
0.7041133
0.9316823
0.730841
0.5405558
0.81702864
0.73495567
0.92206013
0.8813621
0.96229583
0.8035029
0.9305196
0.8408947
0.92979723
0.78298444
0.9646771
0.91994536
0.8176962
0.8216791
0.963899
0.8367173
0.9638448
0.93190485
0.8789599
0.8007036
0.8733203
0.51643765
0.8820058
0.89626783
0.9228372
0.914678
0.9471445
0.92300236
0.7718259
0.9014803
0.9127722
0.8330214
0.94091916
0.9215721
0.7861901
0.9294284
0.89727324
0.96477157
0.84963787
0.9340532
0.91509986
0.94404894
0.91126525
0.7907568
0.94101083
0.7964654
0.8524588
0.64395213
0.91076154
0.8821648
0.8739212
0.7656753
0.95693964
0.95197403
0.86806476
0.7093018
0.9212668
0.8736342
0.87054855
0.86566305
0.92920405
0.91752046
0.85777986
0.83058083
0.7700651
0.9579843
0.7432657
0.930628
0.6392405
0.9270071
0.9535048
0.9259073
0.70581555
0.89455485
0.89348245
0.93920004
0.89759314
0.8806391
0.96039426
0.6204258
0.891214
0.793432
0.9335708
0.904139
0.82131743
0.72092867
0.62490743
0.8300332
0.8242796
0.8661517
0.95826143
0.781248
0.94523436
0.81804967
0.8145793
0.97563875
0.7433122
0.90939844
0.7847855
0.7805204
0.9581336
0.7857716
0.9678184
0.7047064
0.69253904
0.95962167
0.857504
0.8788449
0.82529217
0.73040617
0.93398595
0.8798119
0.928364
0.92628473
0.85830045
0.8422481
0.8892033
0.8958714
0.95611715
0.56896544
0.84684646
0.8494918
0.83144575
0.69720304
0.8847273
0.9651828
0.64257574
0.88702863
0.86154556
0.77487147
0.79500926
0.87221193
0.6346363
0.5904946
0.92440885
0.7858545
0.94358814
0.92221075
0.9334754
0.919563
0.95155257
0.8570969
0.8935026
0.98067546
0.9086029
0.71547484
0.72852653
0.776715
0.9044075
0.888786
0.7190377
0.89276195
0.7806235
0.940379
0.91895604
0.88902724
0.8803744
0.565273
0.89083534
0.9001039
0.7124474
0.94254774
0.86615497
0.7513294
0.87746835
0.7957208
0.78954613
0.53842884
0.8968266
0.79381853
0.7079638
0.92387486
0.87585205
0.9821302
0.98192453
0.7824685
0.7864705
0.79737395
0.9025248
0.9175121
0.7723525
0.7580817
0.8193114
0.9794688
0.8753282
0.9586271
0.9141643
0.94560826
0.8639589
0.8362536
0.6018222
0.64787316
0.84888834
0.9544587
0.86215514
0.8012817
0.9085034
0.8807958
0.8761155
0.8690917
0.8701268
0.8058408
0.8705034
0.86571795
0.9285075
0.67489004
0.9442633
0.93294424
0.870387
0.90959823
0.704692
0.31911954
0.74211895
0.6339232
0.924459
0.9664448
0.8621692
0.9549129
0.8371715
0.68650436
0.91592914
0.7908344
0.88967514
0.8660525
0.5684285
0.9526015
0.7259626
0.74578667
0.8208616
0.8902973
0.7211249
0.60423875
0.8540033
0.82410264
0.910051
0.7888511
0.76081795
0.9371852
0.9051842
0.80087256
0.95612776
0.8038832
0.9305284
0.9716986
0.92789483
0.7785846
0.90163505
0.8236288
0.83672523
0.8285264
0.49206343
0.93839806
0.8537542
0.87600374
0.9436399
0.75075066
0.8162538
0.91321164
0.94791067
0.7999914
0.7305931
0.92897546
0.8477218
0.8475121
0.8551557
0.6785503
0.87629485
0.9332412
0.4686911
0.87671465
0.9118459
0.9134649
0.6865333
0.8989936
0.84617895
0.83269024
0.80455714
0.95603275
0.6547802
0.79715955
0.89172596
0.8513023
0.93880993
0.9405602
0.7995728
0.7794686
0.9010684
0.81313837
0.93132085
0.84142363
0.86804485
0.97192925
0.51629573
0.963207
0.8665899
0.8868921
0.88100195
0.9321281
0.7822084
0.73926824
0.94296795
0.9458368
0.8161557
0.67921376
0.81511325
0.8112904
0.87813365
0.9393305
0.8542664
0.75402373
0.9113735
0.94147503
0.71709377
0.78100073
0.7813927
0.77093047
0.8890275
0.81636417
0.93724835
0.88168263
0.86996305
0.94355476
0.90270245
0.83237445
0.8583385
0.84150124
0.9443586
0.9335035
0.8382165
0.83198917
0.76938593
0.8350549
0.8771907
0.85010797
0.8286613
0.91240084
0.88888204
0.8686357
0.67366225
0.6859529
0.86957383
0.7753848
0.85308254
0.82009304
0.8922633
0.84348875
0.78394717
0.7397089
0.92010456
0.917402
0.7473494
0.82527375
0.8550166
0.81978685
0.88872576
0.65590644
0.7084202
0.9397433
0.82554954
0.9483445
0.77734417
0.9250066
0.8010353
0.72683287
0.8410053
0.82792866
0.8610228
0.81330156
0.88623595
0.93412226
0.92877424
0.6959025
0.86416984
0.87161785
0.92264426
0.8389809
0.8635421
0.9161391
0.9296565
0.9430161
0.7776754
0.90914667
0.83584714
0.9224042
0.8448804
0.92190474
0.9015127
0.95052534
0.86806715
0.8908277
0.7599373
0.7864125
0.7491681
0.8093042
0.93022
0.85302806
0.8837894
0.85194993
0.82545894
0.83983195
0.72129786
0.9138989
0.9415752
0.62617767
0.74295527
0.9370309
0.8912043
0.8230493
0.7436219
0.8450006
0.9453249
0.94972247
0.808278
0.95173764
0.8802764
0.84491915
0.9294225
0.8638559
0.4005888
0.9463284
0.88494325
0.97250956
0.89691305
0.6971607
0.66510904
0.7974802
0.9210325
0.93403506
0.8756816
0.70092475
0.9059261
0.76481634
0.71788627
0.8824223
0.7604575
0.84916383
0.60459787
0.85284644
0.9183527
0.8905624
0.9674119
0.8287724
0.84771806
0.94724226
0.58398193
0.80049825
0.8858784
0.8565122
0.9129197
0.96959096
0.6669068
0.8105569
0.95096815
0.95389354
0.919505
0.8030498
0.8352331
0.97575366
0.9087391
0.8652318
0.8950194
0.94195044
0.8709607
0.6286877
0.87862873
0.7888996
0.7538858
0.8618472
0.95482564
0.7939737
0.8271069
0.864336
0.8875067
0.8524525
0.88816494
0.89183426
0.8369969
0.63746667
0.83947706
0.7733842
0.90657663
0.93114847
0.9536706
0.8748725
0.9158224
0.9194356
0.8922492
0.7326178
0.6600135
0.87968206
0.810141
0.7558814
0.907133
0.78211486
0.5326537
0.9603183
0.74526757
0.75140035
0.9080079
0.8120692
0.8898745
0.66361916
0.9468969
0.7081124
0.86997163
0.96518934
0.8575239
0.65154743
0.9314037
0.8797126
0.8590692
0.6111171
0.9021582
0.929391
0.781783
0.71939456
0.80577767
0.89632446
0.86933184
0.7858355
0.5322683
0.70972025
0.9182623
0.80577904
0.9648181
0.9009567
0.8978914
0.59696645
0.8019933
0.6108111
0.795303
0.7361163
0.8000646
0.8891709
0.78905725
0.8460586
0.8903781
0.74151254
0.83454514
0.7267351
0.80286145
0.8304492
0.93098056
0.7631993
0.87327933
0.83178157
0.8524165
0.92313385
0.9220297
0.8269556
0.85426694
0.9486641
0.8355155
0.9144788
0.8960866
0.8670989
0.5619806
0.89660174
0.8722195
0.8815543
0.7207199
0.8468109
0.9144222
0.8272288
0.88806474
0.8869555
0.7540962
0.8223262
0.9235753
0.7556134
0.9277897
0.892637
0.8469321
0.92863
0.60587025
0.8383461
0.7305648
0.9668807
0.7384333
0.84023297
0.86734676
0.7706472
0.7711454
0.8857727
0.70663697
0.8143014
0.6919094
0.8725472
0.87414426
0.767983
0.8488573
0.9337001
0.877357
0.95723975
0.7973857
0.9890961
0.7920057
0.7408071
0.80347514
0.85132974
0.8926926
0.9024786
0.93976146
0.7957182
0.9082533
0.8015672
0.70513964
0.9335761
0.841519
0.9417865
0.89854985
0.953322
0.7788236
0.8809285
0.6488126
0.93877286
0.8130988
0.46183178
0.8508226
0.88063407
0.8504979
0.93204105
0.90101063
0.76458895
0.8689936
0.8935697
0.84496546
0.9661254
0.831039
0.8731124
0.784801
0.8028323
0.68725526
0.9567241
0.8426286
0.6473713
0.70596117
0.7639202
0.952264
0.7418829
0.5229602
0.771634
0.8330229
0.9044497
0.8674565
0.8941916
0.8754767
0.9518555
0.8872603
0.96369576
0.9207617
0.67948097
0.92091125
0.8844843
0.80664647
0.83561254
0.8083883
0.9443568
0.93601215
0.8710121
0.7625773
0.87630403
0.7860781
0.9342248
0.9547813
0.95617265
0.928983
0.8666596
0.89491105
0.86764455
0.76249564
0.7465068
0.9727391
0.7984884
0.8001982
0.90479356
0.7787398
0.86552584
0.6654713
0.9036759
0.8120831
0.77015406
0.8427553
0.7228803
0.8411912
0.75281286
0.8018331
0.84304464
0.83777875
0.94287246
0.82314354
0.9529596
0.8664956
0.7628631
0.8604206
0.86100626
0.8668517
0.91674125
0.9346141
0.8736934
0.7998307
0.8718083
0.89178646
0.78887844
0.8804182
0.5747077
0.85274476
0.80716836
0.946772
0.90820265
0.77567184
0.7625718
0.9746642
0.83054554
0.8811989
0.9167503
0.87500304
0.75889885
0.72561455
0.8529845
0.7361518
0.8903982
0.7770798
0.89817417
0.8115547
0.7850579
0.9053436
0.9354695
0.9018409
0.8013746
0.84426177
0.88381076
0.94427675
0.94579625
0.8897474
0.8236244
0.9416134
0.879837
0.9199282
0.9009917
0.96763617
0.90033746
0.9477326
0.9078633
0.86889684
0.7216579
0.55625165
0.86322266
0.7811547
0.9433826
0.7839507
0.7895533
0.8535178
0.9511316
0.8362201
0.86389244
0.92861027
0.7252122
0.56520206
0.9551363
0.8495902
0.9685981
0.7281301
0.8574548
0.6849642
0.74656415
0.8196894
0.76476115
0.84939474
0.79882795
0.698587
0.72256106
0.8881171
0.92683244
0.8935358
0.8966143
0.41863376
0.90308213
0.77712923
0.7501219
0.8885733
0.8710853
0.8428349
0.91889334
0.75623864
0.7829803
0.8032603
0.5724242
0.8926634
0.9253295
0.58981967
0.7762226
0.79953825
0.8929744
0.947659
0.96258426
0.9177615
0.8361934
0.94269556
0.8914055
0.6621851
0.7920142
0.8956969
0.85982347
0.7559786
0.9754828
0.8988703
0.7206131
0.8641052
0.7064026
0.7661196
0.94495434
0.93807167
0.8675956
0.81954896
0.9414331
0.9208087
0.9164502
0.78598124
0.9658177
0.9569162
0.94296753
0.6894973
0.8372776
0.77864707
0.8156185
0.66835546
0.8117443
0.8126785
0.8400304
0.9067595
0.8601793
0.80569166
0.8675459
0.82647574
0.7520895
0.7137597
0.5091107
0.8424988
0.8303195
0.92989403
0.87456846
0.82690597
0.8841597
0.82881224
0.9180993
0.9416205
0.8460256
0.8249883
0.8610493
0.87381655
0.6597648
0.89602506
0.6714931
0.9701904
0.88589025
0.8751886
0.8200438
0.87867105
0.9132409
0.7897458
0.8723646
0.8044026
0.8557133
0.8228708
0.9376086
0.9239691
0.70058966
0.74628025
0.78025496
0.7371586
0.8501468
0.88010126
0.9517395
0.9326972
0.85610414
0.8215745
0.7112018
0.9196434
0.9738919
0.98255426
0.970389
0.742065
0.8838921
0.7447489
0.85756356
0.8617954
0.90359586
0.66508406
0.68101573
0.9174724
0.84943086
0.9247284
0.9482374
0.8111316
0.77448666
0.7600667
0.79922104
0.9659386
0.9274465
0.76062584
0.70914304
0.9003839
0.9704711
0.9143778
0.8397468
0.9121678
0.6330167
0.85322225
0.8651357
0.81078714
0.85324305
0.8424361
0.6152137
0.8051543
0.7379614
0.8957466
0.81697476
0.968177
0.76442504
0.9144243
0.93488896
0.8212854
0.90610075
0.8248727
0.79409325
0.8597643
0.84650934
0.83562016
0.881986
0.8826056
0.82056075
0.93775165
0.9060067
0.9548812
0.8218659
0.8780482
0.881941
0.9645173
0.64246696
0.66634214
0.9187331
0.8231897
0.8920133
0.9342094
0.6585871
0.9689826
0.76150155
0.8866081
0.8717537
0.79477
0.8875068
0.83960354
0.7483407
0.8948531
0.9745823
0.84669423
0.7931261
0.7305668
0.91521746
0.95373636
0.94697773
0.7122719
0.75727725
0.8843532
0.9375696
0.83513266
0.9721422
0.7774318
0.96236235
0.81188446
0.882527
0.9372785
0.799391
0.88173634
0.9491023
0.9794865
0.8538363
0.88423526
0.9035139
0.834316
0.89906704
0.85912675
0.96920544
0.9062313
0.86837643
0.9784551
0.92669684
0.8323104
0.939491
0.832091
0.82961607
0.9085649
0.8985828
0.82198507
0.9569729
0.8729676
0.9209286
0.9139244
0.88755006
0.8716778
0.8554156
0.9059023
0.63023
0.7954414
0.8666801
0.6406612
0.7867639
0.8890245
0.65900207
0.87142044
0.9557743
0.8860655
0.8235246
0.92734116
0.8910403
0.90881205
0.82426333
0.6472085
0.85897106
0.88138086
0.9189948
0.9087242
0.93967247
0.68663883
0.73907274
0.88563615
0.91333646
0.90747184
0.9057724
0.8709339
0.63843375
0.9132198
0.9329258
0.897343
0.9113047
0.94919074
0.7675934
0.8429975
0.6223146
0.7721245
0.86138445
0.8764204
0.7360076
0.8328786
0.9336898
0.8934778
0.7141345
0.9233799
0.57480675
0.6775615
0.7928436
0.6919498
0.789866
0.82289934
0.8735796
0.85686857
0.7190311
0.86711586
0.96096706
0.9564712
0.92987895
0.9388683
0.7616639
0.77328956
0.5848134
0.75765777
0.85389704
0.78599614
0.87531716
0.8972874
0.55947506
0.8545322
0.8331718
0.8999336
0.86290854
0.84689975
0.9348782
0.963585
0.8906667
0.9237713
0.797418
0.8807447
0.6893837
0.7611724
0.91249007
0.7888155
0.7824905
0.8942951
0.8733494
0.96202195
0.9240232
0.9029984
0.81866837
0.8934723
0.8439359
0.7738166
0.8828618
0.8976238
0.9552786
0.94973475
0.82956636
0.80810016
0.74665916
0.88656735
0.9155036
0.9607186
0.8081875
0.8686364
0.94328666
0.755446
0.8279813
0.8282488
0.9397071
0.72160184
0.79763156
0.8897208
0.5733177
0.73884106
0.831563
0.8293763
0.9436945
0.6623178
0.9419352
0.85906905
0.8707125
0.85976917
0.9311946
0.87508106
0.9129592
0.70485693
0.6808325
0.97839004
0.94470245
0.849705
0.9548759
0.83546805
0.5337568
0.95560205
0.8835441
0.8377102
0.87877196
0.93249893
0.8918203
0.71440667
0.84955496
0.8079721
0.83022934
0.9268715
0.7663939
0.75428396
0.8093052
0.7614339
0.92173004
0.92167896
0.94221216
0.8139351
0.9508009
0.51222825
0.89918554
0.88171107
0.70942867
0.8477112
0.6796332
0.89568335
0.4786137
0.8021414
0.8297744
0.8873692
0.828875
0.69881725
0.8930632
0.9088576
0.90262824
0.82468855
0.9365308
0.80444956
0.84293
0.8886374
0.9045844
0.64187574
0.8190632
0.8516009
0.9321867
0.8600713
0.9188276
0.9690015
0.8861862
0.82243
0.7506926
0.8280033
0.87790096
0.90777934
0.6951507
0.9182623
0.74025357
0.90088785
0.643601
0.7411744
0.9254199
0.77588516
0.7742371
0.97785
0.8496218
0.7292062
0.8606276
0.890489
0.8357829
0.66390395
0.80021256
0.93081534
0.81273675
0.917972
0.82380795
0.86907566
0.7796278
0.7999794
0.72786856
0.93505824
0.8027547
0.84629035
0.82766956
0.97124547
0.6206384
0.88308
0.7718428
0.8991865
0.79585904
0.9147486
0.8423546
0.66482383
0.81432945
0.7137648
0.96328115
0.7902291
0.7597152
0.64055854
0.9401274
0.85444593
0.8020785
0.8350642
0.8799628
0.9023464
0.9397223
0.93374157
0.860135
0.9435229
0.92820686
0.82117647
0.83955014
0.8263037
0.85903984
0.9615783
0.71720594
0.93163943
0.9346852
0.9225113
0.8589034
0.8507681
0.896896
0.7712171
0.88787895
0.71515733
0.84404826
0.73856115
0.9066683
0.79543614
0.81814694
0.7850122
0.8065504
0.6435356
0.74660254
0.917503
0.8528526
0.6747145
0.9066241
0.77694637
0.7802155
0.7845156
0.9063745
0.80538934
0.8708801
0.6335332
0.8321495
0.9088173
0.9210478
0.8957058
0.65548307
0.7891442
0.7948548
0.8361224
0.64507806
0.9659661
0.9126074
0.8878522
0.7510004
0.87213236
0.78322965
0.8107515
0.8172316
0.88399184
0.8882425
0.8914386
0.92647624
0.90188944
0.92945373
0.9164089
0.88299567
0.925963
0.86810696
0.9093809
0.82960004
0.95213103
0.89723027
0.7383053
0.8862876
0.9008285
0.8788885
0.576249
0.838129
0.789131
0.9062701
0.82047147
0.79763365
0.73709255
0.8525267
0.86459345
0.9241266
0.90926903
0.88860744
0.957501
0.9537395
0.4729281
0.9014523
0.9076506
0.7689174
0.81867135
0.7551725
0.800824
0.9586335
0.9459202
0.8404113
0.84111637
0.8585045
0.7435965
0.68577117
0.93646324
0.8787713
0.8636528
0.8711463
0.80301464
0.8716037
0.91376305
0.8554729
0.9340503
0.8821089
0.8815248
0.6860634
0.8693595
0.86082006
0.8262353
0.7982359
0.91555464
0.8548817
0.9156723
0.8153908
0.81803656
0.60520333
0.80721915
0.9658981
0.8769683
0.9681191
0.9659206
0.9247538
0.7336755
0.7847494
0.92584777
0.9216494
0.8534633
0.92987716
0.76204306
0.7151687
0.87168074
0.8947135
0.7318819
0.9276943
0.7582295
0.72074467
0.8512378
0.87001127
0.91164565
0.79156655
0.6635188
0.6898751
0.7805939
0.8392531
0.88780946
0.6973206
0.91411865
0.912572
0.88009757
0.41715133
0.7492259
0.47249934
0.8940186
0.8546101
0.945711
0.86176014
0.68159807
0.9088757
0.9342853
0.8200053
0.7455309
0.71336716
0.9305831
0.890346
0.9337655
0.5727683
0.85686874
0.8473425
0.88857174
0.9317537
0.95745337
0.9005027
0.8211125
0.8288802
0.87883186
0.9462842
0.6639445
0.7190198
0.651032
0.6578928
0.7940644
0.6709876
0.88932014
0.9065101
0.829826
0.8501102
0.942349
0.90394616
0.9415426
0.9656409
0.7583039
0.78468704
0.8880858
0.918412
0.71854776
0.75899124
0.93278253
0.8573387
0.9601783
0.68787545
0.83330387
0.923867
0.9048873
0.68916565
0.82386374
0.8880894
0.8095769
0.83831203
0.8949009
0.6228428
0.88432926
0.9104775
0.89440626
0.8369683
0.7691815
0.7730552
0.9091279
0.8600678
0.88702184
0.87233496
0.8433123
0.7501298
0.8755616
0.9311114
0.8582685
0.67605346
0.8048688
0.73356396
0.8337902
0.7434103
0.8581115
0.6210668
0.9588344
0.795073
0.82918954
0.90500957
0.81089574
0.80070794
0.9480188
0.9450388
0.917062
0.8586103
0.93071777
0.9340835
0.8455776
0.9389542
0.8871336
0.9441392
0.80447847
0.9006901
0.89279234
0.9617172
0.93805104
0.8269767
0.89687955
0.94936234
0.8856232
0.954319
0.8970602
0.8656451
0.9332191
0.68597317
0.70421886
0.9701073
0.80502355
0.8362525
0.889935
0.9737617
0.7974956
0.8625431
0.93091446
0.9197217
0.63459486
0.8605616
0.82404923
0.7261237
0.8814256
0.9066573
0.73183286
0.9331069
0.8713467
0.9295222
0.8513426
0.8905329
0.7421546
0.95203394
0.81216
0.929159
0.87814695
0.899312
0.82272375
0.79712373
0.860451
0.9166211
0.8251579
0.89884394
0.9464228
0.6884212
0.83871543
0.9682737
0.9156914
0.74584836
0.8742827
0.9555665
0.9362966
0.80731136
0.86097234
0.79822826
0.70173216
0.66817975
0.7464102
0.6198393
0.939005
0.73374635
0.81788766
0.7663657
0.86355096
0.8525476
0.86192805
0.9232602
0.9777451
0.80433553
0.70296997
0.90927196
0.8089336
0.8935462
0.9520174
0.93870634
0.89643866
0.75667036
0.72605026
0.73541147
0.77386737
0.92599726
0.7708777
0.87286925
0.9253727
0.8551979
0.73647106
0.81870204
0.80378264
0.9032116
0.7624694
0.86203086
0.9106727
0.9153968
0.9283226
0.96806407
0.9243536
0.798859
0.87995666
0.80684507
0.9000064
0.8963119
0.9477537
0.8513244
0.7586689
0.9420574
0.9103681
0.918651
0.6106614
0.73670894
0.9219861
0.7431681
0.74423313
0.9214312
0.944967
0.7844026
0.8992196
0.85071146
0.6438767
0.8380286
0.8719161
0.7777326
0.7806827
0.73483676
0.8260174
0.92662334
0.87634397
0.8994915
0.89804745
0.8104174
0.88028663
0.9607448
0.8238815
0.8636168
0.6956285
0.89598095
0.90371865
0.87264574
0.83195454
0.7557701
0.670395
0.9210547
0.6028007
0.8822228
0.91735023
0.96685886
0.70962167
0.7664795
0.81198466
0.9464177
0.83971757
0.90739024
0.8005445
0.9326854
0.8344821
0.8798907
0.5231275
0.72370195
0.92996895
0.95140666
0.74010354
0.8852757
0.87224853
0.85021496
0.9702696
0.67778367
0.8749599
0.76977533
0.8961731
0.8679529
0.7894091
0.8893193
0.80373204
0.80741215
0.83203995
0.87206966
0.66023207
0.8179684
0.8603272
0.9118364
0.83177674
0.7531025
0.69052416
0.84633255
0.70688516
0.82839555
0.73617476
0.9115225
0.81339824
0.88213605
0.8246163
0.9362886
0.8459221
0.77744836
0.9040111
0.75790834
0.9481553
0.8721881
0.688349
0.7239684
0.7841226
0.81253475
0.82668656
0.91995597
0.75280285
0.9205861
0.7871808
0.6303274
0.6980559
0.9089049
0.8936292
0.7983881
0.80296355
0.82751536
0.90061754
0.91978616
0.88155943
0.73067725
0.72477144
0.8367494
0.9133303
0.84314394
0.90935785
0.8761801
0.8920246
0.9125692
0.6892191
0.7716334
0.91918117
0.9106833
0.87881535
0.97018903
0.9015861
0.9469629
0.88401496
0.91384864
0.86684954
0.65250707
0.80808365
0.5853334
0.81675816
0.7232058
0.89794344
0.8547684
0.73695064
0.77334154
0.76244134
0.93248564
0.765435
0.713567
0.9216781
0.83719873
0.87046427
0.80606073
0.79277205
0.9007089
0.90125835
0.91454315
0.86342144
0.9407425
0.96286094
0.87854135
0.898172
0.93365175
0.6703848
0.892605
0.9285357
0.82877064
0.89152163
0.78752184
0.8300577
0.79163027
0.9270484
0.809934
0.9493989
0.8748597
0.79366845
0.87275577
0.8386471
0.9627746
0.7884275
0.9388584
0.85945964
0.7786269
0.75930154
0.823346
0.6648319
0.9130232
0.9560034
0.71391875
0.8120844
0.8321561
0.7287509
0.90882665
0.8403607
0.79625607
0.855773
0.8875816
0.84308255
0.8682698
0.7434127
0.87204885
0.8706416
0.7778502
0.8261179
0.89118457
0.8903958
0.77978575
0.94532406
0.82786703
0.8930164
0.9187169
0.7975877
0.8444468
0.92304987
0.9314991
0.8739906
0.86918724
0.8392957
0.90330577
0.8160594
0.6384921
0.8843171
0.8173839
0.8737396
0.685757
0.83201486
0.8734094
0.9372856
0.8748388
0.7345005
0.75820506
0.9455478
0.78546685
0.66894495
0.81117684
0.9827877
0.9014232
0.8634527
0.7880413
0.8775582
0.8774705
0.7880274
0.78012025
0.7404182
0.96728635
0.8213745
0.63490474
0.6569081
0.74599904
0.7507063
0.66352886
0.9471297
0.698745
0.8642899
0.83199847
0.73997587
0.89736116
0.83491457
0.75596446
0.69367343
0.7339599
0.95522124
0.8713453
0.6899789
0.7711473
0.92750216
0.7638456
0.84577763
0.91488016
0.89792806
0.7430059
0.88076687
0.90824115
0.79771954
0.80718184
0.959811
0.9009648
0.8884004
0.76565635
0.91240454
0.8926623
0.7311417
0.94873196
0.81760395
0.6570777
0.84384954
0.7423901
0.8026797
0.46820614
0.8601328
0.88806045
0.7390213
0.7946903
0.7922103
0.8276131
0.85834527
0.86223584
0.86093074
0.8089749
0.8816835
0.8200934
0.84129953
0.886349
0.7991594
0.908499
0.69314903
0.7946729
0.8242476
0.7942867
0.92565435
0.6933553
0.8683868
0.8391228
0.7467592
0.87253755
0.8254555
0.77187634
0.8383647
0.90016925
0.90224123
0.8946371
0.87048113
0.66737646
0.86660945
0.5921073
0.90550756
0.64856505
0.88759255
0.909845
0.7131765
0.8325626
0.7667962
0.71010804
0.84826136
0.93308216
0.8773608
0.9422401
0.8572758
0.91573346
0.8517217
0.77950436
0.81170905
0.82604015
0.8989035
0.90691054
0.8937106
0.7508466
0.8730137
0.88691366
0.946697
0.78864086
0.78898185
0.90503466
0.71116453
0.6562892
0.81489736
0.8991718
0.7898624
0.85874414
0.8165902
0.878976
0.79315084
0.9132788
0.8997855
0.85042936
0.89070565
0.9215537
0.9506338
0.8441568
0.84239304
0.9567831
0.94300795
0.8941766
0.82541555
0.6585386
0.924608
0.9027996
0.9597949
0.88802105
0.9489639
0.9103974
0.94189286
0.8326241
0.8200367
0.713778
0.8563345
0.8831772
0.7996959
0.77686954
0.62175024
0.78121406
0.9367589
0.9626262
0.8065048
0.8894017
0.90195704
0.9737501
0.79408336
0.72361034
0.75337213
0.8716341
0.8851268
0.81181586
0.95777106
0.9020841
0.69067717
0.8757719
0.8819779
0.89224905
0.87047875
0.9468785
0.6859495
0.49540025
0.73742265
0.63376456
0.6294456
0.86362547
0.75621843
0.8368391
0.84818095
0.79682
0.9588481
0.8301902
0.76016337
0.67951185
0.8930191
0.92453665
0.6485529
0.70864433
0.8812013
0.84746414
0.9361364
0.90868515
0.9225768
0.7941443
0.91742504
0.71138555
0.89726263
0.95040405
0.91174626
0.67978925
0.77552044
0.8820793
0.76213694
0.8384848
0.77538705
0.69850826
0.7863526
0.8750969
0.93242925
0.8232498
0.9223886
0.82145846
0.85285056
0.73621964
0.58804953
0.7962183
0.80792594
0.86684203
0.9181944
0.82340586
0.925637
0.8811786
0.9222085
0.84438294
0.71210617
0.78493536
0.90621984
0.81401557
0.688913
0.94772655
0.8973512
0.9613799
0.9403948
0.7008994
0.84960544
0.89076144
0.68948376
0.85639626
0.9660096
0.6166503
0.71661043
0.92946154
0.87331104
0.9766134
0.8979695
0.9043344
0.8753352
0.8926226
0.9422643
0.81930786
0.75104594
0.9265553
0.9013734
0.93920743
0.8780084
0.939973
0.73599005
0.9474286
0.8806584
0.9194031
0.7869316
0.7644113
0.9067739
0.7400096
0.79950505
0.9185362
0.95621455
0.7674253
0.81969357
0.8731524
0.83842266
0.934096
0.727179
0.7744777
0.84774566
0.8413508
0.66745526
0.7067487
0.7937659
0.8891883
0.6626679
0.7326435
0.87492704
0.8153033
0.7694836
0.91691643
0.91389877
0.81123114
0.68094945
0.85463107
0.77298325
0.9422436
0.86518437
0.91707796
0.82787395
0.9717827
0.9080893
0.87043744
0.8778359
0.6382198
0.8244036
0.8951104
0.953517
0.7862629
0.89130616
0.83444035
0.96474636
0.8814163
0.8225672
0.7972634
0.9248322
0.7835187
0.6902513
0.80389506
0.75223047
0.6719772
0.75185156
0.9534124
0.7704194
0.60856944
0.87869847
0.8908936
0.8062259
0.94898087
0.79596794
0.84521365
0.8411207
0.8759593
0.9560082
0.7775935
0.936909
0.9327669
0.7929872
0.8011241
0.7735713
0.8255541
0.8456015
0.8089562
0.7647819
0.9714417
0.9353085
0.96305406
0.88037205
0.77575064
0.8021192
0.9299668
0.89139736
0.9360626
0.7340886
0.6394682
0.71623755
0.95350605
0.8232284
0.9175886
0.9362684
0.9523669
0.92471474
0.84110004
0.8998626
0.7653427
0.83251876
0.968239
0.8542824
0.93566906
0.75381076
0.90979624
0.8903833
0.8891372
0.79351366
0.86666656
0.894552
0.83985317
0.87600553
0.93278766
0.9324526
0.93774587
0.9330411
0.6793314
0.73281705
0.9156598
0.9436646
0.7580238
0.76485974
0.90882325
0.8921169
0.8363432
0.6418941
0.7517078
0.60451394
0.7220594
0.79578876
0.9248948
0.81940144
0.87172925
0.9034715
0.7697825
0.9713054
0.938759
0.93418396
0.54219234
0.8375452
0.8079482
0.87410223
0.84292984
0.8992358
0.88360417
0.91493833
0.70013154
0.7241471
0.90570265
0.9395702
0.6697382
0.86277646
0.7212144
0.7611234
0.74887
0.8000322
0.79850847
0.8880312
0.90042496
0.8039338
0.89411646
0.83719045
0.84602463
0.86802363
0.7762508
0.8537382
0.6036341
0.6252377
0.9118625
0.85112816
0.68054295
0.8654591
0.95576644
0.6634173
0.9485736
0.7426191
0.89155424
0.89151853
0.941772
0.8422507
0.89782333
0.8838676
0.9129329
0.7756002
0.82369924
0.92426276
0.86583054
0.7618569
0.8597058
0.8538953
0.96013093
0.8947966
0.96496844
0.9118093
0.94299954
0.7111126
0.9556384
0.77936125
0.7418314
0.92133045
0.90803623
0.9314181
0.90069675
0.79484814
0.9123927
0.89295
0.7641953
0.7256844
0.9754752
0.81186265
0.96821547
0.92620134
0.87621605
0.8976411
0.9142857
0.67799145
0.8728509
0.8721509
0.8293998
0.7734585
0.5866889
0.96886367
0.85747695
0.9716255
0.6656356
0.7239347
0.6261083
0.8886337
0.8947631
0.9683353
0.89870787
0.94270915
0.75936687
0.8913702
0.8926839
0.8286303
0.9266819
0.6647643
0.76537716
0.8264587
0.7644696
0.8384771
0.8784669
0.8347334
0.7657509
0.84245265
0.7260049
0.7680991
0.8647587
0.64195484
0.85504
0.85921013
0.7485354
0.8878373
0.5848681
0.7836947
0.85291797
0.8468074
0.8844012
0.80821097
0.70366514
0.86933196
0.8873358
0.8236449
0.82338583
0.87033355
0.65424997
0.7916143
0.9483031
0.81656575
0.877636
0.91854584
0.706943
0.9128951
0.97473097
0.8576132
0.81368977
0.67409366
0.96709955
0.89066195
0.76357937
0.8003913
0.971075
0.9635001
0.8110453
0.92836696
0.9313489
0.8921553
0.8114466
0.95254904
0.853987
0.7888068
0.98307824
0.7212677
0.9277108
0.9018334
0.94548225
0.94093853
0.9206876
0.6829434
0.79538274
0.85546076
0.8886094
0.8900713
0.8425994
0.88003635
0.64857966
0.7849701
0.85947675
0.7824519
0.80817544
0.94972914
0.97568744
0.7862185
0.9475941
0.93483466
0.90188575
0.8272521
0.8564663
0.7835584
0.8972861
0.88930976
0.68512225
0.755466
0.88660043
0.9129181
0.80900145
0.6766853
0.9611492
0.90614307
0.8727198
0.9277199
0.8976258
0.73532426
0.8258639
0.87847114
0.9398037
0.751291
0.66143316
0.8892261
0.85225797
0.95747715
0.87645173
0.7310884
0.88398564
0.69179535
0.9525947
0.9045121
0.94865924
0.6177475
0.66857445
0.86104935
0.80898446
0.8734498
0.941431
0.95983243
0.81665915
0.7947726
0.7569337
0.7921269
0.77045983
0.886821
0.6561389
0.7208556
0.58319646
0.9335807
0.6799217
0.53255075
0.88554364
0.83961785
0.9216554
0.87990904
0.93289274
0.8611161
0.86274743
0.9083916
0.91104317
0.971514
0.7784294
0.8338707
0.7388982
0.6806286
0.90837574
0.88087547
0.5506739
0.93872565
0.9078538
0.8302707
0.9103953
0.7163159
0.76278853
0.8414958
0.9501871
0.9386089
0.94854337
0.94064724
0.79915935
0.93325955
0.8899221
0.9131545
0.8969935
0.84513944
0.9421634
0.8367822
0.8747541
0.92814016
0.7361624
0.8142299
0.8489024
0.96410275
0.92650926
0.85414404
0.903544
0.87331486
0.89703715
0.8756923
0.97063446
0.826342
0.79808086
0.88632643
0.8583213
0.9072331
0.91524494
0.9045626
0.76518655
0.87589276
0.9100816
0.81968063
0.6869068
0.8034465
0.8940048
0.82362413
0.8054044
0.7999945
0.8359114
0.5888411
0.6969263
0.9376246
0.83993936
0.7120774
0.9272342
0.90508497
0.88399434
0.79951113
0.8585154
0.75228536
0.8228811
0.8825252
0.75815964
0.69246423
0.80033517
0.6786143
0.7301833
0.62899053
0.98224986
0.88609576
0.85465693
0.8204222
0.6775333
0.9475203
0.88056403
0.77430576
0.7655029
0.93863857
0.8990684
0.9385705
0.9227046
0.8281932
0.8737841
0.77566814
0.9198955
0.835107
0.9050534
0.9019922
0.8672693
0.8120656
0.62892026
0.92260647
0.82630384
0.94282323
0.8434139
0.80710906
0.9392009
0.7823549
0.95326895
0.9654548
0.6272284
0.90101147
0.9095591
0.8837874
0.6358741
0.721357
0.59388494
0.84514093
0.9571494
0.9206151
0.9008544
0.8964622
0.92627084
0.77265215
0.83584094
0.5402017
0.93864274
0.7569896
0.9457224
0.8842487
0.8784282
0.8705198
0.49553475
0.52250844
0.8293878
0.9384429
0.8160561
0.876463
0.9231492
0.8733559
0.9672139
0.9323835
0.8740025
0.8624898
0.68311715
0.96433693
0.9212546
0.8570598
0.92107993
0.8486409
0.93422353
0.92149675
0.760019
0.9059333
0.85618055
0.7953583
0.67222047
0.85727096
0.8389765
0.82327366
0.8050833
0.7510512
0.8458006
0.7524357
0.8657683
0.8248793
0.72358525
0.9132025
0.7901373
0.8037538
0.8015256
0.8528609
0.9487298
0.94122064
0.6467568
0.8290927
0.8733039
0.75956583
0.6414241
0.66355234
0.743779
0.94706833
0.8775564
0.5464468
0.76318294
0.8889805
0.8262926
0.76226425
0.755944
0.8993836
0.88342065
0.5782342
0.8582995
0.92090094
0.9815518
0.9356097
0.9137882
0.8159495
0.82425624
0.9395384
0.8386045
0.75601995
0.8646613
0.89214444
0.80283886
0.71885574
0.34210068
0.76343495
0.8869874
0.84186393
0.85813713
0.9564077
0.9221364
0.885632
0.89374053
0.8448244
0.8763111
0.87447566
0.8733549
0.7170653
0.90452147
0.7943548
0.75265324
0.562111
0.8172557
0.76490045
0.8484069
0.8189634
0.8387523
0.7298399
0.8584127
0.9021857
0.924695
0.8847239
0.7948985
0.84591633
0.9454296
0.8436736
0.91678256
0.88133264
0.6744501
0.7996492
0.76111865
0.91728896
0.8608315
0.8251125
0.9316209
0.6333713
0.86998355
0.9181888
0.78388363
0.91232926
0.8952132
0.90774596
0.70019186
0.7290807
0.8665483
0.86271346
0.74480534
0.85431886
0.9236577
0.9209449
0.9002445
0.8186891
0.8749718
0.94102955
0.76955324
0.81997144
0.6941949
0.774384
0.8850862
0.9020132
0.7618768
0.8340949
0.5025698
0.8284991
0.8098022
0.73874265
0.95839304
0.8373386
0.7480926
0.8614279
0.8869366
0.7334593
0.8596771
0.8457916
0.8727006
0.92613447
0.8656425
0.6818
0.8700472
0.7970905
0.88991785
0.7876527
0.78299826
0.908059
0.8698544
0.86205935
0.87084395
0.9395578
0.91861737
0.9001552
0.77084744
0.8015084
0.89693373
0.73590493
0.8866253
0.9505379
0.74437046
0.90315235
0.82801193
0.8944094
0.95132565
0.9358663
0.83860373
0.9167587
0.9226365
0.750531
0.8864643
0.8540505
0.6950178
0.667446
0.85315037
0.9141938
0.87326026
0.8729157
0.85245067
0.7468067
0.7700409
0.80952716
0.79138803
0.72955775
0.7845734
0.89499843
0.8002316
0.89615697
0.9444854
0.7409304
0.88824046
0.91119725
0.69065255
0.8838438
0.93708515
0.77581203
0.92059916
0.9544828
0.7670197
0.8553028
0.89193916
0.89455104
0.48550957
0.9291259
0.8403342
0.77440983
0.7975706
0.86417395
0.87753
0.69139695
0.8427243
0.8120372
0.77958035
0.7734552
0.89781743
0.80853105
0.9544015
0.91539806
0.9187145
0.71325946
0.82147795
0.931083
0.9274068
0.72834045
0.6881562
0.8400925
0.9487571
0.8495022
0.8442117
0.6166811
0.8626231
0.9674026
0.9187493
0.91318774
0.8226293
0.8685833
0.8227242
0.7062482
0.8650445
0.89799106
0.47234008
0.88992465
0.8063245
0.80693334
0.8307491
0.8491382
0.8907658
0.8879264
0.70318437
0.88555074
0.74993265
0.89373577
0.8079536
0.93219995
0.86592674
0.87878776
0.7771082
0.8415908
0.6145162
0.89720607
0.90627605
0.9059622
0.8955861
0.7074568
0.8306411
0.7626293
0.83193165
0.7112418
0.92336327
0.7486389
0.7189265
0.9054475
0.7275878
0.87926364
0.8327058
0.7984174
0.29670927
0.80614066
0.7774751
0.9677051
0.7855232
0.7514745
0.93774706
0.82281613
0.5515405
0.8421203
0.9025414
0.6589821
0.92676795
0.9045355
0.6550449
0.87824726
0.75825137
0.9132591
0.56383234
0.7570193
0.8716097
0.7557569
0.8428905
0.7330692
0.76832503
0.8297626
0.8860592
0.90293735
0.84188354
0.87092376
0.82913405
0.83678436
0.8558903
0.9489532
0.90400296
0.83808297
0.79721725
0.89058024
0.84328073
0.6326543
0.8727683
0.71429384
0.82411367
0.9267351
0.8776341
0.8259598
0.92558014
0.8256752
0.8943244
0.9087397
0.7313485
0.7564869
0.949342
0.78449726
0.72295797
0.92716086
0.9245414
0.85364354
0.7621219
0.8750494
0.6515729
0.9296378
0.9278989
0.85115045
0.8943883
0.5845754
0.929884
0.83704674
0.7373308
0.8909265
0.8991888
0.795171
0.69858396
0.89128685
0.78883797
0.69608015
0.8162509
0.76149225
0.5614088
0.64767617
0.8414459
0.77664506
0.7681152
0.7819252
0.8583281
0.870318
0.75652224
0.8282772
0.92657685
0.9544351
0.7363467
0.9532375
0.74517184
0.74246377
0.9816256
0.6642596
0.86122215
0.86566746
0.9165003
0.90741
0.8924976
0.8387143
0.7156194
0.9413849
0.8312504
0.75079626
0.6772969
0.78422284
0.8586676
0.7869996
0.8744102
0.871175
0.722125
0.7271761
0.8388082
0.9497449
0.8490253
0.8335437
0.898239
0.7553122
0.8422787
0.8949196
0.8423551
0.64184624
0.8141235
0.8518968
0.9722199
0.90714955
0.73895586
0.7938777
0.7143993
0.9642589
0.8018854
0.8766672
0.8521273
0.7569463
0.95168877
0.9334456
0.9548917
0.92849666
0.6463686
0.7657911
0.5818663
0.26480198
0.8687882
0.830237
0.9299947
0.8606948
0.89271134
0.71156096
0.89642644
0.8721378
0.8660344
0.9469424
0.84499216
0.70591676
0.7112215
0.7134645
0.8250251
0.7862862
0.6646275
0.9398055
0.85323066
0.83697367
0.6487987
0.96128124
0.69129753
0.82335454
0.552406
0.92963034
0.9163978
0.85879767
0.9208391
0.9622024
0.6954107
0.95820296
0.85222596
0.8068565
0.77399296
0.9505724
0.7155002
0.9197077
0.89856374
0.8740257
0.81402975
0.84834146
0.8951291
0.9206097
0.74313766
0.93538857
0.84527177
0.8260925
0.8181068
0.7436027
0.73255914
0.77240163
0.831136
0.7882581
0.8174709
0.8858066
0.8756561
0.8200841
0.5897487
0.8016633
0.90820295
0.88105106
0.7061606
0.91154605
0.8132394
0.7434063
0.8820116
0.9531402
0.6940317
0.88987654
0.53417087
0.815184
0.9522474
0.8202002
0.88259584
0.8571231
0.78250754
0.8401523
0.8022625
0.8768644
0.8068634
0.8422249
0.76853114
0.89647216
0.76127326
0.82663447
0.95149815
0.9610046
0.6559024
0.85046774
0.89749485
0.89544916
0.8912529
0.7111859
0.71081674
0.7915019
0.7361181
0.8094475
0.942677
0.8005944
0.71217203
0.8439645
0.91567403
0.8657017
0.88072026
0.89304316
0.9697524
0.8073583
0.8825316
0.71035784
0.7422393
0.89485526
0.8749455
0.7646822
0.7860365
0.89057994
0.94254875
0.70195
0.7999242
0.8427118
0.9425249
0.8191363
0.85935676
0.90336436
0.9003763
0.814119
0.7968088
0.90276754
0.7914562
0.92240375
0.6112785
0.82104695
0.889819
0.9682127
0.9052764
0.8609796
0.84718305
0.79276794
0.82253736
0.81540704
0.77169997
0.8707605
0.886034
0.81072193
0.78892696
0.705148
0.8705469
0.9058082
0.8990671
0.91247326
0.7245722
0.9261814
0.64149123
0.8626013
0.782776
0.81349754
0.5744657
0.77670264
0.87775356
0.92487633
0.70813495
0.8568498
0.73800385
0.7424296
0.8970914
0.7894957
0.8467766
0.9304967
0.8573517
0.78283834
0.9228325
0.8854934
0.9061327
0.8394066
0.9398389
0.90857804
0.9317962
0.8734516
0.93004
0.77911246
0.9560615
0.8063194
0.93026936
0.76122594
0.8039504
0.8505894
0.8316796
0.7560782
0.61706924
0.8999832
0.92314786
0.8798878
0.6605619
0.84879196
0.8389297
0.8120502
0.7081155
0.89266896
0.9502493
0.8249172
0.92740655
0.8287619
0.97390974
0.8330589
0.78906816
0.8906395
0.9120616
0.932068
0.7760841
0.89266974
0.8219868
0.83042383
0.83403265
0.7626824
0.75211114
0.8909126
0.93793046
0.9039014
0.7933404
0.83967996
0.6949743
0.8804897
0.82047004
0.8255249
0.8334421
0.906073
0.8909086
0.9292501
0.91631603
0.9572314
0.93695116
0.71441346
0.78291416
0.8337256
0.8684796
0.94436455
0.6087819
0.81347775
0.64519465
0.9077836
0.9417586
0.8917283
0.8229877
0.9241494
0.59287435
0.8878877
0.97857666
0.74550295
0.92685574
0.652265
0.9148038
0.91810113
0.8935078
0.8589109
0.5907344
0.8020909
0.6590418
0.79692113
0.92884046
0.83001435
0.8532764
0.88534105
0.8571818
0.6914596
0.7340501
0.7938441
0.9075692
0.88412774
0.7614725
0.8493121
0.5203662
0.74529123
0.7094614
0.79571205
0.94884354
0.68832046
0.92632675
0.85738087
0.8740244
0.86710036
0.6780053
0.9454869
0.7981224
0.9586227
0.8412014
0.9147917
0.8831268
0.8141622
0.9044947
0.9081736
0.91065514
0.9487137
0.76616025
0.9417316
0.41826376
0.94311225
0.8794884
0.6676739
0.69817984
0.7282593
0.7087035
0.9336744
0.85291564
0.81709343
0.96902287
0.74464595
0.8127793
0.869397
0.93492794
0.9636707
0.5433523
0.85748684
0.8568092
0.6938131
0.7069197
0.9583621
0.89038014
0.7407069
0.85459876
0.70035183
0.9355788
0.88988614
0.93352824
0.79578197
0.6800834
0.89081913
0.5393416
0.7764314
0.8829419
0.6102692
0.79201376
0.8774035
0.8658101
0.9452483
0.89441323
0.85210043
0.93033606
0.8269931
0.80409825
0.8572539
0.9376498
0.57599545
0.6821234
0.9645781
0.69326836
0.75385106
0.88414115
0.88180417
0.692596
0.7320423
0.7875956
0.8673017
0.8548825
0.9188127
0.87005746
0.87540895
0.92897785
0.8672184
0.8496323
0.80507076
0.9758785
0.7460758
0.9193948
0.8427063
0.77366215
0.8290731
0.86360574
0.868289
0.8658147
0.8937333
0.903
0.8969947
0.90638036
0.55337954
0.62780344
0.8564101
0.87728226
0.7948506
0.9176161
0.8670566
0.9137765
0.82438785
0.86835605
0.79072756
0.7113805
0.80470186
0.855578
0.8542537
0.783383
0.7470084
0.62224156
0.83888704
0.72714317
0.6755204
0.8106494
0.920771
0.6230387
0.655699
0.84720355
0.8405282
0.89671874
0.8766477
0.84925365
0.83349794
0.94911605
0.8242568
0.83602697
0.8800447
0.604442
0.8089013
0.93144995
0.9541164
0.82097036
0.8210568
0.9222299
0.8739752
0.90425724
0.7711247
0.91280913
0.811362
0.6602616
0.76141113
0.9299641
0.8566625
0.5891278
0.8740607
0.94527185
0.90187514
0.90619576
0.916916
0.94454765
0.8652303
0.6563401
0.8391371
0.866703
0.76814556
0.84960365
0.94755846
0.9027309
0.8978762
0.82699007
0.6189934
0.8224608
0.89934146
0.91147596
0.8130597
0.4724113
0.8973718
0.8856999
0.93471664
0.8553754
0.88050073
0.7242304
0.8795745
0.65017676
0.91229767
0.90218884
0.74838084
0.90074944
0.8352157
0.9176047
0.59776306
0.84982854
0.7750236
0.5616187
0.93370265
0.57296073
0.6008174
0.84788066
0.65551615
0.86260116
0.8010547
0.6488067
0.80108607
0.8919904
0.8015369
0.55059874
0.8403546
0.7195357
0.87911713
0.90523356
0.767511
0.7808522
0.77902716
0.71028614
0.84884167
0.9146496
0.7127804
0.926051
0.8981796
0.80984825
0.9349539
0.8772288
0.78239596
0.83970076
0.8687016
0.7460028
0.8045221
0.75689036
0.9047673
0.89693964
0.80003697
0.8474165
0.94395405
0.7939029
0.8525419
0.82603455
0.83906347
0.9334619
0.88526756
0.8332993
0.6574087
0.8281115
0.7874095
0.8343721
0.9548123
0.67467356
0.9151866
0.8607161
0.93842393
0.780694
0.6252503
0.82446414
0.7820434
0.8555856
0.6965437
0.9137975
0.80054617
0.77266777
0.7589042
0.95505047
0.89679366
0.78517956
0.861039
0.9284817
0.8372113
0.7256352
0.95431775
0.79068124
0.92594457
0.8960019
0.89651555
0.82971793
0.86206794
0.8542874
0.8939513
0.91282
0.85879314
0.97217023
0.6380968
0.9438646
0.90215176
0.8839948
0.9554508
0.9395645
0.81545377
0.79883873
0.930727
0.8834565
0.81914806
0.8806298
0.728477
0.68065315
0.9171619
0.89291835
0.84840614
0.89117527
0.8420403
0.88992953
0.7912495
0.93259335
0.69967735
0.842093
0.8905331
0.97582495
0.6818468
0.9676648
0.80504113
0.7577553
0.75812405
0.664595
0.92700464
0.86285156
0.77356255
0.76982903
0.82414275
0.8026004
0.9084569
0.869782
0.8403425
0.5672176
0.8151269
0.8697401
0.91729325
0.877969
0.92352957
0.81174326
0.73772985
0.9480046
0.8371665
0.9012914
0.6231485
0.9547612
0.93683034
0.72529083
0.883997
0.478738
0.813166
0.8927536
0.8893844
0.8802331
0.92520803
0.8856494
0.9140501
0.6179307
0.8906874
0.9120246
0.938527
0.96728706
0.8938134
0.8400645
0.5554161
0.70402086
0.8140779
0.93015075
0.8687573
0.92683005
0.72431445
0.8981736
0.81629443
0.5821061
0.69337577
0.8892567
0.88826144
0.8961723
0.8734981
0.9093226
0.9639996
0.8622887
0.86874527
0.8877766
0.870958
0.8119925
0.96701086
0.85872954
0.8605457
0.8967395
0.911781
0.8542492
0.9122045
0.82138294
0.9438857
0.9176769
0.8481601
0.94115984
0.9140631
0.8701726
0.87673104
0.9154247
0.68795985
0.93967456
0.6996617
0.88758653
0.71872294
0.8885556
0.9665916
0.8591309
0.91797054
0.9364896
0.7241954
0.6606547
0.7696139
0.82890564
0.9837942
0.84502625
0.9608733
0.8613443
0.9188711
0.7964182
0.9427497
0.67382294
0.7801757
0.91497374
0.8891856
0.95454097
0.8592988
0.96288574
0.9084299
0.8725312
0.946859
0.946563
0.8476532
0.8601289
0.8029136
0.66343725
0.94323134
0.65093714
0.8324865
0.93566
0.9146764
0.87760025
0.74695456
0.82661617
0.82913744
0.93643713
0.87197495
0.8642492
0.9040963
0.9214606
0.90203863
0.7620879
0.9594173
0.9032575
0.8425372
0.8466212
0.8948207
0.95106685
0.7850281
0.804336
0.9311424
0.9264903
0.58235854
0.79989886
0.91981626
0.95542884
0.8239903
0.7373099
0.9312826
0.9574658
0.73765635
0.9068895
0.81028354
0.8907028
0.74830526
0.6296928
0.55551434
0.88724387
0.8415549
0.7503849
0.5509272
0.7611691
0.8390789
0.8180955
0.89214706
0.9557788
0.84773165
0.96997386
0.6391175
0.7792959
0.8004572
0.89089996
0.8511153
0.93857354
0.8816114
0.93395734
0.92330444
0.85852516
0.8554242
0.89211476
0.77954364
0.5139914
0.8654243
0.76777005
0.94769573
0.78498256
0.7481763
0.89071405
0.83375084
0.8629453
0.79598933
0.7729054
0.9011649
0.845182
0.64710057
0.83179593
0.8616997
0.88526815
0.7225886
0.8792651
0.75554836
0.80477
0.80678785
0.9065672
0.84097517
0.87686056
0.96872354
0.8976024
0.65492296
0.87145054
0.78608334
0.90290695
0.667228
0.9143724
0.84948784
0.8128258
0.7324136
0.96467674
0.85663736
0.917025
0.94886255
0.97899824
0.7847985
0.9646588
0.9372346
0.7309693
0.8024205
0.8569592
0.8296494
0.7108493
0.82315546
0.93614054
0.8686983
0.9019486
0.6895158
0.7922127
0.8871882
0.87653553
0.91895163
0.7092794
0.7864547
0.8167012
0.5586365
0.88572073
0.7356972
0.73506343
0.82658297
0.94288504
0.77849495
0.8976763
0.92125106
0.8569734
0.7835508
0.9585744
0.90798336
0.96654445
0.8228396
0.97797436
0.7799445
0.9348328
0.7555561
0.8292914
0.9503961
0.77202445
0.931295
0.66234076
0.9015111
0.8355634
0.8506532
0.90714383
0.85923684
0.67384946
0.7210228
0.94695646
0.8743887
0.8824743
0.91229844
0.9251585
0.8902022
0.92590845
0.8644435
0.8076556
0.9521415
0.9519768
0.9468686
0.810725
0.95333517
0.50814897
0.9683817
0.9098569
0.95372266
0.71374124
0.815873
0.72262543
0.93593043
0.76130176
0.727161
0.7255822
0.8252607
0.8087025
0.7765542
0.9434563
0.8669704
0.86195594
0.7079021
0.7705263
0.7257675
0.8220545
0.825897
0.85499245
0.888034
0.9315595
0.84775627
0.706275
0.9314707
0.4923386
0.8091937
0.8743302
0.8883853
0.90480113
0.7995062
0.7522874
0.7280196
0.9097246
0.53224826
0.61384314
0.9365289
0.876546
0.87313306
0.82509613
0.7252578
0.8185054
0.50357455
0.8551206
0.6688512
0.94972014
0.88614005
0.84256285
0.8760856
0.8912394
0.8655277
0.7396571
0.8063979
0.7114372
0.8032338
0.73198754
0.87440443
0.8942404
0.7579671
0.8595698
0.8145698
0.89433765
0.67150503
0.59806585
0.85166734
0.92609215
0.85902584
0.8375248
0.83739716
0.8997471
0.8697698
0.8946672
0.91888607
0.84160554
0.8292466
0.8109473
0.8967528
0.9705512
0.86995554
0.95309734
0.8977134
0.74296415
0.9377456
0.8674077
0.79030657
0.83167225
0.7525627
0.71809626
0.90347075
0.7088859
0.97576916
0.86344004
0.9480638
0.619412
0.77140063
0.61185247
0.88413376
0.55491966
0.77737975
0.78865135
0.803309
0.68243986
0.78955984
0.73471546
0.8518363
0.83408153
0.9567007
0.9096581
0.92317545
0.73291975
0.8404027
0.910894
0.8405149
0.9298549
0.9073385
0.71665007
0.82970047
0.88373077
0.9500115
0.93133223
0.89522564
0.9676394
0.76203465
0.9358927
0.97085446
0.828417
0.95557326
0.8477745
0.88564384
0.84664124
0.78206116
0.8633955
0.95810324
0.82782567
0.76302797
0.91326654
0.82269716
0.8891608
0.7263743
0.7341362
0.91532755
0.9571491
0.97111064
0.93049437
0.8728112
0.883041
0.80274326
0.91112876
0.72068065
0.79964876
0.7628133
0.49430043
0.7938296
0.8724574
0.7573966
0.84548867
0.8073454
0.7668429
0.7292601
0.84190047
0.9102171
0.8096909
0.85915434
0.77010626
0.8098992
0.87697196
0.7230573
0.8789699
0.8698792
0.94733834
0.8886117
0.64152914
0.9268372
0.8513955
0.9069566
0.9457202
0.6882791
0.7820227
0.9308678
0.87005794
0.8724294
0.8478531
0.7771977
0.9033643
0.87180185
0.7701366
0.83849627
0.9104536
0.7915824
0.826283
0.8729985
0.85748255
0.8658927
0.9115335
0.8527867
0.52365404
0.7703523
0.91131306
0.5850841
0.8892348
0.94127405
0.73983544
0.77604556
0.7919939
0.93152165
0.95611435
0.8740159
0.9200561
0.9257864
0.8767536
0.86370105
0.9208635
0.9592224
0.75685424
0.92892826
0.85328346
0.65128976
0.840589
0.8253324
0.6714396
0.8887357
0.61034745
0.8447754
0.9340566
0.6100234
0.85025764
0.89990306
0.90083694
0.9098392
0.90600204
0.83349097
0.9612149
0.74028873
0.8571015
0.7484995
0.94201225
0.7868793
0.8574356
0.91261744
0.7137678
0.84152395
0.93240994
0.8709688
0.85195327
0.8792263
0.8421489
0.9006014
0.7957258
0.84476477
0.8478523
0.7946517
0.9561893
0.7470294
0.908405
0.8497707
0.757073
0.7850323
0.85038877
0.9019693
0.8371481
0.81345594
0.8342701
0.90404665
0.91001284
0.8733861
0.35284168
0.71896607
0.8694903
0.93964136
0.6744572
0.93256736
0.8160539
0.83028454
0.42722124
0.9675367
0.567944
0.91061515
0.8615086
0.7422956
0.7347657
0.9513565
0.94557923
0.89139384
0.8277676
0.85517865
0.96027154
0.83052945
0.8799097
0.79728436
0.6823509
0.95309716
0.9407197
0.69764185
0.8217825
0.88042986
0.95679307
0.87759566
0.79229546
0.8821416
0.8469502
0.91325736
0.862512
0.82846105
0.5492321
0.9109849
0.93910843
0.82167506
0.72678626
0.7624501
0.86465764
0.8360781
0.9385468
0.75352114
0.73944676
0.70018756
0.96687186
0.83860624
0.84333104
0.7488157
0.90411663
0.9597299
0.8716607
0.9163698
0.8546488
0.6395313
0.85033613
0.7258775
0.8438333
0.6693813
0.7224461
0.8131212
0.88428664
0.718799
0.780593
0.8489705
0.9576331
0.81475693
0.918805
0.87714875
0.946946
0.8464403
0.7959571
0.9264528
0.849602
0.8571812
0.87926805
0.7204517
0.5491855
0.9077004
0.94772047
0.77961147
0.9628827
0.86360866
0.8605275
0.92457926
0.94197524
0.65205026
0.7710844
0.90760505
0.89611363
0.8349995
0.6411968
0.5945022
0.8474997
0.81828
0.90511096
0.8320384
0.8222082
0.88862973
0.69617563
0.88228494
0.9211522
0.8769508
0.884863
0.7771598
0.79892474
0.8913753
0.79426
0.8755327
0.840895
0.8791926
0.82939434
0.83884764
0.7801582
0.70232874
0.7290577
0.8243829
0.76683664
0.70070183
0.6343261
0.7274841
0.84618485
0.85050374
0.699748
0.89236486
0.8252625
0.85657775
0.7845917
0.83699846
0.7848384
0.9081702
0.93393874
0.89050484
0.72720706
0.8589315
0.6805997
0.89138746
0.71397626
0.8441842
0.78240997
0.8266149
0.7148076
0.74423957
0.9573538
0.8977818
0.7888122
0.5555436
0.9176021
0.754545
0.85447896
0.8921375
0.7669693
0.86127824
0.64772844
0.7813318
0.8746562
0.76563567
0.9174211
0.6030174
0.9222188
0.9285676
0.8224589
0.75398546
0.9353164
0.8134235
0.6779993
0.7648054
0.9503965
0.88983613
0.92334175
0.9510479
0.912266
0.72029644
0.74388343
0.7494899
0.9195254
0.9523077
0.9193948
0.8580668
0.8774232
0.76874983
0.7728914
0.6690869
0.79946244
0.85309213
0.62007356
0.8293395
0.83034015
0.70014864
0.8214386
0.5470705
0.91271806
0.8823962
0.86792207
0.8130121
0.9218562
0.8600583
0.9109049
0.94900936
0.3792019
0.88586533
0.8576937
0.7854008
0.8708306
0.90792394
0.8264154
0.76758265
0.5996791
0.9218291
0.7893487
0.8379861
0.7056765
0.8284854
0.76699865
0.8420649
0.66523945
0.7420973
0.9140286
0.73401076
0.9269353
0.693049
0.7270438
0.8924352
0.9164674
0.5759337
0.94630146
0.8421691
0.8890042
0.88694984
0.87556624
0.9097115
0.92473733
0.74843884
0.82812804
0.9311993
0.72398126
0.74697375
0.8104621
0.90116346
0.85236496
0.71863556
0.6678488
0.92173314
0.87386733
0.81265855
0.87582463
0.9115014
0.76208746
0.9283696
0.7806922
0.7906655
0.81432927
0.89417034
0.8397893
0.8305515
0.90060097
0.85464644
0.87526184
0.7633563
0.9636745
0.4164981
0.9005433
0.8813395
0.6254152
0.87745315
0.920776
0.8285953
0.6692501
0.7189749
0.9071799
0.9286007
0.8461503
0.80781054
0.8754796
0.8796302
0.7399273
0.72704506
0.51622194
0.8269849
0.7237342
0.81251884
0.84229165
0.8204514
0.8889948
0.89886487
0.91847813
0.92151886
0.6680999
0.8513796
0.8788682
0.73146826
0.75048345
0.70693415
0.7622432
0.9230927
0.9237613
0.65709543
0.8700757
0.61877465
0.94313157
0.9038104
0.52134746
0.7351495
0.97883004
0.73579234
0.900851
0.9079207
0.79979765
0.92025703
0.9303909
0.87277824
0.8777211
0.83254766
0.88057685
0.85906416
0.73209274
0.7312476
0.81169945
0.69084597
0.88079226
0.69936144
0.81449836
0.8941543
0.6633353
0.9054181
0.81706864
0.9093067
0.55255526
0.9505029
0.6729079
0.8553555
0.85117775
0.7537889
0.7388312
0.90023947
0.7497758
0.81553704
0.8635872
0.9015829
0.4481248
0.8620737
0.7686391
0.9180255
0.56381047
0.6917031
0.9412193
0.8018657
0.93464315
0.7492162
0.86065465
0.7795044
0.88726354
0.8826341
0.37386945
0.7739056
0.6903034
0.88508964
0.67866975
0.68740785
0.8160587
0.88436604
0.7608902
0.9060915
0.80393374
0.9140303
0.855542
0.7615842
0.92123437
0.7998829
0.84386826
0.89900017
0.94435555
0.8569068
0.8592942
0.8383353
0.71210086
0.8631566
0.73970157
0.6392886
0.86077154
0.8476539
0.69246435
0.8537917
0.9505519
0.81512755
0.83007705
0.83550197
0.85543954
0.7368108
0.56328464
0.92463064
0.60731834
0.7297253
0.538468
0.9295441
0.8951539
0.9002451
0.90674716
0.83946496
0.79716784
0.934943
0.76520145
0.8284923
0.7391607
0.8208469
0.89047444
0.96412635
0.73835313
0.87003607
0.9407842
0.8555887
0.5925264
0.7590879
0.8894555
0.73356634
0.7228943
0.82423776
0.9368104
0.89799774
0.6138882
0.88993436
0.4748369
0.9213429
0.87638783
0.87196976
0.80542356
0.9105183
0.9311013
0.73757976
0.8296081
0.8483117
0.7592375
0.75544596
0.6350377
0.8488877
0.6739805
0.8938494
0.83866864
0.5520527
0.9565019
0.9406278
0.85297686
0.8967161
0.9154858
0.82747024
0.9373083
0.8790041
0.81148565
0.9137949
0.9099286
0.86567533
0.9502181
0.9288174
0.97591853
0.8541907
0.69896317
0.7130969
0.8434681
0.67344004
0.73830324
0.8848436
0.7344359
0.86915123
0.85840046
0.8608041
0.92112446
0.72994924
0.5868274
0.9351291
0.97181195
0.82562566
0.8563341
0.767702
0.8815021
0.77847844
0.737704
0.8380437
0.8157405
0.79696864
0.94114923
0.8387416
0.81418484
0.8467703
0.9436313
0.7593155
0.7417165
0.89944917
0.7220649
0.8717727
0.80369645
0.8370192
0.869554
0.78999335
0.8798794
0.50040656
0.60769314
0.844007
0.89079064
0.90819675
0.7804295
0.89192814
0.9485564
0.8623264
0.7962532
0.7451496
0.9270764
0.6202967
0.8602809
0.90863204
0.7472811
0.7244024
0.8069
0.76423967
0.816124
0.7156797
0.83332825
0.8301747
0.4149281
0.855549
0.6556908
0.67505765
0.7707287
0.8160893
0.5639301
0.89642185
0.9247254
0.7947276
0.879812
0.85872805
0.9316546
0.8985859
0.8769195
0.8992295
0.83671993
0.86419034
0.43243283
0.79250705
0.685006
0.9369488
0.8167308
0.91211194
0.82209927
0.81337655
0.9350128
0.9408601
0.85141903
0.8616828
0.7908887
0.79213107
0.85743153
0.71892273
0.8671806
0.9689188
0.9263869
0.88801825
0.6170848
0.7377497
0.57505065
0.87446654
0.88397837
0.87351495
0.85834557
0.84915364
0.8816484
0.76107097
0.6676761
0.3792529
0.7448279
0.76631206
0.96844786
0.8671339
0.84946334
0.7875885
0.7405985
0.8789589
0.89967495
0.7234192
0.73354775
0.85968053
0.8276554
0.97156125
0.5801375
0.84255445
0.8985174
0.8249643
0.70170844
0.88989776
0.8774806
0.9588519
0.7678889
0.8869016
0.8001245
0.929676
0.89103407
0.8643669
0.8956695
0.81609195
0.7288075
0.89363796
0.93054456
0.80427635
0.8346314
0.9418326
0.84246516
0.8614911
0.8541489
0.69794244
0.9570509
0.96711963
0.6973218
0.81008923
0.88567686
0.85540605
0.9424474
0.82922643
0.89097416
0.9026138
0.9278829
0.8572718
0.90353215
0.6762555
0.83623564
0.8642395
0.75105137
0.8889055
0.9016729
0.96505946
0.81176394
0.89164436
0.90138674
0.9463905
0.77398014
0.70356077
0.48978552
0.74671847
0.8756358
0.8965254
0.90700054
0.8982211
0.9377297
0.8555847
0.8756683
0.89098746
0.82076925
0.78903663
0.86646026
0.722912
0.65457714
0.8924918
0.8168602
0.75772166
0.42675522
0.6595588
0.8964853
0.81379056
0.92330676
0.8396295
0.8887764
0.9140984
0.7594355
0.8669231
0.6739009
0.85567343
0.9528828
0.83574975
0.8621796
0.8930904
0.9186081
0.91511
0.8460989
0.8230114
0.7030543
0.9025175
0.90771383
0.87382615
0.8966462
0.70419997
0.66134125
0.8030987
0.8889054
0.81234705
0.76623714
0.875455
0.78697383
0.7079452
0.8109478
0.78160834
0.9258401
0.905163
0.9486631
0.8712504
0.9584786
0.85406417
0.9101313
0.7382771
0.83606964
0.8244232
0.8495247
0.8826072
0.76791686
0.9037268
0.5396844
0.8249801
0.9253227
0.8751283
0.81195855
0.8230051
0.6485578
0.8097495
0.9421555
0.9281056
0.86063373
0.8125027
0.92818755
0.83235395
0.87222075
0.8523959
0.76994985
0.68293524
0.9498599
0.6946367
0.88810706
0.81205183
0.9182953
0.7149889
0.9344073
0.9200119
0.9118275
0.8299335
0.8760939
0.9001397
0.7243133
0.8710834
0.68102103
0.8375269
0.94750667
0.8255128
0.80331075
0.88987964
0.8621199
0.88020164
0.9054787
0.9495286
0.79401314
0.93605196
0.8963968
0.78044647
0.8334635
0.7173701
0.909501
0.93524295
0.7592636
0.7410042
0.83782756
0.91934586
0.9006651
0.81972694
0.70988005
0.81750023
0.89190674
0.93546
0.84149045
0.74075204
0.89430785
0.829681
0.94844854
0.68351054
0.68658173
0.8840546
0.7984059
0.86913663
0.71880746
0.80462414
0.8760658
0.6241213
0.8480881
0.88119006
0.84218943
0.65623987
0.8609241
0.6243402
0.9637313
0.8518293
0.8430224
0.7564422
0.81982696
0.8093831
0.9069743
0.92879665
0.6693593
0.87202036
0.9734106
0.77976596
0.9168778
0.87327224
0.95141166
0.9430976
0.87388676
0.71831423
0.65659595
0.8266584
0.59329027
0.88919777
0.77604675
0.80573255
0.77360123
0.7669403
0.80829436
0.73598313
0.93298364
0.73123336
0.5225161
0.8400278
0.7776958
0.86014557
0.90839136
0.85003746
0.6314507
0.8137464
0.8953377
0.9188038
0.9310214
0.88547605
0.896802
0.90286237
0.81748563
0.9684998
0.6722829
0.8040123
0.6539659
0.83680785
0.7719726
0.8370015
0.97067213
0.8470646
0.8530628
0.91519934
0.83601916
0.68868554
0.86814404
0.8546475
0.861148
0.7215134
0.6169789
0.82857823
0.7428798
0.79777205
0.6513551
0.71678275
0.9448627
0.7627096
0.8777871
0.81068087
0.7922604
0.9567928
0.92151874
0.8950298
0.7913768
0.95040566
0.95733
0.8302398
0.8874471
0.7923177
0.83647454
0.9150474
0.9078835
0.8271147
0.8858926
0.7770168
0.94735616
0.95262
0.82800746
0.9122468
0.85451496
0.8167547
0.5985567
0.9154184
0.89137965
0.71913326
0.8357604
0.8394019
0.8243809
0.86666393
0.8091149
0.8436663
0.92420864
0.8590777
0.8823025
0.7822829
0.92137706
0.92437506
0.38477013
0.86939096
0.86577934
0.75203013
0.7691996
0.8751116
0.7623318
0.89650965
0.92310756
0.90215874
0.85650635
0.80695283
0.9446837
0.91845685
0.9259582
0.76674426
0.85107094
0.9178611
0.852881
0.72814703
0.93451285
0.777818
0.868857
0.8919197
0.9189963
0.94250506
0.66671354
0.853287
0.956949
0.95110166
0.9348013
0.76737213
0.8129349
0.8424046
0.85721934
0.7244717
0.85607314
0.84741724
0.757072
0.8275547
0.7464303
0.8773303
0.63105184
0.83296454
0.8063048
0.5189727
0.9066462
0.77112687
0.83786005
0.7014982
0.8102614
0.79152864
0.6227483
0.8275752
0.8405613
0.82768106
0.812293
0.91040534
0.8693075
0.8741872
0.7021664
0.9722682
0.78753203
0.73962635
0.8655393
0.9075264
0.8062304
0.9106021
0.85269463
0.82513404
0.91692233
0.7733271
0.75158614
0.7361987
0.7629625
0.50564843
0.8804094
0.7760506
0.84769154
0.9474563
0.90677154
0.7395225
0.83422035
0.8309946
0.907825
0.87781954
0.7772465
0.7469686
0.45390564
0.9239695
0.8477026
0.8562393
0.65675914
0.7961199
0.9324161
0.79484355
0.62976384
0.82026476
0.93806726
0.8256173
0.909645
0.7514948
0.6988467
0.9789257
0.881677
0.7944763
0.7211742
0.91818047
0.9617555
0.64229226
0.7750784
0.73064804
0.91296077
0.8538373
0.8325235
0.91371524
0.79664576
0.8941958
0.9049522
0.8290454
0.896633
0.7671435
0.66678536
0.7998453
0.65647346
0.889225
0.68901217
0.92344636
0.8694155
0.79448885
0.8960818
0.7214702
0.8673471
0.82941973
0.95022714
0.6676646
0.8474281
0.77512145
0.9080787
0.84249276
0.82739913
0.89081347
0.79019
0.8618241
0.7189831
0.63939935
0.8667861
0.930836
0.8230839
0.7840625
0.87327754
0.8174293
0.7711537
0.938886
0.868463
0.941187
0.8822523
0.81182426
0.935673
0.8710055
0.93996304
0.6254259
0.8881859
0.73308533
0.6573992
0.85792434
0.84960747
0.8496332
0.8073634
0.7731401
0.9214355
0.8980975
0.9060343
0.8213584
0.5657035
0.91362226
0.59036905
0.8727823
0.91259235
0.9270323
0.8635363
0.8805088
0.68309486
0.779182
0.88116896
0.93621373
0.8974307
0.8733791
0.9218184
0.8100593
0.9233749
0.7488358
0.9676075
0.8288121
0.7898305
0.8966474
0.91146374
0.7782832
0.6483749
0.8746543
0.9026833
0.8123327
0.93727
0.7486575
0.9616453
0.8069477
0.8323797
0.80547047
0.87718946
0.7893329
0.8279429
0.9063053
0.77924365
0.8791609
0.6119617
0.7805907
0.8867166
0.90101814
0.95694554
0.7637378
0.89259017
0.86724746
0.86109865
0.6615598
0.87665826
0.8462084
0.7881157
0.7566365
0.87254494
0.7985189
0.80019116
0.9652022
0.6127254
0.93505794
0.64037275
0.913738
0.8614369
0.8325133
0.8986545
0.7990254
0.8564048
0.86003256
0.8322631
0.8307218
0.8844058
0.87237173
0.829146
0.91371113
0.95359826
0.92455626
0.6480119
0.8956584
0.88305366
0.7320322
0.5430714
0.9236486
0.6249544
0.8578802
0.9040869
0.9455047
0.54936945
0.8280922
0.8820965
0.807066
0.55728453
0.9155532
0.95249623
0.9292734
0.75013566
0.7457745
0.8795451
0.91747683
0.733112
0.82745755
0.8542296
0.7768106
0.90360665
0.92211956
0.69801533
0.86910605
0.7498862
0.88924944
0.8565016
0.76713514
0.8856946
0.9291521
0.93445116
0.70855063
0.89732933
0.85251975
0.96738636
0.7265394
0.63624746
0.6942675
0.860499
0.7649684
0.60683626
0.83547354
0.923283
0.5426565
0.6985079
0.9007915
0.8352
0.90151024
0.91814363
0.8053248
0.94521356
0.83917344
0.91876554
0.90497017
0.8529046
0.89944774
0.9075551
0.73486686
0.7966323
0.9016768
0.7104661
0.94574136
0.9295696
0.9218089
0.8510786
0.8936716
0.91513
0.70724493
0.9585705
0.8333888
0.72688806
0.86871594
0.9434153
0.78491014
0.91004485
0.5336657
0.9026717
0.90085006
0.8986896
0.872637
0.9236716
0.8963568
0.67268574
0.6475514
0.8019149
0.7805883
0.9222581
0.68683845
0.7072287
0.8316833
0.81840265
0.8641293
0.8888226
0.70765394
0.6320774
0.75327384
0.9188599
0.87626755
0.8278702
0.9540231
0.8211315
0.6092914
0.88053834
0.7049077
0.8271301
0.81595373
0.8202046
0.87766665
0.7919385
0.79958326
0.8972792
0.7412161
0.7653443
0.90289646
0.75799555
0.87114525
0.69256544
0.7550896
0.78254366
0.8976562
0.8131868
0.82980484
0.6409488
0.7868786
0.81726843
0.9509009
0.83422184
0.79311556
0.6512318
0.97601926
0.88144535
0.8275025
0.7081143
0.77741694
0.9101038
0.7209784
0.63639766
0.8253783
0.7480182
0.8338996
0.82375574
0.90168345
0.92507
0.84759915
0.6808255
0.80672574
0.7857612
0.91378677
0.8394372
0.7149823
0.92288196
0.8715169
0.7201227
0.7454073
0.9049978
0.7930121
0.81219584
0.8382476
0.88471264
0.83856
0.5866351
0.8154209
0.6094739
0.5136245
0.6597293
0.8495454
0.22689274
0.8593942
0.93082774
0.96296406
0.9794278
0.5635939
0.9156235
0.86488354
0.8436909
0.8596832
0.65974855
0.7415127
0.8878073
0.88792145
0.8555823
0.8443417
0.8410485
0.8966432
0.8811258
0.82745546
0.8783609
0.85563886
0.8942379
0.77899885
0.9569847
0.83896214
0.8256173
0.81539124
0.87671095
0.79495215
0.5664267
0.9144643
0.937473
0.7524746
0.8898648
0.81926584
0.87024915
0.85111964
0.9386996
0.9083619
0.9214662
0.8493703
0.8955387
0.85963774
0.8580846
0.9546871
0.7532732
0.9064956
0.7938343
0.89315194
0.5525342
0.55818594
0.70191914
0.68688416
0.8435625
0.46106002
0.9276136
0.91828513
0.76469797
0.7536737
0.77560997
0.90208983
0.8994495
0.8560818
0.86356354
0.7696779
0.94836664
0.79151416
0.80675685
0.95352244
0.8057389
0.876762
0.92615706
0.8740385
0.9316409
0.8597636
0.63929135
0.87783396
0.91055423
0.8623571
0.7707788
0.8874364
0.9273299
0.75211084
0.69323313
0.74748194
0.7351186
0.8839433
0.76826257
0.7371024
0.9418756
0.76652646
0.70289934
0.81052476
0.9273487
0.9360131
0.8790058
0.9123167
0.86479
0.93908405
0.8609308
0.7121579
0.64573723
0.701284
0.7348338
0.77184457
0.82469296
0.77993536
0.8511826
0.89697266
0.9356021
0.7031027
0.6982743
0.93187267
0.59162104
0.9634873
0.77726924
0.8023976
0.8362583
0.9105239
0.8179401
0.66151065
0.6841865
0.8258217
0.84210855
0.83903205
0.47868046
0.63248414
0.760999
0.875635
0.88894516
0.83810574
0.90573645
0.7692594
0.9171025
0.54260075
0.91816103
0.73633945
0.90384686
0.8516683
0.9169488
0.84572965
0.5967541
0.85448277
0.74590284
0.8458847
0.5216228
0.8021043
0.8537483
0.8223264
0.76943934
0.878195
0.9387228
0.84556055
0.6098317
0.8467647
0.79197466
0.9647425
0.7891041
0.9342814
0.8836349
0.9430003
0.69498515
0.710722
0.79111975
0.71614975
0.55601066
0.8333808
0.95525944
0.8721799
0.87886465
0.87235993
0.94235367
0.8272159
0.65594625
0.86445725
0.9286461
0.8003495
0.8703742
0.82058674
0.77128035
0.8402673
0.8691068
0.8651199
0.8070543
0.9022208
0.8896563
0.8971844
0.9224639
0.9053974
0.84775317
0.87150264
0.92608833
0.68623674
0.8976533
0.48281163
0.7628964
0.91167927
0.7416754
0.81780165
0.8825418
0.9312744
0.8366407
0.7813203
0.87462336
0.9590695
0.7098364
0.74252725
0.7762817
0.9372157
0.839833
0.8009874
0.9072861
0.8361761
0.87747186
0.8359211
0.9160393
0.6992949
0.67363936
0.62882257
0.79896766
0.8703663
0.8080169
0.8559183
0.9176241
0.8013407
0.6841429
0.6903877
0.8113911
0.9746414
0.69494605
0.69960874
0.6011234
0.7461067
0.94800687
0.80028737
0.8267472
0.8362357
0.62376535
0.7163696
0.7908668
0.7867986
0.89785004
0.7169915
0.821265
0.9261236
0.84734946
0.7421644
0.8025901
0.7198021
0.909002
0.8708829
0.9190601
0.86087805
0.9741696
0.9705175
0.8422866
0.9373049
0.91848177
0.7877692
0.8268451
0.82727176
0.94446695
0.91533417
0.7979512
0.9385921
0.93814874
0.9215033
0.9445196
0.93932194
0.8296827
0.78705454
0.8131205
0.9632344
0.9425234
0.75237393
0.94424623
0.84602284
0.947342
0.81014156
0.9190001
0.87095726
0.80479884
0.7469998
0.7897656
0.91180694
0.8145839
0.9743828
0.82579577
0.9097955
0.9095257
0.96959037
0.87732935
0.9195857
0.8156572
0.8432634
0.8357034
0.9088078
0.91233826
0.755781
0.8503702
0.8767149
0.9065294
0.84327215
0.52634406
0.8811384
0.7914933
0.6992193
0.3577937
0.76080865
0.622677
0.81568784
0.85643667
0.8050169
0.92580503
0.91271806
0.72198045
0.75126886
0.8704008
0.8543889
0.94780755
0.8883958
0.901177
0.62781554
0.9072053
0.90006983
0.93542683
0.8427843
0.93562615
0.8751993
0.9630366
0.83101106
0.95643896
0.8798833
0.83620626
0.92650276
0.7430787
0.87499714
0.88485086
0.8432157
0.91674143
0.72597617
0.81683886
0.9329434
0.9130955
0.90909237
0.6805612
0.9554233
0.57094514
0.8665639
0.55228424
0.8357379
0.69866186
0.88650656
0.855604
0.8693256
0.6484833
0.91550624
0.9466988
0.67383665
0.76776797
0.85288435
0.74152577
0.95384026
0.8591181
0.9329449
0.90859747
0.95682734
0.91904503
0.8084781
0.7453506
0.9205013
0.8814967
0.87868714
0.72226834
0.84101945
0.8332204
0.916707
0.94149816
0.84632033
0.7262421
0.6635218
0.82250094
0.90482473
0.93634087
0.9362674
0.8874057
0.7250267
0.7690863
0.9240048
0.8511165
0.5467492
0.8611752
0.85633093
0.6023898
0.8256716
0.8780815
0.76743114
0.7831154
0.8099152
0.91500735
0.8124063
0.8635216
0.8917925
0.8330107
0.85567653
0.84849703
0.93586457
0.7954162
0.6240401
0.76650804
0.88918674
0.87451553
0.75358236
0.9247737
0.880501
0.8136361
0.85723513
0.8166098
0.8799392
0.9277398
0.79226923
0.7032787
0.87015235
0.4893093
0.8724748
0.8618319
0.84698594
0.7790586
0.82034755
0.92012525
0.8580543
0.78791237
0.8336954
0.9695658
0.8741208
0.8496553
0.89993215
0.77654773
0.8098364
0.73031944
0.7839495
0.77845085
0.91081554
0.6980587
0.8381453
0.6884596
0.7697221
0.85940325
0.86049867
0.8560181
0.816893
0.7325647
0.8783484
0.906477
0.8242349
0.7883095
0.73677737
0.88762057
0.82386965
0.92548984
0.58123714
0.8982891
0.8620149
0.9080082
0.87122357
0.94695646
0.7241949
0.92130685
0.80218506
0.9015931
0.77011526
0.8942169
0.93082273
0.82975477
0.83598316
0.9113425
0.77775913
0.9607453
0.8780456
0.77650625
0.7109024
0.7619227
0.47353643
0.9587693
0.9165888
0.9341245
0.961848
0.86258376
0.70215565
0.8703981
0.9162375
0.8038567
0.8309969
0.8949914
0.8756722
0.92054856
0.71037483
0.9249816
0.8280432
0.87733614
0.9309944
0.8542263
0.80995345
0.78686404
0.81257886
0.9539276
0.80964935
0.89292365
0.9330928
0.88767755
0.8295238
0.9325439
0.8482325
0.95893955
0.791458
0.88478726
0.8064406
0.6237814
0.86269623
0.57504076
0.87647974
0.45052052
0.9646999
0.76344734
0.8603928
0.83766174
0.94989455
0.94494575
0.8503851
0.84219694
0.8105506
0.91531277
0.86598074
0.8244444
0.89804196
0.7822104
0.8911191
0.8992063
0.6892847
0.8383783
0.8616632
0.8767561
0.8412735
0.78635836
0.8819636
0.75258666
0.84418464
0.7534005
0.92472947
0.7313029
0.70916617
0.6744766
0.87884253
0.80196667
0.5303072
0.77473366
0.72463375
0.89358884
0.96071935
0.77067626
0.90042025
0.90808606
0.9364325
0.9513442
0.74813485
0.86363
0.72885644
0.5105604
0.8679466
0.9610677
0.8803326
0.78548884
0.91485256
0.904736
0.9169817
0.20862934
0.8044982
0.8732279
0.9246813
0.7048044
0.82458806
0.8416676
0.89213276
0.91003895
0.54420424
0.76504564
0.57786256
0.7614125
0.723948
0.83020496
0.6811034
0.71606004
0.87475115
0.9205877
0.9114033
0.6714983
0.79383945
0.9260421
0.94475543
0.9611048
0.9299095
0.87633914
0.8282496
0.72696215
0.90270346
0.7242987
0.8343433
0.9136405
0.9144273
0.87564933
0.854007
0.88165855
0.9093479
0.7990463
0.863824
0.7710498
0.9241876
0.8721089
0.940255
0.7600535
0.82086086
0.78108793
0.8829318
0.8884402
0.9013545
0.9582687
0.97207826
0.7569433
0.6982711
0.536289
0.8774455
0.7539139
0.82949126
0.9328399
0.7853786
0.81675345
0.79541963
0.87600887
0.87028277
0.8968154
0.78009486
0.95305145
0.9464158
0.7720677
0.7249116
0.8785999
0.752884
0.80409354
0.847915
0.929674
0.9335441
0.8373046
0.8269672
0.8683501
0.84576774
0.81305736
0.3850565
0.5446892
0.8753104
0.83741766
0.79109275
0.81620973
0.7676608
0.75201935
0.9127173
0.73468316
0.93037945
0.8011112
0.8866623
0.6619853
0.7192221
0.8175109
0.7591226
0.8383404
0.8852333
0.8127302
0.85938066
0.9646354
0.5936781
0.7361599
0.8844621
0.85693085
0.7327723
0.87872136
0.78851855
0.9359393
0.75372577
0.90605664
0.5969157
0.9321767
0.77686584
0.75725967
0.9070778
0.9332994
0.89495224
0.90579975
0.81084716
0.81650543
0.90112925
0.9436884
0.87394077
0.702535
0.87006706
0.7567893
0.8241504
0.81648135
0.84577763
0.92355216
0.9490739
0.92565906
0.8777738
0.82592183
0.74501675
0.87136495
0.8064107
0.6404135
0.8253025
0.78325355
0.75813675
0.9084017
0.8463976
0.87601703
0.89998454
0.917223
0.854176
0.78178984
0.6592079
0.7739653
0.80568975
0.906707
0.77997184
0.84969914
0.7096343
0.77704465
0.89016956
0.7029012
0.9269564
0.8653893
0.74943477
0.834051
0.878286
0.73950166
0.84637195
0.8664062
0.8575878
0.7957294
0.8946544
0.8431096
0.81556326
0.7748729
0.961327
0.8292521
0.73771954
0.86601067
0.92972326
0.9651801
0.9338055
0.92840326
0.9022747
0.93051076
0.8834708
0.8874726
0.88798994
0.9185804
0.8932922
0.94117296
0.9186009
0.8433506
0.89793557
0.82691216
0.9327073
0.8622493
0.810084
0.6959445
0.8615888
0.63939595
0.9414476
0.90064687
0.8596977
0.7678526
0.8484307
0.9320783
0.96377444
0.95079625
0.60038316
0.92478263
0.7399856
0.93896306
0.81177217
0.8981531
0.8600343
0.6608328
0.75376856
0.7483651
0.9287555
0.8717431
0.88173723
0.85960054
0.8772625
0.91651905
0.7916236
0.8107287
0.9614357
0.9047172
0.8466495
0.85728914
0.9302366
0.93633485
0.9099236
0.91544425
0.7363234
0.8011337
0.8942842
0.8809908
0.86966765
0.6656462
0.8626995
0.89723974
0.83609194
0.70995474
0.8627929
0.7126743
0.86220723
0.7591066
0.9031447
0.6362173
0.8799263
0.8047262
0.86899686
0.7177446
0.82458663
0.9372407
0.91512024
0.6692904
0.93469346
0.6596879
0.8455449
0.82805663
0.82015073
0.95321417
0.84515566
0.9707036
0.785619
0.7787216
0.84819
0.90779513
0.86942214
0.90973383
0.86640614
0.879989
0.9554267
0.85374695
0.862932
0.8629117
0.93326783
0.6762428
0.8773336
0.6488559
0.95572484
0.7242317
0.8039037
0.895694
0.9203078
0.75039214
0.83037186
0.9032343
0.9028599
0.9148532
0.94856477
0.9430104
0.87646544
0.762025
0.5941811
0.90650237
0.87125695
0.8096238
0.8065769
0.9351555
0.83626854
0.818156
0.9097388
0.87250483
0.8386785
0.7615197
0.94396895
0.7256433
0.69094926
0.89243233
0.5555896
0.9426178
0.9613791
0.8872491
0.9182061
0.8017588
0.72571474
0.77500516
0.774774
0.79961616
0.7174932
0.91658616
0.9395405
0.62463474
0.919692
0.809161
0.7760596
0.5259596
0.5934155
0.88910615
0.7401766
0.9279942
0.9429317
0.86571366
0.7898641
0.94589347
0.91654646
0.9264911
0.8971039
0.9179648
0.9496887
0.9404535
0.9254527
0.88473713
0.82143015
0.8496526
0.8859785
0.9738485
0.79417884
0.6657806
0.82106185
0.8772095
0.9320798
0.79616195
0.791343
0.8747816
0.7207484
0.6910342
0.8627559
0.88476765
0.79241854
0.77569616
0.8903997
0.75170624
0.87736964
0.5609046
0.6370889
0.83812106
0.8968713
0.8989769
0.40106583
0.83424306
0.8362724
0.9434724
0.727213
0.8002872
0.8448703
0.9359916
0.924609
0.91545385
0.83831763
0.6418539
0.8054939
0.8065381
0.8757546
0.82201463
0.930365
0.91943234
0.86000776
0.80801845
0.8675132
0.76674217
0.7035204
0.93911886
0.7312096
0.91705114
0.8398745
0.7543646
0.83731604
0.9438244
0.7607742
0.96503216
0.46578592
0.85200596
0.6267606
0.82427144
0.8536915
0.9589103
0.82557344
0.61648583
0.8463612
0.8996945
0.73630065
0.7536037
0.71390694
0.95178103
0.83438134
0.9283217
0.83643275
0.7035185
0.7276584
0.88890076
0.8606255
0.90016603
0.79642886
0.7062007
0.89498127
0.67636627
0.87928253
0.81682026
0.9205283
0.7112204
0.7746038
0.69241
0.89938575
0.8894436
0.83167297
0.92092586
0.5215375
0.8732192
0.9143328
0.8223219
0.8321577
0.837253
0.8010923
0.97066903
0.93864703
0.9425744
0.79811734
0.6036137
0.92270815
0.85408425
0.81300825
0.72282773
0.93148947
0.9300647
0.72963995
0.81045115
0.9728385
0.8663914
0.93259406
0.9323251
0.70868796
0.83227205
0.8649125
0.9305387
0.8691066
0.8541962
0.84808224
0.7327743
0.82091314
0.751795
0.91465354
0.8970187
0.8442259
0.79610014
0.8126348
0.94003826
0.9042491
0.68460244
0.9283807
0.7963995
0.83229697
0.82748485
0.79746175
0.7889535
0.94136596
0.9271079
0.7984146
0.87352484
0.85483134
0.9245502
0.80099154
0.9137815
0.83634233
0.71007806
0.94190586
0.5014457
0.8411169
0.77903986
0.8703356
0.8244318
0.89844817
0.85324955
0.83443403
0.8691589
0.84286064
0.9113805
0.49436003
0.8126997
0.7740927
0.78373647
0.9522996
0.8648628
0.9108667
0.8223313
0.85156715
0.83844984
0.6079732
0.85565996
0.78862065
0.90636575
0.8618518
0.8349664
0.88129354
0.7081403
0.8685807
0.8643403
0.71719056
0.8546722
0.87486
0.6666808
0.6617596
0.8742991
0.7172818
0.88230205
0.7633783
0.8683045
0.9034293
0.73897326
0.76070046
0.9372569
0.8860178
0.8938344
0.917114
0.8455316
0.87514484
0.7263732
0.7497437
0.7535544
0.9193807
0.9188972
0.90974814
0.83103377
0.6509415
0.63202995
0.93100876
0.8565662
0.83710325
0.88925934
0.7530417
0.90686405
0.9235813
0.8276202
0.8144332
0.76773155
0.87132925
0.80037344
0.942028
0.92242455
0.79167867
0.70270747
0.82494193
0.8592483
0.8887411
0.79116756
0.77705586
0.927047
0.85935766
0.713673
0.93583345
0.94990337
0.84656817
0.8866329
0.79905295
0.7873943
0.9201784
0.74687946
0.7778331
0.8941335
0.8511132
0.8326256
0.9622766
0.92976874
0.9020659
0.9194004
0.8745107
0.8881508
0.84204566
0.7889459
0.79761624
0.9112778
0.86224127
0.7047309
0.86189693
0.8155153
0.8865137
0.8510054
0.7520536
0.5705464
0.9063069
0.68650395
0.8198273
0.8505783
0.83548546
0.58288103
0.73350143
0.7047617
0.831977
0.93167335
0.9017464
0.8584953
0.855119
0.9478522
0.8255448
0.91131043
0.79450095
0.81327975
0.864867
0.69441456
0.8298974
0.8669531
0.8247735
0.77550215
0.9314242
0.8310815
0.82250804
0.8617799
0.49971896
0.76164067
0.9375852
0.84195435
0.8015344
0.73118865
0.9299705
0.91787285
0.81635296
0.91199064
0.75232357
0.70212096
0.8998495
0.7100597
0.8048762
0.903955
0.95381415
0.8976486
0.96372366
0.94254637
0.8737942
0.9456922
0.8264818
0.88455987
0.8995872
0.8416464
0.8053335
0.8186309
0.86585426
0.82754534
0.7995215
0.82222295
0.62966555
0.8908634
0.8579192
0.8062056
0.76321113
0.7507852
0.93230677
0.9508286
0.8320384
0.95013076
0.7744511
0.6882438
0.62618476
0.8403749
0.64272314
0.5491608
0.8916693
0.92801595
0.9632212
0.90603083
0.82498413
0.8341366
0.95279896
0.7162546
0.72848576
0.6537191
0.54433787
0.7127073
0.8542001
0.9005138
0.8741639
0.8738727
0.77346903
0.9126434
0.77127004
0.8521919
0.8656199
0.8230823
0.88754666
0.7180222
0.8251839
0.8576812
0.7869277
0.7950823
0.8619497
0.7452102
0.8788538
0.88475615
0.7149241
0.6753665
0.90959215
0.5690593
0.8620399
0.82412714
0.8247869
0.6595941
0.9484659
0.91130334
0.76991576
0.7680838
0.7518348
0.7572315
0.879472
0.6919886
0.9243414
0.8960384
0.88356686
0.7751987
0.829735
0.8286935
0.85430115
0.80195713
0.87119186
0.93042386
0.8262861
0.7186288
0.9081166
0.8729808
0.84597856
0.8431662
0.8116622
0.87515944
0.9320117
0.37107652
0.9298027
0.81297266
0.78729284
0.9081141
0.85312694
0.6784209
0.7867789
0.717363
0.70098543
0.72335154
0.8797444
0.7111073
0.78915745
0.7913617
0.95337147
0.7861122
0.5555562
0.90612054
0.74815077
0.8797975
0.89624786
0.5864104
0.88272494
0.8492834
0.6853672
0.6983125
0.8784793
0.7807364
0.7960714
0.8680624
0.8520847
0.8580947
0.8462108
0.7686733
0.9014627
0.94208854
0.8232976
0.8813823
0.8015826
0.7697214
0.78087854
0.8340604
0.91902655
0.97452587
0.9319696
0.85581785
0.893689
0.8597159
0.9165229
0.9091892
0.7560752
0.89968896
0.8798517
0.93428373
0.7797394
0.7677402
0.817383
0.9320565
0.71009266
0.90964335
0.7754695
0.7978978
0.8741352
0.83619714
0.508237
0.8884705
0.8957987
0.5903498
0.8402747
0.83979094
0.6338091
0.96795684
0.80957645
0.80691993
0.83740455
0.8720782
0.91569495
0.88554513
0.94212204
0.8823984
0.8835845
0.82749516
0.8921994
0.78192383
0.8361871
0.8623155
0.50421864
0.939147
0.7690734
0.9368892
0.8821971
0.680713
0.7839901
0.8482392
0.7610764
0.85560644
0.86240155
0.8815272
0.71379626
0.87068117
0.93564886
0.8901011
0.69945467
0.7335898
0.68419737
0.9349926
0.7348922
0.89925194
0.89671504
0.926805
0.8117977
0.42543265
0.5598678
0.9238008
0.74317276
0.3696427
0.9156848
0.80698025
0.86247706
0.74087924
0.79140365
0.7044391
0.9256302
0.8628197
0.865093
0.73884094
0.9245681
0.8743901
0.9431449
0.97248423
0.70150304
0.881022
0.7718655
0.9451232
0.6033309
0.8325817
0.85934603
0.91626084
0.89457715
0.9366751
0.77864707
0.8694607
0.6630632
0.62675464
0.92535347
0.9603808
0.58802426
0.74089277
0.90744185
0.611889
0.78965354
0.70584047
0.8444408
0.9090304
0.91260064
0.65645665
0.87997395
0.8803137
0.909673
0.90144175
0.9513675
0.8373807
0.7432651
0.9002739
0.85476345
0.93348897
0.92598295
0.8909566
0.9353841
0.7106303
0.90439063
0.9012108
0.80023754
0.8546025
0.8409829
0.9132334
0.930318
0.7263455
0.92392015
0.6714208
0.86947167
0.94716346
0.862645
0.7753794
0.7246291
0.9546624
0.71278054
0.93686044
0.8813851
0.90897286
0.9432291
0.8520663
0.8428841
0.9462832
0.8675145
0.78020436
0.78901434
0.6216818
0.64598733
0.8260513
0.9574357
0.91738874
0.8183238
0.8105672
0.7885277
0.9574122
0.8247347
0.6067807
0.7118716
0.79291016
0.95490384
0.87175465
0.859199
0.8684979
0.9474247
0.94358706
0.85697114
0.9377236
0.9198123
0.6797347
0.7831683
0.8466365
0.6355793
0.8155607
0.91978467
0.74774057
0.90097016
0.94855165
0.7563104
0.91025686
0.89789414
0.6125794
0.8182762
0.7692264
0.72619903
0.87815386
0.9116933
0.82082134
0.7539612
0.8827454
0.85672593
0.8659968
0.92878467
0.9558983
0.91497064
0.94672686
0.9021849
0.88152903
0.9619055
0.8014305
0.9445921
0.7102588
0.83351034
0.89868695
0.7411675
0.83842367
0.82413876
0.86239624
0.8775777
0.7199906
0.7288008
0.7790774
0.880486
0.7516682
0.9175945
0.9308014
0.828602
0.7732891
0.9335689
0.903182
0.95579064
0.89847875
0.79905903
0.55372226
0.87340105
0.80432755
0.83453065
0.92993486
0.92690456
0.65881306
0.82666504
0.9327721
0.82176846
0.9033856
0.74650365
0.8714361
0.7590227
0.90296197
0.94164366
0.8525584
0.66141254
0.85362256
0.7906509
0.8821702
0.84361047
0.9616331
0.8338653
0.55731297
0.88920873
0.9329939
0.834115
0.90647566
0.8812751
0.9378673
0.9348127
0.92168
0.91391593
0.9026995
0.9051164
0.7988763
0.8509801
0.9346417
0.8449217
0.75474566
0.8744251
0.7400429
0.7946728
0.8427921
0.92097306
0.8510491
0.7886569
0.71679735
0.67830706
0.92253387
0.92859876
0.8916689
0.81755537
0.77319074
0.8479346
0.85236573
0.7774018
0.95110834
0.8465127
0.9268872
0.8089175
0.929007
0.78370667
0.94461954
0.9037463
0.75588274
0.82952046
0.4811632
0.76373804
0.7777873
0.91535693
0.7410633
0.81067026
0.7869141
0.90208715
0.8053317
0.82876295
0.94735
0.8646649
0.7968012
0.73839355
0.7089851
0.8225985
0.6942825
0.744333
0.9368207
0.834309
0.8241993
0.8338172
0.85969245
0.9832396
0.86562634
0.82161146
0.89996064
0.74137723
0.90009093
0.65442175
0.9421917
0.741288
0.9568996
0.78065324
0.9266005
0.62570655
0.82466376
0.81431675
0.8464806
0.7032148
0.9323332
0.8736107
0.9335431
0.85628754
0.85142106
0.8012197
0.9282932
0.95509166
0.785547
0.8101266
0.7741145
0.7437587
0.80941695
0.90584683
0.7450233
0.67853105
0.97700864
0.8434131
0.66133875
0.8494682
0.79243165
0.8463796
0.9148189
0.92825425
0.8931544
0.8273116
0.90595037
0.8663067
0.73548305
0.9112605
0.86955786
0.7269273
0.9512105
0.88261676
0.9619825
0.8939813
0.95581913
0.77191734
0.921224
0.871621
0.6039551
0.8529435
0.8172833
0.80211127
0.8494351
0.74533737
0.83202285
0.8624928
0.8890153
0.80884284
0.84256256
0.9648224
0.7903272
0.84231174
0.85456896
0.73729473
0.85440636
0.77307725
0.89021146
0.9485944
0.9353473
0.86673963
0.852517
0.86760026
0.7703374
0.9487496
0.62305135
0.94126564
0.70320284
0.90212584
0.84313446
0.9654692
0.9007737
0.8322438
0.9003963
0.7607872
0.90785724
0.87407047
0.92852616
0.9391178
0.9361891
0.7838612
0.86697483
0.7282241
0.8716104
0.842191
0.6611361
0.812112
0.9630318
0.8414496
0.5478739
0.9117809
0.75540507
0.8817351
0.9460457
0.7618467
0.8526921
0.8104093
0.925743
0.793351
0.90024024
0.95701814
0.54596543
0.91599995
0.63699263
0.9602243
0.7787271
0.8959315
0.9313984
0.88039804
0.7540796
0.9299534
0.86203563
0.8500103
0.90094054
0.9354445
0.7497541
0.89758366
0.87036294
0.77058274
0.9437468
0.9582301
0.8012916
0.9643946
0.96811616
0.88161623
0.83554244
0.810374
0.97587174
0.77410394
0.8043561
0.86054456
0.9419439
0.5840914
0.7772437
0.84621656
0.7303752
0.73244035
0.8738016
0.8834704
0.78546524
0.84869874
0.8519933
0.90539956
0.95470047
0.6841494
0.8982761
0.84045696
0.9315722
0.837432
0.91456693
0.8066706
0.9139
0.66560245
0.7997242
0.86148113
0.90200204
0.809728
0.57090354
0.9063972
0.79333
0.95887566
0.83499104
0.9083889
0.9096013
0.871397
0.9274263
0.93731725
0.9126173
0.8154573
0.9390615
0.7930554
0.90523773
0.9042548
0.81246185
0.9681319
0.8662558
0.8154225
0.90154815
0.5098379
0.76302886
0.9192559
0.96122324
0.7063143
0.7436625
0.7861079
0.83777446
0.8414538
0.95050514
0.86811084
0.7609948
0.77539796
0.6089176
0.9254046
0.8042164
0.8870876
0.7421698
0.9330349
0.81847084
0.85602814
0.8419307
0.9555582
0.96475166
0.89701974
0.9785753
0.8132685
0.8179865
0.79150295
0.75117165
0.80710596
0.8342002
0.8499026
0.8241034
0.64758265
0.8803938
0.9283783
0.86869097
0.65017474
0.7471746
0.9361582
0.8964635
0.8967123
0.729371
0.9222975
0.8025957
0.91566217
0.9651737
0.7736757
0.9711507
0.8689805
0.9588516
0.7857517
0.85597557
0.89750373
0.75881416
0.84598356
0.9650278
0.94440293
0.8782458
0.90734994
0.7932546
0.7655169
0.72341275
0.85764855
0.94248605
0.9109969
0.76431
0.88221097
0.94148254
0.8820304
0.7580378
0.75301063
0.84571713
0.61932415
0.8886034
0.9526893
0.9645708
0.722835
0.93348825
0.8895511
0.86015904
0.7881373
0.90213376
0.8696986
0.7163208
0.8476383
0.92444
0.8873764
0.66882336
0.91891885
0.93163645
0.5331238
0.9114599
0.9355228
0.8507952
0.9514434
0.9310659
0.9207829
0.9018054
0.94658554
0.94258183
0.3932017
0.9104279
0.86270005
0.957132
0.7018037
0.582751
0.86438155
0.92179483
0.81737626
0.73316
0.4951672
0.8225859
0.7244042
0.83194035
0.90763235
0.8809335
0.91589844
0.9562775
0.69901365
0.94356304
0.57981473
0.95302856
0.90134346
0.75653285
0.92043465
0.9207938
0.5371691
0.8793663
0.952833
0.6279131
0.79555416
0.9185503
0.8556725
0.75260335
0.82704836
0.6738766
0.7585986
0.6749124
0.8384042
