0.80025256
0.7972929
0.7847979
0.8882961
0.7407916
0.9432999
0.6578962
0.86057115
0.8817371
0.9349106
0.72358155
0.85584295
0.9330785
0.7759245
0.98533815
0.8941133
0.8743257
0.8218078
0.95668167
0.719736
0.8342158
0.8993326
0.63368905
0.9245902
0.7610551
0.9014424
0.8141427
0.8795303
0.8002375
0.84261703
0.81138206
0.7485924
0.93898255
0.90012413
0.8006951
0.81911874
0.9345972
0.89087075
0.66942793
0.95145905
0.9463672
0.8978482
0.66448915
0.95125926
0.82870585
0.9165471
0.647096
0.83870476
0.7854361
0.86128914
0.9248146
0.9397901
0.93133193
0.8432703
0.841236
0.6502844
0.9468734
0.8995935
0.9128025
0.91190445
0.86483777
0.7008532
0.79613465
0.7507231
0.7809013
0.8843094
0.8018291
0.82990503
0.87812173
0.85986984
0.85038245
0.6605948
0.8242005
0.90504116
0.72365266
0.88743764
0.84823287
0.9211025
0.94373333
0.80172074
0.89025575
0.90729845
0.92780197
0.9165026
0.9499486
0.90603787
0.87399447
0.8980023
0.8861035
0.8275369
0.8802849
0.9509744
0.9078646
0.89645445
0.9145545
0.8583303
0.85108376
0.7727313
0.50631356
0.9226647
0.7204663
0.9183737
0.7818029
0.7756425
0.9508649
0.92986596
0.9816117
0.8811455
0.87421626
0.82303184
0.88486314
0.9296044
0.8909948
0.92679566
0.94419277
0.76458025
0.87683445
0.7960658
0.70397115
0.9185133
0.7793497
0.877805
0.9213559
0.6183933
0.65996426
0.903311
0.94135505
0.91140276
0.8576779
0.9059831
0.85692024
0.67033154
0.88679004
0.8533796
0.8856032
0.805108
0.7487014
0.87028515
0.89407814
0.9332755
0.8373623
0.5924202
0.9303623
0.8137849
0.56640387
0.9461492
0.94883454
0.9063016
0.94883245
0.8566165
0.81897306
0.84551096
0.88518465
0.9431431
0.7946564
0.768722
0.8100775
0.9538183
0.86637616
0.92903584
0.9529581
0.81448644
0.8090241
0.8551774
0.94883287
0.9516534
0.9225332
0.8698095
0.8660549
0.8863187
0.870994
0.8619873
0.8029004
0.89099514
0.92742324
0.92247134
0.8934007
0.9389772
0.82899153
0.87464035
0.80212593
0.87113976
0.83589035
0.74456954
0.7570397
0.88256013
0.8524016
0.93389654
0.93803215
0.9681414
0.8777702
0.85486174
0.90046597
0.8273474
0.86098754
0.67921466
0.8813598
0.77090275
0.6646472
0.6816801
0.88489044
0.9417514
0.74215186
0.8785854
0.64390737
0.71328974
0.81765807
0.8696371
0.79793125
0.91180474
0.8891067
0.7233845
0.9667746
0.8623459
0.6297554
0.7757255
0.5129143
0.8841448
0.8382054
0.77995145
0.9081464
0.7849301
0.93723494
0.8906569
0.7355866
0.83041704
0.9533229
0.79290587
0.70812327
0.9187932
0.813521
0.87876105
0.83480495
0.8047908
0.59053975
0.9054095
0.9194462
0.91837126
0.9001916
0.78094053
0.8390453
0.74034435
0.84829473
0.7527006
0.61878407
0.95952284
0.73497087
0.7784732
0.73466897
0.92533827
0.85611695
0.8862859
0.8915937
0.9078848
0.84658074
0.63495034
0.872967
0.89560354
0.83493286
0.80569476
0.74981165
0.915052
0.6818331
0.7712168
0.6322362
0.5978816
0.9113932
0.8715316
0.90680003
0.77633226
0.8859178
0.74446166
0.94048667
0.89778745
0.79597604
0.7897004
0.905041
0.90255743
0.6583078
0.8420174
0.82127714
0.92424285
0.4891148
0.9014753
0.9589126
0.7547515
0.9373443
0.8116056
0.8455577
0.9003246
0.7326283
0.85478294
0.7034952
0.8164071
0.915992
0.8161081
0.9042062
0.77829456
0.83766305
0.7103652
0.6689693
0.9503777
0.93886226
0.8899399
0.75960827
0.888656
0.73182875
0.84619164
0.8255683
0.85954654
0.86657864
0.9408501
0.9103539
0.74428856
0.866437
0.9424202
0.7929144
0.92492115
0.9386393
0.92036897
0.9474325
0.7712625
0.89389515
0.93021077
0.95421314
0.836636
0.9031008
0.8284436
0.9169635
0.9108549
0.83088696
0.8814515
0.8295175
0.75598794
0.5521294
0.6950246
0.8100668
0.8911283
0.829606
0.7546637
0.79529905
0.8916063
0.90755767
0.92454505
0.7955944
0.87814313
0.6644717
0.8261907
0.7996415
0.9412874
0.92709005
0.8395757
0.8788166
0.84911585
0.8813912
0.8276881
0.94403017
0.8240668
0.56022036
0.8778447
0.6320299
0.6745119
0.92854977
0.7945752
0.8997731
0.9109216
0.8976301
0.87833714
0.781345
0.9114762
0.87294024
0.90042996
0.8205457
0.8996554
0.845251
0.9338826
0.760817
0.8814254
0.7702464
0.8922236
0.9420121
0.9135911
0.8901079
0.8975191
0.8352219
0.9134607
0.769124
0.54338104
0.8979168
0.8993644
0.59117556
0.9686085
0.7533507
0.8027002
0.8011467
0.8922119
0.82344186
0.94430745
0.70289177
0.82858187
0.61783886
0.9222701
0.8447434
0.7094891
0.9252685
0.7186725
0.8847928
0.9486524
0.9159378
0.92732155
0.80138224
0.8399005
0.84814394
0.9591818
0.88623106
0.66278315
0.79847556
0.71366906
0.8203293
0.9634118
0.8337978
0.92740536
0.92413956
0.68438184
0.46439144
0.84983945
0.9181682
0.9053492
0.9409361
0.5972791
0.83638144
0.8986213
0.8446655
0.61339855
0.9633908
0.7824868
0.8236726
0.8249445
0.957498
0.81996465
0.8829332
0.87692946
0.96527755
0.88801396
0.81933683
0.92929745
0.83977085
0.86299765
0.67430604
0.7681477
0.9031363
0.76962245
0.92427313
0.93535286
0.92623866
0.8471049
0.8657476
0.9269681
0.87312114
0.866531
0.9490671
0.93632835
0.8892355
0.8249043
0.74260426
0.8884059
0.62467694
0.76367086
0.9400163
0.70657563
0.8315598
0.95624566
0.79884374
0.8135771
0.66292405
0.8518654
0.90523136
0.8623319
0.8610097
0.7778074
0.8981346
0.80754143
0.78213024
0.90456766
0.93279624
0.9043832
0.82005006
0.8596728
0.6901514
0.89657545
0.87001663
0.82065886
0.8979406
0.82564616
0.6785805
0.8710234
0.9274447
0.9094665
0.8044679
0.8843469
0.88017875
0.9105499
0.88515496
0.6767481
0.7819777
0.6954002
0.68041813
0.89586127
0.7527282
0.8123891
0.8633616
0.91248834
0.8767148
0.8731268
0.7533605
0.8913638
0.96182144
0.66536963
0.9708866
0.7524037
0.8153009
0.79305655
0.7451465
0.85270584
0.82114637
0.8842792
0.9391453
0.8682668
0.8066316
0.8634487
0.6428253
0.9612341
0.7481011
0.9398983
0.9402559
0.73746836
0.9606903
0.95009464
0.9032871
0.71875966
0.80037165
0.8342882
0.8086213
0.72848094
0.9287862
0.9153383
0.8936055
0.92327666
0.81648606
0.959902
0.7961567
0.76349556
0.80056524
0.7982428
0.88649786
0.8060724
0.8053953
0.85780215
0.47812074
0.90249527
0.9185934
0.85644734
0.6899525
0.77840716
0.85799474
0.88041604
0.91763335
0.916903
0.87324065
0.87128115
0.90831286
0.9363775
0.9411042
0.9199404
0.9230263
0.75841916
0.7911502
0.8607807
0.56846315
0.7845323
0.81729525
0.8945624
0.73746866
0.6723282
0.7958514
0.7628694
0.6109199
0.92816186
0.790992
0.9071415
0.88212985
0.9345741
0.97846615
0.95452774
0.91676575
0.9432732
0.8310359
0.92595506
0.81089824
0.6089653
0.8062963
0.73812723
0.8526366
0.887759
0.93944496
0.73252785
0.9406
0.89840114
0.9097354
0.68961287
0.6538837
0.8902902
0.8103646
0.8180373
0.9228847
0.8556227
0.83886844
0.8758542
0.8898318
0.91590583
0.92012954
0.9003184
0.5956678
0.9422554
0.96783316
0.9076319
0.87267905
0.934355
0.770406
0.7956921
0.68307185
0.86905074
0.7343749
0.9249489
0.9604136
0.696839
0.77362597
0.9271709
0.8719605
0.64472914
0.95828
0.78955173
0.82381016
0.89688796
0.5435811
0.9025617
0.8196595
0.84331465
0.9154047
0.88155234
0.55473876
0.8436409
0.92213327
0.8037136
0.94322586
0.8979399
0.89674544
0.8947828
0.9038326
0.8681967
0.8285723
0.9389705
0.9767937
0.74964917
0.9302073
0.7802893
0.87078977
0.86428654
0.8951628
0.97929335
0.9019008
0.8168597
0.8260313
0.8529704
0.82516086
0.82206994
0.88637114
0.89761263
0.80964434
0.90317786
0.60481614
0.8754623
0.7546742
0.62410516
0.6717851
0.82378167
0.81664217
0.8056853
0.77362275
0.7599912
0.8816188
0.8254851
0.620436
0.7069456
0.65402
0.7406868
0.95736635
0.976169
0.9356346
0.8590907
0.892051
0.95402426
0.9299724
0.91775995
0.9612854
0.8954017
0.7816214
0.88192487
0.767364
0.82782525
0.7202973
0.94224584
0.7791543
0.5726746
0.76686025
0.8798673
0.86817235
0.90534747
0.818626
0.81188136
0.8347099
0.6209729
0.8795363
0.5988879
0.832478
0.76661944
0.85693777
0.92715746
0.9577868
0.9244443
0.8359623
0.5620778
0.94209623
0.81630486
0.8517823
0.6252153
0.88501537
0.855348
0.92389476
0.89165133
0.62702084
0.6551851
0.8620239
0.84160405
0.9144096
0.9481664
0.85140103
0.9462339
0.76726454
0.7710464
0.95160264
0.8539734
0.9220933
0.89315325
0.93574613
0.87465525
0.6113566
0.87557137
0.68084824
0.8498899
0.79047394
0.73329985
0.9393844
0.7761423
0.92905205
0.93492955
0.9049988
0.7796236
0.8545716
0.7860298
0.8150671
0.90550673
0.7554045
0.9229965
0.9027951
0.67159057
0.8123453
0.68935716
0.4809895
0.8641653
0.86638945
0.6866653
0.87941045
0.86962956
0.8864417
0.9146791
0.9270499
0.9560297
0.9210207
0.9638934
0.9645808
0.83150935
0.9377856
0.9305454
0.7559121
0.7263745
0.54292905
0.95155567
0.8263318
0.9194597
0.8354999
0.94315064
0.9301711
0.77358556
0.9515892
0.8741406
0.89133984
0.8341773
0.89550245
0.740466
0.7087151
0.8636785
0.7908923
0.9714309
0.876167
0.85474044
0.8921622
0.9292806
0.89534587
0.9447258
0.8499517
0.7441128
0.9056622
0.898769
0.97676784
0.8701712
0.852832
0.902795
0.9482289
0.90192646
0.8629109
0.8845502
0.77539515
0.8536806
0.8644024
0.81890965
0.86950886
0.8088312
0.77113026
0.716941
0.8460568
0.9633876
0.86359274
0.6665212
0.8599803
0.63279384
0.86262053
0.86163926
0.87079525
0.8437344
0.9104881
0.7870333
0.7275186
0.8603751
0.8527183
0.9177854
0.7964603
0.68549985
0.82700163
0.7613884
0.95652074
0.85027504
0.8742506
0.6144527
0.9416809
0.8263632
0.8969886
0.76093394
0.6976948
0.8971484
0.860487
0.8840223
0.97125494
0.95276177
0.941235
0.8992849
0.89237976
0.82596433
0.84786916
0.86486065
0.9056516
0.7057506
0.714605
0.8863169
0.71203446
0.83864355
0.8395234
0.822278
0.53198135
0.87008554
0.77394694
0.9036508
0.8753296
0.92243236
0.8584121
0.722996
0.7629615
0.9239384
0.6718327
0.7065503
0.8275802
0.79938793
0.8248613
0.8121042
0.8196599
0.78405386
0.87391484
0.82645655
0.9857803
0.76920485
0.67269546
0.8769357
0.79677576
0.93698835
0.9545524
0.7995219
0.9019341
0.8751243
0.69090885
0.7173108
0.9556284
0.7475133
0.7869162
0.86676127
0.81965977
0.73990947
0.9483499
0.87343395
0.9392996
0.89583886
0.8163113
0.8782965
0.7133511
0.8438256
0.7428503
0.8069353
0.76301026
0.9107951
0.8363317
0.94056743
0.7183137
0.88089424
0.9064623
0.87797385
0.9695768
0.6695097
0.56652623
0.86456037
0.92646205
0.8383014
0.68221974
0.81185436
0.8451459
0.8315169
0.75652575
0.7267672
0.86994183
0.92889196
0.76520336
0.82526344
0.9563429
0.97687054
0.86044806
0.80285645
0.6448341
0.7938632
0.8466978
0.7649067
0.87273866
0.73438543
0.7878015
0.8159824
0.88149047
0.53133917
0.9326689
0.9462707
0.8465742
0.8834061
0.7461189
0.7029622
0.8782572
0.89875096
0.9408004
0.7658985
0.9179989
0.8910515
0.94420445
0.81343794
0.82638127
0.881445
0.9113686
0.86344206
0.8569376
0.9013378
0.79033834
0.8605956
0.7089554
0.8269251
0.77710265
0.8238126
0.8881804
0.78513575
0.8877388
0.76623935
0.82002604
0.90838975
0.846086
0.77868414
0.94072735
0.84606737
0.8832742
0.84503746
0.85056424
0.89130676
0.6665741
0.7390678
0.7797698
0.87348026
0.95989317
0.8511614
0.7316454
0.93968725
0.8900895
0.91991585
0.78456956
0.92045593
0.8866957
0.8745412
0.92402565
0.8002384
0.8652175
0.8707215
0.75873744
0.8428186
0.8404675
0.8994049
0.83571166
0.8119551
0.96712434
0.7971435
0.84665537
0.8818437
0.90404963
0.8661894
0.73037153
0.89885175
0.92057204
0.9363513
0.8902849
0.81485575
0.9254964
0.7647486
0.9220955
0.82634854
0.9670253
0.86595285
0.9061981
0.57765317
0.9279988
0.8401375
0.8726825
0.9593124
0.76967126
0.9121366
0.72329164
0.8923015
0.77103686
0.7946809
0.8893953
0.8928614
0.8356638
0.9376852
0.6829661
0.87346274
0.93250346
0.8096635
0.92981654
0.6682223
0.9296497
0.89509684
0.75301707
0.8810001
0.9439275
0.8424995
0.6469164
0.6554153
0.9651342
0.90149903
0.96332407
0.9096935
0.9358913
0.7838109
0.9348684
0.8489861
0.32769403
0.7243089
0.9058782
0.83145034
0.8951032
0.8158177
0.74672663
0.7652246
0.9458274
0.86359733
0.67173946
0.6843831
0.69338584
0.89615494
0.9460831
0.77357507
0.82204175
0.85256654
0.87444925
0.86102355
0.817422
0.82824624
0.76750386
0.9661769
0.83259135
0.8623074
0.9791506
0.9507828
0.94936776
0.80380464
0.924746
0.9366019
0.90604395
0.9097509
0.9581787
0.7086855
0.9420568
0.7917026
0.8893497
0.8396154
0.7955823
0.8333894
0.76545036
0.8655998
0.77338654
0.8966697
0.81664985
0.88354206
0.8536081
0.95967644
0.9628793
0.9179081
0.8103081
0.89480937
0.81355685
0.8454153
0.8026481
0.91443634
0.87348634
0.9291266
0.71569175
0.815156
0.6215482
0.84764194
0.98446983
0.80599886
0.84388876
0.91062903
0.7694516
0.6997553
0.78771883
0.94556755
0.7020015
0.8697645
0.9658468
0.88860583
0.90079755
0.67879987
0.9116278
0.5566942
0.70787585
0.7332809
0.9434496
0.7579612
0.72730285
0.7616068
0.85348463
0.9248458
0.97381854
0.9534992
0.8993077
0.9261138
0.4394095
0.8675456
0.76816297
0.83717096
0.78847003
0.9052669
0.8746165
0.9529177
0.84972936
0.6207226
0.7870185
0.8938186
0.9035871
0.92755103
0.78338337
0.68882793
0.9146025
0.6400181
0.83971053
0.7718581
0.8962182
0.58493495
0.9188185
0.8024926
0.8382523
0.7252622
0.8457613
0.83046174
0.7657846
0.9150363
0.94406945
0.92880654
0.8404198
0.7002987
0.9006059
0.93916297
0.73955595
0.93810344
0.8970323
0.927447
0.8497672
0.9077059
0.67844903
0.9471178
0.72220826
0.8805603
0.85452145
0.89127105
0.9407219
0.76406264
0.8756045
0.85173666
0.6183461
0.8817593
0.90583074
0.8765942
0.76694703
0.74075824
0.67973477
0.78614694
0.9279126
0.8893375
0.87948304
0.8278396
0.88159156
0.7023658
0.750623
0.88549644
0.67028904
0.97133213
0.8114753
0.8293663
0.9125291
0.86972654
0.8522674
0.86207473
0.9292971
0.86199254
0.65176636
0.8038262
0.84878653
0.88369966
0.8968555
0.83185226
0.827071
0.64947426
0.862205
0.90927976
0.94592315
0.76675546
0.8809454
0.79253066
0.89382607
0.87515503
0.8768867
0.8788188
0.7232825
0.824792
0.8638356
0.8416624
0.9376502
0.83507764
0.45605022
0.74570507
0.8919282
0.8932291
0.7796151
0.6464855
0.6934548
0.93444645
0.77597976
0.8148465
0.8190111
0.7757909
0.87778217
0.82665896
0.93754566
0.91162896
0.90759397
0.8280191
0.78853333
0.8419284
0.9291114
0.9167028
0.88511753
0.92952937
0.71359587
0.81072193
0.7752299
0.74768174
0.95441294
0.94334745
0.8310925
0.8853518
0.78713953
0.9086863
0.8438616
0.9263648
0.88718826
0.7125155
0.83641255
0.9758654
0.9265548
0.83265734
0.8540037
0.68889886
0.8243768
0.7764971
0.83349365
0.78828657
0.7259375
0.8474348
0.9068445
0.8411904
0.91497356
0.91992146
0.6970826
0.82650125
0.60043204
0.8967742
0.3718002
0.9098255
0.75224346
0.91485107
0.62014544
0.93108726
0.9403613
0.8187297
0.88888353
0.6045903
0.9141468
0.8492936
0.8920949
0.87610644
0.7943336
0.657066
0.92716944
0.7250814
0.27265197
0.9030206
0.6962054
0.8842666
0.7810782
0.8966149
0.87951154
0.90933174
0.61862326
0.7524784
0.9185957
0.8135587
0.9286479
0.9072901
0.7903718
0.9022845
0.95672965
0.8693134
0.6650387
0.48400682
0.8894695
0.84293413
0.8990762
0.83717716
0.8954425
0.7422639
0.8589158
0.82360226
0.795112
0.765764
0.7229952
0.77995324
0.92473876
0.74389946
0.924646
0.95443124
0.7688647
0.80686176
0.92478824
0.8545972
0.79732645
0.7797066
0.7461297
0.91977644
0.7536594
0.928929
0.86992
0.6995593
0.71798456
0.83422947
0.8226357
0.65539426
0.5528956
0.81300646
0.6701186
0.77646935
0.8768629
0.83699876
0.8404517
0.78093064
0.88816524
0.9274099
0.6684657
0.8397114
0.956004
0.7837798
0.86787134
0.92174375
0.8606953
0.72467005
0.71717894
0.80563104
0.8898928
0.89304566
0.6971624
0.8926463
0.9226667
0.90564847
0.8832858
0.8535109
0.72415864
0.90638304
0.66789424
0.9068692
0.9439313
0.93060255
0.8643711
0.80717224
0.5821285
0.8912341
0.84381086
0.8284119
0.83844364
0.8520891
0.82886744
0.9009741
0.80743235
0.8511865
0.64455277
0.689893
0.79053843
0.57943577
0.7734013
0.7096214
0.8493607
0.922164
0.8700089
0.91908133
0.9314859
0.9077899
0.83065784
0.9009008
0.6765269
0.96542096
0.7057351
0.8950228
0.9570886
0.834037
0.94285446
0.8900021
0.7798465
0.69060105
0.5930459
0.80563563
0.93823713
0.8288944
0.8783997
0.9321393
0.9347768
0.91593766
0.9325606
0.9236005
0.96478677
0.94621193
0.77495164
0.75205666
0.69001275
0.7976885
0.88236964
0.820811
0.8862362
0.90173376
0.85969514
0.9419393
0.6950008
0.76286936
0.40873373
0.8822832
0.9402978
0.93904924
0.8465751
0.8650845
0.704782
0.7797966
0.9534198
0.8999797
0.78196466
0.9606101
0.9165952
0.8513247
0.9248856
0.9057137
0.83036375
0.84715205
0.8862792
0.9114227
0.931769
0.9338056
0.9183015
0.72272414
0.93392813
0.9355085
0.64903164
0.6249922
0.91933537
0.94428706
0.73649836
0.77163947
0.85471874
0.72007185
0.7952125
0.83340204
0.8815166
0.91421425
0.96917725
0.8112722
0.80440915
0.8874262
0.869774
0.639986
0.8234322
0.87219685
0.8951473
0.68688065
0.87974954
0.77331036
0.93711287
0.8806525
0.8317947
0.89015204
0.67466575
0.8855498
0.96001625
0.82359505
0.8628739
0.8945495
0.924725
0.91782767
0.9086056
0.70168567
0.8243643
0.84880686
0.9155861
0.8893459
0.955676
0.9326758
0.94091105
0.8960387
0.961309
0.9202191
0.7601642
0.8661904
0.65039074
0.59464836
0.7817308
0.7952089
0.9108219
0.9203175
0.57384956
0.80319417
0.9607452
0.86573935
0.8899589
0.9711559
0.749403
0.918257
0.7817733
0.73821867
0.76458585
0.8948595
0.8173945
0.94501203
0.73685414
0.7960503
0.92733425
0.7569817
0.8880347
0.96727175
0.9077079
0.9038646
0.9565838
0.8551571
0.80093884
0.90126646
0.938678
0.94666046
0.9369838
0.8635291
0.73902845
0.93031347
0.78375435
0.96201247
0.8104359
0.6723529
0.90492797
0.84513074
0.9091873
0.74399495
0.81988394
0.9020152
0.9521551
0.84179676
0.8256177
0.80717206
0.91443646
0.82192856
0.8621706
0.80195105
0.74005806
0.8081708
0.95769155
0.9355329
0.9120988
0.94696987
0.77645063
0.8009304
0.77093303
0.8660307
0.6231959
0.8752861
0.42867324
0.9043734
0.7640378
0.87155235
0.9637811
0.68392694
0.88224965
0.63305604
0.95089316
0.76852673
0.97218394
0.86068517
0.84446657
0.8524462
0.7955398
0.899918
0.78115183
0.92562103
0.95049065
0.71966314
0.98513556
0.8878629
0.8943141
0.8805411
0.5182141
0.9065552
0.8798299
0.79703355
0.92454964
0.5788178
0.82564795
0.91749465
0.8581866
0.9291857
0.85303926
0.9204141
0.96415037
0.923024
0.912982
0.8133248
0.79847294
0.6687069
0.9183988
0.8902693
0.9373486
0.7373929
0.7725798
0.84823304
0.8679187
0.73226386
0.6312569
0.927384
0.7813137
0.81266534
0.8675546
0.8164158
0.56813633
0.951741
0.89231086
0.8849433
0.9202218
0.8328994
0.54993695
0.9679565
0.9511795
0.9316663
0.93955266
0.8427118
0.92056286
0.93155277
0.8223709
0.8705364
0.83380497
0.8571187
0.8766327
0.7086234
0.91478515
0.916716
0.9147151
0.8608924
0.86736137
0.88144404
0.8601098
0.70678055
0.8248769
0.77641594
0.8547738
0.77937126
0.8761939
0.8953614
0.6659249
0.9275
0.94020146
0.6481532
0.87884927
0.86273694
0.784941
0.80566853
0.8826562
0.8233246
0.8524096
0.75413674
0.91344327
0.6201145
0.6951352
0.79493934
0.9592122
0.81796986
0.88304746
0.94028604
0.92668056
0.89462316
0.77047735
0.9085635
0.91886985
0.8055034
0.8284394
0.86152804
0.5733975
0.85655546
0.93186826
0.7978566
0.899523
0.8972229
0.7208799
0.68209016
0.6068621
0.91965693
0.8972765
0.80198157
0.6101059
0.8999232
0.6924134
0.8358593
0.8618833
0.7981482
0.9164541
0.54543585
0.7254433
0.88983685
0.96112823
0.8973018
0.8210869
0.94419557
0.8569272
0.9150032
0.7643827
0.8145175
0.9475602
0.9110119
0.97366536
0.8428745
0.8107407
0.8938045
0.888378
0.7384443
0.80664575
0.9066901
0.5856627
0.741621
0.9649337
0.9090985
0.81601155
0.823678
0.9296301
0.7456901
0.8009934
0.78219515
0.49329802
0.73784226
0.89163494
0.8679295
0.78993976
0.933903
0.76257044
0.75902456
0.8926762
0.5902292
0.9026675
0.8445264
0.8251552
0.8637476
0.84761715
0.6747351
0.8779673
0.9278027
0.8707783
0.7425098
0.69400656
0.79920745
0.6650415
0.8903064
0.7882987
0.7869399
0.70849913
0.8061736
0.9579196
0.8150295
0.83343565
0.739199
0.8860668
0.90110546
0.91363215
0.7241063
0.65693915
0.90292335
0.8401132
0.8976201
0.8079058
0.936941
0.8644053
0.68083775
0.94724333
0.9108659
0.94027805
0.8679543
0.7075367
0.9067084
0.7788622
0.68898445
0.42739624
0.9447339
0.92149794
0.7912288
0.92312896
0.90186197
0.94173527
0.86240184
0.94461834
0.6986579
0.63167846
0.9265258
0.94623077
0.84881055
0.75387377
0.87947667
0.9232966
0.9694554
0.94087744
0.79108346
0.90427446
0.9093808
0.92242855
0.8440454
0.8854511
0.81669164
0.89142805
0.84338284
0.93812335
0.8262583
0.8908889
0.94737464
0.842602
0.8694104
0.91880035
0.8761996
0.883349
0.9620682
0.95984614
0.93395376
0.903788
0.89790785
0.8136705
0.8400733
0.94342977
0.74134576
0.7957327
0.93189204
0.90682626
0.93895763
0.9066186
0.88178194
0.7512721
0.85637057
0.8691514
0.7174462
0.8882662
0.90385
0.76911765
0.84730417
0.82256746
0.8472248
0.95384574
0.9327195
0.9260534
0.8223752
0.905906
0.81108254
0.76790583
0.79485875
0.9456643
0.94851595
0.95812005
0.87660843
0.6814338
0.86424106
0.9566805
0.95326793
0.83155006
0.6722663
0.9889884
0.8060766
0.91368604
0.7439204
0.8902493
0.8499346
0.7697038
0.7949657
0.8347863
0.82162833
0.887361
0.8372521
0.92632383
0.81070274
0.8618105
0.8799292
0.87850714
0.8779848
0.8253428
0.8066145
0.94802415
0.58314264
0.91570807
0.799399
0.83484066
0.7270895
0.84909344
0.7028328
0.765839
0.9439865
0.4881353
0.7734316
0.91653174
0.8116321
0.9473989
0.8214958
0.73037976
0.83189213
0.8976219
0.671175
0.9156608
0.8826821
0.5526062
0.9261941
0.7151739
0.8362844
0.7412024
0.7097723
0.9145483
0.8804396
0.82471055
0.7293103
0.9428339
0.8611643
0.95026624
0.7657168
0.7495563
0.86903983
0.87118053
0.92523664
0.6254593
0.94246525
0.81120396
0.94921476
0.9132952
0.7506136
0.76345646
0.8822377
0.81773704
0.91365445
0.9100249
0.96290505
0.957923
0.9717405
0.8391809
0.765474
0.96073616
0.84778637
0.93333226
0.6294926
0.828033
0.859548
0.97003335
0.91442406
0.8338408
0.92185205
0.9219116
0.8928779
0.8625278
0.8260251
0.8908774
0.6985985
0.7363592
0.9115592
0.735367
0.8823337
0.81633157
0.8579192
0.70774585
0.9228969
0.94607335
0.77984214
0.75606465
0.74978435
0.7996955
0.8258788
0.79691607
0.96250314
0.9365498
0.94839376
0.8386229
0.9382757
0.91220963
0.82255876
0.97583306
0.6812909
0.91097426
0.9526488
0.74483275
0.9147468
0.95911866
0.8661439
0.91084844
0.9009905
0.96892667
0.8556728
0.8665597
0.86475325
0.9280651
0.8894472
0.7335472
0.8890028
0.94574296
0.8502921
0.8810829
0.95199645
0.8059619
0.96469843
0.9130551
0.46068197
0.8314346
0.78807545
0.8199789
0.9140694
0.88219243
0.85509944
0.81948256
0.83561194
0.8528929
0.9102855
0.9096072
0.94340616
0.80944556
0.41271973
0.87862897
0.8788227
0.7973827
0.7882918
0.7578507
0.81524825
0.8513338
0.7658738
0.9763743
0.90880513
0.88042146
0.64621025
0.83829343
0.88857365
0.59496754
0.90027666
0.9293882
0.89610445
0.62829864
0.8448693
0.90334666
0.8663901
0.67043567
0.8479266
0.90759915
0.91894436
0.8510387
0.79449064
0.7762054
0.8722518
0.96042174
0.88450545
0.8418397
0.9225061
0.82515824
0.79450756
0.76347744
0.65462375
0.65881467
0.77600753
0.95673347
0.8615705
0.83344233
0.8689717
0.72395587
0.93336505
0.8262599
0.8866091
0.92691755
0.913551
0.9644494
0.8554353
0.8699914
0.84292436
0.8825386
0.84673214
0.8361277
0.8974834
0.9585908
0.77008283
0.91211474
0.921955
0.86482084
0.73616385
0.90877163
0.8635151
0.88103354
0.81228775
0.6007749
0.83084387
0.873052
0.93870014
0.447883
0.87314403
0.7339229
0.9126496
0.92531276
0.9412933
0.46495023
0.88553166
0.87940764
0.86520547
0.93119735
0.74426526
0.94823015
0.8434354
0.5546862
0.64090866
0.69048834
0.8791678
0.8803712
0.91870713
0.86158836
0.9181426
0.38276425
0.87675095
0.78178895
0.93152446
0.92682534
0.5642502
0.8923679
0.9236393
0.90466523
0.806775
0.6454788
0.8114279
0.8659104
0.6987746
0.8135253
0.86497533
0.86726695
0.8631706
0.78364956
0.74801517
0.5889586
0.8386679
0.8731028
0.5226642
0.8502549
0.8415487
0.57490224
0.71691644
0.6969485
0.89076734
0.8385091
0.8783586
0.7273696
0.9067294
0.8913523
0.8343831
0.8152985
0.80345404
0.9574995
0.9067441
0.89130086
0.7607175
0.9195262
0.7620162
0.922737
0.7741051
0.7474375
0.8681698
0.784509
0.7927808
0.9586455
0.86443555
0.84681225
0.9129124
0.88421774
0.8898474
0.84318894
0.61971444
0.6736756
0.71249294
0.84272313
0.82463527
0.8992397
0.72700775
0.9320194
0.90345865
0.9358723
0.87332565
0.8891084
0.9625826
0.91363347
0.852916
0.96628517
0.8697285
0.862714
0.9295689
0.9614151
0.817412
0.8555507
0.92319006
0.8453298
0.82994074
0.8928582
0.8602406
0.90607375
0.8687412
0.599178
0.8723078
0.9115397
0.80950046
0.83731425
0.84558773
0.92698777
0.7139653
0.7995906
0.8551598
0.9412175
0.93560034
0.9556296
0.91070795
0.88576925
0.884732
0.8897668
0.9029252
0.84027046
0.7803421
0.8128388
0.90207726
0.66256565
0.84167564
0.70309675
0.78864455
0.75407684
0.87776697
0.72205204
0.8178828
0.92562425
0.94358903
0.85336095
0.85281444
0.905308
0.70781744
0.85765225
0.65183747
0.6691141
0.8943307
0.77280504
0.76016736
0.6897188
0.89613605
0.9141063
0.86028165
0.9158101
0.93476844
0.78980833
0.8691377
0.9245943
0.7905994
0.8752332
0.8149681
0.9375853
0.9538437
0.8997156
0.7421492
0.8088354
0.8588383
0.6479686
0.7548631
0.8882502
0.8879388
0.8933785
0.84261584
0.9414811
0.8225112
0.9813269
0.96615684
0.87877107
0.9163728
0.8488077
0.8716591
0.8589585
0.8010515
0.9059231
0.74715585
0.9152237
0.876248
0.8520495
0.93271804
0.9786377
0.8808759
0.9308619
0.84055245
0.7549278
0.8694047
0.80738235
0.89587414
0.85775125
0.7482381
0.8887609
0.69928086
0.73732936
0.8073384
0.841209
0.9675462
0.88568777
0.7800085
0.9062004
0.9550551
0.9056849
0.8727627
0.76404095
0.79934585
0.90711856
0.8259477
0.7819148
0.7728493
0.942591
0.8610327
0.7600483
0.9049472
0.8711398
0.9470946
0.8648885
0.8969805
0.92644686
0.91091317
0.92939526
0.8880327
0.6693968
0.9394024
0.90251887
0.66524637
0.87777066
0.81347203
0.9749748
0.7018749
0.6133276
0.90809524
0.7769082
0.94176406
0.5788981
0.8392968
0.66968083
0.91828877
0.789008
0.768434
0.7975526
0.86649925
0.84234655
0.8947409
0.88296425
0.96165913
0.8980406
0.826294
0.74107945
0.8448594
0.83832645
0.73103607
0.87382966
0.9379102
0.9169555
0.87827444
0.7213468
0.9675952
0.78269523
0.8804531
0.9421271
0.86127365
0.9201586
0.62506
0.7748745
0.7982537
0.80792296
0.9009968
0.9089153
0.667467
0.65119046
0.91092885
0.9439528
0.68393373
0.96581495
0.8682503
0.9528304
0.7941357
0.8640476
0.86262465
0.95470774
0.85706353
0.8806183
0.83540344
0.9284836
0.78247726
0.88552845
0.95217097
0.7369111
0.6677703
0.9590094
0.91163623
0.8346183
0.8475602
0.8798617
0.8223082
0.73977435
0.9191795
0.8775759
0.64389896
0.88406456
0.9018683
0.6748252
0.5633017
0.8812294
0.8954656
0.7997269
0.7345124
0.89202034
0.91518617
0.92214596
0.9339544
0.68601865
0.8668505
0.8537046
0.92813087
0.94455874
0.82466596
0.79776734
0.89467704
0.91716355
0.8401721
0.8076968
0.669227
0.96015066
0.8431101
0.88994575
0.76605093
0.8565083
0.7826556
0.7399161
0.8713746
0.70835227
0.82624006
0.87552804
0.9396811
0.8228322
0.7352287
0.82050097
0.9226951
0.9603085
0.8244758
0.85431993
0.87139904
0.71948594
0.92539835
0.5697638
0.7405202
0.8981674
0.9494257
0.9667323
0.7725165
0.85694456
0.8210799
0.858962
0.9173219
0.9295303
0.8246362
0.9421135
0.65749246
0.55927575
0.8065119
0.77570313
0.8471746
0.92827463
0.69765127
0.83953106
0.94747984
0.8388734
0.9092585
0.788815
0.831818
0.87039244
0.6284771
0.882509
0.9744843
0.95443475
0.9577714
0.9398359
0.83034754
0.86770093
0.8015217
0.9366362
0.8527139
0.8765073
0.7722227
0.8125439
0.8832881
0.8679749
0.92147017
0.5001984
0.6515389
0.8514387
0.89624304
0.80036587
0.92453104
0.88553506
0.94758034
0.6926497
0.86339635
0.7976674
0.86712
0.8350551
0.8029716
0.92547965
0.7970183
0.7456534
0.9554792
0.9541664
0.9474374
0.73247045
0.59808284
0.8234434
0.7033772
0.61969006
0.71919835
0.8274888
0.8565326
0.6696478
0.92761886
0.89621526
0.7569047
0.81669366
0.902382
0.94145894
0.8619933
0.9131311
0.7432837
0.9072868
0.9046602
0.8118401
0.8477785
0.932765
0.87616694
0.68135273
0.8813554
0.8828685
0.7135786
0.7998145
0.81293786
0.90401936
0.9418981
0.8045207
0.8089702
0.8786008
0.9389008
0.69436073
0.898756
0.6823327
0.78447145
0.7625507
0.7163608
0.7050227
0.768402
0.84462374
0.72237366
0.85637337
0.88852537
0.88123167
0.7349422
0.8639371
0.75717014
0.9049519
0.81363183
0.8640083
0.8406472
0.92833555
0.9018676
0.8070811
0.8093459
0.63715696
0.9207151
0.8895626
0.82249284
0.8778926
0.6347074
0.78737694
0.84117305
0.8094115
0.9106481
0.78840685
0.92998993
0.7827265
0.71701443
0.7878257
0.8993053
0.80644387
0.8073833
0.94518685
0.8580351
0.77031326
0.7894523
0.94702905
0.8947137
0.9181319
0.78669906
0.78547466
0.80592483
0.9533466
0.91856694
0.8381871
0.86061704
0.9639447
0.7832264
0.7550471
0.8035124
0.82459384
0.85342634
0.9656914
0.75177
0.59615713
0.8124707
0.7978519
0.8924631
0.9392538
0.81399596
0.5897303
0.54223937
0.73063093
0.81286395
0.79620653
0.7634325
0.72787035
0.8431744
0.91719836
0.8703199
0.90966576
0.7470814
0.8654053
0.87934726
0.49836427
0.8046206
0.7285625
0.85281014
0.8079813
0.9101497
0.9539177
0.81975603
0.9110824
0.8160349
0.7543858
0.9002598
0.9295995
0.74968636
0.98313147
0.57963306
0.94085443
0.7993785
0.8567791
0.8310869
0.93047637
0.91227895
0.6198159
0.8416308
0.75376326
0.78190637
0.72857547
0.8270213
0.8052693
0.67096746
0.66509783
0.87923765
0.9831519
0.8045059
0.90577924
0.82125175
0.90341324
0.86595714
0.74578464
0.944845
0.9273739
0.8392708
0.8401134
0.9225924
0.60180324
0.763031
0.8349038
0.9164486
0.7406955
0.8827901
0.94939697
0.86110485
0.84807014
0.6994651
0.8120254
0.5764022
0.86714685
0.9110464
0.76100105
0.84812295
0.90278727
0.9197079
0.8194188
0.7762684
0.90118295
0.8670092
0.7679339
0.7808758
0.8567914
0.9514061
0.93958384
0.7924019
0.7273803
0.8390256
0.798795
0.9868175
0.7573019
0.8790125
0.871103
0.82562506
0.93723637
0.86975324
0.48706675
0.847103
0.8499818
0.9129727
0.81506807
0.8428993
0.7031729
0.90169275
0.876205
0.5199647
0.6542824
0.80642945
0.70125186
0.7041073
0.907778
0.9790174
0.9488698
0.75419885
0.8550151
0.8917904
0.7819603
0.89629614
0.9703121
0.9556638
0.9695853
0.8042677
0.7879598
0.7984742
0.91911495
0.7941876
0.64611703
0.5530754
0.95466375
0.9171748
0.84301984
0.7170683
0.83611375
0.85456634
0.7963673
0.86756516
0.9274251
0.8498423
0.9205714
0.9076899
0.74762446
0.8899747
0.71473134
0.9177833
0.9631465
0.9602308
0.89953303
0.96693957
0.7389525
0.81158507
0.64309895
0.82482356
0.9340898
0.93453294
0.79936177
0.8767116
0.9565976
0.9681076
0.876249
0.84577256
0.7272078
0.57739973
0.87150145
0.8574385
0.6717177
0.9588715
0.9160446
0.8957739
0.8691231
0.9430007
0.9196951
0.92233557
0.8666125
0.7625984
0.7939636
0.8354198
0.9342833
0.9460681
0.79085624
0.8889257
0.8101772
0.738616
0.9635433
0.8062638
0.94371164
0.8429374
0.95294863
0.8921212
0.75999683
0.93027335
0.8886367
0.72185785
0.9296552
0.9156257
0.93126345
0.90502787
0.8839935
0.8553349
0.6217207
0.82288384
0.96180665
0.9287843
0.82100344
0.8012032
0.8995807
0.8018713
0.9424628
0.8956121
0.6144749
0.89599997
0.74493706
0.5990182
0.906992
0.8411044
0.86034566
0.810651
0.8780934
0.8790152
0.66371953
0.88593763
0.5916551
0.68174404
0.7848825
0.90034544
0.7716521
0.796063
0.83463997
0.8860688
0.887576
0.82684606
0.9640312
0.97491723
0.7454555
0.5914599
0.97439504
0.7785506
0.80643445
0.72874045
0.6760777
0.89785856
0.9420154
0.9658297
0.69591683
0.6959892
0.8444756
0.8673091
0.8543684
0.90990883
0.9787942
0.87457657
0.68852913
0.8858348
0.8439129
0.8961932
0.8514778
0.7301675
0.97661746
0.7593083
0.90843654
0.79283494
0.76682526
0.86499405
0.8526678
0.72212577
0.8944652
0.91462713
0.97668123
0.8306971
0.6949264
0.8692188
0.67173487
0.88253784
0.8528304
0.929939
0.8870474
0.8273768
0.74288195
0.9110303
0.93609875
0.77217233
0.94934946
0.8097794
0.83796316
0.9594839
0.7357893
0.8584627
0.93812144
0.91277725
0.76307184
0.83232844
0.95898145
0.88735354
0.8923733
0.83253336
0.9142925
0.86782247
0.8997337
0.735062
0.8715425
0.94877523
0.8960291
0.8707169
0.9480221
0.849206
0.84213424
0.73739535
0.86581206
0.82575816
0.8363975
0.6789096
0.90705127
0.6551596
0.85024214
0.83682436
0.9514757
0.8577498
0.87386715
0.8445955
0.9308075
0.8880726
0.9105457
0.7531564
0.86175627
0.8677766
0.85338604
0.8096143
0.84139675
0.9186062
0.7989979
0.64329743
0.90872765
0.9066126
0.81090397
0.87960315
0.70539016
0.84751135
0.8598444
0.86395013
0.9020484
0.8425994
0.94312567
0.8986842
0.8476732
0.8423576
0.9644636
0.9431372
0.7960657
0.8181752
0.8271867
0.7713803
0.9114849
0.9240081
0.9287352
0.76438797
0.382776
0.9582237
0.8768672
0.7798128
0.9390247
0.88653004
0.7439148
0.8209954
0.9354987
0.9460746
0.62835974
0.85551214
0.3854858
0.89274895
0.8740071
0.9222492
0.56949174
0.80713886
0.85646284
0.80719405
0.8853384
0.9415249
0.69620764
0.88017607
0.8021181
0.9190954
0.5800135
0.8768623
0.9056471
0.91500324
0.9363673
0.9023336
0.96959543
0.69612026
0.61975473
0.73246676
0.9504038
0.86756295
0.93470335
0.79955095
0.8112625
0.82803166
0.8007333
0.88310045
0.9393469
0.949223
0.86830986
0.76756215
0.7802383
0.8284825
0.9166151
0.8403262
0.9162184
0.93385446
0.8913733
0.91536844
0.89829886
0.8854327
0.7243946
0.69037104
0.80208564
0.8209553
0.8469402
0.9052967
0.7191509
0.8749281
0.7217913
0.9138015
0.86940306
0.83193547
0.45123112
0.8087476
0.9058743
0.8420707
0.6634333
0.72540724
0.9467439
0.8518161
0.82689375
0.7880174
0.82401437
0.82893723
0.7329808
0.9108191
0.50706494
0.91929495
0.8848344
0.8193531
0.9433326
0.86299604
0.86113757
0.85261637
0.9292332
0.9000945
0.9473192
0.8342441
0.8409101
0.9241576
0.7333778
0.63258386
0.7893022
0.98278254
0.67840534
0.7717075
0.96500427
0.88371557
0.98138016
0.88980097
0.7784919
0.5035417
0.9658199
0.93074954
0.929422
0.9282703
0.9474169
0.9270636
0.8136662
0.7670341
0.9407131
0.8558874
0.8563696
0.8349714
0.97862136
0.8454568
0.9414511
0.813567
0.65878177
0.8966703
0.9678205
0.7449147
0.71042717
0.879304
0.76265764
0.6799633
0.7393242
0.64241976
0.8684098
0.6344555
0.8293389
0.7563076
0.91365004
0.95440465
0.96252084
0.82724833
0.86007726
0.8498753
0.7979177
0.7918159
0.8910911
0.8557147
0.8782398
0.6189841
0.64519244
0.9249214
0.9061318
0.8199955
0.89054
0.5470573
0.8895872
0.8075303
0.7922208
0.9129596
0.85924834
0.92639875
0.539375
0.71824074
0.742324
0.8848524
0.82640517
0.6794457
0.84716135
0.8468668
0.8726634
0.9177038
0.89844
0.91512483
0.8426087
0.91199756
0.9193258
0.8792857
0.8021114
0.60952586
0.9453748
0.9393074
0.7343705
0.8917104
0.4558136
0.93118834
0.78390574
0.7760785
0.68702555
0.7088355
0.95274025
0.8618624
0.77125114
0.95128477
0.8711171
0.747572
0.41527635
0.89561945
0.874185
0.88761395
0.66285175
0.9101276
0.9799682
0.89459527
0.827947
0.7528628
0.7497238
0.7745383
0.67767155
0.8084139
0.9349748
0.840463
0.7462409
0.8376
0.84249634
0.9024545
0.82658625
0.87746435
0.6660806
0.93598366
0.8368944
0.95977837
0.8585656
0.62262774
0.8396449
0.92045105
0.8833924
0.89854866
0.97678506
0.8217623
0.8294975
0.9186604
0.9536906
0.8427329
0.94084895
0.93799543
0.85384846
0.8442083
0.7634597
0.7044459
0.691238
0.81402695
0.8507626
0.766423
0.87083286
0.86430544
0.82125515
0.69588536
0.8648813
0.95942426
0.65459913
0.70078087
0.7532976
0.9471697
0.8528157
0.9441498
0.8729478
0.8344266
0.9254003
0.83788455
0.827903
0.84418905
0.7357462
0.8929694
0.93114245
0.69557446
0.95265234
0.79499745
0.9015188
0.8600296
0.7993526
0.80378014
0.90293133
0.93431175
0.9336413
0.81218684
0.9390266
0.85854703
0.8492405
0.92560583
0.6402068
0.8792676
0.8156595
0.8580669
0.7396002
0.85969436
0.70415133
0.8396087
0.83458996
0.786513
0.8625123
0.8668765
0.93179613
0.95754147
0.7921563
0.7571551
0.7633589
0.7752974
0.8757622
0.91902804
0.91939545
0.86513007
0.91610605
0.84756404
0.86445975
0.82957274
0.7931309
0.902828
0.9511545
0.87724
0.7883017
0.70350677
0.8714212
0.95434076
0.9488895
0.9525097
0.85303223
0.8073281
0.7968178
0.93961555
0.92088264
0.7638091
0.7946108
0.93320405
0.96375585
0.8417285
0.86007214
0.91190183
0.6957985
0.859059
0.72183305
0.96216804
0.78710324
0.9590845
0.82166386
0.82764876
0.9707213
0.9247015
0.8181604
0.86653095
0.8595633
0.83772796
0.89723676
0.78011626
0.50041765
0.9234588
0.7382755
0.8617016
0.9702086
0.84769624
0.7489824
0.6882738
0.87810665
0.84716374
0.747374
0.7848964
0.8074051
0.9560754
0.7954507
0.76206464
0.928598
0.830841
0.7298793
0.95868546
0.65395206
0.8699156
0.8178203
0.90230036
0.82670057
0.90468544
0.9270989
0.80373037
0.84901226
0.8481121
0.5284867
0.79031456
0.89107716
0.9012483
0.84718776
0.9528411
0.62661475
0.9785992
0.94948065
0.83088285
0.94979006
0.65974504
0.7864155
0.89922863
0.87022305
0.86914843
0.9566224
0.74593383
0.8579398
0.8607643
0.7656262
0.8769733
0.8331447
0.7827254
0.8513945
0.9535091
0.7564879
0.736215
0.8396977
0.77064526
0.86402935
0.8760005
0.5354174
0.9037287
0.73303986
0.84202373
0.9101402
0.7245689
0.7728273
0.80428785
0.57062155
0.51320654
0.8743794
0.8191966
0.8927596
0.9345618
0.915506
0.89387137
0.9449029
0.8450325
0.8261108
0.8727029
0.76771027
0.7536842
0.90425354
0.85294306
0.9277916
0.81522775
0.9307327
0.9037012
0.80693096
0.9031402
0.9642894
0.7265023
0.95094836
0.64872617
0.85779184
0.8171103
0.71685493
0.6363645
0.96022224
0.88790625
0.8991802
0.74160177
0.940718
0.75367504
0.77587193
0.77727497
0.7145125
0.78841776
0.9549513
0.95327556
0.8080159
0.5719701
0.7775593
0.9709701
0.953963
0.8480737
0.44220057
0.85499203
0.73824674
0.9005265
0.6797889
0.92601067
0.9387859
0.9126152
0.74873114
0.91353506
0.88309616
0.9290905
0.7633165
0.828065
0.8462439
0.92802155
0.67815447
0.82618046
0.7041379
0.692253
0.8797089
0.7192647
0.9404419
0.9523179
0.79951006
0.87694955
0.9303465
0.6732948
0.82491094
0.8275587
0.8917454
0.8240285
0.93974394
0.83259195
0.8355117
0.85288227
0.94286114
0.70620483
0.8874681
0.90360755
0.8075594
0.75876844
0.8855116
0.7291331
0.8600988
0.9154319
0.5731982
0.8663828
0.97418314
0.85551447
0.9034208
0.82001096
0.6477396
0.8436539
0.73207676
0.90668046
0.8079885
0.8999311
0.94098884
0.84144115
0.9552398
0.9495311
0.9201217
0.7214893
0.9615828
0.8602226
0.8397791
0.87705153
0.9211879
0.8785711
0.9584946
0.9330311
0.9719777
0.7915108
0.9527873
0.9588419
0.7609848
0.91115725
0.79273856
0.84396964
0.94607604
0.9295614
0.8037992
0.6965798
0.7951954
0.8671449
0.741081
0.8178934
0.7207642
0.8610773
0.8908082
0.79636383
0.9524522
0.8968498
0.9200528
0.933234
0.9039119
0.95417583
0.79321307
0.9004758
0.79575706
0.8667401
0.7633083
0.76789874
0.86057085
0.6741893
0.91028696
0.564111
0.89346135
0.8286016
0.8932184
0.78267974
0.89727503
0.9205014
0.8475675
0.91034794
0.87650317
0.88316065
0.7288514
0.69214
0.9300535
0.8847425
0.810834
0.7147072
0.96810913
0.81820214
0.900912
0.94598424
0.7932084
0.72818524
0.962878
0.8819411
0.90000963
0.88232857
0.73056245
0.91458756
0.9669862
0.60231423
0.7367515
0.6670756
0.829959
0.8729909
0.86696506
0.9005784
0.75891376
0.86091834
0.8207152
0.89772177
0.9393537
0.81775004
0.8437068
0.87155604
0.88329464
0.8386022
0.8292375
0.8158761
0.8930364
0.8322904
0.7968692
0.867143
0.7290809
0.7472255
0.7244274
0.7787241
0.88952863
0.75194585
0.9505038
0.7968911
0.87850726
0.76503843
0.6658897
0.95995706
0.9417853
0.8295333
0.80807114
0.89857674
0.8813627
0.57126063
0.7997861
0.73704934
0.8802127
0.94965214
0.93506896
0.930282
0.90588665
0.909426
0.9361233
0.9591967
0.9632088
0.838277
0.92969924
0.71298283
0.8974581
0.7066517
0.6439813
0.8686343
0.9558986
0.8838326
0.88845456
0.87861735
0.8465561
0.9197578
0.865499
0.7453348
0.972954
0.7871288
0.8358192
0.91632295
0.6194433
0.95063126
0.8354526
0.92647076
0.67100227
0.8962244
0.86562634
0.83698463
0.8623386
0.874427
0.83459336
0.7873391
0.7230134
0.5066489
0.87799
0.8798432
0.55100924
0.87627745
0.9078054
0.8528232
0.8910974
0.8803338
0.8788208
0.8475768
0.91309917
0.7954856
0.71587193
0.74884623
0.98107666
0.92756504
0.88398415
0.9281121
0.97222066
0.89183414
0.9468257
0.87384397
0.92362267
0.9594025
0.9494754
0.89333624
0.95764124
0.8024042
0.9246798
0.8603615
0.91045606
0.87752527
0.82532346
0.78434956
0.7385664
0.844935
0.9350687
0.9362479
0.8873527
0.92544574
0.73556817
0.8270084
0.73655844
0.8650769
0.74120146
0.8668897
0.47879815
0.9574509
0.9152794
0.8225782
0.79113865
0.88385594
0.93790686
0.8042164
0.9637687
0.7330593
0.95859617
0.7229702
0.9546838
0.9113493
0.94073576
0.92572254
0.8438031
0.80285853
0.8019049
0.7500888
0.725165
0.8052796
0.85647017
0.89366865
0.77490246
0.8341694
0.88608193
0.8477504
0.8036078
0.8130524
0.7880562
0.89641106
0.688782
0.9192246
0.9547603
0.6919783
0.7212665
0.9526495
0.9231055
0.8444315
0.9016263
0.8019575
0.7111747
0.7753059
0.8829607
0.7750278
0.8936545
0.7985638
0.8547264
0.8425289
0.8332943
0.85781133
0.9668085
0.95704395
0.77563155
0.94137627
0.91388214
0.8048749
0.69412625
0.9638588
0.96319616
0.9070382
0.74048084
0.83526576
0.94017047
0.82719034
0.9069929
0.88558817
0.9366867
0.7976171
0.6771175
0.86645675
0.58392525
0.7688522
0.769289
0.8887979
0.9335064
0.8475194
0.84146976
0.80967677
0.88127524
0.90074366
0.90810984
0.8764852
0.89633936
0.89231116
0.9390029
0.81904876
0.862778
0.8072573
0.91692066
0.819222
0.9046156
0.9049265
0.87908685
0.93933815
0.7427304
0.90728974
0.9199743
0.8483596
0.9335199
0.817925
0.9615719
0.78709775
0.84656775
0.89488554
0.85654914
0.92280537
0.9752566
0.76018393
0.86453354
0.9158727
0.43311113
0.6963411
0.93312764
0.85482514
0.74406844
0.87882257
0.87152785
0.7430021
0.86484253
0.8284376
0.8680744
0.8165636
0.91452706
0.95176727
0.95752305
0.83039397
0.9639573
0.8739464
0.9002083
0.8671268
0.8548952
0.8925256
0.8276998
0.64559907
0.87587804
0.7823924
0.9478398
0.8609004
0.86261857
0.85930526
0.879814
0.796124
0.6214788
0.86086786
0.8367651
0.84098995
0.83745736
0.8779518
0.90868473
0.9442776
0.9401064
0.94857794
0.93195724
0.82119894
0.7636979
0.8624108
0.8810828
0.94305897
0.8959082
0.76547915
0.91426206
0.8255809
0.6437011
0.87454677
0.8893737
0.8971354
0.839358
0.9653447
0.96793455
0.8149662
0.7903883
0.82603073
0.9832222
0.92119193
0.9491747
0.8323567
0.86080843
0.75753134
0.8437984
0.8654138
0.87318933
0.9026047
0.7855839
0.69756633
0.7212256
0.92749166
0.852651
0.7737123
0.7397306
0.72536546
0.92978275
0.83573765
0.96081126
0.9431568
0.84196234
0.78081876
0.7323778
0.89234114
0.6067953
0.86843896
0.7003809
0.79805285
0.84127146
0.78091586
0.7962145
0.71409774
0.81824833
0.800017
0.71402407
0.86824834
0.74816126
0.84123594
0.9218445
0.7581448
0.764334
0.8857099
0.9453794
0.75886
0.86057687
0.9401251
0.9206109
0.8960126
0.93946517
0.79090583
0.8780095
0.75066125
0.8212741
0.88177174
0.75126344
0.824929
0.94332016
0.8610861
0.94696295
0.72472936
0.7188242
0.822817
0.8548252
0.6638653
0.9105356
0.8700377
0.9497462
0.8090002
0.69855404
0.90774995
0.71067667
0.9090995
0.79702085
0.31285265
0.8480533
0.75500077
0.9530208
0.86563575
0.9547832
0.7914659
0.90019464
0.94203544
0.6721742
0.9067054
0.963907
0.9470116
0.84850013
0.8734084
0.7820316
0.91147304
0.83145416
0.8725248
0.8607707
0.93340254
0.9546989
0.9423735
0.96814895
0.90779805
0.9478557
0.9019595
0.6748439
0.9094149
0.8315502
0.81494594
0.63549304
0.79008746
0.8523097
0.9330085
0.8529638
0.9447005
0.6283164
0.8335546
0.43823838
0.6563775
0.9272468
0.8370739
0.92395866
0.73430026
0.89379984
0.9275061
0.70584404
0.8439414
0.94452083
0.88583267
0.7833333
0.7305477
0.86517256
0.72416836
0.9370273
0.7644697
0.83995914
0.8333338
0.86147463
0.82126045
0.9468236
0.94775516
0.75149035
0.9230832
0.9206337
0.7666404
0.8389629
0.88656074
0.7886584
0.8020504
0.7541915
0.7529771
0.95873415
0.927146
0.8029369
0.8352234
0.8579663
0.7185389
0.8583174
0.9588353
0.8296002
0.9504781
0.8374144
0.8266399
0.67878175
0.921968
0.912392
0.8044242
0.86673826
0.9305537
0.8884797
0.84761477
0.88287437
0.95229715
0.84305966
0.9488591
0.89799935
0.90483373
0.7233755
0.8441614
0.8749379
0.9170408
0.59648013
0.95074564
0.7562321
0.80667835
0.61279094
0.7086064
0.9044256
0.74445635
0.7247115
0.9370992
0.8165441
0.88747823
0.88834876
0.7476185
0.6450215
0.9329929
0.81907654
0.93307775
0.92048836
0.94542044
0.70566505
0.8665119
0.88143235
0.8211213
0.85297716
0.9156826
0.80547863
0.7779102
0.7854445
0.9364119
0.9039401
0.8274575
0.9573119
0.9536399
0.92885065
0.9054844
0.8803561
0.85167974
0.74363804
0.8686384
0.97580683
0.9196589
0.89027834
0.81826234
0.8501348
0.80967695
0.9811358
0.9048781
0.8581989
0.70579505
0.7932295
0.96786374
0.8292743
0.93428624
0.74383926
0.8830786
0.5939271
0.864761
0.78960025
0.88538635
0.8453686
0.7921549
0.82566214
0.9067987
0.819642
0.7911543
0.9670461
0.7906469
0.8955312
0.8158384
0.8854145
0.9678766
0.9342511
0.93720627
0.9108974
0.94578403
0.81378615
0.7605026
0.6630665
0.96582437
0.6613531
0.9453443
0.874087
0.87443185
0.73240817
0.93534
0.70934975
0.91322744
0.68351734
0.9153702
0.9217602
0.8297369
0.9521533
0.8499677
0.92165107
0.826697
0.8486377
0.84687996
0.9591081
0.8542719
0.65201014
0.959991
0.5641691
0.89527786
0.8183643
0.85586256
0.6166212
0.9771432
0.759646
0.7299204
0.74242693
0.9272407
0.85861313
0.9486666
0.8575379
0.7091981
0.9368182
0.840645
0.6137795
0.5936037
0.9671802
0.8580555
0.87768865
0.7467638
0.8297052
0.8950836
0.6853376
0.8372971
0.83390945
0.89413655
0.86835253
0.7368468
0.9268496
0.92785907
0.733545
0.89357066
0.89556324
0.93173337
0.90229553
0.94392645
0.9850738
0.95828843
0.84246284
0.94023037
0.87027293
0.8545456
0.6980602
0.93469864
0.6573565
0.84977514
0.70745134
0.8704613
0.9184972
0.73423576
0.42636728
0.84952134
0.83907455
0.7457061
0.9461576
0.9624976
0.7650639
0.7161024
0.8091735
0.80157167
0.7748188
0.92423064
0.9241675
0.94626933
0.8394277
0.8617186
0.9156506
0.8199035
0.8155126
0.91720563
0.8433883
0.88791376
0.80970085
0.6948316
0.8443906
0.98008215
0.76618135
0.9464082
0.6940439
0.82536566
0.86313015
0.7252745
0.8990037
0.6371656
0.81757575
0.83966637
0.86635464
0.7991969
0.94441855
0.9089421
0.77495563
0.94263446
0.89158547
0.93723935
0.7166865
0.7213551
0.94363105
0.9045301
0.9545692
0.92577773
0.7938968
0.87995684
0.87276274
0.81553984
0.9079929
0.81966054
0.961426
0.8336644
0.898562
0.93403625
0.6406968
0.84462434
0.9408347
0.8868251
0.8738017
0.92011166
0.77522564
0.7837762
0.5715869
0.87184787
0.8989958
0.84549326
0.9497873
0.9105875
0.891514
0.8928299
0.9317629
0.8446516
0.46507874
0.92977226
0.80790734
0.8288169
0.81644356
0.93618304
0.5766567
0.84899443
0.95213425
0.95390344
0.8515788
0.7299337
0.9556404
0.936835
0.8969679
0.7321079
0.9455161
0.7228355
0.794618
0.794997
0.7204248
0.74360496
0.819362
0.9289024
0.95709145
0.90245587
0.93686426
0.91849744
0.91613626
0.8940167
0.39613754
0.8391774
0.5886942
0.87316793
0.61303604
0.9213776
0.9411253
0.8345005
0.8984411
0.8991102
0.89119226
0.8357819
0.96545726
0.7647613
0.9612514
0.8913206
0.893836
0.8382124
0.7045859
0.9652144
0.9566395
0.8301392
0.93512493
0.7584345
0.91487
0.7138638
0.6889003
0.89117825
0.93134457
0.8662433
0.94832563
0.7270841
0.8880245
0.89156914
0.76451695
0.7788479
0.9003481
0.8245571
0.8766735
0.9210647
0.9171519
0.8577313
0.86052996
0.8571238
0.92969877
0.787758
0.94558877
0.87498957
0.947908
0.54162884
0.77212465
0.91751003
0.8454746
0.8977017
0.6164316
0.88914
0.86218125
0.91404796
0.9242165
0.8404563
0.9066076
0.8891671
0.8896663
0.9018202
0.8833513
0.85662663
0.7963412
0.8360709
0.8130376
0.907694
0.806321
0.8510924
0.93080765
0.94545007
0.9252901
0.84879136
0.63363826
0.8494248
0.8307086
0.84677136
0.88168347
0.9375018
0.84909916
0.65538734
0.7914896
0.8963679
0.88221973
0.82345754
0.5424571
0.6963202
0.9043648
0.85608995
0.7990279
0.5121678
0.94297564
0.73003125
0.9461263
0.73221207
0.913911
0.84934866
0.9392564
0.94950694
0.94895947
0.70879257
0.8692487
0.77083695
0.9498997
0.72194165
0.98058367
0.9002049
0.7808846
0.7533904
0.83977294
0.86633503
0.80121624
0.7320796
0.8492793
0.7896277
0.71398234
0.8620932
0.9176791
0.7172793
0.6172733
0.80235946
0.8632356
0.84569407
0.8786165
0.8606129
0.75463784
0.81128454
0.8881482
0.9214976
0.84397817
0.9177544
0.95060945
0.9443323
0.9241337
0.86571264
0.9755988
0.9523918
0.861447
0.8992896
0.908735
0.881663
0.7287295
0.83787984
0.9707632
0.8300756
0.772663
0.91997886
0.8796873
0.5913029
0.5061934
0.8054465
0.8876157
0.8864228
0.81337595
0.96761787
0.94083583
0.8456262
0.92181945
0.879388
0.84749067
0.8083428
0.92404944
0.83293736
0.95200217
0.7358917
0.8886249
0.9714219
0.70932925
0.8622377
0.9207546
0.8775014
0.5424276
0.92483926
0.66231644
0.9445962
0.96905375
0.93237525
0.82701933
0.79942596
0.7126101
0.6482758
0.890648
0.8316074
0.9051274
0.9048779
0.5535295
0.9480568
0.83947694
0.85656416
0.9066375
0.8138107
0.7506863
0.9147274
0.9719694
0.941953
0.86252916
0.83777016
0.9414664
0.92567354
0.8957257
0.84347284
0.9107591
0.8895664
0.8465433
0.88404393
0.67023987
0.9225272
0.8927055
0.8872512
0.76970947
0.8132443
0.8725767
0.83653504
0.8897496
0.8110866
0.7919344
0.97276354
0.57049596
0.88985944
0.8890045
0.9672149
0.90351355
0.89287233
0.80816543
0.91727686
0.58394444
0.8835263
0.61301214
0.82383
0.8780166
0.87457633
0.72653353
0.808677
0.8828311
0.80249614
0.87306964
0.8444816
0.93111694
0.8429066
0.74821174
0.81854194
0.5760615
0.90247273
0.94904816
0.9677073
0.61369544
0.70677036
0.958455
0.6896733
0.7793095
0.7503695
0.81858283
0.8567707
0.8747281
0.9249637
0.86905146
0.8579421
0.82825214
0.8434499
0.87433875
0.8144151
0.78979814
0.7748619
0.84735984
0.8031697
0.8247837
0.85163665
0.9096819
0.9199434
0.7681824
0.7961434
0.7140124
0.8115023
0.8730619
0.8983799
0.7051951
0.94285184
0.8959301
0.7798703
0.76857686
0.9279908
0.7742015
0.78574204
0.81172633
0.45326722
0.8909217
0.95772016
0.43966737
0.82937497
0.8660351
0.8322719
0.91284794
0.9246044
0.81031007
0.9093869
0.8561241
0.81124234
0.9586006
0.9114361
0.8222084
0.68825775
0.828267
0.92681545
0.6894672
0.8220053
0.9397069
0.48164392
0.84831
0.70062923
0.9320982
0.89504695
0.774046
0.91129714
0.95688885
0.81410116
0.58419335
0.9486052
0.5159239
0.92502445
0.6353991
0.76972175
0.9490204
0.892411
0.9154697
0.8573432
0.9001703
0.8587709
0.68080693
0.85270196
0.805152
0.77095354
0.89035743
0.9324562
0.9499301
0.87221587
0.72449005
0.8205738
0.7060018
0.8127443
0.8805219
0.80342126
0.8181155
0.92316896
0.93834114
0.9071268
0.6671713
0.9603328
0.8643674
0.86573553
0.9055719
0.91087395
0.8302661
0.7733784
0.64149183
0.8661718
0.8085858
0.8614829
0.9207725
0.8052479
0.97236466
0.9437057
0.766627
0.86417186
0.8655113
0.66163844
0.9576596
0.8886507
0.9188935
0.71136355
0.8948782
0.78990513
0.9773183
0.9162047
0.87646
0.9062929
0.95408463
0.5891881
0.9294565
0.7592443
0.8194108
0.88846624
0.6863944
0.71401477
0.92654264
0.92844963
0.90852684
0.7927607
0.5735372
0.86122906
0.8565068
0.8061384
0.8732385
0.95258224
0.88986087
0.88619643
0.9072645
0.92441255
0.84934396
0.86080253
0.84296846
0.9286976
0.77323014
0.71120083
0.9276272
0.8985903
0.85940844
0.8929603
0.8695909
0.902777
0.87804395
0.9448035
0.6927563
0.9338475
0.6731543
0.757666
0.9543735
0.86738896
0.88562834
0.85817885
0.8984232
0.5659137
0.8599493
0.89040494
0.940847
0.9050225
0.9159981
0.83965695
0.7818883
0.8037286
0.941827
0.8810601
0.9085023
0.86232024
0.7329807
0.7592175
0.8674848
0.8358076
0.92805374
0.59614444
0.81608725
0.8618621
0.7911332
0.64492273
0.9197043
0.930454
0.917602
0.906268
0.9552984
0.88603026
0.91871035
0.81539875
0.841871
0.6014372
0.8112953
0.8843262
0.95177984
0.7810484
0.89028454
0.90950537
0.916525
0.76530725
0.8913675
0.92285454
0.70258015
0.9299769
0.96770114
0.8164822
0.85261655
0.90300965
0.92098033
0.9050877
0.72067106
0.9592725
0.8733224
0.9630766
0.6116749
0.936265
0.69007224
0.8475187
0.7460641
0.9295233
0.7523638
0.96073663
0.9153645
0.82067513
0.5547106
0.8242035
0.95398605
0.80566806
0.8884076
0.8739626
0.8460915
0.84723324
0.6988868
0.903929
0.7058898
0.90254146
0.80902714
0.92921597
0.8371305
0.91848797
0.8561021
0.9726364
0.81161976
0.9218144
0.37086344
0.870856
0.8299101
0.75487566
0.97382283
0.86852705
0.7625074
0.7605395
0.7629529
0.96346915
0.8958232
0.6181416
0.7479747
0.93348515
0.9418179
0.8135577
0.699741
0.922131
0.7384763
0.86036384
0.943417
0.8383384
0.5883217
0.8747604
0.81757414
0.77670014
0.86980736
0.9114898
0.8855711
0.9373649
0.8916182
0.79713184
0.8503431
0.9309077
0.74446595
0.9193123
0.8662265
0.8382616
0.6567876
0.9000368
0.849903
0.8703591
0.8976712
0.6110183
0.9200048
0.8738946
0.9366009
0.7425078
0.3383832
0.8301622
0.8900306
0.86543965
0.5273403
0.60450757
0.8428606
0.94090813
0.96043015
0.7617804
0.89225364
0.91057605
0.8997377
0.8709514
0.9437281
0.92597985
0.8784696
0.7465301
0.7676207
0.7637154
0.72767365
0.76521677
0.85797143
0.9239485
0.78200984
0.9337589
0.784973
0.9168353
0.88853866
0.9201096
0.95865816
0.8656878
0.65273416
0.6778091
0.7532546
0.71831083
0.83166355
0.75126636
0.74300665
0.91436416
0.86449367
0.7300464
0.79379964
0.8262367
0.8029377
0.84585047
0.61881936
0.822279
0.8110712
0.91330516
0.831756
0.8562794
0.8942448
0.91597044
0.7204686
0.8866464
0.8080305
0.8135179
0.6656339
0.96949214
0.75640583
0.92687815
0.834536
0.95144725
0.51115584
0.71821356
0.617504
0.9328338
0.71758276
0.81632376
0.8191748
0.4762978
0.92215633
0.9012915
0.8074138
0.812604
0.8696143
0.8178086
0.80914736
0.928245
0.8400632
0.83311844
0.8390527
0.9312783
0.7993272
0.91065246
0.9095456
0.8791473
0.92449635
0.89621276
0.8945607
0.87737006
0.9657013
0.7502616
0.8199586
0.8375182
0.7541642
0.7531039
0.934823
0.8409089
0.8984177
0.802707
0.76083636
0.59183884
0.789451
0.9481255
0.8679601
0.71881795
0.9169035
0.8621784
0.7923547
0.89056385
0.81143963
0.80926186
0.89081204
0.8738512
0.6364524
0.83294123
0.9492157
0.78172165
0.8255206
0.9274707
0.7976643
0.75332355
0.8422349
0.8814059
0.7566637
0.85278475
0.6911627
0.85765505
0.82556957
0.73803777
0.75627744
0.8726437
0.8220992
0.96037126
0.93346035
0.8291254
0.9584169
0.7826047
0.75593424
0.84315616
0.870086
0.816308
0.8873213
0.7789967
0.7392444
0.7287325
0.87372637
0.8329946
0.8299614
0.9029361
0.8816707
0.84902656
0.8807082
0.6512701
0.9720618
0.9285212
0.8290154
0.92235434
0.80945945
0.8369897
0.6395072
0.8618916
0.84816116
0.8479221
0.791252
0.93466294
0.70843685
0.7111153
0.7384677
0.8865043
0.49636543
0.6948923
0.9078472
0.8520688
0.68238556
0.796172
0.86623216
0.7416185
0.9212974
0.72266084
0.79503524
0.924876
0.94810045
0.7495837
0.87938726
0.87078136
0.81943476
0.8569435
0.83171374
0.7025567
0.63421726
0.86711746
0.88139915
0.5868895
0.8972403
0.9005598
0.9287336
0.7230667
0.92286783
0.8596306
0.8549633
0.8078347
0.6160355
0.9534017
0.93315506
0.9464569
0.86141354
0.90097857
0.7262014
0.8913771
0.83296114
0.9059728
0.63166183
0.55586874
0.9325262
0.9201121
0.9761848
0.90564406
0.9190301
0.9187796
0.86694807
0.93754816
0.8900745
0.79682124
0.7659675
0.859233
0.803576
0.7960323
0.8126354
0.83588135
0.88097495
0.8229416
0.85021377
0.68542826
0.83005023
0.8676431
0.840144
0.78159785
0.9574461
0.930788
0.80279547
0.77394426
0.7918352
0.87834877
0.859262
0.7583682
0.93988216
0.8167658
0.8514119
0.92170024
0.96385145
0.9684149
0.8508642
0.84023744
0.77772605
0.923131
0.8839849
0.5586799
0.76617825
0.90012133
0.9526681
0.731199
0.74458444
0.7154977
0.92466104
0.83678645
0.7995237
0.8573055
0.84417653
0.8344315
0.96561754
0.8672991
0.89738554
0.8798156
0.9196993
0.8167575
0.83785117
0.91477734
0.8337226
0.95468843
0.9299643
0.89115566
0.81225324
0.82724214
0.92638093
0.7054069
0.7648964
0.8808583
0.82361525
0.9045402
0.9384624
0.8526264
0.88995844
0.9226097
0.9372185
0.89585423
0.7405787
0.89589125
0.919657
0.807791
0.9452875
0.29572374
0.8494722
0.8530055
0.6676638
0.82317835
0.806507
0.88099897
0.8784804
0.7988895
0.83095
0.9004777
0.81782115
0.85686755
0.9204136
0.96682537
0.9108294
0.75952995
0.77334726
0.93129104
0.7364778
0.8186839
0.93596387
0.8784761
0.72971386
0.88489014
0.7540361
0.9391161
0.77127826
0.7252572
0.78094065
0.9019015
0.6793849
0.69049835
0.8301415
0.861164
0.92905945
0.85325515
0.87679315
0.8563162
0.790272
0.7512647
0.88830227
0.93218786
0.72888535
0.89777714
0.71771973
0.7776743
0.839376
0.9564558
0.7177213
0.8560827
0.88956827
0.9068596
0.76534444
0.92999095
0.78732795
0.87165487
0.85909444
0.94763
0.87726885
0.9338697
0.8496505
0.90296626
0.8055714
0.83287835
0.5915779
0.818634
0.7678347
0.8793433
0.8436831
0.68158704
0.87965304
0.8921313
0.958328
0.96092546
0.89257467
0.87516165
0.8632505
0.82743883
0.8550044
0.8229549
0.884678
0.8263055
0.8512135
0.8678374
0.6491961
0.81907684
0.82361203
0.7144777
0.82035136
0.8789343
0.9584653
0.6551258
0.78260106
0.89377415
0.90647274
0.8556076
0.789441
0.8657654
0.9346717
0.70598197
0.77218115
0.9205721
0.7362312
0.9101001
0.82612026
0.827471
0.7704237
0.79475474
0.9027454
0.6558892
0.84166753
0.93594265
0.8922156
0.847754
0.88839936
0.9117313
0.58348805
0.95673287
0.7768295
0.6415683
0.67389673
0.84073514
0.9525563
0.9068687
0.95813066
0.7648898
0.9442402
0.7843698
0.9602981
0.8850628
0.88197064
0.7372581
0.69761914
0.9057355
0.60731655
0.8446035
0.8057586
0.94376206
0.7967753
0.7566811
0.7307069
0.7467084
0.9058638
0.93264765
0.93267274
0.9472462
0.9188355
0.844752
0.94763935
0.80739903
0.86796373
0.9334049
0.97692597
0.7704566
0.7564456
0.85449743
0.7695044
0.79875255
0.9410205
0.8050818
0.87626755
0.88176864
0.71890134
0.8504132
0.8074536
0.8817742
0.85544956
0.7257548
0.9671415
0.9421755
0.9170038
0.81946063
0.92895716
0.60984725
0.8044744
0.78966606
0.8385773
0.81886244
0.73289704
0.7206561
0.79184717
0.84870243
0.6044587
0.6970266
0.9090921
0.850717
0.7160465
0.92589605
0.8849954
0.8987277
0.9153207
0.9455714
0.8905989
0.80510485
0.75572044
0.92862976
0.8689805
0.8480529
0.9341514
0.74232966
0.96301174
0.94477034
0.7998451
0.78658956
0.9259435
0.7063233
0.87903494
0.8960057
0.6553471
0.71984506
0.90157115
0.70905674
0.7054943
0.5361532
0.8037577
0.7164984
0.85095304
0.8310045
0.87114334
0.88879263
0.73287904
0.9088608
0.8996228
0.6896739
0.8836284
0.9757158
0.8270496
0.91332746
0.79479593
0.85818154
0.52089804
0.83522785
0.8444098
0.80417836
0.96374005
0.68411297
0.94891
0.81331784
0.8515579
0.7780118
0.9548943
0.9032675
0.71183187
0.76222146
0.98020756
0.819643
0.9117764
0.8758755
0.8076895
0.86960745
0.8044171
0.8725505
0.88256735
0.8377466
0.2646345
0.719884
0.8128185
0.8250516
0.7474225
0.83876777
0.7277178
0.8857331
0.8662777
0.68645656
0.91916037
0.95077825
0.91726416
0.8898324
0.86573833
0.617914
0.9463692
0.6334172
0.8981166
0.8451303
0.7576084
0.76582533
0.8928207
0.91475976
0.9697239
0.89153695
0.907646
0.9011476
0.76159513
0.8398963
0.8866577
0.7371477
0.86359704
0.8366591
0.5628686
0.9003796
0.9634236
0.8486315
0.80398893
0.8575953
0.7337313
0.93151206
0.9140547
0.8116173
0.75716156
0.9324626
0.96407104
0.8394336
0.92774576
0.8805411
0.8666707
0.86074996
0.5888964
0.5698075
0.7385559
0.88776404
0.948371
0.89222646
0.7813028
0.77629864
0.9367695
0.8636758
0.750331
0.780693
0.8970327
0.9370228
0.8069039
0.8465
0.8119416
0.8356479
0.85800326
0.62593734
0.8576966
0.7501683
0.92979455
0.842228
0.79719096
0.91211146
0.97092646
0.9408647
0.8156422
0.88305414
0.88275325
0.8658176
0.7788502
0.7166331
0.84158236
0.8747394
0.9024818
0.8741052
0.8462233
0.92177814
0.7409046
0.9063957
0.91636115
0.76771367
0.8020841
0.4327223
0.9160697
0.88785374
0.7835819
0.9061867
0.9569975
0.6968972
0.8623245
0.8692384
0.96386117
0.9246206
0.9272168
0.80894613
0.96250105
0.76528203
0.9039556
0.84229213
0.77396864
0.88889205
0.97833
0.91708523
0.91584015
0.767177
0.8536009
0.84765494
0.7570603
0.83220637
0.8940114
0.88152695
0.98056275
0.83374554
0.8212199
0.82828236
0.9715076
0.89112735
0.8120209
0.6292035
0.8010334
0.75960666
0.66188484
0.92354864
0.93760157
0.7943164
0.96044147
0.9519902
0.7489074
0.40614283
0.92635316
0.7380592
0.79344743
0.8803107
0.87294203
0.7867134
0.830268
0.65093434
0.60454136
0.95447373
0.88183224
0.92187864
0.8977156
0.8962264
0.896551
0.9314729
0.74799395
0.87352574
0.94549716
0.7349993
0.92044747
0.8947127
0.8058437
0.8655228
0.90392965
0.78967184
0.72517717
0.65195197
0.8659351
0.88446766
0.8553138
0.89265877
0.71524197
0.745787
0.89269453
0.78361535
0.91197556
0.5154778
0.9095783
0.75493604
0.7862672
0.91061926
0.7708618
0.7529188
0.814855
0.7451862
0.90586036
0.7037369
0.811559
0.8646992
0.80939794
0.8615559
0.83008325
0.77235496
0.8442409
0.73572654
0.94145966
0.8130308
0.76912534
0.60977703
0.84579533
0.8589404
0.89423007
0.75749534
0.94018555
0.74040544
0.6802409
0.87152964
0.5647048
0.55452096
0.9206886
0.79242384
0.9799019
0.9092779
0.7687158
0.8989854
0.8513157
0.91938096
0.9419288
0.85695374
0.71498716
0.9084632
0.87004256
0.8201288
0.7285176
0.932435
0.8139951
0.85465497
0.8307218
0.87649834
0.94065523
0.8738684
0.9434911
0.926327
0.8275826
0.8558183
0.7684118
0.9538809
0.7542338
0.7992741
0.8737816
0.8685243
0.84025735
0.8563296
0.6659904
0.89182293
0.74015903
0.834718
0.94027126
0.87471396
0.9415332
0.61738527
0.8617417
0.6607561
0.88600874
0.5375446
0.85279965
0.72021925
0.76523876
0.8731472
0.7780209
0.8638011
0.83380073
0.8135328
0.763291
0.61146593
0.9762858
0.91920847
0.9832109
0.88843316
0.8400808
0.7528217
0.96905386
0.7419224
0.8730015
0.94633496
0.51016843
0.8382699
0.7536167
0.816437
0.75596076
0.69733614
0.8225217
0.86853176
0.8882722
0.6630273
0.8475551
0.85899186
0.8346358
0.82765365
0.7768389
0.8414135
0.95133644
0.58209616
0.9711063
0.89000857
0.86943215
0.8064365
0.8742051
0.91433424
0.90475124
0.9380939
0.80145085
0.9306558
0.85798943
0.9509008
0.6061087
0.89702785
0.86917603
0.955893
0.8150946
0.9342394
0.7064574
0.9443439
0.9600239
0.8775547
0.9334381
0.85867536
0.91925466
0.93525475
0.92290366
0.5921955
0.76075006
0.93795234
0.82267755
0.92780316
0.9105388
0.8303323
0.87667966
0.85650927
0.9734104
0.8579766
0.7913472
0.93221307
0.8886696
0.77346873
0.93425673
0.84680426
0.6804981
0.852198
0.5134709
0.9158603
0.6567402
0.8253635
0.9048806
0.8033572
0.83091205
0.7785204
0.9207924
0.5253684
0.8610441
0.8422954
0.74333876
0.9606535
0.8092686
0.85008067
0.6279061
0.8765897
0.73505145
0.8699439
0.85159445
0.84267646
0.8041706
0.9559445
0.9518169
0.87975854
0.87044734
0.9270021
0.7207194
0.89627606
0.9245143
0.83373904
0.92622685
0.80702174
0.7191869
0.89858407
0.89863807
0.8968033
0.89549196
0.9357246
0.86658716
0.89704394
0.94954425
0.73820186
0.8883842
0.92825127
0.7664726
0.84637815
0.9140382
0.793957
0.85111606
0.91065764
0.8150574
0.9056163
0.83355993
0.9445543
0.83860934
0.9619323
0.6898935
0.8266058
0.96625483
0.8760674
0.91640425
0.85093653
0.80888355
0.71631217
0.93162996
0.6654699
0.5566495
0.93690765
0.79801023
0.94949335
0.9162301
0.81552994
0.77596754
0.92809516
0.8781056
0.9207648
0.91405964
0.9552433
0.91364443
0.9242434
0.7756763
0.93805325
0.84337044
0.908878
0.5766014
0.9313277
0.7579507
0.7264107
0.95986795
0.84308803
0.84355944
0.7723074
0.85446554
0.8788781
0.8081329
0.9535933
0.72067094
0.86209345
0.7301408
0.9553343
0.91093016
0.8095633
0.90510345
0.7844254
0.73299253
0.826352
0.9328928
0.852777
0.9312276
0.97965443
0.7491745
0.9218559
0.958886
0.9159179
0.98419595
0.9110727
0.4723639
0.96779454
0.69238436
0.84828717
0.8957093
0.6300177
0.9387773
0.7578275
0.7308629
0.9377504
0.95441014
0.7224776
0.80329055
0.91406965
0.894281
0.89404595
0.5037814
0.91664666
0.7875526
0.86186373
0.8920164
0.77892673
0.84599024
0.9670172
0.81096953
0.8441776
0.6357788
0.9282593
0.66825515
0.9205816
0.9883881
0.8462161
0.9315239
0.912262
0.7754248
0.94186485
0.6246603
0.60953635
0.50284916
0.8889345
0.8523805
0.8821415
0.8882657
0.95670646
0.94901776
0.7439213
0.87166834
0.934773
0.9093305
0.9304589
0.92702144
0.8213567
0.89044434
0.76408947
0.89646494
0.8368184
0.56485265
0.7725302
0.6972895
0.90498984
0.7848701
0.8706997
0.86766356
0.8603733
0.9478041
0.6385991
0.7988653
0.93743813
0.9235937
0.9050322
0.7550081
0.90269125
0.7796986
0.8094919
0.80691475
0.7767184
0.9630579
0.95107776
0.93752795
0.84544975
0.9328553
0.7626603
0.7843992
0.92951983
0.6811771
0.90491176
0.93399596
0.7728282
0.85961556
0.8437955
0.81329644
0.8229385
0.8890775
0.760089
0.79148865
0.8670844
0.833227
0.83558965
0.8068824
0.837319
0.9066335
0.83538914
0.628333
0.7966343
0.91506344
0.88278264
0.46705285
0.8252864
0.9534551
0.82780224
0.8876137
0.7129534
0.87653995
0.6147383
0.84347504
0.8628641
0.9559149
0.8596579
0.9510486
0.88017154
0.9367202
0.7001937
0.9543604
0.65249115
0.7540705
0.70822763
0.82464004
0.7384684
0.72901267
0.91068286
0.82767254
0.8820524
0.76519763
0.77688223
0.8264304
0.78712213
0.6243557
0.93331695
0.86533093
0.7612137
0.8577244
0.9672076
0.69480294
0.8512598
0.6656318
0.62170655
0.54994756
0.8583182
0.8111652
0.7407901
0.8632252
0.8373096
0.8929107
0.804283
0.89093214
0.9410713
0.86039555
0.60490614
0.9078683
0.92489934
0.85564226
0.85028815
0.9176971
0.8990356
0.8674787
0.93519783
0.8570046
0.917701
0.7262976
0.8603096
0.85189754
0.7118765
0.92301273
0.9336262
0.9170456
0.83298415
0.80806994
0.68708473
0.7611909
0.95921844
0.8086438
0.8992723
0.76564246
0.7031144
0.79419637
0.95876294
0.84510785
0.88852125
0.8399547
0.75538516
0.90409476
0.9226489
0.3536315
0.8950392
0.58021784
0.84796345
0.7421059
0.8321955
0.94292647
0.88082886
0.74193597
0.773877
0.704041
0.79086894
0.8659195
0.8755653
0.76094085
0.810087
0.85920966
0.8983265
0.91174304
0.87400293
0.886911
0.74035096
0.86103284
0.7831212
0.9269917
0.8438422
0.9149382
0.86543155
0.9775052
0.8595123
0.95261705
0.86259484
0.96164787
0.91498363
0.80643487
0.7419679
0.9630482
0.8420335
0.7264003
0.9604757
0.86992675
0.9489118
0.85638386
0.7808458
0.95021033
0.85001284
0.88380027
0.8264288
0.94912636
0.659153
0.9469978
0.8103887
0.9451939
0.8759409
0.8337345
0.7427216
0.78924334
0.8753216
0.93431795
0.655735
0.94344085
0.8592627
0.9081273
0.75782603
0.55150986
0.9400876
0.9322548
0.9540225
0.77242595
0.87389153
0.63885146
0.9470234
0.9097402
0.8652903
0.8561274
0.8393248
0.7867186
0.9341321
0.91155875
0.87574595
0.92128885
0.7346537
0.90366566
0.83804566
0.89774173
0.9030653
0.8689911
0.9213767
0.85053295
0.68232536
0.81588423
0.8525324
0.8288513
0.78688216
0.57895195
0.719105
0.72012633
0.87305063
0.7738435
0.8458147
0.8972744
0.43286318
0.9095216
0.9491688
0.90127397
0.9288122
0.71770436
0.88500786
0.9676133
0.9453066
0.8097874
0.88091844
0.83634984
0.8838222
0.76291907
0.9215741
0.8049932
0.76507497
0.78564143
0.7640613
0.8234257
0.87034893
0.7413433
0.9156137
0.8424934
0.9349961
0.80158687
0.8788379
0.83913445
0.7716855
0.7496032
0.93715173
0.8363802
0.84111637
0.6759443
0.92339486
0.7291506
0.62795424
0.8091486
0.93702173
0.9644204
0.86526775
0.9721123
0.7791399
0.8171574
0.8687479
0.90059686
0.8653186
0.92850226
0.8195137
0.85037434
0.84562457
0.8086219
0.8760567
0.94163185
0.8507378
0.787322
0.782636
0.7872262
0.9226851
0.88089836
0.68284065
0.8573175
0.914142
0.8061115
0.7796572
0.8657443
0.80528665
0.8536721
0.72544396
0.926666
0.80880666
0.95738745
0.89761376
0.87643194
0.9020951
0.8841285
0.829278
0.76565635
0.961697
0.8680892
0.8400999
0.9030875
0.92583114
0.92700607
0.87336105
0.75423104
0.8274695
0.88270915
0.9324821
0.8789275
0.87765294
0.72106564
0.74715656
0.9617589
0.85233873
0.8771001
0.7176865
0.7964173
0.91630864
0.76837146
0.87703395
0.5772554
0.7981753
0.7152643
0.92810744
0.90882117
0.79931265
0.8170695
0.91400194
0.80969596
0.86016965
0.96914196
0.8691451
0.91061586
0.7704193
0.9573788
0.86761415
0.7431502
0.9297648
0.8935446
0.8990712
0.8438159
0.9440279
0.916782
0.9781778
0.8429299
0.9066043
0.89933836
0.84165883
0.8862476
0.94462067
0.93938035
0.9069142
0.63954854
0.71712524
0.8799891
0.8669248
0.9565189
0.7568655
0.9680903
0.9393711
0.8803956
0.9198604
0.7651756
0.845068
0.84039366
0.7908776
0.5948711
0.9553586
0.88211507
0.8141124
0.939082
0.79284453
0.9189574
0.7510586
0.9202128
0.8315066
0.75465137
0.7398542
0.8809523
0.8255056
0.8121655
0.7521516
0.9168328
0.86774904
0.8476002
0.9300883
0.80771995
0.7088528
0.72682965
0.8633433
0.89285904
0.96409726
0.817901
0.774556
0.97365123
0.6618164
0.7848887
0.96806496
0.90481365
0.8600831
0.7850958
0.9135009
0.85054386
0.8159452
0.7922251
0.7928498
0.6204036
0.90980434
0.8975364
0.89027286
0.5824471
0.7533939
0.8151913
0.82498586
0.97716516
0.8580549
0.80300015
0.75735724
0.7308535
0.85989404
0.92146724
0.69081885
0.6380871
0.85664815
0.9379106
0.8483007
0.8474794
0.87233174
0.91379434
0.9244652
0.94278073
0.84198695
0.82877856
0.8554526
0.68400264
0.7797421
0.9258474
0.74266946
0.91811734
0.7079488
0.67096263
0.72125983
0.9151364
0.92868257
0.8643906
0.85258657
0.8978261
0.8751979
0.8625816
0.7621298
0.8231639
0.9044538
0.7001538
0.7403215
0.6694791
0.6329418
0.92496705
0.7974951
0.8598243
0.7813496
0.9234543
0.8828211
0.90997905
0.86639214
0.9039296
0.89655274
0.8639606
0.9159222
0.92529476
0.89089733
0.97740984
0.9412277
0.8905586
0.9050238
0.94319993
0.8255138
0.93347985
0.92214715
0.7630739
0.9513974
0.95204973
0.63211846
0.92516613
0.77894783
0.8052815
0.8598655
0.81202686
0.8051555
0.9100491
0.86197233
0.6440102
0.9087448
0.960101
0.89889723
0.79931086
0.8706221
0.60243416
0.9581642
0.8884744
0.71894735
0.7978506
0.93346596
0.9406741
0.8505851
0.89935493
0.88164407
0.79745835
0.8241838
0.49004972
0.90481246
0.8574064
0.6939082
0.7923728
0.93230903
0.79436976
0.88529897
0.79708034
0.8689495
0.8771511
0.828155
0.8500644
0.781016
0.9122869
0.8606
0.9585833
0.93649566
0.735405
0.91437066
0.8852877
0.74978834
0.8881664
0.723004
0.6886821
0.74099374
0.8821193
0.80434906
0.8540362
0.83763045
0.97102386
0.85975015
0.8864403
0.76575583
0.6563678
0.9670954
0.80409044
0.8285272
0.87700397
0.7150399
0.6621201
0.70581245
0.8914206
0.8581625
0.80899525
0.87055886
0.8400501
0.8883975
0.91354144
0.77310336
0.81685215
0.92061424
0.79976565
0.86653477
0.80076545
0.8966494
0.8749596
0.90160847
0.934857
0.85563135
0.8799853
0.91279095
0.9396308
0.9034877
0.91713816
0.86097986
0.81376666
0.7378515
0.83782923
0.85047436
0.7911033
0.9546418
0.8821625
0.8958523
0.71718657
0.7019784
0.9115288
0.8530609
0.6828413
0.77691686
0.92008877
0.85724664
0.9381468
0.86886597
0.6720489
0.83709764
0.6867545
0.58652776
0.74969757
0.9407893
0.6975163
0.8714624
0.9573078
0.71178997
0.6080495
0.76193017
0.8364509
0.83444875
0.94161373
0.68464917
0.892553
0.75623095
0.81546974
0.86341345
0.74852526
0.9064922
0.91375184
0.8235001
0.5037819
0.88990974
0.7150745
0.9159664
0.9523656
0.93521863
0.7754897
0.78716284
0.9160516
0.8801367
0.8069444
0.6649839
0.70815265
0.9487791
0.84089345
0.8935201
0.83604896
0.71261114
0.80522573
0.5821287
0.81804526
0.90339357
0.9839086
0.89500034
0.8499867
0.7474516
0.8699502
0.91130555
0.70024765
0.9564665
0.7174478
0.7687336
0.60311896
0.74103695
0.8076394
0.7824552
0.70394033
0.7592672
0.92038107
0.90427184
0.7749043
0.7598351
0.83818775
0.73238546
0.7271799
0.8200515
0.95447266
0.8658977
0.96230227
0.8291369
0.7654102
0.89910924
0.8014006
0.78044695
0.893098
0.9192888
0.76932716
0.94961643
0.9411759
0.8214174
0.8973676
0.74780524
0.94029325
0.609686
0.94264174
0.8976587
0.8039952
0.7710256
0.85136354
0.94367486
0.7935513
0.8509519
0.811757
0.81729084
0.9524448
0.8391228
0.90433204
0.9045505
0.86062986
0.71232164
0.7434413
0.86139935
0.9359987
0.88690513
0.95064414
0.628921
0.7819544
0.8931024
0.7990141
0.880788
0.8453932
0.6526728
0.5965754
0.8302906
0.85423625
0.7778584
0.95615715
0.9043472
0.8689847
0.79152495
0.7418966
0.933779
0.870958
0.9195961
0.9685308
0.87007666
0.63565505
0.83246374
0.88515884
0.89262486
0.9294014
0.9052711
0.9602636
0.89933515
0.952902
0.84125364
0.94109726
0.91300154
0.81367767
0.77516294
0.8610239
0.93524253
0.96559584
0.95123696
0.65993196
0.7390473
0.8214177
0.9212646
0.9060477
0.8733046
0.8393829
0.92589915
0.7314245
0.93592507
0.68349177
0.6843917
0.777825
0.8164463
0.9544637
0.82803637
0.9386452
0.92342037
0.9237559
0.9371805
0.87052447
0.8539566
0.8870505
0.7779601
0.9039977
0.70686626
0.91821367
0.8949292
0.89481425
0.75801134
0.7755939
0.6468032
0.6680967
0.8322152
0.84438527
0.8129896
0.72270525
0.95072234
0.91944903
0.830074
0.8705139
0.8673503
0.76137406
0.8255522
0.9445115
0.7577256
0.963993
0.69042397
0.87935525
0.95769113
0.6300313
0.8893445
0.5180225
0.547248
0.94101715
0.89919275
0.8799151
0.8351422
0.8208144
0.94002604
0.90461016
0.87151116
0.9449643
0.80529845
0.85267574
0.9790442
0.90775687
0.81091297
0.8872321
0.8221271
0.73034424
0.9578258
0.80745286
0.81667745
0.8851657
0.9170873
0.8531773
0.8594738
0.93193126
0.7430244
0.9009723
0.8601973
0.64439666
0.8513168
0.93601316
0.801865
0.79415214
0.8764354
0.9503201
0.7819373
0.9607503
0.86227804
0.8408082
0.8332751
0.92347956
0.8867376
0.67647576
0.8933397
0.7533177
0.8046
0.7291437
0.8822744
0.6887275
0.88848525
0.72163135
0.8050135
0.93222725
0.82683575
0.8864993
0.7374527
0.88602173
0.817374
0.89956504
0.8284674
0.7426898
0.9585499
0.88565624
0.8597567
0.89636475
0.8610611
0.6867541
0.78114676
0.910497
0.70476335
0.90081745
0.7064694
0.7756602
0.7792706
0.64545697
0.85648763
0.9330873
0.92195
0.67786014
0.925606
0.66654533
0.72226197
0.74531096
0.62651676
0.9125881
0.9653464
0.84108436
0.87802744
0.8910109
0.8968578
0.77523357
0.7658547
0.8982688
0.84918934
0.915069
0.6616378
0.72547835
0.6140293
0.75820804
0.7697788
0.9410351
0.9345298
0.9339583
0.77779937
0.7151265
0.8304229
0.8996275
0.87862647
0.8710992
0.64887035
0.78892183
0.83597845
0.85344434
0.902853
0.898179
0.96757364
0.90613186
0.8986719
0.9501742
0.90715504
0.45408908
0.91914207
0.8720001
0.7898482
0.92414
0.7911354
0.7329442
0.836192
0.9539389
0.76294243
0.9567742
0.78287053
0.57321566
0.98743284
0.9573302
0.9138235
0.899119
0.8964725
0.7326683
0.90853924
0.93314075
0.8121255
0.68267554
0.92138654
0.61430305
0.91909623
0.795784
0.9194335
0.9010843
0.9631222
0.83813345
0.84983724
0.8216662
0.87960076
0.9120271
0.8108063
0.8936046
0.8631322
0.9380936
0.70791817
0.7966411
0.6937109
0.8752801
0.73217326
0.8545481
0.88579947
0.84062815
0.78526473
0.60400534
0.89170015
0.84565675
0.740841
0.70242786
0.9250543
0.42203963
0.7017927
0.6135962
0.9340238
0.71765554
0.8589267
0.9709172
0.8145186
0.84391296
0.87391305
0.5584329
0.73170245
0.7678352
0.72465575
0.5809314
0.7970415
0.83722746
0.81436193
0.87393314
0.9347585
0.95703864
0.86544895
0.5713804
0.86351806
0.925883
0.8025663
0.8046994
0.8506025
0.69663423
0.93593675
0.90750676
0.86101896
0.8072017
0.751404
0.9766981
0.7869986
0.77784085
0.8142709
0.7957244
0.8620111
0.86100394
0.70342594
0.79511225
0.82427275
0.9631722
0.7646931
0.9355344
0.7928404
0.9337406
0.8716309
0.7119438
0.7934556
0.9760519
0.65720105
0.8038593
0.89958936
0.64364266
0.9212797
0.9024693
0.83746374
0.79573494
0.7160764
0.8879822
0.8677678
0.64848304
0.8960646
0.7285323
0.77657014
0.9601853
0.956625
0.9304802
0.8328777
0.8834924
0.8838027
0.88623405
0.8896451
0.8719044
0.8013169
0.6863184
0.89556855
0.7397012
0.9033243
0.80781114
0.7801772
0.67320925
0.6599221
0.7520377
0.9145312
0.92402506
0.8208615
0.9418348
0.835399
0.5850524
0.89531535
0.7947253
0.96823806
0.83975303
0.75379956
0.9682319
0.86863273
0.9351228
0.7064652
0.7925358
0.9440918
0.95605236
0.80271137
0.8852488
0.8084123
0.6381503
0.90243614
0.8803072
0.96037066
0.7576602
0.82516336
0.81287146
0.7544512
0.8893568
0.74971324
0.8901359
0.8785805
0.91168797
0.95856
0.85912454
0.8841281
0.82119966
0.8637596
0.9075484
0.94663405
0.9108315
0.8487293
0.6318801
0.87509406
0.7907288
0.5889922
0.9431019
0.8134865
0.47043088
0.709068
0.8825173
0.8232389
0.9415838
0.7735858
0.70140517
0.7212286
0.7305314
0.82831705
0.84721565
0.8800562
0.92867315
0.8136903
0.9474763
0.759165
0.908301
0.7541674
0.8533274
0.88880044
0.9110089
0.9182865
0.9477622
0.8588562
0.8795796
0.93996763
0.5677728
0.6757644
0.761433
0.6805939
0.8737023
0.87288916
0.85780025
0.9573226
0.77626044
0.89402616
0.8751902
0.79431164
0.8349801
0.94834214
0.8677017
0.74258816
0.83070195
0.8688504
0.82237315
0.96516937
0.7826475
0.8257276
0.8676758
0.91806716
0.90874904
0.9047267
0.49704736
0.8160706
0.9503307
0.77605826
0.5580886
0.8799849
0.8689589
0.8062919
0.8677422
0.934565
0.9133194
0.77131027
0.6728234
0.89693093
0.87934965
0.90492773
0.9241487
0.8909265
0.92361706
0.7683042
0.5641067
0.891381
0.8815947
0.8906688
0.8916317
0.9210054
0.8629491
0.7349643
0.8615565
0.8764914
0.61728776
0.6481379
0.68477064
0.9145102
0.9648162
0.947113
0.87245184
0.7695763
0.6841944
0.9205487
0.89682645
0.8278894
0.70838785
0.8017576
0.8571013
0.8296552
0.32948202
0.7919906
0.6898134
0.7199551
0.7581467
0.8816344
0.8891861
0.8099406
0.8812283
0.5238629
0.44055426
0.79881585
0.60976744
0.8686481
0.75763893
0.9415027
0.95082676
0.821291
0.75779617
0.9206791
0.66674435
0.8598964
0.8219929
0.6717522
0.9238732
0.8656666
0.8092614
0.6602273
0.86588573
0.8377097
0.952126
0.89772546
0.5471006
0.8644503
0.9231936
0.89176124
0.82480925
0.9256033
0.90330595
0.72002125
0.8927567
0.86601657
0.8199663
0.8602464
0.96653694
0.688395
0.6808813
0.645683
0.89230067
0.8856286
0.73492956
0.8361386
0.7892585
0.87464917
0.9858466
0.9574713
0.75467247
0.88310945
0.8982629
0.94877684
0.97897977
0.94714075
0.9544226
0.88682526
0.80815864
0.7560066
0.49592814
0.85424936
0.83928126
0.7873912
0.95644456
0.8955084
0.7179508
0.6720987
0.9563366
0.8513725
0.93068296
0.9740644
0.92297786
0.89821666
0.728074
0.750352
0.92376083
0.83977604
0.5820807
0.91456544
0.94730526
0.70123756
0.8695322
0.95144445
0.68625
0.864782
0.8940283
0.92871374
0.8671916
0.57910264
0.8709885
0.95320225
0.7960428
0.7222872
0.83494663
0.92806375
0.6585445
0.69453335
0.95793545
0.9000855
0.81707686
0.82177156
0.8769714
0.9515405
0.913845
0.7992385
0.83053875
0.8115226
0.8920994
0.92240447
0.57625514
0.84391683
0.92905986
0.8128886
0.872496
0.9588774
0.7911221
0.8711839
0.7043617
0.7577573
0.559818
0.72181255
0.94809926
0.86303
0.82487726
0.8686875
0.5677398
0.9385092
0.7851913
0.7873994
0.75530535
0.85002136
0.7113199
0.9080408
0.80972815
0.8174725
0.95013976
0.8467578
0.93265146
0.95109516
0.7732834
0.90983784
0.9477245
0.9204821
0.7640277
0.734144
0.72680503
0.8244755
0.7588006
0.77097416
0.9124492
0.90464944
0.9230856
0.9004948
0.7791189
0.8862649
0.89497566
0.8576019
0.87089956
0.9264231
0.68571967
0.9221601
0.94590676
0.92878973
0.9579819
0.90928614
0.6772904
0.9570425
0.8919928
0.88501847
0.95539474
0.8176519
0.6950866
0.97147816
0.9857588
0.83320427
0.8214325
0.89890647
0.8438198
0.861282
0.72595483
0.8569411
0.89950764
0.90245765
0.8393964
0.8984805
0.7865801
0.72302425
0.8608701
0.8552782
0.7927021
0.8113011
0.877916
0.92725766
0.80128896
0.9462383
0.8964397
0.84945107
0.80402017
0.9335979
0.9074217
0.89242727
0.9032389
0.7823571
0.32836443
0.8520321
0.8108248
0.88421977
0.78079987
0.7125012
0.8051574
0.7291167
0.94505614
0.7877359
0.8780163
0.86394167
0.7448714
0.9267199
0.7308266
0.7946591
0.85010517
0.80054486
0.9643092
0.83087564
0.9441759
0.8204267
0.88448596
0.83965224
0.8557322
0.7531865
0.927546
0.73163915
0.917745
0.90296793
0.88653815
0.88189316
0.96501124
0.8792313
0.7922634
0.8741472
0.92037797
0.5317318
0.63252664
0.7827605
0.8809253
0.8538513
0.9579676
0.9019952
0.738514
0.82976586
0.692838
0.82666266
0.833045
0.81783223
0.847607
0.93439174
0.9047855
0.8264743
0.6903674
0.8112682
0.9425877
0.9406358
0.8451693
0.94042754
0.9766203
0.7884339
0.92053574
0.91329026
0.74498934
0.788324
0.8048036
0.72129005
0.89427006
0.8562993
0.8706996
0.8510453
0.87013143
0.8675542
0.8140523
0.90223885
0.93556315
0.9376329
0.9745759
0.93849134
0.85784185
0.92622924
0.9409787
0.48950508
0.7833684
0.86171985
0.92346966
0.8321588
0.638281
0.7130135
0.9209801
0.75694394
0.9346513
0.87426215
0.8154446
0.8808665
0.8833029
0.8938654
0.90813357
0.8425291
0.8398335
0.95375836
0.929037
0.97302485
0.8989094
0.79251456
0.7659973
0.963672
0.95412934
0.7736322
0.8916066
0.76282275
0.855614
0.79780614
0.95479226
0.61353606
0.77794325
0.72184706
0.82752615
0.82593983
0.8583977
0.88104343
0.8869177
0.5358658
0.92775345
0.91842407
0.9376468
0.84024036
0.94638324
0.92471397
0.8935447
0.8468849
0.7821159
0.7604671
0.76911736
0.94163847
0.7708788
0.87669766
0.83101285
0.8387281
0.9501784
0.94571316
0.92090076
0.9654429
0.94523
0.7965847
0.7502456
0.74433565
0.79600513
0.9220641
0.7740205
0.90564317
0.9499527
0.9694236
0.9572117
0.7456509
0.7266916
0.624065
0.63646317
0.9115874
0.9001685
0.7942772
0.95340973
0.7752367
0.75212556
0.8067585
0.8197488
0.92491245
0.9467061
0.82633054
0.90152496
0.8813941
0.93051815
0.9342181
0.89974165
0.88668495
0.8670546
0.9178477
0.96506363
0.76209074
0.7016548
0.8403552
0.8894083
0.6677609
0.8740077
0.77683806
0.8638942
0.92546296
0.51545715
0.8362555
0.9032081
0.8218609
0.59652287
0.7861021
0.9223964
0.87299097
0.64368284
0.81882757
0.82377756
0.7968317
0.9044115
0.86422086
0.7034853
0.80060565
0.92348635
0.9454886
0.4147677
0.9187321
0.90610576
0.7403942
0.9600195
0.8425685
0.96784574
0.94086635
0.9079441
0.8849959
0.86176735
0.95317435
0.84878427
0.91074526
0.9529826
0.9301204
0.83242
0.9293594
0.82859105
0.68272465
0.68666506
0.7237418
0.93498224
0.8843178
0.900478
0.8723867
0.9580792
0.6909058
0.93763626
0.95582545
0.8893698
0.7689564
0.96786064
0.86100703
0.9102068
0.90188897
0.9568428
0.9668548
0.8790542
0.80643815
0.917194
0.7575289
0.86831164
0.8853764
0.79889894
0.9611223
0.900987
0.8599781
0.83394676
0.93163884
0.9252094
0.9674664
0.48435313
0.83842576
0.9317034
0.8929062
0.9084923
0.954601
0.9112471
0.79110944
0.70481443
0.88128215
0.882126
0.945644
0.898317
0.9481975
0.6977846
0.8170053
0.94315606
0.83802336
0.97369367
0.8548768
0.8690883
0.8107632
0.92482483
0.79211
0.89787656
0.92442435
0.71089387
0.90179014
0.6809783
0.7582533
0.87024915
0.70165205
0.8608855
0.91757274
0.84002984
0.92123413
0.9455189
0.69176674
0.7698815
0.7516687
0.9033617
0.86613333
0.9363575
0.8585355
0.91953224
0.8401711
0.77093816
0.9088013
0.962265
0.9382345
0.7635025
0.9139898
0.74116755
0.8504073
0.64870626
0.91281444
0.78853476
0.74068016
0.70108217
0.6266926
0.9060489
0.87112904
0.89539844
0.7814742
0.7558769
0.74398696
0.8578061
0.88009334
0.8834276
0.81058913
0.72459686
0.76745695
0.955571
0.819528
0.7923008
0.8049146
0.7891558
0.835504
0.85201263
0.8281667
0.8457631
0.9399724
0.9194994
0.92761344
0.95460063
0.78663063
0.85551727
0.90720546
0.646811
0.9221931
0.90582484
0.8837197
0.91462356
0.7059488
0.81127656
0.8925164
0.7324821
0.8320812
0.8937103
0.909158
0.8104018
0.9350568
0.8321662
0.74168664
0.844223
0.8939129
0.84875137
0.8753654
0.9402089
0.58055025
0.72531044
0.786874
0.7777215
0.81651986
0.6968872
0.70074016
0.90623504
0.82215595
0.8357305
0.74015766
0.95646054
0.8132727
0.7799786
0.8545337
0.6853673
0.85206807
0.7890964
0.87355757
0.7438207
0.88756967
0.85487324
0.9613002
0.92431927
0.709537
0.9408732
0.94345975
0.8002584
0.89520603
0.6675308
0.9871642
0.9485769
0.673726
0.84143746
0.8437811
0.6773056
0.89999384
0.95010453
0.8536361
0.97537804
0.8453733
0.9082417
0.8706193
0.95466435
0.8361937
0.87168545
0.92067826
0.9794299
0.85349995
0.777056
0.73359656
0.89944017
0.8308451
0.954308
0.9508186
0.8894783
0.85021764
0.8740656
0.8782176
0.961096
0.90700066
0.96149147
0.78742266
0.9016713
0.8101424
0.5673359
0.94137096
0.87094074
0.92435265
0.7619123
0.85845095
0.8677126
0.7549189
0.7081729
0.82780397
0.7369121
0.8788852
0.88600945
0.88872373
0.88988495
0.8635968
0.72872925
0.82035524
0.94728595
0.8987386
0.79937637
0.8467053
0.84858096
0.8720844
0.68367976
0.9148369
0.92847437
0.9312934
0.866624
0.92624015
0.9709701
0.77678084
0.8008182
0.9444065
0.91305155
0.8649817
0.50485855
0.8746268
0.8166537
0.9329978
0.8692086
0.72378075
0.9801293
0.8959233
0.8902105
0.8999963
0.8608781
0.66170985
0.89389414
0.91946864
0.846765
0.7573861
0.78457886
0.94313616
0.762584
0.9196065
0.906705
0.44674465
0.9078745
0.82822037
0.7691351
0.8485109
0.7591078
0.9388862
0.78090775
0.77388877
0.91971576
0.7778477
0.96462005
0.8745952
0.6127925
0.9544761
0.6983041
0.9389665
0.8549779
0.8332838
0.84364194
0.76941663
0.8296948
0.8746568
0.77115333
0.96044624
0.9327758
0.8437472
0.87147206
0.822664
0.86491734
0.8547219
0.7961106
0.87098444
0.7162074
0.93704873
0.8984759
0.916533
0.7572778
0.8460219
0.95314246
0.7017598
0.6932295
0.8018463
0.92230356
0.87093425
0.9369496
0.91996837
0.92338485
0.78112495
0.9109323
0.8632052
0.8176663
0.7113627
0.49440828
0.9352648
0.9248784
0.89387107
0.84439
0.7253209
0.69724286
0.66322553
0.9148572
0.91623825
0.8993005
0.9618435
0.7467748
0.94595283
0.52541965
0.97299796
0.88801503
0.908425
0.9562691
0.90269214
0.7141197
0.7872555
0.85901594
0.88540244
0.85531306
0.9310442
0.7601488
0.867007
0.9045991
0.8653476
0.8718064
0.5831642
0.68945974
0.7426325
0.894293
0.90389615
0.78654474
0.84761465
0.8238114
0.8107692
0.6634056
0.8701786
0.9025443
0.71369034
0.6109215
0.85977733
0.927437
0.6864732
0.9571148
0.804605
0.81492066
0.7091737
0.93367606
0.8760928
0.88632655
0.7980732
0.806382
0.9027789
0.56948125
0.6704587
0.8472574
0.9272154
0.90865767
0.8609728
0.88090885
0.7291965
0.80580425
0.7807247
0.82267654
0.74194616
0.6943551
0.9732616
0.7579141
0.6257419
0.9686103
0.7128922
0.74871266
0.61529064
0.9252907
0.71776164
0.7259806
0.5489222
0.9001135
0.890159
0.83054835
0.84336066
0.826196
0.84944236
0.89359653
0.83825743
0.63228214
0.63484627
0.6637175
0.8773284
0.8119316
0.7885688
0.9234841
0.90802324
0.8574918
0.7720528
0.5745567
0.9143836
0.90305513
0.67287385
0.82326066
0.8850725
0.7694104
0.84251463
0.81248003
0.8406619
0.8947241
0.7187842
0.8012295
0.9087314
0.86856896
0.8834307
0.726014
0.86749065
0.9534332
0.9078927
0.93265426
0.720181
0.8813461
0.8375092
0.47348297
0.87719685
0.8427328
0.82199574
0.86947155
0.41309157
0.78345925
0.811863
0.84139884
0.8453863
0.78692585
0.91174036
0.8495384
0.8542657
0.53765714
0.89635015
0.8470344
0.77513844
0.94446474
0.83933926
0.8167143
0.82784784
0.7478218
0.90091974
0.8464738
0.6014648
0.8287291
0.9033041
0.84934783
0.85052425
0.9301035
0.9233818
0.94826055
0.7578887
0.9273333
0.7815457
0.9531193
0.9472965
0.96270454
0.78855634
0.8616696
0.80101526
0.9042797
0.8900902
0.92240036
0.89468193
0.7823876
0.94010806
0.83221936
0.9154875
0.90459573
0.64541316
0.9061931
0.8048135
0.87440705
0.8349361
0.8997663
0.9327398
0.8752205
0.85466015
0.89012474
0.74016875
0.87207264
0.9462172
0.71741533
0.8134048
0.89575773
0.90497553
0.8717614
0.9231205
0.95898557
0.7924499
0.7768371
0.7269407
0.9379332
0.77402127
0.6885
0.74588645
0.90026
0.69330513
0.808223
0.9056854
0.73736274
0.8875545
0.73178434
0.6516338
0.9440392
0.94758546
0.8626053
0.95764387
0.72604936
0.9189974
0.9022905
0.82720655
0.8472883
0.91162926
0.75888854
0.8895739
0.8957288
0.8306842
0.72994447
0.9321215
0.9263352
0.61761576
0.9081958
0.8666004
0.93205225
0.9582073
0.9592664
0.86536026
0.89335036
0.87166446
0.91676044
0.7745014
0.9256658
0.7183037
0.93859684
0.8509886
0.9312295
0.72213745
0.7092349
0.74411064
0.90602803
0.84049475
0.9414225
0.7742979
0.7999934
0.92720026
0.7129504
0.8533749
0.6573786
0.77625465
0.9444239
0.84411955
0.97337866
0.65147316
0.57271636
0.79717416
0.56144315
0.87025046
0.7719753
0.77834046
0.8497676
0.89475304
0.840467
0.95291156
0.80888844
0.8555262
0.6964991
0.7398977
0.9518118
0.934998
0.58824503
0.8716754
0.9467794
0.85555214
0.89364123
0.748128
0.78010195
0.94633317
0.82169753
0.8166865
0.86813736
0.90697825
0.7896295
0.9239913
0.88819367
0.8497128
0.8137752
0.9089951
0.7661647
0.86401486
0.80695
0.7906284
0.8393984
0.6835218
0.81508946
0.85035425
0.64735824
0.87924707
0.7830486
0.663257
0.9195069
0.87245584
0.9472888
0.79890543
0.8339519
0.8774183
0.6346957
0.8332574
0.68146044
0.8508173
0.61568594
0.60928506
0.88042694
0.9149819
0.9237186
0.7326844
0.86822504
0.9607649
0.9160529
0.86210483
0.8759806
0.84524494
0.95925266
0.8533825
0.73573875
0.7621713
0.8941002
0.7170515
0.79370856
0.9186729
0.828379
0.8916496
0.74314946
0.6947553
0.807021
0.94616306
0.9102773
0.7657379
0.8267806
0.65683955
0.6892045
0.9093863
0.8750615
0.9256244
0.910451
0.91399974
0.8404697
0.97733617
0.8415925
0.82010496
0.755009
0.77023715
0.8654788
0.73925984
0.8604345
0.94945025
0.744957
0.918132
0.83868283
0.7976389
0.93301696
0.93052447
0.9008653
0.88402265
0.9228448
0.6822909
0.89229506
0.8610935
0.9183321
0.9089161
0.6867322
0.92107135
0.9075317
0.9172404
0.8307869
0.86567354
0.9069792
0.90728235
0.9444412
0.798641
0.8751956
0.76252085
0.8773653
0.8398068
0.90746903
0.8955258
0.9219629
0.9695479
0.85707426
0.7349435
0.8480419
0.6974945
0.8921647
0.86160135
0.8875667
0.84015185
0.786203
0.75266564
0.74052095
0.74419224
0.8940524
0.8663602
0.91950965
0.960323
0.8818079
0.7972101
0.5970298
0.90921754
0.94942373
0.8617896
0.95290935
0.87267053
0.94112456
0.9303445
0.9055709
0.8050028
0.8991695
0.9520203
0.7247449
0.8647292
0.72085845
0.8757633
0.9035678
0.74820536
0.9317888
0.86623484
0.9541074
0.85910726
0.8955611
0.9243905
0.7346829
0.60268337
0.9375457
0.94684124
0.8130126
0.86367667
0.86447686
0.8117644
0.9713565
0.8446332
0.8762912
0.8484639
0.807615
0.83522934
0.96377933
0.9384278
0.8665284
0.9440051
0.8378232
0.87064195
0.9620208
0.83349925
0.9195539
0.87450534
0.8732525
0.8198112
0.82355195
0.8978336
0.9116198
0.7721821
0.90097016
0.8889494
0.8615681
0.7787519
0.83360595
0.83247924
0.88234454
0.6793601
0.7782371
0.84448093
0.90886
0.7685831
0.7808544
0.67616045
0.91634727
0.91554135
0.7737784
0.8853794
0.95657897
0.68898314
0.9250599
0.89315236
0.84960985
0.844458
0.8715516
0.93501174
0.6373556
0.97575414
0.7484368
0.9144814
0.80866456
0.87803274
0.72680956
0.80033255
0.47708374
0.74095654
0.7091801
0.918409
0.89434063
0.72310066
0.93270415
0.76529896
0.9155615
0.7355876
0.90694904
0.7954927
0.62766385
0.77278614
0.9671685
0.8754511
0.7822043
0.9208549
0.7682465
0.9203297
0.82310104
0.8663287
0.8921954
0.9065407
0.766775
0.8455504
0.95101833
0.84945774
0.867508
0.9202227
0.61899275
0.9184921
0.9239697
0.80776155
0.9336299
0.90758324
0.8223232
0.5408487
0.96041536
0.9288746
0.849646
0.89843106
0.7119064
0.8277007
0.8788514
0.8030452
0.8738952
0.7710611
0.9661234
0.8931467
0.74393195
0.93872505
0.9722918
0.85452545
0.9430488
0.8506818
0.8710414
0.89892745
0.9066022
0.93483543
0.84911776
0.862135
0.7907311
0.8552443
0.9097433
0.7946586
0.9401651
0.8834126
0.8104286
0.73088276
0.90398896
0.8464536
0.8990985
0.9735239
0.9154242
0.81626934
0.81617665
0.84395003
0.9410677
0.83030814
0.94558537
0.9038074
0.90527284
0.8970429
0.9254497
0.85364294
0.8049682
0.84416425
0.8278736
0.923381
0.7417784
0.8564506
0.86355025
0.90295905
0.8721686
0.8029107
0.73413986
0.74313796
0.84009236
0.8305876
0.8905664
0.8710446
0.95252645
0.9210774
0.79776645
0.89330846
0.69627875
0.9326038
0.8731527
0.8748915
0.9566174
0.87346655
0.778121
0.7370645
0.9096218
0.8693859
0.8688102
0.9047604
0.77043796
0.8926423
0.71045667
0.84684664
0.8974162
0.8277257
0.9029603
0.89393145
0.7762152
0.7704099
0.8963206
0.84018797
0.9677397
0.91972697
0.93549323
0.59020436
0.81900907
0.58160543
0.9176923
0.9278171
0.6092154
0.7279626
0.8093511
0.93221086
0.9574012
0.90380186
0.8607086
0.7734292
0.91417336
0.7768325
0.83319247
0.7861967
0.82119066
0.8148551
0.88443244
0.74772733
0.85950536
0.8510524
0.8108871
0.912091
0.6685752
0.8221875
0.94168365
0.9468509
0.9490458
0.84632343
0.95177794
0.78582233
0.79440117
0.7844347
0.8762173
0.86719936
0.81684726
0.87000227
0.8492105
0.86825544
0.7735081
0.68372405
0.8272083
0.93169385
0.8181063
0.8944537
0.9505086
0.6509149
0.7754066
0.75632226
0.79657143
0.9242726
0.7235354
0.93123436
0.92735136
0.9024492
0.8230804
0.65211004
0.815226
0.8463895
0.9261484
0.84443635
0.8217094
0.8233665
0.80897295
0.85713243
0.7459977
0.91133684
0.8123042
0.84746337
0.7533589
0.83329827
0.9375445
0.9276432
0.95812774
0.84307575
0.9689394
0.9247141
0.82674956
0.94011277
0.94743454
0.76493233
0.6752956
0.8007878
0.8883283
0.7767916
0.742854
0.70124805
0.87880003
0.86002576
0.7837786
0.8471659
0.9610984
0.8191512
0.95059264
0.81753063
0.93217164
0.93363255
0.7665341
0.9219527
0.80919695
0.9074062
0.86173147
0.94074786
0.8389754
0.8516638
0.935141
0.7221381
0.9137629
0.78925365
0.8586108
0.693285
0.85672134
0.8417616
0.8769278
0.9193781
0.5184924
0.8240127
0.52074933
0.87662727
0.92475677
0.8477301
0.9427842
0.84501153
0.92758006
0.79977286
0.86291414
0.9084727
0.85783994
0.7521154
0.9690363
0.8913643
0.8980758
0.8903378
0.7176337
0.9237614
0.92091787
0.88571566
0.9756366
0.72786653
0.70994055
0.8248591
0.8933105
0.77967787
0.8631836
0.9453607
0.7733169
0.7475071
0.6045564
0.8085303
0.84943575
0.9056357
0.92289764
0.9398253
0.8429153
0.8019017
0.8391645
0.89734346
0.78777266
0.73808634
0.9501825
0.8013127
0.90934813
0.85676706
0.8710439
0.9276103
0.95410705
0.88371056
0.6588125
0.90741205
0.91592705
0.6967148
0.9358748
0.6395179
0.8147184
0.8545497
0.7737868
0.7779453
0.5676362
0.74728745
0.6324235
0.86643517
0.94493806
0.88443434
0.8255173
0.73412997
0.8960598
0.80602527
0.92870307
0.83630836
0.9556507
0.9610832
0.9509506
0.92101955
0.9323399
0.7582545
0.82717055
0.66679406
0.8976234
0.94509226
0.93736905
0.8591645
0.86004454
0.80398434
0.6869464
0.8797211
0.96515995
0.9645976
0.66759825
0.9094338
0.84597516
0.7045362
0.7993868
0.68877196
0.9228023
0.6733045
0.89965796
0.876568
0.8335531
0.9656314
0.57896197
0.94068784
0.94083023
0.9180179
0.9049866
0.7920342
0.85550904
0.9509731
0.860508
0.8051465
0.9584723
0.9488493
0.90349627
0.83079934
0.6070211
0.6540852
0.52851504
0.5157517
0.7867289
0.9009612
0.89730775
0.8926818
0.8307468
0.663501
0.816492
0.8890254
0.9547583
0.93934715
0.89945585
0.85639596
0.93260896
0.6885356
0.9709069
0.82463604
0.92570233
0.9074723
0.8521861
0.83513635
0.9273039
0.72595006
0.84275913
0.74457616
0.82707006
0.7806791
0.706832
0.7436186
0.9234894
0.92909384
0.6757145
0.87095946
0.8825425
0.9294061
0.84049475
0.94829935
0.92002666
0.65027434
0.8560119
0.93230426
0.91837317
0.7197705
0.8206315
0.76657116
0.70791805
0.5935434
0.5345286
0.8911934
0.72694516
0.43495136
0.87704766
0.9114425
0.7594604
0.8738025
0.8160124
0.8932706
0.85947365
0.77494615
0.8389825
0.8712945
0.91361403
0.925902
0.84100497
0.6798789
0.46595675
0.9088526
0.85516906
0.83029485
0.76792395
0.94835097
0.79907614
0.8610661
0.84845495
0.6520909
0.88614094
0.90883505
0.7373442
0.8994729
0.91888463
0.87970465
0.8757359
0.79946613
0.77169716
0.8284045
0.7750512
0.6039911
0.6179122
0.8420332
0.64820963
0.9442477
0.81243634
0.9343828
0.94028413
0.92359304
0.5826223
0.741216
0.94439846
0.90471935
0.7112356
0.8547494
0.75153774
0.6667709
0.89907587
0.7590095
0.88787323
0.94424975
0.7983289
0.7752408
0.94184726
0.9405407
0.8256705
0.5688883
0.91200244
0.8243158
0.850288
0.90446115
0.88505423
0.7351324
0.77638054
0.7015108
0.9492153
0.89383984
0.94963485
0.82854414
0.8774679
0.90907526
0.9588529
0.86120594
0.7984549
0.78705895
0.764185
0.82478887
0.87391585
0.49501306
0.9500454
0.8642409
0.9401459
0.91262126
0.83547574
0.68997884
0.8961174
0.76080316
0.94171655
0.94634587
0.8794282
0.8614407
0.9167683
0.8556986
0.7321878
0.7542021
0.88388294
0.85424864
0.6637422
0.801814
0.73579013
0.8774344
0.74438304
0.7754655
0.80646294
0.83525264
0.892704
0.81662065
0.80769
0.85275805
0.9667605
0.9101273
0.7770788
0.7960118
0.871467
0.839729
0.83748674
0.8208218
0.5562605
0.870648
0.89437777
0.81878585
0.9017096
0.905841
0.8922783
0.7054285
0.7953709
0.78666294
0.78146654
0.7919823
0.84051555
0.5658679
0.8571559
0.9478606
0.7692008
0.8543583
0.8291247
0.83578813
0.8619032
0.87987626
0.9038566
0.92996156
0.93698764
0.6756407
0.92074203
0.55502903
0.7963834
0.7002728
0.9030087
0.82710236
0.8879522
0.9209942
0.9171734
0.8371263
0.7990665
0.83159906
0.944009
0.86491203
0.7064747
0.7158124
0.942279
0.64283425
0.844273
0.898384
0.80331206
0.8208764
0.8278457
0.82925344
0.93916905
0.8328611
0.8054835
0.8290546
0.78308606
0.8021437
0.78490275
0.6404828
0.7058322
0.8925946
0.8209338
0.95298195
0.62125134
0.7312704
0.9494625
0.8680731
0.93129647
0.81751883
0.731153
0.93371594
0.9278481
0.9202267
0.8866564
0.8504097
0.9756547
0.7990001
0.90844244
0.91261864
0.93707865
0.92028475
0.91250455
0.9143409
0.7570771
0.83320504
0.77900815
0.8900973
0.69572794
0.96098715
0.59291023
0.75292695
0.9589146
0.69289446
0.7806909
0.7206855
0.9602958
0.8769753
0.96733713
0.94128966
0.7098708
0.77174413
0.8496895
0.91595757
0.80812854
0.6604111
0.9138509
0.7560334
0.87855357
0.91111815
0.7287495
0.9327643
0.9652395
0.72023696
0.9038227
0.87025046
0.8977026
0.82008994
0.92204565
0.9354099
0.8884841
0.73056686
0.91679394
0.92648304
0.8404712
0.74728805
0.73813426
0.86898357
0.9333535
0.9366499
0.67250216
0.6658392
0.9500962
0.8305201
0.78804415
0.914459
0.8896833
0.8145942
0.8597116
0.87459666
0.7028149
0.71583813
0.83780134
0.86562985
0.9421806
0.8358669
0.87496465
0.84057206
0.9664893
0.9157587
0.495839
0.77635396
0.86083776
0.90684974
0.94820416
0.8514259
0.9246517
0.91656506
0.8858869
0.81834376
0.94232374
0.9775064
0.9649871
0.72298896
0.65654844
0.80776393
0.77240497
0.8719661
0.8270443
0.81512547
0.8271857
0.94465184
0.9354376
0.8776455
0.9372239
0.78755164
0.9582301
0.9450458
0.81025034
0.91305727
0.92778563
0.9236186
0.9195242
0.7151932
0.89912486
0.9113101
0.89143413
0.6637392
0.6724832
0.86235476
0.8981182
0.79501927
0.7045606
0.93683916
0.7829417
0.7465332
0.82530534
0.8308013
0.88439804
0.9052216
0.9482745
0.8987638
0.79297566
0.621493
0.6940953
0.9155989
0.893479
0.8048962
0.7490728
0.7756052
0.8276327
0.703239
0.9138842
0.8823293
0.8836815
0.799263
0.9103354
0.836008
0.7416746
0.75828564
0.84303415
0.5692007
0.6700963
0.82627976
0.9080137
0.7969135
0.7731989
0.80037457
0.9089621
0.8739632
0.89279
0.7602695
0.8167544
0.79596984
0.90582883
0.8055199
0.8685442
0.9415214
0.9560572
0.6002616
0.73719716
0.8997696
0.6807057
0.89005846
0.6943746
0.89303786
0.8678684
0.6866209
0.898185
0.86407906
0.77203417
0.80784106
0.5817645
0.8150434
0.7474104
0.9061005
0.8580978
0.8513226
0.92105055
0.9612082
0.64774275
0.8199582
0.9083566
0.9572801
0.8536212
0.7614256
0.9348792
0.7074525
0.901263
0.875305
0.8976745
0.9317128
0.9187829
0.82060015
0.94768214
0.74024165
0.78893363
0.8278836
0.9271982
0.8152044
0.70546424
0.6870691
0.7845273
0.91251373
0.61916196
0.7910259
0.7286423
0.8919051
0.9165706
0.75220424
0.8975477
0.9718886
0.77632105
0.7671579
0.80174536
0.7501997
0.7721492
0.4838228
0.8718417
0.95247716
0.694023
0.58002704
0.8922243
0.9271126
0.7357586
0.55950296
0.6017941
0.82570684
0.92390335
0.83082724
0.85517937
0.6616676
0.8329323
0.84175587
0.8078885
0.84813255
0.54778886
0.8797363
0.8826107
0.7033303
0.86807096
0.70850444
0.63835746
0.85087264
0.79254353
0.8950395
0.68195224
0.53790647
0.7878684
0.8896491
0.8597218
0.8442574
0.9616992
0.89037836
0.93325627
0.87635577
0.95209086
0.83870757
0.7620984
0.92548025
0.9081335
0.88754225
0.8901216
0.8377926
0.9555379
0.86911136
0.8566116
0.8732607
0.6811906
0.9371184
0.60300314
0.94583344
0.9111028
0.87324727
0.89702034
0.8145516
0.8264921
0.8607486
0.77152306
0.8927974
0.89768636
0.92799115
0.8708194
0.84654164
0.91720116
0.86871123
0.86294
0.835731
0.92143387
0.843075
0.9204998
0.76836705
0.93733495
0.76643264
0.82094795
0.9219053
0.87882173
0.8163558
0.9120871
0.85712606
0.9270245
0.76722634
0.97683454
0.9675245
0.90336007
0.8012082
0.8377447
0.9377739
0.9428515
0.77247846
0.6845886
0.93380016
0.7279842
0.9031601
0.6856619
0.93793344
0.8244891
0.7977363
0.9582571
0.8629271
0.920858
0.8626275
0.88350964
0.86500806
0.88137704
0.90237606
0.8868488
0.91646546
0.84889895
0.86054015
0.9534552
0.67276835
0.54070294
0.87804174
0.8866238
0.79360944
0.84554344
0.80060494
0.8209474
0.9540855
0.9367603
0.93224037
0.8109483
0.8709836
0.87935054
0.92879087
0.94242775
0.67322046
0.9052024
0.88622063
0.7735783
0.8330286
0.79428613
0.872009
0.79927427
0.7532546
0.7787827
0.94688785
0.89018273
0.9480719
0.7931267
0.747251
0.7589546
0.86584973
0.7363603
0.73771405
0.79354614
0.9037007
0.79487675
0.78933096
0.9134587
0.81292677
0.93281674
0.9709842
0.9493575
0.77193964
0.870708
0.8460624
0.8862697
0.809111
0.68214566
0.49352428
0.82058877
0.87207633
0.7596916
0.91400445
0.8124202
0.8512814
0.7962028
0.8366178
0.8921938
0.79980934
0.7833023
0.68753624
0.9211113
0.89579296
0.5793025
0.8434297
0.7718253
0.7070383
0.79973465
0.7008313
0.8448932
0.7661726
0.94570255
0.79835635
0.9049373
0.9137422
0.9367271
0.93860793
0.572394
0.8067987
0.7903133
0.815264
0.9296166
0.66148055
0.8334434
0.80475146
0.7442517
0.7612064
0.94208574
0.8660662
0.9401145
0.716645
0.8027404
0.79502296
0.8353862
0.5791981
0.9258873
0.8400006
0.63098776
0.9673544
0.8578617
0.8647901
0.90534705
0.890445
0.9821881
0.703002
0.83474374
0.94031
0.9366044
0.95248467
0.80903465
0.76914823
0.8797413
0.8625418
0.90287817
0.73362523
0.9381974
0.93573713
0.96309894
0.9008349
0.98118484
0.9506313
0.84567493
0.8706499
0.7951193
0.8722188
0.75332046
0.92251027
0.8367486
0.8201293
0.8640078
0.8763578
0.81050503
0.832675
0.88239527
0.9514312
0.679533
0.88384235
0.6347176
0.7720425
0.9722622
0.906137
0.88065106
0.929051
0.6875638
0.7609492
0.7932622
0.7164356
0.8696978
0.7846874
0.87958586
0.8656097
0.8547527
0.84689593
0.9173902
0.69417536
0.83845013
0.7624003
0.6101806
0.84514236
0.85087395
0.8357148
0.4541208
0.9000238
0.89461637
0.8154131
0.5967236
0.6585939
0.91192144
0.8736844
0.75561833
0.8234343
0.8922658
0.85377353
0.9129849
0.9309846
0.88005185
0.7306389
0.7130445
0.67237747
0.8778639
0.67566854
0.8984183
0.66682225
0.9061941
0.83142436
0.90326756
0.8188736
0.87761474
0.82136095
0.860625
0.8804486
0.8192922
0.867061
0.90872073
0.7876727
0.8334699
0.77848405
0.8109832
0.8557473
0.84030807
0.79489833
0.930663
0.8668102
0.83162653
0.8534006
0.8880523
0.78077555
0.95493436
0.7943907
0.8333143
0.80316734
0.815226
0.9396261
0.95816267
0.90611607
0.9640021
0.69834095
0.93642694
0.7997903
0.7981967
0.85978985
0.7374744
0.8168491
0.93944526
0.6705813
0.9487708
0.7650229
0.8634027
0.873235
0.9423404
0.72151387
0.87529606
0.8367428
0.85951936
0.89976096
0.6845208
0.9448321
0.91374016
0.9102286
0.88823116
0.9151006
0.7986075
0.92113256
0.7850088
0.909125
0.7925462
0.7836918
0.8198929
0.85315317
0.9191622
0.8537317
0.9315405
0.72891873
0.87124443
0.74970025
0.7057409
0.822471
0.9776588
0.7794215
0.7425369
0.7176488
0.95040655
0.90252155
0.9111266
0.8467651
0.9225255
0.88899237
0.718926
0.8585979
0.6818034
0.877233
0.9461495
0.84150255
0.90270656
0.55424124
0.7907306
0.78481174
0.58056104
0.5806565
0.8915064
0.9575114
0.8706595
0.8559126
0.86373156
0.91304946
0.9120674
0.9548284
0.89345574
0.95916975
0.6268541
0.7775254
0.9048327
0.95584905
0.7998843
0.7255126
0.76174456
0.88698554
0.8711195
0.9235394
0.81136227
0.8702554
0.8965215
0.929618
0.8545717
0.8253658
0.8271525
0.79464704
0.94426394
0.55978006
0.95241547
0.8541446
0.7293225
0.86555475
0.695369
0.9627606
0.91219044
0.7045465
0.8757214
0.87447524
0.89556783
0.87823737
0.7542984
0.8355776
0.50697654
0.86177635
0.93090737
0.8305382
0.90974855
0.79333156
0.80862856
0.8383029
0.7587504
0.81699896
0.8463508
0.8163139
0.8286122
0.8820578
0.8879599
0.92961675
0.91984516
0.86778945
0.95565224
0.86758626
0.7892126
0.6914006
0.92616594
0.8764612
0.73034376
0.89575166
0.85315025
0.9176444
0.5915744
0.92381513
0.9177838
0.8278882
0.6142212
0.6696871
0.9217229
0.8182964
0.8819108
0.890653
0.9248166
0.9111081
0.84569234
0.60667133
0.9348949
0.7192027
0.61430264
0.9189554
0.86573535
0.8915164
0.7928473
0.7719822
0.80977905
0.9042547
0.8557253
0.8342154
0.9035933
0.70099854
0.8502244
0.7774982
0.70013
0.46840942
0.8627399
0.7894491
0.9286905
0.9611307
0.9545492
0.9164226
0.9132538
0.81142086
0.96340483
0.81389886
0.8644111
0.7044971
0.9047605
0.8060293
0.5388957
0.90966445
0.96558505
0.86036146
0.82209927
0.8688755
0.8610227
0.656909
0.7093035
0.84590244
0.8683573
0.9031939
0.79068553
0.88376284
0.73377126
0.93924224
0.8094675
0.79962283
0.8082001
0.82171506
0.7708028
0.8919621
0.7305825
0.94689715
0.7842308
0.84885997
0.9660763
0.8550733
0.84065497
0.80429137
0.7662523
0.86034894
0.8527884
0.8688221
0.82255983
0.7192045
0.86889905
0.9563483
0.8629199
0.730897
0.96929795
0.77768314
0.50856465
0.7887248
0.8804014
0.8725514
0.9136899
0.61493725
0.9373111
0.9029013
0.83615637
0.7459797
0.96169037
0.81571627
0.7688311
0.8931174
0.6950721
0.90177816
0.88735646
0.7991408
0.67642856
0.8534875
0.85926545
0.90570134
0.8175993
0.77267265
0.83940023
0.6265667
0.85505533
0.8343087
0.82497287
0.92180604
0.5675627
0.77641094
0.49774334
0.9309787
0.90929663
0.8635783
0.80410975
0.939484
0.91468835
0.69087017
0.7667731
0.9084442
0.89394826
0.7617423
0.6709566
0.87096137
0.8789858
0.84885615
0.90395224
0.78537875
0.7524056
0.9158076
0.9398998
0.9339458
0.8700617
0.864419
0.8321542
0.87012583
0.8391082
0.93070817
0.90373063
0.86341166
0.7887963
0.81815296
0.9282357
0.9319625
0.8270706
0.7879546
0.7629797
0.86987215
0.85302246
0.84725255
0.73590034
0.8417399
0.79561657
0.52728283
0.9000899
0.7328454
0.79259425
0.95770085
0.88750625
0.89555025
0.7399394
0.90928775
0.783416
0.80351454
0.9566983
0.86707854
0.70697623
0.82355815
0.9201438
0.952104
0.3699814
0.8806231
0.7513234
0.7530534
0.90115446
0.7318835
0.870694
0.9369992
0.86385477
0.90877825
0.8477919
0.8662591
0.7661227
0.87585896
0.74481344
0.8714213
0.9112998
0.85844773
0.83512044
0.8526853
0.9710396
0.77517575
0.64385414
0.73781604
0.80096734
0.8660884
0.85141754
0.87411094
0.8176514
0.69714224
0.91946197
0.9206256
0.963626
0.79935586
0.9473383
0.86650544
0.84878844
0.9625249
0.90838355
0.6729851
0.75333923
0.796354
0.79902303
0.92229235
0.8588906
0.954626
0.85389894
0.9809531
0.69052744
0.87556684
0.6598929
0.7998442
0.93124825
0.781071
0.6209301
0.72069865
0.8620436
0.9722275
0.7878623
0.9262229
0.97472787
0.8364005
0.90595394
0.8703763
0.70844316
0.90607065
0.7651629
0.90972596
0.799324
0.87063515
0.7929461
0.85695857
0.9018157
0.9616813
0.8897294
0.8796016
0.9271081
0.93846124
0.6871478
0.8834927
0.86329675
0.8067912
0.74011034
0.8572365
0.8015851
0.77271426
0.7609206
0.8951576
0.8934088
0.87048674
0.68815106
0.9691702
0.8460676
0.8202762
0.8096907
0.7264112
0.6883239
0.87809354
0.8417193
0.7607871
0.84920245
0.8478011
0.94735503
0.7747815
0.72357297
0.9408139
0.7777205
0.89232856
0.80054075
0.92802525
0.7525756
0.895198
0.712722
0.72478133
0.7817285
0.82607585
0.91511047
0.84093857
0.67296606
0.9410786
0.92073274
0.7536767
0.8165095
0.90956885
0.8901026
0.85412246
0.86653227
0.69377327
0.7704558
0.6955185
0.9578131
0.84393716
0.65013677
0.8995757
0.85546005
0.8873583
0.8138468
0.8398876
0.8176402
0.6819525
0.8256839
0.85768396
0.86217326
0.7962704
0.89962786
0.8869541
0.6531801
0.9167755
0.86688465
0.93480015
0.86894584
0.8132647
0.94871056
0.62825483
0.75399077
0.833933
0.7744005
0.87259185
0.6125064
0.7596277
0.95844966
0.9264564
0.7220058
0.7365673
0.77344316
0.87805563
0.68672514
0.80573046
0.8956315
0.8320282
0.95586395
0.904016
0.92585164
0.87877536
0.46854213
0.90642667
0.68059486
0.9360977
0.95152974
0.91933215
0.956733
0.96568674
0.87932223
0.82661545
0.86623824
0.8459283
0.8734386
0.88332987
0.80321664
0.7513584
0.909397
0.8092202
0.9096292
0.8857197
0.8917148
0.659031
0.7092402
0.90935916
0.80128986
0.8228504
0.91205204
0.76289386
0.8505081
0.73950636
0.81804633
0.8912221
0.6502741
0.89470685
0.63327426
0.87882733
0.9528029
0.75509673
0.87207985
0.5246991
0.9103175
0.8330806
0.9766935
0.87288445
0.9146974
0.9358771
0.94274473
0.780811
0.80707455
0.78626037
0.8870913
0.78162724
0.7463114
0.878543
0.7020316
0.75638926
0.9049291
0.9625051
0.8620032
0.86988187
0.8401616
0.7409421
0.8159628
0.6824665
0.80929446
0.81790996
0.75508356
0.70165396
0.9335302
0.89824855
0.5686348
0.8517095
0.92554903
0.8148238
0.8524921
0.77900195
0.9168511
0.9231593
0.81544393
0.89875686
0.56435853
0.9472784
0.9405223
0.87117267
0.8295072
0.8623628
0.89502555
0.8932319
0.7906358
0.83321947
0.9209351
0.862464
0.8037183
0.92570627
0.91774285
0.8309474
0.85638136
0.4441052
0.5467363
0.95940065
0.8950749
0.9311247
0.9467349
0.7910135
0.75804406
0.8141557
0.84638447
0.71937776
0.89277697
0.71922076
0.85315984
0.9155375
0.48951265
0.8843938
0.9238759
0.817587
0.8954052
0.7650336
0.86956394
0.9442402
0.9543361
0.856165
0.94979006
0.83680964
0.71562797
0.9348618
0.92337704
0.9329108
0.8981675
0.80959064
0.7224999
0.7779223
0.8283717
0.7508473
0.8988275
0.779141
0.9188163
0.77389807
0.9750223
0.6058046
0.7522652
0.7415216
0.8321481
0.6629797
0.8280431
0.6031594
0.7063535
0.92840415
0.6186969
0.7701511
0.8202011
0.8629989
0.8903048
0.94427174
0.70471984
0.95703244
0.96980846
0.81707567
0.84991753
0.947984
0.9688817
0.89326596
0.7357615
0.88487744
0.55328095
0.90807116
0.901219
0.6332344
0.8582213
0.9264732
0.977182
0.9025278
0.869783
0.8513434
0.9444039
0.8325987
0.83439595
0.9434262
0.8312061
0.67141366
0.67751265
0.8914095
0.8724429
0.7785066
0.8678336
0.8473237
0.62918967
0.89424384
0.8620544
0.86413133
0.84998536
0.80933756
0.73466
0.82596004
0.71233237
0.9377159
0.671829
0.8795466
0.9233428
0.6716544
0.83119774
0.85868496
0.8806678
0.9136358
0.87530035
0.89603674
0.50004864
0.92433023
0.97437507
0.80998826
0.8383024
0.8604431
0.8327421
0.81464016
0.7441991
0.77866524
0.8592141
0.9477675
0.8105442
0.8338008
0.94912934
0.77108485
0.8851305
0.83261776
0.6552013
0.89620924
0.8845771
0.7699971
0.96050066
0.6339044
0.8419243
0.8609409
0.8736742
0.5512212
0.8607181
0.80258155
0.6491016
0.91886747
0.8926873
0.89694417
0.79315543
0.8655536
0.7768097
0.7219541
0.7626696
0.87496
0.8366828
0.9703294
0.88435817
0.6130423
0.86847055
0.7986617
0.8148874
0.84565747
0.80021405
0.742467
0.93663603
0.8380327
0.8757491
0.8936165
0.79344386
0.9648537
0.81228507
0.830031
0.93441457
0.951079
0.70441246
0.8750293
0.7208469
0.7510039
0.7816136
0.88590455
0.8663945
0.76058424
0.80016625
0.83982146
0.7836814
0.93611926
0.897744
0.94715476
0.84020513
0.6783048
0.9056024
0.86231226
0.82829195
0.70274645
0.8283119
0.7824402
0.87034154
0.8297958
0.9096147
0.8650466
0.9549795
0.8123976
0.7651885
0.8860056
0.87656313
0.8323347
0.89323926
0.94097555
0.8792755
0.75842595
0.841972
0.7053976
0.7228055
0.66277444
0.91732347
0.9466658
0.94173586
0.91009235
0.9409236
0.78758955
0.8669727
0.75857246
0.6505742
0.91187644
0.9655738
0.91944754
0.8128017
0.8037446
0.912974
0.7886812
0.7672004
0.87964576
0.83383423
0.87829006
0.9358191
0.9030485
0.7281884
0.9335427
0.7348971
0.81073457
0.84502196
0.9332691
0.68769693
0.6990204
0.7877085
0.87626773
0.91310483
0.78127086
0.96265835
0.88973564
0.6684066
0.67892104
0.90186465
0.94772077
0.89368594
0.6241847
0.76952547
0.759987
0.9640831
0.9460311
0.8813785
0.867252
0.77099544
0.62765855
0.7749806
0.7616404
0.94516855
0.657537
0.8422273
0.75144583
0.9399059
0.85360634
0.8441954
0.69755733
0.864688
0.90873206
0.90194
0.75736445
0.878945
0.9104049
0.7720318
0.80921054
0.82215714
0.76783186
0.8366034
0.6842691
0.95995975
0.857828
0.70486736
0.8046637
0.6584823
0.8827389
0.86812973
0.8786872
0.87028706
0.7911416
0.7366394
0.8116533
0.81898576
0.92278206
0.7509828
0.8392347
0.7905913
0.93092936
0.5232038
0.92388475
0.8288236
0.7539358
0.7896081
0.8607826
0.8611378
0.85279447
0.9103767
0.8196936
0.8625071
0.8484101
0.85428977
0.8454022
0.6818222
0.7890306
0.6900616
0.7533848
0.98115087
0.9592172
0.67333776
0.96653336
0.8879207
0.80984694
0.8389314
0.8686019
0.9551329
0.89715695
0.8852928
0.9781067
0.7958826
0.70217353
0.8140253
0.9636624
0.66073537
0.957724
0.8839299
0.8311484
0.8196527
0.63192713
0.65246755
0.9348583
0.8358511
0.81997824
0.9332559
0.7980449
0.7070804
0.8431127
0.91018355
0.7066477
0.770198
0.75259036
0.6160647
0.9295063
0.8423373
0.92155826
0.8256599
0.8898658
0.8254862
0.90693855
0.7223959
0.899223
0.70865256
0.85370195
0.9252341
0.95204073
0.89927053
0.8409132
0.5625311
0.88999516
0.6541836
0.9133047
0.8412237
0.8702307
0.5964047
0.7605416
0.9577294
0.7915103
0.90086454
0.7548291
0.8560692
0.9203223
0.8280548
0.59169817
0.8180322
0.7430778
0.89574504
0.7372343
0.8389569
0.8563373
0.60965085
0.88856363
0.6549621
0.8507264
0.82270193
0.8367775
0.78926647
0.8885797
0.795032
0.6431132
0.8642166
0.8951475
0.9135953
0.8133024
0.91392636
0.77311814
0.9257987
0.91199934
0.8163363
0.6414515
0.9777604
0.9493818
0.84903723
0.65143263
0.7542236
0.79695356
0.7494122
0.873096
0.96236056
0.79489505
0.753593
0.93190825
0.9106214
0.87242854
0.96639466
0.9106184
0.82556236
0.90444654
0.76588297
0.94853926
0.973223
0.7713235
0.975136
0.89368397
0.91391844
0.8404378
0.77154297
0.7823129
0.7919754
0.8196541
0.83605325
0.8145764
0.74941766
0.78781664
0.88660395
0.8666822
0.8530193
0.87532353
0.9404415
0.94839925
0.7971866
0.92328525
0.80461425
0.85679144
0.5535113
0.8033223
0.7404479
0.80514544
0.9125287
0.93298024
0.89252937
0.8403008
0.93146586
0.85212266
0.69852793
0.60892737
0.8563184
0.69267195
0.7374042
0.77078825
0.77169585
0.9098084
0.6527346
0.8283583
0.91669136
0.7487709
0.86536515
0.8299601
0.8779727
0.77503085
0.816205
0.82386476
0.71198255
0.83121824
0.8924908
0.56635123
0.890122
0.8355978
0.76809216
0.8468084
0.91378284
0.73799026
0.8731035
0.90124506
0.6466922
0.913301
0.7570397
0.9458856
0.66358495
0.8088833
0.6036185
0.7815918
0.8485178
0.8179152
0.8051377
0.93503046
0.87281644
0.8176719
0.8728012
0.65508324
0.94426394
0.88222766
0.7068234
0.8612122
0.62569827
0.78964907
0.9439343
0.85699725
0.90325767
0.81182456
0.87070066
0.87733454
0.9284195
0.93605936
0.7964692
0.9139495
0.7155908
0.892779
0.7702775
0.91187876
0.8682986
0.58236825
0.6852048
0.92805356
0.8747362
0.7582374
0.7758909
0.6874872
0.9404399
0.45832786
0.84894717
0.97124493
0.97836864
0.8281655
0.7286253
0.78890306
0.8143834
0.81966573
0.84498876
0.8820772
0.82615185
0.86435026
0.8526398
0.8912478
0.76591414
0.8858979
0.92448366
0.6370209
0.8966713
0.9444938
0.5084716
0.79284227
0.9590304
0.9588169
0.91292226
0.8182431
0.80821586
0.8937539
0.98668355
0.9398488
0.9360099
0.71618456
0.6169199
0.93576014
0.95719755
0.8786917
0.9214582
0.88603383
0.88624454
0.83976245
0.65227795
0.8849461
0.7890926
0.8826519
0.8459249
0.86901563
0.8341061
0.9181376
0.91600907
0.91681266
0.8988499
0.7458658
0.9457909
0.8847305
0.7032666
0.9218813
0.9039665
0.85235506
0.6519725
0.80319124
0.9663634
0.8740922
0.963508
0.71966803
0.43845272
0.9163748
0.8216211
0.90748066
0.8760602
0.81691635
0.7947242
0.92599726
0.77599436
0.78259826
0.9554201
0.9637646
0.8369212
0.9225061
0.8674024
0.85471356
0.963821
0.88402987
0.87243974
0.8531212
0.90904415
0.7856101
0.97319955
0.83408886
0.68897307
0.94863707
0.5236314
0.8791541
0.87285453
0.9757647
0.9689438
0.841637
0.8813844
0.758035
0.7364163
0.83684605
0.92079467
0.87945414
0.7028918
0.9428084
0.8524971
0.8993976
0.8424139
0.9420719
0.8079304
0.90955555
0.8670509
0.7600528
0.8799257
0.90626013
0.95170635
0.7578851
0.78046894
0.888659
0.14859489
0.7613477
0.9260369
0.89134926
0.6917468
0.9424863
0.76645374
0.71934235
0.82403255
0.73229873
0.63152575
0.93464273
0.8456746
0.781584
0.98032075
0.6985777
0.8225078
0.7811434
0.90206254
0.8805188
0.92075664
0.86730134
0.7800113
0.87519723
0.9513018
0.6560671
0.5347856
0.6948956
0.38312888
0.8204553
0.9272987
0.88219845
0.84119827
0.76840246
0.8960573
0.9063517
0.8506603
0.7756839
0.7181909
0.79209447
0.8588124
0.9020438
0.83536243
0.84324664
0.7117721
0.83375394
0.8645114
0.93215716
0.9419078
0.6877021
0.8367955
0.88832134
0.728573
0.9087097
0.957887
0.8047026
0.6504022
0.83882225
0.86442053
0.66104734
0.83240914
0.90313077
0.9512649
0.86257523
0.90431535
0.9425069
0.9817238
0.8005056
0.95808256
0.8793617
0.8042518
0.83365685
0.8603736
0.8805263
0.8194885
0.91692376
0.83761966
0.9093697
0.8479318
0.90334636
0.8611078
0.86046773
0.8848098
0.9193375
0.95615155
0.92704123
0.6362512
0.81544566
0.90317094
0.873797
0.712499
0.88102895
0.8939651
0.96365464
0.7847649
0.77650344
0.6829472
0.9262258
0.87600094
0.7908952
0.7758437
0.7603769
0.7867862
0.8320293
0.6727321
0.9492001
0.80528736
0.9537793
0.8807963
0.8846665
0.86613095
0.7503327
0.4998419
0.85183513
0.9301342
0.923774
0.94266665
0.81421334
0.9451901
0.7745482
0.8967618
0.7186313
0.8427193
0.77101505
0.9156814
0.69476384
0.9239634
0.7966302
0.9234908
0.7652205
0.8517636
0.907902
0.92957485
0.7967824
0.853231
0.9678112
0.90572727
0.8840679
0.8666567
0.69965965
0.8421693
0.76914465
0.7858803
0.9349003
0.73634785
0.9079478
0.8967135
0.8447867
0.940626
0.88155866
0.9497703
0.6951936
0.974541
0.83946466
0.76684904
0.82453704
0.90416634
0.8028526
0.88055825
0.90918463
0.8728265
0.7692229
0.93140453
0.85660154
0.8259337
0.85997474
0.7830936
0.8097996
0.8824147
0.94812256
0.92120326
0.9067883
0.94725347
0.8531372
0.9020473
0.7590308
0.9123991
0.9413277
0.8779107
0.93717414
0.96997803
0.9406278
0.23516865
0.58079034
0.94991565
0.9788781
0.8538967
0.7615215
0.69096565
0.8843545
0.8909061
0.94451857
0.82044536
0.6831351
0.72116005
0.69801974
0.6335491
0.6927935
0.7183058
0.7668162
0.809186
0.82034624
0.8500616
0.8839762
0.89077485
0.84302354
0.7561415
0.71453327
0.9132944
0.80523205
0.95577395
0.85875535
0.8110435
0.92360127
0.92128104
0.95362383
0.80473995
0.7615962
0.907091
0.8978263
0.73615044
0.93898124
0.6393429
0.93507975
0.9462376
0.66224957
0.7249646
0.67664236
0.9313729
0.6874948
0.8884393
0.77179396
0.7355578
0.589384
0.88206065
0.6741307
0.571182
0.9291321
0.82636344
0.93398076
0.8781016
0.9140055
0.9217539
0.9081973
0.9174843
0.84762466
0.8791195
0.8914262
0.96783966
0.90816146
0.76142937
0.9445414
0.90219826
0.9140668
0.9527967
0.8980602
0.8915844
0.95169413
0.9330672
0.7084603
0.8951406
0.6813229
0.8589844
0.81659377
0.94434786
0.62066203
0.8905058
0.9036057
0.83536303
0.7941445
0.93202424
0.95234036
0.9799841
0.8604273
0.88560176
0.88033235
0.88630337
0.7217126
0.8206813
0.697422
0.8559671
0.7726768
0.86261237
0.6857117
0.84649503
0.7975147
0.65891534
0.857087
0.89496934
0.46667495
0.9302708
0.87603307
0.83350194
0.9109426
0.8595585
0.81281286
0.9134012
0.85766333
0.89676666
0.75533044
0.88244724
0.9509884
0.8865127
0.9291128
0.70636725
0.90896523
0.81736815
0.9013845
0.534225
0.90424937
0.81871337
0.93877316
0.67684454
0.852331
0.91611886
0.91913897
0.68241745
0.8314917
0.7580324
0.9218366
0.7795609
0.9088644
0.86401874
0.88384414
0.8926593
0.8351914
0.727776
0.8400783
0.5041961
0.91959697
0.9120887
0.7565962
0.83210313
0.7511406
0.8886662
0.7300986
0.77894634
0.86569524
0.82505924
0.86645776
0.6486846
0.91925156
0.6369191
0.8039937
0.87539494
0.943383
0.9032905
0.8957597
0.8989467
0.908539
0.8321825
0.80663115
0.9778674
0.9175377
0.87054986
0.80130184
0.8929234
0.8763691
0.90505916
0.80464906
0.8743803
0.7098234
0.8010621
0.95491093
0.53787595
0.86013615
0.41474912
0.7967204
0.9582317
0.9309142
0.8336135
0.7604494
0.45661247
0.8372811
0.9226425
0.8934731
0.6779198
0.72245693
0.69463474
0.8588906
0.87436354
0.835114
0.79102397
0.756151
0.69326913
0.88784003
0.81020033
0.7635011
0.7319335
0.6205624
0.92321616
0.9284766
0.8502709
0.7946715
0.8764922
0.86810315
0.7490522
0.9454973
0.9744256
0.8011672
0.8594954
0.8361291
0.7267762
0.7621428
0.68385565
0.78995824
0.89489406
0.81935793
0.9563506
0.80997616
0.8436771
0.80428755
0.9003614
0.9066913
0.66485816
0.8829664
0.7039207
0.88113755
0.8797128
0.78118634
0.82724386
0.8053833
0.83178675
0.79171765
0.9254233
0.8288937
0.905936
0.93325
0.7664811
0.90080905
0.8275336
0.910313
0.77688724
0.86224294
0.9111506
0.92679363
0.9216278
0.60798097
0.7113499
0.9132245
0.81755185
0.8329851
0.9268743
0.9154184
0.732803
0.69451463
0.5254059
0.6751879
0.70699084
0.57886565
0.9115274
0.96996576
0.81077343
0.9062172
0.7271345
0.77716714
0.798024
0.76511204
0.6837138
0.86777693
0.9190478
0.83625317
0.67558026
0.6127854
0.74431324
0.83051395
0.8699778
0.9309447
0.79447085
0.8753876
0.82657284
0.9067519
0.93842095
0.83931965
0.9490701
0.95972246
0.5234196
0.71643895
0.93245786
0.8125561
0.8725213
0.83377516
0.9050481
0.7653495
0.9283611
0.9163501
0.8421773
0.9005363
0.98328745
0.9346848
0.89159423
0.7689115
0.8325725
0.8907187
0.8048791
0.65501875
0.8512745
0.9710643
0.7531682
0.9026733
0.71182585
0.81819534
0.90497863
0.70518374
0.77120626
0.677759
0.84073955
0.78135586
0.86418474
0.8060019
0.70163625
0.9336071
0.9715007
0.73726904
0.87656236
0.7540722
0.9534641
0.74322987
0.95087254
0.9047526
0.59019893
0.94644797
0.91483
0.8442996
0.78809726
0.8325962
0.8437014
0.7220236
0.9594691
0.83241373
0.84801996
0.91258276
0.9507851
0.72574604
0.6843942
0.7653435
0.55140156
0.89797926
0.761916
0.84718895
0.6563161
0.82190084
0.6851247
0.7768444
0.8126805
0.96424145
0.9290713
0.7788726
0.6859057
0.9427335
0.7708309
0.7411037
0.79071414
0.8494312
0.9348718
0.82990366
0.77963895
0.79777694
0.52457434
0.7922243
0.9441296
0.8758953
0.7626814
0.8941581
0.83955765
0.49806947
0.7532536
0.8789149
0.8298096
0.57230544
0.91096854
0.79805094
0.94862336
0.91873735
0.9050846
0.74899316
0.8722993
0.9304193
0.77043265
0.9031134
0.88922435
0.92706233
0.6677357
0.88759804
0.8606266
0.6346057
0.9433252
0.85851365
0.97378194
0.89439005
0.8380114
0.9079392
0.75315666
0.571627
0.82500327
0.73064
0.72490007
0.9479989
0.76938784
0.9224011
0.72268176
0.84002817
0.9300547
0.7518589
0.84796953
0.87685686
0.8859775
0.94502264
0.86164856
0.79794276
0.96083784
0.8025453
0.79442835
0.9301765
0.9614488
0.6555201
0.7208998
0.91503304
0.7588133
0.86184454
0.44610298
0.6514894
0.83722985
0.84419656
0.6074476
0.79551953
0.7909238
0.8740973
0.90200025
0.8694435
0.9103989
0.8923551
0.89163196
0.8960781
0.7596561
0.88455087
0.750552
0.81194663
0.6722389
0.83043516
0.9347024
0.8670385
0.8841159
0.77800477
0.933921
0.93487436
0.9027569
0.907192
0.850479
0.8325436
0.9522247
0.88063896
0.70941204
0.7404675
0.92328304
0.63595295
0.9351723
0.6472353
0.91379744
0.84350395
0.87725157
0.9313351
0.8465798
0.8477378
0.8440083
0.80110055
0.968132
0.8721869
0.9544502
0.75111586
0.95805365
0.9074636
0.6740248
0.95072293
0.83371574
0.9066321
0.9062476
0.749708
0.6574906
0.7188145
0.83808005
0.89287907
0.912637
0.6659109
0.861071
0.8632551
0.57377785
0.8568859
0.6302874
0.7844441
0.720321
0.66272134
0.74539167
0.90670466
0.9173618
0.84858537
0.92656994
0.933008
0.63569117
0.9006341
0.9259643
0.7818474
0.8905984
0.5952492
0.8379818
0.8407188
0.6313758
0.58582044
0.88788104
0.8086895
0.7951189
0.7914037
0.7462988
0.7837062
0.5299934
0.782867
0.9286249
0.90533024
0.87631625
0.89470476
0.8830758
0.75377065
0.8990811
0.8229534
0.8179285
0.766768
0.8578956
0.85116065
0.7165371
0.8021562
0.52729803
0.75963026
0.90431416
0.8613539
0.8529856
0.93955576
0.83407354
0.888591
0.73091286
0.8494126
0.69911206
0.8751863
0.87691313
0.82939464
0.77171826
0.6394884
0.91919917
0.59662604
0.7909303
0.8004621
0.8738991
0.81540173
0.8493727
0.8189175
0.8979069
0.846421
0.9159327
0.8400984
0.83622223
0.8277671
0.5121119
0.9005294
0.890689
0.7341244
0.94578725
0.74974614
0.92391086
0.75929016
0.5752957
0.88907903
0.8955446
0.7551283
0.77176166
0.8662471
0.90358037
0.68735105
0.65361404
0.8638691
0.7790687
0.76986295
0.83361745
0.9385035
0.905812
0.8866696
0.9277234
0.893191
0.71088123
0.81961524
0.9817763
0.89658725
0.9249878
0.86728376
0.79845494
0.81806153
0.8233874
0.8405998
0.931701
0.8376186
0.9375842
0.8664967
0.8257206
0.85747415
0.6008367
0.8388381
0.8622044
0.8847568
0.93382144
0.6891085
0.9045414
0.90385914
0.87463146
0.91471696
0.90327525
0.8421183
0.5754187
0.9428048
0.7503623
0.9263542
0.7030774
0.7938222
0.8620405
0.9085833
0.75970423
0.71952814
0.8795604
0.68418825
0.96996635
0.9402138
0.81746864
0.7293792
0.91116816
0.89882565
0.8863534
0.7927601
0.79306483
0.9181857
0.91415524
0.87703276
0.9185928
0.934762
0.97276425
0.855776
0.91774356
0.961538
0.92289233
0.73734677
0.51593494
0.834913
0.892164
0.9162784
0.6238698
0.5777889
0.8958047
0.79292953
0.7355987
0.94100565
0.8339467
0.9573686
0.82254654
0.89032626
0.6792441
0.86231613
0.8234672
0.8516122
0.81043774
0.92283887
0.5933615
0.8651746
0.65549463
0.8870586
0.3926252
0.7211681
0.37009817
0.8342945
0.88532996
0.92512923
0.8230762
0.91508603
0.9156013
0.95643806
0.84290344
0.81796956
0.7131551
0.9283603
0.9232298
0.93809974
0.88469255
0.72691756
0.6255927
0.73161566
0.9661079
0.9146551
0.9533681
0.876539
0.7632293
0.9369893
0.89066523
0.7782574
0.79901373
0.9005159
0.89794606
0.7020131
0.8812442
0.7337132
0.9593833
0.73483723
0.90215427
0.8446574
0.88456154
0.8854816
0.75203574
0.63296306
0.9506862
0.7773549
0.73619723
0.8288189
0.8447982
0.8662016
0.90111816
0.7144426
0.9012744
0.91451764
0.94773084
0.9124159
0.7767878
0.91038555
0.9354836
0.56220293
0.78614706
0.956207
0.8562425
0.8133027
0.6534089
0.9652272
0.8003333
0.8971393
0.7425947
0.9202135
0.87356055
0.8207894
0.8808266
0.78354144
0.92059284
0.76046944
0.8974081
0.91690594
0.7719514
0.6610386
0.93159246
0.8301295
0.67387754
0.9318718
0.8478379
0.7635753
0.9051274
0.91141135
0.8484161
0.88903904
0.8633792
0.72833323
0.8175199
0.93089366
0.90279293
0.9459141
0.8791977
0.7721207
0.9371388
0.7342174
0.9204493
0.90112567
0.8070977
0.9472183
0.9644354
0.8647864
0.84545624
0.7827076
0.8779526
0.5486422
0.8098031
0.87023675
0.82361144
0.90077096
0.878333
0.9057827
0.7365108
0.85883874
0.96433556
0.9022529
0.8752376
0.7996427
0.8080477
0.919617
0.9149688
0.92121494
0.86532456
0.80131346
0.9419597
0.8235307
0.91050744
0.8714941
0.7682511
0.8022035
0.89146817
0.7684235
0.79279983
0.8984802
0.8639326
0.9548939
0.9811483
0.91018677
0.93242997
0.8176408
0.9496156
0.84300846
0.6546299
0.91636664
0.76359063
0.7441802
0.59864724
0.9225359
0.7829677
0.8879286
0.82504857
0.94610965
0.64475787
0.8527634
0.8070513
0.6486157
0.81678784
0.87428284
0.7266312
0.905237
0.591407
0.83128023
0.8430404
0.9663378
0.83659244
0.86095166
0.9548281
0.9273321
0.9198092
0.8915371
0.8752977
0.92391753
0.8221707
0.8223583
0.8631917
0.7875756
0.9216652
0.8098565
0.74739575
0.8148764
0.7484428
0.8566697
0.8614158
0.90796894
0.92610586
0.7008103
0.85711557
0.6452008
0.77795523
0.9337241
0.66175824
0.57192284
0.7420686
0.90965945
0.9635312
0.82485366
0.8179776
0.91226155
0.9516677
0.8794692
0.6797893
0.7945292
0.75958943
0.79337597
0.81668663
0.90746427
0.8329829
0.85252523
0.9166807
0.93076617
0.9021965
0.78521144
0.9078951
0.93971694
0.8650197
0.7741396
0.87516654
0.9419956
0.9557304
0.66060513
0.7390419
0.8299912
0.7758475
0.92449844
0.93464965
0.7248293
0.57666177
0.83088624
0.86699
0.73579
0.9001933
0.9372817
0.9720697
0.77971315
0.7939732
0.83365697
0.81340814
0.9048086
0.9326987
0.7630852
0.82515514
0.826846
0.93688416
0.85240567
0.9023297
0.7677114
0.92878205
0.87144035
0.9361274
0.8398634
0.9335222
0.7811746
0.950295
0.83923995
0.8594966
0.9390013
0.81718606
0.874208
0.9239161
0.8795852
0.83159983
0.8391663
0.6832961
0.66083676
0.8901226
0.6883
0.8848528
0.8007538
0.9327705
0.8376532
0.8527724
0.89091253
0.844369
0.91575223
0.77138066
0.90960175
0.89000034
0.8241429
0.838071
0.75671244
0.94645447
0.74256784
0.9459784
0.86151195
0.9007468
0.93718743
0.8943771
0.8883174
0.97006184
0.54797435
0.5981032
0.72496927
0.90187025
0.8481968
0.775157
0.87021124
0.8074168
0.80474836
0.9178412
0.8657684
0.7810744
0.8289372
0.73302424
0.9103205
0.8486351
0.9368639
0.7074501
0.7561264
0.88108206
0.934661
0.71299183
0.8116923
0.923478
0.7853557
0.8095357
0.8901092
0.8924697
0.5217493
0.80188864
0.67342126
0.34085128
0.87008977
0.4712416
0.9600603
0.8913423
0.93300503
0.6210131
0.87526137
0.922228
0.93506634
0.9071786
0.9327955
0.8409811
0.8234497
0.64868957
0.9614637
0.9514461
0.81889176
0.7589946
0.97062385
0.8819554
0.91317856
0.63792944
0.8722406
0.9260423
0.8753216
0.9202341
0.723781
0.9666158
0.90082437
0.84475183
0.8104609
0.52771014
0.7808938
0.55328596
0.94544786
0.7123549
0.847
0.8778529
0.9063556
0.9179197
0.9296261
0.9208747
0.9513583
0.8087717
0.9093499
0.9069719
0.8865324
0.97328776
0.5961264
0.88330925
0.7846735
0.68361235
0.93843484
0.9364548
0.9266797
0.94858146
0.88250613
0.91859484
0.6545727
0.89828527
0.86305636
0.95005447
0.9693897
0.9158651
0.8721125
0.9340721
0.9091629
0.7747988
0.9530615
0.8290076
0.86705637
0.88717294
0.9498239
0.9318048
0.872981
0.7285682
0.85572517
0.9014707
0.8291406
0.93142164
0.8139918
0.85803473
0.7623869
0.7025339
0.8144969
0.7659692
0.93012327
0.49203306
0.9052628
0.756508
0.74756765
0.9706776
0.5976157
0.5938365
0.95503914
0.90402347
0.8928461
0.7856907
0.8111497
0.82438177
0.95612335
0.808983
0.89639056
0.91758
0.7030756
0.9331649
0.912974
0.7996515
0.7384057
0.7236222
0.8616793
0.93809414
0.8982759
0.8706299
0.6818104
0.6341265
0.6705514
0.8141189
0.85518575
0.9001889
0.8800585
0.62753683
0.77312255
0.8223631
0.81123847
0.9403876
0.92813057
0.7703431
0.9470215
0.93509096
0.9755333
0.861782
0.9453332
0.8290934
0.7165032
0.77903974
0.8700208
0.9515698
0.80556095
0.9682798
0.8566297
0.7002858
0.670602
0.8307311
0.89637536
0.94653404
0.6894994
0.9086685
0.6880421
0.81796086
0.74814844
0.6661457
0.8304375
0.7801465
0.85758185
0.7627706
0.8823897
0.73724455
0.69369817
0.85544515
0.9150094
0.7734194
0.879968
0.6351681
0.6984662
0.9667787
0.7756501
0.9178069
0.8544507
0.55980617
0.44397184
0.9770832
0.8864702
0.8031831
0.7163921
0.94905335
0.94021475
0.8033022
0.8269072
0.8527609
0.83863616
0.7616401
0.9302156
0.8877629
0.94667876
0.90410715
0.92065847
0.8719382
0.8486878
0.66715187
0.719963
0.91322654
0.9306048
0.897266
0.853766
0.9022219
0.8239253
0.5971593
0.8556696
0.62208575
0.87404454
0.6114922
0.8227918
0.9480412
0.9257363
0.96710837
0.7926896
0.6883453
0.92034256
0.86813724
0.8352433
0.5027526
0.9563465
0.6401895
0.9533535
0.9475345
0.7602241
0.82474434
0.79786426
0.88714266
0.717409
0.962602
0.8661973
0.943295
0.9644298
0.8841023
0.9359084
0.8898951
0.76889503
0.80886924
0.9636837
0.7479668
0.7682133
0.87565935
0.94061565
0.9437643
0.90078926
0.5207425
0.9534193
0.7348405
0.9737419
0.62061477
0.82559305
0.82861567
0.92078763
0.564482
0.7477535
0.94019425
0.84194744
0.86917233
0.6869372
0.9786631
0.79728144
0.6811607
0.9275364
0.70777416
0.9208205
0.93281937
0.9590663
0.8482106
0.90186125
0.5897882
0.7947501
0.90014166
0.7451253
0.9216143
0.93439686
0.79645485
0.8955196
0.9785344
0.84391356
0.8608407
0.9671484
0.8817072
0.86056495
0.78893274
0.87907344
0.76841974
0.8221899
0.88304496
0.85555905
0.69623053
0.8866683
0.82775384
0.7586707
0.85871124
0.44545466
0.885559
0.7755837
0.84227026
0.8336855
0.78625023
0.9099368
0.90786576
0.9081775
0.88422036
0.90867436
0.8416753
0.86793244
0.7722391
0.8700236
0.91622376
0.94059086
0.8976277
0.82378304
0.88726115
0.7859301
0.86018515
0.8405566
0.7327838
0.83563185
0.7732728
0.71428573
0.94487506
0.85825366
0.7642267
0.9773876
0.86703515
0.7922665
0.89608717
0.8005218
0.90129864
0.870457
0.87014896
0.7816487
0.61481
0.8841395
0.955099
0.5176697
0.9434876
0.66092664
0.9816176
0.9333408
0.7302716
0.936877
0.82453525
0.9386825
0.9089609
0.9013346
0.76660943
0.9401634
0.94205844
0.66151005
0.925873
0.8161728
0.8983849
0.61535376
0.89666307
0.81979597
0.76268435
0.927275
0.91354454
0.78177094
0.91107273
0.9409071
0.8455814
0.8456354
0.8138327
0.7813134
0.74483013
0.82870156
0.89573795
0.8485075
0.793135
0.809083
0.7378063
0.75298595
0.61090505
0.8342798
0.7909906
0.9614827
0.8302209
0.8450009
0.7303287
0.69208664
0.84484917
0.8327832
0.5554214
0.46622604
0.8266755
0.7082324
0.4301817
0.8150311
0.82686305
0.76267207
0.6837992
0.68973553
0.5930885
0.6640733
0.910692
0.82557636
0.8354583
0.8313601
0.8855932
0.81860334
0.71849364
0.85601825
0.71618456
0.9492147
0.63750917
0.75254107
0.7155935
0.86913574
0.7758692
0.9006028
0.7848528
0.8288456
0.9110742
0.885222
0.7238216
0.730318
0.910532
0.54841566
0.80091923
0.8894768
0.8249902
0.9322883
0.8434793
0.81309247
0.82642144
0.9434134
0.76129544
0.8171768
0.8483465
0.86126447
0.9089459
0.8169102
0.93223715
0.72794753
0.8975139
0.89184606
0.92161334
0.88919365
0.8384724
0.8477562
0.7096387
0.80777913
0.83411765
0.896572
0.6880989
0.86552227
0.9505364
0.87386525
0.90193546
0.69083446
0.6391561
0.92612
0.71142906
0.89236355
0.926283
0.92410994
0.8267036
0.7993414
0.89716136
0.7723869
0.91597724
0.78672814
0.8047025
0.7703642
0.9708326
0.845492
0.96192336
0.9235718
0.66579807
0.68235743
0.6371021
0.85113734
0.8118213
0.9196527
0.9107529
0.96150947
0.95591336
0.89963984
0.762341
0.78428
0.78608406
0.8878878
0.74314374
0.93756735
0.45831132
0.81837523
0.89597213
0.8596041
0.8760897
0.70623624
0.72884125
0.9170912
0.8691134
0.866526
0.847759
0.69997376
0.64781344
0.7810159
0.521153
0.7111889
0.75054836
0.68082243
0.71899164
0.9040848
0.8219534
0.947587
0.88122135
0.9591766
0.9574331
0.79201734
0.75924474
0.77906317
0.46127415
0.92523235
0.79694873
0.93919
0.8900118
0.73678136
0.86740047
0.7722631
0.92246413
0.9222682
0.60322905
0.8434359
0.9725
0.8620772
0.6999581
0.8500835
0.71286964
0.8826965
0.95283353
0.8483978
0.7577812
0.9291018
0.92892104
0.84875804
0.83787006
0.8183782
0.67785627
0.7917254
0.7531606
0.92512226
0.7544943
0.80059046
0.70826244
0.83411646
0.940707
0.8225309
0.89974904
0.7865766
0.8522068
0.898497
0.70477104
0.901996
0.9555979
0.89184016
0.9179802
0.8706262
0.8352349
0.937215
0.7899502
0.91699195
0.8115995
0.8513321
0.6861118
0.8467537
0.7513524
0.83602554
0.63787496
0.9065825
0.8994924
0.9184576
0.68380404
0.80363476
0.7793627
0.82551146
0.8343612
0.8201059
0.844076
0.87577516
0.7191777
0.8099775
0.8346794
0.76887536
0.9281753
0.5572749
0.8161904
0.8419561
0.7731922
0.7624247
0.8783682
0.8233264
0.84673506
0.87706435
0.9563684
0.8136837
0.88314945
0.56859636
0.7657043
0.8673567
0.9764379
0.6725262
0.8109242
0.7306524
0.7941202
0.88630205
0.8793972
0.82792044
0.72657883
0.806193
0.8184487
0.8997233
0.8831985
0.9117949
0.88162434
0.8883115
0.8205059
0.921422
0.93747467
0.86660504
0.93102425
0.7143984
0.80699784
0.910396
0.7836482
0.73242795
0.9802727
0.7786685
0.8880765
0.7859196
0.90350574
0.9383169
0.9525113
0.9157705
0.73063487
0.8337691
0.8156662
0.9035239
0.83262825
0.9591594
0.748005
0.73840606
0.7835806
0.8872688
0.8344235
0.8642928
0.80827576
0.8503117
0.7776679
0.9404734
0.6868108
0.9147443
0.64348394
0.93003774
0.81146026
0.93762827
0.5353273
0.67664844
0.8562801
0.76685274
0.82798916
0.68144834
0.90544784
0.88973194
0.9089763
0.84448916
0.82432926
0.81137156
0.73133636
0.8951973
0.86597663
0.5837529
0.8865697
0.9026742
0.9132975
0.6280641
0.9653949
0.7729173
0.69381356
0.9377668
0.93108547
0.8766412
0.85925525
0.8408557
0.5597528
0.7917128
0.8953583
0.9306513
0.91409314
0.85995406
0.81883967
0.865336
0.9144403
0.70307624
0.8602091
0.7325406
0.96563077
0.8331997
0.92940325
0.84445757
0.8826622
0.8911711
0.92514014
0.9085996
0.90056443
0.8479168
0.40171093
0.92449
0.85781676
0.82033616
0.6545752
0.72346264
0.4963948
0.9067242
0.709715
0.7865478
0.8113769
0.9078555
0.8873038
0.89053065
0.78893584
0.77064025
0.80477875
0.96807724
0.6603152
0.794923
0.6937835
0.79239786
0.7073633
0.8166629
0.8146856
0.92423874
0.7572309
0.8701814
0.61053777
0.94721633
0.68340755
0.8152946
0.75885344
0.8653796
0.8114646
0.7561521
0.85513216
0.6198162
0.8088083
0.9395983
0.9786488
0.8476865
0.8662948
0.8489182
0.8675088
0.7719823
0.772575
0.8632058
0.9120071
0.7787059
0.8441713
0.87981814
0.6504605
0.8835075
0.8488925
0.8608921
0.8276508
0.9085039
0.9108787
0.88257116
0.8711317
0.8945327
0.9403235
0.79784936
0.76489383
0.8614354
0.91268915
0.9712099
0.58527344
0.70793617
0.83160585
0.8068097
0.94792384
0.7174884
0.81885034
0.9175035
0.925258
0.7432137
0.78322595
0.8264402
0.6402823
0.7093371
0.8699312
0.87799376
0.7346602
0.71932393
0.9301073
0.8650984
0.8396691
0.8609426
0.93515277
0.97842443
0.85401607
0.6332954
0.85990703
0.7346704
0.87954545
0.7275865
0.76203567
0.8490958
0.7017365
0.80917484
0.9382764
0.8501266
0.91192645
0.809634
0.74288625
0.8114921
0.80065686
0.9191113
0.8650273
0.83297026
0.8643395
0.8809887
0.8725029
0.6500219
0.9279996
0.9329306
0.82914644
0.7262645
0.8677014
0.72924787
0.68777573
0.8214337
0.84795594
0.89872515
0.84738445
0.8566237
0.773403
0.63963586
0.86571944
0.77443093
0.84587693
0.87947613
0.9190313
0.8460893
0.8979573
0.8082783
0.8636019
0.5906971
0.7938709
0.69437593
0.83256423
0.8291965
0.61529726
0.7129497
0.6777077
0.9220688
0.62090254
0.90145105
0.8201088
0.72958976
0.7945045
0.85311615
0.6023836
0.920793
0.9081924
0.9176993
0.85516757
0.8030918
0.84714746
0.56473243
0.9803835
0.92566496
0.6465691
0.78687775
0.68602705
0.760996
0.903605
0.77007246
0.7589439
0.94331545
0.9287907
0.6900209
0.734033
0.7205996
0.9446763
0.89965105
0.90092504
0.63275075
0.8204241
0.80813473
0.9444445
0.9285621
0.7378047
0.8566323
0.94121605
0.8727417
0.959466
0.9057532
0.86041677
0.86011934
0.9200232
0.790163
0.9529343
0.91943806
0.8797801
0.7506987
0.67378324
0.92885494
0.9237462
0.8581105
0.77143097
0.77216935
0.9019855
0.85769856
0.9535822
0.92140687
0.8998129
0.7157991
0.7780862
0.81966406
0.42350972
0.9269783
0.88822865
0.8188848
0.9553214
0.93724203
0.96892357
0.91860986
0.983172
0.9270344
0.92739874
0.8547277
0.7506505
0.9098971
0.6425725
0.86278844
0.8907701
0.75011873
0.82891625
0.88412225
0.9248061
0.62375075
0.8441388
0.87692887
0.7974657
0.8799177
0.87245214
0.9114962
0.7120236
0.8448653
0.8379841
0.8494989
0.84576786
0.8857648
0.85907185
0.838691
0.9066385
0.62778103
0.90106714
0.81724614
0.8440433
0.8379251
0.92168814
0.74906623
0.8996298
0.8498973
0.8957509
0.8921821
0.6103029
0.8449111
0.8207259
0.9503788
0.7583308
0.69698405
0.8812958
0.90825504
0.92477435
0.8727897
0.8414037
0.85383564
0.6501658
0.9235296
0.6915062
0.8888157
0.8951938
0.6118288
0.75742626
0.91368276
0.37145057
0.8690459
0.7697516
0.8238249
0.8534706
0.7331147
0.8410889
0.9194482
0.6435381
0.8237617
0.8514315
0.88485783
0.78447914
0.87373334
0.8223231
0.8873606
0.9672746
0.95950496
0.8970884
0.906595
0.845225
0.8932235
0.931442
0.8531523
0.78371894
0.89771855
0.6037249
0.8655339
0.79136616
0.8932912
0.89230067
0.896459
0.9718964
0.8215252
0.77769834
0.84803057
0.75256586
0.8148075
0.953338
0.6193346
0.84963286
0.8785476
0.8368478
0.88874876
0.85615015
0.6841562
0.8700625
0.94497585
0.9563345
0.8692501
0.5441986
0.8799552
0.6881674
0.9133081
0.7865771
0.95277596
0.9485399
0.97147405
0.9243812
0.92884463
0.75456417
0.6618829
0.6661259
0.9240253
0.92201203
0.8515265
0.721467
0.9210429
0.6015413
0.67360485
0.89832467
0.87538403
0.9830865
0.5192614
0.71720374
0.8436225
0.76410306
0.8942876
0.8308512
0.9485475
0.7953708
0.7979319
0.8557185
0.9346503
0.9163271
0.7354401
0.9195399
0.8874489
0.8970611
0.8497655
0.81781864
0.8770511
0.8485948
0.8676816
0.8533726
0.8486367
0.86316276
0.8949107
0.94993496
0.80443645
0.6590036
0.8093529
0.8285804
0.6093592
0.5861556
0.9246004
0.8218999
0.7466209
0.9637332
0.8788317
0.8625578
0.8414057
0.71037537
0.6114253
0.8938221
0.8614398
0.6583705
0.8656722
0.8381863
0.84206325
0.6363322
0.9181577
0.8544613
0.70071477
0.8326997
0.93360054
0.54862577
0.90244305
0.70084864
0.5785742
0.74998623
0.87838376
0.86193717
0.8752484
0.8192592
0.69048846
0.7816303
0.8672066
0.8163344
0.94953555
0.9144081
0.84689915
0.743229
0.9298884
0.7402976
0.7115072
0.9776564
0.7296713
0.72816145
0.8804542
0.6382093
0.93756735
0.9113314
0.84619343
0.8140851
0.7952962
0.97269535
0.9445528
0.7943716
0.75559175
0.7214413
0.9232521
0.90061057
0.877242
0.862765
0.5174849
0.83058596
0.8818868
0.9563482
0.8518092
0.80236256
0.93794644
0.85727316
0.76930934
0.7126577
0.92118347
0.89962924
0.91455144
0.9611392
0.84772134
0.9133269
0.770612
0.8873912
0.90349483
0.9267819
0.8169576
0.8041488
0.69199693
0.84358644
0.85530955
0.4953497
0.85265315
0.9153201
0.9118509
0.90686613
0.9201601
0.8032162
0.9668991
0.8069105
0.81063795
0.6856971
0.8668066
0.74451876
0.85856885
0.8925772
0.6600774
0.9088294
0.77048606
0.93079925
0.87602794
0.92685616
0.8608178
0.87962925
0.84564173
0.74586785
0.952756
0.85850364
0.9353874
0.87607265
0.7920212
0.8097571
0.8215136
0.95937324
0.8050145
0.9165013
0.82026654
0.721102
0.9376794
0.92186284
0.8808831
0.87314445
0.7435166
0.7090283
0.88195765
0.8593204
0.95726657
0.8732344
0.962713
0.9519146
0.95954114
0.9148785
0.906831
0.7540592
0.8147381
0.8919784
0.89023185
0.92931914
0.9230874
0.8983122
0.92999864
0.94515526
0.74206305
0.7744013
0.7641988
0.86920017
0.76732177
0.7668
0.87717795
0.9780848
0.83214986
0.6569265
0.6763705
0.9647547
0.5721935
0.9545932
0.90870845
0.5946203
0.810832
0.79907167
0.82889485
0.80593044
0.9418794
0.7027339
0.9394513
0.8697071
0.74582964
0.6303621
0.79774344
0.8249947
0.82453644
0.63219607
0.8097196
0.96767545
0.8049431
0.81775564
0.8901471
0.8275536
0.7707996
0.8424632
0.71291184
0.74161124
0.90713906
0.78499377
0.8000673
0.87541914
0.8965102
0.8086591
0.7138954
0.83474916
0.9114582
0.89197433
0.807366
0.95268416
0.9099174
0.88734025
0.8612486
0.8669234
0.89830345
0.79463434
0.8402164
0.6015922
0.8685972
0.48365277
0.6382952
0.7549764
0.86735976
0.9779611
0.9375911
0.922912
0.844283
0.86063
0.9045594
0.79771787
0.78613615
0.8262
0.8407867
0.82875466
0.85870725
0.8820119
0.47187775
0.8048301
0.90320593
0.88964486
0.9202719
0.70873886
0.8345184
0.7917314
0.77417123
0.6192288
0.8559815
0.78535384
0.92755127
0.9025885
0.9498123
0.9007287
0.88378847
0.9132777
0.67306924
0.80704254
0.76933837
0.8834662
0.8107518
0.88926953
0.9244407
0.85505855
0.85613334
0.5672935
0.783073
0.75664556
0.77583516
0.8821563
0.89766717
0.83235765
0.8547048
0.89738494
0.9292579
0.8380588
0.9301263
0.9591859
0.6452025
0.77881217
0.49531054
0.88203543
0.7360803
0.6285665
0.8445945
0.8951347
0.8354605
0.8716923
0.9268313
0.79879165
0.8523545
0.9191294
0.8947554
0.6995466
0.6373228
0.94083637
0.8955782
0.9175727
0.87154084
0.712135
0.8940793
0.9407573
0.9106164
0.907012
0.8876431
0.7970791
0.85754347
0.92149097
0.90665203
0.92789876
0.61468434
0.94534355
0.9107137
0.8393805
0.7403791
0.6798651
0.80483073
0.80722094
0.90141165
0.9528337
0.84679174
0.8119
0.9176426
0.78458524
0.8337376
0.6222308
0.7111782
0.784122
0.84796035
0.8673043
0.87585354
0.84017146
0.92685187
0.6867814
0.8878639
0.9772227
0.74253374
0.8461567
0.7441486
0.67910266
0.8576095
0.8822894
0.91055614
0.8512185
0.8752087
0.89526856
0.6752598
0.90982974
0.81351507
0.7083949
0.78617156
0.9155214
0.8004192
0.9157044
0.70744324
0.9713619
0.930591
0.7320362
0.7244984
0.9731793
0.8060978
0.86334
0.87034297
0.6842073
0.90923965
0.7399399
0.8387952
0.8663793
0.8755019
0.8681238
0.9655951
0.83894527
0.95280397
0.7319758
0.70472157
0.7072725
0.79212284
0.9111863
0.8939196
0.65389
0.55432904
0.9446337
0.6895856
0.8170763
0.9485432
0.8867434
0.81766593
0.9465452
0.8529675
0.7743165
0.803827
0.64878505
0.8715664
0.9422363
0.84586155
0.9677974
0.9503878
0.9212258
0.8206264
0.9468783
0.6902423
0.9236721
0.8682613
0.88835067
0.8791271
0.9303851
0.8927436
0.8503667
0.7082901
0.92094207
0.9254777
0.95149857
0.80779344
0.64117754
0.88075376
0.95206183
0.8776312
0.77828646
0.9275693
0.8710028
0.81517184
0.91041243
0.7902362
0.71614206
0.971715
0.8530125
0.85870713
0.67762417
0.6535272
0.84893066
0.65558654
0.9621419
0.753948
0.76141375
0.8198012
0.83386123
0.9662345
0.88627476
0.9414455
0.94352674
0.91424465
0.80478895
0.8808312
0.8881059
0.80067164
0.93890816
0.92279416
0.84161144
0.83344674
0.75635105
0.5892422
0.71979845
0.7924222
0.8981989
0.912144
0.8371439
0.7988733
0.8366263
0.66066015
0.8331585
0.8867447
0.9284775
0.856984
0.55262303
0.8831971
0.96789926
0.94458723
0.8670455
0.88966715
0.8474575
0.80910736
0.8415765
0.9433348
0.9499318
0.9231116
0.91471183
0.88106805
0.8891628
0.79228723
0.8645869
0.928995
0.74904066
0.96404386
0.7920525
0.91079783
0.89418775
0.95167565
0.7634598
0.89797634
0.8846203
0.80843234
0.9421982
0.80279565
0.9320501
0.9871642
0.87432975
0.8826426
0.82324046
0.90248185
0.88136077
0.9145229
0.9143043
0.83752704
0.9418661
0.95908505
0.908447
0.8790978
0.83820885
0.74874437
0.94516194
0.86380017
0.70473856
0.93494385
0.8576881
0.9074644
0.966352
0.7431294
0.90068537
0.9105849
0.6779646
0.8052264
0.95408624
0.8375308
0.74857587
0.8904364
0.97093445
0.88802266
0.8101152
0.90715975
0.65680873
0.91843516
0.8298149
0.93090653
0.89583087
0.9510459
0.8566508
0.9625286
0.6951936
0.81880975
0.8649492
0.87326646
0.9154406
0.77496123
0.87524104
0.78993624
0.7647704
0.7514066
0.5090972
0.67875177
0.9141183
0.86711854
0.7244818
0.86399746
0.8503291
0.85481024
0.96499777
0.8927438
0.94373333
0.9434993
0.77594525
0.8984078
0.9626728
0.9044144
0.6916391
0.7381796
0.62617415
0.7736754
0.79922175
0.6598014
0.691157
0.9179473
0.91056514
0.9506466
0.82480496
0.9588924
0.84304506
0.78259933
0.83813417
0.81597877
0.9522213
0.8349972
0.8536732
0.7123029
0.8950892
0.80655384
0.65054566
0.83270544
0.7532299
0.9290825
0.9151556
0.6024458
0.8924004
0.9003418
0.3376697
0.9041261
0.7527192
0.90291065
0.8429331
0.7706624
0.9023497
0.7886725
0.921521
0.939473
0.7500051
0.8623592
0.93932676
0.8665803
0.95362204
0.9263341
0.9157101
0.88697517
0.92849165
0.7712935
0.84870416
0.8925029
0.93154657
0.8262855
0.9289988
0.8315549
0.8884518
0.92732465
0.69660646
0.93631613
0.4724739
0.8647137
0.8018252
0.7072221
0.9252811
0.93250144
0.79062504
0.8495322
0.6797237
0.8393819
0.7167044
0.95003533
0.95802534
0.68100464
0.7818575
0.8811936
0.7964454
0.8910671
0.86928266
0.88924825
0.83806455
0.8297063
0.9712593
0.8820889
0.8862161
0.87741405
0.79808974
0.7351413
0.8778204
0.8134913
0.9024401
0.8433194
0.7797928
0.8910655
0.8721161
0.91359794
0.7720477
0.737654
0.9514712
0.77383494
0.82459563
0.6700562
0.7469094
0.7648885
0.85815483
0.9113227
0.60527015
0.8311451
0.8434354
0.78319496
0.9522354
0.92048955
0.846525
0.76790154
0.80650824
0.6568942
0.8356542
0.9045984
0.7875404
0.88343966
0.8061077
0.90421987
0.76834446
0.9150351
0.86968446
0.664866
0.88936585
0.9263055
0.77366537
0.82983184
0.72195786
0.9343479
0.8616879
0.92747194
0.91854274
0.85923785
0.93848646
0.8976431
0.934928
0.93680876
0.882668
0.8525292
0.7460787
0.81253123
0.90395224
0.95184475
0.93262285
0.9305355
0.8797189
0.9319786
0.7586188
0.9440272
0.9007762
0.93824804
0.84668213
0.84248954
0.92738855
0.7585423
0.9579046
0.9489503
0.91404897
0.90641016
0.71289474
0.7960341
0.97593683
0.8758621
0.8798513
0.7706019
0.84107333
0.8074686
0.8676823
0.9228272
0.78932154
0.90445465
0.8255232
0.90450996
0.7322474
0.90667456
0.78690356
0.7754019
0.9285074
0.9199587
0.7353629
0.6543974
0.84272474
0.7771695
0.89417
0.69937086
0.81259716
0.9402771
0.7489192
0.8638137
0.9219129
0.82014525
0.81050473
0.8083279
0.60797477
0.89103097
0.8263239
0.7350536
0.94214237
0.7624655
0.90451807
0.9775893
0.91686875
0.94188595
0.9734746
0.86030495
0.93254924
0.8334535
0.9535135
0.91405904
0.78125226
0.8294412
0.76062155
0.85441434
0.75485367
0.9308521
0.90218717
0.70739526
0.9348377
0.75385374
0.8819605
0.9609867
0.75823176
0.89959
0.73496985
0.82119215
0.9017892
0.74279886
0.96952903
0.8722951
0.7971896
0.9023715
0.7395539
0.9460167
0.6950003
0.8197806
0.66597605
0.9340914
0.9327177
0.82802606
0.95387375
0.77595395
0.9383797
0.74142504
0.70921564
0.75657403
0.9481888
0.8499237
0.84214795
0.76276165
0.97993785
0.7063182
0.56909883
0.7229614
0.7094125
0.79142934
0.7733553
0.61391795
0.68339914
0.93421495
0.8882863
0.76788694
0.8430144
0.8947011
0.83109176
0.7200886
0.32081032
0.84484017
0.9145992
0.77924585
0.8971793
0.8313754
0.6310064
0.69201964
0.87164074
0.73527735
0.8112837
0.92129964
0.7769634
0.9618224
0.8064736
0.8371616
0.89569
0.66982114
0.8540997
0.85586303
0.7980648
0.9154147
0.8036902
0.88149023
0.73575026
0.74739903
0.8568216
0.76035017
0.81839883
0.8107481
0.7273175
0.7008915
0.84225607
0.8012457
0.86653227
0.8421839
0.96771026
0.8945768
0.8592169
0.91798526
0.69629467
0.78839266
0.8470896
0.80377954
0.8800461
0.89461637
0.60353637
0.71307826
0.87736595
0.79908854
0.9003441
0.8354498
0.8295332
0.8739189
0.8695903
0.9331231
0.7892807
0.8681026
0.9664726
0.7455652
0.95846015
0.8826116
0.91186905
0.7603357
0.7788199
0.9440551
0.95531917
0.7770617
0.85963875
0.89672875
0.8787868
0.8943452
0.7690504
0.86241484
0.91948724
0.8056978
0.9175715
0.78630376
0.48165596
0.83118284
0.9178591
0.91323936
0.9509719
0.8556527
0.8036402
0.64218223
0.94975805
0.28602225
0.8779411
0.6920098
0.83556026
0.6826587
0.7522213
0.95083773
0.7376504
0.7136032
0.9333182
0.8444051
0.7654094
0.9263927
0.82848084
0.79923606
0.9339418
0.8905308
0.9207076
0.94781053
0.75668466
0.94164723
0.76640177
0.7369545
0.7672837
0.79416215
0.89859635
0.8786464
0.7223173
0.74599516
0.9689721
0.7240782
0.9263966
0.9009119
0.5050708
0.6147431
0.36359167
0.94040775
0.80331457
0.955192
0.7883192
0.9286028
0.9528017
0.8463812
0.7654479
0.8338726
0.3968169
0.83133936
0.72796774
0.8666463
0.9605293
0.7507908
0.9516529
0.8201012
0.8369447
0.6034409
0.85093343
0.8739187
0.89148843
0.82399887
0.9431805
0.8507737
0.60089386
0.75927484
0.9118584
0.87268955
0.9206897
0.79526126
0.8069723
0.9171416
0.6304804
0.70459455
0.9485896
0.84728926
0.9016549
0.9396368
0.9496337
0.75612795
0.8878164
0.908783
0.7188457
0.8323601
0.8616128
0.6892762
0.95647174
0.8278975
0.9044609
0.8940543
0.8920264
0.8873725
0.86996675
0.8946779
0.8362125
0.80287564
0.8594148
0.66163594
0.9513792
0.8513629
0.8206352
0.8918883
0.9491818
0.93062025
0.8736206
0.82575125
0.8245348
0.8706795
0.81523764
0.7575599
0.84401494
0.8689657
0.9709701
0.9116861
0.7994751
0.9451805
0.80715245
0.7098174
0.8501284
0.8302978
0.8057796
0.8324845
0.9177469
0.79441094
0.81829286
0.79744476
0.9047084
0.76061004
0.91329885
0.8321798
0.8642245
0.69859505
0.90273046
0.92205334
0.88215864
0.8471073
0.8011392
0.56765044
0.8301853
0.94293046
0.6106882
0.7701347
0.895679
0.72738516
0.8700807
0.9126252
0.9577803
0.9206904
0.912392
0.9178076
0.93709487
0.93441033
0.90858537
0.81290215
0.72934014
0.78021955
0.9695662
0.96848196
0.92978954
0.8376536
0.8705585
0.8855919
0.7530307
0.9005861
0.90378773
0.87212104
0.9446089
0.81227386
0.84614974
0.8481287
0.9459683
0.70397437
0.91775346
0.81099755
0.7576733
0.8495568
0.90494066
0.74314064
0.84477663
0.79041797
0.7863954
0.85589504
0.87016314
0.9423613
0.86256313
0.9660393
0.97136575
0.6546966
0.76202345
0.51438206
0.8138127
0.88373333
0.9650745
0.9069173
0.82866025
0.7286207
0.7733825
0.516359
0.81580544
0.923603
0.8630209
0.92567825
0.77181685
0.7388597
0.86256737
0.6603544
0.8487977
0.8998852
0.66101086
0.9652156
0.9519337
0.9417212
0.73418117
0.795068
0.908123
0.9052615
0.8859839
0.85880923
0.968316
0.9824574
0.957424
0.8608813
0.8729074
0.91382897
0.80191916
0.91431606
0.771636
0.7315378
0.9552486
0.7940434
0.93784744
0.9256048
0.8996516
0.6719698
0.72627664
0.8589186
0.910182
0.88974154
0.8523943
0.7885208
0.950315
0.8235527
0.90197176
0.8162815
0.7570654
0.73547673
0.8884735
0.9058802
0.657831
0.9631785
0.8949296
0.94919235
0.9210985
0.94370884
0.91696227
0.8954825
0.67612386
0.84836435
0.5866578
0.89351
0.68868804
0.98121846
0.8032317
0.6983276
0.9044419
0.9326373
0.4584276
0.7415321
0.81061584
0.9581871
0.84148437
0.90281177
0.8271842
0.9002497
0.8632948
0.8570541
0.76969707
0.7315386
0.8637889
0.96374285
0.9131419
0.8835087
0.9193077
0.90108055
0.95409167
0.8726486
0.87740546
0.75876534
0.90744597
0.7100444
0.8740338
0.7793667
0.880261
0.8506168
0.867971
0.73672956
0.82832
0.7631239
0.808543
0.8678661
0.81524086
0.76619357
0.8512911
0.94821495
0.9292103
0.8330414
0.50614077
0.8024619
0.8417568
0.89821523
0.64930135
0.63776153
0.8164322
0.8820621
0.8028054
0.8941467
0.87888014
0.7912925
0.43627837
0.86483645
0.6979
0.83986413
0.89117837
0.9641717
0.8914261
0.95217633
0.8061307
0.8606813
0.88212985
0.81585675
0.88013333
0.80785656
0.920251
0.87251616
0.9798287
0.91638935
0.95182264
0.917518
0.76093036
0.79881024
0.9558969
0.87368906
0.92224014
0.62907726
0.83309346
0.83506
0.81164324
0.67446566
0.954957
0.6379407
0.9018838
0.88852704
0.93615925
0.8540103
0.7160589
0.77606106
0.7969451
0.80748045
0.89537495
0.9372917
0.57809013
0.6739668
0.8733131
0.7779664
0.5924461
0.78576875
0.92828405
0.88303596
0.87986815
0.86514395
0.67557263
0.7521491
0.81055516
0.85487086
0.7870262
0.9278492
0.87847745
0.73628527
0.74458855
0.5998447
0.9492563
0.79711854
0.6317528
0.79657346
0.81356454
0.9664153
0.7735123
0.8033719
0.6010467
0.7734067
0.9283983
0.9164532
0.9188565
0.93305165
0.89108664
0.8293131
0.7549634
0.7954177
0.7797256
0.93324345
0.89218485
0.8013435
0.42156154
0.7951262
0.92122525
0.88892007
0.9108237
0.93266785
0.891991
0.83807105
0.7377613
0.9325219
0.9337817
0.9219926
0.660409
0.89845395
0.8982041
0.8551741
0.94308233
0.861578
0.7889413
0.9360727
0.78430074
0.9012519
0.93072623
0.91715693
0.78456354
0.68047893
0.94119513
0.9327225
0.90005386
0.95749307
0.8624784
0.8579454
0.8338497
0.7903179
0.47101524
0.81368214
0.91332984
0.8308912
0.78878313
0.93753767
0.76410455
0.6957898
0.81524044
0.6425777
0.926529
0.90418184
0.94405943
0.88605285
0.7885208
0.93544513
0.7011311
0.7300435
0.929923
0.92715985
0.9472922
0.7833026
0.74494356
0.95581234
0.92010146
0.74552226
0.9337701
0.6923197
0.7294028
0.7982059
0.9277707
0.9127368
0.881832
0.5438314
0.6975442
0.8474916
0.88069105
0.8785282
0.84100825
0.9085092
0.9139166
0.66030025
0.9290421
0.8490667
0.8726466
0.9178704
0.74509877
0.82849705
0.84172666
0.8148863
0.8926667
0.8472763
0.77387744
0.9309775
0.8730145
0.79343104
0.9316752
0.9473026
0.83019817
0.7546428
0.8339119
0.8072679
0.9132996
0.8582196
0.8082602
0.7589734
0.91086984
0.8153398
0.87633634
0.82296187
0.6242756
0.8300765
0.75464237
0.5192894
0.62531084
0.95185673
0.92689705
0.77934676
0.91864043
0.89852357
0.79139334
0.88892347
0.89485395
0.9289612
0.7754138
0.73043066
0.8763834
0.89567256
0.9506974
0.971916
0.72146976
0.78892225
0.8746555
0.95235586
0.68468815
0.8738451
0.9457293
0.8720827
0.9257191
0.90281117
0.9030638
0.83189523
0.8978353
0.80673677
0.9432574
0.84045404
0.68132925
0.97330654
0.86195815
0.78774554
0.7997968
0.95555454
0.80589116
0.88114464
0.8643
0.9667915
0.8054181
0.92866874
0.8687959
0.9133938
0.62971914
0.9183586
0.84111035
0.8133184
0.8684014
0.7262081
0.964106
0.88455594
0.9597709
0.7632228
0.8008342
0.8839216
0.6905059
0.9839172
0.7977281
0.7150981
0.54608524
0.89358675
0.4581405
0.91507375
0.78017557
0.6311294
0.8153316
0.6934907
0.82246745
0.8773346
0.8569356
0.92773706
0.9490557
0.95956534
0.80556154
0.9026805
0.61058617
0.9091636
0.9247759
0.59115887
0.7372988
0.95541364
0.80986273
0.88306695
0.88699865
0.8712288
0.84161216
0.86383736
0.89329565
0.7621755
0.9007255
0.79689103
0.85532117
0.8584913
0.66824424
0.6458077
0.7556353
0.84784096
0.96767807
0.9375008
0.86351645
0.8212237
0.8759072
0.85537666
0.89593524
0.79033124
0.9645203
0.83548963
0.6833718
0.86029756
0.8224698
0.9092051
0.9686286
0.89226615
0.8256488
0.765033
0.64202577
0.8135636
0.9605324
0.7435034
0.6471955
0.9627683
0.71993214
0.89466405
0.9810709
0.6650659
0.8118342
0.92867315
0.8025282
0.87912583
0.83497036
0.72919476
0.7534762
0.9523908
0.7667319
0.8903491
0.7582677
0.80392694
0.8567406
0.91332626
0.81267315
0.6493806
0.7658328
0.900022
0.8971992
0.9300463
0.6522505
0.9070522
0.85370517
0.76679456
0.88660985
0.7090592
0.8171189
0.85763484
0.91630334
0.7690865
0.88209856
0.7214962
0.9488853
0.96296394
0.95882845
0.898268
0.81413317
0.87293434
0.604
0.736462
0.9476521
0.9151443
0.9397125
0.7965001
0.93360937
0.74472266
0.89576423
0.4864913
0.9086663
0.7818511
0.7208093
0.8169533
0.81218493
0.7725739
0.96014506
0.8659066
0.676124
0.9090158
0.7964384
0.8979116
0.8309034
0.957074
0.92646205
0.60297066
0.41868776
0.9420403
0.85743034
0.80310374
0.7825697
0.74428463
0.9293247
0.8523979
0.94698405
0.8294555
0.93346524
0.8281807
0.9403064
0.7907965
0.5975833
0.9356879
0.70720804
0.9577652
0.65272784
0.6142453
0.79202247
0.7928437
0.95262456
0.961342
0.85449463
0.8081111
0.8802502
0.51234794
0.8325284
0.7284488
0.77040535
0.8230751
0.9116262
0.80953443
0.9446847
0.970289
0.8775206
0.9205506
0.8613689
0.7903093
0.7745657
0.8316095
0.8746788
0.8997208
0.90940654
0.9298005
0.5530794
0.90556526
0.8142477
0.8935199
0.8401929
0.7681177
0.80292577
0.81216073
0.7942871
0.8546673
0.94413716
0.6842469
0.86665416
0.90622926
0.89925736
0.7553341
0.9414512
0.9110097
0.8248198
0.8897336
0.83638716
0.95767677
0.6504074
0.6866565
0.80671406
0.8005551
0.95248145
0.7935747
0.88923275
0.98814243
0.9236246
0.91538596
0.7752533
0.6115754
0.8061353
0.67624646
0.5374841
0.9025177
0.77948475
0.7475052
0.79971427
0.83982384
0.9288237
0.9383204
0.9468069
0.8620918
0.863089
0.8200696
0.7394848
0.80581045
0.70031476
0.7911798
0.66703933
0.81153226
0.94960535
0.7127797
0.98112947
0.8424703
0.944954
0.7802245
0.7960377
0.8716634
0.74877363
0.87908626
0.5898747
0.76924974
0.91991466
0.86699975
0.8424136
0.9645175
0.8304849
0.8614898
0.9438445
0.8670692
0.8144878
0.85931563
0.8963542
0.9731449
0.90946484
0.87272865
0.9182735
0.9200294
0.9697554
0.8641891
0.74279565
0.8470333
0.9862967
0.7365128
0.8934815
0.8385657
0.78445005
0.8743471
0.76586443
0.80920386
0.9539232
0.8564358
0.73836845
0.78272355
0.9204732
0.8902715
0.85355514
0.5929818
0.8819926
0.7700227
0.7989798
0.76943946
0.88259995
0.8313553
0.8666465
0.6947592
0.8501775
0.47526953
0.9366709
0.88911504
0.9018569
0.7315911
0.8932352
0.87500983
0.86520725
0.81734693
0.9722426
0.8360162
0.93310165
0.92023146
0.78938377
0.81775475
0.9483088
0.80319583
0.97146297
0.94176614
0.4561483
0.6334084
0.68304294
0.8981117
0.94340146
0.82460237
0.8625609
0.9129643
0.89393616
0.93826425
0.9254869
0.8075557
0.7632816
0.87673974
0.80703986
0.77073157
0.9491428
0.93353915
0.91601187
0.74032867
0.7591259
0.62389106
0.9683261
0.83048993
0.87097466
0.9654791
0.90861154
0.8483424
0.79996634
0.60560656
0.48933727
0.9263005
0.8954201
0.9200477
0.85282075
0.86719453
0.9494537
0.83834225
0.69366926
0.9340406
0.89567363
0.88681346
0.8174698
0.898132
0.7787789
0.7136339
0.7593364
0.9552448
0.94277555
0.9241322
0.70903563
0.9405646
0.96634686
0.7766867
0.7196724
0.9287577
0.6681309
0.9446943
0.80193126
0.82722926
0.7818423
0.8951321
0.830977
0.86238825
0.81043476
0.74768066
0.68879086
0.8130853
0.9558015
0.7253448
0.90635717
0.87933254
0.783284
0.94355583
0.8478267
0.78386164
0.86559385
0.7428862
0.93837714
0.8256136
0.86444
0.7440278
0.9416342
0.77938
0.61979526
0.75983083
0.59195006
0.9140395
0.9447963
0.85446453
0.858131
0.7996421
0.960251
0.8986563
0.97930235
0.80346286
0.9570139
0.8642762
0.9401465
0.87859535
0.950587
0.96346766
0.869127
0.83558
0.6114841
0.9386772
0.7795482
0.81995565
0.8975291
0.9368555
0.9481532
0.8279555
0.73724335
0.84177756
0.83507663
0.73002493
0.8964927
0.9209564
0.97755814
0.83329797
0.96087444
0.8770309
0.9469792
0.7064084
0.7770552
0.7117013
0.50432646
0.8580575
0.9272965
0.9294085
0.8329419
0.88888717
0.7643914
0.8867018
0.95662975
0.7407074
0.84179306
0.79265577
0.71578676
0.8858449
0.9373256
0.9083321
0.8685822
0.926882
0.7348178
0.7278847
0.8014203
0.83254784
0.9353088
0.7855383
0.9310952
0.7168487
0.88132066
0.850096
0.9078798
0.85176647
0.85809827
0.9206472
0.8543239
0.9084469
0.7627194
0.74757355
0.7536862
0.93921673
0.94234395
0.89619815
0.8683259
0.8455849
0.89171815
0.737267
0.91032
0.93567085
0.7296682
0.8826555
0.91864705
0.93549275
0.87612605
0.89279085
0.95290107
0.83915424
0.7972851
0.5191817
0.9204945
0.623427
0.7981733
0.7470505
0.6899127
0.88430923
0.79557693
0.9023464
0.9190637
0.72747856
0.93780607
0.79095256
0.65550804
0.774607
0.96558106
0.73928183
0.82231534
0.829838
0.86879724
0.7847125
0.78977233
0.7480779
0.862584
0.7396683
0.8175086
0.8875965
0.7057846
0.7124279
0.7736057
0.90707505
0.9532991
0.7169431
0.7906842
0.76775116
0.73521745
0.76347286
0.85195833
0.8699647
0.86031806
0.8286376
0.9294312
0.8285894
0.65153766
0.9333879
0.8469623
0.6920917
0.92417777
0.81443113
0.8128818
0.86239135
0.7691121
0.9675593
0.92862874
0.94509155
0.85574126
0.8790351
0.9423368
0.39355275
0.8212499
0.65005434
0.8354081
0.9258157
0.7393637
0.69715416
0.84611285
0.8925009
0.8942279
0.8103106
0.4510619
0.8766686
0.7762088
0.9017999
0.7584176
0.7188968
0.6702564
0.8810535
0.8801546
0.8530804
0.89234245
0.9237591
0.766114
0.90710133
0.84667706
0.9075362
0.8757368
0.91863096
0.589761
0.77808934
0.743143
0.81307846
0.8977604
0.9282079
0.7961345
0.961794
0.74443126
0.9510988
0.6671182
0.8145783
0.86601746
0.76104844
0.8772861
0.81394607
0.6134822
0.8072074
0.92585504
0.88710654
0.85438335
0.82620835
0.7298336
0.7173604
0.7541481
0.7193
0.77536887
0.8458264
0.92681545
0.95348394
0.88717866
0.8807346
0.9456809
0.9465596
0.88884956
0.9555823
0.8581056
0.85269946
0.9226297
0.71751773
0.5369549
0.84034663
0.8692215
0.76020557
0.73781973
0.7601853
0.8657923
0.83144236
0.8125756
0.97076935
0.8533296
0.9108171
0.91103274
0.80977833
0.9665284
0.63523996
0.7395831
0.8388533
0.8978733
0.6963837
0.5377102
0.94773567
0.8385691
0.80642724
0.9721541
0.8441027
0.914307
0.8702531
0.9303273
0.86720467
0.9011097
0.7874783
0.8739181
0.8462461
0.86494637
0.8841108
0.934312
0.9798703
0.97064483
0.6664805
0.88550687
0.9029314
0.874951
0.6074879
0.9066901
0.95867205
0.8255303
0.94091034
0.6780896
0.84819824
0.93340343
0.61569047
0.8860159
0.9284628
0.90422565
0.84030855
0.9162344
0.8072617
0.8068929
0.90593606
0.5993072
0.76097894
0.8916507
0.7342658
0.90817565
0.80486107
0.892444
0.92780876
0.8789408
0.94105613
0.7978155
0.90094995
0.9477666
0.7658033
0.43493423
0.7639637
0.8425713
0.8006661
0.9258459
0.77654535
0.89055467
0.8599126
0.9637471
0.7958816
0.9435551
0.785475
0.7308527
0.7433305
0.71927583
0.8629635
0.58483267
0.75774956
0.76882696
0.8489934
0.5572841
0.5951749
0.9279063
0.8344755
0.96637046
0.840497
0.80184567
0.862672
0.481031
0.6162242
0.8691526
0.86676306
0.91652703
0.86718005
0.8209244
0.7470668
0.7297698
0.7808329
0.83547395
0.6480831
0.9608525
0.9363405
0.71304244
0.8580123
0.8324462
0.66157615
0.8711774
0.93659544
0.7956805
0.9031421
0.89568114
0.80779123
0.7866537
0.7393242
0.8807131
0.9025378
0.8091463
0.9685431
0.6826704
0.67277247
0.91572714
0.9658942
0.66682315
0.9354075
0.8683366
0.6794095
0.97925353
0.8363934
0.77379274
0.7392913
0.98036677
0.8478128
0.93540794
0.90709674
0.81238234
0.8992437
0.80132496
0.70454526
0.6296956
0.83477426
0.7807851
0.8997275
0.90313596
0.8177579
0.87377775
0.9540955
0.9095478
0.88822234
0.9447626
0.7867033
0.80122626
0.8239597
0.84147406
0.9172013
0.8888128
0.93910646
0.91734594
0.8394954
0.5869483
0.6574326
0.8891515
0.8299226
0.89368856
0.8793628
0.85300094
0.8070786
0.8846712
0.6543282
0.91290474
0.9228368
0.75378543
0.9004381
0.9447386
0.9501729
0.61628926
0.7386644
0.7401679
0.74685085
0.7720149
0.8978785
0.6980245
0.7601479
0.66534245
0.9307983
0.80600953
0.93022895
0.8044889
0.88469994
0.90954113
0.8677133
0.91805816
0.7044695
0.90383947
0.9056824
0.9467858
0.8447502
0.8692328
0.78837645
0.75131536
0.8595557
0.9718351
0.71479
0.61400735
0.9051611
0.48281497
0.9455657
0.52468854
0.826029
0.76323396
0.73345804
0.8601186
0.88959545
0.6769438
0.88272166
0.87718195
0.8476541
0.7980812
0.93391186
0.8540516
0.8207215
0.72024846
0.9419213
0.82518184
0.8979113
0.6567438
0.9079241
0.8162373
0.9144801
0.7288245
0.7354764
0.8542573
0.75869596
0.8592297
0.85013384
0.8172251
0.70864654
0.69080186
0.9001848
0.9438723
0.9475667
0.9552409
0.9351208
0.8530893
0.7655804
0.9617873
0.85057634
0.7813179
0.9119951
0.65784377
0.9427077
0.7724856
0.93646955
0.75526035
0.89652926
0.57717305
0.9458261
0.49625134
0.9307808
0.78499645
0.9404414
0.7647751
0.9148826
0.60290736
0.8607885
0.944853
0.8977108
0.6200072
0.60851324
0.59261805
0.88559335
0.9250488
0.7672965
0.9172503
0.77294946
0.93890655
0.8657849
0.8017608
0.88599765
0.9581063
0.7509601
0.65957594
0.8624137
0.9476671
0.87536186
0.96389997
0.8452749
0.9853281
0.7615377
0.44070143
0.68382937
0.9534074
0.8397222
0.7037975
0.74545187
0.87557846
0.8865391
0.9386635
0.9199433
0.8475581
0.89458925
0.9108812
0.7579192
0.64904225
0.86651784
0.6819111
0.8877034
0.68887615
0.9336919
0.9082734
0.908173
0.84207964
0.9451773
0.9061248
0.6534837
0.91346645
0.7440946
0.8468121
0.69768655
0.78081006
0.6457549
0.5994241
0.9593394
0.9483048
0.8911692
0.8012362
0.9263058
0.8809738
0.97713435
0.8336556
0.93032545
0.9118632
0.8895422
0.6311647
0.83202016
0.9196561
0.9427003
0.8780686
0.9257492
0.91639614
0.85466313
0.45210645
0.9647372
0.94943494
0.8616702
0.9283964
0.38527817
0.9136627
0.92000914
0.6514275
0.7595391
0.7866657
0.8166259
0.742316
0.93348753
0.87683225
0.90257317
0.71930504
0.8941287
0.9605847
0.84218824
0.90574616
0.6456676
0.7957199
0.92838335
0.86787975
0.8082574
0.83592594
0.6572116
0.78558975
0.86716443
0.8305203
0.8299813
0.6484128
0.68482673
0.86605966
0.75122905
0.57142156
0.92324466
0.8771291
0.8234814
0.9359215
0.9214065
0.92632043
0.78537416
0.87819624
0.70063984
0.7661794
0.81948006
0.8290627
0.93459684
0.70216566
0.8568593
0.85418653
0.92329043
0.69638383
0.8663164
0.93608165
0.9294169
0.82034963
0.8620435
0.7535831
0.90937185
0.88829076
0.85448515
0.9513031
0.9215875
0.958357
0.88677585
0.9001406
0.7794387
0.8709804
0.89937955
0.96110344
0.7954259
0.9263834
0.8377314
0.95781887
0.96026695
0.7472578
0.79486454
0.91583717
0.8048245
0.7466334
0.7066702
0.82272685
0.68737525
0.528483
0.9369264
0.75606036
0.915914
0.63435245
0.9157005
0.65436023
0.76716983
0.9308792
0.86387616
0.8824433
0.7705599
0.74715495
0.86058664
0.63155943
0.90991265
0.96681774
0.8345164
0.84189016
0.8716403
0.9550771
0.84385794
0.9419386
0.8608954
0.9578963
0.8320212
0.8590421
0.8031539
0.75936836
0.9678985
0.9540355
0.92073274
0.931054
0.805603
0.94806427
0.90892386
0.9076434
0.9196228
0.65790164
0.9488174
0.67662406
0.8771103
0.84226304
0.91117096
0.9045663
0.6826794
0.9398897
0.8149815
0.7842031
0.8659489
0.96249735
0.8849203
0.90798277
0.9302423
0.9306903
0.781347
0.93355817
0.8924315
0.79642254
0.85346097
0.7420555
0.74498194
0.8460466
0.93473256
0.88035136
0.9165113
0.80849445
0.9480417
0.87058246
0.80831474
0.9569538
0.74972636
0.95408875
0.7974033
0.780911
0.71861094
0.79888666
0.9051583
0.9222614
0.91791165
0.91203904
0.7320478
0.68255234
0.86112165
0.92887336
0.93277407
0.8382788
0.92071974
0.8193303
0.943104
0.656967
0.9066099
0.7578752
0.8991326
0.90883124
0.8962809
0.8925914
0.8999605
0.84639645
0.94255626
0.6654476
0.7098851
0.9345908
0.8529865
0.7543999
0.91374034
0.8484149
0.71340895
0.85735077
0.7567275
0.9192774
0.9066581
0.86747533
0.6962136
0.78648496
0.8186581
0.91964585
0.8940751
0.71844834
0.95172936
0.85168856
0.78000706
0.80054283
0.93734926
0.6851382
0.8991307
0.8688887
0.74704236
0.88640314
0.7954129
0.688404
0.83669126
0.8196151
0.88130414
0.5517665
0.75701064
0.6394025
0.88795376
0.5726298
0.91977596
0.71125466
0.79904646
0.94005686
0.6836611
0.8705729
0.89802045
0.8865285
0.83267003
0.8192881
0.67015135
0.6365669
0.87370586
0.85465455
0.9256051
0.75465167
0.57004434
0.7407934
0.91369396
0.9843952
0.81551707
0.9668054
0.6555244
0.8408822
0.94927883
0.7809613
0.95768994
0.9569335
0.83501613
0.9035883
0.79387206
0.9075409
0.93338084
0.8485571
0.94945645
0.6623532
0.9592482
0.9670701
0.72826
0.85645026
0.9319924
0.9032027
0.9165411
0.9323201
0.94312173
0.9668623
0.93740535
0.6129888
0.83817804
0.6968801
0.83868444
0.95126617
0.90974313
0.93361336
0.87167037
0.84925026
0.7540574
0.83612657
0.9249723
0.9345901
0.86254877
0.85569096
0.8766747
0.92358583
0.943251
0.9032763
0.92587924
0.9034568
0.44149664
0.861889
0.86367166
0.73058426
0.737241
0.8196193
0.5681746
0.8192637
0.9535287
0.7860334
0.7057971
0.83224887
0.8906719
0.89224076
0.7092979
0.8853698
0.98071015
0.5878941
0.67224
0.55582935
0.88179904
0.82849973
0.81144476
0.8289
0.776386
0.6619456
0.9615629
0.8757018
0.9485408
0.8557733
0.7981637
0.8427589
0.89815897
0.6648328
0.7428991
0.88396937
0.86028564
0.6894653
0.93796957
0.9046271
0.77117336
0.92104113
0.7617419
0.9359283
0.92046964
0.81679183
0.9276823
0.9709681
0.7586554
0.7550504
0.8510918
0.7380124
0.73954964
0.700347
0.9215032
0.74256504
0.8906746
0.712139
0.8843383
0.88075656
0.9657222
0.79470736
0.8485993
0.6753101
0.8194905
0.9372407
0.6422702
0.69322264
0.91741127
0.72892135
0.9099444
0.7583896
0.8511509
0.90149015
0.71259934
0.9494373
0.8868977
0.8449695
0.76940334
0.8507243
0.7734433
0.72028124
0.7146885
0.88578
0.7641331
0.87736416
0.8428543
0.8130007
0.6992227
0.8438045
0.78486896
0.78780746
0.80205214
0.94428736
0.8659477
0.8913293
0.87100434
0.83715945
0.9323366
0.92464054
0.74366516
0.83274305
0.9030024
0.9046147
0.90827477
0.9133385
0.8554642
0.8468194
0.8797291
0.9399068
0.9295103
0.74310535
0.92384505
0.8474575
0.88850117
0.8899864
0.88921523
0.6732375
0.8795922
0.5748074
0.9459699
0.6639775
0.94690204
0.790704
0.7179411
0.9068668
0.8641465
0.82181406
0.90332127
0.9062855
0.8491291
0.8593667
0.856736
0.7550923
0.8947412
0.9305089
0.9600087
0.9420866
0.8782366
0.7828412
0.9058212
0.8823616
0.8685503
0.8541641
0.93188703
0.97187304
0.9508037
0.9327744
0.81843144
0.94556236
0.75782543
0.902491
0.8577946
0.89425206
0.873934
0.760283
0.7218934
0.9135838
0.9026464
0.7447728
0.9142258
0.84448063
0.8872937
0.8900994
0.71384215
0.73194265
0.9167453
0.8769808
0.7668831
0.93060446
0.7417448
0.8177446
0.86671865
0.8710508
0.94719696
0.91236323
0.764696
0.8648347
0.93241286
0.9383283
0.8894043
0.88488364
0.9144961
0.9007181
0.7912723
0.9167032
0.81631917
0.629476
0.78731406
0.90121824
0.7241503
0.93076646
0.9475618
0.89822423
0.88818836
0.8315066
0.89572823
0.9688541
0.8758925
0.86101073
0.7137867
0.74629
0.91910493
0.8454631
0.8124011
0.9415097
0.88365936
0.8847855
0.82907236
0.68380195
0.8881279
0.9025158
0.89708483
0.8602642
0.9557165
0.86913943
0.7270851
0.91126955
0.9348121
0.8084817
0.8205283
0.9254781
0.8349458
0.8764985
0.94442725
0.74771464
0.62245846
0.39840087
0.5191226
0.94176614
0.7984691
0.88287604
0.9172521
0.9675115
0.8748603
0.93154615
0.7811816
0.62069964
0.89710134
0.86222637
0.9368923
0.8745221
0.93731666
0.6771749
0.9336606
0.65103054
0.8662695
0.91449726
0.8390486
0.454224
0.82449216
0.9229966
0.77793866
0.98704225
0.89828897
0.777139
0.9296671
0.84657294
0.8778622
0.95024955
0.699154
0.81803095
0.78732264
0.81300396
0.7426899
0.9130554
0.88857394
0.9185339
0.9377335
0.8746141
0.9007642
0.6368311
0.9074969
0.6788998
0.89107573
0.900247
0.9206246
0.6271061
0.9646269
0.8014961
0.8525485
0.9207032
0.8131652
0.86617404
0.9323992
0.87104595
0.8881242
0.68569183
0.9683814
0.92617077
0.8222465
0.7064191
0.6645392
0.5939508
0.6003433
0.8724476
0.9227865
0.92628753
0.8953923
0.963549
0.685573
0.6584502
0.9169052
0.7607172
0.85826635
0.9220693
0.7020178
0.77109456
0.9286467
0.8356167
0.95203215
0.77842885
0.80555177
0.8843324
0.74055374
0.9008085
0.86211264
0.84315705
0.94296813
0.87279814
0.93335193
0.77877724
0.90086824
0.86031175
0.72761315
0.92079777
0.8027817
0.9474735
0.74660015
0.7920621
0.9109464
0.8507682
0.8548608
0.62645805
0.8859302
0.91196585
0.85843575
0.81909084
0.695744
0.95310414
0.80669135
0.85706556
0.8607631
0.9194443
0.7692767
0.88109404
0.9757017
0.9201736
0.72445357
0.6355388
0.89043844
0.96313363
0.86803424
0.8224048
0.86453027
0.9302026
0.8408238
0.9325835
0.92700183
0.7267326
0.76860213
0.7850194
0.74514574
0.95169353
0.8239797
0.6532941
0.5857981
0.7494384
0.881363
0.8840963
0.9298434
0.92742205
0.8717778
0.88558996
0.8668747
0.48761547
0.9194113
0.9766053
0.8463203
0.9238747
0.93654275
0.8712215
0.7245196
0.9333409
0.45940164
0.87035346
0.90111125
0.74502707
0.8969225
0.8952979
0.8679659
0.79971224
0.8959639
0.8452324
0.9215477
0.8542626
0.84868515
0.96868765
0.90672195
0.88379425
0.81201386
0.69967306
0.9208677
0.95366573
0.9225263
0.87520367
0.78020775
0.68881524
0.85992545
0.8721687
0.76804173
0.82258683
0.93257314
0.94599664
0.88060904
0.90210867
0.9389805
0.7391921
0.87187666
0.8983589
0.7833597
0.94975233
0.87924206
0.7800399
0.7574253
0.96242267
0.8552772
0.7730451
0.9529118
0.74902546
0.69532657
0.724566
0.8242568
0.9268745
0.9617716
0.8253766
0.8822476
0.8925087
0.93680775
0.9116684
0.8597731
0.9166514
0.758772
0.79529834
0.7991528
0.9264908
0.7173001
0.7423061
0.5326839
0.8269811
0.77946115
0.6545002
0.84087825
0.91459846
0.8621443
0.8064101
0.90570796
0.975875
0.8796029
0.273871
0.87743753
0.70453054
0.9277884
0.8300787
0.85563135
0.9248215
0.9749931
0.7648982
0.8830012
0.71003526
0.8549982
0.8879291
0.78713435
0.65804356
0.8376273
0.8453378
0.8620068
0.68824524
0.7628348
0.842003
0.9087119
0.8087341
0.8701128
0.92706823
0.9421851
0.9436196
0.7262709
0.86542976
0.92291766
0.9165025
0.8866462
0.90458894
0.8943485
0.914301
0.84278154
0.7745828
0.88755816
0.6915765
0.91984415
0.6444565
0.8175414
0.7050353
0.90562236
0.83406246
0.8481897
0.84318656
0.8819703
0.7759177
0.94134456
0.7320806
0.79818416
0.81933707
0.8733759
0.96974725
0.9121155
0.9376797
0.94194466
0.82412803
0.6735459
0.91245216
0.7278069
0.88952756
0.9003823
0.8399268
0.88088757
0.9092701
0.87363476
0.90813434
0.9155092
0.7518661
0.7715738
0.8608845
0.74181205
0.9217757
0.9475883
0.9524765
0.89540327
0.89493686
0.833053
0.76844233
0.8830061
0.728349
0.8694812
0.9071833
0.7776472
0.85456216
0.7957479
0.92341423
0.9350254
0.77762157
0.67159027
0.74791986
0.7471788
0.92202294
0.94340795
0.86729854
0.8496518
0.87160975
0.82179457
0.8325611
0.8641852
0.744095
0.9215837
0.8244371
0.9510471
0.86583316
0.7963763
0.92933357
0.80836564
0.8975507
0.9179847
0.80828065
0.7011489
0.9103528
0.6526645
0.85785794
0.85301524
0.6817983
0.9420625
0.6170256
0.9442775
0.8610807
0.8563747
0.8826648
0.707269
0.9315486
0.829088
0.7955271
0.88893247
0.7812326
0.8349949
0.9628411
0.7770551
0.9186118
0.8259686
0.7710866
0.9295105
0.8538208
0.80049336
0.92836154
0.79278564
0.8509494
0.78247285
0.8464472
0.92542255
0.9492496
0.85157686
0.8760145
0.8866436
0.9402585
0.8464956
0.7975017
0.9604366
0.9088954
0.9606588
0.87004596
0.8898312
0.72956824
0.7984669
0.81898046
0.86416394
0.8421458
0.8345201
0.8637719
0.86329424
0.96749914
0.84889305
0.93094623
0.782032
0.94762963
0.94722366
0.8681566
0.75914747
0.6760948
0.8264355
0.9265002
0.73909813
0.8952156
0.79623246
0.8050394
0.9367548
0.54515386
0.85321033
0.5718813
0.7031298
0.86266685
0.7089748
0.94546723
0.7676764
0.87195736
0.919814
0.8487243
0.69975823
0.8236606
0.8412161
0.8898523
0.606408
0.82430243
0.8280625
0.76979804
0.8731468
0.86520743
0.9034861
0.9198245
0.91299486
0.8582894
0.9056834
0.86569476
0.89398664
0.9009605
0.8920503
0.87274987
0.88108456
0.8572066
0.9116751
0.7649209
0.8944079
0.9317268
0.80379486
0.9464262
0.7801548
0.9004675
0.8822022
0.82100403
0.93375903
0.85105944
0.7726317
0.9519399
0.8033199
0.8039088
0.90757453
0.84476006
0.66625637
0.9503919
0.95203996
0.7387501
0.83945215
0.8260528
0.96057713
0.9360212
0.7170663
0.79369396
0.9542707
0.777659
0.6721523
0.842776
0.73185176
0.94025826
0.9017
0.5888432
0.8624677
0.872783
0.79995775
0.7966207
0.900838
0.8772014
0.92880774
0.8576246
0.9434354
0.9625827
0.9006723
0.8305383
0.7418597
0.77034175
0.8478131
0.92350245
0.8782273
0.87258375
0.81848544
0.91129756
0.8355113
0.8692827
0.8458218
0.7581924
0.8291218
0.8900764
0.65057427
0.90809244
0.78384036
0.8827628
0.9178298
0.8824788
0.82121253
0.8529408
0.8879113
0.80348
0.63381064
0.84939945
0.9106227
0.94561076
0.84978014
0.94589484
0.81017375
0.7258886
0.8266425
0.8584462
0.77662027
0.9058496
0.8070093
0.8853581
0.81551737
0.74612784
0.7319486
0.9716797
0.8804273
0.9517938
0.8240344
0.7944099
0.80084515
0.9534609
0.81684244
0.90202546
0.7625305
0.92227054
0.8546542
0.89418787
0.97626376
0.93356276
0.80725336
0.927621
0.8858632
0.9243768
0.9754541
0.9788859
0.7391052
0.9109385
0.9008819
0.8360988
0.69767433
0.80105793
0.96148586
0.8041807
0.7976756
0.6947221
0.8849093
0.7760317
0.8591227
0.92963815
0.89128506
0.70089006
0.80221766
0.94973844
0.85159624
0.8413127
0.9013524
0.805797
0.74734116
0.8514534
0.8511675
0.6527032
0.9641598
0.7026161
0.9265044
0.8652528
0.78887606
0.7219009
0.888089
0.9291959
0.83752835
0.84721106
0.86318517
0.8465302
0.884452
0.912636
0.8574953
0.8546291
0.93488544
0.7863538
0.7953945
0.8084021
0.8004705
0.96048236
0.8847258
0.9074514
0.69429755
0.850196
0.78994185
0.8690071
0.7530511
0.9474746
0.8568273
0.85288024
0.7551374
0.9135331
0.94728756
0.6967931
0.8485601
0.8952788
0.9027253
0.94070333
0.8334278
0.8917541
0.68902135
0.95724994
0.75390244
0.6281597
0.9198306
0.6512655
0.843353
0.8130465
0.96057624
0.7870945
0.89632976
0.78552544
0.75838697
0.8584126
0.90066373
0.8956485
0.87835044
0.7628299
0.6812685
0.6712686
0.8788341
0.8233382
0.94201237
0.76400214
0.698721
0.9038958
0.9579502
0.871927
0.7713585
0.82691926
0.9033707
0.9373515
0.94129986
0.88270235
0.78827536
0.76089764
0.8747956
0.8988236
0.55453175
0.79931474
0.7847754
0.7244402
0.8500131
0.88743436
0.9455817
0.84482807
0.9185051
0.91992044
0.8019025
0.91381836
0.9055404
0.9512414
0.65038186
0.85600436
0.91959214
0.92775166
0.93848383
0.8163116
0.41324815
0.90550274
0.8604664
0.9298615
0.9391575
0.8590786
0.94883436
0.83575225
0.84830916
0.9632752
0.9135447
0.79095197
0.81247973
0.73173285
0.7300571
0.893623
0.65921223
0.6414565
0.80451447
0.8935511
0.8525333
0.9167099
0.9273101
0.77209234
0.8531326
0.7626791
0.6919479
0.862123
0.9634369
0.9124292
0.905882
0.74904627
0.66874945
0.888511
0.8252395
0.9604621
0.89806676
0.88391864
0.677873
0.8097595
0.8838246
0.81362647
0.8312918
0.6810317
0.67317003
0.7859272
0.8704409
0.9013698
0.7675028
0.8296092
0.89125496
0.86659074
0.7875156
0.96242964
0.9131075
0.9460282
0.79628617
0.8514249
0.8533598
0.81987363
0.71196544
0.9568471
0.9090721
0.8703303
0.75776374
0.9829371
0.9587313
0.69111174
0.97384155
0.7044076
0.9226204
0.95908415
0.95558107
0.78806496
0.8237837
0.8981548
0.74934876
0.75672275
0.9196245
0.78302646
0.83043945
0.6448479
0.8588617
0.9460952
0.9686545
0.8033669
0.76216906
0.87994313
0.9387485
0.8286871
0.8934892
0.94091886
0.91887105
0.84906054
0.9516815
0.8773949
0.9060551
0.96609735
0.5699563
0.9312097
0.94403285
0.794309
0.6454205
0.8843868
0.88018477
0.94506997
0.80000764
0.9303874
0.8565081
0.88931257
0.86080927
0.86408865
0.9560747
0.65410423
0.8730799
0.9034047
0.8140491
0.9284553
0.82767034
0.957198
0.89816034
0.87023115
0.88287544
0.57303166
0.8565986
0.7797165
0.93711823
0.8317878
0.88183177
0.9042064
0.9247206
0.9391415
0.8415201
0.81317544
0.8988738
0.97408414
0.7930851
0.9069736
0.96206284
0.6225912
0.8330137
0.90281355
0.7323027
0.87668216
0.7498163
0.74747545
0.93548846
0.8969251
0.79965305
0.8720061
0.5664553
0.93780434
0.77604306
0.45283175
0.9205563
0.925702
0.8389183
0.7896363
0.8589419
0.8425471
0.91340387
0.9534702
0.8190566
0.96483743
0.85429287
0.8688426
0.74858296
0.85255766
0.71682036
0.8987402
0.71487504
0.82272303
0.8617411
0.92972535
0.8182499
0.7837743
0.95680577
0.8557005
0.84967256
0.7280807
0.92430955
0.6364281
0.85962033
0.81058544
0.8132416
0.53163475
0.78203845
0.9560504
0.8191679
0.93778616
0.8954321
0.56950647
0.6836057
0.86326194
0.748982
0.94377154
0.7659135
0.9221308
0.88389796
0.8197013
0.91527843
0.9388578
0.9434603
0.8495992
0.8638087
0.70225424
0.9259874
0.59734404
0.8923993
0.9139263
0.7758036
0.85471225
0.87646407
0.93406326
0.8623907
0.95489854
0.8323432
0.84517086
0.9181056
0.8570479
0.91262656
0.7171045
0.40749562
0.6933831
0.9396217
0.93558264
0.9278549
0.91575396
0.8877444
0.9110046
0.8582067
0.8036486
0.87860596
0.7749162
0.8300374
0.7974584
0.9196006
0.81360656
0.86497164
0.70577234
0.6188029
0.84403366
0.8946766
0.94550544
0.6459354
0.900072
0.93951845
0.53476167
0.74500936
0.7956012
0.8059298
0.84313923
0.8818438
0.88824826
0.83276266
0.90666795
0.9073646
0.7234962
0.93942183
0.89389986
0.8325526
0.9395856
0.86785567
0.87545484
0.82063365
0.8800312
0.961032
0.7636967
0.8901298
0.80148256
0.8053103
0.8072249
0.8128829
0.7054838
0.93906623
0.7134978
0.9424528
0.7142595
0.9244133
0.8248805
0.88550836
0.6005651
0.82932526
0.93791556
0.89888644
0.91591793
0.64408326
0.86252606
0.78648496
0.9035919
0.8970932
0.72657716
0.83477026
0.72858304
0.9188144
0.914262
0.8984381
0.7796856
0.8687513
0.93783545
0.87800455
0.69244903
0.95851624
0.53014624
0.7490366
0.90808386
0.85024554
0.92362154
0.9636219
0.83956295
0.86643744
0.7951878
0.70201087
0.74839044
0.9682163
0.9102691
0.9161067
0.89316535
0.89687634
0.97672504
0.8071343
0.7555964
0.7339616
0.87525004
0.6948364
0.3758846
0.9606657
0.7972006
0.92289233
0.71734023
0.8015781
0.6918908
0.898596
0.6937218
0.9392003
0.9091624
0.9294953
0.9653653
0.8732723
0.8439635
0.792647
0.84797114
0.6763077
0.5943489
0.7226695
0.91594505
0.7529376
0.7749174
0.8995564
0.7404194
0.9023412
0.5825731
0.9247894
0.87219745
0.87555337
0.5953296
0.834687
0.76618433
0.9395324
0.7939515
0.900555
0.92784727
0.89376515
0.80839634
0.85383314
0.71393216
0.9142198
0.81463933
0.80640984
0.9738815
0.9229366
0.9654165
0.7965944
0.89531136
0.9059291
0.9171549
0.9534695
0.84697
0.83694345
0.73893106
0.86006796
0.8907685
0.94106674
0.79294413
0.80362207
0.89906394
0.87283295
0.76695
0.93522143
0.8181879
0.81669474
0.8883522
0.70849603
0.7999183
0.92764735
0.9230031
0.90092343
0.9685222
0.91852504
0.7062917
0.71109676
0.45221928
0.9217089
0.73272955
0.8553177
0.57994866
0.7282516
0.76155394
0.9310236
0.9044652
0.89647734
0.7734287
0.8439553
0.7334907
0.80970865
0.3929242
0.9049465
0.86094785
0.8422137
0.9500252
0.7969099
0.8802856
0.8760957
0.9838096
0.86187255
0.7691967
0.89863104
0.62927854
0.9540527
0.8052645
0.8864969
0.780234
0.95736265
0.873078
0.8376139
0.9275733
0.9456448
0.8465637
0.9015053
0.8429725
0.7870056
0.8881009
0.8975531
0.9314812
0.90282047
0.7638532
0.9468994
0.94016254
0.83327687
0.9328499
0.8569835
0.86338073
0.78165567
0.8603339
0.70408994
0.8936914
0.8911536
0.8236957
0.85303396
0.7848304
0.8560492
0.7999684
0.88403964
0.86122656
0.93442935
0.78601617
0.92367095
0.87205064
0.8104024
0.81625277
0.8035771
0.9119309
0.94548637
0.8281983
0.85751885
0.95119643
0.9255028
0.8224075
0.8934847
0.93682003
0.8518069
0.4850082
0.9266626
0.73880315
0.7576988
0.87579316
0.81276625
0.9031853
0.7871066
0.74931383
0.92061603
0.96279263
0.73648334
0.9564811
0.864814
0.8688557
0.6733762
0.96452796
0.8053632
0.5902515
0.91733766
0.9041932
0.9058663
0.7525462
0.81326663
0.6618013
0.9544539
0.9657838
0.7119435
0.8405171
0.97086596
0.57360685
0.7920341
0.7923803
0.8879143
0.89771706
0.8639989
0.67384624
0.8462803
0.936163
0.8542154
0.8450075
0.92975223
0.8282169
0.9019675
0.75493693
0.8987944
0.8318964
0.7298447
0.8814682
0.8821115
0.8123802
0.84631836
0.8772331
0.91536474
0.94663507
0.70234597
0.85438764
0.87667155
0.81906265
0.80497587
0.8979445
0.9610336
0.9708289
0.77164274
0.8411623
0.58764386
0.84144175
0.76987845
0.79052085
0.7475534
0.9357096
0.64996
0.829629
0.8041237
0.8992595
0.8015226
0.892117
0.75297385
0.8914672
0.75425124
0.92439157
0.86588866
0.929597
0.9479534
0.58826214
0.59927404
0.88939
0.94317317
0.7518451
0.9223904
0.92004246
0.8608644
0.9415548
0.9474084
0.9110686
0.9140468
0.8291763
0.82513934
0.9420079
0.8974795
0.77177733
0.90559286
0.79584146
0.89880216
0.9258675
0.8334079
0.6997528
0.755987
0.7922253
0.92849094
0.8567759
0.8675766
0.7363562
0.889617
0.85056317
0.801719
0.5635935
0.7186051
0.909642
0.8194735
0.97177523
0.8885049
0.89299595
0.8365859
0.93876415
0.86446595
0.67293584
0.9185335
0.7996135
0.46625015
0.65424037
0.77097005
0.84406817
0.88327324
0.9040663
0.7539746
0.87138295
0.6981264
0.7160427
0.8973163
0.87995726
0.801188
0.8353491
0.86917466
0.9782717
0.889654
0.8205821
0.93369937
0.9002256
0.85259193
0.8083868
0.8135424
0.6777225
0.737904
0.93144834
0.9580604
0.97354037
0.71413064
0.5194942
0.8444322
0.87063617
0.90492475
0.8839331
0.8437421
0.85431594
0.9268261
0.9572216
0.7090948
0.85864615
0.6903597
0.8739884
0.9221669
0.56338227
0.5769375
0.94139355
0.8356355
0.8298831
0.8649589
0.9019364
0.8437102
0.53560334
0.79745793
0.650861
0.75236595
0.89687043
0.8875203
0.86492544
0.67664945
0.8278696
0.9300646
0.75583756
0.88090247
0.8835033
0.9640864
0.9383361
0.9018719
0.9332979
0.7118803
0.89565545
0.83487386
0.85111463
0.96039116
0.84042084
0.73594546
0.8043865
0.7698815
0.94168544
0.92952156
0.8939371
0.8875057
0.6192496
0.8115978
0.874627
0.78026146
0.8487659
0.7357513
0.9154792
0.8566321
0.82312703
0.91639006
0.87965506
0.87253445
0.96108246
0.9421151
0.94478405
0.7365003
0.9406513
0.7548475
0.93040067
0.83172214
0.62303805
0.8343862
0.9393585
0.8256962
0.8099476
0.9656632
0.83092177
0.80947304
0.73681355
0.8838443
0.8449319
0.81938946
0.7793368
0.86875165
0.85692513
0.7586914
0.5622488
0.9175945
0.9081093
0.8698814
0.81497437
0.8398814
0.81448704
0.9376146
0.7647036
0.8823874
0.924175
0.77504534
0.91183174
0.92203027
0.97886705
0.89394045
0.9464384
0.8473251
0.9525526
0.90829444
0.93822527
0.8127879
0.9094511
0.6540506
0.7251136
0.79428524
0.9607202
0.94436014
0.6651324
0.88092446
0.9215415
0.93715036
0.7782179
0.85870755
0.8871754
0.73629224
0.6944034
0.80955124
0.86386937
0.8938812
0.81222075
0.89801455
0.8963385
0.9331883
0.8953714
0.83436316
0.77732176
0.7763993
0.9080074
0.9117424
0.7131026
0.860337
0.77004486
0.95050067
0.9827332
0.6526015
0.758582
0.5624369
0.7695213
0.94333297
0.8414882
0.8079758
0.93122315
0.70817834
0.742529
0.7405702
0.7225232
0.78395855
0.77028704
0.93411505
0.9389617
0.8942767
0.76217717
0.9519204
0.9341113
0.75348264
0.82541794
0.8917397
0.66209596
0.65956354
0.9220942
0.705975
0.7603202
0.8879519
0.9244807
0.86794037
0.926047
0.844731
0.87994397
0.8875048
0.76882887
0.85585576
0.7619454
0.9573727
0.86098397
0.7320339
0.7041334
0.80582756
0.7488936
0.7228993
0.7401339
0.8177737
0.67911124
0.71043503
0.8094171
0.6530379
0.8442992
0.9645329
0.95511675
0.82742405
0.7584215
0.91698337
0.61612815
0.93298024
0.8585611
0.8818395
0.8896723
0.89920616
0.941062
0.7518795
0.5722025
0.8285076
0.83753836
0.9255433
0.9297025
0.9074147
0.91925335
0.8755194
0.9580771
0.88405675
0.82592094
0.9462837
0.8151847
0.9473809
0.93820333
0.9040204
0.89481455
0.8842142
0.96572536
0.91348755
0.63614476
0.9043171
0.8592494
0.77023554
0.7793947
0.8617359
0.9254757
0.895012
0.89488065
0.83741796
0.7682469
0.8301877
0.9546702
0.8049729
0.95082504
0.73748744
0.8941728
0.7686041
0.77720416
0.9123819
0.9281517
0.59210986
0.75664395
0.9290126
0.873386
0.83195597
0.9234276
0.60924274
0.91318786
0.90179056
0.85400975
0.82108825
0.4807619
0.8325297
0.9003787
0.8224915
0.7624884
0.8546204
0.97779185
0.80548
0.74346113
0.8884586
0.74839544
0.85823345
0.9197525
0.9620128
0.7597904
0.733142
0.68623257
0.8585015
0.8463594
0.8259696
0.8289244
0.7935779
0.85309535
0.94441706
0.6170726
0.82767904
0.67025995
0.86652553
0.8607513
0.92897224
0.9423264
0.78688204
0.68748176
0.9191644
0.71797466
0.7339845
0.9571103
0.8856228
0.8932611
0.9222415
0.88631976
0.83426774
0.8820734
0.8473407
0.783952
0.86665505
0.93405926
0.40470415
0.8169849
0.72882706
0.90703475
0.9356433
0.96218204
0.8159797
0.938007
0.9391202
0.92408055
0.8701253
0.9169729
0.91987705
0.86067235
0.66039073
0.8565703
0.8935964
0.90040076
0.86742204
0.6017402
0.7457403
0.89091706
0.94402725
0.8567624
0.8104612
0.88019955
0.94525474
0.8794197
0.9601246
0.88442814
0.77123576
0.92458594
0.85827583
0.8424165
0.8730995
0.83219045
0.76559937
0.8791416
0.88877064
0.9067298
0.84009546
0.8457656
0.8346344
0.79762805
0.86281794
0.9819174
0.88846385
0.7739587
0.9303277
0.6718851
0.9456945
0.9293829
0.94642204
0.7961364
0.81545335
0.85984516
0.7170073
0.9708362
0.9668521
0.7699735
0.9374423
0.91713095
0.67427236
0.8225176
0.6851416
0.9589867
0.77762634
0.7087332
0.9007095
0.94860005
0.7849756
0.58466154
0.82902205
0.9398627
0.6402846
0.74187565
0.95305675
0.89675665
0.86851037
0.8222035
0.9276569
0.9353566
0.9270094
0.72807956
0.84204924
0.724315
0.90756726
0.94946426
0.91287845
0.6551506
0.8604455
0.8542905
0.8698039
0.9520716
0.75245464
0.8144375
0.85556483
0.813373
0.7039824
0.7619115
0.7502444
0.65283227
0.7635086
0.903288
0.9272273
0.8245273
0.8272947
0.84206396
0.8513366
0.9625462
0.97696084
0.9704833
0.95985174
0.86984843
0.7900004
0.75260854
0.73962474
0.86168754
0.813761
0.6000076
0.84658474
0.9094331
0.978787
0.79364645
0.83286405
0.95916945
0.93627983
0.93202686
0.89675266
0.86476594
0.86818993
0.6736504
0.901738
0.915236
0.87946975
0.89347506
0.8489553
0.7659376
0.7180181
0.94677633
0.91069305
0.9261604
0.8595037
0.7958299
0.90984625
0.93965936
0.7911897
0.9453394
0.8141574
0.9309079
0.85848373
0.88680756
0.7746386
0.9233868
0.87089807
0.97310054
0.88719904
0.900566
0.85533834
0.8449116
0.9164987
0.7224144
0.8016577
0.8725968
0.91694003
0.80345047
0.9141002
0.8842716
0.78734213
0.9290644
0.9729065
0.77795845
0.9058889
0.7180084
0.8887967
0.90790117
0.89245296
0.9078497
0.82756037
0.8291818
0.8901719
0.9067714
0.92755127
0.6941599
0.9145203
0.9415542
0.872828
0.8902797
0.8592553
0.30502442
0.88270366
0.9559252
0.6085794
0.88549006
0.93346816
0.7083064
0.8522588
0.45856944
0.8439379
0.7173621
0.9644062
0.7807066
0.89010036
0.7249288
0.65957475
0.8669821
0.727953
0.72052616
0.8850114
0.82125914
0.92895365
0.9263796
0.9610083
0.91609126
0.91125816
0.74770904
0.5912547
0.967345
0.8999325
0.706317
0.9462167
0.7198541
0.71835136
0.7709675
0.7907585
0.8975444
0.870973
0.82169604
0.8683212
0.89618045
0.62428963
0.7618999
0.9108137
0.86062765
0.9248914
0.8951975
0.6897154
0.78463924
0.69598144
0.59016573
0.9380918
0.8587642
0.75529873
0.81844586
0.77072716
0.80519354
0.9777675
0.51872414
0.94448453
0.8524691
0.97059846
0.5027173
0.88024837
0.84060913
0.8976496
0.8895684
0.95878005
0.92387724
0.90960276
0.84683466
0.8449147
0.82978374
0.9084551
0.9474608
0.8504065
0.84948903
0.9537101
0.8327539
0.87652117
0.5531225
0.91925347
0.85003185
0.90152097
0.88313615
0.89645296
0.79122955
0.8368187
0.89210933
0.8531826
0.76710933
0.8076404
0.7145041
0.9189725
0.9066198
0.74004126
0.57825106
0.7566122
0.9024747
0.8199936
0.9576677
0.87472016
0.78604686
0.8029286
0.9325286
0.8908603
0.95054185
0.9241492
0.73366624
0.9014969
0.8505111
0.6256099
0.81283444
0.8181438
0.9252213
0.7003435
0.66151
0.82097733
0.9396634
0.7739896
0.9385899
0.7507326
0.8324905
0.9641206
0.7625395
0.76782143
0.8655727
0.7702357
0.5300282
0.91367435
0.8412326
0.6630527
0.79277647
0.7994695
0.94192386
0.85280657
0.6714885
0.72007775
0.8813549
0.9503217
0.75998735
0.78153837
0.8636987
0.8477385
0.7477854
0.921265
0.9727144
0.94099534
0.9460982
0.88875216
0.7216052
0.95228225
0.8790976
0.7553854
0.6844437
0.8105254
0.896938
0.8638973
0.6152434
0.8458844
0.9489293
0.84138477
0.6853211
0.9503958
0.9634936
0.670089
0.93336856
0.7278456
0.9327383
0.9324145
0.6392574
0.88482136
0.9629694
0.9255028
0.8530052
0.86621153
0.901146
0.855296
0.8619883
0.8359511
0.79674727
0.80154425
0.85521275
0.8329314
0.9084002
0.8075224
0.86031616
0.8079754
0.8376782
0.8773074
0.88947845
0.9389005
0.9107434
0.78175473
0.6743412
0.9026226
0.72669685
0.71666896
0.81669086
0.70725006
0.6836098
0.742176
0.8413395
0.85415035
0.90831304
0.8387221
0.777511
0.9181454
0.78706306
0.851707
0.8646772
0.86918324
0.8756547
0.90183973
0.6700566
0.85660565
0.87355816
0.78479797
0.9056335
0.9152782
0.8543149
0.7557738
0.9431859
0.90393466
0.82148325
0.6935921
0.7058043
0.8979405
0.8575602
0.8777325
0.93364227
0.88163984
0.67153424
0.8918719
0.86035377
0.90371525
0.9656984
0.93528146
0.9536253
0.8475843
0.89459354
0.80479467
0.91376215
0.7473931
0.8821399
0.74353784
0.976616
0.8913855
0.64093924
0.8666965
0.6950097
0.8720726
0.7814704
0.82265365
0.6612444
0.94081116
0.7616321
0.9422637
0.6625171
0.8779799
0.8859353
0.6031643
0.7826119
0.87676835
0.7797449
0.9776195
0.87523603
0.91042423
0.9600887
0.84710634
0.82582515
0.8997893
0.8700818
0.83680326
0.8439767
0.73681694
0.95257145
0.7847619
0.83087623
0.7914561
0.96951926
0.64405835
0.8995641
0.96017015
0.7440536
0.84589726
0.6910753
0.7604661
0.77029824
0.840379
0.90392816
0.8336747
0.8901105
0.9020436
0.80942094
0.8564504
0.35107443
0.8793288
0.8321203
0.9383032
0.93229574
0.9706672
0.91228414
0.798884
0.8191482
0.9352695
0.741493
0.90225875
0.8777644
0.7322544
0.94104457
0.88196886
0.9808306
0.8257097
0.87931293
0.83340746
0.92583233
0.86491007
0.95664537
0.7048161
0.96796143
0.70533514
0.8905115
0.9568296
0.9168014
0.69639224
0.94399273
0.74369574
0.89841133
0.8191836
0.89630425
0.9672898
0.91713715
0.8663178
0.7990514
0.9329562
0.9334055
0.92330676
0.8878718
0.9812079
0.80604386
0.9083778
0.8919947
0.94685704
0.77740204
0.83469594
0.75795585
0.83417004
0.7496233
0.7653657
0.95566535
0.9232167
0.65747654
0.902048
0.7391329
0.8097735
0.8656634
0.6302531
0.88877594
0.93963444
0.8759202
0.871615
0.70717084
0.8169655
0.9345676
0.84810555
0.87184757
0.94955695
0.77233815
0.92931265
0.8469849
0.646484
0.9296304
0.9070146
0.85517526
0.9550526
0.74755037
0.61610717
0.8521494
0.87908804
0.7705704
0.77368927
0.9317759
0.7757322
0.9275506
0.9594425
0.7531127
0.76480585
0.79556745
0.966422
0.6128186
0.83553445
0.5120396
0.8932129
0.89576685
0.8945563
0.96886766
0.880852
0.908923
0.81196576
0.8620171
0.83109
0.8874832
0.8839747
0.749666
0.79681903
0.8317508
0.9726114
0.77469975
0.9586843
0.9707471
0.69331336
0.9636472
0.81004274
0.63161516
0.8755828
0.9222995
0.6622534
0.9430919
0.85771877
0.8057515
0.8881384
0.84096617
0.93966323
0.7523391
0.80006516
0.86733925
0.8942206
0.71744156
0.9113848
0.81247604
0.8759924
0.78537035
0.8741416
0.8768561
0.8232976
0.5865413
0.88133085
0.9006818
0.9401116
0.8709427
0.72455984
0.8941239
0.79668677
0.8033327
0.9612934
0.9567132
0.7170354
0.6821009
0.7375709
0.7575099
0.53615224
0.8630972
0.9151648
0.87534666
0.7002506
0.96844494
0.86627924
0.88829577
0.8239787
0.86032003
0.8104947
0.8873536
0.8862845
0.68814903
0.91225636
0.73892295
0.9308686
0.6306747
0.8896033
0.8326626
0.5974277
0.9332156
0.9208694
0.8402
0.9202604
0.8355782
0.7028808
0.8365978
0.91087735
0.93080664
0.8106285
0.67217493
0.88402164
0.88540643
0.9260169
0.8438029
0.66908544
0.8636231
0.70834064
0.71273386
0.8843111
0.9041404
0.9470688
0.94709265
0.81900406
0.7687923
0.9205803
0.8824336
0.79136115
0.8995784
0.81287575
0.8808063
0.95239955
0.9789781
0.94506645
0.81138086
0.8307484
0.8192876
0.9317799
0.9008697
0.7795415
0.8253264
0.9305737
0.8218272
0.9725161
0.825302
0.5832497
0.7837499
0.7710418
0.70568275
0.9075099
0.93695796
0.8258446
0.7782192
0.8131005
0.85942316
0.9180407
0.6517246
0.93683255
0.78203493
0.92205334
0.90846056
0.75099874
0.9261835
0.8334948
0.97208005
0.93544805
0.9441633
0.92342085
0.87375826
0.9241885
0.8044408
0.969596
0.9291196
0.9038161
0.8657554
0.87622315
0.5062427
0.9040054
0.8361424
0.8003013
0.7376936
0.9340658
0.9074354
0.77775127
0.8603425
0.9147519
0.9238002
0.87503874
0.9106433
0.743017
0.73409575
0.7933015
0.9098322
0.8520562
0.8236793
0.8330885
0.82496405
0.7556163
0.9361441
0.88667345
0.9348867
0.7097419
0.7996094
0.89005363
0.794489
0.9184929
0.8438912
0.9437137
0.9478997
0.9078418
0.8995778
0.931216
0.7365148
0.9478025
0.8965041
0.84253573
0.90239346
0.8172333
0.8120408
0.51952523
0.9689769
0.9458761
0.96146417
0.95107144
0.7782776
0.91680807
0.7772954
0.8922194
0.90854466
0.9562011
0.91569924
0.946112
0.94856507
0.8350155
0.9253988
0.832692
0.73306304
0.94757193
0.92973787
0.83672905
0.8889398
0.8938518
0.75536865
0.7872193
0.93925786
0.8145374
0.76367515
0.92579013
0.7657894
0.7164578
0.76196474
0.78845245
0.7910807
0.8787706
0.9751354
0.72004515
0.90068716
0.73063874
0.9020413
0.97672
0.69975454
0.9122905
0.92402685
0.86329335
0.9427409
0.8164065
0.9139725
0.9496242
0.8727322
0.9092866
0.82840735
0.557963
0.8658613
0.79179215
0.79500085
0.8884958
0.85894907
0.6871468
0.9056081
0.8911928
0.8963648
0.7700306
0.79454446
0.90359193
0.648531
0.7060812
0.7407432
0.9229311
0.95539373
0.9419331
0.8840064
0.84023446
0.79219973
0.6565391
0.96028256
0.76433724
0.91175884
0.87644005
0.9033079
0.92487764
0.6621988
0.85291696
0.9216989
0.85756254
0.8994563
0.89301354
0.9239075
0.8654131
0.921879
0.89880633
0.9013341
0.96205276
0.7639592
0.81300074
0.89232534
0.75603926
0.74515736
0.745905
0.9592091
0.732606
0.64367205
0.83437383
0.73778796
0.79180187
0.98136085
0.7619172
0.94656366
0.87319714
0.9431029
0.7971208
0.8619857
0.9482446
0.7533585
0.77048916
0.96329653
0.8855098
0.8591651
0.8663128
0.91699064
0.88921285
0.8694738
0.49417016
0.97567713
0.8182539
0.7604557
0.7978468
0.87772703
0.9249424
0.7840136
0.7024305
0.7501523
0.868163
0.9163405
0.90070254
0.9556793
0.6478906
0.9138725
0.95885247
0.91978085
0.90726054
0.8682115
0.8872567
0.95935243
0.69579494
0.77186656
0.82496685
0.90610147
0.7422604
0.8660769
0.8505003
0.7951781
0.9155725
0.70447546
0.9069892
0.8566402
0.9075783
0.9205815
0.81879914
0.80485773
0.94665754
0.7682092
0.87004024
0.9489839
0.85121125
0.96224535
0.8635349
0.73871136
0.91211295
0.9005797
0.9417577
0.92478204
0.7837195
0.86569536
0.83729386
0.7746834
0.91558355
0.86304796
0.8453088
0.94568276
0.72324014
0.74395555
0.9201691
0.8475789
0.8950983
0.6397203
0.8636828
0.7221484
0.7839253
0.8854475
0.88001513
0.9235763
0.9059334
0.79501134
0.77476156
0.9264158
0.9266816
0.9025195
0.89495504
0.6545378
0.7648524
0.9172552
0.9494833
0.9193546
0.92449296
0.9066622
0.9044194
0.8499777
0.7570877
0.58346874
0.9068602
0.6974446
0.8902252
0.9660165
0.91454893
0.9549675
0.89890134
0.7484785
0.82428056
0.90229213
0.92036694
0.91878664
0.73757935
0.8236929
0.95384085
0.9422966
0.8005023
0.9030433
0.8501777
0.89142287
0.6716914
0.86107194
0.7530123
0.897668
0.8837576
0.9029945
0.86806834
0.8183096
0.88691115
0.91734076
0.8094977
0.80496144
0.87556773
0.7828211
0.9370918
0.69042957
0.77755684
0.96338767
0.8904748
0.9029822
0.9311043
0.9433392
0.6362063
0.5169567
0.59370077
0.87941027
0.878466
0.9727311
0.7962295
0.7717314
0.6245
0.8291945
0.94202197
0.9574862
0.8298746
0.8907565
0.821582
0.866518
0.90134406
0.46660453
0.9059912
0.8884242
0.8184964
0.65084845
0.7403409
0.6326507
0.9562631
0.9285886
0.81231904
0.8019116
0.93875545
0.62805724
0.54889137
0.79778534
0.9336221
0.8838764
0.8580455
0.90809
0.84384465
0.83010983
0.8298497
0.6309635
0.67404014
0.9131048
0.83234495
0.9620092
0.75377136
0.9172714
0.81064576
0.62397826
0.81108284
0.9200702
0.6181959
0.9506636
0.96517676
0.7852267
0.8962907
0.6778873
0.7904661
0.9352138
0.8892289
0.94713956
0.92311203
0.86785185
0.7266138
0.96007854
0.86713856
0.8933389
0.8855375
0.71435416
0.88949335
0.82581
0.9483953
0.7272254
0.94596004
0.85789746
0.9737444
0.78032094
0.7346461
0.76772594
0.822487
0.94537145
0.8034406
0.8216566
0.4534273
0.61935747
0.8009379
0.94956475
0.8851401
0.9629439
0.7356148
0.85041136
0.8874358
0.6931183
0.96029824
0.9039054
0.5259489
0.8963298
0.9456083
0.93090856
0.84213024
0.87835044
0.81321764
0.8453584
0.76050204
0.80899096
0.9297525
0.90700483
0.9028928
0.4827668
0.73717314
0.66631585
0.7123821
0.776288
0.8989111
0.89160216
0.78989136
0.7809362
0.6625716
0.83340514
0.8681489
0.80465037
0.722927
0.9103701
0.9393081
0.6253038
0.8959122
0.81426704
0.94211674
0.9461545
0.73072124
0.9036741
0.8558546
0.93863213
0.94477016
0.93684936
0.7987324
0.94344425
0.8863025
0.7457819
0.9029497
0.53291357
0.8557567
0.7089553
0.9353248
0.7959231
0.8327461
0.8095104
0.97665125
0.9343215
0.87171125
0.94652164
0.8008861
0.9401056
0.86930275
0.8258884
0.9478259
0.9532187
0.9336592
0.9159088
0.92602134
0.522295
0.8686288
0.7329449
0.83445495
0.91715324
0.78720915
0.84565
0.596422
0.8272797
0.9560805
0.96396977
0.66836196
0.82922363
0.9405178
0.9371961
0.9255699
0.9600116
0.62759143
0.75995046
0.8956661
0.91213125
0.9203963
0.886162
0.92782277
0.8433644
0.74206537
0.83723766
0.78517616
0.6945164
0.75236064
0.87415606
0.6439993
0.7319932
0.809981
0.90737325
0.92646074
0.8895126
0.9210311
0.79430544
0.7958261
0.93699265
0.94690347
0.8471559
0.949483
0.8789861
0.9033102
0.9522368
0.9007354
0.94328827
0.83988124
0.9213151
0.89468336
0.7245134
0.9753335
0.71691036
0.71153647
0.7714131
0.9411069
0.51445824
0.9313275
0.6642741
0.8457949
0.8691276
0.7827837
0.9644503
0.8664794
0.89557683
0.8334136
0.800288
0.9651359
0.76434875
0.9365082
0.92207474
0.8869819
0.86037886
0.6128996
0.93357325
0.936026
0.76800233
0.8334143
0.8806039
0.9123829
0.82753587
0.779891
0.86189437
0.85520196
0.87680817
0.7985413
0.9211911
0.867751
0.69279563
0.76506835
0.866801
0.8126944
0.93914807
0.94846386
0.8821725
0.8490114
0.9329216
0.8340159
0.8662857
0.755315
0.6813358
0.9020121
0.89138025
0.80711734
0.6589585
0.83611256
0.93928397
0.7662337
0.93644625
0.7137003
0.9340469
0.89869094
0.693403
0.9258003
0.89573073
0.78925544
0.77309006
0.8352995
0.79028684
0.88667625
0.8506478
0.8762809
0.7209321
0.85880136
0.9077522
0.9245078
0.61950386
0.8433243
0.8231238
0.9293261
0.61384934
0.88145626
0.95624197
0.76771
0.8512251
0.7720937
0.84972703
0.8921777
0.74177
0.835586
0.97856414
0.79823405
0.59670496
0.8412586
0.8575389
0.84390426
0.83647823
0.9070998
0.770203
0.9416696
0.8684603
0.92532206
0.7885547
0.8755498
0.9449996
0.8490603
0.8104948
0.91118306
0.7957131
0.9281772
0.8572057
0.6610765
0.86640334
0.7159587
0.93657446
0.84011924
0.68731594
0.84148985
0.83051074
0.78843087
0.6865583
0.69562507
0.9470333
0.62764037
0.4833445
0.6749245
0.77714336
0.66760755
0.927263
0.7742946
0.9276639
0.9479129
0.9514281
0.7692103
0.91756654
0.8745799
0.9082267
0.7309695
0.8550336
0.8075633
0.8015769
0.9313177
0.86732125
0.88839793
0.8772803
0.81565547
0.68160576
0.94806623
0.95155656
0.8854549
0.898754
0.89939
0.68670845
0.8173775
0.9104907
0.5899619
0.865003
0.77411824
0.9371235
0.7362869
0.91784286
0.8147304
0.9477196
0.9146733
0.911613
0.8005496
0.95245016
0.90426946
0.8389959
0.8064994
0.6354011
0.7845918
0.9887826
0.7656083
0.84063464
0.7859047
0.95355064
0.8352676
0.7993663
0.83719575
0.73557496
0.8999931
0.6155452
0.89626265
0.9362031
0.7271761
0.8622925
0.93147594
0.7893256
0.70128655
0.663299
0.91712254
0.8918846
0.85137343
0.9252513
0.86472785
0.6869789
0.93358743
0.8696465
0.9317383
0.9105454
0.91570485
0.9630247
0.5754025
0.7359337
0.9313171
0.62679684
0.93954396
0.73391485
0.93511695
0.81512594
0.6562413
0.9059562
0.94502306
0.66961783
0.9006065
0.878857
0.9493662
0.7086351
0.8804939
0.9451165
0.7092932
0.88675886
0.7401543
0.8982278
0.87696815
0.84700066
0.8641591
0.8723198
0.8598647
0.95702976
0.8490842
0.87491
0.9250456
0.5023501
0.9138786
0.8484547
0.85395277
0.66125345
0.69570065
0.95164853
0.83260167
0.84833753
0.76033795
0.77607346
0.96766853
0.9261307
0.86048114
0.9332818
0.86932737
0.84650326
0.9001511
0.921817
0.8670385
0.78742415
0.9082364
0.9347216
0.65457094
0.8900506
0.9365368
0.88619864
0.9408368
0.57075524
0.7993074
0.9230247
0.864225
0.89291054
0.82126933
0.86112654
0.8985559
0.8149405
0.6315677
0.9474032
0.8730888
0.79503214
0.7893834
0.8269412
0.8814815
0.79917634
0.94221056
0.8252723
0.90047514
0.8947805
0.8462367
0.8058437
0.89160097
0.8400897
0.6015897
0.9420495
0.95585585
0.7250132
0.7484905
0.952895
0.83421344
0.5471989
0.8034607
0.8034952
0.80489945
0.8748894
0.8978723
0.90229785
0.88566
0.8818251
0.70348775
0.9524638
0.90490216
0.72448504
0.701657
0.9483924
0.8095742
0.83364487
0.80731165
0.5981287
0.9027066
0.753461
0.86983466
0.85323745
0.8736549
0.7762523
0.94582087
0.8044824
0.8883056
0.81321186
0.87504834
0.8757709
0.906628
0.90910643
0.89336777
0.9807486
0.86810833
0.8305849
0.9339034
0.9041271
0.8729735
0.9055347
0.87669265
0.77934355
0.7045031
0.85186136
0.8904079
0.9350866
0.93718195
0.9126471
0.7775709
0.9210913
0.8442687
0.93331164
0.8646589
0.6792704
0.9303412
0.90286505
0.8660834
0.5613017
0.9474393
0.9383998
0.9201843
0.60552114
0.87998277
0.5855847
0.7882761
0.8207848
0.9218726
0.8019271
0.90143895
0.8834316
0.94360787
0.9531883
0.71106356
0.71930736
0.8441603
0.6895975
0.81588066
0.84111047
0.8110471
0.83523774
0.83076906
0.8109948
0.8548633
0.7659628
0.783674
0.8595451
0.7972236
0.7364767
0.927334
0.7846042
0.8243751
0.6886435
0.9027819
0.9113181
0.843734
0.9410483
0.9036768
0.80040544
0.78522
0.95994496
0.8881443
0.8984089
0.90950304
0.77009445
0.95665455
0.7528576
0.93611324
0.9311615
0.87017816
0.94445676
0.96074224
0.8426338
0.797867
0.8944981
0.9616837
0.8428464
0.88843596
0.82000184
0.9258224
0.7899382
0.8715375
0.92547643
0.8728664
0.64078605
0.8703177
0.83845675
0.87124884
0.7605588
0.85489845
0.92696893
0.8626493
0.80647266
0.85528105
0.89970666
0.89077806
0.94616956
0.8736651
0.71868324
0.82631713
0.9127734
0.771777
0.7125157
0.92834514
0.924893
0.7748258
0.8221794
0.9018876
0.80335397
0.877801
0.7981197
0.86049974
0.907104
0.9062812
0.8931763
0.7371391
0.69076717
0.8677578
0.8762356
0.9075815
0.86163485
0.7164217
0.6845977
0.892977
0.90265846
0.5996308
0.53474426
0.78916055
0.7642789
0.8698484
0.9758763
0.80201465
0.6904133
0.81541115
0.78741467
0.8544419
0.8141594
0.7826668
0.8529607
0.8496621
0.9769801
0.835937
0.7507986
0.8937859
0.701976
0.8363607
0.912691
0.7440118
0.9571579
0.88095707
0.6347202
0.7444731
0.74803793
0.8527549
0.92312235
0.7950454
0.91576713
0.8013484
0.68531984
0.7990523
0.7177473
0.96655595
0.87221056
0.8551561
0.8185895
0.8418077
0.9194945
0.9445535
0.86547184
0.86720884
0.7520484
0.8247162
0.89668995
0.9045241
0.80193865
0.7541406
0.8106287
0.83945256
0.9568733
0.7820014
0.73803854
0.83374643
0.9283234
0.87338346
0.7919218
0.9360107
0.8325049
0.9063118
0.8319009
0.89890414
0.87368107
0.8785726
0.65220666
0.6839472
0.70855284
0.9513169
0.84031165
0.81626374
0.8684919
0.81342447
0.77924365
0.88559186
0.96834457
0.9356299
0.94077754
0.8347578
0.8920998
0.8082781
0.9581839
0.8991081
0.7418649
0.79166394
0.9263121
0.9622881
0.8498828
0.86715317
0.8763163
0.5624732
0.9308088
0.7511596
0.70376456
0.84705114
0.779917
0.7740099
0.6491138
0.8342174
0.68391424
0.8448693
0.9074404
0.9426116
0.9028834
0.8975658
0.95275086
0.9176735
0.89439875
0.7498561
0.8767284
0.6392831
0.9252734
0.7545299
0.83421814
0.8780242
0.8701803
0.89659476
0.7332594
0.9502683
0.9595136
0.8877837
0.9518484
0.8776474
0.9009951
0.880838
0.8814534
0.7212632
0.8892461
0.89301914
0.9166595
0.7169214
0.7999975
0.9119459
0.89567035
0.9207189
0.9556139
0.9148051
0.79178023
0.93213487
0.51027375
0.8020673
0.72722864
0.77626204
0.6942545
0.74671257
0.822723
0.83776766
0.83259785
0.81134677
0.7564674
0.9199543
0.9315362
0.92179173
0.862541
0.9143841
0.78080916
0.6690854
0.8251966
0.9434003
0.82098216
0.94166774
0.8583024
0.9354743
0.74913394
0.85304964
0.91034895
0.97409946
0.60020196
0.8088661
0.9301865
0.9220698
0.89709413
0.88102674
0.8471436
0.83115053
0.60996485
0.546559
0.7186717
0.9369731
0.83538043
0.9305466
0.91067564
0.76276904
0.8540251
0.9325688
0.845397
0.8251624
0.7286361
0.9342822
0.82031786
0.9622966
0.6956226
0.72306937
0.77808994
0.87161326
0.9007084
0.96055996
0.88608366
0.6925471
0.88582116
0.62488556
0.68662643
0.9459566
0.82284707
0.81649846
0.8633994
0.8800727
0.90876245
0.9376715
0.8579036
0.8054532
0.75494087
0.86678356
0.7922412
0.7806057
0.9091174
0.9559105
0.61487865
0.90671223
0.9293878
0.78972787
0.7876102
0.82274175
0.89066225
0.91575336
0.5877116
0.7688817
0.78083503
0.84657174
0.92382616
0.9629607
0.9231583
0.8630643
0.75696635
0.8779714
0.7659097
0.9298474
0.6666166
0.8426035
0.6416101
0.9108404
0.84081215
0.9638824
0.8832855
0.9320196
0.96700126
0.81383526
0.7900878
0.7460734
0.83277446
0.95041215
0.95538104
0.8846743
0.9057634
0.95749974
0.7841704
0.7166712
0.7598165
0.967059
0.74739146
0.87802625
0.7726654
0.88059807
0.8525257
0.86050045
0.950046
0.5992828
0.93025815
0.83858633
0.7280077
0.782042
0.8016043
0.92867273
0.86861736
0.8467914
0.8400966
0.700292
0.47189096
0.7837332
0.6912418
0.92665297
0.67618656
0.8159678
0.92785084
0.81857777
0.67060274
0.74938583
0.8418537
0.9306819
0.7774743
0.9126274
0.77365255
0.9113105
0.80068743
0.81355435
0.8691957
0.7684187
0.8773943
0.88774496
0.9040906
0.8006192
0.81978315
0.65438586
0.8048366
0.9553712
0.8410115
0.88486445
0.9641164
0.97842866
0.8234346
0.7857809
0.953114
0.92098534
0.8801597
0.7733781
0.9315254
0.8276497
0.81036997
0.68814766
0.942264
0.84135216
0.9047055
0.83370966
0.8684905
0.7381669
0.81225073
0.88020843
0.8963784
0.9686411
0.7186027
0.9037102
0.70950633
0.89593995
0.89573807
0.92146266
0.8650237
0.7766699
0.6313594
0.958828
0.97939634
0.767009
0.9517621
0.8898052
0.6809089
0.7947983
0.879071
0.87407464
0.77286834
0.911119
0.48884097
0.8842878
0.5069509
0.86876726
0.9167634
0.8887172
0.85317117
0.8929333
0.9030534
0.9372341
0.89586335
0.83148605
0.8578996
0.97490937
0.7952913
0.90641606
0.6958218
0.8267671
0.7709513
0.595971
0.8797269
0.74476904
0.8875661
0.72039676
0.788816
0.86312836
0.588109
0.75330496
0.8446351
0.92594075
0.86773705
0.93460816
0.91952133
0.95642924
0.77368975
0.929341
0.94939417
0.74105024
0.90047646
0.7514945
0.7304662
0.8282971
0.83426845
0.7493176
0.81144655
0.8918998
0.4946419
0.87301505
0.9361154
0.84159946
0.81867224
0.95619386
0.8942176
0.8495275
0.8585361
0.8793337
0.9157902
0.9593496
0.9233789
0.8594899
0.73364234
0.958634
0.73847485
0.80857486
0.924583
0.8264176
0.9550632
0.75635725
0.9031259
0.9592726
0.6339032
0.88925153
0.8840387
0.87817633
0.91920483
0.95695996
0.8971873
0.7034644
0.9059617
0.9277892
0.83654445
0.92313546
0.86256826
0.82241124
0.9703703
0.91845834
0.84322685
0.7138974
0.98572344
0.8329666
0.785214
0.79860675
0.85789824
0.9436805
0.9543882
0.8839127
0.6507025
0.7237246
0.97115904
0.9028717
0.63291883
0.7994829
0.8889631
0.850603
0.88046587
0.83672845
0.9513437
0.82415414
0.94218427
0.9263981
0.7318145
0.8235142
0.6941906
0.7206389
0.87154645
0.7880871
0.86927694
0.74375266
0.88132316
0.7201538
0.82974154
0.8509169
0.9536747
0.94614303
0.92863256
0.74305946
0.97100496
0.891791
0.94717455
0.9053557
0.9721882
0.95054877
0.82490426
0.9483646
0.81281084
0.9559299
0.79032147
0.76177883
0.9098441
0.9217064
0.9476764
0.8858178
0.49391758
0.75544167
0.95298684
0.8064957
0.86051846
0.9461893
0.9756725
0.9119305
0.7289988
0.94618535
0.8984571
0.86298066
0.84294087
0.7804557
0.81878453
0.90636724
0.68469214
0.9268486
0.858722
0.80553234
0.7725367
0.77567184
0.6349274
0.88901746
0.8975933
0.938035
0.8605625
0.9174204
0.81105566
0.86629725
0.96918464
0.8329827
0.9485402
0.9680108
0.9078035
0.94079065
0.80508065
0.8972491
0.95998
0.724276
0.9140775
0.90930736
0.8887329
0.8411368
0.7741039
0.66866773
0.9065249
0.85759306
0.8272065
0.7989521
0.9547068
0.8473538
0.34480488
0.95370096
0.9511557
0.8961602
0.92441666
0.8797912
0.9243753
0.87117815
0.84246147
0.86539745
0.8677175
0.82600677
0.9477837
0.88200986
0.74999404
0.86747164
0.8493147
0.8980762
0.91745937
0.9380233
0.9657533
0.80915684
0.78600454
0.8113264
0.8853675
0.9185957
0.8553614
0.87118816
0.7475604
0.88529134
0.80499583
0.8823743
0.87604374
0.8674203
0.6850942
0.79352486
0.87249476
0.8255819
0.77097684
0.66801137
0.9398302
0.93777597
0.6416473
0.8111947
0.97929764
0.7980345
0.92062485
0.8899714
0.8464643
0.70774466
0.86736816
0.8386609
0.7589284
0.62429017
0.8565413
0.82632554
0.66779315
0.7895546
0.82634544
0.8557547
0.8971866
0.888245
0.83779585
0.83338654
0.76352286
0.74507564
0.7621178
0.7646769
0.6551011
0.8575427
0.7652969
0.8531143
0.758764
0.953478
0.7861249
0.9280339
0.7843857
0.8445445
0.8652125
0.8884838
0.9436422
0.90756536
0.88820493
0.81279117
0.89453954
0.8185034
0.88552
0.89733195
0.94722915
0.8234159
0.9053391
0.7811094
0.8638195
0.9425946
0.93376046
0.8710107
0.92927825
0.8511104
0.85798883
0.8583457
0.96112186
0.88142735
0.7216066
0.93573666
0.55415076
0.84377766
0.8445592
0.8617095
0.53975356
0.8707134
0.8338201
0.8641321
0.8553859
0.7675292
0.5958906
0.7414406
0.91611576
0.58603215
0.84792775
0.8681377
0.7966536
0.9226952
0.9343086
0.80965877
0.949635
0.73912567
0.9756766
0.89199007
0.7971629
0.88784975
0.92648643
0.8890369
0.9603732
0.9551005
0.89114994
0.665879
0.7626996
0.81519705
0.9249581
0.8650643
0.936819
0.9115437
0.8512736
0.8347501
0.7838143
0.90427923
0.9134327
0.9327966
0.7844858
0.9202519
0.83653367
0.89577806
0.9647095
0.8499366
0.9216594
0.8607165
0.88599986
0.83875096
0.9106139
0.89292246
0.85903835
0.88196445
0.86856717
0.92089844
0.8034425
0.9042739
0.9371991
0.94912034
0.8696974
0.8580946
0.881737
0.8866166
0.9468974
0.7641429
0.7592677
0.8844938
0.7810003
0.9756553
0.79850346
0.8265536
0.88903725
0.8154605
0.5292656
0.8263996
0.7421101
0.923738
0.6730698
0.72326475
0.9492086
0.880806
0.79327196
0.93354577
0.7550229
0.7778575
0.9698432
0.7041108
0.6750178
0.7159872
0.723294
0.93014616
0.93847466
0.630223
0.8460014
0.8351887
0.7562108
0.80134034
0.59534323
0.8065329
0.9617891
0.713522
0.9128854
0.89242697
0.9566705
0.90571743
0.9305449
0.9040806
0.39110965
0.808618
0.8515083
0.9094752
0.9578806
0.8169552
0.9238858
0.85034114
0.8289046
0.92791027
0.68830186
0.8537186
0.97204536
0.82156146
0.97099644
0.878206
0.8800206
0.86248606
0.83029395
0.78925943
0.59095836
0.8923373
0.9146969
0.8750098
0.92702955
0.8422744
0.96079004
0.8271608
0.91659176
0.87258583
0.7607281
0.844683
0.90640855
0.8138964
0.9041791
0.7766011
0.9387428
0.85033965
0.93549025
0.7401267
0.9427449
0.8241259
0.9421219
0.8862306
0.87897867
0.89507633
0.8370974
0.83228976
0.92180204
0.90988946
0.6931676
0.89920133
0.8349652
0.82076734
0.6810545
0.9449005
0.9712519
0.9300272
0.86262584
0.9234469
0.79124856
0.8268737
0.52149737
0.863481
0.6968048
0.91157603
0.86298245
0.9692458
0.9582548
0.81756854
0.87406933
0.8672833
0.7310376
0.9056786
0.9490321
0.74693197
0.46414378
0.9186346
0.64489895
0.74063134
0.79786885
0.7828234
0.7701236
0.86578375
0.86324143
0.9043135
0.93817836
0.89669985
0.9521808
0.6856434
0.95070297
0.9404881
0.94992185
0.8078689
0.8603227
0.9290701
0.9799919
0.57215005
0.83266246
0.80702394
0.9439763
0.9318874
0.9230358
0.79508907
0.8556983
0.7394905
0.8424405
0.73891467
0.89146733
0.8812893
0.8147861
0.9109827
0.9110721
0.81582594
0.9334736
0.8330886
0.889238
0.9002049
0.8738955
0.94947773
0.8138057
0.79163855
0.9583209
0.8064673
0.60193443
0.9516328
0.66760087
0.928703
0.75823206
0.93443185
0.78878975
0.88128364
0.90870124
0.89234936
0.5814663
0.9442478
0.8109753
0.79693407
0.90467536
0.9459554
0.8924345
0.8596376
0.9400352
0.6760818
0.8440007
0.9164925
0.80245703
0.8278456
0.93238735
0.84512275
0.89283043
0.9168246
0.8571523
0.84094185
0.96092176
0.7728203
0.8893523
0.7376057
0.87805307
0.72737306
0.96150196
0.6987908
0.69598573
0.8019502
0.78335315
0.8452771
0.89610815
0.8617236
0.68169427
0.66242886
0.85472727
0.7671207
0.85525304
0.86167175
0.85185426
0.91435605
0.63764167
0.8501834
0.5360423
0.82715267
0.88034785
0.6409726
0.8388467
0.71734506
0.87104654
0.9088807
0.85924566
0.94746125
0.8976915
0.83475095
0.8418373
0.78728044
0.86099386
0.8815795
0.89381987
0.90174353
0.9269674
0.7548032
0.9715009
0.8953285
0.9322071
0.9278163
0.97055525
0.9255725
0.69154
0.81396395
0.65187514
0.8296758
0.45075262
0.7747338
0.93229675
0.8883438
0.8004967
0.8390227
0.91947323
0.74527544
0.9320557
0.8280503
0.9394692
0.8813825
0.92768395
0.95165575
0.8924395
0.9131188
0.89294606
0.79628456
0.9733906
0.8767017
0.719493
0.85673636
0.76913714
0.8934246
0.97452796
0.7834901
0.95917654
0.89606756
0.8003189
0.78840756
0.83356935
0.8216224
0.96455306
0.9188672
0.9284542
0.9343399
0.8232091
0.90274245
0.91789544
0.8790231
0.8070295
0.90034115
0.70945406
0.9607145
0.90476626
0.8642985
0.8797488
0.93689555
0.88510734
0.9452467
0.83305407
0.8429072
0.87692696
0.90076274
0.7853933
0.95340586
0.8142288
0.8907168
0.8649108
0.6671471
0.86900365
0.8629488
0.7956985
0.91586596
0.8875949
0.95622814
0.9162077
0.77340865
0.8045519
0.9146663
0.8622482
0.7491914
0.8398324
0.8449971
0.6839222
0.8402715
0.6813834
0.90327466
0.910715
0.74946797
0.8833629
0.9549982
0.84009606
0.84921014
0.79801214
0.8534347
0.8362685
0.78506196
0.8733394
0.8325455
0.9364402
0.78680956
0.93832517
0.9160422
0.74573326
0.94094336
0.9077857
0.851184
0.64068663
0.83980465
0.9237254
0.91520935
0.7163468
0.8947517
0.8618804
0.8016076
0.91614753
0.9099455
0.8641133
0.9192091
0.71916485
0.93490815
0.8482969
0.8838673
0.95395786
0.7337277
0.808257
0.6417383
0.8745095
0.92513883
0.6722267
0.81470484
0.6077665
0.84862894
0.9679345
0.8518982
0.71958935
0.7926302
0.89366084
0.9064577
0.92249584
0.8804796
0.9331334
0.8676297
0.9729976
0.8238354
0.8967385
0.886238
0.88898265
0.79317033
0.83792347
0.90432084
0.89277065
0.8600951
0.8383322
0.7967118
0.795698
0.9274946
0.97174555
0.9334156
0.8266592
0.87324554
0.9402669
0.67721623
0.56925327
0.78982097
0.7904397
0.8244791
0.8679583
0.82473075
0.7979367
0.9040341
0.9161682
0.74658215
0.9193725
0.8569752
0.7363571
0.8103876
0.92937374
0.9133419
0.8710487
0.62871987
0.53467077
0.90686595
0.9087138
0.7002126
0.9127148
0.91371214
0.9869069
0.9338313
0.82368124
0.9443789
0.7931877
0.8388094
0.78740656
0.96358645
0.90376806
0.9182221
0.9027252
0.8732044
0.88844424
0.74336135
0.8817727
0.9356632
0.7555647
0.75604886
0.93691385
0.90844476
0.8832111
0.9180107
0.8851197
0.8254728
0.8321376
0.9244323
0.9284995
0.82901543
0.93509364
0.84130687
0.8245898
0.827394
0.9165492
0.9190446
0.8778736
0.8909003
0.95910686
0.8837982
0.9393523
0.9622983
0.93742645
0.8772282
0.92245734
0.9424927
0.8198118
0.75868744
0.8015587
0.8425542
0.86129236
0.93207663
0.951923
0.81627464
0.8734624
0.90164894
0.9503014
0.8347439
0.9106419
0.9313585
0.90261066
0.89631283
0.9321583
0.8260591
0.8969868
0.94678116
0.62748957
0.9080826
0.7239648
0.96761954
0.8242252
0.96855885
0.78584945
0.89453536
0.9636854
0.93050563
0.8440666
0.8509116
0.89138013
0.80344373
0.8399128
0.9465726
0.82196045
0.8680352
0.9208325
0.73766685
0.78907233
0.96725905
0.61820906
0.9266812
0.93923336
0.91031325
0.8464543
0.83643144
0.77235055
0.8514327
0.9681188
0.9510914
0.8858688
0.6951308
0.87516314
0.852319
0.88676184
0.87584025
0.43713182
0.8077866
0.8752491
0.97271645
0.91261667
0.9061812
0.8286722
0.9569358
0.6563894
0.7386515
0.7546357
0.8547178
0.5363842
0.8775096
0.38130373
0.8872814
0.91864085
0.9417947
0.6572398
0.98288566
0.9491618
0.8825229
0.8455119
0.76116705
0.782074
0.7365207
0.9572959
0.86421275
0.7340055
0.86378294
0.9028536
0.838037
0.88571674
0.826101
0.9247478
0.8444005
0.9299122
0.86058724
0.62693614
0.680722
0.83775973
0.877431
0.8927585
0.7811052
0.90084654
0.90558445
0.8416466
0.9433787
0.88981175
0.66578877
0.90024674
0.797785
0.8771969
0.8060619
0.990698
0.6405344
0.8600421
0.89526033
0.8460269
0.941905
0.8745579
0.8366376
0.87827784
0.90979624
0.85681444
0.93293685
0.78173065
0.87114644
0.80624604
0.7633153
0.6809828
0.9066263
0.7848359
0.86286324
0.93455875
0.9704961
0.6910294
0.8047279
0.7008378
0.91467243
0.88003635
0.89068377
0.8107436
0.778449
0.90841573
0.81845415
0.91952825
0.86398995
0.78605187
0.81298864
0.82058
0.8747444
0.7557758
0.8180513
0.7799439
0.9106827
0.76865715
0.8711076
0.9680045
0.9144215
0.8337795
0.90314233
0.81211686
0.7915337
0.68821365
0.44800696
0.9477269
0.8011335
0.749052
0.83456117
0.9186608
0.8617443
0.71609163
0.69274646
0.93585414
0.85454404
0.8344385
0.86313874
0.9091957
0.8849665
0.74686605
0.87553906
0.75712484
0.853837
0.94443524
0.94494253
0.7792615
0.7798748
0.922338
0.70324284
0.68473566
0.88591415
0.92229325
0.865073
0.59993505
0.869161
0.80026054
0.9643296
0.94413745
0.85551053
0.80331296
0.935056
0.9509824
0.93820083
0.85070044
0.7158458
0.75984085
0.6960857
0.8241521
0.9118211
0.9639575
0.96854866
0.86255604
0.8493239
0.8336292
0.74605906
0.71300536
0.71195376
0.89913225
0.8433313
0.8265712
0.8047978
0.89437544
0.83436203
0.9273751
0.96667224
0.91665936
0.85101205
0.874956
0.7658815
0.7290711
0.95569354
0.88621044
0.67334366
0.83534944
0.8594698
0.9421699
0.87787956
0.9495599
0.9161199
0.94092226
0.9131595
0.84056276
0.97208095
0.84146667
0.8960283
0.71105164
0.9380541
0.87494713
0.9616206
0.8825182
0.84484565
0.90143263
0.87330085
0.83245814
0.8347163
0.9004364
0.63600355
0.95323503
0.85246056
0.8629648
0.80156237
0.8502058
0.85962325
0.8882613
0.902109
0.9270032
0.853941
0.8353648
0.75799596
0.7412132
0.8888117
0.64210856
0.86717945
0.5804727
0.63545996
0.88221866
0.8384449
0.7457728
0.82268345
0.6922762
0.92440367
0.8937732
0.7364528
0.8106395
0.8752191
0.7622472
0.8672911
0.94542515
0.92413163
0.58013266
0.62002367
0.9098557
0.84379286
0.9318114
0.9548963
0.8270399
0.85724807
0.785085
0.89446795
0.9635395
0.8261759
0.92153704
0.8726783
0.7526869
0.81253386
0.71857786
0.79404414
0.8162382
0.8226346
0.84679425
0.7793356
0.86541665
0.8620036
0.80198133
0.9622264
0.7902499
0.8483698
0.81077605
0.7059072
0.9458485
0.79013765
0.91299415
0.68436664
0.85745054
0.84110445
0.4968114
0.8351991
0.90268564
0.91396594
0.9093206
0.85516596
0.92038643
0.92540073
0.7547687
0.83552253
0.76662374
0.79387605
0.9531433
0.84003687
0.8747886
0.8859782
0.9493014
0.9196114
0.51608515
0.73707736
0.80641216
0.95698494
0.7555105
0.75561327
0.8173144
0.87930834
0.88880503
0.9339639
0.57230693
0.89515346
0.7388754
0.9701712
0.901582
0.84865093
0.9444517
0.9003832
0.73928344
0.7608834
0.79077774
0.9098196
0.9537566
0.8466093
0.9153942
0.8728127
0.7835401
0.55100846
0.83733416
0.9304998
0.9250643
0.9733573
0.9444961
0.89432555
0.85390466
0.9038952
0.7811189
0.9119924
0.8019828
0.85259354
0.7851469
0.9276286
0.9311567
0.8100311
0.8983505
0.8262184
0.7284243
0.8463165
0.88600665
0.9601384
0.772001
0.87944996
0.7229182
0.8764951
0.86263716
0.84128875
0.8293331
0.85625273
0.8129671
0.9788929
0.8171079
0.9389349
0.6764295
0.67774415
0.72294414
0.6918394
0.9499234
0.78334737
0.7850555
0.86298996
0.72783005
0.84683573
0.76875085
0.8354814
0.904516
0.8246475
0.9475773
0.8562067
0.75291455
0.913695
0.4751685
0.8827317
0.7214531
0.88898337
0.85180134
0.8772384
0.87335587
0.7383
0.8385336
0.86867553
0.82436913
0.91672194
0.79170895
0.8462193
0.8458069
0.9074202
0.88375604
0.92457014
0.73015696
0.89383566
0.9630017
0.76486343
0.83723617
0.8073858
0.81917906
0.5127572
0.9257784
0.6779765
0.8750492
0.94646156
0.9445611
0.90321493
0.9612473
0.81353986
0.7336433
0.8860758
0.63910496
0.6676785
0.8734526
0.83358145
0.8078123
0.85455537
0.8547058
0.96525806
0.9479746
0.7796621
0.90440965
0.874208
0.8108615
0.9180034
0.8338724
0.7811225
0.72870094
0.81922626
0.8522005
0.85066766
0.77538645
0.9141938
0.93525016
0.84727776
0.9592094
0.7981985
0.892861
0.83631176
0.935707
0.8394767
0.9030535
0.87442756
0.75964063
0.88355815
0.868458
0.84520334
0.7753272
0.79342896
0.8132295
0.9738179
0.78979397
0.8494992
0.89327276
0.9144316
0.7912624
0.9237526
0.8547142
0.90706825
0.8202981
0.7939144
0.7517058
0.9050068
0.82005876
0.9642527
0.84829444
0.89775455
0.9088712
0.75952685
0.49026546
0.82331055
0.91978633
0.912416
0.53692895
0.92433864
0.9040481
0.80179304
0.7556898
0.9386963
0.46397364
0.6773229
0.8985933
0.8897277
0.68310094
0.8164287
0.88317525
0.879204
0.4394408
0.94626045
0.87133485
0.90654105
0.8347653
0.7835345
0.7221565
0.69757944
0.74830973
0.82658786
0.9666825
0.82932186
0.94870317
0.9198483
0.8683384
0.8998451
0.67939705
0.89235556
0.7846805
0.6941998
0.98482305
0.8462584
0.7270314
0.92457813
0.92446005
0.8266791
0.8770484
0.8699019
0.93427765
0.8710385
0.8335509
0.9044191
0.8909531
0.8740316
0.8795047
0.78530777
0.57557285
0.8305036
0.7328552
0.65216506
0.7960906
0.6914052
0.8611344
0.7710103
0.8099178
0.65574074
0.8360905
0.7138752
0.7984012
0.9140794
0.965617
0.88563764
0.96535325
0.6938312
0.74509895
0.7513195
0.8708895
0.90381116
0.9110355
0.82821417
0.8988207
0.788387
0.8738445
0.9077809
0.91782284
0.7120294
0.96984255
0.6989759
0.8348937
0.8241844
0.80459166
0.8524543
0.8246786
0.9631328
0.5851953
0.888022
0.9198934
0.80780005
0.892491
0.854282
0.81005865
0.9313125
0.8670831
0.77423376
0.95652485
0.8368236
0.8698051
0.911206
0.65134966
0.85909706
0.89670545
0.9419395
0.85769916
0.81786335
0.87850034
0.7969808
0.8590842
0.9174183
0.8229799
0.7876021
0.8168113
0.8313123
0.94034535
0.8584361
0.91910625
0.95536333
0.87656575
0.77700555
0.9362711
0.71237636
0.5032766
0.7522601
0.6635474
0.88679427
0.9641434
0.86018485
0.9230031
0.69414043
0.8953073
0.82114947
0.76135975
0.7156192
0.97734195
0.8378411
0.79433346
0.8164948
0.891011
0.70157206
0.87936544
0.6927968
0.87306625
0.80852556
0.94680166
0.856099
0.9364663
0.8591248
0.9346229
0.74289894
0.88458276
0.8877951
0.7322891
0.7852651
0.76977706
0.9031753
0.8965689
0.92296416
0.7637118
0.87462527
0.90235996
0.6851084
0.91093475
0.933675
0.75311434
0.9449973
0.755973
0.71824723
0.8439397
0.8169321
0.7856217
0.8605584
0.95178634
0.9370951
0.5142603
0.9247046
0.8014991
0.94389546
0.878392
0.78276205
0.9281112
0.8866675
0.8768001
0.877417
0.92271966
0.92561364
0.90343314
0.8823614
0.8594077
0.96091974
0.47881907
0.90831155
0.93377
0.6958008
0.91942596
0.9495462
0.92674375
0.9001759
0.6308548
0.85437906
0.6900084
0.79525924
0.6201269
0.9548939
0.9227698
0.9503179
0.7351126
0.7705492
0.9338003
0.8982614
0.9281242
0.77623355
0.9564646
0.697893
0.955732
0.86430657
0.8955239
0.777831
0.75867844
0.93413687
0.75116783
0.8522119
0.82938254
0.8799102
0.95041466
0.8862522
0.5571948
0.78466445
0.95930904
0.94422334
0.8445121
0.9051897
0.77176464
0.8255631
0.8721565
0.89941126
0.94128215
0.8620146
0.9508592
0.75480074
0.8652121
0.9122156
0.8969027
0.8564897
0.8947018
0.6375499
0.85665196
0.7876694
0.9272918
0.76638156
0.85855806
0.84671223
0.9305837
0.8257062
0.9235111
0.7317569
0.82072216
0.88000834
0.733546
0.8563109
0.96290064
0.8826044
0.83848107
0.88615066
0.78158045
0.93385136
0.7972089
0.95369434
0.94073915
0.83321774
0.8759079
0.9624534
0.8762465
0.9492373
0.95173347
0.92295575
0.77458715
0.83599305
0.8024732
0.91606456
0.8293776
0.8904472
0.9510516
0.91797656
0.7477218
0.8150284
0.93259203
0.92829216
0.9120846
0.8951898
0.8742549
0.7477935
0.9460149
0.8210477
0.9519763
0.87975514
0.92270076
0.81500554
0.937488
0.85988307
0.8750337
0.90192366
0.8025245
0.9081242
0.88388073
0.87443835
0.9454688
0.84597254
0.75809586
0.9601131
0.846601
0.79973745
0.85191894
0.9493648
0.9377794
0.90358895
0.86083114
0.9430921
0.8824007
0.9284375
0.8166218
0.73220694
0.93296784
0.85245067
0.91249627
0.7200528
0.6474704
0.93616277
0.9053204
0.91748106
0.927138
0.95168114
0.84597623
0.9166001
0.8041788
0.9779687
0.74039704
0.8800133
0.73553705
0.8660505
0.918126
0.7981038
0.5142952
0.638851
0.90956295
0.89392513
0.91067255
0.96759695
0.937503
0.9484483
0.8658062
0.93709797
0.9823139
0.8839141
0.9435004
0.8486849
0.700378
0.9540685
0.8729311
0.9598552
0.815347
0.8251342
0.95268905
0.9507215
0.952573
0.76814514
0.9021485
0.9362316
0.86262095
0.89886725
0.8787373
0.86069
0.9138943
0.8828137
0.8822242
0.923719
0.8059242
0.7998145
0.7825043
0.7747437
0.6430242
0.8493603
0.94241023
0.83765304
0.7472828
0.92625266
0.70577395
0.7076613
0.7955859
0.63064784
0.70195365
0.9120816
0.7839306
0.897129
0.8094846
0.8404773
0.93132627
0.95356745
0.81514245
0.95060337
0.95997554
0.95373255
0.78958666
0.651471
0.80651987
0.78156054
0.853198
0.71379083
0.8988689
0.7512171
0.88807386
0.91942936
0.73006195
0.8839166
0.8195893
0.8284663
0.90886587
0.6821961
0.95329225
0.83645546
0.85714424
0.85485137
0.5364196
0.6817208
0.5257499
0.9063599
0.79533756
0.8390672
0.87846977
0.9089015
0.832585
0.8350955
0.5700095
0.83661157
0.9184879
0.8938376
0.8221932
0.8973567
0.6311704
0.7642586
0.9563054
0.8012179
0.92020804
0.9149194
0.95397633
0.9363687
0.9579254
0.59645206
0.7884217
0.7782334
0.70108855
0.8570634
0.58423245
0.93327993
0.8921752
0.8509907
0.8606974
0.8642793
0.90399593
0.8779077
0.72179496
0.8869889
0.6475005
0.8878606
0.90057176
0.76952195
0.9103412
0.72798383
0.44116455
0.6978522
0.7231716
0.9345617
0.9536691
0.90070534
0.8751005
0.7519877
0.8265308
0.9389087
0.93581945
0.8357303
0.8940847
0.91310024
0.92358017
0.83330023
0.75558585
0.8924191
0.9374809
0.56490386
0.8049989
0.9028947
0.8921554
0.8191997
0.86963636
0.71951246
0.8127693
0.8295089
0.805726
0.8645942
0.74230754
0.8922227
0.962323
0.9361082
0.9522989
0.9058278
0.81905603
0.8611072
0.6370756
0.8951235
0.91110885
0.71774393
0.8789204
0.69888467
0.9248766
0.6461329
0.7938924
0.9294049
0.84336674
0.5187317
0.82355565
0.91246533
0.75503266
0.93484014
0.92620873
0.7953375
0.9577353
0.8110901
0.9164674
0.95355386
0.92825747
0.5847226
0.9381508
0.84407616
0.82442373
0.8339232
0.935324
0.8376429
0.90054345
0.9405969
0.9565998
0.9293671
0.9098226
0.8546499
0.7216501
0.9338791
0.789274
0.8810509
0.8670835
0.8687334
0.95253384
0.8281058
0.95214367
0.56993866
0.89262253
0.8368523
0.80147743
0.8757125
0.84480536
0.8786945
0.9653375
0.8659502
0.6698557
0.81181884
0.8269009
0.9052737
0.94678557
0.9480499
0.7482561
0.8710625
0.8843701
0.8732159
0.8023818
0.7423631
0.7919849
0.8938181
0.9089724
0.8476285
0.5537393
0.86045074
0.91912365
0.8223749
0.7449907
0.8546077
0.6524276
0.9175205
0.95766664
0.8881329
0.8100239
0.89652634
0.7225869
0.8817489
0.85413
0.73658776
0.9293937
0.86734086
0.8837426
0.77690184
0.87485033
0.9338174
0.8785453
0.8599097
0.80413926
0.8780426
0.96097624
0.7597154
0.87789524
0.9189135
0.9316704
0.8749428
0.84856373
0.7942556
0.87516487
0.85402745
0.92334265
0.7010345
0.91519046
0.87125826
0.85977626
0.8880993
0.7954922
0.70328707
0.8861107
0.83960086
0.7173522
0.80742556
0.77503747
0.9404811
0.9223262
0.9179942
0.66929895
0.67437214
0.8317661
0.8821708
0.8480589
0.6552369
0.8993585
0.85971475
0.7525665
0.67676663
0.90277493
0.62269396
0.94620377
0.76145047
0.943328
0.8117335
0.9287973
0.8802872
0.7132486
0.89044344
0.8764038
0.85016924
0.79774517
0.8727687
0.72498214
0.91118014
0.8849384
0.8948361
0.8422957
0.78692913
0.92900896
0.9211067
0.8948674
0.7245253
0.9481716
0.86032593
0.7795682
0.9256831
0.87803435
0.8206851
0.8864765
0.90095574
0.9298566
0.9325323
0.7940155
0.85805017
0.86479414
0.8997987
0.8816189
0.914803
0.8602117
0.79601717
0.6560926
0.7165916
0.81714475
0.91859007
0.93929714
0.8956418
0.6416137
0.85840833
0.7437325
0.78755057
0.93959796
0.68011284
0.8258724
0.79711294
0.92206484
0.89699864
0.8848524
0.9689903
0.9214475
0.8754499
0.79419434
0.668437
0.825818
0.8009047
0.7890974
0.8992331
0.8703724
0.87418854
0.8399308
0.879063
0.9452245
0.9157636
0.82991284
0.8502311
0.9644272
0.9656558
0.6682379
0.82049423
0.92134976
0.8656843
0.7035808
0.8224346
0.89414114
0.78667074
0.69915736
0.85112524
0.8177002
0.8535974
0.8811578
0.85125995
0.8323728
0.8568162
0.8046339
0.8976571
0.74830586
0.92550576
0.7218567
0.9176767
0.8454945
0.9690451
0.90420413
0.6508051
0.9343143
0.93233573
0.7734972
0.8389945
0.79447997
0.7949527
0.8195283
0.8046101
0.9178567
0.73206156
0.8782235
0.7688573
0.8875219
0.82118624
0.87191343
0.9227281
0.8585595
0.88909537
0.91964763
0.96667874
0.93638206
0.9357781
0.61367744
0.8269371
0.9079026
0.7288047
0.595354
0.89072114
0.8993255
0.8455671
0.7556045
0.737659
0.8870257
0.91776264
0.84197664
0.39593452
0.86832637
0.8451543
0.93283683
0.9623209
0.94472563
0.92276585
0.58717084
0.6379794
0.44280946
0.95082664
0.96457785
0.80170816
0.9173909
0.8192135
0.44507664
0.89414203
0.69335425
0.8547085
0.36709985
0.28150544
0.7156064
0.867422
0.7619183
0.8191483
0.8657804
0.70996916
0.8155293
0.92135346
0.8440777
0.9215828
0.8948308
0.871606
0.8186931
0.9101109
0.90485036
0.65623003
0.90140766
0.8578566
0.91514444
0.8123927
0.78655577
0.8895946
0.9089894
0.83793867
0.7895644
0.68696845
0.78536147
0.87044585
0.8453758
0.8811843
0.93542373
0.94095165
0.8515484
0.7934147
0.94937587
0.7525354
0.9586685
0.84197825
0.7689911
0.6720705
0.9210463
0.7903186
0.86024505
0.8649927
0.8742595
0.74507844
0.8112229
0.74397373
0.89421874
0.8713713
0.9353239
0.92610586
0.81448686
0.8651811
0.9778276
0.80482143
0.52377146
0.9412172
0.8589123
0.78868556
0.9227102
0.9389916
0.873873
0.8854734
0.95143354
0.8498202
0.8767974
0.79495186
0.9820924
0.9132296
0.74986684
0.6692326
0.7791383
0.6709873
0.9314923
0.7940285
0.6701816
0.89198816
0.86028135
0.84699154
0.933253
0.8697598
0.54203606
0.86268604
0.84422195
0.778605
0.7760701
0.8948387
0.9213507
0.9163652
0.9229183
0.89060485
0.92323667
0.87051964
0.74832654
0.8076267
0.77625924
0.9248223
0.84219986
0.7405142
0.69709754
0.8041874
0.91372263
0.8259569
0.88692033
0.8136318
0.9205121
0.95545214
0.96318793
0.8266844
0.68331677
0.9239556
0.7861151
0.89166987
0.8527783
0.78594494
0.9491353
0.92595965
0.8956705
0.7407483
0.7678337
0.62485766
0.60400885
0.9322104
0.95572233
0.9493611
0.8741789
0.81504905
0.9246127
0.7963231
0.8447183
0.84699285
0.8534823
0.7437135
0.94231296
0.7840414
0.9046681
0.8404856
0.90701663
0.8713238
0.7040993
0.84623075
0.7480471
0.83448344
0.75411963
0.8165047
0.81757176
0.87497
0.9369928
0.8506447
0.9123208
0.85454404
0.58669007
0.78179973
0.8902239
0.95212674
0.78996724
0.920517
0.8765247
0.8513309
0.91081977
0.8972462
0.95896316
0.8893847
0.841372
0.9270917
0.920032
0.8986542
0.8848734
0.69969255
0.7767543
0.9800712
0.8526957
0.8826266
0.906018
0.77913296
0.82314825
0.7829255
0.7647353
0.75159043
0.8521385
0.82762045
0.8829184
0.78705907
0.77430785
0.89641935
0.910825
0.89236534
0.826062
0.8098781
0.9364497
0.6497983
0.8448167
0.8323852
0.7249163
0.86896986
0.83130896
0.93698806
0.9431742
0.9542553
0.7349713
0.93280196
0.744208
0.7677255
0.46122947
0.71682036
0.88909477
0.8952368
0.934724
0.78538674
0.8384926
0.6424813
0.6852761
0.85320354
0.8005157
0.8777874
0.7957666
0.7557558
0.81709105
0.8448978
0.9419925
0.62526387
0.9076532
0.73342115
0.88246745
0.8548124
0.7797524
0.873742
0.61602175
0.7817937
0.86739624
0.8089607
0.90411854
0.85364616
0.9157264
0.43945414
0.9553375
0.84489286
0.8296935
0.8419575
0.90398777
0.8603907
0.9354087
0.7777151
0.6947806
0.8430286
0.5169943
0.84613866
0.9410918
0.70804554
0.83869755
0.75598794
0.8957313
0.8689146
0.9625571
0.95038503
0.90146816
0.81262213
0.8712266
0.7532421
0.70094705
0.9380834
0.83879036
0.7585456
0.968851
0.9600796
0.89476615
0.85136443
0.8613116
0.93215007
0.81186306
0.93626606
0.8085298
0.8686166
0.6183381
0.83926886
0.7595515
0.845811
0.95475554
0.9423618
0.9318978
0.77316946
0.77809775
0.9130523
0.85680056
0.62777513
0.7829415
0.730877
0.9047327
0.9444243
0.94225746
0.7661865
0.8082554
0.7964319
0.86670995
0.84415144
0.59036756
0.812601
0.9272935
0.9359548
0.9014939
0.8515625
0.84621185
0.77693635
0.9044491
0.9533506
0.83145696
0.8636677
0.8607929
0.6796272
0.7345598
0.7887696
0.60000557
0.9396679
0.88612396
0.8370824
0.8831879
0.8486387
0.9004679
0.8343835
0.761444
0.79386103
0.9192069
0.70925266
0.9709766
0.8284921
0.58299875
0.6168434
0.7211213
0.8663214
0.9316658
0.8842486
0.9300217
0.6789837
0.8874519
0.76924187
0.88496304
0.8741734
0.92632383
0.96076083
0.9650803
0.85680664
0.8489059
0.9002617
0.84969515
0.9149211
0.9587413
0.7778301
0.6736019
0.9110296
0.8110781
0.89670074
0.93085104
0.8920648
0.8046542
0.84931505
0.81207585
0.9553081
0.8733005
0.79354596
0.86644477
0.8944585
0.942582
0.9614623
0.83716446
0.8962944
0.6719729
0.8690423
0.9394002
0.8017141
0.87523735
0.83771574
0.73408717
0.7658503
0.88029885
0.9298579
0.6904449
0.97306347
0.8755927
0.9358769
0.91437393
0.73396
0.8927219
0.82867944
0.8923811
0.75088584
0.728655
0.94379497
0.8940823
0.8766239
0.8211709
0.95447606
0.9346521
0.959147
0.87800676
0.91021854
0.8639525
0.96208656
0.8545598
0.8609564
0.89743227
0.7581522
0.8704802
0.8525539
0.69685936
0.95876503
0.7048686
0.8965095
0.8308685
0.7342148
0.8900442
0.9052004
0.8576661
0.9291153
0.9578148
0.8171668
0.7591664
0.7142619
0.9337525
0.91406643
0.9046692
0.8572897
0.76123995
0.8603363
0.8933592
0.793748
0.94926983
0.9052593
0.96484923
0.8532522
0.7400985
0.95571405
0.7782926
0.9199902
0.78637326
0.9701781
0.81509346
0.88266945
0.7813115
0.90894157
0.87417245
0.8628838
0.97258663
0.957207
0.76858556
0.97619945
0.761206
0.82669365
0.894696
0.8915621
0.82313365
0.96610785
0.8427203
0.8551963
0.9114528
0.94217616
0.96538115
0.92390585
0.91246575
0.84329456
0.81164795
0.96079683
0.59028316
0.66434205
0.8889259
0.7644
0.7272541
0.89728844
0.70059043
0.83962774
0.9412688
0.85700196
0.8595038
0.9119765
0.8569911
0.8712605
0.88478047
0.7454183
0.92361575
0.83743
0.9239633
0.94070446
0.8233511
0.6724728
0.76483446
0.8852928
0.87185246
0.8535902
0.93258584
0.9472577
0.79798836
0.87163067
0.8316579
0.86474115
0.85617566
0.9661126
0.79652
0.8760354
0.81427574
0.75500786
0.9388474
0.82425827
0.81373227
0.7918379
0.9330477
0.8862627
0.830466
0.8986992
0.8419392
0.8089619
0.94041175
0.73591924
0.76230174
0.80123067
0.8524974
0.58302563
0.7911774
0.8777208
0.9378393
0.8691804
0.9302555
0.9296159
0.8946651
0.7134935
0.6757405
0.7881566
0.91605383
0.67407626
0.785405
0.8080222
0.7534013
0.9070757
0.9485018
0.8456576
0.9069296
0.8122423
0.7095283
0.9251194
0.765691
0.8561314
0.91157526
0.8303161
0.9163703
0.91594124
0.9067032
0.7509792
0.9150069
0.9110463
0.949209
0.97597456
0.819366
0.9344301
0.928033
0.84758127
0.6890138
0.87272835
0.90514994
0.7299006
0.9013765
0.9355586
0.76599634
0.7182961
0.92119277
0.9097903
0.950935
0.93589616
0.81083107
0.74801344
0.9388536
0.8264531
0.8319479
0.711703
0.90044093
0.63997847
0.6781636
0.8901566
0.6300261
0.58792984
0.89123166
0.7971104
0.9347433
0.7255048
0.8994431
0.90333706
0.919099
0.83950204
0.7863254
0.89985955
0.8512503
0.8437141
0.7242143
0.9413131
0.8616851
0.63025844
0.955975
0.8086431
0.8838147
0.9372663
0.9274956
0.95588446
0.86076033
0.77347434
0.9091606
0.9052826
0.65817136
0.778988
0.7399043
0.8940044
0.9713142
0.7282747
0.7828819
0.7914883
0.9204507
0.74401987
0.95064056
0.828267
0.9518426
0.69468796
0.81276816
0.87850183
0.7941762
0.8526068
0.71826184
0.84227073
0.75752735
0.8154595
0.7530505
0.9458762
0.5754484
0.57886827
0.82690406
0.91350293
0.95092964
0.84971136
0.85210645
0.837534
0.9826654
0.8717253
0.96592677
0.7558435
0.6978132
0.8554001
0.96234906
0.84163094
0.9532858
0.9718157
0.90088975
0.88639075
0.6828119
0.80650413
0.7515359
0.83995837
0.8420765
0.88355505
0.63182265
0.8916835
0.5526268
0.8882077
0.8296821
0.82848966
0.7605642
0.8410365
0.8479854
0.8399559
0.7730701
0.8614903
0.92214155
0.7008246
0.8871354
0.9130889
0.96359265
0.9233264
0.6131973
0.9359696
0.91769737
0.8054441
0.8129054
0.9139208
0.7841689
0.87384856
0.9254246
0.96887684
0.62721646
0.9875186
0.7034917
0.82000625
0.9301314
0.8155962
0.8230112
0.8223594
0.9120766
0.858547
0.9544911
0.9085826
0.7472228
0.7053989
0.9066026
0.81029665
0.7364067
0.87029666
0.9547546
0.88884467
0.9271721
0.9557286
0.7911631
0.9307572
0.87831414
0.8906561
0.8759009
0.8007088
0.785081
0.9590467
0.81434
0.91550887
0.94760126
0.8795941
0.86123705
0.9020317
0.92199767
0.8616433
0.95641327
0.3740011
0.87138826
0.66288286
0.9143059
0.81132966
0.5622611
0.6672492
0.785211
0.83315873
0.8364621
0.8986808
0.97638077
0.80133617
0.929501
0.86794007
0.8517983
0.7532366
0.86283714
0.8209573
0.9590428
0.5132985
0.8255747
0.83634526
0.90029013
0.8649226
0.8324077
0.7867806
0.79881346
0.8277279
0.756811
0.825439
0.95004356
0.88346887
0.80094314
0.7719043
0.84457946
0.77563554
0.9042479
0.90478915
0.8304286
0.7945579
0.85434115
0.94972366
0.91562086
0.9567747
0.70509243
0.8734908
0.8757538
0.65404326
0.8646671
0.9468755
0.90666234
0.8072251
0.91609526
0.9244445
0.8851682
0.60310465
0.80944395
0.8127229
0.9672761
0.8127394
0.94100314
0.85908395
0.8928419
0.96139365
0.87631655
0.84740716
0.8978523
0.96308655
0.8992876
0.5413648
0.9440414
0.8973037
0.75080395
0.79335916
0.82966316
0.84857523
0.94119906
0.9149314
0.8601564
0.69062877
0.8559146
0.85946923
0.70315236
0.78363436
0.9207694
0.94672096
0.7662544
0.84917235
0.8362813
0.9216971
0.84147733
0.7591615
0.7953642
0.84888643
0.8682574
0.88134027
0.9044663
0.7428806
0.8103748
0.8588478
0.7978213
0.90266997
0.75857455
0.723598
0.61891353
0.6708968
0.90313673
0.6640404
0.90818405
0.9417434
0.8542132
0.6935256
0.73776037
0.9151161
0.72260493
0.9423874
0.8657996
0.8494368
0.6936672
0.6859337
0.71331245
0.8382747
0.7306894
0.81971604
0.75635445
0.77154255
0.8208576
0.96295893
0.6069391
0.8044138
0.742029
0.86565983
0.8701444
0.78441644
0.8754454
0.9446482
0.8277385
0.9107517
0.74245536
0.93358606
0.5910864
0.86047864
0.9222971
0.80551594
0.7319339
0.6624668
0.88645244
0.8630384
0.8930563
0.57639575
0.6015587
0.89708847
0.91210914
0.87693095
0.77876985
0.8266574
0.87251997
0.86748314
0.87958777
0.8755255
0.86576855
0.7580042
0.9132056
0.9272381
0.9702623
0.790524
0.84678996
0.7225679
0.7929837
0.8615293
0.82028437
0.9206128
0.89093494
0.8637141
0.91501313
0.90619826
0.78937995
0.97087467
0.9356045
0.9005708
0.76053834
0.84249043
0.8564249
0.92135775
0.75263804
0.95489126
0.8859735
0.904845
0.8106032
0.82163143
0.91781765
0.6998522
0.46154225
0.70431966
0.9031409
0.835943
0.877759
0.8739231
0.6910609
0.92080414
0.9237693
0.8599353
0.7878007
0.78593975
0.8830785
0.93830454
0.93391085
0.9533399
0.785571
0.8341069
0.7595102
0.82302153
0.9139713
0.9036526
0.8837657
0.7064747
0.77469623
0.80297154
0.74167943
0.94403225
0.50468314
0.95378125
0.83123624
0.8838825
0.93986803
0.9209379
0.7411976
0.9398422
0.93468106
0.8574903
0.94380456
0.9108759
0.8293466
0.78200895
0.85522985
0.9470676
0.8784354
0.7194422
0.9284216
0.9084877
0.97492415
0.9349741
0.7870081
0.82920325
0.9735593
0.84450567
0.9500299
0.94269836
0.81549126
0.82538205
0.79672515
0.77108306
0.92525285
0.87794405
0.93521297
0.79836804
0.9722197
0.7134952
0.9305981
0.8643602
0.9010215
0.6551509
0.861901
0.8768996
0.78277254
0.9276879
0.9741941
0.8648398
0.9619797
0.8437221
0.778769
0.8343878
0.8945464
0.83579475
0.9471625
0.77312326
0.92973983
0.90662146
0.7855714
0.8518316
0.88969624
0.8537922
0.9471563
0.82738024
0.87659645
0.9176278
0.7652179
0.88315594
0.96493524
0.8670646
0.7424894
0.90724534
0.9014462
0.92202693
0.7449727
0.9359102
0.6776778
0.64390725
0.69536453
0.77927095
0.82697666
0.9090613
0.7399955
0.8538346
0.6597234
0.88146657
0.8537283
0.8783206
0.8997234
0.8952676
0.7992132
0.74293447
0.9121868
0.8479128
0.83998215
0.8653609
0.8872846
0.8976751
0.75416833
0.873422
0.8955177
0.7805105
0.89836204
0.85990727
0.933318
0.9158628
0.9205576
0.83665043
0.9191971
0.8486712
0.9338119
0.88024116
0.8097062
0.90405494
0.87476945
0.86437374
0.91965723
0.9162081
0.7180928
0.774983
0.7000549
0.7625325
0.7376065
0.9353678
0.8000486
0.72329456
0.81955886
0.8358955
0.9563165
0.54297036
0.89953035
0.88682586
0.79945046
0.83904076
0.8674215
0.89552003
0.8229463
0.9677539
0.92205566
0.79177415
0.8245649
0.6890671
0.8515034
0.9381552
0.8342249
0.8149747
0.9545092
0.80703557
0.88988686
0.7282399
0.8418473
0.9626464
0.95072216
0.85088
0.64318043
0.80835325
0.8415948
0.86985314
0.84926546
0.8423136
0.76564753
0.550962
0.9271088
0.8753637
0.914428
0.93128675
0.9265394
0.6938758
0.89219767
0.8532014
0.963673
0.8346274
0.89286643
0.76135784
0.88637733
0.7842884
0.64009726
0.5336038
0.7957761
0.8252374
0.91235906
0.80628246
0.85895324
0.89752114
0.8589486
0.94933933
0.82765925
0.84793967
0.7076019
0.8617862
0.7716825
0.7022746
0.9544022
0.8530656
0.6355139
0.8283587
0.895572
0.77097785
0.7453501
0.8541762
0.7772893
0.77793187
0.744452
0.6610918
0.39395356
0.7712345
0.78335893
0.89631236
0.9314679
0.77290285
0.7665601
0.8997954
0.9080113
0.7998089
0.82211745
0.9040332
0.7815029
0.9536566
0.86103636
0.7686099
0.79340005
0.7512239
0.8016044
0.7079411
0.90474546
0.84392047
0.64277375
0.7454996
0.90660334
0.84455204
0.83689386
0.96892047
0.57524335
0.7944251
0.7192094
0.83319736
0.9255532
0.93683666
0.9323632
0.8806175
0.8786059
0.9587637
0.7521434
0.90633154
0.8726161
0.82970184
0.9215164
0.72789544
0.748074
0.9193513
0.8711932
0.81432366
0.9676763
0.72547615
0.8848655
0.7355698
0.8970061
0.94027925
0.6794927
0.69195443
0.8154596
0.8588677
0.7212886
0.8652633
0.7407808
0.73044515
0.83920825
0.8056865
0.89295805
0.67890596
0.82145584
0.90102065
0.9304426
0.7309369
0.78348017
0.80784714
0.92123747
0.8236443
0.92186064
0.9195914
0.95278376
0.9707328
0.7956703
0.81600046
0.85617554
0.65383327
0.81664336
0.9393745
0.91868836
0.9051084
0.8567527
0.81938887
0.7298588
0.88907003
0.87133914
0.880381
0.8135657
0.8646049
0.85487473
0.92737186
0.9711172
0.5900343
0.89967275
0.62799096
0.9652228
0.7972272
0.7117057
0.6269347
0.82114923
0.9454582
0.8512829
0.855521
0.81592983
0.80029327
0.8641855
0.8279799
0.67617095
0.90208316
0.8974451
0.9296521
0.76252866
0.809048
0.87282443
0.7895084
0.8256535
0.7813076
0.95051825
0.9450022
0.74665153
0.8954301
0.769809
0.9023117
0.94550735
0.81657934
0.66634095
0.93060815
0.9467876
0.9470803
0.8341685
0.8926646
0.8476965
0.8792391
0.70109993
0.8899247
0.8966874
0.90057904
0.8994451
0.7141585
0.9356412
0.95839673
0.9044925
0.8290553
0.75381577
0.9549138
0.85584193
0.6275541
0.8088205
0.9768592
0.81384736
0.8578773
0.7638922
0.85344243
0.8937111
0.88654375
0.92533463
0.7823777
0.79028314
0.46403992
0.6525852
0.76225626
0.47734016
0.88355803
0.67751956
0.9105803
0.94038737
0.7925268
0.86613923
0.91612166
0.8820562
0.8664828
0.86759406
0.85874796
0.7983484
0.91163373
0.8969407
0.75846183
0.84004545
0.9011877
0.68275887
0.87236124
0.85864174
0.8139358
0.7200317
0.8733611
0.9067268
0.9059996
0.7490698
0.87657136
0.9393691
0.8640808
0.8581703
0.8833071
0.9642299
0.75603735
0.96213716
0.8621495
0.681198
0.8423941
0.86929506
0.770846
0.509181
0.85074997
0.8359934
0.7570867
0.68174386
0.77587193
0.81488174
0.9274263
0.7461763
0.8399742
0.7812858
0.7777681
0.7614967
0.6350357
0.9103229
0.7329368
0.6643428
0.8601767
0.8862525
0.8310263
0.9285059
0.87937605
0.8491256
0.94309235
0.8121207
0.6847971
0.87025905
0.81413525
0.77524453
0.9341829
0.83346426
0.9400578
0.9200008
0.8919047
0.7496741
0.7849779
0.84867626
0.8268002
0.65731835
0.8408747
0.7617287
0.80157906
0.8569844
0.9153311
0.8715061
0.681447
0.9275317
0.8973208
0.9004507
0.8456401
0.9057616
0.96342695
0.91586876
0.9193488
0.85956573
0.8839836
0.89808017
0.7320627
0.87984926
0.8865907
0.9224127
0.9651558
0.7690733
0.8558046
0.91712666
0.7001697
0.59962076
0.86196125
0.89407235
0.7923573
0.70726776
0.8843019
0.8420855
0.80325055
0.79701525
0.72844565
0.92753446
0.83910763
0.75164586
0.962277
0.91200674
0.6824204
0.91753024
0.7806611
0.8859143
0.8558159
0.8843895
0.9532654
0.79092824
0.90930545
0.7982926
0.9791936
0.9101786
0.94325507
0.9065981
0.790298
0.701921
0.7793853
0.81918377
0.90028113
0.8767657
0.72710913
0.8576215
0.73408836
0.9529109
0.71392727
0.84467727
0.9017686
0.9718618
0.8140125
0.93634754
0.90114
0.9253135
0.8624005
0.8305485
0.8707989
0.88616055
0.7567849
0.82004774
0.8875314
0.9273069
0.8302698
0.94405544
0.6437498
0.6943533
0.7378096
0.57534176
0.7527505
0.768585
0.90753126
0.8918273
0.7567017
0.7909527
0.9773505
0.89910805
0.7970161
0.62132806
0.84443843
0.8471467
0.6902558
0.7101482
0.740683
0.8859772
0.8539851
0.8441411
0.91955304
0.8332124
0.92153305
0.59975636
0.88364345
0.8126513
0.8943532
0.7041318
0.72579557
0.7645915
0.8130096
0.6955841
0.89523953
0.8903868
0.8679187
0.9266237
0.87468857
0.91802555
0.81809735
0.7990265
0.8354614
0.94995224
0.62380475
0.8892496
0.77365285
0.94611615
0.86302704
0.902294
0.9307312
0.91960084
0.925868
0.8140993
0.75699615
0.68511665
0.9332856
0.8199357
0.59717125
0.9637774
0.87375605
0.92849326
0.89154327
0.5524415
0.8828805
0.8207031
0.81958866
0.82491755
0.9340067
0.5893511
0.9232195
0.94911647
0.7876629
0.9574839
0.79911655
0.9094597
0.90581346
0.8702468
0.9303285
0.8987053
0.9250407
0.80378354
0.83938557
0.9463443
0.90295875
0.85943055
0.75665766
0.9317328
0.9185638
0.9414127
0.65293884
0.8164563
0.91554403
0.9102012
0.8329551
0.938213
0.9619069
0.7601282
0.8423529
0.887488
0.6739516
0.9162406
0.67906034
0.8309807
0.853156
0.8050293
0.7580357
0.7673704
0.8779392
0.7817253
0.7806264
0.6201085
0.8995534
0.81247383
0.89956194
0.9440553
0.8466792
0.82470655
0.74682426
0.9387754
0.83235097
0.9174672
0.6108518
0.9549776
0.85130703
0.9597106
0.90768933
0.89183074
0.81234986
0.6333574
0.8843261
0.87169087
0.92110825
0.8315792
0.9377523
0.7756626
0.9596011
0.90992194
0.771876
0.92380464
0.8687747
0.72691125
0.65200496
0.7460077
0.7725471
0.648634
0.8103385
0.88785213
0.8310009
0.5191869
0.75298595
0.7486235
0.8387079
0.9752265
0.7922719
0.7144888
0.8706518
0.8876399
0.9147308
0.7729954
0.93338406
0.8898357
0.82161313
0.7307358
0.70792246
0.8298088
0.8675549
0.8147137
0.7863023
0.94416517
0.8589616
0.95759535
0.8381834
0.82412195
0.9227928
0.92622906
0.8189366
0.83131975
0.78800035
0.75330913
0.8177384
0.91806906
0.75509644
0.8926479
0.95447403
0.9090827
0.91122794
0.7643117
0.8918167
0.77574384
0.84225243
0.9385802
0.7699043
0.94253945
0.71778935
0.93705803
0.8731749
0.8122141
0.81718665
0.83079267
0.66563994
0.7440113
0.8282777
0.9312663
0.9651629
0.92372763
0.8972866
0.59484684
0.95686
0.87048316
0.78296244
0.76160234
0.8050841
0.9225631
0.8974945
0.79220253
0.84001195
0.72630274
0.6960857
0.71006316
0.63037676
0.88729477
0.79890424
0.8831793
0.91419655
0.7202542
0.8762429
0.92300373
0.86053747
0.54519004
0.8864008
0.8320558
0.91755056
0.76638997
0.88205
0.8414013
0.9309411
0.69632775
0.7606458
0.89880717
0.87563705
0.5674757
0.9317528
0.7242518
0.765611
0.8047224
0.7388071
0.8799172
0.8530587
0.80793136
0.855066
0.8291376
0.80373526
0.92851263
0.78529006
0.90895593
0.8793658
0.75598645
0.810578
0.7933917
0.8589384
0.62628436
0.9167505
0.9105745
0.6344433
0.66023517
0.78785676
0.9513781
0.83312535
0.7279972
0.9218183
0.93336624
0.87254494
0.896211
0.83511513
0.8450063
0.867283
0.87770617
0.9007988
0.789799
0.84402215
0.88234895
0.9113643
0.9282454
0.8600533
0.91869193
0.76241684
0.9667661
0.7949216
0.6884063
0.9221293
0.8551187
0.91619396
0.645172
0.76591504
0.9170519
0.8661679
0.762529
0.7287312
0.9527683
0.85783106
0.9337867
0.8769917
0.8739942
0.8810134
0.93561405
0.7035482
0.8086403
0.9492146
0.7369478
0.70065045
0.6062864
0.9666695
0.77043366
0.8584611
0.90603507
0.65706205
0.79796153
0.8844248
0.8889141
0.96979576
0.8953458
0.9286423
0.6500865
0.95543945
0.88827246
0.68410873
0.93246096
0.74769545
0.79543924
0.7077227
0.76911205
0.88687277
0.61623144
0.76909566
0.7776817
0.875391
0.92737937
0.6494495
0.75882137
0.61974394
0.78444684
0.943879
0.82231736
0.90735
0.53357005
0.813669
0.8438753
0.9395665
0.89742464
0.75849223
0.87650895
0.7920589
0.8968854
0.80956125
0.76804644
0.92352563
0.77305317
0.85946137
0.9850577
0.72093713
0.9104767
0.9059226
0.6942701
0.95763147
0.7891484
0.86284924
0.74378574
0.8829994
0.96408224
0.8125514
0.7517421
0.8356589
0.9663115
0.935565
0.78906983
0.966256
0.8801613
0.93148667
0.7994405
0.9263186
0.85612124
0.80302
0.9710802
0.846965
0.8285175
0.9377578
0.8712063
0.73504627
0.9252691
0.8712916
0.70497125
0.8320189
0.9039966
0.8779359
0.8761183
0.9296586
0.9157802
0.88349915
0.9250401
0.784209
0.8171909
0.93694085
0.7016316
0.8526889
0.7920797
0.809341
0.79824144
0.8254834
0.82256407
0.7277008
0.8411524
0.8365
0.88104254
0.74261373
0.9187974
0.7893186
0.8223891
0.6808129
0.94337964
0.91117716
0.8708126
0.903312
0.9073081
0.5405677
0.7925675
0.8209683
0.8583145
0.7392249
0.72019947
0.93226165
0.88086563
0.8806614
0.8568518
0.7373075
0.85798365
0.66740906
0.9192715
0.9635893
0.8043646
0.8320844
0.77193487
0.8409938
0.8098872
0.91116047
0.8054073
0.94604313
0.88661784
0.7902886
0.8186444
0.78579134
0.8773012
0.9000869
0.56710076
0.7118554
0.56743556
0.94449604
0.7567132
0.49005818
0.8117845
0.7836766
0.8691241
0.8394198
0.8884958
0.8685496
0.8225349
0.90105003
0.82780015
0.97228754
0.80987155
0.8564366
0.73328364
0.7322098
0.9217894
0.93950593
0.58772254
0.9498023
0.92682165
0.914857
0.9225393
0.7692235
0.9037502
0.8871744
0.8308036
0.8071166
0.93916446
0.94800025
0.90943533
0.5635804
0.858915
0.8944387
0.9097171
0.813127
0.9392296
0.714588
0.81719744
0.92816544
0.7428058
0.64514685
0.8134344
0.8826412
0.8198022
0.8606659
0.9082527
0.87278324
0.85593987
0.86579657
0.9497887
0.8644559
0.8030153
0.7674221
0.73261327
0.9127592
0.8555558
0.8335081
0.6917025
0.85360813
0.8966082
0.7752416
0.842319
0.92682207
0.7290641
0.76385534
0.7802352
0.9149029
0.83324903
0.81430095
0.6416147
0.89053065
0.6774983
0.7258189
0.93606496
0.9171742
0.78028035
0.8372074
0.63964933
0.6448922
0.81972826
0.7673898
0.7781695
0.8068676
0.76461506
0.8489109
0.8760245
0.6616177
0.9367063
0.91610456
0.9185672
0.87838054
0.7819948
0.9518801
0.8656719
0.92700064
0.83658946
0.92107147
0.92496306
0.8242285
0.98361576
0.7513241
0.83410645
0.79744965
0.944651
0.7745113
0.94751453
0.84909445
0.77814746
0.7852724
0.64727867
0.8795408
0.7555452
0.95709634
0.94256896
0.89698267
0.8893635
0.8753726
0.9656899
0.9203207
0.6846465
0.9083407
0.9030074
0.9357722
0.8603753
0.7549374
0.7642682
0.8853053
0.93384534
0.9275525
0.87686944
0.9216591
0.97090507
0.7584077
0.6982225
0.7237084
0.89914703
0.6302445
0.8979544
0.8555057
0.9181009
0.57149434
0.69475764
0.6395688
0.8929686
0.87438184
0.77566004
0.8549148
0.91714877
0.9301046
0.8310011
0.9460534
0.7376416
0.9448354
0.80001324
0.91465783
0.8944755
0.71509445
0.870098
0.82449543
0.95134294
0.78686976
0.9034751
0.9011357
0.8596162
0.9030197
0.82729644
0.95373034
0.84146553
0.8604193
0.7499231
0.776474
0.8786236
0.86241543
0.8586335
0.7978831
0.41288376
0.9173644
0.9139461
0.76729304
0.8035805
0.8793364
0.89909375
0.9351387
0.57196105
0.84707713
0.8484054
0.71336627
0.6017897
0.62318754
0.7449685
0.8933279
0.9367335
0.5997647
0.8624885
0.7933868
0.61360765
0.6702929
0.76485896
0.9155507
0.6608197
0.74238944
0.8776297
0.76681507
0.97430336
0.9000584
0.8760508
0.76089233
0.8431966
0.9331696
0.7627479
0.74285966
0.8175546
0.9143835
0.78093225
0.94247836
0.3517324
0.7920322
0.9447912
0.818318
0.89360857
0.85585785
0.5790564
0.9049243
0.84890646
0.644549
0.8585558
0.8275881
0.7780974
0.6560368
0.75090116
0.86335176
0.7170431
0.75740033
0.8975417
0.5698073
0.88482594
0.864643
0.6697809
0.6513798
0.76646763
0.93416524
0.94305336
0.91589844
0.79037124
0.82451874
0.9679407
0.8672428
0.92243207
0.87432355
0.64304936
0.887604
0.7981636
0.89252603
0.72978425
0.8836451
0.89723104
0.5505937
0.81417346
0.94296706
0.7838259
0.92578506
0.814373
0.9417998
0.73990273
0.64198375
0.89299566
0.866048
0.5895386
0.84342825
0.911048
0.7631282
0.9200595
0.7501418
0.8669064
0.8855496
0.55091625
0.845685
0.7265271
0.79989976
0.86832416
0.9278512
0.7826189
0.81115866
0.77636683
0.77127177
0.9289943
0.93440014
0.96069646
0.7170701
0.7601857
0.8614755
0.87308985
0.87869406
0.6951186
0.7933792
0.8819823
0.8978595
0.79173994
0.77071375
0.8249399
0.823364
0.62625015
0.8266883
0.8949957
0.8973758
0.8936913
0.8924158
0.8406209
0.9319569
0.94490695
0.8147748
0.73846173
0.77139336
0.75645655
0.91219115
0.8724599
0.79982585
0.8203164
0.93984026
0.8913095
0.8949827
0.8699933
0.85411346
0.802031
0.8176063
0.88056225
0.72489625
0.9351342
0.84716517
0.8042268
0.74215335
0.7641709
0.8405773
0.7982301
0.95144534
0.7889097
0.7723524
0.80131984
0.8093318
0.49779972
0.7656455
0.75489926
0.76658595
0.6664895
0.9020914
0.9106218
0.7936997
0.84540176
0.9034302
0.7471829
0.8155843
0.8191909
0.7794464
0.92278785
0.9120599
0.7956545
0.8721973
0.83846414
0.9725013
0.6996423
0.91914284
0.950672
0.75803727
0.84270525
0.83582926
0.80585957
0.67822844
0.8801302
0.90607065
0.7661395
0.8009453
0.910775
0.72588664
0.90512216
0.9396373
0.95741165
0.843804
0.78559077
0.8208785
0.9311766
0.83574384
0.75817376
0.8814816
0.9615761
0.8854037
0.8750891
0.7846796
0.9210014
0.9783647
0.92266893
0.8526584
0.69657075
0.8799523
0.7668388
0.4071674
0.8402101
0.90831256
0.570702
0.8817829
0.8357073
0.8305893
0.7882479
0.8431523
0.86081153
0.8607739
0.7903519
0.79896426
0.80845404
0.8353472
0.934792
0.9446174
0.8277762
0.9024625
0.8539884
0.89121336
0.5415132
0.8389441
0.8338343
0.56684506
0.79261845
0.8814352
0.693658
0.752144
0.8839223
0.8538178
0.57600373
0.9197158
0.6640996
0.85214376
0.8688247
0.92051566
0.7602858
0.8462636
0.6606972
0.8284
0.7249114
0.78048503
0.9488808
0.9142495
0.83679473
0.694087
0.7583199
0.939026
0.80813766
0.53599185
0.944801
0.91966164
0.83748245
0.85914445
0.7976607
0.92201805
0.6674425
0.84671026
0.9092301
0.75115734
0.8319242
0.66582507
0.8540031
0.90438944
0.7426126
0.9112537
0.8912741
0.87313604
0.6802848
0.8255727
0.87103957
0.9002789
0.8119019
0.8920994
0.8396717
0.8727628
0.6089014
0.48080885
0.860085
0.8096198
0.7863261
0.8663597
0.85882264
0.94181454
0.9504379
0.82485557
0.9143136
0.8951975
0.82240665
0.9306058
0.888652
0.5403926
0.7542205
0.87815166
0.9118695
0.84441245
0.8385024
0.8524349
0.69614065
0.93250823
0.74291915
0.7767461
0.7421315
0.72791266
0.850416
0.8314101
0.48045635
0.88885355
0.87716055
0.788536
0.8758623
0.8788667
0.7745706
0.80935264
0.8513129
0.8397662
0.85176086
0.8691497
0.88240266
0.87781286
0.8140675
0.7963213
0.85449773
0.91237915
0.8194859
0.8888945
0.7425574
0.921682
0.84587145
0.8177885
0.7031465
0.8450476
0.97955734
0.66843027
0.8139035
0.89289266
0.8225821
0.94535017
0.8962187
0.84144163
0.6618414
0.9084769
0.8806308
0.7727153
0.56616664
0.75920224
0.70238495
0.715494
0.91942054
0.8689802
0.5205518
0.77035373
0.9301864
0.9523911
0.8606284
0.6469376
0.92612433
0.8410523
0.90482163
0.82406485
0.88132095
0.8798641
0.8089459
0.9335588
0.96024096
0.9180366
0.78961194
0.6461164
0.72593737
0.9701101
0.91026753
0.8474072
0.82313824
0.8761697
0.8906269
0.8625798
0.8891518
0.8331694
0.84347785
0.6166696
0.59233874
0.58637655
0.76860636
0.83737814
0.8695511
0.83840454
0.91283035
0.8219209
0.93755084
0.9229051
0.75764835
0.9472147
0.76919794
0.6812923
0.76027155
0.7153012
0.6781683
0.73058486
0.6131995
0.9290775
0.97084355
0.6682415
0.84952784
0.88600403
0.76508373
0.753188
0.41597775
0.8911471
0.94184756
0.8185775
0.88947845
0.83967614
0.8802231
0.9686572
0.62290627
0.82961607
0.73168564
0.9190933
0.5813657
0.95095825
0.88848925
0.88877463
0.69220006
0.8781927
0.79001844
0.887652
0.599072
0.9581202
0.7569679
0.7474777
0.6617056
0.8720391
0.7740893
0.7262641
0.8144206
0.73094773
0.9070363
0.83896226
0.6825855
0.8313033
0.59134245
0.9123459
0.93813074
0.7180895
0.7183699
0.92145145
0.78804904
0.7088183
0.8105497
0.8911913
0.6877787
0.85182583
0.6867465
0.83055747
0.96320105
0.91476095
0.905133
0.91697705
0.72160923
0.8628282
0.74054706
0.87305486
0.83668387
0.8864593
0.7407917
0.92846465
0.9148421
0.5844645
0.9693178
0.9448603
0.7315854
0.8241821
0.85531956
0.9518485
0.866326
0.8108463
0.76890326
0.7671062
0.79312587
0.7606047
0.88207996
0.84692144
0.9385439
0.87773055
0.9073631
0.84260726
0.9005944
0.82815266
0.94635427
0.9251131
0.82519615
0.76837194
0.7647854
0.76378447
0.7443962
0.7520791
0.89433956
0.8999995
0.9249588
0.75471675
0.7848975
0.92769253
0.9296721
0.90226644
0.8663554
0.9326616
0.76405895
0.8346068
0.6727361
0.8325273
0.7535079
0.9496393
0.7576555
0.7590101
0.9176073
0.9579497
0.89477646
0.8292677
0.8520575
0.80007625
0.92968875
0.88050264
0.7148583
0.8473953
0.9401029
0.7723412
0.86514133
0.62612903
0.67952174
0.6576464
0.84086716
0.7448432
0.6947251
0.75634
0.55157536
0.8005558
0.7202859
0.8629706
0.77976584
0.9148499
0.8896166
0.9569627
0.80600697
0.87745416
0.7205468
0.610737
0.9086784
0.60367
0.8277738
0.9320405
0.8971667
0.68645877
0.87984043
0.8084621
0.8110555
0.6868087
0.91535497
0.89974993
0.84844136
0.88739264
0.931452
0.7584814
0.8087875
0.6400081
0.9241376
0.70296675
0.6723931
0.79876864
0.66479087
0.84982604
0.7672757
0.8748938
0.896672
0.9212556
0.9187435
0.83657706
0.87795484
0.74265504
0.70328534
0.8680732
0.8778677
0.7377767
0.9114237
0.9162779
0.9584917
0.87043655
0.97134435
0.918068
0.9157307
0.89380527
0.5783892
0.91696334
0.8815025
0.8510354
0.8604143
0.78059286
0.8453753
0.9158686
0.94449043
0.8395225
0.9094765
0.8895676
0.70061696
0.9229848
0.86523557
0.90352
0.88184786
0.7888449
0.88831794
0.88971305
0.8800725
0.9759208
0.7645123
0.7206244
0.8963943
0.81340575
0.91847885
0.9702207
0.54736805
0.6400208
0.7565956
0.9006686
0.94222116
0.9444037
0.8167296
0.8524428
0.5546659
0.88575983
0.9560067
0.75997895
0.8203739
0.76507175
0.94829947
0.8630911
0.9372902
0.888852
0.6989941
0.777099
0.6869713
0.7173543
0.8987169
0.85698587
0.82747155
0.84202886
0.8779596
0.92674863
0.8351111
0.58196986
0.8811612
0.87789845
0.8504125
0.90989125
0.7212884
0.8560643
0.7057799
0.6502643
0.9094031
0.77448595
0.85640574
0.812693
0.9591921
0.9340583
0.7070162
0.8052895
0.7309147
0.86915255
0.8197117
0.8199203
0.90537643
0.81332076
0.9576981
0.728398
0.85865
0.87267435
0.72607124
0.9323947
0.7540954
0.8713597
0.82359064
0.6195082
0.69204015
0.80335134
0.8435609
0.68246853
0.85269815
0.8802669
0.96700674
0.79617125
0.8805752
0.68003684
0.97537374
0.9243418
0.8793834
0.79049194
0.8301753
0.6357814
0.83047837
0.95054567
0.85278225
0.72940546
0.82642764
0.8513909
0.89166856
0.78370875
0.9217968
0.8165138
0.73915035
0.9269025
0.8076366
0.7116107
0.9629666
0.6866034
0.80518097
0.86407495
0.9234027
0.93055546
0.94944143
0.7295691
0.81291074
0.86638135
0.6815001
0.9143604
0.96106035
0.71642494
0.64342415
0.9121069
0.7634533
0.8702154
0.9606694
0.8410895
0.7535393
0.88316214
0.90820336
0.8710851
0.8486641
0.9004668
0.85794383
0.87767744
0.72784394
0.94239473
0.82349247
0.8510798
0.97747946
0.88175535
0.8879957
0.80432093
0.78872603
0.9355271
0.75175965
0.84857374
0.83236974
0.92801553
0.8685723
0.90173715
0.85097647
0.6699426
0.6286174
0.88599044
0.84657216
0.7966671
0.9045487
0.7532303
0.947407
0.8165445
0.888976
0.7314679
0.8131659
0.86112916
0.8015335
0.8458516
0.90101963
0.8451434
0.7631466
0.7718922
0.8503105
0.57129896
0.69180924
0.9061645
0.5857948
0.71061397
0.7997421
0.7901587
0.88857394
0.810539
0.9267664
0.70408887
0.8024111
0.7938878
0.8035172
0.9062931
0.57920414
0.6767365
0.87154627
0.8938345
0.85473394
0.8348764
0.8799355
0.50674284
0.9118978
0.8522069
0.89823574
0.7583421
0.8846258
0.6937121
0.8021574
0.85947794
0.5002053
0.8482809
0.8331118
0.82565147
0.8987618
0.81571275
0.89139247
0.8230717
0.6571208
0.9106119
0.84504515
0.88103676
0.8266087
0.95019
0.8876231
0.7867827
0.90461695
0.6960657
0.8985779
0.8931956
0.6119594
0.79797673
0.46058506
0.848541
0.8341743
0.75690204
0.7835789
0.83910507
0.6275313
0.9657692
0.79133284
0.7764431
0.89612687
0.7761686
0.4451325
0.8409281
0.80802363
0.9439924
0.8933014
0.78513867
0.5577235
0.8971134
0.8065512
0.85001576
0.8547472
0.7052423
0.9303348
0.70744264
0.8619138
0.6820617
0.84090954
0.7883499
0.748379
0.9193568
0.7717484
0.8824469
0.6802159
0.87831026
0.931254
0.88765675
0.69540125
0.7897339
0.9585225
0.699468
0.94318795
0.8427751
0.8914442
0.9232092
0.8410313
0.7275507
0.5116054
0.82041866
0.7436526
0.91462106
0.7082011
0.85750836
0.84796035
0.78562397
0.8675491
0.9113765
0.86859214
0.9465318
0.84076774
0.8648239
0.9398532
0.8775216
0.7746956
0.8259572
0.72697794
0.78175557
0.6441118
0.91487205
0.7428369
0.8887415
0.87021077
0.86591387
0.77480525
0.69143933
0.75363195
0.93358636
0.8574867
0.90401995
0.93551284
0.72984064
0.8745744
0.88265324
0.9532782
0.6881226
0.73197
0.87465096
0.94775414
0.89336646
0.70034254
0.95465887
0.8613297
0.8612449
0.8416451
0.82156044
0.7697209
0.8541422
0.9520771
0.83474267
0.7445818
0.7858446
0.95721585
0.43765756
0.9520371
0.79205483
0.9122267
0.7841455
0.9524994
0.823397
0.6783893
0.87624574
0.84398663
0.8033013
0.94515026
0.8623223
0.69710386
0.9269159
0.8826106
0.88327336
0.9076187
0.926744
0.8507683
0.8170379
0.8930785
0.7280468
0.96151984
0.87220186
0.9758111
0.76874006
0.95401746
0.8213407
0.7511728
0.6235584
0.5863195
0.85183704
0.91671443
0.81252086
0.8954651
0.76150835
0.53737533
0.9155705
0.86487925
0.8567582
0.6668033
0.8364136
0.8263275
0.883082
0.7276248
0.82066184
0.7740759
0.87374735
0.9140693
0.8662251
0.9191623
0.63346136
0.9637335
0.8334701
0.7575291
0.97835386
0.50820744
0.8605865
0.90153044
0.7708498
0.8236544
0.8252408
0.88904494
0.8925219
0.8611236
0.83682764
0.9306383
0.9311247
0.9564431
0.89043105
0.8169063
0.8882207
0.81700426
0.7795142
0.9279429
0.9150168
0.89122355
0.822533
0.7542733
0.8360501
0.54969114
0.65906185
0.86480045
0.9070483
0.9473627
0.9039062
0.822988
0.9510397
0.75354654
0.7808583
0.85750085
0.89869785
0.6786297
0.92212206
0.85547423
0.8090848
0.8737445
0.7802862
0.9159613
0.9151471
0.7948361
0.89510876
0.8826997
0.91210085
0.9402706
0.84681416
0.6883649
0.89898616
0.89559364
0.7118885
0.87843335
0.71169615
0.8296472
0.8069859
0.75739443
0.9208856
0.851872
0.8733371
0.9858142
0.7746566
0.69681376
0.72051376
0.73986113
0.9822243
0.78524095
0.8784646
0.8393585
0.8256038
0.8657197
0.90316755
0.66650784
0.90473247
0.85103697
0.8319694
0.8454592
0.8521991
0.9566389
0.8310062
0.8826796
0.83084804
0.86885744
0.70008373
0.7923326
0.62978965
0.7217378
0.89645886
0.7532759
0.8460281
0.83577144
0.8670715
0.8639499
0.81484777
0.9326178
0.7679708
0.82332546
0.9097232
0.7999623
0.88998884
0.87961024
0.8932419
0.724716
0.90468365
0.84348875
0.3636421
0.8729452
0.810518
0.9146895
0.8777613
0.9318813
0.9525678
0.83350366
0.6200527
0.87693965
0.8997706
0.9198293
0.82249117
0.67558694
0.87716067
0.9107491
0.7451667
0.8511852
0.805308
0.8339349
0.79752356
0.7155373
0.47354195
0.9274057
0.87473077
0.80533856
0.69611424
0.8401327
0.8356802
0.92893076
0.8711467
0.95884216
0.83738476
0.862273
0.7842811
0.778164
0.8422656
0.7566441
0.90056086
0.9017508
0.8601604
0.8978554
0.897501
0.8223778
0.86042327
0.83480734
0.93431735
0.54045314
0.89344543
0.7735693
0.8817023
0.8456706
0.88748294
0.8934332
0.757506
0.8350163
0.7615212
0.74574554
0.8167068
0.7764539
0.6927885
0.8263505
0.91398656
0.79822123
0.7183843
0.905999
0.71793056
0.86830044
0.7584744
0.8391671
0.82084405
0.77342814
0.9525755
0.85942274
0.71364915
0.76318944
0.7650156
0.8719823
0.65190864
0.67468315
0.8048282
0.85089415
0.6923948
0.97049624
0.8932653
0.8650625
0.7304656
0.95355314
0.8593595
0.9686623
0.7789265
0.5657882
0.6249383
0.7352371
0.86385304
0.790265
0.92262757
0.8863887
0.8452226
0.8844132
0.8102222
0.85808253
0.8279256
0.87750846
0.8341421
0.66174805
0.8197687
0.86747813
0.8707275
0.92995334
0.83528316
0.8790834
0.7885239
0.9760698
0.79614824
0.88075805
0.8415543
0.882272
0.8086172
0.9061344
0.903836
0.95094335
0.8581644
0.9157994
0.8951674
0.9430198
0.6657206
0.88111913
0.93882453
0.64632314
0.8839088
0.6686284
0.836131
0.878183
0.85245734
0.9353478
0.7986405
0.80759424
0.6961901
0.7715068
0.7493395
0.79009724
0.8946004
0.9381336
0.90751415
0.87200224
0.83837664
0.8270047
0.83637786
0.96570736
0.9574957
0.6909691
0.79266864
0.6102948
0.9293939
0.8874235
0.91481936
0.76757157
0.81003326
0.70667934
0.91975844
0.67455983
0.87197226
0.6540592
0.53626573
0.9065245
0.6032295
0.9245881
0.8994899
0.8517962
0.7368478
0.7689025
0.7524272
0.7975267
0.73640215
0.84405977
0.7462403
0.82632935
0.86130947
0.76251125
0.9007495
0.44556007
0.89970887
0.7089664
0.8083185
0.8464397
0.72205776
0.7394983
0.5134773
0.8051616
0.6487353
0.8036804
0.88525236
0.8250509
0.8899434
0.6831795
0.6648019
0.935982
0.6652596
0.6288955
0.70299405
0.9200304
0.66313183
0.8555626
0.942929
0.8937615
0.8573576
0.7698579
0.88617057
0.7174034
0.87402344
0.5031343
0.82088476
0.91372454
0.7179516
0.7836413
0.70380664
0.9254966
0.7281726
0.72135997
0.6693198
0.8045808
0.78389513
0.8550841
0.8953396
0.8503072
0.8368863
0.8898655
0.9459065
0.91950333
0.8973719
0.7530838
0.90798664
0.7386385
0.78624916
0.9354861
0.8773508
0.77319276
0.9504838
0.9053238
0.9034014
0.8836114
0.71188885
0.7649984
0.8389283
0.874887
0.8605915
0.874831
0.90594494
0.54289246
0.8567667
0.7050543
0.8403635
0.89023566
0.61580515
0.80403453
0.9540574
0.7328544
0.9119334
0.91576254
0.9122547
0.8734453
0.9166764
0.8668873
0.9209051
0.54024035
0.78806406
0.8666297
0.69870687
0.93083966
0.9172698
0.60745484
0.82326347
0.7541803
0.94385993
0.93127674
0.9318045
0.8335975
0.81906873
0.66848123
0.96114945
0.8559612
0.88753676
0.5910707
0.91408616
0.76595145
0.8776655
0.8514265
0.9799981
0.7263334
0.9402229
0.86368924
0.60115993
0.74166316
0.8010235
0.6604623
0.88637364
0.86624837
0.9487887
0.95169723
0.9304393
0.8983544
0.6738167
0.88161415
0.7274537
0.7819046
0.6900291
0.7001194
0.81867194
0.8137159
0.76678324
0.8549752
0.88606924
0.5542872
0.85185105
0.7204979
0.8653666
0.6705339
0.9043792
0.7936218
0.8691685
0.7541891
0.80797815
0.8855349
0.86333466
0.9516707
0.81489193
0.58109033
0.77687234
0.7829694
0.73745865
0.86324453
0.77146953
0.8744586
0.9298628
0.86760575
0.92850465
0.8185328
0.59687436
0.922498
0.70019925
0.84246206
0.87354106
0.81475115
0.7356197
0.8636014
0.8978361
0.7750067
0.7867329
0.9585799
0.86511433
0.7063495
0.69726753
0.8569075
0.8284802
0.8469293
0.9404049
0.8747761
0.62157494
0.8428947
0.89736843
0.96558416
0.8993008
0.91634727
0.9222915
0.82899016
0.8627708
0.92247313
0.9062867
0.92643464
0.88379514
0.88612205
0.8962604
0.81528616
0.8139801
0.70570725
0.7187892
0.6579811
0.78997684
0.85666364
0.61975604
0.8391012
0.8641264
0.85382926
0.800917
0.9503779
0.79808235
0.9703183
0.86130124
0.9008067
0.55041146
0.9236711
0.784917
0.785311
0.78088856
0.719306
0.8945466
0.9540914
0.74707055
0.9278538
0.88262933
0.9365917
0.8049077
0.69416875
0.7431067
0.86568373
0.78395003
0.9340631
0.82483524
0.87202543
0.8129189
0.6691387
0.83585036
0.88882494
0.908021
0.85614336
0.66301906
0.84399927
0.9132441
0.7903277
0.77289057
0.68312305
0.79479337
0.87451315
0.9496302
0.7969885
0.95486623
0.7321542
0.82398415
0.5123456
0.9136846
0.6548513
0.91917104
0.73392844
0.8717167
0.7801334
0.84272325
0.9300523
0.8305733
0.7492134
0.9021433
0.9671027
0.85454035
0.9501262
0.8470388
0.775344
0.94875735
0.940832
0.8514228
0.81657636
0.88400215
0.8973858
0.9112038
0.82552314
0.95412815
0.9034312
0.8879732
0.85638064
0.8533471
0.49517068
0.73891973
0.8857572
0.7662799
0.7193364
0.70110196
0.8786516
0.77616817
0.81113243
0.85724664
0.681654
0.7598435
0.9582034
0.86371595
0.9351757
0.7449783
0.9668457
0.84787035
0.83196485
0.9099038
0.71611786
0.6843897
0.74579835
0.6352676
0.8785424
0.6729011
0.7519417
0.85618913
0.83646274
0.84050035
0.84601265
0.90486217
0.90546846
0.69864196
0.8874757
0.84553933
0.92736244
0.93583846
0.84752464
0.93304545
0.78365326
0.8848962
0.8475007
0.78941405
0.8164362
0.9185252
0.90501714
0.857196
0.8932752
0.8660568
0.89508796
0.9038188
0.9445634
0.7428469
0.6494943
0.9061596
0.74438477
0.8283713
0.6650838
0.83945227
0.8434112
0.7883539
0.86569726
0.9115342
0.77557504
0.8330223
0.770047
0.84806967
0.7898904
0.8671179
0.78136206
0.63873816
0.76792264
0.9178491
0.7571357
0.89017946
0.80652124
0.8041877
0.75068146
0.76399434
0.86135876
0.70241976
0.8800399
0.7484173
0.81506383
0.86307037
0.68278766
0.7769817
0.9407852
0.74009377
0.7719092
0.8944303
0.88545567
0.9099289
0.7574913
0.9362643
0.725133
0.8874775
0.8545477
0.7976322
0.5804306
0.9251981
0.69960904
0.92159814
0.7004025
0.6934686
0.72601575
0.8661749
0.56504136
0.77105194
0.92234945
0.90200555
0.8777243
0.74274844
0.7514364
0.73502326
0.84388953
0.8500066
0.691971
0.8781702
0.87114775
0.85357606
0.8680221
0.8050939
0.8730168
0.65555465
0.83610487
0.90467244
0.86030626
0.693357
0.7310741
0.7516742
0.86953807
0.8611388
0.90615034
0.8911384
0.9265646
0.95732236
0.9221153
0.7798807
0.82390225
0.7654696
0.5234234
0.928594
0.8879957
0.8608621
0.9257035
0.821853
0.8112239
0.7650578
0.6963103
0.89810264
0.4243508
0.869185
0.87922335
0.822049
0.92473143
0.8356101
0.9161036
0.92574173
0.6403904
0.93398356
0.9172355
0.78286844
0.91672194
0.84774566
0.48965785
0.7067256
0.7994782
0.8401594
0.716039
0.94250923
0.73276967
0.8484602
0.6054123
0.8303229
0.83778614
0.8770182
0.92935675
0.90949005
0.5538457
0.9167485
0.57655156
0.6245048
0.8712014
0.79254603
0.9193705
0.7194216
0.82537276
0.92586446
0.9053247
0.73077726
0.9763057
0.8753005
0.8794244
0.84886116
0.7636468
0.84699124
0.85427177
0.71688604
0.7646605
0.9038992
0.784334
0.53828347
0.84128124
0.8648268
0.80711436
0.7410437
0.7152831
0.9614178
0.9470999
0.6972492
0.8880052
0.84785604
0.8469384
0.9008706
0.89192253
0.76639205
0.86544245
0.9304487
0.9576769
0.80408496
0.89019203
0.81537414
0.8517028
0.61817497
0.93022215
0.5472897
0.9202355
0.7925267
0.6962355
0.92800075
0.9005805
0.7122053
0.8672261
0.7615357
0.9335284
0.9488753
0.91240454
0.7580265
0.84198034
0.89536524
0.8013006
0.8634091
0.60623425
0.7203331
0.9119938
0.8509155
0.83677095
0.83159786
0.72131866
0.9000829
0.8669517
0.9275185
0.7842585
0.9246673
0.3707458
0.768422
0.7300683
0.6987074
0.8337219
0.9222802
0.90489995
0.58954865
0.79195905
0.7339769
0.91193306
0.79711074
0.5069343
0.7750089
0.968616
0.6493318
0.6823264
0.9006332
0.76345074
0.9150629
0.8726057
0.82237786
0.85159624
0.7982935
0.87845886
0.8651042
0.73452514
0.71948117
0.8139823
0.6353775
0.8544678
0.79737145
0.8737472
0.8877527
0.7692992
0.8802214
0.8030887
0.7793508
0.61622894
0.87870425
0.72836447
0.7694095
0.884649
0.6303111
0.80078375
0.9032571
0.80759734
0.8625735
0.8161545
0.8282153
0.71502906
0.87866545
0.8413061
0.7579187
0.4945534
0.7850073
0.8744638
0.80066556
0.9313361
0.8282512
0.824607
0.8427511
0.81706995
0.8494265
0.4679848
0.8887576
0.7802178
0.86877143
0.85222316
0.6488881
0.88351893
0.88749295
0.6452105
0.93128353
0.6324303
0.73066103
0.9081571
0.605573
0.8710495
0.78955317
0.8436937
0.92558664
0.9327807
0.8066977
0.89052045
0.8069544
0.8148627
0.919948
0.65726167
0.8147916
0.86801064
0.6364027
0.6659504
0.866829
0.9606816
0.79464656
0.65325785
0.8399412
0.8450673
0.8291881
0.7681326
0.9039467
0.6154047
0.56652826
0.71051055
0.7920282
0.8828832
0.9264262
0.8852873
0.91230524
0.7904192
0.90226513
0.7225559
0.8609801
0.72366005
0.880983
0.8754297
0.94561553
0.9280901
0.6705827
0.95081496
0.8953122
0.781121
0.8115117
0.754287
0.8781363
0.87676686
0.8161831
0.97383904
0.9014323
0.8061329
0.7944236
0.49149597
0.9366029
0.9316983
0.86458206
0.67280966
0.8462053
0.86544394
0.7252921
0.83483267
0.83884394
0.50953746
0.55938476
0.88781446
0.6083726
0.8885957
0.8625848
0.7276935
0.6758094
0.9267355
0.80194914
0.7881843
0.7895712
0.957849
0.91178477
0.77865255
0.8644367
0.77208036
0.82169133
0.9433013
0.66994816
0.9118762
0.8697367
0.94086534
0.93373287
0.8637268
0.8293362
0.9079184
0.8347839
0.7740778
0.80716616
0.580139
0.9517401
0.8246799
0.7760366
0.8597984
0.87896717
0.5982536
0.9602661
0.96476257
0.8479545
0.88393736
0.86067545
0.8038604
0.59930944
0.7579917
0.71413255
0.68670213
0.6477138
0.9325321
0.7386672
0.82256824
0.8364034
0.90579396
0.81993985
0.8415574
0.91314745
0.941548
0.93707514
0.7711998
0.91371703
0.7746395
0.6889374
0.739195
0.48754317
0.6300911
0.8658336
0.91786605
0.88934445
0.8203926
0.90657413
0.894183
0.83901685
0.751901
0.77408373
0.9006231
0.8572997
0.90750116
0.86727184
0.90177286
0.63975394
0.90050775
0.78916717
0.81960213
0.75148904
0.88161945
0.8337348
0.58130395
0.9054493
0.7696885
0.79826885
0.8852427
0.68719864
0.644766
0.7623346
0.8602458
0.85101163
0.9117898
0.8830497
0.83755934
0.85026515
0.94735557
0.9211195
0.7351116
0.88082236
0.71659195
0.8082366
0.77101713
0.9552933
0.9104298
0.82461023
0.8220262
0.7480447
0.82150143
0.6578672
0.7289121
0.8245345
0.7542786
0.81737983
0.8598113
0.6965831
0.88528895
0.9246975
0.90849227
0.6516097
0.65295255
0.6708853
0.7991122
0.82955986
0.58407
0.79515517
0.7707341
0.8888087
0.90439856
0.88341516
0.7504695
0.7193315
0.8011004
0.7648244
0.7100313
0.8903426
0.8915053
0.884515
0.49674913
0.7439507
0.91473854
0.6018247
0.9427753
0.82267606
0.78143364
0.9549091
0.7144929
0.887815
0.92642224
0.8024172
0.615869
0.871205
0.82761824
0.942146
0.7290603
0.96541846
0.8390379
0.9150939
0.87605315
0.89380395
0.7619476
0.7781813
0.7425402
0.9150893
0.9339414
0.6819003
0.72577286
0.9215777
0.7643009
0.87567234
0.90188277
0.6750834
0.95470214
0.8570346
0.7375635
0.85920256
0.8906099
0.69984657
0.93519723
0.8402062
0.67873615
0.8965991
0.8896242
0.829846
0.8748176
0.7521051
0.7427527
0.84042275
0.7639446
0.9470596
0.935228
0.8559629
0.886063
0.87272495
0.8863391
0.885721
0.78593415
0.8597942
0.77462006
0.71828735
0.78012234
0.8907275
0.8922142
0.75955236
0.96160907
0.81963086
0.86476564
0.8686899
0.89309937
0.7330297
0.9040456
0.85561776
0.74545527
0.8283603
0.8038039
0.7704184
0.727603
0.64827985
0.950639
0.8211982
0.93366426
0.9190054
0.93120486
0.87750864
0.80998343
0.8799645
0.9014877
0.8547224
0.93635947
0.87925833
0.77595216
0.9242344
0.9401214
0.8420407
0.938217
0.7109022
0.7887677
0.80575323
0.886348
0.89729995
0.7671268
0.8980794
0.7739911
0.85979784
0.8225967
0.9142238
0.6035216
0.91468203
0.8605142
0.6897538
0.86235684
0.8784542
0.9539592
0.78940094
0.9194169
0.9204718
0.96985817
0.8857788
0.9099549
0.8372412
0.66387635
0.5304222
0.7550529
0.8409428
0.866542
0.9588223
0.66552764
0.64764345
0.8807244
0.7594741
0.83449924
0.9389867
0.6426811
0.87206006
0.9456863
0.7494568
0.8590245
0.9011703
0.7981542
0.8101332
0.6901577
0.86234975
0.69179523
0.7653259
0.91268134
0.6716894
0.8678592
0.7645708
0.9237642
0.7580528
0.80878925
0.9171144
0.900432
0.7292072
0.8003042
0.8537179
0.6142981
0.7440056
0.44108558
0.89755434
0.8083662
0.94036424
0.7553997
0.6471943
0.47285947
0.84103936
0.9380056
0.8917438
0.8641646
0.9092661
0.7860953
0.8461208
0.68434876
0.6692859
0.94845915
0.8701646
0.6456031
0.7667139
0.7254119
0.90052915
0.8566985
0.7998192
0.72472435
0.77856445
0.7410807
0.94266057
0.79508
0.8081534
0.9104682
0.8736213
0.5726076
0.7851619
0.5785715
0.82428706
0.8047134
0.8327194
0.7313784
0.63384664
0.92067224
0.8553546
0.85246456
0.88916504
0.8638029
0.81665564
0.8902211
0.69073755
0.93248576
0.8209049
0.7545711
0.7484158
0.7991109
0.8119052
0.84110993
0.74948686
0.7631158
0.7004454
0.88486207
0.8152463
0.8712528
0.90695894
0.9569403
0.94013554
0.85231936
0.73206174
0.5779551
0.8563143
0.8070551
0.8325667
0.7671648
0.79359335
0.76573646
0.8732314
0.8411677
0.8639064
0.847483
0.6255595
0.72203267
0.908831
0.46412063
0.83511066
0.89875174
0.8285637
0.5864821
0.8434603
0.8643693
0.8950003
0.78721774
0.8569336
0.7395807
0.72244716
0.65903515
0.97323245
0.58144176
0.821114
0.8744727
0.84737355
0.71529627
0.57928973
0.9575038
0.85549223
0.75272816
0.9590343
0.8717855
0.6773005
0.8981242
0.8696357
0.88910794
0.5045018
0.60277754
0.8693664
0.71973497
0.69979006
0.7062186
0.7078217
0.90294605
0.9506399
0.81337416
0.8802899
0.7927325
0.9336913
0.8722425
0.83851004
0.75957555
0.9308319
0.8031395
0.58313495
0.8607763
0.7591298
0.8153765
0.7302974
0.8448671
0.81919986
0.8972908
0.73338354
0.9201914
0.94109756
0.69239026
0.94494605
0.9147022
0.8489697
0.6515155
0.8796357
0.7872932
0.7377528
0.8751727
0.846972
0.67690593
0.8029656
0.83965147
0.86738217
0.88340414
0.7720374
0.8277209
0.6706873
0.9462478
0.8721781
0.7946956
0.8875494
0.87219876
0.8942465
0.94027454
0.85039735
0.89217883
0.89741445
0.91492176
0.87393177
0.8906487
0.839648
0.8721912
0.8421109
0.8581736
0.6155924
0.77729774
0.9394463
0.87457013
0.83595204
0.8483692
0.8786479
0.88793516
0.8370817
0.7620429
0.88928884
0.6266992
0.8244261
0.8418809
0.95211077
0.5207794
0.8549616
0.8157035
0.848529
0.8254297
0.8067948
0.8257965
0.9095979
0.7097811
0.9037534
0.57953995
0.72845477
0.7631614
0.8492049
0.7478057
0.53740364
0.86269397
0.90163404
0.7629676
0.8487216
0.93670744
0.80419147
0.7102733
0.85725325
0.772033
0.74975663
0.8032408
0.90821546
0.7672944
0.8780862
0.7318305
0.7751371
0.8662248
0.78519714
0.8965852
0.8859343
0.75080323
0.8372616
0.7603779
0.80684686
0.96714926
0.8321046
0.59063315
0.694175
0.49608338
0.65138626
0.8598325
0.8582753
0.8863422
0.9106797
0.8891906
0.7292676
0.8479113
0.7291435
0.92953813
0.8731471
0.8123078
0.8460068
0.37235993
0.90665907
0.8158052
0.849404
0.7833793
0.8294331
0.9648611
0.81491494
0.7296133
0.90689236
0.8767436
0.79274243
0.90046877
0.84579194
0.9254262
0.85590756
0.6747927
0.8015451
0.67655826
0.88842106
0.90700835
0.7563186
0.821935
0.7809298
0.7734925
0.8039328
0.8375858
0.9473249
0.79413915
0.95222956
0.8654168
0.733772
0.7650457
0.615541
0.7819413
0.706
0.75791293
0.9306967
0.839511
0.8555874
0.91637313
0.84140587
0.8812015
0.7253133
0.9348775
0.77760607
0.890081
0.7187751
0.92531025
0.8728758
0.90250707
0.8129348
0.85431314
0.8638526
0.9103418
0.8926145
0.6832967
0.7010921
0.96849906
0.83371985
0.63592726
0.89942336
0.9409455
0.7998888
0.88602
0.9132116
0.7917645
0.9500486
0.82766265
0.7610954
0.89584994
0.8593761
0.91465074
0.6549132
0.6020545
0.860807
0.5757516
0.89733785
0.71790534
0.8977407
0.8797593
0.7284523
0.8568127
0.91450614
0.8631042
0.8498064
0.68075454
0.95103896
0.59728795
0.9010817
0.84843355
0.93608284
0.7569008
0.9420794
0.6968826
0.8336475
0.95789117
0.80554795
0.88032216
0.91907924
0.9245328
0.843523
0.9278866
0.7410359
0.9606888
0.7309542
0.76210153
0.69703305
0.8771407
0.8452439
0.7179626
0.8151324
0.7870815
0.7111054
0.9169858
0.79239416
0.8771534
0.81675446
0.84005874
0.84042794
0.85289264
0.8858019
0.8436836
0.870665
0.7852044
0.7843788
0.6978137
0.7636181
0.8191809
0.8733957
0.9341188
0.8052374
0.858021
0.82755506
0.8840156
0.7418821
0.6624376
0.8535321
0.9266018
0.79546547
0.61704314
0.793606
0.87467134
0.9363287
0.9081489
0.94175494
0.7720269
0.8533852
0.79686826
0.874385
0.7707137
0.82229996
0.8004065
0.8615099
0.8333688
0.84158176
0.8697715
0.8826733
0.8701699
0.7455921
0.8810147
0.9210845
0.7536058
0.89010346
0.9076407
0.8147033
0.53019106
0.92491233
0.8190808
0.8996357
0.8444352
0.9517671
0.5598349
0.74411285
0.8287672
0.83186245
0.67033434
0.93804866
0.9640496
0.92954236
0.72802466
0.70339066
0.88553435
0.84453833
0.7470137
0.7996703
0.86738634
0.7295704
0.93140507
0.8675777
0.6496643
0.8148355
0.6939395
0.83247626
0.67653096
0.79684716
0.72112226
0.9221183
0.88761675
0.6469749
0.9134442
0.8081049
0.96984667
0.66737473
0.77923834
0.8249346
0.8901574
0.775407
0.84654945
0.733106
0.9469413
0.7317951
0.67481756
0.8711554
0.8804524
0.834354
0.8011606
0.93239963
0.94561845
0.67459685
0.9259362
0.87281287
0.8986224
0.745787
0.9107225
0.76220727
0.76448137
0.84606737
0.8019654
0.91934055
0.91086566
0.874077
0.83215785
0.89182204
0.83428824
0.6529642
0.9034464
0.91504526
0.5535441
0.93740326
0.8566896
0.7500658
0.82665163
0.8045898
0.8458072
0.94922876
0.71920604
0.9565688
0.9249719
0.926075
0.8169861
0.5208605
0.7972036
0.73743814
0.9339057
0.7831495
0.8337906
0.8614022
0.8194655
0.7418259
0.78825104
0.8016814
0.704164
0.8644882
0.7913839
0.77308434
0.8536256
0.93301475
0.8272823
0.6703133
0.8042146
0.62177545
0.8493366
0.86443996
0.783493
0.9441848
0.56490445
0.82203877
0.7916787
0.84913385
0.82138956
0.9124179
0.8225682
0.85564446
0.81277174
0.8650956
0.90770245
0.80801845
0.5749146
0.5835905
0.48443237
0.8140956
0.8436155
0.9330828
0.8875489
0.80458844
0.88617206
0.95486647
0.8775262
0.9224319
0.8086185
0.8810956
0.8661548
0.6627772
0.76145184
0.56024945
0.7593294
0.81696033
0.8651035
0.8662225
0.8450622
0.71042854
0.73771214
0.88299876
0.763569
0.8601602
0.90822786
0.5823479
0.8744528
0.90738237
0.7368225
0.8004503
0.81271267
0.8415969
0.7732239
0.68332523
0.94272107
0.6652131
0.765882
0.8606938
0.590002
0.43457937
0.84192246
0.8696001
0.8275247
0.8814461
0.9265578
0.95104635
0.96832263
0.8433243
0.96250093
0.87483567
0.790488
0.78211385
0.7996061
0.7375516
0.9462674
0.9551555
0.63146675
0.7688304
0.8774141
0.8717602
0.8628615
0.754843
0.8113347
0.9492752
0.866534
0.7780961
0.93082315
0.77833843
0.89561194
0.87851655
0.8301517
0.8711623
0.70515835
0.8416134
0.94195014
0.8408324
0.9312581
0.844687
0.9418628
0.9063277
0.94145596
0.73291016
0.8944988
0.875179
0.85100394
0.70996577
0.85661936
0.9376921
0.90714294
0.89214647
0.84835845
0.8347552
0.3939985
0.5831567
0.8052757
0.6892825
0.8313488
0.7343797
0.8246559
0.7573757
0.83597326
0.7774745
0.83681864
0.8688039
0.5583686
0.8314042
0.8064174
0.8513237
0.9198221
0.8245133
0.90089595
0.89633524
0.8681456
0.82606554
0.82283807
0.86897814
0.941463
0.833525
0.6565315
0.91139483
0.8111752
0.88315636
0.81530184
0.845679
0.9593091
0.8794961
0.71436244
0.7881937
0.8758509
0.9098739
0.8418342
0.62577826
0.9426615
0.7988158
0.83698475
0.89080864
0.8661353
0.88794255
0.6499613
0.8612935
0.8556206
0.94312036
0.77760464
0.7518486
0.61253893
0.7888856
0.9245278
0.860173
0.8677427
0.8257794
0.85156137
0.7494587
0.8918269
0.69819325
0.6999762
0.8201356
0.6569997
0.96950513
0.70851254
0.779352
0.8702181
0.78097415
0.8074136
0.86323506
0.86051273
0.85302556
0.93464357
0.7980472
0.77842647
0.7257368
0.7073011
0.92375785
0.9156881
0.7262844
0.9333885
0.72534174
0.9121977
0.8047762
0.7513585
0.6178613
0.87183213
0.7363908
0.92285913
0.86025006
0.7006494
0.7673517
0.79756284
0.7395252
0.574997
0.77185166
0.6176694
0.8743433
0.8450598
0.903893
0.9294356
0.83951247
0.13934267
0.83079934
0.76167214
0.9313237
0.86881024
0.8965556
0.87757367
0.9320432
0.76487684
0.5619496
0.7912267
0.8093481
0.7113806
0.82872754
0.9270679
0.8494103
0.76073813
0.81769437
0.9048951
0.79534835
0.8886143
0.9054716
0.9023454
0.8037701
0.9231342
0.8391955
0.62103426
0.8704134
0.9370353
0.86456805
0.7657169
0.913353
0.82116926
0.87610006
0.7979386
0.8643686
0.81934476
0.8386341
0.76628613
0.6420722
0.70915425
0.53182775
0.7384053
0.88251585
0.78007185
0.7171086
0.84519154
0.9256036
0.72862226
0.84686804
0.8846736
0.94940895
0.68371046
0.8955966
0.7349043
0.9374417
0.8083631
0.68931186
0.8877064
0.6356428
0.7671944
0.83026123
0.93489975
0.57380736
0.8918215
0.6131569
0.77174604
0.7903255
0.7183863
0.8082986
0.92137676
0.9063285
0.8804279
0.8309865
0.7579889
0.89693296
0.845626
0.7428348
0.6575672
0.82991713
0.9241168
0.8262861
0.5601947
0.90931475
0.60453284
0.7912799
0.7255487
0.80888873
0.8466674
0.6967319
0.6730002
0.94308853
0.8027696
0.80651546
0.9013901
0.7532878
0.92904747
0.84919053
0.8732305
0.909561
0.9581317
0.9224919
0.7269855
0.89513147
0.9750697
0.8579288
0.8953928
0.84840786
0.88815486
0.97818136
0.91162163
0.9508903
0.9327264
0.8760723
0.94312245
0.83910125
0.83064854
0.9368539
0.926202
0.95911264
0.9404543
0.7634989
0.93011266
0.8399323
0.85262495
0.8455126
0.92531997
0.79811823
0.8541864
0.85122406
0.679912
0.9277982
0.64582646
0.9660934
0.7053862
0.8327398
0.9105587
0.94210404
0.90304637
0.7567637
0.83162606
0.7742518
0.7357828
0.8162221
0.76852214
0.76302075
0.87366426
0.87623036
0.845098
0.8462746
0.36081517
0.90678906
0.8947757
0.83113456
0.5110271
0.7544664
0.7100806
0.83857226
0.8203118
0.95115185
0.8269771
0.8528987
0.7850143
0.858519
0.8170395
0.8540256
0.91010153
0.91519517
0.8752957
0.659067
0.82896566
0.90561247
0.79844254
0.6926764
0.917951
0.8085694
0.8968263
0.8741775
0.81509787
0.7564952
0.83773667
0.8972589
0.74457973
0.9342928
0.78541327
0.85721123
0.933787
0.8950763
0.8758056
0.9167091
0.9284252
0.9138988
0.78311396
0.8835413
0.7726258
0.83099973
0.7067867
0.8156279
0.7995169
0.86669505
0.90938735
0.9128504
0.78906673
0.92290246
0.9182192
0.6260997
0.8336615
0.77861214
0.8366201
0.8927565
0.86382276
0.95017874
0.84516627
0.92016673
0.9112942
0.86272997
0.86435133
0.8901868
0.79685485
0.8693943
0.8474511
0.81750774
0.8763584
0.7637102
0.8861637
0.75791496
0.6860122
0.71481204
0.84119415
0.9049636
0.9584849
0.9468812
0.89715433
0.59887326
0.72967046
0.8603393
0.9486268
0.6218219
0.7766806
0.8642689
0.7357383
0.8204846
0.8829502
0.76558006
0.6324911
0.8299654
0.89828295
0.78154427
0.8590721
0.901643
0.76664525
0.7579274
0.8521446
0.8467566
0.8649739
0.70218885
0.8682782
0.8778207
0.84359
0.7605554
0.68005896
0.93128175
0.7504169
0.8648334
0.76280856
0.8693274
0.907357
0.8450209
0.91800827
0.7974579
0.80744964
0.75601214
0.90917754
0.8015095
0.7491078
0.63405627
0.90235734
0.8818059
0.84407353
0.8495463
0.85163176
0.94486415
0.8841807
0.9478884
0.73490006
0.6721014
0.85065687
0.9260951
0.7943413
0.5581433
0.67820436
0.83123875
0.8093397
0.9091473
0.79580784
0.8616256
0.5183196
0.89713395
0.85453147
0.8837418
0.9032898
0.806618
0.855792
0.6564822
0.8018998
0.7411957
0.9198215
0.7635141
0.70205605
0.93128824
0.87192565
0.8636779
0.7836612
0.65855896
0.8458682
0.60606545
0.6591057
0.89432967
0.803723
0.91799283
0.83721596
0.7770933
0.92548025
0.7575325
0.84463644
0.84860444
0.8847716
0.8981365
0.78041816
0.794139
0.9485614
0.79819554
0.7901887
0.8906562
0.7461466
0.72099686
0.900639
0.897806
0.8033338
0.8551983
0.9275901
0.8467846
0.94273555
0.625432
0.79069316
0.8292076
0.82220227
0.8684968
0.70815516
0.8801106
0.8458984
0.8260384
0.9090129
0.88588876
0.8461581
0.9442988
0.87894255
0.8082356
0.8689257
0.77529675
0.93071926
0.87027884
0.8286656
0.74919057
0.7207637
0.8764498
0.6646789
0.9428976
0.38558587
0.94734967
0.8666679
0.78167945
0.8185805
0.9508156
0.92915595
0.8059252
0.79536295
0.7715858
0.87744826
0.7370801
0.88387364
0.8885566
0.7400717
0.8018731
0.8935957
0.6775834
0.8453569
0.86611277
0.9194757
0.90873903
0.85270786
0.7728855
0.91421187
0.8706126
0.5952029
0.9268925
0.6900263
0.9203542
0.8077593
0.8393304
0.77157307
0.6552712
0.826403
0.86325604
0.8945818
0.92040914
0.78341275
0.9215059
0.90330386
0.9317213
0.94144654
0.7902302
0.8366495
0.6582967
0.4851612
0.73560995
0.94660145
0.8820539
0.90327847
0.93272746
0.8696505
0.9250512
0.5787274
0.8732149
0.93812597
0.91648316
0.5493413
0.8479905
0.90529054
0.90409136
0.7878772
0.6976748
0.74621725
0.62371397
0.81768197
0.75645506
0.72548294
0.68124926
0.8419218
0.8677163
0.9108699
0.819546
0.79550296
0.786783
0.9143253
0.73791564
0.9519659
0.9388478
0.84308416
0.9069319
0.6597392
0.91044784
0.7340445
0.8656443
0.96344066
0.92664075
0.88413537
0.6511816
0.86069095
0.93894225
0.8407796
0.79738116
0.6691282
0.8773033
0.80842054
0.9477389
0.8774483
0.934333
0.69686353
0.89655435
0.89358497
0.9284163
0.96503544
0.95642275
0.756425
0.73176104
0.8605668
0.83429027
0.914446
0.7417191
0.92913914
0.8768363
0.87773913
0.9148247
0.85852355
0.81647134
0.9608793
0.7434039
0.91995674
0.9271759
0.870946
0.9314661
0.8599759
0.81211704
0.7916826
0.8723088
0.9365271
0.91891456
0.8330336
0.805013
0.9104806
0.8090695
0.7595961
0.7304617
0.75619745
0.8808815
0.797276
0.7304167
0.7760051
0.785306
0.7923813
0.93584627
0.80446297
0.9046358
0.87495023
0.81282383
0.9323675
0.8848279
0.8177272
0.9589592
0.90289384
0.87778056
0.8386628
0.90158683
0.90358907
0.5859073
0.8530824
0.8473257
0.8658459
0.7931038
0.817049
0.77014893
0.87248963
0.7352165
0.8836397
0.6040164
0.9257716
0.8872834
0.8097554
0.90071887
0.9408367
0.8556709
0.65555483
0.8432269
0.7719069
0.9005429
0.85527754
0.8908887
0.7717254
0.8031634
0.62282896
0.8047641
0.8265442
0.71317834
0.82803994
0.94053125
0.93548083
0.8162812
0.79251283
0.7705302
0.9109112
0.78175044
0.5021697
0.6561213
0.8178726
0.8370354
0.86683667
0.8682785
0.77178127
0.67048573
0.94203794
0.89827543
0.8522679
0.87414396
0.8396497
0.9306229
0.8024369
0.8589728
0.821815
0.62816846
0.8021859
0.8109886
0.7710687
0.8712736
0.8942759
0.9360957
0.8718667
0.6900087
0.6835681
0.85976887
0.9086631
0.83486265
0.9048282
0.91272295
0.902951
0.7610325
0.77747893
0.9532972
0.8971274
0.7084113
0.8855111
0.9134177
0.8938012
0.7999564
0.9210486
0.8885242
0.7169324
0.8489993
0.896178
0.8970109
0.8443571
0.915208
0.92635095
0.90207916
0.75663143
0.83751124
0.82171255
0.7491163
0.77539885
0.7083409
0.7304065
0.91748464
0.6869371
0.89896935
0.9404322
0.9558259
0.7606107
0.85560864
0.83613455
0.94096607
0.9431878
0.5875647
0.87083066
0.78735125
0.9400571
0.81171685
0.8688376
0.8011624
0.94429827
0.77742535
0.8098574
0.92748874
0.9543889
0.83097535
0.84155583
0.8839873
0.9093073
0.87182975
0.87552106
0.9591224
0.9321288
0.87473875
0.77461934
0.9346348
0.8513133
0.95429826
0.9022811
0.6704083
0.9119851
0.9311171
0.86993796
0.9036516
0.6698135
0.88602024
0.9576329
0.786247
0.8394707
0.70308346
0.8071081
0.8343122
0.637792
0.94212157
0.81405354
0.9388018
0.77172995
0.79414696
0.6707706
0.7157835
0.92526406
0.92392546
0.72298527
0.97314906
0.9216126
0.8097049
0.8347671
0.863966
0.8939086
0.9126114
0.956361
0.7919711
0.8166275
0.87883294
0.9082492
0.8857217
0.92596143
0.866926
0.9226965
0.93844074
0.84750843
0.83921033
0.72766024
0.89006215
0.6540953
0.8752496
0.9570123
0.93626755
0.60549855
0.5468897
0.8421536
0.8792144
0.77380383
0.6757108
0.9308154
0.91773105
0.87810105
0.95249313
0.9317823
0.86004853
0.8562038
0.58507776
0.90459377
0.94291574
0.86751604
0.67371744
0.82339627
0.80551404
0.81955713
0.89152706
0.8564598
0.7493471
0.684664
0.9434793
0.9627399
0.77131635
0.90641534
0.6048502
0.9097041
0.91072273
0.8238151
0.93747956
0.8650168
0.6182034
0.90209174
0.6644974
0.8725501
0.49816358
0.8776841
0.9056182
0.85677236
0.9388732
0.8712138
0.74092937
0.4823745
0.70462334
0.8897943
0.6001071
0.8902855
0.8531587
0.7856284
0.7637053
0.9215321
0.7582443
0.8799724
0.9152392
0.8445805
0.9228453
0.8898152
0.9197556
0.84839386
0.75610685
0.95822525
0.7815008
0.923843
0.65216964
0.69811255
0.87500685
0.88260543
0.9087119
0.90529454
0.7290673
0.8634635
0.82694495
0.61505
0.9523416
0.79632574
0.83671564
0.83324915
0.93482894
0.7966355
0.8856014
0.73809534
0.5573003
0.8628996
0.858969
0.8265462
0.55879796
0.80964327
0.83735716
0.96670485
0.8431964
0.8793639
0.7490084
0.88093674
0.9408425
0.86714685
0.8574152
0.6199426
0.83570623
0.85710746
0.9378406
0.8136307
0.7911066
0.866189
0.79728943
0.77102935
0.9142291
0.7569782
0.65253055
0.9666643
0.77388203
0.9427923
0.783351
0.7006499
0.8580905
0.85063076
0.8853569
0.8375949
0.6269061
0.6788691
0.71290267
0.83223164
0.77941686
0.90236294
0.7908355
0.7103754
0.89459056
0.8902388
0.9036776
0.8373608
0.7578636
0.9244678
0.69949573
0.77668583
0.80015826
0.5511159
0.6884512
0.96667194
0.8652463
0.7826464
0.8250197
0.71446043
0.79228187
0.54129666
0.7687355
0.5042511
0.84357435
0.68628126
0.6658234
0.9109199
0.8284425
0.91140294
0.7840767
0.8298249
0.7270686
0.8101259
0.9352844
0.7028204
0.8712141
0.75169355
0.84836644
0.9697211
0.94046175
0.86862415
0.87625957
0.43263546
0.87559855
0.8627728
0.8165313
0.9052086
0.6533069
0.90841365
0.8244527
0.7735271
0.97282106
0.8543991
0.8001475
0.92167634
0.80211365
0.8811884
0.8482207
0.7952984
0.78767395
0.93713135
0.92759866
0.63029635
0.74165744
0.72117734
0.8108757
0.8945302
0.7727701
0.75062764
0.8727695
0.9542036
0.8248513
0.71052146
0.8625071
0.53228474
0.88080364
0.94339097
0.7961622
0.7638519
0.8819133
0.8880675
0.73818994
0.86077666
0.84252423
0.8409276
0.73963404
0.8223443
0.76588863
0.78901196
0.9187233
0.53408444
0.889117
0.81341684
0.91298056
0.8628083
0.92673093
0.9145828
0.8397287
0.9281889
0.8269177
0.8252309
0.59275734
0.81455874
0.86830574
0.88271314
0.8917116
0.8311317
0.6628565
0.6345097
0.9454671
0.77757114
0.81978244
0.8926806
0.9410373
0.744376
0.77688587
0.7681495
0.7508674
0.71442646
0.861333
0.8661933
0.83567274
0.79856145
0.7520538
0.77196753
0.71701425
0.76238954
0.671887
0.8763549
0.86839175
0.7348565
0.8532547
0.41847268
0.7572992
0.91730905
0.8926801
0.9171591
0.90800613
0.6594577
0.829422
0.8130954
0.7967265
0.45548046
0.8067076
0.896254
0.7893046
0.876338
0.8076524
0.7194813
0.9453272
0.9451562
0.8988462
0.90089047
0.8669137
0.8969545
0.87518954
0.8180809
0.8786758
0.6666506
0.8505787
0.71521926
0.8400057
0.87167037
0.7461811
0.69546884
0.7213247
0.9043145
0.93792677
0.8685421
0.80810004
0.8701424
0.79365987
0.89555234
0.8558372
0.96350217
0.7911681
0.6945886
0.89175034
0.8251208
0.9264056
0.8160511
0.743533
0.92550915
0.9375572
0.8234749
0.9469314
0.76246035
0.94393915
0.9297444
0.9593733
0.9083012
0.8328798
0.79263395
0.818881
0.86404276
0.66448873
0.6628719
0.9008113
0.65645427
0.80899316
0.8168329
0.743922
0.45102957
0.8991271
0.6435094
0.7296543
0.8418654
0.8516891
0.46608624
0.835809
0.6175752
0.7978812
0.90910035
0.88376963
0.7769015
0.8664866
0.93782914
0.8168594
0.82548726
0.9088461
0.8641838
0.90437794
0.7234349
0.6733396
0.81305754
0.8151482
0.8551898
0.9186489
0.8011615
0.8051017
0.9595506
0.57864594
0.7390476
0.9175014
0.77216554
0.8879596
0.7885973
0.8989051
0.92235637
0.8916439
0.8576435
0.5647581
0.37444285
0.86055106
0.785403
0.86768657
0.89077026
0.90669054
0.8831176
0.9138513
0.8761492
0.94206643
0.9458015
0.8761471
0.80374974
0.8456783
0.9036034
0.8522399
0.8105703
0.8390919
0.8828987
0.8705658
0.6844886
0.5885261
0.93667173
0.74219584
0.75689447
0.8476901
0.8130231
0.8293527
0.92169404
0.90079784
0.9137322
0.8175944
0.9030198
0.876614
0.8116962
0.82508194
0.8099469
0.919742
0.6827104
0.8819103
0.8733639
0.86878306
0.9106547
0.9304087
0.8320008
0.6633379
0.48588106
0.36642757
0.814865
0.78560966
0.8817996
0.7640356
0.94863343
0.8754595
0.8727157
0.78573066
0.91864336
0.8203653
0.65266734
0.8635736
0.59746283
0.8072978
0.87629855
0.72682583
0.72087467
0.8097737
0.7219383
0.903098
0.924122
0.8573105
0.9254088
0.8533405
0.60060555
0.94526833
0.90347016
0.81627595
0.59706813
0.8522485
0.89766943
0.84948593
0.7503989
0.7758079
0.76298964
0.9394275
0.6249371
0.91718626
0.8663409
0.83319515
0.7635147
0.77788365
0.6568547
0.7944664
0.87653387
0.8286609
0.97177005
0.823009
0.8236667
0.81010514
0.93264985
0.8631377
0.8746412
0.8871252
0.8474469
0.91767406
0.73409665
0.82488966
0.8703847
0.81440645
0.8543189
0.8317948
0.8383501
0.6248957
0.8473839
0.87361693
0.8514954
0.84292454
0.74293
0.79532313
0.85997313
0.94404083
0.86336935
0.593554
0.88570946
0.84143573
0.8151479
0.61365306
0.72161156
0.90336305
0.87553596
0.55789495
0.75368345
0.8831304
0.8261247
0.6176378
0.5225661
0.8041861
0.72236866
0.8326758
0.6725482
0.86105514
0.8674345
0.65812445
0.84331316
0.85613227
0.7098036
0.78494406
0.80747676
0.90712047
0.95879626
0.90890026
0.7473488
0.8762183
0.70898724
0.82849
0.8678578
0.8091601
0.8018561
0.88833153
0.9062589
0.86436176
0.95341015
0.7178913
0.9622031
0.7071589
0.94236434
0.7746062
0.9350548
0.90313125
0.8780762
0.6844369
0.90602416
0.8852958
0.52449656
0.6586673
0.8270077
0.9111962
0.9035847
0.65983236
0.722796
0.7648365
0.8636548
0.873519
0.81737566
0.9352204
0.90609694
0.7352524
0.9125667
0.8858397
0.72690386
0.8016567
0.886063
0.57860035
0.91243887
0.8518095
0.9300424
0.8170516
0.80264306
0.8320513
0.90545464
0.83863586
0.88065505
0.8353123
0.8679223
0.58507335
0.9187709
0.86921406
0.8041437
0.7052843
0.8547754
0.85759413
0.93079084
0.7318231
0.9661456
0.87860817
0.93269354
0.8148955
0.70863533
0.57613605
0.95556855
0.64555883
0.8624537
0.9121531
0.58408743
0.8740861
0.68212706
0.82490027
0.8173469
0.9139941
0.7906603
0.8535207
0.7440977
0.9098241
0.7139204
0.86138076
0.94976515
0.86738724
0.96751404
0.8114028
0.9059934
0.8132721
0.55953556
0.8130783
0.8838336
0.9224019
0.88575476
0.80137616
0.91015595
0.916206
0.8850475
0.9020752
0.8786985
0.8317126
0.78280324
0.9235718
0.9374944
0.8878538
0.7637626
0.8668568
0.8396272
0.8888142
0.6400262
0.8911735
0.835503
0.8825333
0.86178094
0.9286792
0.8434177
0.8541442
0.91100734
0.8736193
0.9319642
0.8342537
0.95500624
0.94258916
0.8244665
0.85305154
0.92158604
0.89781934
0.8422584
0.782131
0.79471576
0.85695076
0.715351
0.92679167
0.47558326
0.6575649
0.8998927
0.87854636
0.8832823
0.8503443
0.8973185
0.7096828
0.9051705
0.831223
0.8877002
0.9458525
0.564219
0.73376155
0.89515
0.9285326
0.8486631
0.61675465
0.69101757
0.6388576
0.80339724
0.89566565
0.9280524
0.9190055
0.8609571
0.802575
0.94576263
0.872032
0.69007
0.79988647
0.8450905
0.94094825
0.796203
0.880201
0.8232339
0.8643801
0.9548221
0.7798712
0.93038285
0.8794025
0.73278105
0.816393
0.88429105
0.6093898
0.8865732
0.942106
0.75226367
0.75484896
0.66402316
0.677464
0.62731695
0.794708
0.75224453
0.907276
0.8370003
0.7817056
0.86689246
0.7803098
0.8112111
0.92309326
0.8649849
0.69337
0.8959124
0.9187089
0.8963781
0.8860185
0.94170105
0.93795735
0.87099373
0.9577086
0.6612183
0.9378697
0.8441716
0.9313351
0.8729528
0.86444235
0.9217111
0.81832516
0.73552233
0.86100626
0.82439995
0.6631637
0.83646935
0.7942244
0.8419003
0.8296798
0.867436
0.7685358
0.8072892
0.93813246
0.9153598
0.83333665
0.85951656
0.7986111
0.88943744
0.8686124
0.9081167
0.78268725
0.88886
0.8416735
0.7394745
0.82820165
0.8765772
0.66989326
0.8726779
0.83341086
0.9430488
0.7691804
0.92254114
0.9164264
0.78453594
0.89863247
0.819354
0.87031585
0.86241454
0.7463746
0.88204676
0.73371476
0.573461
0.84547013
0.6867334
0.90157044
0.7524074
0.80471045
0.8706311
0.90840447
0.9256549
0.8332296
0.9282246
0.8521382
0.79491603
0.87139404
0.9548081
0.8174503
0.6735531
0.8644517
0.88793504
0.8591563
0.83452034
0.8122866
0.85362095
0.8747771
0.8288665
0.81363696
0.88698506
0.88567924
0.8862312
0.8382572
0.87495166
0.7564386
0.85097426
0.79026884
0.92454463
0.89207363
0.89316744
0.8231913
0.712427
0.89357466
0.9024202
0.8896018
0.79083306
0.7777698
0.8750051
0.7722111
0.8802553
0.81545866
0.7345079
0.8472735
0.7214949
0.7786139
0.6360211
0.68475085
0.8083047
0.78164667
0.81747264
0.8249575
0.7845
0.8125162
0.6512426
0.8766431
0.8895902
0.81328636
0.77820826
0.91966397
0.82595336
0.9642542
0.7900118
0.7546851
0.8510097
0.7200633
0.9561554
0.6877792
0.96696913
0.7739989
0.89040804
0.81362647
0.82964116
0.63262445
0.82165647
0.8255166
0.7927587
0.81964785
0.800164
0.78084254
0.8841796
0.80999887
0.65849227
0.801499
0.8077252
0.77758443
0.93317294
0.90723693
0.90773404
0.76938045
0.85262597
0.9467897
0.62313265
0.6923071
0.96347636
0.8860674
0.5343289
0.85912657
0.65761
0.87657666
0.9212704
0.8993683
0.86888885
0.8857188
0.9468349
0.887679
0.9356332
0.91307974
0.8816539
0.72967976
0.95231736
0.7598003
0.8918448
0.7335003
0.7856858
0.8676293
0.7217911
0.8541645
0.74622655
0.7415082
0.84591484
0.6981673
0.78325397
0.8534531
0.79018193
0.7350252
0.8662854
0.8729895
0.9737836
0.9698684
0.7753625
0.87775373
0.7856843
0.8482219
0.83250916
0.7888324
0.85219616
0.92053646
0.93919563
0.86541057
0.79755074
0.8471782
0.9012919
0.932991
0.6553068
0.94626105
0.7678619
0.9120313
0.7811229
0.90268576
0.8753568
0.90406924
0.90333045
0.7137949
0.9049928
0.96005154
0.9553274
0.887865
0.9395569
0.8477574
0.77807945
0.8067827
0.74612683
0.87701094
0.85246396
0.6644386
0.9352689
0.81652534
0.5583943
0.9674605
0.84784627
0.9249287
0.8659838
0.6849947
0.6960061
0.92076486
0.8998513
0.8337407
0.8975346
0.8560883
0.8352717
0.94490033
0.8778642
0.8764801
0.7929902
0.79208016
0.93019366
0.9169878
0.8960031
0.87789595
0.685705
0.8480929
0.9011353
0.9579531
0.89890677
0.7711035
0.78320307
0.7669162
0.905654
0.9081871
0.7282956
0.94953555
0.9653063
0.81806743
0.7581945
0.8568173
0.94357514
0.7673722
0.92521226
0.8493098
0.90790474
0.64885604
0.8225625
0.9314846
0.7115016
0.81561434
0.83306724
0.89009374
0.820965
0.87989765
0.7010934
0.8792629
0.73310006
0.8680977
0.8491332
0.9513426
0.9355017
0.8797943
0.83097774
0.79428035
0.9575245
0.7521721
0.8158588
0.89092976
0.9078734
0.80983484
0.5225118
0.8295754
0.7169329
0.97064716
0.88654196
0.9227372
0.9033352
0.8612138
0.9086622
0.90475404
0.9356593
0.79688245
0.8066937
0.89585567
0.673779
0.81829214
0.8579407
0.9715571
0.89307344
0.90514016
0.7762358
0.6102738
0.8970879
0.842918
0.9762317
0.706257
0.80840576
0.76372826
0.8177359
0.8093436
0.91552126
0.759916
0.834476
0.82248926
0.67482793
0.929487
0.87471193
0.8982502
0.8500149
0.8577683
0.845471
0.70011175
0.8246751
0.85632646
0.88170785
0.97937256
0.9370194
0.89319104
0.79542166
0.8581675
0.8778669
0.95240086
0.77182794
0.82690054
0.82448953
0.75543755
0.8682502
0.9236936
0.8970557
0.5554118
0.74090266
0.7645632
0.8720081
0.8798402
0.8952929
0.87397933
0.87185746
0.8986163
0.9470329
0.7457376
0.8593135
0.88290596
0.97638005
0.65531725
0.7990183
0.891842
0.76294833
0.8722844
0.8066348
0.8542321
0.84539706
0.94625026
0.83496463
0.82794386
0.81510806
0.9422536
0.96373075
0.70122737
0.8937784
0.92091227
0.91521746
0.85579455
0.8920937
0.87864083
0.8550863
0.70104116
0.8661369
0.95679694
0.9482026
0.7252841
0.950967
0.5961553
0.93444574
0.919161
0.9492696
0.85665554
0.79247624
0.89965343
0.96238106
0.82009137
0.6942438
0.81303906
0.92926836
0.80119693
0.91383755
0.7578435
0.96604276
0.91867113
0.8771026
0.82653606
0.917452
0.8654376
0.8592336
0.721831
0.9723807
0.79644096
0.96169484
0.6871129
0.6835938
0.7789271
0.94041187
0.845428
0.73094845
0.61494243
0.94203997
0.7792737
0.43001804
0.9167848
0.77614206
0.94049287
0.893895
0.7062489
0.7891016
0.67801195
0.9498279
0.8892305
0.68450075
0.8808477
0.9836815
0.7995578
0.9298432
0.9384628
0.82043
0.91387683
0.933131
0.8174086
0.60330576
0.80767787
0.6989476
0.87031555
0.7746704
0.8485956
