0.880893
0.7691951
0.6908835
0.8451654
0.80797833
0.9825895
0.8585628
0.7641195
0.66508365
0.9821156
0.8399511
0.89885247
0.8868387
0.9459282
0.95549667
0.8701697
0.91271263
0.96716845
0.9475935
0.8438023
0.73713154
0.9381808
0.95764637
0.92275596
0.75242114
0.8078254
0.92717135
0.800766
0.9770277
0.9975343
0.94996107
0.83187026
0.8803251
0.91696054
0.9289492
0.84960175
0.72150314
0.88026077
0.7535254
0.97764474
0.93251216
0.882256
0.9545498
0.9156314
0.9702084
0.91945964
0.650185
0.97722876
0.96842587
0.8304564
0.9845586
0.94916254
0.94747734
0.9710049
0.86576146
0.94212973
0.9817777
0.9203439
1.0
0.86368906
0.98311484
0.91123796
0.80702806
0.87843895
0.88148195
0.9877138
0.87778246
0.9135813
0.935804
0.9123069
0.881624
0.90369105
0.9585487
0.77134216
0.9376967
0.8036987
0.8607457
0.97346485
0.9999999
0.8261288
0.88135135
0.9333047
0.95715153
0.936394
0.9013244
0.9081148
0.93784636
0.85261416
0.9953723
0.94742495
0.94909143
0.83618224
0.9448186
0.95934725
0.8841324
0.9193549
1.0000001
0.8066876
0.822133
0.9849964
0.904044
0.86272323
0.5997155
0.8237667
0.98003834
0.85862124
0.9064518
0.96490633
0.9688742
0.99425745
0.9485242
0.9765316
0.9888972
0.97350514
0.8001411
0.9672698
0.8778669
0.8238295
0.88681877
0.8600486
0.8740207
0.936076
0.9808759
0.7102756
0.9191796
0.90171313
0.7940284
0.7616239
0.8475404
0.9829452
0.7838157
0.7956568
0.95877045
0.80195683
0.97686064
0.82386756
0.99826837
0.9954687
0.9574941
0.9414727
0.9572456
0.9409754
1.0
0.8866151
0.5699441
0.8879789
0.9961118
0.98358524
0.9856637
0.97145814
0.7070897
0.912157
1.0
0.9939827
0.9351657
0.87575173
0.85436714
0.94304276
0.99738514
0.9524717
0.6097157
0.8243957
0.7906785
0.9400255
0.9467169
0.9748718
0.839933
0.94197315
0.90053207
0.94623524
0.9614081
0.93715405
0.81814563
0.92924434
0.65107995
0.9838805
0.7214997
0.93201315
0.9999999
0.86295605
0.8876586
0.84822434
0.9110631
0.8203277
0.9186017
0.9444686
0.9444556
0.97229844
0.9953456
0.8439754
1.0
0.7854801
0.68427914
0.9158052
0.92422783
0.9274298
0.7878229
0.9825821
0.62651056
0.8943224
0.88289344
0.96822625
0.9222455
0.81793493
0.67818755
0.67344886
0.9118717
0.8005894
0.7099335
0.7224668
0.81562155
0.6234852
0.9718325
0.83153355
0.8561585
0.94884753
0.38454938
0.89280754
0.8736348
0.91801333
0.846769
0.8863902
0.94611317
0.92043793
0.928854
0.90163624
0.8585704
0.8093464
0.87793106
0.9825686
0.9319473
0.93359447
0.9633933
0.8877675
0.6660605
0.69831413
0.7105995
0.94218796
0.52121675
0.97375643
0.9345739
0.9337165
0.8836363
0.68078196
0.88169444
0.99999994
0.9485105
0.9682041
0.8007308
0.96342075
0.98902476
0.9105702
0.951125
0.9664719
0.9737866
0.8357724
0.91782093
0.900797
0.90690243
0.9702965
0.51265013
0.907082
0.7901542
0.78451085
0.7875608
0.784708
0.96140075
0.8247617
1.0
0.83215994
0.9906429
0.86643654
0.7751856
0.9581981
0.9765923
0.8801322
0.8874606
0.7830602
0.9004934
0.94337386
0.94789237
0.7997386
0.40819147
0.86871946
0.95013374
0.8171023
0.92565507
0.9463451
0.9028831
0.9798239
0.97760975
0.87608486
0.73750365
0.8175831
0.8138508
0.77269304
0.92496014
0.8320228
0.9914992
0.969616
0.8188266
0.86758405
0.99388266
0.9668368
0.9450441
0.98409545
0.8861596
0.8116975
0.86917233
0.887919
1.0
0.9729931
0.9260082
0.8288908
0.91482365
0.9999999
0.94030726
0.88919127
0.8150275
0.9113034
0.8034547
0.9598818
0.9671895
0.9802832
0.7114512
0.57602936
0.733338
0.78777105
0.94358957
0.74778193
0.9245744
1.0000001
0.9936596
0.72199225
0.77538735
0.7981214
0.9120478
0.9427352
0.9657723
0.9094646
0.91996074
0.88103724
0.9431145
0.9066411
0.7410214
0.8111668
0.9072925
0.91257006
0.81349367
0.6574445
0.98308635
0.7642679
0.85298526
0.7259547
0.9845896
0.9840539
0.87669116
0.983036
0.79433095
0.88344586
0.8603397
0.7173682
0.92154694
0.9303911
0.93897057
0.9748137
0.8268348
0.8701691
0.8092957
0.8566851
0.90474594
0.89993036
0.84865546
0.6756045
0.7893612
0.8915896
0.8416904
0.9754276
0.77320594
0.99073863
0.983991
0.7183395
0.96856034
0.9223659
0.89207304
0.9588374
0.9074031
0.61007434
0.8155323
0.99439156
0.9446756
0.99799955
0.72596484
0.863676
0.9881109
0.88891894
0.95293623
0.86127776
0.98044974
0.76258516
0.8166752
0.93033755
0.6565987
0.7374971
0.8913367
0.9212365
0.91524327
0.9188068
0.8680945
0.9943225
0.8327461
0.9571552
0.81463283
0.8936051
0.9383794
0.8995705
0.99938667
0.79221666
0.9871177
0.9429879
0.9796252
0.98201215
0.94962233
0.86708003
0.400046
0.96306056
0.94366777
1.0
0.88129985
0.9038864
0.95196027
0.9674177
0.7700288
0.82724345
0.9397682
0.8660209
0.79226935
0.7315774
0.95855194
0.830397
0.9953359
0.9428424
0.79443663
0.9239622
0.9311669
0.91561013
0.95687395
0.91514826
0.8745155
0.8080008
0.869533
0.92169106
0.8886508
0.9520012
0.82910675
0.96878165
0.9340273
0.77586067
0.6875567
0.93000376
0.81760454
0.968288
0.9403649
0.8271773
0.8144681
0.9917555
0.8267421
0.8985
0.9123549
0.77345914
0.9621231
0.7014374
0.97623956
0.95004135
0.77704597
0.65870947
0.8591707
0.97264326
0.9279407
0.87349546
0.97207856
0.92430305
0.99124515
0.9388951
0.94185996
0.94554114
0.91266984
0.89465874
0.9141356
0.9506957
0.8336344
0.7881615
0.96869534
0.8917104
0.9674051
0.93763113
0.8494667
0.9386964
0.67514104
0.82212794
0.9838667
0.9884334
0.78595835
0.8422407
0.9577689
0.8860617
0.9224954
0.95103973
0.5988268
0.8806326
0.92344034
0.9720936
0.96103424
0.9144002
0.82336533
0.8324016
0.8974788
0.7121912
0.99586624
0.974815
0.8437389
0.7861053
0.88643944
0.8645296
0.9846558
0.8209957
0.6441206
0.9929454
0.83041453
0.8222667
0.9541521
0.9689459
0.9646239
0.9719045
0.91878873
0.9249939
0.9570333
0.9339793
0.8940878
0.88830036
0.9258865
0.9199563
0.836862
0.7831038
0.8504479
0.95935965
0.84919536
0.852722
0.9334725
0.9755121
0.9947145
0.855947
0.9223842
0.8829034
0.77493685
0.80478853
0.8631184
0.7980548
0.97576785
0.94929093
0.9419743
0.9115251
0.87230814
0.89672875
0.99999994
0.7918556
0.9469081
0.99986655
0.8226292
0.9089399
0.6911717
0.8049856
0.9924636
0.9959561
0.84702784
0.9580845
0.9895263
0.85033035
0.86957586
0.91505724
0.7684853
0.86576265
0.6363922
0.87287647
0.9331711
0.77746964
0.86804706
0.8026223
0.73478067
0.9541143
0.8485282
0.87064177
0.99762034
0.9680977
0.9571145
0.94058
0.94894135
0.9641516
0.8085665
0.41122225
0.8757536
0.8783846
0.87823755
0.99999976
0.99388164
0.9488021
0.8903488
0.8512736
0.8094403
0.9211628
0.8605141
0.8879994
0.51864696
0.9123143
1.0
0.81429505
0.9554759
0.7482557
0.98061395
0.7991653
0.8598876
0.9617995
0.82595086
0.98123777
0.99950266
0.9024717
0.9021415
0.99366176
0.629907
0.88258505
0.7704829
0.92373574
0.5764404
0.88118005
0.99349767
0.94886386
0.7195332
0.97278976
0.9803658
0.8157848
0.8027059
0.55421257
0.9538814
0.9774833
0.8612902
0.9860269
0.9730191
0.9381294
0.9343029
0.9999999
0.8557956
0.97049916
0.96863735
0.99999994
0.9730915
0.99999994
0.8378929
0.7788874
0.8757102
0.98586386
0.8592195
0.96068376
0.90359294
0.91999644
0.9558543
0.95476264
0.9446244
0.94988835
0.8670524
0.9802309
0.91363907
0.83418584
0.99555194
0.9783261
0.5872685
0.9350474
0.85143876
0.86881566
0.9206735
0.96487004
0.46637273
0.9655491
0.71125925
1.0000001
0.6020726
0.8550844
0.99999994
0.8891009
0.8835208
0.87458944
0.911383
0.9745608
0.9772566
0.78744817
0.8535913
0.9577602
0.9284415
0.93797594
0.92306495
0.91657925
0.7812998
0.941959
0.9415961
0.95347095
0.8361556
0.96266407
0.83205426
0.9196589
0.8460104
0.98242605
0.72638553
0.8572823
0.9671977
0.6646001
0.9946016
0.89472187
0.8892558
0.89895445
0.8810358
0.91663826
0.83355105
0.7678295
0.73521376
0.8290497
0.987138
0.9191655
0.8834135
0.977245
0.8101042
0.9638865
1.0000001
0.8787758
0.8543035
0.90771234
0.84456456
0.65147525
0.97531
0.9425594
0.9195403
0.96547437
0.93705595
0.49047363
0.89202833
0.8010935
0.9771857
0.98188823
0.8286956
0.80340546
0.9939703
0.6813863
0.97206515
0.8256915
0.9766482
0.90481186
0.9086668
0.8143793
0.9150161
0.934962
0.72439337
0.9422347
0.8353448
0.8823073
0.97021854
0.7531931
0.9909495
0.9389144
0.97527003
0.9663693
0.97035813
0.9459344
0.96135145
0.9223579
0.9229734
0.84097606
0.863276
0.75429744
0.97583747
0.9091085
0.88862544
0.9480636
0.8339322
0.7900859
0.7917785
0.89740855
0.8982196
0.95038724
0.8468497
0.9324943
0.9812987
0.98841095
0.8897716
0.8415093
0.9843442
0.9986594
0.95868236
0.69968003
0.76430446
0.9605695
0.8561163
0.84259397
0.95524037
0.95763457
0.88341457
0.9445919
0.68286574
0.99313176
0.76467204
0.9059901
0.99302304
0.7684611
0.9850489
0.92063296
0.92763364
0.9778879
0.95166045
0.927371
0.9443376
0.7459929
0.9120909
0.88074934
0.88344336
0.85800827
0.97009623
0.7796783
1.0000002
0.77349377
0.6461442
0.8912685
0.858585
0.811216
0.9295489
0.9422222
0.8472866
0.9035907
0.87680197
0.6357856
0.8957091
0.77924883
0.6238913
0.97756577
0.86123216
0.8660482
0.88574517
0.8819852
0.869084
0.6826723
0.9999999
0.866472
0.9878323
0.8770967
0.9608541
0.9367917
0.831891
0.8512685
0.892743
0.9598847
0.94262147
0.7817614
0.6599733
0.8532979
0.9476538
0.98775196
0.9246645
0.86413527
0.99675214
0.98227817
0.996144
0.82866013
0.9256253
0.955618
0.9002105
0.98627853
1.0000001
1.0
0.82795763
0.9625331
0.9736118
0.8268653
0.9468386
0.90754557
0.9421239
0.7678331
0.74243075
1.0
0.89470625
1.0
0.8727472
0.75335544
0.5836555
0.81384796
0.986732
0.9839184
0.82905316
0.95019007
0.9557649
0.88977724
0.93375194
0.99769026
0.6987176
0.51625866
0.83252215
0.94610524
0.9581647
0.879455
0.76282907
0.921092
0.80999476
0.9245758
0.92994404
0.9446478
0.8387116
0.873451
0.8651362
0.97629756
0.9819833
0.96531045
0.86089647
0.93483496
0.82009566
0.9542697
0.99999994
0.68140894
0.73829186
0.8841334
0.8433381
0.8333302
0.9529803
0.8536938
0.9558583
0.86870134
0.65032804
0.8905202
0.74368346
0.68124264
0.9300853
0.9873604
0.882203
0.94278604
0.74537385
0.97671247
0.7865667
0.9564207
0.96467185
0.86530447
0.98845947
0.9268217
0.9059044
0.9273941
0.7706305
0.9813069
0.9120672
0.99288464
0.99999994
0.7882185
0.8725546
0.92189085
0.86923295
0.9630909
0.89918774
0.8172151
0.90930307
0.9724324
0.9421517
0.9682069
0.65597665
0.84463465
0.9241106
0.94377244
0.91543615
0.7150505
0.93539286
0.95304316
0.92779726
0.83350354
0.8425001
0.9691196
0.90841347
0.84011936
0.72941077
0.9730278
0.9047596
0.6374011
0.9983914
0.8289788
0.96414495
0.8568155
0.8921297
0.73225164
0.76264477
0.9368117
0.8978831
0.9697565
0.8507325
0.9710109
0.9361782
0.9354103
0.27428234
0.96090764
0.93175817
0.8834587
0.82617307
0.7506579
0.8553066
0.98346376
0.8456444
0.9130614
0.94241196
0.8182644
0.9820248
0.9094121
0.99262905
0.7925302
0.9434746
0.73860407
0.5753289
0.55785394
0.88487566
0.7440168
1.0
0.9392793
0.94724095
0.9594875
0.9248922
0.9426346
0.9324325
0.97919345
0.9916564
0.80418575
0.66380525
0.9492185
0.8981977
0.94004774
0.80749047
0.95296556
0.92825115
0.84623027
0.84876275
0.76164746
0.84906477
0.9409947
0.78031915
0.8661347
0.77135307
0.9007263
0.96158826
0.7677522
0.88586557
0.97684187
0.8935551
0.9731094
0.7776432
0.50408214
0.9727315
0.85924035
1.0
0.81328523
0.7771764
0.9350715
0.88805073
0.72036463
0.9192154
0.9199153
0.8922296
0.9662521
0.9757011
0.957871
0.9338994
0.898649
0.99999994
0.88414264
0.81968355
0.9259112
0.97587746
0.6316232
0.99655074
0.8574737
0.9008045
0.66586626
0.8911996
0.7416874
0.79391307
0.8905067
0.997385
0.97387624
0.9953352
0.9580098
0.98826516
0.9859897
1.0
0.8863587
0.8762033
0.9248661
0.89822185
0.8618361
0.7021018
0.8269031
0.8955543
0.8772582
0.9713057
0.97539926
0.9720118
0.9822203
0.8220496
0.76416266
0.89360726
0.9348192
0.98708093
0.9007856
0.9566363
0.90776694
0.98582673
0.74531627
0.89327145
0.86020756
0.8187592
0.6187946
0.8484907
0.9048277
0.960006
0.8569817
1.0
0.91682804
0.9780618
0.9251513
0.9678307
0.8749297
0.7919343
0.9982867
0.50749063
0.96752775
0.92125356
0.9824846
0.9120053
0.9207886
0.916422
0.6991689
0.96868783
0.83106637
0.8119663
0.9042746
0.82437056
0.94575
0.7184534
0.9009235
0.9103183
0.94887674
1.0000001
0.90184546
0.8931057
0.95533425
0.9424557
0.76785445
0.8200353
0.8966891
0.9363192
0.6407715
0.5574904
0.88559157
1.0
0.846926
0.91699475
0.9857609
0.91955155
0.94585204
0.6897123
0.98887646
0.93080974
0.89878905
0.9609299
0.8619188
0.9614584
0.77779925
0.97772217
0.59171236
0.6739677
0.82952774
0.9134724
0.87891537
0.920657
0.91771895
0.9087267
0.95916516
0.96491545
0.9626883
0.9397214
0.8147636
0.95607585
0.8428393
0.87429553
0.8732042
0.9574919
0.9468249
0.97003514
0.9820187
0.9552416
0.8364834
0.8711715
0.9893906
0.91249675
0.96141124
0.8808997
0.5608252
1.0000001
0.82473934
0.92231584
0.8439327
0.89567053
0.6236148
0.9988163
0.9448017
0.8166334
0.85561585
0.7979983
0.76568127
0.8423079
0.95940197
0.89031816
0.76236576
0.94578993
0.8033819
0.85175294
0.93519187
0.6953382
0.87249637
0.62194693
0.8671253
0.93613374
0.92345065
0.6003125
0.8202074
0.9912601
0.91874474
0.9343617
0.9726369
0.8283429
0.94513106
0.9733207
0.86598945
0.63094443
0.967924
0.95567095
0.8634755
0.8975217
0.9056617
0.8988234
0.72969383
0.8898673
0.7856693
0.9672159
0.9381083
0.94709307
0.72341895
0.66946155
0.98408866
0.74305004
0.97855544
0.717027
0.8672606
0.8592201
0.873848
0.965275
0.92228675
0.9832039
0.958872
0.98621666
0.9582901
0.5548019
0.8347433
0.95704424
0.97855943
0.7676611
0.9841162
0.91075313
1.0
0.9891838
0.8186166
0.9752923
0.7862866
0.9546131
0.82794785
0.9853419
0.9207211
0.7817561
0.9635846
0.94744074
0.66685456
0.54020774
0.97527134
0.82645535
0.8662535
1.0
0.64058864
0.97849184
0.9106582
0.9437804
0.79890615
0.6024653
0.8316586
0.9819622
0.7070155
0.93900573
0.96414983
0.934384
0.86390376
0.84254235
0.7942339
0.98109233
0.8201158
0.9092035
0.67952645
0.9401459
0.9214669
1.0000001
0.9779926
0.7844341
0.7636436
0.8284025
0.94684744
0.974735
0.94299304
0.99960744
0.9188393
0.6618667
1.0
0.97788775
0.93227345
0.70515966
0.97745955
0.9693708
0.9929755
1.0
0.8446989
0.871105
0.8741301
0.9669298
0.97935414
0.89767015
0.62820685
0.9473801
0.9582856
0.85013705
0.9544033
0.57104206
0.7516302
0.9071602
0.74667376
0.92905724
0.9924239
0.87944245
0.98864466
0.6176128
0.8770088
0.9626915
0.87927127
0.89504486
0.7581817
0.98244375
0.88236433
0.84625125
0.9836508
0.9846566
0.6655885
0.9560341
0.6688522
0.7050455
0.907565
0.7329445
0.9494624
0.78171045
0.9405331
0.7693303
0.9674999
0.92522717
0.99459434
0.98023486
0.99956465
0.87350523
0.741557
0.67351687
0.97823274
0.9838382
0.5896893
0.8622991
0.8014809
0.6719978
0.88089216
0.96303666
0.8534349
0.89612305
0.79961604
0.98745656
0.31836063
0.8593863
0.7889234
0.8785115
0.74529976
0.9494475
0.4742743
0.9697651
0.8015573
0.927431
0.8413822
0.83654344
0.84608287
0.69925666
0.773093
0.7169223
0.7766486
0.6464551
0.9369321
0.8785114
0.79806846
0.32141897
0.9248444
0.8643406
0.8554073
0.7510844
0.7291146
0.6166705
0.8675893
0.97375673
0.82189
0.77096885
0.8569356
0.8012193
0.95515656
0.77274305
0.7241039
0.989826
0.796268
0.9752638
0.980378
0.9524021
0.8867408
0.809082
0.9552052
0.9657641
0.8803047
0.5920448
0.8361647
0.9600947
0.9020273
0.86395943
0.97595185
0.8079305
0.94718283
0.9037291
0.9708463
0.85455704
0.9704213
0.723793
0.8702987
0.57089365
0.9630513
0.9344302
0.7813376
0.8900874
0.93704987
0.9416744
0.8706915
0.87519884
0.99877596
0.91547436
0.9266782
0.8685174
0.75837064
0.9211173
0.781363
0.9884912
0.9850214
0.97095025
0.89802575
0.91844213
0.9383069
0.95202005
0.9251104
0.9640424
0.9618803
0.9150145
0.934658
0.8628925
0.9115195
0.97599953
0.99491304
0.7355515
0.81381595
0.8479841
0.8849422
0.58996695
0.82089126
0.93666023
0.88814795
0.9562294
0.92397857
0.65697455
0.9586431
0.92464775
0.9586102
0.73504496
0.91366494
0.8348533
0.93534577
0.71781325
0.94539094
0.8819759
0.6547364
0.89488876
0.97826016
0.93603206
0.64776826
0.5159919
0.9130262
0.9498282
0.9727004
0.9402168
0.9100548
0.8132011
0.82017
0.9327781
0.9398662
0.9980151
0.96589947
0.97362447
1.0000001
1.0000001
0.94528866
0.8689285
0.9086879
0.8230368
0.958481
0.8996383
0.9157734
0.84408665
0.8100338
0.9480747
0.77727157
0.937271
0.8009473
0.97697496
0.9315488
0.9539785
0.8572321
0.93139505
0.73379457
0.84235555
0.70582205
0.9816584
0.8458476
0.94777864
0.7209275
0.8746783
0.8322316
0.881806
0.85355484
0.982095
0.8712191
0.99940574
0.91460365
0.7828541
0.9430239
0.8637298
0.97829777
0.8424711
0.94140893
0.9061949
0.9485903
0.9112039
0.99695873
0.78951323
0.87914896
0.99448
0.8892439
0.8895979
0.896566
0.78585446
0.9966647
0.84297186
0.9053368
0.9999999
0.98816335
1.0000001
0.91930324
0.99999994
0.9771629
0.9044881
0.72720754
0.8607298
0.96342826
0.93286824
0.9121201
0.99657995
0.95263124
0.88860476
0.9600728
0.88359374
0.9321064
0.9016376
0.9885703
0.7895426
0.8991881
0.6617714
0.85954463
0.733243
0.9236968
0.74278855
0.9533812
0.8622085
0.7816999
0.9119791
0.8033139
0.8761181
1.0
0.9811355
0.9068516
0.8777177
0.92796016
0.67305523
0.81033605
0.937128
1.0
0.69236237
0.78797436
0.88094956
0.8534512
0.7429267
0.81946355
0.9868822
0.745466
0.91043705
0.8321664
0.9999999
0.8615711
0.87824965
0.9323178
0.99851054
0.79953355
0.6647558
0.86247635
0.83255
0.8418448
0.95064056
0.94702536
0.9272815
0.49528083
0.9994767
0.9654189
0.763622
0.897463
0.5450876
0.99303687
0.9046502
0.98165786
0.8283406
0.9519891
0.3777361
0.9731214
0.96482956
0.8146182
0.99999994
0.7454287
0.82826805
0.80163413
0.99066716
0.7547986
0.97196895
0.92959535
0.95628804
0.95278233
0.7917479
0.7349829
0.9812137
0.5557949
0.99577445
0.9103305
0.99167293
0.7789316
0.9646431
0.9787352
0.57656634
0.9730401
0.72683454
0.96765757
0.9877294
0.75050294
0.9224693
0.6691681
0.7617496
0.94279516
0.9704187
0.8959553
0.9999999
0.66576487
0.86187625
0.92080104
0.83561575
0.7692319
0.7147319
0.7842266
0.94781864
0.90909845
0.8370473
0.79252124
0.93374515
0.82376236
0.7655444
0.91102386
0.9370466
0.8376045
0.97753495
0.6721438
0.7410397
0.9306652
0.9943452
0.9270554
0.9952387
0.57980907
0.7128272
0.867321
0.9606486
1.0000001
0.8328171
0.7778564
0.9468073
0.7029554
0.8294402
0.803787
0.93158513
0.98120433
0.9843315
0.5374231
0.9864971
0.95248914
0.85117173
0.8165691
0.93508065
0.9583138
0.8953488
0.87291896
0.68997467
0.9403494
0.902064
0.9948559
0.8799362
0.9317984
0.8179295
0.9551181
0.90079266
0.885232
0.7103025
0.96978533
0.8567261
0.88921356
0.9906042
0.89793444
0.8836106
0.746022
0.90628016
0.74851
0.94326025
0.91376686
1.0000001
0.8809095
0.9341822
0.6870142
0.89713615
0.9294066
0.88845366
0.9993783
0.5201298
0.82998437
0.91324013
0.9530625
0.9330836
0.9553143
0.82743835
0.9718661
0.89961934
0.9063155
0.28141928
0.94799817
0.9084951
0.9432654
0.59103227
0.7710171
0.6002225
0.93668544
0.87673044
0.8172256
0.8901891
0.88441455
0.9667268
0.95776296
0.8826026
0.8434706
0.9087541
0.9139048
0.89680135
0.86606216
0.7199577
0.8997102
0.8319752
0.8475162
0.9566747
0.87419224
0.96429664
0.9704656
0.94889754
0.9481621
0.97549856
0.8087786
0.8634789
0.82136256
0.41135722
0.8675139
0.9429568
0.9488992
0.58635914
0.76120377
0.9649552
0.83764935
0.9059833
0.81445444
0.6705902
0.9525419
0.8788439
0.8940625
0.56536305
0.9849872
0.99944305
0.8097293
0.8833601
0.9630476
0.93989646
0.92343605
0.97663534
0.80994177
0.82815677
0.77742267
0.79170614
0.9742148
0.8354155
0.8889327
0.83333147
0.73401415
0.8387042
0.97023386
0.9636844
0.725185
0.9751384
0.83091116
0.99974924
0.83617896
0.8255242
0.71909344
0.9842224
0.90103376
0.78913426
0.9487416
0.9059309
0.8078866
0.9362943
0.92684877
0.8462886
0.94599986
0.9308329
0.988001
0.9559264
0.9354664
0.769699
0.7752352
0.88448197
0.8941788
0.8978232
0.872416
0.86713874
0.79975134
0.9694966
0.96188265
0.71298
0.9485105
0.86160225
0.9414102
0.9218495
0.86170435
0.8882817
0.8389764
0.9651814
0.95632833
0.8378316
0.933629
0.93229353
0.95055044
0.85920566
0.77373767
0.95560956
0.9596875
0.9973744
0.9686793
0.79296225
0.76890105
0.83770585
0.9245215
0.7208139
0.9106461
0.87496907
0.9971864
0.93708813
0.90098697
0.9833698
0.8638899
0.89585197
0.91706765
0.9534689
0.9290344
0.9661428
0.91021836
0.87138844
0.8728141
0.86707604
0.6073378
0.6069971
0.9094728
0.97461486
0.96095014
0.8084545
0.8828946
0.72685695
0.83315396
0.9851848
0.71873057
0.8674482
0.9207859
0.89993024
0.97051656
0.80162007
0.94777834
0.9214144
0.7481358
0.5417187
0.9503648
0.97683185
0.8269214
0.83628577
0.8276986
0.9989221
0.9805255
0.99999994
0.92123276
0.59879494
0.95652455
0.9991771
0.90771866
0.96631515
0.95854414
0.9949089
0.7685855
0.888386
0.90462506
0.58771473
0.860208
0.84631014
0.8702806
0.95847946
0.9501896
0.8806739
0.8922475
0.996895
0.82520545
0.9839229
0.8835016
0.97063315
0.8485026
0.9210582
0.9302157
0.8502599
0.44118375
0.48678428
0.98826116
0.8914214
0.9226476
0.92620325
0.5389254
0.66289854
0.7900944
0.6996514
0.9809524
0.9951203
0.8666994
0.9239556
0.8891573
0.7673807
0.9866894
0.9398123
0.82039213
0.83992267
0.99537647
0.79991984
0.81750476
0.79732144
0.8501844
0.98585886
0.9725765
0.95950466
0.93208206
0.9573952
0.84861517
0.99990475
0.93089306
0.999277
0.9230052
0.9774608
0.9366065
0.77561253
0.72674114
0.72651905
0.89984
0.8775579
0.89195585
0.9003229
0.9977589
0.9487287
0.8796447
0.88671166
0.9539978
0.8590359
0.9798455
0.9859184
0.974118
0.9437889
0.8519939
0.9728339
0.7998674
0.8174828
0.9806106
0.9163178
0.93881893
0.82460856
0.91126406
0.8795316
0.9218488
0.83714736
0.9160439
0.61299366
0.7973702
0.65490586
0.90329427
0.74295384
0.9178691
0.80332416
0.9588981
0.9555585
0.9387216
0.7931025
0.8378096
0.92546606
0.98593265
0.75304824
0.74764186
0.87038547
0.9485132
0.9715493
0.9305437
0.97753775
0.99030757
0.9547193
0.8760079
0.79715115
0.98657554
0.9622026
0.7374548
0.95959145
1.0000001
0.6998356
0.8028745
1.0
0.8956046
0.9247339
0.96969306
0.92999023
0.8881165
0.8973312
0.81853414
0.96610636
0.9802116
0.89249706
0.6881011
0.96012175
0.90524215
0.9622545
0.9855623
0.6992447
0.92915034
0.75759155
0.810069
0.7350405
0.87869465
0.8468521
0.9930237
0.7549951
0.7892146
0.92827433
0.97652566
1.0
0.9260675
0.88371676
0.9686408
0.67023265
0.78787607
0.88592744
0.9403255
0.87432694
0.83612996
0.7724314
0.927537
0.8652607
0.6999954
0.8722359
0.8929696
0.9211038
0.91005284
0.9910224
0.9298193
0.9055715
0.8215891
0.90843
0.5149889
0.79257673
0.95999146
0.92601514
0.89282495
0.649061
0.8745753
0.95080376
0.938149
0.722708
0.89603037
0.9132534
0.945405
0.99702203
0.93557596
0.76460874
0.9515843
0.9832469
0.6659819
0.9999999
0.8644684
0.9356595
0.97143096
0.741197
0.97408926
0.9723502
0.5069478
0.75534844
0.9337796
0.8734554
0.99999994
0.96608096
0.9341433
0.99999994
0.78708607
0.8416772
0.78248966
0.9872283
0.7150933
0.8012916
0.97367525
0.99064153
0.9160991
0.9161407
1.0
0.8751818
0.96521735
0.9342406
0.9735924
0.9926648
0.94085175
0.8739835
0.65256256
0.9237418
0.95915484
0.69432503
0.9706002
0.7983248
0.94956994
0.8213453
0.9247046
0.72143096
0.92632324
0.7698089
0.990659
0.94688183
0.8267509
0.8456997
0.9268023
0.9978832
0.8581098
0.733115
0.9491495
0.9207926
0.89921206
0.9420622
0.9945183
0.52453583
0.9602504
0.74780214
0.9493804
0.9706192
0.8280736
0.7394822
0.95208406
0.93972594
0.9633434
0.75189555
0.88976073
0.99383533
0.72154665
0.88190585
0.8748895
0.8471279
0.9876929
0.9867159
0.95341504
0.6478151
0.95280194
0.99585277
0.773825
0.8494634
0.73584765
0.91226864
0.7936853
0.8503588
0.7273148
0.69560945
0.9590608
1.0
0.9166353
0.94113004
0.7891681
0.9981076
0.81800956
0.811331
0.8328891
0.89811355
0.8730664
0.8264349
0.87866277
0.7913165
0.8475465
0.8276077
0.9383263
0.88257444
0.8561656
0.9776155
0.8270564
0.6482716
0.97768474
0.98022044
0.888402
0.8585862
0.76711637
0.8871098
0.7196459
0.9999999
0.832735
0.85429615
0.9828702
0.88507223
0.83887327
0.93901134
0.9597824
0.952401
0.9850986
0.92558295
0.9996646
1.0
0.8660689
0.8803154
0.97482383
0.7324448
0.7970858
0.9341461
0.93014824
0.88530314
0.67115164
0.97720206
0.9321224
0.965395
0.85435665
0.4205696
0.98153985
0.9239783
0.9904485
0.8468324
0.8203853
0.84443206
0.7086059
0.87874323
0.9712777
1.0000001
0.9944778
0.9696252
0.8978435
0.9057573
0.87781966
0.83350533
0.8404332
0.82613504
0.9015731
0.62675196
0.84228295
0.72298133
0.767818
0.9154791
0.92912775
0.8724872
0.9884426
0.7944827
0.97969794
0.87721944
0.9458327
0.87535685
0.928736
0.98909533
0.79271615
0.9128543
0.79442406
0.94828606
0.9761857
0.92517275
0.96788055
0.64269674
0.85272336
0.9694694
0.9149684
1.0
0.9578257
0.8127398
0.88773364
0.9999998
0.91370374
0.99999994
0.94148445
0.97009313
0.9238135
0.9581044
0.8670391
0.99150693
0.92663056
0.64658093
0.84483206
0.8618492
0.9017316
0.81572247
0.9032142
0.8809697
0.92403334
0.75879
0.9153776
0.82134044
0.93982184
0.86380863
0.93719614
0.97758776
0.9468039
0.9996238
0.07461788
0.981977
0.77203006
0.93018705
0.647833
0.93368065
0.96552604
0.95766747
0.91586584
0.9838468
0.965527
0.8103188
0.91188663
0.8353838
0.9332342
0.9280003
0.8598833
0.80684745
0.6324318
0.8655306
0.97678494
0.89044607
0.8587484
0.96838975
0.9738258
0.8501797
0.85886186
0.75847036
0.88384813
0.7706939
0.92407936
0.9830681
0.9009917
0.90452135
0.99999994
0.80095315
0.9325904
0.82812625
0.9976061
0.81346154
0.897769
0.97745377
0.80083865
0.8952651
0.9350427
0.5710143
0.98043907
0.9825032
0.9087634
0.73143494
0.85524195
0.8903702
0.76793766
0.9238929
0.85276204
0.98192024
0.96601754
0.6287792
0.99681437
0.768082
0.91623175
0.9999998
0.867612
0.9450582
0.7977944
0.93730044
0.93651456
0.8108538
0.9708526
0.9807141
0.9741776
0.83446527
0.9746535
0.98956203
0.97574127
0.9678609
0.98694855
0.92447287
0.7233946
0.7565468
1.0
0.66902816
0.9192587
0.96343255
0.7897467
0.85747004
0.8648674
0.9563536
0.7345735
0.69466466
0.9185871
0.7954387
0.86000115
0.8370229
0.6932981
0.9238484
0.7166484
0.8322976
0.9884857
0.93313
0.94213766
0.9999999
0.7984171
1.0
0.9511253
0.9999999
0.9095835
0.8282778
0.86332947
0.960621
0.9162499
0.59009004
0.9452203
0.99806726
0.9223585
0.6326778
0.68886006
0.823754
0.9780025
0.8110492
0.97078604
0.6018524
0.88978153
0.9656635
0.9926891
0.8416934
0.75357485
0.93517244
0.94214964
0.87997246
0.9628644
0.7726063
0.9543551
0.9929737
0.9377635
0.83759826
0.7609835
0.8976611
0.97956306
0.99081117
0.84083426
0.9398159
0.8990649
0.8188698
0.8201004
0.7469795
0.97540724
0.963346
0.8285936
0.97909415
0.82953984
0.9081621
0.81393456
0.7504987
0.97442716
0.88312274
0.912688
0.99353576
0.93209124
0.7978036
0.98657924
0.8917674
0.82351506
1.0
0.6718085
0.945838
0.7865563
0.8624158
0.9650147
0.8600911
0.8608294
0.98208344
0.9568374
0.9993082
0.71210694
0.9568704
0.87551665
0.8983801
0.92433316
0.9325315
0.8340153
0.7896753
0.8421873
0.8199468
0.81699336
0.7601024
0.87414134
0.93106365
0.9507041
0.960529
0.7831422
0.85206914
0.96298856
0.9453615
0.83725476
0.826345
0.9905646
0.9378339
0.85958076
1.0000001
0.9673295
0.86022544
0.8955493
0.91458726
0.83093166
0.9921628
0.6137122
0.99299514
0.9253227
0.816416
0.7404897
0.88440466
0.835641
0.55971265
0.6389204
0.798015
0.9843674
0.88907224
0.8602605
0.97389704
0.94744444
0.954442
0.93073213
0.76376563
0.91076803
0.99383986
0.68920535
0.95626825
0.8923466
0.87247646
0.98154813
0.99231935
0.8979566
0.8042297
0.9683541
0.67789376
0.40272585
0.8222605
0.65428233
0.9687748
0.91213924
0.8865072
0.9780944
0.98811924
0.81384134
0.77453345
0.66763437
0.9598616
0.8241124
0.7787005
0.7475444
0.95703435
0.9345187
0.738931
0.72023267
0.96973777
0.87317693
0.8338188
0.81858855
0.87372524
0.827982
0.99999994
0.82658124
0.943083
0.9161541
0.6494869
0.9404881
0.8819517
0.82449603
0.7784727
0.9734952
0.65802747
0.6846555
0.7257514
0.85232615
0.91298026
0.84056485
0.9019382
0.8966118
0.98239815
0.76176095
0.9472058
0.88973886
0.8795742
0.7630857
0.96017706
0.9065287
0.924716
0.9321438
0.9515836
0.8676722
0.890568
0.82188725
0.6506568
0.9219565
0.98198134
0.8625005
0.70912856
0.963008
0.84026647
0.9633535
0.95506203
0.9997766
0.92966413
0.42100126
0.906993
0.7558667
0.8413751
0.8575978
0.7011704
0.90399003
0.98937166
0.92021585
0.78190565
0.81652564
0.99966574
0.8757509
0.90656734
0.76636773
0.747039
0.97070855
0.8235955
0.99560714
0.9398539
0.9402354
0.95242727
0.85523427
0.67050785
0.9398093
0.8329978
0.8155187
0.9512492
0.9823896
0.9013249
0.9623977
0.96826404
0.75508523
0.9518916
0.83135474
0.83658504
0.85622054
0.7040374
0.85442454
0.853964
0.8885015
0.84188867
0.77766645
0.6567845
0.9153517
0.93955827
0.83169264
0.96670604
0.8069221
0.95332223
0.88313943
0.8795436
0.94514304
0.74431276
0.84765136
0.94911915
0.92246306
0.93281376
0.8050797
0.7239546
0.92892945
0.98114634
0.93031955
0.85074955
0.7582036
0.805224
0.94780546
0.91303307
0.8803599
0.90243375
0.8778893
0.95478535
0.922939
0.93436867
0.85428095
0.9339684
0.8583683
0.9970236
0.9311136
0.8458629
0.9452605
1.0
0.75721246
0.98976165
0.8502224
0.99181235
0.99215615
0.8169408
0.94057214
0.93396926
0.9368807
0.9400543
0.8991854
0.9807317
0.7399928
0.9404197
0.94417226
0.9884546
0.9428685
0.7275004
0.9687562
0.6257902
0.6935294
0.7059467
0.7473769
0.9073741
0.8917021
0.8636278
0.95841944
0.9442207
0.90324116
0.59997845
0.92126715
0.949091
0.6782992
0.67074174
0.83855367
0.8621653
0.72901136
0.96582884
0.76079714
0.9141849
0.89520556
0.83867913
0.99725306
0.83817935
0.97705746
0.8124128
0.86769336
0.9772714
0.87712395
0.9182119
0.6787735
0.78896683
0.9620688
0.9589821
0.79460627
0.78193295
0.9281683
0.8872414
0.7078746
0.96722513
0.8821738
0.77719814
0.85518146
0.987619
0.9319107
0.83527875
0.9028064
0.9501189
0.89770097
0.92522204
0.85591185
1.0000001
0.9556649
0.90824795
0.8325635
0.99347925
0.900099
0.9955422
0.82524943
0.8636689
0.8235749
0.88383543
0.82017994
0.9270574
0.9554294
0.7866509
0.8137455
0.7972188
0.99048483
0.99999994
0.7355869
0.88590276
0.9356187
0.9526196
0.98695874
0.98668104
0.85987216
0.8317292
0.8726013
0.76015675
0.96853924
0.79313767
0.98024654
0.731066
0.95484936
0.8812165
0.9522512
0.9752683
0.96385264
0.9991478
1.0000001
0.91122717
1.0
0.9249575
0.81573176
0.88809896
0.86717963
0.9811495
0.97160363
0.89532185
0.8025445
0.99285674
0.9957396
0.98068166
0.9791641
0.9784776
0.6992806
0.8276446
0.8797792
0.92122245
0.9266383
1.0000001
0.77395606
0.8929686
0.96391946
0.91167927
0.9466644
0.9658079
0.939075
1.0000001
0.9292378
0.9965267
0.8853073
0.9082404
0.9448228
0.93935436
0.84575135
0.8002683
0.79811525
0.9819731
0.87456
0.64097357
0.8196563
0.9155162
0.8259703
0.57160044
0.93670857
0.9760526
0.8598889
0.9345373
0.91110486
0.877829
0.8513299
0.80132467
0.89960057
0.9338877
0.7302414
0.99617803
0.9950789
0.86085725
0.9808838
0.9197959
0.83450294
0.9191717
0.77716506
0.9509253
0.49254608
0.9719646
0.92510116
0.8866134
0.8496259
0.96728325
0.9211918
0.9652976
0.90328205
1.0
0.8789385
0.98798335
0.369682
0.7360634
0.8510036
0.8104793
0.9066443
0.92215914
0.89814633
0.7837809
0.39790586
0.9378169
0.93175167
0.83331466
0.9163445
0.9881666
0.8962326
0.8015046
0.8387231
0.90095055
0.85304797
0.9718164
0.75943565
0.6946934
0.7119291
0.88733345
0.85301375
0.9731687
0.9858167
0.9962095
0.901833
0.80499583
0.88433886
0.99475956
0.9656137
0.7562145
0.9679363
0.91802996
0.89955825
0.845446
0.80322117
0.9840651
0.9661743
1.0
0.92326
0.87123054
0.848909
0.9763073
0.996069
0.99102294
0.97033906
0.98824054
0.838747
0.9166348
0.8682578
0.74482477
0.8592317
0.9499131
0.8241951
0.76407087
0.8027067
0.94904655
0.96128964
0.8385047
0.83087826
0.87211394
0.92438626
0.9534508
0.86936164
0.99949557
0.9569604
0.90476173
0.896736
0.8940947
0.9123583
0.94742435
0.7959229
0.90013814
0.83606786
0.9420831
0.8391342
1.0000001
0.80362695
0.9605323
0.96892583
0.9669068
0.81303555
0.9515529
0.9298314
0.964801
0.93442774
0.885353
0.7519621
0.7603653
0.99999994
0.912335
0.7658624
0.9521582
0.9958231
0.7416931
0.7049331
0.9959135
0.9577245
0.69008243
0.9919172
0.9663012
0.9679345
0.9500536
0.9279904
0.9330605
0.81035954
0.9793814
0.95153195
0.8319496
0.99951327
0.9453113
0.9272302
0.95922476
0.9169774
0.8897472
0.8980495
0.81257796
0.9350085
0.94878495
0.85012186
1.0000002
0.94094217
0.31285414
0.94232285
0.9848392
0.9134306
0.8573013
0.93493986
0.7841973
0.98308
0.86804277
0.94075984
0.92815757
0.9914239
0.9483787
0.4870272
0.9441787
0.83926076
0.48683286
0.9139521
0.8700158
0.9833228
0.97184324
0.87075424
0.80778825
0.9689732
0.91109985
0.9429499
0.9835014
0.8964409
0.85178524
0.70811707
0.74386185
0.8007808
0.98614407
0.9698004
0.7082913
0.8429865
0.82600737
0.92068076
0.77305853
0.97922546
0.98593426
0.63081634
0.9794978
0.895285
0.9249171
0.8323287
0.9898907
0.9968693
0.8001763
0.9534765
0.92733955
0.9248251
0.66633445
0.8444929
0.8385845
0.864498
0.7393971
0.9271859
0.7961462
0.93028
0.7457113
0.8402537
0.9463767
0.7621348
0.9316751
0.64560676
0.89466
0.8015409
0.82503706
0.9306272
0.99358773
0.9276597
0.78677523
0.80961126
0.9144547
0.7335079
0.70301706
0.98133886
0.7962836
0.94257045
0.8450291
0.6596017
0.8501655
0.8456515
0.8441487
0.9694475
0.8096634
0.7109637
1.0
0.9416376
0.87523705
0.5942139
0.8819001
0.46116132
0.8447423
0.8348393
0.82165027
0.8034762
0.81415355
0.9970714
1.0000001
0.7127989
0.76093227
0.9342002
0.99260134
0.95481795
1.0
0.8585809
0.916038
0.858827
0.93976146
0.9607742
0.93007934
0.9642665
0.9341332
0.9736845
0.92269075
0.97833854
0.9954153
0.9494771
0.5885764
0.89756954
0.84851503
0.91793984
0.97853595
0.9129402
0.9625796
0.8499886
0.99660593
0.88736385
0.965669
0.9398005
0.9800113
0.83245695
0.99912435
0.88290596
0.9423488
0.84854573
0.9653105
0.90148795
0.95275915
0.80133945
0.89527726
0.89879775
0.96759486
0.9528091
0.9193177
0.4307507
0.7869191
0.9193605
0.9984903
0.8517904
0.5463623
0.94057286
0.7659563
0.9544072
0.8610227
0.84330785
0.9316919
0.9287702
0.8118757
0.8201462
0.774121
0.8223718
0.9208914
0.91349155
0.93401116
0.9130088
0.8822864
0.94726354
0.92717594
0.89436173
0.7348244
0.9883864
0.95943403
0.4763295
0.9785564
0.8242053
0.9911492
0.95005834
0.9251647
0.9419494
0.9800332
0.9790319
0.8963596
0.77215165
0.8592222
0.9812361
0.93852895
0.8976774
0.84800434
0.69747245
0.8024246
0.9005933
0.9342224
0.827011
0.75642097
0.93352175
0.9863177
0.9358131
0.87964976
0.9364502
0.83866775
0.9635645
0.6801479
0.8951932
0.9852877
0.8911016
0.7715849
0.9254849
0.8794215
0.98398316
0.7080637
0.8112952
0.8332813
0.9757956
0.8529416
0.61768925
0.9642473
0.943239
0.8091442
0.92306113
0.7923601
0.9583511
0.99943745
0.7441176
0.9751166
0.95983434
0.8329783
0.97125864
0.7270021
0.99493575
0.98312354
1.0
0.98815155
0.86542827
0.9999999
0.90393883
0.81232804
0.8444306
0.7828566
0.9073497
0.7809296
0.8757421
0.90290904
0.9059557
0.8359029
0.67782587
0.7284011
0.8740923
0.88406473
0.9637194
0.8675982
0.6335511
0.8868971
0.984783
0.985231
0.89828384
0.8121164
0.97123134
0.96091664
0.59072644
1.0000001
0.6901994
0.9318715
0.8819246
0.8905904
0.86834157
0.89007825
0.8824577
0.9133906
0.9956152
0.95229435
0.84646165
0.919677
0.8495348
0.9407405
0.89338475
0.9987078
0.86465627
0.82129514
0.9717425
0.74706167
0.9484252
0.8883825
0.9747251
0.9795775
0.7850888
0.6886231
0.9870471
0.8686303
0.7751957
0.79691017
0.9559207
0.65424436
0.97196686
0.9992765
0.9365075
0.9920484
0.87452674
0.91397643
0.80423844
0.62452817
0.85506
1.0
0.97413206
0.9782845
0.9957268
0.6881938
0.9691889
0.9397494
0.8142751
0.8952772
0.8376329
0.91089964
0.93841314
0.88942164
0.6817972
0.97827554
0.9246094
0.9423429
0.8240468
0.7945378
0.80070305
0.90310955
0.89565724
0.9985795
1.0
0.9493235
0.993794
0.91701365
0.87960416
0.9990997
0.9453445
0.95913494
0.6883081
0.9047718
0.9274732
0.7851732
0.960425
0.9829442
0.9019367
0.94770896
0.76717466
0.9847386
0.8184421
0.9234283
0.76674116
0.93651897
0.79457223
0.91651773
0.95789385
0.84829235
0.9854787
0.9298353
0.8204231
0.93572485
0.9864409
0.72045547
0.8901798
0.70084995
0.899362
0.77617884
0.969923
0.87063134
0.9607472
0.96279764
0.8763147
0.7963811
0.7731967
0.8904856
0.74872255
0.9835219
0.92221224
0.9656782
0.9226123
0.94121486
0.98606324
0.8069161
0.9456828
0.9016939
0.65464723
0.90571773
0.88007224
0.9150244
0.9560193
0.983462
0.8798766
0.9809884
0.9495857
0.82992893
0.9110037
0.795736
0.7619566
0.932691
0.9270227
0.6628047
0.8182051
0.68489385
0.83484304
0.9494508
0.9606693
0.5238544
0.8924513
0.9735368
0.9851979
0.7972728
0.7287042
0.8181497
0.67716646
0.7156686
0.7436602
0.9467221
0.83171976
0.85384893
0.9809245
1.0000001
0.63915753
0.9582445
0.8176538
0.76103544
0.91062874
0.94865084
0.8376917
0.9398743
0.90087634
0.939435
0.87706316
0.7470954
0.8098253
0.92435086
0.80806625
0.95112735
0.87873316
1.0
0.7999955
0.88482225
0.9321404
0.8904974
0.8368536
0.72229314
0.8937622
0.99706924
0.45823482
0.9352714
0.85544133
0.5915862
0.86151665
0.9939808
0.8730666
0.99999994
0.94888556
0.7647376
0.69606686
0.94463277
0.9873901
0.96441066
0.6151101
0.8385329
0.941381
0.9532453
0.9507875
0.896056
0.9209839
0.8516096
0.9516497
0.74994797
0.86787945
1.0000001
0.8537233
0.5497645
0.96597993
0.8445501
0.8713604
0.6710045
0.84110063
0.86533237
0.95443237
0.86970806
0.8020765
0.91331977
0.6843887
0.9410006
0.6543836
0.8478204
0.6858443
0.8501412
0.8098253
0.87867
0.9958516
0.9722282
0.9013819
0.99046797
0.98178244
1.0000001
0.81493986
0.94598013
0.9606781
0.88178194
0.94967806
0.7927748
0.9661076
0.9373349
0.84544057
0.84834385
0.83217317
0.99845856
0.9780954
0.79162276
0.85706866
0.656954
0.97031146
0.66080296
0.85852444
0.8959848
0.8269427
0.94733423
0.99409175
1.0
0.94414127
0.99503815
0.7903632
0.99555284
0.83996576
0.9740304
0.9403403
0.7763187
0.8518711
1.0000002
0.9585852
0.94614583
0.7296838
0.99216807
0.88917154
0.78757274
0.8467451
0.7019285
0.8055963
0.97276974
0.9535125
0.83999383
0.9752894
0.8127336
0.91028905
0.9176489
0.8943126
0.65955675
0.96305716
0.9205452
0.97146356
0.99943584
0.83748543
0.99999994
0.95928144
0.7880471
0.97027963
0.9722978
0.81807745
0.6576898
0.9759737
0.8666278
0.8208981
0.8561345
0.8198044
0.99091226
0.41799998
0.6043288
0.94859505
0.85393196
0.9310141
0.91390777
0.8815491
0.96962464
0.9100295
0.7580064
0.8256681
0.8805509
0.8996794
0.805851
0.99538577
0.9944328
0.64033735
0.77311367
0.6921485
0.8744544
0.965311
0.60269105
0.769526
0.966882
0.9923248
0.9313578
0.9146768
0.555451
0.7019588
0.99274784
0.7831557
0.852585
0.6600453
0.97036135
0.8074266
0.9521309
0.9130467
0.9792969
0.6713959
0.9592485
0.9384022
0.5422451
0.836411
0.9460603
0.8721876
0.924484
0.9246788
0.9994873
0.74801564
0.8770275
0.7869088
0.7679229
0.7612552
0.9286754
0.7416237
0.906757
0.97521996
0.9248816
0.8321137
0.9236706
0.9313703
0.7779989
0.82273996
0.6907771
0.9999999
0.64793736
0.9052652
0.8862686
0.82455397
0.73277175
1.0
0.89831305
0.97329307
0.9836869
1.0
0.86960554
0.7538772
0.9417144
0.96237874
0.8954915
0.9430494
0.97305787
0.8980158
0.95992893
0.9313163
1.0
0.9192242
0.8700707
0.858178
0.95545036
0.96504045
0.75670207
0.8042903
0.8393689
0.91348684
0.84931797
0.84559345
0.98542744
0.9624036
0.9647957
0.8131017
0.47961274
0.7026287
0.8363253
0.9901166
0.7709392
0.90603
0.95769894
0.88546365
0.90918857
0.7836733
0.86937875
0.93308204
0.7859547
0.76235396
0.97986424
0.9436694
0.9664734
0.840517
1.0000001
0.9555144
0.75310004
0.8465171
0.9480361
0.8663457
0.99999976
0.81038743
0.7738273
0.91347986
0.9366012
0.9768547
0.9593825
0.9128901
0.8526416
0.8276293
0.8941816
0.947196
0.98185754
0.96845156
0.90148896
0.9801467
0.93905
0.8821156
0.99398565
0.9403331
0.92382175
0.90998477
0.9691152
0.92293286
0.9642762
0.893824
0.8220369
0.7248494
0.8266051
0.92538154
0.8112615
0.9866658
0.9855015
0.9543397
0.8868082
0.80948174
0.90954673
0.9830827
0.92217076
0.8125599
0.87080353
0.9760667
0.9843522
0.8481249
0.9814527
0.8322596
0.9941141
0.79146945
0.97264946
0.9358084
0.95949435
0.6389374
0.9875235
0.9037868
0.83690345
0.76504195
0.9440118
0.9812796
0.65043545
0.9466807
0.8679087
0.9251703
0.8777572
0.8587605
0.95121425
0.9135664
0.8881808
0.8793736
0.90434027
0.9702104
0.94526553
0.80955553
0.81075776
0.9634402
0.9729401
0.82033
0.94419175
0.8382969
0.923707
0.757711
0.8663729
0.95107955
0.8563434
0.96509856
0.9996088
0.7864777
0.98557484
0.91919667
0.95943326
0.960219
0.9742327
0.9376165
0.9992018
0.8432173
0.87795514
0.81306994
0.927529
0.85903394
0.7678937
0.8608186
1.0
0.7304698
0.91287035
0.90485185
0.8300512
0.8862368
0.9492638
0.9862265
0.9375794
0.77060825
0.639511
0.9283172
0.9504409
0.8963972
0.94323075
0.8635671
0.95025384
0.92621624
0.8983521
0.8872317
0.94952726
0.9334811
0.931566
0.8572523
0.9777694
0.92242545
0.8781945
0.99519706
0.88201267
0.8869275
0.9185994
0.81767225
0.76806885
0.97947747
0.90319
0.9039987
0.9548418
0.72364265
0.89609575
0.9157739
0.94673884
0.79145217
0.8123989
1.0
1.0000001
0.77841693
0.8760544
0.9795781
0.96642977
0.89200974
0.9776758
0.98788154
0.75175846
0.8827178
0.8398698
0.92705303
0.7784616
0.9748891
0.97100925
0.9691652
0.94979566
0.9937671
0.9999999
0.6380721
0.9501116
0.7345191
0.68560934
0.73758477
0.96788394
0.87385064
0.6921554
0.8868938
0.98849404
0.6766234
0.9682945
0.982798
0.9431826
0.92718273
0.9121449
0.85267895
0.91128576
0.9343331
0.8679743
0.88992333
0.9830605
0.9972674
0.94776547
0.47037464
1.0
0.9527687
0.88784987
0.91078675
0.57907087
0.8099007
0.8654388
0.984977
1.0
0.982117
0.9192754
0.955986
0.9920654
0.86862767
0.60821855
0.9016095
0.722096
0.94883513
0.9778239
0.8726421
0.9146766
0.9662559
0.9701283
0.94900453
0.99089587
0.94576514
0.94828296
0.9472529
0.9739795
0.85819894
0.74778354
0.77111924
0.79394984
0.9100975
0.9406565
0.7962183
0.99882567
0.7533778
0.7303389
0.88363075
0.97009194
0.8653616
0.9750918
0.94526374
0.5421589
0.9442863
0.8393148
0.9999999
0.6330426
0.73934007
0.8438327
0.8048729
0.8065983
0.8251893
0.9026874
0.8464372
0.7920822
0.8708773
0.9322231
0.92901206
0.87110233
0.9264382
0.8549433
0.9075327
0.9580509
0.97056085
0.9386576
0.9680664
0.9220711
0.993865
0.8590977
0.9803982
0.85948986
0.85238993
0.8329065
0.90457773
0.8971664
0.94573206
0.67587656
0.8758681
0.89295256
0.68470216
0.9370104
0.9730424
0.99035656
0.97518533
0.94499373
0.8290388
0.98953336
0.57894725
0.9493419
0.8672798
0.6103089
0.8944311
0.69373494
0.90244675
0.82246053
0.31198686
0.9109836
0.8376678
0.97278893
0.95624995
0.9874455
0.89044416
0.93674225
0.8424702
0.89383185
0.90936595
0.9867842
0.95957935
0.8809489
0.97668797
0.9136293
0.8838878
0.95142305
0.8078983
0.93844974
0.9835294
0.99815035
0.9450296
0.9772048
0.7189985
0.9742589
0.9480001
0.6875867
0.9654795
0.89490443
0.86563414
0.78693414
0.8062101
0.8789793
1.0000001
0.8861086
0.9316774
0.883398
0.9063888
0.57045317
0.8271599
0.99260306
0.9210767
0.921323
0.98453736
0.9559034
0.81763655
0.7052874
0.9610168
0.91771364
0.9734751
0.9561231
0.92287385
0.9664561
0.80333644
0.9567641
0.81439644
0.78229636
0.8444753
0.8741273
0.9435297
0.7336256
0.99899584
0.7653558
0.95461637
0.67149013
0.7663413
0.7465111
0.815315
0.98253417
0.901659
0.723554
0.7726169
0.98325765
0.90983933
0.9296855
0.89010346
0.82378495
0.9516841
0.8287248
0.9916605
0.93651724
1.0000001
0.9558582
0.62393403
0.83292747
0.88517165
0.97259605
0.97888625
0.84855103
0.9029509
0.9170021
0.82709897
0.8588823
0.9915153
0.86215127
0.7806252
0.9294863
0.93246967
0.77466583
0.68177223
0.73712015
0.9390535
0.83449465
0.91514266
0.9999998
0.9999999
0.8414653
0.8870429
0.97898406
0.919384
0.9747341
0.99194205
0.85534334
0.94165856
0.8704597
0.85514295
0.96533436
0.92821544
0.7262556
0.9056224
0.9575243
0.940034
0.60178494
0.9778318
0.9254242
0.9348929
0.93885845
0.92510384
0.9999999
0.81609565
0.9622604
0.912553
0.9336641
0.89139783
0.9640284
0.94572496
0.92101306
0.82352453
0.8218096
0.919839
0.865653
0.88317823
0.81347674
0.73483855
0.8811545
0.9222797
0.9321179
0.83719677
0.6496284
0.9496645
0.896962
0.878065
0.82745546
0.96766186
0.9598353
0.8600158
0.9374831
0.5037521
0.90498483
0.7581554
0.9430094
0.95180154
0.9554155
0.8254184
0.8129376
0.9009397
0.69207746
0.7145763
0.9849236
0.78485835
0.9900833
0.960155
0.988653
0.96989393
0.98822427
0.8829028
0.93376845
0.9880508
0.9871464
0.87180454
0.88051635
0.9492672
0.7448325
0.754756
0.82675666
0.6857868
0.94901043
0.98170024
0.7885953
0.90537643
0.77927136
0.9685167
0.9536814
0.937453
0.9328374
0.9806017
0.8104812
0.9481038
0.7977692
0.9986211
0.82236546
0.8095347
0.69207186
0.9616329
0.8196728
0.9842601
0.79655063
0.955535
0.8012663
0.9724513
0.6063018
0.793934
0.9233688
0.8965032
0.89734155
0.9841846
0.96447444
0.94011426
0.97118914
0.91865546
0.7604255
0.9466807
0.9667511
0.9067044
0.6253327
0.67403704
0.82961035
0.9557941
0.84326077
0.95240045
0.6255219
0.6812941
0.84505194
0.6788268
0.9482297
0.8496841
0.9384953
0.9089836
0.939163
0.98396796
0.7974372
0.91796863
1.0
0.72938
0.8930882
0.9877531
0.9732349
0.932
0.86906314
0.9373441
0.97339076
0.9636433
0.9995603
0.8891955
0.877071
0.6790909
1.0
0.9507026
0.988199
0.9747851
0.952267
0.92736346
0.93984807
0.73707247
0.8605778
0.9752291
0.9044039
0.99044895
0.9972784
0.8569648
1.0000001
0.9411693
0.9251317
0.86836946
0.9836203
0.9940609
0.9308343
0.92505527
0.99379253
0.8552427
0.80817646
0.983317
0.8140818
0.98537344
0.8972381
0.88058525
0.96355987
0.9204445
0.9996961
0.6398878
0.91856104
0.9200285
0.92166173
0.8603727
0.93863386
0.97644305
0.74508584
0.9818072
0.83577484
0.6254877
0.7623076
0.8764662
0.975928
0.9122956
0.8794968
0.9763948
0.9473929
0.99553084
0.9217496
0.9566357
0.9017168
0.9733939
0.8685676
0.85322124
0.9809679
0.963591
0.7695331
0.9356601
0.9702239
0.73443764
0.8164837
0.91236883
0.95103544
0.92081475
0.838743
0.9210058
0.86939734
0.932233
0.9859227
0.93749046
1.0
0.80500245
0.5628877
0.9719436
0.7368587
0.8468091
0.89804685
0.9962799
0.63284606
0.8631609
0.81168497
0.9369145
0.9320692
0.94164073
1.0
0.8719865
0.9417901
0.89787674
0.98719704
0.96897906
0.993775
0.8363617
0.9646483
0.9828363
0.8606837
0.89083594
0.97054815
0.99447125
0.80185133
0.90402484
0.7814169
0.86290395
0.9895501
0.93215144
0.9116596
0.7509341
0.7463523
0.9598386
0.9716587
0.88537323
0.9626548
0.6605229
0.7333721
0.75664246
1.0000001
0.7494017
0.95374537
0.984697
0.9356718
0.98560685
0.95704913
0.8050679
0.8524067
0.97630787
0.99047387
0.92148525
0.8734076
0.9397702
0.90298194
0.8180131
0.64721614
0.8307004
0.90865105
0.93022895
0.98264754
0.88577795
0.87206745
0.8814604
0.9825517
0.9508061
0.93730533
0.8943923
0.9855244
0.9185374
0.94038236
0.7950489
0.98229754
0.63560414
0.8524945
1.0
0.8980726
0.94079506
1.0000002
0.5640641
0.6353685
0.98223025
0.7048212
0.8085153
0.5227333
0.83575714
0.96586597
0.9502246
0.8030745
0.95470643
0.926687
0.99245894
0.9590821
0.8827721
0.9740204
0.99999994
0.98801965
0.7731269
0.7392171
0.9244613
0.87294286
0.9623184
0.972913
0.9643025
0.88291484
0.9294689
0.94436586
0.88925934
0.99567
0.9836985
0.8684629
0.89781016
0.6911695
0.85870385
0.91845036
0.9171274
0.97946376
0.92095065
0.8429771
0.74060804
0.97446465
0.88464344
0.7185931
0.6402583
0.66400063
0.80170697
1.0
0.8891096
0.8688936
0.99697304
0.996104
0.9642892
0.85014737
0.90540326
0.8148763
0.8634161
1.0
0.966629
0.87150013
0.894478
0.8564071
0.9586375
0.9909786
0.9911094
0.9312949
0.7382736
0.6424062
0.8787453
0.9546353
0.9272506
0.9903039
0.91979563
0.9075997
0.97315097
0.9554338
0.92359066
0.9253904
0.9261529
0.753709
0.9062183
0.63172823
0.98103344
0.8857393
0.95827043
0.95056695
0.94563687
0.92711514
0.96533966
0.8496789
0.9636986
0.8259582
0.9132144
0.84830487
0.782074
0.98842555
0.8034879
0.76926196
0.98585504
0.9073658
0.82748634
0.94825506
0.74311125
0.84449613
0.70625263
0.9859028
0.8767948
0.98972064
0.9874126
0.48209864
0.9164362
0.85803807
0.9135382
0.9891393
0.7781031
0.88139915
0.9993017
0.9927012
0.9443431
0.85639405
1.0
0.8509124
0.89917886
0.7794815
0.9633588
0.74835205
0.91030145
0.799001
0.670989
0.99753356
0.9984081
0.77214044
0.905919
0.9159883
0.87211376
0.9173486
0.89617765
0.9605973
0.9161431
0.79393595
0.9453217
0.8293028
0.9598731
0.717391
0.9552951
0.9759864
0.99355555
0.9856726
0.9649344
0.9714545
0.9086675
1.0
0.9629729
0.8987918
0.8774187
0.9720825
0.80270046
0.93101764
0.94069165
0.8825736
0.808733
0.98406386
0.95860887
0.42478853
0.8610037
0.95978063
0.88986635
0.87417996
0.76685435
0.9226874
0.8329828
0.8413068
0.94472486
0.861506
0.98544514
0.86546975
0.8531072
0.91546386
0.8907062
0.66597724
0.8378541
0.891664
0.9634179
0.86686033
0.9450299
0.9711343
0.8755663
0.9645317
0.8200826
0.78297704
0.85494983
0.99912345
0.9566976
0.85920775
0.81330794
1.0
0.9341763
0.9488974
0.94616145
0.9156187
0.8127761
0.894968
0.8090658
0.92161626
0.6724103
0.88744116
0.8922647
0.7000054
0.8474367
0.84908205
0.88228196
0.927018
0.79270136
0.8298589
0.99981236
0.82549036
0.850237
0.91108316
0.9358542
0.9424692
0.910853
0.98453856
0.91928303
0.82945406
0.98623693
0.71702796
0.7105337
0.98952246
0.7275499
0.8745974
0.94373864
0.9549495
0.9091705
0.63307965
0.7751159
0.71741843
0.96543515
0.9323808
0.8023199
0.9836945
0.95723635
0.8714441
0.88392127
0.9636421
0.8738227
0.812848
0.9581921
0.85340106
0.9559901
0.8703271
0.83077085
0.92861223
0.9350964
0.8822367
0.8108865
0.88983375
0.95822585
0.9869699
0.9494166
0.8821847
0.97947276
0.89618635
0.84099376
0.7918683
0.78349864
0.91790736
0.82333034
0.99657017
0.9494557
0.8801614
0.9975626
0.62195885
0.9409595
0.8028001
0.98950493
0.9355296
0.9329003
0.9356147
0.6477165
1.0
0.9648948
0.99729216
0.90702057
0.9253549
0.76864547
0.76212597
0.9726842
1.0
0.8983528
0.82920045
0.80292076
0.904701
0.9905899
0.80413014
0.95201683
0.7552756
0.99974084
0.8288665
0.9632065
0.7178396
1.0
0.9725556
0.9453747
0.8898431
0.8473377
0.9671498
0.8669015
0.70947194
0.96201825
0.8318827
0.9877361
0.9378643
0.91010106
1.0
0.8743018
0.7284866
0.7951227
0.9523758
0.68318594
0.9920785
0.8428505
0.9665934
0.90894
0.9124807
0.7000472
0.9882989
0.916432
0.82895654
0.9668522
0.9720106
0.9091193
0.8015786
0.97257495
0.5460955
0.83133173
0.58383083
0.45607296
0.95767754
0.9450745
0.8117885
0.98100114
0.7717208
0.8415867
0.9221109
0.9573654
0.70571804
0.97579914
0.8624868
0.9492997
0.8307345
0.9596279
0.9882362
0.9456667
0.9086217
0.9851605
0.9615763
0.8947509
0.79717875
0.98667073
0.65240616
0.97788167
0.9161441
0.9902912
0.9581054
0.8538257
0.7235653
0.900991
0.9001128
0.94231945
0.942669
0.934791
0.9846514
0.83777887
0.8484632
0.608548
0.88534975
0.969242
0.8289133
0.967347
0.99926835
0.9721545
0.57058096
0.7660288
0.9131447
0.92008513
0.98544306
0.87898284
0.884165
0.88020575
0.9663144
0.86348265
0.9097333
0.95542634
0.8571779
0.88953197
0.9022972
0.70614487
0.95358837
0.9604155
0.932665
0.9727738
0.9622931
0.83347017
0.8409138
0.87011117
0.75432456
0.8796849
0.967828
0.95326525
0.91896665
0.8252044
0.9104499
0.94882756
0.8180028
0.81150305
0.76514566
0.94754255
0.848102
0.9098079
1.0
0.812199
0.9862531
0.83368546
0.8538008
0.8795071
0.99300736
0.9988902
0.9999999
0.99222475
0.7488569
0.9669986
0.776979
0.9522647
0.8265348
0.8427899
0.80826056
0.9441272
0.95298755
0.89743215
0.90092546
0.8881887
0.94780606
0.9634555
0.8913214
0.8370043
0.9826745
0.86735034
0.76241565
0.5464914
0.8427859
0.85833424
0.73238283
0.8742757
1.0
0.98760456
0.9554524
0.91898304
0.9343324
0.888783
0.82944524
0.93332464
0.8182884
0.8990838
0.94533443
0.9323242
0.9467065
0.8700497
0.8795009
0.90249157
0.9309604
0.29916316
0.7700461
0.971937
0.9495306
0.9578589
0.8922125
0.9409578
0.9688779
0.9639385
0.92754436
0.89914596
0.84848243
0.8029593
0.74336886
0.8821155
0.941882
0.86499554
0.9865614
0.89420617
0.91638815
0.8466497
0.81567216
0.8128829
0.6977445
0.96741724
0.9561354
0.73467326
0.80016094
0.82263625
0.99790484
0.6936437
0.99345624
0.8529513
0.80500466
0.90777457
0.86418974
0.69920856
0.7809405
0.85992295
0.7671667
0.90885425
0.91921943
0.9277619
1.0000001
0.8949982
0.97936875
0.8868427
0.8849138
0.99991566
0.9180856
0.88567567
0.9050427
0.90077794
0.8617332
0.73356795
0.8567988
0.97121525
0.5335772
0.81282896
0.9289606
0.8708471
0.8168155
0.46480379
0.8707834
0.8102385
0.8512384
0.9285757
0.83871895
0.77456534
1.0
0.99371445
0.8400776
0.7381736
0.75051653
0.7417579
0.6844151
0.9020053
0.7604015
0.94567925
0.8789056
0.9191159
0.83551574
0.8123269
0.9880634
0.9749853
0.9045325
0.9818007
0.88124305
0.7886419
0.93989646
0.8945838
0.9964392
0.9222064
0.8235433
0.91839194
0.71885115
0.9999999
0.78970844
0.7655512
0.8214222
0.9941133
0.66548383
0.8916705
0.748286
0.9755744
0.98465514
0.93466043
0.9220672
0.8626635
0.9385426
0.89920336
0.9792042
0.9112989
0.9404426
0.7905145
0.8798815
0.98336685
0.7609149
0.9495896
0.8975958
0.9413566
0.90735537
0.95056516
0.9534219
0.9152503
0.9279738
0.9448279
0.83203137
0.92459834
0.9994293
0.88676924
0.976181
0.84474385
0.97647953
0.92115796
0.6555845
0.81986445
0.9470254
0.9999999
0.8221313
0.6652017
0.97486365
0.9638194
0.7667095
0.7920513
0.9073279
0.8176669
0.7005418
0.8955347
0.48884663
0.9087335
0.8785687
0.8471011
0.867622
0.99282944
0.94816625
0.8613299
0.86248565
0.75920755
0.92520106
0.87466997
0.9780181
0.92927676
0.46465784
0.59182096
0.8706541
0.8963653
0.8300896
0.78381425
0.9705032
0.96126324
0.9335199
0.9921522
0.7933614
0.837691
0.91634727
0.97382385
0.9443653
0.9788161
0.8902044
0.9515188
0.9945933
0.9076234
0.93226135
0.8562051
0.7956988
0.8221182
0.8006637
0.99005485
0.71290505
0.88155085
0.93755805
0.53447396
0.97545755
0.99700165
0.9167227
0.88128406
0.91742796
0.7398684
0.86923665
0.81726176
0.85810703
0.88970166
0.8485408
0.87426573
0.98259413
0.9111035
0.92553484
0.79115915
0.5251143
0.8262162
0.8363867
0.88113123
0.56579417
0.92938155
0.7190249
0.8030257
0.89942455
0.75969535
0.8487091
0.9157481
0.8652189
0.8256509
0.8221874
0.92188627
0.93416667
0.91181344
0.84815955
0.8442173
0.7499678
0.9830344
0.87265563
0.8695557
0.8885404
0.8025108
0.9512434
0.89496374
0.94307476
0.9808464
1.0
0.9032743
0.98739433
0.8826922
1.0
0.97621626
0.83381593
0.9611908
0.79331905
0.8201936
0.5235533
0.9485974
0.13706361
0.9524654
0.8883335
0.8979062
1.0
0.87832355
0.9836714
0.822623
0.99370956
0.8923043
0.79243183
0.80353403
0.76377577
0.9707822
0.9263151
0.6020365
0.96637666
0.8938063
0.7436333
0.95898676
0.93404824
0.7746645
0.9440935
0.9001811
0.97769403
0.91241723
0.9232902
0.92751247
0.9992889
0.98988044
0.8997451
0.94306034
0.9989472
0.9139273
0.82283145
0.9215884
0.95836323
0.7716527
0.99387753
0.96758616
0.78372955
0.8429084
0.80584645
0.92076445
0.92982924
0.4871162
0.88980883
0.9386152
0.85528624
0.72803015
0.82666165
0.846492
0.910711
0.8668278
0.8622308
0.9527006
0.8061032
0.8077096
0.97305834
0.87529844
1.0000001
0.9481882
0.74287677
0.91614485
0.9339586
0.82702076
0.7998337
0.9555422
1.0
0.9399218
0.9137333
0.79575837
0.6101889
0.742563
0.63735217
0.95249027
0.9369121
0.81709033
0.7551588
0.98335063
0.9321579
0.9666076
0.93541926
0.93258226
0.7984723
0.9044383
0.99412227
0.87963337
0.9650567
0.5345596
0.79695153
0.97141665
0.9079652
0.7553819
0.64218915
0.91029143
0.9270531
0.9830096
0.99718255
0.8962261
0.9033069
0.9036879
0.9750308
0.9976584
0.9610413
0.9588139
0.8922378
0.9641633
0.944486
0.82738554
0.849883
0.9927666
0.9324369
0.92561936
1.0000001
0.94071907
0.69431794
0.8988684
0.7814121
0.87994814
0.9042586
0.9292915
0.9725807
0.9238957
0.8728944
0.9800221
0.773015
0.94758695
0.92023903
0.949945
0.9807593
0.9811703
0.91354716
0.9337558
0.46540454
0.6885398
0.9074148
0.82418996
0.55678326
0.9353658
0.8481153
0.97082037
1.0
0.987951
0.8419354
0.971545
0.9834436
0.9511652
0.8546394
0.97734547
0.9044731
0.9384558
0.9874023
0.68263483
0.79564995
0.78324175
0.9230871
0.9249545
0.90761757
0.92856467
0.95156425
0.9780402
0.9993137
0.82260036
0.9341825
0.94871545
0.9658269
0.97921646
0.94880706
0.98054147
0.7865149
0.84529597
0.96919024
0.9756405
0.95322156
0.9902626
0.8752905
0.9891954
0.9720313
0.96959496
0.9963881
0.8165066
0.9104736
0.9174656
0.9043046
0.8469248
0.82727444
0.8571393
0.9758223
0.75657064
0.86979926
0.8573248
0.9257605
0.86158323
0.94595325
1.0000001
0.73216534
0.9960226
0.8853259
0.8596137
0.685769
0.952951
0.9707593
0.9023354
0.97740626
0.903318
0.92869073
0.96015096
0.9409332
0.9403717
0.8622746
0.8609159
0.9891496
0.94894964
0.95098746
0.9501771
0.93335414
0.95308954
0.96310925
0.85229796
0.7511704
0.77943885
0.64416885
0.91072845
0.76227117
0.90444374
0.9418512
0.98469317
0.8240627
0.8547412
0.84948534
0.930253
0.8982442
0.9773536
0.97558105
0.9480754
0.9853344
0.9683699
0.93501496
0.920876
0.8205373
0.8757014
0.9193212
0.87433165
0.7905866
0.8910691
0.9980739
0.80800617
0.8795049
0.93052626
0.95550287
0.95851177
0.7844981
0.90322053
0.97239417
0.9150895
1.0
0.91280377
0.93854463
0.9583547
0.77356935
0.8695251
0.788187
0.87816787
0.93050873
0.8229997
0.848227
0.8844482
0.9880431
0.81848747
0.9356322
0.9047169
0.9968264
0.6714771
0.94670206
0.95908827
0.93447465
0.80836016
0.8881421
0.84348243
0.93546975
0.94259375
0.93170124
0.65924335
0.9922765
0.9262546
0.9543009
0.69762343
0.8255919
0.81853956
0.64674693
0.9471603
0.5995774
0.9468566
0.8733712
0.762408
0.879397
0.71168697
0.7884143
0.88021976
0.9905779
0.8742501
0.8922127
0.83494925
0.9299883
0.97008175
0.96173763
0.87666434
0.97999674
0.98212576
0.9634539
0.88876176
0.8731375
0.8520868
0.92814744
1.0
0.8207505
0.9639909
0.619003
0.9948702
0.6374224
0.87853837
0.98542774
0.94025326
0.9864408
0.8939386
0.8805658
0.9806111
0.6557314
0.7796122
0.91390675
0.8295518
0.9703213
0.93437415
0.8381239
0.97328854
0.8889617
0.83653826
0.92330784
0.7365227
0.73296666
0.9311896
0.93638
0.9945152
0.666056
0.97440475
0.9414087
0.9811455
0.804361
0.9805753
0.91368186
0.8926434
0.8936967
0.9616887
0.8716103
0.83296484
0.87203187
0.94302094
0.9684122
0.840979
0.9713299
0.820053
0.945742
0.9668523
0.98525643
0.89841896
0.78228086
0.97646976
0.9999999
0.9551513
0.9861732
0.9951421
0.8106005
0.994758
0.84600896
0.778259
0.959149
0.94893605
0.71270555
0.92452943
1.0
0.8613949
0.91940844
0.86018836
0.7853947
0.95172316
0.8756241
0.954327
0.9973988
0.9401423
0.81917334
0.8965308
0.9928545
0.79796976
0.782473
0.73020524
0.7581072
0.68271077
0.42617303
0.8862636
0.94489026
0.9750166
0.96761876
0.5606515
0.9967832
0.8681673
0.9779357
0.9321852
0.86148906
0.909371
0.8941577
0.99261713
0.9842186
0.8632605
0.58362263
0.92043746
0.9085104
0.8970697
0.88783324
0.854365
0.97700167
0.7703291
0.93853045
0.9345796
0.958436
0.9634386
0.83495253
0.9432329
0.87034917
0.84776634
0.69808555
0.9549923
0.57987434
0.79887766
0.93123704
0.87013745
0.9523848
0.8650137
0.95984894
0.90280247
0.796953
0.75015867
0.9260543
0.8996315
0.7927068
0.9708718
0.9566598
0.64194965
0.8539208
0.85425264
0.92730147
0.9050325
0.98287904
0.7681453
0.79692763
0.78969246
0.7599505
0.8397095
0.70151424
0.9364269
0.99137443
0.99612516
0.9428117
0.70706767
0.9013428
0.86815494
0.8705985
0.9911802
0.96233284
0.8072418
0.979487
0.72373956
0.88092375
0.8994274
0.8324594
0.8772989
0.9529287
0.55731124
0.61781543
0.68766284
0.7785726
0.9892307
0.9479059
0.93232584
0.9770863
0.99712944
0.8707379
0.9598976
0.83625245
0.9048108
0.93276614
0.9365405
0.9772856
0.9170923
0.79778206
0.41094348
0.8543126
0.9106124
0.90839934
0.96975905
0.9072773
0.95450795
0.8784388
0.92855465
0.80294985
0.99593157
0.9119232
0.82491565
0.8748249
0.7765472
0.9166735
0.91188234
0.9593368
0.7867645
0.8583461
0.6480446
0.95881104
0.9415412
0.97628444
0.97631747
0.7566338
0.81290615
0.9504643
0.91502106
0.79384047
0.7486199
0.99181014
0.8231261
0.92300344
0.9453442
0.70916885
1.0000001
0.6271429
0.87931967
0.36943012
0.8617382
0.69451606
0.95803124
0.99577016
0.93849355
0.70589274
0.8405951
0.8523178
0.90584046
0.992305
0.9717711
0.9761356
0.9143127
0.7980194
0.96835816
0.92414606
0.9116733
0.99212253
0.9474126
0.8059147
0.71972287
0.67306936
0.73161113
0.961714
0.7173066
0.92030084
0.8690786
0.937719
0.9969868
0.8900899
0.91687167
0.948378
0.72520536
0.8493221
0.9437327
1.0
0.9249211
0.98015153
1.0
0.848881
0.8415438
0.9355198
0.9611128
0.9353007
0.96818537
0.92949235
0.8771306
0.8126244
0.93455845
0.7876935
0.9198525
1.0
0.94793224
0.96272004
0.8012583
0.9424372
0.6772703
0.898724
0.846497
0.7620745
0.98181367
0.9479117
0.7765664
0.9836247
0.98094654
0.64380217
0.8947752
0.960457
0.729299
0.80976
0.7780276
0.90053797
0.9391672
0.83181
0.954018
0.41824675
0.80512255
0.88194656
0.8081906
0.98848915
0.90498936
0.9997117
0.7709427
0.8596499
0.9778235
0.97276455
0.8837735
0.8316965
0.8775642
0.62422174
0.8699339
0.9885516
0.7824352
0.766256
0.70132387
0.8542175
0.8909987
0.9807404
0.98414695
0.9346113
0.93020046
0.60779434
0.95939124
0.6645185
0.9522673
0.9342466
0.9786772
0.9570259
0.9401599
0.864934
0.85212433
0.97603196
0.81461465
0.9949618
0.8267793
0.9193876
0.9781705
0.8669926
0.9044889
0.81187665
1.0
0.8204885
0.9776334
0.7498805
0.8527025
0.8075864
0.99261296
0.9595487
0.749342
0.9656803
0.9585582
0.9818778
0.9265979
0.99212766
0.6524357
0.57822716
0.8898679
0.943403
0.8725115
0.99269325
0.93599516
0.98095846
1.0
0.9927732
0.8849906
0.9863944
0.97146964
0.9608766
0.9653958
0.95602864
0.9265973
0.7547694
0.99012256
0.915443
0.95492685
0.9427364
0.96622723
0.87977874
0.8093896
0.89079726
0.99504364
0.59184265
0.6187573
0.8198943
0.92434764
0.76305157
0.9352613
0.9811846
0.7363558
0.909986
0.8732518
0.8605049
0.9950875
0.80035704
0.9504592
0.94632095
0.89839065
0.9827086
0.8145633
0.69026303
0.79073447
0.7829469
0.8603693
0.85359675
0.722355
0.8948322
0.861478
0.99018496
0.98003167
0.9463119
0.8883415
0.9675432
0.84836143
0.95814216
0.9046658
0.89352643
0.8734597
0.98516613
0.9046829
0.8757773
0.8224497
0.90168047
0.8669789
0.96155363
0.97240686
0.7018915
0.8454274
0.89123297
0.99087584
0.9314534
0.769893
0.9448923
0.9663929
0.9855845
0.9084812
0.8567926
0.8207196
0.7561706
0.6210735
0.9718754
0.7052296
0.89424956
0.95153856
0.95381016
0.9950556
0.7041524
0.9557806
0.8647442
0.9284444
0.96561503
0.98451626
0.980999
0.9127243
1.0
0.892818
0.8445928
0.9929961
0.97017854
0.9014654
0.8714039
0.97302103
0.5526993
0.9253403
0.9794834
0.93392056
0.9641794
0.99061936
0.77812004
0.9276132
0.95131826
0.9540705
0.7216289
0.98967004
0.9678337
0.9519012
0.7426462
0.89716387
0.944367
0.9797426
0.7877186
0.93763506
0.858169
0.7431909
0.9062544
0.967955
0.8361291
0.9965374
1.0000001
0.9189883
0.9027934
0.91740954
0.71812075
0.95788044
0.59313995
0.9840594
0.9867592
0.87414896
0.80199057
0.9383254
0.86942965
0.86159605
0.9848062
0.96559286
0.92452323
0.913777
0.813105
0.85314363
0.9619566
0.92564857
0.7210622
0.80493975
0.95139426
0.9080949
0.9961637
0.88725555
0.99730563
0.88391805
0.95907485
0.86405486
0.7157403
0.9572961
0.9954047
0.9070219
0.75887156
0.8910544
0.79946244
1.0000001
0.7033772
0.6582902
0.88120896
0.9732363
0.90472275
0.9184046
0.9327545
0.96992075
0.9922299
0.68888324
0.9830045
1.0000001
0.80051976
0.8400271
0.8217008
0.89289343
0.86208296
0.78328234
0.8080068
0.8328635
0.6747695
0.9281769
0.9471383
0.8564826
0.9041208
0.74624246
0.7518205
0.85285294
0.9661758
0.95943177
0.81014675
0.93882114
0.85891056
0.980566
0.94233775
0.91667795
0.9521791
0.8882318
0.7552561
0.8716393
0.9741855
0.9902438
0.98692894
0.7077178
0.9794689
0.9499142
0.80341774
0.8395057
0.8099791
0.9693835
0.963406
0.9174037
0.8662316
0.58223027
0.95322335
0.9857377
0.93529207
0.9816007
0.8392052
0.7965818
0.7480396
0.8990151
0.607014
0.90340805
0.70401686
0.9520991
0.7324522
0.96131057
0.8796843
0.8887279
0.6469041
0.8632076
1.0
0.86117774
0.80051637
0.9171889
0.8559591
0.69708526
0.75682116
0.91654354
0.9582394
0.82792526
0.9993379
0.599614
0.911448
0.7796341
0.9223037
0.98874295
0.8449587
0.8128499
0.82091653
0.8560311
0.81002766
0.9278341
0.96435565
0.9724582
0.9373851
0.88448507
0.8794695
0.9232277
0.6776839
0.9248804
0.9981921
0.85211486
0.79967266
0.99931127
0.84022003
0.8721778
0.9516041
0.9134484
0.74739206
0.9138732
0.76278657
0.9824741
0.84945726
0.8584416
0.8540588
0.95450324
0.7699797
0.98575836
0.7387584
0.8740779
0.94113404
0.8521128
0.989292
0.99149084
0.86568916
0.9808604
0.9669634
0.96767884
0.68024063
0.9448843
0.8603934
0.97247154
0.9688526
0.69072145
0.9792765
0.8316765
0.92921364
0.8395032
0.9952663
0.7357818
0.80730945
0.99822015
0.98495215
0.98552155
0.99868464
0.8655808
0.94972825
0.9339231
0.77674586
0.91320395
0.95627975
0.8462779
0.965493
0.9711822
0.7468972
0.9002371
0.980814
0.92570615
0.7410471
0.97699225
0.8389069
0.87078923
0.8086284
0.86525506
0.7075742
0.901185
1.0
0.9878602
0.9994687
0.8112793
0.932412
0.8866007
0.9572902
0.9287183
0.9999998
0.817922
0.9696345
0.76282334
0.88060474
0.9295395
0.98130894
0.9643173
0.9845312
0.88255763
0.8019362
0.901024
0.9999999
0.9890148
0.88408995
0.8858478
1.0
0.71832436
0.80699
0.8880087
0.86418974
0.93260497
0.9497553
0.8746176
0.93160725
0.9039176
0.84669876
0.9356194
0.9736128
0.6008439
0.8460302
1.0
0.91285235
0.92600983
0.86440027
0.75436854
0.7902741
0.93481594
0.9464221
0.84929454
0.94794476
0.7865887
0.9135307
0.8883022
0.8093104
0.9345436
0.9848828
0.9616289
0.77877206
0.7686504
0.87806404
0.9558512
0.956222
0.960209
0.80463135
0.59875333
0.83426154
0.83551675
0.85212934
0.94408214
0.83816385
0.82495433
0.9562613
0.86780035
1.0000001
0.7822059
0.7916384
0.9793809
0.90252817
0.8546616
0.9753125
0.917734
0.8902472
0.9660871
0.79888785
0.48172325
0.9541029
0.9679885
0.9107437
0.9650322
0.6166101
0.7465906
0.9760467
0.97675973
0.95711946
0.91141385
0.74328053
0.87413186
0.9929379
0.97300494
0.86131173
0.87506187
0.85271317
0.7512252
0.7095566
0.97350806
0.95735836
0.9666609
0.6717409
0.747752
0.70184195
0.94649804
0.9546325
0.94960207
0.8589833
0.9832704
0.9646978
0.9030517
0.6785269
0.8723077
0.75428796
0.94238555
0.81506014
0.76315653
0.643447
0.9593589
0.8900955
0.78832877
0.9727437
0.8789524
0.9790591
0.7210817
0.8500541
0.93352836
0.90735024
0.89411986
0.9916266
0.7239592
1.0000001
0.92701745
0.92146903
0.74235874
0.75680673
0.86424613
0.98337764
0.8828429
0.9422436
0.9679767
0.93292946
0.91934735
0.990243
0.8658935
0.7801326
0.9694598
0.8692074
0.90560484
0.8024869
0.85962033
0.959332
0.94090676
0.97984505
0.9471367
0.9259614
0.9432423
0.99445707
0.90059435
0.74085706
0.9146037
0.7287346
0.97292143
0.85832983
0.77955073
0.95518845
0.9696922
0.8460264
0.92822146
0.9917202
0.8518883
0.76189107
0.9689816
0.8724979
0.71330315
0.8563748
0.8738256
0.9831204
0.9031298
0.9364271
0.80570364
0.9625143
0.8802433
0.9723442
0.9868635
0.710765
0.9375837
0.993232
0.93895286
0.69662446
0.852648
0.96689266
0.76206213
0.48046762
0.8660926
0.99999994
0.9080324
0.7498013
0.98740166
0.9277232
0.93774587
0.5927788
0.9865162
0.8727547
0.91132355
0.9952145
0.96052796
0.91746247
0.8990493
0.9267612
0.9600169
0.6013935
0.9503649
0.94961154
0.89566904
0.915768
0.8579549
0.5234703
0.94203484
0.8864942
0.9789228
1.0
0.74635166
0.94800377
0.85278344
0.97581416
0.93874115
0.71696275
0.9595479
0.77180845
0.8211621
0.9708246
0.98658717
0.6988753
0.8649005
0.94657695
0.795668
0.9935734
0.9662224
0.9719262
0.91210043
0.79076624
0.8626301
0.75941783
0.83100134
1.0
0.9871465
0.6753277
0.93815047
0.98207605
0.9727052
0.96021307
0.7083657
0.9606854
0.92502296
0.9704493
0.6694328
0.81275165
0.9529108
0.9950398
0.534532
0.8597911
0.9628814
0.7090658
0.87595844
0.8778984
0.99512786
0.7085712
0.9484584
0.9191491
0.77389735
0.8715597
0.9624698
0.79034233
0.86471033
0.6028122
0.5935776
0.9382947
0.8225849
0.8790915
0.90997624
0.9241775
0.82790905
0.7265993
0.8753554
0.915384
0.72776407
0.9651922
0.83139354
0.83822954
0.9766673
1.0
0.89971614
0.9271444
0.9507779
0.90295357
0.9008767
0.98128855
0.9774232
0.7297218
0.99690914
0.9366771
0.92820203
0.98487306
0.87941504
0.9015595
0.8570756
0.98954177
0.9879297
0.9898728
0.9330686
0.57719684
0.9144911
0.95795596
0.9761814
0.87943715
0.96881104
0.5809351
0.98608994
0.60343194
0.88579345
0.9216682
0.923184
0.9624301
0.7537179
0.9754201
0.9460895
0.94173145
0.53411895
0.9863504
0.9231103
0.8345874
0.71894944
0.9589611
0.8848442
0.93641883
0.905147
0.6572323
0.985484
1.0
0.93191725
0.9470318
0.98859066
0.9518846
0.90838933
0.88054883
0.9823282
0.82446915
0.932713
0.92283064
0.96336067
0.86738485
0.83404565
0.8834444
0.8665451
0.7379541
0.934288
0.95953166
0.9279852
0.9859149
0.9842755
0.90536726
0.9840884
0.8441171
0.66743535
0.6841902
0.9292412
0.9911392
0.9476983
0.87541896
0.8839846
0.59316325
0.9555699
0.8175674
0.88187546
0.5757325
0.7416961
0.7726431
0.958273
0.8302574
0.53518325
1.0
0.98157096
0.94595206
0.7865896
0.93950224
0.8958184
0.902577
0.9694464
0.8363117
0.97254646
0.8890187
0.8587762
1.0
0.78021395
0.9742071
0.95332193
0.99814755
0.9017341
0.92747957
0.58910453
0.9373405
0.9995972
0.95983785
0.93159443
0.9616927
0.73915195
0.7685282
0.8222559
0.9718375
0.80934775
0.98087484
0.94967896
0.8773012
0.66114074
0.95284486
0.9547712
0.75823396
0.71938443
0.98174024
0.87208676
0.8075984
0.93014467
0.5980974
0.9744793
0.88085824
0.7812548
0.99516565
0.9537392
0.97704995
0.98516387
0.98964125
0.99106956
0.8773483
0.9173437
0.92122555
0.9544658
0.75630397
0.92588866
0.83363926
0.6625873
0.94166005
0.99935555
0.6686303
0.922924
0.93636525
0.76136804
0.7285199
0.8219482
0.7696873
0.9144876
0.64129174
0.8575768
0.94995487
0.92660785
0.97638726
0.85872245
0.84467065
0.901438
0.92544365
0.9013045
0.73817015
0.75321937
0.7884409
0.95839655
0.88018095
0.9773646
0.85870785
0.92285764
0.7142436
0.7296856
0.98074055
0.8761935
0.96837294
0.93458945
0.923633
0.7669476
0.9999998
0.7969526
0.9113574
0.6943757
0.4638361
0.92396593
0.849962
0.8790233
0.7159566
0.96040535
0.68702424
0.979252
0.93386275
0.7221939
0.8820075
0.7748424
0.6159073
0.9009509
0.99135447
0.95935714
0.91320723
0.7350618
0.73388517
0.8710623
0.9730084
0.9241955
0.9981405
0.9298182
0.99532884
0.8478633
0.9092418
0.89665306
0.8268292
0.9758432
0.8471973
0.6865788
0.87718785
0.6919401
0.7867293
0.9301795
0.8208694
0.93653554
0.92907405
0.8891951
0.9618046
0.82214975
0.96662
0.7226786
0.9392953
0.98645437
0.86433995
0.93839943
0.8485639
0.9975525
0.9922961
0.88654697
0.81807715
0.8494011
0.9768735
0.8654076
0.8356003
0.953373
0.84890544
0.9384878
0.9549668
0.72593546
0.91836804
0.79840034
0.94183606
0.88693154
0.9602491
0.85184705
0.8715714
0.9031445
0.7294778
0.9107648
0.6677228
0.9129786
0.94341636
0.7896472
0.93756163
0.96919096
0.88965726
0.8996093
0.7032428
0.93507135
0.9832994
0.8541917
0.95158184
0.7984278
0.78140205
0.86964506
0.8969259
0.9967643
0.9599085
0.97146636
0.9150288
0.9451957
0.80909276
0.9569652
0.9782778
0.9320538
0.6172005
0.912033
0.96467626
0.9679175
0.83415115
0.9066636
0.8119278
0.98007536
0.97362906
0.8903277
0.98118925
0.784962
0.9842601
0.92141116
0.9884283
0.8928681
1.0
0.79466647
0.995046
0.8981805
0.54415977
0.92038316
0.64046675
0.984629
0.9990897
0.9445874
0.9559248
0.86010396
0.9751712
0.7891941
0.9134892
0.99499476
0.87513787
0.8617078
0.9100368
0.83080256
0.7057289
0.7653168
0.7973331
0.87596744
0.9274237
0.99955547
0.9627789
0.98948604
1.0
0.8516624
0.95816517
0.9455719
0.9575175
0.8693156
0.9965577
0.6182842
0.87157345
0.9068669
0.9638854
0.99891853
0.930422
0.8020103
0.83089674
0.9190562
0.6015843
0.6231201
0.7472085
0.99932
0.8730112
0.84549797
0.78127676
0.8058469
0.7685309
0.7771593
0.9877511
0.95449203
0.7443942
0.937594
0.9088528
0.8777203
0.92004687
0.8416987
0.8949047
0.9241923
0.9642434
0.8706719
0.96280307
0.9625149
0.9306034
0.9127462
0.99803615
0.95070773
0.9782431
0.8893967
0.88328266
0.971486
0.97236013
0.8703645
0.99846655
0.67773
0.70259166
0.93178713
0.8234944
0.9358815
0.9083214
0.99444723
0.944246
0.89792705
0.93610525
0.9658983
0.97369796
0.9778219
0.6606089
0.96441734
0.96578574
0.88222075
0.76916295
0.8507438
0.97298247
0.9327142
0.9566486
0.9986533
0.91480684
0.72844136
0.99707913
0.624811
0.9509393
0.87187684
0.8969317
0.8897011
0.8818302
0.8813048
0.74569535
0.8724684
0.9842616
0.9156546
0.8243754
0.9207971
0.8688572
0.90403694
0.9054649
0.9412702
0.8974689
0.76484585
0.90859246
0.81786287
0.7746884
0.78147
0.62787753
0.65356475
0.96099687
0.92791796
0.88929963
0.8819355
1.0
0.89773726
0.81484634
0.85849845
0.7319142
0.656681
0.9815954
0.9839638
0.86249053
0.944864
0.80233866
0.7547614
0.8865619
0.878754
0.74781084
0.9095448
0.7843764
0.9500475
0.95462656
0.8785547
0.9821146
0.9015048
0.94055974
0.90355426
0.755485
0.7757506
0.53188354
0.7794047
0.97045445
0.8131306
0.8134391
0.96472454
0.9992484
0.7443107
0.80699515
0.87016284
0.91081095
0.91785574
0.84570384
0.54604
0.9708101
0.9650829
0.9477669
0.7856244
0.90307313
0.9952972
0.89655846
0.99234194
0.9357835
1.0
0.588638
0.9229057
0.9782592
0.94104517
0.9797817
0.83352196
0.8030774
0.9781685
0.9622158
0.8908156
0.9829116
0.83346915
0.8755687
0.966705
0.97773254
0.717886
0.94035304
0.8613461
0.86795306
0.8662427
0.9398825
0.9035137
0.973588
0.9999999
0.8291212
0.7951105
0.7208084
0.95209
0.9477583
0.9730844
0.7190475
0.94422877
0.86268497
0.9473181
0.9364269
0.8675836
0.93057984
0.8507496
0.73403615
0.67717934
0.94561356
0.8916631
0.95515895
0.81739306
0.9499858
0.982256
0.8934474
0.8970822
0.93624645
0.9735146
0.9573722
0.83742005
0.88859963
0.8998389
0.64002043
0.9266523
0.73111105
0.9385742
0.72537994
0.924338
0.9961619
0.92553055
0.758881
0.9583918
0.7961323
0.9507562
0.9199214
0.82242674
0.89483476
0.9476772
0.98002964
0.8195356
0.92349815
0.6972862
0.944501
0.7889891
0.90060127
0.97775686
0.904318
0.947698
0.91992635
0.9285203
0.60071725
0.95953846
0.9922371
0.9358406
0.69200015
0.9178766
0.9691371
0.8929455
0.80798036
0.9365773
1.0000001
0.90898794
0.9239694
0.92171437
0.7120236
0.7894893
0.94819033
0.95440364
0.7382997
0.93438417
0.9175869
0.6959603
0.9478035
0.85584676
0.70827925
0.7731995
0.9831203
0.9938886
0.7481538
0.969574
0.9835503
0.8146764
0.90208995
0.8102838
0.87236494
0.9478314
0.6894096
0.9117644
0.76665425
0.87602913
1.0
0.9218184
0.9489633
0.8613262
0.81744564
0.979805
0.7964725
0.9386752
0.9898572
0.86956584
0.83565366
0.93871397
0.85860765
0.92667824
0.7045629
0.79993576
0.6718923
0.9709177
0.6385405
0.86165655
0.8361844
0.6513053
0.8347756
0.9051912
0.64577353
0.97002184
0.8194477
0.9986707
0.8197049
0.6348264
0.95822877
0.86357075
0.9106976
0.7849591
0.9881196
0.94211155
0.96070826
0.9845673
0.98739475
0.74264306
0.87830627
0.9019
0.9052744
0.90006435
0.9290824
0.78277415
0.92114675
0.911108
0.982706
0.86381084
0.7635378
0.95505553
0.98728853
0.84954804
0.89811736
0.81016254
0.83813393
0.93281555
0.9063467
0.9949209
0.91180086
0.95915186
0.89300674
0.934891
0.57404244
0.74673456
0.95711833
0.9630403
0.8260591
0.8723865
0.9962791
0.99330384
0.9999999
0.71159714
0.96001625
0.9010507
0.747372
0.93363446
0.9910631
0.98739153
0.9476985
0.89066875
0.9770484
0.9172218
0.7274503
0.8956381
0.7592596
0.98868704
0.8745251
0.92885643
0.9336215
0.9116142
0.77573746
0.9306067
0.5046692
0.68159485
0.9254477
0.96412885
0.8534403
0.9105009
0.97464746
0.9522562
0.783149
0.90308845
0.76028055
0.98669136
0.82778245
0.9182955
0.9014916
0.933897
0.88725877
0.99517
0.7937485
0.9128363
0.5850251
0.92646253
0.97137433
0.879332
0.99168634
0.91430765
0.4400552
0.773268
0.91798127
0.887329
0.53885615
0.97356445
0.95612013
0.9161692
0.8573374
0.93688595
0.87161
0.80712056
0.9108007
0.84763646
0.99853486
0.91276515
0.9738357
0.8893177
0.866053
0.87543505
0.8633303
0.9964193
0.77899206
0.73385996
0.94381154
0.92591494
0.98603594
0.93737763
0.9846945
0.91740847
0.9287176
0.7055154
0.86179346
0.95994693
1.0
0.95260644
0.9524582
0.810385
0.8736938
0.8804682
0.8106263
0.95159835
0.9601832
1.0000001
0.8704267
0.98504317
0.74651045
0.87751424
0.9571851
0.8212433
0.8958502
0.7052026
0.9399624
0.98441696
0.9719578
0.5555679
0.4903109
0.6733774
0.9994868
0.82113594
0.607349
0.9742905
0.99877644
0.9543499
0.9864665
0.8616096
0.85620284
0.87055486
0.96614933
0.5299488
0.93332076
0.8307295
0.909448
0.7479672
0.98851204
0.9791625
0.89924675
0.96085083
0.9833227
0.93900764
0.9457754
0.7693777
0.8924098
0.8431434
0.87862444
0.8961851
0.9840499
0.7305232
0.95237505
0.86960125
0.9401433
0.7441395
0.6441225
0.7757234
0.9257298
0.8797316
0.8611401
0.9704978
0.7732745
0.9754945
0.9770162
0.8884253
0.72108996
0.9203602
0.8624996
0.92094666
0.96956956
0.86936015
0.8601045
0.8393272
0.9655846
0.93863904
0.5580429
0.85133696
0.89090943
0.9619762
0.9654709
0.8157169
0.56824917
0.9707527
1.0
0.88304335
0.80528337
0.9055487
0.9237389
0.94532377
0.6097221
0.9501048
0.94289625
0.9525429
0.8529174
0.9587244
0.99610716
0.8267328
0.8906156
0.9821308
0.9121126
0.9940244
0.9511466
0.87603617
0.63017446
0.65304816
0.99875677
0.9501751
1.0
0.63412434
0.79799485
0.92306757
0.95044506
0.84894747
0.85828304
0.88225234
0.8894727
0.9732136
0.9919566
0.86718506
0.87638694
0.87963545
0.9877027
0.8926533
0.57940197
0.91038793
0.79025966
0.8500738
0.7446941
1.0000001
0.9485038
0.90686005
0.8867188
0.8985245
0.84794575
0.6728233
0.9650866
0.9772346
0.96295506
0.85208094
0.9584123
0.96598995
1.0000001
0.91551995
0.92734736
0.98828346
0.9310224
0.9087062
0.9671402
0.9651133
0.8623705
0.763325
0.91922826
0.90905917
0.98767793
0.93899834
0.932748
0.6682082
0.7983466
0.99278826
0.96924156
0.97184765
0.9000341
0.9649044
0.9775758
0.84746367
0.766469
0.91264695
0.8032084
0.787117
0.4906385
0.9903571
0.93093616
0.9427864
0.99461627
0.9845445
0.7733466
0.83055377
0.9997051
0.93660605
0.92832226
0.77343374
0.7543795
0.9908656
1.0
0.84303045
0.92507035
0.97403646
0.86492157
0.9259748
0.9836143
0.8406393
0.7994069
0.696928
0.9999999
0.97441185
0.80542266
0.9638272
0.81981283
0.9687829
0.92134976
0.98571086
0.8059215
0.98124766
0.9793212
0.9374902
0.95142156
0.74652344
0.70757616
0.88362306
0.9626467
0.84425795
0.97606987
0.96888125
0.93494934
0.92882097
0.97557974
0.89248073
0.9587488
0.8932341
0.6934709
0.9505328
0.98460615
0.8812949
0.9046553
0.7866653
0.6987611
0.83562326
0.9879286
0.96955603
0.97427046
0.73390865
0.7793953
0.9617011
0.8128282
0.91683125
0.8951315
0.87191945
1.0
0.94999534
0.91527987
0.8399021
0.9126199
0.9756
0.7800825
0.954203
0.94476265
0.938406
0.72851616
0.7666391
0.78550905
0.8784181
0.9995561
0.9826334
0.8663022
0.8659603
0.97792995
0.6801876
0.89086777
0.9861454
0.9842831
0.5450799
0.99575937
0.94120896
0.89243376
0.9226942
0.9669308
0.82972556
0.92773724
0.9795556
0.9214883
0.9510594
0.97882825
0.88230467
0.826455
0.9326542
0.99733055
0.92468965
0.9603162
0.8991678
0.83017874
0.99702466
0.68141687
0.9981326
0.99159384
0.9622741
0.7185894
0.8442331
0.89816296
0.870362
0.8995426
0.9576495
0.9144818
0.95769215
0.916121
0.8393132
0.8668525
0.8841322
0.9884377
0.97890097
0.86644393
0.87321246
0.99935776
0.6275882
0.9856831
0.96765804
0.7502709
0.7837465
0.75854707
0.83167046
0.82529974
0.81191784
0.9850784
0.84378123
0.7284434
0.9253074
0.9533467
0.89989215
0.7134671
0.65606964
0.928268
0.9496345
0.87639165
0.86926305
0.7842094
0.9733674
0.7648123
1.0
0.9962522
0.9739307
0.8665484
0.9650945
0.898988
0.97216696
0.94214606
0.8166094
0.87683547
0.90723705
0.8674239
0.9485681
0.87741977
0.9519532
0.9664322
0.7478538
1.0
0.7837445
0.92045873
0.9263494
0.93629855
0.9203135
0.6253596
0.7974629
0.96764135
0.77326
0.80328405
0.9214338
0.59226996
0.91908693
0.7800452
0.80955446
0.9665849
0.8441759
0.93597
0.9558246
0.95706296
0.6587817
0.95354944
0.9566667
0.83242863
0.9417532
0.7993051
0.7046061
0.9122211
0.74534744
0.96746874
0.69341373
0.9169328
0.5626286
0.81341475
0.8685263
0.7707651
0.892806
0.9856678
0.90172166
0.8740965
0.9357094
0.9336992
0.94972867
0.76800126
0.82446367
0.8280849
0.8866021
0.9733677
0.8793582
0.8182513
0.8901537
0.9098619
0.9812193
1.0
0.87827426
0.9354486
0.89147604
0.9757374
0.96157444
0.99999994
0.89102405
0.9523122
0.97575814
0.5590696
0.89182705
0.8805312
0.93940306
0.9801668
0.9600473
0.99594414
0.9153275
0.9042225
0.835566
0.9189798
0.7836546
0.9905034
0.8893478
0.6379346
0.7535591
0.9883432
0.9818316
0.5723168
0.9598291
0.74377894
0.9230714
0.8097303
0.8435955
1.0000001
0.9803858
0.8503934
0.9724496
0.9837073
0.91790307
0.80781174
0.5608568
0.71434426
0.9154003
0.9028206
0.9883266
0.9853697
0.9112514
0.70053387
0.82730746
0.92935324
0.906675
0.81961817
0.9133043
0.92771786
0.9780772
0.99999994
1.0
0.9675977
0.8623676
0.96257657
0.7950311
0.9394687
0.86319923
0.9889251
0.9904819
0.96819735
0.8890638
0.76141924
0.9497895
0.94105065
0.9100937
1.0
0.95819676
0.81596196
0.91905016
0.98522854
0.8362179
0.914073
0.98325235
0.74805236
0.8432729
0.97212076
0.61680883
0.8542189
0.9859941
0.6148777
0.72033286
0.6248332
0.8619549
0.8384265
0.9310145
1.0
0.9853779
0.78885573
0.66558826
0.9959289
0.9287895
0.9618361
0.7545495
0.9649111
0.90883136
0.99967855
0.70603245
0.8628006
0.76944894
0.91092116
0.8622641
0.4861539
0.8697223
0.6704545
0.8380612
0.67119473
0.9145591
0.9072063
0.9310695
0.94515914
0.60611635
0.4892256
0.7862015
0.90193576
0.9994312
0.6664727
0.7338673
0.82848436
0.9564899
0.674133
0.9502225
0.946065
0.9330609
0.9862777
0.87054807
0.90099436
0.44713834
0.6610985
0.87809217
0.7800597
0.77731776
0.99589074
0.67964506
0.96405286
0.9668165
0.86771905
0.8613523
0.95498
0.7147356
0.80872685
0.9779918
0.6965388
0.9058502
0.8040186
0.9995522
0.93772733
0.9181388
0.9859226
0.88772327
0.89227057
0.91183585
0.9845003
0.9416549
0.9111139
0.9606981
0.88593066
0.99999994
0.93521905
0.9611122
0.74079764
0.8815165
0.81234777
0.9506457
0.95680267
0.8391688
0.73993826
0.94237286
0.99550176
0.9567724
0.77909017
0.9715372
0.9834964
0.86279607
0.8864194
0.9679266
0.961448
0.94902086
0.95067286
0.9452795
0.8285424
0.83901364
0.977209
0.76778245
0.8972007
0.77178663
0.9992154
0.97655404
0.9825635
0.9723438
0.9775786
0.7003202
0.82371604
0.62399894
0.99407387
0.8008144
0.9754308
0.9993346
0.6508372
0.9016303
0.91506344
0.9803835
0.9270293
0.9829997
0.85394007
1.0000002
0.99251246
0.9760438
0.84257376
0.9635347
0.9544129
0.83228
0.63461864
1.0
0.9999999
0.8093893
0.8851348
0.89237463
0.68826884
0.966735
0.97249174
0.9999999
0.99999976
0.88602906
0.89407164
0.8846437
0.7695935
0.8696823
0.9145677
0.84764695
0.99598724
0.88983715
0.9808277
0.7715686
0.9614765
0.9799874
0.79706645
1.0000001
0.9480952
0.90904397
0.87316275
0.88940144
1.0000001
0.9468903
0.9787641
0.61003613
0.7956316
0.9626451
0.70957124
0.99949884
1.0
0.9489105
0.6781945
0.9581747
0.7444596
0.7880708
0.62270415
0.91516435
0.9081424
0.905936
0.74583995
0.88830435
0.99927217
0.89653903
0.9169451
0.64788634
0.97701776
0.86140907
0.9602315
0.99127614
0.8998006
0.82878613
0.93947124
0.91601956
0.91658586
0.83549005
0.94429386
0.9827451
1.0
0.8581672
0.81216043
0.92435414
0.8432542
0.789037
0.8394028
0.9700974
0.9240545
0.979826
0.9730133
0.7545342
0.9469624
0.96692246
0.81388277
0.92732286
0.9947775
0.8720071
0.90918887
0.9345093
0.9784019
0.9570655
0.8708532
0.91690147
0.6442824
0.9880873
0.90360427
0.18030377
0.96817535
0.9140919
0.9798376
0.85895014
0.6353687
0.9821639
0.9808185
0.87586427
0.64165723
0.7900049
0.7693221
0.9709489
0.844555
0.97415125
0.9703994
0.9841393
0.69159365
0.9200944
0.99702466
0.9757901
0.8436219
0.9656934
0.9263032
0.999751
0.97969985
0.89044124
0.9566401
0.9339924
0.88852113
0.9020165
0.96998763
0.88682973
0.9167094
0.95937455
0.98854357
0.84055805
0.8760246
0.7841538
0.83018565
0.3629886
0.821664
0.95325273
0.98539466
0.89774096
1.0000002
0.9992201
0.9973739
0.93188864
0.91454077
0.8700501
0.9671485
0.92733043
0.98933923
0.9885347
0.9815458
0.9677828
0.8062152
0.82992214
0.75794476
0.6918241
0.99212074
0.96139157
0.8713623
0.985876
0.9752746
0.9808284
0.96229506
0.95547813
0.9770184
0.872562
0.95478165
0.90141726
0.7967598
0.7236583
0.6878498
0.98765814
0.90114784
0.9949842
0.9271258
0.9820196
0.94683623
0.9128027
0.9885627
0.9155262
0.90015686
0.9273938
0.91002625
0.9302929
0.958362
0.8225281
0.98085725
0.7769375
0.6420996
0.91296613
0.9767707
0.8390448
0.9764131
0.8581863
0.98463106
0.71277535
0.84196573
0.75598395
0.8998082
0.97174525
0.96447396
0.95066106
0.7907315
0.8959431
0.83259606
0.9032673
0.9382018
0.91880953
0.68194306
0.980425
0.99999994
0.8887631
0.91842943
1.0000001
0.98328435
0.70242727
0.7392204
0.82176244
0.6834138
0.98806983
0.9393238
0.9140068
0.9525267
0.9850531
0.89919084
0.84598416
0.8689212
0.8614777
1.0000002
0.69730633
0.8579755
0.9911082
0.5606865
0.84266335
0.8822926
0.8055263
0.9999999
0.9063268
0.6856803
0.9500918
0.87986887
0.98934793
0.5698733
0.9582242
0.8348284
0.889464
1.0
0.99999994
0.94827026
0.8531742
0.99957615
0.7651925
0.7059262
0.92152363
0.6856847
0.78565377
0.5308759
0.9699195
0.88313013
0.8709159
1.0
0.87944967
0.99550414
0.9298873
0.90290356
0.9005444
0.9105855
0.99261135
0.8182961
0.6407645
0.47990385
0.80920666
0.64683276
0.95162094
0.9694647
0.92045885
0.78709316
0.757674
0.8434857
0.9046377
0.7432076
0.8074566
0.8044884
0.83764255
0.95722985
0.9900162
0.80176467
0.8686923
0.9515723
0.90945214
0.99618286
0.8419769
0.8083322
0.8990346
0.97971153
0.8757804
0.88314784
0.7730643
0.7754564
0.91052055
0.95171434
0.8361895
0.9697203
0.9727306
0.9690175
0.9267245
0.8947499
0.8453279
0.95550025
0.95473874
0.9524066
0.9303353
0.83186316
0.9049286
0.8648132
0.8728644
0.94571304
0.88375956
0.9413382
0.9832452
0.9832401
0.91678756
0.99056566
0.6880338
0.8086241
0.62043786
0.93083644
0.9357089
0.9718745
0.965532
0.5816354
0.8244931
0.96481436
0.79028416
0.806058
0.8829589
0.50741243
0.8996408
0.99474776
0.8810027
0.91481435
0.84654194
0.9439409
0.77568245
0.68125
0.82863337
0.930807
1.0000001
0.91517556
0.81092066
0.65425855
0.96212554
0.86414516
0.9888921
0.9969908
0.9106509
0.6888653
0.89767313
0.9969732
0.98401976
0.9634669
0.95534277
0.98613673
0.94239485
0.49640253
0.5027717
0.7590796
0.89439875
0.90872985
0.85392195
0.81928396
0.73950636
0.7730517
0.92541087
0.95715404
0.6925832
0.98442596
0.8349994
0.9206258
0.8780257
0.99315137
0.93238264
0.9207597
1.0000001
0.9865017
0.7428535
0.8856735
0.7864311
0.96736634
0.7925188
0.8145758
0.84401023
0.69357437
0.75497013
0.87521106
0.9605675
0.7749257
0.94810605
0.7826583
0.5228803
0.9056375
0.94120747
0.8133049
0.85164344
0.826556
0.9148076
0.9256168
0.72916013
0.8458233
0.8015373
0.6378709
0.9345406
0.7308115
0.99291515
1.0
0.8604864
0.894749
0.99058276
0.8207899
0.819684
0.8246405
0.67780304
1.0000001
0.7911834
0.80799955
0.8886002
0.84412265
0.9982244
0.99957716
0.7724676
0.91315836
0.9956962
0.9853145
0.9473394
0.67362976
0.9757766
0.9272116
0.9504083
0.91861266
0.98602617
0.9711907
0.8661598
0.9714011
0.87912154
0.7590428
0.8871826
0.8010621
0.9683913
0.88873565
0.9407599
0.73481643
0.9549943
0.91744053
0.933941
0.9460306
0.81680703
0.9256508
0.8716834
0.9689757
0.9999999
0.98194164
0.9416685
0.9749756
0.94135845
0.615203
0.7389533
0.9435353
0.8945337
0.99338603
0.9201192
0.83773154
0.9464735
0.96441853
0.6969434
0.85736275
0.96170384
0.9999999
0.7989762
0.8819232
0.7916152
0.92597723
0.9200345
0.9993977
0.9228327
0.90463585
0.84550613
0.925038
0.8653666
0.998196
0.947571
0.89798117
0.9535507
0.9411766
0.8096895
0.9438226
0.977862
0.8425131
0.9007314
0.9293782
0.9676609
0.94762087
0.9897958
0.93642026
0.9611002
0.80015796
0.8829156
0.9217735
0.61162275
0.7316209
0.984113
0.8481019
0.9157281
0.92158914
0.94107705
0.9183504
0.8993857
0.9306247
0.92247087
0.97913367
0.8933329
0.79235274
0.9808022
0.9669512
0.931688
0.82621145
0.9023266
0.9764205
0.928843
0.87238353
0.8864101
0.99341357
0.85297847
0.93291044
0.8609848
0.9506645
0.7797079
0.94278777
0.89557904
0.9997001
0.98474056
1.0
0.9801914
0.8014041
0.8927444
0.8004254
0.8122749
0.9827752
0.97828037
0.6791978
0.98755896
0.77159005
0.88145256
0.9269682
0.8917914
0.99999994
0.9643295
0.88696516
0.93966675
0.97336936
0.907151
0.8851867
0.7553229
0.907758
0.88486516
0.99536014
0.8406981
0.9435868
0.81737363
0.96530044
0.9619899
0.9634483
0.9766009
0.98503447
0.9561004
0.82815236
0.98304915
0.8686242
0.77157867
0.97180855
0.9301879
0.89375526
0.8872484
0.9014573
0.90066564
0.59376293
0.76228076
0.99816644
0.8937592
0.878578
0.92783517
0.7902957
0.8461918
0.92971116
0.9447458
0.9416273
0.9112467
0.8762726
0.8999218
0.9987024
0.9178066
0.9835581
0.7945551
0.77146155
0.95584023
0.94298774
0.9672866
0.88546216
0.82091737
0.6602953
0.8702696
0.94818044
0.5770624
0.9672528
0.6731371
0.7655686
0.9176992
0.9987673
0.9411022
0.9820031
0.9511123
0.7241318
0.9692577
0.9028367
0.96077955
0.9919085
0.9972489
0.99055636
0.85771775
0.9652643
0.9954205
0.7452672
0.81504667
0.9746057
0.83049566
0.9916333
0.96168166
0.9328857
0.8243227
0.9653381
0.9606873
0.7799164
0.9970015
0.70035374
0.7236598
0.95205176
0.99105644
0.8260938
0.9104198
0.8745622
0.9451781
0.8832149
1.0
0.9882604
0.96138245
0.9826237
0.95119005
0.97232336
0.8571656
0.89062685
0.9009295
0.6457727
0.92487794
0.99798214
0.81543785
0.80552405
0.7575843
0.8908098
0.98009956
0.82819045
0.9480778
0.95735645
0.859399
0.5867888
1.0000001
0.99375683
0.94101363
0.8253655
0.9731245
0.959552
0.9033885
0.90433115
0.8189173
0.8899216
0.68570936
0.75626034
0.800817
0.99817246
0.87567145
0.9658827
0.9479494
0.7340021
0.96516454
0.97640103
0.930829
0.80218035
0.82953376
0.9925139
0.8850184
0.7678391
0.96222055
0.8191807
0.977469
0.91215026
0.785645
0.76223695
0.93451643
0.9308192
0.97864664
0.9008422
0.91436267
0.7882661
0.948592
0.96861744
0.9726373
0.89865375
0.95023465
0.7289499
0.9718524
0.9452721
0.6562337
0.8758415
0.9623643
0.92995363
0.8889925
0.7389751
0.7774695
0.95869315
0.92814016
0.9179103
0.8647424
0.9758621
0.69702804
0.89243066
0.877768
0.96356076
0.8989035
0.81498784
0.9418914
0.8613835
0.93354034
0.99363434
0.9767687
0.87043846
0.99461645
0.90248686
0.91408134
0.97671086
0.82579684
0.895849
0.90707695
0.95448464
0.81248057
0.7578962
0.69234747
0.8662521
0.80562675
0.883864
0.9493981
0.9322689
0.97958916
0.7783626
0.8977896
0.77334887
0.97659755
0.96763885
0.96557
0.9971566
0.97287726
0.7606427
0.91329277
0.9224867
0.9734267
0.98841745
0.97074056
0.7966984
0.89714456
1.0
0.95808214
0.8216427
0.9432736
0.99798214
0.8226955
0.8069643
0.8692552
0.8787085
0.91011256
0.95471054
0.7799189
0.76356643
0.9020452
0.9452502
0.8361912
0.81971043
0.93082064
0.9676169
0.8873161
0.98599076
0.8525996
0.99999994
0.94285077
0.86639196
0.8714584
0.752698
0.82043475
0.8712658
0.86722517
0.9811075
0.9348428
0.9371234
0.97599435
0.9837161
0.72500455
0.8989138
0.9725336
0.69680125
0.76828694
0.5532234
0.87639284
0.759736
0.9273565
0.9947575
0.9520606
0.65784365
0.92920303
0.99630904
0.9709934
1.0
0.8785989
0.8769872
0.98515487
0.8560394
0.8617788
0.9552952
0.85574174
0.827093
0.8370422
0.9257056
0.9823641
0.5325008
0.4848486
0.8591472
0.78087175
0.902026
0.97493875
0.8586147
0.85251695
0.7978828
0.98759216
0.6923783
0.96222913
0.87317896
0.8728099
0.8430679
0.7468644
0.9430411
0.93889403
0.97717637
0.99364376
0.9179728
0.96985686
0.9970688
0.8162522
0.9768599
0.96185404
0.9625527
0.98846245
0.7162592
0.96224296
0.7424934
0.9138147
0.9962901
0.82968885
0.9503803
0.90092796
0.99999994
0.81843466
0.99194056
0.9054009
0.7947483
0.79978454
0.9551037
0.98203975
0.9300342
0.8688435
0.8764713
0.94712734
0.8586832
0.99078333
0.9866421
0.9569255
0.99660355
0.9602887
0.94787914
0.930643
0.73708105
0.80003756
0.84748185
0.98950577
0.82987815
0.9557058
0.6975876
0.8828708
0.88313913
0.8666254
0.6815528
0.84652114
0.8790782
0.9315195
0.8883252
0.9578837
0.96721
0.7510551
0.9105831
0.9592863
0.9516889
0.78357077
0.807511
0.87880707
0.92918384
0.9063846
0.97890997
0.98601234
0.8047005
0.8484691
0.88429815
0.9163583
0.969826
0.9537605
0.710954
0.82137
0.6806772
0.9474213
0.87987125
0.97705424
0.8720002
0.96245086
0.86492825
0.86152256
1.0000002
0.9267366
0.9355936
0.8048563
0.8405853
0.91658
0.903183
0.96126854
0.9580857
0.9604444
0.92023927
0.7826904
0.80329
0.8847631
0.9783362
0.8558617
0.96549606
0.48199672
0.38528636
0.8043452
0.717483
0.89637744
0.99999994
0.88584083
0.6519946
0.70369303
0.91438454
0.9449812
0.8757813
0.63759184
0.6698519
0.6379225
0.83414406
0.86813724
0.896475
0.94633996
0.90955055
0.99613655
0.827876
0.9549597
0.8794136
0.74267966
0.93467224
0.8637432
0.97235715
0.9705098
0.9748281
0.84743154
0.9610413
0.93523556
0.9820126
0.97339374
0.9533401
0.9528658
0.8268699
0.8708654
0.843274
1.0
0.9999999
0.8673565
0.9006003
0.6139382
0.98742557
0.99999994
0.92325634
1.0
1.0
0.74935484
0.9986857
0.85062444
0.9544935
0.9734255
0.88557124
0.87693936
0.98166484
0.9795934
0.9891792
0.9410198
0.6914885
0.9976892
0.899902
0.7320043
0.8555814
0.9793909
0.8131875
0.9385711
0.9993688
0.90479946
0.93646747
0.94288886
0.9217341
0.9817965
0.8245476
0.8227676
0.9406128
0.9089409
0.97882074
0.9391105
0.7840242
0.8161761
0.78323084
0.91526693
0.7065973
0.9657531
0.9714434
0.9246404
0.7300877
0.9795294
0.9190639
0.8465029
0.973477
0.94279504
0.73305774
0.9105307
0.9728079
0.95746017
0.7767886
0.93455154
0.8527355
0.8442169
0.9521864
0.953921
0.96884197
0.625923
0.9147017
0.9192339
0.972628
0.59323716
0.8965185
0.97931707
0.74921155
0.47267893
0.9533936
0.9477907
0.8819235
0.9210597
0.9624182
0.941923
0.9156011
0.98740727
0.9398093
0.92071843
0.846347
0.9795655
0.9277089
0.73512024
0.7247355
0.8471033
0.8742383
0.922837
0.8499745
0.98741966
0.9506049
0.85800624
0.8125052
0.73516965
0.9098205
0.97469115
0.82912755
0.94675654
0.89892906
0.86550295
0.95898545
0.7370171
0.869696
0.8796259
0.9765394
0.6001628
0.685251
0.9743757
0.8086391
0.88972276
0.86596036
0.81533015
0.9841497
0.9183
0.8349227
0.8561286
0.93384576
0.95479614
0.57635486
0.9089803
0.9168149
0.95647323
0.9081701
0.94648147
0.94083047
0.91958416
0.9799905
0.8021731
0.9955624
0.98737854
0.73142445
0.7644494
0.8852197
0.88505316
0.94144464
0.90422314
0.86975586
0.81235474
0.8685674
0.819782
0.908993
0.9833603
0.9214561
0.9731429
0.9832481
0.92201334
0.9650909
0.93654376
0.9260566
0.98860383
0.8987368
0.76065975
0.77054983
0.72002095
0.9833314
0.91818595
0.9208506
0.96546483
0.97166413
0.7345414
0.8906931
0.84906435
0.9208004
0.98901373
0.706365
1.0
0.88499975
0.98700017
0.618022
0.92358893
0.78504086
0.8844696
0.8701765
0.82690233
0.89290076
0.71858394
0.88637376
0.9023905
0.80936587
0.95418406
0.94381034
0.91108793
0.98876464
0.9056679
0.9364368
0.9310623
0.9206483
0.9446229
0.9719865
0.6192282
0.8948163
0.92496026
0.7238215
0.9586492
0.98036444
0.8880213
0.88935363
0.916603
0.919518
0.7894492
0.66195875
0.76467633
0.980755
0.97337174
0.8063582
0.61424744
0.8894185
0.9978833
0.93764454
0.98219144
0.6494253
0.8127848
0.9999999
0.9026615
0.8511138
0.90372634
0.93803716
0.74490994
0.8949844
0.862443
0.9557756
0.77216476
0.9246159
0.9092154
0.90931267
0.9584941
0.9966692
0.9559623
0.9964257
0.8474011
0.92882854
0.997658
0.8432356
0.94607896
0.9747009
0.3649968
0.9145569
0.87576866
0.9110972
0.86456037
0.82006156
0.6154171
0.9215857
0.8832663
0.76595163
0.93464696
0.8945445
0.94654995
0.98169124
0.533361
0.98923135
0.91868556
0.7983063
0.5922322
0.84091306
0.13654265
1.0
0.7588159
0.73463523
0.85504025
0.68876153
0.8031255
0.94393873
0.9224287
0.99669904
0.8867215
0.9210573
0.9434812
0.8744634
0.93997234
0.9844874
0.9570089
0.95857954
0.8755507
0.8019815
0.98689795
0.89145947
0.974903
0.86434335
0.96679664
0.69445133
0.590214
0.98855305
0.8490112
0.76785886
0.8385997
0.93096256
0.9142328
0.978562
0.84626985
0.80445784
0.8483158
0.9015986
0.8723616
0.85021615
0.95127004
0.9558133
0.79096806
1.0000002
0.9960698
0.9280546
0.9869552
0.980983
0.9413192
0.95675945
0.97569454
0.9702618
0.9423301
0.9635195
0.83522725
0.7435525
0.9480342
0.9195008
0.9936374
0.6681281
0.9608897
0.6646923
0.93789303
0.9113435
0.9774786
0.96621156
0.7533317
0.9492847
0.84685653
0.92193854
0.85978484
0.95029724
0.7843237
0.93524617
0.97903556
0.9207884
0.96324444
0.57879186
0.98463446
0.9997469
0.99485755
0.8702566
0.7870211
0.9144549
1.0
0.37554926
0.96294993
0.9111335
0.8832932
0.8974849
0.9427382
0.9268014
0.9580939
0.9909194
0.9029276
0.9827473
0.9924027
0.8419848
0.8978462
0.94040227
0.8917569
0.92435336
0.9896226
0.8774204
0.9872433
0.9489088
0.9596983
0.9407318
0.7505358
0.9819488
0.8507487
0.9999999
0.9958359
0.9461216
0.9746353
0.9807604
0.9546993
0.8737868
0.973446
0.90697515
0.80820453
0.91790885
0.89387965
0.98095095
0.70653313
0.86872625
0.95582205
0.94907796
0.8709645
0.5579361
0.7431261
0.85982597
0.76917326
0.9843656
0.98152983
0.9389701
0.97734046
0.8671279
0.8842302
0.74968225
0.93001235
0.8899844
0.80632305
0.9189322
0.90395606
0.9142711
0.98978025
0.98284465
0.88692415
0.9172957
0.90120953
0.8477604
0.86199075
0.79088503
0.8710524
0.9117087
0.8177265
0.7811876
0.8456122
0.91137
0.8817652
0.9385587
0.7987702
0.9646447
0.94707644
0.8811667
0.8731173
1.0000002
0.8445699
0.95119256
0.887597
0.8338812
1.0
0.66485894
0.7571365
0.4690771
0.89547604
0.47584406
0.98675084
0.88100684
1.0
0.9973212
0.6904143
0.96720195
0.91055816
0.77404547
0.8261163
0.67472327
0.98697263
0.9743456
0.9415256
0.8725213
0.75521827
0.9132863
0.9857962
0.9342777
0.91396976
0.89412767
0.99025327
0.9793707
0.7925943
0.71119034
0.7966194
0.9374647
0.9320675
0.9189861
0.84519064
0.9756047
0.8570082
0.9953647
0.97394824
0.8681051
0.7506753
0.9667359
0.89107716
0.9848467
0.74675024
0.9214103
0.9464992
0.7869431
0.77375674
0.94162816
0.81983596
0.89525676
0.84240246
0.87922347
0.7957846
0.9224266
0.9733039
0.792202
0.9934584
0.9288168
0.88841474
0.93746024
0.98510337
0.92681795
0.41640556
0.99190557
0.88964164
0.84847766
0.70134807
0.9685913
0.8944711
0.9670539
0.78837126
0.80819154
0.801345
0.9393572
0.89307654
0.6350021
0.6226425
0.64762527
0.77967644
0.94211435
0.9893102
0.9985099
0.9408553
0.7835277
0.9433436
1.0000001
0.9652221
0.7359792
0.87294686
0.8681364
0.9332517
0.9217773
0.906738
0.99999994
0.9081629
0.9097166
0.9605837
0.9992789
0.83727515
0.94088733
0.9294957
0.93509305
0.6012707
0.95637345
0.8957219
0.94862026
0.99053437
0.85065633
0.84298694
0.90633595
0.9701448
0.9596268
0.9237538
0.92685914
0.9910249
0.978779
0.98788935
0.77287817
0.9077148
0.8933386
0.76809454
0.9800317
0.9350165
0.9336376
0.948945
0.8484052
0.9999999
0.9224086
0.77694225
0.9904378
0.9562614
1.0
0.8645575
0.9433492
0.86896855
0.88531864
0.96226156
0.87083006
0.4659892
1.0
0.8446765
0.97396314
0.8958666
0.9767804
0.9707183
0.9885402
0.8907706
0.81968355
0.9871662
1.0
0.943398
0.4852788
0.8228899
0.8697079
0.93116915
0.86912155
0.7330767
0.8753046
0.850659
0.9865752
0.79280984
0.9114103
0.8638219
0.898566
0.9818464
0.94947535
0.82662183
0.9699552
0.8536091
1.0000001
0.76068676
0.9290491
0.7719581
0.5855122
0.920433
0.7849149
0.8050157
0.7903283
0.8501289
0.99370176
0.7750993
0.92422515
0.87846005
0.9469646
0.8612582
0.92315286
0.96753716
0.97400707
0.9737149
0.9287094
0.9227685
0.8490974
0.92582357
0.9152181
0.9733069
0.8739366
0.77250695
0.9810055
0.89605594
0.937
0.94558764
0.89974296
0.8876356
0.962646
0.91929436
0.9886439
0.81160986
0.7339548
0.90802413
0.8924408
0.8573163
0.9736182
0.8607882
0.62652886
0.99314064
0.97527057
0.92426586
0.8720155
0.90355754
0.80164254
0.92885387
0.7576887
0.73343724
0.81328756
0.9696368
0.72466165
1.0
0.8154644
0.98372585
0.9272378
0.9288687
0.8751029
0.80281717
0.9292854
0.8519236
0.9237036
0.9143809
0.96843266
0.9751813
0.93584347
0.80519074
0.9835366
0.8380214
0.9638206
0.91382295
0.9870791
0.7089072
0.94488025
0.83874553
0.8825369
0.9494193
0.9793074
0.9307989
0.919715
0.88223314
0.95927095
0.8542685
0.9160123
0.9662822
0.8078786
0.45623356
0.9662367
0.87284493
0.82894826
0.5550946
0.8087634
0.65798867
0.8876904
0.73248595
0.9110054
0.94323385
0.9164138
0.8473635
0.9858353
0.8989992
0.95518583
0.90433115
0.9188664
0.8634746
0.90067077
0.9999999
0.89726686
0.9522004
0.8903903
0.96679544
0.98354614
0.8073393
0.9739118
0.9382384
0.9704
0.9805176
0.97318697
0.89331895
0.98546326
0.9735078
0.9162292
0.9463183
0.87544507
0.8399014
0.82044876
0.9768113
0.7448505
0.9492221
0.99874794
0.96415955
0.8005204
0.7644782
0.87141037
0.9510998
0.86394954
0.7228231
1.0
0.9880068
0.9892578
0.9677745
0.98958564
0.92788625
0.9559872
0.96238554
0.88510954
0.95892614
0.8805724
0.9168412
0.95433545
0.8474824
0.9574188
0.78305954
0.96238637
0.85152966
0.8825976
0.86414665
0.95701563
0.979458
0.88184804
0.96284676
0.55241615
0.9997418
0.8308276
0.8577625
0.57640916
0.7707228
0.97968984
0.8824051
0.95649314
0.9626342
0.911118
0.9326756
0.9162751
0.8939233
0.91492546
0.7173703
0.74995214
0.98185784
0.9683253
0.8882118
0.9624028
0.74681884
0.9874313
0.8189214
0.9459998
0.83366656
0.936657
0.9732033
0.9017216
0.9364311
0.7087333
0.9318562
0.9830116
0.9940133
0.917665
0.8335103
0.68454397
0.9275693
0.96557003
0.8836862
0.9410759
0.8934586
0.97598994
0.85517395
0.98995996
0.8499439
0.8951556
0.99298406
0.9748608
0.9259039
0.9227998
0.97324777
0.9770622
0.90800166
0.96694374
0.86604
0.9831828
0.843936
0.93219
0.9849354
0.92210793
0.6453843
0.5939443
0.9884711
0.8591473
0.65269834
0.98744804
0.99386185
0.94055974
0.8615552
0.9383282
0.65013534
1.0
0.6014848
0.8284883
0.9411897
0.99216855
0.8868436
0.71790814
0.776369
0.8852955
0.92743176
0.9810794
0.9109392
0.64070123
0.75997543
0.7862637
0.9629044
0.9571587
0.7533141
0.9027457
0.8462873
0.8837956
0.9086853
0.95672554
0.9711631
1.0000001
0.93553203
0.5372375
0.7598846
0.9862244
0.9204898
0.9890686
0.9797881
0.9431346
0.9632989
0.93554205
0.80770165
0.8959349
0.92290086
0.9662412
0.9501498
0.98410654
0.9083035
0.8099314
0.7538062
0.9086174
0.7464764
0.9725035
0.99169827
0.8855972
0.9106565
0.70785445
0.8409995
0.9096431
0.8940311
0.8425407
0.8690803
0.7955904
0.932054
0.9421649
0.9367444
0.94140965
0.801751
0.8603612
0.95068115
0.9914491
0.9496649
0.86184216
0.97477365
0.8435389
0.9987377
0.9536399
0.9237121
0.6392336
0.9781157
0.9337224
0.92965835
0.9908193
0.95630884
0.6543947
0.9312321
0.9663797
0.880451
0.92497987
0.6870626
0.9822531
0.80224705
0.95612806
0.83564794
0.9044179
0.83498603
0.7618828
0.9291952
0.8195772
0.9540056
0.9919387
0.8411424
0.96277905
0.8543615
0.9568444
0.88822913
0.8849969
0.9469215
0.89327025
0.9467616
0.77498657
0.8700651
0.9144404
0.91596633
0.9387805
0.9398275
0.7807028
0.8976072
0.9720678
0.9261534
0.8629132
0.6458757
0.9313601
0.9688637
0.7759798
0.990147
0.9618694
0.8987731
0.7113676
0.96990025
0.986748
0.73803496
0.9446961
0.97215796
0.90498537
0.8950131
0.84997547
0.8720512
0.7927275
0.70275795
0.7295908
0.9888921
0.8796284
0.9142727
0.8127506
0.93696904
0.8944829
0.83689445
0.90466386
0.88070357
1.0
0.9037349
0.806479
0.7766999
0.88813806
0.84235287
0.91400284
0.9832568
0.98405355
0.91521156
0.9762368
0.94440883
0.8910414
0.881935
0.9171887
0.832464
0.75158346
0.71406496
0.9835055
0.8076806
0.85441625
0.5483971
0.9739675
0.96011883
0.9643371
0.94387203
0.93081856
0.5988728
0.8347391
0.7481606
0.8485519
0.9223054
1.0000001
0.93186414
0.87535906
0.99145085
0.8980621
0.9294781
0.9814634
0.8445305
0.9909623
0.9420393
0.99052805
0.9898371
0.92855
0.81008756
0.94557816
0.9023987
0.8212217
0.7922736
0.77003497
0.70362353
0.5099309
0.8773298
0.85992247
0.9358903
0.9046223
0.9909804
0.9963242
0.9040042
0.7896317
0.941399
0.5682151
0.6939386
0.844651
0.79692936
0.85544705
0.94527113
0.87836003
0.8969678
0.9883937
0.9662461
1.0
0.8557303
0.95857286
0.96503645
0.54770446
0.8733272
0.72607124
0.7774524
0.8879498
0.94669527
0.8170028
0.99158716
0.90436435
0.91672623
0.99637675
0.96918917
0.99273324
0.9390386
0.7393204
0.9487829
0.6312682
0.7965195
0.89362687
0.9609628
0.74695337
0.85676485
0.96474195
0.9079012
0.9276506
0.92108846
0.8784558
0.73857784
0.9076468
0.975147
0.8421534
0.9473139
0.88412344
0.99945885
0.89816034
0.77010125
0.7846072
0.88217586
0.9254415
0.86220086
0.7968933
0.91566974
0.80271715
0.86354613
0.91351223
0.89476764
0.9411916
0.9269846
0.7776878
0.8954024
0.9260013
0.93422806
0.9298156
0.9316306
0.86354285
0.73860866
0.93748987
0.90975153
0.9405325
0.924531
0.8594055
0.9298788
0.8347774
0.9103882
0.9999998
0.95144635
0.9844877
0.5881768
0.9432056
0.9382865
0.7918762
0.9701582
1.0
0.8325717
0.9193759
0.9320897
0.9315585
0.9382137
0.8992741
0.7877563
0.76745766
0.8907131
0.8124708
0.95418066
0.7649317
0.9274724
0.84827214
0.9676031
0.83557796
0.9494331
0.86283773
0.65449953
0.7427144
0.7961538
0.97212577
0.9331648
0.7767338
0.8710904
1.0
0.57053125
0.91635895
0.9606495
1.0000001
0.8858618
0.98840356
0.73163444
0.84560096
0.85292774
0.8605725
0.9598944
0.9886137
0.7106456
0.959388
0.7855634
0.9347649
0.9876192
0.9984673
0.7329633
0.97511315
0.8766391
0.64699584
0.8779677
0.92508376
0.8739146
0.9034207
0.9358377
1.0
0.8440736
0.58736134
0.8920328
0.97688234
0.735646
0.5537216
0.90685284
0.7877541
0.89117646
0.9330604
0.9455242
0.96691585
0.7653103
0.8710508
0.81686443
0.8441748
0.88008875
0.9843673
0.90435725
0.87184966
0.9649724
0.99613595
0.97286254
0.9548652
0.96919304
0.99999994
0.94839287
0.9219677
0.9503988
0.77518755
0.90316296
0.72955775
0.84528387
0.8243462
0.8806107
0.895226
0.87235475
0.94548595
0.8630409
0.88844144
0.9757627
0.8510016
0.9444658
0.85255396
0.93301845
0.78869975
0.92209995
0.82635176
0.8251461
0.9517727
0.9964713
0.97511256
0.89100176
0.8879781
0.7957833
0.83328396
0.9689981
0.95252824
0.967742
0.8445912
0.94577664
0.90394926
0.8798452
0.9036789
0.8853977
0.76434684
0.8138405
0.9876561
0.81541735
0.60157883
0.9094594
0.9739751
0.90755916
0.75944966
0.8614748
0.9525863
0.89056396
0.7525479
0.7530071
0.9436177
0.6029895
0.99108154
0.87127835
0.8064883
0.93771344
0.82206213
0.81718516
0.72806704
0.9276854
0.9807462
0.8423532
0.91928387
0.85737216
0.93698406
0.7675576
0.96739036
0.813858
0.83166206
0.80537385
0.85750514
0.9621714
0.98901665
0.8650266
0.98712385
0.8563446
0.95416486
0.8768781
0.88421524
1.0
0.74768376
0.87452877
0.96782833
0.940673
0.84003043
0.9372151
0.76761353
0.9775542
0.7787653
0.9748117
0.96761733
0.7563773
0.99571395
0.89327073
0.84352314
0.9126045
0.8195093
0.9716232
0.9041941
0.98349667
0.83976305
0.8699471
1.0
0.9708203
0.701085
0.9603747
0.95443255
0.81327283
0.8493122
0.8809827
0.9134241
0.93231744
0.8250789
0.8083386
0.7551096
0.9833557
0.8390281
0.8510346
0.9764676
0.93177396
0.991086
0.8508324
0.85469216
0.98172545
0.84857476
0.8873723
0.8094702
0.884655
0.7503235
0.9645724
0.9891584
0.97163004
0.9754997
0.55073214
0.9852149
0.605175
0.8234295
0.7409482
0.9892635
0.7326076
0.87187976
0.9902172
0.9520151
0.394288
0.95779514
0.9252709
0.989797
0.944299
0.71568274
0.8863173
0.8510192
0.8669724
0.53874266
0.8907938
0.88605285
0.9068577
0.9346464
0.9507683
0.63206923
0.9985198
0.7817128
0.7987648
0.7580184
0.8811492
0.9691472
0.74623805
0.8163882
0.92154664
0.8486
0.651085
0.7632968
0.9092287
0.83635265
0.8824289
0.96296823
0.6609236
0.8223726
0.90336627
0.9403338
0.8731701
0.9008552
0.80989015
0.9255813
0.9219775
0.8763858
0.95101684
0.9899062
0.92053294
0.97159106
0.92097837
0.9795358
0.942603
0.99590725
0.8184353
0.80172116
0.9180809
0.94655204
0.94269395
0.92708516
0.9334197
0.8990005
0.8263805
0.859642
0.89757514
0.98743916
0.5078029
0.9523909
0.91066694
0.6348199
0.881951
0.8975585
0.9003258
0.9517025
0.8971651
0.99999994
0.9959053
0.9702754
0.94221485
0.9883813
0.90255845
0.8656521
0.93185914
0.9355155
0.8470893
0.76897717
0.9896332
1.0000001
0.9245697
0.97090465
0.89896905
0.7831797
0.8515606
0.996782
0.7319479
1.0
0.8760194
0.7670295
0.92176825
0.6730603
0.6962569
0.8989949
0.69933295
0.7515099
1.0000002
0.855067
0.6985885
0.85655314
0.83604485
0.9820784
0.7876271
0.7858477
0.7901542
0.7733159
0.8112036
0.93780005
0.8222193
0.9892528
0.8627683
0.8496661
0.957384
0.7968722
0.86456645
0.8149907
0.89120185
0.80820996
0.94647884
1.0
0.9639908
0.9106917
0.8776027
0.9785051
0.8303349
0.8395532
0.80328834
0.8238566
0.8815802
0.6357298
0.8692584
0.9728961
0.94761574
0.7440261
0.89958364
0.5110322
0.9304849
0.8434595
0.9394976
0.931962
0.9723856
0.88287807
0.882272
0.5008795
0.7137426
0.8384611
0.9601841
0.6667076
0.8811331
0.99291146
0.5301447
0.9375099
0.6679187
0.8736399
0.8677808
0.50830704
0.8102245
0.99941766
0.85853255
0.9498552
0.72904694
0.8949811
0.9498731
0.9571401
0.87402123
0.7290514
0.9238887
0.8192656
0.8837155
0.84883153
0.8209734
0.9677426
0.9088353
0.7464217
0.9811813
0.9253774
0.8003404
0.9639592
0.9533073
0.8370033
0.7282577
0.8395411
0.93535364
0.9431197
0.93400025
0.9201778
0.6379535
0.83920455
0.8484209
0.8526592
0.75120974
0.96542424
0.9570041
0.7049719
0.9387963
0.96914476
0.8297686
0.98820573
0.7899795
0.8411789
0.8930875
0.99607766
0.50439805
0.81328475
0.6990916
0.9149081
0.9163661
0.8334493
0.9824114
0.98276085
0.9992746
0.8404193
0.90060306
0.935773
0.9554738
0.7946652
0.84262735
0.9682072
0.8812165
0.8256305
0.9806707
1.0000001
0.8068887
0.9579747
0.7499112
0.723536
0.88874865
0.9877525
0.7916143
0.83211446
0.78083384
0.91901636
0.6992168
0.8010417
0.9712474
0.733586
0.89481217
0.7485299
0.74428
0.5860435
0.9767751
0.9746555
0.8816744
0.8113608
0.7612339
0.87468684
0.8313229
0.91073173
0.96751684
0.93852556
0.64977014
0.949917
0.9738437
0.8123588
0.9284631
0.9452453
0.89973396
0.83174455
0.81599796
0.97187173
0.92289996
0.98430073
0.9201596
0.9327358
0.8485099
0.94246304
0.8300125
0.7631841
0.998392
0.96223176
0.78548557
0.84681284
0.9372022
0.8844611
0.89195895
1.0
0.92326814
0.6179779
0.9052713
0.48040983
0.8781312
0.88254464
0.9667677
1.0000001
0.94063663
0.9148251
0.85956484
0.8654035
1.0
1.0000001
0.9637147
0.47698048
0.84226906
0.80907696
1.0000001
0.9161028
0.77178776
0.5769658
0.92226326
0.8918636
0.83322936
0.87961394
0.8136914
0.97133994
0.8493971
0.87901676
0.8886233
0.89690614
0.71513385
0.58327985
0.9277549
0.9236462
0.9688777
0.9064634
0.89980227
0.8557723
0.9031111
0.9475264
0.84837383
0.9134059
0.9052943
0.9280524
0.8666514
0.71669066
0.87749326
0.8293917
0.7168204
0.9864652
0.87299085
0.9047562
0.89735186
0.9911766
0.92257786
0.9120965
0.84269154
0.8790622
1.0
0.9292497
0.8149913
0.8387345
0.97935605
0.7801429
0.9613093
0.6169675
0.9933606
0.6732538
0.89345443
0.9324723
0.6403192
0.9170486
0.9576763
0.94212925
0.8711363
0.89394736
0.6873958
0.9383212
0.82090676
0.88342863
0.958134
0.7195843
0.7786048
0.76236916
0.85317725
0.97482765
0.8525177
0.8332894
0.9986628
0.99665385
0.93379706
0.8418974
0.854496
0.98154545
0.7852386
0.9503992
0.99808264
0.89242333
0.90722156
0.78775257
0.97821975
0.9095449
0.99342865
0.9793216
0.7565714
0.8585854
0.7596082
0.9535705
0.96777534
0.66486144
0.89096457
0.870729
0.88108504
0.7932035
0.8830099
0.8836231
0.72955227
0.7409675
0.825117
0.8151871
0.89495766
0.863684
0.90380996
1.0
0.9326721
0.93221235
0.9923659
0.94986796
0.87563425
0.9147846
0.9351159
0.9866163
0.91208607
0.8348369
0.67482495
0.83760077
0.9111775
0.8523693
0.82509625
0.82253456
0.86094517
0.79501027
0.9538416
0.97901785
0.8507867
0.84348255
0.9799904
0.9032668
0.9278451
0.9922167
0.75356543
0.99999994
0.8452004
0.9631436
0.89167833
0.85851157
0.9178377
0.8948417
0.8944704
0.7619289
0.9916298
0.98738194
0.7479926
0.886138
0.6128074
0.80829924
0.82656336
0.96736383
0.9762991
0.8220726
0.88060874
0.95220447
0.96375537
0.8553889
0.99368817
0.8645562
0.969526
0.97283626
0.96383
0.8841158
0.9480531
0.9786136
0.8365258
0.9097431
0.9069321
0.99842906
0.76040554
0.8575865
0.99101216
0.9992044
0.9123482
0.88855076
0.8079704
0.81722957
0.93701863
0.9669694
0.93575215
0.99565583
0.61566156
0.9985863
0.9407077
0.7867808
0.96913147
0.93216395
0.914618
0.8944712
0.9948445
0.90835655
0.787718
0.7091319
0.91915864
0.93505317
0.94953525
0.7934995
0.8465163
0.8034584
0.9483866
0.57285607
0.8912052
0.9713942
0.85505176
0.6735755
0.8498806
0.41791672
0.9690361
0.8814024
0.9587058
0.74504894
0.7635477
0.9721674
0.8711887
0.7455832
0.9491247
0.7246516
0.73891395
0.9176234
0.93972015
0.79986924
0.82871574
0.8095478
0.83135253
0.953558
0.95679206
0.9498065
0.75192386
0.5658665
0.94931555
1.0000001
0.47903666
0.8531543
0.73707414
0.9685091
0.7422357
0.96915543
0.6981379
0.9674128
0.74906117
0.9993359
0.91672176
0.9230222
0.77042985
0.86492467
0.70771533
0.77220654
0.96303165
0.6227041
0.92969203
0.85584164
0.8406658
0.5146856
0.9725026
0.92573124
0.9643408
0.860893
0.9372768
0.9516996
0.83133566
0.5994018
0.94658685
0.7084569
0.79871625
0.90424246
0.77966464
0.9492729
0.9761619
0.9988995
0.94527435
0.958753
0.82758236
0.839137
0.89709353
0.83989817
0.68055546
0.89290553
0.9389477
0.8969447
0.95557046
0.8348874
0.85860616
0.23458469
0.9642765
0.9316668
0.9911393
0.868687
0.6952243
0.99668837
0.7754577
0.81091446
0.92529285
0.99999994
0.8576418
0.8256896
0.91336644
0.88059795
0.7554161
0.8699959
0.9649737
0.9092268
0.893589
0.46981943
0.9353247
0.9327836
0.92215836
0.9662066
0.94586366
0.89771867
0.89571774
0.80661094
0.8349002
0.9202229
0.99754703
0.8036045
0.92462546
0.7857675
0.9729452
0.86108947
0.97016454
0.8841382
0.95647204
0.89676243
0.9850173
0.9260012
0.95719105
0.96346754
0.9439813
0.9279456
0.90190125
0.9360659
0.98035604
0.8383794
0.9435587
0.97428894
0.9080736
0.669316
0.92595017
0.9994165
0.9735106
0.8772813
0.91552997
0.9461509
0.8924132
0.67121214
0.96927434
0.9567291
0.852773
0.9422964
0.8779217
0.931119
0.9514483
1.0000001
0.8929815
0.87895036
0.9742437
0.908723
0.9200412
0.74213266
0.8973991
0.6865219
0.95931697
0.97511876
0.88512844
0.7955052
0.8650925
0.9947442
0.8436672
0.94034547
0.98263776
0.72280246
0.9511194
0.9739829
0.92044693
0.9150422
0.6902243
0.94214946
0.9244336
0.9488781
0.9214139
0.31833053
0.9602717
0.764397
0.83421254
0.81447446
0.9310988
0.8221324
0.7388375
0.9498172
0.84105587
0.9149363
0.9288987
0.82446617
0.98008573
0.92288846
0.95018923
0.98162574
0.9149363
0.7234607
0.97577286
0.94443464
0.8709971
0.9063106
0.9217534
0.9404913
0.6348834
0.80519164
0.8855573
0.6235217
0.85727185
0.9964114
0.7784461
0.6510556
0.9252099
0.89128417
0.90795183
0.944943
0.72609097
0.8097701
0.80871236
0.7270772
0.8775644
0.9999999
0.827155
0.5734327
0.880155
0.99480623
0.9129368
0.8061801
0.99490285
0.8776746
0.90821683
0.9975324
0.87411904
0.5426281
0.80570716
0.6751775
0.91792655
0.76108885
0.9629283
0.72614866
0.80590045
0.91058755
0.8907579
0.94913864
0.94228745
0.562604
0.90043974
0.8107803
0.9413293
0.88235116
0.90051997
0.8958311
0.73159
0.82971257
0.78513145
0.7383238
0.9297046
0.9839523
0.8491101
0.5135843
0.9961969
0.88460577
0.9090283
0.8552388
0.64304125
0.9671491
0.9216851
0.99591255
0.8819452
0.996338
0.88167775
0.9157238
0.9097682
0.9995181
0.8990892
0.9400929
0.83471715
0.83682704
0.91439694
0.75575763
0.94439083
0.117592916
0.9532715
0.8351984
0.99824
0.8147513
0.9665633
0.5867874
0.908214
0.7522751
0.9360742
0.8950765
0.8901531
0.78010494
0.9404832
0.82384974
0.83825934
0.97189885
0.9888877
0.9439472
0.9809379
0.8981926
0.6950761
0.9646593
0.9081708
0.65551484
0.9375943
0.50754493
0.8339667
0.98851466
1.0000001
0.7859209
0.9312167
0.88555336
0.9622682
0.7673598
0.88879067
0.9612908
0.8065053
0.7557864
0.8853453
0.9905131
0.9095886
0.9288174
0.9496894
0.94828975
0.9046412
0.9696751
0.73397756
0.7865192
0.82332295
0.92742115
0.39803913
0.8137728
0.884686
0.8315407
0.74167866
0.8966128
0.8391653
0.9596767
0.85660434
0.9674581
0.95133173
0.75136787
0.8278484
1.0000001
0.990166
0.8361479
0.86420566
0.6294998
0.9441425
0.6167214
0.9146686
0.9147056
0.88985014
0.98983663
0.9175265
0.956975
0.79721624
0.9991446
0.73305535
0.81761724
0.8595525
0.9444486
0.9918881
0.90267503
0.9941883
0.79940873
0.76419365
0.82215554
0.963312
0.8030572
0.8953117
0.62096983
0.98687315
0.9256471
0.93185014
0.861962
0.9403802
0.8102448
0.94581395
0.9265895
0.7500555
0.92713314
0.8117138
0.9720505
0.89742035
0.9197706
0.8953075
0.6509574
0.9772715
0.9109087
0.979066
0.99902856
0.90486807
0.8080031
0.97881246
0.8291108
0.96605766
0.81420845
0.9426471
0.99399817
0.83242315
0.8682017
0.7978611
0.7946565
0.70065796
0.9015233
0.79692924
0.89630824
0.9859409
0.79793066
0.9076071
0.68532187
0.4895274
0.9038268
0.81527835
0.9686791
0.9123926
0.9754307
0.8587955
0.9761351
0.942193
0.95226264
0.78987086
0.8512783
0.9108163
0.58205444
0.919281
0.91024256
0.94012815
1.0
0.85480946
0.76853704
0.79109836
0.96317637
0.8062202
0.84926975
0.94756866
0.6034841
0.92575336
0.85801935
0.85669506
0.4475469
0.9971921
0.9509917
0.95254296
0.7984289
0.856843
0.79022133
0.77131355
0.93114936
0.8955266
0.9939223
0.97665966
0.9229239
0.75010717
0.8571549
0.99846506
0.91986465
0.89822876
0.9627595
0.9767486
0.9296374
0.82106954
0.94516003
0.71487653
0.9307587
0.5818853
0.84532577
0.46211803
0.95158994
0.9355621
0.8292101
0.8454383
0.8540481
0.9153464
0.66127264
0.788737
0.96754646
0.96600807
0.85173416
0.97579306
0.8829237
0.93139493
0.65444183
0.98039734
0.9460035
0.77989984
0.9988196
0.9425822
0.944708
0.78791344
1.0
0.6995893
0.7738185
0.999462
0.8820239
0.9580278
0.7635003
0.88148725
0.9545692
0.96796864
0.9082167
0.778932
0.86388826
0.8423337
0.870181
0.97586817
0.9094727
0.9269414
0.7011824
0.95966655
0.90634334
0.9554821
0.8016219
0.9109304
0.60818
0.8337121
0.9811224
0.95249665
0.66515595
0.97627383
0.78907263
0.77055216
0.7715558
0.93529415
0.9145434
0.83023465
0.9528642
0.98101234
0.8652321
0.67534715
0.7455716
0.9243411
0.5695359
0.8901005
0.94660187
0.794678
0.8990438
0.9880761
0.9340224
0.926962
0.9794211
0.9488418
0.873002
0.92983764
0.9111288
0.8868097
0.91745543
0.87952286
0.78585434
0.8895739
0.92379147
0.9735677
0.99219036
0.9016267
0.977364
0.7990651
0.80740345
0.74058527
0.6632201
0.80917966
0.9881049
0.9126155
0.9313798
0.75302964
0.73643893
0.97388595
0.8734975
0.9591937
0.8923028
0.9610654
0.7866122
0.5678296
0.975383
0.9390642
0.97798777
0.7430319
0.75326306
0.93897504
0.98482406
0.9180906
0.9513228
0.6937597
0.8439606
0.96138465
0.63053757
0.88492864
0.8689186
0.99598926
0.92829514
0.8035157
0.8120358
0.81164795
0.79538804
0.8922827
0.86328876
0.93950933
0.77673644
0.8586267
0.7448322
0.85813093
0.8456828
0.9738158
0.9952735
0.9166894
0.99999994
0.84888256
0.5074105
0.96864885
0.5524743
0.89080167
0.80110264
0.861316
0.8910412
0.9921375
0.94507617
0.74829704
0.8975433
0.9062783
0.83796996
0.73401076
0.6829335
0.95287365
0.8684784
0.96090055
0.86665845
0.84453386
0.8378569
0.9232533
0.9583179
0.73977876
0.97944486
0.87912524
0.9491214
0.93234116
0.4916724
0.9681375
0.9970892
0.7267446
0.9356233
0.9308399
0.9552565
0.8541599
0.8625159
0.9118813
0.9596451
0.53604484
0.9476095
0.98788977
0.8918205
0.78442633
0.5119577
0.86051667
0.92545563
0.8506839
0.9517532
0.58928835
0.9815508
0.75136787
0.9318297
0.50723815
0.81817776
0.9352517
0.8855088
0.9319161
0.8889225
0.9513523
0.9312644
0.7449906
0.8433419
0.96738625
0.53206944
0.8238062
0.80685407
0.9590839
0.94739866
0.9150926
0.89716613
0.8793872
0.9126493
0.95480454
0.78066784
0.9133977
0.95690775
0.7761121
0.95349646
0.68698835
0.90757793
0.97294295
0.9996542
0.9737516
1.0000001
0.8510488
1.0000001
0.8460056
0.7584267
0.93150663
0.841141
0.8746082
0.98838353
0.8105584
0.97717917
0.8531264
0.8843524
0.9989543
0.9508512
0.7843647
0.97337985
0.9360759
0.66684246
0.7202111
0.8254949
0.673339
0.91718876
0.9383796
0.80220264
0.86657923
1.0000001
0.8442945
0.98233724
0.95442355
0.9785608
0.91881096
0.9631801
0.7948415
0.6962874
0.99925613
0.91533685
0.90422857
0.6497475
0.931253
0.78315187
0.96489286
0.77076674
0.9347068
0.88686514
0.9569448
0.88792455
0.73031753
0.81361914
0.778127
1.0
0.92983913
0.95418245
0.81348026
0.7271782
1.0
0.921432
0.84986347
0.92172915
0.93901634
0.9987211
0.8211228
0.8777449
0.9894557
0.87403846
0.79725266
0.9975084
0.99314153
0.95923585
0.8774271
0.7141788
0.936973
0.99062514
0.77500623
0.9744394
0.95332825
0.727186
0.9543338
0.9065295
0.7241706
1.0
0.899753
0.6562166
0.9092357
0.8735317
0.732743
0.80805576
0.9820383
0.9357166
0.87783563
0.9996756
0.85336214
0.5824274
0.97034574
0.9999999
0.8239695
0.69702655
0.98803264
0.94769526
0.71714866
0.9642106
0.9707522
0.9999999
0.9246081
0.8631594
0.800565
0.627603
0.84710664
0.9053143
0.7801898
0.8430053
0.99999994
0.81577384
0.91199994
0.8642521
0.9867475
0.9915515
0.6728021
0.86961585
0.7677591
0.85257125
0.9467038
0.6703667
0.890594
0.86607426
0.8900402
0.95078814
0.947122
0.9139595
0.7890334
0.8136297
0.84963346
0.90634215
0.8500945
0.87082714
0.9228626
0.6947175
0.932206
0.6237912
0.9088867
0.86279976
0.93646556
0.8016668
0.69133365
0.96361566
0.9068275
0.9804885
0.98983514
0.6961287
0.8966998
0.8823631
0.8014809
0.729878
0.92190605
0.8792417
0.97797304
0.8697326
0.91507345
0.9132444
0.97617316
0.96755016
0.81676686
0.897926
0.9680636
1.0000001
0.9865645
0.8470193
0.7963812
0.9478728
0.65454304
0.8893822
0.62027925
0.83920974
0.93817616
0.9595016
0.5481705
0.8329067
0.84981954
0.9134004
0.79321533
0.99283665
0.9826542
0.9936745
0.8597459
0.91341376
0.8781314
0.92120874
0.96127445
0.79006785
0.96230626
0.80296606
0.6076748
0.97499156
0.88714427
0.9995979
0.9949224
0.9888019
0.6175782
0.8619318
0.64333874
0.6395046
0.97285885
0.6136417
0.92147946
0.802075
0.7688231
0.9168538
0.9171379
0.54886323
0.85140157
0.8678122
0.9307194
0.74619186
0.75758225
0.98923904
0.8739975
0.9723409
0.6174489
0.9768116
0.8213416
0.9627107
0.5994973
0.96352357
0.93355876
0.9427725
0.81226254
0.98572034
0.98476225
0.8133599
0.9455403
0.8076001
0.8175779
0.8847896
0.85608965
1.0
0.9745271
0.98917776
0.79756737
0.96856666
0.84299004
0.99157363
0.8287237
0.6490173
0.95236665
0.6884894
0.9999999
0.88604933
0.9329449
0.98633647
0.87145144
0.8050648
0.71112466
0.8774935
0.7745935
0.87363136
0.97172207
0.86642593
0.7875191
0.84140825
0.97838956
0.83008
0.8639517
0.9178566
0.8782464
0.64883715
0.93388903
0.9846793
0.8448723
0.88459176
0.9620906
0.864568
0.8576917
0.75804126
0.91088957
0.8643695
0.9901605
1.0
0.76391834
0.82280815
0.8563736
0.9995813
0.93479466
0.46990559
0.85018414
0.96978146
0.9365922
0.7650812
0.9805459
0.97195345
0.754697
0.6846891
0.71056354
0.9884232
0.93633276
0.95514834
0.7806792
0.966805
0.7948673
0.94320846
0.9345196
0.58546466
0.9158885
0.9599768
0.9862938
0.9188094
0.9263401
0.7191624
0.816224
0.5498633
0.98328835
0.9777262
0.9335248
0.99604267
0.9779469
0.62820125
0.9032321
0.5791432
0.93103355
0.93132746
0.89771813
1.0000002
0.71140414
0.7572881
0.97625595
0.99110615
0.8312628
0.95002156
0.9098405
0.7848535
0.93800145
0.7885387
0.69749963
0.9090161
0.7666346
0.9708153
0.9091519
0.93395007
0.919974
0.9514457
0.93991697
0.9806775
0.82338315
0.8638703
0.8682575
0.8565409
0.9075839
0.9681635
0.8369975
0.88120914
0.9645302
0.9981874
0.87324786
0.9345177
0.86742145
1.0000001
0.88649845
0.9406432
0.99981606
0.871933
0.86246705
0.76013446
0.90166664
0.8398584
0.8557256
0.75114036
0.7408567
0.9255748
0.9274167
0.79277444
0.92326134
0.75779366
0.97958946
0.89812815
0.9495282
0.91356647
0.8112231
0.64487106
0.9039911
0.96208686
0.8638877
0.90288234
0.9415764
0.9036349
0.94552296
0.92812085
0.817375
0.5323149
0.90646464
0.6974096
0.97185
0.8560244
0.95289636
0.67581296
0.92846555
0.9423965
0.9276957
0.86956805
0.9666294
0.87121505
0.90670526
0.7870866
0.89198905
0.88473725
0.90641284
0.97859806
0.55075365
0.8070473
0.77696735
0.80692226
0.81851816
0.9217578
0.9651036
0.67759866
0.9182926
0.78337985
0.7548817
0.8593151
0.49877104
0.95505464
0.9256688
0.8718672
0.8940948
0.9663153
0.942763
0.76793337
0.7336552
0.8290179
0.83714134
0.64967644
0.93669474
0.7267808
0.88812387
0.6732921
0.7838683
0.9198484
0.93147194
0.71539956
0.96735793
0.92190963
0.915851
0.98472834
0.91826475
0.99215865
0.90948534
1.0
0.8388511
1.0000001
0.95593864
0.9782047
0.867049
0.9527414
0.9551478
0.9805396
0.9432053
0.7903613
0.8347726
0.9256972
0.8733071
0.809443
0.8030703
0.9020829
0.7567162
0.8234523
0.82554364
0.7249589
0.9275151
0.9756398
0.8388481
0.91175616
0.95487916
0.8184693
0.9095894
0.8669964
0.66069573
0.77480793
1.0
0.95463955
0.93497795
0.92344195
0.9361657
0.9834121
0.7343214
0.9215435
0.9328327
0.8794806
0.9288974
0.89219457
0.98916006
0.87134624
0.8978793
0.89590335
0.92118573
0.9728356
0.93219846
0.97680426
0.91851294
0.7597763
0.94578886
0.8654203
0.8472066
0.96979773
0.7704828
0.81896913
0.9733942
0.90684855
0.8336658
0.96973014
0.9683643
0.7666129
0.88665056
0.9525776
0.9237314
0.9921556
0.99999994
0.9445952
0.89191556
0.8293004
0.9483007
0.5577834
0.9648897
1.0000001
0.93110013
0.8625274
0.90284336
0.95485103
0.8912934
0.82821196
0.9078627
0.8112005
0.91694885
0.9247189
0.4054762
0.9990134
0.88853663
0.84779805
0.93429977
0.9412787
0.9392538
0.9039993
0.8092398
0.92357427
0.80023146
0.7321093
0.94757867
0.98264897
0.8607006
0.76902276
0.8469316
0.77135515
0.8877268
0.9292355
0.9541831
0.9746429
0.8570324
0.69403505
0.7499791
0.9406438
0.84063005
0.8362224
0.77285564
0.9376034
0.8787261
0.8199276
0.9815635
0.77874434
0.94171107
0.8956717
0.8431881
0.7595319
0.89818853
0.8519414
0.81446064
0.76537335
0.7962501
0.90030235
0.89427835
0.6556939
0.768192
1.0
0.9947698
0.96752214
0.952929
1.0
0.83671266
0.9999999
0.84711313
0.70350295
0.92372835
0.7172478
0.8439071
0.67998385
0.9603085
0.8177198
0.94234556
0.9431774
0.92333317
0.9293388
0.8375049
0.96251476
0.9645539
0.7421457
0.8599685
0.8569169
0.9573808
0.91557187
0.9527934
0.88513005
0.92982864
0.85532075
0.9135068
0.94066924
0.9504219
0.95653784
0.80503374
0.7944756
0.87848234
0.9928746
0.9332767
0.9520087
0.7735232
0.93856055
0.87801135
0.8842864
0.8732343
0.9857072
0.91807413
0.86878836
0.91898394
0.8427917
0.859287
0.98724353
0.6839281
0.82928306
0.7926176
0.8356733
0.7187556
1.0000001
0.78011113
0.9388994
0.8429757
0.7877492
0.97612464
0.39888054
0.9469931
0.93879366
0.93138134
0.8245995
0.86534905
0.73452544
0.6588471
0.8680332
0.7642644
1.0
0.6708447
0.7071166
0.898426
0.78423625
0.54790926
0.892087
0.9438515
0.83739495
0.77038634
0.94149154
0.9106091
0.9636352
0.71781343
0.9864122
0.56223994
0.84996974
0.888336
0.7345943
0.95245683
0.7647363
0.9623064
0.9966259
0.79367244
0.612889
0.9240707
0.8850307
0.9317563
0.919733
0.8819242
0.81555265
0.8372889
0.8908336
0.94083965
0.7780847
0.9120604
0.86131036
0.94747424
0.9815598
0.9015732
0.820644
0.7307632
0.95123047
0.8853019
0.35069156
0.9364929
0.8469777
0.99412024
0.77789944
0.8982057
0.8177853
0.78451467
0.76594424
0.7904279
0.8608336
0.68961227
0.86096656
0.9813666
0.7715907
0.85664606
0.888318
0.92581964
0.92791224
0.9719804
0.9125575
0.6561892
0.84622985
0.88863355
0.9036741
0.8715169
0.9836042
0.9086051
0.5579094
0.9860783
0.84507656
0.8721994
0.8261066
0.9007408
0.9814569
0.94587624
0.8555212
0.7850774
1.0
0.9885901
0.83809566
0.84114826
0.8153101
0.7380278
0.8061597
0.9996978
0.89147085
0.9787673
0.96031183
0.97274697
1.0000001
0.90204823
0.9288308
0.94272655
0.88966674
0.9371332
0.9351938
0.73442066
0.99285495
0.68444765
0.88369405
0.5703443
0.8308811
0.8750645
0.91437906
0.8804131
0.9223993
0.88913953
0.8020536
0.85403746
0.6757868
0.9999999
0.9594523
0.9150691
0.8777474
0.9557352
0.8371221
0.88246137
0.9374802
0.93754745
0.82444024
0.89633244
0.87403214
0.91363364
0.9913869
0.8994377
0.96625745
0.9535773
0.9803394
0.99999994
0.9928958
0.81910074
0.96564174
0.9028676
0.63861865
0.9183881
0.9573042
0.95325655
0.9764293
0.8741979
0.8467833
0.88850164
0.99362826
0.8780259
0.5035229
0.9601872
0.9220468
0.81373566
0.7635887
0.78741205
0.93967843
0.9746725
0.5435631
0.94724625
0.9392318
0.98879063
0.9589321
0.9465283
0.9675324
0.9495269
0.8941906
0.93173504
0.97829777
0.8877461
0.7527353
0.40191355
0.900041
0.8711669
0.9242116
0.918641
0.90893656
0.99010426
0.9213375
0.86795604
0.91048056
0.74112725
0.9094815
0.9116679
0.84735054
0.9099041
0.7138698
0.9479244
0.81822884
0.9060855
0.8369764
0.87335026
0.99826163
0.93775916
0.9040351
0.991643
0.86692667
0.8305175
0.8383521
0.8142799
0.92608255
0.9188199
0.9548416
0.80573094
0.9293474
0.96712923
0.8496104
0.74521947
0.98280174
0.8768923
0.59982395
0.9339372
0.8248471
0.87594676
0.8445569
0.6282263
0.86866
0.87736124
0.918461
0.7808994
0.9099011
0.85092103
0.9483613
0.9214211
0.9199982
0.9021203
0.71436167
0.64874
0.99999994
0.98005253
0.907713
0.99178755
0.9306301
0.4715399
1.0000001
0.5349568
0.9327607
0.9737183
0.8129271
0.9490899
0.78089905
1.0
0.87838805
0.98938835
0.8609984
0.9614135
0.9091059
0.42447528
0.9473687
0.9765705
0.98332536
0.9503382
0.9646971
0.80351865
0.9242895
0.7336818
0.82644856
0.72771406
0.8329443
0.842608
0.99999994
0.7215111
0.8890716
0.6258254
0.9032797
0.9891731
0.9681338
0.93452185
0.6191894
0.94492584
0.54080397
0.93244356
0.9772347
0.905468
1.0
0.9817691
0.88354564
0.9176755
1.0000001
0.8986123
0.96460617
0.9322772
0.7437142
0.9740386
0.881222
0.95034605
0.28311875
0.9933805
0.9553677
0.99019694
0.9895428
0.9919205
0.9412001
0.9282582
0.6423805
0.9274546
0.7757668
1.0000001
0.7457297
0.8745463
0.8034178
0.92358667
0.8141377
0.8629167
0.8823126
0.91656226
0.9784462
0.6295477
0.99468637
0.87850016
0.820496
0.96766627
0.7333305
0.90332717
0.91178864
0.88799095
0.99296707
0.8782164
0.905213
0.89944947
0.8985866
0.880678
0.9808972
0.82544
0.721658
0.73222315
0.8336219
0.7961286
0.8988881
0.9737765
0.95277166
0.88671017
0.8819108
0.7686709
0.7813982
0.9460759
0.7196123
0.8327774
0.90997684
0.9349414
0.3518927
0.9478272
0.9933422
1.0
0.85853326
0.9248498
0.81901115
0.9082494
0.9117867
0.9463004
0.76453704
0.96348315
1.0000001
0.7882823
0.89947987
0.9609121
0.89971995
0.8682138
0.9493664
0.96492136
0.9859959
0.9835489
0.97918016
0.9588078
0.9544158
0.89238185
0.8244902
0.91789716
0.83268857
0.9738103
0.9742596
0.89049375
0.902986
1.0000001
0.98861474
0.92186934
0.929896
0.9999999
0.7732665
0.9071691
0.7988125
0.7210873
0.9833266
0.93666196
0.95886594
0.97961664
1.0
0.64791405
0.8973483
0.955613
0.7039846
0.88542825
0.89832985
0.8174593
0.9032512
0.91345954
0.94567746
0.95793545
0.9054198
0.9182716
0.77966994
0.7185532
0.8645514
0.6696903
0.9990013
0.943653
0.99750054
0.98058736
0.9232528
0.80878377
0.9018942
0.9143349
0.8598588
0.9699276
0.8934245
0.86889756
0.92663527
0.9574766
0.88342535
0.881071
0.9629939
0.80579734
0.8769021
0.9045259
0.9665637
0.8913077
0.77611184
0.9992086
0.8773747
0.9298302
0.88872063
0.8838064
0.8642401
0.82619536
0.9495138
0.5505653
0.90098614
0.97628343
0.5262163
0.88915676
0.93057215
0.9086971
0.96763974
0.6312853
0.90603757
0.78582823
0.98450345
0.87417936
0.8122582
0.9886327
0.9139601
0.9993007
0.7041908
0.9103535
0.8410584
0.9912936
1.0000002
0.9760974
0.8011444
0.78808725
0.77164096
1.0
0.72482103
0.48475713
0.9448728
0.9953227
0.79864633
0.8932923
0.91121584
0.90196234
0.8116872
0.91967046
0.97275484
0.9535282
0.91610897
0.83676255
0.97845507
0.9584284
0.81004643
0.99929225
0.6954011
0.9514381
0.9859397
0.7805661
0.9293772
0.986158
0.90818524
0.9888355
0.9482977
0.8875151
0.95009875
0.88535154
0.81550944
0.7966168
0.9010803
0.99914706
0.73501086
0.9532893
0.75524807
0.9449414
0.9987738
0.95083505
0.728539
0.97991836
0.85305995
0.7334154
0.91452837
0.96610457
0.99790186
0.98904103
0.99277896
0.83125585
0.82364243
0.8695885
0.9605872
0.8535372
0.98773164
0.88491535
0.99999976
0.99351865
1.0
0.85747474
0.71898806
0.93425715
0.95811355
0.91948783
0.9771412
0.99999994
0.98416513
0.9077774
0.7587384
0.81920135
0.8074379
0.86123645
0.5938574
0.9160293
0.9216813
0.81208783
0.94823086
0.9425734
0.9752225
0.52177644
0.6014484
0.9064716
0.88975215
0.95371866
0.8294587
0.8224342
0.9732024
0.89612466
0.61529666
0.644078
0.7646988
0.818568
0.8200965
0.8361777
0.77882326
0.8954016
0.91329795
0.9781568
0.9563613
0.83137846
0.6875875
0.8627584
0.67093474
0.8629086
0.9991996
0.9683023
0.8459564
0.7164928
0.7424214
0.93575877
0.78454125
0.95961636
0.9146256
0.95776165
0.98578024
0.92731327
0.8001341
0.8448539
0.9049666
0.92981195
0.9987729
0.91025865
0.7998555
0.9928337
0.98644376
0.865503
0.87915117
0.91590446
0.89893234
0.9075293
0.7984061
0.9362671
0.9137846
0.8512822
0.9974904
0.98281974
0.9482411
0.96311224
0.8600525
0.8766854
0.94132036
0.9639453
0.951146
1.0000001
0.9111277
0.83026874
0.79988384
0.63096654
0.913061
0.9079708
0.93092144
0.76793915
0.9616086
0.9245628
0.8795309
0.69921273
0.7180294
0.5358251
0.96475714
0.9977236
0.9250687
0.98958504
0.73082644
0.84405243
0.9546984
0.8896839
0.89844424
0.9833829
0.8873833
0.89822173
0.60573673
0.8522777
0.9356587
0.5830912
0.8183691
0.67231697
0.9230778
0.8963145
0.9867983
0.9150761
0.8312461
0.7123473
0.971706
0.8995318
0.98639476
0.91401803
0.8995655
0.865989
0.9996614
0.9685348
0.99999994
0.80649817
0.9843683
0.90913117
0.8420866
0.89572716
0.9408987
0.7930722
0.7306158
0.9334338
0.83234215
0.971755
0.69546294
0.8466747
0.9552893
0.9505887
0.77059525
0.8523047
0.8902504
0.62016046
0.9518636
0.8671881
0.8175671
0.9632833
0.93339694
0.94081426
0.9927015
0.93579274
0.79428786
0.8021461
0.92501307
0.92811227
0.7692191
0.9476178
0.9950808
0.87684345
0.7647839
0.9776097
0.9401272
0.94620985
0.7449133
0.9703014
0.9047646
0.9909766
0.996998
0.8561444
0.9270243
0.9432821
0.891654
0.95953053
0.97810894
0.96168923
0.86074185
0.9572298
0.92217803
0.9114236
0.4274395
0.73089004
0.98136103
0.58023095
0.84776324
0.7150796
0.96104294
0.85293245
0.75878656
0.75146556
0.98570603
0.7953699
0.77586555
0.6495235
0.95444334
0.7720275
0.9538326
0.94438326
0.9239716
0.92561436
0.988667
1.0000001
0.86262465
0.9772216
0.9934206
0.9581813
0.7283749
0.925517
0.6689487
0.9085435
0.8911193
0.8875784
0.8503634
0.8341037
0.8553401
0.95994115
0.687451
0.6798183
0.96340287
0.5702858
0.976603
0.8093001
0.9343968
0.90842533
0.96717125
0.892704
0.9288541
0.63434356
0.88529265
0.98009926
0.88464004
0.84011567
0.99999994
0.89632237
0.87708575
0.8769425
0.98811316
0.9312407
0.9756434
0.9768264
0.9640553
0.91651404
0.9870556
0.85631466
1.0000001
0.90486014
0.87478966
0.99187744
0.9051601
0.9474664
0.79922587
0.98162574
0.974216
0.9542436
0.9318296
0.896232
0.8475905
0.8886457
0.9763434
0.9329653
0.993142
0.98895735
0.989893
0.9812966
0.89007753
0.87096214
0.9136031
0.6524987
0.9404152
0.9597908
0.914573
0.7988863
0.8690139
0.978894
0.9794127
0.94833976
0.99607116
0.91360235
0.8749207
0.9337687
0.8668035
0.9279328
0.7192918
0.93730974
0.8090886
0.98169357
0.94018376
0.98133934
0.93443674
0.5941072
0.98455393
0.93820554
0.88987696
0.8029344
0.9334823
0.7713617
0.96799505
0.7616469
0.810626
0.92558086
0.9140798
0.95613515
0.97631085
0.58696187
0.955891
0.9115395
0.6942828
0.9706315
0.0839687
0.85089225
0.9864093
0.8981319
0.85484123
0.97636104
0.7191952
0.8083844
1.0000001
0.9640836
0.9731219
0.91410595
0.97812456
1.0
0.9953172
0.93610376
0.96753645
0.91758925
0.88126165
0.73612714
0.97032106
0.8892253
0.660148
0.7069809
0.7908206
0.74689376
0.8665925
0.8268889
0.8710355
0.85962266
0.82807636
0.8911164
0.8902599
0.8702306
0.80257744
0.92873305
0.9024641
0.802501
0.9999999
0.95733815
0.755638
0.7230896
0.84875786
0.9869225
0.8975564
0.81150824
0.9017087
0.8881645
0.9246675
0.9174175
0.81572396
0.9336605
0.9802709
0.83806074
0.91017216
0.7852615
0.9726217
0.9688128
0.9885582
0.7331157
1.0
0.4790231
0.890522
0.8544429
0.46354556
0.949625
0.92596835
0.75658005
0.7917299
0.9736135
0.76470053
0.9710615
0.9489165
0.41967452
0.84979564
0.70268357
0.7578389
0.94603133
0.87008005
0.9654573
0.97610694
0.9431134
0.8033918
0.76984537
0.9964001
0.9847469
0.94939256
0.8995011
0.8544984
0.9601866
0.78771216
0.72876513
0.70114076
0.978138
0.96332705
0.90038306
0.95487833
0.902298
0.99414295
0.92866325
0.94713783
0.7976403
0.9094827
0.8027738
0.8690916
0.83088887
0.8847659
0.90412015
0.97115046
0.7318191
0.8445955
0.96681076
0.8861079
0.8515251
0.9756662
0.67007315
0.9675326
0.8807345
0.6332804
0.60786724
0.849829
0.8756316
0.9766755
0.90613735
0.9212302
0.85148823
0.5565718
0.978384
0.9800134
0.923337
0.9275814
0.97345424
0.97008026
0.94317067
0.7443202
0.90494156
0.8441173
0.8995085
0.9012511
0.84983987
0.8914155
0.8177127
0.9926159
0.9445314
0.9271958
0.89485496
0.9618797
0.9594383
0.948598
0.8899921
0.4230474
0.8418385
0.99999976
0.8704169
0.9440284
0.89636064
0.97226185
0.8769097
0.74195117
0.92442
0.8729441
0.848969
0.7143433
1.0000001
0.7104807
0.6356365
0.83340997
0.89979565
0.9002626
0.9685632
0.9706635
0.8623694
0.87586766
0.97274536
0.8986013
0.8929653
0.8602578
0.9917841
0.9620992
0.87826973
0.9564823
0.79518855
0.5832779
0.9667998
0.88413954
0.9714984
0.9123391
0.70883024
0.95521593
0.9765742
0.8614402
0.9714755
0.8650531
0.92660767
0.673974
0.9999999
0.99751395
0.94291353
0.8542305
0.717941
0.8672847
0.8570383
0.53410244
0.9654004
0.9478202
0.8518275
0.97307014
0.75080854
0.99195063
0.961376
0.7732416
0.7869423
0.9549915
0.89698124
0.86852753
0.9589822
0.93089914
0.9804987
0.9999999
0.87716925
0.743591
0.9849935
0.814575
0.84015656
0.8934796
0.7052815
1.0000001
0.81493866
0.96107924
0.8195291
0.6921829
0.93676716
1.0
0.9011611
0.94709915
0.97152036
0.9923213
0.73875195
0.77394223
0.7889486
0.98183256
0.84112847
0.8621804
0.93960136
0.9085083
0.910111
0.712753
0.8306957
0.7034334
0.9670414
0.99999994
0.8882397
0.8139357
0.9665545
0.6472566
0.91480947
0.99999994
0.9488299
0.94945747
0.95855033
0.9832263
0.9284556
0.8771645
0.9295223
0.7352159
0.5602867
0.9649373
0.99103737
0.8413756
0.9268037
0.86772215
0.80179584
0.6490422
0.7846067
0.9135406
0.68145174
0.8338144
0.8616049
0.6533617
0.9246002
1.0
0.9132387
0.75320405
0.6462659
0.9888402
0.894675
0.9986855
0.7577364
0.84180653
0.7812637
0.8869155
0.92229927
0.9331613
0.96348643
0.9499872
0.9391865
0.98543113
0.8970482
0.8679434
0.8812667
0.8749827
0.9302816
0.99635816
0.8513502
0.9411438
0.8824434
0.6806098
0.95171875
0.9291614
0.8348831
0.9980823
0.9035087
0.7513375
0.9469035
0.83234
0.6573372
0.927199
0.93358845
0.56002724
0.96759856
0.79482526
0.8045626
0.708161
0.9334729
0.9847044
0.67619956
0.9999999
0.9175895
0.8763907
0.9946959
0.9612941
0.7193648
1.0
0.8718504
1.0000002
0.87300724
0.91707134
0.7140058
0.6734416
0.76759094
0.7717659
0.98455226
0.8920825
0.88794833
0.91680413
0.96889853
0.79166305
0.9901102
0.900254
0.69110495
0.9578061
0.78369784
0.7280786
0.86033154
0.9872173
0.99707425
0.99041665
0.759508
0.980924
0.9561057
0.99927694
0.76811284
0.8280537
0.7794523
0.87730825
0.9003401
0.84533083
0.5946895
0.93899286
0.97221255
0.9999999
0.91563404
0.9415613
0.93392
0.8814595
0.7587509
0.88726604
0.93185365
0.5469762
0.97779566
0.89319867
0.9168212
0.8098762
0.731451
0.8220261
0.9254017
0.88995874
0.9008235
0.8688499
0.6882562
0.7930468
0.9581119
0.6772846
0.8426268
0.989077
0.9917958
0.93865037
0.99850976
0.83235234
0.99912167
0.9350859
0.8308759
0.97223395
0.9993582
0.980236
0.87833095
0.9164906
0.6891177
0.9807818
0.87355006
0.8865746
0.93804824
0.9671395
0.8629268
0.8452316
0.7620499
0.8179083
0.8395624
0.88616633
0.8795261
0.996498
0.72839165
0.9101871
0.97922087
0.93595093
0.7558549
0.8221241
0.91570985
0.729003
0.8528426
1.0
0.7598702
0.94119287
0.8528451
0.9699006
0.8914788
0.9267193
0.97439516
0.9720313
0.97648096
0.99318564
0.9894751
0.95475125
0.88304025
0.8766925
0.9319415
0.87524396
0.9251817
0.9436494
0.85415053
0.8554061
0.959538
0.99442285
0.90879416
0.90954334
0.5457529
0.9921353
0.8518994
0.5859711
0.97701085
0.9243247
0.93715364
1.0
0.9964241
0.99999994
0.9294155
1.0
0.93313223
0.9350088
0.8477083
0.91512597
0.95837927
0.86755246
0.9963131
0.7258592
0.9342444
0.8561541
0.85636044
0.6576925
0.87362695
0.7801497
0.93717283
0.5468773
0.7244384
0.9151691
0.80152303
0.8573611
0.9433293
0.97630495
0.8519661
0.7992884
0.81758666
0.7740365
0.90341926
0.86527747
0.9068827
0.85565937
1.0
0.84951156
0.8697332
0.8998957
0.8921992
1.0
0.87640125
0.98063457
0.9056045
0.85003245
0.9464639
0.94050795
0.9439402
0.8561492
0.96390617
0.57804936
0.92835414
0.49211562
0.854671
0.83316666
0.94617546
0.94505346
0.9565587
0.9914968
0.9904843
0.9840429
0.76573855
0.68207973
0.8567442
0.8516554
0.90535724
0.9352771
0.89510727
0.69287765
0.9545794
0.986759
0.9617095
0.9897995
0.93728954
0.7156435
0.94898975
0.928246
0.9749249
0.7720912
0.9575239
0.60543585
0.9311571
0.883413
0.91300845
0.9105612
0.90180635
1.0
0.7128155
0.74810046
0.6791298
0.88157433
0.8156638
0.7589183
0.8623978
0.96653414
0.95343584
1.0000001
0.6191151
0.90669286
0.9689028
0.78885585
0.9355961
0.9811846
0.872632
0.9609232
0.96842754
0.9889047
0.89740926
0.9960744
0.96196586
0.8738338
0.5952888
0.93697983
0.95809484
0.89906096
0.9729248
0.9908351
0.8814347
0.8644311
0.9849505
0.79860383
0.74899405
0.8568366
0.98764133
0.80093783
0.53305477
1.0
0.9374644
0.96664274
0.80582136
0.9893784
0.7795752
0.94782376
0.9840306
0.9264902
0.95674634
0.8569838
0.82228744
0.9035735
0.88620824
0.9857398
0.6087452
0.99015886
0.9900282
0.87770474
0.920857
0.9556273
0.84792984
0.8427907
0.92784375
0.94098794
0.8225038
0.8738922
0.99642
0.94987065
0.9432574
0.51801956
0.83672774
0.9572812
0.9602583
0.9340911
0.66109383
0.86619467
0.9673065
0.65911335
0.8706076
0.9059675
0.8717887
0.62980664
0.8814108
0.9930466
0.85337913
0.8478218
0.8479974
0.7868749
0.9816419
0.98580927
0.52760094
0.96828073
0.9447055
0.8922927
0.8884051
0.84562445
0.8425968
0.9365014
0.8641231
0.9979701
0.8990424
0.9717577
0.795591
0.9999999
0.5172291
0.8308672
0.7020458
0.60036993
0.88923335
0.8162835
0.8362206
0.96576256
0.9627266
0.960057
0.9235908
0.90666395
0.908951
0.7405894
0.82561225
0.93215716
0.8130299
0.98145574
0.9956637
1.0
0.7221768
0.81020844
0.9334394
0.9367242
0.74642307
0.8658347
0.8869411
0.88609636
0.90187854
0.84714365
0.86277765
0.82552356
0.997203
0.9731977
0.98085916
0.8527838
0.14506584
0.9315905
0.8159316
0.85212624
0.89909077
0.8787254
0.94304013
0.9376565
0.8881607
0.8042865
0.96988964
0.8155722
0.73761034
0.9455986
0.94440836
0.9759598
0.85100293
0.749287
0.78631985
0.95308614
0.8753428
0.9718739
0.93700886
0.6867124
0.95494246
0.9708967
0.97757286
0.7958478
0.98355395
0.90458935
0.9740111
0.8722607
0.78720784
0.94726765
0.9323549
0.9974903
0.93026066
0.85914993
0.9850763
0.91847247
0.9266809
0.9304852
0.93947875
0.9999999
0.8671924
0.6516541
0.9084794
0.9917389
0.8608261
0.9569587
0.9423271
0.9221558
0.9734843
0.7161735
0.5579776
0.95312536
0.88575995
0.7101382
0.89130443
0.84090525
0.9779133
0.9929864
0.87586594
0.93081254
0.8849219
0.99999994
0.8537533
0.9589177
0.90340424
0.8525312
0.86317974
0.9878728
0.8785663
0.9011443
0.8309608
0.775377
0.88832086
0.93167746
0.96773213
0.894756
0.94075954
0.97754836
0.974059
0.817997
0.96496385
0.9962254
0.99349993
0.8068795
0.9321579
0.88629466
0.8286401
0.78714824
0.8972648
0.9971125
0.9832453
0.9605439
0.90087694
0.89926165
0.9935098
0.9595614
0.86050594
0.8488288
0.9014481
0.99999994
0.9786916
0.73595536
0.9418023
0.9396833
0.9870423
0.9986479
0.78090173
1.0
0.88842
0.80829865
0.92598057
0.8853171
0.941694
0.9292975
0.82526714
1.0000001
0.8954771
1.0
0.9036229
0.99999994
0.84890944
0.98002285
0.8737258
0.7666355
0.9275222
0.99999994
0.99999994
0.60506564
0.791553
0.9873813
0.997569
0.6071395
0.9413149
0.933893
0.9583557
0.79007375
0.9484211
0.87341416
0.9398118
0.949208
0.893817
0.98552823
0.72876686
0.65310067
0.87985474
0.9779668
0.81444657
0.40180102
0.91024745
0.94905823
0.8932774
0.9762789
0.8236215
0.7410474
0.9649828
0.78871423
0.8321701
0.9113243
0.89699596
0.934713
0.99004954
0.9876583
0.79436547
0.6293767
0.8133684
0.45939124
0.96561813
0.65318215
0.97764826
0.9537298
0.89944905
0.98820245
0.8675995
0.9034675
0.94593483
0.98793995
0.927876
0.9840002
0.83615065
0.9823895
0.95345145
0.9650312
0.87783974
0.87927455
0.86589074
0.89172655
0.8714321
0.8745873
0.98555607
0.9192843
0.83175194
0.8290752
0.94884807
0.8896902
0.9245467
0.9300521
0.9900347
0.9437312
0.9119489
0.8538178
0.9666927
0.86337066
0.9909203
0.8735972
0.9010488
0.9550028
0.9703563
0.9893866
0.9278367
0.719397
0.9386894
1.0
0.8699813
0.9730548
0.8777831
0.9674679
0.9258215
0.95472586
0.94668794
0.8148187
0.86870456
0.90511316
0.9489847
0.99874485
0.9956634
0.9620684
0.88691235
0.9616116
0.9845237
0.7105787
0.80453515
0.92574275
0.9352194
0.99999994
0.97016335
0.8569985
0.80146444
0.7528305
0.9003174
0.9909207
0.7046381
0.9176938
0.85982984
0.8581127
0.892536
0.942826
0.98186255
0.9892665
0.9608874
0.81264776
0.93769866
0.9715605
0.9568535
0.9680967
0.8202205
0.68427396
0.9317849
0.76553965
0.792847
0.99862075
0.88350433
0.99999976
0.97048956
0.97486305
0.8694002
0.9949222
0.9496993
0.9532189
0.732783
0.9090063
0.5453677
0.8181497
0.854763
0.8752265
0.81084037
0.81007385
0.9309278
0.9661101
0.87042415
0.94412714
0.9760609
0.9263557
0.99605834
0.759788
0.97929204
0.6180402
0.96093726
0.8537128
0.7996167
0.79764545
0.6934194
0.9967908
0.9394952
1.0
0.943273
0.73961914
0.94974995
0.9853764
0.94288385
0.9469174
0.9066053
0.9335208
0.9870335
0.96885616
0.9606852
0.70833737
0.90507627
0.903977
0.9706718
0.95102787
0.9769572
0.90703505
0.9642142
1.0000001
0.8445399
0.9602969
0.96607655
0.9469967
0.762041
0.94887865
0.9062394
0.8362492
0.9806738
0.9634307
0.9749417
0.7025409
0.87995124
0.93578696
0.96462333
0.8296084
0.9337184
0.90568376
0.95887905
0.9994643
0.98078
0.89136624
0.9108424
0.93908584
0.94379115
0.5905549
0.9913692
0.7450842
0.93346065
0.95881975
0.9914655
0.8031499
0.7929213
0.95829904
0.8985556
0.96258956
0.91396946
0.932314
0.9516465
0.8615822
0.87922585
0.8961322
0.8814759
0.89642537
0.7793467
0.9506546
0.85685587
0.8985153
0.85788
0.85606426
0.88922846
0.9547794
1.0000002
0.70051736
0.9296226
0.97363764
0.7974746
0.98005646
0.80811524
0.895564
0.9406551
0.8516732
0.9558425
0.8640265
0.86924726
0.8999481
0.9974928
0.91530335
0.9392229
0.9250747
0.9270895
1.0
0.9820906
0.51731604
0.97481227
0.991119
0.94452447
0.9371469
0.957649
0.9727403
0.95311284
0.5545831
0.94778305
0.7258929
0.99474823
0.85676277
0.9483874
0.934586
0.87625813
0.9517306
0.60143006
0.66029644
0.77719504
1.0
0.58236355
0.9350875
0.9348769
0.997455
0.9299984
0.71199197
0.8621667
0.9075101
0.9682423
0.78015274
0.74818665
0.95383406
0.9156554
0.92506474
0.9167566
0.925735
0.886164
0.99544364
0.87319034
0.7506258
0.9820654
0.98655117
0.9905708
0.6415533
0.9562932
0.78920525
0.96349597
0.91781276
0.92570114
0.9073212
0.6436467
0.8910085
0.7287699
0.9019027
0.85459906
0.79610264
0.88763696
0.80672216
0.64394736
0.8724187
0.9413534
0.8750222
0.83568704
0.9724133
0.9326831
0.96758443
0.8940609
0.95767283
0.5761574
0.92954266
0.94804114
0.9752429
0.75069606
1.0
0.8942053
0.9486406
0.7566034
0.97585374
0.76112616
1.0000001
0.84659624
0.99769694
0.9001992
0.8705875
0.91533035
0.80364066
0.88842654
0.9170723
0.58975494
0.7943535
0.80612725
0.94704026
0.9833429
0.817939
0.99185157
0.70162433
0.9732626
0.9843235
0.9270565
0.6882487
0.8873598
0.9985056
0.9105288
0.9645082
0.7804701
0.9374937
0.757801
0.87036824
0.75961757
0.7276076
0.99413276
0.98091704
0.9626585
0.97271526
0.8098979
0.83219
0.9054072
0.929382
0.93034697
0.88466895
0.9147774
0.78521883
0.9385332
0.38618413
0.8968509
0.9351201
0.97173
0.82791173
0.873074
0.95957434
0.89446807
0.97256327
0.98561144
0.8487348
0.7978463
0.9961305
0.9539512
0.8545096
0.79850036
0.95536095
0.9645943
0.97351617
0.98227507
0.82840765
0.7594414
0.9321292
0.9530068
0.49355736
0.75472
0.9333475
0.978776
0.84731656
0.7490276
0.90446186
0.946677
0.98408276
0.91856277
0.76919305
0.86627734
0.9986065
0.72934896
0.93709975
0.95990413
0.8501153
0.19705835
0.7878618
0.9676446
0.99874115
0.9686823
0.93339634
0.98940444
0.9071369
0.8923775
0.95227647
0.8526297
0.5538447
0.92172074
0.9652767
0.966117
0.91036475
0.9693598
0.8134668
0.989654
0.9455714
0.875877
0.9182228
0.95471996
0.9149698
0.93975985
0.90344644
0.87715834
0.9547684
0.9720682
0.98867244
0.9388173
0.9343605
0.9459671
0.9339357
0.97449374
0.9435158
0.5373831
0.9925296
0.9848526
0.8847198
0.996149
0.85857993
0.8336616
0.87199306
0.8832996
0.417674
0.8968498
0.89723647
0.60686976
0.89291775
0.9018896
0.9494448
0.8277075
0.7920319
0.98773694
0.9340049
0.8520853
0.83599037
0.63061464
0.9825742
0.71596676
0.92991686
0.94253844
0.97877383
0.8462852
0.98234785
0.86889756
0.9652926
0.95516217
0.6638754
0.8998911
0.82112443
0.933385
0.96426946
0.83063763
1.0
0.9081344
0.6925397
0.7577107
0.80556715
0.8111154
0.9481803
0.8691604
0.97192866
0.85942066
0.979585
0.8405516
0.924523
0.6100317
0.9493899
0.6641913
0.9992109
0.7115689
0.85441583
0.9408431
0.82050854
0.61218244
0.75051725
0.98329896
0.89170766
0.80578893
0.8664415
0.935374
0.99221504
0.9801784
0.95621204
0.9846579
0.8642172
0.9800725
0.9070866
0.8805381
0.9251489
0.9632927
0.783159
0.9821439
0.7847212
0.8980404
0.95827687
0.60488284
0.94755876
1.0
0.98454195
0.8269737
0.9871118
0.9457196
0.9773824
0.98751163
0.810802
0.8396495
0.9451722
0.76834416
0.8467524
0.8998308
0.9786317
0.7974522
0.9342202
0.98623693
0.91279006
0.89830256
0.9637599
0.86448777
0.8905169
0.94659096
0.98270625
0.8931282
0.98974663
0.8492315
0.93829596
0.9559155
0.9912311
0.25197262
0.7749091
0.75100374
0.75167716
0.98060787
0.9781025
1.0
0.82129884
0.9423876
0.9909012
0.89723635
0.96300495
0.8684948
0.98670065
0.84871024
0.9886611
0.8655108
0.87273514
0.99054104
0.8002542
0.99433464
0.68828636
0.99210155
0.9750763
0.80273354
0.9879446
0.9891829
0.9620375
0.86460286
0.9628392
0.83925134
1.0
0.9980694
0.9103023
0.8627846
0.8542756
0.8174629
0.98809224
0.96418
0.8255907
0.8407572
0.96090376
0.7289881
0.98806703
0.9337944
0.6619201
0.64877313
0.7838342
0.9064796
0.7861744
0.7920571
0.9759659
0.93481034
0.9639766
0.97342587
0.91147274
0.92416453
0.82762307
0.8478336
1.0
0.99994504
0.7983454
0.9859557
0.78621066
0.8675396
0.9559404
0.983173
0.99429286
0.95370555
1.0
0.82835907
0.7737646
0.9948349
0.851895
0.999854
0.9796684
0.9152882
0.8927869
0.9859719
0.8567759
0.8174056
1.0000001
0.9843995
0.87703586
0.971686
0.8248864
0.9682153
0.88904166
0.928481
0.801005
0.68370974
0.9873316
0.98356056
0.92659074
0.8901585
0.9996281
0.967721
0.9787141
0.95253015
0.860397
1.0
0.7814614
0.8740635
0.98293453
0.9744915
0.9850105
0.8261008
0.90345335
0.91911733
0.9175179
0.9010242
0.9827906
0.9108829
0.33128446
0.89070326
0.9953177
0.97996664
0.9999999
0.89579666
0.8222855
0.7918698
0.9597508
0.83529973
0.9733808
0.95869803
0.9907824
0.93720204
0.6767946
0.96254843
0.9787322
0.7311109
0.73135906
0.95626336
0.91665816
0.71755207
0.99981385
0.9789138
0.93846655
0.8210742
0.8148525
0.89457464
0.8512138
0.96169126
0.72531855
0.95328885
0.9016996
0.73899853
0.9944128
0.96405447
0.9999999
0.99259675
0.9373936
0.9615028
0.7531269
0.88097054
0.9940176
0.69655585
0.84870946
0.83498526
0.89354706
0.8996667
0.8621278
0.9643202
0.9326615
0.9060146
0.87542003
0.9295125
0.77615
0.9961686
0.9999999
0.97885525
0.97601867
0.85794544
0.61893535
0.7809501
0.7265681
0.8372701
0.95087206
0.88315654
0.7317498
0.9672665
0.9989624
0.91856956
0.85940516
0.97009605
0.9663805
0.9392376
0.9860685
0.9747543
0.94366145
0.89408195
0.82656145
0.7893777
0.9782127
0.9967622
0.81701905
0.99177694
0.9250741
0.86871874
0.9034527
0.54169
0.801445
0.8527153
0.95635325
0.96949124
0.9432092
0.83810854
0.9969339
0.86053526
0.8577312
0.94319415
0.9283888
0.92481506
0.7747902
0.964772
0.77987844
0.9552564
0.91835785
0.99179864
0.8857265
0.9187164
0.9830647
0.657792
0.81512356
0.87349486
0.9627777
0.8899557
0.9400525
0.90054935
0.8702231
0.96788657
0.98049915
0.9278437
0.9314164
0.92884207
0.8003081
0.9572248
0.99017227
0.92457175
0.98529416
0.8707803
0.980584
0.9354792
0.7917378
0.9913119
0.5539648
0.8034349
0.9905015
0.8648611
0.77164024
0.92102015
0.89178824
0.99026436
0.97647715
0.9591737
0.89308405
0.86410105
0.80736697
0.86729985
0.93426675
0.8746213
0.9737584
0.967468
0.9327961
0.89669746
0.6167398
0.8264165
0.81506944
0.7501921
0.85691994
0.86629754
0.7036153
0.99835324
0.6743004
0.60546017
0.89253044
0.8124987
0.92543316
0.90712875
0.82040197
0.9628848
0.851339
0.7532642
0.7696279
0.88903964
0.9164571
0.9117101
0.9738277
0.95453966
0.84365076
0.87997425
0.95196867
0.99966794
0.88289344
0.985896
0.99675596
0.90012205
0.9934578
0.8658077
0.6722568
0.9800044
0.91190356
0.9356593
0.9996551
0.93982035
0.99999994
0.9718233
0.9500458
0.8893078
0.91489404
0.8632984
0.98973054
0.98115015
0.8654274
0.9314026
0.9454534
0.9001431
0.8757277
0.9962143
0.66705614
0.9233897
0.8817037
0.8892113
0.5456697
0.9094509
0.6653577
0.786969
1.0
0.9396848
0.69479036
0.82264495
0.95015496
0.8658315
0.9987587
0.98985445
0.99904597
0.9140958
0.8992238
0.9862976
0.83724153
0.85483307
0.90138483
0.99430406
0.80441046
0.9170502
0.9999999
0.7229722
0.93567824
0.89401096
0.9335545
0.88430804
0.7670946
0.856107
0.989937
0.8942733
0.99746513
0.9760927
0.87869
0.8586454
0.93174124
0.85019255
0.9353527
0.91549206
0.64175135
0.9627161
0.9999998
0.9999999
0.91878825
0.9560468
0.65792876
0.8883393
0.64336073
0.9521255
0.8732303
0.80174875
0.9983504
0.8592275
0.99186283
0.95471185
0.9348862
0.85037124
0.68132794
0.9999999
0.65760636
0.86892337
0.7811734
0.98837465
0.62399197
0.95591855
0.97146106
0.8638995
0.8966117
0.9912079
0.9999999
0.98087573
0.91643
0.8741118
0.915803
0.914078
0.90007657
0.8501952
0.99527305
0.94512403
0.9546453
0.755183
0.8883349
0.97128975
0.90489674
0.8556715
0.9303293
0.86902654
0.9625771
0.9564628
0.95944375
0.83664227
0.91836774
0.8946403
0.97252584
0.80127805
0.5898241
0.8666401
0.8562192
0.94593143
1.0000001
0.89386433
0.8875992
0.8897197
0.87457234
0.7850254
0.89018685
0.99888986
0.9540914
0.8689462
0.7952147
0.92475426
0.91851664
0.95988995
0.8694126
0.44562852
0.74793404
0.7165159
0.6424351
0.9522615
0.9402691
0.81947213
0.61948115
0.99999976
0.68290913
0.7702961
0.7326583
0.9044321
0.85028815
0.9057499
0.96973634
0.75144786
0.549232
0.9938002
0.8830562
0.9854548
0.83396703
0.87158465
0.79633987
0.9629285
0.9745471
0.9564091
0.980537
0.91274965
0.9889389
0.96569395
0.8951813
0.9902613
0.76405925
0.970125
0.85596764
0.916358
0.63881505
0.97463334
0.95256394
0.9335627
0.9087967
0.8924446
0.9692421
0.93915594
1.0
0.9967097
0.95554614
0.81171197
1.0000004
0.93803394
0.9823394
0.8950962
0.97024846
0.95796293
0.9382667
0.9539233
0.91998607
0.83439773
1.0
0.95356935
0.70361495
0.8991829
0.77800995
0.81728405
0.85874546
0.89621055
0.9889117
0.97209644
0.94303286
0.79303706
0.8416729
0.8617542
0.6892122
0.94167924
0.9789877
0.9893464
0.76186293
0.9981003
1.0
0.8115003
0.7784381
0.8329296
0.8889755
0.99454385
0.9901111
0.8824998
0.97897506
0.80975586
0.91540325
0.69558996
0.42783415
0.9997925
0.85708034
0.97704583
0.7942394
0.71254635
0.99387586
0.8586683
0.99241596
0.87974876
0.8536439
0.6543547
0.99079126
0.8482873
0.7750471
0.60972524
0.99683285
0.76409614
0.8405609
0.8272123
0.9493296
0.99948525
0.96870023
0.9788773
0.98227096
0.96494454
0.5238337
0.84901714
0.9452504
0.98306644
0.98628265
0.93160343
0.522438
0.8316647
0.8781527
0.8918212
0.9183635
1.0
0.90139717
0.8063654
0.9752406
0.95857453
0.9654884
0.7775381
0.983818
0.8077945
0.82166463
0.87900126
1.0000001
0.7254698
0.91294044
0.94723654
0.9355247
0.96653724
0.73851144
0.8373874
0.71318865
0.9100519
0.9898514
0.9774684
0.9454954
0.91795945
1.0
0.90812767
0.97553957
0.7111141
0.9909256
0.9319771
0.48237225
0.5832616
0.8592196
0.70513785
1.0000001
0.70266944
0.9792402
0.9360422
0.9986228
0.7837502
0.9721444
0.9999999
1.0
0.993119
0.59264565
0.7935094
0.67436004
0.93263113
1.0
0.9287118
0.9978203
0.88102156
0.95302886
0.9057683
0.99951947
0.8843613
0.87660146
0.96944463
0.8945596
0.89126045
0.8545563
0.89042497
0.9450807
0.99770683
0.9528171
0.9814586
0.9791125
0.99421304
0.95872796
0.8662542
0.8904916
0.97094107
0.7845313
0.9600898
0.9571206
0.94965386
0.9742304
0.9216823
0.6463774
0.94999933
0.96940565
0.86221164
0.80897075
0.9282948
0.78805006
0.9219748
0.6974223
0.8372883
0.99925935
0.94610757
0.90764827
0.93947035
0.9820529
0.9640509
0.7368303
0.723087
0.88796127
0.83443147
0.9890845
0.78473204
0.77286667
0.9066413
0.79962754
0.7203894
0.9088598
0.36217594
0.9940916
0.9253111
0.9501861
0.9063785
0.7783114
0.9118405
0.9999999
0.76926434
0.9761317
0.9775415
0.9938584
0.99609816
0.87116534
0.8035085
1.0
0.5733371
0.9677166
0.84622604
0.9268614
0.6279914
0.8748893
0.906798
0.94005144
0.8515021
0.9581485
0.89221364
0.99999994
0.9990246
0.9743291
0.74478555
0.99721915
0.89486086
0.7751406
0.7285867
0.9996438
0.9250518
0.9460361
0.90136003
0.9250803
0.8761312
0.9727903
0.8692818
0.7215236
0.9658061
0.8713875
0.964913
0.944383
0.70518845
0.81236064
0.9928063
0.911323
0.93912405
0.9235848
0.9090469
0.98637867
0.8597554
0.98370016
0.9478323
0.97300303
0.95238996
0.86176664
0.9413389
0.73345757
0.95569813
0.9640099
0.8150954
0.8032948
0.9387338
0.7530863
0.84031576
0.87632567
0.57690996
0.7802952
0.9238844
0.7530928
0.9738635
0.86767346
0.7547848
0.88955337
0.9975555
0.8899901
0.97281086
0.9712978
0.7903944
0.68181914
0.81567985
0.986721
0.67524964
0.95258254
0.8288523
0.89774305
0.93000424
0.99999994
0.91308
0.76429623
0.65394545
0.8267295
0.95837677
0.8835804
0.9116483
1.0000001
0.90575624
0.77136445
0.90948176
0.49757096
0.8679128
0.9775047
0.8268841
0.9405024
0.86095047
0.974321
0.91876596
0.8197209
0.9103962
0.74729466
0.69794923
0.5480264
0.500177
1.0
0.8931967
0.52133226
0.9624554
0.8626542
0.92884094
0.69267035
1.0000001
0.96062183
0.9846175
0.5544102
0.9154579
0.7131644
0.97820497
0.95573705
0.9940454
0.8819834
0.9626478
0.90776086
0.95553404
0.9959389
0.9101309
0.9565755
0.9728247
0.9763688
0.87000626
0.7142725
0.87860376
0.93912804
0.82462287
0.891636
0.9567349
0.62009656
0.95094395
0.8583324
0.90532595
0.72549593
0.92307335
0.9953331
0.87785053
0.9702494
0.86297345
0.9984968
0.93257356
0.9549892
0.6538947
0.80176234
0.8739633
0.8161025
0.927269
0.8526835
0.8044795
0.69157654
0.6639823
0.83674204
0.9465817
0.766455
0.7727141
0.86163056
0.880467
0.9788077
0.8640692
0.90081155
1.0
0.8618168
0.9776683
0.90299445
0.88669014
0.95192885
0.5865165
0.9183451
0.9415916
0.73200387
0.81151575
0.975601
0.9879315
0.99819314
0.9777041
1.0
0.98599374
0.9694653
0.5752483
0.90971494
0.7720795
0.51943344
0.6976673
0.9752444
0.99013543
0.95375156
0.8385571
0.9626287
0.9829083
0.93174446
0.98261577
0.91546935
0.8280119
0.6792061
0.8993636
0.69289136
0.85425454
0.9748549
0.92008275
0.44707277
0.9022876
0.79582125
0.9199775
0.9991075
0.9456595
0.96307826
0.7175815
0.8980858
0.9782313
0.74536514
0.95873815
0.9805318
0.83946735
0.8249115
0.2989337
0.7823344
0.93042165
0.75428927
0.90205044
0.93218756
0.7495755
1.0
0.9830484
0.8769545
0.79949236
0.9999999
0.6115581
0.7355071
0.74988824
0.9189327
0.9418688
0.940541
0.8208487
0.7723192
0.97285634
0.96650815
0.7075606
0.8165388
0.8396425
0.9636942
0.7892049
0.7323982
0.83359826
0.9929459
0.8878112
0.8943526
0.80830866
0.51832426
0.8895202
0.5480523
0.94109094
0.6409866
0.5164053
0.9448801
0.8142415
0.97597
0.74567974
0.94703186
0.8854842
1.0
0.59510845
0.895594
0.8919215
0.86768806
0.9804288
0.6966438
0.74664205
0.71178627
0.923548
0.7230135
0.90176904
0.9217373
0.99025726
0.78190756
0.99999994
0.8302382
0.9105999
0.93446785
0.8468754
0.9411203
0.9851496
0.9926421
0.90700376
0.97923183
0.9357524
0.87388235
0.7752108
0.88458455
0.8489034
0.85432184
0.8654814
0.9488882
0.797334
0.78227806
0.9550041
0.9821093
0.89607346
0.8990523
0.9641904
0.9059129
0.9023284
0.9638083
0.99798155
0.957162
0.683928
0.7336314
0.997067
0.9850627
0.9552711
0.8725535
0.99790275
0.8706409
0.89662194
0.904592
0.9727099
1.0000001
0.9466056
0.89987415
0.78218055
1.0
0.7533146
0.9546111
0.9450828
0.80792475
0.64118683
0.60051453
0.84822464
0.8836047
0.76458955
0.9927491
0.5986805
0.94943464
0.7291123
0.87686837
0.81232816
0.85613173
0.5878379
0.9222474
0.7884834
0.8890847
0.9090976
0.90910316
0.9984185
0.9707008
0.8815968
0.98378575
0.91388214
0.94604427
0.7922324
0.87615615
0.97221464
0.7982991
0.8800789
0.889057
0.8940274
0.99946445
0.9457181
0.8251654
0.8945749
0.81752706
0.91439533
0.80318844
0.96040255
0.946777
0.9603098
0.812581
0.9273037
0.5490062
0.8862303
0.99394804
0.9659461
0.95533717
0.8787174
0.96755147
0.95786583
0.94939065
0.94160926
0.9975673
0.7618076
0.5784467
0.79504454
0.68196523
0.9510007
0.80311733
0.91199887
0.9567579
0.95442927
0.9876893
0.72036517
0.9421823
0.85104424
0.93493116
0.47917873
0.88175166
0.9260522
0.761356
0.87400705
0.58245707
0.4819168
0.76595145
0.8518274
0.90578276
0.84486413
1.0
0.94692916
0.8144902
0.74876827
0.8196789
0.8216858
0.9686379
0.89859694
0.962234
0.8959627
0.9196006
0.7362845
0.7897552
0.9743252
0.7813472
0.87884295
0.9999999
0.9212961
0.84163094
0.97833323
0.7406107
0.62638134
0.9518883
0.87912345
0.5837195
0.8149804
0.91017437
0.90727615
0.88367826
0.96413195
0.9925512
0.7566844
0.96501184
0.96318024
0.99882984
0.7271098
0.8187214
0.98730206
0.9042462
0.9628962
0.89644986
0.96381766
0.99999994
0.8708222
0.74425393
0.77482474
0.9999999
0.93589383
0.98531806
0.97901106
0.6735599
0.9413872
0.979585
0.8826622
0.95112956
0.9559433
0.90122515
0.82597363
0.76356226
0.7482033
0.89081705
0.9834678
0.73192525
0.90359926
0.6744779
0.6268419
0.94628936
0.8278439
0.93158245
0.8398752
0.88050103
0.74210083
0.9151676
0.9839693
0.9119196
0.88008785
0.9155633
0.81066376
0.97436076
0.9761536
0.8751624
0.9691502
0.89258075
0.7967343
0.97516906
0.8707086
0.7791275
0.8980437
0.9921061
0.92674816
0.82535034
0.7923496
0.7545614
0.9180921
0.73388654
0.9314595
0.8097253
0.8789298
0.92517734
0.9896175
0.8524526
0.9993715
0.9184738
0.87281704
0.96852124
0.953723
0.98062
0.5554843
0.86371005
0.96163595
0.7964667
0.93924403
0.94712347
0.86533165
0.5737488
0.67726845
1.0
0.6305313
0.8480542
0.89252985
0.6239659
0.9529987
0.9340903
0.8726666
0.7210244
0.78322554
0.85321724
0.9463731
0.8944714
0.8360274
0.86870754
0.98781824
0.97903764
0.9028868
0.9084482
0.84535956
0.70037746
0.8370943
0.8881995
0.84270793
0.76072896
0.94407415
0.93684757
0.8901188
0.8421976
0.49857593
0.97988933
0.7984981
0.7658788
0.7497836
0.79707706
0.85179186
0.96827775
0.9980921
0.8852269
0.97243863
0.6694259
0.94075584
0.9346036
0.7856698
0.90444714
0.8767158
0.79896235
0.93897355
0.7365459
0.9267304
0.8321812
0.95361626
0.6805542
0.95815605
0.5969011
0.97139066
0.8642073
0.9458992
0.96809727
0.9974962
0.95945454
0.8904276
0.994303
0.78844535
0.9318959
0.8461521
0.7866945
0.81442827
0.7734135
0.86948717
0.96479976
0.9901493
0.8845883
0.8203721
0.8467182
0.8086577
0.873265
0.6539738
0.896909
0.6057371
0.750975
0.78859586
1.0
0.97050464
0.9043738
0.875542
0.98568356
0.7971457
0.9347612
0.8833847
0.8137116
0.8391391
0.9183738
0.7912925
0.9620463
0.9572475
0.99999994
0.8908305
0.8799902
0.99661547
0.87002486
0.82910395
0.60984874
0.9977552
0.53379846
0.96969277
0.7435652
0.93869156
0.9905242
0.98652935
0.81860244
0.9910455
0.8054893
0.8533556
0.9996879
0.91104275
0.8586992
0.9391459
0.94183755
0.8876549
0.87697244
0.88210523
0.99099636
0.9305205
0.80836433
0.7785923
0.93720174
0.9583483
0.9160594
0.8159982
0.9953698
0.99999994
0.97567356
0.71249
0.92602336
0.9238316
0.9429447
0.73393244
0.88169897
0.9276122
0.80320954
0.9973185
0.9139725
0.9942057
0.9535251
0.8936182
0.96183556
0.71061295
0.90210605
0.86684775
0.46420205
0.77876616
0.8643002
0.91252595
0.9859371
0.9880165
0.84918165
0.9652269
0.9998735
0.836228
0.94779813
0.34223127
0.7782037
0.85966045
0.62452865
0.82058746
0.93527746
0.612269
0.8817586
0.8311376
0.95526904
0.8515013
0.84232455
0.7592906
0.9922191
0.73547626
0.63178325
0.9257582
0.94631153
0.91737473
0.99014723
0.88954103
0.7972475
0.96995026
0.80765283
0.79535854
0.73915434
0.7766042
0.97627574
0.9188968
0.8604532
0.8633036
0.84472287
0.9992917
0.95199287
0.8812637
0.9031068
0.87826985
0.8701386
0.81698084
0.9134692
0.95334405
0.55127114
0.9399872
0.9118755
0.9119333
0.9263794
0.88639927
0.96996915
0.7744464
0.7596014
0.9340065
0.9678234
0.83964455
0.85830396
0.6618895
0.94150853
0.90187764
0.75713587
0.86606616
0.98650765
0.9632833
0.8207011
0.8611257
0.88279295
0.69038403
0.8684035
0.96749574
0.7286508
0.9731626
0.91508925
0.8724393
0.71943825
0.8266583
0.9867562
0.89720464
0.7749179
0.92493296
0.7066494
0.6125328
0.677101
0.92092997
0.99999994
0.95678216
0.5762473
0.7704924
0.9519655
0.9183292
0.982309
0.960682
0.78134364
0.810281
0.9221897
0.90490264
0.9217938
0.9499472
0.9973269
0.87423277
0.9969727
0.8999145
0.735009
0.6605417
0.9013205
0.7908498
0.9953061
0.97563183
0.42342854
0.9374498
0.7266455
0.9351975
0.94517636
0.7446609
0.8838023
0.8836626
0.5438643
0.98428756
0.9436267
0.71218514
0.8365451
0.930095
0.98253804
0.7470071
0.97966415
0.8958372
0.8410117
0.9573395
0.8487924
0.76936424
0.8551928
0.97056556
0.78705037
0.9159868
0.98929393
0.99568963
0.36978495
0.7279289
0.8894977
0.9016744
0.97332156
0.7608751
0.84944046
0.54201615
0.9736601
0.9953003
1.0
0.9518374
0.98894817
0.77940416
0.6522543
0.9999999
0.93920183
0.9449087
0.9634762
0.9376561
0.78904366
0.8244177
0.9780799
0.8435396
0.99470854
0.8517711
1.0
0.87879395
0.5021894
0.93070656
0.8940618
0.830832
0.94573206
0.7958665
0.94477534
0.80550945
0.7608707
0.8159757
0.6654341
0.58975846
0.86988616
0.90328145
0.94575787
0.84518695
1.0000001
0.6303882
0.7595239
0.9469216
0.8384362
0.91939956
0.77089053
0.9633603
0.71712756
0.8623188
0.95669717
0.97257096
0.9234395
0.935377
0.9100165
0.8286357
0.9999999
0.7473222
0.73336047
0.79158175
0.8595851
0.81174755
0.8255939
0.96645045
0.7505746
0.96236825
0.9148681
0.91781116
0.94593596
0.9099633
0.95991576
0.8275075
0.8671606
0.93817824
1.0000001
0.9058467
0.9955733
0.7544839
0.8652605
0.94371057
0.94386977
0.822559
0.79390013
0.9099611
0.877947
0.8872797
0.99999994
0.91273856
0.9113586
0.7397265
0.8965355
0.7430008
0.86291933
0.9261747
0.961431
0.8802694
0.7731787
0.84783685
0.94544196
0.8400108
0.8186605
0.9046889
0.7240114
0.9997883
0.9922521
0.843594
0.85781354
0.93744123
0.9602977
0.5410444
0.96966994
0.94232106
0.90654415
0.8843496
0.89932644
0.94388306
0.85793114
0.8040299
0.9817667
0.99328053
0.974229
0.8300661
0.89043003
0.9999999
0.9940355
0.9364578
0.8758613
0.817419
0.9376744
0.96164083
1.0
0.99808466
0.9159922
0.7593515
0.8338916
0.79796064
0.9841554
0.798429
0.93262684
0.8074235
0.64071
0.62673837
0.99999994
0.94628996
0.7144779
0.90044224
0.82812405
0.720214
0.83364934
0.873657
0.9904878
0.91562706
0.87501204
0.9842738
0.78742594
0.9100312
0.88456273
0.68672836
0.93628216
0.80344355
0.57743865
1.0
0.94854087
0.8635275
0.94200695
0.88665605
0.94796735
0.99925
0.90749526
0.97378397
0.9015596
0.81793916
0.9518331
0.9911015
0.94350195
0.91325384
0.9212122
0.83219105
0.81351167
0.9332224
0.9062187
0.888033
0.8532021
0.9377794
0.84596497
0.97969425
0.7252172
0.70688915
0.97110593
0.9142278
0.88987637
0.91544694
0.7262476
0.8706892
0.9160403
0.9877344
0.8549772
0.9613922
0.7891948
0.97670615
0.9131684
0.7829976
0.8277114
0.7504913
0.9559475
0.8635023
0.81399226
0.89296556
0.9670594
0.80491614
0.9904556
0.8142007
0.85058475
0.96106505
0.9290243
0.7312101
0.9550275
0.7363235
0.945168
0.7520711
0.8469942
0.6728818
0.9231664
0.9633074
0.81908923
0.854766
0.7324604
0.9018427
0.91651714
0.91914225
1.0
0.9558301
0.7093967
0.8407673
0.7746063
0.7657116
0.8970668
0.8403503
0.94875777
0.940966
0.91927487
0.9209825
0.5476263
0.95057434
0.9097662
0.81908953
0.84581095
0.953086
0.8514903
0.9594097
0.9751715
0.95709234
0.8545963
0.89696085
0.5339504
0.9617384
0.8774408
0.9132626
0.95264757
0.62766653
0.9260174
0.9114168
0.93121773
0.8685466
0.81193393
0.91732526
1.0
0.81161696
0.6126832
0.9071878
0.898471
0.9984518
0.7947333
0.85996985
0.9476312
0.96180606
0.89702576
0.8614124
0.92056286
0.97872996
0.9923055
0.9531951
0.98515654
0.9590951
0.97649574
0.8408323
0.9079418
0.94240904
0.8555197
0.9387384
0.9511505
0.97273505
0.8833253
0.9257152
0.9391184
0.83709776
0.8799047
0.9264245
0.48854512
0.6739351
0.9926249
1.0
1.0
0.7547438
0.9723694
0.92776847
0.9729173
0.95646864
0.9512503
0.9429828
0.99579555
0.54947585
0.90991485
0.8360043
0.9396827
0.8473002
0.8145673
0.90604985
0.92143035
0.5673399
0.6836847
0.8430447
0.94142205
0.7534784
0.92474854
0.87048143
0.9901999
0.9239503
0.9525982
0.8030747
0.8423367
0.848893
0.97670597
0.97920024
0.8926167
0.93196476
0.69872797
0.9796678
0.9999998
0.79626656
0.91919506
0.7985969
0.9840927
0.97185034
0.81949633
0.91132367
0.95419985
0.8768754
0.8955811
0.95336455
0.8033195
0.7795079
0.7416184
0.9384458
0.79810095
0.74245834
0.96426904
0.975834
0.97648615
0.92661154
0.58961296
0.90320694
0.547415
0.8260031
0.8886631
0.9679947
0.85166895
0.8840617
0.9910891
0.9416806
0.90375495
0.9232588
0.89377385
0.78772336
0.91313994
0.89849293
0.9261906
0.7458204
0.73703337
0.9044199
0.8063607
0.97371507
0.76249504
0.9947287
0.7732072
0.9270023
0.9527403
0.8828131
0.95561934
0.9551461
0.97505623
0.8592019
0.8661302
0.97090065
0.9557562
0.96316844
0.8047645
0.9238835
0.9397484
0.88531363
1.0
0.82178384
0.99751806
0.9399462
0.8727169
0.9541267
0.7862237
1.0000001
0.9097132
0.8755229
0.9825232
0.8411366
0.7914673
0.98545444
0.9216029
0.91449505
0.9542593
0.89499843
0.6459518
0.8543421
0.96235895
0.736965
0.9860284
0.97934073
0.9779092
0.8551989
0.6757482
0.79997987
0.96301764
0.8711618
0.8301619
0.8769411
0.86435425
0.90304136
1.0000001
0.8489232
0.55418134
0.9126222
0.7599947
0.9361849
0.6273923
0.92384994
0.8546155
0.96215224
0.5948228
0.9768922
0.95325756
0.741627
1.0000001
0.8431213
0.9543496
0.9333658
0.8731058
0.9720646
0.8441401
0.9584409
0.88089585
0.7460315
0.8648786
0.86981165
0.8021497
0.9670935
1.0000001
0.9942215
0.9609802
0.91817915
0.9966876
0.95753354
0.9660128
0.8250229
0.872027
0.83728176
0.80397594
0.54554033
0.70139664
0.877562
0.7577121
0.8820888
0.90983504
0.92026466
1.0
0.98371834
0.9564718
0.8564991
0.918813
0.9091046
0.82365215
0.9798843
0.77016544
0.76161563
0.9969381
0.95745295
0.7800279
0.9035531
0.831337
0.8631088
0.8399663
0.95627224
0.9908458
0.7668459
0.9750978
0.85156894
0.98217285
0.95620495
0.7393884
0.8070092
0.9013206
0.9684401
0.82729566
0.9084561
0.807481
0.9935464
0.85762274
0.5782514
0.8688637
0.8577629
0.76284254
0.7226334
0.9130852
0.86405647
0.9910034
0.85333437
0.7156009
0.9710357
0.75897604
0.70196193
0.92517376
0.9373828
0.6744447
0.9933162
0.9999999
0.91107523
0.8710957
0.8729687
0.70400465
0.82240176
0.8603056
0.75021845
1.0000001
0.930571
0.9145123
0.98981524
0.826983
0.8991754
0.9659904
0.95137566
0.80472517
0.9412188
0.95019954
0.8385908
0.77736443
0.92906874
0.9048612
0.8426431
0.8704526
0.9976443
0.85961646
0.9861372
0.9993398
0.8434297
0.9754131
0.87380344
0.9292581
0.85663486
0.9213049
0.7020258
0.8191102
0.84003836
0.9635529
0.8854356
0.9278851
0.93639296
0.90609646
0.88270754
0.94632214
0.79710925
0.9354314
0.83417004
0.91864145
0.9726967
0.9479452
0.9330584
0.8567636
0.867209
0.78716993
0.6896778
0.9881604
0.80590856
0.89246327
0.98785526
0.73193574
0.9775793
0.99493414
0.9719107
0.6718075
0.848081
0.93801117
0.9266639
0.9854856
0.9102128
0.885125
0.8989186
0.77345234
0.93175066
0.89188236
0.84975386
0.8607967
0.5342156
0.96461433
0.8718997
0.8476065
0.9024571
0.5685227
0.70959985
0.63316447
0.9992318
0.7561035
0.99000823
0.99274546
0.97877854
0.99098146
0.96454966
0.88054585
0.99845344
0.9761431
0.95559764
0.9694809
0.88480955
0.8398111
0.758997
0.7953448
0.762808
0.58957046
0.9983189
0.7593678
0.7483157
0.5200615
0.9256151
0.91274
0.9089004
0.7804035
0.94490767
0.7179221
0.9319856
0.9230541
0.8261584
0.8460921
0.9542358
0.9256649
0.88274646
0.9863653
0.9422026
0.94929105
0.7028514
0.96564364
0.7557163
0.8119558
0.9661391
0.955362
0.82978976
0.8093429
0.9610166
0.8605039
0.9332582
0.9302511
0.9013413
0.98646235
0.93388385
0.9460108
0.94362736
0.8783508
0.8848157
0.9133039
0.8546902
0.8466652
0.9955956
0.79316115
0.9273447
0.9865852
0.94404376
0.936944
0.87680995
0.8847598
0.9471261
0.90567863
0.7208984
0.9176929
0.8378864
1.0
0.99422884
0.9221779
0.88903344
0.830127
0.92433673
0.8334181
0.9753181
0.9024339
0.9485775
0.5669473
0.9506606
0.9057691
0.97315365
0.60299236
0.76892406
0.97463524
0.99648786
0.8622219
0.9186958
0.94385314
0.032216128
0.9534748
0.86772865
0.89721346
0.9702859
0.9333434
0.9363271
0.9958753
0.7707506
0.9178912
0.77789134
1.0
0.983318
0.8057896
0.9947665
0.99555063
0.965135
1.0
0.7133666
0.77896774
0.99156535
0.93666595
0.89612126
0.9458645
0.9634353
0.7384128
0.8945042
0.99708736
0.9164024
0.94719887
0.9308455
0.965713
0.88048244
0.8953495
0.952134
0.978087
0.98482466
0.86046493
0.9505343
0.959569
0.9536974
0.90609646
0.964626
0.79273534
0.8561898
0.9146925
0.9040788
0.8211968
0.8696382
0.65831625
0.83503854
0.97783476
0.6956809
0.923712
0.88040763
0.71911114
0.60323334
0.8787528
0.6884097
0.8306401
0.91290796
0.9999999
0.6122193
0.60369897
0.9170946
0.8992348
0.99032146
0.80113447
0.9274478
0.8041567
0.7840284
0.86798024
0.9019239
0.9631672
0.79910254
0.6862786
0.94236124
0.9057721
0.8451257
0.9749308
0.92552525
0.82772315
0.768155
0.8486988
0.8039464
0.7960037
0.913057
1.0000002
0.9259631
0.6875015
0.8484328
0.9647619
0.93760955
0.96015656
0.96281695
0.9062344
0.9954575
0.97903776
0.8300611
0.82232404
0.8662045
0.9054043
0.94465375
0.9744831
0.8280445
0.9117431
0.90897787
0.7371415
0.8436101
0.84189445
0.87389284
0.99491537
0.8538854
0.98296165
0.86520743
0.96205336
0.8737086
0.9653753
0.8103952
0.8924639
0.9346211
0.85908735
0.9270879
0.9999999
0.97597307
0.97086215
0.82475513
0.94448376
0.95893395
0.96497786
0.93671954
0.88727725
0.87636983
1.0
0.83181584
0.84875715
0.8473365
0.96168363
0.9358673
1.0000001
0.92859566
0.91957223
0.99004006
0.99999994
0.90506244
0.9198312
0.76934606
0.9815898
0.87473136
0.9072616
0.9024181
0.98615485
0.9642511
0.9223694
0.005460426
0.8903686
0.9645513
0.9509342
0.89314234
0.9892285
0.5332551
0.7381909
0.8606676
0.76887167
0.9794558
0.8718097
0.97791594
0.9776441
0.94145685
0.8495829
0.85320127
0.9760296
0.8698084
0.9340708
0.7827462
0.7432344
0.75536937
0.99796593
0.91062737
0.7825767
0.8474227
0.80165964
0.9668048
0.9899788
0.65889317
0.92781246
0.7714386
0.71140134
0.806815
0.99714863
0.8546748
0.95738244
0.9633817
0.8096427
0.99999994
0.87281364
0.8668208
0.9735335
0.9676651
0.8809446
0.90484464
0.99829316
0.94176036
0.9934735
0.8554222
0.97831184
0.95726967
1.0
0.78307736
0.9589766
0.88038105
0.8589232
0.8862872
0.986364
0.83296025
0.71179456
0.922351
0.83792907
0.9082839
0.8220024
0.9044366
0.99689275
0.9720067
0.9924866
0.9938437
0.7678094
0.9630773
0.9433524
0.9749611
0.7550678
0.9608024
0.9032233
0.95255184
0.9971928
0.67978966
0.85682714
0.8900908
0.8787945
0.8505962
0.76496977
0.7964659
0.8590582
0.77820075
0.90147614
0.9145926
0.8507176
0.72405285
0.74929553
0.9993435
0.99506474
0.6963532
0.7641746
0.9832444
0.92449456
0.9872854
0.86396754
0.9809485
0.82389545
0.90920174
0.91031337
0.8312264
0.9892742
0.84322566
0.7669229
0.96102005
0.8763169
0.99798393
0.7794247
0.9877728
0.82335037
0.7367765
0.6718007
0.70487237
0.9592832
0.91708153
0.9031993
0.8451466
0.91765785
0.8440933
0.9211374
0.7895515
0.6781136
0.88825804
0.84447515
0.9675795
0.92513746
0.9998017
0.77430594
0.9818027
0.9658337
0.79948676
1.0
0.9312455
0.8048032
0.92873895
0.98886824
0.73625463
0.78541434
0.95249075
0.475586
0.927042
0.8316788
0.8518324
0.93079937
0.8050675
0.9769086
0.84911406
0.8305956
0.8058116
0.99895436
0.9402524
0.89508563
0.8675173
0.98008
0.73579985
0.9840685
0.7573685
1.0
0.81729925
0.8846688
0.9560211
0.9861974
0.98781973
0.8705464
0.91315573
0.883675
0.9247729
0.9901588
0.9846711
0.9980172
0.6796188
0.889769
0.7958827
0.7368427
0.8608041
0.8769574
0.8453194
0.9688762
0.8675246
0.7916373
0.99910784
0.9736432
0.989024
0.9563631
0.65789735
0.9870869
0.9818666
0.8654194
0.9515845
0.9999998
0.7310356
0.69675344
0.9072335
0.60654265
0.89361477
0.8945694
0.8334056
0.98410654
0.8601218
0.8586134
0.82124436
0.9438916
0.92181873
0.98595595
0.99999994
0.7716615
0.9854361
0.7601163
0.90755934
0.7208544
0.847093
0.9415581
0.9281496
1.0000001
0.87220705
0.9822574
0.8769661
0.8718467
0.7179612
0.8577533
0.807356
0.9394538
0.89246047
0.99999994
0.850697
0.9894668
0.8707352
0.7774267
0.88226664
0.9681819
0.70149165
0.96916837
0.9573011
0.9767369
0.92742264
0.9331562
0.9212009
0.98854506
0.93612623
0.9201592
0.6699744
0.98103106
0.9504464
0.969849
0.94113344
0.79318064
0.99492973
0.90386724
0.96970916
0.77055955
0.9372105
0.8083378
0.8898914
0.9174855
0.97165954
0.929405
0.94927293
0.91008425
0.7308468
0.9661594
0.9348812
0.82282525
0.94047815
0.87972945
0.9904398
0.89240354
0.89131653
0.98137486
0.8773752
0.8819096
0.9907744
0.84807307
0.95655876
0.8925052
0.7193972
0.9411261
0.98376435
0.75725186
0.72653604
0.78886765
0.7789305
0.98174214
0.9742371
0.94353783
0.7594904
0.9391902
0.87906843
0.7308646
0.985434
0.65133226
0.98921114
0.8380312
0.83678514
0.9570723
0.93779933
0.9910914
0.90441394
0.9141916
0.9551392
0.90616095
0.9500894
0.78214294
0.7276252
0.9945075
0.8604267
0.81147945
0.91831404
0.96789396
0.9334602
0.9529778
0.87143636
0.93275195
0.98885334
0.81057394
1.0
0.98847955
0.868813
0.9851124
0.5252756
0.97298324
0.69749844
0.7287115
0.94345474
0.93496925
0.96453315
0.9710831
0.6756635
0.8465674
0.91439927
0.96732545
0.99338067
0.9940214
0.6733587
0.8683498
0.91429955
0.97176516
0.9407802
0.9224044
0.943689
0.99149925
0.81407154
0.9151043
0.8220055
0.8733908
0.75871086
0.9817414
0.8585762
0.9149229
0.7892864
0.79749346
0.980342
0.8305296
0.97376037
0.8183618
0.7189388
0.47011852
0.9425354
0.8555352
0.87987494
0.9810881
0.8143964
0.67640734
0.9446721
0.8450277
0.96966493
1.0
0.94007933
0.7716038
0.89006525
0.81237227
0.7983526
0.97047514
0.54233146
0.85760653
0.79622465
0.8765212
0.98767024
0.9434339
0.3883935
0.8672
0.97698647
0.8227975
0.90641016
0.8555866
0.9645331
0.80707896
0.8502807
0.9059758
0.7288391
0.9869176
0.90394986
0.91087735
0.8777114
0.85243386
0.886256
0.9069153
0.83561647
0.9231378
0.8653996
0.8632034
0.9342638
0.98437446
0.91544604
0.94116926
0.9092491
0.8606364
0.81017226
0.8919132
0.9913587
0.7532054
0.8205135
1.0
0.80168754
1.0
0.95055354
0.82491654
0.7216932
0.8157537
0.9602629
0.789855
0.6603961
0.9391568
0.93819034
0.9487959
0.91965777
0.98113644
0.9358326
0.92775506
0.7635374
0.96500397
0.90391266
0.9053519
0.9421997
0.69080496
0.95692205
0.99999976
0.95216453
0.9687582
0.94724274
0.9899453
0.9823966
0.8244301
1.0000001
0.9593704
0.95597297
0.9723667
0.9337919
0.7364508
0.9596391
0.96480954
0.8929423
1.0
0.8975121
0.8634493
0.96673465
0.7190894
0.9873093
0.6624613
0.9104216
0.73785394
0.94687134
0.8559282
0.62647635
0.9065532
0.77755785
0.9984219
0.979646
0.96254766
0.71607137
0.8011557
0.92613715
0.95290583
0.79066974
0.68667954
0.87468046
0.924026
0.96595746
0.9404258
0.9932584
0.8428847
0.9054645
0.95482945
0.8680191
0.8702208
0.9860494
0.7742395
0.9931432
0.859134
0.9881395
0.65728307
0.95998174
0.959458
0.76733935
0.9044573
0.96139413
1.0
0.9261484
0.8866595
0.96149045
0.78732693
0.8472745
0.6805242
0.9095601
0.8632076
0.9833107
0.8114553
0.9204956
0.8233882
0.90653735
0.85576284
0.9252819
0.9257592
0.8938186
0.78670275
0.9787261
1.0
0.8014573
1.0
0.9094918
0.940262
0.8023649
0.93268734
0.9468454
0.63215506
0.86888266
0.8920917
0.86535037
0.7044363
0.8489455
0.9295599
0.8085115
0.8435728
0.931688
0.657208
0.87354654
0.6706494
0.94918835
0.87524414
0.881164
0.9302298
0.89966774
0.8362321
0.9704815
0.8800565
0.90311176
0.8480036
0.940917
0.9840715
0.87276447
0.99730414
0.9396745
0.8860998
0.91945785
0.79237187
0.9039867
0.7595891
0.77536166
0.98714674
0.6723765
0.7322202
0.80966175
0.96836567
0.7974323
0.9751911
0.8483638
0.62975466
0.8013487
0.98766595
0.7832011
0.82030237
0.9129916
0.9912805
0.89290565
1.0
0.7132258
0.79324794
0.98074126
0.78637373
0.95060325
0.9364829
0.8822243
0.983951
0.9192538
0.5574636
0.88997084
0.9496285
0.8970682
0.8820002
0.5583087
0.8082073
0.8714148
0.8641393
0.9275073
0.889873
0.8962778
0.8869662
0.9448245
0.89716864
0.951888
0.99240035
0.89517194
0.61047095
0.9331788
0.7239818
0.8121105
0.74986094
0.6648183
0.8369874
0.88940954
0.8468502
0.90340674
0.90709496
0.9438797
0.91837287
0.8474471
0.99492663
0.7477471
0.78675526
0.7035918
0.9668174
0.83132476
0.41589653
0.9388164
0.877862
0.7150263
0.9105247
0.65765035
0.8739971
0.87478936
0.49026316
0.9751302
0.8148477
0.9670232
0.90767765
0.8668289
0.77146524
0.71095425
0.81920403
0.9055224
0.9741258
0.9738142
0.8197321
0.88956714
0.88064766
0.8822526
0.80243295
0.898338
0.91750765
0.9358801
0.9203498
0.8051375
0.9659873
0.78816867
0.8678651
0.8415672
0.9983686
0.9704518
0.80610925
0.9551731
0.92806107
0.7624222
0.9975899
0.8440419
1.0
0.9034182
0.9431793
0.9319362
0.9682106
0.95089126
0.75789523
0.9414432
0.44948202
0.6458147
0.9142435
0.774917
0.86607444
0.9254964
0.77020335
0.9093194
0.77400196
0.92897147
0.89415276
0.84400976
0.91013855
0.96530426
0.8955469
0.95901036
0.93734825
0.76909035
0.80834115
0.90716106
0.9919807
0.9574514
0.8343099
0.953216
0.98072547
0.8864322
0.9848207
0.96605325
0.8181411
0.7466199
0.90162283
0.93106365
0.660302
0.7901668
0.79240626
0.81446815
0.85704374
0.85021865
0.89920104
0.96311516
0.8965045
0.9383593
0.98521686
0.9312894
0.97398764
0.5768826
0.90628475
0.9905592
0.8963572
0.962239
0.90730274
0.8162547
0.9067507
0.9108183
0.8133472
0.9792094
0.88061315
0.9886684
0.99876755
0.96773124
0.981259
0.9491836
0.9802857
0.54707694
1.0
0.9931062
0.9552645
0.90499365
0.98793536
0.92501277
0.9699012
0.8908397
0.9160567
0.81943077
0.7228071
0.9235443
0.80289674
0.8534629
0.96204937
0.9615891
0.98761845
0.9750841
0.71607614
0.8409398
0.99119025
0.8799409
0.6819725
0.9120628
0.9470324
0.9043051
0.8832635
0.9374089
0.8846558
0.94299144
0.62975985
0.9755588
0.7379143
0.9283
0.87218153
0.9999999
0.9619022
0.76434493
0.9641059
0.9156625
0.8112837
0.68657124
0.7527386
0.9894865
0.9411778
0.8348446
1.0
0.95871353
0.5267335
0.9944692
0.8214645
0.9256378
0.92431134
0.8749166
0.8932982
0.9279341
0.88997984
0.6205976
0.8382967
0.9379406
0.644016
0.9100136
0.8636131
0.99999994
0.74665666
0.9857633
0.9656313
0.69651866
0.9501444
0.93648505
0.9867144
0.9462974
0.6720625
0.90054876
0.9999999
0.6447853
0.98791134
0.99649894
0.9887261
0.7709075
0.88285804
0.88753337
0.9128189
0.91171086
0.86590195
0.73008704
0.72847044
0.78204286
0.8399939
0.7865381
0.9686581
0.8953181
0.80414563
0.9900969
0.39448392
0.8286321
0.9349294
0.8942489
0.8192405
0.90118504
0.90771633
0.86198705
0.9498839
0.97880733
0.9562329
0.862754
0.96765983
0.84253263
0.9846193
0.9174617
0.87173337
0.73787594
0.8336369
0.8990842
0.98268515
0.96588105
0.9286331
0.8136225
0.9924108
0.9904529
0.939661
0.735614
0.95982903
0.8935102
0.95870805
0.7907884
0.80247647
0.8139337
0.9010283
0.9642208
0.95474863
0.7929878
0.7853055
0.9476343
0.7875189
0.8205472
0.8089376
0.6711875
0.96788466
0.94211596
0.9186109
0.93891025
1.0000001
0.9529426
0.98365235
0.99099815
0.99999994
0.73997545
0.8644612
0.6397816
0.9553093
0.97765857
0.60552853
0.7339242
0.9061304
0.88648504
0.914217
0.9339274
0.82430625
0.9173681
0.9050512
0.9380248
0.68268085
0.73338693
0.9539485
0.8712112
0.9910131
0.857692
0.7175646
0.93237066
0.81886464
0.9505142
0.84406793
0.92538244
1.0
0.9117171
0.960595
0.98008484
0.99330366
0.7695979
0.90559095
0.89435524
0.9751076
0.9494858
0.89668906
0.86693347
0.988747
0.81020266
0.49341032
0.79473513
0.9693773
0.9420316
0.9839413
0.7993998
1.0
0.95755494
0.97692114
0.9268635
0.97978294
0.6534994
0.95346475
0.8433338
0.84232014
0.8257654
0.8407381
0.8309425
0.57279056
0.74272394
0.97318476
0.870185
0.86141396
0.9939319
0.65596104
0.6634143
0.85844666
0.6897542
0.8573122
0.894379
0.90471786
0.8158948
0.8736861
0.9387423
1.0000001
0.9592
0.8456689
0.72323716
0.9525967
0.8600335
0.8799467
0.8575742
0.9720575
0.908201
1.0000001
0.8313776
0.8694084
0.46645364
0.96734357
0.94070613
0.8826493
0.774188
0.7335716
0.9180708
0.8351873
0.7945646
0.8577161
0.93083715
0.94714
0.56896716
0.9839093
0.94739616
0.68208647
0.92050153
1.0
0.82356715
0.95443386
0.9107607
0.7810479
0.9267218
0.91447973
0.93500024
0.9400466
0.97323847
0.8507104
0.83375263
0.8217723
0.98731637
0.88046324
0.72203565
0.84101355
0.9526918
0.7559059
0.9391496
0.9233524
0.98081505
0.7835223
0.882773
0.95758975
0.84826505
0.91910356
0.98326397
0.71720636
0.8532356
0.89684236
0.89697504
0.9410837
0.99084437
0.9347993
0.87534994
0.81779855
0.8870345
0.8560804
0.9253536
0.92676246
1.0000001
0.9101135
0.9491338
0.9642568
0.9695291
0.98684436
0.9266309
0.9801114
0.97630954
0.9881767
0.9305477
0.8883807
0.9168863
0.9786857
0.97242594
0.7776778
0.9464792
0.8883576
0.8988025
0.8221632
0.95449877
0.91648984
0.8250722
0.9258197
0.8211331
0.9064323
0.87902576
0.79660535
0.82431686
0.92566115
0.7683414
0.9516738
0.90917987
0.916413
0.8651115
0.940598
0.97965616
0.90748584
0.9562657
0.86225355
0.8572091
0.97214735
0.9135214
0.9343442
0.89279836
0.8226645
0.929338
0.92854774
0.90796053
0.994159
0.89917237
0.5309945
0.9953257
0.97106767
0.7794052
0.9092667
0.8873629
0.9055994
0.95137537
0.9999999
0.862751
0.95605
0.97300255
0.99681497
0.98671865
0.5854877
0.8184303
0.91299164
0.9105618
0.9394747
0.9975167
0.7090141
0.8898434
0.6297389
0.9307568
0.9737935
0.850066
0.89844567
0.9458433
0.6900198
0.97889245
0.82155585
0.60633165
0.98882
0.84344715
0.9356524
0.8401043
0.95555764
0.9954252
0.88316256
0.84693944
0.832116
0.8804034
0.8594678
0.5821086
0.6992156
0.87149113
0.90032756
0.77330846
0.99174404
0.9065575
0.9979828
0.9356315
0.99971235
0.8926905
0.89488816
0.829794
0.9354551
0.7488647
0.88927156
0.9118851
0.96415246
0.9940427
0.7453403
0.93710834
0.89825916
0.9688909
0.83873105
0.8228221
0.98414505
0.9701602
0.9363527
0.9808094
0.98953843
0.949785
0.98918575
0.8086525
0.9174674
0.9679477
0.7864783
0.8552697
0.9270102
0.92231935
0.90887773
0.8782438
0.85050094
0.9463795
0.88128066
0.8233305
0.8196653
0.8308943
0.93234617
0.97092044
0.9743192
0.9099387
0.8634486
0.7500184
0.85494703
0.81789273
0.835099
0.9613495
0.85722315
0.93483984
0.7330203
1.0000001
0.86209315
0.5280746
0.9511027
0.86739314
0.9793773
0.8013856
0.94729865
0.9299413
0.8095676
0.80666286
0.8465939
0.90073264
0.95918614
0.82182544
0.85330725
0.93656063
0.866468
0.8958845
0.9929991
0.93365926
0.9887608
0.9240743
0.8347057
0.92924726
0.83345634
0.91766554
0.62048924
0.9557717
0.93054265
0.9106987
0.9160481
0.8876923
0.9073516
0.90910393
0.8286389
0.97566646
0.81347394
0.8420644
0.905667
0.8024453
0.92383486
0.8698009
0.9613412
0.98201597
0.9517522
0.9026753
0.97744274
0.7546781
0.97884816
0.9620222
0.64097565
0.86323726
0.842372
0.87292856
0.8810814
0.91259915
0.978265
0.71402675
0.8896905
0.9460151
1.0
0.9879708
0.8376096
0.98854
1.0000001
0.97096425
0.8814606
0.85532784
0.8640392
0.8972588
0.9259008
0.88770056
0.99965924
1.0
0.6787955
0.7155559
0.692363
0.9186724
0.85946506
0.98290896
0.8841512
0.8890858
1.0
0.9139915
0.940022
0.95228213
0.8223534
0.94602436
0.72812104
0.86230266
0.9107024
0.7748706
0.902103
0.67645913
0.98253787
0.68980247
0.8593465
0.8765427
0.974111
0.85596454
0.9783467
0.99608624
0.8421729
0.8655523
0.7191929
0.6069258
0.91242236
0.9513438
0.9999998
0.98871744
0.9009918
0.8641882
0.8438668
0.99504745
0.91891944
0.70936
0.8563071
0.99821407
0.8601326
0.8628105
0.9781772
0.9685643
0.98645914
0.8025794
0.5351569
0.93784636
0.99405897
0.954227
0.8926946
0.97679996
0.8558521
0.84046113
0.97792983
0.82847416
0.7352431
0.8730816
0.7590073
0.9250718
0.8938128
0.9449103
0.79467833
0.9172544
0.65934503
0.643567
0.78300357
0.97826403
0.8714093
0.91122174
0.8359699
0.9424976
0.9060966
0.92075443
0.99802977
0.8671206
0.9830482
0.9702098
0.70074844
0.95762455
0.7620188
0.9778645
0.87697613
0.78099847
0.8147985
0.8369919
0.949646
0.91137743
0.9362038
0.9024559
0.87596554
0.7739539
0.88039875
0.96138245
0.77212995
0.9010267
0.94332075
0.9172841
0.7423396
0.73569465
0.85295904
0.8643193
0.93216354
0.8893741
0.93470734
0.9885988
0.8698161
0.9517255
0.746515
0.9603026
0.8505696
0.70418453
0.99999994
0.9232049
0.9484369
0.8736994
1.0000001
0.91051704
0.76781994
0.90214956
0.9206545
0.99999994
0.9527899
0.7245617
0.8515447
0.9185088
0.915028
0.89613026
0.92046136
0.77332485
0.770041
0.8935741
0.9203343
0.8686904
0.9910694
0.9526998
0.5321926
0.99620533
0.9049358
0.92496663
0.98097503
0.9391054
0.9860717
0.9642307
0.93100154
0.6691654
0.9749732
0.9316585
0.9922838
0.80521715
0.9143057
0.7720488
0.7271302
0.8569697
0.9663288
0.97734624
0.9084312
0.7699616
0.9142313
0.97601426
0.9534047
0.9134443
0.85024714
0.88246036
0.99999994
0.82290775
0.96036404
0.63269156
0.9608812
0.7960989
0.81053424
0.63324404
0.78510517
0.98869395
0.7889686
0.97845095
0.8561785
0.9758296
0.71048033
0.9441386
0.90354854
0.89408135
0.9954573
0.8666752
0.741732
0.98030955
0.913316
0.8261989
1.0000001
0.75564533
0.73938
0.27380648
0.96986496
0.6770784
0.981532
0.97705585
0.9304755
0.9980761
0.9111424
0.68071383
0.84054613
0.9369272
0.9368051
0.947852
0.7556914
0.95613843
0.9706551
0.8716504
0.79654753
0.7786068
1.0
0.9839849
0.89066046
0.9091109
0.7463947
0.92045736
0.9999999
0.8559521
0.99332446
0.9682009
0.951845
0.80120516
0.98898053
0.9193185
0.7277994
0.843403
0.70238197
0.86881673
0.91628397
0.98951745
1.0
0.9087518
0.9248389
0.990786
0.8829906
0.81653893
0.8391657
0.9101587
0.87913
0.96206117
0.82905066
0.8892084
0.95415825
0.89494145
0.8109306
0.9186392
0.9533099
0.5922175
0.9618986
0.8188778
0.95580024
0.8799136
0.8024711
0.91541886
0.9554962
0.94658023
0.7723746
0.8973361
0.97467315
0.9864821
0.9505784
0.8773567
0.80356574
0.93098336
0.9268056
0.72417486
0.94327915
0.8782928
0.94187284
0.9693416
0.87619984
0.93351877
0.5770229
0.95276785
0.87139136
0.8789336
0.9119348
0.96832097
0.81734794
0.887947
0.9733556
0.8790882
0.53031445
0.9578195
0.904691
0.9601821
0.9247295
0.83591914
0.9898436
0.8860811
0.6525319
0.8419356
0.8395169
0.84049964
0.92346567
0.93283033
0.97542846
0.893585
0.9784636
1.0
0.8656268
0.89816487
0.9073707
0.85308576
0.30312198
0.7878427
0.7846874
0.9213573
0.8586483
0.82727444
0.95424926
0.86396027
0.80366135
0.94960666
0.8637822
0.90775883
0.9376278
0.849804
0.9999999
0.88267016
0.9306948
0.8260344
0.9205967
0.89739656
0.82319164
0.76744246
0.97910154
0.9514845
0.86045635
0.8851479
0.8395026
0.760174
0.8812537
0.95536405
0.8397365
0.93893725
0.47118846
0.85854596
0.79043937
0.9006598
0.87496734
0.97347665
0.9802056
0.9904187
0.93067735
0.9751604
0.9209228
0.9487588
0.7925387
0.97354454
0.86223155
0.80159897
0.8095392
0.9799737
0.90638757
0.9556073
0.85816634
0.837621
0.9381838
0.82690096
0.9843871
0.8913267
0.98419213
0.8848957
0.853804
0.77417266
0.90943515
0.95284575
0.8104268
0.79422647
0.71480846
0.9157768
0.70720077
0.9947991
0.9452219
0.75042033
0.9653163
0.68343115
0.97685266
0.78182256
0.96240383
0.96237516
0.8335844
0.9152788
0.83293366
0.9574602
0.8900869
0.8758506
0.88249886
0.9782318
0.985254
0.87744105
0.7876351
0.6591228
0.8478281
0.87988657
0.8433862
0.76362956
0.80585694
0.951364
0.819498
0.973466
0.9293668
0.9166039
0.88608557
0.7286029
0.8270256
0.9415139
0.99324346
0.9511354
0.5497082
0.8994832
0.80140036
0.8992888
0.96698236
0.90806335
0.9707829
0.8797806
0.912207
0.95014524
0.7863445
0.89116406
0.9798754
0.9086232
0.6984671
0.9204029
0.85489136
0.70152205
0.9874842
0.94862175
0.90451014
0.8222034
0.9912854
0.762967
0.9481923
0.9741969
0.8781913
0.9692439
0.67105347
0.7422833
0.78051734
0.8753437
0.9160702
0.9130884
0.7492962
0.8614024
1.0
0.95393944
0.8748405
0.79396045
0.8858575
0.93190396
0.96572304
0.9045648
0.8233909
0.9074921
0.991343
0.99290895
0.8384199
0.84942204
0.9253802
0.89918286
0.8244648
0.9342627
0.87153363
0.49168077
0.99560475
0.7719996
0.95218045
0.97990835
0.9949014
0.8332752
0.833874
0.97440076
0.98959327
0.6629517
0.71330714
0.88802296
0.96036816
0.9043161
0.899185
0.86382043
0.8834281
0.8323635
0.8284751
0.785135
0.68596435
0.8726333
0.9247656
0.99233377
0.67609197
0.8884293
0.90682083
0.82974356
0.96003056
0.81614965
0.9917506
0.98154145
0.94015825
0.8203325
0.99274796
0.7934518
0.7820772
0.92362773
0.8749044
0.9786043
0.97904193
0.9139165
0.99702936
0.93755597
0.70949876
0.91129446
0.8591874
0.8809742
0.5878099
0.9500305
0.75378495
0.9309231
0.99999994
0.92147624
0.36833704
0.86418796
0.99975216
0.84701055
0.91727304
0.9270521
0.6130998
0.95345885
0.8754555
0.974079
0.9598102
0.7877574
0.5541501
0.7308493
0.9970634
0.7980659
0.62381756
0.46021152
0.8645561
0.84324473
0.83447796
0.9860539
0.97757614
0.9961914
1.0
0.911177
0.8463069
0.9072946
0.95349705
0.83524656
0.915415
0.6351534
0.9833597
0.8976695
0.9996226
0.91975886
0.8262022
0.9329184
0.92981666
0.9576074
0.8085358
0.86881196
0.9983507
0.9892566
0.9878585
0.84351516
0.947915
0.720171
0.84292185
0.79602826
0.5342192
0.9522343
0.7829547
0.8515914
0.86467665
0.87334096
0.99231577
0.89526695
0.9523837
0.9962617
0.8879324
0.8652056
0.8862769
0.9599578
0.93697304
0.9999999
0.92524093
0.98404723
0.7937742
0.8727672
0.95636064
0.9197262
0.99088395
0.9791888
0.98643076
0.90559393
0.98523396
0.8569522
0.51890934
0.91228515
0.864562
0.7019284
0.8714359
0.9328132
0.9719436
0.72844636
0.64941335
0.93813246
0.9261117
0.9324043
0.89912283
0.9031133
0.9343097
0.97281194
0.96101975
0.82007146
0.88790125
0.7076325
0.8142002
0.9008707
0.9683701
0.92690396
0.9440968
0.6676453
0.88756645
0.6579779
0.9362543
0.94151366
0.9196457
0.8772464
0.87967825
0.45569035
0.98389626
0.997087
0.99921274
0.9725365
1.0
0.6106971
0.899524
0.9305416
0.77900356
0.6528493
0.92499113
0.9982843
0.9697554
0.807356
0.82757014
0.87453896
0.773547
0.9351603
0.9434664
0.8814854
0.8952586
0.9601297
0.9925658
0.8823148
1.0000001
0.8240846
0.7269082
0.8242696
0.88193554
0.8897945
1.0000001
0.9226456
0.82264036
0.6735971
0.9084954
0.88999295
0.8958432
0.98232096
0.85583925
0.6208508
0.8879949
0.74555683
0.9707547
0.81171614
0.81091964
0.912908
0.9311206
0.92243004
0.95381725
0.9936365
0.8144654
0.86488384
0.93891174
0.7832063
0.9210131
0.83380425
0.9693473
0.9447043
0.9571258
0.9568107
0.47968805
0.98418874
0.8694281
0.92872787
0.97620654
0.35530326
0.99170756
0.7404606
0.89749783
0.8493433
0.9443626
0.71912754
0.9313909
0.9012273
0.86278147
0.92038184
0.7308986
0.9580921
0.9654915
0.96307194
0.7696041
0.9093517
0.993022
0.7890092
0.9993339
0.8099889
0.8885564
0.9125075
0.7989073
0.9515828
0.97068155
0.8267007
0.9272851
0.9772193
0.9392232
0.8900997
0.9968462
0.8779366
0.95151794
0.8327535
1.0
0.9209138
0.8045771
0.9074184
0.8266059
0.83798194
0.8782276
0.94959784
0.99999994
0.8700891
0.7611207
0.9727801
0.58448076
0.9512465
0.8805003
0.96717787
0.9648302
0.91891015
0.9033384
0.86849517
0.96767956
0.96256924
0.819042
0.8841996
0.8856958
0.99302214
0.9401013
0.9526979
0.96610785
0.7264764
0.9542258
0.48773873
0.97080547
0.63347954
0.82789725
0.9540839
0.9615377
0.9713107
0.9251548
0.82372946
0.9967498
0.8829434
0.98669946
0.9893051
0.98656124
0.7141604
0.8676236
0.8759892
0.77903914
0.8331002
0.96464497
0.61609167
0.9768556
0.7655374
0.8954032
0.94237506
0.85525453
0.89681447
1.0
0.81368744
0.9333703
0.811992
0.9808003
0.8742136
0.8968992
0.98545486
0.98058087
0.87921023
0.93017995
0.7824274
0.6716712
0.9210587
0.9999998
0.87812984
0.9694879
0.9905714
0.8614605
0.87215406
0.8902528
0.8696713
0.9808117
0.87963504
0.8034162
0.9349816
0.87525296
0.94169223
0.87248516
0.97618484
0.9958683
0.87153953
0.99705476
0.9068263
0.52799773
0.9280789
0.55593413
0.96095794
0.53740025
0.8384116
0.93085945
0.9348308
0.9039463
0.7106954
0.7601571
0.9473711
0.87375665
0.9263341
0.9170615
0.9229327
0.9102701
0.89686686
0.9776574
0.98186517
0.84181696
0.8613947
0.96031386
0.9621586
0.8901956
0.85611373
0.807376
0.9408871
0.58864635
0.9803426
0.9178656
0.83087164
0.8882946
0.8910283
0.78766483
0.83866405
0.883595
0.8516308
0.9723634
0.9506097
0.8603755
0.9438007
0.9931573
0.92336863
0.8750368
0.9708468
0.8080677
0.9547717
0.7939418
0.6829216
0.99999994
0.93881387
0.98618066
0.9429269
0.8040759
0.849123
1.0
0.85181606
0.99919665
0.86454165
0.79965174
1.0
0.80033654
0.9738724
0.8690759
0.842684
0.66063404
0.9871809
0.99922127
0.7663469
0.94711393
0.60148484
0.93987155
0.94838107
0.9961438
0.8839135
0.88636994
0.752913
0.98957926
0.81599593
0.6904416
0.7999173
0.9466624
0.9610847
0.76101494
0.7922542
0.80117583
0.9606012
0.8805256
0.80379725
0.93244326
0.9548905
0.7959647
0.92508936
0.84156275
0.87008184
0.8438765
0.737807
0.8225392
0.72341794
0.89093155
0.9898261
0.7841082
0.8704455
0.98475736
0.93636316
0.64913267
0.80571485
0.54979455
0.95396864
0.93996614
0.88504726
0.9412348
0.9601121
0.9755348
0.7232106
0.798857
0.8428431
0.9650167
0.86394227
0.94778717
0.99999994
0.49721932
0.94641644
0.58498806
0.743626
0.9500165
0.88747066
0.7974734
0.83225113
0.9525189
0.61283183
0.9337109
0.8594986
0.980428
0.8613398
0.90458953
0.8756956
0.9719065
0.91817576
0.8642523
0.9717252
0.76154584
0.99814487
0.9693921
0.6250366
0.76921076
0.71426094
0.8839253
0.90031683
0.9278636
0.99091566
0.37268233
0.9158293
0.95995235
0.7399593
0.97737545
0.97375727
0.7559486
0.78035593
0.9999999
0.9001729
0.8805515
0.79006064
0.9263191
0.96593946
0.91916406
0.7782433
0.9513513
0.855396
1.0
0.6783368
0.7424632
0.90435195
0.73606926
0.9886907
0.9966023
0.8129529
0.50389075
0.94618005
0.885914
0.96060383
0.7260177
0.8495798
0.9250432
0.9303192
0.6961835
0.8862783
0.61745894
0.9660651
0.96542704
0.9719195
0.915106
0.9241487
0.92340636
0.9637692
0.9711708
0.998836
0.8388287
0.89295167
0.69964784
0.91373837
0.8996831
0.97364724
0.40994138
0.85965943
0.67127043
0.6734894
0.7527343
0.74320865
0.9725266
0.9988106
0.7794568
0.8361733
0.97214884
0.9359849
0.9871837
0.98676157
0.9903459
0.93618876
0.9690188
0.78168476
0.9829813
0.7175956
0.7260684
0.9113516
0.8694258
0.84677786
0.7675295
1.0
0.90450305
0.7689332
1.0
0.6142858
0.9655357
1.0
0.8357732
0.8888372
0.79738164
0.6307048
0.9237424
0.9205934
0.58380693
0.8810139
0.92802805
0.6766137
0.92026305
0.85600436
0.8660937
0.94184375
0.7455387
0.8856732
0.5044705
0.8150073
0.9535245
0.8904574
0.8620393
0.96486515
0.89953005
0.9158412
0.5360743
0.88339293
0.9473909
0.799197
0.82498467
0.8889799
0.91240275
0.9593488
0.9070682
0.9703344
0.9332189
0.9659356
0.92002124
1.0
0.98876244
0.8973323
0.9777488
0.9570447
0.9056746
0.93764365
0.76610637
0.9044788
0.99953336
0.9404649
0.9501585
0.8914873
0.7325716
0.97957003
0.7706126
0.74523145
0.79934436
0.98963094
0.88503635
0.9570913
1.0
0.98950577
0.9772585
0.95698434
0.953909
0.9805243
0.9342098
0.8354576
0.7433092
0.8982518
0.8992552
0.8298017
0.8611775
0.84250957
0.901834
0.96710974
0.9521605
0.67274046
0.9873195
0.72738564
0.9710408
0.86667967
0.9764156
0.96165717
0.90163517
0.7822401
0.71582294
0.6874356
0.9732034
0.90074635
0.8790948
0.8260223
0.94653153
0.9164076
0.8642172
0.8382515
0.62137824
0.9642786
0.94092476
0.9394728
0.98927003
0.80966866
0.85291564
0.78875977
0.954604
0.81436825
0.8469102
0.71789116
0.6956101
0.600575
0.9357116
0.92612576
0.9233686
0.79934585
0.8661538
0.78989166
0.7974857
0.9374392
0.9099243
0.96044326
0.9031371
0.8091954
0.8990252
0.99058014
0.56613827
0.98495996
0.79058254
0.8809892
0.90554696
0.8212393
0.82417023
0.95338285
0.94555986
0.8730488
0.94584394
0.91603386
0.9611651
0.90502274
0.72592807
0.9057387
0.7601661
0.76119536
0.8152373
0.94402003
0.6739298
0.9849565
0.9164448
0.68465596
0.7393053
0.9710574
0.923198
0.87869275
1.0000001
0.9443758
0.838369
0.8664547
0.7571097
0.7274602
0.9960529
0.9269706
0.906913
0.91262555
0.31892195
0.96789974
0.78815997
0.870855
0.99999994
0.8870943
0.86671627
0.6394981
0.784776
0.87105477
0.94692636
0.8284236
0.96103513
0.94243777
0.87602925
0.9818132
0.9766043
0.9881551
0.85283303
0.8474021
0.9199752
0.96080905
0.8884562
0.7476182
0.9325088
0.8964296
0.8643316
0.995076
0.89779115
0.7314994
0.8899627
0.9419594
1.0000001
0.9996097
0.87352
0.9552086
0.99999994
0.97066665
0.97778356
0.9026305
0.8482916
0.6935689
0.9383589
0.79138815
0.9748514
0.9412847
0.92574674
0.8911089
0.8188993
0.67511547
0.8362456
0.87898105
0.84407556
0.763385
0.78160775
0.6596257
0.9314705
0.6636441
0.7694711
0.8738173
0.92812973
0.979499
0.5390404
0.9406705
1.0
0.9652278
0.9993358
0.98397356
0.9281089
0.92765313
0.9582147
0.96017
0.6455438
0.9266413
0.7125067
0.18197514
0.9917395
0.9445143
0.95020944
0.96931285
0.959673
0.90308833
0.73709464
0.9311998
0.9101052
0.9292607
0.99999994
0.92395914
0.8253704
0.8506228
0.8839602
0.83938646
0.9088754
0.8213478
0.8214975
0.698032
0.8473875
0.9419118
0.95633835
0.8875216
0.9509449
0.8289041
1.0
0.9009031
0.98266137
0.69355637
0.9808903
0.8649111
0.97574586
0.92836916
0.8330815
0.8549006
0.9321574
0.8914466
0.99075955
0.94790137
0.7803495
0.93463343
1.0000001
0.8612421
0.7959094
0.7466898
0.8862378
0.90774935
0.9971271
0.82180524
1.0
0.72997195
0.9140736
0.8717356
0.94690055
0.8119987
0.9428655
0.81862676
0.9378091
0.918056
0.78301835
0.7136538
0.9299978
0.7350159
0.9869571
0.7271953
0.9762247
0.9802753
0.92770207
0.8718834
0.68307215
0.8880724
0.9349465
0.6674734
0.78777283
0.77865213
0.98477805
0.8567241
0.9239691
0.9544257
0.95178115
0.9077836
0.7444978
0.88639224
0.92759055
0.9130189
0.7978255
0.6819457
0.87685543
0.93487376
0.79885125
0.8876195
0.9651327
0.96036375
0.96623075
0.7531999
0.98098516
0.93751913
0.93605113
0.7729722
0.9847491
0.94112563
0.9797907
0.8182293
0.95146406
0.77869904
0.9880521
0.960436
0.77786964
0.7581749
0.95643187
0.98299915
0.94872916
0.77931786
0.7157385
0.92562765
0.97845
0.84469944
0.9434472
0.9392553
0.9701394
0.9400752
0.8163954
0.8807702
0.95347464
0.87672013
0.9390291
0.9567169
0.82867974
0.8407687
0.8355484
0.9946751
0.99801636
0.8498794
0.9495681
0.9094501
0.8978931
0.82153094
0.9166164
0.9098734
0.7464809
0.9405713
0.94558644
0.81241274
0.8015095
0.7613348
0.95796615
0.80245054
0.9800016
0.9520261
0.99999976
0.94985056
0.9868454
0.7879502
0.8877969
0.8894167
0.6565446
0.89316356
0.99146307
0.9883903
0.90616757
0.99029934
0.7820361
0.9527324
0.90887105
0.9025413
0.6595775
0.9236525
0.9637923
0.99915946
0.8528441
0.93127286
0.8696289
0.9281291
0.9958109
0.7474588
0.8644
0.9178639
0.9798974
0.9999999
0.92105913
0.9472195
0.792885
0.9173128
0.93038875
0.95427144
0.9063719
0.8896912
0.796036
0.8211715
0.9441147
0.7993023
0.8802647
0.9715055
0.8456754
0.93193084
0.9810092
0.95938563
0.9730233
0.9136619
0.75919616
0.84816337
0.74324954
0.9059224
0.8928474
0.9907355
0.9171
0.9894457
0.9011614
0.93474543
0.96808755
0.9593662
0.924253
0.9817788
0.9253256
0.8282634
0.91358
0.8930185
0.9606275
0.9120965
0.9037893
0.879463
0.92012036
0.9442323
0.78227824
0.7776069
0.823586
0.9226208
0.902668
0.8892685
0.9412041
0.89915794
0.9324015
0.90821135
0.69481194
0.82366186
0.9807805
0.9078106
0.94939625
0.92421085
0.7244232
0.92570484
0.9999999
0.91050386
0.6218842
0.8456838
1.0
0.97161055
0.85056204
0.8911797
0.98263174
0.5339133
0.9602201
0.9430948
0.9745063
0.7858527
0.82241
0.92106926
0.8885274
0.91370016
0.9519559
0.8870027
0.9332697
0.748199
0.87684476
0.94815826
0.8392508
0.78568745
0.58334243
0.8544403
0.9354904
0.9221295
0.9648792
0.8948355
0.6746831
0.9490318
0.9383825
0.92904794
0.9493748
0.95915854
0.8502893
0.98941493
0.9730101
0.94213915
0.9341876
0.8433366
0.82790315
0.98403484
0.940208
0.8648728
0.99777657
0.94289064
0.97974044
0.9955234
0.69083786
0.941458
0.9082111
0.9432336
0.8099954
0.95328975
0.8519265
0.87400305
0.7011839
0.7680291
0.8661001
0.6323785
0.9713558
0.9073957
0.9967905
0.9846175
0.94832206
0.95551395
0.9618433
0.86254895
0.76508695
0.84281445
0.790631
0.84737176
0.81431067
0.8278687
0.6932445
0.684698
0.80989873
0.92773813
0.8432305
0.7594801
0.99408674
0.9627704
0.91077733
0.9972478
0.88912475
0.93800914
0.9433552
0.80029
0.92380106
0.76484954
0.90030056
0.9593455
0.9475394
0.85523874
0.67239296
0.98468584
0.7880604
0.9190693
0.99999994
0.9773424
1.0
0.87540245
0.910817
0.7980229
0.8872425
0.84080285
0.5692521
0.97795594
0.9992251
0.98887897
0.9662442
0.8520094
0.786947
0.8173245
0.91324055
0.92300713
0.8516934
0.89612174
0.9754263
0.7780309
0.8538709
0.90333146
0.74666744
0.81275
0.976725
0.8598141
0.80503666
0.70506525
0.842771
0.9504129
0.9463802
0.82558006
0.6478612
0.85791713
0.91288215
0.7605904
0.9591029
0.9428822
0.8756944
0.97092867
1.0
0.9405924
1.0
0.9789816
0.9084658
0.9261034
0.91174996
0.9438889
0.79375696
0.57013553
0.9770783
0.9315343
0.9338866
0.9671407
0.83794045
0.8529276
0.9769715
0.814688
0.7682498
0.86412585
0.7592811
0.7763545
0.6840344
0.9130043
0.95231414
0.3980867
0.90656865
0.9152807
0.96107394
0.9697231
0.7917176
0.7677518
0.44959486
0.9193969
0.97505563
0.8388761
0.72102714
0.956313
0.94374126
0.660499
0.96546316
0.91270405
0.88413614
0.90144557
0.80647457
0.9544661
0.6996544
0.96389693
0.9015161
0.9691628
0.81614584
0.8202971
0.92257637
0.86965966
0.9224572
0.8142996
0.9325152
0.95262456
0.8156539
0.69458526
0.9476304
0.976629
0.98868
0.93838537
1.0
0.9817164
0.9615567
0.9189248
0.9508872
0.8203751
0.9326876
0.9635873
0.7134938
0.8595101
0.7565234
0.88159454
0.86176616
0.8323717
0.921245
0.91720045
0.95283884
0.810969
1.0000002
0.90766335
0.7716451
0.9983753
0.91035104
0.9394179
0.9213555
0.75734794
0.97976696
0.88218063
0.82782364
0.7254287
0.99999994
0.7818507
0.9552029
0.7968163
0.97237
0.95164776
0.675894
0.96358293
0.9445025
0.9820794
0.813939
0.96606386
0.97322536
0.8922333
0.5481789
0.94459724
0.9167658
0.8300924
0.89205116
0.9900204
0.9622741
0.87413865
0.85426736
0.8814664
0.74967396
0.77646744
0.75847036
0.8760628
0.79623985
0.95083255
0.53270626
0.9600391
0.5197671
0.84786934
0.7744659
0.93175393
0.85151714
0.71575946
0.8986425
0.945812
0.92950034
0.954772
0.95571023
0.9385149
0.6897007
0.8748543
0.88587797
0.9307886
0.64290255
0.76617944
0.655852
0.7485204
0.8740841
0.9398295
0.9577886
0.8926764
0.95050555
0.740754
0.815494
0.7199224
0.67704195
0.8932923
0.8888245
0.84863865
0.8129697
0.78561693
0.44278744
0.8341098
0.8855589
0.9378333
0.81556344
0.94388074
0.90955734
0.8837014
0.42348915
0.9889687
0.9518349
0.9383219
0.81004
0.95794225
0.88825226
0.94054335
0.96726847
0.5446971
0.7374673
0.9457542
0.957033
0.92386115
0.9605492
0.85048807
0.92646676
0.9290293
0.8194901
0.99999994
0.96131796
0.9963014
0.8954384
0.9089761
0.9590126
1.0
0.99917215
0.9434504
0.7851274
0.6051426
0.9165048
0.9479429
0.970181
0.94147694
0.6652885
0.98694485
0.96780014
0.59504914
0.84489155
0.9167029
0.9743298
0.8940528
0.84127593
0.9779644
1.0000001
0.9494966
0.83146566
0.96121186
0.8373996
0.8861174
0.54053664
0.8749639
0.6077661
0.95386595
0.862757
0.894024
0.90955216
0.9301382
0.8435081
0.589095
0.6849657
0.6794994
0.7983474
0.8909687
0.7995317
0.9733094
0.5750355
0.6513671
0.85652727
0.9402299
0.7431346
0.8805397
0.91864586
0.9796718
0.8388695
0.9708526
0.9889722
0.73204714
0.8635844
0.8118548
0.84175694
0.76858795
0.7300193
0.95288265
0.88045835
0.77784574
0.98763764
0.6127797
0.954975
0.9333649
0.7697903
0.9691539
0.78455293
0.9916982
0.7834459
0.9179421
0.99153394
0.99235606
0.99810463
0.9357616
0.9321871
0.7938008
0.9979538
0.7684166
0.9775699
0.9505513
0.8797892
0.8427019
0.998239
0.9788515
0.73106676
0.92656064
0.92814505
0.8289145
0.9982128
0.9928016
0.951476
0.89521635
0.7838377
0.9648324
0.8958769
0.44208968
0.97985494
0.80333054
0.70186764
0.96487826
0.9101451
0.8622754
0.7547561
0.97829974
0.84457636
0.9140581
0.9230968
0.9577279
0.9983235
0.96237665
0.9258878
0.99663424
0.93658864
0.9001857
0.96311164
0.8284902
0.9367836
0.9482818
0.86503273
0.7527876
0.82109356
0.8291949
0.9866325
0.9611929
0.6410029
0.8264141
0.9891146
1.0000001
0.6392289
0.9921082
0.7117457
0.89864784
0.9581013
0.8424795
0.93986934
0.86583406
0.8637835
0.9922077
0.88157415
0.8362011
0.9075345
0.8915826
0.88453716
0.9151363
0.99939007
0.53091073
0.8638932
0.7690983
0.8773496
0.88846654
0.9661321
0.85222435
0.53924114
0.932661
0.99999994
0.7866031
0.7639096
0.83743495
0.9730824
0.75616115
0.85989237
0.71777225
0.7887472
0.83041656
0.8849115
0.8389634
0.859177
0.929128
0.94084376
0.9987059
0.8467585
0.98262024
0.8367375
0.90036213
0.858497
0.8669261
1.0000001
0.95054924
0.9654667
0.96799487
0.8860452
0.8747327
0.9489919
0.92635655
0.9622854
0.87373024
0.8784051
0.9879638
0.9460121
0.99322736
0.89098823
0.6862017
0.8462245
0.87071383
0.97330725
0.9064668
0.87666065
0.9867785
0.5740605
0.74609905
0.72972554
0.75468826
0.754007
0.8836311
0.8064643
0.74014425
0.6957334
0.9641269
0.89849776
0.862167
0.9585444
0.81240594
0.82613117
0.9280143
0.9047338
0.9152645
0.8295188
0.9873272
0.9910976
0.8120464
0.8281555
0.8479949
0.9494268
0.7261715
1.0
0.8521705
0.8729433
0.98058575
0.81398815
0.9172305
0.99679554
0.9765135
0.9591803
0.91279346
0.9348058
0.93855184
0.98836195
0.8942439
0.7853755
0.7984952
0.88051975
0.8681519
0.8499996
0.7269337
0.88015884
0.85486025
0.9999999
0.5012614
0.94859207
0.95308554
0.95526797
0.8383453
0.90647495
0.8858882
0.8230276
0.9344282
0.91538674
0.8150707
0.7906295
0.9854015
0.8566182
0.75359744
0.88312155
0.7636552
0.9067905
0.94123197
0.7644093
0.9242381
0.8519909
0.8475328
0.9983603
0.9264069
0.64296913
0.9117044
0.9812525
0.96251947
0.9944448
0.9916448
0.8652008
0.9675478
0.84300184
0.9643527
0.7664222
0.9477075
0.879724
0.94644797
0.8745205
0.9886118
0.9890251
0.94049233
0.8844112
0.98459923
0.7453031
0.95206034
0.9544893
0.7727898
0.79371226
0.9616261
1.0
0.8142523
0.8090166
0.8629654
0.83531326
0.9937037
0.93541634
0.980533
0.7359398
0.9853407
0.7528604
0.8767772
0.8176476
0.7072803
0.9399375
0.9434996
0.9308083
0.9324167
0.8975111
0.9590078
0.96827537
0.9061408
0.96379954
0.67076504
0.9996565
0.99811846
0.9882513
0.9287947
0.78044957
0.852768
0.90515006
0.8649604
0.7825353
0.8574348
0.9715231
0.9138968
0.8904541
0.8653562
0.9001105
0.9200174
0.90229803
0.8744045
0.824193
0.8974921
1.0
0.9078851
0.9664312
0.8129578
0.91559935
0.8103203
0.9201825
0.8572973
0.9641616
0.97990096
0.84827745
0.9438074
0.99999994
0.9374007
0.9627646
0.56253546
0.9035881
0.85043156
0.98072004
0.91757715
0.88141227
0.8952365
0.9418099
0.9095663
0.80165595
0.54636276
0.53208554
0.6626956
0.9285872
0.8561845
0.8353994
0.82018065
0.80834424
0.9315516
0.96929395
0.99162257
0.8913502
0.86002123
0.69574356
0.96683925
0.935663
0.8457079
0.9999999
0.8755827
0.99604344
0.7280586
0.83627367
0.8425195
0.91136813
0.8594545
0.92155015
0.9026711
0.6937883
0.9215841
0.92502767
0.93911535
0.8583648
0.99555576
0.8420972
0.9422258
0.8538823
0.84574103
0.9993653
0.74328405
0.59460217
0.97251326
0.9148071
0.98076695
0.95773387
0.9586135
0.9995496
0.91636896
0.8641846
0.9273293
0.99317944
0.7399507
0.7556624
0.87791705
0.99270105
0.42002076
0.8183525
0.8729185
0.7005503
0.9063509
0.97193146
0.66989213
0.94017416
0.8096299
0.86984164
0.91946024
0.98107517
0.6334524
0.83531547
0.70507854
0.9543228
0.9551009
0.7012672
0.9638452
0.97111887
0.89672166
0.63611317
0.85736084
0.97172916
0.862627
0.9938908
0.9175569
0.67904836
0.9498948
0.95814234
0.9853398
0.94859797
0.9591666
1.0000001
0.8637809
0.87433493
0.87421143
0.98739403
0.8987976
0.98872614
0.92237335
0.9472772
0.98651
0.9029128
0.90257007
0.98990464
0.8261966
0.7825762
0.9505079
0.9944955
0.917203
0.8636193
0.96446216
0.85159445
0.77948105
0.88612735
0.9212285
0.94923556
0.80902135
0.99498653
0.9031453
0.94507754
0.85128856
0.91517556
0.9476872
0.9613576
0.98300177
0.8928534
0.80700403
0.82025063
0.98271394
0.6071538
0.89883
0.9607862
0.96205366
1.0
0.92768204
0.9528723
0.88357824
0.940846
0.87770283
0.98558116
0.99745244
0.97848505
0.88999075
0.98454255
0.7644176
0.9411052
0.98121953
0.8209984
0.90263265
0.74338824
0.95744395
0.8010567
0.9151253
0.97103775
0.778041
0.7058055
1.0000001
0.99999994
0.7985601
0.95119065
0.9643809
0.9371502
0.971136
0.9312427
0.9067276
0.64685494
0.93835765
0.9229196
0.7876481
0.955393
0.9621052
0.9884451
0.8283151
0.97627693
0.96453464
0.99846774
0.9396879
0.9458185
0.9194711
0.9990099
0.944433
0.9364164
0.895589
0.9663113
0.80823493
0.8395959
0.83588886
0.9840542
0.8284321
0.95206356
0.9823618
0.9508601
0.9018905
0.95803595
0.7042725
0.89605933
0.7423199
1.0000001
0.9505317
0.88387424
0.95936483
0.9325432
0.9799391
0.9488334
0.97527134
0.96594286
0.83046293
0.96229917
0.9882896
0.6168274
0.88469267
0.57999134
0.96118903
0.43900034
0.9424374
0.94764143
0.94261146
0.8917043
0.9230051
0.9358374
0.8980804
0.7506184
0.8610806
0.9212271
0.89613855
0.8868322
0.7533449
0.9205736
0.8288092
0.96624553
0.7664984
0.9627196
0.88166744
0.86082554
0.6956598
0.9995116
0.89678216
0.8578204
0.6756785
0.830069
0.70638794
0.79758126
0.84132266
0.8608833
0.799454
0.9629181
0.8152304
0.9387827
0.88699317
0.89145446
0.9565141
0.8630236
0.90317285
0.9996848
0.7380973
0.846488
0.89545643
0.8974926
0.90708077
0.8498933
0.95112073
0.8931055
0.8322559
0.7579336
0.7911761
0.88449997
0.92927366
0.9711066
0.9790493
0.996481
0.9109781
0.8065295
0.9924077
0.8901703
0.8772373
0.92713153
0.8981612
0.9347484
0.8499258
0.87752104
0.9398339
0.8854972
0.86579335
0.94722664
0.97239834
0.91781443
0.9979329
0.96383184
0.8416785
0.6651029
0.81618303
0.95693
0.9518552
0.7992415
0.98389566
0.9059029
0.8636137
0.79879826
0.7782062
0.9657801
0.8003502
0.8889768
0.7483928
1.0
0.8977924
0.84545517
0.8863642
0.90120053
0.9545588
0.9059651
0.9308364
0.9291201
0.9744219
0.47238588
0.9908451
0.90257996
0.8607651
0.9926138
0.969133
0.8368937
0.8179634
0.923048
0.9614763
0.9857638
0.7002443
1.0000001
0.82009006
0.7896388
0.99779946
0.87705344
0.7638717
0.94631726
0.91053903
0.87061447
0.98103726
0.8195821
0.92744076
0.90408474
0.88880605
0.641623
0.9659197
0.9804308
0.98335814
0.7763496
0.8676597
0.8760618
0.868462
0.90487117
0.74215007
0.870241
0.89445746
0.87575483
0.94861305
0.8773438
0.9301234
0.9714677
0.93142825
0.6764247
0.94205475
0.90878516
0.75710154
1.0
0.8253054
0.95921624
0.88715994
0.79440653
0.9608557
0.8762695
0.8480736
0.86989886
0.8335039
0.86590254
0.86887276
0.9842812
0.77650297
0.84220266
0.97612387
0.8627534
0.8523451
0.94536567
0.8711964
0.8014036
0.8645521
0.9208841
0.82186294
0.7946371
0.8696637
0.6632432
0.98402536
1.0
0.5685377
0.87703615
0.9252003
0.9079358
0.72895086
0.88622785
0.7879142
0.89208776
0.948122
0.9989896
0.8682807
0.9020976
0.9449542
0.947988
0.9337841
0.9476069
0.92097676
0.8801613
0.9005554
0.93684804
0.8492721
0.9495271
0.9992331
0.7810901
0.9257278
0.6480297
0.8248122
0.96942854
0.9314596
0.9094632
0.7738042
0.9442316
0.90360314
0.9978766
0.7209943
0.9205541
0.84324247
0.9737958
0.6006275
0.8282119
0.77849025
0.89722764
0.9902326
0.912343
0.88987935
0.92536443
0.8600651
0.97929573
0.798108
0.76121724
0.9123872
0.9499748
0.8499067
0.9506428
0.968389
0.66630983
0.87107426
0.8654913
0.9829358
0.78181326
0.8385444
0.90390337
0.8059893
0.76527375
0.9389102
0.9762794
0.9893104
1.0
0.7933773
0.8712253
0.8600943
0.9798285
0.93943477
0.78719354
0.8348247
0.9181032
0.8675989
0.78888994
0.5586286
0.71789426
0.91999
1.0
0.9529894
0.64872015
0.8483504
0.74246144
0.83396983
0.6864029
0.76987267
0.8914
0.9227615
0.83783215
0.8443621
0.84631896
0.9004247
0.8402245
0.96803766
0.8507347
0.98559016
1.0000001
0.84721947
0.77804077
0.96900743
0.9088895
0.82000077
0.8061715
0.9442012
0.98654056
0.63968277
0.9749843
0.9532038
0.95922756
0.9216923
0.86009616
0.94086975
0.9841372
0.881722
0.7517963
0.9341067
0.80425245
0.9596427
0.97433865
0.8710762
0.9329009
0.9007217
0.9732656
0.8418138
0.95530486
0.93178874
0.6355451
0.896662
0.9715998
0.84299135
0.75563926
0.8339674
0.86843956
0.9119363
0.96528137
0.8557795
0.8096451
0.8920992
0.9956354
0.88491035
0.9976822
1.0000001
0.49121335
0.86961997
0.96679884
0.85585
0.99135023
0.9383205
0.9359155
0.96268475
0.99647224
0.79309666
0.76255834
0.8978836
0.9681343
0.821504
0.8996317
0.79053533
0.92708904
0.87117314
1.0
0.7764757
0.60249025
0.8980735
0.844115
0.7827911
0.9685775
0.97573686
1.0
0.85161114
0.39452747
0.9074943
0.89902765
0.9748188
0.988568
0.8615365
0.99551624
0.8293618
0.8489959
0.8583467
0.8325304
0.87813336
0.9895034
0.8872392
0.999336
0.8798777
0.72355103
0.7638628
0.7007582
0.9861293
0.85832864
0.9345894
0.79712725
0.802493
0.70644516
0.97667027
0.7623637
0.9097605
0.8170659
0.93434376
0.99999994
0.9873313
0.7243507
0.89754415
0.92002034
0.8125869
1.0000002
0.86689144
0.9160122
0.98881876
0.9810179
0.97151697
0.74772704
0.65400577
0.9392729
0.91052127
0.8866964
0.7782409
0.6327292
0.80472445
0.63966453
0.9298014
0.90709984
0.9077476
0.9495789
0.58479905
0.9721248
0.80500245
0.9587083
0.87398696
0.9666986
0.8185909
0.93756557
0.8586798
0.99999994
0.7684744
0.6294403
0.8841263
0.95036435
1.0
0.95272243
0.84013784
0.8669221
0.8581938
0.88051987
0.98946524
0.8582275
0.9017519
0.89068836
0.92447
0.870007
0.9132284
0.80897427
0.9707476
0.9608017
0.8999363
0.6505545
0.9353795
0.8023588
0.89860064
0.93402606
0.78837764
0.982677
0.90658456
0.95660836
0.95801276
0.8157415
0.89035976
0.828753
0.8995536
0.5842367
0.99403054
0.7535374
0.81415397
0.8528546
0.94100827
0.6931634
0.92876756
0.98189044
0.86001694
0.94407797
0.9698815
0.9272682
0.96402943
0.68005955
0.60878766
0.9571384
0.9096962
0.7137887
0.9154079
0.9659733
0.8750568
0.8354236
0.9008354
0.9734182
0.9186591
0.9473233
0.7720132
0.97947466
0.8596756
0.9558753
0.96983457
0.8226781
0.9991516
0.8874867
0.91768414
0.926744
0.7991551
0.71279866
0.68713176
0.9560342
0.8959125
0.9444225
0.86874217
0.8712503
0.7969184
0.63163173
0.9643693
0.9565153
0.84667444
0.9634966
0.96103394
0.8309159
0.95237094
0.90678847
0.80603224
0.986527
0.9997452
0.884103
0.8734325
0.79587287
0.951624
0.80299026
0.89771146
0.6936625
0.6967181
0.07806019
0.8739353
0.96815324
0.8595129
0.86707574
0.82669866
0.80312145
0.90892076
0.9760189
0.92877
0.76999307
0.66184366
0.93132454
0.88623863
0.8966282
0.9986061
0.79466057
0.8082835
0.7310028
0.91670674
0.97946846
0.8459858
0.71179324
0.99657923
0.93702686
0.93827945
0.85455626
0.8270631
0.9753623
0.86511254
0.7637772
0.81411743
0.87598944
0.95558894
0.9056287
0.97517407
0.9670683
0.9306618
0.7947227
0.76803964
0.9431409
0.7296758
0.96222126
0.9715244
0.94788253
0.8786042
0.95650864
0.805829
0.9352596
0.8242932
0.9259096
0.8470942
0.8830669
0.9573228
0.9347336
0.68121946
0.7265334
0.47983906
0.9707173
0.72771764
0.8308539
0.8621667
0.88469565
0.72640634
0.8598926
0.92715454
0.9713084
0.95743686
0.8759783
0.9299439
0.95925546
0.9364097
0.98667777
0.91763943
0.8352153
0.9594694
0.9382646
0.91118413
0.88419825
0.89170074
0.84961987
0.9258368
0.9323033
0.88409984
0.9576634
0.8659334
0.85596687
0.9165839
0.98019147
0.6755875
0.8752184
0.89343446
0.8755254
0.96573585
0.9981065
0.8586353
0.94217145
0.920664
0.98552966
0.8862909
0.8367543
0.8124691
0.895003
0.72258127
0.99999994
0.98704517
1.0000001
0.87795657
0.99465
0.9129108
0.6611203
0.8735728
0.9318564
0.81102705
0.9443796
0.8555342
0.9002551
0.9067721
0.7139953
0.89447576
0.81355864
0.8625391
0.95010406
0.9836749
0.992644
0.96301466
0.676985
0.9281114
0.8770757
0.8216647
0.8540485
0.9881833
0.68943006
0.97145206
0.93568707
0.79139054
0.8657712
0.8333022
0.4031098
0.9316941
0.948045
0.993508
0.95510733
0.93978524
0.8977962
0.8987186
0.942117
0.8712618
0.8214001
0.87952584
0.9613565
0.84139514
0.9696572
0.98549956
0.9790019
0.86704654
0.9270406
0.83563614
0.961411
0.9122301
0.98524356
0.8423984
0.93586123
0.90857524
0.7694785
0.9572174
1.0000002
0.8268057
0.8985058
0.9717985
0.9222498
0.9731976
0.68538713
0.8473429
0.23942938
0.89399594
0.99999994
0.8350724
0.8170371
0.97739434
0.9675849
0.6780808
0.6810573
0.9573833
0.853494
0.9043725
0.80456644
0.90994394
0.9582159
0.79611325
0.5900084
0.7664805
0.70677334
0.9078922
0.96176064
0.57276875
0.81290716
0.7642903
0.9597098
0.96441466
0.85595024
0.89249706
0.7022584
0.76260185
0.9455442
0.88059497
0.77732897
0.84607404
0.89443374
0.8106159
0.95781314
0.88474596
0.7423648
0.9098922
0.9154827
0.9840768
0.9027724
0.92576194
0.8533879
0.87154853
1.0
0.91882885
0.9749679
0.95729834
0.6765034
0.9644066
0.83531886
0.96005833
0.9906845
0.7754846
0.69326663
0.7586854
0.852545
0.9186421
0.75673145
0.63289446
0.84930164
0.9790221
0.8577759
0.9030831
1.0000001
0.91644824
0.8858254
0.84951735
0.9628148
0.94431114
0.81279016
0.8090323
0.88882995
0.95677197
0.8976637
0.9689758
0.90252745
0.72570693
0.8791181
0.8863137
0.99916106
0.8620008
0.6472298
0.8372829
0.9041705
0.8929875
0.9081708
0.788092
0.7563571
0.9361976
0.8459735
0.9504879
0.9761834
0.8639364
0.95754296
0.91505027
0.772946
0.8245293
0.6967104
0.98312634
0.7837896
0.88222706
0.86959237
0.9432481
0.81858927
0.80081445
0.8362787
0.99412775
0.62083703
0.9920537
0.9529207
0.9554914
0.7845998
0.63432
0.86020714
0.96842515
0.80623317
0.8993401
0.8574269
0.9059208
0.8730287
0.94103724
0.8813424
0.9836208
0.98229074
0.90953624
0.6590041
0.846688
0.9244185
0.93411124
0.43482476
0.8714483
0.8789164
0.7259194
0.76188
0.94817007
0.84315425
0.85337365
0.92017084
0.8697244
0.83105516
0.87580156
0.61875683
0.56337225
0.7013159
0.89869034
0.72877884
0.8562233
0.90989095
0.8040887
0.9300624
0.73399365
0.7888288
0.98865175
0.90876794
0.9640128
0.96856964
0.95366246
0.812609
0.8334907
0.6690831
0.9538672
0.8462516
0.8999738
1.0
0.59985316
0.8505924
0.8725609
0.94561493
0.87979585
0.8770904
0.8009323
0.90819436
0.95227796
0.99013233
0.8424195
0.9647088
0.90676355
0.8381421
0.77054435
0.88358086
0.960908
0.98461294
0.6537112
0.92601156
0.65421265
0.9409197
0.9162348
0.87622046
0.8358549
0.97077054
1.0000001
0.7409973
1.0000001
0.89011145
0.8677351
0.8933663
0.92548776
0.50537306
0.7612994
0.86074626
0.96969974
0.888265
0.89669234
0.9635138
0.91674316
1.0
0.9721929
0.95393145
0.8697809
0.8513773
0.8686854
0.9219706
0.9505676
0.89723295
0.9705212
0.7061033
0.9612715
0.7916408
0.86426777
0.89438045
0.9710471
0.9545118
0.7884336
0.8360484
0.9485421
0.8847585
0.91758335
0.9773121
0.8546768
0.95838994
0.8522638
0.94550335
0.59949166
0.7986075
0.9934645
0.90924555
0.86004156
0.9571649
0.8394479
0.66013384
0.84213614
0.9983029
0.9346293
0.65136576
0.95028317
0.8998772
1.0
0.73881745
0.96831393
0.9118795
0.76167274
0.94059956
0.8921901
0.7943232
0.8125899
0.73468286
0.9438174
0.9832287
0.98381263
0.9938767
0.88574505
0.9725958
0.861831
0.758378
0.93626344
0.98700947
0.8849299
0.80706483
0.7919388
1.0000001
0.74597985
0.874451
0.95152783
0.9646034
0.95931315
0.9894119
0.88059783
0.94732547
0.80159837
0.9593685
0.833393
0.89703554
0.68878824
0.9801072
0.5933008
0.8659003
0.89527965
0.8633672
0.88913405
0.95664513
0.854423
0.9372131
0.8880011
0.9697554
0.92157865
0.9037021
0.8536751
0.8497265
0.7434591
0.891287
0.83838105
0.69903964
0.9975372
0.99550796
0.864431
0.64492464
0.9399991
0.8466272
0.91576463
0.7898695
0.8538925
0.9641743
0.8831102
0.93402785
0.8875847
0.93334967
0.8476906
0.9272587
0.92402166
0.77512634
0.99481183
0.9603332
0.9773356
0.87883705
0.87640566
0.99223477
0.9134487
0.9173172
0.93678236
0.76449955
0.906826
0.7281751
0.8252202
0.87466943
0.94769424
0.81508946
0.83325416
0.9137875
0.7561655
0.80864406
0.98994285
0.82348025
0.82633877
0.9999999
0.8954817
0.9743214
0.9010267
0.8929199
0.8498078
0.9189139
0.95888877
0.944181
0.99655634
0.9275878
0.86880034
0.94827974
0.6754982
0.96563333
0.86487985
1.0000001
0.7674269
0.7852266
0.9820495
0.83299345
0.9841449
0.8237478
0.9785279
0.9283855
0.8683052
0.8769949
0.96214205
0.7586375
1.0000001
0.7375359
0.9834262
0.89852536
0.9430102
0.6362527
0.8194703
0.9697529
0.8092219
0.9723699
0.92154485
0.99358845
0.87254184
0.999176
0.98302406
0.5225097
0.84781635
0.9950131
0.95947194
0.9054735
0.96753734
0.72944546
0.75353944
0.9102549
0.99026895
0.8994077
1.0000001
0.94792384
0.837506
0.77738047
0.9760007
0.8572276
0.9951386
0.8967649
0.86870515
0.84023213
0.9489469
0.9248523
0.93020535
1.0
0.95470756
0.81883067
0.95581007
0.9893821
0.88023597
0.87868005
0.89574313
0.99247015
0.8815366
0.95781505
0.89796036
0.9342227
0.8544396
1.0
0.7283749
0.9548423
0.7911652
0.99840224
0.9118449
1.0000002
0.9974277
0.8281256
0.82039785
0.8326742
0.9378116
0.99045706
0.85543567
0.7284981
0.9340944
0.99671423
0.9521085
0.70737565
0.86274135
0.93512464
0.90668815
0.7382775
0.9593357
0.978928
0.95126486
0.64649254
0.6928226
0.98043907
0.8639911
0.93710625
0.6356439
0.7908454
0.8794565
0.85769683
0.82077086
0.9510832
0.80325973
0.9478569
0.78315747
0.85324043
0.9716216
0.44729853
0.94944435
0.9824834
0.9385284
0.9810265
0.9312241
0.60472286
0.6315842
0.86327994
0.80533373
0.88970566
0.993919
0.9527181
0.99999994
0.71426344
0.8340149
0.98938674
0.9444208
0.9734415
0.9708676
0.49399856
0.9773209
1.0
0.9613312
0.6885342
0.7889769
0.9892008
0.6946262
0.93916833
0.68502307
0.73870903
0.8134889
0.91324466
0.870318
0.9029621
0.9688773
0.88731724
0.9862079
0.9441205
0.9999998
0.64842725
0.8693006
0.9180627
0.91287804
0.5017073
0.9769136
0.945171
0.7744238
0.91534984
0.92777115
0.65000004
0.9161699
0.8231301
0.9436957
0.9703918
0.91966075
0.8954785
0.87892544
0.8481419
0.8798323
0.90353787
0.96491635
0.92841953
0.94361377
0.9555719
0.9672537
0.76906335
0.8278084
0.9602069
0.8644275
1.0000001
0.927128
0.9778694
0.7783339
0.8937069
0.94060445
0.9966841
0.9825426
0.8672095
0.8585799
0.9840192
0.60631406
0.9896432
0.95917827
0.81914616
0.75630695
0.72163314
0.7612845
0.89030826
0.91474056
0.96792793
0.6664582
0.9091641
0.9484587
0.9930327
0.9823525
0.87846833
0.7787214
0.8296944
0.9974874
0.8458111
0.66776663
0.7493386
0.8306837
0.79014194
0.9569056
0.98909956
0.9119418
0.9654912
0.9484973
0.92033184
0.75256425
0.6262233
0.86072916
0.7834114
0.95657015
0.39026046
0.9410271
0.8627751
0.76698434
0.8376266
0.9354619
0.901404
0.8168396
0.9345664
0.9626375
0.6593167
0.94212615
0.93851316
0.93753815
0.96326166
0.9991712
0.77700055
0.86546445
0.59445417
0.92052996
0.97330487
0.7641232
0.9776559
0.982866
0.55355996
0.9654996
0.94094336
0.96365845
0.99822444
0.47880125
0.9821236
0.73418415
1.0000001
0.9112658
0.9971366
0.7856964
0.6830323
0.8155012
0.9587799
0.79783756
0.84107083
0.8843683
0.9079382
0.7905047
0.948966
0.8803102
0.8211124
0.94598305
0.96791613
0.9868777
0.9251868
0.9313199
0.88468987
0.99325943
0.67591685
0.570101
0.9442201
0.85785145
0.9145313
0.914483
0.74629503
0.9622079
0.9323154
0.9432928
0.878507
0.96019137
0.7954436
0.9003132
0.8146085
0.8064708
0.95073867
0.75910133
1.0
0.84926325
1.0
0.969801
0.8637786
0.81520164
0.92488855
0.8044153
0.7953272
0.92047006
0.9741496
0.7468314
0.90735614
0.8430581
0.9311527
0.93200034
0.9575706
0.9655601
0.6837069
0.911792
0.72325313
0.95052314
0.8874969
0.84668815
0.9248054
0.708952
0.99895656
0.7935225
0.9404497
0.60283893
0.8875103
0.9929769
0.7592047
0.96976376
0.97608477
0.8558446
0.8535433
0.80593646
0.8964411
0.96891165
0.9062333
0.8329938
0.81908333
0.9999999
0.96208715
0.9013626
0.7117251
0.81887215
0.5115606
0.70865375
0.76248
0.8911537
0.9788393
0.73644674
0.9933312
0.9701895
0.99161285
0.7778444
0.7850658
0.8952495
0.86182654
0.94800365
0.9787417
0.8370741
0.86245894
0.8986986
0.6840949
0.87879735
0.9533131
0.9249793
0.9798793
0.8643019
0.8367588
0.8995173
0.8779964
0.96115786
0.970905
0.85548294
0.8148148
0.89837456
0.77677613
0.7864369
0.9438997
0.8514321
0.8109112
0.96998596
0.9187728
0.9398185
0.6535642
0.76684034
0.952711
0.77231175
1.0
0.9609644
0.9947917
0.9362507
0.9528821
0.8479959
0.6932092
0.89019084
0.9731168
0.8974249
0.936046
0.9825717
0.7458204
0.9370942
0.9357576
0.99308085
0.9544821
0.8228303
0.86594915
0.9481357
0.8978318
0.79112417
0.58785385
0.7668736
0.96297926
0.87977296
0.9532207
0.97909033
0.96870255
0.86925095
0.8967689
0.80973625
0.96096265
0.7247898
0.85185987
0.923629
0.99999976
0.8096445
0.949347
0.8849879
0.6725944
0.9302
0.93287003
0.7550713
0.7845358
0.94032156
0.7657431
0.8945457
0.869883
0.97270435
0.9678787
0.9672335
0.8756044
0.9098746
0.96190107
0.8789163
0.8269963
0.93951535
0.9900244
0.46168
0.97664165
0.9148034
0.69187933
0.59163725
0.9634154
0.65086
0.89921665
0.9718337
1.0000001
0.9473741
0.48119324
0.99342746
0.8959059
0.5416877
0.9077709
0.65805537
0.90426695
0.72772986
0.8968484
0.9393667
0.99727446
0.96589863
0.98425764
0.9666395
0.9550127
0.71500295
0.93294096
0.94840705
0.7850183
0.97173643
0.97260725
0.6257112
0.83867896
0.97949374
0.9983604
0.93272394
0.82158124
0.9167073
0.93695796
0.8918474
0.9992846
0.98452336
0.6462599
0.9538602
0.9222745
0.6445352
0.94051003
0.8252111
0.8900949
0.95279086
0.8326497
0.8517511
0.88671494
0.9088405
0.7644207
0.8432879
0.9821453
0.89842623
0.49092025
0.99016416
0.784737
0.96380043
0.9843228
0.9639509
0.87029326
0.9447157
0.87391734
0.9251934
0.8626032
0.62345123
0.8475532
0.88404197
0.7736836
0.97919774
0.725242
0.68127924
0.9402548
0.80153114
0.73152703
0.87550485
0.9022077
0.926993
0.87981915
0.96396667
0.85169876
0.74414074
1.0
0.96017444
0.7993436
0.81656206
0.76598936
1.0
0.83921945
0.86312175
0.9315858
0.6761227
0.87499005
0.76036197
0.9012293
0.94470704
0.88052547
0.8174578
0.64280313
0.9040452
0.872313
0.9678868
0.9868346
0.95652103
0.50250906
0.76193434
0.802109
0.9690272
0.92678803
0.8669547
0.88735056
0.842638
0.7711804
0.8906821
0.7341958
0.89180934
0.6868465
0.54956806
0.9946526
0.92713886
0.857221
0.9389646
0.67277604
0.8881452
0.74221385
0.8809073
0.9764929
0.9361062
0.9698347
0.92263126
0.79530394
0.79448724
0.9104551
0.54589987
0.8342202
0.90221554
0.9147915
0.59274507
0.8987049
0.89405465
0.8678929
0.91731393
0.9720483
0.99031323
0.9349196
0.8480995
0.8066707
0.87461513
0.85128284
0.98461705
0.90839386
0.842651
0.9905146
0.83841914
0.99153346
0.8011143
0.9516403
0.9933835
0.808562
0.7313862
0.9895082
0.84718734
0.87455523
0.89615804
0.963953
0.910766
0.77497023
0.9621514
0.914707
0.92214185
0.9582367
0.7241368
0.99999994
0.8589678
0.5991997
0.71132046
0.93899566
0.98271835
0.9850869
0.8336277
1.0
0.9519293
0.8577288
0.77399564
0.47608015
0.9955361
0.9358436
0.99007314
0.738805
0.7716763
0.9121018
0.93803513
0.82866085
0.9973359
0.7954502
0.99612594
0.94849616
0.92430764
0.9745483
0.86256874
0.96687603
0.85674125
0.939327
0.9862053
0.97492266
0.9516761
0.91638726
0.8002945
0.8152931
0.7319659
0.9631668
0.8479878
0.8234038
0.7615802
0.7800596
0.8907228
0.9900129
0.94354075
0.9946329
0.8374512
1.0000001
0.8144952
0.87323123
0.85077304
0.8845063
0.95939785
1.0000001
0.8968946
0.7618617
0.93717396
1.0
0.8480122
0.9570191
0.61803603
0.9395094
1.0
0.69851303
0.91491437
0.9261154
0.9250771
0.8996575
0.953805
0.9832406
0.9073969
0.767962
0.92263937
0.9311921
0.8889723
0.8180353
0.87051296
0.75407183
0.93763685
0.99806607
0.54182506
0.9737815
0.71940887
0.8881045
0.941056
1.0000002
0.9859411
0.8919366
0.81683165
0.6820228
0.9834349
0.7833564
0.93221134
0.86823684
0.824963
0.9996468
0.9349115
0.8677643
0.8303622
0.9999999
0.98279154
0.9931141
0.9831413
0.9834918
0.85896343
0.98755324
0.9984535
0.96439666
0.9547818
0.90081143
0.7588649
0.8349775
0.9714452
0.8964088
0.9186427
0.888939
0.9685871
0.7351612
0.9020227
0.85728306
0.890943
0.6124454
0.8498369
0.64822066
0.62401164
0.86279094
0.79680485
0.8992115
0.86948436
0.9428382
0.99999994
0.9450543
0.79685986
0.9847058
0.9073939
0.8662431
0.9898976
0.93502975
0.9189734
0.7727212
0.7002865
0.8270201
0.95976174
0.9822541
0.9178303
0.7093088
0.9405234
0.900956
0.8656962
0.8182785
0.7640932
0.99401164
0.8912467
0.61855996
0.91755253
0.7478459
0.6674572
0.6028029
0.97291464
0.97816855
0.9084038
0.9340166
0.5656531
0.9999999
0.88894975
0.91753054
0.77455974
0.6821753
0.79227316
0.6020642
0.89330447
0.83155304
0.8222048
0.9461947
0.727351
0.78639656
0.96604013
0.9759438
0.96445954
1.0
0.8143518
0.9337777
0.9870052
0.89023095
0.91675615
0.91984344
0.89449203
0.9499265
0.8140803
0.90900105
0.90484315
0.82070106
0.94018734
0.9804032
0.9767815
0.8208929
0.87603426
0.8135969
0.97510415
0.9592849
0.7409262
0.8190335
0.9769122
0.94090563
0.738415
0.81267387
0.7889034
0.8751805
0.66083235
0.98639387
1.0000001
0.8840593
0.9725622
0.8835219
0.8692527
0.64980364
0.9856354
0.9296124
0.9052154
0.9300018
0.8607388
0.7981599
0.9453779
0.9956148
0.97557366
0.937066
0.7451615
0.89140797
0.80469483
0.5675808
0.8904969
0.9787844
0.9523724
0.98893803
0.84939075
0.91070646
0.9830413
0.87499684
0.7605297
0.8013191
0.7343817
0.862443
0.8577057
0.95376587
0.87588215
0.9692288
0.8301478
0.7678971
0.8638606
0.88011616
0.94745415
0.8928962
0.9165253
0.9684636
0.67012954
0.66738045
0.90700066
0.5305555
0.9799222
0.7716935
0.7817919
0.97410107
0.7592324
0.95672053
0.97001743
0.9599677
0.6638348
0.9466814
0.9204175
0.93727064
0.98913604
0.81747115
0.5564493
0.67933744
0.77737236
0.7374882
0.91943693
0.870815
0.5126504
0.9648294
0.8485795
0.8171877
0.99904895
0.9905783
0.9838036
0.9984213
0.66901195
0.8686677
0.8697654
0.8609168
0.9793506
0.9985737
0.9487319
0.98104554
0.9387091
0.8631594
0.9560644
0.9231804
0.8918531
0.74186486
0.9049096
0.8855094
0.9544752
1.0000001
0.8732767
0.79301083
0.9669698
0.98849994
0.97962195
0.8148141
0.9480524
0.9720647
0.8625045
0.86916655
0.8087599
0.9515254
0.9665864
0.7719008
0.9781163
0.7884347
0.9301584
0.8786355
0.9941145
0.99999994
0.96000135
0.978406
0.9467591
0.9970659
0.78302634
0.863691
0.94671476
0.9313803
0.9816405
0.9483311
0.9400597
0.9136343
0.87604904
0.7170022
0.97694284
0.9468042
0.9044367
0.9141542
0.98295283
0.7902933
0.8585737
0.99430346
0.9582634
0.99680734
0.9387765
0.9382453
0.9953245
0.7479854
0.8175051
0.98587286
0.94252014
0.9652865
0.9356779
0.9387464
0.960908
0.9986224
0.9251061
0.8919987
0.89481366
0.9274637
0.7243389
0.98667383
0.7843511
0.9230928
0.9923133
0.9385548
0.9749892
0.988669
0.84543014
0.9976499
0.857898
0.9892427
0.93365157
0.9424826
0.80496633
0.96767044
0.99493015
0.94153833
0.9366636
0.8824906
0.81935805
0.9958516
0.8443528
0.9799667
0.9798631
0.97139055
0.98446095
0.95404387
0.90470743
0.9999998
0.9517982
0.95410144
0.975341
0.8805888
0.9211644
0.9790547
0.9742062
0.9449637
0.98663604
0.9914731
0.9952426
0.9676499
0.95846564
0.80564815
0.91491264
0.9892102
0.82883215
0.7723157
1.0
0.61851484
0.801142
0.9043985
0.9437513
0.9025641
0.93093055
0.7433456
0.9992254
0.89187557
0.8237834
0.9769883
0.87505764
0.9083635
0.996999
0.9306598
0.6609613
0.9424433
0.85503614
0.9318528
0.8307121
0.87577343
0.88515866
0.70576763
0.8197021
0.9999998
0.91359293
0.8455237
0.9620341
0.48108697
0.93966115
0.85652214
0.9644247
0.90394676
0.90678585
0.8503243
0.9022705
0.99421287
0.8694279
0.78159904
0.8808924
0.6775281
0.6582227
0.99947
0.9238381
0.86351967
0.7273964
0.7773936
0.99364996
0.8654886
0.779144
0.76589906
0.7903819
0.9560356
0.9226719
0.9060987
0.8580375
0.8186963
0.9532975
0.8709768
0.94760257
0.6712186
0.88385344
0.6180936
0.9983348
0.9829541
0.7683887
0.9236002
0.7451832
0.9880066
0.96871996
0.95819724
0.96411115
0.9365951
0.91789633
0.9282449
0.7682831
0.9978018
0.8678197
0.954364
0.73002875
0.89114386
0.9658376
0.9908225
0.95826536
0.8603648
0.98019457
0.86977017
0.59510505
0.9227327
0.95772266
0.99761224
0.69442415
0.9349212
0.82544583
0.67312
0.91399544
0.92268527
0.9708398
0.93475497
0.92078966
0.9995845
0.73730844
0.8352627
0.969831
1.0
0.8464442
0.83889824
0.9783643
0.99680895
0.9659169
0.9232133
0.87001866
0.8826597
0.8786424
0.932993
0.81027925
0.9806039
0.9687802
0.79771703
0.91497815
0.8135611
0.8484034
0.75705004
0.963889
0.9988454
0.6563477
0.97003365
0.83570063
0.55416286
0.97441125
0.9472774
0.9702156
0.97921336
0.964568
0.9174038
0.89455575
0.8833249
0.5242602
0.8661344
0.9535349
0.82728237
0.9434151
0.91115886
0.93172264
0.9488909
0.7925923
0.95774263
0.90460026
0.9501205
0.5743598
0.8696104
0.92730266
0.42919037
0.8673644
0.92236423
0.9245091
0.51025873
0.9155556
0.739843
0.8429307
1.0
0.81179214
0.7968093
0.9746426
0.8973919
0.76177603
0.9882176
0.86453617
0.9153718
0.82132155
0.9305463
0.8874974
0.8347744
0.81257313
0.9957011
0.9949253
0.9701753
0.9971391
0.91611534
0.8837741
0.8498769
0.9217908
0.9659571
0.92207366
0.9451853
0.9645434
0.77344924
0.93491185
0.8661995
0.8988634
0.97541344
0.97514045
0.8372239
0.9020571
0.8605837
0.6851526
0.78708386
0.8444835
0.91914403
0.90513295
0.9196709
0.94700766
0.804034
1.0
0.9728494
0.87131274
0.7567612
0.7190465
0.64579797
0.92241496
0.9059142
0.88807106
0.8765518
0.99318886
0.99999994
0.88214654
0.8901051
0.9145153
0.73514545
0.6952241
0.9801024
0.8209663
0.9341994
0.94975525
0.9651128
0.7904836
0.8907238
0.73271483
0.79748833
0.94159013
0.88270664
0.7140303
0.8517123
0.99406403
0.9899144
0.99189854
0.8487721
0.9938256
0.9652691
0.93183064
0.81052244
0.9999999
0.8989784
0.9454947
0.8337631
0.96609735
0.94625103
0.95095015
0.99156415
1.0
0.9476402
0.7812229
0.97817546
0.8079613
0.9678483
0.7946739
0.97459435
0.98418844
0.494833
0.9444663
0.6303327
0.80575746
0.9617789
0.89832485
0.8073474
0.90282166
0.98470455
0.7797411
0.91502786
0.8798248
0.96975124
0.9795298
0.8958577
0.9397735
0.7154623
0.9494473
0.9989239
0.9506469
0.7002976
0.93001914
0.97603035
0.86943793
0.8943235
0.9779319
0.92480594
0.9478835
0.8829706
0.9110555
0.9352864
0.858862
0.6737817
0.9921148
1.0000001
0.9393558
0.95127213
0.8395623
0.9545935
0.96957576
0.8923552
0.98320687
0.69578815
0.7502958
0.75148624
0.9687531
0.9673044
0.90377784
0.9345093
0.9196362
0.930747
0.9964534
0.86525744
0.7204648
0.89085835
0.97658783
0.9324245
0.7940866
0.9356087
0.93216276
0.9307278
0.8128818
0.918544
0.94666564
1.0
0.6349423
0.94892263
0.99278176
0.95758754
0.7659902
0.9755086
1.0000001
0.93031573
0.9370891
0.6719254
0.9112177
0.9483897
0.8690941
1.0
0.93007237
1.0
0.97490084
0.71652246
0.8761288
0.8209238
0.8209556
0.97687244
0.9202109
0.93730843
0.9344499
0.999457
0.9090347
0.8402963
0.83101225
0.92222553
0.9336724
0.96153104
0.8359976
0.92727053
0.8852335
0.6440722
0.9029842
0.8563899
0.8982204
0.982235
0.985834
0.93060714
0.9995884
0.6855162
1.0
0.9699853
0.86801696
0.94145286
0.830312
0.8530225
0.78001297
0.7708161
0.7884656
0.9523044
0.9545598
0.92559487
0.9841557
0.8154156
0.86804134
0.9922893
0.97273755
0.818256
0.907178
0.8726588
0.9883664
0.6444503
0.9757737
0.8530137
0.9208292
0.9976064
0.8531321
0.9447569
0.94642335
0.74421823
0.6963061
0.76139945
0.72678715
0.95611954
0.9975372
0.9999999
0.5254257
0.7660225
0.9087196
0.95976216
0.9514181
0.9395617
0.93462914
0.8021079
0.86555755
0.94444084
0.9488886
0.90529335
0.8734169
0.84789526
0.905724
0.9284416
0.6681017
0.9472925
0.4761539
0.49591362
0.77661335
0.9736183
0.8107702
0.9951633
0.8848774
0.88546944
0.9593704
0.8762913
0.9689653
0.8431601
0.8451488
0.8396462
0.8376245
0.99779886
0.76722527
0.86503094
0.7324345
0.9470887
0.9990468
0.9218817
0.9227934
0.6648794
0.9721157
0.9029302
0.92571217
0.9377984
0.91433513
0.87968594
0.9908781
0.74442124
0.98199904
0.92032486
0.968592
0.9114451
0.63805073
0.87415123
0.88269323
0.956727
0.932573
0.96835154
0.93745935
0.8736163
0.9670887
0.9863686
0.87357795
0.7922012
0.91392606
0.88978547
0.83589625
0.9352987
0.98739415
0.93041456
0.9879193
0.7510152
0.89580935
0.9674444
0.9169162
0.84168583
0.99266744
0.92898905
0.8594278
0.9094739
0.78919923
0.9930123
0.96004677
0.9326426
0.90922815
0.9939559
0.89293206
0.9637396
0.963732
0.9446977
0.9162581
0.789329
0.85891
0.9999999
0.7836544
0.97068524
0.97934914
0.9165628
0.92580074
0.62568414
0.8772763
0.9133197
0.7903976
0.98977834
0.93784606
1.0000001
0.8059696
0.8235677
0.8565443
0.9723373
0.69806767
0.99960285
0.92454046
0.77271456
0.9092562
0.99999994
0.7954187
0.95523
0.9268469
0.97611094
0.95784193
0.94841963
0.8691313
0.98904216
0.7260596
0.9801359
0.8954238
0.7726188
0.9258308
0.9675138
0.97316307
1.0
0.8863075
1.0
0.9767575
0.8162332
0.8028923
0.97715086
0.9403618
0.98363405
0.86107785
0.9986564
0.939967
0.9513949
0.6753086
0.92954385
0.7905245
0.87937313
0.63571423
0.9343825
0.8948308
0.87886465
0.81745607
0.90936196
0.9708256
0.88861203
0.84159136
0.9553516
0.9691626
0.80563366
0.94052404
0.99235535
0.86861104
0.9382738
0.95302093
1.0
0.9047238
0.87511444
0.6704779
0.96931905
0.70374876
0.78135556
0.7586509
0.8513265
0.91706204
0.9835829
0.84172755
0.89606786
0.89266694
0.9271617
0.7592986
0.9653107
0.95559114
1.0
0.9947964
0.974247
0.96606183
0.7960043
0.9686655
0.99999994
0.6927979
0.9318347
0.9792502
0.96566737
0.86271375
1.0
0.80657554
0.9215261
0.7622664
0.7797693
0.91387135
0.90737486
0.93061906
0.79806733
0.9171201
0.67033374
0.9994288
0.9055185
0.89476824
0.81642884
0.747277
0.9718972
0.8803601
0.8930637
0.8201856
0.9981378
0.8965064
0.8718641
0.7369219
0.9176285
0.80585736
0.9974181
0.8693459
0.90299755
0.7069992
0.96043867
0.92903805
0.6657411
0.85110605
0.8706348
0.55373895
0.8087147
0.740384
0.9693215
0.98025733
0.91675484
0.829215
0.9054888
0.77138835
0.9249219
0.9203394
0.94791466
0.87128526
0.87785524
0.9430144
0.9134513
0.8239779
0.7615508
0.87540853
0.96740806
0.8242704
0.9624287
0.9476833
0.7874451
0.97433645
0.7307379
0.9690177
0.89114475
0.9981204
0.9435029
0.9001504
0.97838384
0.7485044
0.8257669
0.88083005
0.8142624
0.95063186
0.7401153
0.9030814
0.8587732
0.93091434
0.78838855
0.892844
0.9964927
0.973651
0.96985686
0.7612731
0.9255533
0.8210151
0.9098601
0.8871739
0.9707492
0.81337565
0.78707826
0.97355086
0.62669027
0.989544
0.9928298
0.8273156
0.66097736
0.65976346
0.9985016
0.88643634
0.93465924
0.7276159
0.7920294
0.8431419
0.6175728
0.63608456
1.0
0.98377323
0.937948
0.8073583
0.9388493
0.9829463
0.85145956
0.74324715
0.8010373
0.68983936
0.83526176
0.7367381
0.94062966
0.9764645
0.79327637
0.81877446
0.87675047
0.8569794
0.6916132
0.94453347
0.9983828
0.94203395
0.9750037
0.96976984
0.91357255
0.9654695
0.9075536
0.86044776
0.8282221
0.7667882
0.8089807
0.8035736
0.9417322
0.9737192
0.9641619
0.78972995
0.85769063
0.822353
0.97256255
0.9082979
0.94688565
0.94067854
0.99244523
0.9720011
0.5523961
0.8368145
0.9972918
0.9692779
0.9256662
0.763629
0.94698995
0.91439646
0.90222114
0.9369962
0.95365
0.62327135
0.8024258
0.9391126
0.74134195
0.95014244
0.9920169
0.91026616
0.98530626
0.9982001
0.74519444
0.90188736
0.97759444
0.9504782
0.85693616
0.9183923
0.9299445
0.8272196
0.94365036
0.93877006
0.9069949
0.82752216
0.7909771
0.7674269
0.98738277
0.99512935
0.90460515
0.7832975
0.8594581
0.99694794
0.9170546
0.9785674
0.9904227
0.87274534
0.89297223
0.97837967
0.80676985
0.9250435
0.9605732
0.82729936
0.47902244
0.79732794
0.8232422
0.94266385
0.981227
0.99513847
0.9598144
0.9312184
0.9995954
0.9315696
0.7782954
0.9374688
0.9988568
0.8990722
0.93154055
0.90463245
0.8874881
0.8262321
0.7383554
0.96365726
0.9345721
0.8732182
0.9999999
0.94251096
0.9089432
0.93011945
1.0
0.8318893
0.8057287
0.9465664
0.8150636
0.55857325
0.6118203
0.9838313
0.98736775
0.9109628
0.8678729
0.93417597
0.9644835
0.8606145
0.75969857
0.6631403
0.8295371
0.9609042
0.7315306
0.44999617
0.8885914
0.85833406
0.9310898
0.94549686
0.8826285
0.9464088
0.9274646
0.9845284
0.871909
0.85324395
0.73987323
0.88587266
0.9854634
0.9416146
0.93624794
0.8370807
0.47823423
0.98523676
0.6750242
0.97067326
0.92774165
0.97372305
0.99951845
0.91943604
0.8751531
0.92706585
0.88168025
0.9848412
0.9448213
0.97067827
0.7652029
0.86654925
0.9011669
0.7216094
0.9672485
0.9241527
0.88010657
0.89526784
0.9174084
0.7901522
0.964487
0.86055857
0.95113117
0.93040806
0.8396625
0.9080035
0.9644955
0.948825
0.8453233
0.79645157
0.92405665
0.8693575
0.75139374
0.9437395
0.8561295
0.8911594
0.8610778
0.6602635
0.9596665
0.7544594
0.7604962
0.99670887
0.84541035
0.9693134
0.94731385
0.77698296
0.93722683
0.81355983
0.4065155
0.89710814
0.89315504
0.9483047
0.81821346
0.9580168
0.7793193
0.9240029
0.68855476
0.8839492
0.7329354
0.95518214
0.9455873
0.87205476
0.84426653
0.9427684
0.7701262
0.86795855
0.94737613
0.99999994
0.9999998
0.97703224
0.9307226
0.97190815
0.98740923
0.99452406
0.97535485
0.8685824
0.9894602
0.9104479
0.9370445
0.9534515
0.7920033
0.92396504
0.941723
0.8926587
0.98574126
0.9248366
0.7776364
0.80739266
0.81572956
0.94821674
0.9207201
0.8778716
0.79050183
0.85242283
0.7443121
0.88543236
0.94320005
0.997205
0.6150984
0.9446656
0.8721406
0.9680228
0.97811186
0.9995707
0.92715335
0.8912213
0.50078505
0.8099597
0.97371995
0.9880131
0.9470069
0.9807526
0.9847127
0.8498549
0.9999999
0.8837403
0.88131154
0.9427352
0.99105406
0.9817611
0.9885051
0.88816094
0.6970847
0.9896582
0.99966204
0.8217633
0.9101751
0.93179566
0.99740994
0.902621
0.8173466
0.8393532
0.98166
0.7590042
0.7127539
0.9499032
0.94686556
0.7351736
0.9580905
0.9554769
0.8033222
0.9251314
1.0000001
0.8171444
0.5961781
0.7188568
0.9222168
0.6044823
0.9154511
0.7468722
0.8625127
0.85138303
0.8344474
0.9999999
0.9023118
0.9963504
0.8953296
0.8978714
0.964186
0.8911222
0.97894365
0.9792958
0.8806602
0.95386946
0.9585957
0.958785
0.9884377
0.9273671
0.95090747
0.9996545
0.9218683
0.984603
0.8992961
0.85254353
0.9328324
0.9145402
0.9097776
0.8102215
0.94717836
0.8063345
0.6996646
0.9836114
0.910075
0.9238095
0.8645236
0.97913724
0.85706294
0.66983515
0.99472296
0.95154667
0.9704251
0.846868
0.84723324
0.95550495
0.9547169
0.979756
0.9332627
0.80250937
0.7843788
0.8519618
0.91850734
0.83758205
0.97754663
0.9298732
0.92682123
0.99765855
0.9549338
0.9167726
0.94257134
0.7893893
0.95640105
0.95534974
0.77799964
0.9161849
1.0
0.9901507
0.97955656
0.8476096
0.94611406
0.88831824
0.98000246
0.9052696
0.88555896
0.86394686
1.0
0.92688966
0.93262696
0.90472555
0.97264475
0.76344216
1.0000001
0.94119173
0.9249204
0.82135
0.98773587
0.97480744
0.72918713
0.8508024
0.97550344
0.9456922
0.89590216
0.85769767
0.84896964
0.8427447
0.959691
0.8276771
0.8921135
0.68212587
0.9558354
0.8503807
0.50542384
0.8848218
0.9689597
0.64638925
0.80955714
0.88156784
0.8893633
0.8940226
0.9865226
0.9028832
0.79413605
0.74426806
0.930957
0.913766
0.6820088
0.90989333
0.87389094
0.827213
0.9227232
0.9994339
0.75275445
0.9139813
0.83340895
0.96057475
0.7692689
0.96840525
0.9185521
0.92981565
0.9390916
0.9893421
0.8946801
0.83094954
0.6159452
0.8936215
0.8785421
0.8746422
0.96598554
0.98316276
0.8637882
0.9504655
0.947486
0.8424276
0.967788
0.94236445
0.95263755
0.8893533
0.99184614
0.9743115
0.7583001
0.9798683
0.90277463
0.9437478
0.94892585
0.9607351
0.9882556
0.86255735
0.58579576
0.9451168
0.9651334
0.8972509
0.9560487
0.7731881
0.98591685
0.8813588
0.96120137
0.84103847
0.808168
0.8319922
0.84071636
0.9374299
0.8434664
0.7956714
0.8333688
0.61889184
0.9933162
0.9277858
0.8518151
0.9770752
0.9999999
0.9478153
0.9166088
0.9799883
0.8672974
0.944279
0.9628104
0.8753433
1.0
0.814412
0.98884434
0.98718226
0.91440934
0.62299544
0.9981625
0.97615445
0.7848069
0.9224688
0.9568181
0.9225142
0.9990648
0.91499954
0.81604254
0.8043673
0.9013881
0.9985974
0.85778135
0.7653589
0.95238507
0.86563164
0.9236758
0.84208035
0.92939043
0.91717273
0.8938179
0.95973206
0.7112687
0.8545993
0.91251016
0.98674744
0.8416563
0.99188286
0.9999999
0.9808755
0.81449074
0.84315485
0.8168914
0.8626802
0.85333407
0.8117102
0.89630353
0.9522995
0.8350241
0.94586194
0.96187997
0.9694389
0.90789825
0.87403584
1.0
0.93448305
0.8651933
0.88551843
0.961283
0.8182322
0.93519413
0.922335
0.7574255
0.8050979
0.8982691
0.8700457
0.95881164
0.97851086
0.890381
0.69213974
0.9801049
0.9655897
0.8475138
0.8578731
0.93920314
0.8596675
0.98330605
0.66155976
0.979201
0.86795074
0.9881388
0.8999267
0.99999994
0.93900615
0.94966626
0.96822035
0.8987478
0.9538077
0.9320966
0.93297493
0.92692685
0.8399313
0.8980461
0.9685682
1.0
0.90080744
0.94875824
0.749627
0.9499105
0.94465446
0.9716146
0.9345299
0.9363734
0.91707385
0.9848752
0.76673186
0.79038185
0.90319204
0.73959875
0.8728468
0.99571306
0.6299374
0.7817998
0.97802496
0.77006733
0.9435364
0.9856386
0.9131805
1.0
0.91730195
0.96655154
0.7951858
0.9386685
0.9713703
0.94836813
1.0
0.66273314
0.85238296
0.82071763
0.9497667
0.8031539
1.0
0.94407976
0.95182836
0.86015666
0.94117725
0.9001147
0.83542013
0.969905
0.7612057
0.76345015
0.8819401
0.66246074
0.95960295
0.9646095
0.8987067
0.7634793
0.87040496
0.6815362
0.77989066
0.9161421
0.8680856
0.8674269
0.8282653
0.5935818
0.97117996
0.9115066
0.8765609
0.8570059
0.9999999
0.95956373
0.5529559
0.75538856
0.89134914
0.99390763
0.75497335
0.593361
0.94945514
0.9496074
0.87834674
0.9944072
0.8941897
0.88449407
0.9899679
0.80569017
0.8926288
0.9638757
0.8946074
0.8858848
0.7685422
1.0
0.94355744
0.64433265
0.8650456
0.9999998
0.9783079
0.65403783
0.9767841
0.95991737
0.9843014
0.65505433
0.800254
0.8623369
0.7268746
0.99775636
0.73971087
0.99885637
0.9719799
0.84391034
1.0000001
0.9061887
0.8845657
0.9042376
0.91728485
0.9410816
0.9274353
0.8744074
0.902178
0.7568626
0.90425533
0.7951418
0.9549918
0.8558929
0.9684032
0.9999999
0.7412234
0.95762795
0.95582783
0.9511317
0.8887162
0.9611326
0.8107759
0.7981955
0.84360915
0.9170983
0.9543309
0.96485454
0.9488791
0.38030827
0.85812277
0.9995755
0.9479375
0.91603804
0.96042824
0.96654665
0.84110546
0.7564692
0.86906135
0.99353915
0.95714855
0.7618391
0.99497557
0.8696592
0.9140899
0.8393225
0.8234466
0.6160159
0.9287361
1.0
0.97148454
0.980831
0.7457399
0.8573624
0.98289096
0.53467155
0.9532374
0.9982649
0.9493843
0.7773639
0.8765219
0.97305655
0.861093
0.66854686
0.84123105
0.84998083
0.81089187
0.8542961
0.99999994
0.7439627
0.7561988
0.8570573
0.8058168
0.8124612
0.9691836
0.9710978
0.8217595
0.94513375
0.9504218
0.92364144
0.9961623
0.9933005
0.9067295
0.8498746
0.9336297
0.9859276
0.8391994
0.6565771
0.9593684
0.91632664
0.85814536
0.92800575
0.8055483
0.80813295
0.89275825
0.9342754
0.96985793
0.9678498
0.9387558
1.0000001
0.82957315
0.8857178
0.89714336
0.9946815
0.8201
0.8977264
0.8503938
0.95557666
0.81773424
0.79387915
0.8746389
0.9301474
0.8824453
0.8606634
0.90763235
0.96725655
0.91520184
0.9175189
0.97115535
0.97238684
0.91653925
0.6111173
0.9458662
0.9129018
0.9452955
0.8425649
0.9708139
0.9796052
0.86523443
0.9930726
0.85526717
0.78434896
0.8495076
0.7312548
0.856334
0.73440886
0.9060885
0.8488922
0.753992
0.73366505
0.98040915
0.9279763
0.77369726
0.8999769
1.0000001
0.9816081
0.9248341
0.80737376
0.84108543
0.981383
0.8399192
0.9551447
0.81108904
0.95109916
0.6074581
0.98970664
0.73933685
0.82703686
0.89096737
0.40170807
0.864476
0.8810637
0.9893496
0.9651874
0.82247174
0.76581824
0.9572125
0.86226237
0.9658153
0.9928232
0.88866913
0.8732822
0.9068206
0.8637963
0.86389256
0.9845939
0.97685635
0.9455346
0.90671587
0.91623306
0.95396256
0.85819864
0.9847768
0.9260745
0.92384094
0.9810771
0.69431186
0.9989997
0.93712884
0.9443444
0.91870695
0.97689474
0.9061552
0.7888951
0.9573337
0.39969823
0.9601928
0.99999994
0.9016986
0.96685183
0.47521758
0.9464973
0.8639426
0.89046955
0.9032622
0.94969004
1.0
0.93317175
0.92069846
0.9702487
0.9190626
0.7848481
0.5298207
0.9794222
0.96307355
0.87450355
0.8464805
0.95774436
0.8980169
0.99999994
0.90730745
0.8291739
0.9410629
0.69998837
0.9601254
0.9146689
0.79660547
0.9987757
0.83592635
0.9517265
0.98819125
0.6830857
0.92185366
0.9538689
0.85432404
0.63239205
0.78080976
0.99801195
0.9097147
0.8410356
0.7853137
0.79481536
0.9037809
0.9526394
0.88075775
0.8048998
0.9267826
0.78306144
0.7034061
0.8730708
0.9108596
0.99999994
0.94577736
0.68983
0.98104364
0.96642184
0.7716804
0.75470394
0.86602956
0.7302958
0.9917262
0.863641
0.8307149
0.8402295
0.95465803
0.7780369
0.77532053
0.778494
0.9830177
0.8956387
0.6860909
0.795856
0.9453441
0.99933344
0.8597969
0.98845816
0.96147394
0.8147956
0.9687638
0.95982593
0.8591954
0.9218708
0.81618375
0.9590971
0.7281176
0.43249825
0.8095178
0.95507336
0.9262271
0.9604819
0.87535954
0.54142225
0.8872099
0.81449604
0.9959701
0.9708924
0.9490217
0.9491106
0.8714293
0.89134175
0.7810535
0.9064271
0.4673457
0.7594903
0.82360214
0.88127315
0.8930139
0.9306587
0.80910546
0.93051815
0.9311292
0.9611116
0.84035015
0.9999999
0.8641646
0.9573125
0.91203666
0.79896045
0.9431649
0.81391007
0.9904675
0.80068326
0.97390807
0.934409
0.99514455
0.9472668
0.8118452
0.6883339
0.93419874
0.51880634
0.9578357
0.979151
0.8932212
0.7579495
0.78577375
0.8459491
0.93644375
0.69604313
0.9155587
0.93446344
0.9799036
0.93482137
0.66481555
0.9366762
0.93329895
0.64125615
1.0
0.77487355
0.93392944
0.93216616
0.79070294
0.9350445
0.89049226
0.66028416
0.8267647
0.8043412
0.8207438
0.7427237
0.9090834
0.8007495
0.99213403
0.92958266
0.8452506
0.8336772
0.79368395
0.9807312
0.96440405
0.8896849
0.8146863
0.94600165
0.78255886
0.9870362
0.8997226
0.7686211
0.94821745
0.8855728
0.80175316
0.94947577
0.94470775
0.9437833
0.9098455
0.8036204
0.770125
0.92930305
0.89416975
0.942928
0.9996809
0.897344
0.89709336
0.97281206
0.90575284
0.92402387
0.93255746
0.914859
0.99268115
0.96731555
0.94463456
0.9746322
0.9936939
0.5813183
0.6661812
0.9470484
0.87560326
0.9994178
0.9138771
0.8504212
0.8261336
0.8437325
0.85458434
0.8293711
0.79696214
0.84456193
0.9362369
0.7901955
0.71289337
0.9626553
0.9354673
0.8953686
1.0
0.99999976
0.93067485
0.9697529
0.8852135
0.93605137
0.97027135
0.85570157
0.90190655
0.8745618
0.96567076
0.66502774
0.95239556
0.85848564
0.69877756
0.8972435
0.893368
0.8483767
0.9346877
0.9367301
0.87258536
0.9430666
0.94961214
0.85434395
0.9999999
0.6414455
0.9127908
0.82040447
0.83178127
0.9577071
0.96379113
0.98375773
0.91345644
0.9453436
0.86397994
0.99963653
0.81700003
0.9341665
0.7299015
0.99028844
0.9406266
0.9836931
0.8037613
0.82586825
0.9573478
0.9885138
0.90168476
0.96008146
0.9381552
0.33096611
0.97164804
0.5855484
0.83772784
0.7840664
0.90540254
0.9593882
0.9717792
0.7923088
0.8814299
0.7867094
0.94171965
0.8977754
0.92955375
0.8438704
0.9243758
0.9283858
0.8477555
0.8146559
0.7866838
0.9344707
0.9888602
0.9966767
0.93004155
0.85822874
0.83602345
0.8937865
0.6531378
0.99640894
0.8352583
0.62435824
0.9455652
0.8958277
0.96804214
0.7957341
0.87619734
0.45444953
0.86856
0.64882815
1.0
0.8162353
0.96466243
0.84285873
0.83026725
0.50238067
0.8322974
0.9752816
0.9078974
0.8315288
0.7760463
0.7276303
0.8965807
0.54556584
0.96090055
0.45753324
0.8645106
0.9078371
0.7530251
0.9792911
0.8224286
0.83610934
0.75341004
0.9916121
0.9422029
0.9186596
0.9532503
0.96627206
0.90082693
0.98646975
0.92945606
0.92413896
0.8088399
0.89465076
0.9314112
0.97168076
0.90102977
0.94869614
0.8398074
0.9147645
0.95289195
0.88066846
0.8338715
0.94749475
0.92961067
0.9611949
0.8839713
0.9141781
0.9346307
0.9745932
0.7380823
0.9092162
0.8785812
0.9454035
0.8913479
0.9214512
0.9240036
0.7895547
0.9941921
0.9832115
0.49855763
0.8918577
0.92280775
0.9363589
0.9667927
0.7137641
0.97820884
0.9681217
0.95392823
0.7729063
0.9752051
0.8752408
0.7063914
0.9013716
0.98109406
0.67594063
0.8323115
0.9020711
0.9996674
0.9096529
0.9697406
0.935745
0.78630185
0.7546612
0.9387475
0.90238243
0.98645544
0.99825394
0.97771925
0.89500386
0.93981844
0.99937063
0.7295063
0.95255494
0.86637497
0.9208075
0.94352174
0.9780249
0.8751622
0.8599288
0.94321346
0.93438685
0.97853494
0.5132518
0.9111949
0.8551506
0.9503639
0.93237495
0.83812046
0.7794181
0.87282676
0.84614503
0.92116296
0.8050057
0.6509949
0.7797047
0.74425715
0.92310494
0.9397989
0.9475632
0.95788133
0.830994
0.81020254
0.9781323
0.9958318
0.8979133
0.8594923
0.7138865
1.0
0.954273
0.925712
0.8512559
0.8800013
0.9432118
0.9892604
0.9966909
0.8958691
0.78499246
0.79800594
0.82167244
0.5880221
0.9999999
0.7799617
0.94611543
0.98656714
0.95378
0.8257152
0.92499375
0.90627575
0.9611572
0.64883125
0.9669683
0.93008053
0.91121674
0.82906663
0.5474353
0.9314501
0.97667694
0.9626004
0.7851987
0.9803722
0.98235965
0.95967335
0.7963615
0.7527299
0.8888423
0.9560934
0.9345196
0.87801933
0.89986575
0.9982681
0.7945251
0.9184969
0.8919786
0.8681213
0.79169667
0.84756887
0.58763206
0.92505026
0.97612154
0.87409997
0.8197769
0.84631443
0.811743
0.9896994
0.93592995
0.8079589
0.941981
0.80405796
0.7418237
0.86314416
0.83492374
0.82200086
0.93672156
0.86365515
0.8914827
0.9514448
0.7611338
0.836849
0.71157557
0.8997133
0.87098515
0.89704424
0.5885528
0.90296793
0.9294235
0.42747498
0.8590302
0.97138697
0.7982427
0.74774444
0.8076398
0.7111215
0.99847347
0.8270204
0.99283826
0.7829676
0.3340024
0.814679
0.75160575
0.9582841
0.93406516
0.98514867
0.8138328
0.90213907
0.9657343
0.84627813
0.99445677
0.93282086
0.75775677
0.96062493
0.92265004
0.9052637
0.95421755
0.965731
0.84678
0.85313463
0.66234434
0.9297695
0.9983002
0.8463712
0.923104
0.9554013
0.93263
0.96044785
0.8501055
0.89711046
0.99029726
0.83871907
0.96636945
0.88868254
0.89938825
0.7990781
0.8640758
0.9227472
0.9595226
0.7736412
0.99837995
0.88923526
0.822642
0.84123945
0.9684011
0.7926834
0.90922195
0.9347348
0.85848826
0.9241108
0.7745085
0.8872238
0.8249911
0.94679666
0.9071139
0.9060924
0.98237985
0.99911946
0.8870338
0.91634655
0.83477634
0.8230078
0.91394395
0.92513293
0.8996152
0.8808414
0.94269854
0.87318903
0.8999696
0.9089959
0.89459217
0.9272287
0.8522076
0.8904373
0.9135628
0.9399963
0.93848515
0.9028883
0.91792196
0.9846753
0.76168007
0.789448
0.9018417
0.9917859
0.58165526
0.9614194
0.78564095
0.9264457
0.9992849
0.7645407
0.88893765
0.9716834
0.9155369
0.94863564
0.993941
0.7292075
0.99010605
0.9258701
0.9980846
0.86097735
0.94097227
0.8726157
0.6451634
0.79454
0.95812166
0.7911867
0.961686
0.9049787
0.7798085
0.98860836
0.84597373
0.743339
0.6564628
0.97558206
0.9071773
0.96015334
0.6688218
0.67135495
0.9846677
0.8658897
0.7691814
0.8935348
0.9902041
0.5314021
0.9687499
0.8742893
0.98410845
0.87370276
0.92004406
0.9561241
0.9425173
0.84753966
0.910009
0.9681368
0.7541065
0.8513319
0.8138342
0.86784387
0.82641304
0.937305
0.82709426
0.9521836
0.84906644
0.6021164
0.7252782
0.9579747
0.7803617
0.9106568
0.92081994
0.87469697
0.9407754
0.8580163
0.8291204
0.9243461
0.9511628
0.7487341
0.94058466
0.7643692
0.92584217
0.9585105
0.7301127
0.7518548
0.76925266
0.89852566
0.95188993
0.8445728
0.8144454
0.92176574
0.74011
0.99149793
0.97775805
0.9100398
0.87120664
0.5563118
0.903086
0.8962798
0.7791344
0.9521976
0.4642199
0.90566254
0.7152822
0.7334714
0.9452603
0.7733987
0.82650214
0.96442014
0.9113041
0.734606
0.7098082
0.6874165
0.7569184
0.94014
0.76940536
0.88196003
0.8581674
0.860784
0.7481009
0.93749815
0.96844673
0.8439113
0.9691438
0.8189988
0.9601456
0.9124113
0.8196432
0.8266411
0.8681382
0.9203335
0.9195094
0.9135215
0.9311311
0.9995449
0.9978564
0.68777555
0.90575355
0.8406109
0.8127901
0.96042705
0.7726697
0.9736314
0.8857066
0.8336918
0.88434684
0.87677133
0.7923873
0.859113
0.8490317
0.9641836
0.95277053
0.66693753
0.5254998
0.6580317
0.9725393
0.96402913
0.7316756
0.8811394
0.939545
0.7428863
0.850777
0.98837405
0.9503793
0.84235597
0.97510207
0.8188343
0.9784199
0.9253867
0.9605734
0.86921036
0.70844847
0.99238324
0.6664684
0.9263674
0.92273414
0.9082571
0.8222724
0.9042271
0.9663569
0.9480274
0.9199095
0.9139583
0.9994992
0.8011279
0.8817665
0.9736804
0.94851154
0.6460792
0.97978306
0.9287133
0.951848
0.8487474
0.94631565
0.96328616
0.97311676
0.8939998
0.85411036
0.9296039
0.9097617
0.92863446
0.7828696
0.85995203
0.972664
0.8262018
0.96890485
0.8764701
0.9460673
0.80017805
1.0
0.82733095
0.82854885
0.8397116
0.7993341
0.9639537
0.9255289
0.95078045
0.98378456
0.89754647
0.94832516
0.54639935
0.68420523
0.81469315
0.966536
0.89128363
0.93324447
0.8996236
0.7528142
0.90696055
0.95854807
0.50586736
0.77360415
0.859661
0.97705996
0.9105188
0.87147737
0.93959576
0.23465005
0.90553606
0.48429805
0.54894614
0.89205253
0.89132744
0.89269775
0.75124526
0.7990518
0.92240316
0.9357364
0.9133546
0.83350116
0.9142609
0.9795582
0.8071861
0.84577584
0.8738911
0.9426732
0.94119304
0.934457
0.88185143
0.8116483
0.9212941
0.9968108
0.9382119
0.9904324
0.9607092
0.9859358
0.54493815
0.5933666
0.8932471
1.0000001
0.7969637
0.8667161
0.79033786
0.94729745
0.94098294
0.9785365
0.9566492
0.9963663
0.91846776
0.8619325
0.9408853
0.8708203
0.8807007
0.99317324
0.9681288
0.79905593
0.8677009
0.87522644
0.7010993
0.99999994
0.89996773
0.9386089
0.85976094
0.42760965
0.918421
1.0
0.9283029
0.90557253
0.9676845
0.7166671
0.925701
0.67846614
0.9006618
0.95180506
0.69397825
0.931087
0.911145
0.9055053
0.7842662
0.85158163
0.8318186
0.7847504
0.923121
0.6141877
0.62171435
0.79566455
0.83414906
0.91189027
0.8893743
0.82520974
0.6776861
0.93876714
0.7754576
0.6090902
0.9146085
0.88224673
0.92971754
1.0000002
0.8525355
0.817032
0.85724497
0.83880264
0.9020256
0.9343773
0.8073265
0.79809964
0.9466093
0.7935865
0.900709
0.8741182
0.86528456
0.6462424
0.7266581
0.7507347
0.92655814
0.80383277
0.9877347
0.82164913
0.83722067
0.9784302
0.97251606
0.8040249
0.9355533
0.93742895
0.772387
0.8551802
0.9072776
0.8643229
0.930948
0.66354793
0.9046072
0.95051986
0.9893053
0.83252966
0.96090657
0.95810795
0.99438834
0.78806853
0.7087464
0.86617833
0.71165943
0.8631869
0.6475737
0.6827124
0.57671744
0.80681914
0.8012477
0.9899961
0.8420856
0.7985938
0.825154
0.91323113
0.73083615
0.8198776
0.9994305
0.85884887
0.92436963
0.9621673
0.90781486
0.9573457
0.91985404
0.9072746
0.93732965
0.78282607
0.87410027
0.9023234
0.7703792
0.7509411
0.90610445
0.7898762
0.8930022
0.9761672
0.9473482
0.75407284
0.9809657
0.7855438
0.7507741
0.86846185
0.77252376
0.8040552
0.6824984
0.9338767
0.8912271
0.95183706
0.99630713
0.7938465
0.77581453
0.90561485
0.827453
0.9826003
0.91700405
0.93630016
0.84127146
0.9403222
0.8532777
0.94972825
0.7039885
0.83898187
0.923797
0.8166656
0.9306127
0.79502463
0.77063143
0.88736755
0.9448808
0.96574706
0.85149056
0.7865252
0.8939355
0.8672641
0.9487014
0.8961204
0.94863605
0.91605675
0.6781782
0.98453057
0.87889373
0.9908074
0.7219645
1.0000002
0.95724744
0.78085524
0.96157837
0.5660563
0.8891975
0.94754666
0.7054976
0.84640634
0.83557117
0.92256427
0.9472054
0.7827588
0.9683912
0.9502118
0.9418705
0.997229
0.93576723
0.8122084
0.86372906
0.92634594
0.76408947
0.98817515
0.7601223
1.0000001
0.8706208
0.9174717
0.86937314
0.9318267
0.6872117
0.81990373
0.8669785
0.99009794
0.9453642
0.9490632
0.9174741
0.9913255
0.94437337
0.8161972
0.9674437
0.81421655
0.6696023
0.9328275
0.6822742
0.8853777
0.8902291
0.8577424
0.9802196
1.0
0.8901698
0.8829422
0.9013181
0.98745775
0.9256111
0.78275573
0.8512962
0.8913916
0.93111837
0.9644651
0.9325665
0.8450103
0.8218396
0.9459961
0.8266398
0.8519924
0.9134414
0.96482784
0.8539346
0.8023089
0.8508993
0.96017164
0.998078
0.8548
0.9958035
0.72101104
0.9244373
0.8096626
0.95407325
0.718345
0.8690423
0.9301541
0.94632965
0.9477839
0.90549314
0.8837593
0.857177
0.8761962
0.97742975
0.60977846
0.89391035
0.7954191
0.7416589
0.9866836
0.98047924
0.95999616
0.9201549
0.86257285
0.8687102
0.95575655
0.7869514
0.94828355
0.8770537
0.8314597
0.8215288
0.8807939
0.86244917
0.9117778
0.8957417
0.85356385
0.97235036
0.8346226
0.9281952
0.90376896
0.8534652
0.98350155
0.92412007
0.863726
0.912105
0.9361668
0.63054705
0.899966
0.9522592
0.88897467
0.95390505
0.63839465
0.99947965
1.0000001
0.92282265
0.89654845
0.76906383
0.98657906
0.79770607
0.7930395
0.82998735
0.96050644
0.94858134
0.69716865
0.7093854
0.6294787
0.8126273
0.9195392
0.8605241
0.8802523
0.913878
1.0
0.89566857
0.6003228
0.8565516
0.9518921
0.8233701
0.98862
0.9635758
0.91891766
0.93131995
0.9585231
0.9545854
0.88587433
0.8143849
0.9301221
0.93816143
0.7931882
0.95473325
0.8478761
0.82118416
0.9185726
0.9518349
0.8252954
0.96683836
0.91876984
0.88096386
0.7065703
0.57503045
0.799824
0.9354588
0.745118
0.890379
0.86324036
0.8155322
0.6828575
0.90316135
0.97408086
0.88923126
0.9525799
1.0
0.8628958
0.69872874
0.87320983
0.60415024
0.92844725
0.8680784
0.9917027
0.9270202
0.8228893
0.7949245
0.9881616
0.9390682
0.805639
0.87551355
0.99036235
0.62112814
0.9680022
0.89622045
0.9016268
0.67847943
0.8104344
0.8103946
0.80064785
0.91098
0.9538879
0.8471144
0.9617505
0.67592967
0.75161433
0.96845204
0.8664655
0.8175076
0.8539507
0.9014348
0.94063526
0.56190515
0.8751669
0.7616652
0.68742317
0.8052174
0.9551664
0.73415387
0.8903004
0.9403144
0.8509079
0.7848649
0.9851496
0.9596112
0.98527884
0.95215034
0.884049
0.87425077
0.9877429
0.8980774
0.9887523
0.92869437
0.8794425
0.98869646
0.72883946
1.0
0.75489545
0.7060659
0.915784
0.9548212
0.95560384
0.8464373
0.76449555
0.78849375
0.8839483
0.9560482
0.9487412
0.98948413
0.9570569
0.88829404
0.7815286
0.8475303
0.96779615
0.88465726
0.8562354
0.971562
0.6556049
0.96041274
0.9641292
0.91189414
0.8185906
0.7677479
0.818952
0.908433
0.76347405
0.87450314
0.525282
0.95715463
0.6001535
0.797605
0.9690834
0.9708272
0.66470784
0.9780537
0.5736716
0.89352226
0.714515
0.76650596
0.80825543
0.83959657
0.78986585
0.83858716
0.82963645
0.92126715
0.5600179
0.77145207
0.89166427
0.7819222
0.8884192
0.7184333
0.62714064
0.8880999
0.9485045
0.93519664
0.5165678
0.91695154
0.9152077
0.98762035
0.9598481
0.83246666
0.794026
0.4063186
0.83319443
0.52953994
0.9999999
0.9188682
0.84209454
0.9381405
0.7061905
0.81744796
0.7490189
0.7610396
0.69195426
0.839537
0.8261103
0.87569904
0.94201535
0.81071866
0.9529096
0.9565774
0.9574828
0.9129511
0.5532322
0.84801394
0.8116138
0.85791576
0.8626876
0.93487924
0.9459324
0.96140695
0.82879764
1.0
0.83367455
0.8622018
0.9662673
0.93013793
1.0
0.85877395
0.8966186
0.79646754
0.6868528
0.8610801
0.81549335
0.86527586
0.9799098
0.76648355
0.6476228
0.8997991
0.76953834
0.8904483
0.6776566
0.9314037
0.6576942
0.7976523
0.68650556
0.834683
0.76029974
0.77764785
0.7969835
0.98858637
0.7716318
0.7467152
0.77435017
0.084944546
0.7617107
0.95958585
0.9258588
0.9574548
0.8208364
0.93378216
0.87666076
0.8669951
0.96629983
0.93843365
0.5795024
0.84913903
0.9050318
0.9358561
0.63826823
0.9681003
0.83673155
0.82814586
0.9387646
0.8812376
0.829142
0.8958503
0.7823067
0.7972763
0.88228697
0.9057632
0.9389368
0.9835309
0.8604866
0.8111198
0.7365236
0.6301946
0.91057706
0.82481927
0.8081483
0.89013517
0.9246449
0.97605956
0.94759464
0.84032434
0.92440486
0.8208646
0.96012205
0.93469435
0.8842776
0.72472537
0.64588445
0.7956577
0.7956564
0.9241146
0.7534829
0.7898158
0.81804293
0.46021217
0.5767265
0.93548363
0.92944205
0.85753787
0.82859564
0.92064583
0.604046
0.85716474
0.84947145
0.926527
0.8836564
0.97703993
0.85528344
0.9619925
0.88802016
0.757719
0.99405897
0.7777802
0.8514249
0.9092517
0.8541767
0.87597275
0.8830235
0.74870896
0.909812
0.87308913
0.870186
0.89389235
0.8714502
0.93630785
0.83155286
0.90344447
0.8355346
0.89436764
0.8162535
0.8690561
0.57932144
0.82554317
0.9232748
0.7187681
0.65188885
0.9042393
0.8538367
0.7253726
0.97002816
0.95295244
0.983595
0.9316006
0.9037372
0.88966054
0.8313653
0.84315115
0.9622129
0.9633421
0.84924686
0.8270832
0.7090767
0.48525876
0.91943455
0.8999816
0.91437906
0.3141398
0.6385634
0.9057254
0.95258915
0.7808909
0.9433416
0.93313265
0.9906443
0.85670125
0.94828606
0.7728928
0.9969348
0.70777076
0.92469877
0.84578407
1.0000001
0.85110193
0.9181031
0.90124035
0.7673389
0.88980544
0.8948319
0.78638583
0.78918505
0.9825556
0.9016295
0.7887778
0.9686841
0.9006992
0.96562046
0.87753737
0.89770555
0.4474889
0.96459574
0.9566132
0.8757696
0.80256563
0.77748734
0.8518455
0.9905528
0.89339226
0.9843687
0.9514838
0.86510247
0.83019066
0.5733725
0.7512093
0.8323614
0.8922511
0.5024419
0.8955523
0.9272684
0.7985033
0.81901884
0.92233706
0.6042715
0.8055843
0.6584816
0.61425793
0.96861625
0.85847425
0.99999994
0.9204552
0.6005528
0.94281185
0.9638892
0.88305354
0.80656064
0.88885444
0.8482787
0.99023426
0.96130216
0.8367703
0.98400825
0.8755989
0.9523624
0.8969138
0.6285103
0.94779253
0.89425695
0.8928349
0.72064185
0.9793259
0.6879428
0.8945698
0.75658745
0.75121313
0.87198603
0.9146696
0.9895727
0.8116374
0.7326887
0.9305949
0.755548
0.82944345
0.9838303
0.9223964
0.7564312
0.65688735
1.0
0.9520023
0.8288001
0.9878275
0.5114376
0.899341
0.7571287
0.9166888
0.9116828
0.7490132
0.6087597
0.76316506
0.99969304
0.72766095
0.49816135
0.7192373
0.9959982
0.60413927
0.822028
0.9637993
0.9746461
0.93206173
0.8183006
0.8434696
0.85547376
0.8271236
0.95088327
0.7408464
0.89867955
0.9881938
0.99999994
0.7600088
0.97388184
0.92597765
0.6509333
0.93944407
0.8921115
0.8676615
0.60341465
0.67586195
0.7681701
0.75942445
0.7799261
0.748064
0.80504096
0.80659354
0.74720824
0.846959
0.9012441
0.8438884
0.69485754
0.8613436
0.67913026
0.9519318
0.6969094
0.9775487
0.9540074
0.9299212
0.91368294
0.749215
0.9001084
0.86889607
0.8744439
0.8186862
0.93558437
0.982449
0.75478595
0.87457097
0.835565
0.9999999
0.70280623
0.7533617
0.8930589
0.75468105
0.70711213
0.9397201
0.7842147
0.87792945
0.7739032
0.957248
0.5801715
0.96016043
0.93628186
0.7141725
0.81139207
0.70964086
0.80046237
0.9029281
0.58345795
0.88995093
0.85763633
0.88342047
0.5353443
0.9660256
0.88570833
0.9789469
0.65549725
0.61517024
0.9620666
0.9009031
0.81589395
0.8574166
0.6991667
0.9163813
0.7518764
0.65304357
0.87694937
0.7546937
0.9813595
0.6983374
0.8718162
0.9381267
0.8312406
0.5863132
0.83018106
0.71371335
0.74869233
0.88995457
0.99999994
0.8502451
0.8666253
0.9605098
0.6626299
0.9324771
0.90557486
0.82863057
0.7988074
0.9677652
1.0
0.80940723
0.7394019
0.7526027
0.81400716
0.723055
0.9101186
0.7989164
0.876602
0.784885
0.9349105
0.58893055
0.88928926
0.5577436
0.86159486
0.9280241
0.81991184
0.8540497
0.9763147
0.8610172
0.8009733
0.95173854
0.8160299
0.7485102
0.93175334
0.7567922
0.9914483
0.97004783
0.9162468
0.7890697
0.7326719
0.8843979
0.8841191
0.8663081
0.719903
0.91663706
0.85464215
0.7630216
0.67294246
0.811358
0.9667584
0.9091307
0.84691054
0.7436541
0.90304506
0.956802
0.9972034
0.56838864
0.97994894
0.86114067
0.8651916
0.90231335
0.69386
0.94598216
0.87390447
0.76439166
0.8934634
0.99403596
0.72505
0.86658293
0.8971717
0.9669088
0.84184563
0.77156436
0.8438781
0.949137
0.8255396
0.78462064
0.79544246
0.85882986
0.7672779
0.8674076
0.4963971
0.93453157
0.89403147
0.97670895
0.98646075
0.9447143
0.93482417
0.86124337
0.94308436
0.9515245
0.9593213
0.39291567
0.84519714
0.95978576
0.6230989
0.97507507
0.91041166
0.8850833
0.631754
0.7526635
0.8896501
0.99452716
0.83409876
0.8931191
0.95429236
0.92810994
0.86147875
0.861304
0.6126447
0.8319727
0.735
0.9486492
0.97223365
0.99094653
0.75461525
0.81009406
0.9808427
0.97958463
0.6747095
0.7658353
0.799675
0.9161873
0.84824944
0.5847463
0.75982404
0.8732403
0.78781605
0.6731441
0.8783526
0.6829641
0.9904731
0.9388017
0.7196801
0.79772466
0.8514923
0.831284
0.9068357
0.9521177
0.75238127
0.9931469
0.70450896
0.74161184
0.9122154
0.8163059
0.8651735
0.78099793
0.7900903
0.8436481
0.83355016
0.9749429
0.9346226
0.8740393
0.7790982
0.8573428
0.8148714
0.9371957
0.9421143
0.9575002
0.9167099
0.9600979
0.86336225
0.75099474
0.5177472
0.46241325
0.976335
0.86023265
0.78619087
0.7803606
0.9580256
1.0000001
0.96952105
0.8540253
0.5866493
0.8543232
0.96371776
0.67299855
0.9303764
0.8153145
0.9062246
0.846908
0.9454421
0.74156666
0.94602334
0.8721251
0.33361784
0.88320524
0.6727761
0.61088663
0.7775674
0.9314375
0.889685
0.86206573
0.7928715
0.9383776
1.0
0.9245464
0.9003522
0.76567173
0.9340992
0.86056155
0.85505146
0.95520717
0.88583344
0.92790526
0.8314923
0.8714283
0.8124283
0.90728456
0.6531458
0.71680367
0.9500782
0.8586116
0.72143984
0.79108804
0.9163564
0.9263319
0.76602656
0.8743582
0.92348534
0.74694276
0.7368602
1.0
0.876084
0.7985136
0.7921556
0.8132355
0.8752453
0.9332566
0.6095724
0.7701738
0.781274
0.91870725
0.7821505
0.85748875
0.696258
0.8093054
0.80256695
0.9312864
0.7513943
0.93038094
0.90979326
0.7934653
0.76825607
0.940086
0.9199343
0.7690863
0.6696735
0.7805967
0.8514479
0.96693116
0.33880588
0.71545136
0.66856956
0.95186114
0.9911618
0.9732026
0.8740635
0.87006754
0.95475554
0.75902253
0.8714621
0.90604824
0.80271685
0.9264283
0.73154634
0.8238956
0.7613538
0.8879
0.92861557
0.8691437
0.9628391
0.9348813
0.9112418
0.8547287
0.92923045
0.5677306
0.8269602
0.890016
0.9659839
0.8695096
0.9691846
0.70417607
0.8717718
0.917348
0.9932176
0.9174291
0.8499327
0.8056736
0.8443644
0.6329379
0.59512055
0.93375885
1.0000001
0.8199383
0.99536955
0.903141
0.7998272
0.77938014
0.666824
0.96220124
0.9999999
0.8751155
0.7656909
0.9054471
0.69318575
0.8266359
0.8430844
0.94153774
0.7518646
0.72157884
0.9723434
0.93199277
0.7788339
0.8518019
0.8966105
0.8064525
0.81327355
0.85015815
0.76338565
0.85417885
0.71194714
0.964825
0.95655346
0.9530327
0.9201851
0.96792394
0.4865623
0.9589826
0.9081909
0.8515085
0.7584326
0.97446907
0.92717075
0.7122684
0.76042217
0.68255717
0.7695626
0.633989
0.932485
0.84875023
0.7733265
0.83938664
0.71697724
0.68055826
0.9152894
0.8155273
0.8734131
0.86565435
0.771148
0.93945885
0.69244605
0.85252255
0.802146
0.79784656
0.7047002
0.95519674
0.94283307
0.85086197
0.8748394
0.9195552
0.98407304
0.9255062
0.8415402
0.8407165
0.76101696
0.80557853
0.4602825
0.8588513
0.9303652
0.95660734
0.87652904
0.8004635
0.9787666
0.9022781
0.914387
0.8964778
0.7797529
0.8792529
0.8101217
0.97872984
0.97143936
1.0000001
0.86197615
0.9106184
0.9361511
0.89768934
0.90933585
0.808453
0.7621883
0.97446704
0.7632396
0.9592625
0.87838435
0.8394758
0.879882
0.89030063
0.6178509
0.6961175
0.7356132
0.6453278
0.9324189
0.9130627
0.87024105
0.9717231
0.8338171
0.9018024
0.9197389
0.9638288
0.59793174
0.92722416
0.8545248
0.9980558
0.6548838
0.90168977
0.90208787
0.81280005
0.72518307
0.9655953
0.9909825
0.95737153
0.8277128
0.8579838
0.8427573
0.9000337
0.9481519
0.90461403
0.79996496
0.89366686
0.8598165
0.94634306
0.8635988
0.87069213
0.8531476
0.98079383
0.93701094
0.92414707
0.7892009
0.6457417
0.6758102
0.9580605
0.99999976
0.7530824
0.9999999
0.7812088
0.96923864
0.90896463
0.9874171
1.0
0.95234203
0.8946087
0.9489284
0.783985
0.8443013
0.96377265
0.8741766
0.84879255
0.84786814
0.9987961
0.88877904
0.8680138
0.925844
0.99080527
0.8632793
0.720142
0.9165092
0.8866385
0.8633015
0.9513583
1.0
0.8722781
0.9321881
0.94109863
0.80127275
0.8661195
0.8534375
0.6834616
0.899956
0.7756058
0.7218319
0.71645176
0.9439568
0.7980473
0.2517094
0.441931
0.9076572
0.98235786
0.88373107
0.79872745
0.72390294
0.9241813
0.8354968
0.9635449
0.96862024
0.94656247
0.94920456
0.9257623
0.978624
0.88350683
0.957413
0.861521
0.9249251
0.83685565
0.6256218
0.9874011
0.7667556
0.88573164
0.91506135
0.92634207
0.65257823
0.87167114
0.932025
0.8314754
0.85882586
0.85979533
0.7470857
0.7076637
0.860151
0.888029
0.8738755
0.95483583
0.9995147
0.83819944
0.97520137
0.8964753
0.9308398
0.8834713
0.85010505
0.75571376
0.76857483
0.9630139
0.7566849
0.86950934
0.7397425
0.73290753
0.96064866
0.85313386
0.8825342
0.90007997
0.62538135
0.87528527
0.8118694
0.9555494
0.76626027
0.8152985
0.9106195
0.89761466
0.9694049
0.9375268
0.89759034
0.8020507
1.0
0.7003871
0.9774188
0.90335304
0.996434
0.8434677
0.93298745
0.99002934
0.9656135
0.96072465
0.95492345
0.93599224
0.7909744
0.7683806
0.84741426
0.9498472
0.97874653
0.92303383
0.8870827
0.9489775
0.8471562
0.9448747
0.96823406
0.96377444
0.9298662
0.9383576
0.9294044
0.74552894
0.78889334
0.8213921
0.8083185
0.94761014
0.8274854
0.6759519
0.62926805
0.9430567
0.85068643
0.92088664
0.87379915
0.879044
0.8199475
0.76941967
0.8190168
0.7888758
0.87481636
0.8012945
0.91160667
0.787034
0.60754
0.93708825
0.48227733
0.78101647
0.92025954
0.84541434
0.7765878
0.74997663
0.9218428
0.94727784
0.94818157
0.77218646
0.9069011
0.75048614
0.9995335
0.83825815
0.7559126
0.77014565
0.9594679
0.8870173
0.79060334
0.8601924
0.81189114
0.8056843
0.981946
0.6361569
0.92597985
0.980138
0.9469053
0.93043363
0.71618617
0.73433685
0.7486434
0.90711653
0.5031606
0.9839123
0.85650265
0.9575874
0.9751331
0.89948225
0.876157
0.7477657
0.9390683
0.69748235
0.9728843
0.8927341
0.54468286
0.7952099
0.88979495
0.85436773
0.8615418
0.75008273
0.89729995
0.8331019
0.8265335
0.75639594
0.94899493
0.8170261
0.77828854
0.9924057
0.9550311
0.83802646
0.85677946
0.9053426
0.83498573
0.84679556
0.72171384
0.7609956
0.58629256
0.973006
0.95938134
0.87259805
0.94592774
0.786451
0.9310811
0.99319106
0.765935
0.83204967
0.9036827
0.8715223
0.7870582
0.8743123
0.75263286
0.9169203
0.75224876
0.88872486
0.84054834
0.89115024
0.95721644
0.8935702
0.8286267
0.93148714
0.8787996
0.837143
0.9375788
0.83467597
1.0000001
0.8539701
0.9151758
0.8803499
0.825936
0.7565799
0.9624076
0.91629946
0.6314795
0.9433974
0.87103456
0.79255056
0.6525495
0.65900004
0.75403136
0.81727153
0.9242457
0.39459857
0.8395835
0.5069094
0.6896888
0.85161525
0.9030866
0.7480288
0.94108725
0.8988576
0.8342807
0.8920751
0.44772464
0.87899244
0.8349942
0.69898057
0.99061227
0.9544936
0.6629915
0.9163936
0.97346115
0.94124436
0.8127452
0.756837
0.9382635
0.9500184
0.90901846
0.81254554
0.9639456
0.93049294
0.9772506
0.8305698
0.8885317
0.9332971
0.78449
0.8998906
0.95723027
0.95902306
0.47866464
1.0000001
0.97450197
0.9820712
0.9136832
0.6646954
0.9785515
0.70705026
0.8870218
0.86910677
0.9528591
0.87071455
0.6399746
0.85050523
0.8272079
0.6472966
0.6236072
0.9056759
0.7819315
0.5334306
0.8919194
0.8249187
0.9881466
0.78273034
0.995865
0.8800848
0.9277921
0.76094973
0.74341345
0.92393327
0.9288574
0.6031786
0.93603504
0.80097705
0.726267
0.9821899
0.9257793
0.79462165
0.93591464
0.9387415
0.8963248
0.94135267
0.80088603
0.7548572
0.9256102
0.84037834
0.8755232
0.86001486
0.8287214
0.6857023
0.8534378
0.82173663
1.0000001
0.98189205
0.9919245
0.8025091
0.9284231
0.8832903
0.95820975
0.8153349
0.9023678
0.6523687
0.21185072
0.9412139
0.9484167
0.76750034
0.57075655
0.7487548
0.9613077
0.9139086
0.7317708
0.73903304
0.96857166
0.73861814
0.7626115
0.87130386
0.90810245
1.0000001
0.72583205
0.6675316
0.8295424
0.88982487
0.99704486
0.81004435
0.79830855
0.791976
0.91604245
0.9379409
0.71713084
0.7880113
0.8403417
0.9106965
0.99402356
0.8714017
0.9618004
0.9579569
0.6752707
0.9528214
0.7070838
0.8908314
0.68777454
0.96680975
0.8190944
0.8283617
0.81425494
0.7455826
0.8685633
0.8088785
0.95232916
0.8682322
0.83325756
0.88243747
0.9554225
0.9027189
0.91437733
0.9922661
0.7895982
0.81802493
0.73382735
0.706179
0.9431201
0.87078995
0.64272547
0.75496477
0.93549126
0.7853473
0.55783534
0.9986062
0.86698776
0.9550811
0.835843
0.74963605
0.99050874
0.97955513
0.9626402
0.6265886
0.83517045
0.7055819
0.7686875
0.94585866
0.8597189
0.90859497
0.811631
0.8937359
0.9296106
0.90750456
0.86309713
0.80471617
0.6053575
0.9813229
0.76374316
0.9763229
0.9124553
0.83718795
0.96626514
0.89802474
0.65262204
0.931155
0.8356947
0.91162163
0.9923335
0.9520768
0.9409918
0.87437546
0.9696981
0.8497009
0.99999994
0.85266966
0.760989
0.88525003
0.8344854
0.8513276
0.52488333
0.8389872
0.7751725
0.7682404
0.9042988
0.8230522
0.8314916
0.9288257
0.8541837
0.85619825
0.81746167
0.77754307
0.9164096
0.93374413
0.7371417
0.79993534
0.8078995
0.9310405
0.7973393
0.9395052
1.0000001
0.85595167
0.9644103
0.8771483
0.8955183
0.8626839
0.7599512
0.67604685
0.9249989
0.78941923
0.84619063
0.72239584
0.73358
0.84089655
0.43919122
0.72524565
0.9790765
0.93773776
0.8483563
0.7433395
0.8943656
0.8453261
0.9154238
0.937925
0.72054225
0.9912521
0.8042976
0.8611841
0.9309228
0.87680525
0.9827141
0.94504094
0.97161984
0.8976437
0.9243473
0.831944
0.8495679
0.87415695
0.803176
0.7321614
0.90478206
0.9612336
0.8758286
0.9509182
0.9639367
0.7828001
0.6309366
0.83845836
1.0
0.84181654
0.7242247
0.7269058
0.7129563
0.99254274
0.89347243
0.8822688
0.8397072
0.7395822
0.99005395
0.8732252
0.9211842
0.91454315
0.99302435
0.8714786
0.9598203
0.59881186
0.9871527
0.9213897
0.958772
0.9232601
0.99474096
0.8704109
0.81474096
0.73137504
0.7253719
0.68274766
0.96485233
0.8098554
0.6111897
0.7951693
0.9790505
0.5711289
0.99999994
0.859941
0.90427566
0.89172286
0.873025
0.8957877
0.9647355
0.7685414
0.8140358
0.9200175
0.96163553
0.8911467
0.92570055
0.748684
0.8426451
0.76109475
0.923415
0.9764676
0.90205014
0.85068446
0.8807369
0.90712094
0.8375852
0.81530064
0.9991546
0.89235204
0.5272277
0.92745197
1.0
0.8425571
0.89166343
0.68014765
0.78263927
0.88304764
0.81836355
0.87870187
0.8922179
0.9255412
0.8532841
0.6693342
0.90008074
0.7370739
0.8490871
0.7142455
0.71649134
0.80730605
0.8928207
0.97441673
1.0
0.6870373
0.6188198
0.7992273
0.90088254
0.752065
0.8599696
0.94256705
0.8898319
0.538999
0.86313146
0.7532557
0.89203
0.8601411
0.835294
0.81004405
0.6559715
0.8091219
0.91828233
0.8399593
0.80619663
0.79269564
0.89823157
0.8869575
0.70969373
0.87571436
0.6919709
0.8647462
0.64362293
0.87845117
0.58083844
0.8564042
0.9622046
0.7028737
0.93366337
0.740291
0.74712336
0.7656393
0.68715286
0.7524451
0.72602344
0.7804271
0.78542775
0.70379186
0.7161324
0.8657066
0.67574114
0.9125109
0.909585
0.9832548
0.8535677
0.8264952
1.0
0.80286276
0.82100433
0.9220678
0.6966592
0.8425695
0.9425768
0.878039
0.7432294
0.8420268
0.69954044
0.86463344
0.9825665
0.812303
0.99431884
0.91053
0.3189097
0.81631255
0.8402134
0.67343426
0.6774787
0.88991976
0.5474437
0.9398452
0.62511855
0.960532
0.98310024
0.44821247
0.9253561
0.79232705
0.84212923
0.85235864
0.8445283
0.8991453
0.88021755
0.8568449
0.9125308
0.7925286
0.87822235
0.8235084
0.82231855
0.919001
0.75742114
0.9855611
0.96074045
0.8959559
0.964872
0.82985616
0.82105994
0.85462487
0.90229344
0.6835906
0.6659192
0.6624727
0.9181666
0.7944635
0.9480094
0.80429024
0.9300736
0.9177976
0.9593812
0.87310934
0.9507748
0.9754615
0.92169845
0.38210276
0.8709453
0.925215
0.6978344
0.93708545
0.80641323
0.684472
0.8511208
0.5446393
0.76677024
0.90468246
0.893467
0.75434697
0.8918928
0.9482899
0.84828573
0.819941
0.65607864
0.84759945
0.9653899
0.9288645
0.66887146
0.70302725
0.97759
0.8621986
0.896944
0.9456099
0.7723719
0.8773497
0.91402334
0.9500428
0.7270819
0.9566734
0.94779766
0.8993376
0.89808106
0.7204686
0.72056216
0.918892
0.95111215
0.8568759
0.81236845
0.9201082
0.9072084
0.74349976
0.6859275
0.84833443
0.9908482
0.9559727
0.66244066
0.8760129
0.8953416
0.897115
0.7991566
0.9497176
0.89281183
0.9862276
0.7515884
0.85139775
0.72446716
0.55482095
0.7205616
0.78299814
0.981791
0.8857489
0.98791945
0.6887841
0.8723935
0.44874388
0.7583739
0.80297345
0.61888134
0.9911511
0.9053195
0.91454506
0.90149266
0.93728936
0.99999994
0.76343536
0.7329442
0.85193884
0.8388467
0.726872
0.6682482
0.9028299
0.65214807
0.9234009
0.8375192
0.8319177
0.8864875
0.9125138
0.96525455
0.7612543
0.87419516
0.85425806
0.88123256
0.94779277
0.9465296
0.88542557
0.6752342
0.6285552
0.77201647
0.9741274
0.70894897
0.8720714
0.86667717
0.9843962
0.8074727
0.964053
0.838889
0.8494546
0.8376289
0.7451504
0.74543536
0.95436645
0.88368183
0.91452664
0.9409252
0.8975974
0.7637414
0.77251756
0.43886754
0.6499657
0.7103957
0.70184094
0.9842391
0.84816945
0.9657741
0.9589682
0.955083
0.89476585
0.8508259
0.88589215
0.9069842
0.82623845
0.94113946
0.8437734
0.79281706
0.8902058
1.0
0.5675475
0.94155633
0.86350924
0.98004836
0.9353756
0.92724854
0.6502311
0.86379606
0.8721122
0.8308974
0.7908161
0.96807903
0.43381813
0.5169351
0.83789444
0.77510405
0.79772484
0.88755476
0.90496165
0.8251184
0.7617371
0.8350867
0.9834721
0.8317746
0.7682059
0.8179429
0.92407715
0.64262325
0.7142952
0.8641801
0.8429954
0.5782175
0.88961154
0.953808
0.8899196
0.97175384
0.7457248
0.72378254
0.92649174
0.9681127
0.8199512
0.93995583
0.8834474
0.75318265
0.65799797
0.99999994
0.81911033
0.7336586
0.720682
0.8363075
0.9460749
0.88590014
0.73366284
0.97734493
0.8786343
0.8405165
0.15152687
0.9064962
0.87270486
0.95737517
0.8336097
0.5990813
0.9110101
0.75229067
0.89811784
0.76328087
0.7761979
0.9999999
0.9487345
0.9543961
0.95165277
0.9987469
0.94664973
0.7901997
0.68886566
0.9342193
0.8881379
0.9210765
0.93622065
0.5821888
0.93777496
0.786227
0.9106862
0.9481834
0.80318433
0.8546359
0.99981844
0.8705585
0.83836055
0.9456246
0.9923259
0.97086954
0.7919611
0.972636
0.79828346
0.97481406
0.90369636
0.9338561
0.8637028
0.849619
0.9263705
0.84823346
0.9488282
0.9283629
0.96317434
0.6942761
0.9045888
0.9783399
1.0000001
0.9374263
0.9663578
0.90400416
0.7753413
0.89191186
0.7706119
0.88037163
0.701341
0.75638276
0.9901444
0.95427763
0.83104813
0.75137615
0.9511237
0.9370773
0.7264215
0.77798235
0.75531346
0.82266724
0.8710679
0.8836078
0.9309226
0.9987006
0.93765426
0.7161273
0.8094567
0.7464039
0.8803487
0.8257718
0.96168876
0.9435611
0.6093151
0.9208417
0.8886659
0.95163244
0.76253486
0.96042264
0.7106621
0.8556509
0.8079424
0.9840102
0.87483686
0.7868594
0.9292085
0.8745425
0.94874656
0.8112191
0.9232402
0.68440133
0.9128912
0.9359664
0.8503778
0.91092896
0.7875152
0.74609065
0.9608102
0.66702914
0.9184988
0.7256572
0.702576
0.7526137
0.78162825
0.649506
0.91419935
0.64973354
0.8564291
0.81763464
0.953508
0.5605743
0.96835977
0.7353318
0.82300764
0.8984038
0.7140524
0.91103274
0.88587964
0.952244
0.9055055
0.67733103
0.8824577
0.9394287
0.876788
0.77411103
0.82948285
0.7508542
0.96777964
0.93183947
0.7442883
0.022394788
0.7455946
0.93866897
0.7869552
0.9764065
0.99190336
0.9053208
0.6331835
0.9440342
0.91486824
0.9312832
0.8713332
0.84572154
0.94452584
0.5360421
0.8988066
0.63097864
0.9008081
0.93857086
0.8874401
0.88806856
0.84773463
0.9371201
0.881355
0.7997854
0.9064047
1.0000001
0.9448863
0.8980466
0.5199967
0.9289975
0.93956554
0.9533045
0.39046872
0.89062023
0.88390917
0.7192601
0.8937021
0.87673986
0.9281244
0.93472886
0.8168535
0.75214005
0.9242931
0.32436717
0.7909637
0.9687628
0.7929522
0.76052785
0.7954676
0.9694355
0.93786955
0.96091735
0.81452227
0.9552423
0.8901115
0.9521974
0.9211834
0.95915145
0.56211764
0.7686224
0.9358019
0.8473306
0.83106375
0.8733172
0.87408835
0.72125405
0.7970606
0.72662777
0.97477674
0.88317776
0.9407724
0.9046277
0.8345368
0.98674375
0.8944228
0.8555972
0.6781236
0.94123864
0.69262296
0.9708266
0.91519845
0.83571076
0.91802716
0.87814903
0.9011054
0.9550757
0.8867672
0.9458776
0.8407794
0.8904032
0.8644242
0.9500403
0.85543394
0.9303028
0.8554753
0.90014666
0.8869165
0.98834234
0.76695305
0.93253845
0.7100037
0.8744873
0.65527934
0.90996104
0.88087475
0.87042433
0.9124755
0.92440796
0.8369783
0.8106228
0.9776022
0.8417106
0.89302826
1.0
0.95183754
0.9428324
0.888415
0.9222332
0.9041542
0.8190039
0.984126
0.89678717
0.88232124
0.97202706
0.57713723
0.94621456
0.9110501
0.8999446
0.92405754
0.9679361
0.74472654
0.85068464
0.92249393
0.96815807
0.8548702
0.7119232
0.79015315
0.6833521
0.84386814
0.67373776
0.851106
0.52167207
0.9928924
0.7511873
0.8844403
0.8363911
0.98289454
0.983709
0.92977744
0.8730589
0.8001625
0.9755796
0.9310178
0.8389595
0.9392497
0.9337017
0.9580172
0.7980591
0.755283
0.8788619
0.8489385
0.8503192
0.9757615
0.8156419
0.79930484
0.9896681
0.6455705
0.94347185
0.74749327
0.9010676
0.7368195
0.81977946
0.9077356
0.9411407
0.93768346
0.9304478
0.87882864
0.9243853
0.9552489
1.0
0.96642303
0.96265787
0.91982704
0.9912205
0.7876183
0.7918798
0.716973
0.96008706
0.9463549
0.9275576
0.8820908
0.76417905
0.8630223
0.9958358
0.99210817
0.14300562
0.8188289
0.9490593
0.93539745
0.5931844
0.98093176
0.9903696
0.87683415
0.99324334
0.70077294
0.87690943
0.7139653
0.9889083
0.8250042
0.54400265
0.6732733
0.28548235
0.95135486
0.97541404
0.8059452
0.9068388
0.93061626
0.908713
0.98074305
0.999527
0.9671991
0.70204085
0.8837793
0.8098567
0.91748786
0.9243248
0.83016044
0.94438887
0.91176784
0.9697775
0.794904
0.88904846
0.8887848
0.9364317
0.90698004
0.8268451
0.91945064
0.7088335
0.9741304
0.60879457
0.8132106
0.91996723
0.86770964
0.9108137
0.92665946
0.9931838
0.8635413
0.742043
0.88115245
0.7757106
0.9140607
0.96532905
0.9999999
0.9418025
0.94442725
0.8362801
0.88547915
0.8747208
0.9974285
0.86592203
0.9085869
0.9696089
0.97951967
0.9914553
0.6983509
0.8452398
0.8566747
0.88854563
0.7898413
0.93531704
0.9304581
0.7640976
0.8724003
0.87589157
0.77315176
0.7317789
0.61737454
0.7317765
0.8075433
1.0
0.97182024
0.88559675
0.92722464
0.9484941
0.99999994
0.9601178
0.9595914
0.9154529
0.70774424
0.7269515
0.8847718
0.7599626
0.773914
0.82759744
0.9364106
0.9130763
0.9610641
0.9897424
0.55359876
0.7014525
0.9195058
0.99189115
0.79202515
0.9423754
0.91336685
0.87437546
0.9831211
0.9290737
0.72448283
0.845626
0.81866217
0.47873977
0.74037325
0.9381615
0.79578406
0.8211321
0.8039618
0.88231
0.95772684
1.0000001
0.7732106
0.9024577
0.58824885
0.8578055
0.9580107
0.8512424
0.67648876
1.0
0.98858404
0.8832687
0.91850394
0.78729224
0.9258273
0.8949704
0.8145905
0.68055016
0.8284325
0.9620681
0.81039673
0.9701787
0.8982022
0.6439242
0.97047997
0.85644346
0.94760025
0.86403126
0.79717827
0.78228784
0.9444728
0.8791823
0.9797257
0.59734213
0.66095746
0.7485592
0.912711
0.93270254
0.81198364
0.9601404
0.8079911
0.92815936
0.8800969
0.62971777
0.9417679
0.9415453
0.9126478
0.88170135
0.8736541
0.8758257
0.8378631
0.8763464
0.8225501
0.90292835
0.9307341
0.9505849
0.92501473
0.95594996
0.9035651
0.93277985
0.9939488
0.7336903
0.9775222
0.91313434
0.6866588
0.8601763
0.978389
1.0000001
0.9587818
0.82627887
0.917352
0.74809825
0.9153104
0.75065255
0.87589157
0.82205147
0.8866347
0.71010965
0.83810544
0.9446923
0.90055704
1.0000001
0.8783192
0.9937254
0.93410015
0.8484106
0.56669587
0.9643079
0.7553749
0.9057298
0.92265755
0.8830266
0.8603094
0.6514997
0.81414664
0.6281604
0.80751514
0.8515524
0.94733906
1.0000001
0.9023918
0.99970114
0.6628275
0.86668134
0.9698981
0.97909856
0.9153581
0.8482238
0.96743345
0.8083508
0.99978995
0.9882388
0.9058858
0.72043866
0.84056777
0.8242203
0.8822259
0.6035108
0.94467384
0.87492883
0.77684623
0.7790916
0.7343438
0.80183595
0.939693
0.94533926
0.9234766
0.7973953
0.77529687
0.81895036
0.9166018
0.948557
0.8103723
0.9715753
0.8921626
0.9034021
0.94146854
0.83865887
0.8851182
0.92625505
0.8498879
0.8083275
0.9343245
0.8626795
0.8400935
0.8635383
0.8945201
0.858997
0.826257
0.9680545
0.9504592
0.9261973
0.9365314
0.8724108
0.85403466
0.805067
0.98808753
0.9031725
0.8609501
0.5794833
0.85050446
0.80151397
0.8462637
0.70094836
0.879419
0.8807954
0.9486117
0.85484815
0.9399644
0.9541919
0.8896202
0.9907909
0.90362537
0.7293452
0.740627
0.8437433
0.9763121
0.8604442
0.6120169
0.98803616
0.84555876
0.9452858
0.9412152
0.93931127
0.87123007
0.8528686
0.9461905
0.69718254
0.7381994
0.8465135
0.8408093
0.99999994
0.9752295
0.88852656
0.9414304
0.9343034
0.7313665
0.77860934
0.8635807
0.87229145
0.90858376
0.90207005
0.8681079
0.78282154
0.9989843
0.89286745
0.9411899
0.926113
0.55928826
0.9504907
0.90054935
0.9663113
0.87367654
0.5186156
0.7915561
0.98118687
0.8655944
0.97074294
0.93791807
0.9198863
0.8472522
0.9944005
1.0
0.89834183
0.7337927
0.86358815
0.7757634
0.9550135
0.65189344
0.6613979
0.9880747
0.774634
0.882623
0.73991895
0.6957844
0.86691403
0.57807326
0.6994821
0.88519835
0.92947584
0.9053201
0.80471635
0.97235423
0.8487774
0.93633306
0.4384931
0.66301674
0.91291606
0.961866
0.9644488
0.38711095
0.89262974
0.9684026
0.9653019
0.9798125
0.89574915
0.9081015
0.9220636
0.9673159
0.95823497
0.94710934
0.8595495
0.9068487
0.64265364
0.9704448
0.97707
0.97494906
0.95813316
0.93188816
0.70986
0.79091096
0.823326
0.9644171
0.9806025
0.70478714
0.9667975
0.86929405
0.9406318
0.929798
0.93143886
0.85947347
0.99999994
0.77736473
0.91159004
0.8679581
0.74455017
0.9468342
1.0
0.9373593
0.90063155
0.9297274
0.90941215
0.68629116
0.7875959
0.6070548
0.91119885
0.69646275
0.8813031
1.0000001
0.7397471
0.8770375
0.97225666
0.88480985
0.9251005
0.86062205
0.8358396
0.96450955
0.8764856
0.97818756
0.8306438
0.9639815
0.85414374
0.91940844
0.6363065
0.9178234
0.96875584
0.9247665
0.9039281
0.6701561
0.9426279
0.9002938
0.9406285
0.96891546
0.7367161
0.8460864
0.9466622
0.9910772
0.96259534
0.828816
0.82760525
0.98293406
0.9295443
0.84831685
0.80091834
0.9730019
0.9952911
0.8430404
0.9370938
0.9956088
0.94732356
0.9454686
0.8628433
0.8830527
0.95201695
0.817283
0.9714406
0.9499107
0.87198204
0.93063724
0.76465064
0.984808
0.7859196
0.9933702
0.97592384
0.80739224
0.8892546
0.7788979
0.9646386
0.970872
0.72014654
0.9525448
0.9220743
0.98279524
1.0
0.774037
0.8395491
0.99704534
0.89729124
0.9313775
0.9192862
0.95423675
0.8601882
0.8006111
0.94925755
0.96555567
0.6863686
0.9881972
0.5332749
0.8435195
0.8532793
0.8811332
0.89526486
0.9357375
0.8784219
0.8702712
0.91539574
0.9374189
0.9339073
0.80198205
0.7736478
0.8774393
0.74009144
0.96267045
0.8250334
0.9495943
0.9873097
0.9728819
0.9766845
0.48614913
0.9094638
0.81877387
0.68999547
0.8853544
0.88183975
0.9149511
0.8946423
0.91178095
0.95170665
0.89320916
0.7093753
0.94020927
0.5148926
0.76746935
0.9091706
0.6967409
0.9761127
0.9503013
0.784717
0.92066175
0.76346344
0.906376
0.76901495
0.8412646
1.0
0.8765053
0.78064775
0.9467
0.50820875
0.7895868
0.93867284
0.8362654
1.0
0.909733
0.8520475
0.75600475
0.60383916
0.9111435
0.9651259
0.93491405
0.894291
0.7775976
0.8480265
0.8623632
0.74809027
0.8824749
0.7886975
0.8730044
0.82039005
0.9519202
0.952721
0.88605785
0.9657481
0.91522765
0.86215746
0.89124024
0.76890516
0.91624415
0.9705518
0.89938104
0.9829813
0.8712453
0.98784494
0.9513797
0.9595697
0.89753735
0.81721437
0.9268333
0.82814765
0.90291953
0.9514689
0.9421
0.9196838
0.9859997
0.9635844
0.9548247
0.874856
0.8517354
0.9671154
0.87027276
0.7605523
0.9237159
0.9506188
0.9267367
0.62451464
0.799206
0.91598916
0.901302
0.92862934
0.9014456
0.9183064
0.95926976
0.9320634
0.85891926
0.90875095
0.8423765
0.57132983
0.8881618
0.93893456
0.8038552
0.8493575
0.95718217
0.76046413
0.8765564
0.8652958
0.81252337
0.9772529
0.8482166
0.7260982
0.9347282
0.9757555
0.9954798
0.96427536
0.9167108
0.8697931
0.91736007
0.7804347
0.9357628
0.90647894
0.6878957
0.9853066
0.86703116
0.9182521
0.73595315
0.90037835
0.948101
0.9995979
0.945349
0.9845991
0.6163066
0.8845318
0.87697023
0.66667813
0.625075
0.9847411
0.93222356
0.8384728
0.9147353
0.9078673
0.82224005
1.0
0.91317165
0.83566713
0.7877792
0.9148456
0.8540154
0.7464469
0.8055525
0.9003643
0.9387316
0.9147253
0.59959984
0.85031927
0.88312906
0.77842295
0.8635549
0.96203923
0.83744806
0.9892552
0.84184927
0.91343105
0.7849133
0.7033794
0.83775216
0.6806271
0.8703452
0.7037199
0.95927763
0.9469404
0.9710387
0.93840975
0.8015755
0.90624887
0.89817923
0.9053237
0.8740449
0.8099146
0.6768371
0.806188
0.8829278
0.8752045
0.95649064
0.8642316
0.96613777
0.9739487
0.6817056
0.8278254
0.954724
0.81252456
0.96897465
0.82261497
0.67196125
0.8174511
0.904857
0.95065355
0.8512442
0.9189174
0.9510415
0.9562112
0.80034053
0.7212463
0.80460095
0.78771114
0.79463845
0.94082695
0.91474795
0.81178784
0.9510628
0.9487905
0.9435903
0.8017288
0.8673647
0.84360117
0.90550184
0.79461926
0.9361832
0.43299678
0.93755925
0.7972026
0.77681386
0.9557389
0.79922986
0.95318377
0.9338356
0.99999994
0.95518
0.99999994
0.933995
0.8690859
0.9378195
0.9922394
0.7510159
0.88732326
0.97426915
0.391069
0.95634496
0.9660404
0.8542739
0.8605995
0.9192919
0.50856483
0.86537445
0.86507595
0.82944286
0.9226844
0.9312012
0.83891046
0.9050916
0.8385181
0.8888248
0.9971696
0.48376596
0.9465002
0.7699225
0.81233674
0.82480526
0.8216639
0.86557424
0.79886395
0.8666024
0.86722
0.8661584
0.5748584
0.88874674
0.7840988
0.8758052
0.88327146
0.97830427
0.7974565
0.8918886
0.93196404
0.8422409
0.94787586
0.8857806
0.7472367
0.8522384
0.88146156
0.91751456
1.0
0.9570388
0.84289384
0.926121
0.8225266
0.9065113
0.9691349
0.83748287
0.8641479
0.92546695
0.94842076
0.86615425
0.8059623
0.77309924
0.96777844
0.81321967
0.9458407
0.88291603
0.9533742
0.8717083
0.92659634
0.9783403
0.8582672
0.9429475
0.8772423
0.83723545
0.9306616
0.76035994
0.99047565
0.85574937
0.8367803
0.839368
0.9539394
0.7951079
0.97327864
0.8521314
0.9815972
0.8924103
1.0000001
0.90319157
0.8626546
0.6322143
0.9481006
0.8398439
0.99388164
0.8330525
0.90706223
0.9825003
1.0
0.9384631
0.958891
0.8965503
0.9736761
0.8623239
0.9984898
0.8983848
0.8875971
0.9293058
0.9594724
0.86693823
0.73215157
0.7803025
0.84356576
0.84519774
0.96306044
0.84425664
0.8927691
0.81767714
0.65688103
0.6925912
0.9828867
0.688922
0.4003899
0.8100144
0.73666835
0.7524147
0.85936606
0.8564913
0.56628335
0.917221
0.9950503
0.90345085
0.8973415
0.88857186
0.854445
0.9836273
1.0
0.8163065
0.9700737
0.9202213
0.98040634
0.5465312
0.9353644
0.75237286
0.5029842
0.9097729
0.9669367
0.94840235
0.8420138
0.7602574
0.7484396
0.93681955
0.9380023
0.5697834
0.9999999
0.91032577
0.80676186
0.93508303
0.86081094
0.874096
0.96448827
0.8296234
0.73253
0.9512856
0.6808759
0.9462761
0.9408978
0.97119737
0.82278657
0.7750733
0.9732629
0.91643244
0.96631664
0.88301516
0.92560077
0.981311
0.95304394
0.88135564
0.936032
0.9463426
0.92351747
0.88814795
0.77250063
0.94932693
0.83144426
0.9189054
0.7710628
0.92367285
1.0
0.9088565
0.9655039
0.8609808
0.65530896
0.94857955
0.9794895
0.9207456
0.93126297
0.9847286
0.87186325
0.63424695
0.96946806
0.8934042
0.9078479
0.78132576
0.71968365
0.6475574
0.8193638
0.99555933
0.9344485
0.93982583
0.90011877
0.90219843
0.9309028
0.8439424
0.6625691
0.8981589
0.8774377
0.86938614
0.97680426
0.9124365
0.95013046
0.8901266
0.9826925
0.9444649
0.93085986
0.97846395
0.9098464
0.8975276
0.84954727
0.9151572
0.8599296
0.961892
0.7146743
0.98366344
0.95510876
0.82855076
0.848675
0.8397373
0.97227204
0.8615209
0.93970746
0.80153173
0.7647623
0.9169894
0.9832342
0.8021139
0.88036966
0.6944351
0.94532615
0.9771407
0.9435039
0.9252954
0.8849305
0.89597064
0.9272287
0.99487567
0.8729212
0.9876839
0.91654456
0.95368445
0.992787
0.86739594
0.9467949
0.9402214
0.912361
0.94145447
0.9084208
0.71647745
0.7752582
0.8348185
0.6222518
0.9483727
1.0
0.98509264
0.8090872
0.9981572
0.9393929
0.9452195
0.98467284
0.8069527
0.63577384
0.78018576
0.8751975
0.9956491
0.922671
0.93587404
0.81764853
0.81377673
0.92648816
0.93179846
0.9649688
0.9358714
0.90501165
0.80747104
0.92240286
0.9907973
0.70897144
0.9269523
0.7598958
0.76968527
0.94873744
0.8261148
0.9994347
0.9920126
0.73541355
0.92461747
0.9866332
0.9588878
0.95059824
0.8801552
0.97357917
0.91113526
0.8783833
0.9280676
0.85942775
0.9068103
0.8051285
0.9376923
1.0
0.695654
0.74510574
0.9738559
0.9084098
0.8931377
0.8832124
0.84714967
0.9696969
0.7241319
0.78715366
0.52736914
0.9104474
0.90698266
0.9817352
0.78494227
0.6608639
0.6543228
0.90037835
0.8499221
0.9677534
0.92970073
0.8331441
0.87217516
0.8266526
0.8716982
0.9767786
0.8978756
0.89014506
0.9306828
0.82256544
0.9515501
0.84855807
0.97357535
0.797216
0.9223656
0.56674886
0.9346426
0.7737252
0.841963
0.8722471
0.8616668
0.7631347
0.75198644
1.0
0.8045223
0.8562289
0.96475977
0.9117809
0.7820709
0.83943844
0.9696188
0.91557616
0.9794408
0.7716487
0.8308626
0.8175293
0.7031222
0.9183594
0.80801976
0.9316859
0.86213833
0.9627911
0.82669455
0.9397261
0.86564416
0.8295478
0.8761877
0.88882035
0.73463416
1.0
0.59073293
0.9999999
0.91991484
0.6449001
0.928107
0.7513257
0.93962044
0.8699943
0.7944325
0.6583737
0.7743794
0.75212574
0.87845826
0.75379795
0.83057845
0.99999994
0.9233041
0.71621215
0.87541413
0.94321215
0.83490115
0.92868173
0.9784071
0.8932043
0.81239927
1.0
0.7686201
0.771402
0.863005
0.9912902
0.9479784
0.9516071
0.9246565
1.0
0.97632533
0.9856929
0.9084457
0.9838504
0.9678909
0.72704107
0.9870353
0.8846394
0.87580097
0.68824375
0.83622783
0.9376236
0.93052995
1.0000001
0.9065244
0.7314503
0.9912226
0.9052573
0.88040614
0.94101155
0.7282729
0.8475513
0.49778143
0.9457799
0.92222947
0.98703516
0.84597427
0.99295163
0.9278095
0.8826921
0.90718806
0.9793314
0.9754741
0.93396443
0.98737025
0.86909544
0.95556754
0.9221277
0.9196639
0.9036101
0.55257916
0.90700716
0.9886448
0.9868928
0.92208797
0.9896199
0.7664007
0.77654505
0.82567155
0.96567994
0.9311892
0.95299727
0.8558057
0.99999994
0.90918505
0.8276768
0.70811635
0.8288353
0.9842761
0.9490202
0.9839129
0.7005095
0.8874459
0.951657
0.91294664
0.8362001
0.7966391
0.6344216
0.94250846
0.7823535
0.8925495
0.9977871
0.890885
0.85973364
0.938725
0.7655528
0.95354843
0.89527345
0.8820915
0.9480099
0.9482796
0.96963465
0.7845035
0.9318589
0.915967
0.984879
0.9859039
0.8639395
0.989367
1.0000001
0.95763135
0.7703186
0.9489074
0.998636
0.8045139
0.80681443
0.9582268
0.93943906
0.8652103
0.903968
0.8786959
0.9306415
0.8162128
0.93787926
0.92721653
0.9168681
0.8853027
0.7924574
0.9759481
0.9818716
0.5914174
0.9336663
0.7121545
1.0
0.9411167
0.7095553
0.6551292
0.963977
0.7346679
0.99999994
0.80591106
0.9390121
0.877349
0.8400743
0.93453985
0.7623874
0.99717194
0.6214934
0.9064847
0.9175473
0.89734715
0.97363377
0.88583916
0.99887687
0.9999998
0.98945963
0.7845209
0.8992288
0.9524931
0.9779241
0.982234
0.9037282
0.9545789
0.86977136
0.7251632
0.8956968
0.96446985
0.9458632
0.84212315
0.48832387
0.93923324
0.8255003
0.8906982
0.9443037
0.951636
0.8165525
0.69371694
0.8148283
0.7334022
0.9727651
0.86334956
0.7590846
0.9179697
0.934988
0.86809576
0.83782756
0.9324948
0.85371476
0.8991351
0.88756156
0.7424821
0.82439554
0.8402321
0.7092051
0.80749506
0.9620499
0.7201309
0.78216517
0.56465757
0.7238083
0.99954754
0.88731396
0.6274751
0.5719898
0.93619454
0.95724154
0.87916654
0.7410791
0.9526056
0.9683372
0.9599361
0.9939722
0.96404475
0.9398914
0.90641725
0.961106
0.88274944
0.6580971
0.9357578
0.9015658
0.8021359
0.9999999
0.99361295
0.91466695
0.9084349
0.78251255
0.8877255
0.6163059
0.6885378
0.97168624
0.77748185
0.91485095
0.9528614
0.926993
0.8963305
0.673344
0.94279623
0.8152072
0.6900865
0.77552885
0.9825899
0.90031826
0.9595797
0.9953114
0.9098978
0.94374
0.8663681
0.9990213
0.9394007
0.8441972
0.9136595
0.97786546
0.8676052
0.91794646
0.9830076
0.96524155
0.8329566
0.9824605
0.8003085
0.8831168
0.99999994
0.8145359
0.9676112
0.8821335
0.7657206
0.9343587
0.93021834
0.7612064
0.87115896
0.86724854
0.855603
0.59697855
0.8388896
0.9087143
0.9030977
0.87549657
0.6234837
0.93976265
0.8731617
0.90886545
0.838193
0.9419614
0.90784883
0.88188946
0.77431357
0.9351392
0.8494162
0.93920046
0.97409
0.8956234
0.99005336
0.92279154
0.64706314
0.93747985
0.9370101
0.61596775
0.8348103
0.98289
0.7907922
0.91492593
0.956341
0.6181172
0.9298708
0.67884254
0.83055454
