0.716913
0.85204077
0.8646455
0.91243494
0.80910563
0.95071864
0.9211873
0.6423621
0.84420377
0.9146645
0.8681309
0.9374651
0.9252516
0.782403
0.9723897
0.9209399
0.8953551
0.85315484
0.9052916
0.8305353
0.83525527
0.7772041
0.91866034
0.89629364
0.53695893
0.9153354
0.83185005
0.8782944
0.83363307
0.9373521
0.8849081
0.6732086
0.82920676
0.88515866
0.7425604
0.833846
0.93920016
0.7882588
0.8819464
0.7798746
0.9054841
0.833052
0.7706019
0.88193357
0.82413304
0.7013152
0.9040965
0.8663137
0.8345133
0.8565934
0.942322
0.77795625
0.9526997
0.8973421
0.8169872
0.85331845
0.92431223
0.717612
0.94653267
0.8594032
0.7997791
0.7413169
0.8537621
0.7813013
0.87076986
0.72999907
0.94092953
0.69090766
0.94924414
0.8950461
0.9434619
0.8366556
0.8889165
0.7950924
0.87259054
0.37176
0.8722546
0.8838657
0.9361098
0.9038972
0.7662926
0.61468995
0.6910512
0.76294416
0.94083536
0.8603778
0.9697759
0.9551001
0.87408864
0.77997875
0.8455782
0.9161787
0.8676856
0.9117297
0.8717987
0.5558927
0.89966047
0.81036955
0.81442547
0.8427414
0.9386142
0.8360928
0.5936698
0.84847814
0.9393014
0.9524497
0.913826
0.9420672
0.88702947
0.94539744
0.871351
0.9443172
0.9496844
0.9347602
0.93958527
0.86124575
0.90081453
0.71699953
0.76268345
0.93840706
0.81989026
0.82777464
0.9358299
0.7516175
0.9534644
0.69616985
0.8157987
0.8901227
0.9010162
0.6668586
0.90839374
0.83722436
0.9448066
0.8923836
0.7409931
0.91049033
0.8337824
0.84695417
0.7614493
0.8507285
0.9401669
0.7118008
0.9711407
0.81697345
0.7887644
0.93234736
0.9152735
0.92579913
0.80264
0.9505039
0.80992967
0.85723376
0.89250505
0.94822645
0.70633006
0.93016446
0.7366673
0.93046933
0.8920656
0.79306036
0.90898
0.9199946
0.7211169
0.7598935
0.79680496
0.85790056
0.9306268
0.91989875
0.45161673
0.018625606
0.8779177
0.7712871
0.84925926
0.9309059
0.7238002
0.9453683
0.63940865
0.9086391
0.94128
0.78829455
0.37243044
0.9064817
0.75146186
0.8389717
0.8738674
0.900583
0.88007545
0.7521549
0.938377
0.9669233
0.7946227
0.8596083
0.92963094
0.7833603
0.9187988
0.6376747
0.96906054
0.89248097
0.72530633
0.7920106
0.7982946
0.7228578
0.7768595
0.8433729
0.71881866
0.77558196
0.8468594
0.2894905
0.81348383
0.7893185
0.9202918
0.79980385
0.95519793
0.9588744
0.69776666
0.9226474
0.4907573
0.9092698
0.79884416
0.8970375
0.8815118
0.7936589
0.9481245
0.95022637
0.9229231
0.76327085
0.94322133
0.84010243
0.95606846
0.5788829
0.8860243
0.89531666
0.7834073
0.8122828
0.71847975
0.76006657
0.7974266
0.9300478
0.9161929
0.8981542
0.79456383
0.6584792
0.8129068
0.87478584
0.74434495
0.9788768
0.7016951
0.94019276
0.7341474
0.89981794
0.7863011
0.9444347
0.92544216
0.8884676
0.8597036
0.9017451
0.83678144
0.8609941
0.75965095
0.8977117
0.727691
0.8811511
0.8213124
0.7117376
0.7809169
0.7854303
0.7864207
0.8643933
0.86740184
0.89237905
0.9314276
0.76745963
0.93809474
0.92104316
0.84616435
0.8009537
0.8551487
0.859466
0.87641263
0.8807719
0.8603913
0.7429934
0.584345
0.92236686
0.9164939
0.7271216
0.93672466
0.82702523
0.93606097
0.9561473
0.72391415
0.8493083
0.8428787
0.8300596
0.77212834
0.7863363
0.91177726
0.7943183
0.84340405
0.7571934
0.8700238
0.9084702
0.85335374
0.9602909
0.8951985
0.7922462
0.7768365
0.8783146
0.95130014
0.7411884
0.7639247
0.88690984
0.9313853
0.8609654
0.8968917
0.9544952
0.82868195
0.938677
0.9247372
0.9243083
0.9324392
0.79280436
0.88251877
0.90328085
0.9452096
0.8915058
0.8739638
0.8908788
0.7598229
0.44844812
0.8858065
0.86122537
0.69100237
0.8539931
0.8501725
0.7886445
0.8062954
0.9173227
0.88036263
0.63140893
0.8449575
0.9151643
0.8375203
0.8322478
0.7957785
0.68855387
0.90889573
0.6307115
0.8793303
0.3750319
0.9524999
0.95026267
0.88144547
0.8201081
0.86780876
0.9330218
0.95655155
0.49442723
0.7149974
0.9455725
0.7642588
0.58814335
0.9473716
0.9204681
0.75012857
0.52932817
0.86189145
0.9353998
0.82090575
0.89699256
0.8660555
0.45919347
0.7778279
0.9288796
0.93529505
0.861832
0.851965
0.82444227
0.8841805
0.91739404
0.92309284
0.88353515
0.8825691
0.93403023
0.79216933
0.9458133
0.9625775
0.77185917
0.89411294
0.935422
0.84882087
0.95657855
0.89061785
0.8675635
0.77525556
0.63838047
0.88719547
0.8564876
0.82653487
0.8932781
0.8969434
0.9615634
0.7748368
0.63552153
0.9005363
0.8726229
0.7113459
0.8702596
0.8720052
0.8642671
0.9344074
0.8066787
0.6473972
0.90511256
0.83343524
0.8735151
0.5541356
0.5991827
0.8370155
0.9542667
0.7653971
0.903939
0.7429772
0.6625264
0.66910076
0.92267054
0.92743367
0.94433784
0.93576723
0.838531
0.95439553
0.9331416
0.8989294
0.5684958
0.9451775
0.8890865
0.69727236
0.7931793
0.869962
0.8652951
0.9234719
0.8401638
0.9578017
0.893584
0.9024449
0.89834785
0.5170182
0.91063964
0.5264956
0.72099686
0.88788676
0.53872275
0.91506296
0.7302222
0.77143276
0.84224147
0.81224674
0.91614115
0.9064533
0.8879269
0.9515877
0.912536
0.8987986
0.8111392
0.9437998
0.89306664
0.93553674
0.66214556
0.7518347
0.9181436
0.8968113
0.93825513
0.7372689
0.82095796
0.8292023
0.7998963
0.9136729
0.970535
0.9549426
0.88701886
0.91936636
0.6531664
0.811393
0.8745327
0.8852194
0.7964901
0.7922166
0.9035555
0.84847695
0.89777803
0.88170165
0.6982943
0.82242423
0.85485125
0.87684643
0.7716361
0.91104317
0.8419968
0.7672036
0.8055415
0.8652632
0.95859873
0.78900963
0.69419503
0.83405715
0.47223267
0.48721167
0.78078276
0.8066352
0.7766696
0.88806236
0.8578826
0.66498643
0.6456364
0.8288444
0.8493302
0.9347445
0.5017991
0.560791
0.9443188
0.67658776
0.6581532
0.8771483
0.8083316
0.68894476
0.92301637
0.9134985
0.838343
0.74408114
0.8783606
0.6274266
0.7139104
0.87033224
0.9325317
0.9058964
0.85790986
0.9363681
0.94501585
0.92763984
0.90226287
0.87004197
0.8648386
0.6982403
0.8713935
0.92543095
0.8935782
0.9478954
0.9599207
0.6787463
0.91931397
0.8138233
0.676468
0.77492225
0.8849805
0.88761556
0.8049924
0.93187046
0.9187747
0.9292301
0.87135816
0.90084225
0.92394316
0.93987954
0.5352955
0.94461805
0.9244733
0.9076378
0.90424913
0.90091157
0.88411486
0.91739345
0.96418715
0.82173365
0.92801136
0.7216275
0.7581596
0.8636998
0.89326215
0.8904265
0.8994595
0.52186984
0.88473415
0.90918124
0.9326984
0.88929206
0.6679168
0.6754904
0.90936047
0.8323017
0.8842599
0.8597448
0.90980977
0.9164283
0.93360364
0.94123226
0.9147435
0.941434
0.9051196
0.9055608
0.77167237
0.7436965
0.9417341
0.82121015
0.86798036
0.92997706
0.9240979
0.86019945
0.84959954
0.85448676
0.6767652
0.6371638
0.9343578
0.8981658
0.8530454
0.90419644
0.7307449
0.886509
0.95222706
0.813754
0.77600795
0.84642553
0.7984967
0.8412848
0.71745527
0.95932335
0.95304865
0.83827436
0.9469446
0.9072999
0.7358805
0.6810674
0.5415427
0.8007773
0.84965336
0.97612095
0.75530005
0.62433714
0.8544923
0.9009347
0.87829185
0.91328454
0.61324894
0.7217858
0.843868
0.7006142
0.92141664
0.78160113
0.80596143
0.91828656
0.9112125
0.69935
0.94871247
0.862136
0.8495763
0.89298147
0.9090284
0.9287889
0.87401825
0.93685675
0.93444717
0.85748684
0.8325105
0.96326953
0.9291523
0.88801956
0.90194863
0.84471613
0.94973814
0.8829759
0.9010797
0.88755715
0.8888778
0.86063945
0.81510127
0.7761059
0.9380453
0.9657029
0.7792416
0.9232122
0.8663939
0.54298705
0.92331374
0.8760188
0.56943834
0.5357067
0.91933787
0.86183804
0.8405293
0.890949
0.6650387
0.89226633
0.85002935
0.8823647
0.74509984
0.75013244
0.7474502
0.9127972
0.97603434
0.86801577
0.90153074
0.8437239
0.93605494
0.90579915
0.92822164
0.94647837
0.84343934
0.8755448
0.4458674
0.91293937
0.9275986
0.78159577
0.9041454
0.76567084
0.5758054
0.85523826
0.58009005
0.8688984
0.85134757
0.84456825
0.8958313
0.8368285
0.638615
0.93749034
0.8844039
0.9662605
0.9130314
0.80567956
0.95713514
0.9465556
0.9458431
0.8968781
0.9106745
0.89852434
0.81120336
0.9026599
0.8917992
0.8995143
0.96001077
0.94475
0.770613
0.833251
0.90306854
0.8477741
0.8753456
0.96025336
0.93916935
0.8726803
0.87053406
0.7235657
0.7312304
0.951688
0.7986946
0.8244266
0.80150026
0.9522102
0.7988634
0.8086737
0.7512198
0.7593484
0.7897567
0.7974192
0.82692987
0.96620893
0.8174962
0.79958427
0.94180405
0.88493043
0.89066446
0.9106834
0.849953
0.90465057
0.86972004
0.87132394
0.93686867
0.8722535
0.86862516
0.9493294
0.8609144
0.7734379
0.9458935
0.8704131
0.90312076
0.6644337
0.9193726
0.93383193
0.81057036
0.895722
0.80559325
0.81327444
0.9634003
0.90454227
0.76678824
0.93546546
0.95535934
0.56593835
0.7452773
0.93219846
0.9528142
0.97434664
0.94670886
0.87479275
0.7703644
0.84291816
0.80615824
0.7271067
0.91156495
0.92240584
0.79834276
0.95162785
0.8797733
0.7505777
0.9142727
0.8861196
0.9589177
0.85110164
0.67181873
0.9402118
0.84485793
0.9269044
0.9663755
0.91233736
0.68876123
0.945092
0.6396025
0.8808267
0.8401523
0.7595111
0.9110565
0.9504472
0.7275167
0.90407825
0.7673228
0.8663045
0.8232504
0.8560473
0.86110806
0.88558483
0.8738009
0.72870165
0.89772165
0.89420104
0.9511149
0.9104675
0.74313956
0.8890441
0.86349237
0.8586956
0.88739675
0.93973136
0.84027404
0.699149
0.5710562
0.72444075
0.8895298
0.91974026
0.8334327
0.8316508
0.85586077
0.79187477
0.9299779
0.9231297
0.5815847
0.7662047
0.66671646
0.9051292
0.7545859
0.9612395
0.77699864
0.93744195
0.92198515
0.76858485
0.8254615
0.9803565
0.96340084
0.89492977
0.7718196
0.90262836
0.8594186
0.84093624
0.88720065
0.8720096
0.36859357
0.7522891
0.8967657
0.84159696
0.91805017
0.8024049
0.7896175
0.82998395
0.8754524
0.8036937
0.77763456
0.9081099
0.8746943
0.92903954
0.8048283
0.7567454
0.9422433
0.7525849
0.65483695
0.85199547
0.9193397
0.61632925
0.81033444
0.8531002
0.80515635
0.929719
0.7339365
0.94017655
0.65375996
0.6678585
0.80857265
0.9230522
0.9281197
0.93583274
0.919859
0.9097735
0.93102247
0.72429484
0.83889085
0.86815625
0.7767322
0.8913075
0.92644477
0.8277066
0.85792375
0.9224409
0.62362397
0.91349864
0.7795309
0.82257736
0.92552984
0.5008182
0.7972277
0.8617698
0.8631543
0.8385284
0.81487936
0.95033383
0.9314187
0.67957944
0.9150476
0.8412821
0.8383697
0.96691996
0.78044677
0.67058986
0.9304098
0.9284786
0.88761324
0.6100377
0.85580313
0.8940694
0.68808764
0.8207558
0.83100873
0.74330735
0.91269755
0.7858956
0.7539805
0.9568529
0.85629064
0.86045855
0.5752842
0.8238936
0.6486927
0.6924566
0.586009
0.94175863
0.86955994
0.9340366
0.8683444
0.8007053
0.86799717
0.8762435
0.8656008
0.89780205
0.83462226
0.8442565
0.7858826
0.8675946
0.8891405
0.91971314
0.85290074
0.94458485
0.9587266
0.9682393
0.82366276
0.94113076
0.96297544
0.7519567
0.76906
0.92005694
0.72414947
0.8240324
0.9300488
0.85849637
0.88377774
0.870349
0.6810265
0.93359995
0.7739176
0.8168905
0.7390199
0.9094039
0.918927
0.7552941
0.8785458
0.66440356
0.87419736
0.9136657
0.85966
0.86755705
0.47029257
0.68509173
0.73660153
0.8740215
0.82572126
0.8880975
0.9556695
0.7043377
0.9061863
0.8687219
0.89291024
0.9331981
0.8877145
0.9220684
0.919513
0.92932403
0.8770934
0.9276526
0.92668957
0.8847227
0.77833277
0.79758644
0.9310677
0.64182997
0.91111726
0.8617038
0.91022253
0.9191389
0.9061571
0.9426438
0.8591876
0.9044411
0.8789749
0.7525685
0.9295378
0.8968385
0.8687034
0.91321427
0.81684077
0.8523024
0.74270093
0.92827386
0.8765652
0.8841387
0.84015214
0.873857
0.86064005
0.80816054
0.81723404
0.8040372
0.9239335
0.80595773
0.8256511
0.90834564
0.88005733
0.7926566
0.80187905
0.3353932
0.9668022
0.66563135
0.84852445
0.9612585
0.8076231
0.8325186
0.8320878
0.9498027
0.91124725
0.8121203
0.81449306
0.95896727
0.70269084
0.8460398
0.84570074
0.97017044
0.9093665
0.9473634
0.89804786
0.74638075
0.7443154
0.937136
0.7355126
0.4359144
0.85251284
0.9166364
0.8593427
0.8260541
0.85263574
0.7970184
0.78553563
0.9573126
0.75142264
0.8298582
0.78029525
0.8923782
0.882172
0.9301954
0.82269275
0.8009125
0.840082
0.96826077
0.80168194
0.8638427
0.86061984
0.4658568
0.9625325
0.73467535
0.84868693
0.9836877
0.8357231
0.92951727
0.8981392
0.94702226
0.84559214
0.94319063
0.6600417
0.95020235
0.8167151
0.95976174
0.85801977
0.9359578
0.8819997
0.8007226
0.71257406
0.94889855
0.92743045
0.9021627
0.8832898
0.9198921
0.8237014
0.8986669
0.7059821
0.9701751
0.9256843
0.867158
0.9392235
0.82829
0.93112
0.81478244
0.7692074
0.70058835
0.7585324
0.7849964
0.9162953
0.42805403
0.88642305
0.96078295
0.8670204
0.8836391
0.88066167
0.8618105
0.6603911
0.8274135
0.84969807
0.95697105
0.77535385
0.96488696
0.7970887
0.65874666
0.6192943
0.9339867
0.45329624
0.7984644
0.4977003
0.9481309
0.7580677
0.8275664
0.63247144
0.9490289
0.8571133
0.86219865
0.862568
0.9168006
0.92941105
0.82472825
0.6821287
0.8015089
0.8742448
0.93711364
0.7899079
0.8357389
0.9799514
0.91531944
0.7647385
0.8929119
0.94518924
0.84704554
0.95831144
0.82205737
0.74703777
0.97942036
0.7696128
0.87981296
0.8572739
0.9321292
0.49999952
0.92685235
0.66682696
0.8435956
0.839878
0.8366546
0.8636492
0.77196646
0.9242701
0.893643
0.8510779
0.84126866
0.85075283
0.80080664
0.89493877
0.7283895
0.9607311
0.9648288
0.5859916
0.8266386
0.86700886
0.9148466
0.955347
0.9268615
0.6275332
0.7805186
0.9073018
0.8581327
0.71693003
0.80300826
0.8974081
0.88269657
0.892003
0.84856844
0.9395744
0.7867485
0.61133164
0.8898761
0.7711935
0.8453137
0.7523484
0.7525844
0.7580979
0.81689787
0.8869097
0.77915263
0.8013303
0.8785883
0.9675191
0.64930314
0.8782656
0.8490699
0.8796004
0.79473716
0.77467877
0.9210902
0.880502
0.7554279
0.79779
0.66595876
0.83364284
0.80236435
0.8423705
0.8805705
0.65580916
0.7163847
0.92158973
0.9574739
0.9389578
0.93897283
0.7876974
0.87203777
0.90378493
0.9002353
0.70752305
0.82784504
0.7637778
0.8411995
0.78227293
0.4750925
0.6804862
0.872987
0.82825273
0.90555114
0.75148565
0.85211325
0.71388674
0.57786036
0.94859606
0.7806274
0.5791883
0.8809745
0.90634114
0.8660046
0.9156101
0.8750004
0.79715645
0.9220917
0.7185521
0.9109895
0.8574028
0.89735615
0.7611381
0.89397687
0.9035031
0.84656817
0.9505196
0.8675072
0.7367856
0.88910097
0.8164325
0.9505646
0.87362754
0.86026764
0.8903338
0.76797146
0.9362383
0.8000632
0.6525544
0.9061848
0.951586
0.92028445
0.95760995
0.88599133
0.81851995
0.92911446
0.81306875
0.75272065
0.78567636
0.7030106
0.7632742
0.8181775
0.84419435
0.87733436
0.94907993
0.78514946
0.7865565
0.6984138
0.9251121
0.62224114
0.84388775
0.88903946
0.9362383
0.88518566
0.9375699
0.9546661
0.9320364
0.8830225
0.742095
0.9273306
0.91167814
0.9280169
0.86418813
0.9412081
0.9030225
0.82873005
0.88942176
0.6601957
0.9385791
0.96212393
0.84353584
0.7593961
0.88918555
0.89007187
0.8452543
0.5087938
0.9141896
0.91345674
0.55065423
0.91712016
0.6812603
0.9230806
0.79138553
0.95492667
0.5551834
0.77708817
0.7477591
0.69518447
0.90745384
0.9047692
0.80403244
0.79862106
0.61353886
0.85428655
0.8655971
0.6766506
0.6504604
0.87432706
0.7002032
0.912341
0.68070215
0.9129916
0.6970698
0.95460653
0.6813843
0.89885527
0.89152926
0.87344056
0.79378206
0.90563285
0.92107445
0.6792725
0.9365773
0.9741265
0.849077
0.72316355
0.94496983
0.8289437
0.7067161
0.674013
0.6766665
0.8531788
0.7719244
0.8971267
0.7178371
0.9379013
0.9424519
0.97842574
0.92742014
0.65166324
0.81880116
0.96356356
0.715275
0.8207077
0.7215184
0.8822856
0.8017143
0.74777615
0.74011254
0.8808153
0.66484964
0.93269414
0.71832633
0.67597806
0.94067365
0.7924298
0.69550574
0.8009114
0.92227876
0.6652262
0.9334423
0.83080286
0.8995362
0.85886335
0.82817435
0.68893886
0.87463343
0.9041209
0.9108897
0.8585049
0.74432635
0.93805695
0.9162035
0.8353252
0.92763424
0.6929449
0.8389917
0.7507484
0.80766785
0.8997313
0.7704791
0.8483231
0.9411586
0.9380777
0.8813865
0.954077
0.90072834
0.91661495
0.5967156
0.86490834
0.968318
0.889496
0.8790627
0.95411676
0.95169765
0.9265931
0.9187266
0.7983285
0.8126004
0.57618314
0.8968173
0.9013218
0.94210684
0.9087372
0.9382042
0.8951527
0.77647525
0.87164855
0.9296864
0.9757725
0.85620105
0.8517855
0.61170405
0.87209857
0.5948005
0.8644594
0.89217764
0.78130734
0.93213844
0.8488843
0.9530062
0.8583466
0.7618798
0.638767
0.5008472
0.9230093
0.93987525
0.806462
0.47776288
0.8600271
0.625738
0.9680299
0.9230926
0.9086236
0.8285443
0.96540385
0.9063463
0.9372239
0.61543846
0.86552745
0.9178923
0.93804216
0.92816967
0.89787036
0.8744704
0.75917673
0.6559203
0.9019206
0.9479499
0.8502805
0.8819632
0.93063104
0.72060436
0.9156856
0.66485095
0.8594646
0.8365933
0.78205067
0.7690159
0.74003714
0.81655824
0.9480479
0.87273455
0.84828854
0.89137787
0.9289423
0.8914901
0.8410834
0.85710686
0.8516961
0.7247007
0.83565116
0.78877366
0.8738301
0.84021264
0.81187093
0.669678
0.6758996
0.9106939
0.86811787
0.8580979
0.8837489
0.91761136
0.8372437
0.87223905
0.8593723
0.42730966
0.8150043
0.93815804
0.90294695
0.867761
0.9855056
0.8425396
0.8856483
0.9548695
0.94832885
0.855371
0.78280264
0.6223029
0.92047167
0.84651107
0.8955327
0.7655393
0.8394901
0.82837826
0.7111148
0.95589006
0.95864666
0.88482195
0.86884284
0.921084
0.8358212
0.6386862
0.4113245
0.6118801
0.7266701
0.8798973
0.64967495
0.84061277
0.8775983
0.8015245
0.9419762
0.88464165
0.8448602
0.9185928
0.9306139
0.8669115
0.9628793
0.7021065
0.929615
0.8894774
0.8891738
0.79722774
0.9365051
0.5753009
0.60495067
0.9511677
0.90618527
0.97073746
0.9471284
0.6584617
0.9225837
0.7468196
0.904835
0.21974109
0.880396
0.8359465
0.8737276
0.92038786
0.75011194
0.92189837
0.9148616
0.7259241
0.8657444
0.94849324
0.9344875
0.8753904
0.95157987
0.66955686
0.9236788
0.9030821
0.8079781
0.8844124
0.8153586
0.89577246
0.9036516
0.9206151
0.4279182
0.7888518
0.9158245
0.70225996
0.98048186
0.7944114
0.8558452
0.59581244
0.9463102
0.9170479
0.9595955
0.80448174
0.90866923
0.8471985
0.7865745
0.8917424
0.8866352
0.7730696
0.953215
0.8120427
0.9787807
0.6164778
0.83084905
0.9078535
0.69381183
0.95476687
0.79832405
0.8719727
0.80849165
0.8508195
0.87323874
0.7408748
0.8996424
0.96643126
0.9181681
0.91679525
0.9331647
0.9449812
0.763906
0.8507514
0.88816106
0.76453763
0.8251927
0.96118015
0.9295864
0.77594924
0.8666012
0.8685226
0.785221
0.8805171
0.7895885
0.6882214
0.94029176
0.8922866
0.70415604
0.8289512
0.79919744
0.7917259
0.82126755
0.9584136
0.95052457
0.74366045
0.75213957
0.53025424
0.67247915
0.9273569
0.85232407
0.53405243
0.9290178
0.91467905
0.6697155
0.7585174
0.8905382
0.9051189
0.8244641
0.8332924
0.952525
0.8872311
0.886405
0.5569608
0.78307664
0.7891319
0.7422309
0.79011655
0.58487004
0.7248613
0.8326757
0.8407513
0.87849796
0.8866905
0.6771084
0.90570587
0.97428155
0.9281745
0.8040278
0.8727749
0.82418984
0.941648
0.910473
0.8507465
0.7186059
0.6436367
0.9102435
0.63777447
0.82635343
0.8800076
0.8661774
0.8017342
0.8694768
0.85843134
0.9177619
0.9594431
0.80034804
0.94894505
0.76211005
0.956326
0.4936087
0.84966916
0.85169655
0.941261
0.94230163
0.81444365
0.8787677
0.86240995
0.72718436
0.9388992
0.6582626
0.8707956
0.840974
0.92735773
0.5991977
0.9241585
0.8112939
0.5209123
0.5998139
0.7524873
0.70289093
0.7989103
0.7842722
0.90617955
0.90966624
0.80688983
0.84288615
0.9246286
0.91028523
0.958325
0.788411
0.75397724
0.70408565
0.9343499
0.9788424
0.9018291
0.8854333
0.73639756
0.72297716
0.73370385
0.93096244
0.93894076
0.8726469
0.778581
0.86668885
0.7598865
0.89065933
0.8162045
0.9143642
0.74103415
0.78324664
0.90719926
0.53023946
0.9208472
0.7690675
0.89176583
0.84778225
0.8888409
0.6814289
0.93235993
0.752332
0.8531702
0.9246234
0.88499725
0.91286576
0.6634521
0.653093
0.73541224
0.79903555
0.9459908
0.72930187
0.93885136
0.72210056
0.7269676
0.7589571
0.9265665
0.9788507
0.43382126
0.849595
0.7414703
0.96717423
0.8241063
0.89339393
0.8722587
0.7961379
0.9186368
0.5374446
0.7375344
0.8621495
0.8469571
0.8818427
0.9089995
0.9585503
0.7839093
0.8903667
0.8914196
0.96363705
0.8205598
0.88046557
0.91746557
0.64406466
0.9107646
0.92399514
0.8245999
0.7104899
0.75065494
0.8999134
0.71118623
0.7353034
0.8495113
0.6930488
0.863835
0.9629914
0.8800948
0.74036574
0.80130494
0.95262384
0.92642534
0.62673515
0.8509707
0.8710299
0.8961965
0.9344985
0.71913755
0.92691135
0.94955075
0.75618106
0.8528252
0.874645
0.7484885
0.842335
0.7849076
0.9211847
0.8612811
0.8788381
0.9697362
0.84261125
0.9116575
0.65719825
0.78997356
0.9241936
0.93311656
0.91414857
0.90397894
0.89714134
0.8923748
0.77089953
0.92972696
0.9728401
0.87848854
0.9407223
0.8364988
0.43974993
0.91788566
0.875171
0.9304868
0.8758805
0.7885145
0.87753254
0.7668321
0.9370079
0.86681294
0.69666696
0.94534826
0.8224352
0.8049692
0.938177
0.8822858
0.82296175
0.70459247
0.75015795
0.827457
0.94374824
0.87698054
0.96786106
0.92703456
0.7568852
0.7081976
0.87526727
0.90299
0.95844865
0.9432783
0.8511962
0.65607065
0.9539775
0.81962883
0.76832986
0.9066657
0.9083238
0.73475796
0.9321874
0.6570125
0.87957215
0.9575708
0.56266975
0.8837122
0.97842574
0.915031
0.73965347
0.8822769
0.8953996
0.7109732
0.930778
0.7801353
0.93500155
0.68561757
0.8535582
0.8933927
0.863954
0.7046531
0.8878503
0.8355483
0.9316516
0.8498149
0.5545422
0.6241511
0.8928516
0.79620445
0.84424335
0.8820091
0.7094927
0.9302898
0.8970816
0.88030374
0.7220113
0.9077946
0.8788653
0.9564085
0.93712354
0.9168306
0.61592495
0.91474915
0.9138238
0.85510874
0.8955069
0.8994629
0.9434603
0.85691416
0.9671514
0.8471925
0.9232085
0.84046173
0.8361217
0.83538544
0.6768878
0.87318027
0.8019543
0.94065255
0.8911606
0.8041667
0.88739055
0.75377333
0.7987682
0.8803756
0.92423934
0.9345886
0.94811285
0.9245819
0.69623816
0.7774147
0.95604354
0.8446301
0.9313359
0.96512866
0.9249945
0.74557453
0.94994605
0.8989514
0.8363152
0.9542869
0.70797044
0.8337617
0.75966924
0.8239623
0.9330486
0.9223616
0.6709822
0.6474907
0.86766493
0.7502635
0.8735843
0.8761816
0.783328
0.85980684
0.9193716
0.9096849
0.85905427
0.73575175
0.7736984
0.9003667
0.9216871
0.8655504
0.8686868
0.9619893
0.83604884
0.90541816
0.97553664
0.87493587
0.8352978
0.6534389
0.9243973
0.96425986
0.8880623
0.9690711
0.9246456
0.955825
0.9178323
0.69033813
0.952603
0.88824975
0.92772293
0.9049478
0.9455789
0.9485183
0.9358475
0.6781632
0.9292791
0.9019738
0.86247253
0.934238
0.82914424
0.8961833
0.93507344
0.7360638
0.85890764
0.7328022
0.95617706
0.9119654
0.8746206
0.77873117
0.81705415
0.8970047
0.8504859
0.8313583
0.7110584
0.9445388
0.8375016
0.75030875
0.93839705
0.83089656
0.8635187
0.67620444
0.8643619
0.71162915
0.8921425
0.84232384
0.9627219
0.93808126
0.9213788
0.7481092
0.9518571
0.85398805
0.8947997
0.947965
0.88156575
0.93190354
0.7093056
0.92051506
0.898402
0.93943685
0.729555
0.83856845
0.9240389
0.44417712
0.8639031
0.8513354
0.8383782
0.82739615
0.94208694
0.85173094
0.70773274
0.88047945
0.8679488
0.8943439
0.90894395
0.6787603
0.9193438
0.86619306
0.95878065
0.6653409
0.94051236
0.8689409
0.81374574
0.86366475
0.9709654
0.8299339
0.93860424
0.9187025
0.7144187
0.6890348
0.97524273
0.77387726
0.9223884
0.87957406
0.8061092
0.85141575
0.9419162
0.9009952
0.90706545
0.95217144
0.89154816
0.63805103
0.97296023
0.6262789
0.84754974
0.76452386
0.8686061
0.9299732
0.92680484
0.86075664
0.8155899
0.9565682
0.7237638
0.88064444
0.97565544
0.80949783
0.6877957
0.95545954
0.69243765
0.8786482
0.8937494
0.91822976
0.8949534
0.8107394
0.57479924
0.6468309
0.6372977
0.86245006
0.81045824
0.8259287
0.85112345
0.9348015
0.53412765
0.89938116
0.7989806
0.72352695
0.944944
0.94249666
0.69778746
0.96212626
0.8792071
0.88168687
0.645049
0.9114598
0.86730754
0.8156586
0.85758173
0.90577507
0.83934367
0.8720583
0.6801851
0.7978878
0.6635455
0.8122935
0.8991866
0.7212244
0.7673803
0.7404294
0.9397108
0.8672324
0.90765953
0.90975237
0.8757205
0.89711463
0.85738516
0.75593543
0.95373774
0.6637642
0.9257839
0.7734537
0.81007797
0.8316083
0.9206079
0.9646758
0.803785
0.8422288
0.9164918
0.8286966
0.8683782
0.8575899
0.94318515
0.7892279
0.90274185
0.9051485
0.9774135
0.7193885
0.9384828
0.89221245
0.80471045
0.74493647
0.83963305
0.8930787
0.89392185
0.88121146
0.56832635
0.7687955
0.9109504
0.87211007
0.65541863
0.8601564
0.9071471
0.93961823
0.9020536
0.91427
0.9178647
0.79528016
0.7909438
0.7397092
0.97435725
0.78507197
0.8689119
0.91413206
0.8577615
0.90216506
0.8158155
0.8530752
0.83450395
0.8656554
0.67618805
0.8778943
0.90180755
0.6346501
0.9099238
0.8802954
0.8470872
0.8792394
0.84271216
0.93847054
0.9147396
0.77771044
0.92961216
0.7801776
0.92496276
0.8398274
0.8868871
0.6208682
0.7606808
0.888455
0.90480584
0.84740293
0.7779106
0.5806619
0.95542556
0.7479026
0.75209373
0.7893823
0.88836884
0.8478292
0.95779514
0.93055075
0.8803481
0.9029976
0.9454912
0.71746266
0.9159784
0.7881416
0.93215185
0.9513236
0.8706967
0.791793
0.8119656
0.88595
0.9283304
0.9137534
0.9431367
0.93809474
0.72407454
0.77821934
0.92885834
0.9106163
0.9105943
0.6550514
0.9271311
0.9543717
0.9130937
0.89131474
0.90665674
0.77860254
0.83090574
0.91551906
0.8925836
0.8532918
0.68355715
0.85480064
0.91733706
0.68455815
0.9507774
0.9751283
0.8794721
0.91694355
0.663441
0.85715413
0.9041785
0.82777274
0.8964138
0.75315285
0.9414519
0.84349257
0.8549477
0.9130069
0.94155693
0.8532194
0.87007785
0.74879533
0.74849445
0.90924865
0.7926159
0.8744701
0.91729313
0.81828403
0.866971
0.8073002
0.8893728
0.7942275
0.8056063
0.9534374
0.903175
0.7440701
0.9335774
0.86334366
0.91274077
0.77718544
0.84901154
0.89354146
0.943167
0.84407586
0.9225856
0.5218653
0.7286673
0.94770604
0.8958374
0.8531164
0.83644897
0.8899608
0.7722663
0.8944174
0.93007547
0.8538967
0.9052062
0.93976766
0.70346034
0.941503
0.6475166
0.8036363
0.791665
0.8936969
0.95682573
0.67448217
0.8253607
0.8635334
0.7391116
0.8729146
0.66287076
0.93197966
0.87680286
0.90181357
0.8707334
0.8921505
0.89981693
0.9041767
0.6654334
0.8768015
0.91002643
0.94049484
0.848176
0.8828366
0.8689761
0.8083281
0.86139095
0.46832815
0.8358345
0.93486214
0.9052836
0.7344766
0.7272054
0.9559548
0.69421065
0.91430855
0.9528945
0.6999363
0.82149416
0.8922277
0.90994537
0.9268181
0.9662206
0.91498464
0.94171685
0.8270084
0.82598495
0.56118923
0.9228598
0.43686274
0.95655066
0.9499012
0.85714865
0.87598586
0.90113753
0.65319073
0.93455124
0.9046977
0.94776905
0.68235886
0.83581746
0.81333435
0.6941248
0.89289623
0.80095303
0.64733183
0.96247935
0.9061574
0.8981232
0.90044296
0.84318763
0.75373393
0.74331033
0.91797405
0.8580746
0.9168701
0.8714577
0.8602333
0.88634396
0.7774435
0.87066257
0.7536825
0.781908
0.8551731
0.91341233
0.94116116
0.9037558
0.79602826
0.8254626
0.6925242
0.9341386
0.9054747
0.92385864
0.75704616
0.8904701
0.9014886
0.9481095
0.8830457
0.8677628
0.8817527
0.97233003
0.8590042
0.93290377
0.9165349
0.8597453
0.79843414
0.85610765
0.8799807
0.87311125
0.91238844
0.8667456
0.9101355
0.8934555
0.8128883
0.78358305
0.83922243
0.93990207
0.9271025
0.8408965
0.75481087
0.7648164
0.78671485
0.84131795
0.7761335
0.8564179
0.9099295
0.9014967
0.84021294
0.95495754
0.85879135
0.929366
0.9423008
0.9304238
0.90325177
0.9221737
0.7377378
0.6356588
0.8867524
0.91007054
0.9216778
0.9683487
0.95330447
0.6898143
0.9304706
0.83649236
0.93264884
0.90263516
0.92366284
0.7538498
0.7490032
0.6863548
0.97661674
0.8492273
0.93143225
0.8156642
0.9514209
0.88779366
0.90549535
0.8948174
0.6354953
0.93340975
0.8330666
0.8256982
0.8178526
0.81040305
0.4283798
0.48347378
0.8214938
0.76805985
0.7269396
0.9489339
0.78451407
0.8998939
0.9592973
0.80796623
0.65623236
0.80591524
0.9366621
0.79417956
0.7495861
0.888343
0.92540264
0.8387018
0.646869
0.96520704
0.79925215
0.85457367
0.95604837
0.8553655
0.94373065
0.786075
0.8332781
0.8396706
0.87673783
0.6986403
0.8900825
0.89050055
0.966797
0.7754474
0.91740954
0.89086473
0.9233683
0.92853475
0.73339045
0.7919565
0.7816001
0.8147337
0.84475523
0.6953476
0.8966861
0.6289173
0.8998729
0.7623116
0.84202373
0.7540276
0.93940556
0.9179859
0.9542526
0.8805631
0.9426247
0.8838858
0.93475187
0.84157413
0.89696455
0.94322276
0.877211
0.94161093
0.7451712
0.6287385
0.5945641
0.87872636
0.7392818
0.9308218
0.93290854
0.5940859
0.69964623
0.84103245
0.8293802
0.6437188
0.93631804
0.8893637
0.7215924
0.6711415
0.6197032
0.9313667
0.4732929
0.6772437
0.8814812
0.912
0.67375636
0.8977023
0.9288945
0.92822814
0.902377
0.93465996
0.9437311
0.87220585
0.931166
0.85477823
0.67211294
0.7913404
0.90487725
0.96137774
0.89383125
0.90107423
0.7967714
0.8079818
0.8265267
0.946721
0.9202533
0.9179023
0.64110875
0.86617225
0.90055364
0.9416649
0.879135
0.8977345
0.8843579
0.95103914
0.85463417
0.8681628
0.45493096
0.9663732
0.89757466
0.97021186
0.83256584
0.8507513
0.81620795
0.87810457
0.89328974
0.8873909
0.8433856
0.7286055
0.89072883
0.5791661
0.81650066
0.8424128
0.8308152
0.74166167
0.84698975
0.895017
0.771311
0.92649436
0.65766215
0.7909744
0.8694208
0.7664684
0.78107446
0.79836047
0.967456
0.8971975
0.7088249
0.9366846
0.85812736
0.94146997
0.8649701
0.8974409
0.9014339
0.9684113
0.8276012
0.942685
0.7919861
0.93414325
0.78324914
0.86430776
0.7064805
0.93157786
0.8882198
0.82585233
0.4302734
0.6505328
0.87988734
0.83085775
0.9139013
0.93925035
0.7521406
0.9395327
0.88126624
0.9629861
0.80004525
0.46346134
0.68204314
0.8752986
0.78162295
0.7414355
0.937803
0.9678603
0.7992604
0.90515554
0.9165762
0.60405767
0.9409537
0.82686293
0.9249129
0.9356255
0.57184476
0.76644516
0.88137597
0.9461838
0.6682661
0.6834176
0.5592107
0.9452103
0.9016387
0.75901395
0.93339163
0.8446834
0.9345796
0.84225273
0.8998463
0.9308885
0.82439905
0.8449188
0.8372599
0.76622677
0.91993827
0.92312795
0.7333839
0.91208076
0.7703408
0.8249041
0.911232
0.93075466
0.92132324
0.60990095
0.9463612
0.9274391
0.6731318
0.681701
0.91404486
0.91512114
0.85004437
0.98002446
0.8152548
0.94841754
0.87567586
0.7547691
0.76477367
0.9750136
0.82297474
0.8147024
0.90921515
0.9276592
0.9486172
0.8850139
0.866912
0.8388667
0.78943646
0.862501
0.87040734
0.93741137
0.95127136
0.87719095
0.7207328
0.8376924
0.85424477
0.9692454
0.6534903
0.654379
0.54675823
0.9656436
0.8542488
0.80879366
0.81288445
0.94714934
0.91199607
0.7850519
0.8522738
0.8583453
0.9284615
0.9033189
0.85275435
0.7145519
0.94354177
0.7211772
0.9005725
0.8364998
0.8568834
0.857956
0.83447546
0.8411548
0.9448504
0.6375822
0.9348768
0.84407187
0.87815523
0.8171505
0.87369955
0.96734387
0.96601933
0.89671344
0.9657322
0.842058
0.9240063
0.9398031
0.62865555
0.7940214
0.88938963
0.95037395
0.8946465
0.8666571
0.9588903
0.9358638
0.91697437
0.86361474
0.77227086
0.8536792
0.9202507
0.9130235
0.95471996
0.5790944
0.9548055
0.6530025
0.827365
0.86760104
0.6927297
0.7113534
0.83219373
0.9619714
0.8004563
0.8581161
0.9151106
0.8276965
0.70708275
0.9576797
0.81456184
0.9144983
0.9148532
0.9192554
0.8923174
0.8806581
0.71447897
0.9664328
0.6693835
0.94254136
0.8665679
0.78803134
0.856769
0.8937
0.8955643
0.84459376
0.71546686
0.9346719
0.75815564
0.8306141
0.58063626
0.8937461
0.9155741
0.805689
0.93341595
0.60148907
0.96665
0.88247395
0.47488832
0.80143094
0.93368435
0.82956666
0.88021773
0.906988
0.9036349
0.9216907
0.6055533
0.837159
0.9098848
0.85328585
0.7696095
0.9485969
0.78588194
0.80841386
0.9366209
0.7278846
0.5677182
0.9260616
0.9208654
0.92525256
0.7345747
0.9066566
0.903942
0.8546257
0.8902053
0.98717356
0.8962366
0.9120052
0.8694787
0.7201599
0.77482814
0.91407615
0.64071596
0.95234144
0.7712902
0.8955678
0.8910228
0.93509525
0.8513223
0.84301984
0.8621317
0.93522286
0.8224982
0.9715041
0.81868064
0.8147042
0.83330536
0.8374831
0.95393574
0.87566054
0.76838565
0.9560391
0.8771484
0.7186314
0.9185715
0.9394794
0.8852419
0.9305781
0.72320515
0.9447948
0.8976208
0.83694595
0.60010254
0.9548689
0.9233685
0.79027593
0.8234112
0.9399309
0.8786242
0.7899086
0.7108048
0.9364964
0.9274368
0.8911451
0.6647656
0.7711494
0.7481602
0.8494868
0.94094115
0.96389997
0.93109506
0.9088763
0.8458577
0.8345677
0.935466
0.7951926
0.7372268
0.89078516
0.8873958
0.8633535
0.76893055
0.94482905
0.81362057
0.7511857
0.88577056
0.91809106
0.89980245
0.96178186
0.7620219
0.97544575
0.876663
0.883326
0.8619136
0.8493714
0.8814705
0.9267697
0.95504105
0.78876936
0.9284344
0.96753687
0.8753121
0.7772239
0.9300729
0.9298184
0.9222201
0.9633996
0.9156484
0.9619399
0.91836345
0.90449834
0.740335
0.946039
0.91361535
0.78482085
0.843524
0.93150085
0.8683004
0.8267426
0.7551637
0.907678
0.8212085
0.25822264
0.77810764
0.9402444
0.79411286
0.8706747
0.9018178
0.77210605
0.9079729
0.9191691
0.957773
0.6473955
0.7524838
0.80596465
0.9055289
0.8083105
0.8548964
0.80364716
0.8297508
0.873454
0.915992
0.8542344
0.914485
0.85270816
0.9451695
0.83470535
0.9136212
0.87952554
0.82351375
0.75295466
0.77991927
0.8170524
0.84922105
0.44618726
0.8229724
0.802866
0.9080362
0.96191734
0.86812377
0.9473635
0.76649004
0.87953556
0.85879123
0.94635916
0.9138502
0.9217783
0.8814506
0.9501899
0.7643205
0.90407467
0.88281053
0.9015204
0.8175297
0.9814763
0.9664179
0.68534476
0.9601338
0.89423347
0.96091986
0.5468667
0.91350555
0.8198617
0.84527886
0.88411975
0.78833103
0.7116567
0.9587791
0.8944771
0.8187194
0.9154978
0.82847965
0.66496974
0.44002375
0.91642
0.8505485
0.6139854
0.9147913
0.7645694
0.8601938
0.8420201
0.7464415
0.81756854
0.87842345
0.75382984
0.8885802
0.85737425
0.6118473
0.9760733
0.8505558
0.92408013
0.7443479
0.813467
0.8700502
0.9338367
0.9333136
0.96831733
0.9244151
0.8194395
0.8803315
0.74707156
0.8425373
0.9384565
0.81304467
0.6088169
0.8606289
0.96631956
0.9611793
0.9809044
0.8775835
0.64304143
0.55417675
0.89919424
0.57483673
0.8982959
0.87264717
0.91464067
0.9441315
0.82582325
0.82486546
0.8500335
0.92172027
0.7540837
0.9204564
0.9558102
0.9387159
0.969329
0.9564158
0.58751154
0.69966245
0.9276641
0.7126173
0.75077486
0.8876267
0.84957427
0.7974981
0.89526224
0.8467895
0.95362663
0.6816831
0.6082389
0.76506853
0.79936767
0.96454465
0.7339432
0.7654785
0.7451791
0.9312612
0.8845824
0.8786244
0.8589454
0.5079079
0.88107437
0.8225204
0.8755133
0.9634272
0.87472326
0.775342
0.9517409
0.9003209
0.9521841
0.7553322
0.8440263
0.9080154
0.8800093
0.93399966
0.5410155
0.5731401
0.7765039
0.8181358
0.7179617
0.7605445
0.8995485
0.88097954
0.758572
0.7503951
0.8264644
0.80504286
0.95355445
0.834806
0.8943608
0.9180325
0.92901015
0.707982
0.94436914
0.9050138
0.936051
0.9605303
0.58390266
0.89535445
0.85063875
0.7778636
0.8549908
0.77914643
0.876737
0.78658533
0.9317226
0.9021138
0.9577342
0.84497654
0.58591056
0.82009983
0.7768903
0.88955295
0.80569464
0.8591991
0.98295903
0.8388141
0.9136814
0.9208199
0.7058557
0.92933273
0.72062993
0.93357825
0.9728321
0.89553845
0.7862562
0.8784251
0.84817487
0.92913693
0.7551951
0.89433646
0.9005558
0.9341583
0.89815265
0.96160567
0.84775954
0.71092296
0.617689
0.9348397
0.9081261
0.93341875
0.9364454
0.9482907
0.9256446
0.9515938
0.9501158
0.8453249
0.9235121
0.85931313
0.81559646
0.8553317
0.86964655
0.7587763
0.940937
0.6514246
0.80411476
0.9105228
0.7982387
0.80691963
0.83388907
0.8690934
0.8005016
0.8737911
0.7534559
0.8844174
0.8275918
0.94820493
0.492297
0.9191475
0.9030245
0.86509234
0.96813107
0.93918926
0.9447248
0.7022645
0.78219134
0.94792736
0.603507
0.73643184
0.8576109
0.92533547
0.9495089
0.83771795
0.78391075
0.72944957
0.865288
0.82076347
0.82792664
0.93457764
0.94697124
0.8315828
0.9395878
0.8449741
0.76431125
0.82999426
0.70786107
0.88774854
0.8274243
0.90582126
0.8682235
0.9371196
0.92044294
0.75495183
0.9357592
0.85065013
0.9213277
0.9298607
0.9040168
0.52523106
0.8207753
0.76142824
0.8981731
0.9375287
0.9455219
0.913265
0.7648534
0.86167824
0.68385714
0.8753756
0.76760113
0.4346671
0.96789587
0.90387255
0.86597276
0.8686782
0.7255498
0.9509455
0.9700966
0.83331966
0.92600316
0.9359447
0.6849895
0.95005995
0.8757888
0.8908153
0.9085641
0.8179102
0.9318353
0.8502072
0.79961944
0.8540629
0.8590348
0.91932124
0.90792096
0.9078116
0.8169975
0.89517504
0.8873926
0.9216963
0.94496024
0.9458069
0.73432904
0.6682981
0.90288454
0.8346055
0.9545892
0.8245708
0.5159032
0.7487891
0.7820828
0.90388525
0.94913423
0.91725993
0.90214556
0.7788607
0.7311561
0.88469875
0.9225455
0.8571141
0.6996627
0.966014
0.86325115
0.86385775
0.9266479
0.9525228
0.4814149
0.97676224
0.7077351
0.9168656
0.74258447
0.9530131
0.91351545
0.9105425
0.95768803
0.90720797
0.9184798
0.7823572
0.7834376
0.9378467
0.82954407
0.87296844
0.83280843
0.8878905
0.55982184
0.96272206
0.7209809
0.85575
0.8416142
0.8117422
0.82548773
0.9694408
0.8163256
0.6164103
0.9623586
0.93562347
0.879285
0.9103749
0.88752985
0.8807183
0.9351022
0.7925238
0.8701632
0.87658465
0.74179083
0.91484195
0.77881545
0.8818309
0.7369558
0.90717864
0.804779
0.92355466
0.93924457
0.9426211
0.8066871
0.6276543
0.9434911
0.800637
0.6844646
0.59283555
0.86294127
0.8726224
0.83842325
0.9481485
0.8972153
0.9481594
0.9129265
0.87917995
0.8137621
0.89085126
0.8636368
0.74524325
0.91979295
0.7710482
0.9427326
0.7502808
0.9059674
0.7185263
0.9168464
0.95239294
0.96359164
0.8960971
0.9416747
0.8706484
0.8980292
0.89509225
0.6621963
0.8683373
0.65847725
0.8660231
0.9003537
0.8864953
0.9084697
0.69612354
0.83829254
0.7960628
0.8466626
0.8296346
0.9117888
0.9057721
0.92724
0.7266467
0.8555888
0.9817311
0.9194948
0.87459534
0.4203703
0.8717857
0.7272506
0.9094596
0.85761136
0.9498806
0.9203384
0.78882927
0.5804243
0.9269005
0.8405844
0.94683665
0.8408872
0.8184738
0.8662697
0.9164386
0.9199952
0.86541086
0.91206306
0.906574
0.79687464
0.9421025
0.9631892
0.7635839
0.83274084
0.65223885
0.9460822
0.66094047
0.63263404
0.90607995
0.7364674
0.9264519
0.9342295
0.87783706
0.8195102
0.8443191
0.96804893
0.52417034
0.8542925
0.8151141
0.7439142
0.7675328
0.80381584
0.8819861
0.8473519
0.83366066
0.64918387
0.7467621
0.95965195
0.90569115
0.8531061
0.9338772
0.8074967
0.88228166
0.76131034
0.960942
0.9140833
0.82342523
0.9311097
0.8865758
0.93009394
0.93067455
0.9162471
0.7588064
0.9121165
0.8052801
0.683511
0.79075754
0.9020978
0.94678795
0.92975545
0.937505
0.964618
0.7879072
0.94627815
0.93824077
0.77446175
0.87665886
0.90048635
0.8248819
0.8773586
0.64551914
0.84493446
0.8405409
0.851052
0.8552868
0.84750587
0.83482224
0.79394674
0.8426221
0.9326958
0.8578933
0.9589807
0.9595922
0.9092314
0.93267787
0.8987963
0.9347554
0.8128575
0.8656203
0.7871883
0.9530343
0.87044513
0.54119956
0.9143816
0.9012952
0.9377961
0.78897744
0.87611747
0.88396955
0.9442166
0.8335521
0.5587455
0.89379597
0.9083787
0.82131875
0.85463506
0.8892743
0.84282964
0.67428046
0.9303596
0.8504591
0.9113205
0.8023558
0.954644
0.77656543
0.8565297
0.8912567
0.64321923
0.70390475
0.9034623
0.9323381
0.9589978
0.8946291
0.9183181
0.89015853
0.91075265
0.5463727
0.9593091
0.66426885
0.7342731
0.91210365
0.8634336
0.7186133
0.8845686
0.899275
0.56131196
0.9629185
0.9095548
0.9049094
0.8805972
0.90289104
0.8959617
0.8763883
0.9026804
0.699607
0.81352264
0.8658185
0.7844139
0.9121531
0.8240032
0.8695452
0.8734095
0.8843953
0.76086974
0.89441437
0.91282195
0.7752262
0.91616666
0.594255
0.9030087
0.9022242
0.9139928
0.8581357
0.85512376
0.6229669
0.8368504
0.84936726
0.8427563
0.65508586
0.897216
0.92399263
0.9131639
0.8571013
0.8868986
0.937484
0.8840521
0.8508937
0.93899685
0.73703384
0.9464645
0.92813706
0.9581023
0.92196256
0.80062586
0.8856558
0.8337428
0.85008097
0.8760083
0.913943
0.8771893
0.8335519
0.9007304
0.87091935
0.85400724
0.82158434
0.83157486
0.8879356
0.79310256
0.97361064
0.9208986
0.8460712
0.740858
0.6223773
0.80188453
0.8768426
0.86933047
0.8826284
0.7793906
0.8708106
0.7911143
0.47076774
0.80519813
0.6987213
0.83827615
0.8640145
0.94354826
0.6659076
0.9065989
0.89068675
0.7878221
0.68085384
0.92641383
0.8839619
0.87648964
0.8821688
0.9037437
0.93156946
0.9141282
0.9356799
0.90857774
0.9442785
0.9498304
0.8123642
0.9185034
0.9435877
0.8668431
0.8439771
0.9650135
0.59019196
0.7084374
0.80949533
0.9048873
0.9315774
0.9049568
0.8652061
0.9022758
0.9446703
0.93431354
0.93225276
0.87505174
0.8746667
0.83970475
0.92335856
0.87245226
0.93231994
0.7896708
0.9368993
0.71120596
0.9034892
0.9370156
0.9278595
0.84855014
0.82000005
0.9119513
0.57108814
0.92361367
0.83369935
0.95957786
0.915485
0.9720557
0.84886706
0.83661747
0.9228096
0.8687575
0.93981034
0.8694269
0.8882447
0.780473
0.92706454
0.7766329
0.95402014
0.84031695
0.78066206
0.92569023
0.8614995
0.766157
0.8963856
0.69455874
0.86984825
0.5942738
0.9265633
0.93858004
0.72582686
0.8903649
0.95168805
0.970443
0.87812585
0.9052277
0.5389233
0.65487504
0.88175213
0.9189772
0.6569729
0.67656285
0.92741144
0.82694423
0.7420832
0.8386556
0.9310694
0.8964962
0.9667711
0.77575797
0.9235923
0.89696443
0.95423615
0.91409326
0.8576663
0.90669686
0.3967898
0.85113525
0.89151716
0.960255
0.7493061
0.89273834
0.83022654
0.89239895
0.8569099
0.8445494
0.95567715
0.81241024
0.7006247
0.6663135
0.90716666
0.8632235
0.8491641
0.85160434
0.66824317
0.9047481
0.92636365
0.81395525
0.69501364
0.9611677
0.7504368
0.9443846
0.8831897
0.93793315
0.81170464
0.88940006
0.9061135
0.866088
0.82859313
0.8846667
0.8566301
0.8106611
0.9067491
0.9505047
0.9570907
0.9674344
0.828966
0.9511324
0.81532705
0.92794824
0.95258045
0.9145154
0.54302615
0.98268676
0.8181064
0.863575
0.60510814
0.8077159
0.8064898
0.8137308
0.88347465
0.794206
0.80284524
0.8205838
0.625014
0.9033867
0.79555255
0.87147266
0.90932566
0.93828034
0.98582256
0.96002614
0.866349
0.94173974
0.68184924
0.8002798
0.90767395
0.91233987
0.7146385
0.88015974
0.4086887
0.7956917
0.83748496
0.9400833
0.6897135
0.89534956
0.8189434
0.8680551
0.631909
0.45607662
0.80391276
0.6756245
0.84186554
0.88861436
0.9252322
0.8802458
0.82224864
0.83238196
0.85818
0.9354725
0.8718854
0.7608518
0.92099273
0.9181453
0.7822321
0.86795515
0.80437416
0.5530005
0.7415138
0.75984526
0.8350775
0.7103573
0.9098637
0.8719685
0.9518994
0.9615226
0.9095079
0.8517648
0.753465
0.9641174
0.9110668
0.9541092
0.8937326
0.8532524
0.82320166
0.9146051
0.89933944
0.8700267
0.93244886
0.82882774
0.8495238
0.54950166
0.77591276
0.87181205
0.9601908
0.7592893
0.78113467
0.9705307
0.8429001
0.95695233
0.9657763
0.6274642
0.89643157
0.8401913
0.88501537
0.9358275
0.87966704
0.8740787
0.5501103
0.76226103
0.7907107
0.74573976
0.8190405
0.90013206
0.8544203
0.8549317
0.62480545
0.88226616
0.9001769
0.91749805
0.8946676
0.9232502
0.8733269
0.8991562
0.70057255
0.7871326
0.9604886
0.8132514
0.44346172
0.9410832
0.7176065
0.6601864
0.78046066
0.7431067
0.9611732
0.9015479
0.8755695
0.92387176
0.5009769
0.7915583
0.94828427
0.947274
0.732787
0.89777434
0.8243072
0.8541041
0.9076946
0.6843068
0.80124825
0.9270466
0.8895737
0.8673412
0.84652805
0.92562944
0.7988589
0.81436545
0.8865233
0.9519472
0.9223777
0.9738429
0.55505496
0.7941321
0.95649946
0.9026467
0.78958744
0.91544545
0.8789929
0.881078
0.9614208
0.7822169
0.9286077
0.9537046
0.89747846
0.9121478
0.94303614
0.96604
0.94348466
0.9692711
0.89786285
0.8893334
0.9239069
0.70070237
0.9162787
0.88562274
0.8830807
0.64454293
0.81056947
0.91270816
0.8974072
0.8317999
0.9548489
0.85439515
0.90567714
0.5709005
0.88382316
0.94036734
0.9078303
0.79463613
0.61865497
0.9181154
0.92416495
0.6952982
0.90512156
0.9584345
0.80349815
0.8550658
0.9055661
0.8988728
0.8536613
0.73381704
0.6244217
0.9303671
0.90791196
0.92866665
0.8418782
0.9635603
0.91970253
0.43239576
0.9409099
0.9019121
0.7479731
0.86825925
0.84420496
0.958187
0.9160898
0.7215082
0.73596895
0.8959743
0.9169362
0.74719405
0.893868
0.9578496
0.911181
0.94897264
0.96292055
0.82656
0.7964072
0.9268384
0.76026994
0.7923747
0.82184255
0.9220261
0.80322075
0.8502315
0.9206159
0.8134064
0.7692696
0.90926445
0.93857527
0.74353063
0.94611263
0.4975286
0.901777
0.86709887
0.9268098
0.9001053
0.8806504
0.7441859
0.9097689
0.8904203
0.7425502
0.76959157
0.8262552
0.9061629
0.77347165
0.94132745
0.94184315
0.8322668
0.92605287
0.8546028
0.5991697
0.90607214
0.7402141
0.8791847
0.89490616
0.95477617
0.9291593
0.48675582
0.70811844
0.9351325
0.89385474
0.76255125
0.9528755
0.97741693
0.8143206
0.95571595
0.9287029
0.88689494
0.8937895
0.9467495
0.9502644
0.8148129
0.8900021
0.8760446
0.81899726
0.8024738
0.87927926
0.91634446
0.5951583
0.71946406
0.83483255
0.8220265
0.8671378
0.8839375
0.9153038
0.9271767
0.8039527
0.8489149
0.96082443
0.93863773
0.9498354
0.8609441
0.86868566
0.97371787
0.67700607
0.9445239
0.8820686
0.6956532
0.8456842
0.8903755
0.93519807
0.9071711
0.8883793
0.9600263
0.9275716
0.929396
0.786658
0.9547264
0.95557344
0.96031266
0.9107681
0.90519273
0.87521344
0.8664352
0.9111833
0.84265125
0.80654323
0.6959152
0.91098905
0.87153566
0.91354334
0.8080555
0.9379473
0.837676
0.7798024
0.83449554
0.59341115
0.9052705
0.8334816
0.9428376
0.8495494
0.83550555
0.69015515
0.8362402
0.925479
0.8871454
0.81879234
0.7293493
0.8486859
0.6217668
0.94889474
0.911379
0.8063008
0.56668836
0.6910335
0.82280356
0.884099
0.8792303
0.89328176
0.8475148
0.91024935
0.9144324
0.73599494
0.8983621
0.9026575
0.79414
0.843159
0.9762506
0.61791605
0.7862157
0.43757024
0.71801484
0.94323564
0.9180832
0.8903209
0.87857205
0.91939926
0.7704435
0.75708306
0.93526465
0.89147514
0.7515992
0.8969131
0.8611536
0.8544806
0.86143106
0.79017365
0.97752464
0.93340844
0.824528
0.94069076
0.8872684
0.8396435
0.8613474
0.90426385
0.7931334
0.9381908
0.89119613
0.7170898
0.95728076
0.76120627
0.8320509
0.91864973
0.90946263
0.7589773
0.96016335
0.7807514
0.8459276
0.8449948
0.7192713
0.79927695
0.7418289
0.91634697
0.9551603
0.8388331
0.77020895
0.9268056
0.92428905
0.87970173
0.88590753
0.97186947
0.94019306
0.8654239
0.78711253
0.6999063
0.707807
0.88819206
0.67178285
0.8089609
0.94393355
0.778682
0.92048204
0.63964534
0.90860116
0.8580318
0.94522643
0.6995373
0.8822016
0.8735265
0.9541464
0.57347894
0.95265675
0.920182
0.85365194
0.9330405
0.806039
0.86595994
0.95040226
0.916844
0.95313346
0.84127164
0.90632176
0.9275597
0.86834574
0.6027877
0.8726687
0.93143237
0.9543141
0.8656593
0.94870114
0.9158546
0.68001133
0.8884582
0.86851305
0.79150975
0.85726625
0.9584698
0.6266907
0.7738623
0.82805365
0.8913643
0.7325545
0.64097285
0.87934643
0.88676333
0.94781184
0.9365519
0.95324427
0.8331689
0.81523764
0.8745544
0.82222784
0.9705847
0.88849056
0.8812617
0.8753494
0.9049201
0.9156286
0.8673795
0.8605212
0.81832916
0.82599884
0.917821
0.9050691
0.93887186
0.9070185
0.84525234
0.85434437
0.8822118
0.7637137
0.8725899
0.9236493
0.8096171
0.89747375
0.85654896
0.89181226
0.93738586
0.9619765
0.9361463
0.86116797
0.6738592
0.7781544
0.9418104
0.91563666
0.74522376
0.960304
0.8706322
0.9364758
0.87806576
0.839254
0.89926696
0.8706439
0.7898681
0.9523861
0.9306761
0.8654399
0.8372674
0.61500347
0.9430084
0.93543196
0.750011
0.86341715
0.7456894
0.9107277
0.84888756
0.95209676
0.9238938
0.85688627
0.91382694
0.7771022
0.87988627
0.9236128
0.8905156
0.7571896
0.70441824
0.9688048
0.86449194
0.95992696
0.8416433
0.95176405
0.8776535
0.65997386
0.8447095
0.9263828
0.9684215
0.8601285
0.6448986
0.9708633
0.83116204
0.8195141
0.9404479
0.9177608
0.87000847
0.66526866
0.92587996
0.8930866
0.89195466
0.895367
0.87238395
0.82642007
0.97866255
0.92408776
0.8935765
0.8831631
0.74038935
0.8645153
0.89022183
0.7991093
0.92187583
0.90094817
0.6445999
0.95134914
0.9737711
0.9172062
0.87723744
0.7409538
0.9199215
0.5562767
0.89255154
0.8192943
0.80964553
0.7894981
0.8840828
0.96978176
0.9068304
0.92621166
0.88553405
0.85558146
0.5852183
0.90484667
0.7135797
0.7570025
0.6211641
0.91408646
0.7512892
0.9066931
0.90573007
0.8449632
0.8973187
0.8995948
0.94304824
0.7007827
0.7499536
0.94385266
0.7882742
0.94653267
0.8111181
0.8417154
0.9417308
0.7619512
0.76599604
0.94151354
0.80737877
0.10279173
0.43584597
0.9550768
0.87752056
0.7515348
0.9050612
0.9541038
0.9300529
0.8286943
0.85817885
0.93083227
0.87379676
0.7715242
0.92757344
0.78768563
0.8467931
0.9033146
0.9430175
0.90057427
0.90495497
0.95417196
0.9607448
0.9217217
0.8956646
0.8749688
0.63571274
0.9518023
0.9007746
0.86298037
0.818218
0.7667795
0.8890641
0.7459088
0.7932672
0.89929134
0.8680457
0.91683793
0.8080441
0.8634236
0.8247793
0.9564562
0.74725926
0.91556627
0.9433286
0.9691671
0.69018024
0.7552627
0.8491934
0.9780603
0.4251274
0.9140849
0.88485396
0.9514
0.88301414
0.68134284
0.94789994
0.8034383
0.8214407
0.89603186
0.9512816
0.6005863
0.96269715
0.7079503
0.92552155
0.9710073
0.91241395
0.89426935
0.7981405
0.9265312
0.7313998
0.93785954
0.8715108
0.9473472
0.93960977
0.7454503
0.9640376
0.7279954
0.82506955
0.8303739
0.83262795
0.775188
0.7556387
0.96477085
0.9664866
0.89994234
0.58286774
0.7693786
0.86885846
0.93036926
0.61319935
0.96048176
0.8574501
0.8871172
0.82657087
0.6855832
0.875623
0.92169696
0.8813726
0.43665344
0.8227535
0.97505784
0.80352175
0.8430496
0.8646665
0.83191615
0.8242683
0.7039035
0.93448126
0.8784907
0.94684774
0.89153135
0.92078215
0.8804483
0.93725765
0.65166485
0.93810046
0.94182706
0.92085356
0.94716954
0.8634201
0.8316816
0.80772966
0.8703408
0.8289201
0.8484136
0.77388555
0.9388313
0.66713023
0.66615075
0.91947377
0.9687083
0.87867916
0.9062196
0.9482116
0.7705368
0.8090277
0.86384124
0.80266315
0.9137795
0.7951513
0.5593091
0.83505994
0.6485531
0.8920413
0.88483346
0.8147371
0.9547228
0.85934824
0.7775211
0.8119629
0.9103238
0.6204545
0.8165402
0.85540146
0.8758693
0.8194938
0.82806695
0.6802763
0.781831
0.7536669
0.8957839
0.837447
0.87272596
0.8488599
0.9036524
0.917248
0.88347477
0.8540455
0.84849745
0.93221736
0.6644021
0.9513613
0.88809484
0.88535583
0.9449205
0.90449655
0.6633644
0.84836715
0.9199976
0.8980773
0.84358615
0.8638179
0.90423006
0.9118976
0.90358657
0.8878366
0.901785
0.9036689
0.7262897
0.92897594
0.77553314
0.95194364
0.92514056
0.85793245
0.8479223
0.815671
0.9056191
0.8301206
0.6993877
0.93775153
0.85591364
0.94242674
0.97295564
0.81710136
0.84055895
0.9204247
0.5967509
0.9057682
0.7334549
0.76883286
0.8849891
0.92773306
0.9228718
0.8868795
0.9027785
0.9403297
0.97502637
0.9169307
0.914248
0.878507
0.73173505
0.93080795
0.9694917
0.9355942
0.8253754
0.75847054
0.6048714
0.83487105
0.8604038
0.83150476
0.8728877
0.9401629
0.8688493
0.93895096
0.78897184
0.8584225
0.77723724
0.9003281
0.87483066
0.5927782
0.75134635
0.7085363
0.70820796
0.83706796
0.35888284
0.9534566
0.857734
0.8341485
0.9874171
0.92439324
0.48999316
0.89632213
0.944615
0.58106154
0.92874205
0.8399188
0.94416904
0.6808742
0.937907
0.8742512
0.97197247
0.7447886
0.8637316
0.9099749
0.986232
0.83912504
0.84559125
0.8605877
0.8973084
0.9392739
0.6171461
0.79394335
0.9307035
0.89014053
0.92437875
0.72810733
0.81361437
0.853591
0.82285905
0.8822658
0.9531385
0.97601914
0.9381443
0.8332604
0.73045367
0.8660811
0.9689875
0.9254764
0.8988135
0.8866926
0.9191266
0.76890135
0.8708517
0.85522985
0.9134773
0.787152
0.8672273
0.8473106
0.96149886
0.95495623
0.69774556
0.8648186
0.73570335
0.8495181
0.704629
0.89873683
0.87927496
0.8961993
0.9400105
0.75625664
0.92929745
0.61739653
0.8807473
0.8415082
0.89331025
0.91653776
0.9494548
0.9244688
0.9132222
0.90734863
0.92049783
0.90696746
0.7852515
0.79775655
0.87599164
0.82776177
0.78701454
0.9226958
0.83295697
0.87170184
0.8235596
0.5811362
0.8681844
0.9101493
0.92493814
0.8410508
0.9136801
0.9309114
0.8341489
0.9589129
0.83492655
0.72728175
0.95611465
0.89332896
0.8516054
0.68042845
0.90715283
0.94339347
0.75533223
0.78004634
0.81603587
0.9693577
0.91211176
0.861855
0.9675422
0.8274602
0.86947834
0.93390167
0.8688392
0.90237474
0.6971704
0.9488263
0.9253942
0.9739473
0.72139645
0.87627375
0.7398604
0.84050894
0.8551622
0.9432037
0.6361145
0.8934867
0.9194135
0.91160697
0.71631736
0.87976444
0.9674871
0.8857488
0.95838845
0.8868908
0.7930083
0.72736
0.8414322
0.8150344
0.80887145
0.9298044
0.9139322
0.8069611
0.8825686
0.93986475
0.8079863
0.9683982
0.7985623
0.81724894
0.3564034
0.9242548
0.87015903
0.7052206
0.9720564
0.8990216
0.6765044
0.78286314
0.7753851
0.805213
0.93354917
0.7626889
0.855725
0.9196636
0.83857715
0.8989599
0.93851644
0.9708755
0.94412863
0.87321204
0.6858184
0.7592433
0.7184412
0.7669325
0.9585781
0.8575128
0.9339806
0.6142795
0.9248607
0.9436161
0.94336224
0.6759303
0.93432605
0.6919687
0.8387817
0.9333798
0.83034647
0.7239609
0.73214185
0.8817916
0.8224088
0.82201445
0.9153817
0.78062946
0.93158144
0.7662158
0.89838797
0.8193414
0.67695504
0.9530146
0.67894214
0.8413636
0.7304616
0.74784654
0.9144399
0.9108826
0.9581224
0.8694577
0.84658206
0.8841631
0.95918024
0.7705676
0.9749403
0.93722403
0.89321184
0.49869758
0.53240246
0.85690683
0.7578903
0.77900183
0.87310696
0.81845963
0.8387429
0.7706193
0.8218505
0.83202016
0.82302356
0.80257213
0.9608039
0.85257703
0.97358894
0.81417954
0.9223353
0.75704247
0.8512701
0.649919
0.8525539
0.8991641
0.75630826
0.55063933
0.6765761
0.82407135
0.92834896
0.9224107
0.87339455
0.909398
0.8136959
0.84685016
0.85208404
0.76197445
0.95704687
0.8890271
0.8150351
0.80883193
0.83603114
0.8795413
0.87965524
0.9424546
0.76300144
0.95564264
0.89542246
0.93301654
0.83790165
0.7047795
0.75490314
0.9413708
0.7274849
0.8811948
0.53628814
0.3717615
0.8708728
0.86250687
0.817771
0.8677809
0.91169715
0.85502636
0.7385491
0.97689235
0.90306306
0.9465319
0.902554
0.8576812
0.91814667
0.9264693
0.9508797
0.8937868
0.9147206
0.91651064
0.91658676
0.9074085
0.94485533
0.85229814
0.8214741
0.7599677
0.81992626
0.68525517
0.79549557
0.8342202
0.837942
0.9455181
0.9010773
0.44011593
0.88177145
0.9297625
0.86952686
0.80625176
0.82542825
0.65863484
0.82339114
0.87247276
0.6695961
0.8816526
0.9412391
0.6938845
0.6856622
0.7905599
0.96004534
0.9121311
0.827983
0.95270234
0.795576
0.8440607
0.78176105
0.84209377
0.7874428
0.8633027
0.8373959
0.9435067
0.65393794
0.7961329
0.7929746
0.88573
0.78910154
0.9324914
0.86594486
0.88259184
0.92417395
0.87510234
0.7890226
0.89879656
0.92590624
0.9302146
0.81808573
0.8535708
0.92340404
0.8897527
0.80125195
0.7643206
0.7851812
0.90837413
0.90766335
0.9367193
0.6826497
0.5110236
0.9227992
0.83129615
0.8811253
0.91707766
0.8651181
0.88258076
0.90043426
0.85877657
0.8930084
0.88892555
0.8474939
0.797886
0.5571891
0.8766647
0.8462843
0.87636495
0.8232658
0.89075375
0.9248146
0.8043535
0.7613255
0.42343146
0.89883167
0.7978878
0.96752197
0.7583822
0.7692256
0.8233818
0.9389048
0.76359093
0.9318381
0.7643562
0.8224715
0.8383702
0.716923
0.7453458
0.63611215
0.8786913
0.9076057
0.6494366
0.89924026
0.88345754
0.9159276
0.65185004
0.90558696
0.78113383
0.81427515
0.8107905
0.75337446
0.92086184
0.9421509
0.91435385
0.6035642
0.8618667
0.7783647
0.8867602
0.5677013
0.7808614
0.6932959
0.66378725
0.91100293
0.87256795
0.9782547
0.91625404
0.9501669
0.8809293
0.89778763
0.77993786
0.81760526
0.9369791
0.7088686
0.8233186
0.82288855
0.8786778
0.94110036
0.86671466
0.8293724
0.9448925
0.88507086
0.85402554
0.8520786
0.90285605
0.94216424
0.83738476
0.75604415
0.81316245
0.7627292
0.87632465
0.4654535
0.8548979
0.9692498
0.6901386
0.9597371
0.8900728
0.8210623
0.9551655
0.96998435
0.9725069
0.82614803
0.9056684
0.7534972
0.92506444
0.8551959
0.527796
0.8841261
0.91553134
0.89963603
0.8961457
0.8149114
0.6791092
0.8352981
0.8283417
0.8537451
0.70030475
0.87211454
0.8599397
0.86349785
0.9491158
0.7968754
0.8060315
0.84474975
0.77334696
0.8071459
0.8350683
0.73818934
0.79827666
0.8983569
0.8990235
0.9061652
0.88846755
0.9045421
0.87327784
0.86711913
0.88559407
0.88988477
0.8578845
0.83682626
0.88161355
0.916237
0.75354743
0.8908689
0.85499495
0.87582564
0.88574004
0.9024443
0.8148589
0.9569254
0.37797487
0.7535643
0.84539485
0.8157927
0.80885077
0.90998036
0.8988658
0.6815938
0.76590824
0.8565523
0.8765004
0.89180714
0.59027284
0.908795
0.9724838
0.8217001
0.7986114
0.75656116
0.948619
0.9551187
0.74802196
0.8794671
0.83443
0.88588494
0.9061854
0.91153646
0.95855117
0.8271679
0.65728587
0.95075345
0.87081534
0.8168223
0.84450537
0.8795719
0.838468
0.77805465
0.9338209
0.8643434
0.78457874
0.7946437
0.86857635
0.8569121
0.90533745
0.70245457
0.8462456
0.7829111
0.7815414
0.8838872
0.9384275
0.8157121
0.89853376
0.91919315
0.87648344
0.825875
0.8535861
0.83722156
0.8939096
0.93918383
0.9263659
0.85023034
0.95105106
0.92617625
0.9815506
0.87712944
0.8406794
0.7432008
0.91200405
0.7787746
0.8793633
0.7454392
0.7531153
0.81832016
0.93364114
0.97414184
0.8589642
0.89920354
0.9662185
0.91708046
0.9299323
0.8555621
0.7831172
0.9069431
0.7363686
0.92129815
0.84435916
0.8374128
0.73688006
0.9332579
0.91981757
0.63879913
0.7866359
0.91667295
0.86952454
0.9041325
0.9525875
0.94640994
0.908664
0.66951954
0.70979494
0.7809341
0.80799186
0.9479449
0.8459727
0.677211
0.79442686
0.85686773
0.74461615
0.8362938
0.8342602
0.8501424
0.9246912
0.84103
0.9403882
0.6671992
0.8774128
0.93514186
0.94290346
0.94513345
0.7681812
0.43243864
0.78171164
0.87591076
0.8486321
0.9385918
0.8527454
0.8676518
0.77779603
0.85629046
0.79950833
0.9472086
0.8156787
0.850718
0.7659787
0.7300185
0.8481376
0.66861635
0.8976649
0.9461151
0.94108605
0.6787391
0.68173146
0.95214033
0.93989253
0.77033615
0.945916
0.8740778
0.8795465
0.7900333
0.9088068
0.9498061
0.6429371
0.85856026
0.632984
0.97463334
0.7528956
0.8749804
0.82825804
0.7376015
0.8816585
0.9389591
0.90482867
0.9189435
0.74019116
0.8807787
0.8132797
0.85003835
0.87381047
0.8701846
0.7912062
0.9196267
0.97014904
0.8353375
0.7482075
0.90749514
0.844012
0.8841226
0.79646534
0.9382937
0.8965902
0.8676454
0.8029719
0.5297632
0.94172984
0.8489702
0.926222
0.9302156
0.84664714
0.6346378
0.85488975
0.7095423
0.93314445
0.9073659
0.9461401
0.8354074
0.75264347
0.80430675
0.94107985
0.86922306
0.85945296
0.810185
0.90530276
0.77580345
0.8963506
0.9168754
0.758568
0.8604063
0.7184552
0.8369014
0.90583897
0.89385414
0.7220401
0.873133
0.7160977
0.8811863
0.73764044
0.69129884
0.9417138
0.9281752
0.8125064
0.904099
0.93632746
0.81916153
0.8320753
0.8365838
0.82133585
0.93012583
0.96520215
0.8039671
0.75576425
0.7920138
0.884747
0.8216342
0.8755546
0.8011857
0.7318617
0.9794667
0.7802827
0.9026474
0.7273363
0.7631788
0.87414515
0.8235456
0.94325626
0.825299
0.9134655
0.9225149
0.7589749
0.80307305
0.785771
0.89924586
0.9316095
0.845712
0.8999416
0.899597
0.92911625
0.5509969
0.8366931
0.9522352
0.9230453
0.8293612
0.9543679
0.7208763
0.8761044
0.84110284
0.89802635
0.82191366
0.8602744
0.8983613
0.8075292
0.8594669
0.8734626
0.9690088
0.7935661
0.85674536
0.55609554
0.7521951
0.77757394
0.83654803
0.85719734
0.90196383
0.70047927
0.9242766
0.9368741
0.9278275
0.47879022
0.89530224
0.7797816
0.83344287
0.727418
0.7873825
0.91959953
0.96735156
0.82580185
0.8005652
0.9445486
0.76431215
0.95527196
0.74824196
0.84153265
0.83827084
0.7931119
0.9310895
0.87714887
0.8920864
0.9328123
0.9486648
0.68862116
0.6786176
0.83071303
0.7308243
0.7975091
0.80788004
0.9069917
0.86377877
0.8151083
0.7243026
0.84889287
0.6182098
0.87403023
0.8810979
0.92929494
0.83063656
0.8343042
0.8856374
0.8042787
0.9768317
0.8414583
0.94819117
0.8729307
0.7739652
0.66096306
0.87310505
0.9399668
0.97178566
0.77447295
0.8971616
0.90079194
0.8986111
0.88496614
0.6166136
0.87648606
0.8681011
0.9079583
0.80660737
0.82908386
0.8640256
0.8771929
0.7466597
0.92996454
0.85480946
0.5439096
0.9444356
0.63351214
0.65467155
0.88726807
0.8122481
0.94810045
0.97687346
0.63342416
0.7732873
0.8038974
0.95893645
0.9536864
0.94331825
0.6408506
0.93725896
0.8435857
0.9442606
0.8315301
0.835307
0.882447
0.97700095
0.8412593
0.8408269
0.82109416
0.82920957
0.69985265
0.68328416
0.9240407
0.9541601
0.88720834
0.9025197
0.8805686
0.87303764
0.85373646
0.93095046
0.83884484
0.8920702
0.7328113
0.66869354
0.86784047
0.85997397
0.90361977
0.9558449
0.87042946
0.5382262
0.92228603
0.774131
0.7945384
0.92880404
0.8024065
0.8767435
0.90492237
0.76349735
0.7503041
0.83680475
0.7592584
0.93715626
0.91473836
0.8315542
0.9140321
0.94704413
0.89855754
0.8828735
0.81075346
0.9409456
0.9062746
0.92540425
0.82451415
0.7892097
0.81781775
0.9674633
0.93606114
0.9238349
0.8897237
0.76356435
0.8253506
0.5382579
0.9340935
0.8825512
0.93212897
0.92400163
0.8200578
0.85216075
0.87051094
0.94456196
0.87178653
0.93573093
0.88795877
0.95787585
0.9213724
0.81080806
0.8582121
0.9431051
0.84511554
0.86286074
0.58656025
0.92443264
0.841328
0.80994785
0.86370385
0.89407516
0.72136074
0.84891164
0.88023496
0.93233895
0.9421592
0.82391155
0.6694524
0.8833853
0.87450975
0.82603693
0.8222177
0.87925076
0.854069
0.8587494
0.6624503
0.605305
0.42847398
0.83349067
0.69346833
0.97500813
0.82559836
0.7562772
0.92451024
0.87371963
0.82609546
0.93055654
0.8270315
0.72029644
0.7610427
0.9375523
0.9450842
0.7724495
0.9280214
0.77536553
0.6564831
0.8839272
0.84729624
0.95799977
0.9256521
0.87469214
0.006356105
0.8336096
0.8792881
0.8309697
0.93099314
0.71223503
0.80607057
0.8098243
0.8606366
0.88453144
0.54827946
0.95163625
0.9016508
0.57331264
0.9223607
0.94407815
0.83693063
0.945618
0.91365904
0.8904305
0.76910913
0.9153357
0.5262153
0.85198206
0.56497943
0.85418135
0.87631595
0.7884267
0.9251325
0.74153
0.83875275
0.89817077
0.91780895
0.9646499
0.92540884
0.98295903
0.7831658
0.9279853
0.7320671
0.8444123
0.8430569
0.9056783
0.9386185
0.73725396
0.84565085
0.7995429
0.893492
0.7633488
0.77189386
0.7962768
0.78450215
0.5020844
0.83043563
0.84568155
0.8697954
0.76135814
0.872578
0.8156834
0.91729414
0.93516207
0.7672442
0.97332776
0.8448206
0.8906081
0.8215914
0.724656
0.77749133
0.7899829
0.8672001
0.7665997
0.9383043
0.9141071
0.9741076
0.86145896
0.7890198
0.86436117
0.92817366
0.55956435
0.6504345
0.9210613
0.93371654
0.62731886
0.84476286
0.984166
0.916119
0.9315995
0.9447118
0.90978336
0.33029413
0.71526974
0.9197258
0.9320064
0.89405155
0.9542832
0.8881346
0.6256822
0.718193
0.9810098
0.81038105
0.8681614
0.8519483
0.9417983
0.9668164
0.96162856
0.8581772
0.6470264
0.71933556
0.68974686
0.48358825
0.7571248
0.9090135
0.75430906
0.8834587
0.89365125
0.7845144
0.89495164
0.37814248
0.9505611
0.9666983
0.7002974
0.9359304
0.90336937
0.9195614
0.85382015
0.7465681
0.8473947
0.8185493
0.9128046
0.92287546
0.8466583
0.8164238
0.96600556
0.7179556
0.91186166
0.89976484
0.7717029
0.9121879
0.8968873
0.79752135
0.9346646
0.61233205
0.80674845
0.88723785
0.9109026
0.8954549
0.85206217
0.79872984
0.93742585
0.8009776
0.9162348
0.9104018
0.93184125
0.8708166
0.68107855
0.8117824
0.91678494
0.798978
0.6324784
0.8818337
0.8125634
0.6476183
0.79822814
0.9202039
0.9666391
0.93646675
0.7720524
0.9400621
0.94786775
0.9140496
0.8606191
0.9185871
0.7037144
0.7418816
0.8794581
0.90757424
0.7600332
0.889194
0.86986697
0.93981105
0.7825128
0.8775376
0.8199195
0.8945307
0.85587054
0.845995
0.96929634
0.9571233
0.96750385
0.85347015
0.7477964
0.9132467
0.9257811
0.73900783
0.80497426
0.9363502
0.82434976
0.8589691
0.95963156
0.7234271
0.9489687
0.89357257
0.7725586
0.9385839
0.9287692
0.95599437
0.8122186
0.8762857
0.69850147
0.8829212
0.8551338
0.8474659
0.94208103
0.8759374
0.6757795
0.8482168
0.8748555
0.8642608
0.8820072
0.65049994
0.9253663
0.86941123
0.9817311
0.9021287
0.97109294
0.9329894
0.499336
0.9531467
0.6648844
0.912864
0.80386424
0.35978997
0.68121463
0.87804013
0.8730226
0.8578962
0.86908966
0.7019266
0.9192087
0.9092711
0.92464674
0.90698016
0.6734935
0.83762276
0.8274257
0.69174033
0.82146764
0.81848055
0.8432583
0.63871324
0.84538275
0.8674189
0.8370264
0.77871895
0.60369086
0.94770306
0.94493675
0.8035149
0.7670371
0.97979033
0.7971193
0.9701895
0.6515385
0.62925816
0.902561
0.92910427
0.8608619
0.91921484
0.9261171
0.93833005
0.9423497
0.9039399
0.91631824
0.94645804
0.91859657
0.9134964
0.951033
0.8231607
0.896469
0.70513
0.7840731
0.8705283
0.8929244
0.8203415
0.82071996
0.7199714
0.81275433
0.9584696
0.8887522
0.9210053
0.9092879
0.73844606
0.8517879
0.8423566
0.8945492
0.93720424
0.8356651
0.8776641
0.5383293
0.90857005
0.9173557
0.7172302
0.9498634
0.9002854
0.96589684
0.7185168
0.9449618
0.8431611
0.87270236
0.9231417
0.7683946
0.8910428
0.966392
0.5372069
0.87245005
0.7839697
0.723005
0.65422064
0.8627478
0.89399385
0.8971479
0.67126966
0.7237282
0.38460982
0.8260409
0.7573205
0.85472316
0.5182672
0.62294483
0.7221049
0.76731807
0.7929209
0.6902206
0.74930143
0.94760823
0.867874
0.9657668
0.5721454
0.90864277
0.724871
0.70761985
0.65868616
0.94390196
0.87569505
0.90504116
0.93742675
0.9344754
0.78373885
0.92587143
0.48747927
0.5244374
0.53375494
0.7639893
0.84284306
0.7210703
0.9569491
0.7380439
0.80854315
0.6594264
0.47573173
0.7316143
0.6382591
0.8920669
0.6638398
0.9140335
0.66363204
0.8266703
0.82675564
0.94631034
0.7110426
0.68529594
0.7193135
0.931621
0.7877779
0.6558697
0.663238
0.79097944
0.73796743
0.9369029
0.7999856
0.90027463
0.91790086
0.93460447
0.8654514
0.7676696
0.7626462
0.7765116
0.93968195
0.86349076
0.86809653
0.8741772
0.8579548
0.9350926
0.8755474
0.88571954
0.8494156
0.81714153
0.792079
0.885331
0.91652066
0.9252369
0.85441005
0.8677651
0.80820835
0.8058713
0.79571235
0.7413762
0.63340175
0.76847476
0.69472504
0.9561398
0.56674695
0.8864469
0.73561287
0.9198433
0.81684524
0.9381139
0.69760585
0.73402965
0.695397
0.49417496
0.74043936
0.6458211
0.8098503
0.94600546
0.78222406
0.6391641
0.54226255
0.73093206
0.9307994
0.7191507
0.92323095
0.94850576
0.7604331
0.86398584
0.87345606
0.92428577
0.9172672
0.951663
0.6910367
0.9140953
0.8408496
0.93380237
0.87733775
0.90118545
0.8905927
0.95056105
0.88985676
0.905452
0.8008436
0.93330795
0.93801343
0.93719363
0.7979781
0.94857466
0.6657979
0.71925807
0.9037025
0.9337234
0.9488626
0.87506694
0.84344554
0.83609736
0.90940106
0.7449438
0.84922624
0.9488341
0.8468282
0.9555467
0.66134346
0.8034882
0.7715718
0.93843955
0.86537457
0.81531465
0.8333657
0.9692325
0.86095715
0.95291984
0.8991503
0.8966358
0.8786833
0.5371517
0.63384175
0.9078009
0.8106715
0.8600536
0.92656213
0.8387917
0.7616404
0.9390275
0.9411923
0.7707709
0.8379991
0.7880592
0.8885314
0.78649366
0.8166443
0.7600122
0.7218048
0.91786736
0.7961856
0.9510438
0.9511242
0.8685904
0.9581985
0.9088526
0.61213994
0.9220988
0.8147687
0.9104167
0.9470314
0.61302257
0.81341267
0.72582424
0.7957399
0.87786233
0.8856716
0.8861652
0.8421439
0.8233459
0.87896967
0.898723
0.9464269
0.81760633
0.8185976
0.8085277
0.90239257
0.65099704
0.86591506
0.8917365
0.9155688
0.80032635
0.8488256
0.8991639
0.91598225
0.5279466
0.75755763
0.88300407
0.93864477
0.9096998
0.959473
0.95117426
0.81227195
0.92120624
0.72886586
0.8249502
0.81964827
0.8048116
0.90632
0.8140607
0.85402924
0.9049387
0.9420689
0.78759897
0.6392479
0.9598719
0.8914888
0.9616506
0.8002706
0.92090464
0.8500864
0.95960826
0.92865497
0.95027596
0.8291865
0.9135595
0.87796795
0.918126
0.7085096
0.9475166
0.9660706
0.9690758
0.6524123
0.94682884
0.87323684
0.62307036
0.9453199
0.82082975
0.92642874
0.8298527
0.84312683
0.8619047
0.9061573
0.81726223
0.780842
0.8492005
0.89367616
0.981731
0.83352095
0.97157586
0.8623745
0.885568
0.8498758
0.5993652
0.9397184
0.86878204
0.85015756
0.906996
0.5389157
0.92472
0.8936566
0.7619749
0.9260509
0.90607667
0.8922852
0.91883767
0.9393864
0.86710274
0.7709866
0.8704302
0.9349578
0.94864255
0.88264304
0.64581
0.8867975
0.9117745
0.9012293
0.7470392
0.9760488
0.79773027
0.81095386
0.84628534
0.9021493
0.4271593
0.88785523
0.75749755
0.8233718
0.91135216
0.8310268
0.92010635
0.87183654
0.8827625
0.8317883
0.92824626
0.92603433
0.87926245
0.6683888
0.9180685
0.8530119
0.8649028
0.95833087
0.96649945
0.8165481
0.86212033
0.9306235
0.7819792
0.94215834
0.84640634
0.9237168
0.9428109
0.8099615
0.68720865
0.93999034
0.8312484
0.95402426
0.9712267
0.80027425
0.9025066
0.81345916
0.906356
0.7270177
0.9327858
0.8302957
0.79664737
0.71375924
0.94327855
0.9369007
0.9124297
0.8939644
0.96598274
0.8792306
0.9291038
0.92137796
0.9204298
0.7731685
0.73477626
0.76885605
0.731012
0.78602123
0.7930275
0.7388433
0.95233226
0.86267555
0.8948225
0.94959193
0.7142709
0.8274436
0.7771096
0.7428887
0.9180613
0.9062963
0.8637483
0.9387544
0.9697958
0.6979358
0.886377
0.9785149
0.8598424
0.9334504
0.82676244
0.9661308
0.92552125
0.7588401
0.80589044
0.8279848
0.70836353
0.9269517
0.88170815
0.8551376
0.63556623
0.825258
0.9501395
0.90401727
0.8616773
0.9143536
0.85511357
0.8717123
0.72196406
0.91051793
0.80894566
0.77223647
0.88357043
0.9007021
0.8604169
0.937289
0.95027655
0.788938
0.59797525
0.46825144
0.9237818
0.8661794
0.96733505
0.7301472
0.8585427
0.86927664
0.8799898
0.76692784
0.6466079
0.69889903
0.88354814
0.8773767
0.915726
0.9015055
0.9231634
0.92744213
0.71051645
0.9635501
0.7882207
0.61345106
0.83835447
0.8985291
0.8732787
0.88708925
0.44148943
0.8440898
0.9380049
0.9236229
0.85269624
0.91572475
0.959831
0.90854055
0.9142915
0.8790064
0.87566864
0.86041725
0.87357455
0.90956706
0.94765157
0.82733643
0.9258603
0.88443685
0.70273846
0.9395878
0.9604167
0.8527348
0.9471635
0.80857414
0.83390003
0.9421544
0.9630654
0.6733736
0.78604686
0.80749285
0.86153525
0.89196265
0.7743594
0.8495467
0.9249358
0.81104195
0.7792614
0.92558235
0.94085485
0.6632287
0.91955906
0.9660988
0.46438968
0.9403546
0.95016605
0.84284043
0.83155495
0.7356281
0.69835365
0.8215864
0.8386207
0.85894513
0.6215352
0.8705121
0.7943494
0.8439617
0.7716247
0.63286686
0.97440755
0.9424852
0.73945785
0.8260235
0.9598745
0.9597214
0.7725796
0.8726901
0.93534225
0.85271144
0.9224687
0.88966906
0.94116455
0.9539376
0.9251175
0.91583496
0.86049676
0.80277824
0.90808773
0.9095756
0.97192395
0.844656
0.8987318
0.8706586
0.927584
0.8720777
0.94621426
0.94048244
0.92995155
0.8704897
0.9128006
0.8780447
0.85593456
0.9521115
0.9109732
0.9442567
0.741562
0.78769344
0.81814975
0.739151
0.91951203
0.902404
0.90251815
0.82229924
0.9147399
0.8922802
0.8196379
0.9331924
0.7955027
0.91238165
0.8579978
0.91517764
0.85652727
0.9672659
0.93470746
0.81324744
0.7792119
0.5705588
0.92674243
0.7367736
0.92366284
0.9248514
0.75561076
0.42695788
0.9510805
0.8981378
0.86597335
0.8635881
0.8946832
0.8568855
0.6775608
0.8283938
0.74143213
0.8918185
0.8472935
0.82673883
0.93444264
0.86939776
0.65297914
0.72288585
0.7603026
0.7743842
0.700251
0.55704606
0.7090349
0.8603585
0.7885519
0.94858843
0.91054285
0.9200191
0.65742373
0.7853411
0.8209616
0.8766382
0.94512707
0.8801278
0.9402629
0.8038245
0.9127903
0.6177283
0.93832636
0.9060665
0.905509
0.79877996
0.7841108
0.8546093
0.9011637
0.95005345
0.7683504
0.9550811
0.69762397
0.9296485
0.9188001
0.913275
0.677384
0.81166315
0.89125055
0.94747037
0.8982611
0.6984117
0.92321336
0.72732395
0.9070777
0.77872854
0.8962643
0.7549403
0.9620833
0.8117125
0.9397843
0.70172465
0.8814192
0.49413967
0.94915867
0.8157382
0.83923566
0.7482804
0.7099161
0.8703668
0.8714683
0.46024302
0.7880907
0.901124
0.9278922
0.9225997
0.8365972
0.82499397
0.939072
0.73085254
0.7275535
0.9506083
0.937446
0.9459826
0.9497762
0.8887371
0.96148455
0.8023818
0.6385721
0.88108593
0.8999598
0.9019283
0.8014811
0.6415249
0.84786576
0.91509265
0.44166952
0.72558373
0.9439743
0.75967014
0.9230412
0.90773386
0.8505149
0.8173738
0.43690223
0.9837158
0.8652258
0.8858316
0.88394666
0.75898767
0.9629805
0.88504314
0.90169007
0.8852551
0.86431444
0.75720465
0.8712014
0.9302157
0.9234035
0.8687998
0.9582265
0.80193615
0.84111834
0.79708433
0.9041164
0.9237961
0.85929
0.853156
0.8418349
0.7469123
0.82001436
0.782335
0.93372756
0.89814883
0.7441388
0.69217384
0.89214134
0.87059325
0.7639997
0.9366354
0.914062
0.81712073
0.8478205
0.9081166
0.928205
0.93148196
0.9607605
0.90297735
0.6773352
0.8670488
0.9154374
0.7530154
0.9366671
0.88892007
0.87985843
0.8296366
0.8795117
0.93563944
0.9613323
0.86349374
0.90078074
0.90915143
0.8637455
0.7107334
0.9106084
0.9411833
0.61854726
0.86387694
0.80559206
0.86354375
0.7863381
0.69616395
0.8930078
0.5048827
0.8271254
0.95272017
0.9195834
0.8835782
0.96672404
0.8149166
0.81723374
0.82227916
0.8909386
0.7178594
0.9738641
0.88316673
0.64915276
0.83179617
0.9312548
0.85055465
0.83739156
0.7518019
0.7886291
0.60163903
0.9426636
0.78435487
0.76952463
0.9532594
0.9552797
0.8157594
0.84151983
0.84156024
0.71197015
0.85219353
0.9658916
0.73725486
0.9630952
0.89342284
0.8971521
0.88054395
0.9065606
0.63927853
0.7796299
0.5777585
0.7876271
0.9335187
0.9796951
0.80110526
0.896052
0.96409875
0.8570126
0.5908779
0.93971527
0.6613616
0.90875155
0.94083375
0.93532324
0.87740535
0.8969092
0.9035404
0.89619815
0.9339047
0.76775306
0.9250945
0.91510844
0.8186182
0.9161878
0.9299245
0.9189707
0.9062904
0.8926583
0.9161643
0.7436303
0.89590377
0.9139193
0.8076521
0.8929582
0.9324937
0.94809663
0.716623
0.9768392
0.949828
0.9225597
0.7419378
0.9600607
0.8912628
0.79364043
0.9342838
0.846118
0.76973295
0.87212515
0.7135938
0.483931
0.9191773
0.8069169
0.9265801
0.8646622
0.8905301
0.83698034
0.7720953
0.86679125
0.8493739
0.9124107
0.876758
0.8258316
0.8853004
0.6753582
0.79700255
0.91930985
0.8276461
0.92728424
0.81896937
0.86708677
0.932017
0.88620037
0.79977036
0.66077816
0.7428031
0.61523634
0.84734845
0.8712582
0.94183046
0.9463773
0.7962534
0.68423736
0.8989496
0.9781014
0.64133835
0.92095
0.90739936
0.5172559
0.6667799
0.8328807
0.8600356
0.8754179
0.88348603
0.92826504
0.8531451
0.8359485
0.85650945
0.80702734
0.8716432
0.6749918
0.89427996
0.91561174
0.9440656
0.926688
0.534733
0.88153327
0.8743455
0.8902828
0.712858
0.8267764
0.7871011
0.9314622
0.88982004
0.90109044
0.8703077
0.9379482
0.9703445
0.7957397
0.8691219
0.93308425
0.8833504
0.8353669
0.8208767
0.85583615
0.83376473
0.929021
0.8199141
0.7953882
0.79206026
0.8991823
0.9362448
0.94818133
0.669316
0.40372515
0.9588976
0.9383882
0.8708906
0.8277124
0.4249245
0.8440799
0.9297398
0.90371263
0.8358203
0.9130945
0.6904082
0.762362
0.9540068
0.58512086
0.91740566
0.8981708
0.9708962
0.7576631
0.93817925
0.80881965
0.5973592
0.9629959
0.9118148
0.9530493
0.93811
0.9296615
0.8630246
0.85068756
0.8202783
0.80814993
0.8866768
0.85255283
0.9367788
0.9162672
0.83656275
0.8194939
0.85045254
0.8941512
0.7435554
0.895389
0.9193123
0.5964771
0.8570268
0.9065565
0.953815
0.31328106
0.9423394
0.81362283
0.8657165
0.66824716
0.9494097
0.4584809
0.7823397
0.9336542
0.92703724
0.8642645
0.9174448
0.87514186
0.74107623
0.8993292
0.8773614
0.94801474
0.8567046
0.7451735
0.91324186
0.8631838
0.95636487
0.8465576
0.8971414
0.92177147
0.86685634
0.9800621
0.89652985
0.8652489
0.8686837
0.9267052
0.8331147
0.8578245
0.82265353
0.84544176
0.8101188
0.8897248
0.83426154
0.850116
0.7879084
0.8828895
0.7817707
0.90558124
0.87079537
0.8569198
0.84408605
0.7690524
0.875806
0.97883004
0.87247455
0.88439167
0.9411652
0.79083943
0.83622146
0.9586145
0.8547377
0.7919108
0.87291044
0.8502878
0.7452694
0.86375177
0.88077724
0.54520357
0.85834736
0.89148635
0.95673895
0.87058204
0.80153805
0.81134677
0.90761596
0.88902605
0.9232039
0.91639173
0.8549729
0.7649809
0.93347687
0.8955839
0.8917558
0.7528241
0.7423104
0.83098656
0.88685846
0.7912751
0.9299712
0.84242105
0.92464805
0.97227335
0.9411776
0.7410154
0.857967
0.87640435
0.9346137
0.94884753
0.7911042
0.9246992
0.9287198
0.93923265
0.89861333
0.8433607
0.9088508
0.9209159
0.84022117
0.91189903
0.91134804
0.8733629
0.8818175
0.954752
0.91201377
0.84058857
0.8281079
0.8580057
0.84811836
0.9131558
0.7787341
0.88455486
0.7593112
0.9298475
0.94724166
0.89745283
0.8574711
0.8646872
0.94753975
0.9343132
0.95754206
0.8617517
0.69415796
0.93314797
0.88549435
0.84625703
0.60949504
0.88950455
0.7737065
0.8317097
0.88329554
0.89822876
0.7902364
0.9240294
0.6897741
0.9131552
0.8574056
0.9282967
0.72665924
0.9674201
0.81021875
0.8253212
0.8697892
0.938672
0.5338187
0.7010725
0.80387914
0.9369097
0.85217196
0.8441333
0.88343066
0.82951146
0.9233359
0.7621164
0.9432232
0.67412007
0.8453271
0.6529047
0.8623378
0.9249524
0.9256134
0.8255824
0.8910611
0.78358567
0.8882942
0.8863067
0.87570095
0.8916236
0.9474921
0.5842696
0.9122809
0.9558445
0.90640795
0.8664973
0.98178554
0.7915034
0.5479922
0.7641103
0.9012621
0.9214419
0.9162456
0.6462077
0.6293723
0.95289314
0.895998
0.6602261
0.79577667
0.8466238
0.9078003
0.9324335
0.79004276
0.7082277
0.8589733
0.78167254
0.8042387
0.91138124
0.9271005
0.7367477
0.8777383
0.9567834
0.81729907
0.80107605
0.8140298
0.8670397
0.8834436
0.90937394
0.94397223
0.89326507
0.640842
0.7269164
0.86604184
0.883044
0.72185826
0.86074907
0.90846103
0.96840703
0.8756725
0.8783682
0.742962
0.7765792
0.8600097
0.78988034
0.8975285
0.8157477
0.91629785
0.8881373
0.9306246
0.26844797
0.9141755
0.93409234
0.62980866
0.86519206
0.8398172
0.93418753
0.94689
0.92563987
0.6763025
0.53263897
0.72995186
0.6167843
0.8942563
0.94749326
0.9374596
0.87851197
0.8682576
0.78320575
0.86969304
0.95424706
0.9315201
0.7983939
0.7146081
0.9514806
0.7572969
0.7818832
0.91281104
0.96916234
0.8848438
0.8965046
0.86637795
0.77709925
0.7709068
0.95293075
0.85893536
0.8449716
0.9471023
0.82629055
0.89518833
0.91643846
0.90164703
0.8582481
0.6788623
0.84961087
0.6087311
0.6106446
0.6081623
0.8898608
0.879726
0.74901706
0.84168833
0.71789026
0.9415015
0.981692
0.97648644
0.808257
0.9668522
0.8738561
0.9627003
0.9448209
0.7435644
0.8021375
0.6431055
0.7935374
0.64146185
0.76704174
0.72097874
0.6797414
0.7945787
0.92781126
0.71170247
0.86272126
0.86873794
0.75986654
0.8744979
0.86827123
0.9504828
0.9632862
0.8764793
0.89864546
0.6486644
0.9266399
0.8414973
0.576349
0.9210616
0.96856475
0.8688203
0.80709946
0.879395
0.78240037
0.7342876
0.8738075
0.9522394
0.8833916
0.8108623
0.9148045
0.9566071
0.8827956
0.68380195
0.8340671
0.9392668
0.8986684
0.8320842
0.9757569
0.9410685
0.84891677
0.6978806
0.92801297
0.9098243
0.9094757
0.7852984
0.93796086
0.88025177
0.9155121
0.93789613
0.8170413
0.7455699
0.94074756
0.9414058
0.75807345
0.91986394
0.89361
0.7603356
0.57167876
0.6561713
0.9698094
0.8268038
0.91188705
0.39523026
0.9018605
0.6224728
0.57373655
0.8805011
0.87476516
0.6622609
0.77720785
0.6614166
0.95253843
0.9284963
0.83994365
0.77846664
0.8749643
0.74819124
0.95602334
0.9350066
0.795945
0.888764
0.96490157
0.9541039
0.93007493
0.758082
0.8424495
0.9706178
0.8849072
0.8117662
0.85524267
0.9521713
0.77824557
0.84463954
0.91013855
0.88340855
0.84213245
0.8197229
0.7933965
0.96346736
0.86641634
0.969056
0.88103455
0.8150295
0.9538892
0.91141415
0.7926819
0.856452
0.9040787
0.87011427
0.85198116
0.79012346
0.6134132
0.20561068
0.93713427
0.8656067
0.596681
0.9094381
0.77933866
0.92538804
0.7225083
0.7925535
0.9149022
0.87574095
0.6297412
0.894039
0.8273535
0.9242257
0.9195304
0.9136793
0.9235716
0.63439137
0.9157688
0.773445
0.85995567
0.7933698
0.93918383
0.82639945
0.8802449
0.84737206
0.87420523
0.8478828
0.944008
0.9033208
0.7201172
0.91045004
0.92590773
0.8846698
0.84768474
0.83930147
0.76814336
0.6489606
0.9206406
0.9001386
0.86185676
0.38286948
0.84763694
0.9157302
0.9343056
0.7739405
0.7346851
0.9570905
0.81157863
0.7114574
0.9532157
0.6749674
0.90489787
0.8259911
0.7676975
0.9301379
0.86332136
0.7772861
0.90975124
0.85338366
0.8855573
0.9276521
0.9054989
0.9294938
0.8517554
0.94041467
0.75348175
0.54323804
0.8541033
0.825832
0.8517072
0.7117817
0.9550976
0.95231897
0.8487584
0.7337636
0.77865016
0.966799
0.72573894
0.7876633
0.9373506
0.9342938
0.8552996
0.8729333
0.6773038
0.8971993
0.8824088
0.8753368
0.8927288
0.9368001
0.9459805
0.9238302
0.9101689
0.9545293
0.94239306
0.8590282
0.84259796
0.8896388
0.88248503
0.69222945
0.9135372
0.5518276
0.7283455
0.8282025
0.8300526
0.88554215
0.7497581
0.8683551
0.96170187
0.92612535
0.72625756
0.68236613
0.9676795
0.58473563
0.91247714
0.8175491
0.89273095
0.8726951
0.84904367
0.5096203
0.881497
0.9131554
0.9519228
0.81125647
0.8578279
0.8567956
0.8298601
0.8086871
0.93178153
0.93000066
0.90759546
0.901433
0.8668129
0.77343017
0.8681278
0.6905867
0.839416
0.70487994
0.9270539
0.95352125
0.9415272
0.81828916
0.8255176
0.9107448
0.9253701
0.6699712
0.8904064
0.8403283
0.75492096
0.83281624
0.7478911
0.87852556
0.9291592
0.4906708
0.8963827
0.68721473
0.8575628
0.72972083
0.97900033
0.880725
0.8801335
0.8849853
0.720706
0.93033016
0.7597381
0.7800628
0.71847415
0.74402475
0.7879752
0.8008885
0.90923786
0.90783966
0.86784244
0.8619386
0.95048434
0.78902423
0.776978
0.74375737
0.91050106
0.9018997
0.84629
0.8155012
0.93883634
0.83044374
0.97528493
0.748075
0.899779
0.78792363
0.883447
0.62140906
0.770851
0.8266254
0.9437303
0.9662687
0.8443342
0.91670954
0.95419586
0.82237923
0.95542717
0.91232014
0.89052784
0.9402047
0.9331866
0.91927814
0.6143075
0.929422
0.77077854
0.82244337
0.9867244
0.8133096
0.91109973
0.8685689
0.9568634
0.8587438
0.9344497
0.9148128
0.76409173
0.8951669
0.5456331
0.729558
0.7212534
0.91229856
0.6317286
0.8392161
0.94164854
0.66144097
0.7946503
0.8287125
0.9261553
0.9062296
0.7597622
0.85964286
0.653401
0.81755924
0.96476203
0.9261951
0.7378709
0.8563878
0.91145045
0.8624439
0.8843147
0.77694124
0.95017827
0.8924537
0.88797677
0.8108854
0.8475609
0.8892609
0.8068261
0.6543682
0.8235246
0.92776436
0.88108873
0.9496558
0.83911246
0.9406747
0.68833417
0.859754
0.92380995
0.91110194
0.93391746
0.843072
0.83400524
0.8564589
0.9140039
0.7591616
0.8203957
0.83495265
0.89472324
0.60612744
0.87859243
0.75318307
0.9486991
0.9458504
0.87180746
0.8309653
0.93232673
0.5675876
0.8684394
0.90517074
0.80110705
0.97059584
0.9637526
0.8990232
0.83628404
0.93558246
0.7374918
0.77843016
0.8568001
0.93371964
0.93113637
0.93112123
0.8127084
0.9378251
0.95228106
0.76379484
0.82051957
0.8491149
0.94230425
0.8246547
0.8745161
0.937542
0.6840776
0.8528662
0.89963925
0.7214385
0.88283527
0.93613595
0.8869877
0.9129463
0.9508971
0.9292811
0.9329885
0.962699
0.86178046
0.8320446
0.71953756
0.88204145
0.83699375
0.7788675
0.90623176
0.8835143
0.9180997
0.9478121
0.9534073
0.6515676
0.8051737
0.7069922
0.7804848
0.94766665
0.94462126
0.78277904
0.8443345
0.69688255
0.74046445
0.8805965
0.7962979
0.92525756
0.9588991
0.8391932
0.95647347
0.83003944
0.7088945
0.92359734
0.17838678
0.79545736
0.86887455
0.8352828
0.92069083
0.6449662
0.84925693
0.7007312
0.9332494
0.83036363
0.8462722
0.7834298
0.9012817
0.5208039
0.72105604
0.86787176
0.8053783
0.7725893
0.7817886
0.83250046
0.6712665
0.9427092
0.91953135
0.9079361
0.7658357
0.9229345
0.93425786
0.9425339
0.9610106
0.91674036
0.79190665
0.8027582
0.7737423
0.9372288
0.9129241
0.773892
0.79361963
0.8132632
0.8963034
0.86300915
0.8327079
0.80872273
0.81800216
0.91662645
0.876889
0.863256
0.9006858
0.5316336
0.78881
0.96328056
0.8981436
0.92351216
0.9579427
0.49191403
0.9244997
0.86997855
0.94809544
0.92024416
0.8367202
0.75499094
0.9360534
0.8583996
0.88284224
0.82352954
0.9130403
0.84832346
0.7563259
0.9653721
0.89849705
0.8589953
0.87643856
0.845654
0.91381323
0.8906088
0.8783809
0.9700044
0.8619154
0.937748
0.9282499
0.9158259
0.8262403
0.85609484
0.8889053
0.9810218
0.94307005
0.4844187
0.94251335
0.87758744
0.8722502
0.9286942
0.7432513
0.8902225
0.95555425
0.85597765
0.58337814
0.7801624
0.9364452
0.8253914
0.8892422
0.9227849
0.83466893
0.46913922
0.7686743
0.8811276
0.96556413
0.85156024
0.9476317
0.9663335
0.8695818
0.93213964
0.6248101
0.88936687
0.9489906
0.8649366
0.9724299
0.88326305
0.94736433
0.9316045
0.60400295
0.9433586
0.94577444
0.94963837
0.8610183
0.8722689
0.79718465
0.7843028
0.67981726
0.8442524
0.8784671
0.90447646
0.9095583
0.8807055
0.74102753
0.9027177
0.72310114
0.81510186
0.9057472
0.64077145
0.9488872
0.9300462
0.7891325
0.86108387
0.78461164
0.9527768
0.9241926
0.9160504
0.906977
0.92931056
0.9817311
0.8645649
0.67284703
0.85625494
0.71598566
0.88252336
0.6792891
0.93740726
0.94438285
0.9195811
0.83095765
0.84415424
0.9265465
0.94661516
0.9202517
0.8812065
0.64537966
0.73127824
0.9704617
0.9165443
0.82234144
0.74047476
0.91565466
0.6338782
0.59193194
0.9157057
0.945595
0.593093
0.8854206
0.94440234
0.8227379
0.87954056
0.6841081
0.88191664
0.698802
0.7782934
0.92690635
0.87591684
0.9081462
0.9477879
0.60903674
0.9439765
0.87586045
0.9275711
0.7711823
0.7877933
0.9238302
0.84241503
0.8528143
0.84587425
0.6563395
0.91161853
0.95026857
0.9460225
0.84170294
0.7691288
0.949806
0.64718604
0.733212
0.7921777
0.7403959
0.92165935
0.96427464
0.6148881
0.81645906
0.882292
0.8749409
0.71016645
0.8742669
0.8139595
0.9574973
0.80358124
0.92809945
0.9095026
0.9154757
0.80467564
0.9658753
0.9208695
0.8710554
0.90628666
0.8938922
0.92260087
0.9272404
0.94420063
0.9103218
0.80209637
0.7921136
0.6378593
0.79760927
0.8510404
0.9370431
0.9281758
0.941614
0.8776134
0.94320804
0.9351535
0.92139816
0.8976432
0.938883
0.9579573
0.823819
0.79520214
0.8058079
0.81246316
0.69283575
0.87718785
0.7448715
0.8193879
0.83915114
0.88085335
0.8209025
0.5707054
0.8785955
0.7909173
0.5464062
0.7461697
0.8326863
0.90371734
0.6447353
0.8493812
0.8024753
0.9213316
0.82895595
0.89954937
0.7674107
0.91331375
0.91956323
0.7136117
0.9155826
0.67994606
0.8480085
0.89835
0.9450939
0.8528842
0.89383376
0.9455401
0.8345277
0.8957513
0.63949734
0.7791824
0.6845681
0.5490719
0.9217521
0.8158858
0.9271237
0.92260116
0.8041929
0.7632404
0.86602527
0.85903615
0.74050283
0.8458157
0.8776776
0.92399096
0.7415556
0.93050724
0.8749164
0.6147244
0.93364924
0.6656052
0.75448287
0.79528785
0.87582576
0.9343447
0.55898076
0.77594596
0.8744494
0.8738948
0.9358655
0.8919407
0.7129865
0.87324643
0.88430935
0.8652319
0.83133626
0.79163176
0.95416296
0.8813833
0.84162974
0.9276995
0.8390703
0.9188862
0.83316505
0.39635977
0.9075286
0.95481837
0.88586426
0.77611625
0.71008134
0.77708024
0.91010284
0.8486238
0.87804544
0.92901784
0.9580652
0.88161135
0.6888348
0.861466
0.9546341
0.93067604
0.9092391
0.85089606
0.9596925
0.79564255
0.73474
0.76981556
0.84036875
0.74007034
0.8500055
0.7623592
0.4720557
0.8466619
0.9135772
0.78497255
0.72868425
0.8110948
0.9604827
0.70425236
0.7183373
0.86047775
0.8088203
0.64794827
0.9761019
0.73855567
0.942603
0.9640019
0.80544555
0.95960003
0.7067606
0.8351374
0.7862349
0.9378022
0.78407496
0.7719221
0.93733424
0.9203918
0.95444316
0.7261707
0.9020921
0.76637614
0.9465083
0.955896
0.93859625
0.87600386
0.7309985
0.7992398
0.7756511
0.9417762
0.96974933
0.6303961
0.954978
0.8818437
0.9405631
0.71186376
0.79792416
0.8363479
0.9127801
0.92933375
0.93426865
0.7962082
0.9008736
0.66881007
0.84335184
0.7512262
0.95319784
0.6931186
0.9247278
0.95902103
0.6310901
0.8965226
0.8997304
0.8125966
0.91487896
0.9559225
0.9380104
0.86072516
0.6883771
0.6499181
0.95861256
0.9294168
0.46044114
0.8126098
0.8297365
0.8260437
0.8742807
0.94886595
0.93800837
0.75683856
0.7536138
0.60855734
0.9598683
0.8073417
0.60871583
0.9761671
0.66886795
0.9535338
0.897224
0.7963037
0.7383668
0.92088866
0.39129084
0.681768
0.7611853
0.88419235
0.77820647
0.83753777
0.9398288
0.79588914
0.7295631
0.90824574
0.91308296
0.7656917
0.92143965
0.8933866
0.85704553
0.876812
0.7940516
0.7600219
0.74185854
0.23096988
0.9357156
0.7084503
0.90806305
0.88495606
0.77847993
0.62720776
0.7457818
0.88553834
0.90877974
0.78426564
0.5924778
0.9329816
0.8407886
0.7719975
0.77358127
0.9375822
0.94689536
0.8691027
0.84912807
0.9056474
0.8376038
0.92780894
0.68303406
0.91153145
0.77422225
0.940582
0.8787339
0.8886483
0.8357464
0.970964
0.8377303
0.86423117
0.82381976
0.781828
0.7208096
0.8934802
0.83183116
0.86025983
0.83240205
0.8120838
0.89536524
0.9233216
0.89745665
0.90037316
0.8202043
0.7548982
0.59894866
0.9147125
0.8153309
0.95558995
0.86338645
0.72437125
0.9212134
0.91904896
0.90149534
0.88806283
0.84205645
0.83936477
0.8879243
0.8007278
0.7367549
0.93482715
0.9499278
0.9232542
0.8084199
0.86307055
0.9620934
0.8972044
0.95622087
0.92520225
0.8002716
0.84808767
0.71788096
0.8597033
0.34742048
0.94222075
0.7107342
0.83593756
0.88647425
0.92534983
0.94100064
0.8643832
0.87411666
0.9541923
0.8494178
0.5917461
0.76345676
0.861563
0.96703386
0.8549893
0.8026084
0.8221128
0.8765977
0.71472996
0.7958296
0.7421098
0.950386
0.65506184
0.88746446
0.7109837
0.9045971
0.9032698
0.89239395
0.8370986
0.7236353
0.9175046
0.7446076
0.92543936
0.8981166
0.8810473
0.76205736
0.92952216
0.77421093
0.86364836
0.7869719
0.9339446
0.90218675
0.8027113
0.86647373
0.7916063
0.8842794
0.96634287
0.7895807
0.87776846
0.8508779
0.86326325
0.944217
0.95168406
0.90796655
0.66933995
0.948975
0.66669226
0.91919553
0.959252
0.9004233
0.9287301
0.78778386
0.9009313
0.9239903
0.9269241
0.7277826
0.87802553
0.9275406
0.8722338
0.9440993
0.8105186
0.9744177
0.8409103
0.82620686
0.8218818
0.8699516
0.9516381
0.86260605
0.94429505
0.8511902
0.83825344
0.8490228
0.8897953
0.9301816
0.92239606
0.8833226
0.8641679
0.8972577
0.78570986
0.94410336
0.90403336
0.9228879
0.77017784
0.91628754
0.8943204
0.97324324
0.8250167
0.78772384
0.9337684
0.9592835
0.77261955
0.96445704
0.85133266
0.83818126
0.79071766
0.87068623
0.91871846
0.95130616
0.91700125
0.47118574
0.91208094
0.65992343
0.90566987
0.88837886
0.77209246
0.857491
0.859931
0.95472777
0.8694848
0.9325033
0.92340845
0.7365845
0.8025346
0.8699352
0.92029494
0.77246875
0.82737845
0.9318254
0.8879186
0.92544454
0.8554241
0.7648021
0.5995492
0.8954354
0.6554086
0.97970665
0.86191875
0.92828727
0.9194529
0.8447044
0.8911805
0.9509565
0.92502904
0.90633905
0.8711449
0.81041884
0.9154071
0.78177255
0.9075126
0.8861955
0.64895713
0.62078285
0.8387659
0.96223116
0.70254254
0.8456711
0.7626168
0.8991207
0.94459915
0.8813551
0.9085557
0.9472256
0.8916402
0.8134801
0.7295391
0.93610156
0.8110156
0.79159546
0.7461082
0.8233877
0.79075074
0.8893845
0.94672287
0.9622927
0.8952712
0.8272333
0.8836626
0.9463351
0.9830992
0.8206229
0.8178102
0.8669107
0.9350318
0.8579521
0.79109883
0.5867913
0.7518947
0.86502635
0.89452934
0.85329306
0.8963541
0.8741354
0.75915664
0.95057374
0.8003671
0.93204117
0.82411873
0.6351167
0.8628261
0.9561925
0.8689921
0.9002702
0.8720442
0.820291
0.9443659
0.75889176
0.8863503
0.9832651
0.8452612
0.7742032
0.9105825
0.7453556
0.9364627
0.6437831
0.84625965
0.7958047
0.940765
0.7857243
0.8020649
0.92389905
0.71956706
0.8971588
0.7381065
0.8502907
0.927199
0.76503116
0.8711701
0.607417
0.8767351
0.84602535
0.7361511
0.84000415
0.7444067
0.96436155
0.70379424
0.723813
0.900639
0.9589052
0.8421777
0.88907576
0.8101115
0.6757278
0.8994945
0.9245427
0.93714803
0.85651565
0.9330375
0.88501287
0.9542937
0.7985187
0.9181098
0.8653779
0.9217333
0.9112936
0.57934207
0.926012
0.72986984
0.8908057
0.9613825
0.90713966
0.8778548
0.79816365
0.95773494
0.922016
0.8899786
0.96071494
0.9297198
0.9327528
0.81994575
0.95326996
0.9449047
0.6256972
0.76871216
0.79943204
0.93250537
0.8408171
0.7790098
0.95914185
0.90394515
0.84000564
0.7909968
0.79138666
0.89352965
0.8191974
0.7603282
0.8696358
0.8236826
0.9667454
0.9220526
0.898225
0.9217435
0.8307937
0.94952136
0.76159036
0.72999716
0.9302543
0.8967633
0.81289566
0.7998221
0.8616431
0.9324651
0.8739128
0.8491027
0.8641474
0.7896124
0.86722034
0.9318347
0.83908653
0.898543
0.9347725
0.90369207
0.90402204
0.9249684
0.79104966
0.78313726
0.78255236
0.91448224
0.9392202
0.5404919
0.9080529
0.7418636
0.5371362
0.9612933
0.77283084
0.8608779
0.93175554
0.92847055
0.88545424
0.8602685
0.91342634
0.8925317
0.9594188
0.88255787
0.92248774
0.7955748
0.842306
0.9319895
0.82484406
0.5018241
0.799038
0.8042327
0.8859508
0.8229447
0.8522506
0.8259934
0.9243965
0.68909216
0.92969966
0.8567258
0.96121264
0.88536847
0.79180443
0.7061082
0.9000025
0.75251496
0.8932294
0.8891221
0.8961228
0.9423294
0.72521967
0.4935148
0.8099009
0.93160915
0.9192691
0.63614786
0.868177
0.8510309
0.7221668
0.847035
0.86905646
0.79382855
0.82273394
0.89450157
0.9524857
0.82647
0.8727571
0.56804675
0.8073052
0.7540543
0.90417933
0.81049067
0.740245
0.78854287
0.821831
0.5032382
0.8230767
0.8528513
0.87432796
0.79120135
0.79272807
0.84324294
0.98038614
0.93379074
0.91434234
0.85073024
0.9795422
0.9400729
0.9638008
0.6409608
0.9300365
0.7929903
0.33381274
0.83182347
0.7874808
0.7969738
0.8711996
0.77221733
0.9349265
0.8677966
0.811742
0.94300616
0.97782123
0.7480865
0.934173
0.87249184
0.8984242
0.72342676
0.90323496
0.81091666
0.93436694
0.88110065
0.8397016
0.9368709
0.850079
0.82049125
0.93981224
0.8647029
0.8726677
0.9223847
0.8867787
0.8539534
0.6614194
0.8668942
0.72489345
0.86989754
0.70235544
0.5051387
0.73546946
0.9422586
0.6022459
0.88276917
0.94059724
0.89999974
0.9290265
0.75234896
0.86378396
0.85207444
0.92355055
0.8372596
0.8122537
0.90887547
0.85527664
0.8583418
0.7694413
0.95246196
0.66067004
0.8371458
0.9611097
0.518895
0.6952429
0.81124073
0.93567604
0.83493847
0.92421067
0.9554624
0.5235013
0.75134856
0.7725607
0.8793806
0.8313317
0.8973555
0.9041296
0.9282651
0.8721404
0.83720964
0.8711428
0.90962154
0.96763325
0.90318733
0.88187176
0.9049014
0.9089782
0.88595736
0.80745053
0.8604434
0.9003524
0.9398085
0.94300723
0.8680499
0.9731739
0.9066018
0.9042626
0.8623236
0.8314226
0.8530508
0.8792195
0.9215538
0.74029315
0.84721375
0.55774224
0.8930794
0.9667752
0.87636346
0.8700266
0.81238043
0.8105877
0.74981785
0.92580724
0.7897216
0.7587291
0.8154266
0.8891396
0.7171436
0.9179138
0.8546926
0.83182067
0.82016474
0.85869336
0.91451746
0.91257745
0.90337646
0.8446704
0.88651735
0.49169937
0.87828726
0.9685221
0.9656583
0.705359
0.7284826
0.839094
0.92946994
0.8488129
0.94826627
0.937641
0.633176
0.77428114
0.8080403
0.8724262
0.82472163
0.71776795
0.6980418
0.75653404
0.84810007
0.96861386
0.54837024
0.66104484
0.92495406
0.5823314
0.8935227
0.94608164
0.84708154
0.8630722
0.89547575
0.7200163
0.71401477
0.7406726
0.78641725
0.85151815
0.9206256
0.776593
0.934022
0.66278696
0.8538605
0.838269
0.9069156
0.74674654
0.9353349
0.95708334
0.9085142
0.9214579
0.7076683
0.8464069
0.84445614
0.9258244
0.88486445
0.6820143
0.5013006
0.89989686
0.91118383
0.94747543
0.89949644
0.9184942
0.85497546
0.9010999
0.8426658
0.88762206
0.8313609
0.5330621
0.78685766
0.8184006
0.8678112
0.86503625
0.94607556
0.89456713
0.9207001
0.9469985
0.9448796
0.92406374
0.8653998
0.9236765
0.7733173
0.9146693
0.8959644
0.58635664
0.8867971
0.7427147
0.74205
0.9403931
0.8607815
0.83966166
0.7000034
0.6906833
0.9389379
0.9577458
0.9474561
0.8079425
0.7561041
0.91890806
0.8418852
0.81178105
0.81454694
0.6561627
0.60343015
0.87850004
0.867969
0.6491886
0.8783903
0.74928415
0.9516063
0.8479326
0.8177835
0.7482089
0.7324557
0.8625251
0.7494876
0.9165194
0.5943156
0.91760296
0.7408773
0.72546893
0.8152391
0.8595214
0.48379496
0.6053833
0.7504656
0.6326407
0.90009135
0.7930293
0.7572893
0.22340094
0.89693105
0.90779454
0.9004071
0.9038639
0.9098498
0.8586139
0.93078685
0.7850322
0.8217679
0.88875043
0.8302534
0.8308093
0.9327872
0.84178835
0.9133782
0.93608785
0.93036824
0.88736546
0.84973294
0.86093557
0.8162996
0.8224246
0.93712294
0.7517885
0.7112288
0.85219806
0.6231546
0.96050406
0.6063614
0.8476635
0.9453072
0.9429533
0.9487456
0.95568883
0.7881642
0.8993581
0.92223233
0.8197459
0.6153588
0.82125217
0.6471239
0.9495482
0.88061553
0.9094224
0.94878316
0.47443348
0.85175586
0.90000427
0.82771635
0.8438576
0.95830566
0.90753114
0.9443241
0.9452214
0.9313088
0.8902041
0.84752345
0.6288325
0.80462885
0.86768585
0.81761825
0.7531165
0.88624734
0.79439455
0.8537015
0.74770844
0.7923975
0.91743374
0.8596261
0.86261934
0.7980765
0.93851763
0.9168823
0.6893348
0.6754191
0.8113408
0.8948716
0.8562717
0.6515754
0.72276473
0.9167764
0.766791
0.76313674
0.8438135
0.39473268
0.962154
0.91646004
0.39619297
0.90352845
0.61478007
0.85361147
0.94334924
0.7732355
0.92360574
0.9419974
0.84053457
0.93555105
0.70651805
0.7666387
0.8339845
0.8950309
0.77833414
0.89315134
0.6309498
0.896814
0.91627884
0.49251908
0.84814966
0.38965738
0.9138739
0.8375236
0.906263
0.730111
0.9453023
0.8634093
0.73273045
0.87670475
0.93471503
0.87006366
0.7320802
0.9521287
0.6086147
0.7783543
0.7920456
0.66507715
0.9289606
0.779932
0.92671824
0.85674655
0.8211931
0.8390825
0.7001989
0.94104314
0.9673349
0.93935645
0.7919382
0.5421887
0.81088597
0.86772615
0.90578353
0.82578784
0.89690065
0.87299746
0.9603745
0.8400135
0.9382584
0.9295365
0.8810791
0.8200769
0.7086302
0.91655505
0.8788636
0.7911401
0.83472645
0.8439954
0.9525625
0.8438933
0.8138462
0.68603766
0.8792483
0.8486035
0.91971034
0.8999549
0.8507811
0.9362587
0.6871569
0.8985184
0.5202422
0.5625765
0.98141503
0.6916355
0.65850294
0.7447716
0.94569606
0.96144104
0.8202637
0.91373897
0.762573
0.7274469
0.84102
0.8509102
0.8639824
0.8705784
0.8980547
0.83427095
0.7997258
0.85717446
0.8374375
0.968878
0.87116116
0.8478767
0.8942995
0.88468885
0.90633595
0.6023317
0.97601974
0.90675443
0.7318328
0.8445688
0.87634957
0.93705696
0.88181645
0.7960555
0.8467343
0.9291299
0.88141453
0.8022573
0.55848795
0.7729051
0.9467501
0.8317513
0.8205877
0.7920075
0.7281457
0.77633387
0.8909062
0.7791226
0.8751819
0.65594876
0.65567833
0.85808617
0.93109614
0.9507227
0.788152
0.8614573
0.9752594
0.93993735
0.5232029
0.87616867
0.9406259
0.92298454
0.95483255
0.8766109
0.8184796
0.9073098
0.8782823
0.8401946
0.7469221
0.9669479
0.8278718
0.9067615
0.92613846
0.6808482
0.9261668
0.9664314
0.81667507
0.8576595
0.77261984
0.94848835
0.9284163
0.8701086
0.95270765
0.7145853
0.96533734
0.9152305
0.7641378
0.8994488
0.94108766
0.80228406
0.88535625
0.9498685
0.92296356
0.82064974
0.86824477
0.84102345
0.8021996
0.88304806
0.6573211
0.86963254
0.6547291
0.8976826
0.9357065
0.8031341
0.8970245
0.80049926
0.91176647
0.9065921
0.6831491
0.7644234
0.7553943
0.7484436
0.7861696
0.92961204
0.968584
0.74466944
0.8307543
0.83606684
0.84538585
0.81100446
0.97364295
0.87746406
0.91572356
0.86255264
0.8329117
0.93994564
0.84584284
0.9019443
0.5065792
0.7678749
0.87347174
0.9122348
0.89194286
0.77124375
0.8975087
0.95157397
0.9089569
0.8760401
0.91433865
0.83797675
0.91801727
0.851362
0.9126186
0.84926295
0.8225134
0.77299434
0.9362542
0.8246478
0.7498994
0.79844177
0.5756827
0.916991
0.95666134
0.90190405
0.8273336
0.8932516
0.83553886
0.9568
0.9096456
0.8314334
0.80667526
0.6884397
0.89961046
0.85747504
0.8936281
0.89637494
0.9412347
0.6603965
0.49312934
0.9128791
0.91122574
0.95448345
0.94698465
0.80783474
0.7857302
0.56613606
0.7565224
0.8763826
0.89445937
0.8023926
0.91728204
0.867502
0.76149577
0.863935
0.9549489
0.8143776
0.9689804
0.8139208
0.7732123
0.81787723
0.8504852
0.760669
0.86653197
0.7331269
0.92155516
0.90302455
0.8060926
0.8941827
0.9500416
0.60676587
0.7204062
0.84549946
0.92819005
0.80267835
0.84626365
0.32332194
0.9288549
0.9384986
0.92765105
0.79329646
0.85936564
0.8803924
0.7646713
0.6460091
0.53864527
0.8144577
0.91144526
0.8319063
0.8570292
0.7431275
0.83735335
0.87132764
0.64154553
0.82182485
0.7720634
0.89927447
0.84689295
0.75752586
0.9483865
0.7436073
0.80900013
0.81135875
0.9205829
0.8257258
0.5541738
0.85663426
0.95109123
0.9106553
0.90710235
0.9067957
0.9206869
0.9010619
0.82013154
0.83082885
0.9296739
0.96961004
0.85591924
0.94324017
0.8571775
0.8975044
0.93842864
0.87441653
0.95237213
0.8150374
0.8246787
0.87828946
0.7995178
0.9273278
0.81157655
0.8699621
0.9565305
0.79535043
0.48757914
0.7300762
0.84137464
0.8492968
0.74506694
0.88297224
0.9016337
0.7815929
0.8758537
0.88484216
0.7821964
0.65927917
0.93358934
0.9722959
0.9574767
0.7242467
0.92583185
0.56993884
0.79537916
0.8865999
0.92542773
0.90130043
0.8805612
0.7063452
0.915979
0.8962633
0.8388012
0.83602655
0.9785551
0.9687701
0.81512606
0.8272334
0.8256147
0.77025336
0.9739064
0.8767554
0.59221
0.59175944
0.7635731
0.89801115
0.8540624
0.92323905
0.7458069
0.79198337
0.9577528
0.95079803
0.8428753
0.85215044
0.81626964
0.86517143
0.89742243
0.90439254
0.96897376
0.8788127
0.87901497
0.9334954
0.8907183
0.57786924
0.64541143
0.9406804
0.8752997
0.82700723
0.75078714
0.7173324
0.84074354
0.92578727
0.91128695
0.89885014
0.93480796
0.9356374
0.8425922
0.9107541
0.87475145
0.77398914
0.8916868
0.93552756
0.82666475
0.9422146
0.7529016
0.86247426
0.7628752
0.84941155
0.956091
0.90099424
0.59501714
0.85333574
0.8346171
0.7749969
0.7855321
0.9046525
0.76913965
0.7934608
0.8144723
0.87860316
0.68908805
0.8577203
0.8302329
0.84183836
0.8368337
0.94989884
0.8490497
0.6329777
0.87529147
0.9169667
0.8120406
0.7487793
0.8652864
0.79853
0.87119746
0.9577725
0.6307795
0.93733877
0.9157321
0.8038528
0.81117976
0.89237475
0.7141393
0.8597507
0.8566225
0.7272527
0.92525417
0.7955418
0.67215997
0.9059379
0.58500946
0.7162631
0.93588006
0.83745825
0.805462
0.879769
0.8945393
0.93527496
0.9192989
0.8102004
0.9159621
0.94061506
0.8480029
0.8681465
0.66882944
0.7600267
0.8925843
0.7367371
0.9036444
0.87727785
0.61006105
0.72034085
0.85765034
0.90574884
0.9187107
0.70449173
0.78117377
0.8307245
0.7971594
0.7217581
0.83439744
0.893615
0.67134553
0.76611376
0.75482994
0.68805015
0.8572573
0.90133154
0.96594733
0.8164787
0.85369045
0.9020177
0.79322743
0.9680929
0.92855704
0.92671263
0.9717391
0.80562955
0.9351822
0.82064044
0.88634443
0.93234813
0.8550768
0.9597337
0.92857134
0.94962
0.9067561
0.7176564
0.72985125
0.8462312
0.85858035
0.754439
0.8568071
0.9400697
0.82582057
0.9240631
0.7823957
0.7877389
0.8197384
0.91270494
0.8724044
0.84753835
0.6468322
0.81175715
0.9583626
0.925122
0.528676
0.73926693
0.73086756
0.8583874
0.8976089
0.8963583
0.87181383
0.84400034
0.87099785
0.90330863
0.9487425
0.85118484
0.97
0.71380144
0.8950587
0.9007114
0.89639276
0.85825336
0.82189137
0.86507523
0.7012077
0.93221253
0.90686536
0.8678498
0.4324902
0.6051671
0.79540825
0.6454358
0.81017953
0.9455103
0.8898883
0.7493164
0.8854003
0.9233901
0.90528095
0.7922539
0.83540523
0.81425786
0.86858374
0.68731046
0.88280016
0.7950968
0.76400185
0.8067566
0.90140474
0.8697207
0.9622822
0.8695879
0.59559005
0.9634096
0.78873813
0.8499446
0.84348583
0.8728138
0.3908938
0.79983866
0.96582985
0.8614665
0.96521676
0.7968936
0.8938036
0.74346375
0.8548457
0.8170398
0.8046054
0.6846434
0.8996317
0.9411792
0.8944223
0.826564
0.86985326
0.9304986
0.7119151
0.9122656
0.95485175
0.7227112
0.95723474
0.8969158
0.9006401
0.8647512
0.89715064
0.7299901
0.7570301
0.938847
0.91306806
0.9044802
0.90258133
0.970932
0.958828
0.7486899
0.82212317
0.65560174
0.94481814
0.56056845
0.51729923
0.9760149
0.8989553
0.9393723
0.7374182
0.9271108
0.8953727
0.9360626
0.67085284
0.66158295
0.83227456
0.85853124
0.90045357
0.90463793
0.89704573
0.7726644
0.92796403
0.877553
0.89165735
0.7992805
0.93078446
0.92137504
0.9343925
0.86105776
0.8856326
0.022596497
0.9498839
0.82174987
0.923829
0.9632827
0.9107274
0.86786795
0.6562598
0.62307924
0.90980303
0.7683905
0.93552834
0.9056304
0.91407615
0.82620925
0.8335362
0.7258646
0.83799237
0.7110461
0.93191534
0.8826408
0.9330521
0.93793684
0.9121485
0.8332672
0.8573555
0.8688153
0.89175594
0.9439375
0.8566511
0.8014061
0.8665135
0.9582488
0.8186467
0.8076415
0.9350029
0.92296696
0.86992174
0.9092925
0.76381356
0.9084157
0.8020788
0.79456264
0.7887096
0.7549963
0.6422839
0.8852323
0.7529403
0.6896041
0.9081661
0.8228503
0.8534427
0.8417684
0.9323411
0.96893793
0.91166914
0.69015527
0.8069993
0.84883595
0.9686848
0.88853693
0.940223
0.80560637
0.49862298
0.9499172
0.77600527
0.9162239
0.9219065
0.72275037
0.9578699
0.82472324
0.8819392
0.7737018
0.77880275
0.7961416
0.8343598
0.8538935
0.8484665
0.94112396
0.93953055
0.596131
0.92374295
0.8508556
0.8512937
0.79715157
0.90848243
0.822656
0.7755634
0.8868484
0.9343889
0.7912946
0.68164057
0.93479526
0.9151956
0.65298223
0.57115644
0.8267362
0.9100818
0.8847851
0.9466172
0.89152944
0.89516956
0.82768065
0.8379394
0.937408
0.8476861
0.871511
0.6569843
0.8879067
0.82605654
0.9343602
0.57618743
0.86538374
0.7977797
0.8870354
0.76141137
0.8464989
0.87152153
0.8310389
0.7936445
0.92840004
0.7999398
0.57733727
0.83920586
0.9157509
0.9497702
0.93258965
0.8084548
0.7688406
0.7527761
0.7229819
0.86139375
0.82265776
0.7857361
0.78367525
0.87554115
0.9329527
0.6550688
0.92565715
0.9671554
0.86341035
0.8173718
0.8749808
0.63526237
0.5377723
0.5101664
0.9126678
0.88043195
0.9057667
0.8564024
0.891182
0.83592236
0.8896818
0.9114846
0.95313287
0.8843672
0.66066563
0.95494187
0.82041883
0.85906327
0.9540347
0.97128844
0.8433078
0.9645115
0.8942089
0.79963994
0.9298749
0.8218845
0.81946737
0.5206652
0.8985803
0.7729039
0.6689561
0.9082594
0.8597163
0.8932115
0.7451961
0.9478256
0.83596855
0.62673664
0.73227334
0.8223594
0.8532523
0.8753544
0.7880106
0.93344694
0.8626446
0.752646
0.74510723
0.9465591
0.863441
0.82478905
0.79618305
0.5709414
0.91463196
0.8566264
0.68928677
0.8975505
0.8791118
0.7965353
0.9576662
0.8754326
0.8619176
0.95256674
0.89843655
0.91679823
0.88810986
0.7885242
0.8810365
0.88756955
0.7590638
0.7555087
0.87414867
0.910473
0.78435165
0.92455244
0.89148057
0.9489261
0.8414726
0.87054306
0.8838426
0.96607685
0.8676986
0.8763246
0.8528559
0.9307694
0.87931263
0.927489
0.8591917
0.85749036
0.89041156
0.8985468
0.5592208
0.909191
0.93123645
0.88704413
0.86447793
0.7432398
0.9420165
0.86845183
0.817892
0.8092845
0.9082891
0.8846689
0.75665665
0.8555959
0.8212126
0.90524834
0.69259316
0.84986764
0.9086441
0.83116186
0.8562721
0.88111234
0.69798094
0.96680427
0.7986351
0.69712245
0.97304964
0.89711934
0.7664699
0.78651756
0.9281322
0.8455274
0.9505325
0.77217805
0.894251
0.83377445
0.904666
0.9673257
0.91803503
0.7130582
0.8010875
0.6802572
0.9217255
0.92753464
0.7110382
0.893051
0.9112214
0.9005197
0.87821543
0.6825549
0.9099268
0.91513675
0.88950706
0.796741
0.7915472
0.9504733
0.8696371
0.86295635
0.899868
0.8568392
0.6541768
0.7580928
0.91492915
0.954296
0.67995113
0.90934765
0.9022873
0.89516604
0.87744343
0.6879852
0.840177
0.93624294
0.5961437
0.98491013
0.80961674
0.9138015
0.7733971
0.982995
0.8092684
0.78728557
0.8253243
0.70773935
0.94349796
0.9161629
0.96193624
0.8693346
0.9484342
0.7954422
0.8829851
0.6780419
0.6798625
0.9703488
0.6781624
0.61105335
0.6467154
0.8556364
0.9709917
0.89751524
0.96732503
0.9772703
0.818765
0.9221603
0.8036946
0.76148194
0.8949068
0.7717667
0.9002593
0.75763476
0.9074106
0.81364787
0.88876903
0.8937905
0.83840615
0.8193346
0.8743055
0.9104342
0.95447874
0.577817
0.8844942
0.7827199
0.8490552
0.87286633
0.91014904
0.93132293
0.9422338
0.87784946
0.8486578
0.8718281
0.8918294
0.8728885
0.8957469
0.8707973
0.79507345
0.9205712
0.8057222
0.9690629
0.92119026
0.9486222
0.7226805
0.8443498
0.8375907
0.9449014
0.887407
0.73498833
0.8875924
0.8377528
0.9293767
0.75061953
0.81998223
0.5616594
0.81379956
0.9278269
0.8584757
0.864478
0.7064466
0.62630326
0.84182024
0.8505162
0.8948839
0.9315798
0.79861724
0.84879166
0.63752854
0.90026456
0.8973272
0.8370505
0.9315071
0.72666764
0.5635516
0.9668121
0.80364764
0.83552575
0.9567437
0.8476543
0.76688945
0.7704478
0.917965
0.9198987
0.68761253
0.6628873
0.67876077
0.8711192
0.83569264
0.8963528
0.8841448
0.73799735
0.40966812
0.74733907
0.90730155
0.89356774
0.7527356
0.8645165
0.8238623
0.80332756
0.81273544
0.7578345
0.9180904
0.61266756
0.7184803
0.8749587
0.93065906
0.90115875
0.71201825
0.8409063
0.85040635
0.9202808
0.76357114
0.87581366
0.9252917
0.9819482
0.8762193
0.6503384
0.9438395
0.85212755
0.82110643
0.83171606
0.94972056
0.90610826
0.7738746
0.95586085
0.95424324
0.6497748
0.8825284
0.8755088
0.82439375
0.907413
0.82854426
0.8648609
0.8748696
0.91979283
0.77800333
0.84830415
0.8992608
0.9547812
0.7219471
0.7415633
0.8361894
0.8833739
0.8373809
0.8142755
0.84892595
0.7855408
0.93929356
0.7777984
0.84464914
0.786996
0.8494048
0.80985415
0.8757245
0.96961063
0.81539994
0.82984185
0.82405955
0.76312655
0.8997836
0.9848366
0.71137166
0.6338221
0.9154613
0.90274584
0.8013978
0.9187308
0.91737914
0.78932744
0.8712606
0.6244134
0.9371588
0.86115927
0.64745414
0.8389112
0.8622465
0.81258285
0.50422287
0.95389247
0.7593168
0.9117593
0.7921003
0.8419687
0.76671076
0.80372554
0.9075477
0.97302413
0.7926092
0.68426096
0.95096666
0.78957653
0.6543587
0.8154671
0.90194654
0.8555509
0.8879281
0.8779479
0.8324954
0.6769095
0.771541
0.61330533
0.9663312
0.730486
0.7557313
0.92861176
0.9285249
0.8224952
0.895854
0.90829074
0.8709858
0.7824872
0.8366372
0.60609466
0.85199845
0.9509336
0.62545425
0.822134
0.75520444
0.8599714
0.9696148
0.6727321
0.7567332
0.80218244
0.91776925
0.9123258
0.79516184
0.8253991
0.7541034
0.91053605
0.938226
0.39917478
0.93142205
0.7000361
0.7922553
0.75576407
0.5537229
0.880891
0.93627137
0.9316168
0.7334136
0.91943336
0.9491391
0.92230105
0.90303427
0.91488403
0.8745654
0.9554429
0.9311872
0.9627942
0.8969598
0.6876136
0.56707
0.83971715
0.8280955
0.97693586
0.7823536
0.97821534
0.6627935
0.7416668
0.86739784
0.8299146
0.8385963
0.6939251
0.59163535
0.65041995
0.9470291
0.75175786
0.84625804
0.75140744
0.85277253
0.8901959
0.9235817
0.5499002
0.921688
0.7410811
0.87217134
0.8952675
0.92695063
0.92370015
0.93638104
0.5885656
0.8900721
0.81847537
0.81949
0.93580073
0.90870064
0.84571
0.9312276
0.9685781
0.8862142
0.88895416
0.83930886
0.9486979
0.90089804
0.8863335
0.8134325
0.59030956
0.6447973
0.7004631
0.9557842
0.9170918
0.7492945
0.9104618
0.88720983
0.62379646
0.9229953
0.90298355
0.9108875
0.7915236
0.9633738
0.82728565
0.87374985
0.85640854
0.9580635
0.6964234
0.9035816
0.82846105
0.82594305
0.7846286
0.77809656
0.5928124
0.9024317
0.8964684
0.8824798
0.76440096
0.9034112
0.8748324
0.667286
0.7998068
0.77517104
0.82137215
0.7448131
0.9532643
0.8953243
0.9290384
0.9008315
0.87237245
0.63938427
0.784701
0.9036754
0.93449473
0.9002524
0.88478297
0.9173835
0.8816087
0.89389336
0.8378403
0.9023377
0.8544658
0.88748956
0.6880598
0.92146885
0.85062146
0.9007138
0.69260836
0.8911106
0.9514091
0.93677956
0.75525355
0.92415285
0.8725549
0.8417008
0.65508777
0.90353763
0.77459705
0.8994394
0.89279556
0.71018136
0.81829375
0.8933476
0.95755386
0.7294315
0.8616783
0.8113177
0.89705193
0.71958697
0.89473283
0.94796646
0.76664525
0.9565948
0.8105201
0.94143486
0.91620135
0.98083675
0.8753741
0.84423447
0.9008785
0.648286
0.83468765
0.85960317
0.73475426
0.8956487
0.82584214
0.7512281
0.7419132
0.8998669
0.9259026
0.8897002
0.9293478
0.61798066
0.84188896
0.9035521
0.8390951
0.64387846
0.91896933
0.750473
0.90649366
0.5377194
0.85455453
0.9346491
0.93672174
0.927359
0.8416886
0.8935147
0.78090405
0.62689304
0.7205271
0.8017256
0.86024785
0.90536606
0.8082743
0.66965187
0.66545403
0.8563294
0.93700856
0.6584773
0.91462165
0.855085
0.9430445
0.8849182
0.96274453
0.9026817
0.9204698
0.971406
0.9720502
0.89715254
0.8282114
0.93502
0.942898
0.7550832
0.87839085
0.9184495
0.8787157
0.74801487
0.9670775
0.91882426
0.8556416
0.8985063
0.7895479
0.8099121
0.91365856
0.7895963
0.6564904
0.8748202
0.9255752
0.9483449
0.88447523
0.9462734
0.8939905
0.8195534
0.72515553
0.8968458
0.9659958
0.8999955
0.88586426
0.57637095
0.7293368
0.79117316
0.8808308
0.5906733
0.79103297
0.70119417
0.8414165
0.96365935
0.89209485
0.90284723
0.8678968
0.6908938
0.79485464
0.7763084
0.93294233
0.7871122
0.76683986
0.95689344
0.9010945
0.9604543
0.93452907
0.9739073
0.9315992
0.8177931
0.8199949
0.7129626
0.9070103
0.9243592
0.8088462
0.8792227
0.9598056
0.6601129
0.7808288
0.729229
0.91765654
0.8562477
0.95974207
0.9057308
0.90782183
0.9083408
0.85409564
0.7756357
0.9409642
0.8007973
0.8158043
0.8891052
0.813063
0.89531624
0.90720034
0.82634276
0.93783927
0.8100624
0.8475441
0.92699456
0.7257527
0.8910148
0.81957555
0.8632353
0.7290352
0.64847285
0.45877284
0.93964595
0.7193771
0.8085125
0.7752738
0.71036506
0.83737624
0.88807786
0.5189875
0.9435481
0.97428805
0.7980329
0.7695076
0.9078295
0.9301634
0.9634018
0.9728834
0.97765946
0.8923436
0.9022682
0.80833954
0.9167257
0.6427407
0.9517436
0.9384471
0.8220989
0.75687283
0.7365622
0.89741576
0.9704625
0.81034046
0.8896211
0.9549972
0.36521953
0.86328006
0.9128713
0.8588948
0.7938924
0.79996705
0.83067226
0.728207
0.9557134
0.73496413
0.9249853
0.9192024
0.889154
0.6586761
0.9555569
0.9111507
0.8598384
0.5659892
0.79727495
0.8666155
0.8828183
0.87479067
0.88452184
0.79028785
0.96296024
0.7705587
0.8082251
0.7378067
0.9179474
0.5452984
0.82254386
0.970101
0.6723338
0.8808347
0.7703598
0.9157548
0.86455584
0.90881914
0.85392225
0.8937503
0.83462
0.9594255
0.7451655
0.9172407
0.8267036
0.746075
0.93445253
0.8043432
0.83480394
0.8663857
0.8879265
0.79656494
0.8144705
0.8460996
0.7174981
0.9498313
0.84638983
0.94489384
0.8756573
0.9563314
0.8806191
0.9525402
0.87475467
0.72169495
0.90062994
0.947367
0.9522092
0.8428619
0.83740145
0.6963419
0.7024164
0.9314291
0.34254834
0.9646853
0.8896455
0.82204473
0.8753915
0.8599172
0.7136087
0.94102013
0.8650224
0.8852047
0.88991034
0.9146216
0.9323795
0.9399308
0.8010876
0.89547515
0.61244893
0.87384725
0.9831808
0.7025653
0.89474005
0.83592284
0.8859814
0.840413
0.7593188
0.5626954
0.8596078
0.95139825
0.91180706
0.90773433
0.9751349
0.90986454
0.9573039
0.34967434
0.9389905
0.9035488
0.89007443
0.68351704
0.910028
0.61111516
0.9025807
0.93907976
0.80934215
0.8705306
0.79936266
0.93370366
0.8318944
0.84041995
0.6037397
0.85972303
0.87504345
0.9142529
0.8793219
0.89367545
0.84744346
0.90597546
0.7917295
0.97367513
0.7158997
0.89557385
0.7978072
0.8400576
0.7261378
0.894904
0.8689965
0.9105894
0.8501433
0.9159718
0.74759114
0.82039344
0.92646146
0.8110048
0.9353565
0.91530657
0.71956956
0.9728018
0.7822708
0.9228301
0.8372363
0.83968794
0.94229645
0.7439734
0.73813415
0.63425696
0.74049217
0.9240524
0.8038041
0.8561655
0.7673029
0.79063815
0.66684115
0.55422866
0.7237293
0.9090859
0.8904301
0.882313
0.8272896
0.59874326
0.812181
0.9514377
0.89989805
0.9692606
0.77052224
0.8646481
0.7340999
0.888477
0.77280223
0.4701411
0.6445927
0.42541045
0.8414334
0.8365271
0.9294869
0.93394667
0.7932563
0.6502029
0.93521476
0.8577765
0.93536866
0.86010087
0.8293978
0.968145
0.8714219
0.85390496
0.96068215
0.9809919
0.95537263
0.7226566
0.81648314
0.9597653
0.9249557
0.8978412
0.8814636
0.8693568
0.80978096
0.9204756
0.9130521
0.87206227
0.8320464
0.9125814
0.41427648
0.89489406
0.875025
0.8542265
0.9134797
0.9658285
0.91985524
0.9319221
0.90878046
0.8733014
0.8899499
0.93336105
0.91256803
0.88097286
0.9628701
0.7780611
0.91329575
0.8965713
0.72343224
0.92389417
0.8244035
0.8623816
0.8296561
0.72382903
0.90512955
0.9265898
0.84427094
0.7305312
0.6471382
0.8582106
0.92286146
0.9054332
0.94316196
0.89465296
0.6498534
0.9726064
0.9403497
0.83208454
0.5603931
0.89184517
0.9123416
0.84087497
0.77913326
0.91048867
0.87685025
0.9561288
0.89766467
0.88786817
0.94733024
0.83842057
0.90630776
0.8480152
0.867665
0.9270968
0.9237547
0.9634284
0.7878883
0.9618489
0.930545
0.85171705
0.8570094
0.88739526
0.8834606
0.9352286
0.7525332
0.96147084
0.94977134
0.9174789
0.7510743
0.8549049
0.8821201
0.67995375
0.93340284
0.7168705
0.92857283
0.9401693
0.86920714
0.94656986
0.90723675
0.9231052
0.9012575
0.7778516
0.79848355
0.93599606
0.86203396
0.60586745
0.94528675
0.8278433
0.8594215
0.96942616
0.9806577
0.7358999
0.95752496
0.88195276
0.9154434
0.8874841
0.9057067
0.8394475
0.92147523
0.6726141
0.9269734
0.39917478
0.94987166
0.8275031
0.8656525
0.776026
0.9541136
0.89167494
0.69716436
0.7939846
0.89963365
0.8973426
0.8728023
0.6468648
0.92406416
0.9717563
0.6819614
0.7436809
0.56317544
0.96697736
0.90639126
0.8975592
0.8918
0.778349
0.8057588
0.9070584
0.86938477
0.75193584
0.8769875
0.84258586
0.91339326
0.84229416
0.92347133
0.9101496
0.8441044
0.9497386
0.9196152
0.85714805
0.7023889
0.33482552
0.8771603
0.8930362
0.94048464
0.785793
0.9132373
0.6556912
0.75995
0.8614844
0.9180922
0.9181522
0.5574911
0.843889
0.93422467
0.91296494
0.9387202
0.90123296
0.866761
0.7156607
0.4535385
0.8980717
0.75816077
0.9831808
0.81732917
0.71848595
0.9376541
0.91818583
0.9117273
0.97730875
0.77891153
0.77490574
0.85657215
0.93129593
0.95145875
0.8288313
0.9548306
0.87824595
0.68018895
0.8506974
0.90932375
0.81886894
0.9096572
0.48600468
0.70518744
0.5424042
0.95791423
0.8980392
0.84685856
0.6739114
0.73745304
0.89931595
0.91322327
0.7994042
0.9226233
0.9132279
0.9615721
0.7186943
0.8855034
0.5883764
0.96235484
0.7773661
0.68537104
0.5851262
0.8525647
0.87316626
0.88514495
0.68923795
0.93462497
0.45855036
0.897511
0.9237555
0.710412
0.6354313
0.9173506
0.49186817
0.9061664
0.89831454
0.742781
0.77819073
0.9091683
0.9637503
0.93742007
0.83477473
0.8190202
0.8814516
0.89969325
0.885318
0.65468556
0.90661883
0.82100046
0.8365481
0.8138878
0.85248715
0.92482376
0.83677775
0.91274554
0.8547655
0.792365
0.89221394
0.910695
0.93067837
0.9680634
0.8785443
0.88878834
0.9291233
0.9401202
0.88605034
0.85266906
0.812917
0.80601203
0.86326957
0.8860834
0.9559637
0.7869786
0.86539555
0.84691274
0.8451954
0.8236381
0.73144126
0.83551824
0.84038836
0.96454465
0.84708375
0.90357816
0.9508365
0.9185344
0.91804165
0.6832286
0.7883471
0.8556402
0.8526531
0.9455244
0.96708864
0.87509656
0.9069724
0.92041475
0.7849556
0.81849974
0.7587063
0.94098336
0.92900467
0.9078816
0.93332875
0.9597297
0.85018855
0.9405533
0.9682962
0.959136
0.85217345
0.700914
0.5233935
0.88709116
0.9296688
0.95852625
0.89775217
0.7705845
0.86190164
0.96213055
0.7897507
0.6381054
0.82813114
0.9270184
0.7277154
0.69880074
0.901098
0.86565673
0.9120023
0.920658
0.6570763
0.79115194
0.9107808
0.6396613
0.9496801
0.956521
0.8825244
0.8105747
0.8699435
0.92824626
0.79903615
0.8812669
0.76583767
0.7861357
0.6196672
0.91674477
0.88084805
0.936268
0.81972635
0.8368746
0.64221674
0.85414064
0.96635675
0.5742613
0.9043284
0.78457475
0.6904217
0.5989527
0.9484852
0.5323571
0.7005849
0.94148785
0.78775936
0.85046214
0.80666685
0.92996204
0.9491601
0.8947983
0.7549999
0.8741878
0.6334817
0.8305907
0.6790533
0.9171778
0.78827107
0.9498853
0.8095654
0.8420137
0.9480344
0.9492096
0.91588306
0.9523295
0.92235047
0.9353052
0.87136304
0.6375849
0.7377803
0.83799595
0.9359212
0.68279433
0.9260146
0.88478607
0.850605
0.90006053
0.8603208
0.904094
0.97755027
0.9058947
0.8310199
0.92767376
0.91202646
0.88960207
0.91931427
0.712144
0.8776397
0.8353914
0.8901979
0.9584302
0.8968261
0.88638407
0.7496014
0.8829373
0.88653284
0.9425065
0.96013707
0.7625423
0.71959406
0.8563334
0.66492075
0.7479478
0.7613967
0.6514727
0.7397158
0.763568
0.8293177
0.9090482
0.9266073
0.94085526
0.85596925
0.8579905
0.6762829
0.8988012
0.8340105
0.8982545
0.92715126
0.8581815
0.7923371
0.907724
0.78274214
0.8973863
0.6578782
0.7742088
0.8177872
0.9279438
0.69950795
0.84251505
0.8834684
0.93872666
0.91361475
0.7643794
0.9137795
0.87091947
0.8590523
0.8744309
0.86345416
0.7825277
0.9115519
0.7716155
0.8270257
0.8627534
0.82293487
0.95309997
0.8941022
0.9191662
0.8256026
0.7630416
0.73270434
0.9145127
0.9677806
0.90309423
0.77907515
0.95656085
0.9081584
0.9018658
0.95310277
0.77253824
0.96908915
0.89853024
0.89015996
0.8730245
0.86180127
0.9267946
0.61499494
0.7047534
0.8953427
0.9377767
0.6342475
0.9061988
0.46166953
0.95841116
0.42275518
0.94022816
0.9354487
0.89208925
0.7854803
0.47444916
0.7380092
0.9173961
0.89499295
0.95652056
0.9429154
0.8482132
0.633127
0.9161629
0.79674864
0.721175
0.8819593
0.80435663
0.9277116
0.8502467
0.69204205
0.5681617
0.8063912
0.62702787
0.8928195
0.9077122
0.83785135
0.9572308
0.7874775
0.920875
0.5175786
0.95248157
0.96943843
0.87978446
0.97074485
0.87826115
0.6946298
0.7914677
0.8715248
0.82887673
0.93396246
0.8646836
0.90079576
0.93303955
0.9436754
0.7985503
0.9777641
0.68166345
0.6830048
0.6930764
0.8142282
0.8594351
0.8468288
0.805676
0.8422069
0.53044313
0.83284956
0.8082381
0.9394925
0.8559795
0.9509151
0.9395588
0.83219624
0.96704817
0.5600502
0.76330173
0.80432266
0.8657203
0.91202956
0.6591886
0.9709734
0.6645951
0.87595636
0.77377987
0.76916474
0.60160494
0.89600194
0.92764884
0.88646674
0.8527107
0.43982404
0.8985255
0.60341597
0.8506846
0.9139668
0.9685511
0.8138075
0.89221394
0.8764206
0.9647513
0.9440848
0.9112475
0.8554778
0.82762635
0.89861107
0.7776265
0.78172624
0.7722729
0.9038228
0.66307294
0.85129255
0.81450534
0.9284311
0.89016587
0.9369926
0.83589894
0.95245016
0.75521576
0.7902529
0.9362676
0.52248037
0.80227876
0.922085
0.81581616
0.88719034
0.8139474
0.9364363
0.78563744
0.9595729
0.940292
0.8275763
0.88749677
0.9127894
0.77398586
0.79779065
0.7196155
0.92892617
0.7939884
0.9025279
0.7374668
0.77154106
0.9564569
0.87274396
0.9452251
0.8173637
0.5192452
0.95234996
0.8952538
0.9137315
0.66327846
0.81501675
0.8358671
0.82570744
0.89271593
0.6613343
0.8777686
0.96481013
0.71130085
0.8866143
0.7431792
0.9107454
0.7400156
0.9461477
0.87604797
0.78813666
0.8130782
0.84760976
0.79353136
0.8379191
0.8522285
0.92697555
0.7867127
0.951452
0.78240156
0.7816315
0.9015135
0.8821752
0.7097093
0.66586757
0.91033214
0.72817063
0.82675546
0.8860034
0.8805397
0.66931736
0.58425343
0.5636517
0.8232759
0.93560344
0.8706096
0.89658225
0.9227803
0.675176
0.91667426
0.9140875
0.6399379
0.9186238
0.67662996
0.9216904
0.96265996
0.9372841
0.85547435
0.93607837
0.8855493
0.95492375
0.8700656
0.7191622
0.7897862
0.9188441
0.763171
0.8798613
0.816493
0.89121234
0.85335267
0.97460157
0.87642324
0.7847024
0.8793356
0.8896614
0.75093055
0.88738436
0.95737267
0.6581436
0.9278811
0.9210775
0.86340463
0.8748342
0.8790349
0.9066377
0.70471287
0.9659195
0.91388285
0.62500846
0.8229346
0.8630655
0.83721685
0.7853997
0.77906865
0.8195008
0.8904086
0.841066
0.9060936
0.8752384
0.914436
0.7122568
0.9193561
0.79846823
0.90650094
0.7799031
0.8528538
0.86762476
0.87018406
0.9110602
0.8801262
0.91262347
0.8571938
0.67874664
0.827883
0.97040176
0.8245673
0.70727456
0.84716636
0.82966805
0.79679155
0.6177906
0.67336
0.8219488
0.9472775
0.7224698
0.9114106
0.48112983
0.89219433
0.8437646
0.8284491
0.9215168
0.8587707
0.88693607
0.9698674
0.8703283
0.8721132
0.8433817
0.8720367
0.71489644
0.9441494
0.9534768
0.9201642
0.89113444
0.890371
0.8675643
0.9015122
0.7219632
0.7634101
0.7864667
0.88448167
0.954234
0.7460505
0.8824343
0.747377
0.9122448
0.7574822
0.9334055
0.8216089
0.9242214
0.91723835
0.93049014
0.69410884
0.7882367
0.8554598
0.93120074
0.8444953
0.96786475
0.8462827
0.97494125
0.7202261
0.93854487
0.8783496
0.7000345
0.93985045
0.7783917
0.9177038
0.7209232
0.8541731
0.84935546
0.90614665
0.9122157
0.68763715
0.48277256
0.5907726
0.5406565
0.907306
0.53588957
0.947343
0.7000221
0.88174707
0.7619922
0.7785708
0.8976717
0.5106102
0.7861928
0.5695342
0.9565118
0.9394672
0.7711711
0.70889646
0.87463564
0.8928017
0.9574911
0.5335342
0.9020562
0.75093555
0.8258059
0.6947859
0.8918248
0.86482215
0.7037829
0.82855713
0.88150895
0.7676604
0.8667665
0.9463477
0.92440945
0.9365156
0.9118898
0.85886765
0.8630481
0.83755124
0.80259407
0.85623246
0.90103585
0.59630024
0.4831259
0.71738046
0.76895815
0.86006856
0.7669195
0.30690956
0.91108274
0.8528106
0.952693
0.94591403
0.86828953
0.859392
0.5705649
0.88560015
0.8509947
0.85639405
0.94099206
0.9046213
0.7382808
0.8589226
0.94150597
0.7948748
0.9496188
0.62479126
0.7984563
0.9057379
0.75181013
0.85944355
0.78850317
0.8855094
0.9604584
0.78699577
0.7518189
0.8760802
0.6904353
0.8670733
0.94577444
0.7632019
0.88858485
0.74020356
0.866117
0.821373
0.5854924
0.91401035
0.84975743
0.82826215
0.7426077
0.89888823
0.85702866
0.73909134
0.72028154
0.8145776
0.8769565
0.7897455
0.9223014
0.8335247
0.90667856
0.89487964
0.79374665
0.95607895
0.7280588
0.8483272
0.9815679
0.9421865
0.9227101
0.88195044
0.8141611
0.92304915
0.90452766
0.9036734
0.9210966
0.9241981
0.82360864
0.85901535
0.864503
0.9318682
0.75816226
0.88365877
0.8911582
0.9071946
0.9370217
0.7540633
0.886357
0.9230163
0.95096797
0.87036306
0.92321396
0.86736774
0.70625657
0.93752784
0.9167732
0.9197729
0.79471207
0.8445412
0.9598805
0.8844681
0.92677116
0.6554723
0.91587114
0.86854434
0.93232435
0.9412894
0.47706503
0.6973135
0.9419302
0.9133311
0.9056927
0.8838257
0.8388657
0.8148325
0.88943696
0.88212115
0.81143975
0.84157
0.86876416
0.8581898
0.9291198
0.9100853
0.9014363
0.8801236
0.4343627
0.88495433
0.77303416
0.8952944
0.71297485
0.53050727
0.9171908
0.7560575
0.8324778
0.91224504
0.85945517
0.97553515
0.85685223
0.77520895
0.5824767
0.8873149
0.8635279
0.8859034
0.80486244
0.8274955
0.7256136
0.9302721
0.67300534
0.6507091
0.7072865
0.85349244
0.6302562
0.4494996
0.816968
0.9614598
0.8864497
0.8053094
0.669178
0.9731878
0.8435825
0.770091
0.84141505
0.90574324
0.95393133
0.78890944
0.84004915
0.8802608
0.7475182
0.73318374
0.94198906
0.91821206
0.9598403
0.911315
0.7406192
0.88151336
0.9264381
0.9408421
0.7629125
0.7941666
0.9503526
0.7937672
0.90836596
0.61624163
0.9036847
0.8096349
0.9790904
0.9225527
0.94935685
0.8663074
0.8504661
0.83074677
0.9564445
0.82776767
0.77987444
0.9070331
0.6707612
0.88941216
0.86083454
0.79370046
0.76228017
0.89029324
0.88923347
0.7488754
0.8643999
0.53259486
0.9501255
0.7633848
0.96032965
0.95648235
0.8838927
0.9095362
0.8115026
0.94153655
0.8863455
0.83172554
0.7216026
0.88257766
0.9606114
0.83564925
0.8401346
0.95429134
0.93839544
0.8568059
0.9199905
0.9062461
0.87802553
0.75467485
0.9404895
0.8519211
0.5700523
0.9734999
0.91849846
0.8177482
0.9473472
0.9257411
0.7514916
0.9427395
0.82125044
0.46914068
0.939165
0.9515363
0.90443605
0.7205858
0.9259808
0.92610705
0.8798473
0.88536096
0.767179
0.90398633
0.85753846
0.9014786
0.96584105
0.90171134
0.92138827
0.7990634
0.65958905
0.74424136
0.8307808
0.7710305
0.933232
0.85962605
0.9602599
0.92958534
0.876814
0.8498576
0.9404293
0.8930941
0.9423425
0.92642653
0.8496635
0.9256179
0.84049654
0.9183237
0.57254475
0.8223527
0.91680074
0.835463
0.9031086
0.9018593
0.8971502
0.8708149
0.9107694
0.9032984
0.82543474
0.952191
0.96535397
0.8622847
0.845104
0.91547304
0.82128567
0.87436604
0.9255966
0.8564085
0.88600045
0.9368995
0.6273892
0.7317384
0.8207286
0.8530986
0.82955736
0.8119101
0.93228215
0.92712474
0.9272542
0.91344947
0.53328264
0.9445775
0.8928064
0.943202
0.9616081
0.88984066
0.6763709
0.7965273
0.7284285
0.9394708
0.86584437
0.8742213
0.9760152
0.81619644
0.9209062
0.939135
0.9133204
0.7999762
0.7038528
0.87946784
0.8245078
0.9107716
0.85115504
0.54618424
0.9180049
0.89968765
0.6997612
0.9535487
0.8684898
0.8608782
0.9543247
0.6476827
0.7419148
0.75055057
0.86456436
0.9544871
0.4898124
0.60805744
0.9291848
0.9521514
0.9681768
0.8958107
0.9664626
0.8761586
0.9573039
0.89149684
0.68684936
0.7355278
0.70172775
0.7568602
0.77495265
0.80002487
0.8988803
0.8843416
0.89585656
0.9624863
0.9346986
0.88067955
0.8994316
0.8992176
0.63480675
0.7131747
0.90508384
0.9305909
0.9550797
0.64249
0.4557259
0.8733044
0.6866147
0.9489347
0.8376636
0.6270041
0.751011
0.94688326
0.92359257
0.8629775
0.91857576
0.9510912
0.92289716
0.93662775
0.9228606
0.9208389
0.80848473
0.9343544
0.96482646
0.8747263
0.93282557
0.94378686
0.89582425
0.9003996
0.8656012
0.61946887
0.92341334
0.841276
0.8448643
0.86150783
0.92636704
0.8152299
0.90024483
0.8332254
0.93230236
0.9223011
0.74083614
0.81596726
0.9558834
0.9418606
0.8382613
0.8598293
0.8733971
0.60553485
0.92437845
0.8172362
0.9738332
0.91344917
0.8898233
0.8259627
0.60077363
0.8083671
0.84689486
0.88861716
0.87199444
0.73691
0.9399587
0.86782837
0.7599128
0.619072
0.8671513
0.86705154
0.88894904
0.85067165
0.94459814
0.94358695
0.90176535
0.91523385
0.96882427
0.916697
0.79789954
0.77200806
0.8778796
0.9228267
0.60291517
0.86016214
0.79738545
0.8711517
0.81653124
0.933777
0.8113171
0.81384546
0.7908472
0.9119953
0.96520734
0.9552909
0.92156106
0.94355226
0.95677626
0.94571805
0.8260876
0.88053495
0.931602
0.85286975
0.91655916
0.9250974
0.84402645
0.6002303
0.91003114
0.7182674
0.79066247
0.55505085
0.9314493
0.86670184
0.93936217
0.96300834
0.7582862
0.86101377
0.9593098
0.8736482
0.92012155
0.90641904
0.9477386
0.72782415
0.9189253
0.8130729
0.81342566
0.8863755
0.7425772
0.9499538
0.86345947
0.8953599
0.82637227
0.907744
0.91790396
0.893676
0.9411737
0.9189857
0.8716308
0.8595333
0.88761413
0.86822236
0.7641316
0.85985386
0.7202288
0.90911955
0.91245645
0.7489751
0.87128514
0.92467827
0.9566555
0.7442698
0.92888
0.86240745
0.8474472
0.91427654
0.9410763
0.88367236
0.9784978
0.85999423
0.9201818
0.76178783
0.8636713
0.87659305
0.9187888
0.61388165
0.8981806
0.863096
0.94356495
0.68955934
0.8668887
0.8577721
0.92836493
0.98374575
0.8589531
0.945493
0.9739452
0.9474446
0.6878965
0.95217884
0.8207992
0.82588124
0.90073645
0.9443638
0.9089507
0.8757834
0.9004445
0.9690367
0.9372188
0.873621
0.9098141
0.92113554
0.8306031
0.7932279
0.81323373
0.97117585
0.85397667
0.9221194
0.78012013
0.9140647
0.7821642
0.9667823
0.96038824
0.75005937
0.895559
0.88370484
0.9635521
0.76772094
0.75965554
0.65962017
0.7702908
0.9248778
0.74391514
0.7651139
0.9363646
0.86138797
0.8765371
0.94802475
0.85079026
0.81427956
0.92282045
0.80575764
0.9411444
0.90905344
0.7983294
0.72780603
0.9007259
0.9085267
0.90023303
0.70689416
0.802746
0.86526877
0.8927407
0.89585435
0.8442349
0.8287815
0.9037699
0.93856484
0.8970404
0.95083714
0.9347234
0.9698865
0.8702142
0.91127706
0.83020425
0.766656
0.98020947
0.88863313
0.9458704
0.91268307
0.95034176
0.6900167
0.83801615
0.800852
0.82219446
0.8318566
0.9679537
0.7947929
0.89209926
0.7974106
0.85283804
0.8008138
0.91302913
0.8563607
0.5477953
0.8392626
0.8628701
0.86449814
0.68501985
0.81725883
0.93625164
0.80375284
0.8545613
0.8420633
0.72222006
0.85716575
0.9066275
0.8255115
0.8821132
0.8019053
0.6300831
0.70780396
0.95603555
0.8282812
0.88047224
0.7607856
0.9170345
0.8699512
0.91013485
0.8170792
0.7497853
0.9458568
0.8203
0.93489736
0.9254873
0.8939492
0.89269173
0.95015293
0.7737475
0.7160517
0.88475484
0.7236353
0.89904153
0.7842844
0.8743334
0.7759944
0.96841305
0.89327025
0.78296363
0.85122895
0.8491985
0.7937224
0.65223855
0.68197864
0.9140146
0.9365844
0.95980483
0.7610997
0.8812198
0.90833664
0.7398676
0.7114906
0.6571865
0.94083035
0.71013033
0.9424958
0.9431517
0.8565682
0.85800993
0.8388512
0.8541293
0.80787605
0.9712733
0.80390847
0.87242436
0.9595331
0.804301
0.77186394
0.7491436
0.81286776
0.9020666
0.94917357
0.7404178
0.8145114
0.6953572
0.97172296
0.7644005
0.7209263
0.56977504
0.932783
0.96384215
0.9614412
0.75916827
0.8946053
0.8287878
0.84456396
0.7465429
0.8043244
0.871312
0.9370674
0.85770386
0.71810436
0.9790275
0.897635
0.6366005
0.89960444
0.7868247
0.88115954
0.9607694
0.8839382
0.97026193
0.9213744
0.69463193
0.92266357
0.81290996
0.12492515
0.8702853
0.94351935
0.62732697
0.9568033
0.88823634
0.822421
0.9612004
0.86548775
0.76060545
0.86495906
0.9341537
0.8327317
0.8136026
0.7975534
0.9199091
0.8895888
0.8728105
0.93693846
0.9263613
0.941887
0.9277245
0.53704953
0.96065736
0.9112123
0.80080014
0.82848406
0.9573998
0.8156992
0.8814714
0.93992203
0.7671062
0.9456798
0.92136323
0.88517433
0.968052
0.83824724
0.8807784
0.94701725
0.88965994
0.88098955
0.86099625
0.7221587
0.8886273
0.881393
0.8432786
0.83181906
0.75769746
0.92321205
0.8895169
0.792647
0.7127403
0.82132417
0.93169016
0.91662014
0.90736985
0.8866024
0.76630014
0.95108736
0.79917437
0.7854754
0.68747973
0.84291023
0.97119933
0.8638418
0.9584389
0.77664167
0.92393947
0.92704934
0.95011103
0.95955664
0.8881383
0.93171847
0.9341681
0.8437077
0.6737716
0.92120516
0.9493861
0.8982607
0.7645863
0.84619313
0.85142815
0.6879265
0.9799652
0.7673931
0.95410395
0.96938074
0.9156841
0.80759263
0.9346167
0.952595
0.9520828
0.8771756
0.7765939
0.7725906
0.65959597
0.9440178
0.93492484
0.9345451
0.79670477
0.86822385
0.7519671
0.91904074
0.7253876
0.7985226
0.80027705
0.95870465
0.79664576
0.85384536
0.853961
0.77580154
0.84856355
0.73812044
0.67704844
0.6281475
0.74171674
0.7924865
0.60746753
0.891243
0.9105899
0.8772731
0.72930956
0.75772804
0.5689742
0.6330365
0.9563768
0.88010186
0.88214487
0.9271878
0.89146703
0.7370174
0.8603038
0.8365706
0.6721828
0.82059443
0.65188766
0.7352223
0.7828439
0.86265635
0.7929024
0.93695104
0.8544945
0.67634565
0.91096497
0.95127404
0.8934212
0.8133535
0.9179385
0.8557036
0.9103393
0.87598896
0.9028618
0.8597586
0.92668056
0.81818974
0.8512125
0.880079
0.6328811
0.93221664
0.8086952
0.73785776
0.83418286
0.92962295
0.82554674
0.8337729
0.8237365
0.95779526
0.9395013
0.940757
0.73762965
0.84448826
0.77292955
0.8764162
0.88832057
0.87296593
0.69468534
0.6954212
0.9040548
0.87613434
0.852928
0.86747783
0.861582
0.9084881
0.7902961
0.9320377
0.9148982
0.86428833
0.74834836
0.56297076
0.2719785
0.77665293
0.87838775
0.81194025
0.8295002
0.897371
0.98122025
0.9217635
0.97074485
0.96788156
0.94104713
0.63972026
0.5540253
0.9547997
0.90152085
0.9044833
0.9228218
0.9694124
0.95522755
0.90285146
0.789312
0.8810375
0.7048568
0.89065355
0.77057755
0.9723557
0.77591926
0.9236051
0.9187016
0.9604901
0.9131688
0.8392416
0.9350561
0.8238844
0.9205371
0.94615954
0.6875559
0.72910714
0.5626274
0.8738607
0.5818763
0.8778944
0.8866388
0.8338392
0.8018955
0.85499275
0.8831428
0.78099126
0.89856464
0.8873029
0.951205
0.8725494
0.9093453
0.9303477
0.61393243
0.9312694
0.8881725
0.44879693
0.7695712
0.8577855
0.9264326
0.7558956
0.88645303
0.9360879
0.52728164
0.5749857
0.9459872
0.8809235
0.7298068
0.81996214
0.8141697
0.89790267
0.88472605
0.9133712
0.8855117
0.96489495
0.88436836
0.7726638
0.9339706
0.8327437
0.72354984
0.67593306
0.72216624
0.94848806
0.90123045
0.8270996
0.71531916
0.76608175
0.94518304
0.8454018
0.8167131
0.8914136
0.82597196
0.7776306
0.8658979
0.89926714
0.9523344
0.90759444
0.8170568
0.88196546
0.91438746
0.94093865
0.62057173
0.8921946
0.8791816
0.86556846
0.7254939
0.80737096
0.86969626
0.8011601
0.74919236
0.80141187
0.76646507
0.79817194
0.9137944
0.7932404
0.7216929
0.8754106
0.8072554
0.89890313
0.8500203
0.8095984
0.9545114
0.764521
0.8783852
0.92548656
0.9368849
0.6090789
0.74035
0.841033
0.8692181
0.6302241
0.748021
0.6649868
0.80831134
0.7579944
0.97314143
0.8166576
0.7371257
0.8224082
0.9163799
0.96857786
0.971395
0.51064795
0.8644587
0.9246866
0.88658816
0.9246113
0.8415223
0.80700475
0.6404746
0.8652427
0.9030886
0.9444076
0.8089209
0.84012115
0.93478024
0.8962734
0.6545033
0.95482403
0.850324
0.6716985
0.94922334
0.5726527
0.89031315
0.823285
0.800125
0.796462
0.8396516
0.84823406
0.9228102
0.93660873
0.8130743
0.9052995
0.95459884
0.9152506
0.86912805
0.89931643
0.8681104
0.9146564
0.72209406
0.9382081
0.9171746
0.9176941
0.6541775
0.89086735
0.41730055
0.7889782
0.85437644
0.8916637
0.9061275
0.9181924
0.6866047
0.92877597
0.85949636
0.92924726
0.78687453
0.8927543
0.800576
0.92990136
0.96668303
0.80750346
0.8483933
0.7349788
0.9439854
0.65680015
0.8898141
0.79048145
0.9580996
0.83895975
0.8460494
0.926274
0.91129726
0.6027571
0.9513694
0.9196056
0.90154135
0.8854129
0.8261684
0.81709564
0.78456706
0.97073644
0.90576047
0.9108725
0.8984895
0.9103109
0.63342
0.76541823
0.9287685
0.97298557
0.90418446
0.84282637
0.76000345
0.80749834
0.850412
0.8078655
0.88725805
0.8642916
0.9692817
0.8417482
0.95861185
0.83141434
0.7937506
0.93079305
0.8844007
0.9182184
0.86252904
0.9398905
0.8702145
0.8538159
0.8895678
0.9007617
0.9108722
0.88100064
0.82875204
0.8936161
0.90468246
0.7911792
0.86304027
0.85324335
0.81426775
0.86617273
0.9307781
0.95174444
0.9224754
0.90778613
0.7373807
0.7268136
0.79936063
0.9352775
0.79980874
0.84923464
0.920738
0.9583821
0.8500042
0.9356737
0.7994132
0.79639244
0.9811125
0.87944865
0.94319195
0.8461515
0.8140782
0.9110315
0.8072511
0.7300145
0.87800276
0.9047437
0.9772557
0.6684461
0.89209497
0.9189131
0.9222441
0.88103306
0.85475904
0.6877103
0.87073845
0.86574423
0.8746993
0.7837247
0.62416095
0.92876357
0.91237104
0.943248
0.9640022
0.95080286
0.94062316
0.8112959
0.81584793
0.9543311
0.8977035
0.8816936
0.9026674
0.80947685
0.82988983
0.9188096
0.83007216
0.80597496
0.9161196
0.83686894
0.9521192
0.6716638
0.79505146
0.86986065
0.963297
0.75961703
0.81829345
0.90311337
0.67297584
0.8340324
0.76896304
0.8786708
0.71489227
0.84404814
0.9218143
0.70120364
0.7524675
0.7762855
0.9508073
0.5801449
0.9826724
0.6811516
0.7786168
0.73949385
0.9220179
0.788213
0.7483357
0.71451133
0.875865
0.77850103
0.8180125
0.81556135
0.9316686
0.78228444
0.87923694
0.81151825
0.8091348
0.893917
0.89530975
0.863694
0.900269
0.7485451
0.8519734
0.7408786
0.8743452
0.94096047
0.7893847
0.6115113
0.9147802
0.88003695
0.7899032
0.74224734
0.90811324
0.9466628
0.8206065
0.80723405
0.78623813
0.8561605
0.8645018
0.8904022
0.9210329
0.8940457
0.9373838
0.8946309
0.7649681
0.90581673
0.89976627
0.7023048
0.78089386
0.79252064
0.82074416
0.84743434
0.7308763
0.95070666
0.83139527
0.91662776
0.85880655
0.95060176
0.8412359
0.8895587
0.8076454
0.7277802
0.5331543
0.77809674
0.8665082
0.8335372
0.85424924
0.74269605
0.73857486
0.87210184
0.86294353
0.96055347
0.75580376
0.8942724
0.7560369
0.94334984
0.874269
0.76572007
0.7540968
0.92796457
0.79395056
0.8093201
0.7908554
0.86558443
0.94980204
0.94079155
0.50751644
0.8919083
0.8338405
0.9439918
0.9262501
0.7217553
0.84069705
0.92804766
0.96077687
0.9039278
0.853294
0.89069444
0.8551344
0.4871026
0.9072249
0.8550798
0.96437943
0.83353925
0.7974961
0.78416294
0.6537382
0.92129517
0.90265095
0.90787625
0.83625484
0.8790494
0.9368738
0.8428281
0.97494364
0.8731858
0.97833484
0.8024354
0.802335
0.8800563
0.45408416
0.8410242
0.9182308
0.8548418
0.93371373
0.79815155
0.837026
0.8239316
0.9273589
0.9475145
0.9215251
0.82608545
0.8961203
0.7784493
0.70473427
0.9288138
0.71133953
0.7839362
0.8838191
0.67689574
0.85782313
0.62163293
0.8187337
0.63900936
0.8242266
0.63402605
0.903337
0.9438207
0.784003
0.88332725
0.8252485
0.8936548
0.808925
0.9527089
0.9597697
0.91814876
0.85844797
0.79789495
0.70715606
0.88638085
0.8806938
0.82277626
0.9539626
0.86457783
0.9477037
0.92404866
0.9231682
0.8700405
0.78440064
0.8222122
0.7028311
0.9385331
0.8845957
0.83044994
0.9359948
0.8773262
0.8879545
0.91487825
0.80623823
0.76954585
0.81195676
0.87151456
0.86618376
0.9463112
0.7663717
0.73878056
0.7527471
0.9185568
0.57903236
0.879473
0.8150269
0.931138
0.8087856
0.8367989
0.6775199
0.7326816
0.7201334
0.66373116
0.8996701
0.90406114
0.762923
0.80178356
0.8446306
0.88935286
0.95146054
0.8906928
0.9578296
0.9201481
0.9086757
0.9066155
0.95595765
0.88235986
0.65828663
0.5969696
0.85611975
0.81431854
0.8138852
0.86465865
0.8898608
0.82049215
0.96203655
0.89752364
0.92740357
0.8794357
0.6863999
0.8085764
0.9405263
0.63469774
0.8126358
0.93611926
0.85422707
0.9088813
0.82274735
0.66443133
0.8105366
0.9127393
0.8446535
0.95613635
0.96368754
0.13243034
0.7163571
0.7366809
0.9431561
0.9375531
0.76971114
0.9099317
0.8816291
0.87521434
0.8815719
0.9002259
0.86842513
0.8964125
0.92961365
0.90844566
0.83160263
0.59630895
0.7880406
0.8528625
0.764947
0.8674088
0.8807168
0.68236685
0.9417939
0.8904143
0.5166274
0.606224
0.8179385
0.95409137
0.93021494
0.8825458
0.8915188
0.8970581
0.93090105
0.83033204
0.81284004
0.52765113
0.9376296
0.9150886
0.8274089
0.9262321
0.85036886
0.8267082
0.9614147
0.9100674
0.88836354
0.92166764
0.913278
0.8379557
0.9777823
0.7975596
0.9449924
0.7829132
0.8633603
0.9774537
0.79012156
0.96367776
0.68284935
0.9193658
0.884066
0.6453086
0.8535734
0.6533127
0.81594396
0.89876735
0.7528964
0.6660212
0.72710484
0.88299894
0.8123396
0.8583583
0.60197055
0.89872164
0.8881298
0.94064
0.75599533
0.9015158
0.67650294
0.73145026
0.93394804
0.90579283
0.8825687
0.8868809
0.8381113
0.5875106
0.85998154
0.77785105
0.6488043
0.9238485
0.78290606
0.92801493
0.910383
0.94684017
0.77803814
0.74905866
0.8391824
0.89876014
0.6802556
0.89627826
0.7498719
0.7890791
0.9083603
0.6354441
0.81415886
0.84187984
0.97417545
0.9324125
0.95082474
0.7329544
0.8241782
0.7538553
0.8955552
0.95309925
0.9141617
0.8419937
0.9439112
0.73367906
0.8053098
0.87393457
0.8149021
0.97691023
0.81289744
0.8329754
0.8745605
0.94045824
0.9150068
0.87114185
0.84842205
0.92147624
0.9309318
0.74842155
0.8529046
0.598742
0.9127114
0.881698
0.7598573
0.7049454
0.8439993
0.86205804
0.8621374
0.93908703
0.97534674
0.9037249
0.9088676
0.9373806
0.7875932
0.9704972
0.73100024
0.89622056
0.88001496
0.89539117
0.81395733
0.9268106
0.92847407
0.64019907
0.90838
0.84416384
0.9391942
0.8400974
0.5633744
0.9007653
0.83365786
0.92776436
0.79720175
0.6983043
0.6273081
0.9445971
0.9660528
0.8475425
0.8451185
0.87583935
0.93268645
0.79182744
0.88098633
0.8018758
0.8349962
0.91763604
0.68372726
0.7485537
0.9169104
0.84558994
0.89912647
0.879294
0.96384746
0.93042004
0.7017067
0.95645905
0.80949163
0.94158006
0.9059099
0.8999753
0.7567121
0.82923996
0.55298156
0.934282
0.5199776
0.941051
0.8113425
0.89036155
0.97406256
0.8523347
0.88747704
0.87289333
0.7963791
0.8578893
0.83173573
0.7257292
0.9655394
0.9544399
0.8394038
0.7689126
0.93381864
0.6913532
0.9445145
0.82294244
0.92619187
0.8859466
0.8927434
0.9441382
0.8102065
0.9397966
0.7430051
0.9096483
0.77206373
0.8676521
0.8782309
0.8054073
0.8362453
0.937849
0.820396
0.81854963
0.861528
0.8747406
0.8821154
0.8592735
0.7324364
0.8707938
0.9109474
0.70897937
0.7486595
0.918193
0.68053055
0.8900015
0.9181709
0.9270673
0.9411596
0.8352675
0.9525291
0.9389464
0.8610565
0.9162671
0.9181816
0.8871728
0.8745848
0.9064156
0.92705977
0.83122504
0.7163277
0.94360465
0.70460176
0.7489502
0.75238323
0.67458904
0.85646254
0.90744877
0.9426687
0.87911546
0.9456384
0.9722047
0.88269854
0.9268031
0.85698664
0.8032824
0.8717134
0.82276595
0.87903047
0.8676262
0.8801697
0.91905284
0.8066411
0.6550226
0.8076261
0.9305625
0.90445864
0.9127489
0.807627
0.9132148
0.6735056
0.7586878
0.66404986
0.94099873
0.85542864
0.82587725
0.8752073
0.88622844
0.85681844
0.5644153
0.8292893
0.83993495
0.8598427
0.73999155
0.6670293
0.8879918
0.8094998
0.95249915
0.6503704
0.71715677
0.875528
0.89861524
0.8059189
0.912172
0.94196945
0.8695753
0.89173615
0.71238035
0.7578438
0.8502488
0.9337326
0.6584457
0.79831886
0.88058335
0.9490088
0.84536314
0.86476755
0.6739811
0.9717931
0.8020432
0.8595767
0.9235252
0.8605717
0.8621755
0.89884865
0.8980323
0.8830845
0.7542114
0.8919673
0.81781083
0.9339447
0.8798022
0.6552324
0.7694814
0.93989134
0.8090976
0.8979013
0.9254151
0.84149706
0.95708966
0.9459063
0.8930416
0.97320557
0.75931865
0.9710295
0.91712177
0.84857166
0.6319559
0.8621019
0.83355665
0.95487446
0.90230775
0.87359685
0.70358104
0.8607161
0.84601265
0.82954043
0.91366017
0.6290802
0.78289807
0.8636671
0.93540037
0.89534605
0.83570784
0.8312859
0.9126719
0.7621268
0.92636895
0.95085084
0.8457049
0.7817641
0.7963114
0.84421074
0.7933761
0.7223422
0.8193991
0.82876277
0.8964702
0.87516606
0.73071337
0.9076362
0.94064474
0.8786894
0.838797
0.5885433
0.8039661
0.9358493
0.74548554
0.8750533
0.8915529
0.88730824
0.7068455
0.9750885
0.89048004
0.8609706
0.9053634
0.36137623
0.8550538
0.7533339
0.8519448
0.9333707
0.8537922
0.88745815
0.95872235
0.8133715
0.67436177
0.84317315
0.81990933
0.8173307
0.8720777
0.92261386
0.7283304
0.947168
0.6115579
0.8695724
0.7770526
0.95394796
0.8742353
0.87309045
0.8835202
0.8620485
0.75401735
0.81819725
0.67758
0.6344613
0.94444835
0.9635457
0.9233538
0.96723795
0.7971762
0.90365815
0.60879546
0.93765354
0.7560338
0.9656206
0.9131219
0.63401973
0.6963953
0.8922701
0.941952
0.8672299
0.5093813
0.9215435
0.7258401
0.9685557
0.89911807
0.7372222
0.6266609
0.9455352
0.6959122
0.8175259
0.6752778
0.7364919
0.84947675
0.80566144
0.7943746
0.79653615
0.8146396
0.8014414
0.9145707
0.80518585
0.9048231
0.89044106
0.660001
0.92488587
0.84475076
0.8094231
0.7545751
0.8473424
0.94203645
0.9533
0.9188315
0.8859796
0.6322569
0.75849533
0.6661986
0.7377453
0.87443423
0.90705955
0.9395034
0.8748272
0.7783189
0.85933316
0.59687454
0.81818366
0.70669115
0.8519417
0.7943825
0.9531789
0.7781195
0.7813296
0.6507331
0.9433521
0.88096213
0.90042853
0.85524565
0.53375393
0.69916695
0.92611086
0.90449315
0.88255876
0.8347171
0.9329822
0.78413975
0.91061515
0.94270027
0.8717131
0.8271971
0.98371935
0.86694413
0.92399085
0.7512872
0.9065764
0.8717172
0.774647
0.96121836
0.7802603
0.83396155
0.9182408
0.92937654
0.9251894
0.8400769
0.88002336
0.9366881
0.93513095
0.9167824
0.88306594
0.9810218
0.9279745
0.9317699
0.76456785
0.788225
0.77806413
0.8628878
0.8635541
0.91811484
0.9381224
0.936766
0.9389428
0.9495103
0.89383847
0.7476618
0.9058798
0.82896906
0.6989657
0.9287046
0.9189577
0.57022285
0.95668495
0.56985253
0.9269288
0.732003
0.87173724
0.90808076
0.9298458
0.61898166
0.92465484
0.87252516
0.95178586
0.9347838
0.72775096
0.93283606
0.48815605
0.8341608
0.7105013
0.8618905
0.9376148
0.9363785
0.7787448
0.956299
0.8561315
0.8700827
0.9687984
0.9323238
0.8536688
0.73073524
0.889373
0.8487539
0.83869827
0.64976466
0.5552478
0.6335854
0.8768472
0.86187226
0.77974474
0.89393866
0.7002331
0.82074374
0.84417903
0.92032295
0.9361098
0.93520683
0.9207355
0.92082083
0.95447844
0.90597266
0.8574312
0.78415936
0.8893926
0.8155862
0.8435502
0.81828356
0.66066206
0.79051334
0.91354555
0.91774166
0.83959556
0.97616786
0.8845725
0.8021992
0.6606576
0.903893
0.90785587
0.8883971
0.8728342
0.7458114
0.7518861
0.9278966
0.7977961
0.87040454
0.9094179
0.88493884
0.94613194
0.7500123
0.8211052
0.7395917
0.3634581
0.9133522
0.90012443
0.78919524
0.8351283
0.8654988
0.89567417
0.93297213
0.8675336
0.8799528
0.6761729
0.5701799
0.8918685
0.8194779
0.96067095
0.902621
0.80498713
0.7936083
0.7501904
0.4059889
0.82966816
0.8946562
0.9419932
0.743897
0.88949895
0.93468535
0.74206036
0.93916047
0.8882171
0.8188979
0.6879374
0.8580197
0.7449467
0.843691
0.92065305
0.6429967
0.5831361
0.7883907
0.7888962
0.91428566
0.69623494
0.74235433
0.6805247
0.7800965
0.78372526
0.7535629
0.8470213
0.8870177
0.795657
0.89495134
0.8469665
0.9096316
0.95909846
0.9733722
0.85267484
0.8578283
0.6479238
0.6030092
0.8877325
0.86674666
0.9208801
0.9135826
0.6331678
0.94250995
0.5247254
0.94679147
0.92029786
0.9202006
0.9387356
0.8510858
0.66123986
0.8349359
0.8190726
0.745827
0.8899429
0.8704318
0.83288306
0.58210397
0.8815295
0.6726581
0.9622061
0.9022691
0.6960161
0.8838071
0.91765857
0.9500507
0.84583336
0.93535465
0.91485393
0.95239437
0.84246564
0.9019006
0.5285829
0.87480575
0.68774295
0.6725489
0.95339274
0.8354428
0.8673073
0.8983735
0.9174747
0.9254563
0.89016867
0.8925876
0.9730063
0.83495104
0.9451487
0.8673148
0.815007
0.92735463
0.9563068
0.8199
0.8354127
0.8978966
0.96459997
0.9622574
0.9157529
0.8764767
0.88258743
0.7261116
0.88017744
0.7803091
0.8987059
0.93538094
0.71947867
0.7877764
0.9317262
0.7886957
0.88616693
0.95064974
0.9341954
0.96074474
0.78586805
0.7582121
0.9657683
0.9263767
0.8369976
0.8199175
0.51648283
0.90907514
0.7850369
0.85457766
0.8463864
0.947698
0.8760149
0.88804615
0.75063753
0.76704913
0.7557158
0.8075535
0.9335438
0.89676523
0.96107185
0.64737135
0.92567384
0.87229955
0.88509345
0.7784213
0.8130994
0.91720325
0.30092412
0.7751783
0.89605665
0.90157956
0.7121011
0.6667344
0.9368964
0.8949164
0.78391975
0.960714
0.93092704
0.64156246
0.8201562
0.86943406
0.9567295
0.9193826
0.9224365
0.86601764
0.90127796
0.7207621
0.91788775
0.95049596
0.89285606
0.71520764
0.88681984
0.8597988
0.9091089
0.9323511
0.7879321
0.8817908
0.9514221
0.8777659
0.9391365
0.84680426
0.8691682
0.86086965
0.8758376
0.7378771
0.8129579
0.9059692
0.96873575
0.76642686
0.7218838
0.68544394
0.8875453
0.96645856
0.78005034
0.78950655
0.8118772
0.9191518
0.95865583
0.86932904
0.8923473
0.86703247
0.86231315
0.66252357
0.8470946
0.8533996
0.94778323
0.9460105
0.8997223
0.9564552
0.9701406
0.74323004
0.75377566
0.58810526
0.71519065
0.7746002
0.8662815
0.87735116
0.87196493
0.9614658
0.8713135
0.84884495
0.79987836
0.89112943
0.7974093
0.89568526
0.57871664
0.8373056
0.921042
0.7095546
0.97102326
0.93282723
0.7222924
0.7945303
0.8937503
0.81810385
0.7704759
0.9021411
0.9407075
0.9647938
0.8971021
0.8778631
0.79576665
0.7993675
0.7649551
0.79930574
0.9018105
0.92182523
0.7599474
0.6934839
0.911847
0.76641536
0.9469576
0.71530336
0.79747176
0.6909225
0.69692534
0.72844166
0.6975045
0.7192795
0.8582681
0.8288655
0.9648338
0.8816872
0.6487947
0.80394435
0.9279746
0.8780269
0.9280938
0.88844013
0.79043835
0.8098153
0.5225819
0.8387058
0.81917375
0.70242155
0.9164759
0.7675593
0.6736033
0.8883295
0.9261573
0.8842165
0.91418993
0.83240604
0.970428
0.9297687
0.92656153
0.7873925
0.93803704
0.8070455
0.7738311
0.9337408
0.7925251
0.91796625
0.8809104
0.7863756
0.8028167
0.7319749
0.47246757
0.8642345
0.93168724
0.94784343
0.9220216
0.7325206
0.9670063
0.8502017
0.89398724
0.497769
0.7619139
0.7487187
0.86443144
0.69624317
0.65692604
0.6312482
0.90050083
0.7694669
0.8429687
0.8381619
0.8509937
0.94676816
0.9464897
0.7567578
0.8472403
0.87455106
0.9169263
0.7291783
0.9284845
0.8672743
0.9458762
0.9294506
0.79909873
0.93520516
0.8851393
0.945282
0.8796751
0.74640626
0.6575543
0.7052203
0.862204
0.87805575
0.83650035
0.8692935
0.96766335
0.93182063
0.94559276
0.94507116
0.7705564
0.68145007
0.44726515
0.7945231
0.9568415
0.89529073
0.9307919
0.88808167
0.926224
0.8144273
0.8977574
0.8470722
0.5282195
0.75769037
0.82018983
0.7471843
0.94338894
0.7237935
0.8077252
0.8111404
0.92251253
0.75965315
0.932794
0.8802854
0.8007143
0.8993655
0.9406362
0.9089926
0.74355245
0.9261087
0.90021604
0.90340906
0.9540862
0.90200585
0.85462695
0.75219446
0.59426284
0.6123986
0.9042103
0.8613545
0.8764583
0.91032124
0.70512295
0.8057083
0.9010218
0.9052024
0.5716817
0.838071
0.9418366
0.7072466
0.90952635
0.81759995
0.9022896
0.46299812
0.9152427
0.8619073
0.67409694
0.62744725
0.8838163
0.74037325
0.76126224
0.836562
0.9327918
0.86420804
0.84063774
0.8736604
0.888277
0.88710237
0.84172225
0.8336166
0.8422425
0.9153775
0.77617043
0.868278
0.90359
0.8594097
0.9817311
0.88649464
0.8542049
0.9464315
0.8691234
0.8248811
0.93720704
0.88822615
0.87626445
0.79950386
0.8881661
0.762859
0.771682
0.7500393
0.9582944
0.88610804
0.81806755
0.8499173
0.92263716
0.7566469
0.867022
0.6441629
0.858675
0.7584567
0.8959218
0.879998
0.81610334
0.8690373
0.7342845
0.92025197
0.9281405
0.9247147
0.9025786
0.9085495
0.96476996
0.9052783
0.7832177
0.9042239
0.92077196
0.9348812
0.91186166
0.7093052
0.9412142
0.868581
0.8946018
0.96914196
0.9196279
0.91669154
0.9174394
0.7806294
0.7959838
0.86362755
0.8273077
0.7926198
0.92405015
0.86805534
0.8426716
0.6754595
0.9690879
0.7704228
0.9492729
0.9428302
0.5681735
0.8563033
0.9522902
0.84036016
0.90485424
0.94865155
0.85383815
0.91216826
0.8689066
0.9430338
0.78985864
0.9621049
0.89872575
0.6827747
0.8224312
0.3419455
0.91776925
0.82992554
0.949508
0.9756036
0.7750123
0.683787
0.96589017
0.825627
0.82707876
0.8135966
0.95374924
0.84264284
0.8873648
0.37574655
0.89176995
0.8064964
0.8309623
0.84478295
0.50878716
0.9497142
0.8881341
0.88527393
0.8496989
0.7499593
0.9515419
0.899147
0.928991
0.9037817
0.80684036
0.9048784
0.88286674
0.84263617
0.9084074
0.7945678
0.65024465
0.9233567
0.78998697
0.73875296
0.76662856
0.8456128
0.91398346
0.8928148
0.80780786
0.71984524
0.77659607
0.4587616
0.8731518
0.7795601
0.9096041
0.8067643
0.9385417
0.83126503
0.9400242
0.666493
0.9023036
0.8373278
0.66935337
0.96673876
0.92456937
0.9393406
0.9057989
0.9437872
0.9312852
0.78707105
0.84171516
0.87200475
0.7281889
0.6858345
0.8655751
0.9435928
0.8390729
0.93515074
0.84456325
0.8805459
0.8519886
0.8368703
0.8501399
0.82298577
0.9664464
0.933999
0.8503874
0.78914547
0.8497529
0.8604765
0.891644
0.8199945
0.8060656
0.84041274
0.86865854
0.90914774
0.84946215
0.93192726
0.96443295
0.8798396
0.8610449
0.8330379
0.8426522
0.8246041
0.92693865
0.77634466
0.880283
0.8874612
0.90678096
0.88697356
0.90659267
0.94199157
0.8622972
0.90309787
0.8904136
0.70769835
0.8940202
0.92783
0.66610587
0.7533986
0.95036674
0.8569587
0.9127626
0.88852763
0.8575612
0.82414937
0.35378003
0.6859369
0.8158143
0.865075
0.87309766
0.89369977
0.88224405
0.8479136
0.76422703
0.94704115
0.6923672
0.8832183
0.93208927
0.86302876
0.93471736
0.941221
0.79417855
0.9010713
0.8597448
0.9687277
0.8760895
0.86768633
0.9216117
0.76442784
0.7655133
0.93221664
0.8755701
0.862746
0.8632622
0.8903693
0.7333816
0.8955432
0.9117594
0.6374546
0.8600651
0.9266499
0.8179149
0.8064588
0.96224475
0.57248276
0.84342635
0.78174025
0.9244186
0.35122025
0.8661635
0.9090652
0.9529096
0.88307476
0.83806825
0.94981575
0.79321945
0.9370948
0.86621594
0.6218157
0.74834764
0.84871
0.9457663
0.4959211
0.8708881
0.9470407
0.60306096
0.8675428
0.9452597
0.86130494
0.90913177
0.8169757
0.82995
0.8606409
0.92871463
0.65663415
0.93305206
0.9286904
0.81252664
0.9475182
0.9310881
0.96978045
0.5970771
0.8723945
0.77041084
0.65633607
0.5516429
0.8266878
0.87886214
0.84197414
0.8902227
0.88317585
0.7348336
0.6094815
0.71994114
0.93478614
0.75068694
0.7756463
0.6313489
0.88834226
0.8697981
0.872915
0.89937127
0.94107884
0.82757473
0.81660724
0.89109296
0.9401394
0.9122957
0.7867541
0.6054384
0.90607136
0.75768465
0.87269
0.9494528
0.80967027
0.8963944
0.8590808
0.6860758
0.9485551
0.9123505
0.50477195
0.8868036
0.8866507
0.9018141
0.3442212
0.7523116
0.97097725
0.88153684
0.8441045
0.9013493
0.85853565
0.5294726
0.92212397
0.81659
0.8219798
0.89325273
0.71633875
0.80617464
0.68321484
0.7543891
0.84312046
0.8729323
0.8751362
0.86081696
0.92206085
0.95992255
0.9480296
0.93930936
0.92208123
0.9094684
0.94142085
0.9279666
0.8341923
0.8909924
0.9642489
0.90428466
0.747282
0.8963913
0.78826857
0.6548871
0.7919392
0.86302793
0.88147604
0.9631099
0.6456837
0.9240658
0.9082048
0.8756605
0.82972753
0.86111665
0.87414354
0.8665747
0.7452935
0.850137
0.86518025
0.9030218
0.94536316
0.77948904
0.7554903
0.89873
0.91539335
0.7892799
0.8568127
0.7920847
0.94838566
0.9016279
0.77344584
0.87167263
0.819116
0.788424
0.82192767
0.9611038
0.68896955
0.9726204
0.9486861
0.7700905
0.68424076
0.896549
0.73505145
0.8913563
0.76122814
0.6384656
0.6526456
0.89218366
0.9112431
0.90159684
0.94529015
0.89518446
0.84877765
0.9032891
0.90598935
0.7487215
0.7494595
0.85369635
0.89020747
0.91545045
0.78816396
0.9411452
0.8769315
0.822855
0.96394986
0.87199473
0.8754812
0.90760565
0.90634656
0.5886133
0.84565413
0.9346918
0.90026474
0.9419826
0.86099064
0.62125474
0.897692
0.9023249
0.8575324
0.95858836
0.6344716
0.7247743
0.96298695
0.85046333
0.77272314
0.69199985
0.93463874
0.8303553
0.888284
0.79287213
0.9670991
0.67745554
0.86930037
0.5638358
0.88455963
0.1878342
0.80518126
0.83468384
0.8893479
0.91695315
0.8618412
0.95170355
0.469437
0.8047779
0.8142042
0.77753305
0.47874683
0.93979305
0.9816104
0.9373981
0.78925395
0.6885776
0.9108867
0.48784274
0.7190549
0.8455734
0.5032664
0.5936753
0.82881606
0.96826625
0.91437507
0.85904264
0.9102595
0.9430711
0.910913
0.9171233
0.6935618
0.7366795
0.92662346
0.94981104
0.90632236
0.82626396
0.8840385
0.87672335
0.9458382
0.919543
0.8899471
0.8806292
0.9386344
0.7471879
0.85677934
0.8179684
0.95218265
0.9027586
0.94125956
0.7988709
0.8412777
0.8562707
0.848359
0.98421
0.8353199
0.872612
0.7879231
0.88019645
0.8454554
0.827417
0.86742365
0.84535176
0.92283976
0.737256
0.81300133
0.7436297
0.92040753
0.9756938
0.9188712
0.93476623
0.84771514
0.6875248
0.8900401
0.97612286
0.7678003
0.5748397
0.93933517
0.8043302
0.89980257
0.90960896
0.80813795
0.8612137
0.90972435
0.8398404
0.5905841
0.6920911
0.82975566
0.73497486
0.85191953
0.7793163
0.8927628
0.93054336
0.75491184
0.80163133
0.9040341
0.92056394
0.8656666
0.8490555
0.9499751
0.89170134
0.9268614
0.8625555
0.8826836
0.7523918
0.78597593
0.8263746
0.834434
0.9202882
0.80534226
0.9550542
0.8906353
0.8636583
0.8120172
0.9519894
0.9591164
0.93707687
0.9164248
0.8365931
0.88118935
0.83881634
0.7978283
0.9003019
0.64095676
0.92993337
0.5828432
0.87269855
0.89561373
0.8847405
0.52530473
0.7810957
0.8642776
0.9530704
0.76305676
0.7457705
0.8209022
0.98362696
0.8913824
0.872353
0.7985385
0.9481001
0.9053192
0.8033519
0.9549154
0.89194053
0.81721187
0.5576784
0.9075228
0.82575417
0.7959231
0.57095194
0.89786655
0.9390242
0.7847944
0.9578676
0.888346
0.8498059
0.5319504
0.6453527
0.6571441
0.58595216
0.9726792
0.6134767
0.930586
0.5438732
0.94970423
0.95600533
0.8630321
0.9510222
0.9425638
0.9446195
0.8420007
0.8011307
0.72961766
0.7157589
0.72313416
0.88643306
0.69516474
0.8903142
0.9472775
0.9582087
0.9636893
0.8355824
0.89552176
0.8558892
0.6682465
0.83183616
0.7869198
0.78233004
0.7942201
0.8571363
0.9152004
0.40234712
0.9320755
0.919287
0.8336314
0.8974726
0.96099
0.68742
0.914724
0.83871806
0.7804332
0.97024083
0.83856297
0.9340325
0.9077941
0.9146899
0.7186463
0.882221
0.94415885
0.8482058
0.6318493
0.86130154
0.9562428
0.76438767
0.8975858
0.6959173
0.74333924
0.9505739
0.8706588
0.9309791
0.8789457
0.9690762
0.9252147
0.83589137
0.881334
0.84249204
0.73263156
0.70111
0.79739434
0.91088676
0.77228254
0.87738955
0.6586721
0.9052993
0.93674135
0.8711281
0.9036993
0.9624696
0.9632662
0.84998894
0.8986209
0.6237929
0.8677215
0.62110996
0.7787783
0.9444919
0.61072236
0.98446214
0.78405035
0.95370543
0.72364783
0.91791004
0.7481268
0.62129074
0.82312465
0.6834908
0.6887104
0.941982
0.9059166
0.770367
0.9556966
0.9540293
0.8794971
0.943783
0.9027831
0.9315861
0.86864626
0.8831081
0.9796406
0.85736525
0.935428
0.7700673
0.9399985
0.97422314
0.90688115
0.8899755
0.92505306
0.9469952
0.90587926
0.9498669
0.67653465
0.835848
0.75424004
0.93916255
0.73430365
0.96152997
0.90536326
0.9221995
0.9400953
0.7515249
0.9035129
0.8048745
0.67859584
0.8615119
0.8455603
0.9262507
0.78986
0.7906668
0.734424
0.9521347
0.71784985
0.8539195
0.64130837
0.97487986
0.9146021
0.9455272
0.7780664
0.77735925
0.9247963
0.9058984
0.7847111
0.9443244
0.84802043
0.80364776
0.8299825
0.7686887
0.87176895
0.893657
0.85664827
0.97119284
0.8979913
0.8213865
0.85349137
0.7364727
0.9024284
0.91114205
0.5555426
0.8112335
0.7064505
0.933139
0.95445776
0.92564386
0.8090592
0.9613927
0.6040132
0.83074
0.7532654
0.96423507
0.8874315
0.74549687
0.7840695
0.7339737
0.75614095
0.8110093
0.9656051
0.7932207
0.9424221
0.9579027
0.84834665
0.7878877
0.7238686
0.72478247
0.8520182
0.8477427
0.64430904
0.88098764
0.8445833
0.96614
0.9645078
0.8661434
0.93707323
0.83229446
0.83011246
0.85861963
0.96663815
0.85679626
0.74360895
0.90412223
0.85419595
0.976842
0.7865339
0.6590509
0.9327898
0.9481559
0.87181056
0.9226277
0.738914
0.57804316
0.9427808
0.75214636
0.91130614
0.9046361
0.907869
0.7531495
0.89780056
0.86085117
0.42147455
0.7519692
0.9099015
0.9533292
0.7199398
0.8613014
0.8885995
0.7133614
0.9088283
0.931125
0.8696006
0.78635395
0.84243345
0.8956953
0.81874764
0.71346533
0.7957475
0.877743
0.5942513
0.9447276
0.8852289
0.61777216
0.9145806
0.96859145
0.82274014
0.9077494
0.6969707
0.94036704
0.9200106
0.96889204
0.72537756
0.80894935
0.85452926
0.8910537
0.80536234
0.93447226
0.94401807
0.9616404
0.6964847
0.822567
0.9142875
0.75045925
0.93859684
0.91486543
0.9621117
0.7882126
0.9662992
0.8772533
0.72716963
0.89726996
0.7237849
0.9084101
0.880836
0.8450492
0.8307209
0.9335211
0.90165424
0.8459708
0.7625433
0.8989041
0.80885446
0.7769787
0.79809964
0.77841437
0.7991001
0.9021162
0.9523492
0.9412123
0.9054632
0.83503443
0.9026206
0.6770045
0.8654078
0.8591314
0.9337703
0.6303022
0.88805825
0.9367019
0.91994655
0.8277519
0.54822785
0.9518405
0.8777771
0.84700376
0.8858247
0.830843
0.8171691
0.7507978
0.8713511
0.9561063
0.7055905
0.75110286
0.9234536
0.8838235
0.84903
0.90025556
0.82563174
0.89248884
0.8765168
0.8594184
0.94242144
0.81435335
0.8307964
0.7891054
0.81132275
0.9124849
0.90335536
0.70605445
0.789724
0.97099984
0.9097816
0.9258466
0.7527092
0.9537666
0.90872705
0.61031395
0.7061956
0.9485146
0.83781296
0.75212693
0.88139987
0.8407037
0.90817934
0.8477831
0.8910576
0.935936
0.8375027
0.8094989
0.9225802
0.65484524
0.93920296
0.9665176
0.83359784
0.38242882
0.90310735
0.9040148
0.8470241
0.791875
0.7775156
0.79352653
0.8289396
0.91640323
0.94208056
0.9295412
0.76896465
0.8319763
0.9725396
0.93688685
0.87333876
0.8934821
0.89963466
0.7825929
0.808899
0.7112176
0.7520092
0.89487475
0.7668737
0.7581985
0.85106677
0.63949835
0.7284201
0.80551445
0.7137313
0.83845085
0.9538847
0.7301024
0.87747276
0.7149043
0.9136831
0.944301
0.9387256
0.89934134
0.9025377
0.93476486
0.7666114
0.46019518
0.8544992
0.9001303
0.92320687
0.63343626
0.8972511
0.94150805
0.9334504
0.9298544
0.9178617
0.71994543
0.8408979
0.78795224
0.91146034
0.6697585
0.9100952
0.71039295
0.7972735
0.8955587
0.801959
0.9528908
0.94135875
0.9081572
0.7183519
0.93429226
0.70999986
0.8755554
0.89752376
0.6393314
0.86116594
0.7890998
0.8964248
0.8708707
0.90978736
0.8991065
0.64224154
0.816746
0.8496262
0.8889109
0.8305969
0.86596644
0.8771031
0.84822404
0.8363733
0.9522737
0.7588086
0.87136453
0.93636715
0.9465832
0.89226896
0.8262075
0.74613386
0.9054995
0.87581456
0.9444096
0.848562
0.8235563
0.96777225
0.96233773
0.8340135
0.91958904
0.9427755
0.8664694
0.8727705
0.88444024
0.93884784
0.84538305
0.62329435
0.79129857
0.9219062
0.875918
0.77395433
0.8230163
0.5501438
0.8825433
0.8553206
0.9371552
0.87720186
0.7539125
0.76741314
0.86553574
0.7143417
0.9577344
0.8987395
0.8483993
0.7903947
0.9463824
0.9091104
0.97879183
0.8831882
0.7648397
0.8987744
0.87752175
0.81025696
0.8120332
0.77609444
0.8709715
0.8224717
0.7907388
0.92650354
0.72118074
0.8658031
0.90743834
0.8986753
0.7699677
0.9848884
0.95075476
0.9095355
0.7999721
0.8972813
0.8798738
0.82436275
0.95867616
0.9234387
0.85944754
0.8970922
0.91726243
0.78434384
0.86376107
0.86364126
0.942988
0.7894893
0.83131576
0.75757456
0.8372055
0.63975346
0.88034916
0.8938944
0.7305436
0.9159968
0.81008667
0.8768953
0.9389048
0.4570715
0.92329276
0.85163736
0.8385604
0.86060005
0.7819805
0.93905985
0.82032865
0.80423445
0.82773477
0.75993645
0.9160206
0.88374275
0.8033953
0.8653813
0.9263792
0.7008912
0.9663467
0.6368284
0.9557106
0.7014549
0.9535967
0.6252249
0.85860544
0.8358537
0.7482036
0.9264395
0.63413507
0.6865461
0.8472745
0.7465956
0.92287827
0.89013255
0.95066786
0.8368465
0.9679157
0.9134209
0.7959945
0.7751246
0.8076159
0.74609137
0.9540195
0.9172569
0.89277244
0.7090823
0.83100414
0.87083685
0.8255734
0.89512014
0.92258805
0.9122524
0.85826397
0.92972934
0.49524018
0.8729905
0.8513584
0.86795855
0.84079057
0.89249456
0.84465593
0.8865276
0.8998667
0.72427136
0.8969025
0.8276049
0.9150704
0.9730319
0.79111826
0.31570622
0.9048685
0.8715708
0.8897459
0.92695427
0.8658535
0.7824184
0.77426016
0.8714582
0.81792325
0.891739
0.80496895
0.75161034
0.92339027
0.9238768
0.9124212
0.88956815
0.78888834
0.7784165
0.7424015
0.8964577
0.8005111
0.9032203
0.8946214
0.87528366
0.8931988
0.93609667
0.79597896
0.8183701
0.9436432
0.96209216
0.9464719
0.85565937
0.9058066
0.93035775
0.8600198
0.78755975
0.9455923
0.8966304
0.8695192
0.80953217
0.66283226
0.9217967
0.89047253
0.9239784
0.8666948
0.61933523
0.67836225
0.73355293
0.9551242
0.88565147
0.8164017
0.7325148
0.8878681
0.81440896
0.72767556
0.79312325
0.6957873
0.86866343
0.86056256
0.877853
0.84679574
0.7466198
0.7428278
0.89703417
0.8156253
0.50092083
0.91427326
0.90240616
0.827065
0.936391
0.90579855
0.9300503
0.69492316
0.8731866
0.913865
0.8083151
0.95274675
0.785766
0.67629385
0.8618969
0.9846138
0.88209146
0.68675286
0.8755159
0.5075403
0.93967843
0.8388961
0.9080075
0.8559153
0.76943636
0.81106627
0.9558344
0.8661667
0.7988495
0.9024172
0.87625533
0.9070308
0.9413773
0.92918265
0.8810965
0.8511047
0.89124167
0.7489692
0.6514329
0.42354685
0.96985346
0.9296347
0.63662744
0.74333066
0.69646955
0.85967046
0.88114506
0.9149375
0.88309646
0.7143874
0.81448233
0.80937433
0.82467115
0.9106598
0.9435171
0.8732126
0.9623813
0.891178
0.90765834
0.95156544
0.76042604
0.876028
0.92197907
0.86672795
0.9174391
0.67177594
0.9218348
0.94514334
0.8502507
0.5943231
0.95142573
0.8635783
0.91156155
0.9530484
0.7877583
0.92481184
0.87375593
0.7829102
0.83786833
0.9701348
0.93162906
0.8997005
0.93206334
0.8472485
0.83470094
0.7375206
0.7383802
0.92456436
0.87837327
0.8772156
0.8519857
0.90688896
0.9250679
0.8684847
0.89105403
0.8527648
0.8178431
0.91005385
0.9119079
0.93872917
0.6013738
0.96497273
0.874192
0.675124
0.9250224
0.93808347
0.84388506
0.7470868
0.84622145
0.9210832
0.89206564
0.9716521
0.8778672
0.86060935
0.7844899
0.8530518
0.6995622
0.84470373
0.8328499
0.9137789
0.78737396
0.9077162
0.9457059
0.946222
0.9435942
0.8522824
0.7965563
0.63723546
0.83317506
0.9076717
0.8645353
0.88321686
0.89084435
0.88867426
0.8173715
0.7799904
0.86230564
0.8136899
0.85042804
0.77202654
0.92424774
0.9078838
0.97533137
0.8340828
0.66340524
0.9126384
0.8608511
0.8682884
0.8503849
0.9212915
0.8962016
0.9084624
0.9389569
0.7268934
0.93783736
0.750528
0.95308334
0.9370115
0.78370655
0.89756674
0.7285294
0.89964706
0.94571775
0.8978785
0.7723199
0.7333038
0.9439761
0.8615325
0.80506
0.8346535
0.9583882
0.8735264
0.93180645
0.66397643
0.720599
0.9081162
0.75500154
0.76630586
0.8767411
0.92183816
0.85514045
0.8599589
0.70869595
0.59338623
0.9130734
0.87600416
0.84090054
0.8796223
0.8283007
0.8324244
0.8701731
0.86162233
0.8607148
0.93926495
0.8628171
0.93749416
0.5954332
0.9076935
0.9041123
0.9238256
0.8317776
0.7234153
0.9101244
0.9398665
0.67322093
0.6942354
0.86147606
0.64075345
0.9553482
0.64859045
0.79407465
0.87603974
0.9386675
0.91445297
0.97872186
0.8220913
0.9520471
0.9426551
0.45607963
0.86983085
0.7825037
0.95688057
0.84151906
0.9168099
0.79542816
0.92147076
0.8414607
0.93751895
0.7434095
0.9020753
0.84627897
0.81936944
0.9395745
0.7476953
0.92558247
0.9844463
0.7718867
0.67811453
0.79955846
0.6820834
0.637445
0.72289336
0.8933943
0.7682161
0.827832
0.52966106
0.8773009
0.8320856
0.86085904
0.87657833
0.9177811
0.9519416
0.92579794
0.9222468
0.8764427
0.87349737
0.80111146
0.80036545
0.8614832
0.66080457
0.6904966
0.796546
0.9132315
0.7882865
0.5929719
0.8363634
0.47852305
0.83913517
0.7724726
0.91587263
0.9399383
0.9702451
0.8521853
0.9013561
0.8185973
0.79652745
0.8514955
0.91953814
0.8785541
0.6513039
0.86038375
0.50727934
0.7652359
0.69387394
0.8664629
0.96114904
0.79509187
0.95842135
0.8387059
0.928151
0.91437495
0.775005
0.94504464
0.8732765
0.94060165
0.96163535
0.7953253
0.9510903
0.91977406
0.74356025
0.8131948
0.6464423
0.8652676
0.91168153
0.959174
0.7998241
0.86669064
0.760464
0.8160915
0.8423107
0.46813723
0.9531387
0.7919477
0.8494239
0.5215696
0.56058425
0.8234731
0.83164454
0.9156084
0.9124127
0.91170466
0.9198316
0.7151728
0.7770507
0.9561105
0.88443893
0.80584234
0.935852
0.936239
0.89988923
0.72241324
0.8849027
0.89473367
0.86226517
0.9575203
0.88266206
0.94949615
0.8342226
0.799402
0.8364035
0.8444891
0.6340216
0.7790495
0.9482731
0.87090915
0.92590666
0.8650701
0.81992173
0.6925391
0.7952147
0.790935
0.84496635
0.8992386
0.8509245
0.6830617
0.8879567
0.77626586
0.9239736
0.77198094
0.8150042
0.9726992
0.77645594
0.8819427
0.9581466
0.91852915
0.82156885
0.92109126
0.94590294
0.8808833
0.9120038
0.7732579
0.74068797
0.85325855
0.6205845
0.8635891
0.626509
0.87888104
0.8860937
0.8555633
0.7166529
0.93504584
0.91509724
0.9284624
0.9523647
0.87184656
0.90264463
0.7658936
0.9495382
0.9175306
0.87894833
0.8285672
0.8093099
0.6729806
0.8655687
0.9207332
0.6583066
0.67372644
0.755811
0.91824675
0.9092179
0.90186274
0.96310896
0.73191845
0.9308126
0.90320134
0.72611994
0.9148917
0.94906765
0.8556198
0.80185324
0.81334007
0.8859609
0.9174177
0.9311216
0.79357326
0.7237429
0.9343321
0.94468516
0.8255738
0.7630503
0.93590784
0.90219784
0.8912026
0.95395654
0.96240973
0.9125836
0.94648445
0.8278519
0.71100366
0.7538533
0.66806096
0.9030448
0.92415124
0.92970324
0.8170008
0.9008866
0.9359051
0.83057684
0.6718799
0.88149774
0.86502796
0.91619873
0.9309387
0.94160676
0.9568547
0.8403034
0.87294114
0.8278236
0.6651512
0.95350236
0.42063096
0.83319384
0.6977949
0.83057094
0.7773807
0.9220929
0.6632178
0.8208746
0.20550273
0.8637001
0.88241744
0.81147385
0.6485269
0.8735398
0.9346787
0.49096835
0.88363916
0.8420702
0.8809632
0.810735
0.7729522
0.8633008
0.82831156
0.9120745
0.9615133
0.93560714
0.7327518
0.91009945
0.91517437
0.74583334
0.9444504
0.79415345
0.61690587
0.882569
0.79945356
0.82564485
0.95656484
0.90122503
0.8028243
0.95826375
0.84862113
0.8383736
0.8397367
0.8354253
0.87850565
0.9250144
0.638224
0.87723863
0.92898655
0.90703446
0.8740583
0.5496585
0.8908573
0.9196431
0.902266
0.7555658
0.88784134
0.8853104
0.94462156
0.85287553
0.6650033
0.87112933
0.8011929
0.8843698
0.7418428
0.75103235
0.79689395
0.94798595
0.8270451
0.742039
0.84257126
0.92379797
0.8790944
0.96752936
0.8146337
0.93826973
0.89714205
0.84338975
0.7368707
0.81573683
0.7212792
0.93153423
0.8646671
0.9678317
0.8251456
0.9129058
0.8974948
0.9131189
0.7789432
0.772716
0.82106584
0.8165309
0.8938261
0.8823959
0.6801033
0.6563772
0.9701372
0.8171811
0.6348379
0.9334252
0.93225294
0.91161937
0.94775397
0.8919238
0.713821
0.7958985
0.92695934
0.95094603
0.9577127
0.9195611
0.7718418
0.83835375
0.9192523
0.92145544
0.9009672
0.78093565
0.915981
0.7524947
0.93166506
0.94793224
0.8818985
0.9717266
0.8094417
0.8981695
0.86968815
0.9153632
0.9378397
0.86386746
0.8439682
0.90481687
0.9005817
0.74726576
0.6767221
0.9145728
0.9648802
0.94023395
0.9338154
0.81357515
0.87734616
0.77314496
0.80928284
0.7759536
0.9371572
0.92077255
0.9572753
0.94070214
0.62305504
0.8506954
0.7078872
0.86825085
0.8117828
0.8969828
0.5246171
0.8921234
0.93836486
0.9489102
0.9480438
0.6837305
0.8949423
0.8648448
0.8497628
0.864687
0.5526543
0.71049875
0.95393896
0.85772616
0.8879008
0.81673706
0.7570612
0.8980336
0.8954785
0.8758964
0.7624744
0.9427372
0.75777954
0.94361115
0.88694507
0.8229965
0.9154039
0.8139307
0.86045873
0.91850024
0.7307455
0.9535209
0.88725674
0.7178893
0.44827205
0.87163264
0.6814251
0.9449966
0.89626384
0.7412135
0.78231126
0.83590955
0.76254684
0.9452336
0.87653095
0.79430723
0.7301021
0.8248549
0.9029776
0.87839925
0.8504218
0.9430485
0.83554345
0.8467504
0.6815462
0.6989782
0.9586367
0.77470326
0.84797007
0.8649802
0.93058634
0.8928905
0.49650735
0.83750474
0.9523253
0.86889166
0.91468745
0.8464649
0.8598806
0.89969677
0.90178573
0.7317336
0.6760319
0.7387032
0.5030093
0.78400517
0.8537721
0.89506435
0.83348536
0.94843256
0.8688095
0.9059032
0.7617435
0.68339777
0.8237364
0.82524705
0.66596013
0.86384803
0.7408226
0.64501935
0.9445225
0.6903063
0.8759182
0.9575026
0.9580028
0.68052703
0.9115591
0.8635543
0.91933924
0.96304643
0.8074782
0.8373353
0.92308503
0.906282
0.82374436
0.9240964
0.9187515
0.82515097
0.8402426
0.8182159
0.751393
0.94157547
0.6194408
0.825768
0.91052604
0.87719136
0.78348345
0.83426946
0.8952375
0.8590395
0.91763544
0.9528303
0.9738595
0.8285384
0.9254079
0.86730367
0.8940236
0.9497772
0.69195217
0.9359727
0.8731454
0.89903104
0.86425847
0.85022295
0.9576098
0.7276081
0.83139515
0.8134206
0.6842029
0.7983899
0.840709
0.810712
0.96010405
0.9126621
0.86881006
0.9004566
0.76809216
0.7699776
0.9276197
0.9058037
0.87683904
0.9600896
0.7631137
0.8923804
0.8558324
0.7118799
0.95405567
0.81523716
0.91549766
0.9618783
0.7720983
0.93406767
0.8958714
0.9087975
0.94791096
0.7865253
0.9480213
0.9190108
0.6978411
0.86270416
0.7879602
0.841139
0.47557104
0.9446255
0.8755044
0.7443891
0.9406862
0.8706485
0.9748268
0.9192817
0.85161746
0.7111592
0.9354106
0.786971
0.3759845
0.7562021
0.8627977
0.8609171
0.79194176
0.9118904
0.862866
0.7134156
0.90878886
0.90598583
0.8431185
0.7660382
0.9015489
0.93882686
0.92748344
0.78643507
0.8666607
0.9680908
0.6916114
0.9311574
0.89982224
0.60463
0.86390936
0.8726306
0.7999504
0.9754745
0.85971594
0.74947983
0.86970955
0.79699135
0.91811216
0.7931269
0.793213
0.88871443
0.93627286
0.7686929
0.93262506
0.694753
0.856907
0.9412509
0.67227256
0.9300676
0.87030274
0.9142999
0.5927264
0.8869962
0.76823276
0.8330658
0.9207169
0.83116764
0.9279862
0.84392637
0.67045504
0.8157212
0.7987079
0.82706773
0.9495247
0.84597945
0.72237766
0.97624207
0.7836979
0.90597725
0.7189041
0.8636991
0.89599526
0.94471145
0.9031563
0.8174212
0.9172599
0.66718024
0.8305031
0.9187141
0.7779811
0.92064893
0.9428894
0.8005732
0.71175694
0.8999864
0.93215835
0.8448932
0.8274547
0.96564126
0.86581194
0.86797774
0.7861839
0.9268944
0.9162575
0.9357626
0.8332543
0.8259784
0.9240297
0.9573189
0.7143477
0.8175001
0.9011691
0.9108865
0.8706124
0.8675168
0.8373557
0.8695876
0.940336
0.83346695
0.8387345
0.9355249
0.83716476
0.94375616
0.9615251
0.96604025
0.71404445
0.94761086
0.9371103
0.82139826
0.9047861
0.8637006
0.87084717
0.77373654
0.9447527
0.8890251
0.7940384
0.9822538
0.9376515
0.8291218
0.9270568
0.79459953
0.82571656
0.795128
0.7509993
0.8682052
0.9265596
0.7843906
0.8525576
0.6269129
0.7744361
0.9146207
0.87046456
0.80710936
0.8718989
0.86029243
0.7170288
0.6365121
0.75093555
0.87183064
0.7999397
0.88651043
0.86666983
0.9656008
0.92722344
0.9028477
0.8236713
0.82380545
0.95349365
0.8551688
0.89627355
0.9149714
0.93986964
0.9269362
0.86323136
0.8230909
0.87892926
0.5500882
0.82687354
0.83197355
0.9293988
0.6787289
0.93878484
0.76904225
0.79661715
0.9343935
0.9023448
0.83346534
0.88405913
0.9442283
0.9507366
0.9093275
0.84305865
0.8654909
0.925599
0.9372073
0.87758636
0.83710814
0.85695946
0.95455074
0.89448506
0.924648
0.6050525
0.83269364
0.7662833
0.88267463
0.9497758
0.92822343
0.8951947
0.5789864
0.9123775
0.8358934
0.8759664
0.93217015
0.9451721
0.7536769
0.74351543
0.8648966
0.6119912
0.8371024
0.9274507
0.8504154
0.7116854
0.8001759
0.82392
0.88525707
0.8961839
0.89925605
0.7639481
0.94501615
0.4808258
0.90888476
0.8897188
0.9465416
0.93904614
0.9314626
0.8834906
0.81255096
0.770652
0.87032694
0.94079584
0.9033573
0.82420695
0.62830126
0.79929674
0.86194116
0.6408758
0.8408294
0.7866925
0.81786275
0.86536276
0.7920122
0.88205165
0.8985105
0.39238384
0.8324772
0.9052439
0.7552032
0.80001044
0.6969778
0.87414384
0.92698216
0.7916485
0.8439754
0.8633637
0.9327369
0.85676193
0.950877
0.76503026
0.8974897
0.9076258
0.8993672
0.7829288
0.8658337
0.903744
0.7724998
0.91051614
0.93535244
0.9466577
0.9064517
0.87205255
0.94747597
0.7874625
0.77930415
0.88023025
0.7988141
0.81690305
0.9028772
0.89983404
0.945541
0.7969766
0.8940904
0.9305817
0.6667243
0.9573664
0.9070586
0.90291697
0.7528808
0.8343376
0.9371583
0.85878664
0.9013506
0.92026603
0.9096061
0.422083
0.92615825
0.5328068
0.829078
0.8634647
0.9426999
0.7126243
0.9484018
0.72759235
0.9013159
0.8415672
0.8117998
0.8521552
0.81594086
0.91113615
0.7131912
0.86684847
0.62519526
0.8634175
0.7009757
0.8291062
0.7424608
0.9137651
0.9586884
0.8560045
0.85960656
0.8792221
0.75767076
0.7499534
0.86116683
0.86618495
0.90162677
0.6938838
0.8346084
0.87413186
0.84222317
0.8923774
0.8124619
0.86192137
0.889716
0.94235754
0.8127231
0.9556657
0.9334655
0.9460429
0.88172996
0.80139804
0.8517175
0.8686632
0.9560182
0.8995951
0.6707759
0.9013562
0.89723206
0.8379109
0.8763912
0.8881098
0.79544497
0.9324861
0.9046565
0.9106796
0.9302937
0.8464024
0.91148865
0.8930115
0.9317928
0.8577026
0.66785705
0.7829756
0.74686015
0.9329176
0.9361421
0.56497574
0.92854434
0.88751465
0.82773346
0.7572028
0.8587411
0.95201087
0.92226756
0.85832316
0.8485778
0.7364087
0.9543501
0.89891934
0.6653977
0.9188249
0.93612856
0.88762563
0.82254803
0.8250213
0.89012325
0.9572979
0.956826
0.9198576
0.9411875
0.8787513
0.9066874
0.6041862
0.81023633
0.6961913
0.9140707
0.87770295
0.7391433
0.8681799
0.8600973
0.6907889
0.91268307
0.912025
0.8560543
0.8845531
0.75750244
0.7486475
0.84846973
0.73661107
0.85644203
0.9495053
0.77530277
0.8383274
0.8452587
0.8753794
0.93125856
0.85532176
0.8754916
0.78038573
0.9128785
0.87293667
0.87330425
0.8449604
0.6260545
0.86436325
0.8094591
0.8568436
0.9687009
0.8117865
0.90772253
0.8209367
0.8343287
0.79067075
0.9737845
0.8721049
0.95626354
0.7045232
0.7591218
0.8952682
0.9474712
0.74448735
0.861664
0.9642713
0.90318656
0.9638622
0.9316611
0.94885916
0.9579699
0.83191115
0.9025374
0.88666534
0.955648
0.954158
0.89869046
0.6919782
0.78006303
0.9398626
0.85164046
0.76572704
0.89005667
0.933775
0.8009991
0.45117077
0.754679
0.8119334
0.8542713
0.84542954
0.9295234
0.9005254
0.8252232
0.65307784
0.8573906
0.7650325
0.7431113
0.95802975
0.8552053
0.90070826
0.8286383
0.87503517
0.12257891
0.9478276
0.8100402
0.9231472
0.7845746
0.9425388
0.85448235
0.8767272
0.97108424
0.92373407
0.889603
0.9433968
0.9057233
0.7381111
0.9350954
0.95689285
0.9115155
0.94026566
0.94083625
0.90251935
0.92142504
0.8813092
0.9775033
0.8598018
0.92103094
0.6163573
0.85643554
0.91068834
0.9472506
0.77919424
0.87571776
0.78801376
0.9143512
0.84839356
0.86899185
0.9498407
0.653292
0.82648337
0.78248507
0.8034161
0.93312335
0.6545717
0.80511504
0.4422242
0.95105994
0.8112121
0.7368288
0.7941489
0.77739567
0.6495215
0.85761493
0.95661664
0.84464276
0.5170174
0.75769746
0.7364458
0.85318124
0.8738135
0.9056851
0.7941069
0.73188925
0.81880903
0.7063413
0.8949799
0.9175297
0.86845255
0.8985775
0.9176035
0.84901994
0.817206
0.960945
0.8140371
0.91104287
0.887956
0.8924056
0.9155047
0.91798186
0.78954124
0.8287723
0.45092216
0.93168217
0.50540334
0.9034019
0.83789426
0.7882392
0.83380866
0.8414284
0.9397899
0.882023
0.8990989
0.8923418
0.81716406
0.9098015
0.76281774
0.8663961
0.5451312
0.9361402
0.89039207
0.7614388
0.88506746
0.80938613
0.84159017
0.9547543
0.8628502
0.92361486
0.97005135
0.6327565
0.78618723
0.8810041
0.7791927
0.96313214
0.9003897
0.76715904
0.9041662
0.84289926
0.7724383
0.92071307
0.93622994
0.68545854
0.8248596
0.8778165
0.8099854
0.91407615
0.9379829
0.88849986
0.8029572
0.874876
0.81596744
0.6937881
0.92581385
0.9570216
0.8566569
0.8005259
0.8103723
0.9156543
0.5140588
0.9686254
0.9038811
0.90164274
0.699324
0.8241662
0.87545735
0.94404626
0.9219214
0.7431611
0.86168295
0.74175256
0.89570063
0.95403457
0.91397357
0.89176947
0.77526104
0.86661804
0.64390254
0.93781054
0.9117322
0.92577386
0.8524821
0.7969065
0.7789614
0.81379205
0.87693655
0.87908685
0.9354377
0.9148958
0.7974206
0.98032707
0.83065796
0.8683289
0.9731645
0.827306
0.90040267
0.66641974
0.92708313
0.84607255
0.88229674
0.8548554
0.5897025
0.6903324
0.9532989
0.87528354
0.83800215
0.8525501
0.78176874
0.9086817
0.8847526
0.6932745
0.9133457
0.7878665
0.95595205
0.82200265
0.79279906
0.8967943
0.93965435
0.6508466
0.96231866
0.70510143
0.94666046
0.93909603
0.5516571
0.95577157
0.908273
0.8971247
0.7828996
0.90428686
0.87002796
0.9502078
0.8422794
0.8218706
0.72402143
0.9678471
0.62449354
0.9516194
0.93421566
0.8262738
0.94640315
0.70260555
0.74675894
0.9089105
0.784215
0.9665369
0.7729345
0.89973915
0.90687084
0.6257082
0.951561
0.5917864
0.91027504
0.8930936
0.73580676
0.9135482
0.9477684
0.95100844
0.8037231
0.8289365
0.48931292
0.90692735
0.8501743
0.884777
0.942739
0.8744445
0.8676656
0.9462069
0.8622039
0.9563782
0.7569373
0.75463164
0.76712865
0.8922155
0.7294917
0.93741715
0.56714314
0.9650426
0.8467322
0.8671373
0.9098357
0.8664831
0.92768776
0.82496023
0.87895775
0.8966468
0.9177251
0.9332339
0.817292
0.93235916
0.6798571
0.9556273
0.8325803
0.9191292
0.8262779
0.9424922
0.83898914
0.6450853
0.79024184
0.8550647
0.5159712
0.8080463
0.8066033
0.8009985
0.93336445
0.62342584
0.7335758
0.69823915
0.71303606
0.9471213
0.85745895
0.7882732
0.86342984
0.84234804
0.91753906
0.9563632
0.9149946
0.7370454
0.8272792
0.8764079
0.58114636
0.90483564
0.88564014
0.8825232
0.91364044
0.8694018
0.9409255
0.92265195
0.8777878
0.7695807
0.85111415
0.8419683
0.57230484
0.88035655
0.85473084
0.64200383
0.7156701
0.9039824
0.7740711
0.9339201
0.8124921
0.9554999
0.8125249
0.9144287
0.8937209
0.71995026
0.92733127
0.7891109
0.71223253
0.8814705
0.9506278
0.86767566
0.82176274
0.83892727
0.7943387
0.8962367
0.86549795
0.834717
0.87560713
0.79634124
0.70324814
0.8838087
0.90727043
0.7475469
0.81568146
0.94592774
0.46392262
0.67985183
0.7878697
0.93702734
0.6667468
0.5282096
0.8661709
0.7030921
0.865916
0.9480411
0.7779705
0.79328585
0.555362
0.8784931
0.80536634
0.8955524
0.8902559
0.7804719
0.96143675
0.9507363
0.7133458
0.94970804
0.8817784
0.88095737
0.9000109
0.70976067
0.92175156
0.77495754
0.9215373
0.88173693
0.8911076
0.9516335
0.93723613
0.8663186
0.7354687
0.916341
0.885413
0.42691648
0.9263525
0.9083411
0.89465207
0.80447394
0.9271696
0.9271838
0.87037337
0.80255044
0.8531826
0.83334595
0.8820629
0.90763026
0.8605505
0.87209594
0.83300936
0.7287953
0.88031006
0.81045294
0.81174064
0.8544745
0.9126129
0.95412105
0.9063838
0.84074295
0.91774607
0.77675897
0.84503
0.87369597
0.84180045
0.89333105
0.96140707
0.8612654
0.87612283
0.82735914
0.88082933
0.7910127
0.9364776
0.858954
0.9394022
0.84929883
0.9566007
0.9532316
0.77896553
0.86828226
0.92396146
0.86541593
0.7934473
0.744064
0.7232235
0.6662723
0.771649
0.96671474
0.8312372
0.8496241
0.6920759
0.6697603
0.8586936
0.9376426
0.62866366
0.94590306
0.6016776
0.8606197
0.86729527
0.58219635
0.46339962
0.63804835
0.6444347
0.91269475
0.84322846
0.7905867
0.5772504
0.8324808
0.93281424
0.6517626
0.9478018
0.8489623
0.7863233
0.8621426
0.9250253
0.7002579
0.7551835
0.82181513
0.9016179
0.8193531
0.90042335
0.97079724
0.83654004
0.93426937
0.9269762
0.81501234
0.8547629
0.89688134
0.8774164
0.8865559
0.6944629
0.85165346
0.866098
0.9794692
0.8706615
0.8715588
0.7557524
0.83284885
0.64496875
0.7509993
0.8582862
0.8384252
0.898189
0.9490299
0.81708175
0.80157226
0.89928216
0.764099
0.85407656
0.36414823
0.69196916
0.5975197
0.88742036
0.9737098
0.9267258
0.96565187
0.8699007
0.72397256
0.8087709
0.53817296
0.83983433
0.889302
0.8002586
0.7631172
0.91072845
0.7528088
0.9453218
0.91162336
0.7582544
0.9125165
0.55982304
0.9460335
0.79272187
0.8130397
0.68695617
0.95188284
0.85449964
0.8732257
0.80109936
0.91690207
0.8945896
0.83628994
0.8756086
0.6785564
0.8467979
0.67129624
0.93169415
0.7710575
0.75973994
0.87388134
0.9453484
0.89115775
0.8079808
0.9543431
0.84706044
0.9318495
0.92301285
0.894886
0.8426785
0.89648235
0.6035722
0.85079706
0.9349968
0.75373733
0.7580116
0.9630317
0.6004448
0.9551323
0.82088095
0.89827865
0.7621601
0.82374686
0.87704885
0.911235
0.8936113
0.72646785
0.91842246
0.8098687
0.8362087
0.9293008
0.7620292
0.913561
0.88523394
0.8602303
0.93391764
0.90817213
0.83227813
0.89822555
0.8001904
0.91745293
0.91041857
0.93233734
0.5568601
0.7152238
0.8939733
0.9692662
0.87334526
0.93531036
0.9302205
0.92141575
0.9510159
0.6704517
0.8645728
0.9696932
0.83878505
0.93347234
0.8469689
0.8982736
0.9430197
0.9695438
0.86820567
0.9572865
0.8259491
0.7962282
0.9088412
0.9576781
0.8507749
0.84717923
0.90040964
0.8552057
0.9102412
0.8075555
0.7413989
0.827539
0.87975645
0.9299251
0.7296727
0.77392316
0.8703119
0.8032399
0.73720884
0.8358195
0.8739003
0.9206501
0.8537537
0.9471677
0.9657466
0.96061814
0.9423089
0.91893023
0.830994
0.89213085
0.72360307
0.7767233
0.79351234
0.7948016
0.7671881
0.90894496
0.9231633
0.87816304
0.5646986
0.804811
0.9234994
0.8001077
0.8942143
0.8922924
0.88607055
0.83558947
0.9027863
0.87334204
0.8577188
0.96055746
0.8664839
0.39369887
0.80356175
0.8023149
0.8246083
0.6017089
0.79000574
0.79727554
0.62984407
0.9339378
0.8640509
0.9199061
0.8926685
0.96311206
0.8524458
0.9291046
0.956283
0.9158236
0.77043283
0.8833654
0.8904529
0.9045762
0.92991304
0.81382054
0.747228
0.8056539
0.9281863
0.9193304
0.9517058
0.9245576
0.95526195
0.9390562
0.83904016
0.9383764
0.78140235
0.968428
0.7443632
0.8162735
0.89067256
0.7977459
0.70908535
0.79257447
0.8363109
0.7513598
0.8189047
0.79195774
0.9667345
0.94402874
0.8226794
0.6811313
0.92157054
0.83318603
0.8785361
0.51353353
0.6696623
0.8946903
0.79028404
0.93710184
0.9085795
0.7453855
0.8304081
0.9618722
0.92925775
0.66268575
0.94593924
0.9086494
0.48443073
0.94755626
0.89326584
0.89919394
0.9154938
0.92901766
0.8730333
0.9348874
0.6624863
0.7559639
0.8776368
0.87395775
0.69625914
0.9070049
0.92640936
0.9715913
0.87355113
0.9472248
0.95546323
0.8641399
0.8267853
0.6861106
0.7533282
0.9371033
0.67869455
0.92685455
0.95020413
0.834315
0.6625167
0.66321933
0.6340111
0.9101128
0.84035766
0.89202225
0.851263
0.9188342
0.8952888
0.79869455
0.7769635
0.91564465
0.84223974
0.9033515
0.9668524
0.8451429
0.65886605
0.7991912
0.89415175
0.83880323
0.7115089
0.9151524
0.24758337
0.85793877
0.8983986
0.8072566
0.94599193
0.8752388
0.88357985
0.93998915
0.7768026
0.8775484
0.896615
0.8614011
0.9089987
0.87500197
0.8201148
0.95802
0.7116642
0.9250091
0.90100706
0.9546807
0.71013236
0.8254082
0.96375775
0.8763639
0.8054407
0.84972996
0.6998808
0.9144595
0.81975055
0.8610449
0.7409183
0.6436135
0.86597234
0.87991214
0.8895337
0.77964914
0.77660894
0.9707403
0.9106581
0.8190228
0.80103123
0.79137814
0.95109355
0.9217501
0.9614129
0.9617535
0.9037516
0.946455
0.8157036
0.9326239
0.7759778
0.6540201
0.9360451
0.9302196
0.91430956
0.7910514
0.862492
0.8609562
0.82009304
0.67011136
0.9104616
0.88943017
0.9102793
0.86025804
0.7826588
0.94488925
0.46121407
0.71396816
0.8307445
0.83425266
0.8884537
0.90329653
0.82098293
0.8240665
0.8804967
0.7313368
0.93196243
0.9043693
0.79564464
0.72760993
0.8617618
0.96726644
0.9052155
0.7073868
0.8212942
0.94644475
0.80860746
0.70404035
0.7052933
0.9271219
0.6094742
0.7922656
0.8832925
0.9415183
0.9141594
0.88129854
0.8610343
0.97356004
0.7300873
0.7404142
0.9577292
0.81476134
0.7379445
0.70789725
0.8749465
0.81447494
0.8863958
0.9158305
0.80081964
0.8562331
0.9035618
0.8350327
0.7577374
0.84483004
0.7478579
0.8848411
0.9516727
0.8165655
0.94482285
0.7813317
0.9307593
0.9791285
0.7145547
0.8608516
0.70111775
0.5750119
0.93638957
0.9543288
0.81804323
0.8200612
0.8680219
0.826142
0.748079
0.9251673
0.71025264
0.72952557
0.9470586
0.88448006
0.89138883
0.822125
0.7131327
0.82302415
0.9496676
0.69747615
0.74028796
0.84671485
0.699768
0.9405062
0.52458835
0.86240506
0.8882653
0.94676226
0.66712254
0.9692384
0.5598092
0.6026651
0.8959863
0.7246861
0.6630881
0.63837606
0.7489571
0.8760618
0.79054075
0.6836992
0.693585
0.71681786
0.687541
0.8341409
0.7639147
0.9659713
0.7268655
0.8660104
0.82709444
0.8165524
0.95242983
0.9105516
0.89152175
0.82869065
0.9485228
0.86435926
0.899621
0.8984934
0.87150383
0.8878151
0.93713576
0.74106383
0.76172674
0.5167935
0.64797544
0.68825644
0.9427424
0.9326718
0.9519063
0.57070655
0.92855847
0.8910581
0.5313171
0.8954582
0.9512752
0.78589606
0.9604516
0.96379644
0.9301896
0.7974192
0.8563998
0.9510615
0.9156361
0.80614865
0.9233499
0.8071077
0.9145403
0.4304955
0.86590016
0.825224
0.9294086
0.90083516
0.84955853
0.80882
0.76496875
0.9678169
0.8552635
0.9604472
0.6103269
0.96730417
0.75303566
0.9703702
0.8837493
0.94079864
0.6730996
0.7603818
0.7100752
0.9362888
0.87427807
0.8805785
0.90836424
0.90585977
0.92749923
0.8417207
0.9438944
0.6925988
0.94412386
0.7754591
0.8715735
0.7350931
0.9070584
0.8142784
0.773406
0.96254
0.84319365
0.7138411
0.92768353
0.9094394
0.8790963
0.83622533
0.88981986
0.90644836
0.9498411
0.607378
0.75400895
0.5977785
0.91547364
0.8495941
0.9106418
0.9170661
0.65494806
0.689667
0.8492075
0.8680134
0.75435424
0.9406845
0.7015935
0.584199
0.8970795
0.76230675
0.9251829
0.84121215
0.8897095
0.83732545
0.8184075
0.9483164
0.85197854
0.9570245
0.8309536
0.72226244
0.9129528
0.9092743
0.84688586
0.7429741
0.49466264
0.82498145
0.67170215
0.9720547
0.9454082
0.9569343
0.90969455
0.9667941
0.8958474
0.957966
0.83704275
0.91068935
0.75587285
0.8700402
0.8598299
0.8952381
0.86519235
0.53712076
0.81027144
0.84865665
0.90158427
0.8906944
0.6990948
0.67827463
0.78739506
0.76607573
0.95874065
0.79457366
0.7199616
0.9713516
0.8889054
0.885848
0.8774845
0.86788386
0.8480975
0.9280559
0.8714584
0.90986127
0.9039205
0.8875157
0.81353366
0.9095368
0.9405218
0.94409376
0.86047053
0.73789454
0.7494947
0.57771635
0.8590277
0.9310343
0.8498789
0.7822006
0.65336466
0.8000805
0.8778397
0.94419277
0.9652037
0.75287735
0.91670376
0.848845
0.57175636
0.68187153
0.61880565
0.9654039
0.8478124
0.9028941
0.8324512
0.9010614
0.8442298
0.69331896
0.7303458
0.93902886
0.5776931
0.74969274
0.8689499
0.95044595
0.91799223
0.90519345
0.8486691
0.92026776
0.9014258
0.9144684
0.90120524
0.83352596
0.90360737
0.60295135
0.8975111
0.5625092
0.7113684
0.78880787
0.83511794
0.9484504
0.73493564
0.7952575
0.94806886
0.92625076
0.77389956
0.85742927
0.80587494
0.6502439
0.8380558
0.9202009
0.8376744
0.825596
0.7874966
0.776902
0.8285427
0.94247335
0.89608055
0.87855244
0.88532656
0.86114234
0.9181573
0.8255108
0.8042128
0.95810497
0.8250038
0.75431937
0.833204
0.9152816
0.8947395
0.9426249
0.8270085
0.9178372
0.7798873
0.8324542
0.9478582
0.8787174
0.72363764
0.7943308
0.77969396
0.736896
0.5067697
0.95546615
0.7592154
0.82491064
0.838454
0.9261616
0.7864692
0.8460387
0.95157033
0.88044167
0.7005133
0.88166845
0.87400204
0.9318513
0.91792846
0.8909347
0.89988863
0.91245425
0.7978494
0.94146293
0.7692183
0.9532927
0.8854838
0.9150511
0.67025584
0.8859384
0.82162684
0.6837346
0.71799815
0.9059071
0.68530977
0.9356046
0.9035953
0.900934
0.91355103
0.9375863
0.9461478
0.89816594
0.91335356
0.8110844
0.90176755
0.7397114
0.89331484
0.9718019
0.87251085
0.65838635
0.851648
0.91625965
0.9569598
0.71797234
0.9093349
0.8933641
0.8225172
0.7403916
0.8728447
0.6766256
0.76241595
0.93296546
0.59308183
0.9526634
0.9516618
0.7587242
0.8579887
0.30023497
0.8397128
0.8236181
0.782988
0.8112268
0.90362823
0.71977216
0.8798071
0.72359043
0.86992604
0.8155018
0.9469498
0.82292944
0.9067343
0.9298817
0.94336355
0.95109564
0.9134391
0.9492755
0.8272158
0.9569756
0.9331628
0.7405183
0.82661575
0.81349856
0.84896994
0.84647197
0.5328525
0.942716
0.5264303
0.630793
0.9048338
0.9471324
0.76548046
0.47469774
0.92441154
0.9217592
0.61085904
0.83342475
0.7540662
0.91643023
0.8421334
0.6574782
0.9186222
0.91212213
0.96094984
0.91169536
0.7905657
0.9258753
0.9610352
0.7559004
0.7432934
0.9363847
0.9572068
0.71299386
0.94837606
0.8223623
0.8433094
0.710889
0.9026622
0.8932656
0.8759501
0.93300635
0.90926963
0.9341315
0.8899664
0.62065285
0.95467407
0.8650921
0.5364777
0.872767
0.9544636
0.5856414
0.85112154
0.90143263
0.92051053
0.8947012
0.9280709
0.74267226
0.86909664
0.8428768
0.5802125
0.792138
0.62822133
0.83880967
0.73656094
0.9208591
0.785963
0.7028991
0.86869204
0.81819344
0.9294439
0.9358411
0.8706006
0.7995716
0.6871237
0.9402113
0.7906994
0.77938724
0.97139865
0.9084666
0.92027843
0.8418974
0.6598916
0.5285165
0.78891677
0.9296276
0.6841373
0.76541173
0.89408743
0.88843757
0.6048267
0.90931237
0.7553038
0.832577
0.87111115
0.8385917
0.65457577
0.77273667
0.8679428
0.5776094
0.941874
0.8761861
0.6073164
0.7466197
0.77698594
0.96188563
0.9139179
0.8183636
0.8559775
0.98192763
0.95623744
0.7664116
0.6481102
0.8901034
0.68593216
0.9437857
0.8472672
0.9514377
0.94330233
0.8373387
0.9550876
0.78130174
0.9563537
0.9365898
0.6854289
0.7439883
0.84080964
0.92026645
0.7542434
0.97398394
0.83133477
0.94227874
0.7784859
0.8530207
0.9193993
0.9592966
0.8683439
0.8511091
0.56071496
0.9449085
0.88753986
0.93516135
0.94424105
0.97343117
0.9129921
0.9331988
0.82215637
0.9273653
0.8551627
0.9209223
0.8439828
0.78790116
0.86706537
0.92897606
0.84916914
0.7998697
0.7259648
0.8773143
0.7646086
0.8936846
0.78451216
0.8934091
0.9309541
0.8823322
0.9032384
0.6981086
0.7945671
0.7200741
0.7695846
0.9174607
0.9040184
0.8021123
0.82156074
0.81546205
0.8812365
0.93802476
0.8456709
0.7681461
0.9231726
0.8873685
0.83874303
0.86671996
0.75820774
0.86752975
0.9127004
0.7269953
0.70977026
0.900991
0.8185363
0.85023504
0.8467097
0.8235367
0.7201082
0.77837753
0.8941883
0.8494189
0.8235444
0.81905305
0.65673196
0.94241184
0.8813503
0.9018588
0.8818743
0.85933465
0.9181225
0.9367492
0.941054
0.88570404
0.9507936
0.843444
0.9228293
0.88713473
0.79230195
0.83071536
0.8377654
0.8425936
0.5926481
0.9770191
0.8451545
0.7886363
0.8970256
0.876644
0.8663261
0.849601
0.8627306
0.75920546
0.84848046
0.7417376
0.7864478
0.5785875
0.9249419
0.93861073
0.6962371
0.7246502
0.82728004
0.6836371
0.976338
0.8684832
0.86859745
0.9551017
0.85009676
0.72349924
0.92279714
0.7640317
0.7433519
0.8623233
0.90362895
0.93534887
0.6065699
0.9033816
0.9111658
0.96843463
0.9004589
0.92642224
0.966503
0.79761046
0.79008484
0.8466498
0.85600543
0.79189664
0.630913
0.83094466
0.73703396
0.84010404
0.9062888
0.89271384
0.83284104
0.8488884
0.7398976
0.92609143
0.8623929
0.92501855
0.96915656
0.91977537
0.75146896
0.91465425
0.9237141
0.6824253
0.8739396
0.8564354
0.4574507
0.81253886
0.9031308
0.94536924
0.53020465
0.8212724
0.8642954
0.9179001
0.46328244
0.90277386
0.9590632
0.89468277
0.76231825
0.6047317
0.9337959
0.90297836
0.81668943
0.95627517
0.71060055
0.9047263
0.83360714
0.86788005
0.96957546
0.93292177
0.8618256
0.8412071
0.9206883
0.733685
0.8690414
0.75721717
0.9538511
0.9117764
0.92197454
0.88967407
0.9220603
0.6891817
0.8453888
0.82823354
0.8494984
0.8960272
0.85714626
0.8894348
0.7132793
0.6951677
0.63312304
0.74712384
0.6755206
0.847451
0.80445576
0.8141588
0.74018705
0.79791045
0.9176108
0.8366652
0.9238845
0.83707845
0.9007678
0.9146886
0.8175927
0.7561245
0.9304705
0.9403014
0.8721426
0.95157486
0.8368292
0.8302711
0.8713555
0.5442483
0.7446724
0.8871912
0.9511367
0.8935256
0.71268654
0.6299274
0.79595387
0.94279987
0.55815464
0.873078
0.8649997
0.87499976
0.86731505
0.7529347
0.82449025
0.5544826
0.8442633
0.8003007
0.8830698
0.9761166
0.8445791
0.8629691
0.92649424
0.840569
0.84598833
0.9103837
0.86145276
0.6272713
0.89837474
0.83520305
0.9442489
0.83417296
0.79502165
0.9416645
0.7819063
0.868757
0.9312067
0.84326434
0.8593526
0.92938054
0.76610196
0.90618193
0.90323424
0.8065524
0.87499666
0.917093
0.9268522
0.9030883
0.929389
0.8402966
0.9158677
0.6823654
0.93988365
0.7975532
0.5304463
0.77503276
0.64100796
0.9087901
0.7854009
0.75750077
0.75242996
0.86388487
0.92126
0.919238
0.49849042
0.7872407
0.8055764
0.85787797
0.7106533
0.9453263
0.7283148
0.76313406
0.8459727
0.8453184
0.87887716
0.85178304
0.95143193
0.8372401
0.80218726
0.9241036
0.7418139
0.9560026
0.84173495
0.8980616
0.81342643
0.8107017
0.87992305
0.5353328
0.7350768
0.7855499
0.9272224
0.9073469
0.8116087
0.8293863
0.88721365
0.959417
0.77867967
0.9730851
0.9664165
0.75603807
0.6543963
0.6324011
0.937606
0.9016285
0.7853997
0.5986674
0.9288981
0.9315152
0.7323122
0.9038378
0.27009436
0.9070966
0.4132575
0.76930696
0.8636984
0.95231056
0.94182336
0.9689343
0.9238724
0.8872422
0.8755618
0.7856934
0.7274581
0.89919597
0.66068953
0.9514171
0.91793954
0.97086513
0.901013
0.6655964
0.9430521
0.9135624
0.95368874
0.8997283
0.6049932
0.6896837
0.95677245
0.8993325
0.9472999
0.8252407
0.8020238
0.8372668
0.5746785
0.8295021
0.9096944
0.6895784
0.7620059
0.748989
0.7989056
0.8771158
0.88700485
0.68805444
0.91587275
0.84061843
0.7219919
0.9061548
0.79735506
0.9173433
0.9551469
0.9214007
0.9721916
0.8757917
0.8281084
0.9049717
0.9543605
0.7002965
0.94625986
0.9348927
0.53385633
0.83423394
0.8376886
0.7691654
0.66513646
0.82541484
0.69425625
0.859342
0.9599029
0.95547414
0.7138914
0.6853734
0.8213581
0.9327362
0.89155126
0.87956953
0.8866735
0.8151102
0.9519787
0.8527528
0.87641144
0.7827132
0.8213042
0.8931798
0.77449256
0.9501173
0.7811348
0.92883766
0.71368223
0.92689604
0.892693
0.79892266
0.93086344
0.9422046
0.87925756
0.83104014
0.8334553
0.82440937
0.9451103
0.74146175
0.94535077
0.9355646
0.9081506
0.89924335
0.79157573
0.8979273
0.663589
0.93657637
0.9748112
0.961027
0.9078519
0.79479617
0.81490445
0.8467732
0.9153367
0.8996533
0.58843493
0.9516009
0.9293436
0.6317173
0.8250492
0.66403705
0.75128853
0.77314544
0.91501576
0.9079103
0.93521535
0.90855813
0.7063992
0.895832
0.7749751
0.86268395
0.8461205
0.79530686
0.8742092
0.8012026
0.8972353
0.8220726
0.74178284
0.8918836
0.9176022
0.81844306
0.72033024
0.9580326
0.96428925
0.88493365
0.9161923
0.8620126
0.9467492
0.92346627
0.7081448
0.96549296
0.91064465
0.77414787
0.895298
0.7540435
0.65379477
0.7361329
0.75384986
0.57427335
0.9243841
0.8868224
0.8134388
0.8332474
0.6864127
0.91940665
0.84223944
0.97196835
0.9178368
0.8351859
0.69297284
0.85891306
0.9342664
0.7119762
0.9234043
0.914169
0.9463104
0.8186958
0.7899147
0.9047939
0.78416073
0.97223425
0.8757627
0.8646026
0.8972788
0.9118016
0.45170859
0.60703844
0.8210617
0.93000484
0.9565004
0.91964066
0.8681771
0.8132861
0.83669394
0.8002105
0.9416911
0.960257
0.9125657
0.8638854
0.8154309
0.8112979
0.8073114
0.78078234
0.94787943
0.94183797
0.6598812
0.6428379
0.8724908
0.81273496
0.8474312
0.9096707
0.79179496
0.9337318
0.6491978
0.9668836
0.5709486
0.90588623
0.937726
0.69366187
0.8113292
0.9638857
0.8817433
0.9179094
0.89283043
0.91144913
0.8428334
0.8392339
0.7272248
0.9426692
0.82408947
0.7705149
0.8213748
0.7953117
0.6925156
0.811036
0.7424694
0.7818703
0.76860243
0.8322699
0.9534926
0.9713962
0.8421964
0.87269187
0.95533794
0.942635
0.95263755
0.8645642
0.8696221
0.9650073
0.71287245
0.85034066
0.50449044
0.81902534
0.8179956
0.9482017
0.8243426
0.8843955
0.9516111
0.65869015
0.79200006
0.91997993
0.9632153
0.8160809
0.8948376
0.67134315
0.95143306
0.9050216
0.9174464
0.9407873
0.94675857
0.8269446
0.86904395
0.8156233
0.9425089
0.84385407
0.917017
0.91573614
0.89040613
0.93339
0.85040665
0.7612549
0.9276123
0.9450848
0.83297163
0.8305374
0.79886377
0.7173834
0.6438968
0.7075801
0.8615134
0.74850017
0.82973635
0.77625185
0.9003396
0.8809345
0.7869899
0.942026
0.90637475
0.6971646
0.8866046
0.8841617
0.8474843
0.8373258
0.8341043
0.88362706
0.87263715
0.9078439
0.91429615
0.89800775
0.91985697
0.76722145
0.9146668
0.7544548
0.92109376
0.42214838
0.93111455
0.87902147
0.74502444
0.97519046
0.58980983
0.42788267
0.7549122
0.55669296
0.8603797
0.92031026
0.9721366
0.86087054
0.737246
0.7325256
0.9524175
0.9612807
0.714666
0.9373718
0.93679905
0.89850426
0.7119646
0.90984756
0.75257033
0.8266757
0.88788414
0.9274137
0.9255346
0.89051074
0.91851425
0.8584982
0.67786914
0.86404026
0.83234024
0.8747441
0.9354428
0.94160026
0.8853272
0.9616657
0.88165706
0.6725583
0.9262282
0.96369845
0.834617
0.9097249
0.80738413
0.84675705
0.87807995
0.8888182
0.77606034
0.8900629
0.7865512
0.6808052
0.91379994
0.95766664
0.7367759
0.92809564
0.72356594
0.8207014
0.8640333
0.6748409
0.8555163
0.93792486
0.80149853
0.72544116
0.9063915
0.7440765
0.757603
0.8474132
0.87116027
0.83177555
0.87647885
0.8689474
0.8494041
0.8776988
0.85765713
0.8057961
0.7481374
0.9314753
0.8546215
0.7562417
0.9211761
0.7326699
0.8294482
0.95543545
0.885397
0.87187475
0.8857691
0.9342386
0.78090215
0.8547406
0.72741866
0.7720263
0.8614844
0.95115733
0.9683929
0.8050157
0.92964005
0.72547346
0.92407334
0.9486011
0.8952954
0.9537415
0.8242284
0.8717857
0.76284134
0.8927065
0.70470625
0.9095969
0.79584694
0.9078247
0.6733953
0.8438188
0.8981729
0.6134883
0.92891365
0.8508284
0.9726335
0.9394953
0.55053097
0.86914074
0.8731911
0.8608054
0.59703374
0.93859243
0.7053339
0.9123367
0.88833
0.93972886
0.8441905
0.6132533
0.7849425
0.8820796
0.66107523
0.694986
0.93465126
0.8635544
0.83081144
0.9453247
0.95957524
0.9437112
0.94937015
0.8959349
0.9147999
0.84954464
0.7340864
0.68579257
0.9274397
0.9394666
0.8950707
0.81297606
0.83696854
0.6318641
0.84878933
0.8318068
0.9105135
0.80497754
0.8409227
0.73397875
0.76233786
0.88775855
0.64450276
0.57803535
0.834865
0.7994901
0.95696586
0.719517
0.5389662
0.8577652
0.92517453
0.963864
0.9021897
0.9082551
0.90519106
0.8959815
0.94345653
0.75638306
0.9304689
0.8590372
0.8124381
0.58660305
0.8941657
0.5692543
0.71008503
0.74346995
0.8709415
0.7268754
0.88647807
0.609722
0.84496427
0.9529326
0.9392509
0.9331288
0.8072237
0.9143156
0.84945077
0.9098653
0.8801256
0.9347149
0.887214
0.7752242
0.9375293
0.7133314
0.6626061
0.68110716
0.8830247
0.91388685
0.71751267
0.7765793
0.9638986
0.76857376
0.7548573
0.8565068
0.6563666
0.91003335
0.9595261
0.8243667
0.9409002
0.95351857
0.585064
0.85570824
0.6861265
0.8178101
0.95245564
0.88952464
0.6431078
0.81654626
0.7236473
0.9404054
0.70851266
0.8103571
0.7828699
0.7553824
0.8585092
0.9072684
0.8505085
0.80779785
0.9588455
0.85990995
0.9171798
0.87917656
0.92711246
0.87600046
0.9226138
0.85766006
0.9122595
0.69597214
0.67200744
0.7822118
0.7681738
0.80932903
0.5832879
0.92073935
0.802328
0.733441
0.8780045
0.9271186
0.55770564
0.9316416
0.94165576
0.72014326
0.9208273
0.93027955
0.94033206
0.8571005
0.7599328
0.8564916
0.8713142
0.9210292
0.71493614
0.96683294
0.8667923
0.91098654
0.957208
0.8512345
0.91018885
0.91871285
0.8227474
0.97389627
0.78681326
0.79718727
0.90549976
0.90913236
0.9276463
0.5003502
0.74240077
0.9001261
0.80884945
0.8975035
0.70360816
0.8530546
0.8425768
0.90671766
0.76849216
0.92428184
0.8045186
0.9322363
0.87792826
0.7701604
0.6983274
0.92137355
0.7724216
0.90350574
0.59083635
0.8738612
0.91132236
0.9117422
0.83277035
0.96425396
0.7382854
0.81744677
0.8161878
0.8008822
0.78692263
0.9259645
0.9222448
0.7872963
0.86534715
0.9243404
0.915
0.9464168
0.6882265
0.8147493
0.87381065
0.7990319
0.96489394
0.769528
0.9002212
0.653408
0.94134784
0.78087765
0.87422204
0.77398753
0.89656943
0.8846551
0.9630418
0.9661582
0.8819117
0.8468051
0.68255144
0.6988983
0.88370305
0.5238669
0.8564936
0.9592817
0.76883155
0.6392077
0.85121155
0.9543314
0.44406405
0.92257357
0.95527124
0.69380015
0.94368213
0.8423275
0.74828005
0.8060776
0.8800226
0.94265187
0.7422453
0.788499
0.8604593
0.7780435
0.9102764
0.8740468
0.87187177
0.974769
0.7739113
0.88158983
0.9345572
0.83318216
0.7960835
0.77264106
0.7969518
0.8470746
0.53137887
0.97082424
0.90898514
0.5877212
0.69436926
0.916202
0.76883525
0.8410192
0.7231595
0.85604227
0.94450605
0.9460801
0.76637834
0.8209914
0.7485683
0.8076091
0.7729513
0.91355634
0.8953731
0.9314817
0.91530144
0.86460066
0.9226037
0.93039966
0.7399567
0.66946363
0.9652093
0.97969073
0.92318034
0.92167515
0.6944492
0.58443415
0.8422889
0.88528466
0.86016273
0.75675356
0.8675258
0.92546916
0.87543726
0.9494883
0.50471663
0.92403
0.5741122
0.8940349
0.9207614
0.8044366
0.6524046
0.6370177
0.8579599
0.83381003
0.6857457
0.9734338
0.76337326
0.7692838
0.80926055
0.6781562
0.89917535
0.8972587
0.8580783
0.7433589
0.93788004
0.82690275
0.80458724
0.9553252
0.7910842
0.93506724
0.86282265
0.9231989
0.8973779
0.87290114
0.94179046
0.8736129
0.85888946
0.8060049
0.809948
0.88473076
0.9060092
0.9239815
0.7777031
0.87965894
0.9079848
0.93985945
0.55358744
0.8154282
0.9595822
0.6749525
0.87542844
0.86269146
0.78911734
0.84843934
0.8058149
0.965605
0.7575697
0.92812955
0.8893526
0.72503877
0.80825424
0.7860871
0.90840185
0.9711859
0.82450825
0.8318275
0.7862476
0.8548115
0.87408406
0.86040276
0.8974422
0.7021367
0.56570166
0.92744
0.8744501
0.86185944
0.9109961
0.61122197
0.9276969
0.93272316
0.940536
0.8339612
0.6662187
0.86583185
0.8840066
0.96717274
0.7484054
0.8162959
0.9623339
0.95022285
0.8559862
0.9070475
0.9290769
0.88361007
0.8479799
0.8961508
0.7320814
0.6795521
0.8943575
0.9502909
0.2782929
0.8364614
0.88808006
0.88506067
0.7445077
0.8313235
0.88139457
0.59836197
0.916914
0.9197023
0.74663734
0.9505034
0.9000947
0.8459906
0.63842404
0.92768824
0.6888772
0.82855403
0.84732354
0.6246485
0.9005899
0.968668
0.9233643
0.8466876
0.74413466
0.8610152
0.81248975
0.73755705
0.8149611
0.92630506
0.8010706
0.85770845
0.95259356
0.866983
0.7132009
0.8835614
0.88158625
0.76696205
0.84974015
0.77194816
0.90024644
0.79273826
0.76811105
0.8460928
0.85829103
0.85533303
0.9236495
0.8783776
0.78101903
0.943828
0.8688145
0.91910654
0.9183808
0.92635435
0.62136215
0.925076
0.86309373
0.80629486
0.86652577
0.8521981
0.87273127
0.8210748
0.926214
0.8964264
0.8776049
0.7689215
0.82431096
0.94067675
0.76961595
0.8614615
0.7823447
0.97327805
0.8961997
0.80929303
0.8371737
0.85998505
0.8409149
0.95146006
0.819247
0.75862265
0.9210258
0.6651297
0.92927754
0.92669636
0.92139685
0.9446156
0.9404134
0.8634067
0.3294396
0.938236
0.7524551
0.74853235
0.65125823
0.89629745
0.90339273
0.7303326
0.8355103
0.8182326
0.88463736
0.8535966
0.66498244
0.6481034
0.84642273
0.7593253
0.939059
0.79470605
0.870095
0.57060254
0.7498995
0.94686157
0.60909826
0.8486298
0.9429786
0.66614044
0.9188235
0.8336463
0.9009049
0.9324299
0.83423924
0.8308118
0.85853577
0.7888763
0.7889455
0.6705271
0.9195502
0.66125363
0.8319113
0.8204858
0.7804428
0.7089881
0.75011975
0.88683486
0.8761641
0.9445808
0.7403988
0.8768109
0.8317207
0.8078143
0.8271822
0.95146805
0.9210635
0.6865603
0.8080061
0.9396583
0.91014135
0.96523416
0.92000604
0.9385397
0.95817065
0.6123622
0.8472172
0.9455278
0.85025865
0.8570568
0.73685443
0.8286833
0.85725945
0.8840275
0.86477464
0.94143397
0.9110553
0.9054234
0.78268546
0.91293
0.89546096
0.83797824
0.73245203
0.7009437
0.68669343
0.9224797
0.73828715
0.8506478
0.77303654
0.93854773
0.7015354
0.70898104
0.9173151
0.8637471
0.9280304
0.7213117
0.90924895
0.9427155
0.7456974
0.84619784
0.9143775
0.93351996
0.6526258
0.81453335
0.89580584
0.9338349
0.89470303
0.8934332
0.75817555
0.6104659
0.78603035
0.9008436
0.8378349
0.9156367
0.4139983
0.8843075
0.7908387
0.95976186
0.5638092
0.7479613
0.85433817
0.8198756
0.84781855
0.87326765
0.74625856
0.7571668
0.74731684
0.8122524
0.76394
0.853199
0.780437
0.93163157
0.93786067
0.9637233
0.7715684
0.9551496
0.92942965
0.91088545
0.87167245
0.8981793
0.66515803
0.9700458
0.7839352
0.8441588
0.91409534
0.7532635
0.84298086
0.93447036
0.9254766
0.91200423
0.8552514
0.83967507
0.8086552
0.698624
0.8004927
0.93753415
0.82644403
0.80433804
0.81757617
0.964245
0.95631766
0.83303165
0.9327941
0.8165962
0.8938427
0.90676653
0.756932
0.7176814
0.88085103
0.8266963
0.89582086
0.830971
0.62930053
0.887671
0.799113
0.67978346
0.90944266
0.8173494
0.9634004
0.89599067
0.947541
0.7070008
0.8873621
0.79558235
0.7997103
0.89445615
0.43381062
0.71036816
0.81058043
0.49428055
0.8940614
0.82719636
0.8208012
0.829736
0.85656416
0.9674945
0.7101669
0.9267685
0.78175163
0.78749585
0.90467674
0.88460416
0.7525621
0.77035314
0.7730173
0.7955867
0.87748253
0.95012337
0.72220135
0.87790644
0.40177992
0.9246836
0.7756632
0.8110603
0.8956086
0.89798266
0.82563233
0.58396477
0.55469906
0.6803113
0.8743292
0.76451343
0.9661597
0.8206357
0.8395807
0.94917756
0.76785755
0.908669
0.7685728
0.8787191
0.616234
0.9267642
0.7461381
0.898825
0.67190164
0.95892847
0.8518352
0.91809213
0.8977372
0.94875145
0.85560775
0.9739263
0.7355698
0.84174395
0.92074114
0.8840881
0.7545106
0.7906488
0.794486
0.9084458
0.90599036
0.96480936
0.6944848
0.9452586
0.7932919
0.9423296
0.95703053
0.8122752
0.9110049
0.57654434
0.88850987
0.91955096
0.9378989
0.84811944
0.6331183
0.8409158
0.86800593
0.732646
0.80365413
0.8844078
0.9277221
0.9624419
0.9566193
0.5108541
0.9785223
0.62092507
0.90308577
0.9718065
0.94226795
0.8923145
0.87048286
0.840699
0.8146032
0.76727897
0.7170363
0.83639777
0.97932917
0.79610276
0.7279271
0.6097294
0.92073137
0.917464
0.89786476
0.8445425
0.8860595
0.8918255
0.5533977
0.8548248
0.64617026
0.8520646
0.925974
0.93316805
0.9399544
0.9199932
0.9336155
0.96160734
0.7808115
0.46016836
0.9644485
0.85620415
0.8487379
0.90228313
0.6455397
0.81651443
0.8258709
0.81439245
0.9553172
0.71596277
0.84483737
0.92640716
0.6203708
0.64404815
0.9647461
0.8858464
0.8081712
0.938344
0.70714206
0.6937248
0.80481434
0.85525954
0.5661974
0.7933009
0.8481786
0.8737386
0.8561596
0.96482134
0.8821188
0.6715559
0.85717654
0.6668978
0.83480674
0.66788715
0.87938285
0.92846894
0.94632816
0.7173787
0.7465143
0.7817887
0.82732815
0.82947385
0.9793325
0.9508518
0.8731468
0.68143356
0.93194395
0.9316653
0.92194426
0.6718172
0.5424688
0.70963204
0.6447158
0.8291357
0.9634816
0.9496982
0.5612643
0.94568974
0.8194235
0.7378652
0.81237537
0.900312
0.9584975
0.93775326
0.7937725
0.8762488
0.8181772
0.6986829
0.7008609
0.87068903
0.68618965
0.73922694
0.9210466
0.8804482
0.73734736
0.77209896
0.8976848
0.9679596
0.88194144
0.7887968
0.7542608
0.8250933
0.87658346
0.83513796
0.9146319
0.8740952
0.9254238
0.66566813
0.64133817
0.6182267
0.69366115
0.69784915
0.8160416
0.8329766
0.92876095
0.5907195
0.7021207
0.6812756
0.866388
0.8155103
0.9721754
0.92444074
0.94575566
0.74781483
0.6538873
0.8475556
0.7512615
0.69386995
0.8163534
0.8927113
0.90616703
0.9297005
0.8896032
0.40578848
0.95328546
0.9470277
0.9392276
0.4308036
0.92538583
0.9494738
0.8313875
0.87678653
0.9338774
0.8400643
0.87287986
0.8620424
0.7074198
0.78627205
0.60301155
0.9405575
0.73137546
0.70083
0.6987872
0.84860766
0.7356043
0.9251903
0.82423836
0.8120169
0.8720172
0.90716773
0.8908604
0.95061755
0.9175145
0.73089343
0.8204111
0.85310876
0.90645874
0.9549569
0.9174016
0.8916434
0.66569656
0.9761632
0.9090262
0.8411735
0.9338908
0.8456369
0.7807437
0.45781198
0.76298356
0.8771524
0.9366511
0.77189386
0.8521286
0.6530073
0.9261507
0.8326274
0.5746929
0.9163874
0.7999592
0.9049082
0.9302023
0.88927114
0.870734
0.71533525
0.8383811
0.93385375
0.8865911
0.8304661
0.7084369
0.7620523
0.76740044
0.8703148
0.8232278
0.9186878
0.8851477
0.72377425
0.91192114
0.37671888
0.8808904
0.8438133
0.9398463
0.8494396
0.8765946
0.726371
0.92682546
0.81927377
0.9488919
0.94541955
0.8528226
0.74953127
0.7125304
0.84255165
0.94600546
0.9231682
0.44969448
0.9508923
0.83479106
0.7715541
0.88111174
0.8932814
0.7797083
0.82553667
0.9428799
0.87791586
0.84430397
0.85329884
0.9292097
0.7734537
0.95846033
0.93038565
0.6855938
0.8286544
0.9070335
0.5102575
0.8721123
0.89964783
0.8105965
0.93452877
0.90570784
0.86114323
0.9017278
0.9462145
0.9259687
0.8691123
0.88194925
0.7829032
0.8120819
0.97631836
0.78768927
0.8430787
0.6903457
0.94407755
0.9053409
0.9663938
0.88073766
0.9664018
0.921913
0.83115065
0.71057653
0.944943
0.8717799
0.9139098
0.9498919
0.90367436
0.9090593
0.8940696
0.94301414
0.8053892
0.61837435
0.96644
0.9154722
0.620417
0.86170655
0.8191129
0.8378368
0.8653449
0.88879883
0.97294015
0.8761086
0.923561
0.9144414
0.90966487
0.81163895
0.839587
0.6487628
0.7407616
0.8473786
0.7604182
0.68663967
0.9710405
0.76462615
0.87898684
0.65071964
0.9254903
0.8936849
0.9300057
0.757948
0.9511651
0.9021201
0.950109
0.75422996
0.96161914
0.9422099
0.7048979
0.8728178
0.8456998
0.80828285
0.9287841
0.76272297
0.9726541
0.90829206
0.89815766
0.92763966
0.79467034
0.8941119
0.96974134
0.7697934
0.7844802
0.63561165
0.9614141
0.8261603
0.8053502
0.88862205
0.8510001
0.915627
0.91094726
0.72266835
0.90937245
0.94244486
0.8451656
0.86400265
0.84541714
0.77599555
0.77711296
0.81227744
0.9136262
0.7162957
0.7027745
0.8274282
0.88141936
0.8333061
0.8604625
0.8371905
0.9507676
0.50541526
0.9293334
0.8583628
0.8753615
0.7459821
0.923579
0.97117335
0.9436265
0.8675231
0.8941186
0.9019618
0.873765
0.88393515
0.93639433
0.7700808
0.8830134
0.7435825
0.8775878
0.9076206
0.9029527
0.6780079
0.5976056
0.7987443
0.91861993
0.90989786
0.82859635
0.7836262
0.9011703
0.81459296
0.90028465
0.8853875
0.7704506
0.8233908
0.83424073
0.942936
0.84697115
0.90878475
0.9280347
0.78822255
0.9623918
0.91233575
0.9365846
0.9397942
0.72742265
0.8470407
0.89053386
0.9005446
0.83858484
0.87743545
0.6469563
0.927345
0.8968088
0.95630246
0.71237785
0.87674534
0.7247496
0.89013064
0.9616038
0.61732924
0.8775257
0.80139244
0.9222003
0.7863718
0.9184779
0.79949254
0.97728
0.7805043
0.93940604
0.84868646
0.5717696
0.7805222
0.84909594
0.8474839
0.94175565
0.55207527
0.8494227
0.94037575
0.9654273
0.8892788
0.90604895
0.93103004
0.90066075
0.8745978
0.88536304
0.8421397
0.9179765
0.81995076
0.9255436
0.81829
0.7818419
0.80013376
0.87112945
0.8483602
0.832892
0.7796947
0.88330525
0.57902133
0.8238266
0.93986666
0.9218907
0.82451564
0.7600498
0.9741268
0.85398096
0.9287777
0.87939996
0.70678186
0.81187755
0.8507667
0.97068673
0.85304356
0.760171
0.9336672
0.94499016
0.9018037
0.95096946
0.91458994
0.92877334
0.86836106
0.91998035
0.88320774
0.970793
0.8703073
0.8626913
0.9625111
0.8697903
0.94425666
0.9063631
0.63151705
0.8682734
0.89706725
0.8605212
0.8457239
0.8433762
0.717247
0.6033832
0.7025394
0.85916203
0.83569056
0.7290546
0.81223273
0.79728854
0.9570939
0.92288446
0.78601336
0.79415786
0.80993026
0.9354283
0.7104387
0.8791268
0.8803061
0.88978064
0.8675029
0.96207684
0.9536534
0.8856168
0.6427763
0.7559652
0.86622983
0.66906804
0.95451856
0.91441655
0.81881934
0.627604
0.7120945
0.7549976
0.89605474
0.935973
0.92824
0.7490219
0.69723743
0.8344503
0.9438122
0.9288002
0.8286861
0.90250224
0.8647251
0.87690413
0.89182496
0.8813384
0.9375468
0.82844603
0.9242389
0.8417747
0.84641874
0.8369181
0.7773999
0.90973675
0.96875376
0.5165275
0.6979784
0.69331133
0.94403887
0.9395691
0.80529606
0.91190857
0.89693
0.9127161
0.9770205
0.96981096
0.69838095
0.96820617
0.7569039
0.7085178
0.82505214
0.80219644
0.8974249
0.9218462
0.66199785
0.899469
0.5598308
0.866347
0.88156444
0.6056024
0.82822204
0.77686733
0.71360534
0.8204268
0.76705647
0.6501937
0.96773016
0.9552058
0.92005694
0.59881806
0.8108001
0.9020493
0.84063745
0.6281541
0.8223623
0.91495234
0.6984862
0.82241714
0.8607653
0.9075081
0.8819911
0.9328298
0.9625009
0.661736
0.7957771
0.8904113
0.8254291
0.95324975
0.92680895
0.9472862
0.92180306
0.8570887
0.91786003
0.9045847
0.9110449
0.92990804
0.93875164
0.837026
0.9628787
0.7900603
0.9288963
0.9517222
0.737062
0.5918192
0.6863072
0.9115972
0.91750646
0.92950696
0.79105
0.8424109
0.8044493
0.938494
0.874892
0.92714596
0.56775105
0.45662972
0.8564948
0.8806832
0.7618758
0.9694558
0.8108038
0.9314187
0.86619174
0.92051816
0.8698238
0.9093196
0.7722292
0.74311465
0.6597061
0.93736804
0.922498
0.96210295
0.722602
0.8785901
0.86172736
0.9336217
0.8176419
0.91307926
0.88523835
0.91871035
0.81228024
0.9109683
0.80938566
0.8391658
0.901891
0.6909835
0.8336011
0.8145929
0.914768
0.836257
0.7771694
0.7659742
0.7598689
0.73399115
0.8674518
0.80796796
0.91239524
0.8264845
0.7345172
0.6155142
0.9239597
0.7378895
0.8418574
0.927372
0.81935847
0.7906449
0.84586143
0.87847805
0.77999866
0.902117
0.78624856
0.8017089
0.89848775
0.43592373
0.8962301
0.9435304
0.7880985
0.74542254
0.92416835
0.91522306
0.86735785
0.40151387
0.7102035
0.96834373
0.7014651
0.88706964
0.7884655
0.73484284
0.82479763
0.8275267
0.67470986
0.9143078
0.8870398
0.74871373
0.81668437
0.89163727
0.8229974
0.90658605
0.8597884
0.883259
0.94337773
0.9391704
0.9270906
0.8463421
0.8783258
0.9571779
0.6389791
0.78264713
0.8616144
0.77894306
0.94836795
0.69574064
0.85858345
0.75538033
0.737964
0.7812443
0.86582863
0.8595647
0.5002452
0.7544886
0.8661474
0.88778925
0.8278605
0.8045942
0.84311944
0.722695
0.73766434
0.82703406
0.9039298
0.8616529
0.8372246
0.94868326
0.8505031
0.87383926
0.9134886
0.7482333
0.531549
0.96915615
0.6455767
0.6872051
0.803603
0.91175425
0.9003055
0.8961328
0.6614995
0.86457574
0.75323313
0.84770894
0.82954365
0.9020541
0.6511741
0.84528995
0.8340103
0.8447659
0.82790244
0.89195174
0.87023485
0.82210845
0.5864349
0.7792399
0.8398049
0.8110128
0.9722135
0.6153666
0.8495818
0.9294551
0.80450153
0.62302655
0.73792595
0.87949455
0.957023
0.85183275
0.9542997
0.8468
0.84470564
0.8757803
0.92256296
0.8322164
0.9175289
0.82249635
0.8668951
0.9478176
0.832321
0.923107
0.86846685
0.9469658
0.8998666
0.7761036
0.7250772
0.7323325
0.8308951
0.7222354
0.70412284
0.68046844
0.9729631
0.9160887
0.91057503
0.6920041
0.86863315
0.9398151
0.68190515
0.7511493
0.87817675
0.88487685
0.9025722
0.81882596
0.875185
0.92423624
0.7272131
0.8948619
0.7938307
0.65801114
0.76586646
0.86146766
0.7512195
0.9175809
0.87819904
0.9254436
0.91335285
0.7617425
0.587877
0.95102006
0.8247682
0.9718134
0.8757135
0.9488142
0.9391479
0.7435427
0.86170256
0.66552347
0.8356418
0.8389833
0.93190837
0.77148664
0.93984747
0.92762494
0.77163255
0.872646
0.93760306
0.9710067
0.8902259
0.8883431
0.73980063
0.88537943
0.92052925
0.79845226
0.91543955
0.9302449
0.93134093
0.93338656
0.5888654
0.94771165
0.8980773
0.77539253
0.9247576
0.92763853
0.95267355
0.6751251
0.67802334
0.9585915
0.74216044
0.87261057
0.71265274
0.71013814
0.7922253
0.9437971
0.8151132
0.95624137
0.85269916
0.89169824
0.95587546
0.78418887
0.94713324
0.9710196
0.8882518
0.71953285
0.041001182
0.84095395
0.7692913
0.88313323
0.83513045
0.9032884
0.9004065
0.83619905
0.8812318
0.5777145
0.90750015
0.85813135
0.75788635
0.81575763
0.6109848
0.9157293
0.7667359
0.768269
0.8764702
0.7613689
0.9131749
0.6382893
0.8800414
0.7303897
0.93220437
0.66298974
0.9050627
0.8672561
0.85290796
0.89401233
0.77291334
0.9478893
0.9061208
0.90052885
0.9794749
0.9728775
0.77206784
0.8377932
0.9194783
0.96881056
0.85306525
0.84784406
0.9177226
0.84509337
0.9675083
0.9783745
0.9120523
0.92437994
0.91293174
0.9666698
0.8525685
0.90072095
0.89683473
0.9197646
0.8879013
0.93834525
0.93733716
0.9005019
0.6611666
0.8849877
0.8135239
0.7764736
0.9188316
0.95277935
0.8788307
0.8999721
0.81928563
0.7786346
0.4561505
0.6243191
0.76366025
0.8569804
0.7472261
0.839479
0.8252634
0.90029824
0.71268696
0.7394939
0.8915718
0.947531
0.6476499
0.9335156
0.91174287
0.96482563
0.90988266
0.90505165
0.6089682
0.8879458
0.88521576
0.9475808
0.7824892
0.70051146
0.88354415
0.78282094
0.8688283
0.89681506
0.9495469
0.84681493
0.6634875
0.94480366
0.76489204
0.8248431
0.9570772
0.91927963
0.8249162
0.7968015
0.6252324
0.85555804
0.92786705
0.9105668
0.80867606
0.47928703
0.9326339
0.89215064
0.9136445
0.8680188
0.8506175
0.90855336
0.8233516
0.91709137
0.91773117
0.94772136
0.74758065
0.835973
0.75300777
0.9731862
0.82099926
0.8581918
0.9007969
0.86144614
0.8760091
0.84237987
0.3414519
0.9586464
0.78303546
0.95255417
0.8579691
0.80077773
0.8470864
0.84527165
0.80998737
0.7871686
0.9226336
0.9326864
0.90762705
0.70409775
0.698155
0.94385517
0.86728996
0.91404665
0.9027687
0.8554427
0.8577224
0.81160444
0.9460894
0.9484787
0.89944345
0.6830916
0.8397456
0.8989929
0.8597654
0.8092545
0.8827316
0.925992
0.90133804
0.52033675
0.87444025
0.9041461
0.74538517
0.9247743
0.876484
0.9410703
0.8870405
0.9147354
0.8613017
0.8963036
0.7239545
0.8390484
0.9041497
0.9548358
0.8870102
0.93189776
0.8223104
0.88291436
0.7710796
0.86348575
0.80607295
0.8976743
0.9471766
0.8769579
0.93676937
0.8782644
0.5890277
0.91434574
0.90419984
0.7210794
0.8152627
0.8880347
0.8748645
0.940631
0.9376555
0.8860106
0.94460607
0.5333457
0.7873981
0.7658119
0.85594654
0.849232
0.8750193
0.76544905
0.9491334
0.8531891
0.9541648
0.8170236
0.9258331
0.96798915
0.87635744
0.8879328
0.7718299
0.8055152
0.84675115
0.88058496
0.6535448
0.8068751
0.714218
0.9180862
0.81371033
0.9440079
0.8541126
0.9360886
0.8569905
0.7806473
0.6871546
0.6822759
0.77668977
0.72658825
0.9189579
0.9023483
0.878138
0.787644
0.82664096
0.8469757
0.93833756
0.92769647
0.8308541
0.7857183
0.7573681
0.8641205
0.7929597
0.94180113
0.65817183
0.8904242
0.9225803
0.93208843
0.8891784
0.9543551
0.6759843
0.9498511
0.89413494
0.8091736
0.91333854
0.9539422
0.58109784
0.7786873
0.830101
0.866401
0.53458136
0.821375
0.9260584
0.9530325
0.84072495
0.72307706
0.84167755
0.73091257
0.7715596
0.85222703
0.71834075
0.57249564
0.84558326
0.955742
0.8282203
0.9542407
0.9110459
0.7881706
0.6883198
0.809464
0.88060164
0.7812597
0.7468904
0.70487654
0.87051296
0.9022187
0.7994744
0.9753401
0.87584734
0.9346875
0.79830194
0.78049946
0.9065445
0.8218806
0.5410427
0.88802767
0.85842806
0.8990813
0.93374145
0.8784219
0.9397417
0.61965287
0.881368
0.95504713
0.9108126
0.8375498
0.86875707
0.92219037
0.700455
0.895672
0.91567373
0.84394914
0.8801803
0.89577526
0.8718275
0.83899444
0.88345766
0.80132794
0.93958545
0.5831314
0.93186766
0.8235673
0.8632205
0.74264723
0.86247706
0.7756573
0.9368802
0.9711144
0.90687305
0.944196
0.9171667
0.94932437
0.88187426
0.8902895
0.94814384
0.83259386
0.78686315
0.8335554
0.88228846
0.8875268
0.8798547
0.9695363
0.82271254
0.8826825
0.7975619
0.81011987
0.47997797
0.9218431
0.8848802
0.8560605
0.46453765
0.8209004
0.8659688
0.8596634
0.51973444
0.94561106
0.8835162
0.933218
0.76392925
0.6650369
0.9126266
0.9187437
0.69511896
0.8752676
0.8272222
0.9435762
0.87940294
0.8840488
0.88994706
0.9404531
0.88050866
0.7283443
0.9255943
0.84341395
0.95125467
0.77550805
0.95075953
0.899186
0.6667444
0.6752525
0.7524259
0.8672818
0.9208889
0.9365064
0.87022
0.8703843
0.84337443
0.91012716
0.90428174
0.86714363
0.8764417
0.92967445
0.5754329
0.8690876
0.93397886
0.93508285
0.7929278
0.770015
0.80105245
0.78541505
0.88353324
0.8723579
0.9131558
0.9254336
0.86977684
0.77710986
0.844053
0.7873242
0.62021494
0.86317617
0.88518816
0.7533706
0.93010426
0.80368215
0.62610817
0.75483376
0.8452554
0.8144429
0.91649055
0.5770356
0.54394275
0.90963835
0.75244343
0.9080625
0.6490137
0.8800267
0.8056041
0.7832468
0.9305032
0.963348
0.9299028
0.94920135
0.8669861
0.7847806
0.9060569
0.71734965
0.85519445
0.8810526
0.90407157
0.8995842
0.7246877
0.5860176
0.95610225
0.8471339
0.9735508
0.8234025
0.85659456
0.8638703
0.9229034
0.93655694
0.8150674
0.9267645
0.9560171
0.80891764
0.9372387
0.34046888
0.69120663
0.8013874
0.90083903
0.7339664
0.69198155
0.7946991
0.9422226
0.88492024
0.61062837
0.83127105
0.84811985
0.7246674
0.4773373
0.94289845
0.7584326
0.80919456
0.94936496
0.8597052
0.59228444
0.6296217
0.8933562
0.63768846
0.90350115
0.94087315
0.7410732
0.9030489
0.9024815
0.62887436
0.872321
0.9134647
0.9720688
0.7754248
0.775637
0.94689626
0.6949239
0.8996088
0.7679457
0.9268918
0.9334262
0.85556364
0.83469987
0.8504692
0.8848469
0.6785308
0.68875396
0.8203932
0.8997634
0.95842934
0.9639392
0.9419128
0.94547695
0.8798526
0.88752514
0.87298703
0.9447195
0.8984477
0.8152174
0.63185734
0.9729808
0.90468997
0.7476355
0.8861748
0.7986287
0.6727335
0.79615366
0.8954431
0.96852577
0.79269856
0.91419077
0.83208215
0.70564157
0.7734277
0.9196935
0.83107257
0.91019946
0.75378734
0.9028445
0.88955927
0.7782899
0.67927504
0.6870799
0.9336369
0.7300265
0.8359859
0.7827952
0.8092133
0.80007136
0.84813076
0.8724425
0.88290745
0.7217316
0.88918424
0.7160613
0.95745754
0.67411757
0.81921333
0.94875693
0.6857022
0.9345213
0.7776846
0.90146387
0.8124388
0.47999942
0.91299325
0.9417297
0.7646065
0.8016825
0.81059116
0.8147901
0.6973194
0.89945
0.87938225
0.94594884
0.67333925
0.8811167
0.61789465
0.94476044
0.93533623
0.9124834
0.8931323
0.71084154
0.91762024
0.9222425
0.9295934
0.9766226
0.9086348
0.9330748
0.9434535
0.94274557
0.9438507
0.7241611
0.9532425
0.86341035
0.93161094
0.86618125
0.78586173
0.7856282
0.9086135
0.8088269
0.8671752
0.9541084
0.8506568
0.7927962
0.9235726
0.7886396
0.8159634
0.58377904
0.8082448
0.7660922
0.89804184
0.88724387
0.9018321
0.88912386
0.84276277
0.8906835
0.9078343
0.8805519
0.91593844
0.6787042
0.87853163
0.8382402
0.8253536
0.8383395
0.8269391
0.846636
0.8211429
0.49783987
0.7884036
0.92659104
0.75507647
0.86494416
0.40529343
0.8776891
0.7916415
0.85575473
0.92417485
0.8931953
0.81381196
0.7343004
0.9229203
0.956716
0.87101597
0.4367775
0.82844406
0.905192
0.9127979
0.85694635
0.88926667
0.8288657
0.9223257
0.9031885
0.87031984
0.9337241
0.92217296
0.7508341
0.6534203
0.86394167
0.8976991
0.662241
0.6870356
0.9039612
0.5917443
0.7826979
0.9661798
0.8988639
0.87434626
0.8935846
0.91440356
0.94082403
0.46590787
0.93649274
0.79989845
0.76735365
0.8363945
0.82784885
0.7123938
0.46293458
0.73868656
0.9273883
0.92918164
0.79019016
0.9493671
0.9543944
0.82658815
0.8375595
0.74985284
0.8607253
0.7782833
0.95458555
0.9402814
0.74969745
0.9148716
0.9580486
0.94225585
0.8074772
0.79982835
0.8835799
0.97657984
0.8966713
0.9158486
0.90637434
0.95187473
0.73237
0.85900307
0.91080135
0.7229539
0.91227585
0.7689205
0.6708972
0.8955296
0.7480099
0.75053144
0.6661035
0.87527204
0.6213087
0.86192095
0.9120616
0.6511477
0.89522135
0.9518157
0.7554697
0.8251378
0.8726455
0.90187246
0.6971287
0.78250194
0.951003
0.92675126
0.92165357
0.90308917
0.89690655
0.92486095
0.93912596
0.9015281
0.7883918
0.96043587
0.71103036
0.78850967
0.8855524
0.87346756
0.87204486
0.71343386
0.74436206
0.7066004
0.85440916
0.94641995
0.87044525
0.5734052
0.6643237
0.90426654
0.909565
0.9504446
0.91349494
0.8943188
0.88214386
0.8739109
0.88374823
0.8116034
0.89321643
0.8996539
0.91425794
0.92191505
0.88472056
0.9109515
0.87198937
0.8522251
0.65001905
0.71638644
0.8265587
0.9747753
0.72386914
0.7602982
0.88181937
0.798265
0.9469693
0.8573651
0.9456023
0.98006463
0.75887465
0.8385233
0.6316217
0.78782666
0.72445965
0.95550454
0.8703179
0.91843
0.7987405
0.8185971
0.8668301
0.7945421
0.75841814
0.9209278
0.88171536
0.72233593
0.76343936
0.9020426
0.6607419
0.4644293
0.5267972
0.8492627
0.64223546
0.95106006
0.79712397
0.9432204
0.8489264
0.92230844
0.7842572
0.9020304
0.87063396
0.93728584
0.8046978
0.88790447
0.56311804
0.86618334
0.95623714
0.8721438
0.7285856
0.9263731
0.8564799
0.961027
0.8974669
0.7069097
0.96435225
0.8781164
0.6810452
0.8224878
0.88952047
0.8212693
0.92776716
0.87706465
0.8651587
0.47515672
0.96376467
0.7239263
0.9554631
0.86302304
0.8508594
0.8114824
0.9372848
0.8796768
0.88539875
0.9048223
0.8487624
0.9406508
0.88081145
0.8599558
0.96907926
0.7837931
0.83612597
0.94243777
0.372071
0.94367033
0.7225179
0.8918868
0.93637717
0.7465451
0.90661144
0.69149977
0.91520536
0.5067932
0.92905253
0.92095596
0.8924962
0.8595073
0.7187125
0.8702029
0.85200894
0.94468886
0.6204779
0.94837576
0.94417155
0.93624264
0.83699626
0.91147053
0.8000661
0.90408725
0.9854663
0.84791076
0.90690935
0.8773897
0.83451784
0.92492044
0.87340015
0.70452696
0.64984024
0.80344796
0.78982794
0.9222333
0.8976859
0.7062371
0.7964236
0.92684233
0.8342746
0.7922238
0.6722689
0.9379122
0.87614435
0.93414754
0.8400829
0.88781583
0.6989269
0.8748575
0.6264082
0.8077497
0.81926984
0.9482887
0.873752
0.8371171
0.83078086
0.9535959
0.810692
0.8810843
0.8699271
0.8495881
0.90603745
0.6400363
0.67949635
0.7998915
0.91947883
0.8949748
0.6611996
0.94701576
0.93557614
0.81993014
0.96706426
0.91361594
0.8472916
0.86306244
0.79609996
0.875607
0.9406237
0.8955617
0.95483583
0.94427127
0.8067143
0.59843475
0.54683477
0.8877594
0.938738
0.88407546
0.9412488
0.9598056
0.9293731
0.9423466
0.70287305
0.93239176
0.84447026
0.9567964
0.871493
0.952484
0.8513787
0.9758928
0.8679483
0.93952537
0.8789749
0.94222957
0.86377716
0.89087343
0.93792266
0.81558365
0.88126767
0.6937313
0.92473507
0.9042993
0.9532051
0.8840462
0.89069957
0.9497647
0.8917624
0.7620552
0.74212325
0.81015813
0.7862322
0.92160267
0.9318173
0.87099457
0.6516874
0.58093333
0.602284
0.9297148
0.8029631
0.9614475
0.84980106
0.816267
0.8423124
0.84907407
0.74509716
0.92822254
0.84986925
0.77045095
0.8974917
0.5974603
0.78834176
0.9112254
0.42171103
0.85583365
0.6528476
0.79687905
0.81644017
0.82232755
0.6629589
0.83037907
0.9122913
0.8196994
0.932858
0.9003005
0.9367771
0.21475156
0.87637866
0.95708483
0.8552336
0.8974876
0.8809396
0.884049
0.9141773
0.9388004
0.9357591
0.92902637
0.8898803
0.9479099
0.9348388
0.91031796
0.8044795
0.90963984
0.77681196
0.8294565
0.91335875
0.94084734
0.84765655
0.95737255
0.9297092
0.6527714
0.97097147
0.86051136
0.95921767
0.94871664
0.69397175
0.72611994
0.9583783
0.95962226
0.8687401
0.76899236
0.9463807
0.7081639
0.74111193
0.7218063
0.84638387
0.7522659
0.8733234
0.7528709
0.9082416
0.91979593
0.8813374
0.9241764
0.74021685
0.9345789
0.7381229
0.9733571
0.93917066
0.72561973
0.83692694
0.8028306
0.902435
0.9127516
0.87326837
0.87097263
0.7952197
0.92640835
0.91281724
0.85019076
0.9008543
0.860408
0.88580585
0.8138553
0.84239537
0.979353
0.864682
0.8321546
0.8801222
0.55727005
0.73878205
0.6617695
0.8350375
0.7652922
0.6449832
0.7702713
0.66249174
0.96955913
0.9700935
0.464297
0.8128819
0.93527645
0.9323666
0.9171551
0.88322216
0.76872134
0.6860424
0.9479908
0.8565382
0.928409
0.95574445
0.93690026
0.70204216
0.8508859
0.6410768
0.87273616
0.6583624
0.97622806
0.92914796
0.69445735
0.95033157
0.9056493
0.9429241
0.81935537
0.89594156
0.9178891
0.86844534
0.7085695
0.67023623
0.6622188
0.9429381
0.9383404
0.9041981
0.886933
0.81010926
0.4536568
0.26766202
0.77903885
0.940194
0.9565743
0.7497314
0.97351456
0.78953266
0.6850969
0.91103196
0.9358579
0.8549348
0.8489503
0.719122
0.8722307
0.88250387
0.76499707
0.9459206
0.9055234
0.44009835
0.8838583
0.8997614
0.8495482
0.5995686
0.6307735
0.83763015
0.6861747
0.75656027
0.8534053
0.51586676
0.8023479
0.91974294
0.77872807
0.77846146
0.92828006
0.6979744
0.801621
0.7705751
0.5386715
0.8110241
0.867876
0.81246185
0.9683579
0.91177994
0.9238215
0.7694253
0.8762654
0.8389871
0.92190903
0.7538677
0.9109445
0.9246543
0.69297475
0.76410896
0.4778949
0.5909438
0.98268825
0.6837568
0.8590499
0.9441937
0.93164355
0.5472017
0.946468
0.80966514
0.8148926
0.8238863
0.96498096
0.6418793
0.9387766
0.9165426
0.8338337
0.92314523
0.8918857
0.8819763
0.79447365
0.9136636
0.8935253
0.7562568
0.7959354
0.8489563
0.9062782
0.81168306
0.9015377
0.674656
0.7282347
0.9502615
0.8922645
0.68609643
0.82192504
0.91023153
0.82630336
0.66778
0.90668863
0.7566511
0.9538343
0.88644314
0.8516711
0.9675488
0.7955465
0.88700676
0.8831703
0.9012488
0.806156
0.8671726
0.7248259
0.68752223
0.8742622
0.8947663
0.831193
0.81268483
0.9426199
0.8148812
0.87240887
0.92673004
0.70164406
0.8175904
0.9343122
0.90662336
0.83893335
0.8354042
0.91774166
0.5652411
0.8632002
0.86166626
0.9272052
0.91827494
0.8700892
0.8196684
0.8777055
0.92940664
0.74902683
0.83262086
0.8967987
0.63035846
0.92140484
0.803796
0.7720496
0.91144806
0.9356487
0.9530764
0.70709336
0.701427
0.88289064
0.8948128
0.89178145
0.73429716
0.95529175
0.85508615
0.89656264
0.4531163
0.9152145
0.8270916
0.9231039
0.6043449
0.88068175
0.8212847
0.85942364
0.89814955
0.8487403
0.7440424
0.6162487
0.7747155
0.85354286
0.8953156
0.781601
0.8315213
0.91612744
0.9110965
0.9375993
0.87270164
0.79886615
0.78081137
0.9195088
0.90340775
0.94301414
0.85477227
0.94823605
0.89460015
0.9114905
0.899318
0.6490749
0.8658575
0.844424
0.88570046
0.8989931
0.85783195
0.79541415
0.90549153
0.86137813
0.77936447
0.920776
0.9512632
0.87335545
0.8939003
0.9579032
0.576686
0.92855084
0.8428212
0.90068847
0.9633784
0.85976005
0.55204004
0.9221209
0.8417592
0.8393035
0.94027543
0.85866266
0.855809
0.95971227
0.8951213
0.86016136
0.7062053
0.6628738
0.9205759
0.8328793
0.5595882
0.8943192
0.8871976
0.7763357
0.8573042
0.75838363
0.8758369
0.96797264
0.73259556
0.91216445
0.73814446
0.9042678
0.95567995
0.557292
0.8999841
0.9765571
0.7976029
0.9336672
0.8291421
0.6916136
0.89226484
0.89277977
0.8780412
0.5834859
0.9195105
0.9147509
0.9524892
0.97693676
0.8282004
0.7439778
0.712108
0.95720017
0.9474295
0.67945856
0.8074925
0.7202887
0.90316206
0.82289344
0.76293874
0.6956035
0.8960271
0.75936234
0.9674748
0.9658307
0.92213166
0.921035
0.8908022
0.8689778
0.9045151
0.8217313
0.5486527
0.76289165
0.9189538
0.86803865
0.93728817
0.9469245
0.9219868
0.9409373
0.8969141
0.9270118
0.92570364
0.75332236
0.7954548
0.80446637
0.88255453
0.44949308
0.8149588
0.82294595
0.8373021
0.9366492
0.78537333
0.911726
0.85944295
0.69372064
0.8978158
0.77664936
0.7386571
0.9263234
0.89681035
0.79425776
0.9714143
0.73230636
0.90133834
0.81310284
0.84344476
0.9421624
0.8745774
0.75860107
0.8895465
0.83594394
0.8861326
0.8885391
0.8721411
0.8556955
0.88385874
0.6396178
0.6682627
0.87529105
0.9184079
0.89955956
0.77673715
0.90688884
0.7529093
0.77234244
0.77222013
0.972558
0.73624974
0.89731055
0.8465014
0.9148556
0.96931976
0.89888436
0.8134752
0.949822
0.9319271
0.8320172
0.9511411
0.51869416
0.9557151
0.93345326
0.6472142
0.8768763
0.95711935
0.8942188
0.8803889
0.93722636
0.9217569
0.75280195
0.8326427
0.9417403
0.87155247
0.91050804
0.9440276
0.9459193
0.9300146
0.8232457
0.57397616
0.93488866
0.78284883
0.8251527
0.76851547
0.8709065
0.69443727
0.9381805
0.8568183
0.72857106
0.95461076
0.8816723
0.73968697
0.9385936
0.8236772
0.9649564
0.73302203
0.8778387
0.5894935
0.8849607
0.74279165
0.901134
0.7530911
0.8315415
0.73497707
0.85649675
0.9147272
0.89834905
0.7753602
0.87788147
0.9370145
0.8451243
0.96003556
0.92858756
0.53677434
0.33441126
0.9490674
0.7969474
0.7059916
0.92942953
0.88126546
0.8325649
0.74273044
0.957188
0.96573937
0.77762944
0.34874132
0.7704467
0.7804392
0.94710004
0.78970784
0.8317704
0.6688311
0.8381176
0.8963895
0.8554598
0.83784425
0.9457558
0.87972903
0.9499064
0.8127947
0.85843074
0.9013746
0.8730548
0.87232506
0.961635
0.72696626
0.956111
0.94213825
0.63894784
0.8740472
0.9287562
0.6099047
0.78105736
0.8629366
0.85372674
0.9362226
0.86731833
0.8901041
0.853933
0.7892629
0.765555
0.90414953
0.9340414
0.9325776
0.9517796
0.96164155
0.96634936
0.89030766
0.7855913
0.7902931
0.74559367
0.7927081
0.90675515
0.9087815
0.9634734
0.9605144
0.8680061
0.8806666
0.82492733
0.6018652
0.8614865
0.7869692
0.9587829
0.9576299
0.91967213
0.91827816
0.84623396
0.91451573
0.8629365
0.7884532
0.88047063
0.7705911
0.9658022
0.8397341
0.8685116
0.8450146
0.959664
0.81163585
0.9490733
0.8375913
0.80536056
0.7015691
0.8595134
0.65593255
0.94474536
0.8246674
0.89763504
0.8236445
0.8996582
0.68648314
0.80502576
0.81095344
0.8371444
0.95726275
0.87422585
0.83945024
0.88219166
0.7475612
0.7409752
0.905423
0.9175389
0.8357093
0.8549173
0.8368409
0.6304564
0.92966384
0.81180656
0.7603526
0.7775348
0.9750745
0.5746934
0.8926282
0.8739273
0.86111414
0.90266126
0.9133415
0.881398
0.8449655
0.90192735
0.2940852
0.9149879
0.64593774
0.8866069
0.9176489
0.9153625
0.88223463
0.849345
0.8491559
0.89787734
0.9037136
0.92550266
0.9161875
0.7143068
0.9425358
0.81525123
0.9385875
0.94415
0.87659144
0.8392221
0.6819401
0.90832543
0.7725712
0.83113074
0.82989776
0.78765315
0.9081188
0.91999364
0.70649594
0.77758276
0.8776459
0.9015598
0.8193659
0.9237548
0.81925833
0.8270282
0.78910106
0.9558097
0.86390114
0.9352044
0.7035697
0.8727708
0.71680003
0.90289795
0.8290203
0.6601358
0.4477498
0.8883829
0.8446262
0.8556814
0.90778524
0.92413056
0.83361393
0.8617718
0.61284226
0.8664133
0.8151953
0.66207427
0.8945481
0.88823956
0.6208288
0.85366714
0.8749712
0.83591497
0.86603767
0.64549243
0.91728294
0.9597831
0.8163446
0.85038763
0.9047739
0.91186166
0.93879044
0.9466413
0.95012
0.8455723
0.9042175
0.8417399
0.60801196
0.3371716
0.8506067
0.69422793
0.86726534
0.96348643
0.8359785
0.8797693
0.8376714
0.5315393
0.890934
0.8975006
0.7967297
0.88110495
0.8436938
0.8474763
0.911331
0.76307195
0.8253347
0.9730596
0.8770601
0.95414543
0.8966757
0.6903262
0.84819496
0.9370276
0.7704143
0.9351308
0.7547323
0.9461353
0.95344436
0.8864935
0.6874372
0.8361527
0.69889426
0.8204229
0.8925352
0.49780914
0.85261023
0.93548214
0.72826207
0.8930954
0.6886334
0.86497635
0.95678127
0.86638147
0.92780626
0.8388567
0.857824
0.7301356
0.7771803
0.32602698
0.7914057
0.5157531
0.9495719
0.792269
0.78008825
0.5649322
0.68762475
0.909218
0.9096302
0.83045655
0.8856119
0.8675424
0.72715396
0.8336229
0.93449146
0.9412232
0.7228604
0.71932006
0.72418666
0.8749073
0.96788937
0.9453633
0.66778076
0.9201341
0.74068713
0.897254
0.87733984
0.97842574
0.9851003
0.97479695
0.86806154
0.7942386
0.891973
0.89653236
0.8620021
0.96549994
0.9326148
0.9634765
0.9362389
0.84862036
0.876481
0.90408874
0.40137303
0.7541453
0.78957963
0.7787078
0.66727227
0.6049607
0.8506043
0.74200296
0.8690092
0.9031278
0.9356088
0.8506232
0.9000051
0.7344088
0.9065693
0.9554093
0.6125849
0.8904544
0.8934672
0.620876
0.86011374
0.8892649
0.87301123
0.71474636
0.9362857
0.8840661
0.88257873
0.8491745
0.8519856
0.9378718
0.6835039
0.87554026
0.5785639
0.8542931
0.94460267
0.904941
0.7378431
0.86703813
0.8763324
0.94993514
0.96756184
0.4805447
0.86243665
0.9218926
0.93392307
0.8096754
0.8829929
0.8340234
0.6072718
0.973333
0.9473679
0.8141222
0.9377343
0.8215495
0.8680577
0.9005813
0.6483873
0.9339054
0.88845134
0.81865346
0.7044694
0.97972685
0.8069463
0.55577785
0.8532052
0.8148569
0.95564145
0.97110873
0.7848314
0.6438477
0.86722535
0.74369466
0.77686524
0.82545584
0.88953453
0.9343636
0.9547126
0.8622706
0.83766973
0.80633193
0.9533168
0.9584178
0.96676284
0.8844911
0.95414716
0.86924577
0.840472
0.9291875
0.8592896
0.9605603
0.8815984
0.7522122
0.92829204
0.6143688
0.8201505
0.8929107
0.89857113
0.9359347
0.9627533
0.6864885
0.82553244
0.8771221
0.93386126
0.9527828
0.89727503
0.79931897
0.86469364
0.7119423
0.82577944
0.7981279
0.7333379
0.95281136
0.6970913
0.87255347
0.9366594
0.8889857
0.44908082
0.9175092
0.57935333
0.78820896
0.8556951
0.7237218
0.8975502
0.7253073
0.8854976
0.95917547
0.626962
0.68644786
0.8758533
0.912514
0.7460723
0.80889964
0.7751994
0.8462018
0.5367042
0.935846
0.8900045
0.76211923
0.80908346
0.9562509
0.87288415
0.9298891
0.9664941
0.89252555
0.8767761
0.8189192
0.9010552
0.74115264
0.636828
0.8729212
0.77449673
0.9588257
0.8743725
0.8124774
0.9420467
0.84403
0.9057146
0.9443853
0.74613774
0.6989315
0.7772784
0.8654784
0.84549546
0.81535447
0.9665848
0.8833592
0.7779395
0.94565207
0.91894245
0.86004066
0.61933494
0.36830926
0.793177
0.78946984
0.5969215
0.73630536
0.7909343
0.8256061
0.8170741
0.8514895
0.6710868
0.79038584
0.88297194
0.9434222
0.97332966
0.7843962
0.9122807
0.8780967
0.95409495
0.82744503
0.8819695
0.8966882
0.91109204
0.9521258
0.869572
0.92781544
0.96302384
0.91504455
0.80386955
0.8774717
0.88599163
0.8856609
0.7791298
0.86374617
0.75984603
0.95477474
0.62842697
0.87166625
0.68642694
0.9098916
0.855226
0.78271544
0.90906745
0.7929698
0.8891076
0.91060984
0.8028565
0.87901807
0.84751344
0.7876333
0.6563924
0.675001
0.87660676
0.60822576
0.6648993
0.8607381
0.6224253
0.85247624
0.78874624
0.7568688
0.9396886
0.9063682
0.9565484
0.8627054
0.8583034
0.78596765
0.9142693
0.8426036
0.8958144
0.9382833
0.82172316
0.94559234
0.91370976
0.9127228
0.9440634
0.8755721
0.8559944
0.94434255
0.9264599
0.7757981
0.9215121
0.785319
0.75606406
0.87610996
0.79162455
0.79666567
0.94520247
0.8503852
0.88404936
0.8820367
0.7620906
0.9752302
0.82145333
0.94639707
0.48030913
0.9581177
0.6585596
0.8719608
0.90588826
0.65260977
0.7656045
0.9138296
0.8764219
0.88654184
0.9148605
0.77258533
0.78413045
0.7394943
0.8892499
0.9331759
0.91356313
0.7149588
0.79900825
0.9800243
0.8313311
0.9564333
0.5683384
0.7232794
0.9099284
0.9462292
0.8338903
0.77968633
0.5521286
0.91504264
0.8869029
0.6004859
0.5431796
0.80626976
0.84164536
0.8758169
0.7515658
0.76999104
0.87532836
0.6282544
0.93388844
0.87826955
0.86506325
0.91080385
0.90576226
0.91926616
0.7010485
0.91314685
0.8337066
0.92299044
0.6529387
0.8459468
0.92700875
0.9669693
0.8550961
0.6736149
0.9017157
0.89617324
0.76902723
0.7963699
0.6320838
0.6268386
0.7342819
0.85313493
0.9564402
0.8922039
0.96148986
0.48500502
0.89835626
0.80201423
0.871419
0.8083992
0.7256943
0.8831848
0.8935285
0.9541499
0.86215454
0.87407243
0.68510896
0.83159554
0.868953
0.7498721
0.80819535
0.91938615
0.94738925
0.82793844
0.9451041
0.94851226
0.8305399
0.81780636
0.87148887
0.82860464
0.92068106
0.86686623
0.47629425
0.79581386
0.9140352
0.8663414
0.90358305
0.8987256
0.7888391
0.5707489
0.7303632
0.9544023
0.90686905
0.90277064
0.7118192
0.9415009
0.8835269
0.75157726
0.86793786
0.8935951
0.8826079
0.7605601
0.8441867
0.95290655
0.6650802
0.93089324
0.9210044
0.9314237
0.8293036
0.89852977
0.8497376
0.9255241
0.8574124
0.8030377
0.8721648
0.9227464
0.9349146
0.8126499
0.8161123
0.6683458
0.7332099
0.6380347
0.8389447
0.9734746
0.85003245
0.8022523
0.865744
0.85667515
0.83335024
0.82573426
0.9221599
0.83958435
0.9367491
0.7604242
0.82995844
0.75558245
0.9133885
0.8289448
0.9293234
0.85874623
0.7092063
0.74848276
0.9504799
0.88127804
0.72304034
0.91110057
0.9316551
0.888022
0.8645346
0.81734747
0.9057217
0.9044862
0.8911702
0.9405244
0.6713826
0.8889372
0.9459169
0.78650826
0.7828909
0.8157548
0.9427928
0.8865193
0.9089926
0.96410966
0.8561011
0.80825603
0.83227897
0.8077216
0.9312319
0.8878814
0.8884129
0.8089255
0.76759094
0.9244366
0.8848597
0.9090586
0.86206347
0.9386693
0.88240194
0.9492063
0.6181445
0.71588385
0.9574758
0.84709
0.9090092
0.8335053
0.8664744
0.655844
0.9286845
0.6854639
0.71978295
0.82765293
0.8308909
0.5389456
0.90127444
0.7400736
0.7702182
0.83863634
0.8253166
0.9241025
0.906578
0.7907769
0.83228713
0.92264676
0.80848706
0.78869
0.9586595
0.73295164
0.7590821
0.942194
0.87369096
0.5768484
0.8716043
0.9548571
0.8086865
0.91365045
0.83571696
0.83452404
0.79951376
0.8309938
0.8269832
0.8627856
0.86789405
0.5212368
0.6902986
0.8034221
0.75384593
0.7178228
0.9059892
0.92327106
0.92457086
0.924834
0.8087552
0.68138164
0.847662
0.8765525
0.84769243
0.66686106
0.85018605
0.9409777
0.9226667
0.8558295
0.65598214
0.5258522
0.863842
0.91038966
0.9027064
0.93822885
0.6853408
0.8577832
0.84814864
0.83300644
0.89745086
0.6938754
0.8690568
0.8379582
0.9083418
0.9740504
0.9114487
0.7335288
0.85350436
0.9098025
0.6342983
0.8891347
0.7616085
0.8755862
0.58951247
0.828009
0.7434845
0.7155294
0.8144746
0.9126026
0.8361509
0.77848136
0.84204614
0.95033485
0.90035677
0.70328045
0.870637
0.8721205
0.94754654
0.8701776
0.79744047
0.8943812
0.86068237
0.9015769
0.6965944
0.9433068
0.89500636
0.8261754
0.8027127
0.6680926
0.76605326
0.8604568
0.71861285
0.80805904
0.8453826
0.66681576
0.6472869
0.9263673
0.94090754
0.8116857
0.81348324
0.8223872
0.81744844
0.839903
0.92472315
0.8367267
0.7489183
0.71866584
0.83455837
0.63413525
0.95401347
0.66875803
0.8297166
0.8057562
0.8660188
0.89387
0.6319114
0.88873845
0.9419628
0.9535226
0.73575217
0.92328143
0.801658
0.8976449
0.8644817
0.89536566
0.8726641
0.90950024
0.9092851
0.87972224
0.9116714
0.97269493
0.9253357
0.70378745
0.89816093
0.96858674
0.9557203
0.90769345
0.97489244
0.909244
0.8299256
0.90517265
0.8311741
0.88171464
0.79637665
0.95378757
0.89580655
0.9674915
0.5976367
0.9325969
0.93207854
0.75312525
0.86105424
0.9484628
0.78727293
0.8834977
0.89505786
0.9588554
0.81645703
0.7802135
0.56728244
0.808486
0.88720953
0.90901184
0.9131208
0.96767586
0.7233678
0.9391067
0.86400104
0.8703895
0.83462584
0.7487505
0.9267625
0.9075884
0.74544346
0.76942533
0.87599295
0.9136087
0.8094008
0.9741624
0.41951144
0.7714534
0.8720453
0.88365716
0.6449236
0.4786371
0.87616354
0.9261873
0.3862564
0.76954687
0.831652
0.6110728
0.91025543
0.8727801
0.801375
0.766659
0.8524036
0.8177021
0.900048
0.69535327
0.89715236
0.8752078
0.8943097
0.9414648
0.87099314
0.65443885
0.9400991
0.94219154
0.82436305
0.9238848
0.9043373
0.85218465
0.81849474
0.9150987
0.77935624
0.9200717
0.9437336
0.8858902
0.9315686
0.9427783
0.85683703
0.97510386
0.9326954
0.84326404
0.9033934
0.7527227
0.75114053
0.95774996
0.9144517
0.8714179
0.90156096
0.9485323
0.83452415
0.9249468
0.93373996
0.9143875
0.74548686
0.9025015
0.8251011
0.92914563
0.72386414
0.85475224
0.906319
0.88624394
0.8397572
0.8621722
0.80430454
0.8794453
0.8972983
0.9070396
0.9387345
0.9103382
0.79287016
0.72825336
0.92730045
0.8052718
0.8674297
0.93242097
0.8816823
0.7689759
0.7281147
0.577371
0.68601304
0.95444775
0.9213975
0.75231075
0.68053544
0.8327865
0.86742616
0.8978965
0.88747036
0.81776637
0.7194425
0.94438845
0.7808994
0.9501374
0.9388154
0.95312726
0.7332969
0.9405935
0.57710475
0.9417622
0.89810485
0.8137777
0.95654124
0.83151656
0.6502735
0.8086318
0.70852035
0.8438359
0.6986836
0.9609693
0.9389132
0.70603716
0.814108
0.89420426
0.8844882
0.8993561
0.8820216
0.70988894
0.7132168
0.84770876
0.77737445
0.9292032
0.9331536
0.8602735
0.8008177
0.9450018
0.84887683
0.91396964
0.8674412
0.87241334
0.82043046
0.78836465
0.65124565
0.7932136
0.5221216
0.87021095
0.91701275
0.8959701
0.8113574
0.9325496
0.9094123
0.73948586
0.8995496
0.89769953
0.7931917
0.7944496
0.93856215
0.7950472
0.8555871
0.89222795
0.8137838
0.7795374
0.7519362
0.921505
0.7743491
0.88980013
0.74563134
0.71578383
0.79114
0.81615674
0.9618013
0.81996894
0.77660847
0.7145054
0.75351703
0.92406905
0.89289737
0.93172276
0.7862247
0.87334234
0.93124634
0.9173478
0.80504954
0.85996
0.8423123
0.951297
0.6281602
0.6522231
0.8668312
0.8756535
0.81404805
0.94711715
0.9094917
0.93766654
0.7236933
0.6587173
0.44361597
0.8692065
0.9363536
0.68951267
0.83087295
0.90510327
0.82768404
0.8225496
0.72359145
0.5488788
0.864613
0.970438
0.86478746
0.7521256
0.5698748
0.9572593
0.7368782
0.6527761
0.4772445
0.926496
0.92469954
0.9361091
0.9033778
0.80011934
0.9716841
0.82591903
0.85474414
0.83163106
0.7547297
0.88024557
0.7122757
0.8418267
0.9257796
0.7814571
0.6109427
0.6502135
0.9419713
0.82971364
0.93577236
0.8463804
0.85484767
0.7102
0.88484156
0.95320857
0.62748015
0.91719997
0.87901723
0.7791572
0.58512527
0.814058
0.6945746
0.834232
0.95182514
0.78742856
0.92155296
0.93946433
0.69918174
0.9468021
0.68465286
0.84357643
0.83150864
0.7502792
0.9165716
0.89966935
0.884009
0.9138409
0.81643057
0.46341366
0.88148797
0.8699959
0.94611895
0.94864833
0.9003148
0.7678679
0.8697342
0.9184619
0.66481644
0.7564399
0.8738665
0.95573986
0.9095355
0.9468276
0.86936677
0.86171573
0.91664994
0.62615955
0.8734116
0.9430262
0.74180216
0.57258916
0.9463025
0.8439065
0.8929638
0.9494522
0.91308206
0.81465536
0.928131
0.92079115
0.9030971
0.92613226
0.9722241
0.9001064
0.86945
0.70889795
0.888671
0.94344676
0.89874625
0.79061663
0.6983795
0.8956796
0.6910348
0.4628564
0.84648037
0.8438314
0.79334027
0.74347794
0.9348986
0.9260926
0.749367
0.83183664
0.80084
0.84691364
0.957406
0.91641635
0.6127843
0.7661224
0.9610233
0.8343146
0.8407692
0.7858843
0.96137714
0.73980105
0.7488455
0.94128865
0.53264755
0.73377603
0.9561664
0.9501341
0.9153752
0.80239475
0.8459125
0.8729988
0.96489644
0.78048277
0.8980719
0.9282942
0.83922875
0.93919843
0.91167736
0.8210096
0.930798
0.63686836
0.8552722
0.7956689
0.94648105
0.84060293
0.9208885
0.83316076
0.7674869
0.95363986
0.92114353
0.8841349
0.84014237
0.94481015
0.8777454
0.7650721
0.8960012
0.90093213
0.7009577
0.87878984
0.82587355
0.87798375
0.89833295
0.95507467
0.8797227
0.7711074
0.87010205
0.8614668
0.78228074
0.94842494
0.45868808
0.77465755
0.93894386
0.88877285
0.96337163
0.8783052
0.9303548
0.7946781
0.9416199
0.8848085
0.617065
0.7117712
0.8652414
0.65966076
0.595309
0.88054633
0.4895981
0.9493758
0.8000151
0.943525
0.9174355
0.95778084
0.8856328
0.7646644
0.9547036
0.81582624
0.85386133
0.8360731
0.8314848
0.91906375
0.17670776
0.7451769
0.49654552
0.8872244
0.8994056
0.7390562
0.95738834
0.54918665
0.7293174
0.8181665
0.9244898
0.9001969
0.48173165
0.8799967
0.8545219
0.87441814
0.8468073
0.7688004
0.8042802
0.829042
0.7689725
0.7953241
0.95395464
0.91433144
0.69301605
0.7947398
0.97419715
0.87067
0.79032564
0.7283779
0.8733389
0.50886625
0.7711907
0.86230963
0.9717399
0.87708926
0.861598
0.8864581
0.84323263
0.45935676
0.9640668
0.8759565
0.89338756
0.93915594
0.9095644
0.8912802
0.84087735
0.892975
0.6944468
0.82381636
0.75810665
0.94911546
0.8488032
0.7932528
0.73974454
0.9271539
0.7578908
0.75598705
0.94087225
0.9038316
0.71036553
0.89609647
0.8323397
0.9081364
0.848471
0.93416303
0.87744796
0.8240265
0.933864
0.9704104
0.5931901
0.9002574
0.8847111
0.9306741
0.69412035
0.8396431
0.887733
0.90750575
0.55560243
0.8795956
0.75303346
0.6319021
0.84186
0.8332714
0.7952204
0.81030375
0.92225444
0.90630186
0.9252054
0.62981236
0.8548492
0.69247085
0.82519865
0.7307267
0.67691445
0.6622499
0.88826895
0.6561514
0.8584467
0.35835016
0.88851845
0.8032212
0.8173977
0.8836106
0.8799481
0.92479193
0.9095249
0.8410019
0.9399121
0.7905531
0.6058775
0.8237259
0.8511138
0.93967646
0.8695024
0.8625886
0.9553639
0.66944575
0.8518184
0.91183245
0.61183864
0.68274426
0.7005785
0.8457314
0.87977636
0.7863825
0.92187643
0.95600957
0.6856685
0.7125145
0.56547904
0.8042458
0.7837405
0.854025
0.9174059
0.6557684
0.8435997
0.9377865
0.781597
0.97365105
0.76530695
0.9207526
0.8092466
0.78271526
0.9341405
0.86924225
0.85478836
0.90975857
0.9605425
0.9184288
0.85958815
0.8306134
0.9059124
0.95369434
0.650506
0.9077132
0.77178717
0.71325725
0.7310902
0.8368354
0.5972392
0.8875415
0.90070796
0.8167145
0.81557035
0.9058998
0.8966022
0.79382336
0.78956753
0.7437016
0.877246
0.96439147
0.68519896
0.8925271
0.8608973
0.9064125
0.80893666
0.9355738
0.94221133
0.68832296
0.8767315
0.96454704
0.79989517
0.81178164
0.88062626
0.9417718
0.91887075
0.851916
0.8510907
0.7720443
0.79668033
0.9739895
0.8969179
0.92086697
0.7478266
0.6868639
0.9381788
0.7732297
0.95891285
0.80706465
0.88914216
0.83390117
0.9290928
0.5569504
0.925907
0.9179313
0.92156565
0.6451469
0.7326437
0.8871724
0.8260771
0.7873295
0.8308257
0.9414339
0.79791355
0.43675756
0.9184657
0.7147787
0.74484026
0.98059386
0.5543347
0.82544094
0.82914996
0.92480993
0.9379374
0.80971277
0.9325639
0.92003703
0.7420749
0.87154084
0.8435318
0.85597783
0.8672804
0.8961581
0.43635747
0.9581816
0.93248975
0.94868255
0.87742233
0.60554427
0.87950534
0.92748606
0.85806286
0.7303306
0.79166126
0.7143192
0.8489745
0.8639305
0.5560933
0.91507167
0.84469646
0.9014414
0.95419276
0.66769356
0.9030064
0.85262614
0.9455055
0.9115514
0.6102712
0.94847107
0.54594916
0.8679112
0.93089455
0.95400727
0.8935416
0.89271647
0.5575249
0.84451944
0.8679713
0.97703576
0.91569626
0.9423342
0.9523374
0.9227066
0.9553469
0.9092717
0.9726557
0.93569386
0.88242996
0.8397602
0.62236345
0.84370494
0.857798
0.8167109
0.8192431
0.8333189
0.6600751
0.8835053
0.81581587
0.8728148
0.9290166
0.8643133
0.8991647
0.9651884
0.7850708
0.7123933
0.87301546
0.64836437
0.9057565
0.8582953
0.73223513
0.9098158
0.77494353
0.9214101
0.91118395
0.8993939
0.91671765
0.78603876
0.9569951
0.96939516
0.7149172
0.7300919
0.7621707
0.90966314
0.9067504
0.68290985
0.9240564
0.8899425
0.8294331
0.96528673
0.90448403
0.96459013
0.8671176
0.7911797
0.7629259
0.93103886
0.8210988
0.7153208
0.76238513
0.941906
0.7898448
0.90397877
0.56253034
0.8472594
0.78847075
0.65659773
0.93268806
0.9507906
0.8367591
0.85608983
0.86137897
0.89234567
0.92110026
0.82251525
0.7649874
0.7588687
0.8952378
0.7252127
0.85837734
0.9397365
0.77257115
0.9669274
0.7352786
0.92238367
0.9192018
0.79622936
0.86196685
0.72426414
0.9033161
0.9045021
0.9074812
0.9058944
0.82696867
0.7221624
0.760092
0.9403006
0.8313976
0.95581365
0.6635937
0.8354509
0.874853
0.88402635
0.69306624
0.8421166
0.9267312
0.7492622
0.9338929
0.5107896
0.9414481
0.9540229
0.9573687
0.7652261
0.581529
0.74658114
0.92762434
0.89568293
0.9391603
0.83625644
0.94586664
0.7936551
0.93783885
0.90464437
0.84763277
0.73715436
0.72128814
0.7642806
0.80307794
0.7496797
0.84988415
0.9163197
0.7392809
0.9482744
0.90931773
0.78951627
0.52027196
0.73413575
0.8336026
0.83389187
0.94972706
0.83343095
0.8102056
0.65502226
0.6843439
0.80119896
0.94382715
0.90816724
0.7604333
0.73747754
0.8403569
0.8979442
0.7749045
0.82989013
0.9420441
0.6394975
0.7443968
0.9203939
0.6217078
0.8852571
0.7910936
0.8768639
0.9528599
0.8620393
0.7525142
0.85787404
0.8889779
0.9669415
0.91280454
0.69976157
0.8195389
0.94538546
0.80141807
0.6634706
0.94404835
0.9681852
0.71140003
0.6369036
0.9461044
0.779639
0.876537
0.91689616
0.7498122
0.9233992
0.9282089
0.83325475
0.6095474
0.90776175
0.84598863
0.83169115
0.94064033
0.9418693
0.5966798
0.8115185
0.88646394
0.7665803
0.526893
0.7044005
0.65839523
0.819293
0.9505402
0.95246184
0.81378275
0.94460535
0.9639621
0.825778
0.85022944
0.8395934
0.69463927
0.8289044
0.8050208
0.8888476
0.8508054
0.8570645
0.91136765
0.7899217
0.5942019
0.91384244
0.84734416
0.8440108
0.9718654
0.92505676
0.87260973
0.90272707
0.90340555
0.9394982
0.7627233
0.75096446
0.91741204
0.7413645
0.91916436
0.8455348
0.79171336
0.9127371
0.7745569
0.9263779
0.8910489
0.8325879
0.84404624
0.8690884
0.8749435
0.8978954
0.8279152
0.9347383
0.8246428
0.90550375
0.80765116
0.88612324
0.6561975
0.920666
0.7159923
0.8465058
0.5438446
0.8164509
0.95243007
0.72458667
0.69993937
0.7823601
0.8988236
0.74880755
0.83682173
0.8741702
0.8408962
0.7561276
0.47276592
0.91415817
0.9796366
0.66647124
0.7277416
0.8018987
0.79815984
0.97882545
0.9624715
0.8363824
0.9305842
0.84473425
0.75278664
0.9142424
0.6286473
0.6775208
0.86484075
0.9150735
0.8828779
0.9148712
0.8675674
0.90182227
0.66954094
0.71911794
0.654983
0.8282085
0.5904563
0.95418775
0.73760605
0.870698
0.88478464
0.84111166
0.8408139
0.9057854
0.80597824
0.7232195
0.7917389
0.9273468
0.96060675
0.9682837
0.76538205
0.9506162
0.8510609
0.9070836
0.8925695
0.9219667
0.9258614
0.77129614
0.8233505
0.80631185
0.8812355
0.40221545
0.80767876
0.87252593
0.8685359
0.93104595
0.71273965
0.80544156
0.82906854
0.8246183
0.8910557
0.8117575
0.9423794
0.8275784
0.75471395
0.9476658
0.9682907
0.75086874
0.75915855
0.82822883
0.8379264
0.8720853
0.94870985
0.6418085
0.8174159
0.8286108
0.72529256
0.85276204
0.8245894
0.9092333
0.858897
0.88641083
0.73202336
0.85036665
0.85057336
0.7949619
0.6710098
0.92397004
0.7855582
0.9364045
0.9343568
0.94575167
0.7317717
0.7711456
0.8180512
0.9281864
0.9551244
0.95582473
0.8729507
0.7608678
0.8512874
0.68901914
0.88191426
0.85900146
0.8669097
0.9726784
0.85546726
0.85547924
0.7289783
0.95255315
0.7462442
0.7076919
0.93937254
0.92336833
0.945002
0.86497545
0.717893
0.6713177
0.94421315
0.95546824
0.86230814
0.83656687
0.90136415
0.8713842
0.70591813
0.82650256
0.67532605
0.93133765
0.7271554
0.91334784
0.8956614
0.7674495
0.85710305
0.76677775
0.7221267
0.84795725
0.7493731
0.78809196
0.9130992
0.944083
0.83861923
0.93069226
0.8076469
0.90645313
0.8592564
0.7478056
0.96881926
0.96091866
0.94956046
0.6901683
0.86604136
0.87350434
0.8027751
0.8562162
0.9606285
0.89993507
0.8729236
0.80557036
0.88928056
0.8282727
0.781964
0.8578926
0.82829106
0.78762823
0.8113061
0.910812
0.9084804
0.67663795
0.72605634
0.9232258
0.70272475
0.88271934
0.83979225
0.95344675
0.92403936
0.79712844
0.8004069
0.5267105
0.65695405
0.75740814
0.80498874
0.88378376
0.7630335
0.9573955
0.7811888
0.9581178
0.58616275
0.7297977
0.6045459
0.8451583
0.8810127
0.93527496
0.5774767
0.8309113
0.8079408
0.9311622
0.8914328
0.9319921
0.91977006
0.87967324
0.87138903
0.818326
0.7600534
0.77552104
0.8966187
0.83235747
0.9265935
0.6909127
0.8795361
0.90251684
0.8657292
0.7736403
0.9478316
0.49885514
0.8698685
0.8600749
0.8143103
0.60299164
0.87021476
0.90338016
0.8660569
0.7716835
0.84804875
0.74840605
0.6949072
0.9053568
0.54048884
0.84558797
0.58822906
0.85618734
0.652503
0.8228382
0.8243804
0.74872875
0.91410065
0.90377736
0.69865793
0.96376914
0.90241337
0.7993295
0.7163641
0.8084219
0.9181335
0.8076058
0.63112
0.9454951
0.8602644
0.75827706
0.6950586
0.9223298
0.7911926
0.8235404
0.9492777
0.80396754
0.83889204
0.8012887
0.860018
0.78307873
0.8539039
0.78038716
0.89074486
0.9405305
0.8387846
0.92782784
0.87389255
0.760793
0.9314293
0.7284246
0.8983772
0.8234993
0.9071076
0.87184346
0.93215716
0.8263539
0.69118273
0.8842021
0.7424371
0.925293
0.9393158
0.95112014
0.91396546
0.78240937
0.73823094
0.93584436
0.79438716
0.84863615
0.71065193
0.69315135
0.91255265
0.9003624
0.8495636
0.8677684
0.7433043
0.89146495
0.8854301
0.81546324
0.88602734
0.8239064
0.8930661
0.91133535
0.9462557
0.8850239
0.8492948
0.78453016
0.9263386
0.88018054
0.63319284
0.87426984
0.9558525
0.58292294
0.9239072
0.77677226
0.88322747
0.9306796
0.89423037
0.9385885
0.91671467
0.9217136
0.8567896
0.94223547
0.8992293
0.8786618
0.8917794
0.88018745
0.8851446
0.8335829
0.9512044
0.88957685
0.7454859
0.9241704
0.73268986
0.5400078
0.76368827
0.76828206
0.83032584
0.68115383
0.8159124
0.962691
0.444306
0.902848
0.97783184
0.8429546
0.7252708
0.85134095
0.6834643
0.9736756
0.8703045
0.5534779
0.8735703
0.83720857
0.9187272
0.7793344
0.8995163
0.9324969
0.49160194
0.83534837
0.86896473
0.67465246
0.88753974
0.8991416
0.8353866
0.72194034
0.8709625
0.9309386
0.7927688
0.8742673
0.8832824
0.9329082
0.7939519
0.8925247
0.7068882
0.8458419
0.523402
0.9017057
0.90474105
0.88821906
0.9048532
0.7166568
0.7345922
0.75821805
0.9483669
0.94192135
0.7302155
0.8045448
0.8568874
0.65077376
0.4651236
0.8650183
0.82372355
0.37030774
0.82223755
0.5118443
0.82454735
0.93293136
0.64586663
0.79132193
0.9350717
0.69471854
0.6738472
0.91179705
0.9342976
0.7257457
0.95480174
0.9059988
0.92278904
0.8813169
0.80763626
0.68871194
0.80175745
0.9213066
0.95241046
0.8610667
0.85101044
0.925632
0.9694619
0.58690137
0.89894474
0.7549839
0.8667306
0.806743
0.9203918
0.88437855
0.88745105
0.8966565
0.80243826
0.6267022
0.90046734
0.7830832
0.9517931
0.90563357
0.70876265
0.93750715
0.6838546
0.70986986
0.93932503
0.85989946
0.74671686
0.93991685
0.7855495
0.823887
0.89340675
0.8079756
0.75682735
0.6676145
0.8336903
0.792085
0.718496
0.55291814
0.8262974
0.9116709
0.88892424
0.90153706
0.7808426
0.77417797
0.7393691
0.8388347
0.77177733
0.783854
0.9667767
0.9439872
0.7736727
0.88624686
0.8703982
0.75787765
0.47194952
0.9071971
0.8393348
0.9091054
0.84031904
0.73751146
0.9178157
0.93445206
0.8766028
0.8532969
0.8781973
0.8926094
0.7318497
0.9362793
0.81769
0.85464114
0.8733109
0.7910432
0.7817867
0.6781298
0.88603735
0.78158134
0.95305926
0.91365075
0.8805449
0.9181882
0.705092
0.8276092
0.8385415
0.6826238
0.9225557
0.52712625
0.8604205
0.6994643
0.9115046
0.7071254
0.67087877
0.72242963
0.8597063
0.85777116
0.65224403
0.8594161
0.85431206
0.84515005
0.90452254
0.8123062
0.8497586
0.71286774
0.74953514
0.76474696
0.9666589
0.8065231
0.7988883
0.74751955
0.8285445
0.9452598
0.76357484
0.7452333
0.73521143
0.91570365
0.9056079
0.872495
0.8631011
0.7334442
0.9448796
0.9114965
0.74635667
0.74563944
0.3624708
0.8557078
0.9299568
0.9279438
0.92368495
0.6766517
0.78770965
0.94841653
0.8911704
0.80904436
0.8855983
0.8812952
0.90985096
0.74486613
0.937443
0.810431
0.7673667
0.8832236
0.79936063
0.95011616
0.96355885
0.7437414
0.8688136
0.86485857
0.9561513
0.78731036
0.94268227
0.8996236
0.7932763
0.9671148
0.7814319
0.804446
0.6869093
0.81241083
0.5803679
0.84811914
0.4881569
0.873059
0.9310669
0.8708844
0.83178085
0.94755757
0.817639
0.73821837
0.7773192
0.8235929
0.905889
0.8550314
0.79697466
0.8132701
0.7448646
0.8455038
0.61117035
0.82001424
0.9249047
0.87907434
0.6726441
0.88913876
0.89095706
0.8054823
0.88700974
0.4613433
0.85315514
0.86532587
0.50598216
0.7261613
0.9386461
0.9627298
0.95448315
0.9309126
0.84641016
0.87601984
0.941459
0.7939488
0.87878746
0.953058
0.88324517
0.8010772
0.78498137
0.8854973
0.74265623
0.7378696
0.9668306
0.7486112
0.92814046
0.6998517
0.7925
0.13911693
0.833825
0.8574927
0.8525687
0.59715843
0.6357914
0.8078408
0.89529395
0.6613683
0.93269384
0.9312948
0.4655282
0.8336493
0.87285644
0.8217656
0.6812222
0.9014323
0.95094895
0.7318735
0.5733525
0.5190279
0.7697384
0.9550062
0.82316
0.94003075
0.95228827
0.89011467
0.8372366
0.8642629
0.8557216
0.6308715
0.73050565
0.5870153
0.8977087
0.9162218
0.8514338
0.96807534
0.8715413
0.88839567
0.6758231
0.932587
0.9376356
0.90281117
0.6525753
0.74309933
0.88444245
0.8297569
0.78679186
0.92198277
0.9400406
0.8034341
0.9434671
0.8150178
0.8667275
0.91708827
0.9090717
0.93304145
0.96612734
0.8312512
0.7297362
0.75675386
0.7453926
0.7411697
0.81978214
0.7832887
0.58367884
0.8585999
0.6119098
0.79696196
0.6757299
0.9589741
0.9366825
0.88202524
0.9363994
0.8620945
0.93837214
0.74325895
0.9005334
0.6260683
0.9555424
0.8650728
0.59209436
0.9011152
0.9731304
0.891393
0.9092802
0.81899214
0.7537005
0.73477626
0.7521654
0.6266409
0.841561
0.9255445
0.8391881
0.9159287
0.7908437
0.8756952
0.86971337
0.9091658
0.86536694
0.6260106
0.88448
0.6304721
0.7479715
0.72575015
0.8313335
0.88498163
0.9287982
0.9195626
0.93585217
0.84256303
0.8366837
0.7081883
0.82491547
0.8264068
0.88855934
0.6986636
0.9161389
0.892485
0.610994
0.9537265
0.7376066
0.5924953
0.81239915
0.8861128
0.9058454
0.90136385
0.87885845
0.8708033
0.6822356
0.9532535
0.8329282
0.9300947
0.6159048
0.77242154
0.40918392
0.90915287
0.7527823
0.56109786
0.7735178
0.92705864
0.93633217
0.93495154
0.9075361
0.80405885
0.83689165
0.74078333
0.8475053
0.95103514
0.83688444
0.86733335
0.923868
0.9223329
0.7708282
0.9554792
0.65630716
0.91404945
0.65864235
0.89235866
0.9301809
0.85776013
0.842318
0.8310363
0.89289373
0.7600138
0.9510527
0.9460256
0.86352015
0.7498512
0.91283447
0.6036174
0.9216228
0.86750823
0.9474045
0.81625366
0.8912923
0.8902402
0.9103317
0.6937911
0.8982885
0.9412736
0.53867036
0.9507676
0.7553692
0.91514367
0.92165893
0.92576927
0.7461593
0.91752124
0.8729595
0.97139305
0.9645927
0.88692594
0.9042965
0.8159696
0.7071815
0.95722204
0.8542216
0.814535
0.7711345
0.9316323
0.869696
0.7331963
0.86132425
0.612975
0.94998264
0.75836694
0.73011106
0.90790963
0.79488564
0.9191294
0.88459885
0.9064077
0.914402
0.78904665
0.8257996
0.9529258
0.8989979
0.7865226
0.74425405
0.7121715
0.7599435
0.6379485
0.867538
0.9230054
0.8314559
0.87701905
0.7090415
0.6142281
0.9345943
0.59625435
0.87911606
0.825167
0.8557091
0.85179687
0.917397
0.8941859
0.5890808
0.9617343
0.7708509
0.82205606
0.87566715
0.89731777
0.9810123
0.7621615
0.6369029
0.7694342
0.6466857
0.86775845
0.67819405
0.88598984
0.7067418
0.90308595
0.8379507
0.9403454
0.78446025
0.47342455
0.9065672
0.9391659
0.94896024
0.8276146
0.8732103
0.6713778
0.72408015
0.8898544
0.8615882
0.54742795
0.8753349
0.8880276
0.70374537
0.8351354
0.47763434
0.9604299
0.90425557
0.49178618
0.9004955
0.7105063
0.90032923
0.9098548
0.6897389
0.7633977
0.69558513
0.9595687
0.95204705
0.6736692
0.7753148
0.67099786
0.89371324
0.95205545
0.9428946
0.773795
0.8909922
0.7067699
0.97035384
0.7712683
0.7579749
0.9048804
0.8226772
0.9181537
0.9007807
0.9260092
0.76531583
0.31385294
0.8292353
0.91130984
0.95919997
0.9026016
0.9439006
0.9297743
0.89118123
0.9556104
0.86481255
0.9491374
0.8500798
0.8229988
0.86767566
0.74058545
0.7432402
0.94886273
0.8647141
0.9495513
0.8503942
0.81619185
0.86676764
0.76480895
0.869175
0.8240529
0.7050802
0.8907981
0.7909312
0.9038837
0.7856742
0.90076995
0.84142506
0.73694897
0.86822337
0.84166694
0.7789265
0.9094711
0.726355
0.7659489
0.56891406
0.7452376
0.7685485
0.84282535
0.8786476
0.8651821
0.74497163
0.89945
0.6283167
0.8099457
0.9259958
0.9415792
0.5286484
0.9404264
0.84894407
0.76982504
0.9454478
0.7557556
0.655995
0.8190883
0.9437616
0.792587
0.8334941
0.9467329
0.8444551
0.970845
0.6824912
0.9548016
0.91366893
0.703798
0.7037164
0.91386366
0.8213117
0.8074417
0.8393951
0.96439695
0.8336973
0.8230761
0.8934239
0.9307942
0.8777076
0.52380407
0.957139
0.78495044
0.92954063
0.91763955
0.96608967
0.78663754
0.8583107
0.6812033
0.6755742
0.92894
0.6814568
0.9084431
0.804383
0.57958925
0.95872575
0.96480626
0.88809574
0.8199609
0.81739134
0.8996961
0.909348
0.8883384
0.8609933
0.75989413
0.8685456
0.7740338
0.8656088
0.9275644
0.90847045
0.9005393
0.84059924
0.74231446
0.9178253
0.8238402
0.44499785
0.7991828
0.73387134
0.8780605
0.72192866
0.759411
0.8566077
0.817442
0.9114648
0.7009341
0.72886175
0.90222424
0.81690204
0.50312567
0.8211942
0.8983717
0.76995236
0.7464433
0.5032602
0.9102485
0.8812442
0.89372855
0.6527758
0.8601218
0.96401995
0.7941918
0.7894471
0.53263897
0.77824396
0.8132627
0.9415229
0.65673083
0.83456635
0.9121515
0.8027504
0.88657546
0.89441353
0.8514291
0.9184035
0.8091978
0.8955153
0.7650174
0.78872466
0.68235826
0.83772177
0.75194776
0.65928495
0.92061025
0.9337561
0.8611818
0.93879217
0.879176
0.8640508
0.83379954
0.60223836
0.8862963
0.89091164
0.886122
0.9150534
0.8591046
0.8556188
0.89010334
0.90596485
0.95317805
0.8974779
0.77648646
0.90618396
0.94808555
0.911214
0.7921427
0.9659374
0.9619447
0.9195057
0.87269545
0.9675541
0.957118
0.87989295
0.8492091
0.9321996
0.82098246
0.68914706
0.97197294
0.65940636
0.9808661
0.9468591
0.8168796
0.9274662
0.69052726
0.6346675
0.947135
0.8685723
0.9038842
0.92663
0.45186302
0.8951496
0.69533926
0.9417515
0.8179878
0.86043465
0.8984583
0.88658744
0.63634354
0.9328821
0.83465207
0.6383926
0.8040911
0.84059507
0.75718534
0.6846672
0.96296865
0.5655416
0.9080454
0.8315646
0.75564146
0.7102923
0.93088365
0.5902039
0.87982446
0.77916896
0.9098882
0.9125139
0.91047204
0.89382607
0.8004099
0.93730664
0.82837385
0.7580802
0.77238214
0.8907346
0.73093504
0.8744686
0.9204579
0.95892155
0.85418516
0.81975114
0.9677468
0.96264756
0.7255593
0.9346147
0.7070979
0.8381722
0.86834306
0.86110353
0.9435835
0.7946579
0.8634198
0.9116124
0.89304644
0.89299184
0.9259908
0.94029826
0.8610929
0.73208255
0.8700076
0.78626335
0.8117969
0.9387928
0.8820556
0.90337896
0.84634465
0.7133107
0.8510937
0.79963934
0.8468602
0.7634798
0.862197
0.8950069
0.74633896
0.83912563
0.8551562
0.90231335
0.85588825
0.868797
0.55978405
0.8788129
0.73772633
0.89252937
0.8767005
0.8952684
0.89172906
0.841625
0.91427124
0.9308186
0.8258949
0.75841343
0.9015789
0.9536896
0.9592814
0.83057
0.9019957
0.90309966
0.9194745
0.64105004
0.90070736
0.7968537
0.74071455
0.7353569
0.5789114
0.88736004
0.63716644
0.89068615
0.9681326
0.79827666
0.81320894
0.6702047
0.7168625
0.8574562
0.83009803
0.93603855
0.87925553
0.8475583
0.8478937
0.9367619
0.82837814
0.871075
0.882636
0.79077214
0.867366
0.8968688
0.95566857
0.6851904
0.89704907
0.8771815
0.93728364
0.80448073
0.6490973
0.5624973
0.8957286
0.9280302
0.8004966
0.84258354
0.9695991
0.888283
0.8070496
0.47379774
0.8316604
0.78198594
0.93951744
0.72968245
0.40963745
0.6604646
0.9606502
0.8966912
0.7163887
0.89268464
0.9214637
0.4906944
0.87843406
0.92789966
0.866409
0.8801003
0.85087085
0.9483741
0.7080115
0.5760955
0.883354
0.9500231
0.9168562
0.7628757
0.76237386
0.6356466
0.9451028
0.68685937
0.94489264
0.7767169
0.92218465
0.9046847
0.659998
0.64371943
0.86454624
0.9461968
0.8981149
0.85596204
0.80769366
0.71305114
0.8870081
0.8805445
0.9299721
0.54981595
0.89843005
0.90601337
0.9199398
0.60154533
0.9132537
0.9115826
0.9480038
0.8741277
0.8477834
0.71956265
0.8990823
0.83188486
0.8980331
0.93119335
0.5654037
0.92339545
0.89406264
0.9249017
0.88329506
0.84792966
0.8640394
0.8149085
0.7722908
0.8102409
0.5297323
0.8734414
0.7604865
0.6520357
0.74598706
0.84301376
0.54232293
0.75382745
0.864048
0.8320059
0.9212625
0.8210122
0.9258665
0.8349637
0.8196714
0.87476426
0.89559233
0.7946445
0.73245394
0.8245733
0.9099139
0.664548
0.949433
0.811052
0.8644582
0.7838095
0.9228448
0.95987135
0.6031043
0.8924031
0.9036918
0.90290105
0.97240746
0.7778854
0.7200308
0.4870528
0.8613852
0.8745965
0.9179976
0.9038889
0.75848377
0.8948961
0.65345347
0.91850483
0.8324261
0.85773015
0.8519919
0.61676544
0.7428021
0.8562648
0.89385176
0.8982906
0.92207867
0.95084035
0.94265306
0.8512775
0.86724174
0.81701803
0.89689183
0.8113471
0.6995003
0.8781028
0.9349246
0.8652509
0.9680675
0.798078
0.9520576
0.85796654
0.90366644
0.8840556
0.9106684
0.96852976
0.8326545
0.9577059
0.7222763
0.61825967
0.90186703
0.863297
0.80590856
0.85183936
0.7247468
0.63750494
0.7585483
0.76743793
0.93518126
0.93619543
0.90396506
0.89771396
0.9056045
0.89630485
0.9572445
0.70103216
0.8054753
0.7917293
0.6896148
0.7442994
0.5782055
0.7708964
0.9484222
0.9566228
0.84581065
0.8732171
0.8597835
0.94224966
0.7196734
0.94888926
0.8105766
0.6863771
0.96407557
0.53776836
0.914201
0.82047737
0.77504706
0.8074957
0.8510092
0.937756
0.8545228
0.8660846
0.78522545
0.59320253
0.96889555
0.9057652
0.8742949
0.89720446
0.69468695
0.7056216
0.63812304
0.88010573
0.9382708
0.7623469
0.7769593
0.66718525
0.89946187
0.7105411
0.81821847
0.85655344
0.903212
0.87094545
0.77074707
0.64167285
0.9079602
0.5194721
0.7440356
0.61853176
0.5093725
0.95541686
0.69365484
0.8208709
0.7577849
0.89991814
0.7254581
0.7985795
0.5755874
0.7709023
0.29843253
0.9372653
0.93493307
0.7858437
0.84363186
0.9009995
0.8373344
0.7505944
0.88600147
0.49590355
0.90882564
0.8515797
0.7321173
0.9373979
0.7899408
0.89811313
0.84220773
0.9467751
0.88465667
0.8075109
0.86824816
0.9066907
0.73990256
0.9345801
0.93001306
0.7527179
0.8619567
0.8072783
0.91829777
0.93640274
0.85499924
0.63057387
0.9279782
0.8770921
0.57226723
0.9336737
0.9168137
0.88732034
0.8805635
0.87725675
0.67400086
0.6442482
0.9126469
0.6778028
0.81808686
0.9397018
0.73562413
0.9327441
0.9192525
0.7994139
0.93090856
0.96429247
0.9188249
0.8873456
0.6817856
0.8316683
0.9112283
0.67295295
0.8813731
0.9483384
0.2531641
0.6106652
0.9537046
0.9556836
0.74990237
0.9611327
0.8995025
0.54898703
0.88534236
0.7948895
0.760719
0.92917377
0.6979652
0.9130593
0.83348835
0.8117115
0.7679751
0.9600199
0.9164961
0.8384846
0.90216553
0.7342385
0.80578077
0.79946584
0.7938931
0.8009457
0.8785842
0.8670734
0.9424805
0.88685626
0.7293823
0.68222576
0.937724
0.9025082
0.8022367
0.741222
0.7680788
0.8086524
0.70919967
0.645225
0.69912964
0.9095043
0.8702257
0.72455984
0.8507378
0.6453
0.72268873
0.7503651
0.7641812
0.8277475
0.8622322
0.8844611
0.7877543
0.8393658
0.9447999
0.90378344
0.7846963
0.7600513
0.780768
0.7649647
0.9403338
0.8050755
0.8705902
0.89923185
0.84075516
0.90943223
0.78859466
0.52317506
0.9207141
0.8688963
0.83937943
0.8768684
0.9063466
0.8747605
0.92152095
0.84105873
0.8656913
0.8008121
0.9104556
0.94120204
0.6085311
0.7549437
0.91255206
0.5981612
0.8973887
0.91248107
0.7090486
0.4918376
0.8661609
0.91530377
0.89231384
0.95765156
0.9055942
0.73705685
0.88761365
0.9566152
0.9542428
0.9107693
0.94827664
0.922715
0.56199795
0.78083426
0.7439223
0.7945863
0.66397834
0.7052568
0.78956664
0.7359871
0.69253033
0.72736275
0.80615926
0.8958926
0.91808075
0.7956954
0.93451273
0.82311755
0.94900423
0.9744927
0.86225235
0.88803583
0.8900026
0.7357485
0.94148815
0.61244583
0.7692523
0.8640019
0.93582654
0.76969635
0.9220276
0.84310657
0.9664414
0.5645642
0.7014976
0.755884
0.956357
0.9337472
0.8488606
0.8675356
0.8744725
0.75038177
0.8986909
0.85637933
0.8257639
0.8871375
0.81529105
0.76543105
0.89243907
0.9286054
0.8206149
0.8487232
0.7004198
0.7624356
0.89471316
0.88700086
0.6759537
0.89137274
0.93715864
0.8091552
0.551032
0.914524
0.87258863
0.9356647
0.87071455
0.8821638
0.67489076
0.9200896
0.91609913
0.8438027
0.9297107
0.94960517
0.95338315
0.84194773
0.9533984
0.8713099
0.91683036
0.8525659
0.96844375
0.80518836
0.9211633
0.9188511
0.9695266
0.90784043
0.85347825
0.91343325
0.88565713
0.8926341
0.73585767
0.76118
0.8009128
0.9424765
0.8941957
0.8247023
0.5404203
0.80717933
0.8588753
0.6773255
0.8939334
0.8941593
0.7853553
0.83312994
0.89040303
0.8689682
0.90983987
0.6509709
0.85613286
0.957968
0.85378206
0.76031566
0.60590327
0.5914108
0.84933317
0.5904222
0.899578
0.5275855
0.86853874
0.9018759
0.67483246
0.84931487
0.95789784
0.9435655
0.9094788
0.83470595
0.87183964
0.5096786
0.94603175
0.88913983
0.80127716
0.9429264
0.87249076
0.75908226
0.8506479
0.8063488
0.81902474
0.7771767
0.90526366
0.8114872
0.9489532
0.8407294
0.65059966
0.91674936
0.8377774
0.7502078
0.8520695
0.94909346
0.8947426
0.86346775
0.614613
0.9065645
0.66384065
0.9245811
0.746927
0.88193125
0.9206556
0.68826437
0.829844
0.77557415
0.81542826
0.8780612
0.808591
0.7394194
0.8264384
0.9059508
0.70914066
0.9053573
0.86281043
0.77263725
0.8680194
0.91477144
0.8197014
0.80099946
0.6825549
0.734796
0.7401678
0.89609504
0.9016258
0.8903123
0.92484665
0.8880086
0.76164466
0.89706886
0.8949765
0.6199193
0.7348181
0.8147621
0.8544303
0.6465817
0.8720184
0.8400495
0.65798044
0.94003284
0.91618264
0.86865294
0.6991119
0.834195
0.8823442
0.64243627
0.8616992
0.8710965
0.8718182
0.93611705
0.82782316
0.82756674
0.7492015
0.69790655
0.8034293
0.8288607
0.55126524
0.8801229
0.94171476
0.89292383
0.77400714
0.8782716
0.8717758
0.8936365
0.7554761
0.7480961
0.9217654
0.60430527
0.93116665
0.7617737
0.8469165
0.6625486
0.95654917
0.8302833
0.81812024
0.7591591
0.6893903
0.7856582
0.93300134
0.8190629
0.67738247
0.9210862
0.9491374
0.80349904
0.8902691
0.7831989
0.70942986
0.7943958
0.64012635
0.7863001
0.7816786
0.804498
0.81240666
0.8266079
0.9003737
0.8105249
0.91282374
0.9242756
0.8660842
0.8046434
0.7267493
0.79422444
0.6152725
0.7944363
0.7199085
0.21275118
0.81486326
0.82060885
0.63799053
0.87570566
0.86379755
0.8572134
0.9232137
0.9073747
0.81456816
0.6562762
0.8870528
0.93170977
0.62326616
0.92832106
0.7022145
0.83853227
0.8300198
0.34910184
0.8792759
0.7774031
0.82648647
0.9365984
0.9164281
0.85358095
0.95802176
0.83618486
0.88359684
0.9266107
0.78228974
0.93510336
0.8768401
0.7237549
0.8281311
0.6649334
0.65591884
0.85830796
0.8926885
0.93733054
0.9096176
0.88577026
0.7817215
0.77005005
0.7972357
0.87459123
0.93564475
0.7170073
0.691107
0.80344325
0.82162493
0.4828571
0.8833033
0.9507526
0.8005818
0.85001045
0.93467814
0.9388888
0.9433259
0.8946596
0.9195323
0.79533386
0.8808923
0.8032361
0.73313725
0.90038145
0.63019365
0.8312122
0.8013722
0.6883913
0.8773485
0.7600299
0.88128555
0.8553514
0.91917306
0.9029107
0.87170553
0.8383992
0.5427011
0.8271769
0.93593657
0.9026541
0.7423386
0.93598026
0.8183897
0.8565701
0.92663586
0.9130854
0.76488084
0.9195928
0.8815389
0.8597199
0.82880723
0.80369866
0.7162156
0.8608931
0.9361399
0.5883682
0.872258
0.8563059
0.9391112
0.81972945
0.59341764
0.68827975
0.9792582
0.51183605
0.65403265
0.76426196
0.8306901
0.9599553
0.90150464
0.8974237
0.9012544
0.9205196
0.8576474
0.6882519
0.8463088
0.6465405
0.83097786
0.54255694
0.95183134
0.84794176
0.8644362
0.8855853
0.73328793
0.715925
0.81701005
0.90288407
0.69466233
0.9226674
0.6505758
0.8790878
0.9707738
0.857291
0.7426464
0.9058428
0.85044634
0.8484216
0.9291733
0.9719136
0.75302863
0.935753
0.71648633
0.86422485
0.6430105
0.7949842
0.92099285
0.86619496
0.9178064
0.9274565
0.86242396
0.93435174
0.7672266
0.74705136
0.8181823
0.83890074
0.8905738
0.9189055
0.93791795
0.8026915
0.90780544
0.93270993
0.6533367
0.8207652
0.7206851
0.8562482
0.88168764
0.539189
0.7649776
0.7737676
0.87105596
0.83101815
0.9567962
0.9017418
0.8916724
0.90291893
0.89672726
0.8630828
0.4403519
0.6679955
0.8913755
0.6494735
0.66025805
0.81870353
0.9369137
0.89710385
0.8461996
0.832916
0.87608445
0.8074894
0.7766734
0.90595067
0.82751983
0.62437814
0.7673115
0.8667088
0.951126
0.7621473
0.8618037
0.87501156
0.6940287
0.877529
0.86296415
0.92570174
0.8224111
0.8590095
0.8144534
0.8792963
0.85032535
0.86594987
0.9082744
0.687933
0.7335671
0.8483232
0.9114742
0.8167282
0.7421857
0.8265622
0.9554405
0.8356783
0.9106672
0.6061689
0.83146995
0.96300805
0.9010519
0.90322506
0.74456066
0.8030353
0.94164
0.7465168
0.67373097
0.8119173
0.84223783
0.757723
0.90086126
0.64238745
0.82284266
0.86455345
0.36624274
0.7338339
0.9136443
0.7030021
0.8791666
0.90723133
0.85970104
0.7741533
0.9406177
0.7391216
0.7699051
0.7421178
0.92503357
0.7071705
0.8593074
0.72752726
0.71026605
0.9358961
0.5312983
0.8101653
0.81939673
0.71920747
0.87005615
0.9152384
0.52628064
0.9275342
0.85092294
0.7745854
0.9468463
0.8484962
0.7804568
0.97129285
0.96891004
0.8070093
0.9389279
0.7743144
0.8591998
0.7808428
0.6387125
0.8376403
0.9195719
0.76680815
0.92418593
0.8307698
0.93812805
0.9380233
0.7915477
0.8262955
0.80873644
0.8395742
0.77514654
0.9539029
0.77207685
0.67960095
0.8799004
0.7935174
0.6253064
0.6025965
0.96445346
0.9061941
0.64923656
0.9809139
0.8745915
0.8276478
0.92384166
0.8950012
0.59677887
0.7994879
0.9297666
0.95410466
0.7989421
0.7480764
0.8873022
0.72385436
0.9100058
0.868968
0.8525847
0.7923899
0.71666956
0.82085365
0.8467442
0.8534594
0.6655185
0.763995
0.9145796
0.86698806
0.67295766
0.75186443
0.94868654
0.81115705
0.95053136
0.84522545
0.92859954
0.93431836
0.94983935
0.6948457
0.68248546
0.899614
0.76853776
0.81285596
0.85543346
0.95174134
0.87164354
0.73038924
0.9271375
0.85292625
0.9130948
0.9103744
0.8080765
0.75512064
0.766693
0.89223206
0.93869126
0.7645371
0.8889084
0.93762416
0.8085364
0.87943655
0.6465762
0.7871063
0.84431815
0.89845425
0.9175891
0.8229243
0.9433829
0.833934
0.9256611
0.8581639
0.7790876
0.7804563
0.8536111
0.6136953
0.96652126
0.6470292
0.7729602
0.9234858
0.84063137
0.8410151
0.91661865
0.70539314
0.79341024
0.8714206
0.82149816
0.95936656
0.58726674
0.879612
0.8858711
0.80366325
0.9236437
0.88726795
0.8120329
0.8380089
0.76989055
0.95604575
0.87019664
0.83576304
0.89967865
0.9034693
0.6938182
0.84028774
0.91006833
0.8984437
0.91940355
0.7371526
0.7858658
0.96114767
0.72932136
0.88753986
0.9182052
0.8862167
0.8530266
0.9440763
0.82032996
0.88343596
0.934771
0.88770753
0.9495024
0.759755
0.8964685
0.87659895
0.9448669
0.6455995
0.7384276
0.8511164
0.7831421
0.91617644
0.9006466
0.70353746
0.8535182
0.6895376
0.8096286
0.87830883
0.9520866
0.94400007
0.7478114
0.89579093
0.765976
0.8193058
0.9292992
0.9240839
0.92369056
0.86324346
0.95507693
0.6635008
0.8013616
0.96013355
0.97033536
0.8074759
0.9063759
0.5686239
0.8792283
0.87122065
0.66467637
0.7671577
0.88969654
0.9209107
0.9268491
0.90586174
0.78849256
0.80906993
0.9486728
0.9123218
0.9382812
0.87546724
0.9122957
0.84874517
0.9458918
0.85597837
0.8512471
0.94383246
0.91147864
0.9274806
0.9617804
0.6557501
0.5868356
0.75362104
0.7742726
0.7059664
0.93402
0.87377894
0.8567603
0.78820944
0.7355753
0.70619947
0.6526058
0.9119021
0.7692951
0.77346134
0.76438284
0.89352256
0.93766594
0.7993326
0.8955774
0.8758825
0.94775057
0.57713753
0.8231117
0.8562245
0.84386
0.8220065
0.8537874
0.82683814
0.9464718
0.9131087
0.747592
0.76942325
0.9348861
0.83515173
0.8740909
0.8815437
0.9013135
0.921182
0.9085845
0.84731615
0.8416316
0.90410656
0.89434445
0.7652323
0.8904798
0.8623497
0.88616073
0.85654444
0.92812186
0.80795336
0.9639406
0.75196034
0.9604355
0.90940887
0.94283485
0.9092915
0.9134306
0.87105566
0.85400575
0.65677786
0.68358
0.8640589
0.71819025
0.9406648
0.6684455
0.88084096
0.69993603
0.91764057
0.5857848
0.9465059
0.94327277
0.91648597
0.88968027
0.73226005
0.95601445
0.83639777
0.88388276
0.75815785
0.89085746
0.9048954
0.7854759
0.8127297
0.9119956
0.89646494
0.8991425
0.8106613
0.8268243
0.78571683
0.90453887
0.8749552
0.73164034
0.8330779
0.9660202
0.8217259
0.8667369
0.90572333
0.6339231
0.8813266
0.87008697
0.9396322
0.74284256
0.4893586
0.91006804
0.5930777
0.9674165
0.9076229
0.92048776
0.56108284
0.90586054
0.9112934
0.9305105
0.7924015
0.90406334
0.78781486
0.8762803
0.66551495
0.9125966
0.8040409
0.72435546
0.9292361
0.9686097
0.8442662
0.88870925
0.88516504
0.90836823
0.90559095
0.79217833
0.83041215
0.8190473
0.861478
0.7839674
0.9171101
0.885397
0.83731973
0.8076808
0.9082814
0.8665425
0.78520775
0.9168415
0.5125487
0.85622007
0.95179284
0.7935702
0.85476804
0.8694959
0.82779944
0.8034533
0.8954325
0.8839554
0.9660141
0.8615367
0.89427775
0.89917934
0.83820665
0.8185884
0.9638665
0.78168035
0.8578648
0.857722
0.84189665
0.6784586
0.73575646
0.9478072
0.7887941
0.6260483
0.93647784
0.95397997
0.7078778
0.8984872
0.644268
0.7727486
0.6338966
0.9544034
0.8913122
0.6526305
0.90619165
0.8845614
0.9224545
0.8014511
0.84564334
0.8319142
0.797961
0.6102103
0.8328016
0.6685973
0.8640451
0.5984669
0.9492537
0.94543093
0.90851074
0.7803464
0.77689403
0.89579046
0.78406936
0.66786325
0.7735892
0.86424613
0.82912135
0.95137864
0.7327966
0.6857072
0.9521703
0.93110114
0.749734
0.7012112
0.7538396
0.8978977
0.78800905
0.9393184
0.89937335
0.8042029
0.63274145
0.8314179
0.9269359
0.92056525
0.90752447
0.91416097
0.9469148
0.9541123
0.9369279
0.8310925
0.7831707
0.81089956
0.896113
0.8219409
0.8138392
0.8566032
0.88981587
0.929494
0.94858015
0.95837814
0.904896
0.95817095
0.72131395
0.83477134
0.7815387
0.91998833
0.9458258
0.93539613
0.8142068
0.88755083
0.75840795
0.79225963
0.6761083
0.80448073
0.95045924
0.8148503
0.7387077
0.78108203
0.9564443
0.87550783
0.73744756
0.842651
0.82431924
0.9219505
0.8838484
0.8860092
0.89902085
0.8850638
0.8683828
0.63592947
0.81202006
0.83792996
0.84135306
0.82183635
0.6650072
0.7764375
0.8236689
0.82631344
0.72938997
0.9062458
0.7087572
0.9033183
0.9005075
0.7304612
0.8155215
0.75299203
0.9533683
0.8852531
0.38837737
0.9052455
0.57127964
0.86576074
0.7454203
0.91958183
0.91394126
0.78335863
0.86871517
0.8720903
0.88328457
0.85488296
0.55140287
0.49027926
0.8063066
0.7713814
0.41652405
0.87046635
0.66416055
0.970444
0.8630694
0.96576464
0.6411605
0.852704
0.7664494
0.8878314
0.9118099
0.7401177
0.7578558
0.51226676
0.8558101
0.61070037
0.8721409
0.5869276
0.8188828
0.89864266
0.8485077
0.61191493
0.53413475
0.83874625
0.81180567
0.77763927
0.81713444
0.9278571
0.94970584
0.7123872
0.73730993
0.7343491
0.7388693
0.9492048
0.9039153
0.8231076
0.60932297
0.8829984
0.87772214
0.87829787
0.8846302
0.9110315
0.9336176
0.8402288
0.8758577
0.9292573
0.8990402
0.68115926
0.90398985
0.9132867
0.90219355
0.8908158
0.9367349
0.9195018
0.88357055
0.7886465
0.7418163
0.762843
0.84497726
0.9262
0.8347177
0.91135263
0.84110874
0.77437115
0.8269324
0.82291174
0.84855044
0.85462976
0.9300927
0.8014404
0.7254618
0.84505117
0.8525013
0.48453152
0.7780155
0.88116354
0.6985149
0.93834937
0.8937242
0.7087234
0.84196126
0.8553762
0.94533783
0.9384844
0.8563571
0.94421446
0.6993073
0.88221925
0.8622236
0.5366975
0.7563378
0.9265972
0.87199426
0.87718606
0.86669904
0.883174
0.66560096
0.5334366
0.8036132
0.7447304
0.793609
0.66669506
0.15068561
0.8060729
0.88635886
0.8527044
0.8688291
0.83179986
0.87969947
0.60607094
0.7024244
0.8863405
0.8697183
0.9320882
0.92949504
0.88927364
0.9200149
0.94337296
0.72555184
0.938004
0.8472568
0.8708526
0.8998363
0.8486209
0.90981025
0.8921637
0.82588345
0.94606173
0.7079618
0.8779893
0.71574783
0.86464846
0.93222964
0.8197106
0.8839309
0.9116511
0.91371393
0.78023183
0.8623471
0.6482929
0.7810764
0.7951965
0.9030361
0.9376354
0.7950729
0.82764876
0.78167063
0.75776386
0.78270316
0.8752871
0.8870598
0.9323069
0.8102315
0.6967852
0.72044677
0.7665684
0.9808713
0.8734075
0.8423152
0.83108723
0.7081306
0.9172789
0.83602536
0.82417
0.90963215
0.90074515
0.9011638
0.89149356
0.6543018
0.59253234
0.9279975
0.7874719
0.9017589
0.9193505
0.75221735
0.92564666
0.9209206
0.8534104
0.879653
0.5570198
0.8449881
0.68705666
0.8223962
0.8451542
0.906172
0.6120589
0.8387902
0.85663885
0.7569123
0.79110014
0.8087763
0.8746966
0.9020443
0.8053268
0.6862695
0.9198977
0.770182
0.68851346
0.749589
0.899944
0.67940533
0.94249284
0.8647834
0.739743
0.72535574
0.7463325
0.7569779
0.8637755
0.73594415
0.9178156
0.68696463
0.9599176
0.7407398
0.86951274
0.86751795
0.9662608
0.745567
0.63803655
0.8164278
0.8917108
0.794594
0.8584317
0.8791261
0.9663284
0.9436206
0.5995509
0.88198745
0.92994875
0.94200265
0.9525335
0.9575074
0.89938736
0.76953864
0.9374002
0.85213447
0.8912863
0.7059259
0.9116815
0.74611634
0.8634273
0.8245916
0.7282295
0.8925478
0.91743565
0.6326009
0.646173
0.7752184
0.48537245
0.7535161
0.9189007
0.89772594
0.65985197
0.82006675
0.91154766
0.80053633
0.869378
0.707509
0.7798829
0.7956218
0.8550143
0.85984683
0.86134565
0.77010626
0.85350084
0.7755823
0.9052764
0.82360274
0.7789551
0.6817182
0.7357064
0.9051305
0.903715
0.74796546
0.88455755
0.8444696
0.8564349
0.8103211
0.657328
0.34309
0.8337855
0.9481947
0.7473632
0.8151256
0.8918084
0.8920002
0.64854527
0.80947214
0.82923585
0.9390905
0.44214672
0.89148366
0.8414357
0.94375616
0.84322655
0.80401534
0.7857667
0.9033626
0.73775035
0.7997916
0.9393406
0.8454832
0.8309659
0.7263542
0.7620408
0.8036342
0.8762119
0.97070074
0.8749833
0.8359261
0.8922515
0.92005247
0.40197492
0.90397763
0.73189867
0.7748871
0.93348336
0.86405796
0.6826144
0.8099655
0.82275707
0.9191741
0.7797376
0.883443
0.8357481
0.7357805
0.6295502
0.7573506
0.7947353
0.8592167
0.9146653
0.6212242
0.8580018
0.95490754
0.83551717
0.65974975
0.7478601
0.7522212
0.801054
0.76339114
0.96026826
0.77602166
0.8818678
0.86854947
0.6043071
0.64110124
0.80669236
0.9227862
0.946334
0.8531939
0.8115121
0.8154552
0.9059409
0.79037035
0.8870614
0.50298333
0.92042494
0.7976339
0.94485545
0.8673321
0.78940934
0.9226817
0.807951
0.8211614
0.6823787
0.8885425
0.92140687
0.8907208
0.6902107
0.8197453
0.9335784
0.7451691
0.94879556
0.7283106
0.9028652
0.833011
0.7100883
0.92184174
0.7028183
0.929754
0.78122276
0.8701615
0.8118154
0.72831607
0.8877666
0.7379855
0.70395315
0.471563
0.64568603
0.83324945
0.9333291
0.7724068
0.93050086
0.954155
0.9133223
0.8560786
0.8870283
0.77912754
0.9134313
0.78761435
0.9040644
0.7897451
0.75636935
0.7185455
0.8651579
0.8594678
0.90158653
0.8426733
0.91580725
0.8953416
0.93126005
0.7531614
0.81486034
0.8092166
0.9630704
0.7512582
0.78576434
0.9461293
0.9641601
0.95049983
0.85544074
0.83986056
0.80616623
0.80294085
0.8012082
0.8598478
0.8935574
0.87143505
0.93410957
0.8593404
0.8745152
0.84545314
0.6976873
0.6820652
0.8999813
0.8535961
0.8939969
0.9741814
0.96253943
0.4068864
0.8939123
0.7350281
0.84395856
0.7522329
0.7851951
0.94764245
0.8360938
0.9256304
0.50198233
0.86194193
0.9158564
0.66670716
0.90607285
0.88030386
0.8354729
0.88444716
0.7738215
0.75541097
0.928964
0.87496805
0.7316503
0.88624257
0.72995496
0.95777553
0.83102256
0.68383896
0.847611
0.83212906
0.8879925
0.87227607
0.85224795
0.92509025
0.7985563
0.9008377
0.8404333
0.5687885
0.8372612
0.91956055
0.93579733
0.8519762
0.81933343
0.85031897
0.9407418
0.68750906
0.8055923
0.6880095
0.883083
0.828881
0.91573775
0.8731037
0.7992312
0.88101494
0.8073634
0.9385427
0.79119694
0.8590907
0.7128977
0.8852381
0.32167172
0.8344837
0.94416094
0.9101852
0.51632774
0.8858836
0.93478805
0.9353157
0.9546474
0.80386263
0.92316735
0.9515593
0.74526757
0.67607456
0.6899392
0.88743716
0.8631938
0.8908489
0.96318805
0.865434
0.89219815
0.7243976
0.84627795
0.8279736
0.8639223
0.7334521
0.9191636
0.8392656
0.90471774
0.86345863
0.8324619
0.81654197
0.89979744
0.8232815
0.796135
0.7939347
0.9143238
0.87929696
0.86913145
0.91501856
0.80493104
0.8775597
0.9106377
0.75354075
0.8499177
0.6814598
0.6687723
0.92372024
0.6203288
0.7697293
0.8364672
0.93038106
0.87475324
0.84540534
0.9140874
0.9207828
0.95003575
0.59884477
0.92819816
0.94391346
0.7944726
0.68986416
0.90091777
0.39740604
0.86975205
0.71037656
0.9726408
0.5401687
0.7855769
0.6404411
0.8428782
0.67267084
0.8196002
0.89449036
0.9666345
0.81596166
0.887812
0.8338335
0.54232526
0.92611235
0.7227456
0.89674044
0.6696623
0.8746946
0.9227551
0.9140324
0.6885427
0.8956443
0.8674091
0.72270536
0.8005917
0.7971846
0.82045686
0.6626867
0.72071815
0.8792659
0.73069775
0.7769011
0.87873703
0.74392635
0.8600773
0.874709
0.87760687
0.7031134
0.8304503
0.9036464
0.7443312
0.9430978
0.8625565
0.9205765
0.8553158
0.86498785
0.90394425
0.81813407
0.63080823
0.8754529
0.91756755
0.8746805
0.8371591
0.77934885
0.8064631
0.91335547
0.9161595
0.9352039
0.95378524
0.84217775
0.96194077
0.8308666
0.9288931
0.91440654
0.93776083
0.77594805
0.92451936
0.91992766
0.7753381
0.9124848
0.8940929
0.9757055
0.63652056
0.8947074
0.952143
0.8651343
0.9511899
0.7369281
0.9370983
0.86250615
0.8367637
0.8793671
0.9114441
0.77237445
0.79756755
0.8703686
0.87423563
0.89731944
0.79239285
0.85602003
0.92176926
0.7798744
0.80860144
0.76770824
0.69728637
0.863013
0.9577081
0.9345775
0.8779037
0.8786759
0.8286598
0.78253925
0.70326805
0.93706787
0.9000052
0.9292854
0.8729711
0.691402
0.91737866
0.86133504
0.55615366
0.81488615
0.92876685
0.9123209
0.82082546
0.87203777
0.9357426
0.8149562
0.9246654
0.9139005
0.90630645
0.80519426
0.88313466
0.85758007
0.83048356
0.8922087
0.87664187
0.9107177
0.91097534
0.7947959
0.7892986
0.8994682
0.53651553
0.8829184
0.55563337
0.79035866
0.87655306
0.9238007
0.9380276
0.87717396
0.8973557
0.9025571
0.9147222
0.8777987
0.7971233
0.85593796
0.56254804
0.9226421
0.88947666
0.90877426
0.8093076
0.9014174
0.8719955
0.82990223
0.8469151
0.79313296
0.9134434
0.8025752
0.8145201
0.6890202
0.6995994
0.8050321
0.9479533
0.7481601
0.9014746
0.79330504
0.692418
0.7630688
0.8567785
0.93823814
0.93857723
0.9128665
0.6943686
0.8255982
0.9200724
0.70035684
0.672327
0.8538172
0.6563256
0.8228412
0.8727882
0.47343224
0.87576544
0.82819104
0.96051204
0.7704537
0.8446368
0.9064774
0.78592336
0.8136191
0.78493875
0.89257216
0.85419655
0.7778487
0.9086895
0.7791883
0.622351
0.75039065
0.77472544
0.83577514
0.7473214
0.83744746
0.84325486
0.7375699
0.92471087
0.8746668
0.8119304
0.88167596
0.7606811
0.88151276
0.9038526
0.82908857
0.4595142
0.9423108
0.965976
0.79577583
0.74478304
0.81644076
0.9167221
0.88688445
0.92310953
0.7548721
0.8387395
0.7789749
0.8428558
0.90543216
0.9257311
0.8686451
0.7798701
0.8206269
0.6445533
0.7755117
0.69768345
0.8291127
0.886402
0.9210861
0.8646022
0.5932183
0.91983515
0.6606662
0.9135598
0.58685684
0.8688537
0.7043001
0.8709852
0.8706928
0.8557485
0.9248382
0.8206881
0.85573554
0.7684834
0.7793111
0.9654484
0.63772535
0.825553
0.8143655
0.87843484
0.74953103
0.8603226
0.6522641
0.7477253
0.8549539
0.8082829
0.8780679
0.76633686
0.8401255
0.91721886
0.8227072
0.9478862
0.84598124
0.8410101
0.76971173
0.8766062
0.69423205
0.86903423
0.76449823
0.88150316
0.8730035
0.5565681
0.8798276
0.713158
0.7388483
0.9365716
0.4741755
0.75139713
0.9162278
0.7591598
0.42512777
0.8669764
0.846258
0.9454818
0.8324479
0.95509315
0.59621036
0.8661741
0.82659966
0.72283626
0.80907804
0.6857578
0.89525616
0.78668463
0.80839676
0.57085854
0.70774245
0.74883074
0.9429345
0.65734464
0.68220294
0.83912605
0.86928487
0.8160208
0.8658142
0.7808237
0.8360806
0.7995137
0.6656356
0.91717315
0.9152004
0.8482379
0.9248413
0.6360237
0.59355474
0.6868556
0.8996253
0.8754163
0.7118967
0.8395615
0.8754955
0.8257219
0.75167495
0.9169728
0.93628275
0.80506194
0.83978635
0.56045616
0.92865705
0.84941244
0.8948475
0.762621
0.5204358
0.933701
0.852641
0.94062394
0.9212967
0.7122434
0.7828857
0.67905796
0.9502241
0.92832726
0.5570102
0.7729585
0.6960167
0.43624893
0.8801708
0.9196065
0.87522024
0.8274265
0.83329207
0.92473274
0.8918758
0.42997196
0.8207849
0.9111272
0.9154808
0.5333515
0.82797104
0.8555176
0.72257483
0.9398611
0.8483654
0.7305618
0.6798015
0.69642735
0.8719694
0.8742576
0.82479596
0.8602969
0.929695
0.88657665
0.7598043
0.9544076
0.87479913
0.906549
0.882327
0.9622657
0.90517205
0.68496025
0.93832684
0.8718851
0.93677557
0.8839172
0.902568
0.9679376
0.92651916
0.7683604
0.65785074
0.909472
0.9641739
0.8888495
0.6333959
0.90793616
0.5884412
0.52676755
0.91033226
0.873393
0.9201695
0.7502555
0.6245878
0.96041596
0.9541456
0.5356008
0.91922903
0.7936604
0.7577539
0.800001
0.9029104
0.9277534
0.69937146
0.94129175
0.8593147
0.704718
0.8970381
0.8213092
0.8934274
0.62824
0.9021553
0.9303272
0.83062726
0.8720838
0.9491403
0.946542
0.9279294
0.86663884
0.8122189
0.9333813
0.89451504
0.7593804
0.7958361
0.9273187
0.89794946
0.8085738
0.5634553
0.85775477
0.8676735
0.8968633
0.83566296
0.6843976
0.65310943
0.8963954
0.90558916
0.78313696
0.8794178
0.8340447
0.8330406
0.9194119
0.7377779
0.91930735
0.89247924
0.8342162
0.80305743
0.9085965
0.8648115
0.9012616
0.67790306
0.8098549
0.94975084
0.8510183
0.8537488
0.88162434
0.8239507
0.84793216
0.8100083
0.91632044
0.63254535
0.72197175
0.80506146
0.7758975
0.801316
0.9275725
0.93763226
0.88336176
0.78656805
0.795425
0.95483756
0.90630805
0.91068846
0.7400752
0.38392088
0.8178238
0.76625717
0.6952431
0.81143236
0.929456
0.94555736
0.91315544
0.67331207
0.8227607
0.79421985
0.7585801
0.72311354
0.8735753
0.781569
0.7056927
0.94640166
0.91023195
0.8726525
0.8771305
0.90133095
0.9233953
0.8971902
0.826203
0.8064167
0.761988
0.9523364
0.9047326
0.91335344
0.5272185
0.6392596
0.7718464
0.8976188
0.9366385
0.66388065
0.9273471
0.8358541
0.8962967
0.8594279
0.5427933
0.77375555
0.9228695
0.46226507
0.8675273
0.8664567
0.8701977
0.9054131
0.8505599
0.96591175
0.8941619
0.838961
0.8864557
0.9614303
0.83565176
0.9294131
0.806543
0.8984275
0.7836075
0.9295706
0.8668722
0.92161447
0.8660435
0.9501616
0.7788259
0.84103733
0.8012154
0.7552177
0.7201166
0.92866933
0.80284846
0.7169161
0.81912345
0.92154527
0.7434086
0.8776305
0.90803987
0.8745024
0.8459828
0.8866528
0.884665
0.7682559
0.95062804
0.5733973
0.9110817
0.84042156
0.82027286
0.90879023
0.7895528
0.8405075
0.7601026
0.908942
0.85802966
0.8103221
0.8782475
0.8112646
0.92735434
0.8493346
0.9006961
0.8622108
0.8775315
0.9729825
0.9514226
0.8444332
0.87349355
0.9198539
0.8370838
0.92096955
0.581607
0.8785398
0.75936794
0.8560028
0.68059623
0.92180485
0.9232633
0.8895691
0.87574804
0.7913128
0.8199524
0.5636338
0.7383282
0.83726215
0.71502304
0.9362135
0.7440576
0.94460595
0.6531575
0.80602056
0.6761498
0.6114322
0.8693885
0.80182594
0.73723805
0.93709505
0.9707939
0.660664
0.73884994
0.881091
0.6611446
0.90023017
0.8926725
0.8227311
0.8618923
0.73312
0.937741
0.83151734
0.8116189
0.8683382
0.8563359
0.90880257
0.71746963
0.83960927
0.77861947
0.8957851
0.730589
0.8443248
0.95771945
0.8909443
0.54904264
0.4690615
0.8460461
0.9026667
0.83454305
0.954461
0.849104
0.8748914
0.71800035
0.92996067
0.9364487
0.9050106
0.8536146
0.65901196
0.8229625
0.9018095
0.83274126
0.69021726
0.8034465
0.834213
0.9224515
0.8457366
0.8107692
0.65801805
0.8616541
0.7589601
0.95578307
0.6271481
0.8928926
0.39495254
0.90728045
0.74354845
0.6319982
0.7349498
0.7144678
0.68583834
0.8917265
0.8346089
0.9315866
0.7634065
0.9084729
0.78137654
0.91452116
0.93824655
0.8094175
0.7240076
0.5776118
0.84317815
0.89159656
0.6727088
0.8563873
0.8870961
0.8869197
0.6603639
0.95966345
0.7163204
0.91949075
0.9053157
0.8363627
0.8896892
0.81908196
0.93319464
0.87878394
0.91891766
0.92277133
0.8472289
0.86266506
0.800579
0.8222337
0.77676946
0.92211723
0.91488546
0.8510426
0.89096826
0.73237664
0.90144247
0.71834636
0.9523941
0.68536633
0.86941785
0.9288325
0.93033576
0.8294172
0.8812243
0.8415153
0.5199226
0.92397404
0.7039027
0.87366086
0.7622372
0.8060027
0.7703828
0.9475774
0.7447456
0.90516853
0.8699817
0.8487884
0.86294216
0.90309495
0.68491536
0.74854976
0.7165292
0.5856847
0.94087553
0.79914606
0.7148882
0.90582544
0.8346531
0.61559635
0.8304752
0.78003806
0.85268235
0.9127259
0.6551645
0.9025432
0.8211077
0.7549261
0.8053925
0.71525604
0.7966257
0.96646994
0.7769791
0.8095046
0.8788143
0.81916195
0.89936984
0.8108568
0.787578
0.75328445
0.8846333
0.8066812
0.8404916
0.25759792
0.7323005
0.920457
0.78482014
0.8998746
0.85421735
0.6917797
0.67363703
0.95269036
0.8868669
0.5680538
0.7757495
0.8460846
0.8322895
0.6753698
0.7652925
0.9121765
0.7669928
0.6581787
0.8742186
0.7032882
0.8688273
0.5923097
0.82112634
0.8595449
0.82172287
0.8390259
0.61402166
0.8374752
0.7747607
0.7790633
0.8050682
0.93944657
0.9182812
0.8778564
0.81430095
0.5879527
0.8843813
0.8590201
0.5844776
0.9672618
0.86981696
0.9598709
0.8877303
0.82627803
0.926104
0.91619325
0.78802514
0.9104722
0.922602
0.9031855
0.858027
0.86426747
0.6457711
0.92528766
0.7654018
0.58985305
0.82475066
0.6718739
0.94247895
0.94238573
0.6034279
0.8378657
0.7724978
0.9007449
0.6552534
0.7681384
0.7226874
0.8040726
0.9184359
0.954839
0.8004702
0.7988987
0.93647766
0.87392044
0.76717407
0.7665747
0.7866639
0.7655221
0.7720086
0.89526814
0.72369814
0.8424602
0.91015404
0.6835676
0.8311473
0.87172395
0.92994004
0.6682644
0.8167569
0.79297715
0.59370506
0.79074293
0.67930746
0.7942318
0.5882081
0.90376437
0.8212663
0.85821104
0.9561378
0.70420367
0.8862734
0.82124835
0.81005174
0.7337631
0.6934513
0.9088447
0.510462
0.90550137
0.73335403
0.8668306
0.9498564
0.5833681
0.9036133
0.9376818
0.79974806
0.8560796
0.86881125
0.6882575
0.8025296
0.822678
0.84196335
0.9512902
0.8294199
0.6208346
0.9187822
0.782914
0.87673485
0.94574714
0.8564701
0.79098153
0.9362994
0.87773395
0.85848
0.9110696
0.8157651
0.84892225
0.7147829
0.9531472
0.5303677
0.860491
0.7626314
0.80373996
0.9222677
0.7998239
0.9190746
0.64325947
0.82872677
0.7379781
0.84497094
0.9128397
0.77066797
0.84282273
0.87558424
0.727449
0.9403848
0.95143646
0.8158682
0.8385588
0.7051853
0.86603236
0.7158993
0.88595825
0.8161328
0.9150861
0.87569886
0.8471108
0.9152031
0.93591356
0.76745397
0.9173748
0.9054738
0.8337958
0.9219162
0.8994039
0.78389454
0.9350233
0.7503352
0.92787725
0.91921806
0.9570156
0.86917543
0.88544416
0.9353965
0.92450345
0.81740963
0.81428427
0.5567024
0.84751064
0.82592106
0.7245493
0.8759585
0.89504313
0.8842151
0.89951116
0.32152972
0.59046185
0.91416293
0.73716676
0.60726017
0.8715961
0.90908265
0.79813683
0.7622433
0.84833336
0.84571314
0.8904136
0.61105925
0.86421764
0.8958711
0.9620211
0.8852209
0.91957927
0.89654857
0.9032202
0.7717253
0.91603243
0.7578757
0.8257822
0.90255857
0.8915929
0.93147624
0.88961303
0.71689266
0.9752528
0.6604426
0.75783986
0.8251877
0.89220643
0.8996539
0.7129305
0.88566595
0.9385313
0.88008344
0.9075039
0.7568483
0.3287364
0.84598535
0.823792
0.65775704
0.9321462
0.8733412
0.9059364
0.71336436
0.905349
0.91768885
0.8564788
0.96490854
0.88681865
0.8784944
0.9395601
0.8053675
0.87494004
0.8527417
0.8703668
0.8801641
0.7923646
0.44173682
0.6565144
0.8905362
0.9395081
0.8841419
0.8101541
0.8331355
0.9347851
0.8254152
0.89359784
0.76155347
0.92618716
0.9022847
0.772551
0.67865753
0.9269615
0.90953875
0.8611574
0.9586249
0.9130242
0.90516436
0.86292833
0.957131
0.8995583
0.8168831
0.6499866
0.85696787
0.8083041
0.78178024
0.93616325
0.6699701
0.741885
0.6023168
0.7284633
0.68094474
0.89123696
0.8564428
0.79231584
0.9379779
0.90960324
0.6990446
0.90552723
0.72854316
0.7426429
0.7789574
0.7113327
0.85017514
0.90419465
0.84391
0.76146406
0.9154725
0.95399636
0.94784075
0.5777378
0.7883463
0.6340068
0.94046026
0.89855707
0.8647064
0.6691419
0.9039097
0.8277427
0.75744975
0.7129653
0.65295786
0.76357496
0.8322468
0.8348347
0.72721756
0.9062024
0.7527977
0.7773987
0.6626035
0.9155725
0.84351087
0.7734208
0.64576066
0.9105892
0.7694106
0.8458368
0.66401136
0.91985714
0.96852547
0.68715894
0.8488113
0.88242346
0.7523603
0.8919104
0.8837007
0.78194475
0.72829515
0.828861
0.8844538
0.8937297
0.930164
0.8993025
0.8293364
0.7868035
0.8574022
0.93219215
0.90087825
0.9593139
0.6927896
0.8876488
0.8037882
0.91437024
0.8963114
0.86119974
0.8659384
0.9058401
0.3707121
0.79844654
0.74275684
0.7881209
0.87766576
0.88583726
0.7849685
0.7282517
0.9379228
0.9119185
0.7331609
0.8638463
0.7636845
0.45218557
0.7977903
0.7970828
0.8868489
0.9688914
0.90087587
0.7660515
0.8727793
0.6530009
0.75429165
0.8708353
0.9328916
0.89507115
0.87160337
0.9544412
0.85012734
0.94411194
0.5305514
0.72021013
0.7396222
0.9315662
0.856509
0.92632484
0.8396958
0.8324473
0.7103917
0.8745914
0.8764539
0.90841806
0.7584905
0.8281066
0.7364899
0.9639225
0.7312193
0.7512361
0.64738625
0.9399787
0.80165434
0.90495986
0.9013623
0.86901176
0.849801
0.84989226
0.8602738
0.76552105
0.70652676
0.8601765
0.47441378
0.94552183
0.7975885
0.9471152
0.6965449
0.773672
0.75138164
0.85318303
0.8470614
0.8610846
0.807728
0.90182555
0.7775111
0.8946193
0.8641951
0.80055135
0.9136652
0.86942255
0.8955476
0.8576751
0.63425004
0.96699303
0.7597821
0.91287977
0.6994312
0.6331459
0.8105031
0.81266904
0.630822
0.8107859
0.8629083
0.7424824
0.7505959
0.70637286
0.8446187
0.66244113
0.8412072
0.78462124
0.8400666
0.672707
0.70906913
0.79534465
0.9468324
0.93669325
0.82325524
0.9453189
0.8333291
0.8832018
0.79154587
0.88210964
0.8794252
0.79634166
0.92848724
0.89282733
0.80800194
0.89851576
0.85046375
0.7892968
0.9168494
0.92474645
0.62731105
0.9737495
0.8915988
0.92142916
0.8030938
0.8865373
0.6277571
0.7849582
0.9042061
0.83359504
0.6150643
0.8220779
0.90766114
0.9357007
0.93140846
0.8204439
0.8226128
0.9480116
0.88580143
0.6753835
0.6988752
0.9136232
0.8991749
0.9551525
0.8509695
0.9485764
0.9224825
0.9362744
0.891995
0.88173366
0.84106684
0.9009882
0.8908022
0.6116163
0.78928924
0.9496957
0.89155155
0.93416154
0.74145174
0.96279687
0.72493696
0.9326613
0.89028925
0.9510109
0.9323514
0.8521304
0.5865865
0.8005641
0.8802053
0.8329521
0.8657837
0.86094433
0.6991459
0.7788213
0.9189239
0.848815
0.8887043
0.8273522
0.85855305
0.9310542
0.84567213
0.8430419
0.79812396
0.5175467
0.9156394
0.7943996
0.8475832
0.91694796
0.9199861
0.9470498
0.852602
0.9541988
0.8367816
0.8446244
0.3510097
0.9550119
0.8461281
0.96747744
0.9621232
0.60605615
0.8457545
0.94727504
0.7907269
0.90054965
0.8304
0.80096126
0.88637215
0.8471502
0.8060175
0.89520335
0.8970337
0.9117811
0.8400116
0.85736
0.6724402
0.8848564
0.85999686
0.95863265
0.9065277
0.78305495
0.93175066
0.56480664
0.8460958
0.5749371
0.90755546
0.73117775
0.9536191
0.9230881
0.8723539
0.5458279
0.82970923
0.9081228
0.6974825
0.7417906
0.8038008
0.75949967
0.7561892
0.76583076
0.67090815
0.79232824
0.83798724
0.84381235
0.95541394
0.94872797
0.92014563
0.9462089
0.8594289
0.8107356
0.8674444
0.6790593
0.82092094
0.90253794
0.96881557
0.7003061
0.8144897
0.7363291
0.7516106
0.92329776
0.83546686
0.9590875
0.79554147
0.8843832
0.7270932
0.66226256
0.90915525
0.8679592
0.77923214
0.8480727
0.82062507
0.87772846
0.823944
0.6777549
0.8794009
0.9181583
0.8735528
0.7065214
0.902251
0.94421846
0.92202324
0.92998576
0.8996497
0.8097917
0.9029809
0.8680875
0.9144547
0.9476433
0.89302665
0.8782847
0.88478464
0.73541605
0.7003334
0.8618676
0.81617516
0.9244045
0.7685139
0.8819692
0.6001467
0.8029426
0.86330175
0.8794505
0.91715735
0.8256234
0.7315537
0.9364651
0.89866644
0.9624243
0.8743713
0.69369566
0.85677093
0.87372667
0.7907767
0.9496952
0.7067534
0.91577464
0.8931884
0.7353583
0.79240566
0.86740196
0.9458174
0.7408614
0.8270353
0.6938843
0.9163126
0.7727342
0.49842882
0.8627131
0.8875699
0.8817975
0.86390793
0.80943316
0.81663275
0.753886
0.82294786
0.9479411
0.7720432
0.9505651
0.6834818
0.8817582
0.9814755
0.76481426
0.8112367
0.87969476
0.883655
0.9720609
0.80662215
0.9619664
0.7653211
0.9321529
0.69413376
0.8848534
0.77216184
0.78761184
0.5860837
0.9127258
0.88976973
0.9635273
0.8179799
0.87834394
0.764253
0.76712954
0.6872318
0.9367195
0.9406477
0.92837614
0.8497326
0.8367869
0.8682977
0.88854337
0.9366075
0.59621155
0.8642696
0.9568256
0.8398135
0.56967914
0.90659887
0.881717
0.9159883
0.8886785
0.88539034
0.9331693
0.70794797
0.9538486
0.84162295
0.8707021
0.8453674
0.90668285
0.9131109
0.9600642
0.9196917
0.9067593
0.88580275
0.9539965
0.7855873
0.88822055
0.733106
0.47202155
0.71979916
0.7443216
0.8807298
0.78919405
0.8753389
0.8489949
0.82195264
0.8551857
0.9097206
0.86496985
0.7923084
0.9440459
0.89780265
0.8874501
0.41798523
0.9279343
0.819126
0.88579106
0.9050646
0.9175428
0.8661349
0.7794817
0.86911124
0.8352385
0.9308734
0.81272894
0.9396915
0.8541316
0.8842232
0.8847423
0.94002706
0.77040756
0.87587833
0.7627992
0.9203827
0.8849857
0.950026
0.88952476
0.9191543
0.91372645
0.8307842
0.85320044
0.83749336
0.90206313
0.9647962
0.8505289
0.84726727
0.9578389
0.7671027
0.7596755
0.8285018
0.71071744
0.95351577
0.96787
0.77608097
0.88611835
0.8638392
0.8558432
0.5649651
0.86333656
0.9323486
0.7481861
0.93467396
0.80668026
0.9204726
0.8418671
0.9168747
0.9413834
0.89969987
0.87321377
0.912012
0.80961764
0.7053288
0.8772801
0.9295341
0.7923297
0.7746398
0.8757889
0.8468411
0.95424837
0.9261657
0.7519537
0.9696761
0.9603082
0.8076137
0.6517041
0.7301722
0.9669908
0.9659714
0.878639
0.9200771
0.8957312
0.5130617
0.8285748
0.8705203
0.7200933
0.7115626
0.8606617
0.8644945
0.9384055
0.81976986
0.7936809
0.9137518
0.8394719
0.89299965
0.9424312
0.912506
0.9557402
0.87672645
0.8653798
0.8441257
0.9490224
0.7886013
0.8265789
0.9391332
0.9416625
0.82295895
0.70831466
0.8791752
0.86260104
0.9452908
0.80107826
0.83604693
0.9383107
0.7063924
0.9437321
0.8616876
0.8298015
0.8317238
0.91087794
0.94299585
0.8503096
0.9099093
0.83624303
0.96929187
0.9473648
0.8872723
0.8643851
0.78005815
0.92543024
0.92486274
0.9772803
0.8674131
0.9035592
0.84844893
0.9344845
0.5740397
0.95629025
0.8919382
0.8747853
0.5966464
0.80581814
0.80281484
0.87703145
0.9205932
0.84882504
0.634615
0.79494816
0.74021965
0.8050872
0.82110965
0.8188715
0.9680536
0.95236474
0.7758712
0.9142309
0.8615944
0.8585218
0.8730344
0.83648837
0.85975444
0.7837891
0.73290706
0.55573314
0.9401205
0.9293108
0.7271052
0.78125817
0.7989281
0.8185306
0.7893803
0.90947795
0.833718
0.5095484
0.8711902
0.90048385
0.81056273
0.95165765
0.7033864
0.972265
0.559013
0.82588327
0.8616091
0.90906036
0.810251
0.9304256
0.91649765
0.80945176
0.8574073
0.9082472
0.95013857
0.7066097
0.9480828
0.9255349
0.7486486
0.85531455
0.81873673
0.92946184
0.8419974
0.8670468
0.6791419
0.7966847
0.87618506
0.69308186
0.95715606
0.9735812
0.76374185
0.9692898
0.9163544
0.94042206
0.8837613
0.8578826
0.83642566
0.69994587
0.7321886
0.86474556
0.8448439
0.8618011
0.93036216
0.921399
0.8265085
0.9160105
0.93927693
0.8947343
0.924448
0.93178886
0.874926
0.8329205
0.6535161
0.89339054
0.6301534
0.89290416
0.73238075
0.91391295
0.73773074
0.39024812
0.7966618
0.8541312
0.8359111
0.6903604
0.74415344
0.9122497
0.70889586
0.8661471
0.9111403
0.74936986
0.84958315
0.96042776
0.52240264
0.68771386
0.37933573
0.7876817
0.9182991
0.69593096
0.905075
0.9684177
0.82350004
0.8623326
0.9603292
0.7428262
0.7620224
0.8622354
0.6866127
0.6527909
0.86085325
0.8962819
0.917871
0.86182874
0.842908
