0.8631042
0.7914353
0.852503
0.8481704
0.9250339
0.7687233
0.72329783
0.87201476
0.7729621
0.92883307
0.71369374
0.8581946
0.9287847
0.676148
0.9726721
0.70160955
0.8530341
0.81010985
0.96351504
0.7532814
0.8692594
0.93657863
0.68199146
0.9099753
0.7628163
0.9060307
0.8743837
0.8970619
0.78735036
0.8820759
0.6614137
0.9183946
0.88207
0.9532804
0.9430536
0.92692995
0.91196734
0.84043515
0.86383516
0.88349
0.897086
0.93570757
0.8190913
0.91257364
0.8314794
0.90871847
0.6959418
0.9260868
0.5798448
0.79988444
0.93496454
0.9225035
0.9417319
0.89512014
0.9533138
0.74573374
0.95879096
0.82934505
0.97315705
0.89713234
0.9194019
0.9045691
0.39225516
0.7838909
0.83185464
0.91184807
0.86279714
0.8826506
0.8741514
0.9218415
0.82891715
0.80895865
0.8520383
0.9467639
0.8859214
0.7403089
0.90779376
0.79100657
0.9579021
0.87381876
0.8781644
0.63087714
0.90334165
0.9369122
0.7924608
0.90141046
0.7215762
0.92463833
0.8631447
0.83110696
0.836658
0.846435
0.86952716
0.9115121
0.8674892
0.7613222
0.83344567
0.6676108
0.62565446
0.913671
0.85669875
0.81165713
0.7031621
0.8858156
0.95084435
0.74700606
0.93677783
0.8924578
0.8334815
0.8165762
0.87305796
0.8566099
0.79944474
0.9450553
0.7866256
0.7941076
0.80565315
0.8216127
0.7465556
0.92311954
0.870997
0.88144577
0.9691558
0.7912434
0.9193368
0.86828786
0.6471101
0.8690928
0.81384814
0.9328275
0.80843616
0.7828129
0.8784754
0.7998123
0.901222
0.894949
0.6596002
0.8740388
0.78193474
0.92171454
0.8664749
0.7958091
0.9066065
0.76319325
0.74468786
0.7939444
0.9127664
0.873528
0.92684937
0.8814463
0.76726663
0.852422
0.9290176
0.9172667
0.6401936
0.9054527
0.8883054
0.8642936
0.852897
0.8365408
0.9397501
0.8530708
0.89111876
0.8795289
0.7950945
0.9626963
0.5561508
0.92779434
0.87425053
0.83332634
0.82660896
0.80177724
0.9348606
0.9132485
0.91192913
0.874122
0.85121095
0.93814
0.80281216
0.80380714
0.7994688
0.7930793
0.78967994
0.853384
0.96545595
0.9332002
0.9086319
0.8962325
0.9547206
0.9007435
0.86274374
0.71018773
0.9322341
0.7781262
0.80423677
0.7407087
0.73755634
0.7350778
0.38694948
0.65391695
0.9029753
0.95428604
0.825117
0.8053545
0.64758253
0.79305345
0.8495714
0.8943685
0.6738405
0.69807637
0.8131464
0.6273379
0.97595286
0.9129221
0.8667079
0.7126027
0.35433695
0.74959224
0.83686334
0.805109
0.83127505
0.8171302
0.7937677
0.90600634
0.838244
0.83098334
0.91095483
0.6812812
0.8294003
0.9039757
0.9048262
0.95303935
0.85171354
0.85737526
0.8418496
0.79035646
0.8697864
0.8796258
0.8620305
0.82315624
0.87138665
0.96292496
0.8356791
0.9421758
0.8308553
0.9708425
0.83150524
0.9460264
0.79957783
0.8312025
0.89921045
0.9398476
0.8731167
0.9621555
0.93218523
0.74269813
0.85415876
0.7856383
0.8845824
0.8535653
0.7900233
0.85402894
0.8474446
0.8511841
0.6410049
0.67260665
0.9007638
0.90627
0.90135026
0.72410804
0.8458989
0.92080694
0.8281473
0.89786476
0.92823625
0.7421117
0.85860395
0.90813476
0.83307934
0.78748006
0.8535917
0.8974765
0.8497551
0.9425727
0.9218818
0.6725346
0.78631526
0.8757752
0.885293
0.9066619
0.8653505
0.87105155
0.6765585
0.85154855
0.6065998
0.79957217
0.8456106
0.8267158
0.95428175
0.9165175
0.7793354
0.96658385
0.93609715
0.8309902
0.80883074
0.8691335
0.7137945
0.87649596
0.70574987
0.91778564
0.9570152
0.96041983
0.82835436
0.66237235
0.7425449
0.95610774
0.8279377
0.9033085
0.8100043
0.92696834
0.94182134
0.76947606
0.848163
0.8907531
0.9543158
0.88768125
0.9231544
0.7865345
0.65104866
0.6430739
0.8727017
0.9010627
0.8284941
0.8705363
0.5139786
0.84238374
0.6247688
0.8495238
0.8101361
0.9331886
0.7089578
0.8523111
0.9393101
0.9617996
0.9433843
0.96529377
0.6506401
0.896652
0.7954364
0.5864728
0.9496711
0.80423486
0.74050593
0.8826331
0.87086916
0.76674855
0.8340001
0.9309991
0.8264655
0.91259426
0.8677973
0.6781433
0.9247998
0.82592756
0.74231434
0.9272569
0.8632543
0.7629817
0.77620137
0.93045795
0.84391594
0.73124176
0.70770323
0.9345827
0.7118647
0.9320237
0.8647368
0.8763975
0.8526108
0.9407225
0.8971818
0.9136082
0.88137555
0.9006828
0.8367252
0.90236384
0.83677715
0.83080846
0.9069495
0.86776656
0.7202618
0.96784693
0.76801324
0.8088148
0.9134667
0.9086603
0.826489
0.9079444
0.7705464
0.85701454
0.8244959
0.9408299
0.85605836
0.71118665
0.9309374
0.726272
0.89801115
0.9218963
0.85740715
0.9500587
0.6720598
0.8103556
0.78786266
0.8978085
0.9010529
0.52729017
0.8067588
0.7497094
0.95375615
0.85903484
0.90958256
0.8819659
0.85349214
0.6170666
0.454759
0.8391173
0.7739782
0.94164044
0.91585124
0.55451214
0.8541725
0.92501146
0.76105434
0.90319943
0.89279705
0.78453374
0.8712969
0.8184583
0.8996601
0.8368753
0.8474426
0.89482063
0.86511075
0.9212335
0.7945235
0.92112076
0.8363981
0.91889733
0.7913419
0.8603368
0.8548789
0.7925811
0.61813116
0.9211869
0.82888734
0.83907497
0.9007231
0.78044206
0.7014499
0.7911302
0.881546
0.77058417
0.95775527
0.8409702
0.89351904
0.9213128
0.6917085
0.6831881
0.8515644
0.6627421
0.94726694
0.8530085
0.8946389
0.7182904
0.7561666
0.6977915
0.88458025
0.7992383
0.83354044
0.8277996
0.8981321
0.85311556
0.82903653
0.8730159
0.91965884
0.85110855
0.8613096
0.8451659
0.7555451
0.91728365
0.9062362
0.8591148
0.8032782
0.867463
0.88372064
0.9231776
0.9424439
0.947771
0.8437673
0.866982
0.8863637
0.87201434
0.7503741
0.7661704
0.7129165
0.79379404
0.760203
0.809793
0.80097467
0.87630755
0.9280367
0.838269
0.912448
0.8560607
0.8584354
0.9102306
0.9135435
0.8633758
0.889163
0.9210032
0.7130022
0.8635686
0.7854036
0.74364763
0.9112958
0.9512281
0.720689
0.8682706
0.6858382
0.76246685
0.6709117
0.9315338
0.8133632
0.96637607
0.6109941
0.83826095
0.93175924
0.9349609
0.9034552
0.74982184
0.87601054
0.85808396
0.8233602
0.7116016
0.78478086
0.9278526
0.64487857
0.85224867
0.72842944
0.91520613
0.7549876
0.8946533
0.8685856
0.9159042
0.87194055
0.55969363
0.8277872
0.8192353
0.53027713
0.92050517
0.7396875
0.91399884
0.8596734
0.77852035
0.8938772
0.9404132
0.7806542
0.8656497
0.87378794
0.8447991
0.6385546
0.8857032
0.85835063
0.89251137
0.83723354
0.9089036
0.7989487
0.8450428
0.7098386
0.89318377
0.6947303
0.9178405
0.79030126
0.8155391
0.5593242
0.5601954
0.73655164
0.8462372
0.92809737
0.84549975
0.78419745
0.8455615
0.90746325
0.9201307
0.9611031
0.75484556
0.8190754
0.8959816
0.83052355
0.82302606
0.8621257
0.84329426
0.8526606
0.8600094
0.949365
0.85848445
0.8673412
0.82034636
0.88368547
0.863204
0.76945233
0.88928914
0.95718396
0.8974939
0.94705844
0.7742818
0.8084696
0.80656755
0.8908328
0.8896838
0.83494264
0.86389685
0.8186293
0.9226078
0.9480116
0.6879048
0.811252
0.7083371
0.62238884
0.46411234
0.73279667
0.85440516
0.6231056
0.9328537
0.9428353
0.75596404
0.8732499
0.9484996
0.9230718
0.70429283
0.9332695
0.7485508
0.86082053
0.9303091
0.7105899
0.9490366
0.810818
0.814893
0.8257849
0.83322686
0.8435217
0.8328642
0.96811825
0.8367561
0.909921
0.73847675
0.6412824
0.9585854
0.86215353
0.85359883
0.7964116
0.90140414
0.95563704
0.819349
0.96071064
0.71873593
0.9024359
0.8626687
0.8566954
0.942543
0.9438603
0.75624245
0.93210685
0.78120565
0.7848917
0.88537
0.7675576
0.743488
0.7146822
0.9039252
0.74730897
0.9338354
0.7941892
0.8506477
0.74466395
0.70098364
0.86531126
0.8189813
0.64511937
0.6714289
0.8972709
0.7407543
0.7240505
0.80201805
0.6543103
0.7410462
0.9041071
0.96868336
0.9135007
0.8417082
0.8773887
0.8754749
0.9585774
0.92546135
0.9437151
0.8492235
0.87693423
0.916136
0.94437647
0.76621324
0.75012887
0.8357783
0.93094534
0.61921334
0.9097875
0.89210546
0.9202541
0.83569574
0.5909871
0.9086969
0.8478207
0.8058602
0.78795964
0.85767865
0.91847503
0.7717357
0.7564567
0.82280034
0.8630532
0.9345337
0.9043524
0.57348007
0.64720005
0.9224414
0.87678206
0.78352714
0.94536453
0.84641135
0.9565238
0.9262955
0.7195803
0.74601823
0.7568917
0.9090804
0.94898367
0.86727625
0.67561597
0.75214386
0.936187
0.7689695
0.938537
0.92646754
0.8983856
0.8878581
0.8896812
0.8643563
0.7541018
0.8337143
0.61992985
0.83831894
0.65512025
0.7621725
0.8941734
0.81657904
0.85254043
0.88617706
0.91721815
0.87948215
0.928818
0.8602251
0.85643363
0.94099706
0.93269056
0.82641155
0.9426085
0.6660365
0.8602158
0.75555766
0.8074091
0.92300415
0.8324686
0.9081794
0.7202891
0.91019785
0.9261813
0.85233873
0.8012399
0.8785991
0.9424025
0.96563023
0.87373227
0.80910516
0.9117138
0.8309875
0.7216049
0.7405313
0.65131223
0.9335617
0.51270914
0.94308966
0.86344236
0.8311721
0.8982061
0.85036886
0.8033058
0.84149647
0.871347
0.87893975
0.90854126
0.7472751
0.7708722
0.9123147
0.8187337
0.9521116
0.9251796
0.781694
0.7876351
0.75105834
0.8269478
0.9077916
0.9342656
0.8081104
0.9296097
0.674239
0.97546154
0.84506154
0.7036281
0.8627082
0.8971258
0.81059337
0.7995327
0.7612041
0.79879284
0.8618332
0.8736148
0.82284117
0.7403274
0.8336488
0.67477465
0.58768886
0.80721223
0.82061434
0.89728224
0.79346544
0.8659671
0.6362628
0.91266656
0.7998488
0.9514484
0.7849828
0.8969542
0.8182565
0.8121063
0.8596278
0.90028125
0.83114016
0.76575446
0.6651492
0.7561029
0.73012984
0.8103093
0.9153608
0.82934755
0.74688
0.9419527
0.95242226
0.91100115
0.77651614
0.7983557
0.9143813
0.8602157
0.86149824
0.97964114
0.96534127
0.91510594
0.8859588
0.93007666
0.83466846
0.90270925
0.5545968
0.8427747
0.76270884
0.6589068
0.88382894
0.54483014
0.87651104
0.96010256
0.70018363
0.8680328
0.84436834
0.80504286
0.8857487
0.8335872
0.9031972
0.87485135
0.601712
0.67700243
0.93521416
0.72958946
0.8142787
0.7975348
0.74265337
0.77189016
0.77599573
0.85807985
0.7356932
0.7816684
0.8808107
0.96091914
0.8380208
0.80948526
0.89831305
0.8418963
0.8119887
0.9578057
0.5826054
0.904184
0.8968708
0.74426335
0.7441295
0.96010154
0.7631869
0.64928305
0.8886022
0.79121876
0.93759865
0.9440117
0.78028655
0.9379132
0.8405609
0.87004685
0.8786118
0.7167721
0.7556833
0.8062411
0.8340272
0.87770563
0.82869846
0.90104944
0.9665505
0.7576112
0.81653124
0.73492414
0.93447006
0.96072155
0.85822827
0.7985205
0.85547805
0.8151492
0.7861748
0.8488506
0.80739415
0.72165906
0.8755547
0.78586257
0.8794317
0.89906687
0.91737074
0.8910334
0.7937896
0.9247837
0.89873934
0.71294916
0.8811167
0.8909415
0.7458121
0.8207103
0.82689434
0.80057555
0.7239605
0.8783231
0.955926
0.9093067
0.7901391
0.91144884
0.9041992
0.7651372
0.74814695
0.7533558
0.5869962
0.8937961
0.87487197
0.9494589
0.8504215
0.9141722
0.89181685
0.91254336
0.8378813
0.82423323
0.8458659
0.9329773
0.8499433
0.7277545
0.74991065
0.7442944
0.887936
0.687329
0.9180199
0.8823893
0.9294275
0.9018353
0.9213087
0.7509756
0.9409444
0.906553
0.9249178
0.89706886
0.76206994
0.9327105
0.80276084
0.9040176
0.93524474
0.87148374
0.86267865
0.71728915
0.79892504
0.9602684
0.8892607
0.94297
0.85548455
0.95231855
0.91167355
0.8934319
0.87712145
0.7744889
0.9160176
0.81854945
0.9246247
0.9437587
0.8674927
0.8955408
0.9025795
0.8660531
0.88067114
0.8038982
0.91757524
0.7993034
0.42319977
0.9192869
0.8890593
0.9102756
0.93861485
0.81808966
0.89281875
0.87961286
0.9338553
0.9161537
0.7416917
0.8541952
0.8464161
0.69838387
0.81978154
0.945594
0.86243415
0.9635387
0.82590985
0.7977251
0.842609
0.8954684
0.77939165
0.87994444
0.89221376
0.6320342
0.90309125
0.8423372
0.9226166
0.7076567
0.8075715
0.89825046
0.94299835
0.6832485
0.952168
0.69267637
0.9150788
0.786047
0.74254143
0.8615066
0.7411425
0.93449736
0.858867
0.6815224
0.83696693
0.9525695
0.88047415
0.82002854
0.8124279
0.9691799
0.82768595
0.93252516
0.91920215
0.8856971
0.8460295
0.8992267
0.8606854
0.56849337
0.7805534
0.9137935
0.83075184
0.96039575
0.8722562
0.802735
0.8800518
0.76380885
0.89061886
0.7034692
0.92724466
0.9166539
0.8679457
0.9532615
0.8136556
0.8350258
0.7065271
0.74245167
0.7752993
0.80574656
0.8231125
0.8484837
0.89710623
0.76676667
0.9090125
0.86939776
0.9582946
0.95009273
0.87807494
0.91062236
0.90450984
0.9146729
0.934811
0.7481359
0.66540104
0.9080592
0.92154443
0.88244545
0.8464045
0.72104734
0.69827574
0.82208556
0.72945625
0.75843513
0.92731106
0.68453676
0.9062962
0.9070615
0.9069741
0.9492662
0.87846375
0.82597697
0.832183
0.8737903
0.80016017
0.9565126
0.8811871
0.797497
0.88847154
0.83262277
0.72502756
0.7909176
0.8753015
0.9141717
0.7018461
0.9528022
0.90001816
0.66863364
0.71199256
0.90999895
0.8624383
0.90557164
0.9731832
0.9605288
0.9157995
0.9207528
0.82844436
0.77094
0.80838966
0.7204956
0.66784656
0.8617536
0.76763695
0.85264415
0.77396685
0.88858175
0.9533556
0.95254266
0.93015224
0.8018577
0.8825109
0.83380187
0.87467456
0.9121499
0.8680549
0.85338855
0.9483646
0.90951765
0.9483925
0.8444108
0.73035073
0.6363638
0.95433867
0.9341415
0.9630803
0.8305756
0.7623905
0.916035
0.9165987
0.8777504
0.7198009
0.8569821
0.59895515
0.89324975
0.77123284
0.87953734
0.87525994
0.7788773
0.8662135
0.93483317
0.9237462
0.8978614
0.74510586
0.74829686
0.594106
0.807759
0.93192816
0.6982981
0.9257903
0.81891567
0.88539547
0.8989801
0.93988466
0.7993225
0.92227703
0.6401077
0.5059452
0.94775593
0.8833718
0.85310364
0.88196206
0.9126413
0.75504464
0.74498415
0.88195515
0.80234337
0.88279134
0.90077454
0.6837015
0.8373504
0.77653307
0.9232985
0.865432
0.86218756
0.9440284
0.91929084
0.7980613
0.8724036
0.804016
0.86499506
0.96835667
0.81709456
0.77589536
0.92432547
0.89090335
0.76794887
0.9436455
0.9189558
0.8580349
0.8625022
0.7735559
0.7867169
0.7990706
0.8405314
0.82394224
0.8960511
0.82470965
0.9079618
0.93306524
0.83235765
0.893337
0.74732673
0.9130722
0.91039664
0.894627
0.95690596
0.88805836
0.86654586
0.7737137
0.7742112
0.72813964
0.9530288
0.8869078
0.630037
0.73646265
0.8836086
0.7130021
0.8073219
0.87087935
0.752539
0.7268931
0.8933091
0.8227505
0.9151315
0.8188449
0.9203354
0.86909723
0.8335786
0.85465956
0.822258
0.6720792
0.7760242
0.8848324
0.94673526
0.8449835
0.81892526
0.9317726
0.9370489
0.80774635
0.7629861
0.81354433
0.8980182
0.8773297
0.9335614
0.87629354
0.87549794
0.8728149
0.80491155
0.91363835
0.9831682
0.69486713
0.80822015
0.9056116
0.9001465
0.8368845
0.718752
0.81120986
0.74954975
0.84743184
0.83883214
0.71140486
0.92457616
0.7958094
0.7050495
0.88558984
0.9278606
0.8991104
0.76363546
0.83947456
0.7491026
0.9281147
0.66410667
0.8243092
0.78494143
0.9569284
0.7878125
0.88030034
0.9249843
0.69153243
0.8984514
0.5163526
0.90519303
0.8465235
0.9178004
0.85791373
0.9424946
0.7332761
0.8973167
0.6987405
0.47449258
0.87683845
0.7890217
0.9121998
0.82927096
0.8957386
0.80534184
0.9126952
0.8706615
0.9704154
0.82812464
0.8711587
0.88633895
0.82441497
0.77887136
0.9269371
0.9331523
0.7699964
0.55370784
0.59890944
0.7915583
0.8657088
0.8327842
0.95469993
0.84441453
0.8684028
0.8838811
0.8708115
0.7944486
0.85306513
0.84416103
0.8929013
0.93215555
0.90301406
0.91293615
0.90793455
0.8584678
0.8797805
0.9412453
0.9280871
0.72118735
0.6615129
0.78465664
0.83204395
0.8000596
0.79207563
0.8120568
0.67483854
0.4722344
0.8636822
0.65934426
0.6559052
0.8205136
0.883015
0.8204032
0.80669093
0.9048063
0.59738475
0.93979853
0.61895835
0.7919487
0.89036083
0.85743797
0.78807354
0.855364
0.8637292
0.88748664
0.9511817
0.89266825
0.8993707
0.73423135
0.8380938
0.8946841
0.7457313
0.4646985
0.8398782
0.9249339
0.8793514
0.86017907
0.74063325
0.75264215
0.9749755
0.6256173
0.8722115
0.9627683
0.8573939
0.8830171
0.9129182
0.7924201
0.9171996
0.9289456
0.653502
0.8814249
0.88837874
0.8413313
0.9541128
0.808774
0.9447751
0.83875126
0.7503169
0.8508749
0.6817768
0.8383004
0.82669055
0.8791883
0.892456
0.89582473
0.8232579
0.93717116
0.71313524
0.8673725
0.95655173
0.86635804
0.97093844
0.7750424
0.94073445
0.89819926
0.8379087
0.9346043
0.9342233
0.7350062
0.7984161
0.74704576
0.8540994
0.93924195
0.7800949
0.7816075
0.9075647
0.9565744
0.8996866
0.8639084
0.85922515
0.9612782
0.9189267
0.8711495
0.8482022
0.40111175
0.72589433
0.7370808
0.77260995
0.7624194
0.92227286
0.67086846
0.93609065
0.76046115
0.6844749
0.615667
0.9489863
0.8512488
0.8885627
0.870346
0.80541146
0.7748865
0.6738968
0.92288876
0.88560873
0.8531667
0.944362
0.9006762
0.9582876
0.926213
0.9368037
0.72932166
0.90659356
0.8991645
0.8707527
0.9460445
0.8917717
0.8846305
0.8713359
0.93719894
0.9331052
0.7347862
0.8313671
0.8257234
0.9431151
0.8454559
0.79238164
0.82990605
0.88729006
0.75128925
0.7866611
0.9524037
0.8513268
0.82402724
0.7613349
0.72406346
0.8775506
0.8388135
0.8535974
0.8633777
0.9163623
0.84645724
0.8771874
0.73962396
0.70818645
0.92761904
0.8327251
0.8670391
0.93121684
0.8619466
0.8389248
0.8958589
0.80734974
0.7357929
0.84303397
0.7458494
0.94358546
0.92052025
0.7200368
0.9181413
0.87163264
0.87079084
0.89062434
0.96645
0.85656095
0.9560868
0.9240944
0.95016915
0.8926763
0.9249891
0.866272
0.7489974
0.7988478
0.8938069
0.7564394
0.9756762
0.9324059
0.7826078
0.8685949
0.95896685
0.93101317
0.8185163
0.95389867
0.6869969
0.76660275
0.86310136
0.7490185
0.795213
0.86503774
0.6155841
0.9514358
0.70441365
0.6610364
0.9335999
0.7460563
0.91209376
0.96407247
0.81161773
0.8471762
0.9417547
0.80213755
0.9084326
0.80658275
0.920096
0.7714258
0.9125291
0.7214567
0.7413497
0.8475288
0.817018
0.81455976
0.90129423
0.7902699
0.8068007
0.8707798
0.9167753
0.6270552
0.86617315
0.7318473
0.927962
0.81786203
0.9387429
0.7983366
0.88818264
0.7616142
0.8877182
0.8947468
0.87303215
0.8179862
0.95347863
0.9084464
0.6288342
0.93105435
0.83628565
0.75464064
0.71974236
0.89952105
0.7435541
0.9489341
0.39101258
0.8606907
0.81125975
0.85257334
0.94202834
0.84316796
0.8578174
0.7407222
0.96852076
0.69523394
0.94776356
0.8815304
0.93617976
0.85509586
0.51987535
0.92310715
0.9472928
0.8282845
0.92186844
0.7997572
0.9735653
0.8225365
0.8284879
0.8626843
0.2831239
0.9605785
0.74598414
0.9134651
0.8842994
0.8067258
0.87583846
0.9072901
0.80158466
0.91879374
0.9193423
0.6645812
0.9591855
0.94486535
0.7839953
0.8906355
0.8386939
0.65740836
0.78601116
0.8090588
0.8959453
0.81653726
0.9112953
0.8876865
0.96509683
0.7176393
0.6562656
0.6992106
0.8809828
0.89948875
0.91370165
0.6913887
0.757931
0.8682783
0.7966329
0.8564241
0.875855
0.81759465
0.89340717
0.9091374
0.86776316
0.9461722
0.9032953
0.82253945
0.9124407
0.76969224
0.53050864
0.67184824
0.7985885
0.9241981
0.74899924
0.75008684
0.91683346
0.7396921
0.8698228
0.8530071
0.9148761
0.84396166
0.8779721
0.70816356
0.74293983
0.8171873
0.91984844
0.9344872
0.6795856
0.75956184
0.96736014
0.91459656
0.8996966
0.753415
0.7973225
0.8913335
0.82011145
0.9046039
0.96170664
0.9075636
0.72712225
0.8626277
0.8523029
0.6094731
0.9199991
0.8752352
0.9809472
0.7611706
0.89741474
0.9358779
0.8697996
0.92969036
0.8369094
0.93155205
0.8317891
0.5568144
0.83095753
0.844523
0.59428316
0.92597014
0.8996198
0.7632482
0.8427125
0.82537663
0.5934989
0.90619254
0.9298054
0.87400615
0.68976706
0.85164165
0.7447396
0.9208287
0.8147566
0.78195584
0.7194424
0.9400485
0.84353334
0.55716634
0.8657896
0.85668737
0.897817
0.85359436
0.96126807
0.7362282
0.64934784
0.91129553
0.9008743
0.8100195
0.9562492
0.90944237
0.9690865
0.90119386
0.7601181
0.8975207
0.81853807
0.8070761
0.56176096
0.8695277
0.8095372
0.7733449
0.8658221
0.7231548
0.8961533
0.877237
0.810336
0.6898752
0.8897418
0.88508415
0.70738584
0.8096827
0.8707377
0.7272044
0.8808463
0.9301895
0.6847079
0.7324118
0.7899378
0.79440445
0.834851
0.6219471
0.9000145
0.7677445
0.88541794
0.922884
0.8187203
0.9406271
0.9149543
0.8785079
0.64255154
0.8696799
0.75637215
0.83065045
0.9341373
0.85329473
0.65629435
0.8948593
0.9454294
0.5264777
0.9542524
0.7997041
0.6698077
0.8894167
0.7086344
0.7910246
0.8440467
0.82332104
0.7308892
0.8990169
0.8062651
0.9092916
0.84771186
0.83471394
0.964327
0.9324147
0.8046538
0.7543236
0.8757071
0.8365675
0.7738379
0.905557
0.4404081
0.7650075
0.8692257
0.81983566
0.7472246
0.8112561
0.93997145
0.7809948
0.93900985
0.88769364
0.65830374
0.8219161
0.943547
0.68553126
0.88094187
0.7943169
0.71169144
0.85854644
0.96699697
0.6304723
0.9130918
0.96116644
0.88396275
0.87178516
0.86399376
0.8226615
0.8058904
0.76565784
0.8670681
0.85855997
0.91915965
0.91417694
0.7809539
0.90826255
0.754301
0.8096733
0.90139616
0.8959521
0.936388
0.6640893
0.91638327
0.8812656
0.71855277
0.85398793
0.93948233
0.7521563
0.8576011
0.9081597
0.82740587
0.88741225
0.8971345
0.9244814
0.66597444
0.9410097
0.9090146
0.7314936
0.9604598
0.87299013
0.79928464
0.83578527
0.89212704
0.8340309
0.9400476
0.9049287
0.80514824
0.84730643
0.84721816
0.7905449
0.7722511
0.79377735
0.92282337
0.94806457
0.94505507
0.6682635
0.8113178
0.8744216
0.9517455
0.9691442
0.7866844
0.86820626
0.9702753
0.841359
0.97701323
0.89911675
0.8749096
0.92634904
0.9214906
0.90032434
0.70542353
0.7901507
0.9083343
0.8650111
0.9169712
0.69950926
0.9601764
0.90718126
0.781151
0.88868046
0.8762442
0.59617054
0.8991357
0.7708693
0.82752836
0.9211042
0.96292824
0.77230614
0.8025148
0.7287273
0.69397086
0.93398726
0.81911397
0.7904281
0.91928476
0.8745045
0.8872454
0.9372803
0.8232577
0.8714653
0.91314423
0.8153216
0.958858
0.8475394
0.5211171
0.8438058
0.7184767
0.76731914
0.8183208
0.7039937
0.9405788
0.9162973
0.8443664
0.78328866
0.9698708
0.9159218
0.948694
0.7834975
0.90031314
0.57449985
0.8980704
0.9140389
0.91539097
0.8767675
0.5840499
0.9431793
0.92140555
0.939469
0.77255696
0.906988
0.8434308
0.8808478
0.4997453
0.9429461
0.9374331
0.96364987
0.77630496
0.66834736
0.9575953
0.8719518
0.9559037
0.5949991
0.81129456
0.9168561
0.8762507
0.8780631
0.8400171
0.78131866
0.9493443
0.8842801
0.93478376
0.8961884
0.84090054
0.66354674
0.7635144
0.8635312
0.94370973
0.89739245
0.88753927
0.8846481
0.83484435
0.89898247
0.93605196
0.8828081
0.79691744
0.73743284
0.5141922
0.7771474
0.72783875
0.9628453
0.84682506
0.9623855
0.7955211
0.9175583
0.90450233
0.85776573
0.96684504
0.7363821
0.81757265
0.9679353
0.875978
0.87977296
0.94727516
0.9211544
0.8448157
0.919304
0.96034366
0.89090145
0.83266234
0.70452136
0.91480535
0.9000842
0.9404627
0.7952467
0.90775025
0.7515474
0.8179423
0.8951437
0.7932718
0.9230231
0.792996
0.7663816
0.8838543
0.6665779
0.9094841
0.8528073
0.834998
0.9002961
0.94646597
0.8502521
0.958653
0.89919716
0.8705658
0.95183873
0.88543403
0.6018886
0.7151731
0.88033175
0.83107245
0.796057
0.7846379
0.76701754
0.6916115
0.82217515
0.94792825
0.9389916
0.9072546
0.70910406
0.67941445
0.8418695
0.9098541
0.84822786
0.8044914
0.7391517
0.85172534
0.88706946
0.9094109
0.9102473
0.7620776
0.83402294
0.94840676
0.92583245
0.7979491
0.8369409
0.64260113
0.9008249
0.94223857
0.92645776
0.7825816
0.9261423
0.7841443
0.79857755
0.89441985
0.7474376
0.79182476
0.7647772
0.7425645
0.7685529
0.67018205
0.85649914
0.7943604
0.9447527
0.84922075
0.93293566
0.92781126
0.866143
0.8759145
0.7599981
0.90023136
0.6858368
0.8671563
0.80916464
0.84316844
0.9168359
0.97795725
0.93520474
0.890064
0.8932458
0.8549446
0.8359917
0.8858105
0.8351906
0.8182492
0.7976505
0.45941967
0.6337982
0.5675077
0.8679839
0.7347177
0.86678076
0.5389077
0.9438558
0.8103517
0.93125415
0.44960925
0.9242681
0.8163521
0.93227315
0.950801
0.9128303
0.9344924
0.79120976
0.5153741
0.6555005
0.67842394
0.922575
0.8798795
0.84884465
0.8604782
0.8799723
0.7036481
0.91877717
0.8055572
0.948231
0.96841013
0.73243344
0.6959822
0.8827299
0.87052786
0.8618214
0.6272087
0.90489626
0.7061629
0.7578091
0.87832993
0.8955046
0.88972014
0.82970613
0.8299191
0.65350556
0.8856588
0.9289616
0.92396915
0.6430493
0.8479435
0.7976312
0.7314304
0.7413083
0.8018941
0.8100587
0.8687559
0.8467033
0.6494556
0.89261055
0.96359974
0.8007014
0.823231
0.9142946
0.9232999
0.9024029
0.8918236
0.8796555
0.800921
0.5226574
0.844367
0.7003868
0.7394601
0.81176627
0.78946835
0.7245929
0.96298504
0.89799917
0.7254523
0.9571493
0.9179857
0.826577
0.717684
0.7678938
0.6964779
0.63605034
0.83391845
0.8927946
0.81909746
0.58590066
0.8660761
0.9389106
0.67783546
0.8109
0.9151293
0.9674565
0.96613616
0.8212514
0.88465565
0.8491859
0.84951967
0.9749844
0.85035884
0.7223937
0.89598274
0.90427524
0.800936
0.54745334
0.9177183
0.89696026
0.83655244
0.60319173
0.8026458
0.9335536
0.9445138
0.8925908
0.8371134
0.8782862
0.5649054
0.6712214
0.7531183
0.9165963
0.807514
0.8994947
0.95876986
0.91759735
0.90046793
0.7745738
0.8036215
0.8746303
0.8442035
0.86596507
0.8942827
0.88571787
0.76289463
0.8276885
0.6523925
0.9493786
0.74822855
0.8225853
0.7175098
0.8561951
0.82631785
0.9021014
0.84503126
0.77402997
0.9051775
0.7780258
0.90967536
0.7447124
0.7351879
0.9376194
0.8978424
0.83133286
0.8167014
0.91533065
0.9339609
0.8368068
0.93144464
0.91622144
0.9537564
0.79115474
0.8224429
0.788448
0.8667862
0.8623333
0.867841
0.96556854
0.9094316
0.57145727
0.89579594
0.8073746
0.8218311
0.87309974
0.79993975
0.87563306
0.85595536
0.93603283
0.869821
0.9304008
0.9339597
0.8525028
0.71167403
0.700304
0.8790871
0.89332175
0.91037446
0.9184375
0.7758055
0.6777253
0.90798056
0.9239613
0.8359847
0.9061477
0.9509176
0.9187152
0.9589695
0.8576373
0.8497601
0.847136
0.92831534
0.8622173
0.8694571
0.7148076
0.8176553
0.85349923
0.9142285
0.9528173
0.7519868
0.98367476
0.9015518
0.64170974
0.87417257
0.95693505
0.89438033
0.7331228
0.82256585
0.9129047
0.90147835
0.8333081
0.8347664
0.89634085
0.9214963
0.8847341
0.6095605
0.81969494
0.6350876
0.90929526
0.86945426
0.712489
0.8894392
0.8658464
0.8951054
0.8648461
0.8281725
0.9654827
0.85334116
0.94630665
0.8439182
0.8732441
0.9233991
0.8444982
0.93025887
0.8882245
0.80276555
0.83300066
0.77289885
0.8100795
0.914043
0.9188951
0.8179917
0.72979605
0.8884798
0.92386436
0.9031639
0.91661096
0.8784355
0.95301753
0.85171795
0.6207526
0.71484816
0.6004529
0.7853099
0.9118175
0.80182505
0.96410555
0.9453772
0.73398274
0.7244397
0.93624413
0.82272184
0.8941835
0.8580932
0.8176626
0.9348616
0.7947082
0.8372395
0.8455796
0.8545967
0.802217
0.86172837
0.8618709
0.7404659
0.8657266
0.9274057
0.72307825
0.9482777
0.9547874
0.9502573
0.8361822
0.8493689
0.8968262
0.90814555
0.9092037
0.861031
0.8954445
0.8548858
0.7952854
0.90195847
0.9505402
0.9106088
0.7400237
0.93643343
0.8833683
0.86862
0.8780913
0.7168474
0.83064574
0.7178189
0.90515
0.8520067
0.83140093
0.92848504
0.9284184
0.6534116
0.87262905
0.9685805
0.9476259
0.8508873
0.8217244
0.8883095
0.93040586
0.83105576
0.877607
0.7330053
0.8002151
0.96115077
0.87798166
0.9203462
0.63375384
0.71636796
0.8496392
0.9137244
0.79037
0.83385706
0.9232179
0.71907544
0.8244611
0.9116566
0.9429376
0.75912046
0.937515
0.8300024
0.69893825
0.92414147
0.48211965
0.87415206
0.9343714
0.9064886
0.7750896
0.7126647
0.8501199
0.9695604
0.9104721
0.9021616
0.784556
0.6173738
0.89375657
0.9001311
0.7650331
0.9580064
0.81593657
0.97085613
0.88672125
0.6609751
0.82857645
0.91940415
0.8256007
0.9320505
0.78499776
0.9318596
0.7873214
0.58633226
0.72763646
0.8055559
0.8279639
0.981366
0.72757107
0.8321207
0.8561093
0.85294014
0.86689854
0.8465782
0.90516543
0.85954905
0.89462507
0.8594275
0.9392746
0.9667487
0.9502202
0.9408503
0.93135387
0.8208078
0.8471183
0.9459485
0.75939935
0.8678356
0.74437654
0.7926253
0.89926875
0.87299764
0.92674875
0.6083548
0.7934605
0.602298
0.918376
0.875949
0.70851344
0.8732202
0.9176309
0.8474257
0.8613513
0.8020215
0.929377
0.8385884
0.5800936
0.92124474
0.8097395
0.78013295
0.90967727
0.92224425
0.965341
0.8588427
0.8188943
0.73889935
0.70629907
0.6792557
0.8324447
0.81048954
0.84500384
0.78810513
0.84763515
0.92761916
0.8859152
0.62183166
0.9039967
0.8816278
0.84984833
0.8290593
0.74664706
0.87212706
0.90973014
0.85856444
0.91142416
0.91447127
0.8026674
0.8241896
0.85867864
0.8036246
0.7118717
0.853206
0.8248536
0.90740436
0.96276104
0.582557
0.8492818
0.91534853
0.86163133
0.8400478
0.94060254
0.825756
0.80954754
0.69138116
0.79908645
0.8657094
0.7391113
0.8507037
0.7785908
0.8937433
0.910525
0.81922174
0.74254775
0.74420995
0.7277862
0.7036761
0.9383311
0.7656527
0.93067443
0.95368695
0.94670147
0.9424466
0.8769459
0.8318471
0.7684406
0.94056964
0.75821376
0.8347403
0.6568456
0.9113937
0.9427689
0.7641767
0.9149122
0.8467809
0.86852264
0.7949682
0.72636414
0.8489063
0.7642666
0.86353624
0.8346383
0.90851825
0.8474472
0.65985274
0.7875974
0.9473153
0.90559673
0.9461681
0.89947766
0.9085267
0.82762676
0.90338016
0.95999277
0.847711
0.8290612
0.95306075
0.811133
0.84369034
0.8763951
0.86957484
0.7056428
0.9157783
0.82252455
0.8761754
0.8309083
0.8485176
0.7944609
0.90389043
0.77679396
0.5418634
0.69077677
0.5419703
0.6170035
0.9034759
0.73434335
0.8141568
0.80959725
0.89578307
0.91614014
0.9281184
0.853111
0.8588472
0.86372864
0.7378675
0.8404374
0.55241185
0.82615125
0.7543485
0.87867624
0.8571487
0.8252753
0.94917494
0.77395266
0.8081877
0.9263761
0.9630156
0.8652988
0.9004782
0.8223821
0.5494163
0.7920805
0.7846432
0.83648735
0.8612674
0.7778835
0.6727254
0.72930825
0.8473754
0.8923328
0.68565965
0.7557665
0.7778057
0.667757
0.5691248
0.8233929
0.9810515
0.85269
0.8099268
0.9177258
0.8852243
0.8430374
0.7565429
0.9161953
0.91987497
0.8824355
0.81479555
0.93969744
0.87871957
0.8444599
0.81958044
0.8745852
0.86315036
0.9412929
0.8439106
0.8180994
0.93993527
0.88309044
0.8227589
0.81794703
0.89151216
0.8384968
0.7382014
0.92286223
0.86265445
0.89896274
0.7537048
0.69082373
0.871055
0.8839903
0.76345646
0.8485496
0.7312181
0.8887043
0.88685757
0.6860162
0.7852068
0.8577429
0.67594343
0.98538303
0.84202194
0.89938664
0.90229124
0.7565696
0.96418875
0.70815516
0.7975554
0.9240164
0.8034885
0.7112742
0.6547254
0.8607404
0.8867383
0.85693413
0.8197661
0.91485876
0.696918
0.8530903
0.7760973
0.831861
0.9638198
0.894386
0.91820544
0.8556804
0.93869627
0.85944957
0.64216894
0.7487481
0.8775772
0.87977815
0.88159686
0.9068319
0.83009416
0.77469265
0.8068179
0.7038216
0.7256627
0.49805525
0.9135384
0.9171528
0.8303952
0.74897224
0.7774348
0.7400121
0.88904536
0.90002155
0.930806
0.77532214
0.78228813
0.90343654
0.77091724
0.8022499
0.8553807
0.85245967
0.85891783
0.9436947
0.7046402
0.93409854
0.8540829
0.9352162
0.7038051
0.90985274
0.84980494
0.9048052
0.91711414
0.9368688
0.9666245
0.9762977
0.89312476
0.9280226
0.7734823
0.7813316
0.9228805
0.8816061
0.6759911
0.9528228
0.9297248
0.8934315
0.868014
0.90869176
0.93278843
0.8925061
0.88020724
0.8983001
0.66481113
0.7847507
0.8291107
0.9423323
0.8737165
0.6285248
0.93591654
0.83679676
0.8489232
0.6206142
0.7393121
0.7285045
0.8781836
0.7425685
0.8865152
0.8710381
0.9253
0.8408194
0.6475334
0.91257536
0.90812707
0.8612346
0.94493455
0.85919815
0.722926
0.84768265
0.87421066
0.9245342
0.8204586
0.8857451
0.945196
0.8862022
0.94601464
0.6704832
0.83051777
0.9039105
0.8668263
0.8364291
0.921541
0.76629436
0.8813686
0.7952763
0.9060013
0.89558667
0.70078003
0.94077647
0.7181063
0.8517957
0.8209573
0.9296333
0.8078539
0.8913932
0.8625397
0.83255094
0.83327794
0.67467356
0.92332006
0.8823144
0.81134933
0.79712665
0.951532
0.7996854
0.86612034
0.89388275
0.71324944
0.81342614
0.9671273
0.9213811
0.6856474
0.57358325
0.9360454
0.90404963
0.7999606
0.8931839
0.97907966
0.89456886
0.9174244
0.95665133
0.9359272
0.8755604
0.96860075
0.86474854
0.93474567
0.773373
0.8611381
0.63113266
0.73892367
0.8329121
0.90033126
0.68231714
0.8599364
0.8026392
0.95844823
0.8185216
0.76747346
0.8348403
0.7413124
0.88115
0.70833987
0.9541502
0.9261363
0.82856697
0.9108318
0.91184616
0.8006288
0.80850506
0.9258436
0.88527155
0.800899
0.92889744
0.7870178
0.9145843
0.9089178
0.86710036
0.8353409
0.850614
0.86946905
0.9551965
0.862783
0.75578266
0.851051
0.898337
0.9246038
0.80782545
0.87967664
0.7639722
0.8550695
0.909355
0.9190352
0.8358215
0.82753927
0.74208665
0.8304639
0.6974193
0.86306703
0.8078753
0.9155994
0.8240638
0.71367913
0.5871157
0.917987
0.8766955
0.6893654
0.9461452
0.9130206
0.87725925
0.95503885
0.8357826
0.88256353
0.86408186
0.8780994
0.75807387
0.84823
0.9254587
0.78538364
0.8317675
0.92312574
0.8732823
0.83193606
0.8750053
0.83839005
0.8802661
0.50730705
0.88675827
0.90942657
0.78184795
0.9259119
0.9151963
0.89786744
0.80748737
0.9395069
0.9732536
0.8506955
0.9415823
0.87658596
0.6815169
0.82892823
0.94736516
0.9485494
0.74075586
0.4721982
0.87989336
0.9304109
0.75200254
0.9629327
0.90967953
0.76250476
0.8385626
0.97002643
0.9519932
0.71426976
0.90221334
0.6694582
0.9047761
0.73612225
0.88911045
0.9021616
0.8359439
0.91828156
0.810157
0.8443514
0.90463215
0.73682964
0.8865059
0.8272787
0.94947654
0.93611705
0.9105719
0.91160524
0.90510345
0.89910185
0.9478829
0.93902737
0.79794014
0.81246054
0.7023409
0.9196796
0.85866874
0.9459114
0.7533781
0.7080724
0.6815511
0.90161544
0.9092426
0.94198114
0.88994044
0.9377816
0.856019
0.874299
0.95877224
0.7119704
0.915645
0.845475
0.9336673
0.51046365
0.8033991
0.87796175
0.87009025
0.78868055
0.7748682
0.9674809
0.92018217
0.74779403
0.95104843
0.6666082
0.86704826
0.6751505
0.8479993
0.9087726
0.84548295
0.63113064
0.69938976
0.81279844
0.79780376
0.70562637
0.83111477
0.95146674
0.8504703
0.8659901
0.8158167
0.83121395
0.8194757
0.7604258
0.8827415
0.32819825
0.9031405
0.9538875
0.7949396
0.92601883
0.8259177
0.8290952
0.8081419
0.9164229
0.9069833
0.89807844
0.89330053
0.6605208
0.6998156
0.8301356
0.62353474
0.686352
0.9595434
0.82192355
0.86394334
0.93748003
0.90833175
0.9354241
0.9156165
0.90212613
0.6477257
0.9350549
0.87596536
0.9120904
0.8901029
0.84169793
0.92702055
0.8564059
0.95572615
0.9575884
0.78647184
0.94663453
0.75398785
0.96847093
0.8698689
0.8975373
0.8705737
0.5284898
0.84804004
0.97641575
0.744368
0.7043303
0.90667
0.7759743
0.7785664
0.8148341
0.8337313
0.965634
0.73271495
0.8541635
0.8876111
0.89103997
0.94868386
0.94823885
0.8569604
0.7514828
0.83008385
0.7015775
0.89486873
0.8568776
0.69825
0.93227625
0.7418872
0.6427946
0.94094014
0.9288293
0.91948676
0.95959336
0.7191789
0.8718706
0.8829434
0.8532491
0.722962
0.90942144
0.81224746
0.7175591
0.8455762
0.67719996
0.84747225
0.898738
0.7290806
0.72179604
0.8919389
0.9175686
0.87660605
0.8380647
0.9186636
0.9314547
0.8535454
0.91623515
0.83949935
0.8616516
0.54791033
0.85644406
0.9617084
0.85057026
0.9273282
0.44655606
0.94507533
0.7982664
0.9130181
0.6313125
0.7072398
0.8923841
0.8328984
0.6498892
0.85192096
0.6716157
0.8666669
0.43266314
0.75903356
0.85394025
0.776231
0.6639727
0.6888224
0.9666373
0.88757825
0.826442
0.80838054
0.8358251
0.89013046
0.850384
0.908807
0.93449926
0.83301455
0.9040299
0.83072096
0.7560891
0.66802156
0.8290647
0.8264664
0.83240306
0.8522445
0.77325237
0.9638208
0.7069991
0.71253055
0.87353575
0.8941406
0.8945833
0.93044704
0.9786226
0.7587505
0.59613115
0.9142066
0.92575127
0.91574985
0.89590997
0.8606781
0.8865386
0.8835505
0.7728284
0.73980236
0.51439804
0.74224687
0.7185309
0.84064704
0.71981704
0.7186568
0.70956475
0.8200171
0.9424511
0.8664581
0.8009597
0.75766087
0.60429
0.8964371
0.83022857
0.8905525
0.952695
0.8630805
0.9458604
0.89800745
0.8268356
0.9275359
0.77602965
0.95414245
0.8949221
0.6668199
0.8636786
0.63041997
0.8906758
0.77807724
0.7121734
0.83616394
0.9276821
0.905174
0.87244797
0.8583136
0.8700001
0.8482255
0.9009153
0.84540266
0.79526055
0.8540836
0.81594735
0.93951404
0.8243193
0.8375255
0.86961514
0.8225807
0.8739386
0.86528337
0.90625215
0.90037984
0.93066275
0.94956684
0.8925162
0.691063
0.75402033
0.87504166
0.8824724
0.8852908
0.9206004
0.83775234
0.92482686
0.9568017
0.9473514
0.8815374
0.75654846
0.8926217
0.91717565
0.8199025
0.80525
0.8765216
0.80734354
0.85026306
0.95011455
0.92201114
0.798302
0.81051344
0.7056145
0.9256525
0.898823
0.84720933
0.87610203
0.89627236
0.9424089
0.91128755
0.8706843
0.7328222
0.82654697
0.7733289
0.80682325
0.8684125
0.91974306
0.9349365
0.8195174
0.85299647
0.9749383
0.8210718
0.7403436
0.8171421
0.7244992
0.7789029
0.7721578
0.91040367
0.8179206
0.84969354
0.793445
0.8649811
0.9464649
0.6490538
0.8362672
0.83613604
0.9638513
0.9043611
0.8735697
0.84141845
0.8937765
0.93939984
0.84363246
0.80136687
0.94793093
0.9210026
0.6472323
0.89938945
0.8475061
0.94598514
0.7849382
0.93817353
0.8252912
0.8578044
0.80098677
0.7177357
0.93210363
0.8981856
0.8010912
0.86556184
0.83965427
0.8887209
0.7174408
0.93546647
0.7000934
0.95925295
0.700079
0.86297286
0.8772999
0.81242716
0.7882421
0.67780423
0.88525885
0.85870016
0.9462675
0.8693713
0.8643259
0.8494102
0.88131875
0.7984256
0.74310356
0.7470268
0.92373663
0.9415708
0.93028563
0.761811
0.76939815
0.81099564
0.936544
0.9205936
0.50164026
0.76613665
0.8548434
0.893712
0.58737457
0.60136944
0.7413623
0.72950846
0.878201
0.7076927
0.83445257
0.7054306
0.87723565
0.94579995
0.88700974
0.8971076
0.9362885
0.9386567
0.8749399
0.9358164
0.8684608
0.8586797
0.9334176
0.8069031
0.83363974
0.82035553
0.8191711
0.7223415
0.8682663
0.78101426
0.87785536
0.83597225
0.94214445
0.9067587
0.77874357
0.7866918
0.90929705
0.77093464
0.96310174
0.8509927
0.8486397
0.8932038
0.8958601
0.7793628
0.92880046
0.946079
0.8611894
0.799013
0.8254203
0.95514005
0.8318527
0.5688924
0.92683935
0.9697174
0.97433877
0.6448019
0.54339045
0.91864955
0.7864574
0.874094
0.42810425
0.88908756
0.87797296
0.92583567
0.71283895
0.87483007
0.9141412
0.94811904
0.64881957
0.79712355
0.8640537
0.6814101
0.598327
0.9034403
0.6859459
0.8399436
0.87667453
0.7881685
0.92785186
0.88500196
0.8677286
0.8376676
0.9323127
0.40563238
0.8617755
0.9467154
0.79705644
0.86992556
0.8856971
0.95611614
0.89658535
0.91412437
0.9669393
0.72990954
0.9070608
0.8686785
0.8796853
0.76362956
0.6200241
0.60657734
0.5512967
0.912445
0.55914813
0.72781575
0.96774566
0.89037365
0.94809127
0.89479464
0.74456334
0.84491235
0.77747476
0.90636164
0.7455682
0.8024517
0.972458
0.8417846
0.96722096
0.8816466
0.8940007
0.6790525
0.94292665
0.75644517
0.72008294
0.8630555
0.8397204
0.8347231
0.96715266
0.9286817
0.90804994
0.7238823
0.93298095
0.90644944
0.7941761
0.7670805
0.78634274
0.906476
0.94452524
0.9408678
0.8677912
0.62366784
0.78393465
0.9288368
0.8368704
0.7541035
0.76760685
0.92354757
0.8451462
0.93978345
0.85615444
0.90595007
0.93082887
0.93412673
0.87778705
0.95415765
0.8889667
0.90842843
0.6452706
0.8936197
0.88998413
0.7734079
0.9118761
0.7739674
0.92063344
0.7946314
0.86291057
0.8310092
0.85295486
0.8723662
0.8678134
0.8997474
0.8654971
0.8309774
0.8392369
0.6720128
0.6463623
0.83797723
0.97247785
0.8994659
0.7909109
0.8534746
0.917987
0.7986356
0.75997686
0.9405837
0.68855417
0.7775193
0.9053921
0.89101624
0.8539602
0.88027847
0.67044455
0.9141885
0.9537428
0.62231064
0.8462559
0.7952716
0.7921847
0.83090985
0.88704807
0.7603743
0.7297852
0.9028081
0.80301994
0.8946476
0.8509374
0.72421056
0.797004
0.78542733
0.71969527
0.8106899
0.73884547
0.8934112
0.7498361
0.8403837
0.87954867
0.8468412
0.8625765
0.78712296
0.88356686
0.91148436
0.8528148
0.75650173
0.94770855
0.882807
0.90569234
0.79843843
0.88443106
0.8548799
0.8580654
0.9305078
0.74620014
0.90046716
0.89736843
0.77494276
0.85453445
0.70115274
0.96162015
0.9598291
0.8088796
0.8884977
0.8873873
0.9093102
0.86587554
0.9129125
0.95282084
0.96433455
0.8679191
0.94290197
0.8477722
0.71549547
0.746647
0.8628168
0.94635034
0.72726846
0.86201787
0.7374863
0.88772905
0.7894537
0.86166006
0.8127104
0.97735673
0.88318205
0.73338485
0.90612066
0.7860241
0.75165117
0.8018049
0.88274586
0.7420023
0.9023787
0.8313685
0.7922406
0.8155796
0.8681309
0.8181362
0.8493056
0.7891494
0.8190064
0.9743196
0.82098985
0.8822086
0.91389984
0.93217856
0.88924885
0.8453833
0.946088
0.63250065
0.78228426
0.8098931
0.7704474
0.7966823
0.64632124
0.9704296
0.9694052
0.8823631
0.82495344
0.9409779
0.86525255
0.7722964
0.8710408
0.95364225
0.8977683
0.92017215
0.9055085
0.8756207
0.77458537
0.79219997
0.6401317
0.9217163
0.8921561
0.7573015
0.73795056
0.8608607
0.89526635
0.7450503
0.45137805
0.80398285
0.8707907
0.89357257
0.8515301
0.93025774
0.9044344
0.7312113
0.89129937
0.6946597
0.9297366
0.9624003
0.8118839
0.7756896
0.87122035
0.94408035
0.83737034
0.94453263
0.88880354
0.9504494
0.79540575
0.93999094
0.7810362
0.91497827
0.917756
0.78085506
0.90367573
0.81746936
0.7578377
0.9520488
0.7851161
0.79287344
0.8956816
0.86610353
0.74376607
0.84001607
0.8331404
0.86315775
0.82730156
0.75766027
0.8763709
0.5975334
0.9542454
0.8987883
0.7943964
0.84147453
0.9021364
0.9570175
0.84824145
0.9026824
0.64449924
0.91349447
0.8368502
0.86240363
0.8416677
0.9105527
0.867445
0.946753
0.7935599
0.6435705
0.91268706
0.97946805
0.94894135
0.7570766
0.9092961
0.91159064
0.8794472
0.87194407
0.9137453
0.8744462
0.8673614
0.9155761
0.7236585
0.8582205
0.65068406
0.7632358
0.8628005
0.36490038
0.8557936
0.8707099
0.8578094
0.6734948
0.7136508
0.75489885
0.89709496
0.9288242
0.87260485
0.8038239
0.81724775
0.79273736
0.89815557
0.80176896
0.79865223
0.9080275
0.9011957
0.93818367
0.87748885
0.80802923
0.8636328
0.9744875
0.9527818
0.8054065
0.7813971
0.89650345
0.87677056
0.8831684
0.8774582
0.8801368
0.8540492
0.9066429
0.74604
0.8917
0.72486764
0.8848334
0.92241883
0.8699398
0.9255885
0.94171935
0.5209818
0.87906456
0.95203435
0.5841638
0.8619056
0.93877167
0.8772714
0.740223
0.89022523
0.81280947
0.6724824
0.9196167
0.9366121
0.7544075
0.89438176
0.9033025
0.96234065
0.9546338
0.9307275
0.9693064
0.8687021
0.91705275
0.88941276
0.89917904
0.7994259
0.88507074
0.7830476
0.7936981
0.9113599
0.8774851
0.9111009
0.89107805
0.82727724
0.91085213
0.80255824
0.7380891
0.8309411
0.77317965
0.92157257
0.73134017
0.8973576
0.9691713
0.68060946
0.9251378
0.7893293
0.8523434
0.8720758
0.588429
0.8837204
0.70088995
0.9243681
0.96627
0.82502604
0.93771195
0.8873239
0.6392181
0.71978
0.77324915
0.8474604
0.90107477
0.92287964
0.93660396
0.9028528
0.7572281
0.87040883
0.9415641
0.94503415
0.8418045
0.92595184
0.8681447
0.83481747
0.8107111
0.9267647
0.9151826
0.87284184
0.88582504
0.79366064
0.91036487
0.92263323
0.62082946
0.8077056
0.8422427
0.823161
0.89631927
0.90388
0.884605
0.94694805
0.7541145
0.93903685
0.9085661
0.88367736
0.6267768
0.89726037
0.78445333
0.78175926
0.8579822
0.93220234
0.8282768
0.82138485
0.9166435
0.9336475
0.7963201
0.8341478
0.7993323
0.8798453
0.95216894
0.80849046
0.9493085
0.87899745
0.89005405
0.7837009
0.81664515
0.9057467
0.9421973
0.92615974
0.85528266
0.7667959
0.8301401
0.8781792
0.90189
0.89954436
0.8102206
0.72105956
0.9010484
0.7909423
0.96433866
0.7944412
0.7721184
0.87776124
0.8497143
0.9013392
0.7845802
0.8478142
0.93868864
0.85248464
0.77094567
0.85518795
0.70793396
0.7926815
0.83955204
0.71510386
0.7964581
0.89556503
0.88234824
0.8693092
0.91971016
0.82524735
0.92630124
0.8681755
0.5909968
0.7337415
0.89463395
0.97812885
0.84317213
0.77651674
0.8859669
0.8992794
0.75579226
0.861831
0.9375508
0.94506055
0.86009735
0.858108
0.9603515
0.8291776
0.97251487
0.93447125
0.835231
0.901632
0.87322485
0.66878337
0.7134023
0.75239587
0.8384994
0.9601619
0.7384566
0.9312475
0.8165955
0.8983152
0.4679978
0.87174964
0.8810038
0.9438138
0.7890918
0.79012966
0.6244635
0.8514204
0.7203815
0.86124575
0.9143196
0.8249039
0.87406665
0.71064687
0.77320415
0.7931677
0.8826797
0.7638827
0.87762636
0.8611109
0.918925
0.8932202
0.7513522
0.9582368
0.82603884
0.911025
0.8358268
0.898626
0.8449973
0.9535636
0.8784176
0.91378987
0.8845394
0.70574033
0.8941764
0.8816006
0.8946981
0.8227535
0.7929279
0.7443867
0.85986924
0.95410156
0.8092238
0.83077073
0.66279995
0.63916725
0.81771743
0.878333
0.9222324
0.93021727
0.8146099
0.9643176
0.7920438
0.68736774
0.7491751
0.89338464
0.88842785
0.8735813
0.88739604
0.93820006
0.7168238
0.9450581
0.8707201
0.9613564
0.4373632
0.8262689
0.7559369
0.7284303
0.7756107
0.72926956
0.9557233
0.81749105
0.82005966
0.64384544
0.9270504
0.856589
0.8791106
0.75197357
0.7154708
0.88187385
0.8380775
0.8302833
0.8032861
0.93794835
0.88133144
0.91312814
0.91901386
0.79840064
0.7713891
0.7781729
0.95221376
0.8823556
0.80171025
0.93392
0.8363643
0.91636693
0.94580966
0.95641804
0.8623188
0.8445083
0.9389241
0.7188779
0.9163802
0.88871354
0.8759619
0.8578454
0.64979464
0.7236804
0.7919227
0.9117247
0.80375284
0.81172264
0.86605513
0.6914484
0.6873238
0.9518035
0.9361255
0.89632875
0.9662974
0.8981736
0.38245428
0.7792032
0.87018996
0.88102776
0.8862184
0.87512124
0.93220234
0.9451111
0.8781227
0.8033719
0.8765337
0.8552078
0.9105783
0.82345897
0.880268
0.9370987
0.95782226
0.91773987
0.85530007
0.95492333
0.8134549
0.7907972
0.62699187
0.87834084
0.84074754
0.9356303
0.784953
0.8639654
0.71149623
0.8815059
0.66837174
0.87704575
0.82911015
0.91661096
0.8826605
0.84423643
0.86582685
0.95096916
0.89943224
0.6099992
0.77328366
0.90068567
0.9340974
0.816692
0.8494431
0.95005035
0.71950686
0.8049753
0.9089933
0.95884144
0.60580677
0.906809
0.7460668
0.7329618
0.7670443
0.864089
0.83393323
0.94571865
0.87067014
0.7890986
0.9263043
0.9003215
0.68526495
0.8042225
0.8877412
0.9232297
0.7879123
0.68762594
0.8053608
0.84279776
0.73799187
0.9506653
0.88825595
0.9004481
0.7749765
0.8022333
0.925431
0.855173
0.4472632
0.8939536
0.79968905
0.93210983
0.9695909
0.9567261
0.9702684
0.54056597
0.5735722
0.9314817
0.44134375
0.8155075
0.5397956
0.9560306
0.8908364
0.9255502
0.8723273
0.91575366
0.7329413
0.45011947
0.71578526
0.7846665
0.88919264
0.9086826
0.8860245
0.97249967
0.89057934
0.7278182
0.85734195
0.7363346
0.8586601
0.95469975
0.9604889
0.9269706
0.7703396
0.9066761
0.9003112
0.8636414
0.96426785
0.8020869
0.86778796
0.8891129
0.92437875
0.75046885
0.6818856
0.97824377
0.80057955
0.9664836
0.7849494
0.7712266
0.8607801
0.87193066
0.7961448
0.922716
0.81398064
0.86676294
0.87948626
0.837519
0.8235547
0.8283449
0.87216234
0.9298845
0.8362992
0.865462
0.82745624
0.74772805
0.8529996
0.91551155
0.944572
0.9424246
0.7867788
0.87907374
0.8212549
0.92390716
0.73918015
0.8349005
0.87553287
0.86695504
0.92483366
0.9276533
0.76672655
0.9085681
0.7398405
0.9173564
0.7853432
0.8850036
0.8851794
0.7365427
0.5730887
0.74794865
0.8363672
0.77466035
0.8910793
0.92390215
0.76497865
0.7891515
0.8888476
0.789585
0.17666611
0.9268556
0.77415603
0.8950372
0.7728373
0.88032967
0.71593535
0.9319042
0.85495573
0.95814216
0.95147145
0.75562274
0.85035473
0.8830602
0.8370286
0.86281216
0.9689406
0.73741007
0.8855337
0.8932897
0.7210424
0.8414696
0.971094
0.9098666
0.90746784
0.85124487
0.96977806
0.90324533
0.9074672
0.86749625
0.8997513
0.8019857
0.68884146
0.8687825
0.52180356
0.9055555
0.7692654
0.8928798
0.9367212
0.85567725
0.842942
0.89123404
0.81742287
0.73791766
0.9543141
0.90991503
0.9668982
0.8275111
0.71932054
0.93769264
0.9516654
0.8540424
0.87053406
0.8784982
0.82468736
0.8620672
0.69923234
0.9070949
0.9192761
0.86518663
0.92538166
0.8015258
0.9136096
0.70141375
0.9485732
0.87312883
0.8430086
0.8532056
0.86198175
0.8888834
0.8879652
0.8129487
0.88028
0.66429776
0.96186984
0.92423093
0.9205767
0.66884184
0.9457511
0.95360833
0.5303012
0.94193375
0.85053056
0.8580916
0.83584076
0.8798331
0.8185138
0.88480604
0.9028334
0.8556972
0.9459037
0.93402576
0.86492044
0.89018744
0.7841088
0.9468765
0.81066704
0.8851247
0.84906507
0.93840855
0.6388944
0.95895785
0.84172994
0.9636446
0.9202242
0.75644886
0.95183575
0.9381384
0.8762521
0.95037246
0.93044907
0.94122297
0.79848933
0.81755537
0.907642
0.88158554
0.9627625
0.9404926
0.7372787
0.7269086
0.8435565
0.8054383
0.8731119
0.64578366
0.7883627
0.9025681
0.93011624
0.902795
0.9099813
0.819082
0.87850636
0.84262437
0.8095403
0.90730643
0.6538294
0.933457
0.9676065
0.82769847
0.94122547
0.8486742
0.83771104
0.7608054
0.8762633
0.90209055
0.82228875
0.6696156
0.7924483
0.9249405
0.7041923
0.81499
0.91468525
0.73852634
0.8052798
0.9147054
0.89746064
0.88209957
0.82916224
0.7877766
0.88700604
0.79331064
0.85830486
0.85490775
0.9401594
0.92560315
0.95174426
0.9115358
0.90148497
0.7953304
0.9452373
0.91020215
0.7919033
0.9117788
0.87510777
0.7971306
0.8693113
0.90690464
0.6337884
0.71727395
0.89192533
0.89434254
0.9285276
0.8359532
0.7001148
0.5777766
0.9353424
0.7922964
0.8989825
0.97215855
0.6423099
0.85493976
0.8791569
0.86204886
0.87842095
0.7402302
0.81610614
0.8503749
0.9376379
0.7568008
0.87303543
0.9604931
0.7296133
0.8410811
0.89183164
0.86080545
0.5404458
0.9075528
0.6916244
0.897051
0.9612022
0.73188186
0.8344885
0.84431165
0.7660037
0.67991686
0.96228683
0.91418743
0.89970297
0.8675772
0.60176873
0.94038737
0.82729775
0.81326866
0.8682026
0.9203243
0.8217288
0.90687275
0.93811905
0.9312601
0.7518765
0.86167055
0.919793
0.9331115
0.9440788
0.88131016
0.94304395
0.908437
0.82964575
0.9430615
0.9325876
0.9157912
0.84182304
0.87630844
0.7626103
0.8771572
0.89904493
0.80004245
0.84743595
0.80407023
0.8844427
0.7987646
0.72896457
0.8518427
0.90354913
0.9613837
0.9300015
0.8916839
0.7937209
0.93971
0.6262612
0.79581547
0.8776951
0.8618785
0.9258083
0.8544444
0.6700742
0.9013659
0.9200948
0.80915797
0.9126606
0.8546654
0.94810957
0.91069233
0.8192863
0.83475024
0.8551654
0.9152774
0.96678966
0.96844983
0.7235232
0.8374024
0.8850317
0.8866595
0.9408109
0.76624906
0.8513468
0.8380157
0.5188265
0.9499436
0.7728442
0.70075315
0.86988425
0.9522067
0.83327794
0.80567753
0.90024245
0.7084616
0.7561224
0.92479575
0.8442098
0.9287578
0.8516848
0.74147046
0.6872272
0.7973925
0.84332037
0.8679917
0.8134993
0.9169005
0.7250993
0.83813983
0.939566
0.87153304
0.912438
0.83688736
0.7258117
0.8800682
0.843718
0.73848283
0.90462303
0.7949269
0.7770658
0.8720608
0.8537693
0.7873763
0.9246061
0.88241
0.9011532
0.9111257
0.9196999
0.793997
0.8338037
0.9061145
0.9140239
0.90507746
0.8680872
0.9369298
0.8465164
0.7826694
0.93005306
0.45903808
0.85243773
0.77048105
0.8826358
0.7907976
0.6694326
0.914992
0.9571173
0.87211514
0.8607054
0.9314511
0.5775063
0.7348453
0.8284885
0.9165057
0.8405657
0.9028447
0.8046622
0.7312287
0.9112817
0.8812468
0.5162715
0.9446181
0.7952479
0.86826956
0.9530067
0.93850994
0.94198215
0.8916681
0.6347935
0.77383554
0.91984373
0.8975925
0.9262479
0.8841157
0.8994504
0.919083
0.8545983
0.89577043
0.9258666
0.95033747
0.91121566
0.7801682
0.81294113
0.5537025
0.6608067
0.73627734
0.56391454
0.97373676
0.82910496
0.9535451
0.945796
0.8048317
0.9685437
0.9344773
0.88545936
0.8663978
0.8831412
0.8364072
0.95556474
0.9224225
0.9242978
0.8359736
0.846371
0.62843466
0.9592198
0.8883635
0.93292296
0.9063692
0.9283826
0.85685307
0.85583043
0.7681984
0.83531845
0.8205425
0.66556716
0.89135426
0.9229211
0.6477442
0.83071357
0.89206916
0.67578775
0.8900578
0.93347126
0.905377
0.74798375
0.96529853
0.93245053
0.94232583
0.6494248
0.9427121
0.877524
0.9554053
0.84715676
0.89995444
0.8803443
0.86871505
0.74834996
0.918226
0.72703964
0.90430933
0.8258849
0.87957233
0.9196885
0.7896397
0.70107234
0.92280567
0.77242965
0.8476836
0.9399642
0.8267183
0.92264533
0.8183235
0.94453126
0.8339074
0.89345396
0.93883806
0.9310226
0.91879785
0.8981961
0.86853844
0.66759825
0.8923061
0.8654299
0.8944508
0.59467566
0.87386847
0.9359178
0.68504137
0.88988423
0.8840541
0.8940104
0.57325774
0.82350874
0.8908106
0.88603055
0.7061913
0.9486245
0.93995446
0.90031064
0.91580606
0.92682683
0.7232862
0.85536706
0.83332026
0.65221846
0.7372472
0.94498575
0.9401679
0.9113299
0.9160938
0.93404543
0.9079176
0.93621725
0.78837645
0.7445015
0.9310425
0.72472644
0.9406423
0.9302884
0.8055362
0.83105385
0.8890771
0.90190715
0.9013115
0.48713422
0.93181974
0.8571658
0.9568832
0.90377986
0.909708
0.82833725
0.801536
0.74663764
0.88312536
0.69773436
0.9526094
0.8738239
0.79705787
0.7800969
0.8801132
0.9649455
0.9608342
0.7765415
0.84654707
0.88049585
0.95778865
0.86458814
0.72912145
0.91498375
0.9050151
0.8317383
0.9167695
0.9397949
0.8815572
0.95498204
0.9736794
0.9400811
0.8118067
0.73349124
0.87937635
0.8842785
0.9041466
0.9514776
0.82807827
0.75389224
0.86574095
0.84697556
0.8280641
0.90186137
0.6771409
0.86263424
0.85256326
0.8743626
0.9162996
0.66879743
0.8563046
0.773771
0.9427397
0.94552165
0.8386888
0.60105157
0.89660275
0.6362871
0.7915239
0.9296881
0.8546054
0.90192074
0.9329
0.8412193
0.7021295
0.9064951
0.9233865
0.87959546
0.9087022
0.77260286
0.8701419
0.7178558
0.8917472
0.89366627
0.86275834
0.9270602
0.8393122
0.8532683
0.8580701
0.9119928
0.7766661
0.75469756
0.97278214
0.7690904
0.84510654
0.6451077
0.58491546
0.845379
0.8061851
0.9626259
0.6628066
0.90960336
0.856552
0.8794473
0.8275067
0.8949167
0.91892374
0.8561706
0.58947587
0.80094355
0.9432538
0.49284685
0.58747476
0.85307205
0.7210137
0.83015954
0.85478127
0.83321416
0.8368472
0.91209656
0.94688797
0.93441546
0.8870767
0.63999546
0.78548473
0.76720464
0.8616435
0.62033486
0.87086874
0.8479161
0.86892
0.85643446
0.8805192
0.7470542
0.9113329
0.84375346
0.8960383
0.9209674
0.851847
0.8522341
0.93304175
0.6706495
0.784209
0.86100984
0.94793224
0.70941806
0.7294447
0.7132131
0.9314663
0.85804826
0.9192127
0.8927586
0.79575884
0.7068126
0.89419395
0.775273
0.740863
0.77337104
0.8888762
0.7493894
0.8040829
0.9006722
0.8587717
0.87502694
0.9400145
0.7947984
0.49055827
0.8595054
0.71695215
0.9239696
0.9441198
0.7159374
0.7767055
0.79676104
0.8869493
0.926926
0.8272978
0.92597866
0.8676489
0.89134115
0.87132907
0.82626146
0.8214173
0.9038356
0.85849434
0.9272765
0.8292149
0.97326565
0.8329164
0.86323845
0.9199206
0.8836168
0.81342065
0.8005645
0.5141846
0.8455163
0.94181985
0.74531364
0.8160632
0.84403324
0.7937256
0.8307957
0.93076825
0.8916437
0.7771246
0.57781637
0.8039802
0.5943643
0.8527849
0.9237822
0.77491325
0.8065655
0.86228704
0.7619083
0.80007166
0.850822
0.86942255
0.850251
0.88184446
0.82675993
0.8754831
0.7854394
0.6916808
0.93109685
0.92538464
0.9075434
0.90905213
0.9359652
0.84185326
0.9339741
0.77500254
0.89581734
0.9115149
0.91218615
0.8888082
0.8639003
0.90654755
0.83375984
0.8055158
0.8912138
0.83264023
0.8849631
0.95027244
0.8321011
0.78824306
0.8858932
0.81122404
0.8598706
0.90463793
0.78277904
0.92338204
0.7683529
0.8305723
0.8400403
0.9153984
0.89111495
0.75226974
0.8598671
0.8891833
0.6399718
0.78245187
0.60553545
0.7797341
0.53387433
0.9018483
0.8351752
0.9181487
0.71260965
0.7158618
0.86443007
0.88951516
0.90352464
0.8314255
0.8708129
0.8761235
0.95254654
0.90785253
0.82821405
0.8411463
0.9451045
0.91370696
0.82243836
0.86920094
0.596257
0.8144468
0.7155602
0.7216266
0.7655339
0.9002211
0.89797133
0.7219142
0.8863225
0.9075134
0.913124
0.95433795
0.6316615
0.9023327
0.97941893
0.92428267
0.75253206
0.9278765
0.8750468
0.88346976
0.8752917
0.68544936
0.8181978
0.57373863
0.93231213
0.84181845
0.96703875
0.8861731
0.877468
0.80870473
0.9555521
0.927873
0.80724454
0.76098543
0.7416143
0.7984645
0.94386375
0.59730315
0.7766593
0.87398267
0.861427
0.84723383
0.79492486
0.82319653
0.8621413
0.89976394
0.8542987
0.8842251
0.9456667
0.94032246
0.8711814
0.7126219
0.93178046
0.90176743
0.8863731
0.6606073
0.9315597
0.85128033
0.8656039
0.92278874
0.94385743
0.9699333
0.7695372
0.8938036
0.73957884
0.8938515
0.90264523
0.52219373
0.7775688
0.9235966
0.9430611
0.86493206
0.8541651
0.799601
0.89136624
0.8804382
0.7679386
0.9099445
0.9131109
0.76543736
0.93267936
0.91341734
0.8752494
0.8336907
0.8980073
0.8342401
0.8271853
0.87266785
0.5847485
0.9502561
0.91280544
0.90548706
0.7412318
0.8725019
0.8790179
0.8112049
0.87413013
0.8712758
0.7861143
0.79973984
0.88725215
0.92337114
0.89967906
0.927312
0.89812106
0.862819
0.8854203
0.95358443
0.8855052
0.6384989
0.87961257
0.604381
0.6762909
0.93415195
0.8350515
0.85659945
0.7478896
0.81613755
0.8433207
0.8856121
0.7580419
0.87337685
0.8969759
0.8950076
0.9155873
0.96103644
0.91110504
0.8202843
0.88900536
0.89609855
0.7791395
0.9388911
0.9182775
0.84771734
0.8110345
0.7205527
0.7586539
0.8885002
0.94386584
0.82757163
0.8394336
0.9364687
0.7346117
0.6945101
0.8932318
0.7620058
0.8727844
0.86035144
0.8153892
0.7673538
0.907804
0.69282573
0.7764885
0.97146
0.8494538
0.9325731
0.76123947
0.8043565
0.90373254
0.9207244
0.69394034
0.9039012
0.83623886
0.8935153
0.92296976
0.92493397
0.7689264
0.8311159
0.76141924
0.93846667
0.93371415
0.8814991
0.9425427
0.71195805
0.94621843
0.8769424
0.891898
0.9461737
0.79721147
0.87503654
0.6159949
0.8060242
0.864053
0.92110866
0.94523853
0.96050704
0.8791649
0.7566079
0.92025054
0.9436459
0.89794844
0.8660679
0.87382436
0.83959115
0.8896636
0.8626669
0.67562366
0.78308445
0.83352816
0.89127547
0.74706006
0.79470265
0.92806613
0.9370184
0.7387426
0.8108428
0.9521047
0.8858231
0.55758065
0.8870918
0.8901973
0.7713906
0.8880794
0.7639949
0.82333094
0.8468138
0.9298683
0.7623305
0.7425071
0.8122416
0.90090513
0.83759576
0.8913587
0.86782765
0.86225736
0.8068006
0.8624731
0.903724
0.49470097
0.8786274
0.72735035
0.59849167
0.65329754
0.8266893
0.9471402
0.8633481
0.9393114
0.7263597
0.9049388
0.9495927
0.9292987
0.8467916
0.88922983
0.9205892
0.78335047
0.80941755
0.69080275
0.90680784
0.82812774
0.918967
0.7924866
0.5782325
0.84247655
0.84685856
0.87491864
0.92674303
0.95809644
0.92755824
0.96575046
0.8432217
0.94106543
0.8001206
0.9047488
0.78285015
0.93688375
0.8554054
0.7754148
0.8930987
0.79799396
0.7720285
0.8954579
0.9236345
0.87282526
0.8292264
0.769202
0.938185
0.7925018
0.90231645
0.8954125
0.8973186
0.93167096
0.9448914
0.96621007
0.85890424
0.8230827
0.68867236
0.69976133
0.864414
0.90715384
0.8317406
0.47588736
0.67200804
0.79824847
0.8444811
0.7605833
0.815109
0.92387
0.78971255
0.8505447
0.904469
0.88401866
0.9339335
0.7662067
0.91029865
0.75311416
0.80120313
0.8685076
0.9643389
0.742783
0.7051705
0.7423501
0.8787253
0.88944113
0.9635399
0.6484227
0.70751834
0.82787585
0.6343807
0.65705276
0.89648193
0.8322673
0.77441
0.93133676
0.7178962
0.7633913
0.86365426
0.80566514
0.8087912
0.8986612
0.80628246
0.7839415
0.8364493
0.7199544
0.886398
0.7079461
0.71171355
0.92811686
0.9533226
0.8780205
0.8998064
0.69523966
0.740499
0.27298856
0.8498517
0.898373
0.91313815
0.9733352
0.7197977
0.9592949
0.91993445
0.90326416
0.70351017
0.909394
0.867508
0.8976201
0.70007205
0.8277102
0.8506433
0.86465746
0.8615161
0.7934055
0.8674524
0.7178273
0.9162353
0.9454399
0.8908999
0.7913389
0.5869763
0.91362953
0.912312
0.8761488
0.8743791
0.77101856
0.8644854
0.9197799
0.84036994
0.72690743
0.95512104
0.91624445
0.8701258
0.8803047
0.5547377
0.9523019
0.68329227
0.85853285
0.92458117
0.6364905
0.74501145
0.90530676
0.94806117
0.7972668
0.87030643
0.779534
0.88924575
0.801364
0.8628757
0.8770092
0.7806511
0.7478631
0.8459048
0.8807863
0.8341285
0.9263233
0.8939675
0.95181024
0.70856166
0.81868935
0.898574
0.851428
0.9694911
0.91277844
0.8108003
0.8718548
0.90025735
0.95591927
0.7948877
0.9220718
0.8420145
0.8915858
0.5546913
0.7473184
0.8599372
0.9567759
0.9024338
0.7785466
0.87810683
0.9337173
0.81063
0.8176398
0.85085416
0.8615057
0.8678489
0.85643
0.9163536
0.96903193
0.8702853
0.78075904
0.9152805
0.9037378
0.813681
0.9697434
0.827618
0.8975601
0.9077942
0.9730274
0.9557471
0.93319774
0.83795565
0.9153352
0.81790864
0.8591822
0.875983
0.8712098
0.7985485
0.81693995
0.7841121
0.87782
0.8706766
0.9006375
0.8822368
0.94077307
0.86561733
0.93032753
0.7022016
0.86954236
0.8525599
0.72523
0.91326225
0.95753837
0.7429369
0.80772054
0.9049039
0.91104215
0.778071
0.920559
0.7147395
0.9505839
0.7213271
0.89401275
0.7917677
0.8548933
0.8385653
0.9794625
0.8739859
0.94903886
0.83953714
0.8880136
0.7837336
0.8308535
0.9017662
0.91224307
0.84253865
0.9503149
0.79329246
0.8913343
0.72898054
0.9663516
0.87108517
0.79664385
0.7288894
0.88783866
0.7257166
0.66206336
0.8879558
0.9680415
0.94924265
0.901116
0.96466696
0.67424
0.6328188
0.85860866
0.58802974
0.71945816
0.9431937
0.8952915
0.7776525
0.88984007
0.74791926
0.7133829
0.9572752
0.84827375
0.91545886
0.92226267
0.88249207
0.77529234
0.8428345
0.72705495
0.8705439
0.81830984
0.7767786
0.85795826
0.9067297
0.8989065
0.9469441
0.95802796
0.8997142
0.73306555
0.7741439
0.93990237
0.867028
0.95827425
0.8754468
0.94242585
0.7408301
0.7126151
0.8993358
0.69449836
0.93621814
0.9411576
0.8859822
0.82484657
0.9324394
0.8195001
0.7488242
0.89004683
0.8103882
0.9111547
0.83162624
0.85069615
0.9459899
0.9357688
0.91104984
0.8554057
0.8107353
0.87196344
0.6963616
0.8206135
0.74425316
0.92919004
0.90872085
0.75672436
0.82055974
0.9511512
0.8677612
0.9685605
0.8735036
0.75403214
0.73424184
0.8546773
0.60150486
0.9439212
0.7523184
0.91976005
0.8704465
0.9094601
0.91336733
0.79254025
0.852985
0.72667634
0.5202986
0.81693256
0.9020735
0.9624601
0.8344965
0.8292711
0.8691761
0.77215433
0.8717737
0.8894068
0.85375863
0.9454221
0.89883304
0.95724154
0.9101732
0.85353684
0.83774257
0.832379
0.9580216
0.9570152
0.82337976
0.61067504
0.81350887
0.8641109
0.94864357
0.8028143
0.8485024
0.83147734
0.79065084
0.9490898
0.89239454
0.9659774
0.8683934
0.9189059
0.89171267
0.9014976
0.81337243
0.72422403
0.66352105
0.814685
0.9469162
0.96309024
0.87424177
0.8416162
0.91554546
0.747563
0.884436
0.96665156
0.8168568
0.9830119
0.87893224
0.6796908
0.91717654
0.9720223
0.81020945
0.821322
0.92585397
0.6062853
0.47550043
0.7357758
0.6835395
0.79797316
0.66396534
0.79169273
0.8293852
0.93823314
0.7135824
0.72025955
0.908652
0.8473157
0.95703787
0.7585592
0.92097133
0.8624031
0.77937466
0.9739908
0.8802551
0.81881666
0.55337834
0.9013754
0.9336459
0.9069729
0.8590343
0.8946879
0.9596075
0.7814889
0.92793906
0.76284164
0.8824512
0.84202266
0.94999534
0.7673435
0.8914631
0.92504835
0.9197071
0.9819887
0.91168904
0.94880664
0.8527625
0.9385173
0.9118094
0.8507002
0.8803296
0.5353097
0.95095986
0.8672089
0.9326394
0.8476177
0.90089184
0.8827917
0.81758595
0.9688657
0.82981753
0.9043928
0.9261284
0.9243785
0.87239164
0.9411418
0.96871006
0.79842746
0.7872875
0.70004433
0.9213138
0.7042859
0.87613654
0.8843784
0.864283
0.9364761
0.8062419
0.90448487
0.7306317
0.80271655
0.75831974
0.6361743
0.9530922
0.81670046
0.8570059
0.68977755
0.7098976
0.79909515
0.9021357
0.9217603
0.8587075
0.71949315
0.9111961
0.9696789
0.72395015
0.91306996
0.87119395
0.4812165
0.81973356
0.8958863
0.68204755
0.8856854
0.57410824
0.70490265
0.8416196
0.8965328
0.8495208
0.8783949
0.8595645
0.7574023
0.89529085
0.9068194
0.86589336
0.9421638
0.7400743
0.86619186
0.77673626
0.9169926
0.8743529
0.8883715
0.916663
0.79891145
0.7456688
0.78417176
0.9481091
0.9141134
0.85912
0.7871848
0.7606139
0.9568994
0.9426115
0.89837813
0.82922584
0.8287402
0.82827544
0.9099696
0.7015226
0.93331635
0.9522292
0.7987609
0.84961236
0.93797857
0.6161811
0.78466314
0.8926554
0.86551243
0.9320142
0.89660305
0.913483
0.9383853
0.8086922
0.8655346
0.94753003
0.6890811
0.84767306
0.5967149
0.85627216
0.6304105
0.8463143
0.944203
0.85186493
0.77653867
0.69652086
0.857765
0.9253356
0.7959831
0.92033553
0.61340773
0.95652354
0.75237375
0.9565482
0.8854576
0.6430557
0.93810374
0.64732414
0.7927505
0.84104514
0.83361936
0.7492482
0.93695855
0.9477452
0.84867233
0.7774345
0.9707386
0.87526
0.9749744
0.9233509
0.85587895
0.9568939
0.62282956
0.89611065
0.8599478
0.48138678
0.9015471
0.8473686
0.72866863
0.8403009
0.93490505
0.8106526
0.8609333
0.9222431
0.93798554
0.76106167
0.92886734
0.87676114
0.91316545
0.86748356
0.8704489
0.9428971
0.91643584
0.96296287
0.81452084
0.9285673
0.7497735
0.90250444
0.8498484
0.94514257
0.96722925
0.7374898
0.9175849
0.931256
0.7065802
0.9241217
0.54333794
0.89090014
0.69477594
0.8526008
0.91395146
0.84816045
0.79276663
0.96824914
0.86330783
0.9481423
0.8945005
0.9064818
0.97242373
0.83183247
0.8634279
0.7139031
0.8686147
0.76363736
0.87853646
0.71620464
0.70472836
0.9302635
0.8190391
0.90257573
0.58833253
0.9016623
0.55565435
0.9119261
0.77672786
0.9218137
0.50879645
0.8567997
0.9472209
0.8964484
0.6590606
0.89577085
0.9023143
0.9016549
0.84854484
0.7030425
0.9591504
0.93886065
0.90424496
0.75133187
0.8486361
0.68956697
0.7870314
0.7444402
0.835945
0.9546459
0.9499335
0.6817071
0.9522761
0.87280893
0.74217355
0.7729647
0.78709114
0.7838734
0.8193333
0.68597436
0.68258834
0.54978216
0.8910748
0.77420217
0.7055705
0.8065544
0.81246233
0.79192656
0.8750142
0.74862427
0.8517667
0.80976486
0.8868695
0.83097947
0.873894
0.73343265
0.80972826
0.5180672
0.8781814
0.72221476
0.8792707
0.8485137
0.94514936
0.81766224
0.831967
0.8537045
0.8721302
0.80828387
0.6149495
0.68217707
0.68251383
0.71694916
0.7960924
0.94632155
0.83084893
0.81265956
0.6956877
0.74978787
0.6864649
0.67809236
0.65739554
0.8309831
0.88162255
0.6583354
0.80555165
0.766532
0.7956544
0.8165405
0.551027
0.8705004
0.90212417
0.77388144
0.66405696
0.800853
0.8446053
0.8586619
0.9079528
0.8638717
0.9438852
0.9513213
0.94691914
0.78509843
0.8619516
0.9019573
0.682837
0.9194427
0.93787086
0.95159686
0.81258106
0.9513434
0.91617
0.9361234
0.8060752
0.9020459
0.89988685
0.7928028
0.8795524
0.9359967
0.78590935
0.8850411
0.90376824
0.76353437
0.9213543
0.950136
0.73728305
0.9183722
0.7000241
0.7962305
0.9365742
0.9381234
0.8060338
0.9574061
0.9217955
0.9005928
0.86189604
0.9450483
0.7102033
0.8275795
0.6065323
0.7281854
0.75053567
0.7909547
0.89179814
0.87939006
0.6847241
0.7223158
0.7560153
0.92447513
0.8428158
0.9183758
0.8373344
0.8510552
0.8551192
0.9035349
0.8959732
0.89555806
0.957205
0.74272144
0.87067133
0.8354692
0.90863705
0.7581529
0.9260086
0.9027133
0.96111095
0.9176029
0.7232511
0.96376806
0.9322723
0.84030163
0.5319982
0.85345984
0.82094693
0.86719847
0.66838646
0.8748436
0.94271475
0.95561075
0.8593796
0.769388
0.9201715
0.86101925
0.9060857
0.801689
0.93546104
0.7504606
0.9548151
0.7652074
0.93020225
0.8723275
0.9595095
0.9308463
0.7631731
0.87805694
0.954399
0.74002653
0.93744755
0.8143523
0.841609
0.86118716
0.7567395
0.93619645
0.93431735
0.94282866
0.72467357
0.85108685
0.61537427
0.94431704
0.9386051
0.85030115
0.62711626
0.9459319
0.83175766
0.9148568
0.89298284
0.82068056
0.8466064
0.8479128
0.79318297
0.7394576
0.9009634
0.82326543
0.9512976
0.9323358
0.91783386
0.56877184
0.8490491
0.82854146
0.7444751
0.9028775
0.6120733
0.5496638
0.78507364
0.88967675
0.86845654
0.79157144
0.8997022
0.7063636
0.8827944
0.89806944
0.84812117
0.94097686
0.7118729
0.9309154
0.9766596
0.88819253
0.70889336
0.8343762
0.8775676
0.89299554
0.7657017
0.93956757
0.8269577
0.92135143
0.6378625
0.62467206
0.9315146
0.95338
0.74192476
0.8739676
0.7716797
0.9655005
0.92594236
0.80797213
0.8620381
0.79619724
0.6495379
0.8626081
0.8346469
0.8247902
0.5760045
0.9248313
0.71551
0.7700833
0.91184056
0.92946887
0.96101874
0.69747114
0.9573904
0.72022915
0.81965446
0.90142065
0.85894483
0.78111243
0.8881071
0.7162139
0.86280066
0.7564412
0.70640004
0.9426054
0.9795033
0.730796
0.86939085
0.62935287
0.79198
0.9038858
0.89326394
0.8313911
0.89125144
0.8691853
0.63224363
0.773664
0.9272189
0.8101487
0.9073818
0.82755035
0.7897222
0.8105122
0.9536982
0.89572996
0.8686805
0.9019668
0.8694512
0.8312791
0.8845128
0.9418138
0.81884784
0.8089193
0.88159305
0.7699679
0.9099865
0.8416292
0.8098258
0.75911534
0.5303012
0.92678744
0.866716
0.8799466
0.49783877
0.7140008
0.96872777
0.8543637
0.7554095
0.80971605
0.7894516
0.9281843
0.9196266
0.8698306
0.40294492
0.86277723
0.7672872
0.9443257
0.9365654
0.6931846
0.78663355
0.68178
0.9268386
0.9446233
0.96916115
0.91884005
0.83836925
0.8964103
0.90563905
0.91785735
0.90118444
0.92303187
0.7234803
0.94106233
0.8183017
0.94758177
0.93841296
0.9553875
0.7427623
0.95485127
0.8432365
0.94828963
0.66135764
0.93360287
0.887228
0.8633155
0.83496505
0.7400504
0.9218679
0.85741013
0.95019734
0.7637992
0.9646993
0.93879324
0.9522457
0.73635757
0.8461765
0.84385437
0.66001135
0.8763957
0.7710367
0.7822801
0.74352366
0.82357156
0.91824424
0.90297514
0.90249306
0.801541
0.6768421
0.86755073
0.8999572
0.7512514
0.8961128
0.64456916
0.86663556
0.9299587
0.85777533
0.953234
0.96162045
0.88925207
0.7384507
0.9345368
0.9237107
0.8807918
0.9276602
0.92502874
0.9541609
0.6052703
0.97610325
0.7565063
0.86068946
0.9626672
0.7546227
0.87524545
0.7775723
0.9410157
0.8887155
0.96465003
0.8082504
0.7700681
0.6880807
0.9074058
0.922264
0.82073104
0.5879817
0.80139947
0.83115053
0.77141684
0.8913351
0.8548529
0.9055209
0.86606795
0.6688885
0.7481304
0.9566526
0.8212932
0.9537729
0.86919713
0.90779674
0.9274918
0.85857314
0.8208189
0.95665467
0.84252167
0.8798119
0.7626001
0.84066427
0.8751105
0.60894066
0.80695474
0.88514674
0.9097392
0.8658927
0.8096946
0.75176364
0.76428473
0.955813
0.9289805
0.82170165
0.93704337
0.6431296
0.8522933
0.88848877
0.90347683
0.8432628
0.8866118
0.8265941
0.69395673
0.6636643
0.7577889
0.9349849
0.7985761
0.90996605
0.9135565
0.8580544
0.8375715
0.7889544
0.6569235
0.9556227
0.8517866
0.8997592
0.83104503
0.91797525
0.8515698
0.69831455
0.9006623
0.939263
0.86533314
0.9317322
0.8421308
0.942866
0.85619223
0.77919227
0.8412604
0.87673926
0.7700325
0.8289955
0.86049044
0.9408146
0.71426845
0.77038616
0.7850054
0.77149904
0.8344472
0.856462
0.77418727
0.95622385
0.8402942
0.88627493
0.85249084
0.64823294
0.95313984
0.88250583
0.7150269
0.5934363
0.90913826
0.7204557
0.75478554
0.79997385
0.90322095
0.58780026
0.78718597
0.5729073
0.8112736
0.8392128
0.5803736
0.8753869
0.879914
0.8743388
0.8068416
0.77326006
0.76799995
0.65588754
0.7972805
0.90951574
0.6940227
0.96998346
0.9123239
0.8690907
0.9378495
0.70541877
0.8627932
0.8752332
0.6394944
0.9044702
0.9086604
0.6724659
0.73273146
0.8942111
0.73665375
0.88813025
0.859685
0.9466821
0.94736767
0.9219028
0.7333393
0.77056944
0.8986175
0.8647683
0.7798694
0.8249913
0.81886154
0.5752667
0.7257806
0.9205353
0.8818126
0.8781282
0.8610877
0.85804886
0.9178891
0.9084705
0.80839276
0.7273174
0.7874893
0.9015915
0.8354925
0.8734685
0.8988929
0.8197046
0.92590183
0.92062384
0.8498925
0.8750011
0.8001363
0.8493936
0.87670124
0.945605
0.8918766
0.7318614
0.70549554
0.86829036
0.7325165
0.8315374
0.94405526
0.7249574
0.90119547
0.7271943
0.7492078
0.8197779
0.89751637
0.86525816
0.88776016
0.8678183
0.8238777
0.944785
0.90628695
0.8827195
0.84193367
0.64584833
0.8230191
0.7603978
0.84699726
0.79385996
0.8970065
0.85624224
0.9165164
0.7902831
0.82345223
0.8272763
0.5993385
0.97557294
0.6985171
0.93372005
0.8077391
0.87675774
0.9345717
0.6706843
0.80376685
0.8803726
0.81767035
0.79309404
0.8964291
0.82216656
0.890209
0.96638274
0.9207958
0.8503349
0.8080669
0.9298725
0.8984751
0.82898456
0.63532096
0.65611327
0.9591332
0.82353103
0.894833
0.8896127
0.8657005
0.8831745
0.75960785
0.88442844
0.92583764
0.95439625
0.8705618
0.8649074
0.8090966
0.9353991
0.8679167
0.81279224
0.945484
0.58469665
0.83777636
0.82444113
0.92053396
0.8976479
0.8351914
0.7517853
0.8887439
0.87256384
0.7031418
0.89380467
0.8654745
0.92446995
0.76413655
0.7174522
0.821713
0.9420237
0.8703843
0.92762333
0.8612615
0.84653074
0.7702138
0.7437954
0.7576305
0.85364246
0.9028306
0.74689937
0.91626453
0.9460206
0.6839122
0.8206619
0.84572226
0.9224693
0.727572
0.924961
0.874921
0.8206225
0.85227257
0.85054505
0.94790864
0.9434648
0.88769877
0.8063303
0.8750392
0.9563285
0.9156437
0.86769783
0.9017532
0.7956572
0.8888829
0.9188331
0.8305503
0.8748078
0.91160643
0.9314843
0.8036378
0.84249914
0.84366816
0.77556324
0.7526743
0.73129684
0.8330368
0.5992869
0.9219063
0.76135254
0.7653764
0.9505694
0.76475275
0.65849614
0.8505602
0.60559255
0.80409473
0.76070714
0.9100114
0.9212298
0.9359035
0.59287935
0.9601036
0.9252493
0.9083812
0.9372228
0.936826
0.97445893
0.90316725
0.91843754
0.7964834
0.91427386
0.84785
0.8187736
0.7306028
0.8875565
0.8997023
0.9274778
0.9278031
0.8755576
0.8897872
0.9130605
0.7822014
0.83859766
0.8695792
0.96459234
0.77325124
0.77023077
0.8899685
0.87492245
0.6596724
0.8871425
0.6555836
0.9467116
0.92179
0.9254221
0.89469457
0.9323617
0.85573876
0.8364419
0.9071726
0.8699237
0.87766904
0.9812544
0.716051
0.91935104
0.7835084
0.79816836
0.8406106
0.813452
0.5223365
0.86879164
0.90607655
0.6263367
0.8732249
0.77819604
0.9443362
0.916664
0.7749411
0.8317536
0.9132203
0.84625566
0.8376658
0.84211993
0.7384564
0.9435031
0.75966316
0.6773121
0.9471586
0.81469345
0.9511617
0.7575515
0.83035094
0.7933346
0.9035239
0.89978397
0.84360105
0.84363204
0.96171784
0.8560177
0.8030436
0.9644024
0.6483347
0.9373349
0.977517
0.9365573
0.80245364
0.86365604
0.73471236
0.5485725
0.9573291
0.7597272
0.8590549
0.87631655
0.7881305
0.9181011
0.9327357
0.88764054
0.6986581
0.9138741
0.8094043
0.76070553
0.8949895
0.9466971
0.7638122
0.77683985
0.91737306
0.72635704
0.82424754
0.848814
0.8987388
0.63015586
0.78492415
0.88760746
0.86833495
0.75979066
0.9319926
0.77100265
0.8946197
0.6940623
0.87847763
0.61713964
0.9138212
0.92964816
0.8705004
0.9022269
0.9035314
0.8384053
0.85317206
0.8895206
0.80512226
0.9105807
0.84623784
0.80201566
0.801151
0.7995558
0.8163538
0.8210734
0.9217909
0.7618369
0.8129105
0.8957124
0.7480913
0.9272455
0.74141675
0.7154354
0.8439145
0.71960425
0.57653207
0.8778005
0.8332187
0.7376152
0.9651899
0.75971746
0.76522964
0.8501159
0.95777756
0.8464017
0.9691809
0.9554902
0.84103817
0.94285554
0.9305648
0.91525334
0.7775676
0.9397275
0.8050904
0.719923
0.70964605
0.639097
0.6180593
0.7770994
0.8172253
0.86748904
0.93231237
0.9207763
0.8625294
0.7968471
0.6678664
0.8973272
0.7847442
0.8665427
0.86517614
0.79222
0.7234131
0.9567846
0.8537413
0.6089834
0.9527628
0.9676126
0.9721959
0.931381
0.849845
0.7384802
0.8276094
0.9190919
0.9354621
0.8991609
0.76642907
0.79295266
0.90121895
0.86521137
0.93063134
0.9461384
0.6486093
0.88597286
0.91601986
0.944725
0.95352733
0.79670274
0.76804584
0.7850157
0.8683467
0.85921437
0.8140868
0.8426158
0.89193535
0.68427473
0.95160866
0.9256999
0.8859963
0.89671475
0.9723113
0.8714477
0.88429344
0.74692655
0.8865893
0.9354297
0.8824566
0.93953025
0.8210746
0.87086594
0.5166366
0.86556566
0.6688257
0.8332042
0.83672494
0.78347003
0.9195197
0.74790853
0.86869377
0.6679354
0.87731355
0.8563056
0.7083708
0.9022014
0.86492467
0.47962007
0.8561324
0.7782267
0.9224737
0.7573053
0.98175085
0.9481279
0.8634937
0.6576238
0.87813085
0.6124784
0.5923141
0.90893877
0.6748246
0.7732168
0.7745117
0.9317769
0.81827164
0.91647375
0.9485317
0.94481695
0.82589746
0.78709304
0.8930229
0.80437356
0.9258861
0.8337005
0.8431423
0.7701122
0.91987824
0.7902932
0.8006833
0.7464154
0.7171848
0.9804248
0.82841206
0.8167205
0.9071198
0.6532673
0.7629229
0.890109
0.6663704
0.82126474
0.8882969
0.78898835
0.6914878
0.9332916
0.8023664
0.8715995
0.86419535
0.72428954
0.9188386
0.9314544
0.64321816
0.89436597
0.9039784
0.5702135
0.93807834
0.88883644
0.8329894
0.8020239
0.72524023
0.81202
0.9226303
0.8277618
0.8150231
0.75106406
0.79440147
0.899403
0.9347402
0.8460721
0.83488154
0.90540564
0.8795359
0.9169448
0.8930349
0.8534437
0.7767159
0.69905293
0.9029585
0.9060426
0.8536028
0.85060525
0.6984865
0.62191534
0.8175203
0.8393798
0.93597573
0.9412992
0.7299268
0.9577993
0.90716034
0.8649509
0.90412873
0.739589
0.78178275
0.75302935
0.7996067
0.7973357
0.8617036
0.89844537
0.84377855
0.8951339
0.84407634
0.9558245
0.7955616
0.90074086
0.864861
0.7191973
0.8818821
0.83474743
0.9260777
0.7365024
0.820419
0.9269579
0.7592686
0.77850616
0.827449
0.8690827
0.931629
0.9694789
0.8701929
0.8998773
0.84974664
0.8777431
0.9404643
0.87595785
0.9273309
0.94327223
0.8591539
0.8850576
0.9631443
0.91326505
0.6499322
0.9148182
0.92689264
0.76689404
0.8514812
0.895357
0.5696954
0.9070718
0.6964441
0.9378892
0.8778982
0.70160735
0.7308849
0.9596011
0.83618426
0.8502845
0.8847477
0.9062015
0.78998905
0.8120624
0.90637124
0.9033748
0.94978493
0.8658713
0.8993185
0.8963763
0.9264644
0.6904094
0.9261203
0.7257247
0.7661462
0.76059157
0.861357
0.8803015
0.85270333
0.9728045
0.93320674
0.76144224
0.9476897
0.72407234
0.92874926
0.82390106
0.9569152
0.8124197
0.8657757
0.7368299
0.9163746
0.916399
0.9558053
0.70294404
0.91727144
0.7922144
0.8838829
0.9523038
0.91429204
0.5794696
0.9002389
0.80589604
0.7502178
0.6780179
0.9144066
0.9036951
0.79484534
0.8886044
0.8385071
0.8640569
0.6680914
0.6187583
0.84425735
0.87829417
0.92178404
0.9122186
0.88575387
0.9536012
0.8129641
0.8988768
0.8327865
0.7863668
0.9189923
0.90512085
0.8926359
0.84626794
0.83724517
0.81050557
0.7978489
0.9482355
0.73240924
0.7191458
0.89789194
0.8753299
0.95729905
0.8744424
0.7962293
0.563049
0.7227621
0.75071543
0.858763
0.7381595
0.7650308
0.9126166
0.8056363
0.58854014
0.7948755
0.5938216
0.80964315
0.8259094
0.8164964
0.9378973
0.8220503
0.88978076
0.75522894
0.7093552
0.7392107
0.7235828
0.90456474
0.6908449
0.94141066
0.97696555
0.8613591
0.8236974
0.8965516
0.79319674
0.8607095
0.7771673
0.7507147
0.95737284
0.80850714
0.97032875
0.7611238
0.85208035
0.9323737
0.9158367
0.8823719
0.6493376
0.8568021
0.88661546
0.79721135
0.518091
0.93024755
0.875436
0.7948546
0.9244415
0.85581315
0.90150744
0.50391823
0.91889465
0.8622087
0.69684654
0.8420707
0.8657571
0.9162355
0.7107425
0.8303302
0.8555821
0.80410993
0.9851709
0.89980036
0.7590153
0.92643917
0.76567125
0.89812607
0.93517715
0.8257564
0.92524177
0.86891174
0.7756678
0.88222414
0.7495692
0.881338
0.8454251
0.8697521
0.94095576
0.8615217
0.80266756
0.7707876
0.94039357
0.90140796
0.85800415
0.96049297
0.8289671
0.79690856
0.76366806
0.82155025
0.92133033
0.81968606
0.8385862
0.89216936
0.9425074
0.845449
0.8808155
0.9519252
0.88619
0.9247479
0.8457225
0.9333675
0.8056094
0.88704216
0.9221371
0.9593884
0.7943551
0.7494393
0.819793
0.9371498
0.7056672
0.8069595
0.8617665
0.9401874
0.91405195
0.691128
0.93346643
0.89769125
0.9242936
0.81637573
0.8177455
0.89416844
0.69614494
0.9465566
0.6310582
0.84123296
0.92309564
0.94289553
0.86999243
0.8896259
0.78538746
0.86549026
0.8862374
0.72972333
0.58338547
0.8992157
0.8572288
0.8226681
0.8791081
0.89748585
0.83713365
0.76637673
0.84499365
0.8622395
0.9323043
0.7915649
0.7218026
0.8953347
0.72082895
0.8355937
0.9101778
0.94547683
0.92872155
0.9245337
0.7994217
0.9111019
0.9269208
0.9406463
0.91926265
0.80950636
0.68716705
0.8439281
0.62312865
0.75063324
0.7850671
0.8240677
0.7962431
0.90330666
0.64942163
0.80840296
0.9284328
0.8927017
0.96800154
0.78265387
0.85192025
0.9534957
0.93221503
0.908142
0.9046986
0.86420465
0.8362037
0.88268244
0.88971364
0.8403838
0.890243
0.7976463
0.8892367
0.9688098
0.9549418
0.8956418
0.73781824
0.86935353
0.744612
0.8807176
0.70692617
0.90811014
0.92400694
0.9421646
0.8668505
0.9098436
0.8435425
0.6156024
0.7838614
0.7640144
0.95990485
0.83770305
0.865628
0.8126096
0.74655885
0.7728779
0.91358376
0.7804674
0.80627525
0.9557968
0.9651127
0.8522659
0.7990535
0.803524
0.578722
0.83621955
0.80000544
0.7732724
0.7986043
0.955165
0.85061
0.82827556
0.90890944
0.9072676
0.93106097
0.8687769
0.86535555
0.95154405
0.8200315
0.82297343
0.9339448
0.80074966
0.90710527
0.86721593
0.92712224
0.7263698
0.6555426
0.9153019
0.77718824
0.9491268
0.81741095
0.8103929
0.9277553
0.7853574
0.8654325
0.83111465
0.92454016
0.9051344
0.8528213
0.87154996
0.91071045
0.5706861
0.60682493
0.8460548
0.89234114
0.9293482
0.9455518
0.91901565
0.92860806
0.7783134
0.70384735
0.8259731
0.8335337
0.8773465
0.86248267
0.9372312
0.8443987
0.92643267
0.78429306
0.9181152
0.9114324
0.89307284
0.7267063
0.91266143
0.8970556
0.8326205
0.8890228
0.9245811
0.88266534
0.7330064
0.8674658
0.87276435
0.70951635
0.80099213
0.8713195
0.8693434
0.9167897
0.94594085
0.89531195
0.7560188
0.8578015
0.883716
0.9728752
0.93785095
0.9347786
0.8383305
0.9434076
0.9419876
0.82084954
0.9245384
0.89375913
0.83636177
0.5749469
0.6902588
0.9090582
0.91293466
0.928409
0.94011176
0.88681144
0.8642613
0.8176931
0.89707214
0.846201
0.7530317
0.9203037
0.89331764
0.83628833
0.93590325
0.87248826
0.813395
0.6030815
0.9668282
0.97564465
0.8289458
0.81839865
0.92779285
0.83568114
0.8510524
0.9576435
0.80100787
0.9091853
0.8077556
0.88434905
0.79627913
0.8431742
0.82870835
0.8564501
0.7329078
0.89495915
0.9215366
0.884462
0.77964866
0.9727344
0.9496262
0.67118746
0.6051233
0.7152917
0.7568669
0.7029313
0.92768204
0.8443166
0.8155164
0.8786494
0.8375971
0.87317204
0.8655364
0.93666315
0.8517653
0.94690377
0.842419
0.8116822
0.7501544
0.76787674
0.93466365
0.80741936
0.90618765
0.9288831
0.9437271
0.9672601
0.80947244
0.8877008
0.533407
0.8205792
0.91639906
0.9488175
0.7745701
0.84773177
0.9447677
0.842235
0.8021916
0.88056123
0.8858368
0.8998187
0.8582717
0.87183017
0.7712828
0.91133976
0.91621345
0.8537737
0.8600573
0.86820555
0.8770985
0.9357227
0.71561867
0.88878286
0.8294956
0.9393389
0.75153047
0.92233205
0.7365341
0.9276524
0.87859714
0.8116814
0.8619157
0.7181814
0.8620032
0.60487276
0.87494314
0.9597753
0.7386904
0.9061468
0.8419824
0.9120865
0.8573365
0.7909018
0.88839245
0.6510322
0.6709026
0.9135283
0.86022365
0.86986375
0.9491497
0.7784003
0.82338774
0.78458905
0.8098995
0.9615403
0.9345269
0.89546007
0.8940919
0.9526172
0.86222
0.848545
0.83388835
0.93438554
0.9335676
0.8726896
0.9264289
0.7358705
0.923892
0.8919266
0.651546
0.9196843
0.6595098
0.9349868
0.8389382
0.9123292
0.6947073
0.918761
0.8628408
0.9162027
0.7957574
0.94610256
0.852674
0.6162846
0.8907762
0.8365416
0.9372108
0.874401
0.90179276
0.8968445
0.723205
0.94229317
0.8558788
0.81433076
0.9305416
0.8044195
0.88621616
0.8942994
0.9211386
0.8207021
0.9589727
0.5623123
0.8906557
0.9477567
0.8899035
0.85491014
0.9570674
0.8478016
0.7343962
0.71593237
0.86957765
0.9359494
0.7909891
0.93358004
0.9658865
0.704808
0.86168766
0.93871355
0.7556971
0.9748508
0.8655876
0.72149366
0.8509271
0.8742228
0.7890101
0.9205885
0.8510881
0.8085898
0.8432475
0.5402869
0.89033115
0.71413285
0.83666795
0.9333117
0.9061894
0.75731415
0.9170152
0.9491998
0.87474245
0.80288154
0.73381
0.9036843
0.9252498
0.9300702
0.9095347
0.84139764
0.8752053
0.86766595
0.91400486
0.9588324
0.9582129
0.82630026
0.8898767
0.82359666
0.86258423
0.81167567
0.86758506
0.8769122
0.7714138
0.84270346
0.8361597
0.9300331
0.91461235
0.89194065
0.84836537
0.822743
0.86238325
0.71423554
0.84473145
0.8627165
0.8566205
0.7459635
0.8024637
0.96238947
0.84842616
0.7927666
0.71345913
0.8386659
0.8314248
0.8642307
0.82785815
0.87883216
0.9131616
0.85352427
0.89898884
0.95423275
0.89606994
0.8933277
0.79567397
0.6841078
0.9124408
0.92597175
0.8173985
0.8513049
0.7337817
0.9431398
0.94233555
0.88915044
0.8126796
0.7931359
0.87864673
0.81260765
0.96277606
0.8753094
0.84507364
0.7184717
0.96798164
0.79393417
0.84282887
0.843982
0.7117772
0.72813404
0.861259
0.94803494
0.90196836
0.89076346
0.8685033
0.89771485
0.81696165
0.8087136
0.9126047
0.9582194
0.79495764
0.8798777
0.81870407
0.54137164
0.8151515
0.7070079
0.95854324
0.93307024
0.8621012
0.88720894
0.9436576
0.91330147
0.5457189
0.8246354
0.94187707
0.6040501
0.84601426
0.74261564
0.9792721
0.9529296
0.7475684
0.80680025
0.9481699
0.6811452
0.9015889
0.8842572
0.95336443
0.9627174
0.8252162
0.8716497
0.746542
0.900772
0.8711862
0.7599707
0.89882
0.97316235
0.87166095
0.897687
0.7334643
0.8512519
0.8102677
0.95414305
0.9159928
0.8696913
0.81455547
0.67170453
0.8724136
0.952602
0.83213305
0.96240747
0.7539927
0.86241007
0.82222444
0.76035064
0.9476068
0.753664
0.9496115
0.56636274
0.7808557
0.8412526
0.71497005
0.68472576
0.84039706
0.9208942
0.8949207
0.9039524
0.91667444
0.95193076
0.8553679
0.86801606
0.90192604
0.84642243
0.8645449
0.92890245
0.8973029
0.88536376
0.80584437
0.7857828
0.8692284
0.9379391
0.8937625
0.8683522
0.9411208
0.9765535
0.89684874
0.83374816
0.92589295
0.79765165
0.79493254
0.37219852
0.9491972
0.8609036
0.8828428
0.8535285
0.91627187
0.96630245
0.9050037
0.8460065
0.88808525
0.71115863
0.6998747
0.88687956
0.90653676
0.9016638
0.74326706
0.88030136
0.9366831
0.8625612
0.9256153
0.9061397
0.694895
0.9204215
0.87426
0.8864652
0.8735099
0.74026734
0.8930721
0.9555365
0.8173613
0.8294519
0.53105766
0.96262556
0.8846853
0.4918489
0.9000057
0.69212085
0.94759256
0.8602094
0.81484634
0.8326205
0.8650124
0.8474505
0.9070813
0.879485
0.9393348
0.9030175
0.91898763
0.614628
0.82935536
0.88244945
0.93873703
0.90119463
0.8955464
0.677042
0.8505391
0.91063374
0.89583266
0.7986401
0.8754245
0.93752515
0.6570177
0.87928444
0.75060916
0.8435794
0.88983876
0.9099851
0.9136003
0.89523673
0.82127243
0.93975466
0.9423534
0.9279889
0.7408731
0.6457698
0.8638066
0.90778446
0.92844987
0.8747439
0.85291135
0.6805843
0.48971972
0.9145723
0.93660927
0.8294388
0.89294803
0.81519735
0.87796915
0.82477105
0.9467688
0.89738804
0.89146686
0.7450258
0.9434601
0.9307883
0.8491986
0.73307514
0.90444416
0.91143936
0.91485906
0.8849755
0.6964986
0.8315906
0.7817645
0.88156074
0.7052013
0.8470822
0.89398587
0.80332416
0.9393062
0.92895526
0.8983379
0.84754527
0.9053139
0.92313766
0.7059236
0.8587129
0.72949314
0.76956546
0.9100413
0.93906474
0.81971073
0.90806913
0.7428911
0.8320764
0.78821397
0.88746125
0.8914714
0.7980546
0.74762046
0.9211414
0.6398443
0.6320142
0.7241339
0.74004877
0.83605945
0.887347
0.8286749
0.8474219
0.96733165
0.92154646
0.90739274
0.75876933
0.73102003
0.70560825
0.95527816
0.93529415
0.7573265
0.92476946
0.7647335
0.7259956
0.73443663
0.92488796
0.835594
0.7419462
0.6046484
0.8825186
0.9068036
0.7618237
0.72644734
0.86497366
0.634237
0.8732554
0.60113066
0.7607746
0.7402795
0.63373923
0.7538362
0.90250695
0.70963645
0.8919114
0.878868
0.7732679
0.82993364
0.67283905
0.88180965
0.92531145
0.6012531
0.7838352
0.8688341
0.8704661
0.90623325
0.6231992
0.6424854
0.96923345
0.81182754
0.8346448
0.8962553
0.93290716
0.88196945
0.88190436
0.8665266
0.85686755
0.90602267
0.94948256
0.78630567
0.6872645
0.78505313
0.75073856
0.88887113
0.853719
0.66137576
0.9499496
0.70597506
0.736936
0.76427877
0.79926634
0.8901478
0.61210436
0.7438857
0.9034957
0.72287035
0.71710587
0.9294428
0.75898516
0.8876804
0.89422524
0.855334
0.9248891
0.8279327
0.69311255
0.89110696
0.7209453
0.71294963
0.85921633
0.77709943
0.83328605
0.7866801
0.87705076
0.960792
0.9019239
0.7791991
0.9460336
0.6135582
0.9370955
0.9157949
0.95287937
0.8761106
0.8095114
0.837106
0.95158786
0.7661218
0.9220706
0.9021205
0.8241827
0.91759574
0.9058791
0.94735706
0.89953184
0.80599904
0.9254341
0.5792315
0.7544155
0.7875969
0.8895928
0.80319047
0.7443636
0.7740043
0.90000296
0.78452134
0.9160492
0.85874134
0.63819706
0.7117365
0.95312613
0.9683765
0.8840357
0.83452487
0.96685755
0.8251392
0.66538596
0.79176265
0.9599635
0.7936131
0.511572
0.8248306
0.88450086
0.8343298
0.8179004
0.9292671
0.8301414
0.78204495
0.7397351
0.67023575
0.88648474
0.9663477
0.9052078
0.96432084
0.70923597
0.93705654
0.8523154
0.87811744
0.6455772
0.9412752
0.7273048
0.8321529
0.81619513
0.8875313
0.943756
0.8744849
0.91374314
0.8128517
0.8613646
0.7969225
0.9123384
0.9085399
0.95157456
0.7424933
0.9095176
0.78032714
0.8551573
0.80956954
0.90724295
0.69155765
0.8907209
0.916333
0.8978015
0.92113334
0.79342955
0.81403553
0.89186174
0.7843349
0.64119595
0.8037773
0.6823296
0.8912726
0.7062806
0.9256769
0.65513605
0.91785765
0.8204466
0.7866513
0.89295435
0.8391631
0.8062474
0.7895794
0.6807885
0.93055815
0.89221746
0.76326555
0.9194933
0.8769908
0.8636623
0.92047966
0.89839035
0.85897684
0.82751626
0.7129071
0.921087
0.95414746
0.8809599
0.7999094
0.8792855
0.8372568
0.8900033
0.85793597
0.865965
0.9111706
0.8228614
0.6867559
0.7932488
0.93456066
0.96108645
0.89420074
0.7689004
0.9054651
0.72951174
0.850156
0.6470679
0.8698868
0.9250012
0.77952754
0.8123847
0.86911035
0.8439558
0.84599483
0.8504744
0.8675087
0.85796565
0.70207345
0.8958808
0.8862183
0.8778746
0.7224669
0.7123716
0.8253584
0.91374886
0.70634836
0.7889092
0.89774644
0.78540164
0.64397895
0.9356462
0.8442622
0.949661
0.7422654
0.9414397
0.7818838
0.92224514
0.8811239
0.7782432
0.83178246
0.9627983
0.7854379
0.7908696
0.86349964
0.91014695
0.7317978
0.8680986
0.8786731
0.88138753
0.8075198
0.8054409
0.62603545
0.83704096
0.95171
0.91109085
0.83700585
0.90027875
0.7337979
0.8870212
0.90552986
0.8191812
0.90448153
0.91368324
0.87683
0.9418129
0.9232321
0.81539595
0.9310382
0.91743046
0.7971217
0.9021908
0.8583448
0.9312619
0.9594273
0.7894182
0.8930548
0.7548131
0.9111629
0.80491936
0.8942799
0.93577874
0.88380456
0.87178797
0.7002477
0.83845496
0.8825506
0.91690254
0.7911728
0.83866704
0.7996058
0.959949
0.8229604
0.87694657
0.8700975
0.9505614
0.899606
0.8587456
0.8069874
0.8907206
0.8979697
0.8040699
0.8625897
0.91245055
0.8884873
0.888181
0.96039045
0.8793071
0.66241676
0.82708013
0.9097249
0.8402789
0.77446735
0.7959216
0.7931751
0.80297685
0.6367133
0.8363765
0.8989248
0.921273
0.9492339
0.9104624
0.7430477
0.8662252
0.88187975
0.8671297
0.8662636
0.7897773
0.74168754
0.8412775
0.6155293
0.94404745
0.8155561
0.9630674
0.79549503
0.90699184
0.9666546
0.85681075
0.87262344
0.83128756
0.9522029
0.89460415
0.8003874
0.8720391
0.84676564
0.94799304
0.9529944
0.93281275
0.8506612
0.88714445
0.7002031
0.8426383
0.9478704
0.76041925
0.9572723
0.7522776
0.82851475
0.91832167
0.8266196
0.865182
0.8457377
0.90433866
0.7743777
0.9435699
0.9295238
0.8181145
0.8903094
0.86443573
0.7436756
0.9142364
0.80751866
0.91219854
0.832402
0.96320283
0.72496456
0.92239636
0.88749367
0.7423755
0.6101806
0.91456664
0.8404055
0.9078272
0.81749034
0.90758544
0.7623295
0.93293417
0.6350101
0.91908383
0.80916095
0.88699853
0.74665076
0.73512477
0.8216859
0.8889498
0.88845557
0.8373354
0.6971295
0.9456132
0.903108
0.9240374
0.87277025
0.8684867
0.9041933
0.8867866
0.74817276
0.92456007
0.9083519
0.68427265
0.9493436
0.9090692
0.87761784
0.8326799
0.8865803
0.55521363
0.8550448
0.8173058
0.9547501
0.9179256
0.8040506
0.90825135
0.8312732
0.94273233
0.7818363
0.90394086
0.80847216
0.742314
0.87419665
0.9453498
0.88620496
0.81806064
0.86805105
0.9644351
0.89975035
0.8134151
0.91020316
0.96112657
0.8753249
0.9017844
0.7657768
0.9596483
0.6926341
0.8698024
0.8978299
0.74660975
0.94502014
0.7621294
0.83971673
0.75509787
0.90309715
0.9066959
0.7377619
0.94266844
0.87101233
0.88503975
0.8690417
0.5722512
0.92223895
0.887795
0.83301467
0.8314597
0.7984268
0.9189411
0.8399503
0.57150984
0.96901155
0.79248106
0.8239929
0.94587296
0.8886724
0.78014
0.93726957
0.9285631
0.9007277
0.83470225
0.77771705
0.90422773
0.88719094
0.73290217
0.8348928
0.9266188
0.8575142
0.87640256
0.8360981
0.8968721
0.69764864
0.87623274
0.95413303
0.96238655
0.8499534
0.9565778
0.91073483
0.919617
0.856905
0.9222789
0.93346107
0.7492968
0.87759304
0.87358856
0.91572964
0.91308194
0.78433883
0.84844583
0.94005126
0.79383695
0.76452696
0.9432729
0.9062396
0.9726968
0.76530904
0.78391093
0.78364086
0.92869127
0.84203625
0.8952421
0.8623422
0.9523038
0.8711019
0.8177699
0.87484753
0.68518794
0.9162444
0.8692952
0.75804156
0.9508509
0.8936849
0.7126338
0.6876668
0.8453858
0.96315354
0.8727472
0.93672585
0.8372817
0.8334895
0.905639
0.83414316
0.8845781
0.8599113
0.88556004
0.93803084
0.85099316
0.86674535
0.61521846
0.7806855
0.88512135
0.86910105
0.9409291
0.75362647
0.7378188
0.7396715
0.78293544
0.91614014
0.7736364
0.81409395
0.74634427
0.89131117
0.97026336
0.95920026
0.8477434
0.7926892
0.8784421
0.78741926
0.92729646
0.8025754
0.86820143
0.9243216
0.8397467
0.82320267
0.8932488
0.84653926
0.7827128
0.7958267
0.7806161
0.64455146
0.9369011
0.8570357
0.8697044
0.96495193
0.9621607
0.88943166
0.74393266
0.6180974
0.84040517
0.84313625
0.84516656
0.8858195
0.7870327
0.8442283
0.64325494
0.8666637
0.9540827
0.8871707
0.8724253
0.939913
0.89370996
0.73230296
0.7719991
0.8144769
0.91786873
0.93905836
0.91237235
0.8654148
0.923011
0.7084639
0.7792662
0.5043631
0.6455983
0.7696227
0.85241586
0.7943716
0.90836644
0.891166
0.8575132
0.92534053
0.839558
0.88603866
0.8332126
0.84607935
0.76677513
0.7805799
0.8773981
0.94094664
0.9764367
0.8110142
0.9756917
0.94495976
0.80351526
0.84000504
0.6653078
0.79585904
0.73473066
0.774313
0.8964315
0.9068422
0.8439473
0.672943
0.9388859
0.81874466
0.8070046
0.888801
0.9555409
0.6039928
0.9204565
0.70643747
0.78707224
0.8571693
0.966792
0.8687561
0.87907493
0.89781636
0.7641545
0.84145874
0.8786977
0.8793622
0.95304084
0.9026074
0.8086493
0.7763637
0.9098855
0.71642005
0.80940735
0.6843817
0.5128888
0.96769553
0.5603857
0.9100262
0.7742799
0.85510284
0.904139
0.7182695
0.89334583
0.76723385
0.8879567
0.88564223
0.87712765
0.87917125
0.9179388
0.67655575
0.960161
0.8065729
0.8396031
0.86958647
0.7771446
0.8508076
0.7445828
0.90327656
0.88398266
0.77239805
0.52545905
0.80986667
0.90208334
0.85475165
0.84632283
0.9184979
0.8818269
0.8648848
0.93951344
0.9165677
0.8466584
0.843518
0.8579042
0.88362575
0.86172324
0.82486176
0.93179905
0.9488795
0.85416394
0.7504589
0.93101996
0.71509093
0.78664607
0.88370013
0.9189817
0.89894986
0.96206963
0.89238155
0.81141114
0.89715827
0.9495581
0.69955295
0.8282842
0.89736754
0.73803633
0.88520265
0.74342656
0.7078427
0.69592005
0.9185156
0.88503027
0.8671713
0.9226603
0.8979466
0.8086775
0.8249948
0.8770923
0.6436665
0.83609223
0.8152131
0.7173003
0.93736494
0.95671546
0.8175067
0.78483963
0.87631774
0.31609604
0.66984075
0.90664965
0.937893
0.89330006
0.8863598
0.9690306
0.8007263
0.77371633
0.8451751
0.9584872
0.9114979
0.8092065
0.86937773
0.80254483
0.81581897
0.81601274
0.6881294
0.90140504
0.8006288
0.699746
0.8417968
0.84281075
0.96410555
0.79796803
0.72660834
0.93507695
0.8791204
0.81370056
0.7150483
0.7742773
0.9251994
0.8233372
0.76653266
0.93517554
0.95751464
0.85835683
0.8608342
0.62662864
0.67525834
0.947427
0.82773846
0.8314207
0.8716715
0.9081772
0.91643155
0.9563806
0.8258625
0.93947464
0.92185473
0.95669454
0.94905996
0.92418563
0.89435285
0.9386469
0.69102126
0.96565926
0.901122
0.7218319
0.88163376
0.8816128
0.8229282
0.953036
0.5630678
0.42925885
0.80060303
0.88241434
0.8435117
0.72644234
0.77034974
0.96109515
0.9176978
0.66493654
0.88768905
0.9381527
0.8094596
0.61622447
0.9459392
0.8892869
0.82738465
0.8959092
0.94658303
0.9091799
0.7931004
0.9218089
0.83534217
0.8621719
0.8838706
0.7495182
0.8093437
0.824379
0.56493515
0.8471701
0.8679092
0.9124587
0.904682
0.8221641
0.9109993
0.7057858
0.9045579
0.81820637
0.799149
0.8969471
0.947729
0.8142017
0.8713411
0.7215154
0.9023492
0.87801194
0.754773
0.6854164
0.9393807
0.9228023
0.8588536
0.90357655
0.88612205
0.6299522
0.945784
0.75906926
0.81645477
0.9001157
0.89144313
0.8909649
0.8384915
0.65871596
0.70997924
0.81993455
0.55083084
0.6626942
0.80774856
0.5990404
0.92950124
0.8141479
0.9443943
0.8377394
0.9153401
0.88451344
0.7919388
0.8642875
0.9496059
0.6160393
0.8806
0.7717066
0.56934583
0.8516885
0.8515792
0.57095397
0.9143355
0.87094605
0.87001735
0.9512156
0.8958335
0.865501
0.69961023
0.79065675
0.83713186
0.94639605
0.82190406
0.8371245
0.92301226
0.8023626
0.8893825
0.8662287
0.86052006
0.89124924
0.8834385
0.89049035
0.8713596
0.9400858
0.8422649
0.8404687
0.74268645
0.8121341
0.7517327
0.8718281
0.7764199
0.56803787
0.85889995
0.95114625
0.9609596
0.71666664
0.71196944
0.8516433
0.8784898
0.89049506
0.8918144
0.7308889
0.8970544
0.8983507
0.88554525
0.8592492
0.83760417
0.7596664
0.832932
0.58950305
0.7584816
0.78849375
0.88293
0.9392615
0.92833847
0.7509287
0.9639915
0.90205723
0.89927536
0.84288156
0.93530446
0.98136294
0.9269679
0.8725709
0.8249657
0.83279055
0.9271969
0.913355
0.8262475
0.93679667
0.83680266
0.8742397
0.8830573
0.91558677
0.8410377
0.93997073
0.7499732
0.50945365
0.74913234
0.86812496
0.90981746
0.8665968
0.7202499
0.92751527
0.8037493
0.91727287
0.9116166
0.68164957
0.8588346
0.93741494
0.89672935
0.88919663
0.93165207
0.93996423
0.5901328
0.91388774
0.63433385
0.83276623
0.87381446
0.9092722
0.9551632
0.94808125
0.89533895
0.89567363
0.82338166
0.7505485
0.87361556
0.917677
0.90847874
0.71678287
0.86219376
0.9500918
0.7340059
0.7410605
0.88029784
0.9100411
0.92043877
0.88625455
0.85952616
0.7950225
0.9599473
0.88743335
0.6968239
0.7719723
0.81741667
0.96258396
0.8089676
0.71164024
0.8554454
0.7828718
0.86263597
0.6101882
0.65462816
0.9270709
0.8889991
0.8292882
0.7471474
0.6506053
0.76644623
0.92801166
0.95457673
0.7996488
0.8760047
0.8376377
0.74317604
0.9241062
0.9148025
0.94169915
0.9303911
0.9056514
0.9359135
0.84392625
0.9305357
0.786322
0.9086834
0.7759083
0.7958654
0.9081791
0.74860555
0.9447873
0.8684654
0.90126187
0.71043664
0.88513047
0.84144527
0.9588145
0.96402025
0.7666332
0.74482435
0.87793535
0.877298
0.8544229
0.74475634
0.88218254
0.89592516
0.75020593
0.94681096
0.7239181
0.91984266
0.93460333
0.8668413
0.9340244
0.92469585
0.8170412
0.94920987
0.915107
0.82931983
0.87139773
0.57679594
0.91178143
0.77167034
0.94528884
0.8085879
0.88317937
0.8725673
0.93884337
0.8451705
0.76950985
0.70479906
0.9476709
0.8580233
0.74696225
0.9138034
0.93270814
0.831068
0.8443778
0.6953622
0.86884946
0.808481
0.8554751
0.85754305
0.8068942
0.8859983
0.7425439
0.8118017
0.92647004
0.9171885
0.7923124
0.9368502
0.8769465
0.94589114
0.8637183
0.9605062
0.84773844
0.8508097
0.9125109
0.76094556
0.9190372
0.9759586
0.9144296
0.8227658
0.75726175
0.7862234
0.8064647
0.9554838
0.7098001
0.916363
0.7448706
0.9521023
0.92967856
0.8360952
0.9479703
0.87737215
0.9483899
0.9671937
0.87081516
0.9242101
0.8882108
0.8406919
0.774637
0.8369745
0.8784342
0.92392725
0.9488684
0.88671696
0.55613506
0.57100284
0.7596055
0.9140055
0.51407164
0.79354334
0.68440014
0.84278667
0.8133432
0.8947105
0.92346513
0.8138433
0.95813894
0.7966891
0.6799115
0.64852387
0.82770467
0.97202337
0.9575232
0.7636008
0.7269809
0.7318772
0.8761872
0.59766054
0.89422035
0.8489073
0.85259354
0.8697491
0.8233287
0.81234556
0.84020734
0.92228514
0.71262443
0.5763612
0.6190142
0.7826754
0.76539195
0.84003747
0.80375755
0.8309767
0.8920224
0.8917176
0.8687606
0.77652365
0.75022393
0.84930015
0.938097
0.8559304
0.9133276
0.9204601
0.7730294
0.8081934
0.85697436
0.84531647
0.60758257
0.9203525
0.89288014
0.88266957
0.9205544
0.82121813
0.8867849
0.88337773
0.81457204
0.76587915
0.77977484
0.715384
0.8406197
0.90833545
0.87601775
0.792575
0.9599296
0.91863805
0.8247492
0.95244586
0.7707577
0.9589597
0.94184446
0.8921449
0.9429699
0.7644543
0.6361308
0.65352523
0.91301835
0.9377713
0.9265454
0.7682371
0.9039078
0.7329797
0.7647656
0.938022
0.93996686
0.80451715
0.68758494
0.72075784
0.8969941
0.96626735
0.85809284
0.79622626
0.8350514
0.8247967
0.94559634
0.6356984
0.9636326
0.94481677
0.5936879
0.87011516
0.8695483
0.8195816
0.8190984
0.6745187
0.8982387
0.9423541
0.79764205
0.6702189
0.95397055
0.8931334
0.8530165
0.7155613
0.72787493
0.67115664
0.9415567
0.8354694
0.78615093
0.58666927
0.88313746
0.8321048
0.85089886
0.91502726
0.6666515
0.88935256
0.91836864
0.63471675
0.8802929
0.7386256
0.6000328
0.7329093
0.93483865
0.6671022
0.612885
0.71241283
0.88151085
0.83280027
0.8666159
0.81044924
0.98112714
0.75636315
0.94531274
0.9061233
0.8431383
0.8706607
0.8302152
0.86615676
0.92452455
0.86443025
0.9140281
0.8343259
0.8667898
0.9238478
0.8658932
0.7536044
0.78365356
0.907964
0.82803756
0.94337565
0.9312795
0.9211279
0.971395
0.9291514
0.8784692
0.88519496
0.7882022
0.834063
0.86421514
0.9516564
0.8911238
0.7984986
0.8584217
0.85341775
0.8005816
0.8542964
0.8486911
0.8569685
0.9030805
0.7916635
0.9332838
0.7617564
0.7918577
0.89582646
0.9505517
0.9514246
0.8926055
0.86902606
0.93421876
0.8719567
0.9726951
0.84393847
0.9199221
0.81672573
0.84425855
0.986604
0.9544874
0.8063933
0.797241
0.95007807
0.8297963
0.8888441
0.7607397
0.90853447
0.92457616
0.76568305
0.9305136
0.7677105
0.92325956
0.85153174
0.790756
0.9341676
0.8740662
0.8959882
0.8928881
0.7788485
0.74862975
0.7747688
0.9457475
0.6478071
0.40474984
0.87860054
0.6865
0.71190834
0.8842061
0.85217357
0.9215356
0.8860877
0.93432873
0.9099305
0.67434
0.7759554
0.8997021
0.89388007
0.7307858
0.9454148
0.94728607
0.9453056
0.84651095
0.8645445
0.72936606
0.8478231
0.86346674
0.9169664
0.91140044
0.9112912
0.89663297
0.96678174
0.66203403
0.81237835
0.8075987
0.88440526
0.8394546
0.9085516
0.85123295
0.86984766
0.77846694
0.8709128
0.90212166
0.6952823
0.917578
0.95968074
0.87435323
0.6404322
0.86754495
0.9289215
0.8394201
0.88635075
0.724736
0.8046915
0.83268386
0.9368061
0.92232996
0.9230902
0.47999635
0.8325343
0.7577404
0.88673216
0.91224134
0.7940434
0.7980437
0.6910673
0.8628901
0.8741548
0.71736395
0.85056746
0.7691365
0.86997074
0.8948349
0.8826634
0.8111457
0.71029556
0.95491
0.81974137
0.9378398
0.8539097
0.88515234
0.92903364
0.7883937
0.7707304
0.7261573
0.66691816
0.92919016
0.72403175
0.8330544
0.8998033
0.8420744
0.7700915
0.80058664
0.8481152
0.97266686
0.9159423
0.8834555
0.7619655
0.89452255
0.7057427
0.88165087
0.8469387
0.570964
0.864063
0.66394305
0.84096223
0.95321316
0.82413554
0.95045364
0.8010209
0.8727578
0.90429914
0.8156423
0.94642603
0.91388524
0.8511526
0.866081
0.85609883
0.894418
0.78118694
0.9411638
0.9527012
0.9778638
0.9161977
0.9604095
0.9125916
0.8415197
0.92941207
0.769525
0.79794466
0.73434347
0.92945063
0.5568708
0.83024573
0.93159837
0.90190315
0.7728262
0.90572834
0.9190788
0.8986453
0.9393469
0.7638678
0.75087476
0.7531411
0.9743251
0.908093
0.88691866
0.67252284
0.73275083
0.8806253
0.757338
0.7373071
0.8580689
0.8424622
0.8669155
0.8939642
0.88410026
0.87042123
0.9357454
0.81870055
0.7229526
0.8136818
0.7527322
0.8156261
0.80504227
0.8452442
0.65075326
0.8725538
0.8736461
0.78806597
0.6571938
0.7215462
0.9048325
0.93824023
0.9374071
0.61552393
0.76789725
0.89757574
0.8737219
0.91905713
0.7978231
0.6474219
0.69454736
0.85189843
0.93700093
0.7756231
0.8691271
0.71582484
0.8762979
0.9123916
0.82704
0.81340545
0.84719676
0.8592601
0.75348985
0.95649046
0.8271417
0.8787553
0.7016883
0.8325233
0.9372455
0.8443288
0.8506785
0.9437718
0.8225756
0.85478294
0.8879628
0.8548788
0.7955679
0.7666879
0.8853993
0.8647575
0.8995778
0.8628623
0.94249403
0.80963206
0.921755
0.9208501
0.97360086
0.93830395
0.9398115
0.7112567
0.92313766
0.89393735
0.819533
0.81834286
0.816691
0.74379766
0.74758327
0.7864081
0.940719
0.885527
0.9187787
0.88526106
0.89733577
0.6997063
0.86221784
0.7464595
0.74881357
0.76692665
0.5445118
0.7468653
0.95733476
0.8932506
0.8199648
0.7998446
0.8809031
0.9225665
0.9277007
0.79518133
0.8965887
0.85409915
0.90740323
0.92431366
0.9257791
0.931571
0.9222853
0.65295386
0.8393812
0.80775136
0.8156141
0.8894622
0.9788659
0.9428269
0.8105425
0.7575456
0.9077002
0.89657223
0.93044865
0.8353316
0.9425787
0.89911467
0.7351265
0.78515863
0.7189619
0.94228405
0.90244055
0.93270814
0.97212464
0.8869878
0.8221065
0.66136
0.8579482
0.79042923
0.8672127
0.9528903
0.90516734
0.85572046
0.9104822
0.8255832
0.9638834
0.95539325
0.87186193
0.9121301
0.7647742
0.8217547
0.7898648
0.9058709
0.9169472
0.7371776
0.6648878
0.8949075
0.8379249
0.94940615
0.90959644
0.88562137
0.8642987
0.8619592
0.9261169
0.85758203
0.90010875
0.90119255
0.9543975
0.78793985
0.89012897
0.7865182
0.7190139
0.7747808
0.76705456
0.9283154
0.92675334
0.6862912
0.92070776
0.66292214
0.96771336
0.88595617
0.8829442
0.72997856
0.65669096
0.84404325
0.95863456
0.74970764
0.90266836
0.6710769
0.87436473
0.7530303
0.9395596
0.8221956
0.7700353
0.81720626
0.77957857
0.8536582
0.91017675
0.87460744
0.8778982
0.88259673
0.8028618
0.8780071
0.9130986
0.7610753
0.89827263
0.84744835
0.8376138
0.8900231
0.8601612
0.82319635
0.65120083
0.933879
0.74243045
0.8021367
0.7600126
0.8827293
0.7388736
0.89464915
0.7914675
0.8333324
0.90378416
0.95216763
0.8638581
0.78397286
0.87610495
0.3424707
0.7808673
0.93024933
0.8665727
0.8907209
0.8545612
0.74700916
0.89329606
0.9145102
0.8292242
0.8017051
0.83594227
0.65117425
0.881497
0.74533355
0.76150596
0.5066496
0.76728773
0.75583774
0.9540396
0.96771324
0.9356042
0.86038315
0.9220624
0.7897718
0.927758
0.90188247
0.62928146
0.8928576
0.8803346
0.81096065
0.3094007
0.74589735
0.8624383
0.7607517
0.7470821
0.87038755
0.90736777
0.81125945
0.7139821
0.85391426
0.8847046
0.8596316
0.94315547
0.8210389
0.77626693
0.8988804
0.94313216
0.92314506
0.73986495
0.6379269
0.7985622
0.93228596
0.8025199
0.9064429
0.80757725
0.74781877
0.9531308
0.9316955
0.8405435
0.9465567
0.6349556
0.93934584
0.9414387
0.96274376
0.7589267
0.84436023
0.5657801
0.96418476
0.851578
0.8103155
0.6221751
0.87735915
0.77530086
0.70973337
0.77944803
0.87400806
0.905555
0.69899654
0.86613005
0.76078296
0.78679484
0.9426045
0.91743547
0.90907884
0.88056415
0.9380083
0.6036439
0.8551065
0.8243091
0.7827157
0.8484223
0.8632826
0.6386158
0.9415593
0.8325262
0.8387448
0.8150175
0.76715755
0.9066596
0.8577727
0.8768991
0.93444926
0.83019876
0.8597936
0.71486706
0.8672859
0.9424439
0.81229085
0.8971083
0.96199304
0.82195234
0.7988304
0.8501015
0.85716367
0.9320812
0.7923836
0.6438841
0.8567201
0.75549966
0.7582561
0.88198406
0.7219086
0.73830366
0.92369616
0.9270802
0.9506444
0.80236787
0.95271367
0.86226904
0.9313272
0.8290634
0.9360763
0.8446755
0.88330173
0.7110729
0.76430374
0.91306233
0.9205515
0.8117887
0.8342441
0.8445976
0.8656136
0.81425023
0.78694534
0.8766977
0.96270907
0.8992921
0.67253786
0.85405254
0.8377594
0.8229373
0.9620606
0.95169526
0.80625904
0.79955673
0.8447315
0.78433526
0.8260088
0.9232604
0.8006428
0.86230403
0.81321263
0.929354
0.9407506
0.9296142
0.8130612
0.7086242
0.8087037
0.7889597
0.80105853
0.8789709
0.8459779
0.83743185
0.9201212
0.86518043
0.85774285
0.81686217
0.7600497
0.50447094
0.71640253
0.9306409
0.811941
0.8200613
0.73443747
0.9725401
0.8106601
0.6506871
0.9261646
0.9459743
0.8665241
0.88751704
0.81856287
0.8638551
0.72350335
0.85364294
0.90293705
0.94769317
0.7476372
0.96258605
0.6699586
0.83789706
0.95284593
0.93348
0.7096123
0.7148746
0.8072942
0.7505811
0.9020778
0.94469285
0.88418645
0.8899612
0.9443123
0.73260534
0.83404243
0.5066296
0.8028546
0.94433355
0.7967265
0.5632827
0.8046311
0.63300717
0.9211959
0.8950941
0.9068581
0.9752724
0.88655186
0.94813484
0.7994052
0.7194843
0.95436704
0.96664315
0.8587489
0.83103675
0.83136237
0.77396923
0.9210966
0.80498886
0.92816
0.9091643
0.8177799
0.92822343
0.9539967
0.8722574
0.8026713
0.8780012
0.74199885
0.83027494
0.8285732
0.88387996
0.8913588
0.80869836
0.91620857
0.9369446
0.92828494
0.73161805
0.9735429
0.94903934
0.8176842
0.90721154
0.77873385
0.76576096
0.8114182
0.8159476
0.81282955
0.89150774
0.8224546
0.9198766
0.85389304
0.83696723
0.8683191
0.73051965
0.8956176
0.7867329
0.9126764
0.8408967
0.86605
0.7727068
0.8839197
0.7759352
0.87149334
0.80653936
0.75260574
0.77180266
0.8388678
0.892063
0.86514515
0.8608999
0.93318313
0.8680024
0.89955217
0.93038595
0.85811985
0.8409215
0.74936485
0.98315245
0.8124445
0.71938807
0.7810113
0.95058537
0.78898644
0.6956661
0.88959897
0.8556991
0.72079027
0.8066648
0.67114437
0.83572626
0.8507797
0.946434
0.56581813
0.8438727
0.76416767
0.69182706
0.8635188
0.85906374
0.8697962
0.95203847
0.75606495
0.79442966
0.8624481
0.96767616
0.764735
0.7733679
0.81122077
0.9111487
0.8946006
0.84028196
0.79857117
0.7634202
0.8823056
0.73705727
0.92066586
0.9202501
0.94140476
0.9551583
0.8662266
0.9196391
0.90445364
0.6802225
0.91749626
0.7424109
0.9294513
0.89253
0.9227849
0.93042
0.96891063
0.56401646
0.9456558
0.9245381
0.86149085
0.91426826
0.84872156
0.835788
0.65222996
0.94818383
0.8989184
0.92121065
0.89206207
0.86860687
0.6972967
0.8112818
0.9645759
0.808425
0.8659043
0.86462665
0.7595604
0.8260462
0.7726878
0.8436942
0.8450943
0.53039396
0.8159435
0.882359
0.7635491
0.9450107
0.9041002
0.8708652
0.7727256
0.5723001
0.90008605
0.9772436
0.823772
0.8356718
0.938232
0.89758646
0.7432363
0.8015633
0.9062113
0.8588405
0.7950637
0.8665071
0.88484013
0.86660564
0.61298454
0.6521255
0.9366543
0.76505
0.9377118
0.85110915
0.7967428
0.7345673
0.8283141
0.75815636
0.81584114
0.93148744
0.887567
0.9035825
0.8988686
0.94466734
0.88253707
0.93574697
0.78410095
0.90504754
0.8343141
0.87556326
0.92704874
0.87033725
0.7497109
0.7561015
0.8400545
0.94765747
0.8545987
0.8490576
0.816844
0.70809495
0.81672484
0.8638895
0.85125864
0.90913385
0.8345143
0.7929094
0.912556
0.9486913
0.83152264
0.8906458
0.83780843
0.5743072
0.91153383
0.92607653
0.84412277
0.92345715
0.8592586
0.59377337
0.5998129
0.8335774
0.65031266
0.88112617
0.8213922
0.89305806
0.9081017
0.77102906
0.88956195
0.895727
0.87718606
0.85200596
0.6728335
0.8181542
0.96909
0.8816196
0.8042669
0.92258036
0.9160333
0.87919617
0.94844764
0.7949941
0.8422942
0.8835464
0.8061279
0.962165
0.87976074
0.7178111
0.73963904
0.8467023
0.7446687
0.9738873
0.7495963
0.86213094
0.698109
0.81792974
0.56458867
0.8003552
0.68265337
0.7444206
0.73113525
0.8120451
0.93179905
0.92928964
0.7826311
0.81650835
0.86362785
0.9369226
0.9019379
0.68435365
0.91603315
0.96358126
0.88598996
0.4244843
0.8966794
0.971629
0.7560255
0.7542016
0.86812
0.74360466
0.8795563
0.89100575
0.83810765
0.88872504
0.89986145
0.9792234
0.9328864
0.689138
0.83234555
0.95870066
0.8142189
0.9519081
0.9057446
0.7998486
0.836655
0.78765607
0.9271708
0.930429
0.81157815
0.94671607
0.8576627
0.6372492
0.9599791
0.87126917
0.8356113
0.92526126
0.7392211
0.7470226
0.74974686
0.7992583
0.90307593
0.6403806
0.9333375
0.84394073
0.78804666
0.8668789
0.76241
0.8616421
0.822634
0.5693982
0.8426381
0.5019745
0.8368531
0.925879
0.7601826
0.700299
0.78361934
0.86440814
0.80883837
0.8083369
0.8097577
0.7454791
0.884712
0.6910206
0.83354366
0.9331903
0.8296943
0.83781004
0.9214376
0.7294736
0.90771663
0.8350512
0.6076255
0.95264333
0.78783804
0.9222206
0.8137624
0.74927264
0.6364024
0.7972712
0.8072952
0.8976872
0.79815054
0.77131075
0.8404993
0.8501768
0.8623127
0.64211524
0.8199562
0.5134355
0.9045552
0.67090076
0.9440948
0.8945222
0.6930861
0.9603867
0.74728405
0.8634474
0.39462787
0.8190478
0.78902406
0.9184078
0.6648591
0.9309435
0.9249391
0.54260874
0.96854573
0.8596865
0.8234862
0.75986516
0.92540467
0.65703624
0.9107651
0.7795925
0.8323637
0.8861695
0.8168224
0.87494785
0.75804937
0.83658683
0.82486004
0.9169018
0.8210956
0.92717695
0.8936832
0.7016591
0.7338352
0.87378925
0.94001734
0.85617614
0.93642205
0.9537667
0.81371945
0.8392713
0.8142325
0.6894095
0.84480333
0.92061025
0.89625144
0.84534734
0.8876929
0.8421038
0.8735284
0.90616894
0.88434523
0.94321585
0.7255151
0.7036695
0.7297512
0.84831166
0.8201932
0.9180347
0.9310379
0.92949873
0.843982
0.9497738
0.8183781
0.8974634
0.71151644
0.7543161
0.85906994
0.94411665
0.7144888
0.8293578
0.87869525
0.7964424
0.93910915
0.8634648
0.80287683
0.59835273
0.7318027
0.9257912
0.8593821
0.8163867
0.90663445
0.52739036
0.8491218
0.9319489
0.9444929
0.868228
0.8599835
0.8038056
0.89139724
0.8716453
0.72967285
0.84035164
0.7966272
0.534155
0.74557567
0.89269775
0.8370687
0.79590714
0.7706431
0.74124074
0.68031716
0.9370539
0.84949887
0.69822234
0.8741078
0.9604386
0.8531242
0.7904969
0.8477651
0.9672209
0.7291418
0.8961365
0.74712473
0.9465281
0.7892436
0.9547683
0.8767607
0.7919778
0.9429083
0.89010656
0.9431621
0.83560777
0.95195097
0.8483011
0.7491026
0.82474214
0.8826406
0.74958235
0.83093596
0.92067313
0.8028286
0.77495426
0.8986409
0.59720457
0.8294371
0.8293318
0.7256492
0.6424638
0.8404041
0.9125917
0.8356823
0.9074357
0.92407745
0.73807114
0.83264726
0.85443157
0.841007
0.6409657
0.8717341
0.9351051
0.8559775
0.8063229
0.9557675
0.7813138
0.90556693
0.88688534
0.913097
0.92615074
0.74486846
0.92877156
0.7376496
0.7180792
0.7806058
0.8596112
0.85665643
0.9720092
0.92436635
0.66415495
0.9689559
0.961082
0.7609459
0.8876115
0.87746865
0.8659142
0.9351824
0.8607538
0.9580364
0.8589126
0.82869315
0.800544
0.80846685
0.636104
0.9388248
0.93449605
0.87660545
0.82299197
0.59285235
0.7964115
0.88859546
0.72381234
0.8094579
0.8449956
0.8065465
0.7781379
0.8509717
0.8106528
0.69069505
0.6747492
0.8908062
0.76229584
0.8691796
0.7878682
0.6793662
0.8067517
0.7977406
0.914939
0.8769225
0.7703866
0.80565536
0.86670756
0.8286036
0.8430287
0.9142524
0.8612121
0.8064903
0.8749525
0.87579
0.4224069
0.90616447
0.71912354
0.9095466
0.9292519
0.846558
0.9540567
0.847531
0.85558295
0.7844091
0.9197445
0.81149685
0.88973415
0.78639877
0.78699297
0.9332074
0.9713876
0.8517338
0.8083117
0.7949012
0.80386984
0.8901618
0.8178226
0.79018444
0.77430534
0.9160993
0.7072486
0.83940196
0.8465202
0.72046584
0.90483785
0.90532357
0.8454574
0.841262
0.94182986
0.8595515
0.9049893
0.84738725
0.81256443
0.92336917
0.93427074
0.95613104
0.8450568
0.82289326
0.8527583
0.8732238
0.8327339
0.822504
0.97604066
0.9031993
0.76841295
0.9388481
0.8776647
0.92398036
0.74430853
0.7140781
0.7003066
0.8914699
0.9523103
0.9629411
0.9426814
0.78213125
0.9824822
0.8981976
0.69739026
0.8647525
0.77966744
0.9261818
0.8006546
0.8459656
0.69808114
0.95946145
0.7603831
0.75192827
0.8485794
0.88390124
0.874257
0.8130166
0.9260169
0.8539151
0.7883545
0.8279411
0.75384915
0.8352675
0.761987
0.8818571
0.9221349
0.93597966
0.917561
0.8873151
0.72358334
0.84049153
0.88183546
0.76781464
0.56634104
0.70717907
0.8876502
0.80217814
0.8715639
0.79585266
0.80262965
0.8350403
0.82075024
0.6467574
0.94483757
0.7218602
0.86256605
0.8451741
0.9292566
0.75042194
0.90099335
0.7001655
0.9084834
0.76721036
0.9364941
0.7535447
0.83044744
0.7995875
0.8043499
0.71216065
0.9745232
0.8117439
0.9450418
0.8944142
0.667987
0.91011614
0.7361721
0.83881843
0.94781554
0.7609367
0.85718876
0.86911297
0.85511816
0.87552285
0.7708942
0.94084996
0.77301437
0.90717036
0.9414816
0.67111754
0.9170367
0.8907735
0.69523174
0.7924054
0.6791139
0.6924712
0.7610161
0.8628771
0.9281112
0.9090498
0.85487044
0.8383348
0.9557568
0.8492723
0.7526855
0.90728956
0.85320425
0.78716546
0.8604612
0.87295353
0.8198613
0.79824406
0.90188307
0.824577
0.82134056
0.80555415
0.76759845
0.87822247
0.9450728
0.89396656
0.8641256
0.92665756
0.969339
0.90233845
0.8622991
0.9296073
0.75199723
0.8397271
0.88062036
0.9261743
0.854609
0.9505514
0.81650406
0.9096432
0.9153556
0.8132673
0.7641653
0.9424473
0.84146845
0.92644715
0.60820395
0.81566465
0.89092654
0.9458396
0.8586493
0.8466049
0.8286614
0.73660547
0.9613739
0.91403747
0.89930916
0.6552403
0.69336146
0.9535897
0.87539065
0.8699609
0.9771048
0.8898012
0.8901141
0.79051584
0.71018356
0.847114
0.8237124
0.80960256
0.71977013
0.887035
0.9348759
0.7727426
0.9061004
0.8434614
0.87008655
0.667014
0.9437285
0.8755876
0.9162166
0.8335296
0.91912127
0.81579816
0.55806535
0.9626167
0.9268469
0.8111729
0.951918
0.91427773
0.75966305
0.9443768
0.74289215
0.8412685
0.8550589
0.9009686
0.82570297
0.9484723
0.83131707
0.7983594
0.5733603
0.93668294
0.9573696
0.9271615
0.91419697
0.8120789
0.96366024
0.8793328
0.8765508
0.89610374
0.9324172
0.7053936
0.85820264
0.85430753
0.902568
0.8906352
0.76282984
0.8873121
0.8332571
0.8574439
0.9278544
0.85350555
0.8704483
0.718148
0.8550018
0.73413765
0.9655862
0.8528949
0.89014155
0.9283105
0.781938
0.96277237
0.88146687
0.959397
0.8483045
0.88160336
0.92599976
0.628159
0.7053419
0.8335358
0.8197959
0.9048761
0.8735998
0.93404543
0.86702275
0.74661213
0.88423616
0.84063613
0.796239
0.8987161
0.8556018
0.78978175
0.9479646
0.9100613
0.45861608
0.7571659
0.6675298
0.8292764
0.93764657
0.8012099
0.8710977
0.95147
0.89217913
0.8441401
0.83858573
0.8435678
0.83125705
0.87334275
0.9243188
0.71592855
0.52457833
0.7034898
0.877603
0.8445638
0.8961287
0.84419703
0.74579424
0.74986935
0.8146344
0.8799596
0.8645932
0.8123276
0.64766324
0.7860848
0.7618407
0.8643774
0.7965004
0.7190873
0.7658187
0.8059442
0.9218084
0.90982795
0.856507
0.8184381
0.8789273
0.9065645
0.8840705
0.77378845
0.8926437
0.854462
0.9225979
0.63153094
0.89246947
0.5914893
0.86363745
0.8632593
0.8789328
0.8357749
0.924062
0.89783186
0.98356026
0.78949445
0.78846234
0.8960598
0.8815626
0.85940987
0.7410408
0.9330772
0.8260092
0.773783
0.8891299
0.80413413
0.7868915
0.9211995
0.56098545
0.9312931
0.7863248
0.93547946
0.82923734
0.90609807
0.6777718
0.89013267
0.9225372
0.8843887
0.8696051
0.9121893
0.8564759
0.9571749
0.79834425
0.92058396
0.6655642
0.74946976
0.919522
0.777208
0.6174112
0.8156016
0.7568649
0.9073962
0.86042655
0.728486
0.886111
0.88108253
0.7307182
0.89965045
0.8785132
0.76591444
0.58303994
0.6928229
0.8803707
0.9097235
0.93760574
0.8986525
0.96999645
0.9421936
0.9468533
0.7754937
0.77382576
0.83468455
0.89127475
0.52087986
0.9358156
0.7675749
0.81204855
0.81550324
0.94556653
0.9226452
0.9232536
0.82525146
0.90882576
0.9048843
0.9146173
0.8438885
0.69730115
0.873448
0.75415003
0.8222029
0.8613041
0.87776905
0.6892296
0.74636424
0.9296564
0.90450174
0.8948018
0.94267166
0.962211
0.76089597
0.9343168
0.913402
0.80450505
0.9249668
0.9088684
0.7626269
0.81703395
0.8952925
0.86739075
0.84949875
0.9402186
0.90862185
0.7856839
0.8213824
0.8713816
0.7886028
0.8935456
0.91223097
0.9012971
0.8693941
0.9462811
0.90284187
0.9278324
0.7272442
0.7279464
0.8941322
0.8912244
0.9466765
0.7648499
0.89117193
0.25042915
0.8030727
0.9608257
0.9767672
0.81745315
0.8841474
0.7657605
0.8650362
0.93634355
0.94979936
0.6969569
0.8759732
0.8960369
0.95013565
0.7698211
0.6690665
0.8383446
0.77646977
0.82994634
0.7446769
0.9273174
0.8988815
0.7723597
0.8987589
0.8527201
0.88882977
0.89674175
0.96526814
0.9316974
0.84282357
0.8949532
0.8168382
0.83564764
0.8901285
0.8096082
0.9240741
0.9254928
0.85190094
0.67752945
0.9356804
0.869
0.9214084
0.93826556
0.8142033
0.7411358
0.7884587
0.8963513
0.797362
0.6578349
0.73452926
0.70574117
0.80528873
0.9138361
0.811036
0.66703445
0.8315686
0.89714414
0.9149909
0.5134473
0.93722403
0.83582944
0.91589355
0.8578391
0.8317081
0.72255135
0.9229798
0.9608864
0.96801966
0.8885644
0.9315975
0.91963303
0.9014771
0.91232216
0.9217697
0.96432436
0.9529778
0.92983943
0.87852436
0.86564964
0.7475447
0.8239287
0.88357097
0.9165119
0.67095923
0.86723906
0.7422224
0.8678887
0.7913845
0.91931534
0.80501676
0.9486265
0.79078615
0.7105001
0.8720255
0.8807751
0.5887023
0.8298836
0.74276745
0.88798976
0.74577713
0.846135
0.8112195
0.7930862
0.92509115
0.87932265
0.78797525
0.8255274
0.4769436
0.90117794
0.9502299
0.81567335
0.9246781
0.84365755
0.7176742
0.91405153
0.91477317
0.6551223
0.9210331
0.8010764
0.9371854
0.7990659
0.94531995
0.8660253
0.9427387
0.79721904
0.8037946
0.68965304
0.89602935
0.73080474
0.88858664
0.77452457
0.8756832
0.8479775
0.9303857
0.70003533
0.61692315
0.6376021
0.83989626
0.8413508
0.92349756
0.9375589
0.8541449
0.89177036
0.70144343
0.66306937
0.8232898
0.62609893
0.8764961
0.91510844
0.86970913
0.8534856
0.88239217
0.89296645
0.92991847
0.69026744
0.84330606
0.884115
0.85710114
0.725455
0.8199314
0.84218186
0.730477
0.78956634
0.7743796
0.8807591
0.95267904
0.88451326
0.8068944
0.8803747
0.84117275
0.9711884
0.852338
0.8653319
0.79645437
0.90434927
0.9473845
0.9447376
0.5927855
0.8694054
0.8664962
0.79633844
0.8939282
0.7128794
0.86998975
0.6040383
0.7961723
0.92404574
0.8611934
0.9515118
0.81669194
0.81265247
0.85750127
0.93908405
0.8199202
0.7172155
0.8040047
0.65688795
0.94469285
0.8733544
0.77495337
0.8983798
0.69729394
0.89063245
0.9229563
0.84142554
0.60484546
0.82280445
0.93736744
0.9037422
0.9529479
0.81163764
0.8585259
0.7683458
0.8255463
0.73410827
0.93679106
0.9723788
0.89991105
0.95823574
0.86187917
0.8331883
0.8897792
0.60046196
0.8189515
0.7822027
0.8467817
0.72104263
0.890836
0.8529688
0.58671397
0.92557704
0.8461766
0.8058515
0.7807094
0.6139915
0.918259
0.88181585
0.7913942
0.77213544
0.8284865
0.8217965
0.7938595
0.91589874
0.85416305
0.9190148
0.9106785
0.8399823
0.9414497
0.8908201
0.91807956
0.9399155
0.73576254
0.85972416
0.91770655
0.87581563
0.7989524
0.87134093
0.84021854
0.8615663
0.86488605
0.8984539
0.88346344
0.92539865
0.8375983
0.91406065
0.6891375
0.9608309
0.5694883
0.9557128
0.75521535
0.9243535
0.92063403
0.6167408
0.5986747
0.8834789
0.8428545
0.86550623
0.8357563
0.9143721
0.78310186
0.80356884
0.5995155
0.7891738
0.7901626
0.77996016
0.90873784
0.79992944
0.91074383
0.9215853
0.81531024
0.9348335
0.8832276
0.8872568
0.9686068
0.7252743
0.9141152
0.8650061
0.7210567
0.95650405
0.8908832
0.9047546
0.8420425
0.92186475
0.96726525
0.8721305
0.91519207
0.9602794
0.9183662
0.9146196
0.7975556
0.7801813
0.8810825
0.8476754
0.83796024
0.8026477
0.8688351
0.69522226
0.87592626
0.7913562
0.8345231
0.9300792
0.70017254
0.6596947
0.80310863
0.90390325
0.8653083
0.798645
0.86951655
0.85507536
0.9152107
0.936252
0.9225735
0.92884165
0.7792312
0.9285088
0.9144474
0.9565866
0.91690123
0.8914175
0.86952704
0.893654
0.89011276
0.7626996
0.8473706
0.5998129
0.87275666
0.8379276
0.9187067
0.790418
0.9586899
0.87094975
0.9138125
0.6700316
0.70125794
0.64415807
0.8588513
0.9189358
0.8629743
0.79123247
0.88220286
0.47551993
0.78083926
0.9041414
0.914532
0.9328308
0.7984538
0.78147495
0.83823895
0.59922165
0.9042901
0.703138
0.89343655
0.9385719
0.86729157
0.7655178
0.87011683
0.69268936
0.8384996
0.90343696
0.87224734
0.8979909
0.8804206
0.65522623
0.7996808
0.9649713
0.8410816
0.7301879
0.6101623
0.88276494
0.87768483
0.88202554
0.8992023
0.9083922
0.8599265
0.8540389
0.9216846
0.7324049
0.930699
0.87920904
0.9191668
0.89746267
0.83569014
0.86310273
0.70475125
0.8340485
0.9782807
0.9801703
0.7961555
0.73556525
0.8955495
0.7697645
0.688161
0.7773926
0.7808637
0.8650728
0.9414208
0.80370796
0.95329654
0.90245736
0.9249984
0.8365375
0.8631073
0.97180676
0.8704704
0.9051779
0.9327129
0.7583415
0.93033695
0.9749367
0.93473595
0.7801426
0.8856006
0.9319756
0.78745884
0.7630326
0.88717425
0.7998204
0.8797206
0.8401092
0.8683113
0.86442685
0.90595806
0.63617635
0.8004217
0.82641417
0.91020083
0.91737455
0.7649968
0.8299865
0.94026214
0.9326571
0.80233866
0.8876899
0.8745822
0.9378889
0.8492401
0.8294213
0.8890867
0.8315413
0.9365574
0.91716516
0.8309444
0.8313977
0.8540013
0.8105508
0.90978223
0.7468334
0.83926195
0.9305551
0.88601613
0.9233914
0.77602196
0.8982283
0.72384727
0.9648999
0.55777687
0.943285
0.9036052
0.89796305
0.89734316
0.77477384
0.86932796
0.89962983
0.8586921
0.95234734
0.86731625
0.95132446
0.8703369
0.7402429
0.9346394
0.88163173
0.94554627
0.78663737
0.8339528
0.77501327
0.5293447
0.7260799
0.71313024
0.92844534
0.85537255
0.79421705
0.80024326
0.7781645
0.67067534
0.8119867
0.92991745
0.7916213
0.8648613
0.82873666
0.74780774
0.9313921
0.8032852
0.56261045
0.8073039
0.83445865
0.9461404
0.59302676
0.77866566
0.9608302
0.7035183
0.8577563
0.9016721
0.8916673
0.7598367
0.8390365
0.8438051
0.8946717
0.84279525
0.7845379
0.8973916
0.76179236
0.92562807
0.8080566
0.8729375
0.79549664
0.84457636
0.9279182
0.90999496
0.9147594
0.8785048
0.8446133
0.7805599
0.80403244
0.7169079
0.8478397
0.8843941
0.82070667
0.9037233
0.67597216
0.752566
0.87013936
0.8603983
0.9066609
0.85954803
0.80808073
0.6815372
0.81604755
0.8345766
0.8686894
0.9616104
0.9005965
0.8299299
0.6594127
0.73674333
0.9262147
0.7477399
0.75617903
0.8255996
0.60494107
0.78473914
0.84908783
0.67656773
0.8067205
0.8684851
0.92887723
0.8582379
0.86489147
0.92215776
0.5742238
0.93556905
0.94922245
0.83992356
0.8392388
0.65278125
0.8580459
0.84367585
0.79682976
0.72130156
0.92981553
0.84496653
0.8308245
0.7892901
0.8433633
0.6578783
0.89170253
0.74788564
0.84234315
0.90690833
0.8138732
0.86899924
0.9438882
0.95988554
0.9298257
0.85777915
0.8544853
0.79121196
0.9588898
0.8842349
0.8392701
0.8826204
0.8697777
0.87556124
0.70946914
0.92070746
0.938375
0.89494437
0.81672513
0.8466172
0.76332337
0.839876
0.7785631
0.88322556
0.86770666
0.8834224
0.936208
0.72186804
0.8292595
0.8575475
0.9311229
0.7874831
0.8171727
0.8613592
0.763326
0.93677557
0.8816745
0.91008765
0.65107286
0.68313164
0.895198
0.865783
0.6998328
0.88723165
0.9194807
0.6389962
0.92262965
0.9633725
0.93801105
0.8421419
0.9349425
0.94389373
0.70642996
0.7852855
0.78866345
0.91808486
0.92839146
0.9249204
0.86600405
0.8274741
0.97513676
0.89749473
0.9450454
0.9526537
0.7751332
0.90313154
0.8101374
0.8632017
0.8612919
0.92707926
0.878257
0.6584687
0.9617331
0.77759564
0.83157897
0.8738786
0.77214605
0.9679656
0.77880085
0.88339335
0.7594315
0.92535925
0.85875607
0.8519907
0.8036276
0.89796567
0.8912205
0.91561896
0.67645216
0.86505663
0.8849077
0.77583754
0.8073796
0.91121286
0.8017427
0.9231231
0.8789896
0.87832886
0.22085561
0.9296416
0.8906367
0.7744467
0.9010496
0.7952727
0.9205295
0.88024086
0.77731526
0.89273673
0.8466304
0.78458995
0.95726174
0.85081124
0.9418391
0.861114
0.7080605
0.9504802
0.9373212
0.7811885
0.9075632
0.8101258
0.8349793
0.90518475
0.8532571
0.6909291
0.9598299
0.7673031
0.9372079
0.8347986
0.89658415
0.928565
0.7420218
0.75612956
0.9173633
0.8822294
0.9053311
0.8220896
0.5066257
0.764761
0.8085797
0.8669697
0.89131343
0.8930466
0.9499646
0.91576475
0.67775935
0.8903672
0.9314435
0.77221113
0.83384067
0.88879645
0.9253786
0.8939963
0.89358747
0.9476485
0.84311867
0.77425456
0.9382913
0.95379823
0.74510795
0.78643787
0.80299115
0.9498483
0.78662515
0.6132798
0.7932527
0.91286606
0.7897068
0.6475662
0.850431
0.77928966
0.80412984
0.93150944
0.8654331
0.74954814
0.8981292
0.8977382
0.74505687
0.85200965
0.9092413
0.82911766
0.85691464
0.9114753
0.9434439
0.9361721
0.9345405
0.9408299
0.855918
0.49333027
0.8748232
0.9162462
0.81898236
0.91089207
0.956303
0.8474012
0.83270246
0.87510353
0.7164864
0.917607
0.8853667
0.8706467
0.9112842
0.8564939
0.929256
0.90270746
0.7997234
0.9383056
0.97471774
0.8503101
0.90703315
0.80484384
0.7995953
0.7326354
0.75049615
0.8644738
0.88107777
0.94324255
0.9282328
0.8575958
0.69965744
0.6413135
0.70168996
0.8122624
0.86145186
0.77587473
0.7757533
0.7400444
0.7976308
0.9173482
0.9653251
0.8939298
0.8179545
0.7838608
0.8828288
0.9016173
0.722031
0.7152693
0.7182716
0.6581186
0.57696366
0.9272108
0.8056525
0.8392292
0.7338041
0.93702096
0.7661746
0.9316111
0.75456935
0.78045774
0.8323157
0.81313384
0.7221539
0.88864356
0.89069426
0.81056
0.8503502
0.82673734
0.889848
0.9501647
0.941659
0.8644566
0.9040228
0.9336604
0.71189946
0.7884973
0.84910595
0.84145975
0.85316443
0.8391819
0.7768364
0.836456
0.7157094
0.8359613
0.91441596
0.8600383
0.6112832
0.96770895
0.885931
0.7589348
0.71495324
0.6963997
0.66104937
0.9028375
0.5565468
0.47082984
0.8690172
0.8647564
0.9104737
0.7842959
0.80922437
0.77007115
0.7709958
0.83383936
0.6572549
0.7502161
0.87300503
0.86566687
0.7611116
0.929968
0.8065252
0.7763252
0.8587834
0.7493558
0.90101326
0.87734807
0.9620352
0.8097674
0.79634887
0.78386045
0.87868255
0.96669203
0.92541873
0.8921299
0.85729605
0.8831301
0.5303111
0.93342614
0.78056693
0.77395386
0.60157466
0.8619781
0.9124215
0.72127694
0.806945
0.7567111
0.95340526
0.6172846
0.9241307
0.8636531
0.9253948
0.7395361
0.91304964
0.8089676
0.86776704
0.8064388
0.7761384
0.95300376
0.9031569
0.74904656
0.74923325
0.8452286
0.9318134
0.97043806
0.96984226
0.78342116
0.9333776
0.8097374
0.903739
0.9151347
0.7813865
0.9271752
0.93809426
0.9149229
0.83558655
0.78299516
0.78001505
0.80564874
0.7255994
0.69540125
0.85844535
0.893055
0.89651144
0.89266664
0.7770556
0.918972
0.8557118
0.7565688
0.6661571
0.746756
0.93086743
0.87380254
0.78805405
0.78829587
0.9077326
0.55718565
0.75838935
0.91983056
0.88023514
0.9406673
0.8057236
0.90657943
0.97720516
0.8824021
0.75767183
0.81967294
0.8405211
0.8875366
0.7126816
0.8452435
0.85307044
0.82418156
0.88584244
0.9309261
0.83941764
0.88667107
0.57730323
0.9669837
0.88658273
0.95289534
0.7621319
0.85993886
0.91654134
0.9341045
0.7719829
0.8654483
0.8613053
0.7925835
0.69740796
0.79893196
0.82793003
0.7240021
0.8233127
0.78607666
0.32512414
0.7184854
0.733126
0.94857836
0.82855475
0.9546391
0.81935084
0.81854826
0.91648173
0.95761615
0.94595873
0.8947901
0.7022897
0.83988863
0.67421085
0.917673
0.9661424
0.89877075
0.67055994
0.90751076
0.9178423
0.9225844
0.9213557
0.8604941
0.96879035
0.8921166
0.8928503
0.87718886
0.8452788
0.8994639
0.9051662
0.8722828
0.504512
0.8030292
0.68566775
0.8921509
0.7845539
0.9364435
0.85663646
0.90496004
0.9279529
0.8522283
0.9262494
0.94255465
0.72187597
0.81949437
0.92073685
0.79518443
0.9676304
0.83313084
0.85305554
0.7785549
0.7104031
0.89599586
0.9146276
0.95716625
0.93009925
0.8809731
0.84075063
0.80283135
0.9262287
0.94720626
0.93681014
0.9222201
0.8938562
0.8972624
0.85164595
0.9492324
0.83132136
0.94399494
0.89989704
0.7946997
0.89666474
0.89457154
0.9159117
0.83758557
0.80586195
0.9458323
0.9386973
0.6593632
0.89586025
0.7919431
0.9153481
0.7124703
0.8174054
0.94521654
0.82399565
0.935015
0.6653515
0.8166966
0.8035808
0.7989799
0.9698832
0.9182395
0.7335929
0.8983985
0.9185594
0.7199395
0.7746657
0.79561085
0.7287641
0.88808256
0.77299875
0.93010414
0.7826305
0.6843178
0.91050893
0.9267833
0.7988565
0.73950684
0.5357156
0.9573132
0.9331397
0.8575051
0.85344434
0.79509306
0.60701585
0.8317963
0.7935764
0.5943531
0.919464
0.89365715
0.77627844
0.7548123
0.78166276
0.95047766
0.9389744
0.86537755
0.9060941
0.9350957
0.8831557
0.97249615
0.6372737
0.872216
0.7543733
0.66445374
0.6758592
0.82389224
0.9424835
0.67235833
0.95816475
0.86213624
0.79301286
0.8692107
0.833449
0.775769
0.9323972
0.79669094
0.9523971
0.8111552
0.8511058
0.8486427
0.9102803
0.89467317
0.82318586
0.7693728
0.76279587
0.89163345
0.9046671
0.49800116
0.8474822
0.90978813
0.76337683
0.8141236
0.5508395
0.88122976
0.8937384
0.80513984
0.92265713
0.79615223
0.5269982
0.6238435
0.9556848
0.8673503
0.89413524
0.7909629
0.95615005
0.7569747
0.78096455
0.69724965
0.8879875
0.93186784
0.86288106
0.90220374
0.79493934
0.81338435
0.8782184
0.86099887
0.62993646
0.8770049
0.7714597
0.6744034
0.8811093
0.9144147
0.8221132
0.9211333
0.9188359
0.88202024
0.6998794
0.9363314
0.91672015
0.83487624
0.569738
0.93638295
0.93384445
0.7951653
0.94375896
0.88465667
0.71856105
0.8377764
0.78514755
0.74882716
0.5141654
0.81433284
0.85743177
0.93579626
0.9143137
0.8786633
0.8309406
0.8755403
0.8633432
0.82110226
0.82239074
0.88806546
0.81664026
0.9633896
0.8709254
0.85579264
0.8985629
0.8815299
0.67121434
0.9654842
0.86489755
0.8743248
0.8804228
0.88218296
0.94913054
0.61006635
0.6713816
0.9322231
0.8119169
0.8753384
0.82654905
0.81893075
0.7320384
0.9472138
0.7256654
0.93640846
0.91242754
0.8798753
0.8776866
0.71890575
0.94550824
0.83426523
0.72916543
0.92919874
0.8629888
0.8261241
0.85777223
0.85698766
0.92695296
0.9178109
0.8288216
0.8158458
0.94372314
0.5835791
0.96456695
0.9184598
0.7674562
0.93469846
0.93534917
0.84347916
0.7303959
0.9617913
0.90128964
0.8971325
0.8214594
0.6839901
0.76876473
0.8763337
0.83620584
0.87431335
0.69534516
0.94505835
0.8284329
0.5179194
0.8922642
0.7713911
0.9127043
0.883633
0.76210886
0.8922253
0.7617657
0.8721202
0.8412684
0.9159202
0.6692106
0.93459076
0.82870084
0.8294752
0.9137214
0.83990717
0.9095547
0.9599583
0.87500966
0.85516745
0.8311645
0.7980795
0.75249845
0.736009
0.85790634
0.93756634
0.6858266
0.79592025
0.9013847
0.82667845
0.8254906
0.9318907
0.8633478
0.8114472
0.8933338
0.86322206
0.803705
0.9347335
0.8764023
0.6261346
0.7333243
0.7872044
0.95600796
0.4977549
0.95315635
0.5649586
0.92944396
0.9409424
0.78454113
0.95604956
0.8452015
0.92794734
0.9294635
0.8563433
0.7807189
0.9478761
0.80126125
0.8410005
0.86532056
0.83405876
0.9135613
0.5320065
0.85078365
0.83928674
0.87796366
0.8949139
0.9234984
0.81614417
0.92063826
0.9509795
0.8407828
0.69837344
0.95229745
0.89362866
0.626282
0.84104145
0.8954847
0.802682
0.68969786
0.7203132
0.78737235
0.82840455
0.7460712
0.92921597
0.59852916
0.95033675
0.7494413
0.8261719
0.75539255
0.65544176
0.8827231
0.85733116
0.5951035
0.5791978
0.81540906
0.75491583
0.7436817
0.8019086
0.9490919
0.8610429
0.8198876
0.8820755
0.6297934
0.43620273
0.93244785
0.83202946
0.77945995
0.8648496
0.648709
0.82776
0.92045283
0.9295484
0.66984546
0.97540635
0.78495616
0.8523624
0.8492417
0.9100689
0.77493215
0.95561934
0.8334592
0.79891545
0.7888236
0.93942004
0.75903845
0.79225796
0.9511168
0.9057107
0.8856852
0.9210343
0.80349785
0.92923903
0.8116567
0.8951508
0.93282455
0.7601507
0.72856987
0.86638415
0.75929165
0.85415953
0.783546
0.9026434
0.92908204
0.7836157
0.96453416
0.89033914
0.94921756
0.92197037
0.7025343
0.79812825
0.7065258
0.8352324
0.7493809
0.94467235
0.82634383
0.7691523
0.94218165
0.88222104
0.84606665
0.7839857
0.6139673
0.95320994
0.8899002
0.8860879
0.94260323
0.9189902
0.7153133
0.71581006
0.8662279
0.83777106
0.85295963
0.79661834
0.8135191
0.6649705
0.94781876
0.87498385
0.9611944
0.85074115
0.87483376
0.7737824
0.6335411
0.9222206
0.85252774
0.9064641
0.9281199
0.9249558
0.9580961
0.8646649
0.7774552
0.8641586
0.79207563
0.88609946
0.58551633
0.9170482
0.8084371
0.73590183
0.94409454
0.87047565
0.88222617
0.9180839
0.9178752
0.8571782
0.7176039
0.9293268
0.8299386
0.7992019
0.80375034
0.806769
0.6113782
0.8484707
0.839555
0.7494237
0.77942705
0.8309549
0.82874835
0.9005014
0.8492822
0.9521657
0.9493371
0.8259532
0.58354604
0.7596115
0.6881481
0.915887
0.7803468
0.8594683
0.86383355
0.68414223
0.914504
0.870085
0.95455384
0.8930345
0.6778552
0.96493965
0.87908846
0.9244529
0.57616836
0.8266486
0.9381823
0.9588002
0.95683104
0.89293534
0.7436251
0.93941057
0.8353261
0.7140286
0.92748034
0.7271944
0.8178788
0.7119653
0.69882363
0.7644196
0.74205613
0.80340666
0.8153236
0.8354091
0.94338673
0.8389632
0.77423537
0.7062799
0.9332499
0.8294929
0.82127744
0.93359846
0.9460378
0.84462863
0.8567718
0.7298224
0.9112766
0.9364143
0.65623343
0.90369976
0.9266047
0.9274825
0.81631327
0.8528024
0.7661408
0.61949307
0.68949825
0.90128815
0.9426118
0.9497062
0.7382971
0.8043888
0.7518677
0.6917683
0.8950521
0.94664025
0.91419286
0.91261715
0.8439116
0.80230355
0.8645318
0.77930623
0.92362577
0.57196224
0.7971951
0.8379674
0.9289617
0.8968673
0.9039072
0.8628178
0.85194635
0.8597768
0.94647616
0.8256988
0.90406346
0.6944401
0.8883998
0.81353396
0.9388496
0.8162975
0.9219355
0.85368365
0.91685593
0.87910426
0.8932142
0.8538332
0.69130296
0.9242614
0.7694061
0.94252396
0.85076994
0.92372566
0.92737657
0.82323587
0.8896817
0.8993715
0.960233
0.8746814
0.97979593
0.8089741
0.846471
0.9181768
0.78664416
0.6380644
0.97640646
0.82481694
0.94676447
0.82176155
0.805119
0.8829645
0.9461116
0.90154064
0.8358406
0.8957758
0.8611781
0.89000165
0.9178598
0.94386816
0.87966657
0.8287862
0.894801
0.89597905
0.80264807
0.94641125
0.90400136
0.8397689
0.8287618
0.87252474
0.8958905
0.9199488
0.8251646
0.9220534
0.85280025
0.94526386
0.549435
0.8739712
0.87877786
0.66331285
0.73588455
0.8714205
0.8283765
0.9634915
0.8823962
0.8321516
0.86621124
0.8972386
0.58020586
0.8596617
0.8636322
0.9078516
0.8681222
0.7977076
0.960546
0.71938586
0.9637519
0.9320818
0.8398871
0.9391099
0.88677096
0.92813206
0.91943043
0.8173872
0.9425082
0.81204623
0.91464984
0.93088764
0.8501271
0.904876
0.87536764
0.86020035
0.9137633
0.88778424
0.7010979
0.92884535
0.95733714
0.84975445
0.91900015
0.8855332
0.8902769
0.9299382
0.89259946
0.8171397
0.7919803
0.7846278
0.624079
0.695739
0.8252771
0.7991038
0.6544612
0.75117284
0.51885796
0.9025111
0.81646025
0.8197326
0.87294275
0.9335628
0.75994617
0.9783854
0.8530295
0.81254166
0.914171
0.95206046
0.7088317
0.86002123
0.5729211
0.88146687
0.9400879
0.80820715
0.8502998
0.89861715
0.69714487
0.90630156
0.6761323
0.92092776
0.6939413
0.8388818
0.9582715
0.902399
0.6959169
0.7781959
0.81513894
0.92120016
0.7245984
0.8915742
0.9653428
0.7250531
0.75319207
0.8787654
0.92024314
0.86162305
0.8766623
0.88906616
0.88247997
0.772678
0.8486072
0.77048445
0.85322994
0.9086866
0.79106927
0.9331774
0.80583024
0.8858553
0.9067386
0.9253726
0.8958157
0.8335116
0.8904974
0.86239123
0.84349257
0.7895566
0.8902348
0.95945424
0.74487144
0.72849923
0.88538414
0.8759654
0.9130748
0.87563777
0.7150053
0.85641503
0.8978218
0.805792
0.84103966
0.8999077
0.64811575
0.9047484
0.7050927
0.71366787
0.75770915
0.742498
0.8900107
0.8387151
0.75148606
0.9380121
0.84693456
0.97606754
0.7625539
0.61732376
0.9147001
0.9124205
0.88973385
0.680269
0.70214
0.96447307
0.84155315
0.6999998
0.7281434
0.699321
0.9163964
0.82141286
0.8121177
0.8129478
0.89847064
0.9206681
0.8737536
0.90617764
0.8665964
0.89593196
0.9402026
0.7414921
0.8867716
0.9308411
0.9046557
0.8339793
0.90302986
0.65077883
0.69754845
0.6978075
0.7505758
0.756538
0.9130449
0.8991411
0.88284385
0.83192754
0.83530843
0.824035
0.9236876
0.81815386
0.9164077
0.81180334
0.916159
0.7574311
0.92452705
0.65137035
0.7406243
0.8562417
0.82636786
0.8109935
0.74817324
0.8558791
0.7904558
0.8922646
0.5887715
0.93524414
0.853211
0.8208525
0.9353194
0.85885465
0.63433874
0.89309746
0.7733351
0.96242756
0.742106
0.7607383
0.7863309
0.8716121
0.97521853
0.9282549
0.8845179
0.7295437
0.7716656
0.92834383
0.92854595
0.7790463
0.84950835
0.8282745
0.9441688
0.85579234
0.69329166
0.5439633
0.95041436
0.8635372
0.906617
0.82207143
0.7430343
0.8530279
0.84958714
0.88740766
0.7571482
0.8837479
0.9425439
0.86485666
0.89914477
0.9143129
0.9545113
0.9149122
0.85188764
0.6944599
0.93106353
0.6970246
0.80887586
0.82091343
0.847332
0.90990895
0.9366133
0.8984067
0.8163835
0.67987144
0.9456408
0.8138208
0.93877274
0.86525697
0.9440552
0.8189644
0.89435244
0.7149453
0.920867
0.7668553
0.87542343
0.86996335
0.9384899
0.93849504
0.9108871
0.8569069
0.96432877
0.7809172
0.8711859
0.8899982
0.7979638
0.89793324
0.6454325
0.9522939
0.76273364
0.84603906
0.7798178
0.9156421
0.7433894
0.89657336
0.85849524
0.9614098
0.8415502
0.80568016
0.88088626
0.90966713
0.7233679
0.9208532
0.92086476
0.89810896
0.9076708
0.9453947
0.8753731
0.7315847
0.9283158
0.5484485
0.8443492
0.8963968
0.7920317
0.93040085
0.9253435
0.8289935
0.75721884
0.72507864
0.8101218
0.8703885
0.7037812
0.9360643
0.9532042
0.88499886
0.9085072
0.83974504
0.87749153
0.92355424
0.8660172
0.9501042
0.80535024
0.87987965
0.5560223
0.94454277
0.8937549
0.9271663
0.8363869
0.6530826
0.8639891
0.9272916
0.7659706
0.86932087
0.7280654
0.8492564
0.94503766
0.71886396
0.86234236
0.76694906
0.7381295
0.9156257
0.892813
0.8241517
0.74024165
0.915066
0.9056734
0.90651083
0.9243297
0.955179
0.7697356
0.75954115
0.9464307
0.9519212
0.835779
0.92912316
0.8428439
0.84556687
0.84493387
0.8312021
0.5017643
0.77812696
0.825186
0.66351664
0.9641794
0.8492338
0.9223154
0.7996764
0.7758737
0.78584504
0.9202883
0.7951883
0.7780519
0.8792828
0.8570909
0.77706075
0.84538037
0.8613017
0.72131
0.7826826
0.9448455
0.82122236
0.6665835
0.81759757
0.6321993
0.89861536
0.804157
0.92325443
0.904664
0.9739896
0.9248617
0.9423261
0.72936094
0.60864246
0.78866476
0.85793006
0.96374166
0.8502716
0.67740965
0.8160561
0.8413335
0.70143735
0.74388075
0.7406969
0.89624846
0.8832411
0.85900915
0.7316574
0.7088771
0.85680526
0.79988456
0.9461556
0.886237
0.83867115
0.8732325
0.87684995
0.83626765
0.7384238
0.8839817
0.8643271
0.82110846
0.8715331
0.9556957
0.74991703
0.86997336
0.76961875
0.7724228
0.83382326
0.7799643
0.7799121
0.8800351
0.8906946
0.6284535
0.78322315
0.9217231
0.7818962
0.7523367
0.77765936
0.8111432
0.80813205
0.96301144
0.8610544
0.8921337
0.67091936
0.64632475
0.84833556
0.72858346
0.83302873
0.70696545
0.89564663
0.76215667
0.8498287
0.9146621
0.92218417
0.814992
0.8667637
0.91577077
0.9372275
0.7365098
0.93414754
0.46819082
0.61410886
0.7517619
0.9120722
0.92151225
0.8892645
0.90578383
0.8790308
0.7218655
0.88073045
0.7042302
0.9339543
0.9288916
0.8371936
0.7249901
0.92671657
0.7398319
0.5009251
0.88748854
0.8079765
0.8551741
0.8265009
0.829455
0.85092425
0.8742722
0.8529019
0.90461266
0.8523582
0.95375156
0.9575797
0.8986912
0.8092161
0.84745073
0.85747194
0.94570744
0.8592705
0.8936644
0.538019
0.86097205
0.88862026
0.93930566
0.9260964
0.9110672
0.9179909
0.6617226
0.7108807
0.7766963
0.8643591
0.5764567
0.8695296
0.94967324
0.79431
0.8889264
0.69996387
0.81601954
0.861917
0.9657316
0.8352432
0.81232685
0.7848716
0.727175
0.8490715
0.41203272
0.7131934
0.94840455
0.94828564
0.82996124
0.92426234
0.8592644
0.7981757
0.7078809
0.91595995
0.8473921
0.8772622
0.97007024
0.8468312
0.9291407
0.69646615
0.90841323
0.7525737
0.9380008
0.7862958
0.943138
0.9082467
0.8297762
0.889313
0.9159523
0.9253026
0.9848652
0.9651906
0.8225138
0.68628424
0.8239875
0.7927277
0.9299441
0.7978196
0.8638512
0.8965557
0.640504
0.9245429
0.7187028
0.8535778
0.8137564
0.852072
0.7529965
0.87445575
0.8808134
0.93895185
0.8244028
0.93658096
0.78935176
0.94127536
0.93219024
0.8818072
0.7426642
0.9110873
0.56821823
0.8944901
0.9259794
0.85382503
0.8191864
0.95087785
0.9117129
0.7005283
0.6558745
0.83719915
0.8525735
0.8767505
0.82666284
0.84921795
0.98077685
0.8912071
0.79800785
0.76121616
0.94839364
0.7042338
0.94005346
0.81671053
0.847725
0.8564055
0.7748579
0.87659734
0.87702656
0.9270905
0.70712876
0.913292
0.9226673
0.915198
0.6312909
0.8371762
0.43565753
0.9315358
0.9217737
0.73599166
0.9641275
0.84199697
0.91070855
0.82991165
0.76072997
0.77903116
0.8311282
0.8928901
0.8827756
0.82707894
0.69597465
0.57407415
0.909821
0.9192853
0.8412131
0.8075841
0.7612136
0.92391497
0.9159583
0.88476807
0.9614016
0.9373218
0.8663743
0.7042486
0.8859248
0.9026881
0.74914
0.8092565
0.7175993
0.9344793
0.8455495
0.7237367
0.6948738
0.9175608
0.979612
0.8838462
0.9612311
0.86965525
0.8278474
0.8735025
0.84517854
0.8115778
0.79860544
0.75794697
0.79062164
0.8413733
0.8064195
0.44485343
0.8068733
0.9457526
0.9171798
0.9251882
0.85738194
0.8270377
0.76212037
0.73484766
0.73351425
0.8716228
0.8042591
0.85643685
0.91785085
0.8043606
0.8706746
0.84914607
0.7731375
0.70992225
0.76135063
0.8432044
0.8543776
0.7652111
0.63185406
0.8993617
0.92898715
0.8993614
0.75721085
0.63216114
0.94900703
0.88366383
0.9465976
0.9389195
0.8426158
0.7478659
0.9689336
0.9296316
0.88390094
0.9551853
0.94204724
0.917642
0.77875817
0.7947095
0.8929618
0.8456561
0.8210048
0.8628525
0.89386594
0.8795152
0.89694047
0.93065405
0.8939867
0.84078026
0.9507082
0.9364823
0.75190365
0.85945356
0.89452356
0.8708849
0.9444195
0.8881083
0.8661298
0.8761561
0.9578005
0.913681
0.8964552
0.9402217
0.89908826
0.8168945
0.9118515
0.96054125
0.9419825
0.8782904
0.92252225
0.9086208
0.687354
0.7948884
0.692922
0.8090582
0.77825844
0.86821485
0.9349475
0.84951967
0.91139966
0.93337214
0.6905527
0.8332329
0.8458154
0.73611677
0.7280741
0.86843127
0.8129681
0.87766963
0.7875624
0.89528126
0.8454588
0.8880019
0.94868445
0.8759359
0.8329303
0.8538933
0.71459585
0.88361263
0.8339609
0.77253795
0.8948485
0.90541774
0.9215272
0.90897673
0.91318643
0.72764415
0.5892355
0.5836703
0.9429353
0.8691736
0.88510364
0.8107617
0.96928626
0.9517031
0.8190634
0.9196094
0.9834147
0.8920066
0.8460578
0.9061246
0.6476721
0.7978225
0.84094054
0.89382786
0.8935467
0.9246247
0.83475095
0.9408099
0.84293234
0.96637535
0.5948549
0.6468816
0.68809116
0.83449394
0.82524455
0.80159605
0.56575024
0.8421284
0.9533096
0.79383624
0.8974793
0.933976
0.9064988
0.8642047
0.9475274
0.87416744
0.82772344
0.6018374
0.7059666
0.90119785
0.93713415
0.88832164
0.91798127
0.91798127
0.8561621
0.8747085
0.9246118
0.6147459
0.8288752
0.95501435
0.9076297
0.8808279
0.8699214
0.940147
0.95826846
0.91788304
0.93440294
0.86277974
0.954304
0.747689
0.6685965
0.8030213
0.92245364
0.82603127
0.7436675
0.8687843
0.90548927
0.8489886
0.83158135
0.6079341
0.8666131
0.9628888
0.7882494
0.7921479
0.7794322
0.85683775
0.72810435
0.5859024
0.977116
0.75396436
0.7180756
0.8725353
0.8368385
0.919535
0.90181404
0.90206593
0.9566884
0.8948071
0.85020363
0.8897898
0.82953686
0.8708402
0.9015519
0.9445822
0.81825924
0.78054285
0.58193064
0.67590433
0.743539
0.7721529
0.56045246
0.9382079
0.85061365
0.8503731
0.9669597
0.73455864
0.86029565
0.82728934
0.914393
0.81381977
0.9672587
0.71925455
0.9301431
0.86824626
0.82384896
0.92039055
0.9611918
0.8573276
0.7919487
0.95626205
0.9431499
0.84271777
0.9520827
0.81469584
0.9442045
0.84030586
0.8753477
0.8451671
0.7912074
0.92229575
0.9149179
0.8205467
0.9141941
0.9036933
0.78101003
0.9231376
0.7800611
0.84581566
0.90260893
0.8827703
0.8578192
0.9847533
0.69673973
0.7795566
0.74877524
0.85420436
0.8455883
0.92079633
0.8600043
0.9133717
0.89865434
0.96441936
0.8771458
0.91282904
0.97146153
0.80019903
0.9355904
0.8875496
0.82857776
0.95025617
0.89047945
0.8839122
0.9724155
0.9634132
0.8366474
0.84420824
0.76027805
0.88105434
0.9281411
0.8797029
0.9301503
0.9269617
0.96135676
0.9608413
0.79185766
0.885396
0.73034835
0.8462234
0.71961325
0.94283074
0.8529655
0.95322776
0.81582385
0.94926965
0.6458191
0.605857
0.7913618
0.90132356
0.8147954
0.8338892
0.73923934
0.726238
0.9147442
0.62545025
0.478154
0.7581372
0.81751966
0.8836662
0.831697
0.84411395
0.6321279
0.92500764
0.95731103
0.9215834
0.9560122
0.9013275
0.7902589
0.88596725
0.8504884
0.79120433
0.78981
0.7912908
0.50855106
0.9208669
0.6520922
0.7573652
0.9470857
0.90183973
0.7892966
0.96263474
0.7456058
0.9403609
0.73066485
0.7617667
0.72161573
0.7663329
0.8617359
0.932998
0.90939474
0.81597185
0.86789244
0.8732057
0.6626228
0.854794
0.8874327
0.8715129
0.9095621
0.95738715
0.79759395
0.8838161
0.7051743
0.9007636
0.7726697
0.9003536
0.86591065
0.94001323
0.80659854
0.8460126
0.88317454
0.8194213
0.82339704
0.7807327
0.8813896
0.77747166
0.95650953
0.86449933
0.849743
0.85000694
0.9379782
0.81218255
0.83588
0.85554594
0.81502765
0.857484
0.82942545
0.8297632
0.87817544
0.8125108
0.8565586
0.94387484
0.7786818
0.89571923
0.86251855
0.80659807
0.94710535
0.82736456
0.61302024
0.90516126
0.8806808
0.8931216
0.6009512
0.91110945
0.9186601
0.73430324
0.7965796
0.93950003
0.75275856
0.79620874
0.854219
0.6692636
0.8124106
0.7941399
0.95183516
0.87892413
0.83399206
0.774569
0.80264807
0.5514734
0.9130894
0.64772546
0.7522146
0.85998154
0.6411497
0.8724947
0.824118
0.8404944
0.8928943
0.7111896
0.9180591
0.80962604
0.94341373
0.5565216
0.71600264
0.7843887
0.8372207
0.8416973
0.89261526
0.8412726
0.87137854
0.81994164
0.8733621
0.87113225
0.6250094
0.7491355
0.79991317
0.7751138
0.56542486
0.7042193
0.7912307
0.85553277
0.91703296
0.8781436
0.88682497
0.9060637
0.7926668
0.69319093
0.9448247
0.89714175
0.62440175
0.87410665
0.649573
0.9282866
0.94584703
0.93702203
0.9191039
0.94518644
0.90011656
0.8516742
0.96254706
0.7442397
0.87149405
0.92256033
0.7793175
0.81919533
0.92932475
0.86741805
0.784277
0.93306977
0.8194699
0.8308369
0.74452114
0.8534238
0.9325707
0.952751
0.9250468
0.7441953
0.92107177
0.8150821
0.89839005
0.95398825
0.94112396
0.9450628
0.63626945
0.74473953
0.9439388
0.8203895
0.9081693
0.8582205
0.8194007
0.81413263
0.89577454
0.95073277
0.7749884
0.87110996
0.7220191
0.8873859
0.86411667
0.85417026
0.6752769
0.9120519
0.9195884
0.9631405
0.8557464
0.8202094
0.84693885
0.8523657
0.84413123
0.67970526
0.81337535
0.96452796
0.84707165
0.83639437
0.90476066
0.7395361
0.86345327
0.79805416
0.76914716
0.84084797
0.8334678
0.79120004
0.9171292
0.8499141
0.9370799
0.9345888
0.83970577
0.90980357
0.9675625
0.86314195
0.96282154
0.7784465
0.9227822
0.8846081
0.7943244
0.844553
0.9105685
0.8922733
0.7252198
0.94380546
0.85062003
0.863879
0.9497053
0.8449482
0.81158596
0.9392417
0.83484757
0.7484962
0.79428697
0.85639715
0.8174443
0.8400589
0.9702654
0.8686506
0.74927014
0.843495
0.7701494
0.95977664
0.5762312
0.8021897
0.66389453
0.85261714
0.73829067
0.49646622
0.9310692
0.88987905
0.8433923
0.6745559
0.74924296
0.8941344
0.96706074
0.8221562
0.8185674
0.8817378
0.97619
0.8818507
0.8139445
0.71029925
0.8099526
0.84581596
0.80321324
0.9083864
0.59008306
0.8396285
0.91264534
0.852683
0.7875526
0.9409872
0.69042337
0.84543526
0.6166094
0.83798
0.9249591
0.8400407
0.9564004
0.83309066
0.78159446
0.79787606
0.8428971
0.78201604
0.6447982
0.7765032
0.75306535
0.9400063
0.72332585
0.8910115
0.720225
0.73298424
0.7973801
0.8199458
0.8174502
0.9689844
0.57767946
0.789988
0.8152519
0.75223404
0.7134481
0.77798253
0.7728311
0.8927391
0.714584
0.8016841
0.9457298
0.8117657
0.85409176
0.838146
0.94972813
0.8954907
0.86936206
0.737108
0.7030934
0.65198195
0.8830893
0.8022404
0.8671786
0.7059372
0.80544615
0.8194723
0.9107301
0.8231571
0.91141474
0.8251107
0.74540985
0.85057014
0.80663985
0.91614133
0.9316669
0.910905
0.96652794
0.8598982
0.9455498
0.82238585
0.93698174
0.8066883
0.8951976
0.8916763
0.7382663
0.83497095
0.8542062
0.8608364
0.86297536
0.78793085
0.72475547
0.91329694
0.8898049
0.9032211
0.8728213
0.87591714
0.42780927
0.9142994
0.617069
0.87996674
0.93654656
0.8998698
0.9054819
0.79137737
0.9475165
0.7201787
0.9505189
0.82619476
0.8222729
0.8149565
0.8162252
0.9461338
0.6414863
0.7546794
0.8472726
0.729432
0.90951556
0.8869397
0.8715737
0.8526255
0.88756895
0.85560447
0.7687184
0.9583394
0.8416863
0.9568332
0.79290056
0.7820734
0.74289
0.75025666
0.88515097
0.81924707
0.81434536
0.92055315
0.96431077
0.7011516
0.90174556
0.8609394
0.59884566
0.66083884
0.4618305
0.9402983
0.914098
0.91594976
0.9188628
0.9416823
0.8644263
0.8781013
0.8102956
0.87230605
0.5344089
0.8800775
0.88298106
0.82729834
0.87752575
0.8062974
0.931431
0.86815625
0.8898532
0.7823448
0.85911846
0.90339947
0.8435336
0.7790972
0.7699401
0.7470411
0.8974301
0.77481604
0.8609013
0.87751144
0.9166959
0.8787954
0.7425023
0.8912245
0.7048211
0.76629096
0.9555557
0.90119183
0.8132148
0.94059855
0.87696886
0.861924
0.86901355
0.83336174
0.56108975
0.9241941
0.6892304
0.8236379
0.8962295
0.689785
0.8664937
0.91751844
0.8741001
0.8744095
0.6132098
0.9100772
0.86179006
0.84049016
0.854872
0.7475006
0.960344
0.93007696
0.7749905
0.69637954
0.91972363
0.8263492
0.8734335
0.818566
0.5867742
0.87364084
0.6114055
0.90583146
0.8874332
0.93489677
0.9765535
0.9119898
0.90677416
0.84808475
0.7307625
0.681864
0.90588427
0.9174488
0.743176
0.72651464
0.9252046
0.7392879
0.7657746
0.81661004
0.93540925
0.78363985
0.8825999
0.8302591
0.8097302
0.9287561
0.6893304
0.8894719
0.85365427
0.88334703
0.7138777
0.71968585
0.87283707
0.94155914
0.54821223
0.90500057
0.80461675
0.93068695
0.91239274
0.912534
0.96357244
0.92677146
0.8085538
0.93542683
0.94108987
0.9508546
0.86180604
0.7801628
0.77481866
0.85788286
0.958868
0.83881986
0.93047875
0.89045745
0.81129295
0.8912727
0.8403587
0.9291984
0.8076459
0.879001
0.95818025
0.8987078
0.8665978
0.94168913
0.96603805
0.7786397
0.910478
0.8242729
0.86355585
0.76567066
0.9248928
0.78142834
0.94053566
0.8150399
0.89500713
0.9080998
0.8598812
0.8665103
0.80347204
0.96723014
0.9510454
0.5429066
0.87198234
0.73089606
0.8862918
0.80121505
0.8980173
0.9344583
0.86388445
0.72203463
0.7571252
0.7349699
0.7554528
0.9222658
0.8490272
0.943788
0.652121
0.75321275
0.8283163
0.8243017
0.81842345
0.90243816
0.717763
0.9618356
0.7897056
0.9030718
0.88573706
0.78764635
0.9211967
0.9007958
0.81340855
0.9202325
0.95270586
0.98237324
0.9055084
0.8176681
0.83966935
0.8421207
0.81280565
0.8240461
0.833738
0.7802512
0.929382
0.79791427
0.9550946
0.90037256
0.7413739
0.64970726
0.69274545
0.8602151
0.8256165
0.8881607
0.87800276
0.744366
0.8656874
0.86744213
0.9425134
0.75674725
0.6106297
0.7064095
0.84724814
0.9466017
0.735077
0.84982413
0.7688434
0.8973875
0.82668716
0.85939693
0.8857332
0.82655096
0.80783784
0.93584764
0.72823393
0.885008
0.72918594
0.9735806
0.8437886
0.8311463
0.69079113
0.9441854
0.85620844
0.72659665
0.8224399
0.9464699
0.90353477
0.77646387
0.87101567
0.7789201
0.87154484
0.7620622
0.6009048
0.87525666
0.778768
0.9006355
0.93071175
0.85563123
0.9221697
0.8765437
0.8417574
0.84117436
0.9608889
0.97584295
0.8348901
0.58064425
0.89176106
0.8464036
0.859277
0.8569166
0.9034298
0.8528075
0.7691711
0.8087341
0.9010038
0.8297437
0.8724719
0.8082205
0.9523486
0.92096055
0.8638077
0.9198575
0.3369069
0.78953767
0.8209828
0.8110929
0.77598584
0.6926968
0.61872995
0.91742843
0.85174733
0.89605033
0.9530983
0.7344047
0.38058794
0.9145632
0.8744465
0.8448964
0.92469305
0.94256693
0.8160625
0.9386622
0.8347318
0.8548728
0.6660214
0.95257515
0.8505708
0.7630996
0.8619985
0.87895894
0.91171205
0.8935694
0.94680226
0.8805849
0.7205336
0.8358052
0.8624784
0.88785315
0.9330666
0.7441323
0.7158445
0.91225016
0.72275615
0.91439843
0.6934981
0.7636477
0.8985277
0.83880067
0.8100141
0.85367274
0.6933492
0.88248897
0.8318739
0.8525938
0.8560716
0.9432292
0.8739734
0.6306548
0.6771343
0.78932375
0.72203064
0.73621356
0.7364782
0.8606463
0.86249655
0.8329428
0.67233586
0.80327225
0.8841307
0.9399839
0.72604215
0.94929934
0.9574934
0.89555407
0.9446821
0.8312813
0.9614322
0.8334022
0.60736406
0.81403595
0.9286613
0.9770638
0.827136
0.775533
0.59320426
0.8947065
0.8433049
0.8756442
0.74095684
0.94182986
0.9242641
0.8872053
0.9339543
0.9348527
0.90000343
0.95413727
0.9446691
0.89280254
0.78429776
0.8599771
0.8896797
0.8848269
0.90302134
0.9268165
0.872035
0.8757219
0.83875525
0.8840623
0.8296352
0.8821963
0.6814165
0.946373
0.9417335
0.77998173
0.937036
0.8588971
0.70606935
0.9091106
0.9130898
0.90416247
0.90023226
0.8653966
0.9641955
0.8544417
0.91578203
0.8160635
0.8338542
0.9582634
0.78663903
0.84845746
0.89987576
0.893034
0.91463846
0.8491482
0.87375563
0.917566
0.909171
0.8888051
0.8651941
0.88912594
0.7758019
0.8501424
0.8737586
0.84291875
0.90004516
0.95322037
0.72960806
0.9101676
0.6230339
0.7691649
0.88778526
0.9262924
0.9396578
0.8214589
0.7344817
0.9330433
0.8284284
0.67342746
0.7860311
0.5918708
0.884563
0.9166165
0.95429206
0.8817653
0.79849046
0.6851695
0.7342549
0.71657896
0.8737056
0.8709126
0.87359726
0.8183877
0.900717
0.7625528
0.96972895
0.6803983
0.7878345
0.9302287
0.83241194
0.8461057
0.8657671
0.88228154
0.76614505
0.9570508
0.8001742
0.791089
0.87137
0.6694435
0.8867332
0.95087177
0.75444824
0.76071036
0.82820547
0.7569821
0.8908526
0.95917064
0.7571867
0.7416457
0.9133191
0.8236509
0.9221624
0.83560956
0.83098525
0.9269223
0.6013097
0.5725963
0.7961452
0.9543808
0.7035572
0.869583
0.92052937
0.92574066
0.87096155
0.743314
0.7724499
0.93457687
0.862695
0.83201057
0.9318002
0.84489083
0.8728314
0.93135756
0.7157369
0.7954958
0.882298
0.92687756
0.7393387
0.86687773
0.86751485
0.91303784
0.8358626
0.9327693
0.8412594
0.8032715
0.80609834
0.9149123
0.95137817
0.9430696
0.8327339
0.9594412
0.85254186
0.80007297
0.7705656
0.9051918
0.7725999
0.842612
0.83270353
0.97457266
0.8438875
0.9159767
0.86112523
0.87685394
0.62964666
0.846368
0.85535526
0.8369523
0.79288846
0.8531602
0.9372474
0.90344095
0.93360686
0.96276814
0.70088625
0.8457369
0.8301973
0.9771388
0.87307584
0.84869593
0.5379002
0.9488985
0.5514034
0.8705547
0.7972846
0.8721234
0.8221104
0.6910292
0.66727847
0.93312657
0.8850654
0.79201853
0.9683736
0.96470916
0.79305637
0.7324759
0.8058777
0.90093887
0.92394996
0.88545084
0.718516
0.8541991
0.87094605
0.9212921
0.88901687
0.8746867
0.8478034
0.877536
0.843203
0.86190754
0.9310725
0.74025124
0.90420413
0.8531243
0.7441203
0.724834
0.89391243
0.92174065
0.97759515
0.8597567
0.79874504
0.7798431
0.89555943
0.7056012
0.82140356
0.93104625
0.8998195
0.8220053
0.7150197
0.9241818
0.65141827
0.87088233
0.9516173
0.84159786
0.87227875
0.8765507
0.7672735
0.8641835
0.96476144
0.90393925
0.695979
0.9693178
0.71222174
0.9004543
0.97598344
0.80946904
0.6867846
0.95329124
0.5845443
0.7636644
0.8656812
0.61007077
0.70799637
0.93645376
0.7470555
0.88046384
0.8101716
0.8686124
0.79244727
0.91400206
0.8080882
0.68164307
0.86045074
0.8628215
0.89417064
0.8497876
0.8732752
0.8584544
0.7629266
0.86674607
0.6555047
0.91524005
0.7792357
0.87665504
0.9047162
0.81702423
0.8180598
0.71286494
0.93214333
0.9305043
0.91175735
0.7345066
0.8243364
0.82748187
0.77117807
0.77753854
0.9146325
0.7729981
0.7817687
0.7990591
0.88430464
0.8652953
0.87245405
0.5880112
0.8872977
0.86894894
0.9687101
0.91402817
0.7992566
0.67564154
0.93225336
0.8822592
0.68323314
0.89625674
0.8626496
0.8863647
0.8900397
0.9032056
0.9045245
0.7446872
0.71164054
0.93355787
0.8604997
0.79217803
0.73054117
0.88120776
0.88235754
0.8103756
0.9269025
0.8655405
0.83343494
0.89032626
0.84959954
0.81596637
0.73997617
0.96000594
0.74839926
0.8824467
0.7631952
0.784075
0.8655417
0.77528965
0.953606
0.91970867
0.9348363
0.7816451
0.84494734
0.59003234
0.81433994
0.8234409
0.83252096
0.82223237
0.7556668
0.899141
0.8424651
0.86136156
0.66572815
0.930497
0.77130604
0.8491434
0.7389894
0.8275306
0.9148369
0.9122259
0.658954
0.87370735
0.6905456
0.7983331
0.91755533
0.9211905
0.89960974
0.9043457
0.77194023
0.938693
0.75461155
0.83978313
0.92580116
0.7079721
0.78095245
0.8831588
0.9004607
0.7629822
0.8996446
0.7842268
0.8359926
0.83792174
0.85463387
0.8736343
0.77038825
0.8482781
0.7428331
0.93063974
0.9462136
0.91216797
0.83498
0.9258178
0.88460064
0.8722552
0.7262577
0.87167054
0.84753346
0.8468577
0.7291275
0.703663
0.8804078
0.61979973
0.9043798
0.7883651
0.9467207
0.9355315
0.94394475
0.8809237
0.86869466
0.8206336
0.6111827
0.7356315
0.89292747
0.7801822
0.8915604
0.8465073
0.96133107
0.8048309
0.96984184
0.9255427
0.9079587
0.77132386
0.7010254
0.92085075
0.89248663
0.75895643
0.6988817
0.8266973
0.900717
0.88541114
0.5780903
0.9629978
0.90916896
0.94092757
0.9367758
0.87887216
0.9062111
0.9141555
0.93494904
0.9775813
0.8783153
0.90372443
0.94151795
0.9033707
0.93147755
0.854253
0.880407
0.9048795
0.975946
0.89690924
0.92549336
0.6357719
0.7206579
0.857014
0.80932796
0.76338387
0.9585415
0.83985364
0.89037323
0.913017
0.6945774
0.9582467
0.80684555
0.6350851
0.8691902
0.8361097
0.89287066
0.7674534
0.57872397
0.76586306
0.83460295
0.8803271
0.92384595
0.76880753
0.8211954
0.859586
0.89599323
0.8327523
0.8590304
0.95504785
0.6617081
0.8905859
0.9648755
0.94868374
0.862829
0.87000793
0.8124543
0.9481049
0.9279736
0.8928037
0.91964024
0.90563977
0.94546837
0.74491835
0.7516957
0.92311406
0.91045964
0.8000256
0.9218914
0.9049512
0.9118235
0.94939893
0.89022285
0.7688476
0.74040866
0.9017072
0.8484119
0.7393867
0.96105194
0.91275406
0.7300763
0.7666091
0.7316862
0.54741186
0.90425366
0.90228164
0.82297564
0.9629704
0.9197693
0.7441822
0.85804355
0.56552434
0.85474503
0.9724176
0.92005354
0.8339465
0.8976024
0.9064952
0.9671023
0.94008124
0.6195631
0.9482937
0.8822986
0.9233164
0.8469037
0.90780455
0.8857348
0.71466666
0.92373246
0.93095094
0.8041041
0.9076174
0.7250115
0.8935285
0.89389145
0.6492173
0.7432973
0.93363583
0.6444512
0.86460257
0.79357153
0.43388972
0.8671726
0.9625227
0.83403075
0.89313793
0.88899845
0.8901424
0.6909892
0.8394144
0.896752
0.8895559
0.8941076
0.91520256
0.66455024
0.8456081
0.6993755
0.8193831
0.8816372
0.8084085
0.867618
0.8905447
0.78325814
0.89252067
0.87686145
0.86667556
0.76064044
0.77784884
0.87475914
0.88357484
0.9291053
0.8545178
0.8862691
0.8097334
0.90345365
0.89550304
0.94780874
0.8458502
0.9185157
0.92809016
0.8523735
0.68187726
0.89788884
0.9230064
0.91111654
0.7030559
0.8670751
0.8599063
0.6885886
0.8812556
0.86964
0.85614824
0.8478623
0.66515374
0.9028712
0.8466158
0.89869624
0.92893964
0.82737017
0.92534935
0.9695772
0.8149263
0.87784827
0.8370633
0.7647211
0.85776037
0.87363744
0.77858955
0.45206553
0.8689886
0.8699646
0.88390005
0.7366183
0.8837809
0.72134554
0.90876913
0.91393644
0.5955763
0.8551533
0.91112363
0.7454197
0.8403117
0.9312277
0.80422974
0.8909431
0.87173086
0.81959045
0.6795357
0.7733582
0.85846776
0.93861717
0.78852177
0.944102
0.7479383
0.95221204
0.8024366
0.7485768
0.9224738
0.8272455
0.697303
0.8442247
0.9211471
0.8079352
0.8626974
0.7907275
0.9271127
0.93227017
0.8571173
0.8465928
0.9110975
0.878961
0.8367766
0.9448627
0.9705931
0.8213409
0.88484764
0.8723304
0.9510375
0.9568599
0.7767533
0.9089117
0.7908852
0.7326336
0.6169088
0.93776673
0.7862867
0.8668765
0.7484084
0.79529124
0.8182732
0.8243068
0.77003884
0.93229824
0.66167754
0.76081556
0.76868117
0.75556874
0.80966616
0.9123834
0.851535
0.7897183
0.673127
0.8674133
0.92573494
0.7698619
0.7026082
0.7714894
0.8951631
0.8929245
0.86939406
0.74896806
0.8093547
0.92032474
0.9139565
0.9000906
0.76785564
0.702174
0.74522257
0.5254844
0.8392787
0.89701134
0.84731156
0.8556052
0.83850545
0.89769894
0.8000005
0.8477305
0.81750387
0.8607831
0.78583115
0.81474704
0.8406054
0.8975705
0.9133651
0.76272494
0.86434263
0.94033426
0.9263528
0.8520601
0.85863256
0.9137344
0.6661513
0.6250853
0.749974
0.7105205
0.8923735
0.4046999
0.62265754
0.782732
0.9127656
0.7255297
0.8248466
0.5939973
0.80362105
0.82582647
0.89083064
0.7871162
0.8027659
0.91101223
0.9591892
0.831145
0.8613901
0.8870097
0.84157366
0.7407327
0.70812154
0.7838176
0.9097854
0.7934582
0.84258115
0.783481
0.7751514
0.8052344
0.9221705
0.89594877
0.7056813
0.8860693
0.9393356
0.85473055
0.92074335
0.87565917
0.90206456
0.8723039
0.45539635
0.8781462
0.84936106
0.6447481
0.79469514
0.9282726
0.8452656
0.83707064
0.8211633
0.8324373
0.8409545
0.7904562
0.7704598
0.84361625
0.6395741
0.7497843
0.94142354
0.9198587
0.9029673
0.9076706
0.88198894
0.8110741
0.94209146
0.839662
0.9063616
0.93090713
0.8037629
0.57659787
0.8560052
0.9130934
0.8799711
0.82104784
0.7514599
0.8226136
0.8964357
0.88863474
0.9684711
0.7468441
0.8869168
0.90849507
0.90676993
0.9820301
0.76214504
0.5950538
0.90620553
0.8578408
0.7301318
0.8883013
0.8845029
0.8318666
0.82737243
0.9698187
0.76440454
0.9389298
0.85723037
0.89929605
0.825404
0.81905293
0.8110001
0.9107847
0.62686443
0.80177796
0.89299566
0.9128028
0.97681123
0.9308224
0.695672
0.83741295
0.95636207
0.8831647
0.77194107
0.98324805
0.91907215
0.7896208
0.9099983
0.95374715
0.8691442
0.9569265
0.87679607
0.90737283
0.8420646
0.9055799
0.8852854
0.9186336
0.57606554
0.88587713
0.93397063
0.8922295
0.8619406
0.8589705
0.5116161
0.5275848
0.84639025
0.69101024
0.8429172
0.8236703
0.9552262
0.9315996
0.880978
0.93907166
0.7358354
0.47816026
0.8850493
0.8267655
0.7799785
0.7806991
0.794727
0.92583466
0.8932855
0.965932
0.86168766
0.9660845
0.7156555
0.79967284
0.80190945
0.8031073
0.7448642
0.8433151
0.89666164
0.76721984
0.6816774
0.9292722
0.90897036
0.9358094
0.74563825
0.9560085
0.897558
0.75644803
0.7102115
0.6442846
0.7783785
0.78958815
0.8488767
0.91025335
0.8757863
0.8092742
0.7756968
0.7167799
0.8138443
0.866472
0.7124415
0.879404
0.9318986
0.84558994
0.8920732
0.8349001
0.75488997
0.73951644
0.95922214
0.7939249
0.7838097
0.9462224
0.85228264
0.7442335
0.7185215
0.9526824
0.9481335
0.9155535
0.80494666
0.9178616
0.9363109
0.91244614
0.9326153
0.6295353
0.9273684
0.8600711
0.79161084
0.969944
0.8511114
0.5373222
0.6210284
0.9695801
0.85151774
0.7838868
0.9212611
0.8419558
0.80341524
0.87595016
0.7922959
0.9485644
0.8688971
0.7834306
0.92564285
0.95091015
0.8925514
0.8656204
0.95174897
0.9377672
0.87837034
0.90192574
0.79025763
0.76352173
0.785858
0.76881164
0.85775536
0.93536663
0.83659804
0.94301146
0.9446715
0.811574
0.78318846
0.82526845
0.7334194
0.7963345
0.854892
0.85746866
0.7432367
0.8770086
0.76544046
0.86808836
0.9014524
0.6876974
0.9177662
0.9003522
0.924811
0.6853903
0.8170685
0.83115286
0.80488646
0.9402473
0.92046046
0.7193444
0.7371526
0.616338
0.87930423
0.9049967
0.69983244
0.7847361
0.8484442
0.8928206
0.8788589
0.7613971
0.81195086
0.9345502
0.9073905
0.8692183
0.87277794
0.82575595
0.8318343
0.7162337
0.7787119
0.9403609
0.7496388
0.5622574
0.8888358
0.57902265
0.94754654
0.9224828
0.9475213
0.72460103
0.8235601
0.89581704
0.9136372
0.77393675
0.8036484
0.8303809
0.94067657
0.74389756
0.9215333
0.8359393
0.9407885
0.8105928
0.74644977
0.65904474
0.88138413
0.4858375
0.91516227
0.7295799
0.698823
0.8322847
0.75924015
0.8212638
0.7987864
0.76799023
0.89120924
0.90318453
0.83312756
0.57943976
0.8213027
0.9384086
0.929425
0.85850555
0.8927899
0.86721766
0.8967294
0.9650485
0.9023392
0.86165965
0.87559575
0.7491335
0.9326446
0.76882803
0.8693202
0.7798771
0.91160893
0.74007404
0.93753046
0.7462917
0.9411282
0.92558885
0.96344376
0.9221027
0.9656285
0.6047846
0.71234274
0.9763386
0.90004826
0.64721924
0.6757083
0.7452904
0.83443
0.95726824
0.7438032
0.78600824
0.69678664
0.8465555
0.9330662
0.87697196
0.880238
0.8447496
0.78309286
0.6755234
0.8624884
0.8606172
0.8211691
0.8864713
0.80561674
0.97478175
0.8606224
0.4586533
0.6795576
0.95983696
0.7473712
0.7689514
0.699845
0.78257287
0.92838687
0.9285643
0.9456997
0.8556301
0.8993866
0.7748128
0.7653616
0.7791097
0.85772777
0.8204402
0.8815557
0.9079843
0.8919248
0.9188378
0.94370204
0.76220155
0.94279116
0.9223957
0.77430254
0.8918482
0.81803256
0.8488876
0.74910015
0.7894274
0.8504983
0.81134415
0.86187524
0.7040814
0.7341052
0.8816862
0.91801167
0.80520225
0.9480569
0.8870616
0.8489395
0.9015187
0.9276551
0.75216603
0.9070039
0.95868516
0.8332258
0.8735992
0.9119432
0.91092455
0.86101365
0.85727525
0.9664535
0.9243659
0.7653343
0.93898165
0.5749171
0.7086008
0.93825513
0.76270974
0.82879007
0.78392905
0.7426813
0.799753
0.8685645
0.9374372
0.9157094
0.7814607
0.7669678
0.97100544
0.87958694
0.8355273
0.5520466
0.8545173
0.86258054
0.63171643
0.809005
0.7925385
0.9353989
0.70490843
0.87654
0.8141237
0.7313712
0.60266495
0.8524086
0.818339
0.85740316
0.61013645
0.9550788
0.87898314
0.72071177
0.83769137
0.9223602
0.8624456
0.9091342
0.884244
0.79588246
0.6900416
0.8161595
0.86361885
0.964436
0.7908527
0.9372711
0.924538
0.95637417
0.9001163
0.89750236
0.96806645
0.97019196
0.9333224
0.9126057
0.91747373
0.92423
0.92482257
0.8994187
0.9173228
0.8476411
0.9639869
0.9308899
0.93981844
0.8179831
0.8797603
0.8790357
0.9293898
0.78231937
0.94452894
0.7229304
0.9779522
0.90794235
0.89855975
0.9232311
0.89159936
0.8600685
0.74009424
0.81965864
0.82031906
0.64245987
0.7897025
0.9524529
0.94824505
0.90881264
0.8624131
0.81782323
0.7427563
0.77334315
0.93787575
0.93290836
0.914166
0.7330688
0.9189465
0.5407686
0.85874593
0.9185018
0.94972646
0.8703658
0.8140094
0.6202781
0.9100394
0.87983733
0.8990088
0.7591224
0.85092163
0.80620646
0.83965695
0.89274055
0.9475373
0.9647759
0.9681492
0.8481279
0.92395306
0.8437477
0.9399836
0.77654403
0.9306499
0.85277486
0.79468024
0.96520746
0.60544807
0.87841845
0.9009865
0.88710374
0.89457893
0.7423049
0.8221606
0.8273593
0.82793474
0.8689256
0.86308825
0.87538886
0.94527054
0.96277094
0.9094342
0.81538695
0.92091095
0.9127452
0.86227053
0.8814384
0.8772525
0.80894685
0.62199175
0.92328227
0.67135
0.7670103
0.87588614
0.90422636
0.7955271
0.8031216
0.94991994
0.9382513
0.901027
0.8809239
0.8426747
0.84612644
0.7431385
0.93679905
0.9655964
0.8845247
0.90879244
0.8231657
0.7666911
0.7929842
0.78354084
0.8371873
0.93385684
0.9292156
0.7590038
0.9013134
0.76485187
0.7907499
0.8084911
0.9034858
0.78442174
0.72324425
0.84365934
0.8828977
0.79845494
0.87806326
0.8786044
0.81884843
0.9285611
0.84830827
0.88212407
0.81691146
0.6566359
0.4146231
0.9002932
0.6194118
0.9359334
0.8459061
0.8475735
0.6829853
0.752922
0.72718734
0.9280269
0.89886254
0.83056414
0.94961786
0.87803376
0.81101364
0.88360125
0.95699346
0.70481855
0.8536861
0.87705743
0.7716455
0.7681775
0.7781182
0.78951734
0.79718435
0.8683519
0.82482916
0.6601739
0.78196186
0.6589764
0.8896773
0.40787452
0.9167354
0.9137763
0.85470974
0.8710022
0.87075233
0.91081834
0.7943572
0.91832674
0.8638925
0.8172636
0.75684416
0.7548293
0.8970108
0.9468024
0.88813746
0.86301666
0.8730649
0.6883577
0.9553116
0.97449166
0.86566484
0.9519269
0.88381827
0.9234433
0.9322104
0.7993727
0.9255337
0.8192488
0.80032307
0.8516282
0.83222675
0.6394622
0.95511144
0.91106653
0.95631635
0.61495167
0.9340094
0.9382431
0.85383064
0.7991783
0.8412118
0.90896124
0.9021009
0.9355833
0.9404056
0.9451293
0.9591293
0.70732707
0.8324796
0.8124479
0.833378
0.93207717
0.9094394
0.9373863
0.82054996
0.8918501
0.8555214
0.8614307
0.63992614
0.77947736
0.8258105
0.791799
0.9244369
0.88717335
0.9561995
0.7609178
0.8004052
0.8303971
0.85211504
0.89091146
0.93911844
0.83387667
0.72622764
0.8215583
0.8648787
0.6981811
0.8576675
0.70944893
0.7087918
0.8203363
0.88721824
0.80108243
0.9238968
0.86839646
0.9180342
0.79786295
0.8127186
0.7342287
0.9067301
0.90318817
0.72433835
0.8549679
0.8743448
0.79432696
0.9257788
0.87393403
0.75903773
0.9147861
0.875746
0.8562031
0.90536964
0.65728897
0.8328841
0.9431548
0.8611727
0.87180746
0.9451123
0.8034238
0.8454255
0.8764728
0.75907063
0.8643508
0.9023413
0.78609157
0.9251558
0.9273657
0.7836741
0.8305936
0.77475536
0.5554841
0.57861793
0.6852026
0.9211196
0.87886995
0.95734215
0.8320497
0.5441491
0.79885733
0.8996418
0.90611905
0.8170084
0.56464344
0.8523036
0.5491447
0.64335716
0.7733771
0.75292325
0.7992609
0.8664167
0.89247566
0.84443164
0.8764596
0.7755283
0.96573675
0.8936429
0.52173144
0.8587585
0.90631825
0.47020957
0.6586303
0.8829833
0.75958735
0.82124615
0.9373575
0.6884588
0.7444754
0.66757214
0.81894785
0.9211006
0.72688675
0.90575284
0.66799694
0.77179754
0.8989142
0.826172
0.8199166
0.7882789
0.9127606
0.76418865
0.8976418
0.91166395
0.7007978
0.9348205
0.8259216
0.7084574
0.7847275
0.8517915
0.9324971
0.89417565
0.80454695
0.8830084
0.8560833
0.90491354
0.9018865
0.8241638
0.8228411
0.8319253
0.64010036
0.7304339
0.9330513
0.9223255
0.8508239
0.85867196
0.92116314
0.9043615
0.9168236
0.8526565
0.9087697
0.79098153
0.80064857
0.9225942
0.5168619
0.8721242
0.91925937
0.9583908
0.7959068
0.85129863
0.8591013
0.81955445
0.8262212
0.886721
0.84190154
0.93373215
0.86141366
0.96508026
0.7953032
0.75013083
0.9029652
0.7805723
0.7107327
0.92453516
0.833614
0.95097697
0.75052243
0.8018898
0.9073222
0.86592025
0.860325
0.8405816
0.85382956
0.79229254
0.96430695
0.8763123
0.80816644
0.8354111
0.95945233
0.80055535
0.9177823
0.9247611
0.79871315
0.9055192
0.93327767
0.90808654
0.8689171
0.8359616
0.8938385
0.8533242
0.9588843
0.8722005
0.79640347
0.86962336
0.8750321
0.9116363
0.81866765
0.8734166
0.93817365
0.7386379
0.84920895
0.7449542
0.9729681
0.89668137
0.9404377
0.92963636
0.7148762
0.71546507
0.9099788
0.85818976
0.7936895
0.6586346
0.8186888
0.9063455
0.86817825
0.7862109
0.953378
0.901429
0.8709855
0.8056285
0.87092537
0.8884768
0.8815329
0.9346296
0.8903161
0.93398166
0.91319764
0.75500035
0.8515392
0.85762644
0.81871426
0.8635501
0.8658329
0.7684766
0.88101363
0.9115226
0.70388633
0.7153602
0.614781
0.9032029
0.87051606
0.81330085
0.82791114
0.8017639
0.9493898
0.7561135
0.885687
0.88167685
0.8563221
0.8358941
0.7276405
0.91904116
0.9353539
0.9009946
0.6582993
0.888686
0.75874615
0.90306365
0.68873894
0.8483122
0.79228556
0.78927225
0.9297875
0.9122293
0.96159923
0.9331503
0.76766175
0.9459967
0.7981643
0.87433153
0.7877946
0.8510435
0.9155188
0.87478894
0.84560955
0.8867137
0.93649
0.84806633
0.85161656
0.8652108
0.8259882
0.9088584
0.8138008
0.92936206
0.60517323
0.943054
0.79981184
0.88886064
0.7801893
0.9409732
0.6597014
0.88822913
0.8819222
0.82152
0.6675006
0.9096319
0.93145126
0.8967835
0.85153687
0.96968895
0.90426254
0.89642364
0.83782077
0.78206396
0.60364294
0.7354248
0.88514876
0.9393301
0.86913735
0.8956258
0.9646806
0.8485042
0.37167168
0.88661283
0.9127027
0.74203324
0.95066065
0.8783017
0.77879745
0.95720506
0.44241983
0.9564616
0.8660783
0.7541215
0.86610514
0.6386173
0.9155425
0.89902866
0.93076
0.96665525
0.8674624
0.8258649
0.6923482
0.8695074
0.88616264
0.7460417
0.8083612
0.83809876
0.9215856
0.8417157
0.8518462
0.9208266
0.9066014
0.847307
0.6415852
0.9163169
0.7887753
0.88614094
0.91113985
0.64924866
0.8263939
0.6371212
0.9242883
0.819028
0.9198517
0.75645274
0.90836287
0.9540802
0.86434734
0.8118629
0.6567466
0.81413513
0.808703
0.86466193
0.79952157
0.77269673
0.83827555
0.83452976
0.9151716
0.8534797
0.8542709
0.83387804
0.8533696
0.94135195
0.8539829
0.8785074
0.9254174
0.88216895
0.7713383
0.9021148
0.8232131
0.9311873
0.9199668
0.82037795
0.83689684
0.7439472
0.83386534
0.9151624
0.866584
0.4433253
0.7887075
0.87676287
0.8318093
0.63863313
0.96872145
0.5282213
0.7248589
0.8843728
0.76535654
0.9665133
0.8343841
0.7685021
0.81511456
0.9142441
0.79745156
0.9316881
0.8011203
0.88666135
0.77109694
0.9320854
0.89383334
0.9009552
0.6675957
0.853968
0.75709784
0.958704
0.9413529
0.748712
0.74405015
0.9118774
0.94819385
0.77903587
0.8492719
0.95788634
0.9804789
0.8668299
0.8209477
0.91904974
0.82137877
0.84502864
0.9022105
0.87124
0.90988666
0.8842795
0.8368847
0.89404154
0.93630844
0.88513815
0.67483664
0.84758615
0.83080995
0.7339772
0.7070589
0.780906
0.8976964
0.8835558
0.9007116
0.8833203
0.93029785
0.86840945
0.7919968
0.83649385
0.8755253
0.5948718
0.84969026
0.8286883
0.9008438
0.9018389
0.71036655
0.78763276
0.86902905
0.7369954
0.7446537
0.5894586
0.90561646
0.6420928
0.72101915
0.79370016
0.93933475
0.9035964
0.7251524
0.8291611
0.92056787
0.9440682
0.9208543
0.93529236
0.8476655
0.8832588
0.7235454
0.8986771
0.7434315
0.9262233
0.74492955
0.79702663
0.92345226
0.735299
0.8411495
0.74151546
0.6532873
0.8070063
0.76726323
0.92949134
0.926024
0.8462754
0.9393325
0.92634404
0.85453266
0.7019261
0.87495875
0.96136814
0.93126667
0.9665096
0.9380046
0.86478657
0.694558
0.7220867
0.8083729
0.87701654
0.816757
0.9236302
0.8119236
0.7755051
0.78790593
0.89120126
0.7837969
0.88091457
0.85862875
0.9498084
0.7946346
0.7757849
0.8493762
0.89260066
0.810055
0.82218015
0.9374156
0.90969557
0.88284147
0.816187
0.89628786
0.84156746
0.9462079
0.72361946
0.94906676
0.9284686
0.8352946
0.90826774
0.94758356
0.92810464
0.9609234
0.9433551
0.7214024
0.7340896
0.84730995
0.7937352
0.88458824
0.9413775
0.89440584
0.91766495
0.829352
0.8083113
0.76726794
0.8183262
0.55282307
0.7552419
0.8523923
0.7755466
0.81902766
0.79138243
0.9445857
0.8853247
0.77710015
0.899884
0.830226
0.7316555
0.8368223
0.85637933
0.85864955
0.8484391
0.7682196
0.8388802
0.8487999
0.91133475
0.85367525
0.9463954
0.86625296
0.94598556
0.804978
0.8502401
0.7751795
0.86320114
0.9070563
0.9047576
0.62739855
0.76624215
0.91343933
1.0
0.9087919
0.8568335
0.88920236
0.8087254
0.7700256
0.9370742
0.94443923
0.7795061
0.8947344
0.8303565
0.91196465
0.90973
0.759947
0.71107864
0.8474158
0.8922987
0.930119
0.90020937
0.9292002
0.87399095
0.73207676
0.8883784
0.7698265
0.83472335
0.8473802
0.8096845
0.8797443
0.82154083
0.93620336
0.90414333
0.9071316
0.83017784
0.9127792
0.8710409
0.9622677
0.87593335
0.9259299
0.9621546
0.8946154
0.9307793
0.90303093
0.89079684
0.9202158
0.8912162
0.8589626
0.83579236
0.7885113
0.87685823
0.88241094
0.7806283
0.97900516
0.8743142
0.76185596
0.894102
0.96153104
0.9212572
0.94256765
0.7587621
0.8743428
0.8538877
0.9340241
0.80960774
0.84809303
0.7870559
0.71527356
0.80663663
0.7451641
0.8733339
0.72489566
0.69418174
0.8919389
0.76115394
0.882242
0.8269439
0.9003732
0.8636931
0.79380786
0.88596356
0.80774355
0.91466075
0.85701156
0.63905203
0.79424924
0.71487033
0.9174716
0.9096507
0.84820974
0.9111413
0.9193753
0.96815866
0.88456154
0.8644697
0.64829487
0.7730198
0.8744537
0.8766318
0.82749414
0.90318066
0.7148668
0.85322857
0.84061456
0.87776095
0.87954026
0.8266225
0.8470361
0.8335344
0.86870414
0.6372703
0.77981037
0.894308
0.79198843
0.8234104
0.96000654
0.91430444
0.9526631
0.7437252
0.7864112
0.7896722
0.9446957
0.94977003
0.9299202
0.8732611
0.9740171
0.9588234
0.8250976
0.90689707
0.91656077
0.9476154
0.75199914
0.73637825
0.82840234
0.7779615
0.94513136
0.87833065
0.6328964
0.84218097
0.86885566
0.85974216
0.8568854
0.8103712
0.82964164
0.9423444
0.9298408
0.8241974
0.8360261
0.88944924
0.8071362
0.88984394
0.82347167
0.8714152
0.9634546
0.90961695
0.7967947
1.0
0.90368
0.9137111
0.8563105
0.8402775
0.737868
0.8011836
0.905484
0.7981214
0.5552652
0.8626151
0.9139967
0.9370458
0.8857106
0.9031379
0.7714721
0.8068013
0.884656
0.8653799
0.7856286
0.8833393
0.92806685
0.8685466
0.8914404
0.6492569
0.7015825
0.8800764
0.8914404
0.74403346
0.9232271
0.7308891
0.88850224
0.87857527
0.68579364
0.6703744
0.9446345
0.9282997
0.9596216
0.83399063
0.89507383
0.66322154
0.88066465
0.92108893
0.8653733
0.9334259
0.6885778
0.9399809
0.83433163
0.9592532
0.84595686
0.8006696
0.8426065
0.90542996
0.68277514
0.8659822
0.7773769
0.79005146
0.93104506
0.9240431
0.757831
0.70153934
0.8790655
0.93737566
0.81325305
0.4937163
0.83515495
0.91977143
0.8464908
0.77731925
0.92046225
0.85105646
0.56672925
0.947839
0.95322
0.93749595
0.7972031
0.79833674
0.9038523
0.9514109
0.8703014
0.8975464
0.7090477
0.9309707
0.6386881
0.8674829
0.8802176
0.79551446
0.75723016
0.9311572
0.6652531
0.8940197
0.8400363
0.86739963
0.7033984
0.89168465
0.89986223
0.8714473
0.90956944
0.9626312
0.8615839
0.6623612
0.82102156
0.9676273
0.85768354
0.88238823
0.8764584
0.71577686
0.96488553
0.9173704
0.73983604
0.7872273
0.94933915
0.8087495
0.85435
0.8194829
0.8187605
0.9356829
0.6159764
0.9099883
0.803404
0.87073886
0.7899831
0.95204854
0.85238546
0.769045
0.95243776
0.82667947
0.7105805
0.8451414
0.7567146
0.9337858
0.86122185
0.9295167
0.88819444
0.8617764
0.79745317
0.85861903
0.60221744
0.8008819
0.76103973
0.9319436
0.7593735
0.88312256
0.7802785
0.9023779
0.842234
0.91755325
0.8283722
0.79714775
0.89262056
0.92538285
0.9121352
0.8419096
0.8960432
0.8919269
0.93343705
0.919815
0.8117294
0.8391807
0.61877275
0.7943653
0.83180076
0.8162604
0.8339121
0.7876611
0.7424389
0.8577686
0.8813535
0.9202569
0.88053685
0.8100183
0.8763089
0.84814787
0.89682686
0.69173014
0.9035647
0.81792104
0.8194262
0.918889
0.8276209
0.8945006
0.7337296
0.6526891
0.9520004
0.8164181
0.90499026
0.84972584
0.6842594
0.91254765
0.8604942
0.7906928
0.959566
0.9377634
0.75231797
0.79701144
0.75720036
0.8670927
0.9643202
0.615029
0.4129845
0.923385
0.73721206
0.7127718
0.97212464
0.9401957
0.75294083
0.81418437
0.8128553
0.70102227
0.82487714
0.8915111
0.7969598
0.8625807
0.8775642
0.6180889
0.88412774
0.6531324
0.9669558
0.8830368
0.70685774
0.89029354
0.7827388
0.81229615
0.8149012
0.7210527
0.6280563
0.56166047
0.7839339
0.8691994
0.8942368
0.922917
0.84507734
0.8465142
0.9293237
0.7938607
0.93047935
0.95492136
0.9391705
0.8752742
0.8010365
0.8686154
0.8733837
0.7801531
0.92907447
0.7842929
0.9140655
0.68739355
0.96926403
0.8994729
0.6685116
0.95797575
0.8446942
0.8587018
0.8084474
0.9555498
0.8240253
0.80116314
0.94049835
0.8323347
0.84944135
0.8881525
0.84685546
0.903007
0.71037495
0.9149523
0.9407866
0.8938657
0.66318357
0.7534578
0.9421762
0.94955695
0.83635354
0.792364
0.9629291
0.8972869
0.7452955
0.94836974
0.7402629
0.88404226
0.7517209
0.6947598
0.9782808
0.8550442
0.8942267
0.7997443
0.9119009
0.88581514
0.8825467
0.8624524
0.9270274
0.82206017
0.76805776
0.84432703
0.6959883
0.9505593
0.8240691
0.8669835
0.9095411
0.8835416
0.93060756
0.9355984
0.91747934
0.9097641
0.87163943
0.9101256
0.7787823
0.88111156
0.7832946
0.95680326
0.88113415
0.91425586
0.7944517
0.8828378
0.925205
0.8655071
0.93231773
0.9353447
0.96401906
0.7479095
0.54211473
0.93976617
0.7589056
0.90964746
0.8627732
0.9190586
0.9235625
0.66522014
0.73250353
0.8627478
0.95598054
0.80398375
0.94114506
0.8274745
0.9458913
0.7199274
0.71052533
0.953467
0.9369284
0.8086074
0.7112978
0.8480086
0.83880866
0.82704884
0.9221948
0.8218001
0.9658576
0.84878653
0.9462276
0.84555316
0.9506319
0.77678853
0.9429822
0.85549206
0.9276047
0.8253904
0.8922447
0.8922919
0.8696823
0.8781364
0.7956236
0.87686723
0.83436525
0.9622235
0.7334709
0.8285278
0.8330723
0.86934435
0.7354471
0.79858655
0.9326867
0.7773802
0.93119615
0.9544805
0.67255896
0.8446621
0.81831056
0.8153007
0.9645924
0.7360757
0.7197506
0.9398055
0.8368101
0.95294917
0.92098075
0.73664755
0.8192818
0.75346065
0.8217787
0.9043514
0.81103194
0.91936636
0.8619113
0.7459868
0.9177963
0.9231433
0.8951248
0.8279505
0.9623461
0.8849647
0.8166414
0.81946033
0.7892504
0.7835274
0.7144242
0.71687686
0.9240284
0.89833474
0.9339847
0.881143
0.93620336
0.8779496
0.96674293
0.92719996
0.7334909
0.94040775
0.70790964
0.8663431
0.89371943
0.8584513
0.72674364
0.8521855
0.8202841
0.62299585
0.7939599
0.88199663
0.9483887
0.64313394
0.81454355
0.90636986
0.80407023
0.82395166
0.80009854
0.85189
0.904315
0.93500936
0.8767117
0.88431203
0.8792056
0.90248543
0.773717
0.9333298
0.7849886
0.9198521
0.9681209
0.9545282
0.9694518
0.80259454
0.8996074
0.9619692
0.7600903
0.88632405
0.8116438
0.8311359
0.8027798
0.9643566
0.8462599
0.9098254
0.8899629
0.8996183
0.9042372
0.94454765
0.7658437
0.8383128
0.8281651
0.78587025
0.9107976
0.8678214
0.8642682
0.59850115
0.9268869
0.5998654
0.8164872
0.9357252
0.92393225
0.9224873
0.7260825
0.8363383
0.9281156
0.70590734
0.75473404
0.8628073
0.9220278
0.7995026
0.8973378
0.9604328
0.80794036
0.6938596
0.8056042
0.83963925
0.86190796
0.9695743
0.84660494
0.9530325
0.9457979
0.6919587
0.787801
0.84769726
0.8983902
0.7653967
0.924994
0.922409
0.980151
0.69755
0.8665788
0.87823695
0.8801198
0.91005063
0.7307685
0.9398436
0.81084144
0.9262981
0.8340433
0.9287146
0.8608357
0.84702
0.8346781
0.9436285
0.8590538
0.91741586
0.8090382
0.91393
0.8564463
0.86356187
0.7785382
0.62319225
0.408477
0.800473
0.9309189
0.88738483
0.8498852
0.9059943
0.6298406
0.92429125
0.8396944
0.89469403
0.7908086
0.8682124
0.7605169
0.7970044
0.87654907
0.9171078
0.892015
0.92108804
0.8454208
0.87257546
0.9337935
0.83546364
0.91110224
0.8444659
0.6595158
0.8105143
0.9325933
0.9165831
0.8761408
0.73240685
0.93349457
0.79235595
0.96820503
0.94013363
0.7440671
0.8895032
0.812844
0.89453775
0.85483634
0.8230125
0.7535242
0.75754994
0.78769684
0.7373906
0.8002485
0.7863177
0.9563304
0.8731292
0.8217706
0.8662562
0.8843502
0.8337479
0.8934962
0.86376363
0.878212
0.8893829
0.77314085
0.9140124
0.7404258
0.9425273
0.6622874
0.7445517
0.7042466
0.77198344
0.75579154
0.8046555
0.9169525
0.8839179
0.74258804
0.77696526
0.57814413
0.68836457
0.733298
0.8341253
0.9080451
0.76862484
0.7407906
0.8446652
0.90737057
0.94530094
0.96860164
0.8473725
0.68526065
0.8474672
0.82909906
0.8647543
0.8907419
0.94121027
0.90710473
0.92701715
0.8463153
0.8603154
0.88803315
0.8538763
0.84715
0.8483993
0.7907734
0.95109785
0.9204613
0.8587474
0.92686373
0.9269145
0.76493543
0.8568626
0.90012026
0.8353017
0.90471053
0.8681213
0.7372399
0.8843226
0.8622047
0.800946
0.9182465
0.90825623
0.61281246
0.8166949
0.8690835
0.827319
0.83708197
0.9646618
0.87692404
0.9457707
0.5463024
0.9163692
0.9219684
0.95221126
0.86389625
0.7019762
0.69269985
0.8941028
0.8802643
0.6295104
0.9253092
0.90415865
0.8586491
0.88667786
0.92097235
0.6398067
0.8210737
0.9413867
0.8433798
0.81596416
0.8972579
0.7948022
0.8630676
0.7995493
0.7138432
0.90629977
0.9301661
0.6973829
0.91322625
0.7644291
0.919157
0.7382707
0.96226233
0.8132753
0.7119712
0.82339257
0.83048135
0.85348177
0.8788072
0.80527884
0.8346114
0.9378156
0.9479306
0.71794474
0.893754
0.9628856
0.7957434
0.7979531
0.8934795
0.8638691
0.908839
0.83571434
0.64343244
0.8404954
0.94041014
0.88448495
0.77070045
0.834415
0.81602097
0.94295967
0.8127969
0.9177566
0.85157925
0.7952998
0.9294536
0.6473084
0.7979713
0.69157743
0.8874066
0.86325026
0.9350492
0.6653206
0.8987721
0.89239764
0.8383226
0.7052089
0.790997
0.9450519
0.94384885
0.75443536
0.8080378
0.44326988
0.8977732
0.9175276
0.7540704
0.81428546
0.95651174
0.81459457
0.81681526
0.8778404
0.92399967
0.926088
0.92030406
0.6663744
0.80872697
0.815925
0.94646287
0.80585134
0.8656754
0.933541
0.8754094
0.8279579
0.8693674
0.8741013
0.8540653
0.8650101
0.88053286
0.6183469
0.7990195
0.9350907
0.94817513
0.9599446
0.86893046
0.8500701
0.9442037
0.91350496
0.91980094
0.92854726
0.8975028
0.8074367
0.8104276
0.9409636
0.85588014
0.8719997
0.7234349
0.9526421
0.8385844
0.87794435
0.8823371
0.81747836
0.8166158
0.9280213
0.7079841
0.92857176
0.83920705
0.89958364
0.9493055
0.91657025
0.9144913
0.8799654
0.8953866
0.77755356
0.5350909
0.93975854
0.8301627
0.7515744
0.7377569
0.586225
0.752321
0.9075538
0.86246383
0.655882
0.87867504
0.76040554
0.59622884
0.86061907
0.8470677
0.9494518
0.84210205
0.8115734
0.9821311
0.89482385
0.87289613
0.9097837
0.961892
0.9221037
0.94937253
0.67529565
0.69852704
0.8603134
0.9350958
0.9699935
0.96542126
0.5856831
0.74516594
0.79996085
0.8358896
0.88300055
0.9285348
0.8224333
0.941335
0.94337887
0.8836001
0.8054217
0.9365207
0.7345989
0.5805098
0.900874
0.5424728
0.6808064
0.8339101
0.8163049
0.74128515
0.825971
0.8436042
0.7741815
0.6695863
0.88551044
0.93483466
0.76075864
0.8688098
0.9103912
0.8477097
0.84053385
0.83187824
0.9094948
0.77285826
0.8734962
0.8422264
0.94358116
0.89079726
0.71004707
0.943866
0.67728806
0.86826617
0.836698
0.8933587
0.9020274
0.8661344
0.863248
0.7898747
0.88937175
0.89418703
0.9406275
0.942115
0.82582545
0.5939391
0.8816308
0.9192746
0.8689331
0.8949541
0.6852341
0.9542009
0.9139755
0.8218151
0.8941282
0.7758843
0.9510872
0.8894158
0.91020215
0.9557921
0.7298273
0.94265735
0.7978195
0.8572629
0.8155021
0.8049835
0.85352045
0.95391196
0.8280331
0.8067901
0.8562215
0.937819
0.8006692
0.78913194
0.94202614
0.93481547
0.746086
0.92563367
0.804765
0.8691348
0.73096746
0.74210864
0.92500347
0.92347974
0.9123682
0.8140235
0.9239253
0.897272
0.8514009
0.7473007
0.9138497
0.9014179
0.889568
0.9083484
0.7339007
0.9765157
0.8409081
0.9527518
0.88233846
0.9322994
0.9383618
0.69568413
0.9136808
0.8392546
0.8470211
0.8995607
0.86576164
0.826341
0.95511913
0.7942686
0.8318959
0.8934841
0.80678856
0.8383535
0.9393343
0.8635948
0.7006418
0.7962689
0.9399821
0.7811165
0.9222986
0.8666312
0.858945
0.9278693
0.9269022
0.8861361
0.88776034
0.719933
0.877347
0.908103
0.9175306
0.81307876
0.88304305
0.8110798
0.92260116
0.98579836
0.79704773
0.71178484
0.7821559
0.8450188
0.9527503
0.9033996
0.9107127
0.9346551
0.7267354
0.5568123
0.8446874
0.7622236
0.7682163
0.79254925
0.9231074
0.85527104
0.90094376
0.7367844
0.9424742
0.87367094
0.7670169
0.80653286
0.75338125
0.8903338
0.7698489
0.92233723
0.90330315
0.84099716
0.90887445
0.9251912
0.7572073
0.8849621
0.8225534
0.83859384
0.79784685
0.63179326
0.8676763
0.7926371
0.8853136
0.71686727
0.77771515
0.6147388
0.77109355
0.81454635
0.64116484
0.6204318
0.7994487
0.8836344
0.7748403
0.7981072
0.92401004
0.82109356
0.8832818
0.92279875
0.9379015
0.8886445
0.9435059
0.8445215
0.8674489
0.90171766
0.79177386
0.9233743
0.8596375
0.91843355
0.86514354
0.52508414
0.870336
0.8726917
0.8575684
0.89774144
0.9017568
0.90029204
0.8693894
0.97038853
0.82483566
0.977266
0.9387186
0.79793835
0.96017706
0.9221469
0.89769685
0.648671
0.87607634
0.9693071
0.933792
0.6997093
0.8908163
0.7511077
0.85830206
0.7614704
0.8892796
0.93027574
0.9063033
0.8714219
0.7801571
0.80284816
0.78330505
0.89515615
0.93459225
0.98314965
0.72068155
0.9062404
0.79792213
0.7401822
0.838483
0.87694037
0.6565889
0.81174797
0.89545476
0.92306536
0.9123777
0.94247854
0.7153429
0.8156748
0.8529042
0.8494789
0.87798333
0.9585248
0.66751975
0.74743664
0.9083584
0.8275215
0.91389686
0.94351685
0.7912722
0.9382452
0.91638416
0.69855314
0.86572623
0.8994079
0.8651064
0.8628715
0.76023346
0.71487355
0.8867934
0.8359898
0.84843606
0.6206682
0.77170634
0.84115833
0.92675984
0.7269927
0.5518136
0.84437186
0.8662527
0.8330141
0.9153033
0.9649878
0.73366815
0.7151079
0.839683
0.87001514
0.8369551
0.9495566
0.89793706
0.8063792
0.9225157
0.9453977
0.89032954
0.9585969
0.91147196
0.79991037
0.86925507
0.95745957
0.7127025
0.85120726
0.59379613
0.8436967
0.8086199
0.8282443
0.8497536
0.9217509
0.8741432
0.8517035
0.72652245
0.8526898
0.9204032
0.88629717
0.604887
0.90774083
0.88584334
0.72136694
0.7771538
0.80299807
0.7393654
0.7627204
0.9096414
0.86877704
0.75058204
0.8907094
0.91286343
0.8426771
0.89223844
0.82094574
0.75740314
0.9125052
0.77015865
0.7910186
0.88989043
0.905723
0.9054739
0.86755407
0.9061248
0.8742523
0.7763745
0.96869737
0.7901365
0.9212042
0.9047749
0.914991
0.89953226
0.8610675
0.9366141
0.9290091
0.8447118
0.8985235
0.9121691
0.62487054
0.73837423
0.7718744
0.72692853
0.95330596
0.9034804
0.86161745
0.8720173
0.6846807
0.76181716
0.89770657
0.6944837
0.9214759
0.78074527
0.6649058
0.8317939
0.8856819
0.98081225
0.77250856
0.92014736
0.89875627
0.5218823
0.80392027
0.855863
0.8561623
0.8983941
0.7818469
0.9120234
0.95894486
0.96008074
0.8491991
0.89045525
0.6146186
0.88478434
0.8199595
0.8097291
0.6545782
0.75316554
0.8680508
0.8170829
0.89667356
0.9418833
0.78904337
0.90461797
0.8478049
0.85147065
0.705919
0.6860103
0.5692146
0.90981746
0.88746476
0.94687366
0.87073404
0.85113895
0.8923222
0.901696
0.9561976
0.9504467
0.8674747
0.860367
0.95915425
0.9047731
0.85859644
0.74870145
0.81702214
0.83413625
0.7406774
0.8030179
0.9772001
0.9328232
0.79854894
0.83119094
0.89466417
0.84305346
0.82181746
0.7800938
0.8762649
0.6959819
0.8532685
0.88554883
0.91812915
0.9288299
0.77325034
0.89628553
0.8974373
0.9487977
0.9156703
0.8914997
0.94734925
0.8858798
0.65694755
0.88389903
0.93901914
0.73356515
0.90571046
0.8872862
0.96111643
0.8553436
0.9199604
0.8729604
0.911021
0.6909598
0.95383424
0.8367785
0.8977167
0.92161953
0.840797
0.872538
0.5932898
0.8308977
0.8646998
0.8710785
0.83517313
0.9002627
0.93434525
0.89032257
0.9482938
0.85837185
0.6260304
0.9466557
0.79665685
0.9616774
0.9348061
0.84130186
0.87719864
0.9050913
0.8450581
0.9004971
0.92873776
0.93008536
0.7132629
0.9465204
0.80164677
0.88182676
0.8963671
0.8139388
0.78159595
0.9015759
0.8831438
0.75096345
0.7952717
0.868974
0.4712826
0.78139865
0.5507293
0.7903281
0.8261372
0.91748023
0.8160564
0.8864049
0.81716204
0.80526286
0.84971243
0.77678645
0.8372771
0.9081273
0.6651965
0.914916
0.9449369
0.96725416
0.93788177
0.8170473
0.9212741
0.9104585
0.96565527
0.8624161
0.76436776
0.9064648
0.91618943
0.86685765
0.81042516
0.7760702
0.7713573
0.63150406
0.77165323
0.77203697
0.87697953
0.5766789
0.869864
0.8300506
0.8037253
0.8541329
0.9071566
0.92199385
0.8385554
0.8164405
0.833159
0.91684365
0.7701458
0.779285
0.9349621
0.7072483
0.8139969
0.96016246
0.81222284
0.9401854
0.9203353
0.9436339
0.7187066
0.915581
0.902036
0.7464272
0.94127166
0.9555795
0.8766649
0.7908947
0.8726669
0.9365059
0.86904246
0.9301001
0.93832415
0.8652302
0.7916645
0.96592766
0.9142105
0.86089635
0.6987001
0.8919167
0.8834442
0.84779906
0.93593335
0.9238752
0.7672219
0.8965677
0.890073
0.83110356
0.7545242
0.88344586
0.7507786
0.8308118
0.9163344
0.95132244
0.7840841
0.7187375
0.8196307
0.8569666
0.94477105
0.8678283
0.7541741
0.5703864
0.8428905
0.8392116
0.9309782
0.94583964
0.7926899
0.8990561
0.91295564
0.8084761
0.780761
0.79613936
0.8503262
0.9384964
0.95668197
0.8448648
0.93934524
0.68824047
0.935586
0.79815066
0.90552676
0.9162743
0.63581073
0.7666487
0.7648274
0.9286502
0.66449755
0.883661
0.83815193
0.72570163
0.78879994
0.8937085
0.87926805
0.92289805
0.8650054
0.83131516
0.74896914
0.821731
0.86216307
0.8357618
0.9046199
0.86863726
0.9217299
0.9412955
0.97626114
0.8642721
0.80593896
0.8791001
0.79397064
0.88965666
0.84006715
0.9437094
0.89878166
0.8731073
0.9764991
0.90430987
0.66466457
0.8660681
0.9505364
0.8964004
0.8991389
0.90907425
0.97227937
0.92811716
0.85276526
0.74922764
0.91679287
0.87578124
0.6453061
0.8670399
0.94637597
0.893024
0.69008905
0.91165465
0.8028871
0.8949671
0.9326331
0.92708135
0.96812123
0.8860552
0.60411376
0.83855
0.7450615
0.8418032
0.8355236
0.8224775
0.7916144
0.91823804
0.8495011
0.95793986
0.8791927
0.9536812
0.8384696
0.94106483
0.73806137
0.7829912
0.82213473
0.7457878
0.59495044
0.7574899
0.87443656
0.9220974
0.83496606
0.8319474
0.8439104
0.9241109
0.78815985
0.82957494
0.96475387
0.8843837
0.731632
0.8560046
0.89135325
0.84120053
0.8983636
0.8217525
0.8236747
0.89272535
0.85538775
0.85593
0.68986094
0.8451656
0.91976285
0.7953326
0.7939544
0.9021497
0.8490324
0.71003103
0.9039265
0.89514184
0.62756103
0.8629778
0.89344156
0.8829509
0.93465644
0.9415156
0.88966477
0.85706186
0.8268821
0.82491213
0.9084503
0.5989184
0.86883676
0.75989676
0.97439647
0.844696
0.88625664
0.86314094
0.72529036
0.89123553
0.8548782
0.87078416
0.7365247
0.95800966
0.85829854
0.83925503
0.73463607
0.92484105
0.95141995
0.70215386
0.68821204
0.8316335
0.7638522
0.95648324
0.9173776
0.8613757
0.9723687
0.94202715
0.70233566
0.8179565
0.9064138
0.8233578
0.90272975
0.8542935
0.9478048
0.86834407
0.568677
0.8976272
0.9669186
0.55040044
0.9132978
0.9479007
0.7856531
0.80601704
0.6479284
0.6973304
0.79510766
0.85168356
0.7694116
0.72667515
0.7764058
0.8992747
0.7770017
0.89457786
0.622069
0.71088123
0.78209776
0.9423705
0.862621
0.936737
0.6343846
0.8191924
0.903118
0.91023993
0.75838405
0.9336659
0.84729683
0.6761317
0.8494451
0.9314188
0.98152685
0.83946943
0.7336703
0.7818355
0.90848005
0.80197656
0.89470494
0.7413854
0.9487419
0.61813664
0.74909055
0.9531591
0.8501396
0.7929391
0.94213635
0.7715053
0.8539381
0.83552724
0.87622
0.93647736
0.95825076
0.8558819
0.7684299
0.91324544
0.86608624
0.9224212
0.8848514
0.9689955
0.8520803
0.9413731
0.7938216
0.8652021
0.65102386
0.9319193
0.79305995
0.8054241
0.7518336
0.9217844
0.86656916
0.907914
0.747054
0.9034109
0.93145204
0.71731436
0.8767157
0.849816
0.8007394
0.9179991
0.8493005
0.81068623
0.707577
0.75241834
0.8664064
0.9534726
0.92704535
0.9558403
0.8285076
0.85056126
0.92797077
0.7091924
0.87298715
0.9463917
0.9163121
0.94185376
0.7625243
0.81822646
0.88526154
0.9361548
0.44319528
0.70451856
0.87579423
0.7500499
0.78813994
0.9445309
0.88554645
0.7895324
0.7601557
0.9041267
0.619821
0.80027956
0.8003984
0.8900342
0.8077811
0.93829143
0.95406127
0.9198519
0.9387522
0.8518063
0.8944216
0.91730726
0.65614265
0.86384666
0.64735365
0.7019724
0.8037985
0.9681001
0.80276936
0.8546366
0.9709208
0.87869
0.935758
0.87114877
0.6671801
0.7540164
0.8921845
0.9169747
0.94363713
0.8948374
0.86282367
0.841661
0.8550296
0.8970864
0.6878836
0.72728187
0.8567656
0.8544879
0.71565855
0.9060418
0.8125656
0.8129039
0.82227594
0.734884
0.7422056
0.9006017
0.8046607
0.8751323
0.8451284
0.90015346
0.8641571
0.8782928
0.8163394
0.8265854
0.82204306
0.89968234
0.7052029
0.81637615
0.7786458
0.69641614
0.7781223
0.5545542
0.6926492
0.85754746
0.8658851
0.7851972
0.92048895
0.7316047
0.96517277
0.75095534
0.82695353
0.84349257
0.95993924
0.87289155
0.9374416
0.91585946
0.83310235
0.9743992
0.72289205
0.86884224
0.91817343
0.8860076
0.9496145
0.8549987
0.9175217
0.8947606
0.8532441
0.7721147
0.81891406
0.9447731
0.89263535
0.61442083
0.762266
0.7671911
0.906741
0.9031054
0.8808588
0.7995756
0.9505554
0.785282
0.7231375
0.8881203
0.90055203
0.9455948
0.9543913
0.88518596
0.807353
0.8620575
0.8466131
0.8063009
0.928285
0.85136443
0.8396902
0.94506615
0.9588592
0.9560641
0.85777557
0.8503413
0.908988
0.895185
0.8147321
0.84867203
0.7438746
0.91240656
0.86991847
0.94917184
0.60956013
0.8184771
0.79171276
0.62046057
0.6957565
0.9488944
0.88466823
0.82601404
0.8026086
0.8309503
0.80831945
0.8999742
0.6271894
0.787186
0.6587668
0.9017182
0.8151128
0.7875684
0.89263165
0.820562
0.9593142
0.9556247
0.9443576
0.88743687
0.85367745
0.85672975
0.6266622
0.94963944
0.6332549
0.9264301
0.91175336
0.89277726
0.5459854
0.8986737
0.79599416
0.7129346
0.8924632
0.934012
0.8737687
0.73410684
0.8930902
0.8696285
0.9306742
0.8797878
0.92102766
0.83997136
0.854919
0.84369826
0.8708752
0.8401393
0.8123433
0.89534885
0.8125497
0.8806666
0.9723209
0.93184054
0.9308441
0.7250817
0.7102391
0.7345368
0.8467033
0.89780027
0.7949555
0.8711233
0.90282804
0.9021333
0.8552715
0.9004747
0.8503764
0.95364666
0.8727765
0.7918915
0.90056485
0.9102429
0.9186641
0.78168327
0.92378473
0.9291742
0.9419852
0.71341413
0.7508761
0.9046537
0.6579876
0.71242684
0.923747
0.8707925
0.91436994
0.91456014
0.9034542
0.8648106
0.93376285
0.9157134
0.84227353
0.9043879
0.8275455
0.6997985
0.8834329
0.84103286
0.87147534
0.7366275
0.9237622
0.7622267
0.92938125
0.96570873
0.6739942
0.6842619
0.6617667
0.5424976
0.8393336
0.8659799
0.952264
0.50603884
0.92003036
0.7831156
0.85434526
0.9635468
0.6389028
0.71009994
0.894822
0.8197286
0.9296577
0.8648077
0.803601
0.8987957
0.8734511
0.89976573
0.8046243
0.9027665
0.91053456
0.8433177
0.9144702
0.7422037
0.8965123
0.64572066
0.9619301
0.8280852
0.780573
0.81109893
0.95068055
0.9392464
0.8812159
0.5545578
0.8476928
0.89889425
0.90738046
0.92313683
0.79162645
0.9181309
0.81163955
0.8580761
0.95599556
0.830198
0.8765408
0.9268664
0.62907857
0.8972089
0.7563561
0.8715869
0.8489851
0.8876949
0.91124
0.8866455
0.9190574
0.865226
0.89557743
0.8830132
0.8931422
0.8900888
0.8161822
0.9068593
0.8173673
0.88548154
0.63498044
0.7870574
0.87232304
0.8247701
0.4878138
0.8378692
0.82617927
0.9257768
0.9428193
0.75702137
0.88903224
0.861702
0.9080109
0.85575366
0.7326987
0.89226836
0.29037175
0.8006979
0.9587027
0.9338451
0.885059
0.7988331
0.7872543
0.808807
0.8599184
0.85304236
0.9573099
0.6774915
0.5099706
0.68823886
0.8511675
0.8530741
0.90840936
0.80732274
0.75546765
0.88743377
0.88768905
0.93923295
0.9590624
0.7433286
0.8582834
0.95277053
0.9080268
0.8616024
0.8769689
0.7179843
0.9507416
0.785021
0.8536862
0.63775605
0.96317863
0.8389255
0.8707491
0.8136438
0.87011695
0.8625594
0.9247869
0.8791491
0.8379287
0.9374976
0.9529604
0.88665974
0.7847427
0.8993351
0.6672848
0.8472392
0.7906056
0.8255204
0.9034681
0.8782588
0.8201865
0.8229414
0.88705087
0.89010364
0.9424593
0.8205049
0.8432456
0.8794683
0.840061
0.9118767
0.8235098
0.8797656
0.9285269
0.85152996
0.8222852
0.8342506
0.80005914
0.8646958
0.8659369
0.8567219
0.86529005
0.7862563
0.81423116
0.86038053
0.80456746
0.82368934
0.5188082
0.79309577
0.86176777
0.88009804
0.8682535
0.92505556
0.9017953
0.8430594
0.83336157
0.8542019
0.7944802
0.9281645
0.85370934
0.8901639
0.89065033
0.8065783
0.69444144
0.9028985
0.564251
0.92577744
0.95624614
0.87538636
0.9390317
0.8880631
0.6366151
0.90135735
0.91898704
0.8199636
0.8994415
0.7118721
0.8250842
0.90118694
0.87794584
0.8581203
0.94137913
0.8202917
0.90702885
0.85014665
0.9504894
0.70632046
0.89330006
0.9534007
0.80823296
0.90500164
0.8427064
0.8872925
0.90918505
0.86702234
0.91665286
0.8901337
0.78071934
0.89172447
0.61041224
0.7931166
0.91375136
0.92490816
0.7620896
0.93629193
0.910064
0.827768
0.89061177
0.37505996
0.89670503
0.8968225
0.9638607
0.8399834
0.9537481
0.5911927
0.80772996
0.9683757
0.88963306
0.7132336
0.90497386
0.8367804
0.7355718
0.7424643
0.5769087
0.8986938
0.9256
0.74982005
0.73041725
0.84501547
0.63100916
0.9481203
0.81254166
0.78106743
0.91893446
0.6711206
0.7864335
0.52303284
0.81681037
0.91615117
0.7894696
0.56683815
0.9001826
0.7785376
0.8452038
0.7917225
0.75611645
0.7796751
0.928119
0.79062396
0.817342
0.72427905
0.8614218
0.7080217
0.8969452
0.8008317
0.8559257
0.7932812
0.91350144
0.913606
0.82795626
0.9172712
0.6486025
0.62081236
0.9282645
0.8476087
0.75638247
0.83626795
0.88434213
0.80147547
0.9311749
0.90412724
0.78873014
0.8869355
0.52452344
0.9046386
0.90510446
0.9121806
0.7222765
0.9391442
0.8674097
0.96030724
0.83951086
0.6300593
0.87355995
0.78276026
0.8708535
0.8691292
0.7844709
0.8641763
0.80985737
0.80021894
0.7685031
0.7255273
0.7547074
0.8568281
0.7858311
0.8135679
0.91343683
0.94091064
0.93093073
0.703796
0.744841
0.94826365
0.90422726
0.8537444
0.9064425
0.82309407
0.76568246
0.7877778
0.76038486
0.9001963
0.69966775
0.8989593
0.6526753
0.64139223
0.87489206
0.70608276
0.9366776
0.89642745
0.51025385
0.8559614
0.85558146
0.8377582
0.9026828
0.70994854
0.76568395
0.83767354
0.9335094
0.915527
0.77883446
0.9377949
0.60429454
0.93737483
0.9303793
0.8429111
0.8263817
0.8834534
0.9172622
0.9362261
0.9246573
0.9369065
0.94933057
0.88451093
0.8822598
0.90276927
0.70392144
0.7869531
0.682719
0.9412012
0.9187801
0.74424344
0.85396814
0.9037647
0.91982555
0.9034157
0.9460802
0.6940936
0.81346637
0.794778
0.7727287
0.9102503
0.84508073
0.9482008
0.773602
0.93596435
0.6387037
0.8717001
0.65621156
0.88244075
0.87621206
0.8670955
0.7317889
0.82687867
0.8244337
0.86588585
0.9594362
0.5182617
0.757606
0.9644218
0.9120654
0.88501084
0.9522266
0.88154125
0.73390806
0.9241481
0.9456559
0.9144132
0.9298841
0.9119487
0.8334511
0.7135967
0.85863125
0.7892981
0.7435389
0.7357143
0.955042
0.68349826
0.8025037
0.61889493
0.86085236
0.8124568
0.84951526
0.92888373
0.92351604
0.8950343
0.9062542
0.815584
0.8033042
0.92187816
0.8264213
0.90407777
0.91865367
0.9149539
0.8754293
0.7960475
0.78694713
0.9336369
0.88470197
0.9179661
0.61753863
0.89209944
0.9452554
0.8493435
0.78278285
0.9681015
0.7069886
0.8391501
0.7535237
0.7584932
0.83465993
0.8679642
0.9443209
0.8358464
0.88353807
0.83439404
0.83112806
0.9435131
0.94402474
0.91146994
0.8950541
0.599942
0.8770965
0.9221764
0.71641475
0.88222307
0.7380549
0.8745817
0.9446059
0.83138865
0.8358303
0.789869
0.89599496
0.8689301
0.92848456
0.88668215
0.7273478
0.81234366
0.833135
0.9075626
0.87810737
0.866098
0.7490706
0.8323718
0.9201908
0.6652926
0.7998679
0.64739007
0.8526441
0.91508144
0.8935286
0.833095
0.7792461
0.6830648
0.9163544
0.82883334
0.77007407
0.73792267
0.8610656
0.9311064
0.702216
0.7467747
0.9460182
0.88667357
0.8571373
0.69979906
0.8900082
0.9274596
0.9641345
0.86664337
0.88645947
0.89666337
0.96256775
0.8994838
0.71045923
0.9034754
0.8461486
0.8502589
0.67247015
0.83993995
0.96289325
0.77364635
0.8475525
0.81139576
0.9147138
0.8041717
0.8499193
0.80381316
0.9265598
0.8844339
0.76544803
0.69687855
0.7283905
0.8862023
0.8752099
0.9104281
0.85405904
0.92549396
0.74128175
0.91865855
0.8596295
0.7104606
0.8898669
0.81608164
0.7760119
0.8795332
0.9147666
0.9067025
0.8726406
0.86887103
0.876929
0.643276
0.7549571
0.85097545
0.20249847
0.82838386
0.6149077
0.8199167
0.86893433
0.79353666
0.92374766
0.7743506
0.8217843
0.88321894
0.9206967
0.7033846
0.95102
0.831033
0.82574797
0.92865443
0.9068268
0.83957577
0.80537176
0.843959
0.8758141
0.7993182
0.77349186
0.8025141
0.93668365
0.9194083
0.83155304
0.9302154
0.866703
0.6212191
0.83757997
0.92507356
0.9366025
0.85528165
0.91535085
0.8959554
0.66882145
0.8324784
0.95710397
0.9047543
0.3545309
0.6303528
0.9563801
0.5399896
0.9464103
0.946847
0.88257265
0.83172786
0.8940884
0.86972773
0.88415945
0.93137276
0.88027984
0.70106024
0.8584837
0.7622789
0.98049664
0.6597424
0.712449
0.8280914
0.9210387
0.75832444
0.8658451
0.88088834
0.8593155
0.8869297
0.9030653
0.8718142
0.7292739
0.7501957
0.81054443
0.89073
0.75287825
0.6828362
0.6117226
0.8833602
0.9139736
0.9181694
0.8276803
0.8640391
0.77416515
0.9150632
0.8768343
0.9471279
0.8635862
0.8486646
0.89137155
0.44071501
0.7732565
0.90170264
0.8371552
0.747103
0.86781245
0.9038398
0.86009413
0.830707
0.88950574
0.92229784
0.5932284
0.8778697
0.7920466
0.78411806
0.70248705
0.8823041
0.7395192
0.8774086
0.87086374
0.9092103
0.9502703
0.9322119
0.80282086
0.81069607
0.8474539
0.83891803
0.9602664
0.83563536
0.84290737
0.9599107
0.7408495
0.77303636
0.8413302
0.7762676
0.71676123
0.95497227
0.7132934
0.87070864
0.9139591
0.7863807
0.758859
0.9579108
0.9384308
0.71782374
0.94267017
0.9254176
0.88958466
0.8301668
0.8269025
0.81836796
0.6836313
0.82590884
0.842078
0.60660064
0.90776056
0.94332725
0.8274949
0.8325105
0.76186866
0.8728894
0.84278595
0.9293571
0.6992372
0.81248003
0.92452556
0.8550389
0.7922633
0.96634924
0.9286181
0.8129351
0.7472525
0.8825009
0.8769834
0.9387296
0.95024186
0.8981796
0.9468959
0.8321855
0.87829614
0.8584443
0.72942
0.55744225
0.83309805
0.8304926
0.8746319
0.9456299
0.832589
0.8066176
0.95620096
0.88473934
0.68873435
0.89927256
0.83372515
0.8239356
0.803388
0.8650089
0.85351324
0.8579348
0.90584075
0.8197318
0.93864524
0.910204
0.77318984
0.66657
0.9436376
0.808492
0.856455
0.7158314
0.5543194
0.91158473
0.8601376
0.90013534
0.874978
0.80995864
0.8810097
0.9329183
0.8020218
0.86326075
0.6737232
0.91853255
0.8919704
0.8607931
0.8311527
0.8671129
0.9622728
0.9083656
0.9567358
0.90191126
0.8478463
0.8626082
0.92112887
0.89049727
0.7989982
0.7414852
0.8431272
0.91124636
0.94252175
0.8833777
0.90919
0.6720209
0.9027718
0.650093
0.89144814
0.79977316
0.902292
0.86864156
0.83670205
0.9481844
0.81841743
0.9068291
0.8350554
0.89036405
0.8495581
0.8245097
0.47408998
0.83684754
0.6949426
0.68727905
0.8732617
0.8731592
0.9180516
0.84925663
0.9380243
0.77448803
0.7920985
0.8526296
0.85192806
0.83636314
0.8779367
0.7934155
0.7834437
0.88855577
0.8431405
0.8782945
0.6168702
0.69195163
0.80545455
0.8749808
0.6562729
0.9070033
0.65660965
0.8571694
0.85746586
0.8580078
0.9334776
0.80448
0.95609456
0.91751504
0.885052
0.7822927
0.9405757
0.8645363
0.87350786
0.920215
0.82387793
0.86192405
0.94191366
0.93541217
0.8845688
0.8865482
0.9053338
0.95426446
0.8580213
0.6948457
0.70839435
0.8013701
0.8272003
0.70217174
0.7810739
0.9121308
0.777637
0.8875115
0.81048167
0.8515148
0.81524014
0.7032275
0.8493295
0.9145671
0.82981956
0.907469
0.80777806
0.8655199
0.90140545
0.94521576
0.9058016
0.91674936
0.9215826
0.9008521
0.74042326
0.8585082
0.85706574
0.8582858
0.82384735
0.9189291
0.89823574
0.8338999
0.9476773
0.935913
0.95748955
0.7724148
0.7989972
0.8508701
0.84943855
0.92281544
0.92546374
0.92001975
0.52921236
0.8839399
0.84241337
0.9221735
0.8428191
0.8920553
0.6185712
0.82126456
0.8489563
0.6031734
0.5144858
0.7368212
0.77260983
0.7770592
0.956635
0.7961727
0.8326398
0.9268856
0.8754511
0.80061424
0.82304966
0.8321553
0.74147326
0.8794848
0.9652692
0.89766026
0.8654212
0.86382306
0.82350045
0.8629532
0.86645633
0.80984557
0.93379194
0.9141656
0.76150745
0.8530718
0.6784968
0.88029146
0.93498766
0.7933112
0.8488643
0.87243575
0.85117275
0.85561264
0.747429
0.70563614
0.94717586
0.7438533
0.87962973
0.8944809
0.9622755
0.9300067
0.89260614
0.92000914
0.701322
0.6642856
0.85060835
0.8897748
0.9039594
0.84067076
0.80173737
0.8566978
0.8063597
0.8898217
0.93701756
0.71269214
0.9150299
0.82099825
0.90846133
0.8471337
0.8432661
0.89440036
0.8129514
0.85986304
0.6917817
0.9301157
0.8715807
0.7749485
0.7365826
0.82418764
0.9201144
0.8149556
0.9137646
0.78105146
0.7030943
0.91265035
0.9334456
0.8789384
0.83246714
0.769242
0.870736
0.8958262
0.86310875
0.87955207
0.90093684
0.8615885
0.78966284
0.9102518
0.87223935
0.8668812
0.8841847
0.6414299
0.9666421
0.796469
0.83658767
0.90722
0.86081403
0.74895823
0.69516844
0.8842997
0.81223106
0.8573582
0.9352291
0.92073596
0.780365
0.8631753
0.93609023
0.89789665
0.86069196
0.79929024
0.839002
0.6112542
0.95610845
0.81744653
0.7632908
0.7903114
0.9087751
0.822384
0.62257826
0.9283725
0.8889148
0.8638436
0.89615357
0.9511234
0.9087113
0.9410364
0.93396306
0.85264266
0.7351048
0.92477
0.930344
0.6318174
0.58869183
0.8632971
0.90656036
0.8296315
0.91280675
0.81967556
0.73923314
0.93704414
0.7121826
0.86080015
0.77607906
0.62344587
0.7214614
0.8063511
0.91667163
0.86827683
0.77425265
0.78316987
0.6275509
0.88966
0.94005275
0.89771986
0.8228101
0.9300609
0.8742621
0.803995
0.8905097
0.94618225
0.8600953
0.94049233
0.84814644
0.83279526
0.7205932
0.9208645
0.8828548
0.9613658
0.8208671
0.8079819
0.9022682
0.87529904
0.8787885
0.83355665
0.85018957
0.891297
0.64939773
0.71489185
0.79282933
0.86983943
0.9106682
0.83851993
0.796045
0.7441814
0.9010591
0.9164161
0.6758389
0.8758741
0.76851493
0.9207232
0.78928465
0.90672565
0.8360785
0.7861791
0.6315269
0.9140998
0.8773957
0.95148814
0.8851112
0.7503366
0.9643532
0.67794645
0.731393
0.94471097
0.7827409
0.8016564
0.930433
0.5304689
0.84829086
0.9232795
0.9547
0.88325506
0.957035
0.8728771
0.9038603
0.7556162
0.90340245
0.87770945
0.75706637
0.86765814
0.84580076
0.919207
0.71478176
0.9162109
0.6733534
0.8919479
0.7425855
0.8748579
0.8716029
0.82007635
0.9031469
0.815284
0.91487575
0.8746959
0.82973075
0.9063087
0.7270438
0.9166764
0.6626004
0.9199701
0.66137904
0.89786744
0.8193478
0.86463636
0.89615536
0.8924613
0.9625298
0.90372443
0.69850934
0.89152974
0.82697964
0.93683404
0.9404785
0.7496095
0.7020111
0.9393047
0.9100225
0.91556275
0.6325679
0.9361183
0.6055363
0.9319072
0.7932228
0.90411353
0.91767883
0.91756386
0.9556218
0.5906044
0.8394463
0.88090754
0.8668643
0.7965815
0.93502253
0.9450924
0.91358876
0.8338194
0.86179775
0.7079704
0.2884566
0.766726
0.83899164
0.929633
0.68711066
0.7814805
0.9314814
0.9517336
0.77306575
0.83279145
0.8116107
0.9191719
0.68020654
0.8866919
0.8948376
0.9576932
0.87754875
0.7019934
0.81634325
0.8404764
0.9647664
0.87852716
0.89448667
0.6225746
0.854793
0.89967406
0.880758
0.9738165
0.49167457
0.9167789
0.94173944
0.96846944
0.8908644
0.7916541
0.93767804
0.75395364
0.8355662
0.67377305
0.8955297
0.81032574
0.876523
0.79538614
0.892375
0.8580726
0.8572727
0.8733295
0.89781797
0.74959993
0.8551744
0.8765368
0.71277213
0.8956367
0.84259075
0.8879911
0.8184285
0.7594444
0.86384344
0.9284982
0.8527967
0.8988464
0.7750555
0.9396362
0.96318924
0.93867004
0.88000214
0.92444605
0.82725596
0.8570754
0.84540033
0.81557256
0.8804235
0.8770031
0.88435435
0.873866
0.7555085
0.56916183
0.6754168
0.92223465
0.8816012
0.800313
0.8789114
0.8984287
0.8941982
0.8338993
0.8628661
0.9577075
0.6973646
0.713842
0.7038137
0.9354229
0.75981843
0.71297836
0.82313734
0.86221546
0.88058317
0.89032185
0.8260155
0.87257725
0.5630213
0.8416464
0.8340257
0.8799247
0.59457135
0.9199755
0.9584346
0.9142164
0.7030047
0.8353442
0.92732775
0.75309384
0.9248155
0.71741414
0.8725358
0.8671249
0.88878644
0.8251679
0.9632082
0.7898917
0.6883784
0.9031377
0.9361138
0.8279698
0.86914885
0.89371717
0.9531713
0.7846627
0.95143545
0.89462674
0.83574295
0.8933179
0.9013722
0.8210364
0.79942375
0.87957287
0.7822851
0.6214985
0.91317743
0.9187986
0.9419575
0.8101368
0.9673192
0.9458185
0.81091434
0.8613112
0.9011844
0.9078635
0.91577303
0.97119516
0.9213289
0.7620447
0.90173477
0.8879038
0.8715688
0.8534432
0.77274734
0.8179339
0.9676184
0.95145327
0.8577377
0.6695491
0.9833683
0.92154276
0.8653469
0.7596859
0.73627526
0.9316484
0.86941856
0.88084805
0.80975866
0.9068385
0.9833987
0.95195127
0.8529013
0.92235357
0.69865453
0.8950796
0.8811603
0.86229634
0.81107616
0.6323173
0.90566313
0.93036646
0.8120547
0.7069558
0.77496755
0.7774011
0.9262881
0.8919592
0.8704865
0.8309993
0.93028104
0.72099483
0.87365794
0.7495963
0.95732975
0.86383355
0.92952704
0.8122443
0.9386103
0.8634336
0.9126374
0.81708866
0.88746643
0.94139045
0.8556551
0.8560186
0.8312405
0.8487276
0.91748273
0.7745054
0.8869223
0.8420415
0.9310203
0.87249005
0.72550714
0.8239383
0.88880306
0.9360543
0.8882152
0.87716365
0.9686393
0.94715345
0.7936594
0.92583585
0.7418722
0.8864826
0.90127385
0.5983036
0.87891763
0.915273
0.58570707
0.9433689
0.9047123
0.81193614
0.8340712
0.85193104
0.6097685
0.94011563
0.7957884
0.88032806
0.814152
0.8747003
0.8251536
0.7905538
0.93401885
0.8571201
0.84263754
0.96371675
0.9452784
0.91598445
0.8807226
0.9344859
0.9507272
0.70690614
0.93839955
0.92215776
0.84079087
0.50235313
0.84161276
0.76154804
0.90013963
0.8397252
0.84693694
0.84287333
0.92872345
0.8810339
0.49732125
0.9549546
0.9371884
0.91038036
0.9686993
0.9101357
0.88721746
0.8439502
0.9119725
0.9472716
0.6880396
0.798852
0.9385744
0.8765407
0.8177204
0.91389644
0.8580471
0.82913166
0.8956913
0.92475235
0.8908497
0.7532389
0.7824848
0.90755314
0.6587073
0.9365016
0.8911315
0.9007906
0.6801885
0.8542904
0.67617977
0.78565377
0.84599555
0.8770144
0.5909611
0.88220626
0.85321116
0.7416444
0.88945574
0.83541864
0.9323236
0.894033
0.88203865
0.84534687
0.97979295
0.8676572
0.9186691
0.95149064
0.8523819
0.7567484
0.9109938
0.8984345
0.7144204
0.64216876
0.73447317
0.8970071
0.86661875
0.7905349
0.8731637
0.8932129
0.8658734
0.88545513
0.84953475
0.7686793
0.75100356
0.72116077
0.7441341
0.89600444
0.68738437
0.7996372
0.8946901
0.7923374
0.7215543
0.8922926
0.92999744
0.87544274
0.8122574
0.93731326
0.835056
0.74496824
0.9256238
0.8707751
0.82511765
0.68641114
0.7831813
0.85539734
0.8508278
0.81765366
0.9487517
0.79577607
0.8899111
0.94031745
0.9041598
0.9302508
0.86377263
0.74293494
0.92292833
0.81767374
0.9259676
0.85525715
0.9341865
0.93255806
0.88283825
0.973898
0.64259183
0.92259693
0.8477913
0.8614549
0.90143514
0.74475396
0.95147145
0.8925242
0.835586
0.8062923
0.44382656
0.79892665
0.8912769
0.69636583
0.7152427
0.98443174
0.880065
0.87439734
0.81801945
0.8755517
0.89556044
0.7015914
0.97424126
0.91711235
0.90712947
0.85352945
0.9546838
0.9083439
0.9322896
0.9040236
0.75591516
0.8949732
0.7094675
0.77425456
0.93958646
0.9377174
0.89176977
0.8066729
0.77565277
0.7089846
0.86920273
0.89096177
0.93085825
0.9347012
0.79990596
0.9457745
0.9107806
0.90885884
0.94022053
0.90353286
0.91849756
0.8150567
0.877126
0.8957766
0.9022442
0.8132397
0.9027151
0.7643302
0.8731687
0.9292223
0.81455135
0.9343994
0.8326802
0.9451066
0.7326518
0.8587015
0.91084176
0.8285377
0.9148327
0.9218746
0.61939883
0.93161964
0.86016494
0.85496306
0.8912344
0.906421
0.8812076
0.8427943
0.7606273
0.8434111
0.587218
0.8767373
0.745448
0.75515836
0.9077271
0.7295707
0.93836296
0.94591105
0.6657454
0.8278339
0.9708584
0.69425446
0.6868912
0.6978533
0.7414173
0.8770349
0.73020345
0.7088298
0.8440252
0.7855571
0.74641424
0.79137033
0.66309905
0.7632817
0.9337357
0.72873586
0.6485675
0.957179
0.8637627
0.8872361
0.9000912
0.89439774
0.8212935
0.93095875
0.8526975
0.8664543
0.9078651
0.8269617
0.89580727
0.84560895
0.8225888
0.92203885
0.70978373
0.7967906
0.8570459
0.8472944
0.9242867
0.9508207
0.8310288
0.90265274
0.8186326
0.8237064
0.71710026
0.87806594
0.8922517
0.9281328
0.8512603
0.9480611
0.9270054
0.87643546
0.9047864
0.8877324
0.7979686
0.8408398
0.884567
0.8549522
0.9251722
0.7916797
0.9320232
0.8604568
0.86264247
0.7598627
0.8405802
0.6322438
0.94820046
0.62850046
0.8531607
0.8724693
0.57151264
0.8599811
0.92304635
0.839852
0.7154901
0.870918
0.6536369
0.76029456
0.7192524
0.93700767
0.95912945
0.88880193
0.7893009
0.8776007
0.7232059
0.8308245
0.65841883
0.89382714
0.86763614
0.84354126
0.67238
0.97479826
0.97396195
0.8669988
0.7738583
0.88150096
0.78283083
0.828912
0.8785977
0.8507117
0.76292616
0.8985109
0.57007515
0.8907679
0.9304037
0.65902895
0.65673137
0.85398626
0.7930509
0.80867374
0.9443157
0.87443584
0.7984775
0.7251346
0.9656601
0.86064667
0.9294052
0.78676206
0.8823756
0.94528174
0.95319265
0.93281794
0.81109256
0.7523639
0.72044444
0.89034104
0.92213976
0.75004184
0.88017094
0.7477528
0.77759886
0.730517
0.8786338
0.86715734
0.8433095
0.63410115
0.93844074
0.94220805
0.9301218
0.9425446
0.7818861
0.87206626
0.8764679
0.9619599
0.81683826
0.89603025
0.91621417
0.84881926
0.8346342
0.88201296
0.76097137
0.9320799
0.7733219
0.9392103
0.8340987
0.71544003
0.8656582
0.9127947
0.83188474
0.8565101
0.8540616
0.93439895
0.9013997
0.8971754
0.9171145
0.7371739
0.8846868
0.79185474
0.8788688
0.77480704
0.9045921
0.82639474
0.90623736
0.9691696
0.82900333
0.86582106
0.87910026
0.78396356
0.97314984
0.7724538
0.78321093
0.7795211
0.4836239
0.9007503
0.8334116
0.86891323
0.62667894
0.7098133
0.8001154
0.8661055
0.88027656
0.76854354
0.6501788
0.78658044
0.8880889
0.83674586
0.83215094
0.9014367
0.80016786
0.91412604
0.7986804
0.8630787
0.7199227
0.8608964
0.64292294
0.7554446
0.9376202
0.8247714
0.7082394
0.87783706
0.8896569
0.96478426
0.9001368
0.8941806
0.744192
0.8487615
0.8494847
0.81668735
0.7609023
0.9409669
0.92212504
0.77027875
0.9546421
0.8612452
0.9701151
0.8249786
0.92804617
0.7712494
0.7669553
0.7788924
0.7295855
0.88163567
0.82819587
0.90788597
0.92182994
0.8787455
0.82561976
0.763083
0.81996703
0.7869273
0.92233616
0.7957641
0.8793516
0.82110006
0.9036348
0.8934941
0.9178814
0.8299769
0.82036304
0.91305065
0.9598576
0.8047676
0.70861185
0.91424286
0.90585506
0.7083641
0.94711584
0.85476667
0.8924911
0.7474697
0.867077
0.7845207
0.93291765
0.67408174
0.88096595
0.9115299
0.9456614
0.893744
0.89234614
0.92800134
0.9177731
0.83266836
0.93957067
0.8326589
0.8359393
0.9509794
0.88214386
0.74256194
0.91952384
0.8791489
0.9285805
0.9473425
0.8332149
0.9195441
0.9284957
0.78454983
0.83520985
0.9377413
0.744837
0.58577764
0.86617386
0.76949036
0.8969704
0.9238088
0.8637652
0.91048354
0.70856035
0.8949561
0.93529356
0.7983471
0.8637202
0.9147049
0.8190106
0.74194187
0.78807753
0.81683075
0.68406004
0.7653613
0.88777286
0.887206
0.9302465
0.8496604
0.922563
0.8582463
0.84816694
0.8786664
0.6339758
0.6581429
0.68196654
0.77536786
0.7671265
0.87817955
0.8860882
0.8667727
0.8463402
0.8786938
0.61092633
0.9232733
0.8717849
0.886348
0.6487748
0.8412739
0.7060547
0.7292092
0.7960981
0.81028646
0.80342317
0.88064
0.80376065
0.93586695
0.7253345
0.9061639
0.6165213
0.90995634
0.9109623
0.9000446
0.9220574
0.86917406
0.7870876
0.8477726
0.9304958
0.9116613
0.91223097
0.8964907
0.803062
0.9250658
0.96172225
0.8812766
0.87071615
0.8749522
0.86097217
0.86970633
0.7787392
0.8215566
0.9341631
0.9158277
0.9101796
0.7103514
0.88147026
0.85182714
0.70481366
0.848412
0.77225244
0.86186594
0.8673011
0.7866363
0.8377285
0.8558636
0.7831187
0.8097043
0.9623057
0.935046
0.7945573
0.8699379
0.7936509
0.75117916
0.6056474
0.8872391
0.8122357
0.87174493
0.9439502
0.8123962
0.8444985
0.730074
0.91198295
0.7944224
0.8947065
0.7834887
0.865179
0.80650544
0.8963245
0.9138997
0.75231785
0.80990666
0.85050076
0.81909776
0.83451724
0.72985876
0.8682858
0.80561846
0.9860542
0.90220594
0.82364696
0.8979174
0.79435545
0.8212989
0.82280654
0.92313933
0.70433754
0.8955424
0.7733679
0.8336236
0.8741424
0.7702351
0.9484553
0.95514774
0.880628
0.9472666
0.7697526
0.9238535
0.88817775
0.91603804
0.90116537
0.9129923
0.91808414
0.92729276
0.8574479
0.9326799
0.9241973
0.6977019
0.87103236
0.8437224
0.9220381
0.86514765
0.85808426
0.8462656
0.93769515
0.89703494
0.64417756
0.9365535
0.8480659
0.83632255
0.9248642
0.9374382
0.8655874
0.93548036
0.7650843
0.6605625
0.82986915
0.91652894
0.91491103
0.69000024
0.7111058
0.9115685
0.901193
0.87867695
0.89687634
0.7162121
0.7107016
0.87876546
0.89346397
0.85212094
0.92689884
0.9653981
0.7041367
0.65611094
0.7715563
0.9508556
0.8161183
0.93986475
0.94386536
0.80132496
0.9215916
0.8845234
0.8214883
0.8004738
0.78983045
0.7869775
0.92736214
0.88030636
0.8495959
0.88801885
0.90539837
0.83320343
0.4202196
0.9109185
0.89727634
0.8310583
0.8229774
0.9086895
0.8748129
0.8065055
0.8661984
0.74772084
0.8830107
0.9345517
0.9214764
0.59220856
0.90535563
0.88659674
0.89524823
0.8589051
0.83321476
0.82440454
0.88174915
0.96938187
0.9653267
0.94300956
0.80033374
0.81451035
0.80378306
0.6734024
0.8148476
0.94463545
0.8423968
0.7889253
0.84614336
0.91895974
0.7821866
0.9428205
0.8398311
0.9388418
0.9135654
0.67636627
0.6710908
0.65686196
0.8437836
0.69881594
0.95038843
0.7592101
0.8083696
0.86909187
0.8476676
0.8382639
0.92799884
0.9309051
0.8824214
0.849681
0.80346215
0.8069426
0.66157466
0.58208877
0.8162779
0.78578055
0.8356452
0.8519384
0.85003906
0.86957496
0.85688055
0.9137256
0.8342833
0.7466905
0.96034837
0.84277457
0.8551663
0.803088
0.9708789
0.81367016
0.88096786
0.9309925
0.73462844
0.70584303
0.66591936
0.8888434
0.93532634
0.8190035
0.9024873
0.9198156
0.8263357
0.88931906
0.8040996
0.85848653
0.94367504
0.87885773
0.82434475
0.9339821
0.8555046
0.9516791
0.66546077
0.67525643
0.68757
0.85959685
0.9134163
0.7334982
0.7189105
0.7996391
0.9168706
0.68744695
0.924986
0.83230907
0.78048146
0.8372991
0.7742689
0.9304615
0.6856566
0.7536392
0.88192177
0.89779955
0.84621674
0.6707001
0.9666784
0.92239857
0.969101
0.8325962
0.80694366
0.88485736
0.8255889
0.8318991
0.8469583
0.87170935
0.7384603
0.8777898
0.8617157
0.8174605
0.65895826
0.9117257
0.9581182
0.8197832
0.7884824
0.87137747
0.87409705
0.776659
0.8005301
0.7856021
0.8596043
0.8685424
0.91478443
0.9120987
0.92184997
0.7682975
0.7339495
0.70945007
0.88576066
0.80275106
0.8977079
0.73563004
0.85494506
0.91724694
0.73715776
0.94707125
0.9338197
0.82327855
0.7790915
0.94207317
0.9061063
0.91162777
0.8072575
0.89168197
0.81784755
0.8940176
0.9132602
0.9062336
0.9372044
0.71246886
0.8704027
0.7484776
0.9049521
0.9172956
0.71515995
0.6752662
0.8427259
0.8152534
0.9573882
0.7422709
0.8072374
0.8118376
0.8292898
0.9208826
0.79981464
0.85882574
0.8957225
0.87713957
0.8973121
0.9525599
0.893773
0.80447626
0.9043694
0.77864975
0.94914895
0.8263952
0.87725097
0.97430545
0.93755364
0.86645377
0.6926789
0.856378
0.81379217
0.93333256
0.83634406
0.7521311
0.94386363
0.96399975
0.8965149
0.8264319
0.93775827
0.9315167
0.8935579
0.88302225
0.875668
0.57363343
0.9523355
0.84951174
0.9356303
0.84217393
0.8411236
0.8574322
0.9547791
0.83474606
0.9381986
0.8490325
0.9436607
0.76245576
0.8961051
0.88580495
0.7145467
0.6510095
0.8504701
0.8007947
0.8432816
0.8734384
0.7840776
0.8915688
0.893356
0.88788176
0.914844
0.82856476
0.83420825
0.8972168
0.6819209
0.91499823
0.91719794
0.8991642
0.8558594
0.8149374
0.87222135
0.89009064
0.9078258
0.9071644
0.86144847
0.8205709
0.70691895
0.8601345
0.9557739
0.85684735
0.96146226
0.82328534
0.65106577
0.82735145
0.81821734
0.7956042
0.7448435
0.7899387
0.89011997
0.8204022
0.8903711
0.94869727
0.8668957
0.95474344
0.751671
0.7918276
0.8128317
0.9326625
0.96006334
0.85346496
0.96044505
0.8373046
0.8346124
0.8829512
0.62815076
0.764064
0.9557722
0.9400816
0.8930348
0.8491243
0.8240362
0.84305954
0.7224962
0.80743873
0.8504912
0.7988113
0.8917087
0.77880585
0.7845292
0.8956827
0.7133268
0.74282104
0.7602231
0.7435932
0.8732854
0.9563394
0.8759992
0.81777346
0.81377935
0.86802024
0.9512478
0.95215744
0.6325607
0.95592093
0.6790806
0.8637799
0.9443528
0.8226801
0.9740116
0.8431605
0.6034417
0.86034995
0.78279096
0.7978418
0.9237611
0.73297054
0.9302703
0.85521036
0.7929358
0.7801763
0.8144627
0.8927571
0.88275754
0.97973055
0.8934787
0.76897526
0.8382203
0.8804376
0.72017044
0.8960458
0.7796688
0.8990766
0.77407724
0.8207592
0.9366595
0.7915114
0.8125899
0.8494883
0.71696097
0.7462356
0.94342816
0.9621453
0.7962574
0.8944112
0.77993476
0.9048609
0.8107362
0.8934397
0.8191376
0.89579415
0.8617456
0.96146274
0.9411936
0.8553725
0.8766449
0.8895247
0.7795891
0.7475624
0.9280342
0.8571005
0.69725555
0.8157636
0.88739073
0.90595734
0.9200969
0.8471076
0.8741298
0.7596819
0.93761516
0.7607332
0.8666774
0.870428
0.69336474
0.89956737
0.9841469
0.919508
0.80307734
0.8807839
0.8535392
0.8561053
0.9056828
0.86391973
0.7724644
0.831964
0.60603213
0.64398056
0.75440705
0.8600585
0.8730083
0.93084544
0.85666525
0.8912549
0.909844
0.9214679
0.9464299
0.8548333
0.8542994
0.93428504
0.89531034
0.69295216
0.89977235
0.93978876
0.8972869
0.90525585
0.8882313
0.8056048
0.9328174
0.7133061
0.82119364
0.77114856
0.64088595
0.8285562
0.8299653
0.8916683
0.78611875
0.9674401
0.9635874
0.7938234
0.8667672
0.9360732
0.8735263
0.7001747
0.8843879
0.7659862
0.68365866
0.90770876
0.79473424
0.8150586
0.9256803
0.88264954
0.87719053
0.9134408
0.91613406
0.7060652
0.9155697
0.9143773
0.8074877
0.76056975
0.833014
0.90566534
0.82926947
0.838447
0.69547176
0.8628099
0.70209485
0.6627936
0.8195811
0.94750327
0.71515846
0.8143537
0.9038289
0.94618607
0.81798816
0.8788711
0.912341
0.9016673
0.6562194
0.8054781
0.6798312
0.90572405
0.94877577
0.9536511
0.85453427
0.81379163
0.76787156
0.9204136
0.8088025
0.93399954
0.8484206
0.9302594
0.655733
0.82018536
0.891284
0.91153514
0.85420823
0.94410425
0.40176123
0.743992
0.9656181
0.8593817
0.5921027
0.8844403
0.8900034
0.793313
0.9001438
0.89985496
0.624883
0.92007446
0.73610973
0.7799579
0.58480597
0.8686273
0.51356214
0.91242355
0.9253819
0.8867222
0.8896538
0.95503986
0.7953668
0.88138235
0.9782299
0.8133591
0.6680679
0.8324703
0.94596064
0.8460343
0.864834
0.8625691
0.9291127
0.91132337
0.89453614
0.8258519
0.92529976
0.87804097
0.9447793
0.8880637
0.9145611
0.89652014
0.81210864
0.9148882
0.73734194
0.89152944
0.7083352
0.47510198
0.8927196
0.7312636
0.8528765
0.9611562
0.85536045
0.80812305
0.7548505
0.7967965
0.75194275
0.8734519
0.9582924
0.87566143
0.9669282
0.8750645
0.70939845
0.78041494
0.79391515
0.94970423
0.85214585
0.80297077
0.82878876
0.7505992
0.86466026
0.86225903
0.8968986
0.85123885
0.9690996
0.71171105
0.926757
0.93148434
0.66698235
0.88542795
0.8263134
0.9591205
0.73818797
0.75402206
0.9721614
0.8654359
0.9255381
0.7406809
0.7754891
0.9458489
0.93971646
0.73274684
0.9368546
0.8487497
0.78204036
0.91204715
0.9152719
0.8267818
0.81189066
0.9581877
0.84214646
0.82681835
0.7340001
0.80721915
0.8943506
0.79651976
0.94472003
0.93840504
0.8693655
0.67678
0.8688388
0.8644643
0.70720667
0.9543656
0.83983314
0.7168258
0.93994176
0.81230205
0.8135958
0.8131294
0.76473737
0.8640171
0.9632874
0.9285778
0.8167213
0.78861356
0.7793228
0.86754704
0.8628319
0.6661646
0.97469914
0.8216095
0.84747463
0.8022999
0.94701463
0.80238795
0.9085871
0.9341943
0.8543997
0.9187154
0.9237082
0.8976302
0.9077176
0.85207415
0.9569007
0.85944873
0.90390307
0.66209906
0.92583936
0.79459196
0.83888155
0.85862267
0.93890905
0.86730826
0.85957795
0.9381177
0.89600015
0.8074175
0.96747154
0.93538857
0.5912897
0.9030211
0.84346014
0.7503363
0.88926333
0.7411597
0.8593691
0.8552706
0.92189586
0.81275237
0.8967383
0.84836024
0.8753344
0.9323941
0.92864436
0.9238301
0.86431944
0.9274872
0.8403553
0.8136651
0.83812344
0.87791836
0.9167342
0.815067
0.8470251
0.9636553
0.58215874
0.8426795
0.9021192
0.69263405
0.9019922
0.8646764
0.8991382
0.87292016
0.7611709
0.9710202
0.72011644
0.7992608
0.58685416
0.97066844
0.88328683
0.898722
0.82476306
0.8328174
0.88778013
0.897727
0.9513768
0.91164577
0.92440856
0.82246625
0.9383488
0.91510206
0.81129014
0.7811687
0.7611486
0.9315308
0.7462632
0.9443358
0.7609843
0.7629784
0.9044211
0.7405553
0.5658107
0.84449434
0.9576712
0.8360964
0.9366478
0.9203379
0.85252637
0.7370188
0.84244436
0.8790394
0.8926232
0.8445787
0.762464
0.8254018
0.81399906
0.8929647
0.84639823
0.82771003
0.75961834
0.5492117
0.74516666
0.7252846
0.8943281
0.8388628
0.9371847
0.8139407
0.8077542
0.9448986
0.7432979
0.9322569
0.9222999
0.75139225
0.7222614
0.8526006
0.95679027
0.8427703
0.95854497
0.8908448
0.8396138
0.92569166
0.6941622
0.8983259
0.88510865
0.8302288
0.75846434
0.90776145
0.9367161
0.93008506
0.91383195
0.9337945
0.7736934
0.8660298
0.7902872
0.9105917
0.8890266
0.92242163
0.9582686
0.90958714
0.8129982
0.7302755
0.84452516
0.85217196
0.8424805
0.87539303
0.89059997
0.86841995
0.9415619
0.74697715
0.9514479
0.92738324
0.93074477
0.77056867
0.91822934
0.79631495
0.7398819
0.9040941
0.6049595
0.89317924
0.75688434
0.9114615
0.86204445
0.8963127
0.80882305
0.94549525
0.738623
0.77673644
0.8107764
0.858933
0.93489945
0.877923
0.8145211
0.9200317
0.79659224
0.9059146
0.9623908
0.5994
0.94375753
0.8795467
0.9089467
0.93981975
0.6697721
0.860694
0.9231614
0.9191427
0.9275966
0.9480583
0.83822113
0.82700413
0.90097666
0.8299171
0.705214
0.88733864
0.95137453
0.7050645
0.862967
0.89533156
0.6027768
0.75938845
0.8117588
0.81072056
0.9176465
0.9576074
0.79948354
0.93609494
0.85280734
0.8847612
0.95456207
0.8548929
0.90922725
0.8348448
0.7970814
0.9530706
0.83069575
0.8141964
0.93507534
0.6844509
0.9641175
0.87343794
0.91116786
0.94967604
0.9295435
0.8926258
0.8709971
0.9033191
0.8475638
0.78275263
0.9173959
0.87530744
0.77738357
0.9515082
0.78753465
0.8880508
0.870216
0.85817826
0.67416835
0.9331371
0.9302206
0.7946803
0.732212
0.95755553
0.6547958
0.7422634
0.72533655
0.94720685
0.84672904
0.908021
0.8538922
0.88175035
0.70816886
0.87394506
0.9379247
0.93111306
0.8488356
0.9402368
0.9358158
0.9479642
0.93615913
0.61105347
0.92470795
0.8338649
0.8995021
0.7494559
0.91851044
0.8877768
0.90297407
0.9120227
0.8673335
0.8981482
0.67428464
0.823745
0.9217691
0.87936264
0.94550323
0.8234132
0.90815425
0.75948304
0.7998979
0.89480513
0.7309568
0.9251691
0.83532655
0.7322824
0.83588946
0.9066221
0.95203334
0.85221744
0.7510362
0.861525
0.9344145
0.84479153
0.6631683
0.9172368
0.72426915
0.7409278
0.88538957
0.73248965
0.6794736
0.9056858
0.9715384
0.8449693
0.90988636
0.44052917
0.81355804
0.93725145
0.8371635
0.8337856
0.74478143
0.8859787
0.8201586
0.8871416
0.8412615
0.8290864
0.8822052
0.75900686
0.8010172
0.9331021
0.74690104
0.8831402
0.90575826
0.8493536
0.92452896
0.83767295
0.5300511
0.8011582
0.85027134
0.9407895
0.95359445
0.77966875
0.90176725
0.80252516
0.85611826
0.8531922
0.9566579
0.813694
0.8873511
0.78026253
0.9064642
0.8547125
0.82009095
0.91709733
0.9704789
0.78897655
0.8816737
0.80728716
0.82373244
0.9179138
0.77399445
0.73761827
0.7964678
0.6315994
0.937088
0.84173477
0.81842583
0.8436948
0.91688025
0.8574352
0.8884583
0.82740784
0.71215737
0.91620123
0.8499951
0.7874042
0.8442894
0.74974096
0.9464371
0.85006225
0.8890783
0.8102444
0.679969
0.9261909
0.8641258
0.6857453
0.76527894
0.8311738
0.589218
0.9234485
0.6811228
0.6401201
0.97468853
0.767224
0.95044726
0.91503227
0.8278095
0.6209717
0.902546
0.88741285
0.8222154
0.79880023
0.8335482
0.84777683
0.88683003
0.75730866
0.9567226
0.86029124
0.8782591
0.9268108
0.76571625
0.9075513
0.8387223
0.8171817
0.84787345
0.94049567
0.8921292
0.7939617
0.95309097
0.8246103
0.85581136
0.5226438
0.8654315
0.8196275
0.80741405
0.86655647
0.9650607
0.8617348
0.69583267
0.8298423
0.93639433
0.81383616
0.6157639
0.92664397
0.78056175
0.95508
0.81255865
0.9674301
0.63313115
0.81164813
0.89188784
0.8685889
0.705148
0.938753
0.8062084
0.8145919
0.9632146
0.8144721
0.7015186
0.7880605
0.79604477
0.95207477
0.7565207
0.8852593
0.94463307
0.87932837
0.7751423
0.84004575
0.90099335
0.85789675
0.8285617
0.9061168
0.855932
0.92585194
0.78272593
0.8183776
0.8735698
0.8553598
0.8441336
0.89692605
0.9121825
0.7417063
0.72839886
0.91827136
0.9057181
0.8356734
0.794929
0.87357205
0.8947588
0.8687923
0.8893258
0.90293413
0.95004976
0.6047948
0.9188845
0.87468636
0.6782927
0.92953575
0.8123219
0.89568704
0.7840177
0.8293071
0.92207885
0.8033441
0.90239644
0.90226704
0.8120355
0.8531801
0.8699397
0.87992877
0.8676886
0.8846295
0.90201503
0.92160267
0.732666
0.6868315
0.8102343
0.8305428
0.9021238
0.87060785
0.9228517
0.91834915
0.93454164
0.831339
0.77538365
0.9443928
0.78382224
0.8552946
0.94199705
0.8933092
0.907505
0.87159455
0.8935627
0.80940974
0.7551477
0.9269164
0.84913945
0.9355493
0.9359849
0.814216
0.9628549
0.62926114
0.89760053
0.8108444
0.9049523
0.9607069
0.9031218
0.9445773
0.84110224
0.9574739
0.7904039
0.92592096
0.826172
0.71817976
0.94345784
0.847102
0.62894857
0.65349823
0.7795787
0.898448
0.85419106
0.8768021
0.93317217
0.904752
0.78993964
0.7075425
0.938481
0.8745266
0.93462104
0.6669884
0.8892563
0.8334733
0.84315586
0.89374256
0.9187906
0.9666667
0.9103141
0.89972174
0.76141447
0.68691903
0.8445684
0.8273666
0.89039326
0.9200649
0.9045572
0.9121759
0.88032544
0.91119665
0.9495857
0.943006
0.7732475
0.8372825
0.96723884
0.94122994
0.62297297
0.9443379
0.8686298
0.9095526
0.95379245
0.8218007
0.93557733
0.86021674
0.8032991
0.8724761
0.90990055
0.9090632
0.7583462
0.8367214
0.9497169
0.8357889
0.71345645
0.82699317
0.83149886
0.89298487
0.90150404
0.91310704
0.8134284
0.92510414
0.8914271
0.7416853
0.8762424
0.844825
0.7061078
0.6490393
0.79075694
0.84804314
0.8631732
0.8697127
0.87613463
0.81340045
0.86053795
0.84762645
0.94169956
0.90640134
0.8847052
0.8206957
0.7900897
0.90229845
0.91988075
0.8943983
0.91647285
0.9310551
0.83009714
0.8267683
0.90705377
0.7946902
0.90917933
0.80418974
0.7757197
0.94214976
0.83109844
0.9081571
0.85304993
0.881387
0.86029625
0.5226274
0.72186184
0.8886672
0.87155885
0.9224287
0.7911558
0.96671206
0.7270914
0.881789
0.73037785
0.95204294
0.93616647
0.8366454
0.6522246
0.8424336
0.42653614
0.7653986
0.7618082
0.88327533
0.60442805
0.65585715
0.6571631
0.90459764
0.6564063
0.7624393
0.8440983
0.68853295
0.79267824
0.831169
0.62993175
0.94309926
0.84851104
0.88355917
0.8102922
0.8445101
0.8824897
0.8682236
0.84078664
0.9425519
0.9399872
0.7957263
0.81478935
0.94887185
0.82874507
0.75126064
0.8632286
0.8494274
0.81802183
0.7626865
0.81923044
0.9084614
0.80397314
0.9521955
0.8036705
0.74264103
0.8912395
0.8253188
0.94946533
0.9078576
0.9274204
0.7245919
0.83291525
0.77854896
0.81611896
0.70872283
0.90528625
0.9319765
0.70738906
0.79054165
0.9607856
0.92272085
0.9539099
0.9175202
0.81674945
0.89867187
0.9758986
0.83279717
0.72406906
0.90127224
0.80831814
0.86199456
0.88673997
0.9479889
0.9305946
0.8490536
0.8753157
0.947702
0.7375155
0.8773385
0.9185825
0.8739462
0.89389026
0.6266855
0.77239484
0.845061
0.78905255
0.8461302
0.7215145
0.9121697
0.83440673
0.85891676
0.9358371
0.89534956
0.5936922
0.86217046
0.85566425
0.8469633
0.83634067
0.8430598
0.84250647
0.87280536
0.94323444
0.9599306
0.8437989
0.9054991
0.7306949
0.83592105
0.872528
0.89980185
0.87712353
0.9050682
0.89916056
0.9572122
0.86729354
0.68436545
0.91540074
0.8444288
0.9404845
0.9644568
0.94399345
0.8598614
0.67287564
0.76322615
0.81862515
0.8214495
0.9126176
0.76291054
0.9696047
0.80668694
0.8406809
0.8201346
0.8338747
0.8122248
0.79812574
0.9213287
0.90817696
0.9022388
0.9087897
0.8525388
0.8810453
0.8987325
0.8817849
0.7554689
0.8339041
0.86916345
0.94690555
0.62033683
0.90592915
0.7035472
0.8071801
0.92316175
0.892997
0.88012743
0.833954
0.8384283
0.69238365
0.8389181
0.83492863
0.9288794
0.8833443
0.8852417
0.84184724
0.8997008
0.4694186
0.7543864
0.9235009
0.9433615
0.87024695
0.909367
0.881844
0.8815178
0.8706019
0.9189984
0.81209654
0.863937
0.8379743
0.72394586
0.92197984
0.96545833
0.89243644
0.8455222
0.84345025
0.97479385
0.7506185
0.90651894
0.79122466
0.9172747
0.8606012
0.8019186
0.5643458
0.7992479
0.8469964
0.9145762
0.6423958
0.86305046
0.7687488
0.8244161
0.85222965
0.8838893
0.88351274
0.8531946
0.7475508
0.8860816
0.90128845
0.9025432
0.81416786
0.8344063
0.70823765
0.96557534
0.92193145
0.93712944
0.7778804
0.8888983
0.8277014
0.8516034
0.707311
0.7787374
0.9525651
0.8309994
0.92430866
0.9230758
0.8544705
0.86771846
0.5735697
0.95545244
0.9000615
0.8739783
0.8890464
0.9012102
0.9314343
0.9124301
0.9248729
0.7141489
0.8921226
0.87267995
0.8101696
0.7841108
0.89403176
0.89248157
0.8115392
0.8604002
0.8834057
0.9212593
0.9051635
0.86010796
0.87124425
0.73940474
0.926747
0.92309654
0.86584276
0.81894374
0.93423533
0.7873291
0.9540795
0.7990635
0.91066355
0.85928774
0.5888225
0.86123824
0.9624993
0.82651454
0.768172
0.9124358
0.8519321
0.89762574
0.95038486
0.9485022
0.88635397
0.7610511
0.8762721
0.8556094
0.8993696
0.7579637
0.80733675
0.82052755
0.8372575
0.8699874
0.9620025
0.7081344
0.8337193
0.8812896
0.7984406
0.88016075
0.80914456
0.84563375
0.7129097
0.89237064
0.8366265
0.8790808
0.72725105
0.87619585
0.9069184
0.88928604
0.7838118
0.8128842
0.82253665
0.9268116
0.9149306
0.8306222
0.8972269
0.9216682
0.77497894
0.80001867
0.89167887
0.889422
0.90159786
0.8447794
0.70170724
0.6589914
0.94910914
0.87876636
0.9324735
0.8507809
0.9185618
0.8678305
0.8768303
0.92739564
0.7392805
0.8725296
0.84647727
0.7476503
0.7988463
0.8105492
0.6154622
0.98186964
0.79705495
0.83165
0.8672691
0.6715559
0.8905993
0.84454095
0.65195906
0.85921115
0.9310725
0.8742707
0.96064603
0.87847406
0.9190452
0.6203647
0.9288049
0.9282101
0.8774464
0.91122913
0.9397098
0.6312128
0.93496156
0.8829204
0.8225559
0.8397876
0.9169712
0.89411974
0.9634309
0.7204229
0.9048326
0.95068073
0.810425
0.8747557
0.91397536
0.697517
0.95652556
0.8281659
0.91019624
0.8619261
0.9105585
0.8736834
0.78532666
0.840973
0.9104981
0.9441149
0.76825964
0.9211305
0.79558074
0.91047424
0.9212287
0.86146975
0.81782377
0.93767357
0.9150325
0.8335459
0.8064722
0.81811476
0.892742
0.92593884
0.76454926
0.8178104
0.8247599
0.86535835
0.9147832
0.9520572
0.926602
0.9302301
0.74586743
0.723474
0.90632087
0.8558895
0.6473989
0.7745864
0.83563656
0.9323689
0.8191216
0.9189428
0.82510865
0.8952868
0.8235933
0.9394873
0.92658037
0.94065624
0.91648686
0.9587587
0.8380495
0.9069895
0.9285567
0.86717594
0.6962029
0.90026224
0.8680867
0.92271626
0.7613705
0.82271445
0.92562807
0.754361
0.94627035
0.91527045
0.67285866
0.90388376
0.9057078
0.9305556
0.65562654
0.734933
0.9083723
0.7491746
0.8791856
0.7950835
0.88609314
0.93766904
0.8491405
0.897196
0.95981216
0.9062037
0.9250598
0.8363161
0.86133146
0.91111314
0.81460816
0.94533867
0.8868215
0.9712113
0.8024878
0.9413923
0.5223221
0.8392311
0.8515682
0.8767208
0.9673369
0.93731076
0.81871283
0.8975169
0.8593093
0.8259892
0.8914836
0.8597796
0.87460494
0.95475775
0.8587864
0.8605179
0.901003
0.84788674
0.92789817
0.95039153
0.9349116
0.80188805
0.8444686
0.78186965
0.8659514
0.8741033
0.8942403
0.84727407
0.8381526
0.83210605
0.8397667
0.82319796
0.9335429
0.9374168
0.8279006
0.8395392
0.8869344
0.91779387
0.789588
0.77380323
0.9444518
0.9202496
0.9289507
0.93881476
0.9568821
0.58783203
0.9328606
0.77271795
0.87986404
0.88544494
0.8988308
0.81040895
0.7232411
0.85201174
0.8818272
0.8657913
0.9358107
0.9699677
0.8440451
0.8940334
0.7711324
0.89128554
0.88399845
0.87297124
0.91551673
0.82204854
0.97043264
0.8642219
0.75448704
0.8755027
0.9258707
0.8647458
0.91183275
0.8734399
0.72034675
0.8526498
0.86310935
0.6709318
0.9117757
0.8966538
0.84188694
0.8935086
0.9253214
0.8868528
0.8649494
0.58036995
0.5571863
0.91244066
0.89170694
0.7306266
0.61070365
0.8352239
0.6392778
0.845222
0.9458575
0.93370205
0.92746
0.8590129
0.7778476
0.88029504
0.8430782
0.8678998
0.76356786
0.89196074
0.7961755
0.80441123
0.86767197
0.87700486
0.8649763
0.7216584
0.833855
0.883421
0.74780554
0.8790843
0.8751099
0.8592251
0.54356503
0.73604226
0.91805834
0.8451397
0.8795239
0.80137056
0.8185128
0.7464143
0.85593694
0.91255176
0.9132649
0.9149952
0.9287265
0.82501113
0.891286
0.81357336
0.7606892
0.7492224
0.79565156
0.84447074
0.7894517
0.8758305
0.87372375
0.68704396
0.94860566
0.7416587
0.87349725
0.76882267
0.856348
0.87997425
0.868848
0.8869083
0.64505696
0.8279939
0.9425624
0.8296141
0.7463328
0.8755723
0.8541587
0.8156128
0.9329591
0.8497407
0.902502
0.87685204
0.68751615
0.9327813
0.9271558
0.8818283
0.85596126
0.9255309
0.75768733
0.6733046
0.792881
0.8885223
0.96195173
0.93541443
0.84784347
0.7615648
0.90688735
0.7848703
0.96985656
0.7337956
0.9522404
0.72131777
0.7335883
0.9138206
0.84436584
0.772647
0.7800991
0.91537046
0.95414764
0.88505316
0.8119876
0.9031244
0.8214693
0.9112318
0.89493096
0.9273209
0.90360373
0.8865145
0.85933644
0.88068473
0.97267306
0.87040955
0.9276365
0.86218363
0.8450912
0.90376604
0.9630484
0.82582617
0.94901097
0.96701086
0.834329
0.883505
0.6842273
0.84733075
0.8949989
0.8634459
0.87494975
0.8479016
0.7603899
0.9063011
0.6471332
0.7722335
0.9272269
0.63542986
0.6543709
0.8104956
0.85591143
0.8117678
0.6322787
0.9268019
0.7834625
0.9183685
0.8926671
0.91456807
0.94169044
0.95576906
0.41717967
0.8853841
0.862946
0.72096044
0.8053811
0.86984974
0.7362039
0.88221925
0.83632517
0.95576984
0.9610202
0.9564375
0.9049441
0.8378637
0.803136
0.79474187
0.71029377
0.7940228
0.9263164
0.8399533
0.95348525
0.8357822
0.8051574
0.91343653
0.8635949
0.92442554
0.78959584
0.8616911
0.884612
0.93496
0.84687257
0.96823883
0.8219611
0.9076107
0.8447773
0.9172472
0.8319204
0.75992495
0.817745
0.96034753
0.8361781
0.9529795
0.9150631
0.8713358
0.83224404
0.8585578
0.7958126
0.8171781
0.96251553
0.656091
0.92542815
0.94217485
0.9584222
0.84889936
0.6685918
0.80237114
0.7517454
0.8473458
0.82959205
0.9228692
0.8797964
0.904103
0.94612694
0.8968247
0.840616
0.7731228
0.90719056
0.89349
0.8685335
0.68017316
0.76142865
0.7953372
0.8439611
0.8969612
0.8724032
0.84752154
0.9500856
0.9250392
0.6329764
0.9239756
0.9112384
0.8922418
0.6937523
0.74495035
0.8898176
0.89804757
0.92874277
0.88593346
0.8518956
0.87798107
0.89089954
0.9503639
0.86279345
0.82515866
0.6048241
0.8215016
0.80164605
0.7714088
0.7710093
0.9653265
0.95872664
0.7440717
0.8433911
0.8973158
0.858438
0.86134243
0.79456913
0.8153628
0.93190944
0.8216893
0.9032335
0.77102184
0.85244334
0.8659648
0.94881237
0.8104874
0.9461926
0.8645805
0.86891973
0.784823
0.8919335
0.88033104
0.6180285
0.63528144
0.9090229
0.9358436
0.8554625
0.9446328
0.8160022
0.88961667
0.71864724
0.86906224
0.7910692
0.9249725
0.93664026
0.94302475
0.9162119
0.8532318
0.8531094
0.9429021
0.75980055
0.7885011
0.89243984
0.8503111
0.930335
0.8486039
0.87296355
0.72097415
0.9076118
0.9444592
0.9177449
0.8933173
0.7878231
0.69571304
0.92898035
0.9114696
0.8668722
0.8300345
0.6945052
0.93678
0.927963
0.8414146
0.9447798
0.9079097
0.84905994
0.8839488
0.8892555
0.81253815
0.85030603
0.9055531
0.9227851
0.8447087
0.7596833
0.8597425
0.8552348
0.893301
0.74614906
0.8620633
0.8257417
0.82465065
0.8107925
0.82641387
0.8520708
0.8190463
0.73876655
0.9199646
0.8972449
0.95131415
0.6376864
0.90160716
0.6176582
0.8740321
0.88127124
0.847988
0.7378653
0.71911144
0.89012736
0.85047185
0.9526556
0.6230219
0.6413256
0.84284985
0.9499613
0.8577649
0.7039468
0.94001406
0.9042902
0.9401992
0.8790323
0.9472808
0.5979634
0.8299331
0.66882175
0.9362463
0.9594599
0.8902075
0.8164957
0.7829693
0.8693239
0.7266075
0.7592504
0.91883624
0.84164274
0.88930655
0.92839813
0.9375914
0.8922602
0.891924
0.7855209
0.86395115
0.7827623
0.8758429
0.81308556
0.9258181
0.81475574
0.89610916
0.94751275
0.89864194
0.9052005
0.82206804
0.93039596
0.7144802
0.65508366
0.7290254
0.87992555
0.88440543
0.91399926
0.9272224
0.62215436
0.8087225
0.82010037
0.94567287
0.80721086
0.7971823
0.7661678
0.87072855
0.8320495
0.9521756
0.86351526
0.9231469
0.74338275
0.84225845
0.85259074
0.8410075
0.8373505
0.9162905
0.7675173
0.76535344
0.5885789
0.947491
0.6436826
0.88314265
0.7900147
0.8889212
0.9300573
0.87145305
0.89449084
0.9151931
0.8169186
0.9441363
0.90160394
0.8479767
0.9475924
0.79999864
0.9680222
0.92297506
0.94678867
0.8363278
0.9410413
0.945825
0.9848881
0.890373
0.8368279
0.84948707
0.95735294
0.77091455
0.9490162
0.8718265
0.6534036
0.84282863
0.9491073
0.8777583
0.89747834
0.8736856
0.96144444
0.8924619
0.9624421
0.7474498
0.8572461
0.8922937
0.7093258
0.8547289
0.8859191
0.84720135
0.8884285
0.853478
0.97682387
0.9014757
0.9500549
0.88641775
0.866034
0.78260815
0.62680066
0.9377943
0.9393968
0.68958837
0.90212166
0.9320063
0.84980345
0.9197638
0.9312972
0.9401275
0.8495704
0.7137238
0.9541768
0.94371146
0.84808356
0.9321412
0.9586593
0.88822824
0.85361385
0.8880513
0.9042589
0.89556235
0.9559176
0.78215444
0.9300494
0.8214084
0.8283994
0.7892741
0.70300543
0.9130483
0.7042284
0.6178596
0.7339729
0.8790744
0.8123224
0.9468754
0.75847244
0.89216346
0.79286754
0.84942484
0.8935865
0.71164024
0.9187408
0.7088039
0.86568946
0.91484255
0.95118856
0.8855736
0.9285017
0.85846704
0.8412739
0.9347211
0.9003493
0.87574875
0.88485485
0.91252124
0.81578934
0.87773865
0.9572028
0.9206654
0.78599674
0.87512827
0.7645711
0.85658914
0.86979926
0.8364449
0.878229
0.78191525
0.7250694
0.82230467
0.5566739
0.9016672
0.82524574
0.7144482
0.91056067
0.9101801
0.8212952
0.55720544
0.9021059
0.9389734
0.8232077
0.89767236
0.72737867
0.8448889
0.86185056
0.9450474
0.88808644
0.7122018
0.85210097
0.6142326
0.78407884
0.9421978
0.9092496
0.8013369
0.9512236
0.87140226
0.90685236
0.8258853
0.82115465
0.94091046
0.9366195
0.8350489
0.62737495
0.70249236
0.93076754
0.7853006
0.84072816
0.9321755
0.82702273
0.7899621
0.9570836
0.80581033
0.96850115
0.95331126
0.90200746
0.8914276
0.9687403
0.86915874
0.95560896
0.86000013
0.7819554
0.7448534
0.92452073
0.76707256
0.8144585
0.7503448
0.70607156
0.87689537
0.9404592
0.78980434
0.8695276
0.9386441
0.88178533
0.8638723
0.8964527
0.84122586
0.893207
0.8364735
0.79270566
0.77131605
0.9325389
0.8973061
0.8187078
0.8329902
0.8938578
0.8463184
0.92355406
0.80455965
0.8843967
0.83873916
0.9538296
0.8923186
0.6686459
0.8577966
0.87052184
0.8341901
0.8890948
0.8962072
0.90731037
0.7707771
0.92813
0.78462136
0.849652
0.8837148
0.5651793
0.94060194
0.94971776
0.8795037
0.8277973
0.80654955
0.6983482
0.62900716
0.8035263
0.72924817
0.5948684
0.78630316
0.7216616
0.79475677
0.78783095
0.9171348
0.76275355
0.7922128
0.7494918
0.8323811
0.77960914
0.8923049
0.81356704
0.82650363
0.8175032
0.8216514
0.8212819
0.9161994
0.7671428
0.8879587
0.94207907
0.91591203
0.6915749
0.89233506
0.92621523
0.71281457
0.9445894
0.85794026
0.81003106
0.7471311
0.8831545
0.8897896
0.8652201
0.84693265
0.887564
0.6958691
0.6983244
0.77854747
0.73300993
0.9142082
0.84670615
0.81924564
0.9439466
0.8421594
0.7082073
0.8858711
0.9597695
0.8086037
0.79371107
0.88956755
0.9437849
0.8220642
0.90058845
0.93465614
0.93703264
0.95700806
0.79131174
0.77925986
0.82819533
0.7064439
0.9564398
0.9484687
0.8892483
0.8613985
0.8981851
0.84044737
0.779661
0.89837235
0.87417996
0.8777629
0.6717988
0.9167861
0.9304955
0.90474856
0.94161046
0.7149534
0.9149527
0.6775326
0.8859572
0.7115898
0.86229116
0.5528652
0.85073704
0.9549701
0.8664721
0.7996092
0.7310256
0.7774912
0.95365006
0.8751854
0.7659755
0.91097236
0.9289951
0.9354303
0.7116652
0.8468287
0.8711665
0.70045954
0.6802577
0.81681
0.8886963
0.93567395
0.84585994
0.9208006
0.7841278
0.8991272
0.93273175
0.8882599
0.6742766
0.91806644
0.9169856
0.83005947
0.93134195
0.89626217
0.8219057
0.86852205
0.87622577
0.84753406
0.8833058
0.904719
0.87574995
0.8893609
0.9013995
0.85267806
0.88521266
0.58667356
0.77119553
0.8868444
0.83453643
0.7470509
0.8226749
0.97404605
0.9143039
0.96114224
0.72310066
0.94622016
0.9617111
0.85544705
0.91707706
0.7574783
0.77963275
0.61566067
0.8409349
0.6613045
0.8232054
0.91492444
0.74300724
0.940777
0.87882346
0.83564913
0.67352927
0.8979093
0.8034634
0.91900325
0.7952231
0.9078822
0.9519303
0.94135904
0.8821672
0.9136734
0.8382604
0.80086833
0.93300706
0.8217932
0.9521744
0.8893438
0.82009995
0.9359629
0.63268673
0.95690066
0.66347295
0.91697496
0.85518646
0.92544866
0.70705354
0.9228153
0.9593204
0.8076212
0.977343
0.8662877
0.80035233
0.76750374
0.87342364
0.88601035
0.7279196
0.8819775
0.8709642
0.901474
0.81251943
0.5913591
0.9492707
0.93687433
0.7890124
0.85477716
0.90787774
0.80989945
0.73077935
0.78660524
0.760527
0.8455985
0.7206738
0.8462157
0.75119674
0.9127179
0.73587054
0.8852887
0.78289306
0.94037926
0.86341566
0.661966
0.9185674
0.79797435
0.80527294
0.9403117
0.79793966
0.9382924
0.97982675
0.9211352
0.7146713
0.8672888
0.6963737
0.8908234
0.88936645
0.9277827
0.7616675
0.79727423
0.8608767
0.6234977
0.95646554
0.82884985
0.9224037
0.91256535
0.95641243
0.856031
0.8483022
0.93120265
0.9297129
0.90088385
0.7694679
0.907281
0.9422138
0.73609376
0.80977464
0.64923316
0.81053406
0.94285184
0.93100125
0.7201221
0.89880043
0.8495598
0.77469796
0.93807733
0.94706833
0.5477111
0.8033416
0.94561684
0.9016459
0.81952053
0.7021243
0.8224526
0.8669146
0.8979292
0.88029623
0.96661615
0.95460075
0.85081595
0.9033798
0.8621553
0.8994123
0.8301093
0.60775846
0.93947446
0.9309401
0.85348916
0.8076486
0.95239323
0.8564623
0.9684226
0.91659355
0.6570863
0.804791
0.865968
0.88385844
0.9368483
0.84840226
0.75650644
0.8785751
0.70776105
0.9654515
0.789036
0.9068736
0.9179137
0.9744382
0.92750716
0.93964523
0.7402592
0.8851478
0.87806195
0.8258006
0.90125996
0.9146169
0.8225855
0.84229356
0.94351375
0.80247843
0.9136026
0.90530944
0.8001164
0.784632
0.7830805
0.71396905
0.5065425
0.9333417
0.94468755
0.89272344
0.78408575
0.91943216
0.94082254
0.90817326
0.8499962
0.6278975
0.8278405
0.8620776
0.8279439
0.79078627
0.6642085
0.9336794
0.90297455
0.886436
0.95386976
0.8057499
0.8597199
0.7802254
0.9161642
0.8740997
0.87258726
0.8420608
0.84496486
0.81021667
0.85025394
0.4888422
0.92508614
0.87048304
0.9346496
0.95785
0.89319414
0.9005141
0.94315803
0.8148893
0.87330157
0.908115
0.7805996
0.8569681
0.69460166
0.9048416
0.7917047
0.9019304
0.9383849
0.7088776
0.84904736
0.9430615
0.81867754
0.6951775
0.8777539
0.85380393
0.92740357
0.8052052
0.8064232
0.89491606
0.890139
0.9350821
0.8124469
0.9114468
0.6151393
0.8367253
0.9020393
0.90608996
0.89610887
0.96644914
0.78662056
0.945675
0.7708386
0.9223008
0.9128006
0.86431694
0.9184152
0.92107654
0.8764095
0.8129679
0.8584143
0.89123744
0.82308817
0.9072893
0.76715434
0.91535413
0.9464124
0.8669665
0.85121346
0.9249556
0.839192
0.637623
0.88122654
0.97624683
0.9196455
0.8459285
0.8675351
0.84145916
0.8758927
0.93185073
0.748493
0.85400015
0.8796487
0.77335113
0.70445764
0.8527504
0.84699714
0.81644666
0.82348055
0.8389274
0.8506439
0.88618326
0.9048425
0.9515119
0.9621095
0.8830854
0.72686774
0.7992511
0.8679376
0.81848514
0.72703624
0.9303066
0.7840023
0.9672143
0.9040561
0.8595923
0.72425836
0.8938112
0.9511267
0.80287594
0.88552463
0.9205849
0.8780482
0.7126329
0.9364763
0.83892083
0.87915933
0.80004394
0.87647384
0.85794795
0.7888569
0.7965667
0.86802924
0.92979
0.9337328
0.954013
0.8661078
0.74634665
0.91268826
0.92510355
0.81336665
0.9680245
0.86453915
0.8658267
0.8878987
0.8168208
0.9078627
0.85742515
0.96243703
0.7610012
0.9223589
0.75592417
0.7130223
0.8686076
0.77211845
0.8343858
0.6196597
0.95767677
0.88270456
0.93774927
0.84707695
0.84853023
0.9013827
0.92738783
0.88700163
0.85437775
0.6828865
0.80559176
0.84295475
0.95371526
0.9423878
0.7671635
0.93788964
0.88508415
0.92888653
0.76182574
0.88101053
0.96198726
0.895772
0.9164929
0.76027125
0.96854645
0.7475858
0.912711
0.88815343
0.8906904
0.8173178
0.80689335
0.88949704
0.66815305
0.9224649
0.9013217
0.9022021
0.9446754
0.92222214
0.74430317
0.90908337
0.8914199
0.90759706
0.8619996
0.9237804
0.8821056
0.6638636
0.92124766
0.92240465
0.8869406
0.6956152
0.77069527
0.5920181
0.81640476
0.9221214
0.89372337
0.85807705
0.84513426
0.85929805
0.8917902
0.8653137
0.92999595
0.8893651
0.9208094
0.9354359
0.45585403
0.68683386
0.8710259
0.82303166
0.86924314
0.8851191
0.91738737
0.8704883
0.7527782
0.9099333
0.83310264
0.78260034
0.79189736
0.79451543
0.88176197
0.8656291
0.87882805
0.90044105
0.8501104
0.7445913
0.93658143
0.84621465
0.90402305
0.8440074
0.7904193
0.7904847
0.9428406
0.8814664
0.7421907
0.88455933
0.91285264
0.79430664
0.81173396
0.8505621
0.8985964
0.82893753
0.77587616
0.8988677
0.89347136
0.9287598
0.93829274
0.8309883
0.8465261
0.9170095
0.8792084
0.886706
0.7860609
0.9300941
0.8867714
0.9518877
0.915874
0.75139725
0.95495653
0.9177366
0.9755206
0.8137047
0.7152405
0.9449385
0.7772305
0.93903726
0.5692236
0.54848295
0.75555277
0.8098669
0.8118713
0.7785541
0.9769976
0.72599626
0.95939964
0.9062363
0.91936404
0.8379465
0.94105387
0.8207687
0.8821436
0.9189582
0.8816088
0.81564003
0.77408355
0.9521005
0.79645926
0.8452223
0.8374565
0.7997606
0.78113645
0.9453499
0.9004226
0.9443092
0.96841645
0.95931935
0.79452497
0.9738815
0.7942922
0.9213135
0.73303884
0.7153346
0.8476262
0.8315841
0.8676875
0.8722208
0.5244893
0.87502575
0.8248736
0.9113618
0.6321237
0.8094894
0.8306153
0.6653791
0.6610145
0.88790673
0.8531425
0.8819308
0.70288384
0.79829425
0.8676082
0.9565809
0.9632605
0.8046105
0.84563196
0.72149193
0.93022627
0.61669147
0.8935871
0.9013886
0.8684899
0.89655423
0.97366256
0.8964695
0.96839297
0.91424257
0.89829254
0.9244027
0.9524702
0.77195984
0.83416575
0.79747856
0.97773105
0.9189216
0.76689464
0.91147125
0.95697606
0.935297
0.7911952
0.9625866
0.91970074
0.9562057
0.70585316
0.91044915
0.6462339
0.8953078
0.9485942
0.9225416
0.86100876
0.84863466
0.7374636
0.86050004
0.9262496
0.7769595
0.8765211
0.9071398
0.9226014
0.7335424
0.8930716
0.94207454
0.84594023
0.8766307
0.90020955
0.8672729
0.818303
0.90689486
0.94229317
0.95568395
0.7320149
0.9496162
0.75544673
0.8529006
0.8905622
0.79060364
0.8200644
0.6631341
0.8284133
0.7716165
0.9386215
0.79290766
0.88542736
0.8954804
0.9791487
0.84679884
0.9327287
0.94733775
0.9026003
0.6272806
0.834483
0.9276544
0.90064466
0.8440623
0.79127973
0.91624916
0.8137487
0.92836326
0.92185044
0.76091
0.9428649
0.8821689
0.797545
0.9631375
0.83714664
0.816337
0.87337005
0.88343
0.78099567
0.9350711
0.8537992
0.9315929
0.9403031
0.88067126
0.9445882
0.86695033
0.8691261
0.68357855
0.6503602
0.7208791
0.59153426
0.9237361
0.8080935
0.66332966
0.6804766
0.77917796
0.85566247
0.7869943
0.7775337
0.89118737
0.8044306
0.88637066
0.7300701
0.9601282
0.9118636
0.90374285
0.7632257
0.8231769
0.96320146
0.9389792
0.915653
0.9501194
0.9236762
0.85043216
0.93710476
0.76787037
0.9010346
0.88753545
0.8350731
0.7697332
0.95481664
0.8896386
0.95430475
0.8464164
0.944662
0.7867795
0.94673204
0.8385466
0.95342875
0.85772014
0.8701198
0.79990035
0.7459282
0.738395
0.89573604
0.95204407
0.9475202
0.94043905
0.9224688
0.9565307
0.90771854
0.843892
0.9188323
0.88755727
0.83047557
0.7362334
0.6872278
0.8468946
0.75442064
0.90410626
0.8891749
0.88272125
0.85445666
0.76344335
0.87316597
0.9454535
0.77160054
0.8399601
0.7260387
0.8699182
0.8170244
0.8955009
0.8065852
0.82556516
0.6346358
0.6495735
0.8566265
0.8969639
0.8684397
0.89269865
0.777568
0.8239599
0.86182463
0.7989442
0.7285923
0.83234006
0.8894059
0.84910184
0.8402724
0.8444695
0.8821691
0.93879515
0.75071454
0.9318005
0.8390753
0.9445385
0.79355663
0.6730698
0.7881226
0.943695
0.8867343
0.9487241
0.95213544
0.85836124
0.7904258
0.9339885
0.89784485
0.7862198
0.9432119
0.9197442
0.8800389
0.6641801
0.77017903
0.909142
0.763201
0.9172637
0.9588085
0.8963162
0.89127344
0.8489869
0.9468328
0.8780734
0.9450264
0.8760777
0.85541826
0.95401466
0.7940583
0.8672806
0.7895656
0.9487885
0.87618375
0.84787774
0.8631204
0.9188762
0.94025224
0.8484057
0.8403283
0.8225337
0.8628538
0.82566273
0.8562646
0.84949976
0.92509365
0.6321058
0.67010003
0.69936204
0.7781441
0.955957
0.858461
0.9022176
0.9797377
0.87846345
0.7640054
0.85251963
0.6304329
0.88434327
0.93292433
0.9475807
0.89036137
0.78954947
0.586064
0.90589726
0.95387185
0.63518184
0.68406403
0.9638897
0.8916104
0.78905636
0.6243331
0.90681803
0.8364755
0.8838016
0.9027314
0.8196321
0.8059442
0.7626247
0.8684387
0.80718946
0.6082167
0.90227735
0.8987859
0.62214494
0.8732221
0.8820559
0.8995949
0.86362064
0.66995746
0.82172847
0.8009327
0.74499893
0.70866793
0.764198
0.8195666
0.8864199
0.9039758
0.8219449
0.8558934
0.7949403
0.8545721
0.7681199
0.65211177
0.9198769
0.81105345
0.8920799
0.9286757
0.78586817
0.96396166
0.882364
0.93786263
0.7847463
0.8625204
0.9572791
0.7776037
0.7426875
0.8038957
0.90721434
0.79068625
0.91406965
0.7012188
0.73980767
0.7847834
0.9504093
0.8628829
0.8257545
0.6476368
0.8778176
0.81640846
0.8102373
0.93562204
0.7796921
0.87752795
0.6370573
0.80281156
0.9340557
0.9300588
0.6314068
0.802589
0.54461306
0.91362613
0.6318774
0.8015073
0.89761084
0.81099355
0.9117855
0.92959183
0.7305078
0.9197355
0.64989656
0.91882354
0.75954443
0.8694065
0.78003824
0.6737912
0.85450494
0.70560986
0.88479483
0.84681576
0.9093028
0.9080594
0.84091383
0.8020805
0.9297315
0.70143044
0.943691
0.77350456
0.88178617
0.76486623
0.8404934
0.7559086
0.911807
0.75470316
0.8219732
0.93301636
0.78837615
0.95347214
0.80176586
0.8667067
0.87580407
0.896044
0.81555206
0.71820354
0.8054925
0.8592465
0.937289
0.6943767
0.75439465
0.89470625
0.9054258
0.92110914
0.90901935
0.9725234
0.77024496
0.8573762
0.8278721
0.8890775
0.94782495
0.6484761
0.8224611
0.67309827
0.9396715
0.89924395
0.7146363
0.8066395
0.82256985
0.7825741
0.8229064
0.82242423
0.94398457
0.79652923
0.80630016
0.8548399
0.9283378
0.9720251
0.8925433
0.78217316
0.8439695
0.8578372
0.814268
0.9017458
0.8331506
0.69419974
0.8624811
0.63464105
0.9556912
0.88817847
0.8491312
0.7312054
0.91434985
0.8741757
0.7355658
0.7486431
0.91784835
0.722377
0.83296865
0.7812714
0.8642605
0.9158834
0.95069927
0.7580987
0.7324207
0.92168534
0.80072516
0.65904456
0.8300608
0.7279736
0.7977464
0.7767453
0.86782306
0.90419185
0.8576218
0.9103104
0.96110344
0.812813
0.93589866
0.8364833
0.87854254
0.85375994
0.83619094
0.8541644
0.88057154
0.8644211
0.9425649
0.7085494
0.9176819
0.8148837
0.87461525
0.90517235
0.8621892
0.72943056
0.8946817
0.79769593
0.86377823
0.6719885
0.88563555
0.76758254
0.7502699
0.7847301
0.9362958
0.9315747
0.8592472
0.8859287
0.9112617
0.94212055
0.8389004
0.86967874
0.87405986
0.9730232
0.82549536
0.92027444
0.86628854
0.88565564
0.94567627
0.85887295
0.73333454
0.859178
0.9216872
0.47031373
0.6566538
0.6700969
0.93213546
0.6428021
0.7857406
0.60845333
0.8475431
0.7886497
0.9410277
0.8213868
0.8470772
0.94072217
0.9144728
0.84809667
0.83668274
0.93094385
0.96347713
0.71084946
0.93759805
0.91976994
0.89872783
0.58871025
0.7426796
0.866788
0.7041886
0.8551338
0.90391606
0.8865154
0.8267528
0.78638184
0.8005098
0.7814374
0.92113656
0.5631105
0.83986455
0.75393474
0.9583367
0.83700925
0.9069874
0.9110305
0.8275146
0.6971756
0.77086383
0.91361815
0.84887713
0.7072916
0.72884655
0.7569221
0.92309654
0.8157655
0.7534212
0.94157445
0.8764904
0.66424227
0.90367883
0.77875066
0.8663408
0.78297293
0.85308856
0.9482279
0.77896124
0.87653023
0.8580317
0.90059793
0.91390073
0.88618433
0.9016465
0.8984971
0.85254854
0.82805145
0.7519311
0.8358936
0.8297405
0.823691
0.8453437
0.7668491
0.8642159
0.87508136
0.70182204
0.9275912
0.9409143
0.6977051
0.8451378
0.87963855
0.8587869
0.94121283
0.8743705
0.88862956
0.91411185
0.9430353
0.8979675
0.93335074
0.7115218
0.8117976
0.85053736
0.86014557
0.8492374
0.87225497
0.6245943
0.8000712
0.94049543
0.6739569
0.82974046
0.8331102
0.70289636
0.905488
0.912385
0.84051305
0.90983105
0.8911886
0.9175317
0.85512996
0.911191
0.7155587
0.6335956
0.857424
0.938812
0.8613587
0.83186483
0.77375984
0.866144
0.8746314
0.8713438
0.8111028
0.93825454
0.77783227
0.830244
0.8374736
0.947818
0.7589886
0.90872645
0.7036481
0.87880665
0.9771715
0.7492651
0.8561647
0.88658047
0.9242443
0.9614146
0.9542003
0.8737535
0.8565018
0.89686877
0.90996164
0.8847896
0.6250713
0.7632394
0.82695633
0.7562845
0.843237
0.9431302
0.7766396
0.846486
0.8389029
0.8974044
0.9008448
0.6909978
0.9106846
0.86249137
0.8509612
0.92972213
0.8564601
0.84828055
0.8950484
0.8900801
0.96316767
0.9518521
0.8607605
0.7171005
0.8213621
0.9813706
0.8428583
0.9419548
0.8671987
0.89731884
0.9489917
0.8442678
0.89482915
0.88794136
0.8544945
0.84760666
0.47997946
0.5991467
0.8677895
0.85469383
0.8785011
0.8164487
0.8948035
0.89479226
0.79399765
0.88510746
0.7990587
0.7462042
0.86544234
0.75703406
0.8527982
0.7911952
0.6474678
0.883705
0.8701736
0.8852012
0.88442516
0.7099587
0.88192904
0.9365294
0.93350905
0.85112745
0.6520349
0.91562617
0.8841177
0.7656667
0.8910895
0.90137476
0.94227916
0.97521675
0.6472399
0.90831655
0.7741426
0.8371854
0.68334794
0.9338245
0.89982045
0.8637751
0.79647493
0.8506136
0.82946783
0.87862545
0.59365773
0.9522762
0.71410537
0.75967866
0.87748206
0.88949597
0.8907153
0.9070516
0.92517114
0.59431326
0.7981704
0.5759321
0.7850244
0.87415725
0.6450546
0.77553695
0.9093154
0.7027096
0.6139084
0.8300993
0.8843441
0.73582304
0.85130185
0.8383484
0.8518958
0.8786163
0.81072754
0.8454762
0.9619193
0.929075
0.9216285
0.8203863
0.7520518
0.8306004
0.7402184
0.75599605
0.884959
0.8358799
0.7314037
0.8420203
0.8685048
0.6325227
0.9652472
0.9088021
0.72763175
0.8121019
0.7986494
0.8562402
0.80926067
0.6763863
0.73670185
0.72386044
0.82242495
0.5927621
0.906309
0.71298975
0.8964589
0.86334306
0.8584819
0.81044954
0.9056958
0.7424737
0.93997705
0.9397287
0.9444486
0.8306117
0.9692295
0.7838402
0.8745075
0.8945751
0.8040334
0.91041726
0.937893
0.8002707
0.49800187
0.803398
0.9483155
0.9640239
0.87501144
0.938277
0.9068563
0.8281232
0.68605626
0.8658207
0.81169367
0.9549481
0.92087936
0.83982253
0.95186746
0.9313298
0.91015786
0.8806565
0.89718306
0.75619996
0.87647223
0.7630413
0.9044851
0.711052
0.92227566
0.79260594
0.8977314
0.7367972
0.8031634
0.7680621
0.8854727
0.93256724
0.8875189
0.85814416
0.77448237
0.8393817
0.7800861
0.89152604
0.80400693
0.84379035
0.86745703
0.8859541
0.38691387
0.921647
0.81000674
0.7604351
0.92416835
0.8396082
0.87191105
0.96645916
0.88320726
0.9330319
0.9251024
0.7610117
0.8937141
0.88490033
0.9575066
0.86466765
0.8599368
0.7952273
0.7061244
0.857656
0.88513094
0.78723645
0.90424764
0.8757964
0.6409331
0.80450016
0.88283485
0.83251595
0.83709866
0.9240092
0.93654025
0.93238294
0.87948793
0.9023735
0.7090335
0.8232215
0.82961816
0.9186871
0.92875826
0.8136859
0.9252181
0.88902074
0.7828884
0.8799722
0.91893923
0.8834961
0.9371194
0.87133235
0.7788502
0.86970353
0.76979536
0.87170744
0.7187555
0.865922
0.82221746
0.9060445
0.82879543
0.865728
0.6682793
0.89870846
0.7763152
0.91393137
0.8957002
0.7907333
0.86238945
0.82422006
0.89726734
0.9406973
0.90860564
0.92824197
0.77109325
0.8567022
0.91553295
0.8265257
0.8277658
0.9254351
0.51993537
0.8514997
0.91161776
0.8848022
0.90439725
0.8212724
0.82771015
0.85770905
0.6378942
0.85769254
0.9190687
0.8421648
0.7312052
0.778722
0.889465
0.89040565
0.8728333
0.853334
0.5936397
0.9044658
0.586838
0.7652883
0.8691993
0.8146341
0.8716663
0.6299701
0.81461126
0.905087
0.92551
0.47127804
0.6993369
0.86314976
0.74068505
0.85828036
0.63796973
0.9500624
0.7977531
0.8612051
0.9719526
0.8711201
0.89396226
0.5443731
0.8690806
0.95149827
0.66619503
0.79164475
0.66149306
0.83147764
0.8994242
0.7141591
0.92199314
0.8193424
0.9425872
0.62131894
0.86991364
0.80295056
0.7553586
0.90775293
0.8832809
0.88519347
0.7449932
0.74895173
0.81409675
0.75836813
0.84401447
0.63665044
0.8933422
0.8891123
0.9465246
0.7412554
0.8680788
0.7702037
0.9782084
0.85753024
0.89229226
0.81498474
0.8971372
0.7082451
0.915549
0.91765213
0.93895876
0.73179114
0.9140206
0.9098327
0.86234975
0.8857578
0.91085947
0.8504081
0.82417804
0.94582736
0.65150404
0.68794894
0.9264568
0.7432158
0.86143553
0.87380564
0.92031986
0.9181765
0.858557
0.71816844
0.90923905
0.9250196
0.9511809
0.90088725
0.9666387
0.859044
0.8294192
0.74983937
0.7712816
0.8114948
0.9610099
0.845825
0.77546424
0.8746694
0.9047204
0.86290514
0.7606808
0.8323426
0.7288597
0.89366055
0.7987251
0.8777466
0.90667486
0.88886696
0.9251566
0.85779786
0.8423977
0.8510058
0.8207981
0.84516764
0.5120013
0.8476509
0.8877107
0.9138621
0.8748362
0.82446885
0.6891247
0.87918186
0.7712767
0.77906424
0.86409944
0.81347376
0.93288267
0.8400438
0.83369756
0.850803
0.78632325
0.5239785
0.87191916
0.85174716
0.86385417
0.7712756
0.7060443
0.92734426
0.8341148
0.8883221
0.7972823
0.5296489
0.825014
0.8470796
0.8207931
0.70938355
0.8505986
0.7276261
0.8464062
0.93719345
0.86988455
0.8683212
0.80197424
0.8212856
0.6469345
0.9034135
0.57805234
0.9040998
0.8642534
0.8419355
0.9056324
0.7582596
0.7379637
0.6928042
0.8553802
0.82723373
0.83155453
0.7574426
0.80192935
0.7570473
0.79237854
0.86732674
0.6075482
0.91394246
0.9181756
0.9144928
0.80410814
0.7021693
0.7441063
0.8905388
0.8565862
0.9370471
0.83792764
0.87097555
0.93661344
0.9621236
0.9251047
0.83855516
0.9631872
0.66606176
0.9023278
0.8330265
0.9177556
0.9049845
0.7553359
0.9399623
0.8536961
0.7322553
0.7891567
0.85379547
0.7126569
0.96382314
0.56622016
0.87464505
0.8733592
0.77064985
0.5318995
0.86234164
0.8356563
0.9519814
0.74988556
0.8608991
0.7125239
0.8821007
0.88396937
0.6485338
0.8039003
0.88711506
0.9346515
0.7689502
0.76878107
0.80424356
0.92029387
0.8236199
0.6848921
0.9583732
0.9253686
0.86388755
0.8257642
0.82282114
0.8820044
0.81513304
0.9465294
0.71729815
0.91915363
0.7269
0.7754481
0.8554953
0.7300421
0.8887179
0.8752581
0.7908257
0.53597194
0.8058419
0.62867296
0.7962
0.9074148
0.8658743
0.85844195
0.888297
0.83824015
0.80587846
0.8723832
0.89380753
0.89359593
0.9162373
0.8142354
0.90081394
0.8191583
0.9078477
0.7550215
0.8687974
0.9072851
0.95543873
0.7928995
0.885983
0.8670335
0.8884066
0.81674683
0.6553847
0.87693256
0.852592
0.8860765
0.6326429
0.85901964
0.6232427
0.891404
0.79654336
0.9032965
0.8677683
0.95374835
0.8311334
0.8994938
0.91077447
0.6832985
0.8863579
0.91777784
0.8375875
0.86763436
0.8453643
0.8751839
0.76730746
0.6542769
0.89873314
0.78732586
0.86345077
0.91273105
0.6275218
0.85536635
0.849459
0.7204113
0.8535042
0.9635906
0.9660348
0.8962935
0.8234385
0.85708183
0.81792474
0.9472057
0.85196626
0.5382637
0.8561434
0.88633657
0.947819
0.9439205
0.65773153
0.7862629
0.80413103
0.9298205
0.7246459
0.95461404
0.78183544
0.9616805
0.7971434
0.95930535
0.7626053
0.7301929
0.7141808
0.8052116
0.84420633
0.8489113
0.8705261
0.81778044
0.68978983
0.5871805
0.9067891
0.9367653
0.86497986
0.68673986
0.7455092
0.9200963
0.7820837
0.8919528
0.79537827
0.772205
0.6818778
0.7942643
0.8393848
0.9080297
0.68145454
0.9492869
0.95479995
0.8097328
0.9850241
0.7017092
0.8399643
0.8422939
0.88564163
0.8897887
0.81576633
0.90604645
0.899209
0.82656556
0.92141604
0.90945214
0.9181052
0.9608205
0.9058578
0.72242826
0.6677415
0.8981984
0.8537745
0.93319565
0.88325953
0.8776881
0.839875
0.9205439
0.9066096
0.930442
0.45929444
0.80926013
0.9157647
0.9699998
0.8205137
0.8264073
0.8850527
0.8288956
0.7952653
0.90399826
0.86226904
0.81907254
0.9250096
0.6748431
0.8230087
0.86147225
0.849629
0.87289125
0.8453737
0.7788826
0.720444
0.9236591
0.9520508
0.92882514
0.61609674
0.870546
0.82880867
0.8984537
0.7784214
0.87921345
0.8684101
0.86943305
0.798167
0.6913806
0.88978577
0.84716684
0.88014793
0.9535666
0.82923925
0.69435877
0.8068362
0.908106
0.96578085
0.7415701
0.8979372
0.82327735
0.8662764
0.88739675
0.9077671
0.83725953
0.9250243
0.91497487
0.78698003
0.8808052
0.8672456
0.7190318
0.7882246
0.84946364
0.8152418
0.65807843
0.6338095
0.6784414
0.79715145
0.9157491
0.8871846
0.7401521
0.7570124
0.7062144
0.87741464
0.9053969
0.7537086
0.8910497
0.75200254
0.7957874
0.8525447
0.9195396
0.9332738
0.95107496
0.9150114
0.87244034
0.8941754
0.74767107
0.4579483
0.9038039
0.7809007
0.90396726
0.85749847
0.9132613
0.8844169
0.9274879
0.84686553
0.91938853
0.90218794
0.79747564
0.77871966
0.88425994
0.6193916
0.87450624
0.8052943
0.88768315
0.8313602
0.8411619
0.80503005
0.8969062
0.69491696
0.90399814
0.8091596
0.90764314
0.6465573
0.7881237
0.896003
0.8444595
0.89005363
0.9289925
0.9377557
0.7972725
0.8970691
0.84582406
0.8634701
0.7462682
0.6464836
0.88957983
0.90688854
0.85408497
0.8514687
0.90238035
0.79552275
0.6512631
0.76254
0.66694385
0.9182603
0.7204155
0.89447063
0.8298091
0.85175055
0.9550988
0.8580079
0.66075057
0.882554
0.8403605
0.77299213
0.7978749
0.7469466
0.78383386
0.8169263
0.89646053
0.7888886
0.9278995
0.8517611
0.8241963
0.8751739
0.8324652
0.9265792
0.8417651
0.9491628
0.76060724
0.63422793
0.8012136
0.72116935
0.86945844
0.87766075
0.78929865
0.8187095
0.8763883
0.74198914
0.9068765
0.75467753
0.85714924
0.92865384
0.9280347
0.84125334
0.94966334
0.7861038
0.86241245
0.48180497
0.70478624
0.8508337
0.64893234
0.8763649
0.9148415
0.90362036
0.74497414
0.82991344
0.79561657
0.8857151
0.8812913
0.8669443
0.83950835
0.8462423
0.79276514
0.85862195
0.8848697
0.84528756
0.7653666
0.69865
0.9353172
0.78480995
0.75356245
0.71610564
0.86787635
0.87761396
0.9465813
0.9071982
0.9454414
0.79329765
0.79536504
0.8356218
0.9608641
0.8102049
0.77983814
0.93372494
0.7986779
0.9191549
0.676447
0.802084
0.8063716
0.81265324
0.8567281
0.7349721
0.8635639
0.8565911
0.8236748
0.6856938
0.92425925
0.9160571
0.9396231
0.8391114
0.9018072
0.878897
0.81585366
0.8149663
0.89356345
0.95985734
0.7708467
0.8352077
0.820419
0.77532166
0.94118214
0.9030283
0.73393667
0.79456145
0.8220986
0.8197032
0.8797054
0.8890058
0.6613897
0.7187861
0.89451635
0.79748726
0.89561677
0.81767887
0.44883758
0.8709805
0.7454607
0.62972414
0.8819201
0.65623355
0.80419016
0.8354428
0.80985725
0.708734
0.92727387
0.89373696
0.8500831
0.8507251
0.76597905
0.8093602
0.8631811
0.7572738
0.86416984
0.5840076
0.7921738
0.7920967
0.8256879
0.81292754
0.79482025
0.7660631
0.58058065
0.7686296
0.73110825
0.5447496
0.79115975
0.68764794
0.7528241
0.84075546
0.90331376
0.8606531
0.8006207
0.8925549
0.75313365
0.9200355
0.4154734
0.9246103
0.81424814
0.6072709
0.903671
0.6809267
0.7560552
0.8070084
0.8427083
0.7678334
0.9167292
0.6133424
0.8333162
0.88146704
0.8344497
0.954455
0.8625204
0.8393918
0.8995166
0.89352286
0.92647123
0.82953453
0.75113285
0.77917933
0.8884908
0.70108384
0.8371158
0.84750277
0.9065532
0.737023
0.78949034
0.9327401
0.72598386
0.6025271
0.8865318
0.9103433
0.8740492
0.8442861
0.9232607
0.83181846
0.784328
0.80734754
0.7777443
0.7160378
0.70655584
0.7353717
0.78959584
0.8203882
0.7599816
0.7535833
0.932006
0.85255647
0.7051234
0.92385745
0.8622129
0.9640984
0.6450438
0.92968386
0.8094388
0.6561838
0.93777156
0.9440967
0.59297264
0.79285926
0.7768948
0.80855143
0.80117303
0.88926935
0.8702755
0.82765776
0.78481185
0.9524717
0.8806295
0.841218
0.7701057
0.91387016
0.8703651
0.8945966
0.9480059
0.9736178
0.7440702
0.81926274
0.78925127
0.607764
0.8866872
0.9257699
0.6651579
0.8348522
0.8150761
0.9159835
0.94436663
0.90228844
0.90808594
0.7059826
0.8648549
0.92423457
0.8800619
0.65622914
0.7143451
0.95269495
0.7524549
0.915884
0.8271436
0.80761236
0.69510007
0.90470004
0.79391956
0.81647485
0.6904649
0.87382853
0.86135966
0.89498174
0.8604278
0.75113773
0.75074273
0.79760337
0.907118
0.8484781
0.81354916
0.8729204
0.8070291
0.7106739
0.85601884
0.83756965
0.956821
0.9223557
0.8582669
0.8892338
0.81257486
0.7968364
0.8774519
0.8424084
0.8495481
0.8596065
0.87174433
0.7711115
0.7539156
0.83233887
0.822002
0.7780992
0.9290564
0.9527397
0.69919944
0.69339776
0.92647684
0.8730619
0.78643686
0.7845192
0.54923993
0.41499218
0.93211883
0.86409456
0.8432525
0.9138075
0.8594212
0.9277403
0.8222421
0.8654262
0.9366369
0.7717962
0.9114847
0.8379768
0.6211437
0.83588994
0.8521006
0.8662571
0.89737445
0.82358414
0.9195893
0.8345766
0.9366586
0.7263824
0.7430986
0.838534
0.88114256
0.71128434
0.9173738
0.8750982
0.96366
0.73865485
0.8278773
0.7182099
0.83072335
0.6733616
0.8301864
0.82854325
0.87454087
0.7759587
0.9330648
0.8151763
0.84108144
0.8618055
0.8258911
0.8452805
0.60920626
0.84756595
0.9604757
0.92722446
0.95907086
0.72501963
0.9334957
0.5883868
0.70339227
0.89610505
0.6930448
0.8474498
0.79937637
0.7866185
0.81649077
0.901771
0.8740666
0.733595
0.62105423
0.8957217
0.8765709
0.82922405
0.78125703
0.9553918
0.8971213
0.8209393
0.60631394
0.9147718
0.8283907
0.89292914
0.93311125
0.80939645
0.71568
0.76647514
0.8872356
0.8308729
0.6808888
0.8370859
0.9523612
0.8226303
0.9553809
0.866703
0.80995154
0.97094125
0.90368205
0.80899733
0.8710638
0.796629
0.9111937
0.89741725
0.72970635
0.8403641
0.89586425
0.9283109
0.90529585
0.84908533
0.8111562
0.80243635
0.74711704
0.7470865
0.767061
0.67155725
0.85259306
0.81377184
0.92732346
0.76691604
0.76623416
0.78112906
0.96842504
0.8296778
0.9122324
0.5936707
0.87330896
0.9500775
0.86545455
0.9601745
0.67854345
0.80729884
0.83717996
0.63642955
0.87428206
0.74814045
0.89622915
0.74336606
0.82664603
0.8194084
0.8715431
0.90101063
0.9025044
0.73236954
0.85322696
0.8692603
0.80081564
0.8809196
0.7675891
0.8235537
0.7792989
0.8014537
0.8386638
0.77539366
0.62093675
0.92153174
0.87010545
0.84592474
0.93667686
0.8450693
0.43350285
0.847499
0.8445919
0.8270228
0.7159644
0.7849001
0.9048556
0.8418007
0.92614794
0.84430504
0.794852
0.74040294
0.7631275
0.9225383
0.7296375
0.6393305
0.76792413
0.92218804
0.74823284
0.8015886
0.8090905
0.83697194
0.6390262
0.887637
0.7707731
0.9005905
0.7628088
0.8234873
0.75852036
0.90981406
0.8594089
0.9039706
0.88039243
0.822037
0.84470373
0.88250333
0.87017685
0.86543965
0.93976873
0.74990976
0.7053182
0.9208289
0.79511267
0.825902
0.7142778
0.83244
0.6411098
0.8541521
0.9553076
0.76061094
0.81652975
0.9059684
0.76915944
0.8786971
0.6445367
0.79032785
0.8147527
0.8357096
0.6713863
0.74307096
0.7061663
0.91869307
0.7093537
0.83076847
0.74686646
0.7932231
0.9440032
0.9062705
0.84284973
0.8186995
0.93880475
0.92326653
0.8490371
0.86156553
0.94837004
0.6698934
0.68516886
0.8367738
0.88644874
0.75027645
0.71791136
0.8127041
0.68206185
0.71227956
0.85084206
0.8401787
0.8452357
0.8810656
0.7715701
0.7876445
0.9329317
0.8234019
0.78061646
0.89698076
0.85007733
0.885391
0.5249326
0.8220637
0.88956213
0.57487607
0.7513499
0.9690777
0.55828416
0.7952377
0.792442
0.74654984
0.9079993
0.84319246
0.912599
0.8321989
0.6067207
0.9337666
0.71077347
0.79006183
0.8007753
0.85507774
0.82229507
0.65679634
0.94197917
0.8688436
0.8435053
0.8294004
0.87081456
0.8104834
0.7874624
0.5612025
0.77752894
0.8277854
0.8147557
0.84467113
0.9138521
0.92761195
0.48327637
0.68278414
0.7975385
0.83829045
0.8354768
0.80150187
0.9326519
0.90053695
0.929809
0.87534916
0.9316629
0.90118957
0.7669655
0.8921894
0.80770636
0.93108535
0.86002755
0.85413754
0.8102376
0.946849
0.77984786
0.69627404
0.90801764
0.90881634
0.84990716
0.6905662
0.78540367
0.9374762
0.925223
0.8880875
0.8448699
0.6629428
0.70801747
0.7677673
0.76854485
0.86531067
0.8888737
0.9715409
0.9469545
0.94515747
0.9080594
0.90995127
0.7660157
0.81721747
0.6618115
0.632752
0.4891095
0.8985426
0.81303453
0.8984311
0.8274218
0.6529889
0.8616973
0.78580666
0.8351492
0.9592125
0.8862503
0.81504864
0.9036215
0.9426761
0.9288338
0.87181276
0.4269491
0.8356467
0.8891817
0.8756978
0.88713527
0.825066
0.41988125
0.81699157
0.8643388
0.842663
0.8422854
0.89046216
0.6200368
0.9090903
0.9620526
0.80524176
0.66780764
0.83890855
0.85232186
0.6797384
0.79523605
0.87637603
0.870417
0.8438295
0.6501668
0.8756188
0.9561839
0.84264517
0.66700035
0.922867
0.86813337
0.91643745
0.7952876
0.7859661
0.7652058
0.9108083
0.855373
0.8789069
0.78192806
0.8815569
0.89150816
0.8167837
0.8640008
0.8979413
0.7099164
0.93830884
0.757931
0.92844296
0.8033984
0.7167321
0.7227155
0.9254662
0.83673525
0.7347166
0.7953204
0.5958706
0.6998873
0.79009783
0.7862443
0.8000356
0.9280628
0.9216345
0.79127586
0.8122943
0.86346626
0.7609813
0.70332706
0.80827236
0.8424529
0.904629
0.9519471
0.759138
0.9267054
0.88268936
0.8244061
0.8951234
0.31482577
0.9288027
0.82892287
0.9467967
0.6488163
0.81008375
0.71940136
0.8636806
0.72594965
0.90442604
0.7592546
0.85765964
0.82145184
0.71863174
0.8337714
0.89826757
0.6834504
0.9561209
0.955135
0.89128345
0.8630698
0.8480905
0.7912312
0.9030664
0.7789846
0.85776675
0.8522486
0.61280614
0.75969857
0.83252156
0.9465511
0.7525443
0.67857707
0.9003597
0.7702343
0.83461
0.76304585
0.85985965
0.64765733
0.6275078
0.828517
0.7873379
0.9531592
0.8517883
0.9505161
0.8551541
0.8765143
0.77789056
0.8406941
0.8275008
0.6397101
0.7629805
0.8910345
0.9292415
0.8817587
0.83812404
0.9225408
0.91782546
0.929659
0.83025056
0.761339
0.8397776
0.73132896
0.7729309
0.93324566
0.9215027
0.7683022
0.7434625
0.7275407
0.82667845
0.8377291
0.8544834
0.69717455
0.860435
0.95243233
0.7856053
0.51231587
0.82663584
0.8484407
0.6398765
0.90341115
0.7284073
0.92184526
0.84564203
0.5636903
0.7895168
0.9390235
0.8100807
0.8953018
0.9025057
0.8421088
0.9359288
0.6891515
0.8354683
0.8547516
0.8352493
0.9565165
0.7197475
0.89158225
0.8549902
0.91293025
0.8347167
0.76401186
0.7874794
0.83910435
0.8174559
0.7037676
0.7751559
0.7153828
0.9359691
0.75240964
0.8148466
0.8178762
0.8700895
0.73403746
0.9629418
0.94946474
0.91385907
0.9184303
0.8077299
0.72472733
0.42772606
0.7365229
0.8707342
0.7857935
0.6833071
0.9563507
0.8599573
0.83840126
0.9284953
0.9269758
0.9227723
0.9227524
0.89709085
0.4982934
0.95021594
0.6051841
0.88479114
0.8167866
0.83942086
0.75741595
0.8773186
0.7243321
0.8855391
0.8854629
0.9409143
0.8038055
0.8418223
0.9497254
0.72851425
0.6213921
0.88771766
0.811996
0.90603566
0.87046313
0.695475
0.9314761
0.80683774
0.9383911
0.86268526
0.8718886
0.646546
0.74645585
0.9001603
0.83840275
0.85204095
0.7086157
0.8064925
0.8243587
0.69483453
0.7467485
0.8921199
0.8830593
0.85790324
0.92405295
0.686399
0.67770046
0.8566276
0.9360195
0.7580563
0.6288968
0.8497333
0.542824
0.7328536
0.64243746
0.97232425
0.847834
0.84323466
0.80283636
0.84876466
0.9124252
0.85436296
0.7155755
0.86476266
0.7587681
0.8468909
0.8182861
0.9002496
0.9492093
0.9307684
0.9005605
0.8807769
0.6298846
0.78046143
0.82534134
0.8979461
0.6878522
0.79151976
0.78939664
0.86902046
0.8627306
0.85713637
0.84949654
0.5302626
0.7805994
0.8508589
0.933515
0.85856634
0.9102534
0.8603045
0.8512276
0.7556206
0.9027065
0.8089658
0.7534395
0.7194948
0.84530884
0.85520566
0.5456264
0.89861685
0.93351793
0.86709577
0.84315634
0.85675174
0.7529164
0.88749564
0.872589
0.9546331
0.863423
0.9177299
0.730254
0.7149872
0.7394436
0.83941066
0.8247448
0.92704755
0.90578514
0.8056433
0.7587204
0.9396867
0.8344276
0.89593947
0.8901267
0.7533223
0.8938302
0.9132797
0.7324063
0.8897016
0.92070675
0.7460321
0.90740085
0.73893404
0.7544432
0.8870345
0.6443511
0.87958294
0.8335254
0.8945774
0.82213974
0.8607678
0.70585096
0.91123587
0.94319665
0.92020535
0.87576556
0.8772008
0.8882871
0.91687065
0.7789184
0.8973144
0.834618
0.8733857
0.8526515
0.8508289
0.8077542
0.8186455
0.92466193
0.91460735
0.92116916
0.9331257
0.6601247
0.8134057
0.8522934
0.8050765
0.8826344
0.86591035
0.7859915
0.885833
0.6700133
0.6454849
0.9277706
0.8647419
0.90211904
0.88840187
0.8576047
0.7893207
0.8034105
0.9228514
0.8400903
0.86497146
0.80879015
0.9110834
0.8384727
0.86914265
0.9200585
0.8986754
0.8704965
0.72127545
0.66256744
0.7051833
0.91124094
0.88539374
0.892398
0.9460458
0.75980014
0.8703624
0.876003
0.88684684
0.49153566
0.93116903
0.63721734
0.7043988
0.8947899
0.8140446
0.8992542
0.88158774
0.9448801
0.905991
0.9257306
0.89175487
0.90711236
0.79708356
0.77586806
0.7522746
0.4040684
0.87918067
0.7079619
0.9446206
0.84772605
0.85122204
0.88475156
0.83018625
0.95519423
0.92258954
0.78667974
0.9082691
0.8709679
0.8524541
0.90104663
0.7877672
0.9487434
0.8920318
0.59339315
0.85850453
0.71245235
0.80555165
0.9135528
0.85072386
0.7539688
0.7783388
0.9341274
0.81684667
0.7807551
0.8207021
0.9458979
0.78266037
0.94667166
0.8059846
0.6848683
0.7206811
0.7643976
0.87257856
0.7896433
0.73701656
0.69147456
0.7716762
0.8313589
0.83196276
0.8556385
0.8506719
0.833366
0.85775834
0.8281948
0.7426731
0.7646376
0.793226
0.8430961
0.89813626
0.6481808
0.7607123
0.62859905
0.88099635
0.748827
0.8745804
0.75585544
0.75157535
0.83479327
0.8200458
0.82362723
0.89034104
0.8363458
0.8350501
0.80446166
0.76988506
0.82491034
0.83321905
0.7231846
0.8436539
0.8338356
0.7433937
0.9353724
0.8886991
0.9597472
0.87597686
0.82545364
0.73565817
0.6256171
0.83329284
0.8494503
0.85083866
0.6982194
0.8946137
0.78481996
0.8471118
0.84994775
0.8714174
0.7797916
0.79810053
0.86102057
0.8025958
0.8685491
0.87267613
0.9545042
0.94654405
0.5900345
0.6896503
0.7639219
0.9123844
0.7249905
0.90449595
0.89600277
0.8243001
0.69431967
0.9135535
0.89387167
0.8033447
0.83755815
0.6758917
0.8009845
0.9058895
0.89455384
0.84491104
0.84952724
0.7982703
0.6128324
0.86726683
0.9449882
0.95765907
0.77418846
0.7765783
0.7974464
0.72887754
0.6347015
0.96943647
0.9174491
0.8845176
0.9135477
0.815424
0.653178
0.7333368
0.8904457
0.71919453
0.6970589
0.9476907
0.8557407
0.8949356
0.90880406
0.7965914
0.8920963
0.53478134
0.87520105
0.9452158
0.8199204
0.81214124
0.5302714
0.8440844
0.84477234
0.9186569
0.94427156
0.7187772
0.8741303
0.92891675
0.67098176
0.7955561
0.831265
0.8788735
0.8967451
0.78496885
0.8779266
0.7773861
0.7533479
0.7674422
0.8308982
0.9167534
0.9265826
0.8570694
0.73757243
0.8997845
0.7986501
0.86013895
0.7664841
0.7151513
0.4870629
0.9427511
0.77269435
0.79142505
0.7966352
0.82663685
0.84043264
0.8525317
0.8002418
0.84442395
0.78850436
0.6744641
0.8685203
0.7375318
0.9255469
0.84019834
0.643849
0.8704665
0.9452785
0.90608984
0.965078
0.84474355
0.9213127
0.9391987
0.7415796
0.9120408
0.94917864
0.5046559
0.81134963
0.7796478
0.91392326
0.8001286
0.9540705
0.81259763
0.8451198
0.788572
0.8658877
0.86942905
0.8876325
0.78853023
0.7037715
0.88620013
0.88001484
0.8583036
0.8340812
0.86948436
0.77841187
0.84735215
0.90782034
0.7151966
0.72288156
0.834633
0.6622118
0.8653367
0.89833164
0.8665441
0.8773909
0.6626102
0.6747505
0.69323957
0.54040056
0.6989389
0.77959305
0.8115285
0.9130291
0.7891724
0.94851893
0.64684993
0.74146104
0.7348736
0.87671244
0.6929799
0.65871364
0.9078492
0.9050363
0.8297996
0.8931389
0.74267936
0.8236373
0.76521516
0.6850016
0.89747095
0.6785989
0.90236616
0.8784387
0.6972401
0.9833547
0.90717024
0.4670901
0.7461051
0.6370878
0.71896154
0.84153914
0.7652949
0.8110433
0.92162216
0.88411015
0.8968778
0.83397907
0.82742
0.941534
0.9325773
0.67990315
0.8323051
0.7682262
0.9231641
0.6214589
0.8327174
0.7369832
0.80328065
0.94744647
0.85833603
0.6516557
0.8452534
0.8764273
0.7391159
0.8736587
0.7884927
0.8843807
0.91465986
0.9390191
0.8486664
0.82722795
0.86719483
0.91989905
0.8018498
0.6629017
0.7065825
0.7913945
0.9290041
0.7139708
0.9553215
0.84417117
0.9116615
0.8722781
0.7589622
0.7750461
0.5238105
0.8243706
0.6794838
0.8470687
0.914371
0.9114488
0.96407783
0.81488776
0.87868863
0.9021494
0.8189175
0.82828736
0.68330014
0.88271713
0.8337797
0.89321595
0.80495226
0.88479215
0.72485167
0.91151416
0.84059656
0.72532326
0.92489696
0.7207798
0.8069407
0.93086827
0.85859483
0.74229246
0.9014002
0.9288324
0.8078941
0.9034164
0.8906178
0.8116354
0.9476638
0.8662841
0.7762091
0.8809086
0.86705434
0.9141805
0.72619957
0.558936
0.674935
0.5320294
0.73376024
0.85031366
0.9178325
0.88392943
0.7341332
0.8273893
0.86179334
0.86841404
0.77328455
0.6577997
0.92167014
0.59277964
0.84729135
0.820752
0.8512578
0.78692484
0.92957556
0.91663873
0.6462846
0.92460614
0.8406116
0.89460367
0.91685927
0.9154657
0.76127803
0.96431345
0.83751816
0.96205235
0.8720175
0.53316665
0.88288283
0.8634146
0.91121364
0.7960599
0.89629155
0.7386526
0.8383605
0.8856332
0.738971
0.78311116
0.6962899
0.62034595
0.8337149
0.92035264
0.8412207
0.82299584
0.8907842
0.786216
0.7699373
0.74058294
0.9004896
0.8562956
0.9129588
0.8582391
0.88517773
0.7964994
0.8426328
0.84520257
0.8979509
0.81442535
0.7324203
0.9246223
0.79213864
0.82238114
0.7981995
0.82283664
0.94561714
0.85015285
0.89296615
0.9350157
0.6855757
0.9186485
0.8044157
0.7825811
0.7902706
0.7829177
0.6869955
0.81116223
0.7996546
0.808225
0.9024256
0.83150923
0.8205826
0.8752106
0.95619285
0.8749505
0.6847159
0.9191298
0.75324976
0.7143372
0.9285152
0.8381363
0.8718136
0.7962873
0.9063984
0.7304434
0.68533456
0.8601293
0.8412497
0.6424012
0.90939975
0.9224687
0.88602334
0.9144832
0.88424873
0.826508
0.76022136
0.60885715
0.81506544
0.9004351
0.82516026
0.6012694
0.858004
0.9131472
0.856424
0.8072846
0.83503217
0.854712
0.6695434
0.7679451
0.92491364
0.78935057
0.8012793
0.85315937
0.7695136
0.9112695
0.5892445
0.73470783
0.72424173
0.9106683
0.74099743
0.5984451
0.78593534
0.9622206
0.77681196
0.7705762
0.7412266
0.8047809
0.8642247
0.93398654
0.85337526
0.86396366
0.745459
0.8582206
0.90413564
0.8680814
0.7168481
0.86718404
0.74429023
0.80965424
0.85212326
0.93764603
0.8899429
0.8858825
0.69296247
0.7562024
0.8763745
0.8764344
0.75686777
0.88960284
0.81998104
0.56995124
0.8865456
0.8442239
0.7630726
0.70123947
0.7402571
0.7622937
0.895301
0.8004774
0.95751816
0.8334771
0.7318884
0.8541974
0.47378367
0.8193946
0.6766866
0.83759797
0.8930391
0.46840352
0.8835469
0.6985267
0.7920481
0.71760297
0.8447912
0.79549426
0.66708475
0.802099
0.7677018
0.7371896
0.96565104
0.8253629
0.6911031
0.8687278
0.7389413
0.7345162
0.8186866
0.8543889
0.9507989
0.5413065
0.8705242
0.80048704
0.83536506
0.88621366
0.89673865
0.8590896
0.82557356
0.82621664
0.56536484
0.888471
0.8893109
0.7567421
0.76780826
0.5879566
0.8663441
0.8877558
0.9320608
0.9273183
0.8942411
0.8454526
0.9086025
0.8361848
0.8980135
0.7407452
0.8781293
0.8286932
0.90773475
0.815275
0.5870683
0.88019365
0.89721286
0.89203393
0.9470039
0.93900263
0.90629655
0.811466
0.76582086
0.90123636
0.8417915
0.81918836
0.9056399
0.90419436
0.8136455
0.64105576
0.7949095
0.5721102
0.5268557
0.919919
0.5190126
0.9327318
0.61924756
0.86808753
0.8325298
0.53666764
0.5642186
0.8755741
0.75875556
0.9022815
0.8737663
0.88046736
0.9462385
0.95309687
0.8212218
0.9068177
0.9067205
0.9596357
0.89824915
0.9088408
0.7624173
0.933282
0.8706032
0.5864473
0.84912807
0.9441359
0.7957022
0.8593043
0.93793297
0.7822353
0.8162117
0.84636676
0.96155155
0.87226236
0.8209183
0.8735414
0.8900458
0.91369766
0.7227811
0.85485995
0.8371325
0.89033127
0.8465791
0.911691
0.92198896
0.92827404
0.817174
0.921957
0.87315166
0.89518064
0.8325011
0.8647123
0.5467457
0.8653507
0.9203638
0.83982706
0.80402386
0.6796913
0.9096262
0.63161343
0.8169311
0.8314429
0.7882953
0.87042385
0.6876286
0.92652553
0.7716545
0.8869352
0.5980744
0.9382751
0.8828231
0.7136239
0.740771
0.858812
0.8822949
0.9176414
0.78561854
0.79958194
0.8695887
0.89093626
0.8843969
0.8053622
0.9510068
0.85729825
0.87563205
0.76417893
0.8356789
0.7478408
0.9527188
0.8869033
0.8631984
0.8691731
0.7009454
0.9339695
0.6595542
0.78065985
0.8108711
0.7172049
0.60262537
0.92252016
0.7467193
0.7622005
0.7397849
0.8264886
0.91349673
0.74612296
0.8491526
0.7212857
0.93117183
0.6163489
0.63176614
0.6726724
0.74230105
0.7728371
0.88292754
0.8229308
0.8002504
0.7146191
0.7399242
0.7785986
0.66888165
0.80274487
0.65677077
0.59710497
0.9698592
0.9079529
0.8474705
0.8000855
0.891091
0.826695
0.7304955
0.47639868
0.90240866
0.88347864
0.8169937
0.6470933
0.7791331
0.62812257
0.8749583
0.74958867
0.88350827
0.91591096
0.92210567
0.9345721
0.8686072
0.6939937
0.5980471
0.86689794
0.82387924
0.7683126
0.8570639
0.68506324
0.84417516
0.8868503
0.8551191
0.75820416
0.84003615
0.8520344
0.8824081
0.88216954
0.88586783
0.8656906
0.83558834
0.6720857
0.8407632
0.9623095
0.971135
0.7534848
0.8494573
0.9363189
0.9468675
0.66687274
0.7296207
0.69236434
0.8899951
0.80932564
0.85278624
0.93898386
0.8936152
0.59915537
0.75818586
0.9031894
0.82372844
0.8162737
0.8909581
0.8951894
0.93220204
0.9104794
0.91612864
0.7648027
0.9144979
0.8214849
0.87444127
0.7145067
0.921361
0.9109164
0.78920114
0.91347945
0.75208735
0.82190436
0.9175998
0.73307776
0.80026734
0.8428336
0.65647167
0.60073256
0.8642539
0.88939273
0.8389027
0.5581741
0.87760687
0.5900431
0.8222707
0.9309689
0.9264868
0.7050822
0.7294233
0.85340905
0.84242195
0.85228413
0.7943214
0.7931444
0.47382885
0.56494874
0.85861737
0.95416343
0.72517735
0.7690041
0.77338105
0.851999
0.90774024
0.6185232
0.62226677
0.91629815
0.86291724
0.81208205
0.7265662
0.8193336
0.8730335
0.3333492
0.90848476
0.8318652
0.9520734
0.8997307
0.86910367
0.85976285
0.8790279
0.47486764
0.6415382
0.8829204
0.8795009
0.93734336
0.8725071
0.61217326
0.8723018
0.6398744
0.75449544
0.743158
0.7093307
0.9536443
0.9155163
0.8007341
0.90046793
0.97193295
0.9036841
0.86476177
0.9180339
0.9285922
0.7867011
0.94884115
0.9103005
0.987371
0.8747496
0.8530105
0.9492916
0.8864809
0.8833514
0.7385521
0.8493594
0.8221699
0.92666686
0.8981552
0.7763461
0.8885678
0.7484896
0.93792534
0.70462894
0.8909498
0.83857334
0.95490754
0.86840993
0.9171699
0.7955254
0.6087764
0.8941955
0.42533675
0.92780066
0.6282303
0.86811775
0.93909425
0.9150948
0.90391994
0.89176005
0.8304398
0.7746901
0.7008678
0.7720212
0.82523197
0.7082655
0.88024324
0.8611482
0.852877
0.78724205
0.7279622
0.7935444
0.9524777
0.89124286
0.6391181
0.8425747
0.83695
0.6915338
0.8717801
0.91240954
0.7969874
0.8476471
0.89558816
0.8512356
0.7938611
0.84870946
0.89079744
0.94828737
0.9193443
0.6407717
0.7978066
0.91525805
0.7760943
0.7677353
0.92748505
0.8305838
0.7985283
0.5830684
0.8405561
0.8547127
0.8389734
0.9538044
0.7501557
0.9489516
0.8318763
0.87986684
0.89225173
0.932063
0.85431874
0.7953326
0.92135173
0.8596302
0.62101847
0.89863306
0.72689825
0.86829376
0.5340805
0.6729925
0.6669872
0.820423
0.62238455
0.9117812
0.6203229
0.927212
0.82082593
0.4812888
0.8282421
0.79392433
0.8463515
0.7894698
0.91964936
0.9183189
0.8066718
0.8781367
0.9511143
0.7332416
0.6626831
0.84164155
0.75547147
0.77411735
0.64047736
0.7107241
0.83959943
0.87834966
0.84902287
0.65280306
0.8742545
0.73369765
0.74134827
0.9120776
0.953672
0.94252855
0.8720273
0.75084186
0.7275087
0.7180424
0.94396573
0.81031656
0.75601745
0.86653
0.7283881
0.8652319
0.85178816
0.88159
0.78565437
0.89678204
0.89121616
0.78148514
0.84271306
0.7451581
0.8100775
0.7904116
0.70364976
0.88805515
0.75610155
0.66610754
0.9650539
0.9220695
0.81479084
0.73064995
0.9288747
0.9012918
0.78714645
0.83851564
0.77688175
0.8682659
0.88806236
0.8147141
0.73132896
0.85548437
0.6128584
0.80249727
0.8825985
0.934963
0.7565863
0.7232394
0.9286325
0.8607447
0.9665677
0.81565017
0.8779924
0.8594167
0.85268223
0.77694696
0.8952808
0.7737961
0.7073974
0.7725657
0.7256951
0.8883655
0.7465631
0.96098423
0.8117248
0.856251
0.86368394
0.9050268
0.9306468
0.80091435
0.8589525
0.83461756
0.84261435
0.8523563
0.83390385
0.63375914
0.74690497
0.6291102
0.9073873
0.8150381
0.8935317
0.9646716
0.7834876
0.7675135
0.7309749
0.78526616
0.8531556
0.7434913
0.75233054
0.888811
0.81103796
0.8248192
0.87400013
0.6949341
0.7952986
0.8537002
0.80376863
0.9158808
0.7436182
0.82512474
0.75881076
0.49214
0.9404542
0.7650473
0.800739
0.7532805
0.8735271
0.89952815
0.8039377
0.9146744
0.8151283
0.8537664
0.6726823
0.62039787
0.9281424
0.76551336
0.83020306
0.9167611
0.86777234
0.9220214
0.7631937
0.86012256
0.8211487
0.7165553
0.8040028
0.9155634
0.9204609
0.95089597
0.9184061
0.76353294
0.6436804
0.8121979
0.9320827
0.7420236
0.7386031
0.93302673
0.6841544
0.82286537
0.69571674
0.83956987
0.52089995
0.94042516
0.7387048
0.7526814
0.8154713
0.9489999
0.9269076
0.68130416
0.8931232
0.7946187
0.87826025
0.90288436
0.87010384
0.7989469
0.7995413
0.8566766
0.7836115
0.76880467
0.8010626
0.8065861
0.89923376
0.8375102
0.8758945
0.7260081
0.90385014
0.8339595
0.7873335
0.8320013
0.7956098
0.76797706
0.8958532
0.94502807
0.8494544
0.8971207
0.89739627
0.745814
0.88693845
0.93819433
0.87182605
0.89333534
0.82566404
0.92210096
0.9295877
0.51356107
0.8910353
0.7848727
0.7464788
0.66294044
0.9545177
0.88208747
0.83769864
0.9266656
0.9178221
0.8613412
0.20078787
0.6638658
0.92705655
0.91373086
0.8657584
0.8712156
0.94489986
0.8806122
0.81240726
0.8302919
0.5815092
0.81216997
0.83149457
0.8133221
0.8035827
0.77261144
0.7531289
0.8188518
0.7671316
0.7787318
0.7421939
0.8563125
0.9300309
0.6844571
0.8942464
0.91439915
0.7395998
0.84381384
0.71185976
0.9280871
0.742271
0.8244769
0.9307953
0.9230238
0.77465254
0.7379776
0.83742946
0.83456504
0.81979275
0.7790804
0.7049545
0.8924537
0.800037
0.8530742
0.9342358
0.8032092
0.79825795
0.85152996
0.9148711
0.9209049
0.87118226
0.909437
0.89073026
0.60804695
0.7857463
0.7647344
0.88588184
0.92843306
0.92830515
0.885166
0.8917877
0.891757
0.88690555
0.8905945
0.8942877
0.75001025
0.9041502
0.8089301
0.86837894
0.84362775
0.91731745
0.8269372
0.8159144
0.9000437
0.91538596
0.86668915
0.8096356
0.82885
0.937394
0.85047936
0.9110364
0.7639069
0.7541846
0.907579
0.8385509
0.84225523
0.9413535
0.5807318
0.9082649
0.95193666
0.78600395
0.9206648
0.8438736
0.80404377
0.95579135
0.89080465
0.781227
0.9519658
0.87284696
0.89616394
0.9089473
0.8131701
0.8980509
0.73920345
0.87119466
0.84074736
0.8194835
0.77894986
0.83772504
0.8072764
0.79727787
0.7701186
0.93452156
0.6528957
0.8521434
0.7956156
0.84949654
0.8235756
0.84178454
0.8153951
0.8940134
0.7118517
0.7767535
0.8171884
0.88566005
0.8109143
0.702334
0.72046334
0.78915906
0.65252817
0.54428935
0.727235
0.888271
0.9216771
0.95463496
0.5380271
0.9089104
0.9190899
0.830528
0.7621552
0.66760206
0.64200926
0.8615099
0.89288664
0.913121
0.87092006
0.82461166
0.90235674
0.85608804
0.8849513
0.768769
0.79704434
0.64879227
0.9304639
0.8838344
0.83315414
0.88751554
0.7742454
0.8745583
0.94366306
0.72643304
0.8393057
0.8756179
0.9101758
0.91782
0.46095806
0.57071143
0.82308686
0.9138824
0.9243838
0.7117781
0.8748917
0.90000767
0.8519005
0.746625
0.959684
0.81264925
0.8738591
0.9734181
0.8608397
0.6720031
0.86384547
0.7575967
0.9309972
0.77991354
0.93316746
0.90707654
0.9134346
0.7915325
0.8060902
0.97308
0.915459
0.8585322
0.7292909
0.68975484
0.6700345
0.8957118
0.8311752
0.6280931
0.78990674
0.8504846
0.8703078
0.93870234
0.9068417
0.91358787
0.94864845
0.8290288
0.9306389
0.8940552
0.7396404
0.8962277
0.83967614
0.9455084
0.90725994
0.91892517
0.89594555
0.85140777
0.8044025
0.6885624
0.8796374
0.8605714
0.84001255
0.78163606
0.8813477
0.9730058
0.7716302
0.854504
0.97700673
0.8863909
0.8766748
0.7075928
0.9428688
0.88651496
0.92973816
0.9258358
0.6628318
0.85920393
0.8566614
0.8566185
0.81584394
0.7404931
0.8358907
0.822013
0.7519877
0.88671833
0.76802015
0.6304736
0.9350685
0.77962774
0.90946144
0.87118465
0.8847096
0.6374122
0.806105
0.83673227
0.8683413
0.85245353
0.9363629
0.8524628
0.9600158
0.76154387
0.82339954
0.756642
0.77160037
0.71075547
0.9268943
0.69465613
0.7857881
0.81086636
0.9067135
0.8874415
0.78849155
0.9002603
0.8453288
0.8494915
0.94909585
0.7505435
0.8129083
0.62953436
0.9241551
0.7806103
0.7620337
0.8249867
0.9036476
0.6994765
0.805509
0.72305125
0.86031336
0.5580399
0.8252204
0.8403274
0.88758886
0.8680667
0.8620936
0.92105806
0.93741995
0.8269013
0.69898653
0.8540267
0.900325
0.8069505
0.7680939
0.8364557
0.97793037
0.9663029
0.9067521
0.8966101
0.6972251
0.7180956
0.87459534
0.8896147
0.6750507
0.91047084
0.60076725
0.9085837
0.9189882
0.93034685
0.8998937
0.93185174
0.73619086
0.8081669
0.6166558
0.8675831
0.76687145
0.87257785
0.8218293
0.9362852
0.9220728
0.869296
0.8566094
0.7231863
0.56514573
0.9269751
0.73739
0.87658566
0.9128919
0.89358646
0.8396208
0.94572264
0.9294212
0.9452567
0.8687468
0.8736683
0.83710706
0.9161676
0.81249183
0.8665572
0.7792815
0.954707
0.9042567
0.95237577
0.61263436
0.76221484
0.85031694
0.8884184
0.6769383
0.9125822
0.7238409
0.9252956
0.868788
0.8165057
0.83553517
0.73311055
0.78051555
0.74933547
0.88191175
0.76794785
0.9106571
0.6583506
0.8662569
0.77835065
0.7847533
0.7491461
0.48656258
0.87628436
0.8759189
0.9392795
0.8973443
0.87330234
0.8801788
0.79916036
0.90672016
0.8895781
0.8747796
0.55839586
0.7581807
0.7565138
0.91982687
0.8081255
0.8212469
0.9588984
0.9022819
0.63104516
0.82388103
0.7614663
0.60332334
0.9493898
0.7663524
0.89990264
0.84262675
0.89393115
0.8730618
0.9546127
0.7853804
0.9481065
0.83579403
0.7424862
0.83205366
0.8313524
0.8581961
0.88019973
0.76905876
0.6750469
0.8133851
0.9269935
0.85840714
0.67292184
0.81108993
0.9150548
0.5921264
0.9361387
0.85128355
0.75942874
0.88145185
0.8989188
0.8900864
0.67860323
0.764681
0.78419584
0.86071336
0.45521852
0.629404
0.44215187
0.9216223
0.7273984
0.76431113
0.8916596
0.79678607
0.91014737
0.74761796
0.927107
0.7668248
0.68395805
0.92084914
0.58471054
0.87412286
0.8934046
0.75693256
0.9656032
0.93073326
0.89374727
0.7253938
0.32410923
0.8365693
0.93093944
0.8658599
0.9460295
0.9684164
0.83944166
0.72203505
0.88739806
0.9729599
0.9130157
0.8260242
0.8882491
0.7088915
0.80655134
0.9114281
0.63816965
0.7819915
0.92508274
0.906022
0.6552249
0.7914452
0.8801222
0.85385233
0.85179675
0.67528087
0.67247593
0.9304348
0.9099233
0.9313841
0.75069827
0.9052931
0.5885488
0.75020695
0.9500594
0.88692045
0.749398
0.93077826
0.92390025
0.6804115
0.8948747
0.7309121
0.64178234
0.6407758
0.75342494
0.80850106
0.80896175
0.9319917
0.68826735
0.938509
0.85732156
0.8345077
0.61875427
0.92122555
0.862849
0.61939013
0.93651927
0.7644883
0.90827394
0.7626167
0.72064954
0.81239974
0.9319112
0.84810543
0.887854
0.7213322
0.7955416
0.8311867
0.85392576
0.8825218
0.92066073
0.8428744
0.883786
0.7041914
0.6772825
0.9338153
0.82062405
0.8994186
0.8686478
0.70356023
0.61620533
0.8673613
0.80683076
0.86443543
0.87531275
0.8625852
0.875537
0.7989849
0.8206216
0.89617795
0.5396966
0.7402809
0.7825707
0.8376913
0.86530066
0.937177
0.7926347
0.8737868
0.71091765
0.8341228
0.4285329
0.70646393
0.8769762
0.90818536
0.8834963
0.7736269
0.61835235
0.9264134
0.86103225
0.921133
0.902648
0.83101785
0.81746405
0.7617948
0.8735545
0.7801338
0.8038479
0.9435774
0.7812211
0.84085757
0.8783098
0.6171145
0.86417115
0.81917983
0.5974329
0.908437
0.8102392
0.82063395
0.8410683
0.70946217
0.8231435
0.7418656
0.8205587
0.7666916
0.93586713
0.77873635
0.70155245
0.85001934
0.7380287
0.69941056
0.89752954
0.9299485
0.8328912
0.9376153
0.9341969
0.8549422
0.9316825
0.7314259
0.79317784
0.9053052
0.9590377
0.77157414
0.9535028
0.65646565
0.82144564
0.8066817
0.9112961
0.91273385
0.77961063
0.9176861
0.78686845
0.96144825
0.44307935
0.8261335
0.68943906
0.90323675
0.77808946
0.86984533
0.7801448
0.8303416
0.8120301
0.8846418
0.80742985
0.8075307
0.8479578
0.8573435
0.8220523
0.8736002
0.8323985
0.831113
0.9399442
0.86968195
0.38984403
0.8048352
0.8742505
0.8979784
0.7573763
0.7788081
0.86945546
0.6472898
0.8422198
0.81762207
0.8026739
0.82269824
0.83401656
0.9058147
0.95577997
0.8519008
0.86700535
0.7904777
0.50076663
0.7633487
0.75116557
0.88550043
0.88832396
0.8859694
0.8905483
0.95531195
0.92635673
0.92056274
0.9224687
0.92910516
0.75414014
0.9039557
0.95849204
0.72826463
0.844563
0.8222045
0.9741878
0.94196117
0.8106546
0.8581087
0.85135823
0.9232206
0.6061563
0.90018135
0.916234
0.9173536
0.89821446
0.8940232
0.9352667
0.8884329
0.87050724
0.8437482
0.6813243
0.855719
0.89950466
0.8805462
0.6493362
0.8796735
0.85943896
0.9090953
0.8157341
0.8528336
0.83767295
0.9254674
0.91425186
0.90694326
0.78858453
0.7951728
0.9332312
0.66472465
0.89300376
0.83976924
0.86566126
0.47712582
0.89057636
0.8871008
0.7753662
0.78751564
0.76547563
0.7236125
0.85015327
0.882981
0.8823232
0.8583584
0.8388315
0.96083164
0.9318342
0.8993592
0.663551
0.87419575
0.87428766
0.9430971
0.7277186
0.78297365
0.6998576
0.9108586
0.89880925
0.7263204
0.8975377
0.8415668
0.78962964
0.92840093
0.7201143
0.8656248
0.9000305
0.8373604
0.8795371
0.6228337
0.82783234
0.81656116
0.88214505
0.84461653
0.96331733
0.732949
0.9215853
0.8982942
0.96568507
0.87647164
0.9361869
0.8699303
0.8895098
0.89015865
0.7546068
0.78639615
0.8666804
0.91678137
0.907236
0.6769891
0.7656704
0.7030927
0.87452745
0.868009
0.9543363
0.9105024
0.7795072
0.8622408
0.86695755
0.8547467
0.91638774
0.7295085
0.832184
0.8645777
0.65847576
0.762249
0.80134904
0.96285397
0.915313
0.755128
0.9570577
0.8853775
0.71497685
0.84540975
0.6449988
0.9266068
0.7042713
0.5030192
0.6175499
0.887684
0.91925824
0.8241317
0.7599708
0.9700323
0.5028943
0.6843984
0.82470846
0.8873384
0.9477178
0.96745217
0.9199588
0.97640985
0.73009044
0.9185228
0.8627225
0.71711075
0.8484554
0.92160386
0.7534093
0.8826695
0.896205
0.7553838
0.95096374
0.6229209
0.89333016
0.83579093
0.86024034
0.906664
0.8626967
0.8165794
0.742559
0.87607217
0.79771125
0.6767143
0.8714398
0.7641596
0.9063371
0.85989904
0.8402376
0.7051436
0.8416238
0.8202774
0.88471127
0.8731678
0.93666744
0.7268461
0.83040476
0.7866728
0.8091317
0.5815425
0.6103037
0.6293846
0.8514532
0.49062687
0.88507664
0.7935419
0.83518404
0.7807595
0.74793065
0.8653605
0.9026133
0.88606226
0.936198
0.81825274
0.8992361
0.85978764
0.8251792
0.65084434
0.93083215
0.91589767
0.8687097
0.7366134
0.9772059
0.88369924
0.95939815
0.89240664
0.9069373
0.55920583
0.7926619
0.678293
0.5579128
0.79298705
0.6972355
0.7748077
0.7370797
0.64460504
0.6971728
0.88726616
0.7358786
0.8826505
0.79403985
0.84179574
0.8409423
0.93576413
0.9327194
0.75892067
0.8476025
0.9347379
0.6954756
0.8060233
0.61792004
0.80677885
0.7692215
0.91510063
0.8888134
0.93767786
0.79141897
0.90135646
0.8314412
0.7991351
0.959211
0.7774105
0.66727847
0.8973489
0.8557569
0.63627183
0.77838576
0.8653128
0.8101362
0.92170495
0.7285278
0.9060259
0.7861572
0.844184
0.91155016
0.89911383
0.91463125
0.8489106
0.8822185
0.9060547
0.9485242
0.8129745
0.91585934
0.9393455
0.7794908
0.7868598
0.9440565
0.9625975
0.9043094
0.87807107
0.80949515
0.879969
0.766886
0.93869835
0.5187577
0.8094569
0.8833647
0.8809914
0.7769343
0.7410931
0.78223455
0.5723359
0.9166117
0.86436975
0.89479303
0.93823206
0.87045145
0.89398986
0.7644658
0.8359881
0.7321846
0.7566605
0.6238323
0.7098148
0.84094447
0.70136094
0.8898458
0.8630281
0.8960588
0.9007538
0.97576374
0.84290296
0.7610017
0.83593863
0.7403159
0.90617204
0.8487158
0.8355614
0.7871614
0.9032192
0.93890333
0.8219919
0.93440413
0.9246215
0.8025705
0.78271395
0.9254452
0.7315761
0.7877316
0.88851047
0.77508074
0.86697125
0.52709466
0.75433016
0.76209766
0.87061036
0.94044733
0.72356486
0.9079492
0.67218107
0.89710903
0.782905
0.76843655
0.9227495
0.8457658
0.84976554
0.88988274
0.93367755
0.9278672
0.8154351
0.6155469
0.8657509
0.7937197
0.96631837
0.94125664
0.94462943
0.90843153
0.8545881
0.8309367
0.88742155
0.94395375
0.8936778
0.8224643
0.9027724
0.84110934
0.7361534
0.94634336
0.7922503
0.78785473
0.8282747
0.8381643
0.7464694
0.8498419
0.9181149
0.8750192
0.94516164
0.8151538
0.8237666
0.5237656
0.83706117
0.8527723
0.77720815
0.9046354
0.91146237
0.7912972
0.8437107
0.8086233
0.78474087
0.7196469
0.8622645
0.8359516
0.81600684
0.86843985
0.9189267
0.7742991
0.58248156
0.8641456
0.7893834
0.91731155
0.6964402
0.82216895
0.77542585
0.86986315
0.8244389
0.6737067
0.93703127
0.80938864
0.75721794
0.89741254
0.8711772
0.94790304
0.8807694
0.86767375
0.29068166
0.78201914
0.8702062
0.9765535
0.73448753
0.7189071
0.84079516
0.7319149
0.8764723
0.7882216
0.89592874
0.59301007
0.8165812
0.87133163
0.8253798
0.9386047
0.85727733
0.8516662
0.8303869
0.8965947
0.89607316
0.9065366
0.6615369
0.88444823
0.9040013
0.5333606
0.7493857
0.70545834
0.76648307
0.83984756
0.8174159
0.7647194
0.886548
0.8842541
0.9595332
0.77444464
0.84621143
0.60240155
0.93496597
0.6022331
0.94391376
0.87510246
0.8751506
0.8372864
0.8871608
0.69795835
0.15082903
0.78634787
0.8889819
0.759841
0.8546258
0.8889806
0.864455
0.7742854
0.7922237
0.8556111
0.98148334
0.95676774
0.7137201
0.9038811
0.8610746
0.92958415
0.68843096
0.90918493
0.80827886
0.8886537
0.8499357
0.80910593
0.76472366
0.8558568
0.747882
0.81494796
0.8795332
0.8204433
0.9504607
0.7334814
0.90710133
0.74585545
0.83624375
0.7626928
0.8361799
0.84358484
0.8150451
0.8603356
0.6498866
0.60896766
0.85664654
0.7936075
0.890259
0.95334065
0.90050936
0.614356
0.9020066
0.56688666
0.877218
0.80031323
0.91068184
0.882533
0.76750433
0.9324098
0.65083337
0.94919133
0.83826405
0.79094714
0.8462285
0.9212407
0.6659296
0.7947656
0.7111802
0.88631237
0.9825668
0.5680068
0.8683678
0.8934623
0.78811294
0.94787234
0.7878353
0.8498337
0.8090621
0.86482716
0.7927563
0.91628677
0.899995
0.9510165
0.93814623
0.8913434
0.819568
0.7163608
0.8332239
0.9405321
0.7684736
0.8826047
0.90486264
0.8796029
0.8120947
0.85239625
0.8750262
0.7748425
0.96464145
0.9114996
0.9307063
0.7657301
0.83576095
0.8338842
0.88671154
0.8677718
0.8242949
0.7393466
0.8602661
0.8054131
0.96832806
0.8408324
0.9269572
0.9435125
0.6779708
0.910657
0.78332704
0.8051612
0.83397096
0.8921842
0.8332677
0.9452102
0.7939435
0.66411287
0.9188313
0.82941633
0.9224359
0.9502278
0.77039933
0.66753596
0.89025766
0.8644095
0.87296784
0.82796395
0.90622437
0.7143613
0.9311919
0.8284433
0.8521351
0.82386976
0.8128867
0.9575739
0.8855339
0.8828705
0.8766683
0.7141026
0.66285586
0.85159165
0.9202456
0.7829184
0.8144811
0.84710175
0.89644873
0.8098256
0.9007002
0.8780485
0.94704485
0.9095177
0.82296777
0.46833447
0.73479754
0.9363139
0.9410513
0.9177574
0.89774376
0.79353225
0.6183076
0.8809813
0.8074485
0.8538774
0.7731672
0.6909081
0.80031127
0.7986012
0.89550215
0.6156484
0.8615127
0.72941434
0.7955982
0.9348613
0.9498456
0.9478523
0.8655857
0.72662854
0.8075181
0.8927204
0.75031894
0.8570715
0.9549722
0.85966873
0.8501289
0.3364271
0.7771921
0.8660514
0.9580258
0.92466456
0.9264747
0.83417934
0.82601964
0.741895
0.93293107
0.87073845
0.79213333
0.7957567
0.7963659
0.9504356
0.858509
0.9414703
0.9644675
0.91248673
0.9315921
0.821786
0.72466415
0.7828377
0.88476264
0.9557035
0.89606625
0.86200345
0.75499356
0.74758995
0.93076384
0.6526913
0.8607652
0.88502896
0.7091788
0.52508545
0.8981844
0.8323895
0.8507138
0.86858433
0.8527563
0.93855906
0.9255136
0.9219447
0.83457637
0.8478708
0.89847195
0.85698545
0.8582741
0.77601796
0.83935124
0.7241676
0.88171554
0.741656
0.87209886
0.6777175
0.74372613
0.8358896
0.913676
0.9071472
0.7166289
0.807436
0.80711615
0.8560528
0.7779802
0.82167864
0.8893117
0.76528275
0.88519275
0.8964255
0.7144009
0.62972766
0.8061316
0.9823177
0.6724068
0.83098525
0.7912438
0.7371076
0.83620656
0.9467835
0.846089
0.8039841
0.9058616
0.71409047
0.896101
0.87787044
0.9210286
0.92944646
0.8031054
0.6971169
0.9328103
0.8972588
0.84873235
0.8311644
0.7585862
0.8375911
0.79789937
0.8230815
0.94724584
0.9394733
0.92342144
0.9679355
0.63792175
0.6826775
0.9249584
0.89260864
0.85689354
0.8936547
0.9306659
0.6944311
0.8792843
0.67718196
0.8977936
0.9227072
0.6682563
0.88225406
0.7928332
0.93187505
0.8816201
0.858161
0.8552013
0.8048583
0.8229468
0.853998
0.77638054
0.915371
0.73018545
0.95069987
0.9111489
0.6897706
0.84777707
0.9662908
0.739559
0.73977673
0.79162997
0.89425457
0.78262764
0.39161283
0.8461247
0.7480398
0.846672
0.860422
0.8353614
0.6979571
0.8518535
0.88770306
0.8712386
0.7434573
0.89388174
0.9803895
0.7236911
0.8961233
0.95850706
0.88865155
0.94435126
0.7959312
0.8374571
0.79107094
0.95339
0.88376164
0.9444172
0.93011725
0.8569949
