0.8203835
0.728901
0.8654661
0.7768268
0.92047036
0.8940406
0.76054686
0.9145422
0.7820643
0.9079077
0.92165244
0.917786
0.7635889
0.84993225
0.9602066
0.8098467
0.74483705
0.788482
0.83215237
0.8606672
0.7390809
0.93610233
0.9310954
0.92424333
0.6543514
0.8427891
0.8308492
0.8183892
0.82558936
0.9230147
0.7953807
0.7761358
0.9029253
0.8486248
0.8564724
0.864913
0.8108885
0.9366967
0.7393003
0.9289547
0.9266919
0.83445984
0.8263571
0.87344724
0.9478246
0.81630236
0.8538474
0.8463733
0.80633664
0.7571918
0.89345264
0.9017618
0.89661324
0.88846856
0.8643215
0.89606744
0.9245568
0.8057174
0.9377935
0.86138326
0.8724853
0.84509414
0.7082584
0.7762965
0.9011781
0.9258476
0.83183444
0.8750927
0.88790935
0.8656996
0.93580985
0.83403474
0.92496586
0.8101921
0.870855
0.8810382
0.89661646
0.9566462
0.9538846
0.64791584
0.83970225
0.8305584
0.6767435
0.91047966
0.8582291
0.9256218
0.8073305
0.86737025
0.8553359
0.77260375
0.83772534
0.9030538
0.8179208
0.83260846
0.82933426
0.8525092
0.7833474
0.751506
0.7770468
0.9404584
0.9155913
0.8889458
0.7105491
0.8326486
0.91234785
0.88734025
0.96426743
0.9321901
0.83375
0.9092144
0.83929634
0.9342965
0.8847351
0.95610845
0.88313335
0.81655025
0.7563026
0.77508414
0.7698314
0.80406964
0.71234155
0.8419828
0.88284004
0.62927026
0.9398136
0.79813933
0.819494
0.8544367
0.7549682
0.9688189
0.8054135
0.7748524
0.92129695
0.8281596
0.87435585
0.79638505
0.88869727
0.8676357
0.85680807
0.8243841
0.9418456
0.9144695
0.9398056
0.854092
0.38979232
0.92361176
0.8821185
0.85859317
0.92895234
0.8371525
0.5845413
0.8413463
0.8204165
0.9674902
0.96688294
0.8695553
0.8122308
0.86938936
0.89858794
0.8927432
0.8992322
0.79791135
0.79752654
0.8699429
0.888106
0.91467905
0.7819803
0.9027634
0.779176
0.87995285
0.8653219
0.91641325
0.70736027
0.79455435
0.77368224
0.92014813
0.75883067
0.92707825
0.9230209
0.8231672
0.67109424
0.7618005
0.8551952
0.70903754
0.81853753
0.95379496
0.8714843
0.9192533
0.93497926
0.8341878
0.93447447
0.7541908
0.4298286
0.75984895
0.83113277
0.8493202
0.8312379
0.93538046
0.90912926
0.8002491
0.9385816
0.9345325
0.881024
0.74481833
0.7380655
0.730524
0.8306468
0.7944854
0.747192
0.84447193
0.9165893
0.5411822
0.95631903
0.7504307
0.69889206
0.9385135
0.45709893
0.8671428
0.75290895
0.82893836
0.897548
0.8397194
0.684529
0.8522325
0.8068396
0.9311711
0.9150888
0.74601454
0.8662075
0.9062846
0.8444904
0.907683
0.7905071
0.84064615
0.7169773
0.89146644
0.73680294
0.85305643
0.8632283
0.90426105
0.886063
0.8469542
0.9318979
0.8453158
0.76339215
0.96898097
0.8176742
0.89849997
0.88999414
0.88220876
0.89681673
0.8583075
0.9231639
0.96007806
0.9332337
0.877248
0.8860863
0.8844988
0.7474596
0.79543346
0.6880764
0.84619313
0.8991822
0.9003189
0.79940003
0.83969545
0.9170603
0.8162102
0.9467759
0.8047253
0.92201364
0.7747624
0.6903182
0.9198508
0.8977036
0.8958199
0.8646252
0.62656784
0.95750314
0.90384454
0.8780602
0.8530927
0.49243706
0.80972433
0.9588605
0.7555072
0.9303845
0.8766007
0.9056948
0.9356371
0.93666685
0.8193399
0.8332378
0.8966347
0.79935926
0.63262385
0.8341732
0.80247825
0.9476531
0.9076672
0.9171867
0.82463574
0.9474283
0.9289445
0.8464672
0.95897317
0.8904839
0.8367168
0.78649545
0.91653144
0.9534594
0.96010846
0.803324
0.81884944
0.8200675
0.9486077
0.8545495
0.8909679
0.678061
0.95075405
0.7015889
0.89087105
0.8835727
0.94662726
0.895877
0.8319037
0.7920826
0.9300021
0.8729496
0.69341785
0.9046238
0.88515437
0.912768
0.86020505
0.7487628
0.86177254
0.8611975
0.78531075
0.8212868
0.7813535
0.84883213
0.80148566
0.9247029
0.9363391
0.8152959
0.83615243
0.9171948
0.9246349
0.8945575
0.71527684
0.917595
0.95167637
0.8708362
0.8834549
0.8351426
0.95625585
0.94407105
0.81716245
0.7619562
0.803458
0.67810655
0.66254985
0.9529372
0.8903471
0.75784767
0.84908473
0.8084053
0.929188
0.6402361
0.87864536
0.77074635
0.8843889
0.7900825
0.64888084
0.7753052
0.89990425
0.8252603
0.91417813
0.6879175
0.9359952
0.9622114
0.7659043
0.9159306
0.83593386
0.80855715
0.7986602
0.89179605
0.7977082
0.7444588
0.92155087
0.8130574
0.9452915
0.8730741
0.8870116
0.8561979
0.925334
0.87534004
0.86809164
0.80365276
0.8130745
0.69188887
0.89583856
0.68545353
0.71772504
0.87870634
0.8595854
0.86220455
0.8756236
0.89075315
0.94078296
0.8977426
0.90522677
0.8196517
0.787147
0.88267547
0.8972719
0.8859215
0.73019224
0.89223325
0.9207564
0.86715883
0.9011146
0.8095437
0.7507087
0.67354673
0.8925426
0.86831635
0.9548444
0.87228644
0.8275109
0.9704338
0.94441557
0.9013612
0.72444683
0.87262225
0.77844745
0.82826847
0.803297
0.9266382
0.855929
0.89022547
0.85632306
0.93540585
0.9255148
0.8233913
0.9009546
0.81074965
0.843987
0.92412347
0.8551347
0.8105592
0.84537756
0.7964035
0.9301425
0.90944976
0.90348154
0.8905108
0.8578656
0.8571186
0.833045
0.80089253
0.876194
0.93088853
0.816039
0.75924987
0.92276514
0.8548031
0.8585407
0.8692812
0.90654993
0.87485033
0.96639377
0.81749153
0.95426166
0.6589235
0.87027776
0.92000866
0.941996
0.9434694
0.80966276
0.8169184
0.89165723
0.8993751
0.8397274
0.89040524
0.9426503
0.84493226
0.91712385
0.9284543
0.83393145
0.79335827
0.70599604
0.85399157
0.92496836
0.8663152
0.91446483
0.81966496
0.90941536
0.64327216
0.86024725
0.88332397
0.89963025
0.73257357
0.8799118
0.92868936
0.7514155
0.815132
0.9111668
0.8076143
0.82605606
0.8987161
0.89911604
0.90726256
0.8519363
0.6542775
0.8868836
0.8735874
0.7400357
0.96403265
0.88605183
0.7181622
0.80130696
0.8160464
0.7744625
0.8437573
0.7822235
0.6658126
0.8968684
0.77963036
0.71070397
0.7214761
0.91852236
0.8682027
0.9456976
0.8270262
0.8898141
0.9521597
0.94776464
0.9148083
0.8089659
0.9613508
0.7538121
0.7578895
0.7657172
0.89566994
0.9666948
0.76824427
0.85269815
0.91468656
0.9483354
0.733482
0.79846174
0.903013
0.872881
0.8183347
0.8253445
0.8436166
0.8615041
0.782708
0.84189487
0.91059595
0.8737318
0.75085205
0.85375386
0.9310953
0.8735169
0.76321125
0.9230316
0.76226556
0.80717176
0.82787883
0.9427639
0.8354587
0.816524
0.8281556
0.81863064
0.8839652
0.86420804
0.90317726
0.9174088
0.7198581
0.86676925
0.8217751
0.91468513
0.770504
0.87550133
0.9282971
0.8291737
0.8499718
0.85203046
0.74853
0.7735364
0.93414354
0.9315687
0.9124547
0.8684268
0.896961
0.794249
0.6794651
0.6830686
0.7466835
0.8090825
0.7389344
0.9317221
0.8897539
0.8555988
0.8388512
0.7836637
0.8575605
0.76599395
0.70309836
0.7722216
0.5102613
0.78056204
0.87826294
0.86845946
0.78218836
0.9325647
0.96156114
0.87081987
0.89404744
0.88889766
0.832106
0.8972788
0.8603004
0.94719994
0.853747
0.8658319
0.68344337
0.8591654
0.89594835
0.89923537
0.6364102
0.92754567
0.96468127
0.7022027
0.8884719
0.9014837
0.9064134
0.78026867
0.75772965
0.77410924
0.9216987
0.91100705
0.8735128
0.9271918
0.88593173
0.7250789
0.90305483
0.92773527
0.7363078
0.8769828
0.980904
0.79354084
0.9508022
0.9450383
0.9216697
0.7040196
0.885158
0.8546983
0.720426
0.9498601
0.90983784
0.9507857
0.9035089
0.8814637
0.69726664
0.9137413
0.89318043
0.9838813
0.88474435
0.8559773
0.9159186
0.79413617
0.7118081
0.797182
0.9408669
0.8025438
0.8730683
0.7872378
0.6151663
0.9165393
0.7984604
0.84242564
0.4852215
0.81558454
0.9011108
0.72161233
0.8454501
0.88377476
0.8777533
0.91128767
0.7109067
0.8806006
0.7807993
0.8696698
0.83791417
0.96562344
0.8146194
0.83070874
0.93528837
0.8894776
0.8903464
0.9666492
0.8676268
0.8682612
0.7912118
0.8976039
0.802392
0.89074653
0.73568326
0.79945964
0.94581896
0.90284675
0.8774278
0.8820646
0.89349926
0.95701957
0.8674595
0.81347454
0.82940775
0.8575604
0.94435406
0.69749045
0.91587555
0.9099554
0.82004243
0.9466002
0.919436
0.940724
0.93472964
0.79101986
0.87856776
0.9226649
0.87604785
0.5400471
0.76108575
0.9274262
0.92700374
0.81333274
0.9101182
0.566351
0.72807556
0.8584442
0.87499774
0.9402991
0.9055403
0.7278169
0.8655174
0.79145354
0.906903
0.7283075
0.91481566
0.9397538
0.87691355
0.7631446
0.72400105
0.8146076
0.85891604
0.9333297
0.7323432
0.91189474
0.94182324
0.69851565
0.89681077
0.9009266
0.90681183
0.7607928
0.89348614
0.89127123
0.8013042
0.9055236
0.8432168
0.80892646
0.8687233
0.710315
0.97226137
0.8523191
0.87760293
0.8601463
0.8415379
0.92647
0.8631897
0.9376381
0.90772426
0.84465814
0.69158787
0.84720516
0.87994516
0.97172225
0.8951007
0.7591175
0.89234823
0.9571023
0.8515723
0.73200357
0.7791895
0.95841014
0.560825
0.9387508
0.73283935
0.92885554
0.8798257
0.8718903
0.87956643
0.856429
0.878723
0.8119068
0.8216979
0.73023236
0.82237387
0.90822434
0.8075716
0.8429684
0.8740054
0.79529136
0.8861418
0.9260042
0.9307963
0.9333584
0.90255517
0.7352673
0.92334574
0.8146668
0.956632
0.6777394
0.8470861
0.8673036
0.8522184
0.8125396
0.8840598
0.9243345
0.9148753
0.761817
0.7346032
0.6951499
0.9089951
0.7709582
0.60377514
0.83794284
0.8767368
0.92787105
0.9397116
0.74831885
0.7991012
0.87503105
0.9017137
0.8388636
0.94936633
0.75829256
0.89599586
0.79616606
0.86407197
0.8024279
0.8482428
0.89066935
0.87607354
0.70731056
0.651021
0.86256737
0.936347
0.90832025
0.81036085
0.77068746
0.7595942
0.960766
0.94810516
0.84769475
0.9251523
0.9431721
0.841289
0.9451513
0.9823294
0.91388106
0.77284557
0.8921834
0.92303777
0.8077785
0.9535409
0.85223365
0.90020716
0.77616537
0.7861607
0.9333867
0.70064807
0.91573644
0.7878162
0.8396768
0.5557197
0.81248474
0.7912295
0.89377534
0.8280577
0.94254744
0.8766351
0.8390391
0.9548373
0.8419396
0.5925061
0.6101191
0.8205322
0.8125596
0.770229
0.90531343
0.95235205
0.84210324
0.865733
0.9390357
0.9576206
0.81553197
0.9295355
0.8053975
0.88964945
0.86799574
0.89451903
0.86753833
0.8469398
0.9132073
0.51312894
0.81568164
0.96172607
0.65922743
0.7200075
0.8806901
0.7683127
0.7657566
0.9190031
0.75360554
0.86031616
0.8155488
0.858474
0.8762207
0.7507283
0.8374553
0.80776757
0.91867167
0.8595784
0.8959815
0.74895763
0.87600386
0.77323425
0.90652156
0.8651186
0.90500844
0.9556978
0.7500136
0.83733284
0.90794635
0.79910004
0.9047799
0.7207483
0.8706495
0.88059044
0.7957388
0.8110071
0.92196214
0.8321748
0.90276015
0.8659354
0.5857987
0.9284341
0.95488584
0.8607714
0.8855726
0.656256
0.87182766
0.876741
0.73723936
0.8216549
0.63308513
0.82609606
0.88294816
0.88481164
0.6618514
0.7557465
0.93775827
0.85548484
0.90477526
0.7940633
0.82828414
0.86108315
0.665228
0.8328662
0.869611
0.85179394
0.9124853
0.87506706
0.76370317
0.82863545
0.92563534
0.8013181
0.84915185
0.7605946
0.9057248
0.82896227
0.8579245
0.8573322
0.8473484
0.8643428
0.82998294
0.68107945
0.8975084
0.82646215
0.8722344
0.8335774
0.90255517
0.9704241
0.87250614
0.9422091
0.81757694
0.9179615
0.74706256
0.89205414
0.7195545
0.44625267
0.8003739
0.8615114
0.8555345
0.9370564
0.91676956
0.9608192
0.8341595
0.80492735
0.9297513
0.89975566
0.94144815
0.9358322
0.90868795
0.8484703
0.8701076
0.9202255
0.82387537
0.69995415
0.9173723
0.74659026
0.7576254
0.8280598
0.5982176
0.8844245
0.799425
0.6927957
0.7607909
0.7629262
0.91843784
0.8760334
0.91421527
0.8906429
0.93046165
0.8895173
0.79875624
0.78852445
0.8207867
0.91313475
0.8747276
0.9510171
0.78979766
0.69277483
0.91785383
0.88977593
0.7091514
0.9064264
0.94631314
0.543928
0.81832397
0.886516
0.8976989
0.81593436
0.88625073
0.91620016
0.9382476
0.7661295
0.9109659
0.85814804
0.8493446
0.9429191
0.9003927
0.9132629
0.60033697
0.8649015
0.7205162
0.8089504
0.8589508
0.92159307
0.82255036
0.961108
0.7060942
0.9518511
0.86442345
0.9733138
0.8281496
0.80729073
0.8745534
0.8446814
0.7905669
0.7289678
0.5664242
0.7840065
0.6789835
0.881721
0.80980736
0.5940163
0.7648995
0.8662797
0.9383778
0.6773993
0.74392253
0.8344903
0.8694644
0.91149396
0.92180926
0.88894594
0.67652243
0.7885488
0.8793171
0.81977487
0.85536593
0.8544138
0.6911938
0.8681609
0.8089956
0.9518725
0.9323888
0.93722945
0.8639594
0.8589028
0.8803408
0.7681637
0.78527117
0.87508935
0.7574346
0.9095873
0.8604919
0.95056427
0.8881195
0.9337752
0.76648855
0.8357142
0.8194006
0.85670286
0.8744317
0.7566051
0.85572714
0.80581343
0.8003125
0.92919105
0.85963917
0.9004541
0.7056319
0.7915965
0.76747227
0.8634197
0.774544
0.68342113
0.8355263
0.9136072
0.7695441
0.7463969
0.8752742
0.96331537
0.7740203
0.8720125
0.92896456
0.7652919
0.8599218
0.8370839
0.8677542
0.8963431
0.8828694
0.927194
0.9439394
0.86924356
0.7507098
0.9351887
0.63997805
0.7535521
0.7018024
0.90564793
0.82213086
0.81419426
0.8419664
0.8286904
0.96101725
0.9008595
0.9315536
0.8917466
0.748348
0.79530114
0.8457105
0.6619658
0.7322879
0.80869687
0.9258021
0.7751461
0.95782495
0.89875174
0.65302545
0.75512594
0.9499454
0.8300598
0.9184383
0.8689566
0.6129256
0.98655003
0.8963592
0.8740004
0.7313157
0.8420851
0.65556943
0.86595255
0.832055
0.789742
0.7837801
0.78965634
0.7127002
0.79027426
0.8786172
0.92996734
0.8069519
0.7443489
0.83851457
0.79404014
0.86555254
0.51077306
0.90480596
0.68015456
0.8059948
0.8459337
0.9213647
0.7383808
0.8818782
0.9352479
0.8658453
0.85755354
0.9503051
0.75453746
0.92041665
0.89109755
0.86392593
0.64703673
0.89067024
0.8870152
0.83561426
0.65109885
0.9386658
0.8751613
0.73248553
0.7411361
0.5232048
0.90184253
0.926917
0.8920237
0.93908656
0.57402974
0.89038986
0.45615134
0.94525546
0.70087045
0.9311949
0.6686579
0.811787
0.8596876
0.892454
0.8769422
0.9041822
0.7741246
0.8634315
0.75406295
0.8018961
0.8009807
0.807986
0.8207127
0.83277303
0.82936805
0.71349204
0.9614581
0.8211782
0.9534545
0.8981929
0.83571905
0.788203
0.9136393
0.87199146
0.7308795
0.82680327
0.84510636
0.8682277
0.57401675
0.9115571
0.80772126
0.78207624
0.9486037
0.7955145
0.9286171
0.88468874
0.89147264
0.8401534
0.8713592
0.8104067
0.8421905
0.80223787
0.8741126
0.82096875
0.93438655
0.8559147
0.8280291
0.76735735
0.8958709
0.7643648
0.93951285
0.8727183
0.8171641
0.83875084
0.8928454
0.8741876
0.76317644
0.8048494
0.756134
0.90558696
0.9558356
0.87597215
0.8561992
0.760217
0.6828895
0.91484725
0.9657628
0.7958461
0.8171742
0.96482503
0.8330196
0.8319654
0.9124839
0.8543069
0.77983797
0.8710202
0.8182668
0.8423799
0.9392132
0.72664917
0.7944345
0.9015982
0.940271
0.9244533
0.5725789
0.70371
0.79752123
0.7118762
0.8439132
0.7782849
0.6999468
0.9097248
0.45708284
0.8968454
0.92049855
0.8575781
0.8616971
0.8727457
0.9471847
0.92024076
0.74395084
0.85887074
0.94061244
0.71864474
0.93920475
0.8626513
0.73146313
0.8925023
0.7792914
0.9157202
0.67801136
0.8906653
0.8327368
0.93049
0.83662426
0.9495164
0.8025756
0.8784591
0.83201236
0.8693106
0.778953
0.9130218
0.9180356
0.7575732
0.84262896
0.6748986
0.5025988
0.79257846
0.8436738
0.9127066
0.78590876
0.84717584
0.8537078
0.7490708
0.7561493
0.79088384
0.76229125
0.6507336
0.92462695
0.54230994
0.8689347
0.8619192
0.79393613
0.7992262
0.8912415
0.7766023
0.9184905
0.82842284
0.73915166
0.8659093
0.4706381
0.90518814
0.92009676
0.7999193
0.7716637
0.84537446
0.8516187
0.84600246
0.8357382
0.7421433
0.8455527
0.834924
0.84998804
0.79167974
0.8671457
0.89766914
0.9418747
0.9034764
0.60527205
0.7855074
0.9274575
0.90756065
0.9201836
0.93668324
0.8685744
0.9011351
0.7470602
0.7284973
0.9225522
0.8564297
0.8844704
0.86066693
0.8782581
0.90549034
0.77621526
0.9037401
0.81215036
0.84480834
0.83289707
0.9089029
0.75833964
0.8955783
0.6972769
0.9220853
0.55724883
0.8715601
0.9461378
0.82040834
0.8058898
0.8785425
0.8721593
0.9418421
0.75571567
0.91469026
0.92113835
0.82908463
0.7209376
0.7171483
0.8985363
0.7406839
0.8235179
0.91113025
0.81388825
0.9088511
0.86498475
0.88574725
0.8372964
0.91590685
0.79286194
0.9372016
0.8747248
0.9010127
0.88893723
0.9387448
0.93029785
0.9071057
0.896531
0.9343991
0.6435112
0.8636069
0.522709
0.7838995
0.885433
0.7895233
0.898561
0.9396197
0.72146595
0.92077446
0.9128513
0.933698
0.550904
0.76190555
0.8600164
0.84351933
0.894073
0.80267465
0.7714514
0.6993172
0.7997822
0.8414507
0.8799919
0.80823016
0.795745
0.8490749
0.84663475
0.91930807
0.87096566
0.83484066
0.9096769
0.7970879
0.959669
0.8723625
0.87411606
0.9320359
0.9145775
0.9595594
0.96737885
0.8311769
0.7437164
0.8206146
0.9304865
0.89871484
0.809623
0.9404147
0.81820714
0.7396754
0.84122765
0.91602325
0.70238614
0.81943184
0.82885635
0.890527
0.8847191
0.8953399
0.7877955
0.77088726
0.5617636
0.94586855
0.86957693
0.78304374
0.9540121
0.76827496
0.77459717
0.82842016
0.7693075
0.8725364
0.941995
0.7769366
0.9439229
0.8336701
0.8670522
0.8593916
0.91983604
0.92975897
0.85432166
0.913474
0.8659102
0.9221426
0.87563694
0.97476447
0.7015645
0.93744826
0.85645753
0.73791915
0.75533485
0.75912666
0.84902376
0.9179279
0.81049895
0.8942069
0.97680074
0.78295946
0.91527987
0.88360095
0.9574333
0.88880354
0.7804343
0.87790316
0.93120027
0.9015693
0.85815185
0.88087344
0.98049015
0.9288042
0.80747426
0.8094603
0.8967058
0.8606633
0.70256835
0.9433327
0.71696347
0.76797736
0.6253607
0.8233368
0.8960003
0.8489746
0.7927845
0.7768468
0.83490855
0.82874465
0.93195283
0.8166742
0.91451335
0.9443426
0.89799666
0.80754447
0.93489575
0.90144455
0.7640552
0.752157
0.8229916
0.7975669
0.6175207
0.91481537
0.6608804
0.8761773
0.8249386
0.9601377
0.9356807
0.71446234
0.7286758
0.8354485
0.9443004
0.89674485
0.7953452
0.8597132
0.9138266
0.7245623
0.6615497
0.74653864
0.8863697
0.9105692
0.80281806
0.86369145
0.89754
0.7884999
0.9249458
0.9462346
0.861873
0.83159363
0.9046299
0.82909316
0.8832973
0.8930556
0.62223804
0.8242563
0.44706857
0.8710573
0.90301013
0.9559411
0.92495996
0.8209698
0.87633795
0.8022848
0.95218086
0.8045527
0.89604485
0.88404393
0.8903725
0.92995876
0.81149256
0.8602232
0.93500054
0.707228
0.93690753
0.78523237
0.9679542
0.8238182
0.7603514
0.8843981
0.5579459
0.93974185
0.6023203
0.7824465
0.9383598
0.70004886
0.8736835
0.6807694
0.77752435
0.9442082
0.88232946
0.89104486
0.9580348
0.90343565
0.8174319
0.87789696
0.68043363
0.59847885
0.70435035
0.85359305
0.74737984
0.5662875
0.64692605
0.8143448
0.94469285
0.8155006
0.6045684
0.7661848
0.77721924
0.8481969
0.9114126
0.83870566
0.9417528
0.8899174
0.89524275
0.92131287
0.94601625
0.808288
0.8245453
0.9279311
0.88126093
0.9260319
0.7584458
0.7328892
0.9281002
0.82580924
0.6978705
0.80173
0.9128705
0.9565798
0.89881927
0.7767161
0.9425086
0.9593873
0.86341435
0.890073
0.873416
0.9168303
0.72799504
0.85588014
0.80622196
0.9225444
0.8344796
0.8879246
0.6837948
0.8847761
0.9056423
0.86348
0.92741776
0.7593875
0.8336095
0.8153661
0.72504425
0.5757609
0.93483406
0.74528265
0.79681844
0.8055691
0.9080841
0.61111987
0.80834335
0.8149121
0.9712335
0.8243716
0.8914676
0.91530836
0.9728508
0.79031014
0.86259645
0.8656573
0.8119221
0.88255095
0.70156306
0.8933795
0.7985636
0.9304312
0.7599178
0.6573106
0.85233665
0.747643
0.48120123
0.90619665
0.82804024
0.94809407
0.77290154
0.8413826
0.7861005
0.90785295
0.7792867
0.6198554
0.86051786
0.8107193
0.7579911
0.81800383
0.820704
0.838821
0.9406992
0.76375985
0.7554545
0.87437284
0.63933486
0.9637599
0.8332975
0.8018022
0.9392642
0.83890533
0.95712215
0.9002946
0.89978784
0.832266
0.9287183
0.6174196
0.8928816
0.85029215
0.7378878
0.8036388
0.8885485
0.7980767
0.7002591
0.7301787
0.85757303
0.76189965
0.8058865
0.63290584
0.5245063
0.83224803
0.8359602
0.917871
0.8102781
0.9039602
0.80841714
0.91598463
0.88026625
0.91623646
0.9483837
0.74391955
0.9174655
0.65701973
0.782568
0.9131825
0.8645462
0.89635146
0.7511583
0.8826227
0.6474485
0.80846155
0.72954035
0.86683834
0.953809
0.704158
0.88286585
0.81947637
0.97389966
0.82803327
0.87890846
0.8112774
0.82163036
0.82754403
0.6853815
0.79171324
0.7398422
0.889691
0.9383661
0.8787223
0.8948314
0.8065189
0.92563134
0.8672685
0.93006945
0.8145935
0.9045147
0.887362
0.8847497
0.8485209
0.7715082
0.8682876
0.7254497
0.89115214
0.9241456
0.8037611
0.56859696
0.87438476
0.8596724
0.85934234
0.9666153
0.88714826
0.93377745
0.8990588
0.8870611
0.87679523
0.8563654
0.9402322
0.9373342
0.856817
0.76683223
0.84162337
0.8652293
0.8913557
0.95003796
0.9670342
0.7943379
0.81061095
0.7502762
0.7844498
0.7405062
0.8395916
0.8309661
0.95511544
0.9110216
0.8428774
0.87523043
0.8689231
0.8433442
0.86644423
0.9447537
0.89518297
0.89812124
0.8486367
0.91592455
0.6955914
0.8727716
0.7844832
0.616876
0.8654207
0.6232812
0.91533995
0.70168597
0.89366144
0.78027856
0.80996823
0.89878815
0.7947433
0.9036782
0.8802042
0.7804771
0.76897335
0.8325187
0.80149496
0.83661157
0.9203778
0.6408057
0.9215111
0.9139901
0.92559165
0.85212785
0.83620304
0.9455054
0.87015224
0.9125577
0.8852675
0.6004584
0.8522598
0.86777484
0.9273751
0.9239157
0.9571896
0.9497156
0.8011285
0.8564509
0.81544083
0.4785959
0.75258505
0.8930687
0.7858293
0.87699175
0.9005197
0.80466664
0.7664064
0.96642315
0.80062634
0.9706616
0.8429701
0.9102557
0.8183077
0.88577914
0.88381165
0.83973074
0.7038033
0.6318983
0.8965902
0.869757
0.8379895
0.8337562
0.66395503
0.8115217
0.69293076
0.64886034
0.8805002
0.9164782
0.86301607
0.796401
0.7124282
0.4871253
0.9239742
0.8650058
0.9130457
0.85021687
0.8822007
0.87982893
0.9228131
0.93747115
0.9558456
0.789242
0.86364734
0.87278825
0.8854622
0.7959653
0.6496396
0.94915324
0.8715209
0.95065796
0.8497595
0.8723209
0.8387295
0.8983842
0.9084691
0.7720461
0.89913034
0.67020375
0.87447983
0.93904185
0.95966625
0.8249612
0.73527527
0.90536404
0.7704948
0.7281616
0.91573095
0.95135546
0.95923877
0.82109165
0.78349257
0.93706363
0.85566425
0.8767284
0.9394667
0.9356835
0.8774154
0.85701203
0.86463934
0.84686553
0.86560404
0.82164335
0.81380713
0.74329585
0.85337394
0.84995484
0.8897649
0.6720452
0.83272195
0.82403475
0.4901505
0.908937
0.86097395
0.841826
0.89609116
0.8991221
0.90217286
0.71316177
0.772486
0.8188109
0.8944915
0.91948247
0.9154308
0.763216
0.93747014
0.90995973
0.91602254
0.8947953
0.77910674
0.9608126
0.70315504
0.89595246
0.9599386
0.72336715
0.91682124
0.89764476
0.8374801
0.948607
0.8405162
0.9028053
0.8122955
0.76449716
0.78367746
0.94570535
0.72378504
0.95255774
0.77945685
0.87151766
0.8750715
0.6937847
0.87038463
0.6990776
0.9506277
0.79661536
0.7024145
0.6831729
0.69572
0.86159813
0.9272926
0.8297582
0.78596264
0.95421076
0.8773972
0.9614139
0.8491031
0.85665274
0.84148794
0.8762603
0.7561901
0.8230699
0.864836
0.92250854
0.8533046
0.8350563
0.8727286
0.824428
0.6189652
0.8877951
0.83829254
0.8434101
0.88802826
0.8759662
0.9307217
0.9458351
0.8566529
0.8680353
0.8045424
0.5731713
0.7904174
0.8744268
0.8162384
0.79051936
0.8826061
0.8511209
0.7710592
0.6856034
0.65043926
0.8863794
0.94639575
0.8369454
0.8582341
0.6739292
0.8607585
0.79962945
0.69832015
0.93237406
0.7405181
0.9117261
0.88936955
0.93072045
0.95297086
0.7713046
0.70069665
0.74567723
0.90966177
0.8789612
0.8919188
0.91964185
0.9057744
0.9623886
0.7123545
0.82723504
0.6771136
0.8397143
0.83055264
0.69750506
0.8482796
0.9334226
0.8552476
0.9610177
0.95782274
0.8813692
0.89286244
0.8399437
0.88907593
0.8780943
0.8844594
0.842489
0.7516269
0.7731971
0.90142417
0.7453107
0.9042175
0.78050125
0.88401914
0.96496826
0.9056042
0.78002626
0.9719857
0.8456962
0.90069973
0.92065084
0.81459945
0.9347211
0.8993454
0.79915977
0.45220086
0.69833636
0.8783506
0.7629585
0.8674925
0.89331275
0.9352916
0.58167577
0.83347636
0.8921877
0.94624156
0.9511314
0.74016035
0.6983466
0.9254727
0.7031409
0.8937269
0.7317259
0.9173822
0.90413153
0.7057145
0.88499916
0.8367872
0.8979708
0.8163265
0.8461349
0.91674775
0.6830254
0.9515222
0.94429445
0.8127645
0.8667259
0.85490155
0.92735416
0.7826776
0.78090703
0.66822
0.8235034
0.8965233
0.6162233
0.8332349
0.9499023
0.7657235
0.69988734
0.9002845
0.88143265
0.9530751
0.89332664
0.86143094
0.78570336
0.8800359
0.82616526
0.8872821
0.83084637
0.8218946
0.81995326
0.7695233
0.9243407
0.7321532
0.73970914
0.8496713
0.79830843
0.8011003
0.90483654
0.92462265
0.8970352
0.58723366
0.95485365
0.87138456
0.85341483
0.8345754
0.72949886
0.80846775
0.8995085
0.91368705
0.85910976
0.94731474
0.9397205
0.90753937
0.9638935
0.85359997
0.72256505
0.88865197
0.90807146
0.7732129
0.8219783
0.8698022
0.84773606
0.77900803
0.9552787
0.7804286
0.9126968
0.9075848
0.6049137
0.88149107
0.8240374
0.92295223
0.8099894
0.67169714
0.6524158
0.8073525
0.87271965
0.9464108
0.9168267
0.78331554
0.9532976
0.8471326
0.90228355
0.8431221
0.8812745
0.8722923
0.8447904
0.8609978
0.85825914
0.88783765
0.7848437
0.89282376
0.90519965
0.7912388
0.7725311
0.8691629
0.8067905
0.9107841
0.8087159
0.86415446
0.87484753
0.92213714
0.9401027
0.82847035
0.89918196
0.9167246
0.8871723
0.92778885
0.91024
0.83764464
0.7016116
0.83271515
0.874424
0.8440604
0.9161399
0.8837023
0.8290474
0.76896137
0.9473012
0.94689953
0.8809088
0.8414246
0.77922493
0.8673997
0.90914637
0.843046
0.835468
0.8902269
0.8059269
0.8203098
0.79992723
0.86115867
0.83955574
0.8764248
0.7306748
0.8826052
0.95222044
0.87996995
0.84707004
0.86205745
0.8364434
0.9430753
0.9042222
0.9367737
0.89935017
0.70803875
0.885497
0.8094713
0.7689617
0.7876421
0.956535
0.9148016
0.93774045
0.83571774
0.91540223
0.8550214
0.737774
0.78942597
0.8473737
0.8208957
0.8083701
0.9221124
0.8802628
0.6901121
0.7653821
0.9205928
0.82667136
0.83119947
0.9134667
0.8647516
0.82318425
0.79237115
0.774709
0.86402535
0.9263746
0.8839725
0.82123375
0.77408904
0.87228376
0.8200189
0.59134763
0.82263243
0.7896605
0.939281
0.75924623
0.9071823
0.94030714
0.7342177
0.9364502
0.9385172
0.65400004
0.93202996
0.8613029
0.81640726
0.8486928
0.7428373
0.87399817
0.74888086
0.76851225
0.88051534
0.82814145
0.9526023
0.67085636
0.88599175
0.8871724
0.8887447
0.73859733
0.8248188
0.874587
0.84977436
0.8753098
0.8586272
0.9146575
0.9150525
0.85131013
0.8450562
0.6984443
0.9050307
0.8635735
0.84692276
0.8999739
0.9009257
0.91373765
0.5811961
0.78905886
0.8329973
0.7446197
0.8425732
0.87917167
0.71069574
0.9114784
0.8584243
0.90237546
0.9078068
0.88405573
0.76202416
0.7680801
0.8554326
0.8234293
0.9069893
0.9164885
0.64115655
0.7636295
0.8367901
0.90569746
0.8328029
0.82241654
0.7044754
0.9386914
0.8476176
0.94289935
0.75091285
0.94321287
0.75315446
0.94395447
0.8879034
0.8168782
0.9045129
0.9415321
0.8364367
0.8348446
0.8927078
0.92027205
0.89096427
0.73949
0.8732311
0.905673
0.78701437
0.9558661
0.88725114
0.8899775
0.7616704
0.9263623
0.84011847
0.835223
0.86421376
0.7420796
0.87176406
0.9468349
0.78881
0.7116978
0.7753451
0.8415588
0.90781116
0.9222404
0.7526522
0.82226735
0.8983084
0.90706974
0.6248507
0.853673
0.80855304
0.94805294
0.8423145
0.9285818
0.76456153
0.93090254
0.811482
0.7804317
0.8953686
0.9131797
0.79696846
0.9559037
0.8528565
0.8312924
0.86469626
0.75735015
0.7361867
0.9661417
0.74620897
0.88178295
0.9149552
0.7219522
0.9132427
0.91305494
0.8432514
0.8719653
0.90724266
0.96136844
0.6819999
0.75450116
0.74812555
0.83424807
0.89073896
0.93694663
0.8408121
0.78234667
0.6423427
0.54254305
0.81849277
0.6966359
0.8589842
0.9599918
0.82630295
0.90480095
0.8571378
0.80301267
0.91311294
0.9141819
0.8271661
0.7713249
0.87193954
0.79504526
0.9267101
0.92306805
0.9672876
0.9318157
0.9462487
0.7871572
0.86161095
0.8988596
0.83830136
0.97211486
0.83441585
0.8931628
0.78028965
0.83628076
0.78298557
0.56948686
0.7348709
0.6799253
0.94275963
0.7854699
0.7944716
0.77564996
0.9017274
0.74720055
0.9071245
0.7578758
0.83718604
0.80888754
0.8098698
0.9011953
0.8334637
0.90199244
0.94632024
0.84178126
0.8865974
0.79490167
0.9231256
0.58002615
0.73795426
0.8464613
0.6728748
0.8059343
0.7950207
0.88367736
0.91732574
0.901643
0.83795387
0.7600919
0.8219423
0.94035345
0.79431146
0.9080495
0.79215944
0.85160565
0.808316
0.8472482
0.8304777
0.83225703
0.8976462
0.86121666
0.851454
0.7208642
0.8008751
0.92450184
0.8232763
0.9104514
0.8823077
0.82884246
0.9191032
0.89052415
0.9153866
0.6964931
0.88198143
0.88222426
0.7302226
0.84188867
0.6492956
0.9040338
0.91067094
0.65625536
0.8991149
0.81320816
0.676931
0.8962784
0.7405054
0.8167568
0.85729825
0.8804511
0.85946184
0.83714885
0.85540247
0.9197574
0.90605104
0.83536524
0.88428414
0.7756431
0.8436643
0.8864801
0.75420713
0.82626265
0.88080984
0.88764876
0.8715589
0.9249058
0.9455655
0.89932305
0.9467213
0.77726024
0.9490876
0.867537
0.77251464
0.73547924
0.76407576
0.9560315
0.8732626
0.8051119
0.69180936
0.9465341
0.8227562
0.7905543
0.9091427
0.8763868
0.89540607
0.7746955
0.9405855
0.8939049
0.8326963
0.7681589
0.8802618
0.8014882
0.8678959
0.83922255
0.7407958
0.95986253
0.84700525
0.8456964
0.924081
0.8975018
0.8620867
0.80428076
0.79066914
0.644129
0.79651403
0.8683334
0.8480014
0.89768535
0.82265365
0.78759587
0.74441826
0.8840043
0.8091305
0.9274694
0.74391407
0.8382971
0.91099954
0.7046163
0.82686555
0.8217872
0.837141
0.7115543
0.9304426
0.9442843
0.7955639
0.87792444
0.82363915
0.8864908
0.8726909
0.91933656
0.8512157
0.90214443
0.71358955
0.8628986
0.9133835
0.8726251
0.87790763
0.9157426
0.78689307
0.73793554
0.91032994
0.70981026
0.9077421
0.8361206
0.86444634
0.9556064
0.919033
0.7952587
0.871659
0.9229919
0.6857882
0.87027586
0.7872944
0.9074507
0.8989887
0.8051526
0.9473606
0.8441793
0.79221517
0.8715701
0.85268044
0.90637225
0.708014
0.86447203
0.9423058
0.8281932
0.8912629
0.7822079
0.93740076
0.85319114
0.74865156
0.70187294
0.73293895
0.9526775
0.8229686
0.8100863
0.8606468
0.7616689
0.8991392
0.53879714
0.7437397
0.89064336
0.6212267
0.7919822
0.8893565
0.9522389
0.85206646
0.87714905
0.8156979
0.9221909
0.87260586
0.87816423
0.9562173
0.86858153
0.7704461
0.85139203
0.8622343
0.91123
0.8813749
0.7962251
0.8667144
0.79166627
0.8854418
0.90763307
0.8518701
0.73941374
0.834113
0.87517756
0.9466597
0.7620934
0.76148564
0.8726111
0.9279397
0.8727097
0.9220201
0.7713402
0.8149107
0.92035925
0.8485053
0.85467184
0.83240306
0.9196941
0.9618965
0.8863517
0.8356053
0.8651222
0.66111
0.9497737
0.7799318
0.8503775
0.63609004
0.95193106
0.8903266
0.80506206
0.9083576
0.87681127
0.89563894
0.8221869
0.91028464
0.848307
0.7412154
0.8298348
0.87238145
0.8346936
0.91704607
0.8802311
0.7738007
0.9174582
0.90756446
0.8270434
0.9035925
0.9208269
0.8043163
0.71040225
0.8059828
0.87771153
0.8646034
0.9023597
0.87461317
0.9514648
0.9510445
0.8082403
0.90233934
0.71789956
0.76015496
0.8799877
0.8037313
0.6463489
0.9248393
0.913225
0.87902397
0.95581627
0.9540738
0.96651375
0.9209944
0.96013355
0.6779453
0.73584974
0.84964764
0.86118495
0.94241506
0.9311394
0.6965752
0.8410563
0.89879453
0.8311788
0.87416893
0.9115598
0.7466104
0.9544875
0.84046733
0.8194836
0.8345145
0.8239312
0.82195675
0.95943904
0.9346935
0.85104847
0.89583606
0.87728035
0.8026758
0.71916974
0.90619785
0.84374523
0.9222803
0.696805
0.78204906
0.91347605
0.86303705
0.94064766
0.8481605
0.8432058
0.7801291
0.8635231
0.9291336
0.9122262
0.6313948
0.8569886
0.95188946
0.8673924
0.9156085
0.7985114
0.91292346
0.9061489
0.74347204
0.7852456
0.86088145
0.8576405
0.8272023
0.7817234
0.8162632
0.88189614
0.74012935
0.9288831
0.89199173
0.74246377
0.8105649
0.94950116
0.34553275
0.9125782
0.7168997
0.8656941
0.93329215
0.9517741
0.94019645
0.88494694
0.730214
0.815579
0.89920413
0.89569694
0.87095547
0.9752593
0.78892833
0.7249288
0.8491925
0.8520021
0.8420715
0.9429695
0.7847627
0.96140534
0.5943071
0.8236321
0.9209689
0.7835529
0.8710898
0.83554673
0.8498841
0.8832135
0.8264486
0.9502287
0.89716023
0.87270457
0.8934361
0.86660457
0.8599308
0.8359605
0.90750676
0.9374716
0.92972076
0.9675118
0.9597125
0.9367789
0.86366117
0.7426197
0.9207566
0.9103653
0.9189663
0.6338279
0.7448269
0.97009164
0.85370976
0.7639367
0.83648384
0.8052272
0.8083159
0.9023376
0.637812
0.9308858
0.9221832
0.9015892
0.69748133
0.79084694
0.76773345
0.76618624
0.7436044
0.9531659
0.94450164
0.9129181
0.8615464
0.8303945
0.7831404
0.8783905
0.752669
0.79128814
0.931093
0.91389227
0.85992074
0.91826224
0.77118003
0.71598524
0.91219354
0.9223125
0.8083807
0.91280854
0.9072163
0.8372222
0.85327345
0.8122264
0.7046709
0.77608204
0.7758913
0.8938461
0.82681394
0.94423366
0.9009789
0.80236936
0.6935682
0.94249654
0.90502775
0.51345617
0.93094015
0.7477704
0.91263676
0.94447017
0.9061149
0.89282787
0.7438638
0.9494833
0.83424467
0.901373
0.89274883
0.89951074
0.8622526
0.8608042
0.87804
0.79796815
0.88404477
0.65084213
0.926671
0.89567137
0.7679926
0.95147604
0.81870663
0.7343201
0.84032357
0.9158956
0.9274788
0.9130653
0.9144052
0.7124825
0.9350314
0.9028858
0.8139725
0.783192
0.9397705
0.87589973
0.86412734
0.82461727
0.7933098
0.66219765
0.81681085
0.7478865
0.80725515
0.93058836
0.7929019
0.828622
0.9586034
0.8745781
0.85335946
0.8928656
0.8748299
0.8917608
0.8791454
0.75847864
0.91002417
0.9494808
0.8334149
0.6026577
0.8110451
0.81410974
0.8783166
0.93212515
0.9585357
0.93434596
0.7709649
0.92368424
0.77835613
0.8884451
0.68511903
0.97399056
0.88144284
0.89325356
0.8838677
0.84571815
0.9190443
0.90127
0.90870875
0.8409864
0.8733156
0.7450352
0.85596937
0.86894083
0.91720974
0.6601176
0.93410164
0.91877854
0.8127405
0.82005584
0.8838092
0.7414876
0.761226
0.6020985
0.72239286
0.9672439
0.7761638
0.89254063
0.7909062
0.7023598
0.7034444
0.6318078
0.8273847
0.81753844
0.88850284
0.873803
0.8865177
0.8305718
0.8087455
0.7053484
0.858174
0.86185
0.8553649
0.9537584
0.88873553
0.6956045
0.8386952
0.8362973
0.7924897
0.64328134
0.8706898
0.7767153
0.9404694
0.9260818
0.9585982
0.9728276
0.77948344
0.7549385
0.9179292
0.95490897
0.8988782
0.9360219
0.85618275
0.88587654
0.90230554
0.76416767
0.7954848
0.94705814
0.88100916
0.86594456
0.76139075
0.9143389
0.91697556
0.8899329
0.8599672
0.4728589
0.88911325
0.9498396
0.8366653
0.92665696
0.8723318
0.6961157
0.7925862
0.911902
0.8533882
0.8934804
0.8967563
0.7423268
0.80060154
0.9197854
0.9106772
0.8917477
0.7592151
0.9528475
0.93447196
0.8324258
0.8804945
0.8584956
0.9107848
0.89248717
0.79743457
0.8863667
0.9365302
0.81919694
0.8757119
0.9489931
0.66193664
0.808301
0.82347983
0.7806703
0.7779191
0.84839106
0.88878024
0.6888459
0.864686
0.65718865
0.72082514
0.90674776
0.7273215
0.73803365
0.8300913
0.8600613
0.8548238
0.9038744
0.8871964
0.74925894
0.8293899
0.8636373
0.8800865
0.8399704
0.7817518
0.84140533
0.89131224
0.93999505
0.9584498
0.849267
0.91501456
0.91185075
0.9487302
0.7715756
0.840571
0.8473257
0.89546686
0.94556224
0.82605755
0.8455344
0.84856224
0.76439387
0.84313494
0.8319251
0.77450114
0.6926946
0.85614496
0.97178197
0.9150517
0.82466555
0.8414551
0.72772145
0.9362645
0.8415168
0.7614483
0.8650087
0.86883396
0.8075246
0.83209085
0.91581
0.86039746
0.7758156
0.87050056
0.8196714
0.936731
0.88926804
0.8364844
0.9213059
0.71833414
0.87077594
0.86603796
0.77434593
0.88746935
0.9744497
0.8766918
0.8879561
0.9198459
0.90133274
0.86949766
0.9190576
0.8896222
0.8804378
0.94007266
0.89916635
0.8636752
0.92610526
0.8418648
0.78037864
0.8949865
0.8458833
0.9267122
0.77046144
0.87635195
0.9213939
0.8883288
0.84517294
0.7982895
0.73241234
0.9267233
0.8709871
0.90991104
0.8900346
0.68308073
0.9475583
0.9555732
0.9572537
0.869869
0.7116493
0.9161747
0.9149579
0.771418
0.9503824
0.82855684
0.8402203
0.7325325
0.9542823
0.88578886
0.87975955
0.89738727
0.9175292
0.8326485
0.880637
0.91100526
0.8924974
0.8676655
0.85767347
0.90185535
0.8063768
0.822748
0.8730831
0.9393664
0.6997797
0.9293145
0.7067083
0.88995224
0.9152701
0.7198616
0.7699243
0.89406306
0.92158854
0.77741957
0.8293295
0.806318
0.8908303
0.93781006
0.9315773
0.8543037
0.95408666
0.84271735
0.9160012
0.8684338
0.9032123
0.8477901
0.85608196
0.91868806
0.9645604
0.8864175
0.846948
0.9419372
0.95017385
0.90358335
0.866266
0.8963302
0.8868638
0.9447728
0.7740911
0.943535
0.8301139
0.87471545
0.9396202
0.8008457
0.88851076
0.82941556
0.7242091
0.790241
0.8147575
0.9653921
0.8770111
0.9267265
0.8659024
0.77921623
0.9745926
0.8196342
0.8262629
0.8999426
0.76743025
0.819603
0.7805879
0.89326113
0.904138
0.7634977
0.88545763
0.7918488
0.88643825
0.85826135
0.81571907
0.80835086
0.9453561
0.8253807
0.858363
0.8193873
0.90848356
0.94042224
0.82879597
0.6886209
0.85086495
0.9065838
0.69638175
0.9094705
0.7301452
0.8948963
0.6863631
0.9263158
0.92590725
0.9195096
0.96391094
0.8923488
0.9136748
0.5208472
0.68022954
0.8956713
0.9521411
0.89773846
0.9035921
0.8750982
0.6683132
0.9552776
0.9211433
0.833736
0.90686214
0.6087696
0.78300464
0.9676768
0.829632
0.8434897
0.96969455
0.8982199
0.8549297
0.8706785
0.8622583
0.8808798
0.86825556
0.7489698
0.7935419
0.8506462
0.74665076
0.83171296
0.8410784
0.79786026
0.8876148
0.9020947
0.6865877
0.91348004
0.9259944
0.86108017
0.90606457
0.8050481
0.8142811
0.7772217
0.8597862
0.88919306
0.89778054
0.8304164
0.85853696
0.8408973
0.9675584
0.7274096
0.80321586
0.82670987
0.862709
0.90098596
0.7129989
0.9068858
0.9037521
0.8483631
0.8632061
0.85139996
0.6790873
0.8173164
0.9053407
0.9426798
0.9589267
0.90556157
0.9722222
0.8032035
0.89803857
0.8796159
0.8304381
0.71496236
0.9073577
0.9137594
0.8201363
0.7251922
0.9164089
0.7905799
0.71936697
0.6940936
0.91210294
0.72315264
0.9627785
0.91568434
0.5951899
0.70941615
0.8596553
0.97203857
0.97246283
0.81825566
0.6749815
0.9480573
0.91193485
0.8664913
0.7686316
0.93154097
0.919327
0.9222116
0.7424944
0.8375164
0.6347228
0.8223162
0.7533227
0.8771212
0.8344791
0.7975103
0.58787674
0.8135284
0.89124656
0.8652267
0.6567566
0.8896382
0.92538714
0.8691566
0.89008725
0.7891146
0.91880727
0.7527437
0.9154902
0.74622095
0.9400657
0.85667753
0.8763873
0.9460347
0.94930685
0.8973904
0.9062706
0.7632467
0.80640614
0.8956873
0.8538596
0.88404506
0.83872485
0.8932326
0.7058726
0.91872936
0.71921927
0.76602286
0.95443594
0.9244889
0.8262605
0.7939353
0.72139937
0.841258
0.62525856
0.8275473
0.8405916
0.92670643
0.9585599
0.8261145
0.92330027
0.83083636
0.9281839
0.37166274
0.94109106
0.87373936
0.80348516
0.8656771
0.9371581
0.8479233
0.8438261
0.8752581
0.8854886
0.92690027
0.95385003
0.869076
0.7353287
0.94312346
0.91977644
0.8148385
0.93625647
0.9404608
0.67898506
0.769776
0.7806415
0.91821325
0.85485786
0.8045094
0.921545
0.90374446
0.90839696
0.94653153
0.9286287
0.9291158
0.9431471
0.85104495
0.8167546
0.91161937
0.87961525
0.9292983
0.6518681
0.95747954
0.8213125
0.7102902
0.73072803
0.6400541
0.8945801
0.77315253
0.87032694
0.7951002
0.7485926
0.7953126
0.88350606
0.90225345
0.81597984
0.8348603
0.8791855
0.7816476
0.67582214
0.80740994
0.95593584
0.92059594
0.8759736
0.8831307
0.9611683
0.7628602
0.8364384
0.9395926
0.8198645
0.7730199
0.9356656
0.92210776
0.91747344
0.8392921
0.9347321
0.8679161
0.93712604
0.77668935
0.9448811
0.5894734
0.8049183
0.87447923
0.9277447
0.89351887
0.8818789
0.77776474
0.6853786
0.91888595
0.78159916
0.87701434
0.9169903
0.82530534
0.8877122
0.8608424
0.93231547
0.7635542
0.90456873
0.6360233
0.7204445
0.709205
0.8359578
0.5663072
0.8318512
0.8619215
0.86517465
0.6607306
0.8415984
0.86091185
0.7687266
0.8381737
0.7558058
0.8988546
0.8281137
0.89530534
0.8659708
0.7887263
0.77789116
0.81793916
0.79277885
0.92400974
0.8277156
0.946095
0.8866959
0.78644717
0.9135463
0.86691463
0.87212396
0.86091095
0.8685505
0.9504575
0.8388361
0.88619214
0.9633111
0.9247836
0.8467124
0.82738423
0.96518046
0.84963924
0.9186752
0.86339283
0.8144186
0.81504554
0.79495114
0.7893501
0.9647485
0.876072
0.94682515
0.7725007
0.65647423
0.9264477
0.906335
0.91381925
0.81449485
0.8901979
0.94280905
0.78974944
0.9071952
0.8416163
0.7893223
0.8347334
0.80601275
0.5561051
0.9090146
0.87886286
0.92502755
0.9344919
0.9584048
0.8505585
0.8863979
0.88430715
0.87357724
0.81324744
0.950289
0.88887465
0.8534199
0.8325035
0.95099753
0.90337133
0.87259996
0.8448807
0.91925323
0.9206144
0.82995355
0.85404074
0.9577616
0.9206783
0.86751646
0.916089
0.88224304
0.82268685
0.9665337
0.8569486
0.8220806
0.9209663
0.90187836
0.9121174
0.87639415
0.84099996
0.83899325
0.64844394
0.9342855
0.86228657
0.80608606
0.7862143
0.901747
0.9302865
0.91740656
0.69567394
0.8975085
0.9388919
0.94187117
0.71451986
0.7834156
0.8475787
0.931002
0.7654553
0.88263524
0.86503446
0.95294243
0.65448076
0.9046682
0.87938386
0.9328433
0.6541767
0.83515215
0.93028736
0.916896
0.7507257
0.9637465
0.91663766
0.68863285
0.8662014
0.82954425
0.73989296
0.89032143
0.83878905
0.8781941
0.9125223
0.7274968
0.90223885
0.61224926
0.923357
0.851918
0.80662054
0.74517214
0.9455507
0.92240787
0.79063183
0.92520046
0.75810724
0.88137245
0.8856648
0.901717
0.88128424
0.7842094
0.9162234
0.944046
0.84694934
0.72877204
0.89283943
0.95449555
0.9647435
0.87137663
0.96887827
0.8992369
0.9083652
0.96311176
0.9555253
0.9440173
0.82190186
0.88237023
0.7362354
0.9548443
0.8045388
0.863945
0.83331835
0.8332219
0.8359845
0.8723707
0.83953494
0.93398094
0.8313698
0.4850521
0.8066845
0.90155244
0.88135475
0.9076101
0.65422076
0.88759387
0.8218712
0.7198061
0.7725725
0.87194395
0.8891876
0.88496435
0.8293995
0.88252294
0.89387655
0.9236681
0.9219066
0.8672672
0.87394357
0.8453618
0.90437114
0.79761565
0.8542109
0.8440244
0.8476151
0.9207307
0.7656185
0.86076206
0.86826026
0.9069907
0.8887774
0.8077762
0.952492
0.943655
0.755838
0.707005
0.9084009
0.7394542
0.7718649
0.8854312
0.9206494
0.67273605
0.85650325
0.89486724
0.9143524
0.85398346
0.9338472
0.8762832
0.7874816
0.9025559
0.97740746
0.9406032
0.82157236
0.89146066
0.8915637
0.7521111
0.9459828
0.82501614
0.7941797
0.81055206
0.8358901
0.89958024
0.7704715
0.9062939
0.9189255
0.8587339
0.9185701
0.66907454
0.8103837
0.7426262
0.7850684
0.7342492
0.8363267
0.88501525
0.9690576
0.93729705
0.831558
0.9670662
0.87163776
0.90720755
0.82861805
0.8363789
0.9479274
0.751693
0.9302044
0.97247493
0.92022645
0.75684786
0.91594243
0.85813653
0.77329725
0.5586993
0.7342248
0.5123541
0.94379544
0.9088958
0.9209766
0.8645856
0.914368
0.9733533
0.94378126
0.963447
0.9164839
0.9385402
0.9121639
0.8700124
0.7927352
0.86743826
0.8372509
0.7867327
0.8700776
0.898727
0.91188073
0.92119193
0.8194282
0.6367823
0.89927715
0.9535689
0.7742758
0.93146586
0.9171041
0.92459947
0.83827454
0.75756425
0.9646731
0.92991215
0.69897056
0.85827345
0.7705934
0.94550586
0.9112066
0.84064764
0.820267
0.9017965
0.8863213
0.85989624
0.83859944
0.78137004
0.92881894
0.8324403
0.94170856
0.87109035
0.86350894
0.9064484
0.79476726
0.8632658
0.91880536
0.8448265
0.9051206
0.8037643
0.8640773
0.8193895
0.89842135
0.6128969
0.8374296
0.7407546
0.87377524
0.8235731
0.925134
0.9069303
0.90808725
0.9388147
0.87291276
0.8318004
0.75252396
0.9407891
0.50852597
0.94079655
0.79280406
0.7799351
0.90335125
0.6298824
0.7034097
0.7871709
0.40903607
0.87027824
0.76079476
0.8378221
0.930626
0.9600358
0.8264971
0.9310651
0.8240613
0.7981856
0.74476564
0.96155787
0.9473404
0.6710179
0.9196881
0.7287514
0.92394364
0.9032062
0.82855564
0.8055296
0.9696549
0.8780305
0.80476767
0.71863776
0.7839104
0.96129966
0.8701891
0.5787655
0.891759
0.8874987
0.8733237
0.81303895
0.7709235
0.8547423
0.8693493
0.690618
0.8592718
0.7839905
0.9087226
0.64428216
0.78202593
0.90344584
0.90274346
0.79580086
0.87592125
0.75148726
0.797788
0.8113234
0.8780638
0.9267243
0.9206945
0.9047058
0.9037367
0.9056783
0.7358176
0.94361407
0.7680625
0.7754823
0.8150456
0.91562086
0.9128019
0.82049066
0.9474122
0.8589487
0.849283
0.7588825
0.77597284
0.8972396
0.947344
0.9686823
0.92115283
0.63642013
0.7503007
0.7723503
0.8315266
0.8362757
0.8362585
0.7908654
0.89881706
0.91024345
0.930818
0.79168695
0.91964006
0.908882
0.7089341
0.85580266
0.8491302
0.94312584
0.81011146
0.93804044
0.877674
0.85568047
0.8059043
0.81169534
0.94062495
0.80365586
0.9386121
0.8436167
0.90151376
0.77705073
0.749885
0.7211164
0.9386643
0.7546805
0.8735269
0.9170431
0.71729696
0.79520667
0.6948978
0.9703412
0.8881271
0.93083465
0.9253404
0.8975439
0.8102664
0.7922687
0.859546
0.92769146
0.8519339
0.7717387
0.8255667
0.93450654
0.8922318
0.782577
0.8528412
0.9032097
0.9553125
0.8984768
0.84672666
0.9636127
0.8821665
0.93497074
0.8342425
0.8832939
0.93362397
0.8428908
0.7883756
0.822984
0.74813735
0.91502297
0.8994533
0.7761164
0.794923
0.8116532
0.9017177
0.8815873
0.88404167
0.75701094
0.6407544
0.8400017
0.7682507
0.78320944
0.8460698
0.84978217
0.9121284
0.90725327
0.90998155
0.8824327
0.7438213
0.9513224
0.73044044
0.8727132
0.8811538
0.83392894
0.8934519
0.72896945
0.92973334
0.84190595
0.71028054
0.83659106
0.7668745
0.94326144
0.83822864
0.8212157
0.95716953
0.91631246
0.90345305
0.8875663
0.88726926
0.8565515
0.8218433
0.82918763
0.9685944
0.47572285
0.86310816
0.856496
0.6899676
0.8424368
0.72569263
0.75046057
0.7020073
0.72652817
0.9226378
0.8242899
0.9548686
0.9452854
0.89549553
0.6646099
0.8269615
0.82276094
0.9512728
0.9462221
0.9102162
0.6413652
0.92025006
0.77343655
0.9262607
0.85097337
0.85639733
0.825625
0.9672622
0.86974597
0.8968257
0.8317752
0.92750484
0.8760965
0.87895715
0.8703462
0.80409294
0.8225153
0.8587386
0.8271218
0.79975826
0.9551664
0.88802755
0.4826687
0.84346336
0.7979039
0.87731016
0.76849234
0.886454
0.81686705
0.7664501
0.77005506
0.8022153
0.9465132
0.8128637
0.78528154
0.9219117
0.88672405
0.91616416
0.7156992
0.79381156
0.96639764
0.91431665
0.83903235
0.8969842
0.9060454
0.8967364
0.6861129
0.8554737
0.91503316
0.9037774
0.9421702
0.89820445
0.8264563
0.6356096
0.8453954
0.8852436
0.94079757
0.80222225
0.9160132
0.9260237
0.92010784
0.8442781
0.8230718
0.9164375
0.8692783
0.96198213
0.94476175
0.9434177
0.842542
0.8711071
0.83499646
0.8120198
0.92669415
0.9596416
0.7602019
0.78929126
0.8964286
0.67739975
0.6524276
0.9581061
0.7854179
0.9402204
0.89479357
0.7075097
0.9268969
0.81492156
0.95344806
0.5922726
0.8340366
0.8606056
0.7613732
0.7764765
0.8519645
0.84415525
0.83942676
0.9199926
0.72589236
0.8749883
0.7677746
0.7286304
0.8761781
0.9182442
0.8819321
0.8927341
0.8022356
0.93133146
0.7848836
0.8561634
0.8664119
0.9142601
0.9417095
0.731546
0.93060064
0.8825351
0.68536586
0.9203177
0.8955661
0.8588145
0.6603595
0.9353576
0.7945451
0.8914303
0.81319857
0.75698817
0.77048016
0.8661357
0.9118
0.9160367
0.94297636
0.77957386
0.90383404
0.90449184
0.6138376
0.90444654
0.8135978
0.88065106
0.65426546
0.9097417
0.6042607
0.820935
0.82459354
0.9354068
0.9333513
0.8416016
0.79344773
0.8737484
0.93634653
0.92504644
0.92686987
0.90488535
0.7558403
0.9136537
0.6000825
0.8192687
0.9291133
0.906999
0.9458549
0.877241
0.8695532
0.9202067
0.9426591
0.9000505
0.69293654
0.6774069
0.7353512
0.849175
0.8258108
0.89321166
0.8869526
0.9503078
0.7308059
0.79823446
0.91613865
0.8768639
0.9093711
0.87470245
0.92476416
0.8723553
0.8018584
0.8353601
0.7944309
0.949614
0.95009553
0.78706634
0.80188227
0.6581301
0.9238252
0.891978
0.5420412
0.8088609
0.94270945
0.8464659
0.94378215
0.9327327
0.93080026
0.77103835
0.8975271
0.8360998
0.93620574
0.8277946
0.9159734
0.7695681
0.80115336
0.8629636
0.9051197
0.6549624
0.7875382
0.73795843
0.89521277
0.9288964
0.927123
0.79234177
0.8901501
0.90254116
0.78643775
0.82848316
0.6002968
0.944902
0.74595666
0.92328227
0.8622299
0.89745355
0.86260676
0.8992965
0.90699077
0.8903359
0.96163523
0.9671202
0.75861394
0.72962046
0.6671703
0.90781796
0.8966576
0.95058775
0.8996294
0.95261043
0.9504106
0.82893246
0.9252758
0.80076766
0.85175747
0.91500795
0.91946805
0.8145569
0.84887075
0.89382255
0.93055725
0.8973403
0.97700524
0.9208436
0.8169235
0.7020773
0.83364034
0.80613244
0.9091612
0.5533544
0.9107332
0.7596583
0.9446013
0.9120223
0.9198302
0.905102
0.8974863
0.9387424
0.6592887
0.92603767
0.91434824
0.8854651
0.9608645
0.8819121
0.9011462
0.82593894
0.78974265
0.8793433
0.9196574
0.86688805
0.81763417
0.83350563
0.8096175
0.85536313
0.7648383
0.8313812
0.9721798
0.8787231
0.7440403
0.9253427
0.8796765
0.7128578
0.7758073
0.89782774
0.7337098
0.78092134
0.7240657
0.89772004
0.88509136
0.9151074
0.9440811
0.9097522
0.83330774
0.917974
0.8840928
0.93138516
0.8499395
0.94565225
0.8192369
0.8022524
0.9167787
0.72017604
0.65514284
0.85602534
0.6281356
0.8504648
0.9217955
0.7940568
0.8801458
0.6362765
0.85858905
0.8818057
0.91870254
0.9506702
0.6467962
0.85605985
0.8858548
0.8720209
0.89663565
0.75280935
0.79092276
0.8670811
0.95422107
0.90025264
0.81125945
0.95931494
0.85111153
0.85578585
0.90552604
0.7247145
0.77800703
0.93171126
0.7411399
0.7221073
0.9117154
0.93187153
0.6445341
0.7671129
0.8948271
0.81160057
0.80939543
0.7936962
0.823678
0.8030753
0.8202632
0.8572179
0.71627057
0.8799175
0.7556413
0.93793225
0.86910075
0.95166487
0.9464417
0.94841945
0.8151451
0.85112095
0.94823503
0.93711126
0.9336548
0.92373884
0.9405416
0.67423546
0.8749855
0.8666496
0.838951
0.95165884
0.8860734
0.8485339
0.61299264
0.8193186
0.9339222
0.84465444
0.91744506
0.8476193
0.92582357
0.8183369
0.8096454
0.85646045
0.8277339
0.92591625
0.797544
0.88983166
0.88259745
0.81464404
0.6293385
0.71141624
0.7303473
0.9534594
0.86274135
0.96108323
0.8203174
0.87386715
0.89637995
0.8676564
0.7817163
0.8057339
0.92769885
0.8221714
0.9268286
0.8260571
0.94833684
0.7197254
0.9217697
0.94529235
0.8991381
0.8190341
0.8876826
0.77708304
0.90351915
0.6405915
0.8857051
0.6642193
0.740988
0.8275699
0.9051037
0.88876057
0.80388904
0.73153895
0.7708885
0.95363975
0.808568
0.7039557
0.9239692
0.8891098
0.8751004
0.9131268
0.91282064
0.977378
0.732115
0.8133281
0.5836812
0.8669942
0.83205193
0.74132216
0.86990356
0.9273937
0.8815105
0.8546927
0.6228373
0.9232286
0.76613224
0.88702726
0.80257845
0.8393872
0.97552955
0.93871385
0.9016548
0.9269347
0.8952402
0.8586321
0.63964415
0.9162617
0.970397
0.88492465
0.79093564
0.87673926
0.9120153
0.7469853
0.8056281
0.86696446
0.85756236
0.9551331
0.93543184
0.8338175
0.78878266
0.94688225
0.8869986
0.9023767
0.7058025
0.90345883
0.909984
0.9355213
0.97956336
0.8782748
0.8371271
0.94271284
0.5866779
0.8425306
0.90628886
0.910275
0.94577515
0.8560364
0.89692706
0.66729414
0.91744995
0.8364291
0.938896
0.90008754
0.7929263
0.7562809
0.9309143
0.9271987
0.9711876
0.913001
0.8262939
0.75670815
0.7907836
0.84730554
0.7847872
0.90337914
0.7235611
0.92256624
0.8550773
0.91370237
0.67873275
0.95851445
0.85623914
0.8812135
0.9004735
0.7989399
0.7131448
0.6972549
0.71439004
0.94010556
0.8749512
0.9521173
0.8902725
0.81805754
0.98258126
0.8741408
0.7651082
0.8008337
0.92945075
0.5635787
0.81691337
0.88213724
0.90707535
0.8405831
0.8886676
0.7186689
0.8194427
0.8902531
0.902358
0.85420763
0.9119305
0.80736625
0.88421345
0.7490164
0.43937576
0.8254174
0.7261115
0.76059926
0.895335
0.8043953
0.93665236
0.93039864
0.9015877
0.70327437
0.84548235
0.93005776
0.6478962
0.9568897
0.8869605
0.90751773
0.804441
0.8194556
0.93326545
0.8866511
0.89631426
0.92476356
0.8395846
0.8303935
0.79039633
0.875946
0.80675924
0.9339728
0.91796786
0.9049595
0.88730836
0.9003477
0.9504672
0.9772063
0.81944084
0.8183861
0.8721533
0.8979271
0.9521141
0.91028035
0.8839126
0.79020715
0.8473258
0.9038887
0.7408275
0.92109346
0.96552384
0.8468865
0.74741155
0.8664727
0.8763174
0.8825426
0.9327671
0.89467204
0.8244495
0.82230926
0.88758147
0.9155789
0.9283868
0.897524
0.88332754
0.8057295
0.8023056
0.75026983
0.831768
0.9104385
0.91501737
0.84289443
0.94974995
0.7862598
0.69850785
0.8595775
0.59197944
0.86728513
0.93068
0.8963428
0.9178067
0.88864994
0.9257132
0.836631
0.71419036
0.77757984
0.64710575
0.9566853
0.82872117
0.8950163
0.817707
0.7533121
0.8189037
0.9064767
0.8795657
0.77173555
0.84728897
0.9242969
0.92408484
0.9802787
0.59026515
0.93717605
0.77170235
0.9262384
0.7499849
0.85000944
0.80769897
0.9149745
0.82972217
0.88041127
0.70827556
0.8835639
0.78483313
0.9251865
0.90490574
0.86334795
0.8006964
0.8486319
0.84345686
0.65127
0.78999496
0.8558528
0.7021952
0.8993481
0.9208668
0.8586812
0.9126518
0.91150856
0.8522782
0.89984316
0.7209947
0.81570005
0.7232203
0.911927
0.9447383
0.815645
0.78414124
0.7375893
0.8254137
0.96192276
0.86278224
0.44249517
0.8145147
0.91674244
0.79738945
0.8138281
0.66464573
0.9087389
0.9240397
0.92304444
0.89937115
0.7439121
0.83300024
0.9206412
0.80958265
0.6538019
0.9142163
0.8752507
0.85002613
0.9374411
0.8262471
0.751365
0.90248215
0.83261317
0.60610867
0.92908984
0.85137516
0.7817032
0.69199574
0.9082341
0.84937
0.8571588
0.93868303
0.7928968
0.921522
0.85946894
0.96089697
0.833718
0.7740979
0.834062
0.6390244
0.8416988
0.6558841
0.76357234
0.9476216
0.9217115
0.9684904
0.86748564
0.81807375
0.9386542
0.899188
0.76703566
0.8653539
0.94549924
0.7926367
0.63085526
0.7986645
0.90887415
0.8079927
0.58767694
0.80691516
0.8322419
0.67019093
0.8922918
0.8524909
0.7777329
0.8108911
0.86711717
0.8788041
0.8232036
0.95628893
0.9320957
0.8672265
0.6772095
0.7696713
0.90547764
0.7713483
0.819893
0.66613305
0.8561408
0.7769555
0.7986807
0.7717153
0.93279153
0.9577972
0.8689745
0.9133649
0.7818083
0.8588939
0.85646373
0.8568982
0.8039875
0.9518587
0.85486186
0.6199277
0.83001816
0.75550795
0.9463021
0.773522
0.86754394
0.7803122
0.9611579
0.60680485
0.7387754
0.8418004
0.9322171
0.9289262
0.83766264
0.685395
0.55660886
0.81977963
0.71367294
0.9334227
0.7775412
0.8947055
0.7256084
0.85942554
0.9716817
0.82674897
0.81980133
0.85916966
0.7789277
0.8570124
0.9209999
0.950686
0.8368802
0.8838122
0.9078652
0.8289218
0.918599
0.92176104
0.8947551
0.9612062
0.81272143
0.94368535
0.66353065
0.8996773
0.8632444
0.9046476
0.9084057
0.8666534
0.8949605
0.89796877
0.8844105
0.77590525
0.85296685
0.83078504
0.8440193
0.7382554
0.8704341
0.55068064
0.8004361
0.8370534
0.8525403
0.74425495
0.9227175
0.8890961
0.80867267
0.86771035
0.86346066
0.6862231
0.79652977
0.78205925
0.7401
0.51389706
0.6906309
0.8226486
0.86766404
0.6604382
0.8585501
0.8101882
0.90109795
0.8684845
0.9191725
0.8740034
0.82920504
0.97175395
0.7848412
0.7484757
0.91055197
0.89029574
0.79816157
0.9409515
0.8538445
0.9346722
0.8207739
0.94801164
0.90931404
0.87568736
0.9250016
0.7940983
0.81529325
0.86749667
0.70982766
0.79926145
0.9309515
0.8457025
0.9174758
0.79228604
0.7400444
0.663504
0.8493371
0.7895442
0.85542846
0.8656255
0.891798
0.50322545
0.851313
0.84642535
0.72665673
0.5906075
0.7854423
0.8320387
0.85104203
0.816046
0.76548624
0.7857877
0.80721307
0.8334636
0.75963044
0.7732905
0.8913236
0.9391855
0.6855182
0.7702923
0.9021013
0.8559462
0.91129863
0.60279953
0.8947826
0.7077447
0.9086953
0.8379015
0.7776599
0.8230777
0.77724516
0.87283623
0.8374294
0.86772037
0.8459044
0.8018333
0.87198645
0.8581747
0.86113095
0.94772303
0.9310924
0.81673765
0.86908567
0.9032591
0.89739347
0.7919042
0.82140493
0.7021775
0.7084853
0.88505685
0.85494083
0.98007774
0.86859035
0.8861368
0.8097052
0.92128557
0.86498284
0.71674407
0.84546417
0.67429876
0.9224374
0.859144
0.64450175
0.7458105
0.82300955
0.8531689
0.8832761
0.92697066
0.730223
0.6403542
0.8210317
0.8423887
0.9127326
0.8765302
0.89006585
0.79057264
0.89123553
0.9249351
0.74909824
0.7918445
0.82657903
0.65603507
0.75980645
0.92130655
0.78883296
0.9409566
0.95628005
0.8131601
0.7954978
0.7619239
0.85796106
0.9132314
0.70844585
0.7769686
0.93808645
0.87573594
0.754234
0.90147305
0.765005
0.9451891
0.7865089
0.8799304
0.9218037
0.8097794
0.9064441
0.9542481
0.849245
0.9341143
0.86131144
0.8574528
0.8437146
0.89719146
0.8607404
0.6062519
0.89930344
0.9200337
0.8590745
0.8166794
0.7788315
0.8711824
0.74657726
0.7759053
0.89107955
0.8401094
0.8102213
0.82725936
0.8872903
0.8503629
0.92370814
0.8866857
0.9434495
0.7550928
0.8698839
0.9020257
0.7480289
0.9611
0.74314195
0.77126294
0.8783128
0.79182625
0.81027675
0.847133
0.7289424
0.89628416
0.9423684
0.90481985
0.8512804
0.8953223
0.87364507
0.9129694
0.97386545
0.8828827
0.79893386
0.9357949
0.8991041
0.8699268
0.89047253
0.8339109
0.9002359
0.8905134
0.8907262
0.89429164
0.92379904
0.9351936
0.7938723
0.8244575
0.8792592
0.7983144
0.82160735
0.86491203
0.875872
0.92721725
0.8852688
0.8993242
0.9091356
0.88554734
0.9140847
0.8093068
0.8879919
0.8694862
0.8306944
0.93768
0.6733753
0.94098204
0.9099145
0.81804204
0.79345757
0.8296636
0.87767
0.7719933
0.9544196
0.84637797
0.96819425
0.9041738
0.9120383
0.8859487
0.9132306
0.95363826
0.88414496
0.84980434
0.8955235
0.76422167
0.84546906
0.79612505
0.84928286
0.7601696
0.8121836
0.82334054
0.9158573
0.95063066
0.8822678
0.88814604
0.90174395
0.89907604
0.94195557
0.9067205
0.86174405
0.8343715
0.8552799
0.7261439
0.76353467
0.8095083
0.83584297
0.727966
0.91718584
0.759236
0.8355981
0.9420007
0.90748096
0.80862564
0.8379587
0.86392295
0.8443388
0.7898799
0.8996494
0.70947313
0.6432248
0.8621318
0.7825884
0.81048805
0.803362
0.9241427
0.86713535
0.7194916
0.88360226
0.85571593
0.8571291
0.6003359
0.92757094
0.90280235
0.8228405
0.9188571
0.7838887
0.94189405
0.83305395
0.87485266
0.84569544
0.8226864
0.8275916
0.938208
0.90359294
0.94631314
0.9009144
0.879063
0.8573878
0.92946386
0.8928678
0.82250595
0.81606585
0.6477617
0.8753743
0.88897634
0.76932096
0.7972725
0.9408206
0.62721497
0.7689038
0.965
0.8557579
0.9460818
0.94063616
0.87311363
0.9317622
0.96326894
0.83316433
0.7960721
0.840922
0.7521697
0.837243
0.96878016
0.6077592
0.85629416
0.8510525
0.93761474
0.7439447
0.91139996
0.89592403
0.8121156
0.9001851
0.85550404
0.89448225
0.88604987
0.9154665
0.8620996
0.762779
0.92866075
0.95789945
0.8781209
0.88565296
0.90344954
0.68813384
0.93539447
0.956596
0.78249097
0.9133059
0.8458234
0.7319095
0.91614896
0.7927764
0.9319916
0.6289849
0.8387208
0.75538725
0.90213585
0.8915161
0.90270966
0.9642253
0.9037618
0.91340727
0.93089604
0.7298869
0.79497635
0.97009605
0.88895416
0.7844966
0.915925
0.85938877
0.7666522
0.76867044
0.61537915
0.897566
0.9029672
0.81250167
0.88810354
0.6645205
0.64987224
0.9201797
0.9562434
0.7762506
0.7615597
0.6926934
0.8058404
0.90928817
0.9579101
0.87547135
0.87396777
0.8643573
0.8117309
0.656399
0.79717404
0.75454926
0.8666161
0.9572841
0.6742604
0.8988421
0.9047253
0.91435575
0.39162838
0.78769636
0.89482045
0.84311646
0.9434446
0.59342384
0.8832503
0.8926744
0.827329
0.6890125
0.7748903
0.91038764
0.87437737
0.85678756
0.93025184
0.8240335
0.88175136
0.74857295
0.8766172
0.66723895
0.7164093
0.72928345
0.86455446
0.92993087
0.34373236
0.8701404
0.91769844
0.964129
0.79182297
0.8734219
0.8932358
0.8291701
0.75008714
0.78327096
0.70883054
0.8713085
0.7228204
0.927447
0.8575773
0.82213676
0.9349173
0.4127713
0.91107357
0.8759002
0.92738044
0.78845155
0.8759832
0.9380524
0.9205073
0.84413093
0.8984989
0.9477055
0.74917126
0.77132344
0.7649238
0.81223786
0.79874504
0.88751423
0.61165017
0.93357885
0.7280642
0.8087467
0.8541064
0.85700136
0.8461975
0.9236274
0.8289934
0.8932935
0.9618806
0.871305
0.80297476
0.7943976
0.9280117
0.88747525
0.8802724
0.91181207
0.8291627
0.70846486
0.5505229
0.82725245
0.9235179
0.79149026
0.8776026
0.86211705
0.9615978
0.7534962
0.8271555
0.7608543
0.8325006
0.811357
0.8614931
0.9419243
0.9519355
0.72022116
0.84496343
0.7846945
0.78890836
0.71071625
0.94838226
0.7950206
0.8567137
0.7947967
0.920094
0.88743263
0.8874992
0.86454344
0.80854845
0.91823435
0.88550705
0.81129456
0.8778906
0.903968
0.59110177
0.74896944
0.9070395
0.85834503
0.878073
0.74660295
0.9367868
0.8885708
0.8859819
0.74671775
0.8980083
0.86578274
0.81025267
0.85537267
0.91845274
0.78739196
0.8877311
0.7136448
0.9252664
0.8830637
0.93336666
0.7009854
0.91734
0.7921877
0.81580347
0.76096934
0.68186164
0.80354524
0.9725262
0.88178134
0.92452097
0.71523273
0.91722447
0.90810686
0.79402995
0.9020661
0.8366905
0.82744896
0.939946
0.73036087
0.72722375
0.89211565
0.79076606
0.80185825
0.6984665
0.6585322
0.6429687
0.795903
0.65225327
0.93107146
0.9183089
0.85284936
0.89776313
0.94707966
0.8626689
0.79430485
0.76376414
0.7649154
0.8413708
0.8102261
0.81341153
0.83006096
0.68509907
0.7171192
0.88183564
0.9466275
0.74098414
0.88941914
0.8970935
0.8988287
0.85863006
0.8534459
0.80765325
0.90992403
0.85812426
0.8197418
0.93458754
0.6947367
0.7727191
0.87359285
0.9305829
0.82553315
0.73817617
0.6815675
0.9018959
0.9427565
0.9539275
0.9396713
0.7646517
0.7514691
0.7139956
0.9083895
0.7983737
0.6986137
0.83275485
0.8490715
0.89577675
0.7761175
0.6395429
0.96967274
0.5436689
0.9047339
0.8021006
0.57967687
0.659708
0.89351296
0.92993784
0.8199327
0.82281864
0.7279483
0.77753496
0.8553861
0.93660057
0.8836019
0.9050499
0.8774608
0.868314
0.7824631
0.87091243
0.7791425
0.9132098
0.7193953
0.8537215
0.8711059
0.62458223
0.7000375
0.85465044
0.666931
0.9546112
0.8645043
0.7158023
0.8958198
0.87101924
0.9309481
0.93639535
0.77086544
0.7390599
0.8832622
0.94140863
0.899743
0.8855069
0.9150198
0.7884232
0.797433
0.7950177
0.86162955
0.8543697
0.72952116
0.91957974
0.792695
0.67831415
0.84971434
0.8172536
0.9055252
0.9170221
0.88751763
0.7692488
0.80584216
0.87340915
0.8088243
0.86718464
0.7955437
0.80034924
0.94661176
0.85604686
0.8721921
0.94449264
0.7362804
0.8588647
0.87656343
0.9085076
0.7670561
0.79605913
0.6818357
0.85102254
0.8512498
0.8704732
0.83511585
0.42622778
0.9195569
0.8697971
0.6899633
0.91179276
0.8470582
0.96462935
0.7276815
0.8056074
0.9027047
0.92947084
0.84972894
0.79505837
0.9172268
0.5774342
0.8487106
0.8705298
0.7703015
0.6932579
0.78512985
0.83936393
0.81706053
0.91477376
0.6769968
0.87238055
0.97257817
0.72621876
0.87668866
0.8631913
0.84252036
0.83223796
0.78589356
0.90325874
0.8487604
0.6229802
0.7856165
0.9202955
0.76671165
0.8966906
0.7631985
0.91631705
0.8580182
0.7957364
0.8766705
0.7046494
0.95512724
0.8729277
0.9161141
0.7463803
0.8943364
0.77441454
0.9239308
0.9091405
0.86635286
0.9452207
0.8861852
0.91908586
0.90407467
0.96513784
0.882229
0.7054051
0.9469263
0.92106307
0.89596564
0.8315394
0.77790904
0.96612024
0.91135406
0.9792107
0.80579895
0.7663488
0.94077516
0.9275375
0.8205924
0.93334395
0.94368523
0.7572835
0.9008322
0.6695601
0.8601461
0.6505768
0.73372734
0.938303
0.9009672
0.8729197
0.8757988
0.71048784
0.5810616
0.86152536
0.9254035
0.78775847
0.9179707
0.8476219
0.66804624
0.91272473
0.7542666
0.89796185
0.66008866
0.6335091
0.74764615
0.80224955
0.9515181
0.9392628
0.87359446
0.89774275
0.89901894
0.48331982
0.81773186
0.817188
0.78878886
0.8322211
0.69948184
0.8159518
0.92980164
0.93168175
0.8052021
0.81387514
0.8454087
0.89605874
0.90400225
0.8714982
0.80269474
0.859439
0.8132936
0.8384808
0.84661853
0.9300393
0.7713147
0.74874556
0.9396246
0.77714056
0.7701418
0.93282384
0.93801486
0.869666
0.8995738
0.8726182
0.78276575
0.9147059
0.90563446
0.75781715
0.84936213
0.68843746
0.8735196
0.94555426
0.8828863
0.9253357
0.9140532
0.91140175
0.961235
0.8858254
0.9035429
0.8383564
0.94877756
0.79661316
0.9326472
0.9340677
0.97358346
0.9603182
0.77619576
0.88937354
0.92292523
0.90551037
0.83428115
0.7242104
0.90296656
0.7586468
0.6715485
0.8879856
0.85996
0.90674734
0.91510725
0.6930584
0.9086764
0.92052877
0.85352784
0.7234447
0.8552112
0.89754003
0.9435835
0.80696195
0.7159257
0.8835845
0.9164583
0.7174796
0.7538598
0.85648835
0.70904464
0.8793694
0.9400723
0.9041543
0.87791353
0.9841325
0.71748143
0.95281047
0.92300034
0.85261357
0.93071175
0.7408503
0.8220699
0.87819415
0.77476287
0.6991906
0.7483681
0.85829216
0.8062196
0.9568723
0.9140034
0.8636525
0.94374716
0.9392609
0.86308765
0.929631
0.9173996
0.8954311
0.88679576
0.90796125
0.9745902
0.87991464
0.7410401
0.82970244
0.9305085
0.87645876
0.802193
0.6685978
0.94972736
0.9810024
0.8620945
0.8236248
0.8625307
0.6796873
0.9188038
0.81724286
0.71893185
0.9512292
0.9123558
0.77664477
0.8472982
0.80966276
0.9492947
0.9388282
0.8330821
0.7744572
0.9153623
0.8240672
0.88716674
0.92524487
0.81225777
0.77363425
0.8106324
0.8285803
0.81317276
0.7596359
0.6336849
0.83549666
0.92042744
0.8249456
0.787392
0.71160245
0.7917126
0.87353426
0.8935856
0.74474096
0.9019466
0.8782889
0.8876796
0.8416492
0.83722466
0.899806
0.8530123
0.82836545
0.69333637
0.95123434
0.82974154
0.9517776
0.88986385
0.87821615
0.955225
0.8726597
0.8670853
0.86624074
0.91282535
0.9035201
0.8529739
0.83705354
0.6643597
0.80309826
0.86906123
0.91748565
0.8496448
0.85465485
0.73878145
0.7201064
0.86667144
0.8019737
0.8779875
0.8178073
0.8806232
0.7128772
0.8304562
0.84409916
0.91785705
0.53783995
0.8621815
0.9195956
0.6876391
0.94142604
0.8967634
0.7958673
0.70659715
0.70982003
0.91500837
0.92824966
0.8288598
0.95734435
0.83419037
0.90357065
0.7432738
0.90558636
0.8381619
0.7572826
0.854534
0.9206385
0.87603635
0.72231853
0.95259976
0.8870958
0.84852314
0.8520521
0.9337623
0.8983983
0.8856123
0.9234079
0.83505964
0.93366593
0.91784143
0.8563308
0.9685787
0.75719774
0.91922617
0.85815674
0.7613941
0.73752564
0.93142635
0.8532991
0.86937344
0.8270802
0.77653617
0.9134274
0.8869939
0.8342347
0.95962435
0.7032893
0.8125259
0.8871244
0.7978411
0.89718413
0.9390675
0.8773135
0.94011515
0.8886008
0.860082
0.9080876
0.7692268
0.86464417
0.9437351
0.8003108
0.840265
0.85731983
0.6524817
0.9164968
0.877106
0.9084361
0.8046466
0.8405193
0.93359286
0.9083288
0.8874426
0.9221984
0.8828613
0.92683107
0.92538786
0.81380314
0.8746458
0.8778845
0.66457933
0.8656814
0.91577166
0.43286508
0.813575
0.90905017
0.8802998
0.760309
0.96060276
0.76850086
0.8110716
0.8363106
0.8754902
0.6680531
0.9049569
0.9447896
0.8627292
0.90894896
0.65414536
0.9194553
0.74735236
0.8502666
0.8694208
0.875184
0.7219648
0.81578994
0.7231254
0.896044
0.91065603
0.95807946
0.9173976
0.90778345
0.7959691
0.98105985
0.9260484
0.957152
0.87759364
0.92400575
0.74614006
0.93571126
0.58605844
0.8870536
0.89765275
0.8975669
0.94088906
0.8252818
0.78643084
0.95039827
0.7909059
0.9353878
0.86240625
0.9338265
0.7718183
0.9392952
0.8194823
0.79589176
0.82971513
0.93791556
0.8834732
0.6848462
0.71541613
0.91808355
0.72831196
0.93380356
0.7811899
0.8679439
0.8095831
0.73536515
0.8823172
0.82831866
0.9280447
0.7703795
0.8464849
0.7568508
0.8571602
0.8884064
0.91533434
0.82333624
0.89814746
0.82265025
0.92671955
0.8784038
0.86851716
0.66895103
0.70452946
0.8231671
0.85620683
0.9606592
0.7803247
0.6996479
0.94027656
0.8360373
0.8471801
0.86994
0.8397329
0.79779565
0.9028537
0.7743173
0.72209895
0.8825234
0.8780314
0.770179
0.8519453
0.71714914
0.63616085
0.88521576
0.8622333
0.91862833
0.8001871
0.6847242
0.85139316
0.9492905
0.942765
0.78700554
0.89517885
0.8405074
0.73278326
0.6797003
0.90481406
0.92805326
0.9030713
0.82797277
0.83371925
0.83736116
0.8512498
0.8329546
0.8902943
0.8468982
0.8709177
0.75725627
0.86045253
0.6972641
0.9004159
0.91840804
0.9510648
0.73391
0.76091385
0.84185183
0.9403464
0.84165335
0.8063869
0.888265
0.8599857
0.93300927
0.8429336
0.6915911
0.8203654
0.90219265
0.9003442
0.8925555
0.745182
0.90246576
0.8541474
0.8165723
0.7507793
0.8920461
0.9078343
0.9586439
0.87069124
0.831279
0.7944015
0.7520238
0.9314818
0.9667877
0.80514014
0.91783786
0.8904261
0.8030936
0.87293726
0.9030463
0.8069259
0.82064366
0.8818308
0.9554757
0.84223425
0.87630266
0.84947526
0.8631181
0.7395639
0.8152726
0.9191982
0.8462622
0.95517683
0.88397115
0.92669123
0.8199396
0.91041535
0.9285078
0.83634555
0.9477757
0.7970352
0.85729975
0.8802827
0.84471333
0.89400643
0.8222701
0.8306946
0.9514732
0.8331068
0.9226078
0.87434345
0.8548181
0.9282105
0.79821676
0.9129452
0.85624665
0.84383595
0.9067055
0.8865608
0.52941316
0.82292736
0.7817138
0.897025
0.3234127
0.82666963
0.9654324
0.86035323
0.73101664
0.9512354
0.92448837
0.7898868
0.7257017
0.93843627
0.88360643
0.69527733
0.9280115
0.89322346
0.95881706
0.9070606
0.9662349
0.957594
0.70946306
0.91125077
0.6392216
0.8963015
0.9379818
0.8730549
0.6490764
0.8677249
0.74183095
0.87170416
0.91643834
0.7917812
0.9227529
0.8862641
0.8719475
0.6978403
0.90226406
0.9440367
0.9095565
0.8651435
0.84937483
0.9382388
0.7674916
0.8044117
0.9127769
0.69867104
0.90530354
0.85306984
0.8741468
0.8869936
0.8789874
0.8310454
0.81681037
0.8355594
0.6500375
0.8312316
0.74080336
0.8346815
0.9002912
0.8985324
0.8315788
0.8021057
0.80234474
0.87052315
0.92937696
0.9334547
0.85100776
0.9181713
0.93627226
0.56411403
0.69634444
0.95011115
0.92623097
0.8395332
0.9232392
0.9460318
0.85636675
0.8171872
0.80727077
0.75484836
0.78532755
0.88496137
0.7391674
0.9015724
0.6747237
0.50828886
0.81352407
0.7712251
0.86895925
0.9135188
0.93707556
0.80181205
0.7021833
0.81571066
0.858993
0.7358902
0.76508695
0.8554493
0.59396344
0.8874135
0.91384876
0.82359
0.82838035
0.91920245
0.92497146
0.7072676
0.8562246
0.8837128
0.879767
0.9431275
0.9009307
0.8436082
0.89978784
0.80910605
0.83996993
0.8409245
0.9402424
0.94398975
0.90361816
0.9321726
0.610111
0.8339716
0.89660215
0.8756161
0.78461534
0.9008758
0.6136326
0.8903513
0.7402959
0.73158216
0.8724993
0.8056118
0.8438038
0.8653635
0.9584783
0.9113586
0.9085709
0.71129996
0.8394357
0.9016757
0.8501559
0.8142861
0.9422203
0.83815044
0.9657187
0.94187975
0.8574964
0.8574457
0.9664281
0.8771333
0.84920937
0.8931832
0.8687128
0.93362015
0.88795114
0.8301798
0.85840243
0.7701438
0.92823803
0.8480628
0.9039874
0.684978
0.7144058
0.89244676
0.8217185
0.8287494
0.8909563
0.7834046
0.8976977
0.85710996
0.7415923
0.8943521
0.7182585
0.6697816
0.768662
0.9292294
0.79662675
0.86898464
0.87061036
0.89667356
0.56484056
0.7677368
0.6909336
0.8604896
0.72531426
0.7423462
0.87855804
0.91729903
0.74473715
0.7076441
0.82390654
0.9121749
0.75152946
0.80938935
0.7797915
0.86095715
0.9329822
0.94203424
0.80166006
0.9287555
0.8729693
0.76464367
0.8484023
0.8063086
0.9463116
0.8975611
0.97274107
0.87572074
0.81099856
0.8091817
0.8074568
0.8885325
0.9402612
0.926239
0.9249156
0.77898985
0.8798766
0.9451654
0.90445757
0.91317403
0.93260103
0.8778995
0.8720378
0.6609219
0.9999998
0.78940964
0.5604511
0.812191
0.9172478
0.8958074
0.84604496
0.83539546
0.64735013
0.84305084
0.88613826
0.70998245
0.9260307
0.85214585
0.87597823
0.9691198
0.94150406
0.90216583
0.89278936
0.87688774
0.9124629
0.800054
0.7968362
0.8923661
0.86146504
0.8304601
0.89744323
0.9382132
0.72342443
0.81935143
0.82027334
0.87997115
0.7910704
0.65499055
0.66309786
0.80648655
0.64211494
0.8719899
0.8752135
0.8100795
0.8734196
0.8723707
0.7376584
0.83052105
0.901367
0.85175097
0.7827947
0.67414814
0.66703564
0.9123671
0.9049052
0.95769185
0.7567725
0.89630854
0.80818164
0.81587076
0.9332367
0.8408007
0.9028916
0.76765764
0.8682131
0.9053478
0.8850701
0.90631485
0.8042784
0.85302615
0.72111034
0.8838624
0.76649094
0.8947265
0.9402565
0.9161308
0.7703964
0.87739956
0.81998116
0.7183275
0.915705
0.74272496
0.69561684
0.8107126
0.9552706
0.8626454
0.87161875
0.82918966
0.6827465
0.91314113
0.8998155
0.9238908
0.9608765
0.86358094
0.86076444
0.7295551
0.91513914
0.7254181
0.83680236
0.9400078
0.8022264
0.67867905
0.8124641
0.93572795
0.84677124
0.9057839
0.6153591
0.91797245
0.9188496
0.80264944
0.7905664
0.72378427
0.8699498
0.76079583
0.83940995
0.94851625
0.8649017
0.9268162
0.97101843
0.93142104
0.8918751
0.8917297
0.86588717
0.82770526
0.8863467
0.940735
0.93514866
0.8939567
0.8600983
0.75264454
0.8135923
0.7633388
0.9036978
0.70143306
0.8657428
0.7774323
0.7998728
0.7978529
0.77320033
0.8211365
0.76575875
0.81092757
0.6455781
0.8495296
0.84655666
0.789542
0.86685073
0.94782907
0.78738976
0.72809803
0.651147
0.95210975
0.9083595
0.9344899
0.85972065
0.64743656
0.77424365
0.8696996
0.8004222
0.91151285
0.77780807
0.67286533
0.8933002
0.8778312
0.8464165
0.849608
0.93860114
0.8367972
0.608664
0.8072135
0.8850244
0.87260795
0.83619505
0.8688546
0.7574351
0.8986747
0.8407526
0.8345274
0.9248492
0.9140019
0.9348425
0.8415337
0.92700005
0.7999343
0.9390195
0.8129478
0.9283778
0.92916644
0.8411379
0.93819076
0.8663371
0.8882445
0.8503692
0.83718103
0.76161325
0.7929894
0.9299964
0.8291361
0.71120954
0.70104754
0.8302808
0.8206815
0.809042
0.83610827
0.7778373
0.7537213
0.85989964
0.81198996
0.8375389
0.88722926
0.9562617
0.8995575
0.97226256
0.81124264
0.77596736
0.9470896
0.86542875
0.82756525
0.9729173
0.5926242
0.8278515
0.8620209
0.8085825
0.9489867
0.6932857
0.83568084
0.82443964
0.90290695
0.79637897
0.78764147
0.80283225
0.9347947
0.8864973
0.82136464
0.83537805
0.7827023
0.6914099
0.90843517
0.8672324
0.8759772
0.93341815
0.8582187
0.9277795
0.8601304
0.87527037
0.72067285
0.9270335
0.74233574
0.7906574
0.91043216
0.941341
0.9193313
0.7171634
0.79737854
0.8660498
0.86809236
0.9120901
0.8337083
0.8085719
0.95220137
0.92423236
0.7442379
0.8832223
0.8313979
0.53491455
0.8977599
0.7324608
0.93675774
0.8517513
0.8726238
0.95190644
0.8602311
0.8717509
0.7804497
0.7908448
0.8878107
0.60651237
0.88203585
0.8554213
0.8546032
0.8480121
0.9350763
0.90485
0.8165051
0.95814645
0.9505817
0.86961323
0.8037696
0.9339692
0.87403154
0.82334316
0.7618918
0.83209175
0.8634445
0.7663751
0.88909984
0.7824861
0.7869874
0.744508
0.926968
0.8438289
0.8695557
0.85641265
0.814569
0.9412874
0.8874575
0.81283957
0.7954005
0.6478704
0.85191834
0.88130647
0.8563572
0.8726939
0.7261022
0.95778793
0.8814895
0.9333118
0.89260876
0.88996935
0.83039725
0.8372028
0.8049007
0.77609843
0.7787142
0.939348
0.87882555
0.8547592
0.8730557
0.8267142
0.8412502
0.7722285
0.9078868
0.77841204
0.8687403
0.78951514
0.79913986
0.8802894
0.8569748
0.82460815
0.7385392
0.9408124
0.9357054
0.7642087
0.92163956
0.7445308
0.6882462
0.8223866
0.79647905
0.8544586
0.93768454
0.8744927
0.8571042
0.82169086
0.8233315
0.7900435
0.75779235
0.77721226
0.730801
0.93764365
0.9076088
0.91927946
0.77574784
0.94050187
0.9608569
0.9129546
0.97386456
0.9063323
0.8199708
0.6376681
0.8353044
0.88411254
0.8600892
0.8808324
0.83501905
0.89571345
0.78736115
0.88171124
0.91789955
0.9470214
0.70252323
0.83646023
0.9066888
0.8208066
0.8667058
0.83972317
0.82214653
0.84197646
0.8405715
0.8659205
0.8293665
0.83499604
0.87511396
0.8425542
0.9049345
0.75089127
0.8419675
0.864251
0.94914967
0.7288233
0.8309401
0.7684642
0.82360244
0.9618178
0.9366811
0.88293415
0.91168606
0.7183684
0.7099849
0.7197118
0.8718185
0.71031517
0.8116521
0.87489253
0.81533706
0.8486378
0.88854873
0.8474355
0.92677814
0.7704538
0.7641331
0.8501167
0.8367688
0.54470295
0.8176136
0.67013144
0.8939624
0.7880858
0.8545308
0.96824366
0.87444156
0.71962726
0.8743815
0.6299218
0.78033686
0.80313575
0.80039805
0.9540997
0.8215619
0.8778919
0.70392925
0.7205216
0.80502737
0.91625
0.8411485
0.8585999
0.91262186
0.7865354
0.82440966
0.74510986
0.9268319
0.49303642
0.9202881
0.978423
0.9563105
0.82756853
0.8579691
0.9434061
0.85333073
0.81617355
0.9063211
0.895954
0.7461293
0.8175119
0.8830436
0.7596097
0.84748876
0.9236519
0.8099068
0.9195144
0.8401839
0.7908175
0.84887844
0.6754078
0.9072941
0.75587964
0.72446465
0.82321376
0.9014385
0.48663956
0.9084663
0.8389003
0.8369206
0.907629
0.82684255
0.78382885
0.83891416
0.73308814
0.93097305
0.64712524
0.81148076
0.9227725
0.88265896
0.83249474
0.7854278
0.89253706
0.8730698
0.78855246
0.8844374
0.8746469
0.812237
0.87888235
0.9381182
0.8123956
0.8939652
0.7947997
0.93573403
0.71630937
0.8666351
0.8567542
0.9093219
0.8212824
0.6952565
0.8822433
0.8394666
0.4948678
0.90859187
0.83678496
0.9494319
0.87147486
0.945552
0.9530143
0.8994626
0.9442772
0.860705
0.929806
0.8684102
0.7701554
0.9161392
0.8605495
0.81731385
0.93989384
0.90315485
0.8712396
0.91674274
0.84503245
0.93559504
0.9243536
0.86632156
0.9133303
0.8739836
0.70506847
0.9545928
0.9340769
0.95640403
0.84066397
0.8359927
0.8352526
0.8672477
0.81964314
0.9406425
0.8756198
0.8842958
0.73124135
0.8873551
0.5483049
0.78708756
0.9187335
0.8609273
0.91865534
0.8606185
0.9176994
0.82677555
0.95934385
0.76616704
0.8963008
0.9260269
0.7279912
0.808326
0.9557143
0.92121214
0.9217427
0.8142367
0.81567085
0.7971659
0.8951906
0.6669138
0.8931163
0.92752856
0.77804595
0.89289373
0.9460619
0.87536
0.7713803
0.94865465
0.7011473
0.7459183
0.8898103
0.8630762
0.77679783
0.90419054
0.91306597
0.9524816
0.9197319
0.8880517
0.8666463
0.90472305
0.89415854
0.78114927
0.7420372
0.93516284
0.7506632
0.870098
0.87139356
0.8995595
0.82219315
0.85450023
0.86638993
0.74681103
0.81606454
0.9211995
0.6853111
0.8780787
0.9182774
0.7000316
0.465765
0.7753842
0.92926204
0.83317083
0.8153424
0.93306154
0.8452429
0.7813846
0.80008614
0.8333886
0.9683428
0.89211136
0.8547858
0.91895837
0.92471135
0.8576746
0.8398463
0.8801859
0.78729045
0.66872466
0.9510346
0.86740506
0.95195276
0.8091823
0.924038
0.6939373
0.79663956
0.5843329
0.7329719
0.9040633
0.87817633
0.89928037
0.8536958
0.81500673
0.763242
0.6599121
0.7690257
0.84654886
0.8787664
0.9259279
0.71482176
0.8491367
0.7048499
0.9295168
0.9429375
0.7943953
0.6756894
0.8954502
0.8492346
0.83427405
0.8899486
0.48691085
0.6219787
0.727322
0.86034775
0.8446373
0.5724434
0.9609508
0.956231
0.87285805
0.6876184
0.8373139
0.8821361
0.8642521
0.75227636
0.8503534
0.9330976
0.80416465
0.85769355
0.82247895
0.93435997
0.9497694
0.8691822
0.8891671
0.85477656
0.7744749
0.7642007
0.8493862
0.8203442
0.9364463
0.90683836
0.79732174
0.94644225
0.8564477
0.9337583
0.6749978
0.9576301
0.8600588
0.8736824
0.7326261
0.8268385
1.0000001
0.7453166
0.9229878
0.9536156
0.9095218
0.95756143
0.9588312
0.69372416
0.87569755
0.89513695
0.92282724
0.87551045
0.90619946
0.8517084
0.70720357
0.80785847
0.78688294
0.7261679
0.8276514
0.8156261
0.8481077
0.95225227
0.8425005
0.865171
0.9414532
0.9359952
0.88627875
0.92291105
0.93677384
0.86737
0.9139267
0.61504364
0.8841769
0.9282704
0.8335168
0.83066386
0.85425925
0.9007872
0.80098593
0.8714118
0.87732863
0.85519105
0.7756356
0.9117126
0.86621225
0.90864104
0.7132331
0.73123115
0.9320996
0.5899174
0.7455837
0.81859624
0.7840154
0.8631979
0.88421035
0.9393618
0.92270803
0.9380866
0.8156194
0.90487677
0.9257246
0.8374243
0.8321604
0.94103086
0.8375246
0.8545576
0.94005865
0.7218837
0.8598487
0.74456656
0.94206095
0.74132097
0.94212794
0.83304036
0.7831348
0.6697558
0.6966983
0.9520319
0.8692421
0.82704926
0.77146167
0.7851705
0.90704435
0.78508663
0.7346128
0.8126386
0.79437864
0.80154085
0.7737132
0.9490781
0.9403943
0.85287505
0.9026638
0.87363183
0.90502095
0.9770044
0.94026434
0.9352196
0.8632155
0.8630948
0.9462483
0.75388944
0.8231039
0.7613371
0.81743747
0.7658688
0.85387206
0.82244635
0.89017856
0.75602156
0.70497525
0.61316687
0.9335682
0.80615395
0.8805766
0.9500854
0.8356402
0.8091974
0.9337137
0.88677704
0.8522257
0.94538754
0.833904
0.7519247
0.8978246
0.9361087
0.8697002
0.91632867
0.8782514
0.6972464
0.8617443
0.91154325
0.8317665
0.84709114
0.82025397
0.80550474
0.94011927
0.89668274
0.7982166
0.88575697
0.97095114
0.8515834
0.9447471
0.7479639
0.8611914
0.924143
0.8622006
0.9175925
0.8830326
0.7857452
0.88209033
0.87587
0.9215323
0.9300816
0.88037
0.90609384
0.9389019
0.92818475
0.9413785
0.9374841
0.7745607
0.6754124
0.8826242
0.90964895
0.880176
0.730373
0.9288986
0.8585547
0.84081584
0.86612415
0.9643165
0.8478234
0.8431194
0.75949836
0.9092978
0.79092383
0.7634524
0.802245
0.91409993
0.9662118
0.9465761
0.81392646
0.8112978
0.8752229
0.87617165
0.8549964
0.87554514
0.9024567
0.75365525
0.9130537
0.9087961
0.8244169
0.8031596
0.9480971
0.9289281
0.88245
0.6890342
0.910972
0.47443053
0.7614026
0.83726794
0.9631126
0.53732383
0.8869703
0.87355405
0.7958076
0.6996964
0.87735045
0.75117004
0.6614916
0.90385383
0.89416945
0.93572986
0.7290653
0.8113562
0.79294544
0.91918284
0.98043334
0.8722745
0.90684056
0.84098005
0.95306224
0.9266293
0.8770683
0.9632241
0.92480034
0.76682436
0.91784227
0.83402455
0.8238429
0.8793737
0.9147961
0.904754
0.85456693
0.8587885
0.82699996
0.77971125
0.86721426
0.90655065
0.9114098
0.902019
0.91433007
0.9114488
0.91631293
0.61414856
0.9393833
0.76965034
0.8084943
0.66609514
0.516318
0.78674823
0.8321625
0.8272624
0.75102985
0.8496677
0.8446209
0.83401906
0.8222685
0.9286951
0.8569068
0.70425904
0.7005595
0.81982565
0.92017347
0.82558465
0.64582837
0.8926504
0.62683684
0.9576636
0.9594186
0.92198914
0.9185671
0.71841705
0.71429473
0.86528474
0.95700014
0.7758481
0.89964175
0.6809974
0.88922566
0.9079927
0.8078139
0.8490223
0.9427978
0.60861254
0.9259402
0.79596055
0.8734627
0.93526673
0.96237737
0.90084606
0.81318426
0.88117486
0.86430174
0.8111118
0.792928
0.9070368
0.89888304
0.85584486
0.80954653
0.8207596
0.8888199
0.7539206
0.86585265
0.6889982
0.8905112
0.6329384
0.79271483
0.86880964
0.86711544
0.80619144
0.90344286
0.8286467
0.96536005
0.8781988
0.9221628
0.87139505
0.9342877
0.61262
0.7481559
0.8641568
0.8901092
0.8324325
0.90739
0.75297683
0.8175713
0.84905684
0.8893976
0.8454924
0.90647036
0.8935128
0.7573321
0.74327576
0.93534017
0.89070845
0.8246751
0.85501057
0.8853391
0.961833
0.96778286
0.90869355
0.84585553
0.9243479
0.9192132
0.8322332
0.93474245
0.9105154
0.8326268
0.9125005
0.58477837
0.912457
0.85028136
0.85990566
0.82683444
0.8320125
0.9120098
0.87142277
0.93355083
0.8350119
0.7469113
0.74104714
0.9049772
0.9123351
0.72044575
0.7585722
0.9551346
0.8379406
0.6958504
0.8612093
0.89967763
0.8748331
0.8441354
0.83345854
0.92436403
0.90319204
0.90229326
0.89432913
0.8930779
0.94614136
0.91635704
0.67207986
0.73645234
0.8686398
0.8683758
0.8874492
0.8920974
0.7858949
0.770615
0.86664325
0.85456264
0.82563996
0.8794976
0.898227
0.94353575
0.8310546
0.9690091
0.8795283
0.9391622
0.845095
0.91199785
0.8681785
0.7148405
0.8794483
0.9321859
0.8763759
0.9357127
0.8185566
0.8954457
0.7928419
0.85577327
0.74955004
0.7986565
0.95771986
0.92353076
0.79052037
0.9281523
0.78212136
0.884865
0.90602505
0.8296664
0.687703
0.89594
0.86469173
0.7964643
0.95852983
0.67378855
0.82756954
0.6817001
0.952917
0.857917
0.8738069
0.95757365
0.9130425
0.69829017
0.88143086
0.9162891
0.91013354
0.90526724
0.9080286
0.8446595
0.897849
0.9507749
0.76395017
0.75577915
0.725706
0.741522
0.73730606
0.7276833
0.8507269
0.68476444
0.8257793
0.9076966
0.8133584
0.86601335
0.9211674
0.84316665
0.78641796
0.743042
0.64663005
0.7832696
0.82845986
0.9181378
0.79605556
0.8835804
0.8468957
0.8158649
0.8937136
0.9225904
0.88528025
0.8371663
0.8832888
0.6961982
0.7661701
0.76691014
0.9094646
0.88938683
0.78425723
0.9438393
0.79781586
0.9137467
0.8908566
0.89748657
0.8770758
0.8985934
0.6847655
0.923757
0.8580882
0.911567
0.8166394
0.7988643
0.8434234
0.9130099
0.835921
0.88660395
0.7463007
0.9091493
0.806285
0.94411206
0.8743684
0.79311246
0.9416149
0.8648277
0.9016173
0.8658284
0.90821636
0.89135015
0.82568073
0.94120085
0.8494132
0.9431888
0.6673632
0.8062581
0.8566977
0.94289935
0.8889624
0.8231766
0.8970974
0.8684705
0.79135656
0.8963503
0.89490724
0.832049
0.80891836
0.86034584
0.9145691
0.7904538
0.7680232
0.9434228
0.7574815
0.8601359
0.84442353
0.93375677
0.89305115
0.90884256
0.92007315
0.86194116
0.52505994
0.76271653
0.5005777
0.96911496
0.8484484
0.9028815
0.84659207
0.632736
0.7872147
0.9111028
0.9564557
0.80389655
0.8422663
0.8978604
0.9417099
0.9482235
0.92846745
0.8624863
0.93732333
0.85504806
0.8638831
0.83961755
0.9669608
0.93835074
0.7217196
0.82858473
0.9053073
0.79927915
0.91734976
0.8877528
0.89604884
0.9726899
0.9168076
0.8401179
0.86519736
0.9109775
0.92310715
0.7641474
0.8789772
0.9635979
0.81210804
0.88578725
0.8012701
0.9160005
0.82413167
0.8214711
0.96596014
0.89839876
0.83658546
0.86754686
0.7876196
0.9379657
0.6377606
0.8943931
0.7330053
0.95896125
0.93377674
0.7332982
0.91033685
0.95232344
0.94717014
0.8361078
0.8180707
0.8010172
0.6626837
0.76716125
0.8829748
0.8641415
0.8469083
0.80311155
0.86833304
0.95987236
0.87959874
0.9163978
0.6497023
0.92236423
0.9130509
0.9363126
0.9094548
0.7504813
0.89508766
0.89444584
0.957259
0.9254166
0.85115325
0.85304826
0.9466897
0.9854188
0.84007245
0.9677024
0.9616524
0.7271796
0.894996
0.5518232
0.9053649
0.9395888
0.91228104
0.90047956
0.7607635
0.965461
0.9111678
0.7670843
0.9101151
0.8708101
0.714071
0.9610778
0.92656666
0.83321476
0.8309027
0.9036995
0.8706655
0.7282827
0.89001083
0.9380377
0.89353734
0.8332675
0.90995336
0.7139455
0.8348951
0.78610116
0.8937756
0.94262254
0.9042109
0.4336733
0.54029775
0.69424
0.8948043
0.8068131
0.8980557
0.8518374
0.92547935
0.80754566
0.8999379
0.9335631
0.9028218
0.7330176
0.85416156
0.75871414
0.9678955
0.81841826
0.9070647
0.8717089
0.8262055
0.84476495
0.848019
0.8399981
0.8400155
0.76624775
0.9294056
0.933506
0.8855935
0.91300285
0.8870404
0.81607985
0.52138984
0.786191
0.8622258
0.9271621
0.74967706
0.9076644
0.7951222
0.8966053
0.79960215
0.80387944
0.7588321
0.86842716
0.8291007
0.8745846
0.7901782
0.92813325
0.92774016
0.6756493
0.8599874
0.80276096
0.66150075
0.8859592
0.7678509
0.71232146
0.9072776
0.90775347
0.8852726
0.86469406
0.8807412
0.88835216
0.8577591
0.9454913
0.9027421
0.8903505
0.72159857
0.65376663
0.8606613
0.8668834
0.76748776
0.87079525
0.91118693
0.922408
0.86307406
0.8935902
0.83440673
0.6541883
0.78349555
0.72492427
0.9274998
0.93095076
0.8384591
0.82098573
0.8989335
0.60831356
0.82367474
0.8999787
0.94748837
0.75978875
0.80198634
0.8580222
0.78584063
0.88894355
0.82542133
0.8155106
0.5406579
0.9612699
0.887915
0.6833771
0.827123
0.96292967
0.8804095
0.81364715
0.8097042
0.710148
0.920829
0.9332617
0.81387377
0.8913243
0.96721995
0.84921724
0.756871
0.8256602
0.80857205
0.7908698
0.97846556
0.95421857
0.90758955
0.88962996
0.92788553
0.9133595
0.90438986
0.7949346
0.80957615
0.7668358
0.57284343
0.8739891
0.8250666
0.91489774
0.8254808
0.9054142
0.8717221
0.9162375
0.8267223
0.84525084
0.8241198
0.6869023
0.89836967
0.641675
0.73735666
0.8479937
0.74332845
0.8255773
0.85003424
0.8724947
0.8992914
0.7959829
0.75310075
0.6336322
0.8810924
0.75014055
0.85145104
0.6512108
0.8091877
0.83292115
0.8261595
0.95268166
0.8908591
0.94776803
0.8306594
0.7811742
0.88331056
0.9238889
0.89626503
0.8084748
0.76761866
0.74121976
0.8108771
0.59701717
0.879194
0.88175565
0.824623
0.7830659
0.8103395
0.7705741
0.8983913
0.8166299
0.9156155
0.69593966
0.77026343
0.8632555
0.88692963
0.65925145
0.79585415
0.8152045
0.88776016
0.95814747
0.76233345
0.96896887
0.903084
0.9224919
0.891882
0.8104233
0.82641643
0.80027086
0.90251267
0.92749125
0.927427
0.9274265
0.9142807
0.93448937
0.822593
0.8499093
0.8156698
0.8922236
0.9703441
0.91568285
0.8452325
0.80719584
0.8098953
0.7842543
0.8052486
0.9035498
0.86235034
0.8358994
0.8901244
0.8009737
0.8850616
0.9413823
0.7847021
0.86532015
0.90256053
0.89722097
0.85581195
0.8077208
0.8781102
0.7825748
0.9096693
0.88725144
0.7702421
0.7602709
0.84368086
0.55507547
0.8280045
0.94050187
0.940362
0.8308058
0.7720763
0.8830714
0.76821023
0.69224024
0.80172676
0.9723956
0.9374651
0.8271652
0.8727979
0.80498487
0.9016618
0.74096274
0.9628026
0.9516413
0.9008993
0.6968584
0.819364
0.8812947
0.92105055
0.90099865
0.9720272
0.7080351
0.97255826
0.62075317
0.6042169
0.7711442
0.84620476
0.7905336
0.8064025
0.8000168
0.8677218
0.84623903
0.6510965
0.9459909
0.6235372
0.89043677
0.9576025
0.96267116
0.9408284
0.9323187
0.68283856
0.9021538
0.96150595
0.95647955
0.8413832
0.75677335
0.90167594
0.8968174
0.8847389
0.8443345
0.8640851
0.6407443
0.85098845
0.8592722
0.8598734
0.9624041
0.8729866
0.72974384
0.66132545
0.9068688
0.9229194
0.793556
0.95123637
0.91461957
0.94838804
0.906691
0.6824404
0.87013716
0.7332992
0.57349735
0.93388784
0.7000853
0.83669364
0.7733188
0.88031423
0.7225485
0.9227998
0.92237
0.8863135
0.9077199
0.67899525
0.9644828
0.8855479
0.7880337
0.87937725
0.8542729
0.8868437
0.88089085
0.8606758
0.7186936
0.9318529
0.871902
0.8390889
0.6978017
0.9128056
0.9063586
0.88984907
0.8467763
0.8805102
0.79951
0.8969435
0.85408163
0.8905997
0.7387672
0.86172384
0.83900136
0.9542695
0.8949476
0.94200855
0.8354324
0.82287544
0.86771613
0.68895334
0.9175602
0.88948333
0.93128467
0.85305035
0.8862322
0.91709465
0.94699454
0.84504277
0.7612853
0.82268256
0.69348204
0.8083751
0.87102956
0.82635516
0.95969725
0.83815396
0.7457278
0.87104774
0.8816957
0.68668866
0.8763779
0.877281
0.90385795
0.79254854
0.8104369
0.7599528
0.9387926
0.8313113
0.9123053
0.8325186
0.7288592
0.87134635
0.78250754
0.84190285
0.7894182
0.88821334
0.93035483
0.8578741
0.8980743
0.5885122
0.78692394
0.94265777
0.8429298
0.8831532
0.85323197
0.85422444
0.78669673
0.94455767
0.7391475
0.84713
0.78325605
0.7586925
0.8607271
0.7480805
0.8314283
0.9191736
0.7922251
0.8414091
0.8852303
0.8562915
0.8832479
0.854926
0.85124165
0.8501769
0.91986734
0.83243644
0.8943536
0.9024389
0.86633396
0.8730959
0.69665724
0.8179302
0.9456135
0.8295761
0.9320462
0.93356055
0.9600601
0.86299825
0.8947052
0.8343581
0.9546822
0.86311173
0.8589668
0.8363698
0.9390783
0.89400387
0.9526765
0.9466381
0.68855107
0.8087946
0.8587921
0.81570566
0.88191926
0.9190952
0.79720646
0.85046184
0.77692914
0.70876944
0.9243526
0.8809661
0.89877015
0.9490679
0.9258992
0.9198638
0.9628867
0.8176826
0.87924105
0.80624205
0.90857947
0.8800323
0.9126482
0.8462396
0.86808485
0.9087706
0.9472992
0.8242077
0.9076949
0.92601633
0.8620794
0.8481525
0.75887287
0.8592455
0.8457832
0.563083
0.94681996
0.69379205
0.86297226
0.89553356
0.8232273
0.95711994
0.63750607
0.67470634
0.8743584
0.8393413
0.7512885
0.8814578
0.8373223
0.76588506
0.90166664
0.8827545
0.9098985
0.7576244
0.8142541
0.32575795
0.96926236
0.8547966
0.9574325
0.9240886
0.7494303
0.7860903
0.9289162
0.8163183
0.97106016
0.6948513
0.64777666
0.84910214
0.884321
0.6480552
0.88737416
0.7134997
0.75007373
0.84334624
0.9324878
0.88720965
0.9471551
0.8262397
0.7324712
0.9155214
0.9099045
0.72638273
0.9412486
0.85010034
0.93928427
0.8427762
0.9462487
0.9387246
0.8576591
0.78069764
0.9435182
0.80583763
0.9431279
0.85801274
0.84718585
0.65304434
0.81426823
0.8350641
0.7335155
0.9255557
0.6992798
0.757054
0.88816416
0.9214295
0.8704102
0.78993857
0.8387209
0.808934
0.7833442
0.89535034
0.9173815
0.86722434
0.8733102
0.85567045
0.9612515
0.79684955
0.8686787
0.8446468
0.60496
0.8871986
0.9238493
0.77858424
0.7801305
0.8519042
0.80714726
0.91003764
0.9366908
0.82570636
0.9663259
0.8452868
0.53703845
0.9156698
0.9199519
0.8999891
0.7509564
0.8183298
0.8648701
0.7953501
0.9529081
0.7886848
0.791421
0.81784403
0.86738884
0.71835375
0.94802564
0.77854425
0.82773113
0.86398125
0.6319944
0.87611973
0.91462994
0.7892147
0.8172176
0.7550325
0.90478814
0.9045217
0.8002928
0.87542546
0.7212703
0.7466396
0.88978696
0.8112834
0.67262274
0.79310274
0.9472221
0.8967423
0.86971915
0.84558886
0.8611904
0.9193127
0.8368279
0.90522015
0.7794618
0.8615745
0.7754828
0.8887097
0.8414564
0.8530912
0.8804738
0.94183654
0.83318585
0.80365455
0.8006514
0.77649784
0.92046136
0.8810788
0.87578976
0.94635516
0.8933372
0.8208467
0.8393579
0.77942854
0.8703289
0.8758427
0.8375654
0.90451896
0.8550126
0.90484196
0.83133394
0.8924378
0.7631674
0.849934
0.9020468
0.81402725
0.93843246
0.76808923
0.77965367
0.80259776
0.9092429
0.90338546
0.736409
0.88346386
0.8609379
0.8390747
0.87387586
0.8644707
0.95434874
0.9578749
0.82047486
0.71506274
0.81812906
0.934741
0.705033
0.87053823
0.8500525
0.8697337
0.8421681
0.86386746
0.80618787
0.8661306
0.9128243
0.9366444
0.8375203
0.7512736
0.84450006
0.8713827
0.85738945
0.8562162
0.9066377
0.7905934
0.8585007
0.78270644
0.8824777
0.91799176
0.9360912
0.8708529
0.7125027
0.9374272
0.9586963
0.81716645
0.8561013
0.94064945
0.92953295
0.8971485
0.9745759
0.69977564
0.8874001
0.79443985
0.81742716
0.827863
0.70413846
0.78481376
0.9387765
0.91440374
0.92676514
0.8475813
0.87279904
0.93987244
0.8526418
0.7261392
0.93999374
0.81219894
0.73193014
0.81308615
0.54891056
0.87136745
0.6978905
0.82491684
0.87846583
0.87495714
0.66467696
0.8792889
0.76185
0.9128805
0.9622116
0.7837299
0.85871184
0.9477309
0.68216205
0.8916295
0.8319872
0.9162061
0.80947006
0.8723847
0.87423044
0.82770044
0.44026253
0.6429791
0.873181
0.7638419
0.89137375
0.9150071
0.85173917
0.8832644
0.704206
0.80485636
0.63607085
0.8893775
0.94125736
0.87177205
0.759711
0.7167262
0.9390354
0.8745357
0.92622316
0.75318897
0.9148163
0.97532403
0.927882
0.8468985
0.7929859
0.89346945
0.5972469
0.9164148
0.77599525
0.8922111
0.81853306
0.8316034
0.932655
0.85016024
0.9024925
0.9147793
0.9685824
0.8234782
0.866856
0.81929034
0.90984046
0.8587407
0.94717467
0.95356786
0.75798565
0.9031553
0.8299734
0.87402385
0.7409539
0.84907985
0.92676073
0.86112183
0.8216677
0.90501803
0.857831
0.73977065
0.80270636
0.76461065
0.7779256
0.9578184
0.86735904
0.782084
0.6066695
0.6648617
0.8663563
0.85790426
0.8362856
0.83189464
0.9084127
0.8224744
0.7954571
0.8483366
0.8208809
0.8309195
0.9039531
0.8430482
0.8816898
0.802331
0.8015442
0.8787476
0.9476172
0.88468903
0.96162283
0.8425594
0.63553506
0.84112954
0.9322185
0.93016136
0.9033878
0.91761863
0.81194896
0.6978978
0.7654618
0.8707591
0.8548111
0.84591454
0.89495295
0.91172737
0.79274833
0.7657578
0.9298733
0.84898144
0.852741
0.8531892
0.9434426
0.8866863
0.8912662
0.9084803
0.8633948
0.95751303
0.9254197
0.9021292
0.7784715
0.78513145
0.9053085
0.71606874
0.94793904
0.7881591
0.50555336
0.7851323
0.8436574
0.74799114
0.8161873
0.8609764
0.5449173
0.9296059
0.95071316
0.78810173
0.89955753
0.772906
0.80037296
0.8236364
0.8131959
0.7945372
0.82075787
0.9324117
0.9123965
0.9578407
0.8515151
0.8639545
0.8172926
0.6501685
0.8786709
0.8521314
0.868139
0.92472965
0.85909414
0.7353001
0.8403149
0.87631774
0.9145943
0.9255452
0.86673176
0.9010212
0.9224355
0.7960352
0.6661017
0.9458018
0.8779001
0.7632866
0.8219958
0.72247326
0.88377213
0.9409236
0.7952012
0.9540041
0.91015077
0.54457885
0.7882353
0.899979
0.8627062
0.8358258
0.9443135
0.78617215
0.92322946
0.8059842
0.8353884
0.79101884
0.77042985
0.71564966
0.91211545
0.82737947
0.90471107
0.88992953
0.8770686
0.89397824
0.8758654
0.8023929
0.87709427
0.93345517
0.93412817
0.9084737
0.79744107
0.8303146
0.8527819
0.9293962
0.92264473
0.8825525
0.87783927
0.8150952
0.7551519
0.90798736
0.91258407
0.85418826
0.91927624
0.7711022
0.7339932
0.8149406
0.88778013
0.8046566
0.8219652
0.8504831
0.82941854
0.8716046
0.9418262
0.91133356
0.73359066
0.83414406
0.6085522
0.7538706
0.76635456
0.94348913
0.86487186
0.77659875
0.9336505
0.8631755
0.9575596
0.71357715
0.84482116
0.9276055
0.78693587
0.718526
0.9556358
0.94322884
0.8455058
0.8220643
0.9063202
0.8595388
0.80631375
0.892343
0.8077117
0.77436966
0.92101276
0.93165207
0.8561778
0.7641912
0.66965187
0.67636013
0.852855
0.80658394
0.8130366
0.8909203
0.91499
0.8716283
0.8288555
0.8008931
0.75858533
0.8878547
0.8310232
0.8310059
0.95794296
0.83712316
0.8536248
0.8384875
0.8394091
0.7784717
0.8186981
0.7737339
0.58443946
0.80410206
0.71539193
0.8678895
0.84230554
0.9072007
0.93136376
0.77506864
0.7720252
0.85872114
0.9082559
0.93477494
0.80845094
0.75566775
0.6925805
0.9188208
0.85580194
0.7674684
0.84959024
0.86915183
0.793127
0.60332763
0.9507956
0.8913809
0.6349526
0.6625385
0.93230027
0.91061026
0.8208061
0.9334097
0.7480261
0.55896306
0.80462164
0.9305086
0.89103895
0.9402691
0.8931444
0.89621305
0.8663651
0.8305337
0.9366115
0.8102916
0.89468
0.9583068
0.8043402
0.73292404
0.7566291
0.80842596
0.94579846
0.82876015
0.9505549
0.9137443
0.65786666
0.6571858
0.89400375
0.84005004
0.89250565
0.9012783
0.6452779
0.9410327
0.8726808
0.96353173
0.856417
0.88127744
0.7895634
0.80424476
0.8986913
0.8247901
0.8984514
0.7388969
0.790609
0.83913565
0.7046661
0.89708215
0.8832965
0.9082372
0.9022807
0.76214355
0.9606686
0.92979366
0.88691044
0.8881909
0.7868208
0.9045098
0.79762554
0.8763379
0.60796195
0.9111143
0.9042629
0.91004336
0.8223194
0.89836466
0.9152436
0.7446028
0.78370726
0.87714076
0.7794769
0.89759016
0.82686335
0.63327575
0.87725353
0.9728544
0.9012185
0.9466098
0.73773897
0.8579129
0.901634
0.9035867
0.7674409
0.8332216
0.8534783
0.8206426
0.85584825
0.7354523
0.92003655
0.8417417
0.9372193
0.7914773
0.8945713
0.8102566
0.9490721
0.955208
0.8682955
0.86418283
0.9397577
0.9148259
0.91440856
0.93857104
0.9298761
0.64932674
0.778463
0.8882477
0.8947344
0.79388815
0.8732734
0.7414558
0.9657898
0.8490319
0.82413876
0.7914657
0.92423826
0.8269468
0.90042734
0.61256576
0.89156675
0.8928547
0.78984714
0.6770879
0.76607955
0.52033585
0.8956152
0.8113388
0.7286859
0.81830204
0.6753019
0.942032
0.9325569
0.8866921
0.9164039
0.82675195
0.9349887
0.9134036
0.8470195
0.8430561
0.88785076
0.9166087
0.8572825
0.87571573
0.79283714
0.90785456
0.8596916
0.9050237
0.37494332
0.9494342
0.52997184
0.8035528
0.9502746
0.8083774
0.7945641
0.7964544
0.9565153
0.82339495
0.7420432
0.80993766
0.7486434
0.81290376
0.79412365
0.840077
0.7930099
0.8235055
0.9181344
0.75492966
0.8775663
0.9403289
0.93804306
0.9624191
0.9255835
0.87674785
0.83557963
0.91008955
0.8728831
0.80537087
0.87310976
0.86218953
0.8495014
0.5366759
0.8592336
0.9587453
0.9122478
0.92108536
0.69782126
0.8401608
0.89362645
0.9299345
0.91965944
0.7395599
0.9365331
0.76948696
0.86973023
0.8918733
0.8360773
0.82435757
0.7465734
0.8332457
0.8403591
0.9117662
0.5720906
0.9142135
0.95108646
0.9683914
0.8343313
0.7755366
0.944325
0.9398455
0.7577222
0.86886597
0.8141997
0.6461096
0.81860155
0.90107095
0.9183692
0.89988697
0.9164469
0.5962286
0.8909436
0.95467997
0.9110892
0.9567474
0.8210983
0.76913667
0.8008787
0.9119217
0.82469547
0.9126105
0.87009007
0.86500716
0.8991287
0.7397582
0.9552189
0.8230942
0.94407547
0.89878494
0.8883825
0.95578176
0.8157585
0.92555666
0.82607704
0.7938715
0.9225191
0.75085384
0.84761184
0.8464548
0.92751855
0.80410683
0.9541653
0.93996656
0.8043304
0.87366265
0.6526927
0.76088417
0.7005548
0.90220135
0.87728035
0.8949649
0.8765821
0.93320054
0.65790576
0.72404647
0.59211344
0.9406606
0.8921575
0.68134505
0.9502833
0.94495946
0.838063
0.9031205
0.869762
0.7889363
0.95001453
0.84045374
0.8994031
0.90052974
0.8472156
0.93703806
0.86235404
0.86949444
0.69505215
0.71806836
0.79628515
0.79965603
0.823264
0.92058724
0.84272164
0.828978
0.7490706
0.83409834
0.79119897
0.78075135
0.8548156
0.73755443
0.9181158
0.9728074
0.90531546
0.82355726
0.8478174
0.7301683
0.51272583
0.8387652
0.85678464
0.91514134
0.8832831
0.71808994
0.84400034
0.81642485
0.7180485
0.8963329
0.66655827
0.8641052
0.87196416
0.8301779
0.70966864
0.8673238
0.92361546
0.9581953
0.9469331
0.8151605
0.8851672
0.87554616
0.9242293
0.6686444
0.9324267
0.7922813
0.7615526
0.82496786
0.9441318
0.8132825
0.788742
0.72277856
0.96795213
0.8260826
0.824739
0.85938895
0.9373654
0.92537177
0.91853863
0.71348625
0.9100424
0.87804645
0.7775516
0.8031107
0.79607844
0.827582
0.84535766
0.8616473
0.85071564
0.9198358
0.795576
0.8074579
0.76412386
0.9171846
0.7786261
0.7005893
0.9872182
0.90500647
0.6870379
0.65556914
0.8662118
0.9302014
0.7820444
0.7671392
0.8248002
0.84995896
0.9411069
0.84748423
0.7916869
0.69912463
0.71779996
0.77525437
0.7377616
0.51478916
0.46536785
0.85854656
0.90835166
0.88455874
0.9542702
0.91141754
0.75530803
0.8212152
0.8571404
0.9176288
0.7427129
0.82193387
0.77674145
0.8163208
0.817623
0.86419797
0.9504186
0.7938624
0.90736854
0.9530906
0.9349251
0.9348837
0.84535193
0.88753116
0.93626094
0.8181537
0.887864
0.7978865
0.9337261
0.817694
0.80143577
0.66816634
0.77488285
0.9044881
0.8779072
0.8902539
0.87010294
0.6997571
0.93658805
0.9266187
0.7179304
0.79750085
0.43251273
0.7576897
0.77966475
0.9269644
0.86297816
0.90655285
0.85579497
0.86127305
0.80049354
0.81390774
0.88722324
0.88879615
0.94350266
0.71118426
0.85529137
0.7490358
0.94129354
0.9390069
0.8304233
0.5650746
0.89509094
0.8617911
0.9469751
0.9472288
0.96047735
0.93458605
0.90340966
0.9240404
0.76129526
0.9413613
0.9643301
0.77901703
0.5266358
0.76415986
0.89703107
0.8682107
0.7358002
0.8447458
0.8230005
0.78729385
0.92744005
0.9393649
0.940786
0.8093911
0.8951298
0.9535938
0.8968595
0.75184584
0.96410906
0.80333686
0.7186945
0.7767438
0.8651926
0.72337055
0.6158165
0.81357354
0.8036443
0.82547987
0.8348777
0.8512826
0.86077565
0.9220629
0.94949985
0.80649877
0.8688959
0.9039155
0.80293316
0.93983346
0.8675498
0.95601475
0.8639245
0.9029608
0.86289376
0.8122382
0.9068037
0.89786875
0.7732763
0.7825365
0.96255755
0.87786216
0.93497056
0.9210351
0.89440924
0.8894
0.7710678
0.82025915
0.93226004
0.7416981
0.8517574
0.9031149
0.5159458
0.8562719
0.85190165
0.74994075
0.91747075
0.94175607
0.78300476
0.82838976
0.9030458
0.8809977
0.93237627
0.8029824
0.74297357
0.58881027
0.76903933
0.91131413
0.9124901
0.877573
0.94499165
0.8920922
0.8209972
0.7834769
0.85688055
0.6543959
0.8272307
0.8367464
0.82485056
0.9053243
0.6757456
0.87367725
0.93749577
0.7759088
0.8748592
0.79127634
0.680525
0.8149034
0.9284265
0.92382735
0.93728757
0.8699169
0.84577644
0.8754995
0.746987
0.81043124
0.77779526
0.8172035
0.9562583
0.7835636
0.9313944
0.76728535
0.8964733
0.59064054
0.8801379
0.88214684
0.91385114
0.5895759
0.8949041
0.6437559
0.7678422
0.6506571
0.88933563
0.887941
0.8563688
0.96322554
0.9192307
0.8582104
0.9206436
0.7775898
0.8406028
0.83996624
0.92951274
0.9598429
0.9651483
0.9503533
0.922665
0.8485618
0.9049922
0.6230702
0.832589
0.85779387
0.8718471
0.9184079
0.95490825
0.8010464
0.8230838
0.93435144
0.7731277
0.8879667
0.7393644
0.9018053
0.8711077
0.87549186
0.801537
0.8344307
0.96185046
0.8762306
0.71842825
0.8380426
0.95466506
0.91798294
0.90290564
0.9172019
0.5863477
0.8359216
0.9580014
0.9672049
0.90584344
0.91112316
0.8748696
0.9041811
0.6399722
0.9157363
0.86416644
0.7414624
0.9452831
0.8286534
0.8679508
0.79377294
0.94329923
0.80405736
0.88539535
0.83657074
0.82366914
0.923347
0.83226967
0.750711
0.75725484
0.9346819
0.88069767
0.72353446
0.7826022
0.8193622
0.86042684
0.728963
0.87145317
0.82989734
0.9576557
0.8764
0.8489746
0.8653527
0.7985753
0.6204046
0.8656629
0.8493168
0.86076075
0.8362216
0.88522166
0.7715325
0.9392406
0.7920916
0.8594456
0.8372681
0.9397859
0.8763524
0.8098489
0.8806896
0.7713811
0.84131044
0.9049455
0.88125944
0.7866678
0.8550714
0.80685985
0.8455277
0.8218402
0.7290888
0.8233719
0.95115066
0.8605371
0.57595444
0.8943832
0.8679543
0.93211234
0.84428084
0.94960326
0.80631703
0.84505874
0.90629804
0.90795636
0.7912239
0.8534319
0.79726005
0.94932616
0.69332933
0.8987529
0.80525374
0.8468776
0.75304604
0.71470493
0.8715041
0.93141997
0.65218
0.8795625
0.94633
0.9487772
0.8231112
0.9427587
0.727564
0.9528369
0.8255264
0.73610973
0.86791056
0.86679524
0.91362435
0.7081034
0.90983886
0.72603846
0.6947992
0.9148995
0.9261167
0.68633187
0.6498488
0.9003998
0.8809777
0.87711036
0.8970316
0.86129457
0.7545917
0.9233386
0.8367385
0.9621068
0.90831155
0.9648516
0.9318932
0.5061394
0.7042993
0.8847861
0.7325629
0.9218267
0.83480674
0.92800575
0.8735991
0.8045536
0.7361153
0.81004924
0.9032557
0.8898685
0.9197407
0.9573889
0.8608196
0.6830605
0.74805874
0.80882794
0.66671723
0.8965499
0.9144716
0.9129791
0.8478246
0.8282524
0.7649477
0.8263224
0.6891187
0.8438017
0.82754946
0.7013697
0.8113019
0.9372893
0.9181127
0.92179793
0.725904
0.86989945
0.9071858
0.9053097
0.9288024
0.9159539
0.85669804
0.829027
0.6880156
0.9521654
0.91870284
0.6451064
0.9124609
0.9330357
0.7795526
0.8827812
0.9114058
0.64730495
0.8459684
0.85307246
0.87828416
0.85512227
0.65219176
0.6949494
0.856145
0.9475323
0.8670174
0.8873264
0.7765783
0.45398936
0.8570219
0.92919505
0.93678427
0.9309021
0.74831474
0.9346543
0.8647451
0.86724454
0.87182844
0.8648616
0.8027846
0.87465703
0.7736233
0.8314407
0.9153125
0.8403462
0.89602643
0.95703804
0.8579485
0.7350233
0.7142659
0.8930491
0.82969916
0.70976853
0.6091892
0.85334235
0.94970775
0.586132
0.8512282
0.9316707
0.763269
0.49761403
0.8633976
0.93528795
0.73779315
0.86062604
0.9159862
0.718637
0.7159609
0.7359647
0.83734375
0.6761192
0.8213926
0.6916446
0.9589699
0.92915
0.881817
0.78868425
0.888699
0.92637616
0.7860703
0.88938177
0.683149
0.92589647
0.7635251
0.91054255
0.7552015
0.7757719
0.7966118
0.9195543
0.9087068
0.9558447
0.9454094
0.9645963
0.91196054
0.8617086
0.91130316
0.9105219
0.8481166
0.87625414
0.8451282
0.81457484
0.83261263
0.66506505
0.85080683
0.92164916
0.6937267
0.6714905
0.92571855
0.9155455
0.93439835
0.81490993
0.7543068
0.79703444
0.91435385
0.93719214
0.9019624
0.7463412
0.91762024
0.7952471
0.72402793
0.79389817
0.74614793
0.9187069
0.9341203
0.885336
0.84788525
0.94168794
0.86370224
0.9034719
0.91628337
0.77840745
0.80818754
0.805938
0.7337287
0.6851075
0.8034919
0.8269567
0.8613308
0.8843809
0.86203563
0.90927833
0.78326946
0.6967195
0.93462855
0.8916622
0.79957724
0.89953774
0.9335561
0.77045864
0.8140793
0.86926955
0.84702885
0.89669585
0.9092689
0.97079706
0.83179414
0.9084408
0.81635845
0.7541125
0.8718808
0.859056
0.7539272
0.7655888
0.8537076
0.9095981
0.91160536
0.88406295
0.80923754
0.94273394
0.84909064
0.943013
0.8564062
0.8379476
0.8129709
0.6323526
0.711608
0.6558188
0.88965434
0.79934937
0.8925319
0.8815576
0.9498489
0.90133333
0.85554326
0.7817114
0.7634617
0.7520091
0.82966125
0.8961494
0.8375254
0.83439916
0.89780515
0.90893465
0.5051255
0.9190529
0.9401967
0.87942666
0.85863394
0.786628
0.89733875
0.7290643
0.83002526
0.89245325
0.87994593
0.93651885
0.8786578
0.79051524
0.580079
0.9097656
0.924265
0.95960164
0.8868656
0.89237416
0.65085363
0.9451519
0.9031049
0.85302746
0.8206793
0.9138675
0.8527729
0.9195956
0.90994656
0.89167684
0.9367274
0.9374491
0.85661495
0.82409954
0.8742098
0.862078
0.9185306
0.7593561
0.77842253
0.8965441
0.8269224
0.95426345
0.9426753
0.9087682
0.69561625
0.8830976
0.812866
0.79503363
0.8525989
0.88586843
0.91095704
0.8743401
0.8970779
0.7824304
0.87365943
0.9069022
0.94259846
0.73599577
0.73222816
0.94353217
0.94223034
0.81079775
0.92497444
0.9795705
0.4528802
0.86065394
0.8742192
0.9410576
0.8212178
0.9248378
0.64840776
0.8480189
0.8040647
0.8204619
0.8828163
0.9490624
0.68462515
0.96444917
0.78966385
0.78549314
0.9390719
0.96239984
0.7830088
0.8466164
0.875963
0.89524794
0.8495407
0.83330274
0.9469021
0.7990862
0.9356575
0.64382267
0.6736055
0.7328815
0.73417336
0.9659071
0.86918354
0.6547975
0.9071201
0.8515551
0.96634215
0.8816125
0.91626453
0.963551
0.8491802
0.9320754
0.8474298
0.77369857
0.91397935
0.9624575
0.89897764
0.6384988
0.95010304
0.9348883
0.87211907
0.93409675
0.95183384
0.9234903
0.84248245
0.89150333
0.9381876
0.77717906
0.8766651
0.83288664
0.7358026
0.86817676
0.90583175
0.9082704
0.879446
0.90869534
0.8963933
0.8759872
0.951435
0.83179045
0.96076214
0.90491545
0.9051747
0.82289064
0.7495028
0.89469165
0.6499027
0.94875234
0.8898169
0.90998936
0.8198513
0.8310977
0.9125829
0.8710468
0.9036943
0.8702196
0.9425609
0.81015086
0.9476577
0.7840138
0.94596446
0.94683117
0.8307523
0.70650953
0.8354248
0.90348816
0.8968402
0.7978824
0.8816515
0.9086205
0.8184084
0.77849793
0.94829655
0.9417398
0.914338
0.9410522
0.9091675
0.8094383
0.6343556
0.9789369
0.845898
0.672171
0.8249032
0.82393074
0.8324363
0.8625027
0.8592545
0.90367
0.8592758
0.68408334
0.72756684
0.9652357
0.80358726
0.9137171
0.8049369
0.7452077
0.88944554
0.73656917
0.917175
0.9562443
0.85783255
0.9412744
0.8232086
0.7279217
0.8634498
0.8752689
0.9102827
0.81831527
0.89143354
0.92701393
0.91765094
0.7106468
0.9123234
0.7039162
0.94419855
0.8210983
0.9356035
0.8478392
0.8813338
0.96751547
0.82057434
0.9148094
0.897311
0.8202268
0.9429141
0.78710914
0.86723703
0.77800864
0.9133748
0.9399963
0.95123726
0.8463361
0.9000459
0.88848597
0.7469739
0.92654485
0.87482595
0.8727771
0.6077312
0.7299358
0.8005436
0.85384357
0.90065914
0.7906513
0.67626184
0.864577
0.96126944
0.87095284
0.87398094
0.84189487
0.7271181
0.90015304
0.80959857
0.8636553
0.87885123
0.68045217
0.8823792
0.90018624
0.8997451
0.9522803
0.4371398
0.6962696
0.75077444
0.86702174
0.7802674
0.94157106
0.8452105
0.7819198
0.9215796
0.9171798
0.5047239
0.8791261
0.8813378
0.880759
0.8855986
0.832906
0.81735396
0.85646224
0.84272134
0.7850745
0.95100456
0.7867168
0.8328288
0.9245592
0.6572725
0.83008504
0.9417654
0.8243051
0.8472185
0.9055562
0.8372377
0.93772185
0.79392433
0.6421995
0.9192027
0.82979655
0.67572266
0.8994037
0.8521707
0.87152654
0.8978483
0.80112815
0.768027
0.62407744
0.9144014
0.9232048
0.86155444
0.842672
0.76701814
0.8401544
0.8415593
0.9040678
0.90261847
0.8165271
0.88215274
0.87944365
0.8595322
0.9040852
0.76678765
0.88097256
0.5857435
0.6264643
0.92580307
0.86560005
0.9044779
0.91077507
0.8687956
0.67704666
0.936178
0.86605656
0.81564736
0.90817493
0.5142053
0.9362294
0.79322624
0.86080915
0.8639896
0.8802542
0.81583565
0.9048834
0.74762815
0.6866431
0.96570927
0.95784307
0.9339518
0.87018365
0.82239574
0.70001864
0.9276519
0.9395886
0.91707504
0.88001865
0.9500032
0.9722916
0.9397676
0.9095713
0.8133082
0.9125487
0.85891503
0.96552676
0.7197387
0.96936756
0.66016823
0.7301439
0.75356203
0.7680601
0.7836789
0.9150515
0.73694915
0.739318
0.9650209
0.8732698
0.73959136
0.87029564
0.8467656
0.9258975
0.7947118
0.687462
0.8923286
0.8618815
0.7752559
0.7637708
0.91941375
0.92826533
0.7686055
0.818007
0.8939607
0.7904562
0.79612195
0.6981985
0.9122153
0.67336965
0.9252949
0.96790636
0.89888
0.79623705
0.9261999
0.9258207
0.818957
0.8522336
0.8510457
0.7096768
0.71446586
0.9014124
0.7746925
0.9245185
0.7889928
0.8396568
0.907853
0.47511107
0.8211053
0.88929087
0.8699514
0.90293336
0.9014183
0.90986323
0.9111979
0.88119566
0.9187657
0.7652394
0.9058974
0.56581324
0.84170264
0.94640744
0.53737617
0.8618485
0.77853334
0.84281677
0.7801675
0.5817597
0.86883634
0.95981985
0.7007711
0.8453461
0.8408767
0.8331789
0.9582275
0.9666536
0.87829506
0.6669453
0.80871737
0.89723206
0.80124354
0.95776594
0.77948403
0.8172297
0.8386943
0.74607444
0.9459009
0.82566375
0.84209573
0.905727
0.8826591
0.8518959
0.5847196
0.8305843
0.9713857
0.77216
0.85786694
0.92632645
0.88381076
0.86319286
0.81450593
0.8279389
0.6867688
0.9684782
0.8684079
0.78620225
0.8763665
0.83274794
0.89377105
0.94098985
0.82211757
0.80754423
0.899535
0.89196324
0.40941048
0.73614556
0.724116
0.89815384
0.8829671
0.877442
0.89448845
0.8634891
0.9554185
0.64687437
0.8643652
0.90099597
0.8988286
0.67839015
0.7640086
0.8713078
0.8742037
0.8740864
0.9163718
0.9074789
0.864202
0.84166455
0.84698343
0.70860106
0.91887563
0.92101824
0.7949335
0.80902535
0.78696287
0.83690697
0.7056836
0.65602225
0.83975023
0.8385158
0.8854083
0.6904919
0.6795205
0.657154
0.93456054
0.95384014
0.85275465
0.9065379
0.77994937
0.840663
0.7343168
0.8170044
0.8863946
0.8072765
0.73874974
0.8472235
0.82078
0.7118159
0.7685632
0.9480799
0.8946077
0.81734186
0.88677335
0.93060696
0.8400872
0.84127927
0.86869574
0.82303846
0.93258023
0.9482251
0.74201846
0.7730893
0.90224934
0.885733
0.70136493
0.80044556
0.9272326
0.79079634
0.91805416
0.9219282
0.9476512
0.6868619
0.86977136
0.7331764
0.81613636
0.9280192
0.95911175
0.8269552
0.8053153
0.62287563
0.85961986
0.74024653
0.8935567
0.9550118
0.82340306
0.652831
0.8566454
0.786081
0.8794089
0.7846669
0.6646859
0.8062562
0.82017446
0.861463
0.85867226
0.77129513
0.7901635
0.9289884
0.93647665
0.80768937
0.9637224
0.8544411
0.8076482
0.7340973
0.8890089
0.93474185
0.9468948
0.8582603
0.93723047
0.91242397
0.8784806
0.85532796
0.7059178
0.74798733
0.94586605
0.84200376
0.7797763
0.8496095
0.8890091
0.78875625
0.6649686
0.900839
0.78137445
0.8423892
0.8757427
0.8969269
0.86628604
0.86762863
0.8078042
0.64132255
0.7562207
0.85887015
0.6960008
0.79141694
0.7847974
0.78082407
0.84509385
0.7242721
0.9167607
0.8906857
0.8114279
0.9415336
0.8256268
0.8521823
0.8947473
0.6922188
0.80344313
0.93611246
0.91331214
0.7396367
0.7919991
0.8567418
0.8496544
0.8402801
0.7089094
0.7499108
0.8431705
0.9753786
0.9709439
0.849037
0.92377794
0.90432477
0.8273488
0.8678856
0.91596717
0.9111595
0.8044765
0.96366173
0.90695983
0.9160818
0.60201025
0.7742764
0.9506208
0.68864167
0.9607892
0.88171667
0.8618939
0.9121877
0.7926694
0.8293976
0.9591601
0.9172839
0.8200432
0.9483404
0.858239
0.7263807
0.83483267
0.8770132
0.74350196
0.79305786
0.8839697
0.7363382
0.94733167
0.81206965
0.86820304
0.91685826
0.928906
0.8848521
0.9423798
0.9056362
0.88831365
0.87513167
0.90547526
0.788875
0.82982975
0.8986263
0.88868994
0.8044088
0.9648495
0.69728124
0.85243046
0.6588645
0.8433758
0.7191642
0.77487886
0.9199146
0.88077927
0.93824035
0.8802101
0.9234077
0.92291373
0.9407789
0.7199898
0.88329744
0.80912566
0.93614435
0.83983827
0.810711
0.8013417
0.76726556
0.9403652
0.6916939
0.8909283
0.8553121
0.8513232
0.82858443
0.6702431
0.8847869
0.7301712
0.9216812
0.9524811
0.8169087
0.7536539
0.9151823
0.9214579
0.9481615
0.8729151
0.86924803
0.8738729
0.9494053
0.93844205
0.8925933
0.8212451
0.94912565
0.86497796
0.7207968
0.83041644
0.9566476
0.7696135
0.84831715
0.9601274
0.954799
0.88516045
0.78307736
0.82951236
0.79570293
0.9001806
0.8393835
0.9507239
0.9230685
0.6243321
0.9507196
0.91094863
0.8637451
0.87633944
0.8347591
0.89110595
0.93412304
0.84110314
0.8713798
0.76852655
0.79882836
0.7022269
0.9075662
0.91382873
0.7824013
0.86175364
0.78719616
0.8097294
0.81860757
0.8889912
0.8358893
0.9065914
0.44514346
0.82838315
0.86953
0.93120533
0.9000326
0.92709166
0.9575468
0.8732005
0.9308436
0.80131316
0.66417134
0.6655975
0.712815
0.6662158
0.8144965
0.7580037
0.7318467
0.8424104
0.76068234
0.8904006
0.87529933
0.7826045
0.88566
0.6900517
0.54134524
0.91465306
0.9232222
0.5416919
0.95823073
0.7771826
0.8498642
0.62598914
0.9541341
0.7842366
0.87273467
0.84151995
0.94409674
0.8827772
0.9482876
0.881203
0.92352104
0.82393134
0.7991306
0.95067126
0.42706048
0.8755624
0.814966
0.7011246
0.56177425
0.7472958
0.9023502
0.9005702
0.8242309
0.88093245
0.8553744
0.740697
0.6189759
0.85775447
0.7360289
0.92639714
0.73822534
0.75371987
0.85588866
0.8914702
0.93830085
0.90160877
0.92544335
0.89347255
0.92467844
0.8811586
0.7730404
0.8372811
0.7661899
0.92236114
0.8046416
0.8647775
0.71631914
0.7695414
0.5654226
0.9054699
0.81896394
0.9277728
0.76214504
0.66829735
0.9599182
0.7213712
0.7208124
0.9361002
0.95762676
0.850515
0.8644202
0.8772157
0.8766845
0.8847987
0.9548024
0.92300844
0.7968866
0.92010367
0.74777985
0.8753935
0.85996145
0.9362695
0.92446876
0.85690904
0.82315135
0.7824961
0.8650904
0.86394835
0.90754247
0.9602985
0.86704904
0.8575607
0.844476
0.619383
0.95929927
0.9272148
0.9181367
0.95276886
0.88712955
0.95165884
0.9133214
0.9578552
0.95170295
0.93915766
0.8902104
0.8107374
0.75001293
0.8478
0.807014
0.8988554
0.9133931
0.8553716
0.48659268
0.84757257
0.9118822
0.8972157
0.9611474
0.8626546
0.9525668
0.8839075
0.74465805
0.9304983
0.8930894
0.8941168
0.908971
0.9139463
0.9432794
0.8986188
0.9348624
0.9311127
0.8972268
0.93767995
0.8424663
0.8819779
0.86085045
0.9049332
0.9465115
0.9171806
0.871391
0.90965474
0.79697394
0.81841254
0.84339774
0.79334515
0.87312484
0.8655964
0.7894524
0.9049704
0.60406274
0.81707275
0.88148874
0.784105
0.9661524
0.7820764
0.82539797
0.9216097
0.7548724
0.92123914
0.8923639
0.8963398
0.79910594
0.8438808
0.9120732
0.82634306
0.8486326
0.76933664
0.97827613
0.8379073
0.9253844
0.9111373
0.90266234
0.90288156
0.8342787
0.96910113
0.7359381
0.9434357
0.7692201
0.7150246
0.84904724
0.8557278
0.7436548
0.7491867
0.70575476
0.94551396
0.41339362
0.9276218
0.9163609
0.84905314
0.83496344
0.8833617
0.86630094
0.90055424
0.7787934
0.8661178
0.7506546
0.8133646
0.84727734
0.9008379
0.9436353
0.7163323
0.78801465
0.87790835
0.91037726
0.8624685
0.64152896
0.92868024
0.6678319
0.840368
0.8769272
0.81359875
0.6014211
0.7743521
0.6672268
0.88932526
0.76992893
0.78021485
0.69540304
0.7519991
0.8476249
0.80844295
0.8997761
0.92577857
0.614729
0.8071691
0.8487444
0.89345425
0.7900893
0.9141079
0.79644036
0.8065098
0.77894986
0.91053885
0.94188
0.92850876
0.90502477
0.8151422
0.6713847
0.92464787
0.8885235
0.89249617
0.8699696
0.72985256
0.7831223
0.70703256
0.97797596
0.8751217
0.94642234
0.8611978
0.91214746
0.8984138
0.97424626
0.90801495
0.9217779
0.8386136
0.83568513
0.71780944
0.7463605
0.90819454
0.83895725
0.69954294
0.92511225
0.90709615
0.7331444
0.7699609
0.7032561
0.8216922
0.8974499
0.97001916
0.8309945
0.77258605
0.53092283
0.80001694
0.8778399
0.92898995
0.9131019
0.87300754
0.9433791
0.96616143
0.8044616
0.8006706
0.9226862
0.87988496
0.76147825
0.8654454
0.8892731
0.9118807
0.91027325
0.95788014
0.71324027
0.8969505
0.94054794
0.9640027
0.9229343
0.78442335
0.91164374
0.8235982
0.83179575
0.59856355
0.74865633
0.88539547
0.90394497
0.93750405
0.94063157
0.86001873
0.936693
0.8047649
0.8092858
0.80355006
0.7512718
0.3903265
0.7031282
0.75437325
0.87411207
0.5792641
0.92837846
0.88396484
0.8731483
0.75642926
0.8676916
0.86672914
0.92386276
0.94870913
0.8545057
0.8465011
0.9050115
0.9090576
0.8843738
0.929377
0.6156805
0.83065915
0.798426
0.7402697
0.96241254
0.9016732
0.8814327
0.75083405
0.97089684
0.75044405
0.83665305
0.8741795
0.79176044
0.9096319
0.7843142
0.89610016
0.8716516
0.8048469
0.97459507
0.79575455
0.87410426
0.880844
0.8329297
0.8953037
0.9398503
0.8535241
0.9370611
0.87539244
0.815675
0.849134
0.80601287
0.8963194
0.85663235
0.8234597
0.87485
0.84290063
0.9461031
0.9187771
0.7318572
0.8991822
0.9282081
0.95380056
0.85189503
0.8559824
0.8944932
0.88123995
0.8992348
0.96433014
0.7508955
0.7526532
0.83117515
0.97016686
0.77489257
0.84903336
0.886071
0.81250733
0.84916115
0.8736111
0.86181915
0.9349014
0.86675334
0.87217087
0.57017034
0.7920154
0.86621517
0.7850718
0.92099166
0.9511584
0.78438926
0.8776798
0.88209677
0.94583154
0.8293475
0.86694735
0.890251
0.9113365
0.75586754
0.89695936
0.90962654
0.91520196
0.95058304
0.71639836
0.7504839
0.73796
0.96605885
0.8497376
0.53944737
0.70421785
0.72156614
0.8876664
0.8768844
0.8693765
0.69339114
0.9632007
0.85586363
0.8552051
0.76328623
0.8490454
0.9330293
0.78127086
0.8967032
0.8453826
0.88011825
0.8797691
0.9292731
0.87458676
0.93040067
0.9494108
0.7779092
0.76585984
0.9471436
0.9082726
0.8821737
0.85613775
0.881025
0.9167962
0.78561723
0.7266289
0.74046963
0.8081511
0.88399756
0.743354
0.8790985
0.9056267
0.6937501
0.80606335
0.88134885
0.9023192
0.97318625
0.8800994
0.8690377
0.8763644
0.8987143
0.83487374
0.7049264
0.89355314
0.86682886
0.7630271
0.73206997
0.96196806
0.8540013
0.8054644
0.7541646
0.8990223
0.85512304
0.9294919
0.92211735
0.96589565
0.7212404
0.9480877
0.8491169
0.8593517
0.79325545
0.6422061
0.94323516
0.78204834
0.80751115
0.92109764
0.871588
0.89005417
0.8452557
0.8841945
0.8884563
0.87213147
0.74919635
0.8284671
0.7397985
0.76916873
0.8230214
0.91756064
0.8268366
0.80164427
0.8942826
0.77227914
0.76529807
0.89642584
0.8271539
0.8590228
0.92096716
0.8970828
0.83110523
0.8369977
0.8699891
0.818519
0.67353773
0.9022717
0.9266084
0.86660486
0.9221711
0.888101
0.8649316
0.89634585
0.8970065
0.92521864
0.72091115
0.9384967
0.7743804
0.8813962
0.85134524
0.8436019
0.8731283
0.9569024
0.82741785
0.89287835
0.90000993
0.9170986
0.93989956
0.9459778
0.9695096
0.8318933
0.73235863
0.8943287
0.9601093
0.9528691
0.9455512
0.8734412
0.43766707
0.92731893
0.8736776
0.86392945
0.7046418
0.9162859
0.86294997
0.78338856
0.9213246
0.87970364
0.8881575
0.80597764
0.7279028
0.8362165
0.87478125
0.86792433
0.92222786
0.6220556
0.6329395
0.91046333
0.8850296
0.89818573
0.7422832
0.85370576
0.79029304
0.8395082
0.88388103
0.79756236
0.91598403
0.74475384
0.81559336
0.90162194
0.89713633
0.9126579
0.90370345
0.83755386
0.89227414
0.9336515
0.95606464
0.6275158
0.82055783
0.85377765
0.7167157
0.88436407
0.62827957
0.86477816
0.7588371
0.79027134
0.9727118
0.92471766
0.9128203
0.7415626
0.93660146
0.8607376
0.6622547
0.7543571
0.793249
0.91493803
0.8901216
0.8480697
0.8832419
0.84573704
0.814829
0.87824935
0.9358917
0.72270036
0.88482976
0.8314445
0.8494607
0.88872045
0.7898476
0.9143299
0.9320314
0.5960417
0.8603013
0.8567374
0.7476774
0.5393807
0.87747765
0.8966235
0.95471376
0.6936072
0.94010794
0.7391086
0.8561719
0.8190989
0.7973649
0.8706651
0.92305654
0.7620176
0.9021237
0.90621054
0.9668736
0.92696416
0.86798894
0.8498568
0.80334806
0.89677715
0.82985556
0.8337977
0.8298765
0.8664905
0.9093963
0.83656615
0.86845696
0.8417934
0.905486
0.8494604
0.94200724
0.8515251
0.90209943
0.82682365
0.95681876
0.8704501
0.8745003
0.91233456
0.7608189
0.8495955
0.8998065
0.9221684
0.9256106
0.7987074
0.84285605
0.89465564
0.9353041
0.9297372
0.9615467
0.8158126
0.867872
0.9310792
0.75369203
0.76074785
0.8240292
0.7611439
0.88118964
0.61728483
0.7288888
0.86591446
0.85342264
0.94491434
0.95987684
0.75046045
0.92787975
0.8599133
0.9172421
0.55950403
0.92239165
0.8699409
0.92629623
0.8650282
0.82633996
0.88889235
0.9086544
0.83626664
0.8827021
0.85283136
0.89035803
0.91013765
0.96148723
0.8680091
0.7283516
0.9519836
0.8586507
0.7793945
0.741645
0.746193
0.9288821
0.91931236
0.69013417
0.7927191
0.79778934
0.9211349
0.8596268
0.6816494
0.72378224
0.9190015
0.7321672
0.91641533
0.9116681
0.9180775
0.62417233
0.83762693
0.7321726
0.8505099
0.8963491
0.9349822
0.9022358
0.863532
0.8387096
0.95614237
0.8945632
0.8671649
0.9145294
0.83859265
0.9530684
0.8830705
0.56953394
0.85552585
0.93524307
0.837301
0.9476414
0.93827766
0.7553632
0.89511144
0.8644614
0.90406823
0.8722557
0.8755361
0.75186867
0.74237174
0.90444565
0.9007018
0.8672985
0.9389733
0.9198582
0.82192165
0.8724128
0.8453783
0.5873842
0.92618316
0.9694167
0.81299174
0.747041
0.8744217
0.92673665
0.78850794
0.9230891
0.94644856
0.9604445
0.7912233
0.8159971
0.82157576
0.7418496
0.73186797
0.8455179
0.81830215
0.7641044
0.9290798
0.8402109
0.89026403
0.7118898
0.97830546
0.81659836
0.89378494
0.85445845
0.6936841
0.86542284
0.88918567
0.81526875
0.8822025
0.8931892
0.8487818
0.8844303
0.86048406
0.94016933
0.8393525
0.84212106
0.7644973
0.77599263
0.8188496
0.8426177
0.7052763
0.75981843
0.9495749
0.7087902
0.7861732
0.75353146
0.9334805
0.87470376
0.72673494
0.88130075
0.9492729
0.8341971
0.9178807
0.7095974
0.91830367
0.73772657
0.8049835
0.4726037
0.88722444
0.8906778
0.9006486
0.89608455
0.6994608
0.76141065
0.8973365
0.92832506
0.7715481
0.83355224
0.8944736
0.97064763
0.9157468
0.81199753
0.86417407
0.82125276
0.5927116
0.8490151
0.762605
0.86489
0.9515891
0.75136656
0.91340864
0.6682034
0.90128195
0.89348984
0.8214518
0.965373
0.88839674
0.90886503
0.73896915
0.8180539
0.862339
0.8776236
0.9214506
0.7769739
0.9180162
0.7871387
0.6934358
0.9165327
0.87164176
0.9595468
0.8579137
0.8760359
0.6545689
0.8760557
0.8353427
0.6940338
0.9145553
0.9089656
0.8776143
0.81652045
0.74768245
0.8772267
0.8117162
0.7831931
0.8740646
0.8329006
0.939134
0.6139506
0.8934281
0.80350983
0.7622534
0.8819608
0.8485495
0.8458939
0.8969059
0.9077547
0.6195475
0.8516702
0.8252982
0.84416866
0.8775244
0.95166373
0.9305639
0.83064693
0.9044883
0.8369193
0.88159287
0.9146031
0.9525742
0.8647861
0.9196697
0.93353033
0.8161448
0.9099846
0.71704805
0.8947075
0.745018
0.79975516
0.91248345
0.76485544
0.94127846
0.9045807
0.9298805
0.87531
0.8629305
0.8710944
0.74015355
0.86383593
0.7227094
0.8500129
0.95835733
0.79314506
0.7100096
0.77055657
0.892036
0.75099134
0.66178757
0.86944723
0.83710474
0.78756106
0.81964177
0.9446172
0.8782809
0.8440907
0.80919445
0.7988597
0.8434482
0.87092197
0.9245447
0.5756726
0.94349545
0.9415562
0.75766224
0.92790544
0.7690323
0.7519347
0.76955044
0.7750396
0.89762133
0.94736934
0.89931667
0.8048241
0.8862771
0.86869776
0.81402576
0.64678377
0.8074493
0.75467205
0.90267456
0.81524277
0.8125795
0.9339371
0.85793436
0.8728782
0.900299
0.7086866
0.7474632
0.92412966
0.8788159
0.8518499
0.81164753
0.5762638
0.70496637
0.87247884
0.9129249
0.86910975
0.8863198
0.8918453
0.85110295
0.6908363
0.7711652
0.6304621
0.9364996
0.8955683
0.9212866
0.9284759
0.7307242
0.77371216
0.90878737
0.93011564
0.8818941
0.8820856
0.9495159
0.74877256
0.9391544
0.8648434
0.5320734
0.7960587
0.7845318
0.96164286
0.87907434
0.8994843
0.89093775
0.91523623
0.7222837
0.7830094
0.9151778
0.8786742
0.74889344
0.87102604
0.9197061
0.91491544
0.8697291
0.7875137
0.9302278
0.95938593
0.89160913
0.91551065
0.9314311
0.95828056
0.8520179
0.7676906
0.9331398
0.760169
0.89682925
0.6347437
0.842561
0.78820854
0.93121296
0.79151183
0.40081108
0.8873567
0.81127465
0.781873
0.8623923
0.8521333
0.951108
0.88282335
0.8410871
0.8745731
0.8152957
0.7178539
0.8657761
0.89235276
0.78415114
0.7722105
0.94304526
0.87261915
0.9443076
0.85441476
0.6645428
0.7484353
0.8869449
0.8077875
0.9549697
0.9156312
0.8858423
0.81297225
0.9573576
0.89489067
0.8929223
0.92390543
0.89251614
0.8749429
0.83063585
0.8661071
0.76358974
0.7567692
0.7731776
0.96256274
0.9007572
0.8582691
0.82275474
0.7790206
0.91416055
0.8247777
0.8807612
0.78623974
0.8802623
0.82786906
0.8782581
0.83226675
0.45914876
0.8115164
0.89321196
0.9613802
0.7976403
0.89829135
0.9506172
0.81213963
0.73523355
0.9167418
0.9051157
0.7072324
0.9295777
0.8640957
0.89658433
0.6370896
0.84748775
0.92412794
0.75453424
0.8848809
0.91960526
0.84066355
0.82234764
0.92215693
0.9466497
0.95701134
0.964062
0.92634386
0.85283285
0.9344963
0.94994897
0.9299613
0.7793516
0.79512364
0.807937
0.9361158
0.9564503
0.7959549
0.8851545
0.84160364
0.80669606
0.9190686
0.9354202
0.7447545
0.74917823
0.7571422
0.8381559
0.8846788
0.9364314
0.75973487
0.78101575
0.83643234
0.8789665
0.8214763
0.87364686
0.9364603
0.8014566
0.71007746
0.8945179
0.9407973
0.916118
0.9117211
0.9030702
0.8674871
0.8036329
0.8433577
0.9127708
0.8461592
0.8915424
0.94902325
0.9448392
0.83074385
0.7177919
0.8477182
0.7952914
0.93424666
0.92825305
0.9115279
0.90349627
0.9105405
0.91597927
0.87829536
0.8146821
0.9355381
0.8977088
0.9087959
0.84510595
0.92080224
0.6998471
0.49995518
0.8844182
0.8215216
0.75563294
0.90178716
0.89181066
0.8784576
0.90766054
0.89243996
0.85490876
0.7012632
0.8890244
0.8855015
0.8258766
0.9100924
0.9817124
0.94674367
0.90911543
0.858423
0.8742008
0.8827228
0.9095905
0.79934335
0.8727887
0.7988968
0.6001103
0.88103634
0.9026215
0.85440165
0.90605026
0.90798104
0.9407535
0.77617776
0.8124713
0.98102885
0.7572823
0.4659719
0.9353206
0.9524467
0.7288679
0.732937
0.87452674
0.79771054
0.9206461
0.76898587
0.924475
0.85862255
0.8179802
0.8193116
0.8669394
0.908093
0.88627553
0.78681797
0.8385862
0.8100353
0.89285535
0.7453055
0.817623
0.75188655
0.9187819
0.87056625
0.8232685
0.8472117
0.9251714
0.8425005
0.8336034
0.7896708
0.7815216
0.7964867
0.9367265
0.6145758
0.81803346
0.70942754
0.915983
0.8612875
0.8737082
0.97330004
0.87707734
0.73134154
0.79403836
0.80821586
0.7858556
0.8836527
0.8467017
0.9098811
0.8929944
0.7024849
0.8724256
0.82589614
0.9533054
0.94681525
0.80912906
0.9332293
0.8927542
0.655962
0.84907085
0.84012306
0.9239273
0.8609868
0.7983934
0.9152389
0.9156786
0.710716
0.93287694
0.88435876
0.84085727
0.8280271
0.8637358
0.875754
0.8724234
0.88934636
0.86066794
0.9545267
0.89195365
0.86405945
0.6954877
0.9101858
0.7462817
0.9620084
0.911372
0.78648925
0.885569
0.76218396
0.8446832
0.774763
0.6757854
0.91600984
0.73366547
0.85434705
0.81771076
0.90622807
0.8919979
0.91807294
0.82766443
0.776949
0.9320008
0.4601813
0.8792516
0.91597605
0.8987358
0.8065393
0.80141854
0.5953266
0.68780524
0.94619036
0.8323472
0.9114924
0.83151305
0.680486
0.85949576
0.8778383
0.93548024
0.69593865
0.8887402
0.8656864
0.76194066
0.8404688
0.8524444
0.84290963
0.8090718
0.9230613
0.80973357
0.7867915
0.7344886
0.7130749
0.9024554
0.8733134
0.9172736
0.9687739
0.8203931
0.82018197
0.8470955
0.8438992
0.8510061
0.74130976
0.84699446
0.89440054
0.8508837
0.7402632
0.86613584
0.85729134
0.746223
0.9030134
0.853035
0.913908
0.8660424
0.9272808
0.7705017
0.9544623
0.88492686
0.79873693
0.88733125
0.92780215
0.868704
0.86551756
0.8577811
0.7853247
0.9043492
0.6992918
0.7095711
0.6545826
0.735593
0.5370286
0.95733714
0.7723143
0.8382608
0.8735757
0.88716954
0.91408384
0.9236416
0.8334749
0.7838164
0.84862274
0.8514885
0.88759065
0.8968054
0.8618076
0.92770207
0.6376171
0.9422151
0.90094924
0.9414165
0.72736096
0.8592888
0.942548
0.8534885
0.8288429
0.8656652
0.82354546
0.9268325
0.83923167
0.82445216
0.65764207
0.86488235
0.7618283
0.9393187
0.8752764
0.9166951
0.917897
0.9622098
0.95465213
0.88501483
0.8989808
0.8170873
0.747859
0.9087748
0.8763151
0.91211057
0.9438072
0.71162885
0.7946625
0.90751654
0.82289255
0.8792691
0.9074311
0.8879819
0.91949475
0.907114
0.8305738
0.8617854
0.7243438
0.7990422
0.91672814
0.9518348
0.8779841
0.76527303
0.8473984
0.9095808
0.93879986
0.89967763
0.8749373
0.8842289
0.8980244
0.8670015
0.89689493
0.80902016
0.8519178
0.79754555
0.87546015
0.836172
0.89385223
0.74219906
0.85248446
0.77105963
0.54597867
0.89316833
0.90741676
0.9375024
0.8721221
0.8950387
0.8249922
0.85428536
0.9719754
0.8620787
0.66445464
0.9278716
0.8838949
0.7564537
0.75441796
0.7337853
0.7275534
0.94109476
0.79993355
0.92452383
0.8573251
0.8860841
0.9533687
0.91847056
0.9172626
0.8518189
0.88091326
0.80838835
0.9503423
0.8500408
0.7236472
0.535034
0.9199225
0.86188805
0.89266205
0.9024811
0.9046058
0.8297126
0.9124411
0.8327991
0.92876923
0.54931897
0.9152124
0.9379538
0.9396056
0.93358845
0.82564855
0.9402186
0.6805513
0.9402581
0.89613914
0.5999021
0.87367547
0.83057857
0.81708896
0.9205959
0.8908062
0.7201209
0.768159
0.84913635
0.89386237
0.7262811
0.940872
0.8101594
0.91582125
0.95680475
0.84499544
0.80866134
0.9176573
0.81985754
0.67715204
0.8978075
0.8490716
0.8855326
0.86646175
0.85972524
0.8724252
0.865459
0.78405094
0.72263455
0.78814125
0.92215216
0.89562774
0.87815744
0.93175995
0.5398213
0.68750286
0.8274392
0.9222868
0.8652555
0.8226369
0.8052061
0.9464217
0.8264019
0.8586087
0.6795047
0.6633255
0.9368777
0.7870523
0.92484057
0.7560926
0.80233157
0.9167427
0.9038223
0.7361515
0.86742336
0.7939034
0.68741727
0.939471
0.93243444
0.92877847
0.91109884
0.81630063
0.90053654
0.92596835
0.5284995
0.91137046
0.7907074
0.8760923
0.8851581
0.9461912
0.5401584
0.9126055
0.7304758
0.7141335
0.91028136
0.75763595
0.88902915
0.56098336
0.888642
0.54994166
0.9422388
0.8709529
0.8875288
0.8887241
0.8184352
0.9082717
0.8460554
0.84255195
0.916258
0.8759129
0.90153766
0.5775161
0.91984683
0.8400966
0.96781605
0.7826255
0.95707166
0.92233956
0.859285
0.8203389
0.9651203
0.9456891
0.755
0.64801913
0.8527985
0.8282716
0.9659071
0.49654916
0.84729147
0.7597302
0.94447356
0.8961657
0.6891187
0.8885143
0.89124864
0.8753733
0.69176686
0.96118194
0.7332285
0.66054535
0.8559227
0.7443008
0.8267815
0.95022386
0.90767574
0.92861724
0.84184414
0.808691
0.9159016
0.85889316
0.84169793
0.8425727
0.75922245
0.7247631
0.82281923
0.90593064
0.68920916
0.9401868
0.9226641
0.9269539
0.79976606
0.77359545
0.80593884
0.66325396
0.8350334
0.7459606
0.91541994
0.8924881
0.83675504
0.51097584
0.8777658
0.86620367
0.7432791
0.96722424
0.8525473
0.65284985
0.8880738
0.7352925
0.92927164
0.88876283
0.94406086
0.87870467
0.79402226
0.84751374
0.8763088
0.93572
0.7999592
0.93730706
0.94725037
0.92126966
0.82650864
0.86422527
0.8446332
0.80661774
0.80876863
0.9162593
0.9236375
0.60125244
0.8538342
0.8954048
0.855545
0.82547885
0.9327138
0.91845155
0.79936457
0.8702651
0.8728798
0.76738137
0.93750095
0.6870465
0.8085623
0.6315428
0.81174254
0.94278294
0.7871838
0.90066916
0.7255816
0.9299191
0.8981737
0.8617889
0.9113565
0.8900024
0.8466591
0.84469044
0.83874303
0.7961234
0.9297967
0.90026635
0.85225713
0.858116
0.87668157
0.66439384
0.7276602
0.9544416
0.6728407
0.8411331
0.9536061
0.89447576
0.82812387
0.9312569
0.8607882
0.80729187
0.88386476
0.881805
0.8964923
0.9039616
0.8259169
0.8464954
0.7415495
0.88596743
0.8073802
0.73621625
0.7818389
0.7157366
0.91437006
0.8527053
0.97005045
0.7196506
0.9325303
0.7694622
0.82370764
0.7775336
0.7881233
0.7398654
0.6235294
0.783012
0.85752124
0.6872045
0.7484578
0.9269556
0.83172
0.82204884
0.53043735
0.63703954
0.8223683
0.9113294
0.735021
0.8174624
0.89635986
0.813288
0.912164
0.7826457
0.8625667
0.7603162
0.921282
0.87771213
0.921467
0.6196458
0.8953619
0.8838089
0.92438436
0.80925643
0.7129123
0.7767797
0.96242785
0.76571596
0.82743365
0.91495574
0.8481462
0.8497278
0.9062298
0.8620311
0.84485674
0.8666416
0.8026446
0.94074786
0.89309263
0.8084674
0.84084654
0.7707014
0.9256241
0.8973809
0.5592748
0.9181537
0.77669674
0.92692083
0.90800804
0.9133583
0.93916726
0.8841033
0.91144943
0.73358226
0.8041661
0.81685483
0.9565909
0.7443789
0.8087034
0.775944
0.76331407
0.89622384
0.7857268
0.6061743
0.9098499
0.74596953
0.8269152
0.8955207
0.8792737
0.95955503
0.85568553
0.90907407
0.7977632
0.82271266
0.8805792
0.9512836
0.78342104
0.9451024
0.9274157
0.95461345
0.9557057
0.73673785
0.722414
0.716207
0.9115497
0.8389472
0.91025186
0.9407833
0.88405704
0.9584278
0.92124873
0.88414764
0.75770724
0.6742395
0.7268441
0.90812474
0.9005644
0.8743138
0.81664443
0.87417597
0.9249904
0.8043859
0.59717554
0.5750536
0.9320365
0.7307139
0.8675742
0.5964334
0.8528965
0.80148035
0.90407664
0.5779147
0.55814016
0.7201812
0.7030217
0.9166151
0.8223154
0.75094587
0.90976244
0.8965316
0.8814486
0.91006386
0.728878
0.6068302
0.91844594
0.8076699
0.9298292
0.9305887
0.75043434
0.8055476
0.81073296
0.8099515
0.8462003
0.7137519
0.8625544
0.70697206
0.93261933
0.9606726
0.8053203
0.79071224
0.8491555
0.9438009
0.9004562
0.92733115
0.9012692
0.8217438
0.9473982
0.9370487
0.913378
0.7815887
0.87283105
0.712955
0.711729
0.7387113
0.95411855
0.8185319
0.804539
0.8846276
0.8933644
0.94826984
0.74815136
0.7512434
0.82348645
0.88551915
0.8463557
0.82739806
0.70631474
0.88503134
0.8196614
0.57396555
0.85209036
0.8740826
0.93537426
0.88414377
0.7441686
0.8886292
0.809826
0.80131805
0.71047574
0.8775556
0.8489924
0.83606505
0.903054
0.91054916
0.9435396
0.90247864
0.89906657
0.7475354
0.8011425
0.72621334
0.8911058
0.8873532
0.8357365
0.6808614
0.96248525
0.81971776
0.83114094
0.70327896
0.7278675
0.71283656
0.8737625
0.8562633
0.863482
0.94459265
0.7920101
0.92063355
0.89547974
0.94402295
0.74621683
0.7362131
0.74486977
0.9348907
0.9370961
0.95541394
0.76234895
0.8828371
0.90761596
0.73806345
0.892504
0.790317
0.81490964
0.9154402
0.92606235
0.5364542
0.9364767
0.71980846
0.7065862
0.8491929
0.83416975
0.83994323
0.8708868
0.86062783
0.73060596
0.9555873
0.7490032
0.92616534
0.9366209
0.76292104
0.7425113
0.9779031
0.8062179
0.8562081
0.9430291
0.93320155
0.8929191
0.7481406
0.9012053
0.8502632
0.75756776
0.8589976
0.8355134
0.82853514
0.9170495
0.8250551
0.84424317
0.70578104
0.937314
0.8559954
0.85635674
0.8535838
0.83214676
0.870491
0.90595716
0.8883416
0.8670974
0.74164647
0.8006516
0.87084854
0.9479781
0.75625885
0.85364795
0.8315732
0.75070655
0.8651914
0.79612297
0.89648783
0.9014519
0.8305541
0.6832742
0.94668525
0.84332156
0.8902961
0.805807
0.9326255
0.755513
0.9239145
0.87407696
0.89160687
0.8915359
0.97070664
0.73780406
0.83424354
0.9362042
0.80345577
0.86900204
0.9206357
0.8980495
0.8708234
0.7885722
0.8945219
0.93531954
0.8322134
0.86732227
0.90761036
0.92959505
0.7312254
0.84252644
0.91580844
0.74901664
0.93818766
0.8453477
0.8982763
0.72359025
0.8735742
0.9255828
0.87450683
0.6375537
0.8192506
0.930712
0.7810042
0.9339617
0.90711874
0.93039453
0.74305904
0.89958096
0.8501154
0.87676895
0.7991204
0.90345305
0.81199455
0.91520184
0.9461032
0.86414313
0.9454068
0.85837376
0.90309584
0.9605267
0.8714695
0.79372907
0.80290115
0.81600493
0.9686065
0.8271474
0.85786307
0.8606706
0.8682596
0.7773104
0.890367
0.9118391
0.97762966
0.9232324
0.9317418
0.9050531
0.89045036
0.7626195
0.90477705
0.703827
0.8038101
0.89800346
0.9197318
0.8004222
0.8138313
0.92596346
0.94666064
0.9298284
0.90033233
0.8323283
0.6661415
0.8903682
0.8642085
0.68974584
0.6970811
0.8825085
0.7882687
0.91658586
0.87753755
0.9423095
0.8818725
0.59795755
0.75876534
0.8648224
0.9507884
0.80869615
0.8398935
0.6892315
0.8230593
0.9234899
0.7560598
0.86357754
0.930297
0.8001469
0.93598133
0.7134159
0.93301076
0.84297854
0.82225245
0.8863863
0.8354448
0.9279237
0.88121486
0.92249405
0.88772035
0.8832409
0.72247875
0.7594209
0.9410775
0.84674674
0.8165156
0.84277594
0.9347498
0.9355418
0.9649012
0.85225964
0.87430537
0.77068305
0.8403931
0.8681627
0.8099575
0.9000485
0.6858505
0.86159444
0.7815829
0.67767954
0.8202865
0.8103026
0.8072094
0.73486435
0.94043905
0.8470402
0.85787106
0.86726713
0.7384016
0.8311686
0.89566934
0.8110484
0.91265464
0.8521695
0.72004795
0.7785336
0.86628103
0.661912
0.7775068
0.93926245
0.87759185
0.8486038
0.8994335
0.85593116
0.7983503
0.79916745
0.9202429
0.71855867
0.96621895
0.8744721
0.870302
0.8794144
0.952805
0.87402743
0.9366175
0.40480414
0.9088413
0.7322055
0.69294274
0.927553
0.85535085
0.72294843
0.7514298
0.88793385
0.7528485
0.93884546
0.92715687
0.59993744
0.7419758
0.8365122
0.7597255
0.909029
0.8956718
0.9099205
0.75386953
0.82573116
0.7871371
0.54000735
0.96298647
0.9149146
0.9057214
0.8251849
0.86570853
0.9092446
0.85854554
0.8373663
0.7397243
0.84781045
0.942248
0.8373467
0.8150703
0.94865227
0.9576668
0.8639723
0.8403933
0.8614845
0.7988469
0.7626104
0.92510784
0.89710987
0.8801389
0.78288144
0.8373289
0.9199114
0.86827534
0.8892573
0.8483253
0.7483086
0.92973423
0.76589173
0.8974339
0.80164486
0.87380236
0.6404062
0.75213444
0.8221993
0.7510957
0.88645184
0.8943174
0.86776525
0.57035357
0.90088826
0.9673915
0.810177
0.88708174
0.80464363
0.75646025
0.8445733
0.73146534
0.8817286
0.8858059
0.8600249
0.8009793
0.8958485
0.9268582
0.808218
0.9662549
0.8937603
0.8600557
0.9571453
0.8397628
0.8834041
0.7099185
0.902038
0.7111048
0.9452957
0.941621
0.9641721
0.857147
0.80485404
0.9327323
0.72657883
0.7287943
0.8297286
0.79948246
0.8717044
0.80180544
0.92989993
0.81260973
0.5503073
0.8963479
0.93838674
0.8197696
0.91237223
0.9459919
0.8294499
0.72845596
0.9188001
0.82704407
0.86680317
0.80915755
0.9545189
0.95535904
0.80763966
0.9316705
0.81695807
0.73288864
0.9166825
0.9466355
0.9178655
0.9176514
0.71448594
0.81909657
0.8682629
0.87900853
0.90444046
0.93520534
0.6890192
0.7583524
0.9304764
0.9345352
0.8774267
0.8064735
0.7957139
0.8044155
0.66930175
0.78193045
0.8963588
0.8467376
0.83070123
0.8028531
0.734796
0.9121023
0.84617704
0.8727797
0.851611
0.8878547
0.8704936
0.675856
0.905569
0.80003136
0.7769452
0.9612136
0.87745583
0.7493947
0.7594393
0.93841904
0.792964
0.89299166
0.8671907
0.9193507
0.8549525
0.84124815
0.9167424
0.8475433
0.9095005
0.824748
0.90313613
0.868958
0.90455335
0.91511095
0.7220316
0.9104697
0.73823327
0.947056
0.9549295
0.8744521
0.8043339
0.86425185
0.8881137
0.8698107
0.7878959
0.7890979
0.92473507
0.9713853
0.8434379
0.801534
0.8659195
0.6142291
0.8676357
0.8696732
0.8730804
0.9105533
0.9032993
0.8470636
0.81088185
0.783709
0.8839165
0.6444364
0.77560896
0.8686455
0.79351777
0.8405801
0.7338181
0.8572846
0.67623633
0.49566174
0.86003494
0.88992584
0.77491266
0.9413971
0.8726227
0.67397285
0.90991867
0.92674387
0.91936445
0.8779911
0.7960329
0.9661534
0.82474166
0.89775
0.7719073
0.90180266
0.66422063
0.8986051
0.83829564
0.9101211
0.9598193
0.86261284
0.8461696
0.96722054
0.8891568
0.85848475
0.74874705
0.92413235
0.87060165
0.96881306
0.6894919
0.69141716
0.7739205
0.7762564
0.8782674
0.8532762
0.78913873
0.9617453
0.79215515
0.7567073
0.8957725
0.82030356
0.89175755
0.7295708
0.90811527
0.807043
0.90121096
0.85156626
0.8052205
0.6676731
0.9526944
0.78725755
0.8092345
0.91510785
0.9564345
0.89964926
0.91988754
0.68507814
0.53611684
0.91838706
0.696768
0.8340774
0.7915711
0.92238325
0.82219446
0.63710284
0.76549864
0.59229165
0.85842395
0.87917554
0.9166646
0.85409343
0.9296989
0.80215645
0.73358625
0.8996122
0.6474919
0.7168266
0.8211202
0.8112849
0.8790591
0.94529486
0.89615196
0.92721814
0.83562595
0.9626926
0.9424761
0.9431911
0.82001114
0.80583763
0.80727893
0.8345502
0.85839456
0.8384005
0.5313206
0.7853073
0.92873573
0.8111712
0.88597363
0.92448914
0.9157049
0.7473957
0.7137035
0.79906833
0.9367385
0.8761469
0.8451738
0.8554809
0.79828376
0.85135007
0.8445251
0.7178982
0.8586467
0.91642505
0.81535643
0.78816277
0.75150895
0.82841194
0.91469383
0.7527019
0.8612464
0.964406
0.9381515
0.81271625
0.937625
0.90072656
0.9518084
0.7889267
0.8516245
0.8860964
0.90898037
0.8813835
0.85200286
0.83422786
0.66986996
0.9499527
0.8659909
0.9500717
0.91326517
0.94762826
0.80161023
0.87087494
0.86727417
0.82966447
0.8752212
0.8962282
0.95351934
0.8983705
0.7993832
0.79945517
0.9479983
0.95128006
0.75611585
0.7840059
0.87746555
0.6359469
0.8482276
0.8452735
0.72560996
0.87668204
0.74840105
0.59632534
0.82170206
0.77364063
0.9092324
0.7463574
0.92308116
0.8104133
0.9118774
0.86012125
0.8938293
0.9190974
0.9052852
0.86907345
0.92386115
0.95802426
0.8564003
0.785243
0.90220463
0.8927337
0.8851354
0.72065437
0.58025277
0.8149463
0.95262396
0.8743224
0.88763845
0.9472619
0.8883009
0.8457792
0.89078224
0.94552934
0.8720082
0.93899477
0.73047066
0.820295
0.94433266
0.88566077
0.6914467
0.7950555
0.9471221
0.56157815
0.88536584
0.8447133
0.794202
0.7278095
0.6313212
0.8343676
0.9384695
0.7075168
0.80096626
0.8456717
0.68971825
0.83421147
0.93436414
0.9047537
0.65046644
0.72485167
0.6602953
0.59261817
0.6877595
0.7601896
0.7535306
0.75594765
0.86965275
0.9514573
0.9121009
0.7740992
0.8551943
0.9195594
0.7409717
0.8948621
0.90334785
0.8897978
0.73833144
0.8773798
0.86915505
0.9205879
0.9087569
0.79821837
0.9406603
0.30163547
0.7039314
0.94417644
0.74507254
0.97336394
0.9480902
0.94279045
0.9547671
0.84472835
0.87106854
0.88045585
0.77901053
0.779226
0.7758658
0.8410226
0.75889474
0.7629849
0.7713016
0.8623584
0.8354084
0.89282936
0.874333
0.70744747
0.81627715
0.6635649
0.9297373
0.8701504
0.92047864
0.62757725
0.9079108
0.85823727
0.8484147
0.9330345
0.8171216
0.93276495
0.80008906
0.81733465
0.63718325
0.83672494
0.86318284
0.9146292
0.89368
0.8939929
0.90487325
0.8851184
0.7904713
0.782511
0.9536843
0.9219213
0.88837355
0.8451269
0.78193694
0.8647221
0.93339026
0.9024381
0.8781246
0.9460652
0.8314547
0.88397884
0.5054892
0.8340217
0.9298971
0.7622482
0.9011095
0.95021546
0.91176903
0.9057642
0.87813747
0.7345489
0.75769246
0.93968993
0.8985694
0.5980272
0.6909815
0.8558009
0.8745936
0.90423006
0.894144
0.877236
0.7838625
0.8784016
0.92253286
0.8958811
0.9455786
0.8467243
0.87596357
0.87046635
0.9301715
0.9570747
0.75804156
0.95744807
0.8939568
0.8215319
0.89962417
0.88820183
0.9234392
0.8457043
0.81409
0.9658878
0.86850286
0.78971326
0.94609064
0.84964955
0.9216732
0.59366065
0.72883165
0.93060726
0.9225632
0.9156319
0.6761465
0.8976994
0.90247387
0.5982195
0.72684944
0.969752
0.87449646
0.84380466
0.7598532
0.85997844
0.8715531
0.8073726
0.9121044
0.83107436
0.8702887
0.734915
0.58478653
0.9073258
0.9219059
0.751861
0.8888576
0.8936105
0.80332255
0.7665155
0.8258098
0.9054934
0.8470286
0.8558881
0.7405201
0.93391025
0.46891546
0.8745771
0.80152214
0.74843216
0.8443432
0.8560114
0.70522445
0.9197817
0.8072026
0.87542737
0.89541936
0.90913147
0.9266951
0.64928854
0.81499815
0.9239826
0.89123726
0.79025966
0.7302456
0.75855714
0.900681
0.8843919
0.78055686
0.9231603
0.9280381
0.9182234
0.9054965
0.8778099
0.8880933
0.84192586
0.66729456
0.4262965
0.947498
0.95106065
0.91929245
0.9583762
0.91976523
0.8399457
0.81282103
0.8496831
0.80553293
0.94978195
0.9129459
0.8792579
0.88797456
0.7416642
0.93844765
0.7968515
0.68912697
0.97855914
0.9330966
0.9446718
0.71577
0.8686156
0.84607375
0.6188225
0.7260936
0.7598598
0.76294297
0.7769165
0.9238862
0.874082
0.71834654
0.7981043
0.9617006
0.8388221
0.9048895
0.8177377
0.76849085
0.9342092
0.8395713
0.92182785
0.91403514
0.62859017
0.93285346
0.8906714
0.94934595
0.891345
0.8364809
0.94864565
0.8514099
0.64209294
0.77587247
0.8594019
0.7468162
0.86806256
0.92052054
0.9024162
0.84379864
0.65464723
0.56390065
0.8594575
0.78116745
0.920756
0.874125
0.852177
0.92770225
0.94551396
0.83735037
0.8654525
0.7786277
0.9260299
0.8228817
0.92685896
0.9398864
0.9489753
0.8564938
0.85679245
0.9200713
0.8797214
0.8464108
0.92205757
0.8821896
0.8175426
0.84201217
0.9503853
0.8598012
0.8902167
0.8945324
0.8568938
0.7681617
0.93400043
0.9300425
0.83786464
0.8326345
0.88923913
0.89509887
0.775614
0.7835045
0.7500192
0.88479704
0.91112125
0.9211574
0.82619596
0.9593285
0.8254939
0.93983334
0.79100037
0.8073143
0.91281945
0.899964
0.6720847
0.89741695
0.8869364
0.9573323
0.96160245
0.81562376
0.86277735
0.79370445
0.8562054
0.8128745
0.6173356
0.8525925
0.7810974
0.8608028
0.9597924
0.82552856
0.89290273
0.84196293
0.9157579
0.78121305
0.91297567
0.72565734
0.7374792
0.82068515
0.9744065
0.9399125
0.92630714
0.7771416
0.6604604
0.8577483
0.65261996
0.825096
0.90358573
0.92252326
0.84459066
0.90457106
0.6067103
0.8345463
0.821765
0.89212775
0.81782067
0.918808
0.80431134
0.7820975
0.900883
0.92579854
0.349658
0.74540806
0.94848186
0.8451054
0.73309016
0.883096
0.92266417
0.8945656
0.92429185
0.8630313
0.95360374
0.8852579
0.86249536
0.88813204
0.954256
0.72848845
0.712339
0.7930408
0.7607581
0.94053674
0.83266366
0.9490269
0.81294554
0.9055059
0.93804395
0.95441675
0.83059466
0.9616128
0.93573815
0.8053794
0.8154922
0.9129395
0.94567424
0.79957986
0.8467088
0.73547816
0.82600486
0.86154914
0.7654654
0.8248813
0.74303484
0.92925113
0.9350793
0.8780149
0.9136263
0.7299456
0.7741749
0.93507946
0.836098
0.9436039
0.86928517
0.7817277
0.82351476
0.80003595
0.81669205
0.8766086
0.77806425
0.8417095
0.9064485
0.91646296
0.8700191
0.84578454
0.69545007
0.93263745
0.89727104
0.85915875
0.8863021
0.90666455
0.88188237
0.8748124
0.92706853
0.90677994
0.7987303
0.8249767
0.8414917
0.969495
0.61306214
0.9517982
0.81322736
0.9226691
0.8829137
0.94166327
0.7421887
0.60495967
0.822878
0.8885223
0.4563395
0.93744546
0.885202
0.9161034
0.767619
0.8969437
0.8062923
0.9096576
0.89118886
0.74107337
0.80138886
0.765842
0.8954102
0.91991276
0.88252527
0.79744875
0.72761244
0.75863147
0.86565995
0.8388264
0.92085224
0.80546755
0.54321384
0.83011025
0.93949556
0.92181385
0.86479855
0.91269344
0.9394243
0.91411793
0.9067649
0.8796921
0.86081517
0.8516201
0.8711961
0.7776338
0.87630045
0.516662
0.79494834
0.81916606
0.8840383
0.8391637
0.6056831
0.9101984
0.8109585
0.62300986
0.880192
0.95142615
0.8218415
0.90091467
0.905584
0.92496246
0.79710734
0.871193
0.86632407
0.71748745
0.84471035
0.73201454
0.9060331
0.8181676
0.8771311
0.9026155
0.90732145
0.8714506
0.91678065
0.8901699
0.90942866
0.93208176
0.7456103
0.9219203
0.88894385
0.8971721
0.8074849
0.7769078
0.89516217
0.9180219
0.92476094
0.86660457
0.9040959
0.8354963
0.66993123
0.750882
0.8912559
0.8937084
0.90667176
0.6160103
0.9006903
0.8467758
0.5627693
0.9321762
0.9295579
0.9436036
0.8677576
0.7951814
0.95536935
0.9055933
0.84945726
0.7772755
0.8497798
0.7877796
0.8520864
0.9590772
0.93887705
0.87758005
0.89575803
0.86108965
0.9479382
0.9334364
0.7868211
0.91854644
0.9278551
0.9338608
0.83108467
0.79624385
0.88057715
0.793526
0.9438165
0.7935724
0.81379884
0.7867012
0.7684065
0.8045291
0.9464597
0.8296055
0.72775656
0.7588568
0.7974768
0.8209197
0.90546244
0.9013248
0.92057204
0.85780096
0.90908444
0.9657202
0.92988884
0.91644204
0.92657405
0.87383837
0.86151016
0.79397213
0.9480531
0.94218683
0.7704682
0.9458732
0.81886995
0.8251902
0.84580225
0.9254803
0.88870156
0.87813705
0.9266294
0.94367385
0.96652955
0.89744407
0.6323893
0.8253568
0.8502767
0.86236817
0.9174763
0.92331517
0.9751286
0.9262142
0.58702886
0.8233627
0.75190145
0.9343992
0.7547475
0.82029665
0.9286189
0.8155995
0.88846433
0.53589326
0.6278449
0.78376937
0.93069124
0.66695297
0.690705
0.8889277
0.96379423
0.85669047
0.78764665
0.91215974
0.96393716
0.9130263
0.8373989
0.5478962
0.8525091
0.881034
0.9691511
0.89108354
0.80150574
0.9312807
0.94360423
0.8768548
0.75240445
0.881616
0.8132709
0.8693142
0.75536215
0.7834638
0.8373076
0.7963244
0.9341269
0.8638979
0.9315431
0.6345216
0.89988244
0.7573867
0.7818578
0.7271778
0.5477674
0.91886324
0.7748293
0.7285085
0.7632968
0.86548513
0.88034344
0.85892713
0.9587817
0.77711
0.7557409
0.9418834
0.8564621
0.7557878
0.8722971
0.6688077
0.754416
0.66379905
0.801764
0.9081125
0.94146943
0.69535017
0.92486167
0.779202
0.97108954
0.85737395
0.8814118
0.80126464
0.70029867
0.6996754
0.7865504
0.9114069
0.8333454
0.65437424
0.9367219
0.8884905
0.88037866
0.7818693
0.6836566
0.8867966
0.7512399
0.8791227
0.9012749
0.9233408
0.8085089
0.8774069
0.98199373
0.796083
0.90731335
0.71740633
0.967553
0.8296814
0.7615615
0.8750491
0.81510466
0.9512124
0.8810098
0.89301354
0.9614599
0.8450955
0.8960092
0.8959255
0.9292087
0.8903604
0.7976533
0.819064
0.8786253
0.88414687
0.67696494
0.7773855
0.88753355
0.89802027
0.940477
0.64605105
0.84662557
0.7701386
0.8895264
0.93706644
0.73128724
0.6633438
0.7443907
0.9366536
0.7678406
0.7684412
0.8796297
0.7637181
0.8843556
0.86835384
0.80740654
0.81021047
0.87029654
0.81273687
0.7221726
0.9040526
0.82497436
0.90144295
0.8681425
0.7822242
0.81473196
0.8116271
0.9275541
0.92477834
0.8451335
0.713456
0.9754237
0.80121195
0.90861225
0.86707085
0.78972787
0.7156828
0.89040965
0.92217976
0.87094134
0.95811355
0.9720012
0.9136856
0.89267874
0.8307973
0.82702553
0.8064157
0.662361
0.8307272
0.85022557
0.84390116
0.92204106
0.80608934
0.8610196
0.8802929
0.8395882
0.8031182
0.9117769
0.9425072
0.93159175
0.8692929
0.72592664
0.88283485
0.7301231
0.80852866
0.81406146
0.61403203
0.87367404
0.9019865
0.586466
0.95121175
0.6839148
0.5618646
0.9283127
0.88183206
0.83226466
0.93959737
0.9007585
0.8497034
0.74397635
0.92779535
0.76221865
0.84078926
0.94578195
0.8257572
0.8743266
0.92660403
0.87485313
0.86549234
0.7738269
0.8590046
0.95251834
0.82561755
0.76465505
0.626728
0.91677165
0.7198498
0.77201307
0.75555545
0.91552037
0.79440403
0.95554256
0.9401616
0.88126403
0.8805442
0.6107174
0.7034142
0.8384442
0.7117368
0.9286169
0.7963147
0.9854188
0.92877305
0.697552
0.83531326
0.7806697
0.76399726
0.9012312
0.8670443
0.8494672
0.7057945
0.94811577
0.80112946
0.8210444
0.7881968
0.92110115
0.7387696
0.7674031
0.6802671
0.8062626
0.9206108
0.83241874
0.89033693
0.7960541
0.792878
0.8044393
0.8660921
0.81342214
0.9163928
0.6483787
0.86373293
0.921685
0.9351369
0.89744353
0.8299943
0.9596386
0.8548398
0.82032585
0.8680568
0.8309453
0.80392957
0.8954803
0.8597149
0.936798
0.8848812
0.842931
0.92317665
0.8392128
0.7066694
0.95257664
0.88289297
0.9390149
0.861338
0.87230384
0.794266
0.8598987
0.688605
0.9166313
0.8878766
0.87032586
0.818137
0.92803705
0.8469228
0.8841401
0.767719
0.8024361
0.8229091
0.9111202
0.8099
0.8425844
0.90213454
0.94024503
0.79362637
0.8878405
0.9487456
0.929022
0.7484152
0.80792
0.7969745
0.82970697
0.79564714
0.9616968
0.9316404
0.8692869
0.83449006
0.9701723
0.7466555
0.7766476
0.87266546
0.9106199
0.721059
0.9145321
0.7670944
0.86062074
0.92677337
0.6752261
0.8962948
0.5854514
0.9438905
0.8915112
0.83337086
0.7817039
0.89032227
0.94845986
0.9246927
0.9303716
0.8047695
0.85634285
0.98075306
0.86501545
0.73603415
0.88306797
0.9189352
0.9636824
0.8229537
0.8023773
0.82308567
0.97572047
0.7261941
0.92080635
0.91202545
0.6773896
0.66933024
0.90458286
0.90248513
0.87260056
0.83944464
0.8437189
0.8518307
0.93428695
0.95278287
0.8350512
0.80705744
0.84365916
0.8311641
0.8764216
0.9425278
0.819263
0.8569631
0.9297981
0.83523524
0.8310534
0.9442176
0.868832
0.8285825
0.7447656
0.7039256
0.68364245
0.94867116
0.9042795
0.9655649
0.83253336
0.8067591
0.82912934
0.91305244
0.76452065
0.7213893
0.9631103
0.92855215
0.8721026
0.90864134
0.8769019
0.87548107
0.9531511
0.8420974
0.6176698
0.7379821
0.9291808
0.9394914
0.7605272
0.91778886
0.87101096
0.86420655
0.8466069
0.9044821
0.89016783
0.9701756
0.8750557
0.5645819
0.9229065
0.9229565
0.9029734
0.7459456
0.8911943
0.8797754
0.81709
0.6930001
0.89811635
0.83490944
0.28280538
0.8368931
0.95763427
0.91852164
0.94282705
0.90139765
0.87113684
0.7907098
0.9614681
0.80512786
0.8509481
0.84038186
0.7954619
0.8790504
0.7800242
0.86703503
0.8886713
0.6160252
0.5816747
0.88732153
0.88557994
0.868027
0.8749835
0.9247251
0.9133215
0.8891488
0.73952717
0.8020569
0.74853
0.97282255
0.8552227
0.75619626
0.83169746
0.7141869
0.93480116
0.9461353
0.94669265
0.88612556
0.81845117
0.8648162
0.8843216
0.83945304
0.88771933
0.76809293
0.8119727
0.75565207
0.7795379
0.87251675
0.91987175
0.9402779
0.79463637
0.84484273
0.85987246
0.8207755
0.91241264
0.91673875
0.9285571
0.9196831
0.93987453
0.8264481
0.7676638
0.76024914
0.89995444
0.85282457
0.8951932
0.87399495
0.8873017
0.7715957
0.8954264
0.9185463
0.8879703
0.9160961
0.7371462
0.7523221
0.957755
0.9199767
0.94814104
0.7421099
0.80758655
0.8779512
0.9301504
0.85609925
0.8118092
0.9316237
0.8887639
0.8504152
0.7635037
0.9163009
0.8189702
0.84151715
0.94464195
0.86529547
0.8639328
0.8647117
0.893082
0.8392063
0.7475851
0.8903978
0.8005397
0.9023683
0.85144806
0.8249456
0.73194706
0.79455274
0.93330735
0.91363907
0.7484421
0.8349452
0.97437865
0.82372975
0.84243286
0.922922
0.8901273
0.89528877
0.8968622
0.9035554
0.75308985
0.82251483
0.89465326
0.78039414
0.69158924
0.8068833
0.8657198
0.90276676
0.94991523
0.9102202
0.95253634
0.8292846
0.88964474
0.92651176
0.7878199
0.9683929
0.7841568
0.7118808
0.85475206
0.93340474
0.76201516
0.9435874
0.9524517
0.8517828
0.6068789
0.8932196
0.9224716
0.77469164
0.79186654
0.8159291
0.9322802
0.82756823
0.81060964
0.9439719
0.82374334
0.9346465
0.95870876
0.7357832
0.8282811
0.7800958
0.7847285
0.868207
0.8525923
0.9516203
0.89509344
0.6419965
0.8237426
0.93372315
0.66395813
0.852442
0.9172219
0.83615154
0.94990206
0.6278847
0.7703992
0.9065494
0.852033
0.8536447
0.7990388
0.896158
0.9105779
0.7968785
0.9243008
0.9425007
0.87649864
0.94700694
0.9044588
0.80974585
0.85756654
0.92128044
0.8029297
0.9303664
0.90027994
0.77457297
0.9657364
0.93352556
0.95463836
0.9536458
0.79207766
0.761969
0.88093853
0.8912201
0.8849588
0.92060095
0.8052276
0.8470288
0.8611531
0.7549006
0.7550556
0.85158867
0.7696401
0.89536035
0.8072381
0.8424672
0.8407638
0.87691325
0.73300743
0.80361015
0.9197611
0.74715865
0.8420527
0.87040436
0.8661186
0.68674254
0.8957518
0.91192853
0.80704486
0.82113343
0.8967126
0.9620349
0.8240565
0.6801708
0.799621
0.9334483
0.7273192
0.9201322
0.97478473
0.8277407
0.9091393
0.93555003
0.87658983
0.80002964
0.6815487
0.9186836
0.915065
0.88401884
0.89314157
0.88879645
0.85391146
0.78076184
0.8086695
0.83666015
0.90385497
0.8662167
0.6000369
0.86487645
0.7195269
0.90138584
0.8879773
0.8886957
0.71816975
0.90572125
0.530241
0.740095
0.81886834
0.7350956
0.92814183
0.7791165
0.89156336
0.9135889
0.67860055
0.9042361
0.6533216
0.9784961
0.58619773
0.8833486
0.7454859
0.8726921
0.69310963
0.8299066
0.840678
0.77984303
0.8504718
0.8835185
0.75871927
0.9059206
0.72306293
0.8784692
0.96004415
0.948096
0.71474385
0.7595017
0.8571841
0.90132046
0.884838
0.7185061
0.84941345
0.91140336
0.77761847
0.8942503
0.856272
0.8496433
0.8917238
0.87117976
0.9172213
0.8402207
0.8669313
0.8784194
0.96464014
0.79308045
0.6876316
0.6968298
0.8277706
0.9312215
0.9796004
0.85489833
0.8573439
0.7656067
0.7984232
0.8241062
0.9086206
0.8834902
0.8737577
0.8950703
0.5566442
0.9070032
0.83289343
0.8897668
0.71950006
0.7552475
0.74197465
0.7718351
0.69605774
0.8082662
0.89228624
0.7986491
0.6769444
0.94189155
0.87400365
0.6984858
0.81633174
0.85910493
0.56401384
0.8037602
0.88315207
0.7831131
0.82533246
0.9001615
0.65487725
0.91682994
0.889367
0.8842077
0.710961
0.91290975
0.8534446
0.87396073
0.91278833
0.75840396
0.94764787
0.9167022
0.8453561
0.83228207
0.6452411
0.91482687
0.8508005
0.8562689
0.68604493
0.8458542
0.9063817
0.8431615
0.93027765
0.8560593
0.9291594
0.8660267
0.95642954
0.8949534
0.94876987
0.8866655
0.7334996
0.9308623
0.7799872
0.8046984
0.8636279
0.874584
0.7865187
0.887308
0.765238
0.901746
0.8783684
0.7276634
0.86241645
0.8730432
0.8891841
0.8553314
0.77802086
0.8761869
0.9510299
0.82371485
0.7275185
0.7811196
0.83543205
0.87494767
0.74584746
0.9424945
0.9224117
0.848271
0.7858414
0.92014784
0.8558363
0.8823253
0.6984909
0.84386706
0.77229583
0.8429092
0.94769967
0.8477992
0.88694775
0.89339995
0.87927586
0.794676
0.45956114
0.878114
0.71488404
0.7753525
0.7719109
0.6139256
0.9437205
0.86542606
0.92531955
0.92171943
0.88173646
0.66559637
0.91651833
0.6448782
0.87522864
0.7090528
0.9264359
0.900921
0.7968442
0.8465638
0.9290526
0.9542738
0.93098235
0.8853817
0.8667947
0.66493475
0.6698403
0.8498646
0.80001444
0.8678103
0.9304917
0.8441283
0.5722657
0.89017344
0.7555537
0.92156196
0.78140306
0.89740515
0.84380174
0.8417387
0.8582313
0.79199094
0.92690736
0.90730536
0.93800217
0.87212217
0.8251649
0.7249048
0.8636862
0.87932146
0.8929031
0.8617185
0.8251364
0.93324196
0.7906821
0.8005127
0.9017589
0.8450103
0.9216248
0.9414863
0.8893584
0.9534786
0.8934781
0.8362659
0.8982538
0.8900658
0.8537978
0.8604456
0.6963595
0.64818925
0.7510607
0.73671746
0.9329071
0.7367451
0.899325
0.8806806
0.8232685
0.86844605
0.7240617
0.9655013
0.91859335
0.93095976
0.80934125
0.8707897
0.57731426
0.8717779
0.9582503
0.92135644
0.9800881
0.85297745
0.9454479
0.6717615
0.92676735
0.8026862
0.7125101
0.8240317
0.7572162
0.88808274
0.90016234
0.9037412
0.6975331
0.9547828
0.91170967
0.9016682
0.95908344
0.8751352
0.885865
0.79818416
0.8563337
0.96264374
0.8789211
0.89984924
0.9069033
0.90520465
0.97954214
0.84305096
0.8677072
0.90974903
0.929924
0.80481976
0.86640567
0.8347664
0.7964895
0.6574075
0.8354089
0.8017406
0.952
0.89449674
0.7948721
0.8838474
0.844909
0.8999147
0.8902439
0.90041673
0.84562504
0.8191536
0.9555857
0.8576364
0.71144426
0.8863055
0.73917973
0.7035269
0.96850157
0.82871974
0.86592895
0.86491805
0.9149462
0.80480546
0.7585211
0.85194874
0.8248654
0.8393484
0.88711286
0.7877234
0.85787505
0.9470211
0.8350412
0.7508235
0.91725016
0.7996206
0.9138466
0.8534824
0.75999504
0.7586501
0.8825494
0.95038986
0.9159126
0.91794527
0.76512027
0.84374744
0.9493413
0.96327734
0.8668525
0.7409533
0.92074126
0.89225847
0.54966426
0.7590664
0.9092239
0.8752045
0.8739382
0.74374735
0.81213176
0.71495247
0.8818129
0.7423444
0.903103
0.96442354
0.9507225
0.94843835
0.91774505
0.7077309
0.6530849
0.9280768
0.8741374
0.8948233
0.8009789
0.8228563
0.9091624
0.81263185
0.80285907
0.8364718
0.9268085
0.88611436
0.914449
0.857949
0.75227046
0.7848302
0.8622787
0.7679348
0.8946623
0.9495208
0.6893415
0.8938653
0.8183972
0.79966617
0.8388193
0.9229462
0.8435621
0.91118467
0.91062105
0.71983445
0.81580806
0.90347576
0.9400456
0.84610826
0.8205405
0.853328
0.52609336
0.79767436
0.90436673
0.8134407
0.8943204
0.9290168
0.8526533
0.8279473
0.7440238
0.8126605
0.8887304
0.8245333
0.9542615
0.8334966
0.7797588
0.7694675
0.88953274
0.86879736
0.6519476
0.87850785
0.48548824
0.8427294
0.96692204
0.8277434
0.92275655
0.7351136
0.9295745
0.8699811
0.92546624
0.8822892
0.9459694
0.72733414
0.9382108
0.89666903
0.8977864
0.9156741
0.8800678
0.95014966
0.80297244
0.8536731
0.84238017
0.9448497
0.86098516
0.8664339
0.7988248
0.9259441
0.7715286
0.89720434
0.90944135
0.9563807
0.89329845
0.9541849
0.83764154
0.93950355
0.85683167
0.8345809
0.8776077
0.9531526
0.9099177
0.7407279
0.70595604
0.8839586
0.8651179
0.92827046
0.89692783
0.8682134
0.81486934
0.9234911
0.9327513
0.8847232
0.7544681
0.8469862
0.8210765
0.7951018
0.9326374
0.8713313
0.9470183
0.91786516
0.8696878
0.76676714
0.8408805
0.87404835
0.8578897
0.89504665
0.9302998
0.7452621
0.6931654
0.91945845
0.79852825
0.9084802
0.6390203
0.86584336
0.8118501
0.8763579
0.8730826
0.9140125
0.8099583
0.9269573
0.80448174
0.9174204
0.680602
0.90086037
0.95438254
0.61694705
0.9442152
0.7633126
0.7948235
0.8083701
0.9414036
0.8876803
0.91709304
0.9634084
0.9469151
0.874704
0.89806885
0.72626495
0.8719536
0.7514153
0.7222308
0.8419136
0.9464631
0.7184011
0.9446128
0.81705725
0.94718546
0.81831366
0.9388895
0.85511917
0.74824977
0.80120033
0.66646826
0.9103341
0.79653656
0.929836
0.79123646
0.86973566
0.7325483
0.7749142
0.70019054
0.77418983
0.9059522
0.8511393
0.922441
0.8030335
0.78377515
0.9490604
0.8706051
0.89067113
0.7935989
0.7990452
0.74900687
0.7831005
0.74106044
0.91104305
0.7701883
0.77513236
0.73998106
0.8157912
0.8263175
0.8795403
0.8992257
0.8168796
0.8061305
0.68601614
0.91986525
0.8631265
0.77531135
0.96100044
0.83952504
0.9053019
0.79999787
0.91983545
0.9464735
0.6689284
0.81023
0.8549568
0.8028508
0.812271
0.86023384
0.69003725
0.7472215
0.890802
0.93762386
0.83844894
0.4929598
0.8828302
0.736379
0.80557114
0.7555734
0.56965864
0.9081843
0.8163738
0.86100155
0.8589139
0.90009534
0.92990017
0.88209707
0.8166503
0.94425243
0.87831366
0.7175685
0.91622543
0.7419673
0.84074974
0.5573693
0.8410779
0.8619083
0.90398145
0.8072299
0.9290533
0.88354313
0.95936203
0.8043815
0.8506044
0.8160696
0.9382856
0.88264084
0.95403546
0.97121423
0.7384658
0.94930494
0.90105927
0.8440529
0.7055583
0.94888
0.8452373
0.8799934
0.77431244
0.9491457
0.8946843
0.7615682
0.91066366
0.9066641
0.8435818
0.8797957
0.83765304
0.9583478
0.95005745
0.9420204
0.89005256
0.88138735
0.61100924
0.6893848
0.93198496
0.95188665
0.82386726
0.8033094
0.8670926
0.88874227
0.86360365
0.8688656
0.9453665
0.6542754
0.96083903
0.85680586
0.79657763
0.9399073
0.77165335
0.9257192
0.83102643
0.77827406
0.7126974
0.5759582
0.8502655
0.95530856
0.8441836
0.8987814
0.7208242
0.94019645
0.9150804
0.9418261
0.85794723
0.8132751
0.83389926
0.8956735
0.7678583
0.81253934
0.92565733
0.90702176
0.9644047
0.96515566
0.73841816
0.83669937
0.9779043
0.85943574
0.8415468
0.87509835
0.93796474
0.88246536
0.81400114
0.90151936
0.84452176
0.8753637
0.9059241
0.9058924
0.8954906
0.8359422
0.9180691
0.76474184
0.80428314
0.89403987
0.8846678
0.7434588
0.90301794
0.4955553
0.94065386
0.9310607
0.86002743
0.82128
0.9005563
0.7805937
0.9357772
0.84935486
0.88305515
0.85057986
0.7344778
0.7006127
0.6889758
0.6437626
0.92283726
0.84457713
0.8939822
0.86724186
0.8976176
0.9605613
0.7866855
0.94629246
0.8711514
0.85411024
0.727418
0.85730207
0.82662284
0.8258134
0.86862046
0.56858826
0.534722
0.837124
0.66729754
0.8130893
0.6272834
0.93497175
0.9149934
0.8844672
0.78955483
0.6974779
0.77779865
0.7330822
0.7870377
0.9597761
0.8646193
0.8929949
0.7808099
0.80135214
0.75159544
0.7366663
0.8724089
0.9042307
0.93261737
0.6788759
0.7933987
0.7138028
0.6396349
0.8879739
0.8486156
0.8068101
0.85613894
0.8153396
0.85102993
0.8295239
0.81284827
0.906278
0.7822035
0.85064936
0.8611287
0.8160092
0.65242195
0.91614246
0.9499058
0.81493014
0.92620724
0.7839487
0.8851135
0.954959
0.7753625
0.65631104
0.79635644
0.94775164
0.8875379
0.9127723
0.9650675
0.8859799
0.9373461
0.7276646
0.8385858
0.8293228
0.89907914
0.7900804
0.73327357
0.88733494
0.8685578
0.8982456
0.92420274
0.6789431
0.8797635
0.75990474
0.6502133
0.8349355
0.8265548
0.90941006
0.81826043
0.87814754
0.805678
0.9513005
0.6805117
0.76557344
0.7053675
0.69466734
0.8069025
0.90275276
0.83511883
0.8451311
0.83990836
0.9295049
0.8618434
0.9547721
0.799693
0.89688736
0.8620396
0.9162255
0.8908483
0.8376833
0.8185302
0.7256541
0.854094
0.88117045
0.84038436
0.7611063
0.7393335
0.86144197
0.88840264
0.876289
0.89759195
0.88686216
0.9333756
0.85694546
0.83386505
0.92804253
0.7714545
0.9090144
0.9245048
0.8781778
0.7390475
0.86493725
0.8759149
0.5924044
0.72681755
0.9713503
0.77285105
0.758977
0.86104846
0.7383187
0.94187105
0.9191916
0.8734922
0.77989453
0.78485715
0.80733657
0.9514095
0.61571497
0.860115
0.8131956
0.8693217
0.93791056
0.87987167
0.8654905
0.84119624
0.84498477
0.90086
0.70367455
0.9659971
0.8249386
0.93879545
0.9234263
0.7592254
0.76440454
0.75509846
0.7989403
0.80265987
0.721642
0.86156595
0.7974665
0.8060114
0.83513725
0.89896715
0.8607263
0.9568701
0.73621523
0.86657333
0.9043041
0.7778033
0.8958456
0.8673371
0.845889
0.9006576
0.708784
0.9428659
0.7539965
0.8241305
0.9365552
0.91498387
0.8105585
0.9210688
0.8574158
0.9053247
0.65992326
0.9640564
0.92816806
0.95012254
0.68132
0.8426718
0.95030856
0.8964479
0.6697279
0.75910676
0.9442264
0.82249177
0.97031695
0.9748143
0.8128683
0.82946825
0.8596071
0.9047111
0.84523326
0.8616825
0.8657459
0.7560394
0.73637915
0.8604444
0.9572804
0.8758587
0.8697462
0.80518305
0.9596026
0.8475184
0.762303
0.8524217
0.89469475
0.89172685
0.91763586
0.85236555
0.9232697
0.79613405
0.7991794
0.8376568
0.92784715
0.9216847
0.8074038
0.7796366
0.8065006
0.90551126
0.8716604
0.925796
0.6812689
0.9445436
0.831212
0.9121666
0.8271645
0.9203968
0.7809946
0.7914114
0.9132678
0.80902183
0.8060596
0.8142892
0.8695315
0.77792704
0.80145395
0.8023914
0.95237523
0.89640796
0.5657132
0.88698
0.8301635
0.9402147
0.91545975
0.7893082
0.91105485
0.95058864
0.8635467
0.6679386
0.8952973
0.9325999
0.91183144
0.9569765
0.8372564
0.9498118
0.85875314
0.893988
0.8461472
0.89655393
0.9596237
0.6727265
0.89187384
0.79246074
0.90129
0.73782146
0.73040843
0.8595073
0.72803575
0.77223223
0.9697687
0.93290377
0.8680556
0.8533786
0.9685514
0.8466827
0.87309885
0.76872087
0.77367556
0.7917433
0.84521836
0.84483033
0.8409641
0.8639085
0.8298209
0.8412149
0.90188307
0.88549197
0.8152281
0.74208385
0.94219816
0.84873986
0.7082428
0.8309028
0.90921307
0.8147204
0.949971
0.7249345
0.8652731
0.86121535
0.72626096
0.7882288
0.90300226
0.90814
0.93841296
0.7958765
0.838066
0.906512
0.8287833
0.9680618
0.950114
0.81384575
0.8729972
0.90812725
0.94088024
0.8365053
0.79359984
0.86781776
0.8018271
0.8928586
0.9051395
0.81376386
0.87436324
0.79817516
0.9408829
0.7920214
0.67794716
0.87313867
0.8766192
0.8767122
0.8123636
0.5005424
0.95486957
0.9307101
0.64543045
0.8422241
0.9725636
0.9186762
0.676505
0.7237255
0.87596345
0.7180333
0.87656474
0.89203703
0.61289597
0.803227
0.81140727
0.7709628
0.84751487
0.8503965
0.8773272
0.9053499
0.89278036
0.8165591
0.72434914
0.8738641
0.7037511
0.9192903
0.95354646
0.9226459
0.7852649
0.6833966
0.958925
0.8613673
0.7433919
0.92147744
0.95441735
0.8743676
0.8084659
0.86566174
0.911314
0.91713905
0.9461092
0.8532638
0.9548945
0.7911286
0.8960347
0.87393606
0.90211606
0.91380835
0.8194769
0.87086815
0.66173136
0.9026125
0.79375994
0.86534244
0.8850316
0.81801987
0.95145714
0.9301044
0.91450375
0.8268525
0.95717746
0.9181614
0.85788727
0.9551619
0.93292713
0.6581135
0.93759155
0.89773405
0.76824796
0.8964052
0.83319736
0.81034696
0.88458467
0.92740977
0.79310316
0.81391585
0.820078
0.9351742
0.7005618
0.8380655
0.8156655
0.8699095
0.8848286
0.85492796
0.8872516
0.8570885
0.8680549
0.8638135
0.9627538
0.84522367
0.9045574
0.7927391
0.6225234
0.7822546
0.867685
0.8275889
0.90232015
0.9321589
0.69144475
0.674767
0.92338
0.9324651
0.92631394
0.93666804
0.91120625
0.9081516
0.7797116
0.8711065
0.81211436
0.79168445
0.796915
0.7013606
0.9096436
0.8894952
0.80880654
0.80703485
0.83578324
0.59909433
0.82512355
0.91592765
0.888764
0.70636165
0.95929456
0.8380638
0.80116755
0.8704194
0.951904
0.9005195
0.86993045
0.8843551
0.8116156
0.8893714
0.88212913
0.8744489
0.7522214
0.93383765
0.8490267
0.8821333
0.6829598
0.65803653
0.75279003
0.8407542
0.83179975
0.75132716
0.620859
0.738886
0.7307887
0.87900424
0.8516836
0.91315114
0.9186386
0.91830987
0.9412769
0.7092755
0.88329977
0.86366886
0.9346822
0.8201426
0.8887866
0.7548261
0.8346895
0.73953116
0.9125102
0.83083767
0.80620164
0.8523144
0.6125945
0.8460344
0.94306576
0.75868726
0.9630269
0.742864
0.8148602
0.93853503
0.8372732
0.88459504
0.92532885
0.84294856
0.7493613
0.8757396
0.86968887
0.89375913
0.9501661
0.9307847
0.54471457
0.96910816
0.90919954
0.73480004
0.84275883
0.9200964
0.88063204
0.8086684
0.831309
0.91989636
0.9432304
0.96746325
0.7063085
0.94486934
0.8741105
0.7768202
0.93311256
0.85587674
0.93289715
0.75548404
0.88512814
0.97430944
0.8452887
0.8484817
0.8388843
0.69721055
0.83283246
0.76906866
0.9556194
0.9377147
0.8770524
0.76274925
0.8813797
0.7854373
0.9681073
0.87435704
0.78072274
0.78457093
0.89387864
0.713089
0.8349191
0.87283295
0.8565729
0.8941297
0.88851255
0.82622504
0.78612113
0.89884007
0.9258962
0.8483326
0.79135114
0.7916681
0.9014986
0.9286231
0.920781
0.8862566
0.8625136
0.94893163
0.7797003
0.9600594
0.90279096
0.81351984
0.74456376
0.9614756
0.84324384
0.9334376
0.91410416
0.900495
0.93973553
0.8263771
0.86369604
0.93996805
0.8926431
0.88238436
0.8508825
0.8415289
0.8856508
0.92648685
0.76977867
0.95125866
0.9501849
0.85171944
0.73231107
0.8339021
0.90564287
0.68980986
0.7566216
0.8673555
0.7714771
0.8726812
0.70566654
0.7899795
0.95952106
0.9407717
0.9309801
0.7816657
0.7503842
0.7343872
0.845505
0.70065266
0.6649062
0.86965144
0.7404839
0.86178976
0.8489237
0.79522216
0.89653265
0.8133404
0.92085636
0.8614932
0.8636151
0.876555
0.8934046
0.8847468
0.7855727
0.6087769
0.72504705
0.66116273
0.8175126
0.7967653
0.9171062
0.7681989
0.9031025
0.82719
0.83222234
0.77191955
0.9017585
0.8773785
0.91682553
0.89081216
0.85405797
0.8747633
0.80903167
0.7591821
0.9299931
0.8757128
0.8896425
0.9085597
0.8889805
0.8211739
0.6717249
0.82863855
0.81646645
0.8135501
0.8635066
0.9159995
0.88712823
0.882963
0.79466593
0.85436887
0.85798347
0.8840345
0.5863343
0.91167164
0.8757684
0.91412884
0.82673407
0.7519919
0.85793614
0.77091336
0.8206126
0.91854405
0.91932446
0.85963935
0.9211661
0.837234
0.74783003
0.8986054
0.8850392
0.9671304
0.8227018
0.7867032
0.85426515
0.863042
0.8382475
0.8179425
0.9415622
0.95674145
0.93587846
0.94179976
0.9207305
0.8307561
0.97507465
0.90266716
0.78011596
0.88417655
0.94831645
0.94324696
0.88284093
0.90089655
0.86554134
0.91398454
0.8751665
0.8746146
0.85038984
0.85939354
0.745184
0.7943173
0.91501826
0.8906633
0.95615304
0.7803847
0.9467824
0.8970545
0.89928865
0.93751454
0.90432006
0.95841366
0.89804745
0.46482736
0.73739165
0.8954797
0.90657127
0.9450133
0.84921914
0.90616226
0.778816
0.71441436
0.9173323
0.795503
0.849351
0.8706559
0.92833185
0.8548905
0.9429302
0.8470077
0.8019876
0.89763445
0.80772066
0.8799954
0.90172845
0.8552965
0.6752794
0.82684
0.91136444
0.8619652
0.9034407
0.7116209
0.8722308
0.727468
0.89788586
0.94991773
0.75631833
0.90258247
0.85706776
0.8273322
0.8147657
0.9291533
0.786392
0.60615194
0.7318483
0.8579506
0.9314232
0.7940033
0.9333515
0.91184384
0.8837092
0.8411171
0.7874405
0.73398846
0.5046211
0.86945623
0.895785
0.88660216
0.7598225
0.69143313
0.91165376
0.80741316
0.8862248
0.82531536
0.82797444
0.9341798
0.87561584
0.95083594
0.7966769
0.8399187
0.76892173
0.86772025
0.8271489
0.8932875
0.8328556
0.8969468
0.82327807
0.8881211
0.83662957
0.79226273
0.950922
0.878018
0.8338928
0.8924018
0.7559821
0.81744015
0.7887453
0.94517606
0.81334233
0.8717722
0.85454535
0.93249136
0.8987085
0.79685336
0.9185892
0.8938663
0.8822204
0.8834693
0.8246162
0.91750866
0.7761916
0.9422259
0.76092285
0.9024584
0.6551116
0.96151346
0.9305722
0.9242255
0.93845
0.86063814
0.7664959
0.85654795
0.8754641
0.9143659
0.73577994
0.9154803
0.90478337
0.8277496
0.8439805
0.7933938
0.7881573
0.7166065
0.90952677
0.8370858
0.85343134
0.88854474
0.94233525
0.84135634
0.6961689
0.8852848
0.7915585
0.89399564
0.83424485
0.72810495
0.836902
0.9453534
0.5976735
0.91123015
0.93593746
0.7707766
0.9441492
0.8471503
0.91235304
0.8284522
0.87425923
0.89743006
0.84218925
0.90321344
0.9042613
0.8845538
0.8180251
0.7492751
0.92883456
0.8942404
0.9581749
0.90356517
0.84585583
0.9014685
0.8693664
0.92708606
0.8990739
0.8213862
0.8739773
0.9049343
0.77702
0.8204227
0.89285374
0.8565569
0.84181225
0.8981652
0.82502997
0.80736685
0.90485436
0.94911146
0.8768598
0.8872894
0.8393066
0.93625635
0.87737495
0.91534287
0.8420555
0.9108376
0.8499277
0.8708881
0.807948
0.89370346
0.8419045
0.82388973
0.78071344
0.87893045
0.93626773
0.843511
0.7583635
0.89438826
0.7746433
0.8576388
0.743101
0.88050866
0.86996454
0.93220484
0.91344464
0.9600446
0.7780671
0.855776
0.89936924
0.7843352
0.9406452
0.8735372
0.91796327
0.7372753
0.94534993
0.941388
0.64535034
0.92478526
0.7219824
0.9276586
0.8315749
0.76173747
0.8822788
0.9274628
0.7398779
0.92314106
0.87965846
0.958603
0.92960197
0.88972175
0.76965326
0.86559826
0.7420134
0.8210428
0.9185779
0.93287313
0.7914536
0.8792155
0.8359627
0.85505235
0.93969727
0.84263796
0.8372828
0.9198097
0.9119432
0.7445985
0.8776391
0.85806805
0.9180059
0.85397184
0.80353045
0.93193567
0.77932674
0.9379139
0.9025951
0.7698706
0.9390986
0.83244276
0.8043575
0.9053345
0.951691
0.6373121
0.8583708
0.77371776
0.8802149
0.928617
0.81905496
0.86617637
0.9205929
0.9074116
0.80328715
0.80262375
0.90328443
0.70070213
0.68776757
0.8060966
0.95941854
0.8982033
0.6320642
0.84391
0.859167
0.83458614
0.8175286
0.8766174
0.9584471
0.96163714
0.82563525
0.8337396
0.9778706
0.913586
0.7322216
0.90668225
0.92235196
0.89032686
0.92007256
0.9298959
0.86360896
0.898134
0.72420496
0.9126466
0.8237719
0.8880658
0.7924486
0.5238897
0.89057446
0.80636764
0.86171055
0.7049937
0.7338947
0.6699009
0.8413233
0.9295832
0.80665934
0.8754977
0.9500492
0.9435754
0.9645862
0.7134389
0.9445747
0.9350412
0.94045854
0.9151162
0.9133867
0.77705455
0.86904603
0.92667073
0.7710731
0.6893162
0.5267606
0.8823789
0.65195185
0.7506188
0.32892263
0.8438232
0.8332384
0.74350965
0.7099953
0.9106673
0.83216244
0.89700866
0.847709
0.9108757
0.8973777
0.8169766
0.96583086
0.8440294
0.8934604
0.9682163
0.8109291
0.6986978
0.9439756
0.838988
0.77192384
0.90907264
0.6911309
0.8675565
0.8092087
0.9296119
0.9362058
0.89305663
0.8773836
0.9568325
0.91139734
0.8638306
0.90784234
0.9520954
0.9427476
0.78825057
0.87440795
0.8833351
0.8586824
0.83615685
0.9085064
0.93082905
0.8853399
0.801745
0.77391833
0.78592545
0.8410965
0.90947664
0.80455506
0.6192925
0.8605926
0.7908963
0.85496914
0.9516507
0.84377706
0.9127883
0.93688065
0.95477104
0.8805374
0.8825308
0.9172201
0.9509982
0.7648498
0.8741126
0.8135364
0.73320544
0.79377663
0.8667063
0.74813
0.8981647
0.808928
0.9511066
0.91376173
0.7177815
0.8593358
0.77510554
0.82868516
0.7454808
0.682832
0.7708435
0.94897604
0.7831061
0.8753052
0.79776096
0.914896
0.91365254
0.9331349
0.83223003
0.91173637
0.9436354
0.94314885
0.6477161
0.9423132
0.9415708
0.8695806
0.8241092
0.90729666
0.8838873
0.8460115
0.92693377
0.9289751
0.89439356
0.8992199
0.9402237
0.9243424
0.9084056
0.7782538
0.9199124
0.9489125
0.8275714
0.82380134
0.91986424
0.9388264
0.8449451
0.85113513
0.8804754
0.8310122
0.86187124
0.8641406
0.9296287
0.7617786
0.9062336
0.6082083
0.68543166
0.9656195
0.9049307
0.90691376
0.8229202
0.9055565
0.7732255
0.93107605
0.8236224
0.8539314
0.92801595
0.92898834
0.56412566
0.7023862
0.9091405
0.93369365
0.91803235
0.61646384
0.886809
0.85108984
0.6772115
0.7802199
0.8179401
0.8681035
0.89978796
0.7760675
0.84789085
0.74163795
0.8129963
0.82890934
0.87413156
0.92865443
0.56214154
0.84218365
0.8085636
0.8800247
0.87700784
0.8375997
0.87152284
0.70883644
0.9388143
0.8833325
0.91726434
0.9349233
0.9305138
0.8022772
0.96007746
0.7939714
0.903275
0.7198131
0.8682977
0.8905933
0.8288049
0.89224327
0.87543863
0.9718082
0.877806
0.5781676
0.9297621
0.9127518
0.8821845
0.8945992
0.71648216
0.9123847
0.9143806
0.90425175
0.8861824
0.8432657
0.7765322
0.9304853
0.9412754
0.89272696
0.8952707
0.9240732
0.9546135
0.8137274
0.7574707
0.82037985
0.9007258
0.9094709
0.89930195
0.8820809
0.8701122
0.9602679
0.8571392
0.7968457
0.79724246
0.9502994
0.853195
0.95563734
0.85447377
0.82175153
0.9391373
0.9080366
0.938062
0.90077543
0.9168256
0.84267104
0.84624255
0.8841227
0.8998647
0.87138665
0.8076057
0.87210536
0.82571995
0.9239015
0.9484633
0.87821376
0.9035257
0.90138173
0.5292367
0.75863683
0.7734602
0.38126904
0.7669183
0.8343926
0.86848736
0.9330784
0.86980283
0.72446513
0.85404086
0.9079014
0.6716499
0.80731267
0.9491782
0.8726157
0.6889117
0.9675522
0.85366213
0.80065894
0.71089554
0.8560562
0.81311375
0.9015998
0.783163
0.7388255
0.79224473
0.8502938
0.88617
0.91867864
0.84172595
0.90468186
0.82440376
0.91343904
0.82413745
0.8984948
0.7815725
0.8953839
0.92755437
0.8804026
0.9525866
0.92436075
0.9348523
0.8128036
0.829339
0.77355886
0.879629
0.9560911
0.9446514
0.9565624
0.7335993
0.7825908
0.81134665
0.88380283
0.7557997
0.8145811
0.94918495
0.8248342
0.8748302
0.81806874
0.75177306
0.8948086
0.832046
0.917799
0.8200449
0.6746032
0.8711225
0.94033486
0.9455617
0.77218294
0.8465838
0.8670577
0.87982684
0.9194524
0.78814083
0.79577523
0.9439099
0.78289676
0.9133217
0.8632034
0.78899515
0.87149787
0.7714341
0.8537079
0.86803013
0.8804334
0.6583525
0.71424663
0.9171716
0.9607324
0.558994
0.7910429
0.83390677
0.8222748
0.94335705
0.7820361
0.9442957
0.94194394
0.94293946
0.9412405
0.8007254
0.94375175
0.87606686
0.7954627
0.83901143
0.9294915
0.9520774
0.8628412
0.8776976
0.94050205
0.84204984
0.7426226
0.8074418
0.78977
0.84616446
0.8647698
0.90260214
0.8614287
0.83540666
0.89114237
0.67246985
0.795841
0.8622154
0.89345145
0.93115705
0.59163564
0.9403044
0.7436642
0.87434316
0.80450135
0.7583807
0.7188301
0.7985513
0.798091
0.8126998
0.799041
0.7655282
0.82016224
0.9101682
0.4891549
0.8684853
0.8247793
0.66934794
0.9389239
0.6175569
0.89623094
0.81143826
0.82127947
0.6854984
0.91910243
0.87807316
0.89648145
0.7512619
0.7190516
0.55952406
0.9321216
0.72043574
0.9033197
0.8369819
0.8779765
0.8914367
0.8447355
0.94214875
0.7502989
0.8882858
0.9212096
0.813082
0.89980525
0.94196486
0.94756484
0.6732661
0.911538
0.84250337
0.90629417
0.9411349
0.7817446
0.6629598
0.9038213
0.75768244
0.8353964
0.8239744
0.81260777
0.8986818
0.9139272
0.5348977
0.92342466
0.86921954
0.86853886
0.8076952
0.9743057
0.8627154
0.9246526
0.85559183
0.7639029
0.7400706
0.8916106
0.9047681
0.9573889
0.90950173
0.63992035
0.8116878
0.8600149
0.8032799
0.7794117
0.851207
0.8511394
0.9551617
0.7583874
0.90270317
0.6760508
0.7201638
0.89589095
0.78963256
0.8812506
0.86562455
0.71667993
0.9393775
0.8193984
0.8209642
0.8171535
0.862706
0.73734945
0.8865157
0.94124895
0.8661843
0.90013045
0.88893944
0.7481134
0.8061371
0.79507434
0.64419466
0.9397959
0.87360597
0.7797808
0.94606817
0.8315876
0.8932663
0.9554812
0.92739636
0.82359606
0.82019126
0.9718987
0.88577574
0.7436014
0.90282184
0.72616315
0.9279283
0.9441443
0.88838303
0.8645517
0.86037964
0.75844
0.8696164
0.880409
0.9472597
0.89109105
0.886598
0.907752
0.9005189
0.92834836
0.86830336
0.8474598
0.88047314
0.8946025
0.8792852
0.80440164
0.7700888
0.91702235
0.86992085
0.8845706
0.9355515
0.6571759
0.8759984
0.934922
0.7441985
0.9506754
0.8846284
0.8609314
0.73289806
0.7191616
0.83408445
0.9203978
0.90539557
0.8420931
0.66275907
0.92002285
0.90569603
0.89392465
0.975618
0.73815304
0.91360617
0.89359343
0.81663203
0.8521481
0.91561866
0.96620435
0.8690234
0.8517928
0.9322224
0.8109632
0.94340885
0.848411
0.62091434
0.8618134
0.9347032
0.71647346
0.88061816
0.8554519
0.8745353
0.92737216
0.9131019
0.8809485
0.85620445
0.9211191
0.9226406
0.83250076
0.62482536
0.9636408
0.66444886
0.8369722
0.7621805
0.62534696
0.84932727
0.93629694
0.764944
0.8693732
0.7967245
0.88877535
0.82947344
0.92682254
0.9200167
0.9286674
0.88873005
0.86351943
0.8763121
0.9442366
0.93647057
0.94743675
0.56316054
0.9167224
0.8702716
0.92690414
0.8417678
0.9625812
0.79109466
0.83225685
0.7638931
0.89853823
0.8335376
0.8635893
0.91364074
0.84147656
0.9221686
0.8251116
0.8315623
0.30515105
0.9499464
0.7278188
0.8379189
0.81915075
0.8696028
0.7744208
0.856586
0.8179022
0.7571367
0.8871838
0.93028104
0.6599258
0.83277893
0.8329456
0.8409495
0.91683096
0.82592404
0.7723942
0.9286652
0.83062595
0.96837485
0.895406
0.6269611
0.8679131
0.9171317
0.8354433
0.8935433
0.8637643
0.9328645
0.55896074
0.84349734
0.794273
0.7623271
0.9225802
0.7513841
0.9181315
0.85336006
0.92595184
0.9552802
0.8270966
0.8156234
0.8591041
0.6948112
0.8387902
0.9008165
0.9117755
0.82485795
0.9539672
0.8131767
0.97078705
0.9007292
0.74723876
0.92818147
0.5836957
0.8652046
0.9171177
0.8021824
0.9168589
0.8848887
0.8693724
0.7796041
0.7592301
0.909742
0.7472185
0.713025
0.9288235
0.8555426
0.77728665
0.7910186
0.8467312
0.8512863
0.9097061
0.91304594
0.8155465
0.8740946
0.88305926
0.90449965
0.77764857
0.9284133
0.943898
0.8865119
0.9334502
0.87014705
0.95921236
0.8668449
0.902217
0.9253746
0.8241586
0.9092787
0.8900932
0.8591881
0.71989244
0.9315257
0.8078217
0.87974083
0.87316006
0.9163614
0.7730999
0.9572197
0.8482767
0.9251156
0.7763411
0.91091055
0.8557927
0.91438913
0.90486026
0.7461728
0.89599234
0.73265177
0.92190796
0.9346819
0.8950857
0.71503085
0.75898457
0.8563144
0.94982874
0.94907814
0.81422234
0.8992464
0.82399124
0.9101269
0.87012494
0.95344377
0.81216544
0.6762534
0.85779685
0.8536461
0.88495684
0.88898814
0.7457161
0.9230051
0.8526047
0.9310273
0.71204966
0.95920324
0.85839754
0.80045605
0.8253373
0.952502
0.9585972
0.76427877
0.92300797
0.5979049
0.7507677
0.8694922
0.89290524
0.88737017
0.9135667
0.8536564
0.91917574
0.8447777
0.8284009
0.9576773
0.7629615
0.9159739
0.92906874
0.89103246
0.80178154
0.94746256
0.78161496
0.8454467
0.8695327
0.88761204
0.5986849
0.83921725
0.95312375
0.87637395
0.56824875
0.84292847
0.84242153
0.78143907
0.56580067
0.8561364
0.77612245
0.7654571
0.80956775
0.8505125
0.8585529
0.90426034
0.7072155
0.9426338
0.82512516
0.7207237
0.8929196
0.7623476
0.8569923
0.91735333
0.8900829
0.7063507
0.78918165
0.9209412
0.9586885
0.8638433
0.95469993
0.8025016
0.8633837
0.8715751
0.9532403
0.8659729
0.7062445
0.8426604
0.93223226
0.77433145
0.8165319
0.8483708
0.91480964
0.8768333
0.8873891
0.9291412
0.8791164
0.7892076
0.9089838
0.8521519
0.8800031
0.8742913
0.9678385
0.86892027
0.95820856
0.7033167
0.8955875
0.8451823
0.7228759
0.83232564
0.9067254
0.8069443
0.80902624
0.7339026
0.9259528
0.9324432
0.86587715
0.845868
0.8294311
0.5896437
0.7735612
0.84890807
0.8359771
0.8854338
0.8070873
0.6437985
0.8970256
0.8429395
0.91159046
0.9380699
0.9333457
0.89378047
0.4922691
0.93435216
0.76930416
0.91424066
0.886066
0.8476186
0.85866153
0.8972614
0.8862424
0.74494076
0.86832654
0.9098434
0.8978077
0.83278674
0.83750564
0.83356845
0.90024936
0.7467862
0.8974532
0.93396574
0.7396417
0.8486443
0.95487005
0.8028398
0.91207767
0.9129889
0.818278
0.79149354
0.86987174
0.94890916
0.8465018
0.9448972
0.7706477
0.8896071
0.781569
0.730302
0.7500348
0.93423235
0.942162
0.8857087
0.85086584
0.9496948
0.9407692
0.86932594
0.8859314
0.85778815
0.8212726
0.8573459
0.8807058
0.7882471
0.94205225
0.8885362
0.7631568
0.7714443
0.8703928
0.9280752
0.9069077
0.9156151
0.846343
0.83847266
0.95023453
0.8120218
0.89200485
0.8310008
0.8844273
0.89640164
0.9155816
0.8122425
0.6575372
0.82008374
0.5483669
0.61743736
0.80564463
0.7755058
0.78756076
0.9361433
0.6303572
0.91547996
0.8662734
0.8570226
0.8299856
0.88672006
0.8199498
0.8052649
0.8974198
0.97329545
0.8418814
0.85830885
0.8559394
0.8311001
0.9304702
0.8738991
0.935541
0.89037716
0.9616271
0.90583324
0.8783192
0.91327226
0.67742896
0.79387605
0.89064133
0.8788036
0.83635426
0.7621811
0.8989506
0.86827874
0.74883854
0.79635376
0.902995
0.9112159
0.89235157
0.844326
0.9018166
0.8988111
0.90780437
0.79731524
0.7798089
0.93227905
0.957862
0.81332076
0.72935617
0.87886024
0.7513202
0.9056252
0.82330894
0.77768195
0.8991338
0.92843926
0.903132
0.9000928
0.95816463
0.8749371
0.9592178
0.7094392
0.91689163
0.84886587
0.933305
0.8788568
0.96124774
0.8905083
0.94015425
0.8222357
0.9431968
0.9049418
0.9411944
0.81398654
0.82035273
0.90823585
0.8873542
0.9322573
0.9475529
0.97273433
0.9523302
0.87916905
0.93690014
0.89416766
0.69357
0.8267187
0.73350763
0.90146625
0.86416847
0.8936076
0.70428073
0.8923036
0.75573736
0.9458426
0.92150974
0.8428036
0.8201685
0.9174852
0.80977124
0.8838081
0.85407823
0.9123476
0.7358385
0.9234887
0.89361835
0.7878084
0.89780205
0.8923507
0.936442
0.78651786
0.5474686
0.92611927
0.84232014
0.8776753
0.75778794
0.7759209
0.76635325
0.8377909
0.9119866
0.77037144
0.81618416
0.83590555
0.7546335
0.8244414
0.83147943
0.96938705
0.7337949
0.834356
0.9740306
0.84198505
0.8598548
0.8978129
0.8828808
0.83630383
0.81762415
0.79600084
0.83132017
0.71718144
0.8964561
0.9406314
0.9448461
0.78919065
0.8988651
0.88352996
0.83118266
0.86555254
0.85376203
0.7886748
0.8700651
0.81982505
0.95606905
0.819154
0.8411557
0.67062753
0.8520485
0.94014114
0.8120372
0.7969896
0.91657877
0.8053297
0.8026754
0.89325374
0.87475187
0.72957987
0.86517256
0.8840357
0.84718734
0.8309307
0.9642911
0.9233644
0.95659614
0.906753
0.8416543
0.899666
0.82122207
0.9004913
0.91210747
0.9517294
0.8934294
0.9224522
0.8985591
0.8250008
0.9171524
0.81090534
0.81347907
0.93768674
0.84847414
0.82171935
0.83369756
0.7682394
0.85462296
0.8950974
0.8873696
0.749343
0.6693598
0.8883403
0.9160776
0.94800174
0.6709908
0.5128998
0.88805807
0.8648087
0.8638325
0.9346311
0.91534615
0.8783405
0.8711061
0.93234164
0.94175327
0.8581565
0.8028058
0.768915
0.9677821
0.916904
0.39517838
0.8720002
0.89355725
0.8219545
0.70454365
0.9461036
0.9651257
0.8127303
0.8708358
0.8491233
0.83852243
0.8037465
0.8774065
0.8744507
0.8823435
0.6285801
0.7979603
0.91627246
0.888856
0.93862367
0.66924214
0.84250903
0.71535194
0.9560429
0.78291446
0.8337768
0.93267286
0.8525742
0.94044566
0.82300997
0.9600189
0.90187573
0.84845674
0.7932195
0.9251302
0.8223287
0.702902
0.8721334
0.90584534
0.87721133
0.751536
0.7705463
0.91597164
0.9175129
0.84742147
0.8352555
0.9202453
0.9292412
0.89267856
0.9042792
0.9082157
0.6933257
0.8329415
0.8157804
0.79257685
0.8709523
0.8205866
0.81790376
0.9314982
0.9287451
0.8707587
0.80153763
0.78371334
0.63260746
0.92544085
0.90256643
0.95015454
0.91934407
0.8549138
0.87035924
0.9416858
0.8712781
0.8752644
0.8205985
0.8448426
0.97102493
0.8898623
0.7105981
0.84202266
0.86929154
0.90293384
0.9528843
0.9116324
0.5433725
0.81914675
0.75708497
0.91374445
0.8711306
0.9408308
0.9464361
0.88277817
0.78225243
0.91119844
0.68606997
0.9163954
0.68344223
0.8612614
0.78700733
0.745232
0.80417603
0.9501821
0.7845036
0.8232385
0.82750916
0.72610295
0.85298586
0.62815005
0.84749
0.64186585
0.7617286
0.7643964
0.79270124
0.8634109
0.89666444
0.68132514
0.64986587
0.528017
0.7061867
0.8826027
0.8714815
0.75738657
0.79049516
0.85183907
0.90796643
0.9668077
0.78965163
0.80672693
0.93230134
0.88828045
0.91491973
0.86131424
0.8072339
0.94190186
0.9584994
0.91022384
0.87447494
0.80175513
0.8584868
0.7328724
0.8842067
0.8381968
0.8959494
0.85926056
0.9273556
0.9151318
0.9232356
0.9303957
0.8003441
0.91837674
0.96978056
0.77510107
0.8791293
0.8598458
0.89107794
0.92750174
0.9488057
0.7900706
0.90832305
0.8003736
0.8324905
0.5619444
0.8681434
0.9669321
0.74408656
0.8739701
0.85891306
0.76837176
0.8421556
0.632873
0.849954
0.9305849
0.71470714
0.9032726
0.9001015
0.5956603
0.92029965
0.9180105
0.83806
0.82109904
0.82576567
0.8404575
0.9338989
0.9624894
0.91014355
0.93438435
0.8378783
0.8566554
0.889175
0.94029194
0.8552085
0.798125
0.8825935
0.7367476
0.91944367
0.8979286
0.8442676
0.92417955
0.88162035
0.8286956
0.8980059
0.92483836
0.9477208
0.8908464
0.9465837
0.82315075
0.8951839
0.51388675
0.75357586
0.7220592
0.8838433
0.86576915
0.9159466
0.8896553
0.63559014
0.77750134
0.8067554
0.82794005
0.9182942
0.91347
0.9259288
0.5366398
0.84777755
0.7992076
0.8955822
0.95125145
0.7498455
0.9149769
0.79795855
0.9645226
0.91403925
0.934038
0.75703895
0.847986
0.80979156
0.92078215
0.7802724
0.9080043
0.8219795
0.867801
0.85407984
0.94597495
0.8317757
0.9557743
0.86391014
0.9782264
0.85457826
0.89395237
0.86329526
0.8563532
0.6720439
0.9249414
0.88059354
0.9245181
0.91624665
0.6835277
0.83126473
0.8371728
0.9511297
0.80508715
0.8005672
0.88969135
0.8872658
0.8536739
0.90290016
0.86501145
0.8307488
0.92972744
0.7637481
0.7674255
0.7980963
0.6339372
0.8560675
0.84481287
0.79222035
0.85541344
0.8941338
0.89349526
0.8416638
0.5896948
0.91176784
0.8661965
0.85576326
0.8914204
0.9523899
0.8949698
0.799708
0.92238283
0.8088331
0.66761315
0.9191781
0.5914708
0.69624174
0.923063
0.8264687
0.79045486
0.8053632
0.7614551
0.4738654
0.8362643
0.72046083
0.87775755
0.7216328
0.88259256
0.96126646
0.8213114
0.8766135
0.873612
0.8414624
0.86440164
0.6260328
0.8579365
0.87012833
0.6919707
0.7934089
0.8195317
0.9299623
0.89098746
0.9223393
0.87943166
0.8046452
0.59302247
0.8044891
0.86928576
0.92616725
0.8919955
0.86371386
0.8316262
0.8325848
0.914039
0.8900888
0.71890146
0.94146407
0.8695345
0.76627916
0.9276303
0.83461994
0.43791932
0.76071566
0.8751513
0.8864782
0.89468634
0.8123461
0.89355797
0.8965044
0.94453454
0.95674556
0.95750964
0.8775419
0.8848876
0.7719749
0.7923016
0.838379
0.956134
0.712232
0.71420676
0.8744779
0.8441419
0.8114588
0.8655309
0.8071979
0.8318765
0.87592554
0.9147023
0.9613577
0.92384654
0.887617
0.87254274
0.81926703
0.87025166
0.9058099
0.694762
0.8119974
0.9080839
0.8578149
0.85517627
0.77022684
0.8666526
0.88976336
0.8867316
0.8072196
0.757912
0.8417108
0.9491496
0.84540665
0.89202076
0.7151978
0.8338171
0.76647574
0.9475897
0.70141417
0.8746105
0.757386
0.96177703
0.9338768
0.87507683
0.9082718
0.84921575
0.8938707
0.8700006
0.8255652
0.8751456
0.7975992
0.8900839
0.85621536
0.96297395
0.9362613
0.7438374
0.8529972
0.76318026
0.87330186
0.9071305
0.8197549
0.85111314
0.92000127
0.72360504
0.9272453
0.91987276
0.8951482
0.8228548
0.7546219
0.6267617
0.9406528
0.87415874
0.8331251
0.61542404
0.86154866
0.9457254
0.79829895
0.9540264
0.9047021
0.7814598
0.77457285
0.73151934
0.73959196
0.9036066
0.88720816
0.7707753
0.8576759
0.68184537
0.49044496
0.7673664
0.88385063
0.8787595
0.9270757
0.8664256
0.9367049
0.88469136
0.9410258
0.96827257
0.85607266
0.94870985
0.79222554
0.89059246
0.8529989
0.91220593
0.9708177
0.7605975
0.84404474
0.87992436
0.86157775
0.8883046
0.92357975
0.74399704
0.8137124
0.84854835
0.8028445
0.80959505
0.8598401
0.87162673
0.844966
0.8707632
0.8536397
0.7608082
0.6109511
0.76715106
0.9120853
0.7304746
0.8981451
0.8654469
0.90741277
0.82396936
0.97459114
0.83941996
0.8545207
0.8982183
0.79090345
0.87885535
0.7191183
0.83841276
0.7830032
0.91605043
0.9195068
0.8746464
0.8027657
0.7921057
0.9552991
0.8984958
0.6892894
0.79022163
0.9615709
0.8118547
0.7730403
0.91396636
0.9160329
0.81975985
0.8841804
0.9009713
0.8934004
0.8293932
0.91169286
0.8961867
0.90383226
0.8434547
0.91144943
0.6655208
0.764846
0.8661867
0.81797963
0.9446815
0.855875
0.89379084
0.93849736
0.8569644
0.8674293
0.9349842
0.7335805
0.8112977
0.80006164
0.87967825
0.82669157
0.89630777
0.8598967
0.89160025
0.8444554
0.84502506
0.81475604
0.78666955
0.7988931
0.8483573
0.88535947
0.8739105
0.8407496
0.9140095
0.7734174
0.76690066
0.8203395
0.8250083
0.89237225
0.7685158
0.967657
0.7549455
0.8834635
0.7269801
0.86878616
0.82046103
0.75122505
0.833944
0.88347644
0.8933993
0.9083747
0.78911585
0.9452524
0.85557514
0.8081011
0.8053791
0.6529966
0.95307416
0.92176527
0.8901895
0.9706595
0.9150417
0.89475465
0.8479507
0.7939795
0.76706433
0.9016388
0.9080994
0.9282266
0.71754044
0.87352884
0.955961
0.9352473
0.9439951
0.71968335
0.9502017
0.87218124
0.8923199
0.95149565
0.902326
0.85433507
0.9317019
0.8416308
0.8714637
0.887607
0.9046277
0.8316654
0.9720881
0.88157624
0.7940959
0.8842268
0.9380644
0.9156046
0.90213394
0.8972487
0.9290524
0.8317052
0.6419156
0.90961117
0.8617611
0.70786905
0.9237302
0.85810316
0.82280713
0.9455293
0.8152616
0.9074346
0.9414495
0.90676343
0.6376814
0.851321
0.8880211
0.7540791
0.950192
0.76149976
0.8756339
0.8240843
0.67266726
0.841321
0.8773217
0.8861809
0.6954423
0.9681385
0.83186114
0.8161082
0.8142068
0.95315593
0.69035256
0.9125433
0.8972842
0.927412
0.8958396
0.869529
0.80497247
0.8661973
0.8051273
0.85728693
0.45291018
0.96322113
0.8932739
0.8900151
0.8148805
0.8527481
0.8786894
0.81194323
0.95088047
0.88472104
0.75585055
0.79163563
0.8623233
0.8972627
0.7744164
0.88645405
0.8278248
0.8345872
0.7494732
0.9148704
0.9311433
0.7483178
0.8579704
0.8493947
0.93395495
0.8730349
0.88437027
0.94000065
0.6470628
0.8013612
0.8588533
0.84840953
0.74921834
0.8682266
0.78975356
0.8834802
0.72037846
0.8756002
0.9235713
0.89301515
0.7757573
0.8970552
0.909799
0.94803107
0.90293187
0.81978816
0.94617677
0.83367616
0.7613633
0.8968492
0.8797032
0.77111626
0.8979934
0.8155578
0.9697039
0.7707323
0.8194396
0.8996359
0.76832354
0.6529447
0.9088588
0.9048226
0.7735808
0.81762093
0.3368863
0.75772005
0.75105447
0.8836446
0.8721323
0.6939734
0.8373734
0.8548493
0.9133546
0.78547645
0.7627708
0.91054213
0.7121526
0.9454146
0.7672806
0.90902346
0.77817863
0.8639022
0.8384031
0.86715776
0.740922
0.900197
0.8930634
0.84721446
0.9279463
0.8336376
0.96282035
0.9054899
0.8852332
0.72273564
0.930966
0.92587316
0.8169683
0.91394806
0.87440246
0.75726336
0.79102594
0.9246012
0.9085518
0.8220532
0.9097925
0.8680077
0.84054726
0.7955669
0.878186
0.9172824
0.9061165
0.80063516
0.94225717
0.869781
0.9226818
0.7722658
0.9225132
0.97235024
0.8698319
0.8200236
0.7477318
0.8897078
0.71306396
0.89725435
0.8171771
0.7483921
0.9071349
0.84119827
0.9285437
0.88279164
0.8880015
0.80977654
0.61187714
0.80106235
0.9262613
0.8646152
0.85460055
0.88331276
0.8206035
0.80747193
0.6005774
0.94414794
0.824981
0.87540853
0.88833845
0.9240426
0.9393759
0.888729
0.7896421
0.7952865
0.9192836
0.90531754
0.6005829
0.87171113
0.7720388
0.74236643
0.75379884
0.83502114
0.79393494
0.85440284
0.9559891
0.5948578
0.85858417
0.9482666
0.8653754
0.8295677
0.84638757
0.892928
0.86507237
0.9035928
0.65378267
0.9048003
0.8173593
0.8503151
0.96376204
0.85942066
0.95942193
0.8582172
0.8410794
0.916092
0.9184466
0.87869513
0.70327216
0.82764536
0.8175932
0.85457635
0.7121221
0.83978254
0.9349416
0.777615
0.9094985
0.8525571
0.8696019
0.45441157
0.90301144
0.73831224
0.95321757
0.9106517
0.92070884
0.8954353
0.8087918
0.9199831
0.940739
0.82448655
0.8480354
0.8275208
0.7695994
0.97593224
0.87619585
0.7527513
0.7529128
0.83752775
0.79124546
0.8095026
0.90584093
0.87372077
0.76741177
0.935397
0.7372261
0.82744205
0.84247774
0.8139058
0.8836232
0.87259674
0.9225824
0.84910727
0.78156185
0.8162556
0.93481374
0.75877094
0.83428603
0.91534305
0.7845355
0.8026162
0.9493742
0.8654784
0.98029447
0.85721076
0.8083457
0.83094513
0.6619588
0.8890821
0.6070704
0.93000925
0.7221913
0.9207381
0.8310168
0.7871356
0.57239544
0.8786517
0.9450023
0.8714763
0.9325341
0.9420599
0.87788016
0.82408583
0.7961795
0.93042123
0.8965272
0.8424258
0.8874153
0.8963191
0.93295497
0.93878126
0.5598013
0.82212865
0.89138776
0.8090544
0.8825171
0.8405633
0.94157
0.92846876
0.8987684
0.8550262
0.777965
0.7904407
0.93547213
0.8056311
0.93403566
0.8443597
0.93121946
0.88544863
0.96579885
0.9339112
0.83119476
0.8709988
0.9333633
0.87709415
0.82779706
0.78647083
0.8117767
0.96957487
0.90129805
0.9375434
0.8023919
0.569293
0.872439
0.69059336
0.543327
0.93546045
0.92273545
0.92234147
0.7407636
0.7829002
0.8513254
0.8549528
0.79037446
0.9276548
0.91731906
0.7010299
0.88959503
0.9018679
0.93433046
0.8681567
0.9246037
0.90983975
0.91155523
0.938411
0.90304536
0.9172437
0.8462648
0.95719266
0.7252854
0.846128
0.9258129
0.9132641
0.7730936
0.840418
0.88566154
0.8237087
0.8121768
0.8829721
0.8494944
0.87008697
0.84012103
0.935087
0.9292437
0.93716145
0.9445784
0.67038196
0.83006775
0.9225053
0.8403405
0.895188
0.8838346
0.8824146
0.883659
0.71415603
0.93094623
0.84366345
0.8907506
0.77204245
0.91701627
0.6800872
0.91910595
0.90532106
0.9155589
0.9369597
0.85218227
0.8107054
0.9291018
0.9666433
0.85349715
0.9415794
0.9040312
0.7009366
0.7692999
0.85397613
0.7656568
0.8036018
0.96858406
0.95955026
0.9245879
0.9475504
0.7583903
0.94753575
0.5858158
0.88793314
0.7546563
0.88762397
0.8871401
0.9035824
0.9348961
0.8400505
0.91249716
0.70437425
0.65379614
0.71386206
0.9354174
0.94400626
0.7640824
0.90083826
0.843788
0.7926818
0.90333694
0.7888053
0.79647106
0.8188801
0.76988393
0.6313854
0.669369
0.7357451
0.77725524
0.8514916
0.8428813
0.69565153
0.96197
0.9182951
0.85820156
0.9702165
0.7282888
0.92389715
0.87536895
0.8353481
0.8240478
0.91061413
0.9073031
0.95687574
0.8325289
0.9077791
0.48852488
0.7641075
0.8163288
0.8603761
0.8771805
0.8720123
0.8714312
0.6560976
0.7120273
0.7556391
0.93967533
0.86969936
0.9596123
0.9088483
0.7611614
0.91250247
0.79731345
0.9092836
0.9593979
0.8722193
0.8388532
0.91553295
0.9081463
0.8748341
0.9054949
0.80413115
0.9406669
0.9030159
0.8553248
0.9241016
0.6755593
0.7473805
0.88204753
0.8718409
0.8957684
0.8842717
0.92556626
0.8182497
0.87240076
0.84478354
0.9382757
0.8436221
0.8339718
0.736007
0.7817234
0.8702215
0.5674623
0.8079845
0.9131157
0.8248534
0.7205789
0.7633474
0.9488371
0.8295146
0.96139336
0.77212113
0.94345164
0.8829961
0.9689714
0.8259002
0.8733362
0.90870863
0.7658614
0.7903457
0.9043418
0.83341277
0.9592432
0.829078
0.91243374
0.77363724
0.91016257
0.77482814
0.9219606
0.94805545
0.9236719
0.82339925
0.8956845
0.7788548
0.78366697
0.74897367
0.870516
0.86126816
0.9337646
0.93783426
0.96758443
0.86938727
0.9098074
0.9043166
0.80038154
0.9159286
0.88294053
0.6240576
0.9333927
0.74444675
0.90602505
0.8931607
0.8753686
0.8334261
0.7889832
0.78119814
0.8257599
0.7516166
0.8568459
0.85626364
0.87978005
0.85321087
0.8601183
0.823256
0.86893797
0.91030467
0.70226127
0.8095385
0.8883698
0.76271003
0.9462839
0.93508404
0.8097034
0.8804897
0.78738505
0.9328182
0.95423126
0.92755395
0.7713403
0.7127828
0.785272
0.8959578
0.85749173
0.9074856
0.925731
0.76243705
0.7770129
0.8981969
0.77293795
0.9415906
0.6300071
0.89231396
0.8223158
0.84379184
0.8334488
0.7421894
0.85675484
0.75281304
0.7985309
0.8709197
0.8770249
0.92988944
0.8979404
0.836208
0.7577218
0.83841944
0.91166735
0.93376416
0.92175204
0.68032694
0.7109195
0.8139714
0.90297836
0.881251
0.6922845
0.91997904
0.6771321
0.9130662
0.95018154
0.8781562
0.9454671
0.77059203
0.84374464
0.82102644
0.8255091
0.94437736
0.95842195
0.7520685
0.85191643
0.81318563
0.90815127
0.8788969
0.9446213
0.9004389
0.6818533
0.8554278
0.87101775
0.8604107
0.9043758
0.86030525
0.9526573
0.7836834
0.77273643
0.7774968
0.96701264
0.93339586
0.9143594
0.94055724
0.67619264
0.94420815
0.7424437
0.9379444
0.91860855
0.81161684
0.63045776
0.9457911
0.9048353
0.83751917
0.8676923
0.8451397
0.9232178
0.8824015
0.9464333
0.8967699
0.8725486
0.74589324
0.8824313
0.9500883
0.798867
0.8662721
0.9053568
0.8552403
0.87487715
0.72978175
0.6508049
0.8863767
0.8788643
0.91638005
0.676259
0.8586474
0.7162599
0.8983704
0.933512
0.7933372
0.7750766
0.85300106
0.76017964
0.94056964
0.80398
0.9208327
0.85382736
0.69569653
0.8857936
0.8753692
0.8983412
0.878002
0.73538136
0.94753486
0.89555407
0.8931234
0.9604642
0.80118006
0.8866011
0.79828984
0.6022942
0.7155493
0.76555943
0.8581437
0.9317121
0.94170743
0.56273484
0.84795296
0.77313185
0.7765967
0.96066165
0.86576337
0.9314027
0.7579032
0.8810145
0.83700925
0.9331819
0.88542837
0.83967197
0.9043075
0.8026521
0.8621412
0.9114616
0.92975384
0.9515228
0.8886811
0.8791431
0.95062834
0.9221244
0.54904544
0.6063948
0.8340118
0.7479035
0.93803823
0.9671701
0.924728
0.619157
0.8328571
0.8659684
0.7283119
0.9037304
0.9057131
0.90317845
0.8514065
0.8951926
0.90493226
0.9179143
0.868858
0.8713807
0.93146044
0.85901654
0.9057185
0.9089844
0.8110533
0.9087728
0.80987215
0.8373033
0.8894507
0.7492754
0.8934665
0.9219936
0.75083685
0.49393117
0.8893257
0.8816491
0.8872561
0.7278268
0.8037235
0.79471344
0.8832862
0.6789932
0.8613695
0.5172576
0.87551683
0.87452793
0.91502583
0.93690056
0.9393458
0.8368578
0.9414706
0.95966005
0.93266463
0.8785804
0.79466003
0.89964557
0.91573834
0.9323155
0.95071983
0.64838004
0.88521767
0.67036545
0.88308567
0.5728456
0.75619614
0.85720927
0.82086635
0.85445017
0.8865748
0.7312472
0.94254297
0.9625784
0.8838691
0.95589036
0.80730134
0.8871764
0.90098286
0.8991152
0.80052143
0.8898951
0.9000124
0.89492303
0.8927665
0.8076548
0.93206275
0.6128292
0.790651
0.9553617
0.8639941
0.8699347
0.8075434
0.8883502
0.7631477
0.93594867
0.6953575
0.78544784
0.8739399
0.5769089
0.93251675
0.9594132
0.91601527
0.8428539
0.8911055
0.86318654
0.870116
0.67315626
0.8780025
0.5299653
0.85731244
0.88972825
0.7966792
0.77344936
0.91699946
0.96664876
0.8907884
0.5144248
0.9234049
0.88598454
0.9545905
0.9087854
0.8585355
0.8826647
0.91596335
0.84019685
0.9237455
0.8185216
0.94609356
0.9098097
0.88434494
0.87427026
0.9009537
0.8783593
0.9088821
0.9178461
0.77373016
0.7246188
0.93551517
0.91904986
0.8634407
0.9341497
0.9032439
0.65748817
0.8807439
0.7940131
0.94629586
0.617558
0.73692346
0.9300061
0.9004128
0.9489343
0.84755164
0.8528893
0.82734764
0.8241518
0.9352284
0.880733
0.86188316
0.7754587
0.8208603
0.8832757
0.8817768
0.7291347
0.7803178
0.92238283
0.87841415
0.87909716
0.6637397
0.89403504
0.87837386
0.8753827
0.83052284
0.956088
0.82703215
0.8463697
0.8049585
0.68016726
0.8019458
0.92554796
0.7652721
0.86454046
0.86224985
0.8670662
0.84499717
0.901837
0.9047239
0.8515139
0.963549
0.9366519
0.8866354
0.9478944
0.78883564
0.68539685
0.79229176
0.8704004
0.8274189
0.87954235
0.9074905
0.81611025
0.6079105
0.8791789
0.89691323
0.9149565
0.8833615
0.78493583
0.89640653
0.79550624
0.9027209
0.8286915
0.82419235
0.80101734
0.92711306
0.8523594
0.9096369
0.8131182
0.89017415
0.865623
0.8458317
0.97551215
0.8867352
0.8564728
0.8977082
0.9202422
0.92788357
0.85681427
0.8863677
0.9669275
0.8153477
0.73376787
0.83842415
0.92736274
0.81890965
0.84700763
0.93100315
0.7556825
0.9399309
0.83391
0.724666
0.8742874
0.87125635
0.75155866
0.90301806
0.87863904
0.92761135
0.75744754
0.89078903
0.9324359
0.74564976
0.925948
0.8249475
0.9196241
0.7955738
0.68312687
0.79758996
0.66703033
0.9349344
0.88659346
0.6896628
0.8300905
0.6807277
0.82593274
0.83762324
0.8268056
0.89113045
0.9379941
0.8359627
0.78456914
0.9347069
0.767445
0.77170837
0.79935694
0.8278472
0.80465525
0.7917659
0.83835906
0.83983904
0.9161368
0.8656188
0.6993742
0.91207784
0.9024699
0.622203
0.7129369
0.96780777
0.97193986
0.95887935
0.91433173
0.90421736
0.9447374
0.86372375
0.9171534
0.7682058
0.8158469
0.55339074
0.8833417
0.895947
0.9599142
0.85724694
0.92996925
0.83854055
0.7630513
0.76677376
0.85487884
0.90646935
0.8774295
0.85090727
0.87019265
0.81702936
0.9600434
0.8284393
0.49842352
0.8857157
0.9540046
0.8426138
0.51307863
0.7991755
0.9094619
0.90205646
0.75223684
0.93482125
0.8936149
0.93497574
0.88071156
0.92196095
0.7548295
0.82739586
0.7278919
0.70246893
0.90575767
0.9199418
0.89568245
0.8681581
0.8772689
0.83941793
0.90298355
0.91168886
0.8961854
0.8518307
0.76280665
0.5545182
0.8054583
0.7989827
0.79826474
0.8476316
0.8741656
0.8888102
0.782699
0.86589324
0.93054986
0.8709566
0.79284835
0.8911197
0.929276
0.8396016
0.94242233
0.87085265
0.9337099
0.809054
0.851413
0.86444575
0.90817106
0.8760519
0.89169
0.8562646
0.88542986
0.86316496
0.95017564
0.8720727
0.89132714
0.9364932
0.71007454
0.87376577
0.90546465
0.78298247
0.72158957
0.82252747
0.90371567
0.89216596
0.955568
0.85828614
0.88645184
0.9314418
0.85414404
0.7767364
0.90603447
0.93997616
0.9508449
0.90078247
0.8233155
0.91457593
0.7749625
0.6627738
0.93465513
0.6672914
0.78399277
0.8441133
0.6955929
0.92215866
0.75166905
0.8922596
0.76796705
0.86866546
0.8808973
0.5413959
0.904765
0.841809
0.87457764
0.7560555
0.9132192
0.8385162
0.7446122
0.9058288
0.7236912
0.91437846
0.84514743
0.75135714
0.9378251
0.8647406
0.8190544
0.95423925
0.87970805
0.85087794
0.9622071
0.8119384
0.90412915
0.90042627
0.95179427
0.84306777
0.9156996
0.8499434
0.74762285
0.88284063
0.8688129
0.790463
0.8232029
0.9472405
0.8799665
0.8554526
0.7599875
0.77568567
0.92908025
0.9284373
0.915504
0.8454606
0.9638632
0.9226392
0.8923584
0.880021
0.9258448
0.90621763
0.81973326
0.8692043
0.8342131
0.8524824
0.88554657
0.8804533
0.84410816
0.87242025
0.6551924
0.94584566
0.84266293
0.7896737
0.9283187
0.8417429
0.95642114
0.8835764
0.86812264
0.9161623
0.8694139
0.88225865
0.89604926
0.90640175
0.8486849
0.82446027
0.73137224
0.8073529
0.84253645
0.9240686
0.89770657
0.88163817
0.9489355
0.8825755
0.9519555
0.80203676
0.7809298
0.8713599
0.9091545
0.8931382
0.8352353
0.91357225
0.92949414
0.91089964
0.9258535
0.8254401
0.57266223
0.8025816
0.89181316
0.84712017
0.73987323
0.822983
0.83290344
0.8580698
0.9482004
0.7003273
0.63150054
0.8578653
0.883986
0.9461536
0.8623752
0.90300214
0.76182175
0.90192896
0.85633814
0.8196015
0.74530864
0.8070613
0.8844503
0.8507733
0.6241592
0.8069303
0.60846263
0.8563181
0.84688514
0.90183085
0.86525345
0.8208774
0.845674
0.89403194
0.727001
0.7113547
0.94328725
0.781209
0.8616391
0.9183312
0.7063556
0.90889215
0.8876708
0.8485348
0.9300622
0.85211504
0.9270848
0.9109377
0.8591151
0.52412
0.80573976
0.92264056
0.85207057
0.6910659
0.8118693
0.83916026
0.919939
0.85409385
0.70237446
0.93447256
0.711571
0.89246076
0.8798237
0.8231354
0.91066074
0.91661286
0.941423
0.7854029
0.9206718
0.7676326
0.8849804
0.8411669
0.8318615
0.7916198
0.69593394
0.74103004
0.83736116
0.87387645
0.732871
0.859867
0.97783613
0.8984757
0.8642073
0.9160912
0.9084324
0.70712906
0.8241603
0.88403267
0.8705446
0.7742379
0.86759067
0.84145164
0.8280635
0.85521877
0.9389735
0.8422859
0.9082878
0.91092336
0.8641573
0.80521834
0.9337559
0.45700508
0.53134924
0.8197973
0.88612443
0.8473282
0.9454391
0.84751725
0.7117069
0.890711
0.7557376
0.7817291
0.93800247
0.74943703
0.8608742
0.8280963
0.9774989
0.93041587
0.89480793
0.79280394
0.81298214
0.8864425
0.84335494
0.9047104
0.9515921
0.8969315
0.80172867
0.85729766
0.6942392
0.8887599
0.8585562
0.7813373
0.8910729
0.8289683
0.79081744
0.7797878
0.8771571
0.88477004
0.87746847
0.8719195
0.8556191
0.7681156
0.892178
0.83529294
0.8807019
0.9230863
0.87339526
0.8480339
0.8492433
0.87844807
0.8820406
0.8301821
0.7735443
0.8226
0.76868707
0.7606834
0.64966553
0.9116255
0.9280014
0.7770102
0.9368472
0.93863475
0.71421814
0.8732857
0.81596094
0.9576849
0.83949155
0.85178334
0.6651453
0.8792008
0.857378
0.8871531
0.81365705
0.84022987
0.81435895
0.8933011
0.6684542
0.9107388
0.92153347
0.7567612
0.79285854
0.94639313
0.80329186
0.86590284
0.8690886
0.8099849
0.8074117
0.94302917
0.72156227
0.9393773
0.92755675
0.7642173
0.8788314
0.62235504
0.80325097
0.6905457
0.77613956
0.92956746
0.8943259
0.8876178
0.68185014
0.91852045
0.81901544
0.80005944
0.8329738
0.9184118
0.8700637
0.759279
0.9161386
0.9131645
0.9208906
0.89787173
0.70213366
0.7263493
0.9489991
0.8387054
0.665279
0.9293022
0.97573435
0.89503783
0.58819485
0.8355488
0.9341438
0.92011327
0.91029906
0.8675675
0.8349662
0.94204843
0.76423705
0.6985097
0.8896118
0.85684747
0.92253554
0.6835853
0.8120071
0.82709026
0.9030281
0.8878596
0.78781307
0.8169693
0.7089973
0.93354577
0.7865802
0.85278845
0.83562654
0.78486186
0.9068006
0.9077967
0.93901587
0.93408763
0.8274003
0.74371487
0.5384791
0.8390157
0.8631481
0.89462817
0.86352956
0.8953024
0.6953307
0.90055865
0.9408178
0.8812423
0.80604124
0.8862261
0.90093106
0.8881886
0.6366117
0.85215753
0.80046785
0.95277953
0.7810048
0.81909335
0.93491113
0.8278103
0.79242396
0.80513054
0.9024114
0.9033372
0.82066
0.65794843
0.9462271
0.83439356
0.90620196
0.9035806
0.92196953
0.954888
0.95888335
0.9327123
0.88388914
0.7301784
0.94899225
0.9248957
0.8573535
0.96082705
0.8598457
0.78473306
0.8454651
0.80997103
0.8635726
0.9081732
0.8610992
0.82662773
0.86328584
0.6726204
0.8604689
0.9171347
0.957845
0.8418103
0.84867126
0.8806891
0.87966156
0.7778964
0.8922002
0.7510943
0.87439543
0.90637517
0.90750676
0.8177632
0.9415341
0.87635046
0.69404817
0.9291391
0.81230205
0.93146837
0.73972046
0.8574039
0.8829545
0.89691174
0.47246316
0.8445417
0.86539334
0.91007876
0.8887243
0.950439
0.87104696
0.7872022
0.6463185
0.8912105
0.6345747
0.9553614
0.6957883
0.91678876
0.7052552
0.88248914
0.8060258
0.9130386
0.76718473
0.8460542
0.7837096
0.89190155
0.74199545
0.71195734
0.84900755
0.9435853
0.92827916
0.76495135
0.853034
0.80256104
0.8603263
0.894176
0.72282326
0.88046557
0.728542
0.92086196
0.8517626
0.9203062
0.85620695
0.9370383
0.82531834
0.783115
0.91565204
0.78821373
0.83241206
0.86105204
0.657096
0.9157478
0.71580565
0.8562549
0.7027304
0.79063356
0.4731392
0.8295854
0.80812085
0.94036436
0.92412376
0.87129897
0.953827
0.9284367
0.80977774
0.8947657
0.87325126
0.9087635
0.77519214
0.85862774
0.6696634
0.9281223
0.80714643
0.8176946
0.7319561
0.8144461
0.9152792
0.72669816
0.9492962
0.8345739
0.8914531
0.83928895
0.8543225
0.91196024
0.867347
0.78771853
0.8690768
0.80651814
0.9583587
0.8267342
0.903153
0.93146586
0.6862087
0.7271992
0.94342864
0.88921285
0.87521267
0.7559712
0.7907848
0.8949555
0.87240624
0.84482926
0.9545409
0.8862828
0.9729997
0.88658875
0.7322814
0.94336265
0.9141207
0.9171924
0.7733875
0.9258766
0.9653934
0.90609294
0.89594257
0.91994554
0.7021033
0.88513535
0.95908356
0.95923436
0.8674374
0.8727867
0.7457424
0.8000287
0.8738197
0.7834372
0.75767505
0.92914844
0.8229592
0.86592066
0.6292166
0.86858416
0.78679323
0.8956524
0.87315637
0.9015907
0.82071567
0.95297515
0.88581085
0.8204959
0.85121334
0.9171847
0.8831819
0.907012
0.92071944
0.8818811
0.68103033
0.9285219
0.79923606
0.7510489
0.7741711
0.7436408
0.9000385
0.86732733
0.6650462
0.93408537
0.7759859
0.83980024
0.85747594
0.81141734
0.95669734
0.9016222
0.8971181
0.8251723
0.9175027
0.67113644
0.8729373
0.878949
0.7974409
0.9037862
0.86574906
0.777543
0.896839
0.6266679
0.67421085
0.90215904
0.87102467
0.8224939
0.85364234
0.8799237
0.8448286
0.79719925
0.72973394
0.8184643
0.8449912
0.70503336
0.9141155
0.9412231
0.8514755
0.9464722
0.70745057
0.8262029
0.84518754
0.8569358
0.6632117
0.8225602
0.9360285
0.9508352
0.826813
0.91275436
0.90144783
0.92043746
0.8486041
0.9200354
0.97152627
0.87485325
0.8881366
0.8092959
0.7813586
0.72507274
0.92542136
0.9298979
0.95245945
0.9357834
0.829231
0.84656054
0.96501076
0.9132122
0.5863154
0.8281498
0.8597032
0.9285177
0.9084106
0.89287007
0.84621155
0.82862127
0.9561808
0.8886652
0.9028525
0.8337311
0.86594284
0.8641856
0.87108505
0.79477227
0.95323694
0.6754698
0.89425826
0.80643755
0.80829084
0.8316978
0.787096
0.7283968
0.7661971
0.9160182
0.6110623
0.84841347
0.9013747
0.82295656
0.896132
0.6812085
0.9044564
0.83981603
0.82205427
0.7585622
0.9581292
0.890922
0.82148886
0.8759476
0.88724846
0.8886079
0.82047796
0.91354585
0.8606777
0.8403529
0.93862915
0.91121525
0.92209285
0.9101049
0.8550656
0.90838087
0.85198843
0.8625231
0.71401185
0.9242587
0.71407855
0.9328019
0.9472747
0.92334485
0.91444886
0.9279678
0.81827426
0.8315853
0.88630617
0.8250538
0.92735136
0.884266
0.85751814
0.94135857
0.8076619
0.6461948
0.9515685
0.88940537
0.71571463
0.89875144
0.9244
0.6572296
0.5791099
0.88141334
0.8700178
0.84774053
0.929857
0.9022114
0.861374
0.9189063
0.8902128
0.8986117
0.8996993
0.8301324
0.93130314
0.7981043
0.8939534
0.8893101
0.94246846
0.91266483
0.94153833
0.86740756
0.83112335
0.9022286
0.8949433
0.74536383
0.8698255
0.75344896
0.8111871
0.9184513
0.89328414
0.8915106
0.95810145
0.8658104
0.89332736
0.8401948
0.7953781
0.8406241
0.7076906
0.8269703
0.8716958
0.86891264
0.8283352
0.6778172
0.7593781
0.8838911
0.92633367
0.9074637
0.87444764
0.8880719
0.85564256
0.91034234
0.8588428
0.8293182
0.8260894
0.87551117
0.81826675
0.74702346
0.7311333
0.9541175
0.8689174
0.8780216
0.8674194
0.7969918
0.8056628
0.74561363
0.9596804
0.85487974
0.9130318
0.8459783
0.7423382
0.8041326
0.968399
0.874678
0.8209907
0.9729795
0.55504674
0.82740176
0.8355477
0.82470596
0.9531027
0.8376349
0.7707868
0.899002
0.87408423
0.884542
0.9200089
0.8452965
0.8762887
0.78714836
0.89372116
0.93993634
0.7985511
0.9276054
0.917098
0.82065135
0.78204197
0.8750771
0.7711429
0.85814756
0.94838643
0.9280659
0.95156133
0.9068872
0.4897417
0.94609314
0.804119
0.9163012
0.90218693
0.9227495
0.9105931
0.8397789
0.87429744
0.73686254
0.9186443
0.76637834
0.8544016
0.73085487
0.94614893
0.92859733
0.9583184
0.86920357
0.72876185
0.8215617
0.8764596
0.90092516
0.85714
0.8904108
0.9729189
0.93902206
0.84882265
0.89520085
0.8461371
0.75789
0.86851585
0.894562
0.7717174
0.93216515
0.9333513
0.8821894
0.90346485
0.8922477
0.69308555
0.8865774
0.96045005
0.8684406
0.86054075
0.924247
0.86301744
0.9305934
0.9389473
0.8653185
0.8520285
0.7346809
0.97803533
0.82103723
0.7734487
0.9095448
0.9275191
0.7738858
0.93788505
0.87138444
0.88657826
0.6809971
0.5147675
0.7716121
0.9131423
0.8843805
0.94136536
0.823868
0.8419117
0.87543994
0.72520006
0.93766665
0.9064534
0.8887139
0.61882824
0.902344
0.93833506
0.8164026
0.96367526
0.85599315
0.8620304
0.76333356
0.82669574
0.827481
0.9050335
0.8870637
0.8442567
0.82998633
0.8740774
0.8681764
0.81163853
0.8796239
0.8455492
0.9676874
0.87978846
0.8850694
0.72805995
0.88667065
0.9188278
0.8065716
0.81568813
0.9282547
0.91366595
0.79855454
0.8843386
0.8568945
0.90781826
0.8360401
0.63265455
0.8291246
0.70729464
0.65194196
0.85061425
0.7822411
0.8591639
0.57952183
0.84814477
0.76782274
0.86619526
0.84067756
0.9193299
0.7164682
0.7543065
0.7274572
0.86506426
0.8736452
0.9085965
0.7764572
0.7337649
0.69286925
0.95537966
0.87670815
0.64937395
0.8788556
0.9540125
0.75702775
0.85106385
0.91853195
0.92671037
0.8811617
0.94927466
0.92963356
0.7844551
0.90072167
0.9271627
0.83259606
0.9088043
0.91135836
0.8120589
0.94557303
0.91652304
0.7942322
0.89095
0.83572644
0.9143375
0.90530884
0.9392458
0.9634556
0.8201817
0.77491564
0.9313178
0.8914716
0.7096097
0.93746656
0.8638621
0.85658735
0.75395864
0.8924137
0.86716306
0.749105
0.8979013
0.88099325
0.9146726
0.806535
0.92892647
0.8924982
0.8808828
0.7998067
0.8955975
0.8885539
0.871471
0.85788864
0.86908036
0.81702197
0.8734692
0.9247224
0.73355186
0.8455399
0.9236828
0.83877057
0.71926033
0.8506243
0.8402503
0.9150961
0.83600175
0.8065618
0.92690796
0.9546919
0.9748338
0.81847966
0.85112906
0.82321405
0.82288367
0.8307172
0.6907772
0.8621268
0.5664216
0.94895196
0.8983994
0.93240017
0.9325439
0.7155465
0.6145756
0.9142044
0.8520533
0.81771624
0.9030963
0.88384676
0.7819372
0.9126893
0.6906837
0.7537061
0.8754647
0.9122596
0.91588223
0.9533928
0.8270727
0.93263954
0.90156555
0.92431235
0.7890155
0.9284126
0.9161582
0.9497107
0.90819395
0.7682475
0.92551595
0.8895766
0.8996735
0.90005934
0.9123224
0.8320839
0.8043746
0.8365649
0.91941524
0.71695125
0.8269624
0.909289
0.8842304
0.79327524
0.9159943
0.8663037
0.73609203
0.5504526
0.9785968
0.7619943
0.8166609
0.9246931
0.90727377
0.7778995
0.78588
0.94323653
0.93454224
0.8296143
0.91862935
0.8836
0.86427474
0.8887627
0.5571337
0.88737255
0.61330056
0.76295406
0.81267965
0.7840389
0.79084724
0.8538285
0.9118906
0.7910658
0.8835219
0.7947607
0.91746455
0.8577712
0.90872353
0.8730108
0.94353026
0.6503085
0.9037845
0.8630504
0.9037313
0.9024011
0.8729478
0.9287627
0.94752306
0.86311346
0.79174125
0.89171726
0.8747187
0.7593737
0.79291797
0.77404404
0.8164911
0.85862297
0.90131867
0.7158686
0.8737751
0.72986573
0.6927921
0.93935776
0.9378483
0.8047483
0.89790785
0.8507746
0.92687345
0.82866836
0.92505836
0.8847691
0.7551347
0.80026877
0.79118353
0.9053043
0.7012211
0.7984649
0.84538555
0.75566936
0.88512003
0.7765547
0.91068995
0.85317165
0.89330906
0.9253081
0.86841416
0.87643534
0.91265607
0.90948135
0.87263274
0.7355447
0.8031628
0.8940407
0.9165167
0.8070147
0.92012775
0.94729364
0.9430939
0.9345732
0.8528579
0.9279822
0.8315987
0.750939
0.77838886
0.94026315
0.771363
0.72872066
0.8261414
0.9722528
0.7565157
0.8000167
0.9142717
0.7199537
0.8837632
0.7760817
0.84888643
0.91300994
0.7738518
0.93427545
0.8765933
0.80269325
0.9301364
0.8682406
0.9123025
0.9523206
0.8896861
0.92418194
0.8213606
0.7553225
0.9546916
0.900236
0.8604022
0.76612264
0.95156866
0.7561511
0.91126513
0.8319187
0.7861223
0.8828652
0.8175195
0.9174721
0.85509247
0.8041659
0.91828537
0.8037424
0.8474441
0.8434653
0.84165823
0.93251085
0.84273934
0.8241917
0.8330904
0.9287615
0.87788594
0.9640435
0.83639693
0.9258134
0.74784803
0.8431723
0.802416
0.8970241
0.92104346
0.8943448
0.8568121
0.8009216
0.878503
0.8922602
0.95439756
0.93004483
0.81148285
0.8996316
0.9040841
0.849111
0.89411545
0.81036454
0.90637743
0.83052146
0.69553274
0.7864472
0.93658507
0.8916261
0.87667716
0.87168026
0.93199515
0.8155064
0.9061528
0.86673266
0.8891086
0.7962722
0.82129973
0.7728133
0.84487236
0.8686039
0.9333631
0.8716783
0.87517875
0.82883716
0.7504393
0.90939766
0.65041107
0.9098284
0.94428724
0.76684105
0.7514612
0.84961337
0.91386783
0.8414913
0.8186793
0.7701784
0.8215992
0.80602586
0.7648223
0.7380593
0.87277883
0.8042753
0.89866173
0.7989582
0.78945005
0.87894595
0.89006835
0.8679066
0.94041073
0.8678511
0.87998444
0.9651779
0.9493078
0.8881813
0.6261779
0.7724945
0.9482166
0.9152318
0.9326858
0.6460371
0.85238653
0.9123242
0.91875315
0.72868377
0.8357921
0.7420451
0.94996536
0.6398961
0.77119386
0.79964787
0.82119536
0.89705074
0.95907176
0.8016753
0.93568575
0.913387
0.7592307
0.70641035
0.91084874
0.8184098
0.93403757
0.79158384
0.9248494
0.6405385
0.8650243
0.7688928
0.8577858
0.9196461
0.85200304
0.84945256
0.72810024
0.6318069
0.8747825
0.87785757
0.8888415
0.92600423
0.91767824
0.7784086
0.8022424
0.8176759
0.9285297
0.9029057
0.72414243
0.7425169
0.8121551
0.7900601
0.91155744
0.7884886
0.6664531
0.90048516
0.93687755
0.96007216
0.6652409
0.95040405
0.8379255
0.7829007
0.6318835
0.8994656
0.85661674
0.9251195
0.77819335
0.8164044
0.88409615
0.7436207
0.8509841
0.8990244
0.888535
0.9138583
0.899382
0.90571856
0.80297786
0.9157082
0.89716184
0.858533
0.8638115
0.8058749
0.93374336
0.7965343
0.93500066
0.830144
0.88614315
0.8257934
0.8591572
0.8768238
0.8930093
0.8535535
0.9217596
0.90075153
0.8283198
0.9531993
0.90537864
0.9088196
0.90292
0.92967606
0.8922964
0.81311494
0.9544196
0.82496566
0.7432107
0.93879163
0.82204694
0.888275
0.8971901
0.8254504
0.8443898
0.86638635
0.88616145
0.886166
0.84149474
0.79502594
0.8327995
0.93803114
0.95325166
0.8360934
0.6878319
0.7691032
0.83908266
0.9451889
0.86783016
0.85531086
0.82441574
0.8449746
0.94730026
0.7459054
0.8622646
0.83829266
0.92195493
0.8365836
0.95521474
0.8978587
0.96128505
0.9077604
0.8431061
0.8232126
0.7204058
0.86285996
0.90595853
0.7905497
0.8415377
0.9265679
0.888701
0.8702154
0.7811748
0.90975255
0.8920015
0.90867984
0.84812355
0.6502341
0.8810102
0.90869373
0.8683429
0.7679125
0.6161876
0.81803334
0.8483823
0.9043746
0.888887
0.8929136
0.9407945
0.9652592
0.6908928
0.7972191
0.7771577
0.72835517
0.72041833
0.7861008
0.72096026
0.70876503
0.76093197
0.9356994
0.6609681
0.97958124
0.8879176
0.79007626
0.7142781
0.8519565
0.82676804
0.73075384
0.91003716
0.9010726
0.87841946
0.8899055
0.9163517
0.81917644
0.7679954
0.72852945
0.9240413
0.8485931
0.7813446
0.8123127
0.8012184
0.81986594
0.67216456
0.87379473
0.8966042
0.89727455
0.82162875
0.6570891
0.85109985
0.8435957
0.7679258
0.8606544
0.9073166
0.7153053
0.8714463
0.81209564
0.94008803
0.833918
0.60503954
0.8149682
0.8772906
0.8830888
0.78781325
0.7742242
0.81561625
0.81778896
0.93063134
0.8437961
0.80950564
0.9261683
0.7288433
0.8960559
0.70623404
0.9302433
0.87536454
0.86028934
0.91133535
0.95145273
0.69305706
0.84762883
0.67712915
0.8295318
0.8383544
0.8868119
0.81741583
0.8784045
0.91232085
0.93853945
0.8681766
0.7808544
0.85473627
0.75741404
0.7648189
0.9247366
0.8714351
0.82333595
0.85822016
0.88688725
0.7833278
0.8754374
0.9457104
0.8949091
0.93457806
0.9448142
0.94934946
0.8568535
0.7307597
0.60509163
0.9341829
0.927619
0.8789103
0.9004508
0.9295155
0.80013597
0.93142515
0.89159435
0.97738004
0.83844846
0.8736764
0.80206496
0.8777665
0.85942334
0.9168661
0.94882077
0.8697817
0.9121375
0.8914231
0.86835533
0.7533426
0.9146731
0.9278229
0.7953008
0.8551003
0.88755083
0.87629163
0.7882688
0.91179997
0.805869
0.9111208
0.86965615
0.87183416
0.88247716
0.9129168
0.92478037
0.84973097
0.91095924
0.79942316
0.80675167
0.74550873
0.9098271
0.91952324
0.9497501
0.94932103
0.909114
0.68081313
0.8794613
0.69408345
0.7050341
0.04994651
0.83205837
0.93484926
0.8055446
0.9511808
0.8306324
0.85221756
0.8845085
0.95743096
0.75140685
0.91136944
0.80979073
0.8986398
0.8698115
0.79723966
0.91787875
0.82894075
0.7427918
0.6845217
0.8885064
0.8270116
0.7821246
0.82378817
0.8986516
0.8561381
0.8217178
0.80250055
0.9733345
0.895074
0.8497547
0.8799234
0.85846734
0.8481926
0.92316985
0.9050714
0.87641376
0.8761788
0.8889669
0.8195162
0.8684345
0.939833
0.6859847
0.93214095
0.9126264
0.87106776
0.9005351
0.83924603
0.83040696
0.9366703
0.8230065
0.87228775
0.7988497
0.84614766
0.86440974
0.9299506
0.88404274
0.7649577
0.5341913
0.9069411
0.7875444
0.7291286
0.8014976
0.77862453
0.92216444
0.8812318
0.9037407
0.96631527
0.90553284
0.8211813
0.8584091
0.91242504
0.92295754
0.93819344
0.92918265
0.8956249
0.8406683
0.8515116
0.86570644
0.9213997
0.8494493
0.92761207
0.9108958
0.8406024
0.906765
0.9446607
0.82424426
0.83766216
0.80932224
0.8564961
0.926982
0.8266045
0.94200945
0.75283504
0.892168
0.9048767
0.88999295
0.8964212
0.8981431
0.8634027
0.9400305
0.781755
0.84011555
0.9239587
0.84041387
0.8099922
0.8860537
0.974525
0.8761511
0.788467
0.91896063
0.6988471
0.793506
0.8966459
0.86368406
0.8965536
0.7437211
0.8158591
0.9352424
0.9363924
0.7977973
0.8717648
0.8385607
0.9111289
0.827417
0.95050013
0.87800133
0.65470135
0.9032239
0.89872354
0.7810586
0.8548693
0.93966985
0.6037558
0.8760065
0.80545884
0.83177924
0.90601957
0.8961163
0.7575787
0.905944
0.89094347
0.93865776
0.9078249
0.7550044
0.8922381
0.8043174
0.707955
0.8243738
0.86065817
0.90829885
0.87121785
0.78293055
0.8584019
0.9000967
0.91123223
0.92240965
0.9194474
0.88231957
0.90031356
0.9329708
0.9215256
0.8477564
0.83311886
0.88549286
0.89887965
0.81066537
0.8333956
0.66693926
0.89469063
0.9317039
0.9252411
0.8795888
0.861019
0.8110528
0.6150518
0.8844696
0.89043134
0.87521785
0.7124375
0.9052999
0.9199076
0.7977338
0.7855622
0.9135352
0.8394498
0.90177524
0.7221273
0.8488128
0.95244586
0.87192065
0.7145062
0.75296915
0.92558104
0.8673118
0.79966396
0.51566577
0.90593535
0.86588055
0.92266905
0.7847506
0.85046387
0.9077177
0.75362486
0.93365955
0.92511916
0.89928263
0.85366267
0.83555824
0.8028924
0.7925874
0.9536946
0.8838021
0.9395219
0.9164691
0.87442577
0.81326276
0.81374776
0.94670206
0.87750864
0.9244218
0.9227119
0.8570658
0.89354956
0.8482426
0.7749971
0.8840454
0.80577344
0.81118613
0.96934736
0.9105958
0.72199655
0.73983985
0.8863363
0.8188658
0.9253557
0.64462256
0.8065791
0.9165562
0.8413678
0.8777505
0.93626374
0.7756873
0.9236363
0.85925657
0.74308753
0.9632408
0.75253683
0.7736447
0.9577683
0.92553663
0.87075484
0.7891796
0.956124
0.6852978
0.9108645
0.87211394
0.8995859
0.9080447
0.8652389
0.84114885
0.7413821
0.8994359
0.82282025
0.82059836
0.8323201
0.83840436
0.62325406
0.8819711
0.908916
0.7975254
0.91781056
0.8510868
0.81703407
0.8569975
0.821455
0.8510205
0.80761886
0.82442516
0.8399487
0.87723845
0.88965446
0.8367319
0.61973673
0.9685464
0.7690691
0.93930674
0.8801178
0.8454356
0.7585575
0.73410034
0.7866473
0.8910223
0.7708796
0.9012954
0.8191099
0.839889
0.8883771
0.9409426
0.84104806
0.8684376
0.8110661
0.8754026
0.8550111
0.86384207
0.8035837
0.9312805
0.7227921
0.8901913
0.8156179
0.86704063
0.8240203
0.8390368
0.82938683
0.8438375
0.9325739
0.897519
0.8606407
0.8562336
0.72232664
0.8408534
0.6502361
0.8469365
0.82471734
0.827458
0.63797224
0.8628617
0.884686
0.91152775
0.79562885
0.8381918
0.95139813
0.82518494
0.9504513
0.93559617
0.85975057
0.8429741
0.70801866
0.8626675
0.8453312
0.8114718
0.9426448
0.77316195
0.8731114
0.9504699
0.9235097
0.8694808
0.9023351
0.889049
0.8875512
0.92079747
0.91709316
0.91973925
0.92861336
0.8483368
0.84713817
0.8996325
0.7350645
0.9138387
0.8538223
0.71291125
0.9374644
0.8996601
0.7369286
0.88418376
0.7775392
0.7762079
0.8311938
0.90889263
0.8502783
0.90296054
0.82351595
0.78541803
0.9376143
0.79489654
0.8155412
0.7240141
0.9351586
0.9396371
0.86594987
0.9240786
0.94713694
0.85180396
0.91785395
0.7801437
0.88998735
0.7742047
0.84980613
0.7011389
0.9417631
0.8906118
0.8835799
0.92491806
0.8049688
0.92697406
0.8864491
0.8487801
0.8868031
0.9023975
0.83348054
0.7730551
0.8982215
0.89273155
0.7931072
0.8794212
0.91972065
0.8877003
0.85689384
0.85608864
0.6836385
0.73811144
0.7462409
0.9073228
0.6958056
0.8102611
0.93843985
0.72299594
0.6897865
0.83882165
0.96450603
0.9092344
0.6085769
0.9054294
0.8776737
0.7604112
0.8814659
0.92332804
0.8078784
0.6220049
0.9781049
0.90467256
0.7887916
0.68862295
0.8571773
0.8754152
0.9610542
0.8719759
0.83425725
0.9098892
0.7873454
0.7717623
0.7856543
0.7757705
0.8385864
0.861804
0.75776356
0.7032793
0.9440584
0.70953155
0.92056805
0.8461177
0.86221206
0.87816703
0.91641647
0.86525846
0.9185312
0.7533882
0.81247044
0.705236
0.8884417
0.92891204
0.80343246
0.6774082
0.9382426
0.80556
0.86492
0.84320617
0.88630396
0.8594326
0.92361486
0.8048791
0.92260253
0.8677988
0.74423003
0.8702497
0.8942446
0.72150373
0.9777369
0.92351466
0.87679446
0.8059713
0.9190625
0.9190667
0.7649252
0.88075
0.79077435
0.96134835
0.91461
0.7635675
0.91892284
0.87661004
0.73960376
0.7466724
0.8313553
0.96636975
0.8395839
0.84480685
0.85917306
0.899635
0.7958105
0.82404673
0.89124286
0.6930891
0.9186465
0.8828301
0.82657766
0.8003372
0.62319076
0.87626433
0.5445274
0.7470237
0.6837379
0.8967121
0.8345255
0.8761924
0.8802268
0.63776356
0.8392271
0.91360235
0.83711183
0.9093878
0.94145185
0.8548984
0.805192
0.8364048
0.8649609
0.92906785
0.86657315
0.9299462
0.7276404
0.9128391
0.7574612
0.91938406
0.8735421
0.6989922
0.8327298
0.85673773
0.8834152
0.86694384
0.7502449
0.899695
0.79138875
0.90347874
0.8098763
0.7673095
0.8682446
0.8387964
0.8458958
0.86137986
0.7789264
0.91143674
0.8081573
0.8904752
0.7894873
0.87142867
0.8826543
0.69852996
0.9469713
0.84397703
0.93182904
0.8977678
0.94471645
0.77828974
0.9573593
0.74233013
0.6413009
0.7623621
0.83697253
0.88548726
0.8576986
0.9637307
0.9132592
0.93023896
0.9038791
0.9373791
0.73899275
0.9334436
0.88128334
0.8124396
0.9315648
0.9513858
0.87297046
0.97098553
0.91659266
0.84475976
0.89201105
0.8668912
0.77085376
0.87266445
0.85806954
0.90342087
0.88532054
0.9214134
0.89453226
0.8789901
0.8894125
0.93375754
0.8244196
0.9267954
0.9046419
0.78110206
0.90264297
0.87746245
0.96276104
0.8862878
0.9359743
0.90901816
0.9450763
0.9120252
0.8581599
0.92681813
0.85167223
0.878437
0.5656515
0.9042035
0.92078996
0.8640877
0.8812108
0.9528624
0.9467082
0.88102067
0.7395645
0.9258345
0.8243664
0.8321181
0.85923743
0.91373295
0.9380112
0.79421175
0.85891354
0.676221
0.92399037
0.84291464
0.87380755
0.65259933
0.70189196
0.9345747
0.9458058
0.6784978
0.9269731
0.90067744
0.9051082
0.8481636
0.8737092
0.95771027
0.5670233
0.8953683
0.95223397
0.8431345
0.9196312
0.830716
0.8645178
0.73258376
0.7612139
0.8282933
0.88100475
0.9091711
0.89757586
0.9739872
0.8237737
0.77724934
0.9493943
0.84205306
0.89418876
0.7655987
0.827226
0.9621968
0.6862277
0.95510817
0.66724694
0.67140514
0.9284401
0.86941016
0.8656702
0.8503203
0.7530198
0.9155067
0.8992644
0.9067465
0.9131317
0.935061
0.854212
0.9295296
0.7291678
0.9277496
0.5894633
0.8619629
0.8941487
0.962347
0.77994806
0.92318046
0.941422
0.58115435
0.71107364
0.89074695
0.74639606
0.8584188
0.8396362
0.90747744
0.7936776
0.8371341
0.66950047
0.9102673
0.8728458
0.91110575
0.93017554
0.91401607
0.81710947
0.90849286
0.9650383
0.9375156
0.7164504
0.59063417
0.8770606
0.8334327
0.91515374
0.8451347
0.9307981
0.81218565
0.9260144
0.9287639
0.88372016
0.9041719
0.6624649
0.8792467
0.87709713
0.6585212
0.9296348
0.8815753
0.7628857
0.84584385
0.70770967
0.90954083
0.75213516
0.8669134
0.80901223
0.6959109
0.91104734
0.7737862
0.96499264
0.9756682
0.818735
0.8088715
0.8335627
0.89454746
0.9155424
0.7794207
0.72875834
0.8670678
0.95660216
0.83198595
0.9256239
0.9133478
0.9374319
0.86180365
0.8710414
0.7081819
0.7876596
0.89161706
0.87403464
0.9227842
0.8156242
0.9247739
0.9512969
0.9067296
0.82040024
0.8996984
0.8554075
0.8446844
0.8761372
0.9588255
0.6006176
0.8981004
0.9272309
0.91001135
0.9203805
0.9635122
0.47557342
0.74542356
0.639164
0.93520224
0.9288941
0.8043147
0.98055685
0.7835408
0.6390481
0.8739872
0.8732097
0.8761609
0.83139616
0.5410973
0.905987
0.79005486
0.73209375
0.86718714
0.9146807
0.7171879
0.6444304
0.9293679
0.8570081
0.8398286
0.7762549
0.8448054
0.8994349
0.91292727
0.9150668
0.92223954
0.77129
0.8695577
0.94356793
0.9296574
0.8143731
0.8699198
0.8304105
0.8898034
0.7921226
0.677418
0.95607483
0.8080544
0.844262
0.9072436
0.71647894
0.86769485
0.8685344
0.91845655
0.74892247
0.7103802
0.8385245
0.8047662
0.8634183
0.8762028
0.8477076
0.8877212
0.9726034
0.5791218
0.9414319
0.9417099
0.9071695
0.73579586
0.8580289
0.8349993
0.83990383
0.81967854
0.9833874
0.75648165
0.8189234
0.849378
0.8783605
0.9478426
0.92501116
0.8578604
0.91161096
0.89833546
0.75243545
0.90428114
0.82200116
0.84370995
0.95821303
0.58392245
0.9520689
0.79577196
0.8744663
0.7939394
0.82751983
0.8013288
0.77740717
0.8974924
0.9599943
0.952506
0.67456055
0.79426676
0.9342151
0.8246897
0.8628389
0.8429641
0.8708837
0.9828289
0.9355378
0.7918857
0.8498698
0.8294049
0.7355419
0.8763254
0.746835
0.9421421
0.812694
0.8895991
0.8866411
0.81377375
0.865331
0.9147444
0.9198214
0.94931924
0.8860518
0.8656629
0.9342973
0.90755576
0.7624635
0.8452016
0.89567494
0.8792162
0.8316654
0.93188053
0.904997
0.82235277
0.72232807
0.8343241
0.74031055
0.84249985
0.82826245
0.88393897
0.85428536
0.9159648
0.70379835
0.9009859
0.9041668
0.85026294
0.79664975
0.8654403
0.8887002
0.85613096
0.61286163
0.80013347
0.90003014
0.7587397
0.9325627
0.8855666
0.9258299
0.7928504
0.69275814
0.7985242
0.81936693
0.7083005
0.78758633
0.7811552
0.8789965
0.92662024
0.74612963
0.89355546
0.8668709
0.9267762
0.81389165
0.89975643
0.86214155
0.934189
0.8870894
0.701288
0.81458676
0.78141296
0.8063381
0.83393705
0.87748784
0.9618182
0.951032
0.93604946
0.8946355
0.80059797
0.7660019
0.72858405
0.8767223
0.91106135
0.8429813
0.9341434
0.82345366
0.834702
0.84580183
0.8862788
0.84145343
0.90296894
0.5489081
0.8751982
0.8767328
0.8564326
0.89156145
0.85657597
0.8084029
0.91682875
0.8742336
0.77141035
0.9578908
0.87860775
0.88814366
0.95058286
0.734279
0.4692697
0.91598856
0.9295262
0.9679151
0.8713738
0.74359936
0.7968676
0.8509439
0.8619751
0.8962983
0.8750441
0.7498538
0.9155461
0.86386204
0.8638055
0.9103051
0.6716362
0.93137866
0.619216
0.87581253
0.9567197
0.89497113
0.9792397
0.8026801
0.88710046
0.87576056
0.720794
0.7716915
0.8337418
0.8689853
0.91128206
0.91788274
0.67357385
0.82549775
0.9397608
0.9481527
0.91749775
0.74148685
0.8434051
0.9578725
0.8943537
0.8545557
0.97360075
0.911225
0.83432376
0.9021459
0.8513503
0.8588648
0.769368
0.83436537
0.9325014
0.7680428
0.8511972
0.83866495
0.8826073
0.90446687
0.8973493
0.75935525
0.8607323
0.7129352
0.8300867
0.85125625
0.8966446
0.94681823
0.9298013
0.823208
0.8890184
0.8409099
0.8814235
0.81885815
0.69858015
0.82909983
0.81020284
0.84853166
0.9000173
0.84592336
0.6245962
0.9501858
0.87253726
0.7832124
0.8774116
0.8248071
0.83517456
0.86770785
0.93177027
0.6590526
0.8784628
0.9479023
0.81512773
0.68841684
0.926079
0.87023467
0.9012019
0.8345133
0.81758076
0.91439986
0.8380442
0.84632117
0.8632805
0.8993426
0.8395233
0.8763373
0.6507387
0.74293166
0.904801
0.7653011
0.9595238
0.89111006
0.9071454
0.81306636
0.77646494
0.65819174
0.80947804
0.8087081
0.8384386
0.9030301
0.849954
0.8112881
0.90598834
0.72784233
0.8509526
0.8134527
0.77322006
0.9325603
0.92961776
0.6720419
0.9132481
0.86657256
0.8166783
0.9054436
0.9197635
0.8339771
0.8937791
0.90951437
0.83308375
0.87722427
0.8486172
0.8644944
0.64558804
0.8443936
0.9684385
0.90021473
0.8251156
0.84925485
0.9574619
0.7528059
0.89362
0.8777698
0.93909746
0.79798126
0.7392311
0.76333
0.91221786
0.76601195
0.8849622
0.8819498
0.6887201
0.8192388
0.88608557
0.95210207
0.811629
0.9252546
0.7106268
0.72553444
0.80753124
0.8623539
0.732534
0.829289
0.929857
0.8118793
0.8522823
0.7828827
0.92533374
0.94825846
0.8571449
0.91597015
0.7268214
0.9778101
0.826556
0.84038174
0.79386103
0.84368277
0.8374152
0.8478561
0.90096545
0.87176305
0.96708417
0.8431646
0.68133754
0.9053521
0.89866084
0.9346766
0.87805164
0.9280948
0.8213024
0.80562425
0.9147966
0.9484627
0.806733
0.48334777
0.860444
0.8742001
0.7738291
0.91283906
0.89235353
0.7930553
0.8525416
0.8575655
0.84316915
0.95445585
0.8163666
0.8145893
0.8184564
0.8306179
0.74412924
0.94620574
0.9006367
0.57703257
0.6795574
0.89852285
0.90867877
0.841501
0.7473383
0.874521
0.78634745
0.7515973
0.8465074
0.9603064
0.9363613
0.89732945
0.9503794
0.96362746
0.9588185
0.6633135
0.91525096
0.73033607
0.8150233
0.8577736
0.82972914
0.9196773
0.9510766
0.9129535
0.82001144
0.77695096
0.90261984
0.9352172
0.9421823
0.92791045
0.9337398
0.8594402
0.9371122
0.9058862
0.78601706
0.7403454
0.9774172
0.8018448
0.8273841
0.92492837
0.8685905
0.8399018
0.63705474
0.91359425
0.9140335
0.7772528
0.8352911
0.8194747
0.9045986
0.65491176
0.89491946
0.8805766
0.87962323
0.9138683
0.8192812
0.94695336
0.87432694
0.7724173
0.9205643
0.8754295
0.85588396
0.92831606
0.9535447
0.853564
0.8838956
0.8747575
0.8687409
0.79685926
0.89089274
0.67054296
0.6634192
0.7712272
0.9249715
0.87236613
0.8291787
0.8181334
0.9515799
0.82057405
0.87401116
0.8685944
0.8943061
0.83613276
0.81848425
0.7949358
0.84182566
0.87999594
0.71065074
0.8214936
0.8813411
0.83271325
0.95634824
0.9283449
0.81457466
0.8147546
0.8044293
0.8039301
0.94033635
0.918932
0.89572406
0.76982415
0.9399298
0.75355184
0.94079167
0.9365793
0.9545472
0.9126811
0.9588137
0.89427733
0.74052453
0.8329321
0.57269263
0.9120877
0.8068801
0.9213639
0.8898913
0.67878854
0.8130321
0.95137316
0.89086086
0.8464786
0.9212505
0.8822927
0.5506116
0.96079636
0.85547745
0.95495576
0.7956242
0.8802092
0.7869328
0.4672991
0.8826494
0.83086944
0.88468474
0.8406796
0.9128972
0.83474535
0.88665557
0.9632458
0.8911534
0.8575389
0.87305623
0.91537595
0.9400238
0.7524122
0.8043158
0.9245042
0.92473143
0.89848506
0.7742104
0.8825059
0.77036756
0.631698
0.8820347
0.930532
0.81327724
0.7546994
0.90038514
0.90899324
0.93696016
0.9657513
0.920021
0.85466164
0.9327159
0.93379486
0.82000625
0.8769287
0.8828288
0.835201
0.70458597
0.9583428
0.9217771
0.86923546
0.8516449
0.7436558
0.70510507
0.9353444
0.9085821
0.8106476
0.79411936
0.8988769
0.8369376
0.7780142
0.8000193
0.964735
0.9228481
0.9397153
0.82713234
0.8348601
0.7834473
0.8068493
0.7781307
0.75775445
0.7501608
0.83088857
0.88621527
0.7916784
0.7833109
0.7698498
0.93729293
0.8028003
0.67348325
0.81608075
0.8176167
0.8388441
0.94844353
0.8625666
0.80306035
0.871269
0.8499851
0.8921972
0.91721773
0.845614
0.85715294
0.92566204
0.8636772
0.6966091
0.881209
0.7549921
0.960276
0.89351344
0.8870664
0.7877159
0.85264444
0.9261996
0.7762035
0.8456195
0.73070985
0.8606
0.7093439
0.8975572
0.9311499
0.87524277
0.82051
0.80445856
0.8433298
0.7549926
0.8711782
0.9487859
0.78109586
0.82961404
0.9092756
0.7864304
0.9345745
0.9603395
0.973874
0.9663143
0.8018709
0.9060377
0.72364783
0.86720085
0.86593
0.87500125
0.8127285
0.876152
0.9198877
0.85287213
0.8558881
0.89608943
0.7959846
0.78920734
0.78509235
0.9225313
0.7293191
0.87416375
0.74896276
0.6906378
0.88679427
0.95553076
0.8709389
0.7794841
0.8938866
0.90880805
0.85736823
0.89646286
0.8047011
0.9022893
0.8786387
0.7972957
0.78273153
0.86983263
0.8469116
0.8455215
0.9532265
0.8110873
0.94215155
0.9474082
0.7604304
0.9193469
0.8005394
0.7276001
0.9273573
0.78531986
0.80377585
0.80235153
0.86714303
0.8175246
0.89541805
0.90645146
0.93189764
0.9489991
0.9010216
0.89100856
0.9578521
0.65019965
0.8348624
0.91586626
0.7843433
0.8625078
0.9075542
0.90117335
0.9129655
0.7857625
0.8909876
0.82759994
0.71247584
0.8623071
0.83075255
0.8809029
0.8445628
0.9614367
0.83456504
0.8132596
0.7970778
0.8936724
0.95351255
0.9254649
0.71666247
0.84862643
0.94316196
0.9498458
0.7246117
0.9611904
0.78753036
0.957523
0.8622061
0.88486516
0.90757704
0.82664144
0.85261226
0.8979581
0.9687891
0.81718224
0.9115231
0.8949333
0.8430788
0.89352435
0.9066771
0.97098553
0.8906775
0.7951325
0.97102064
0.83088154
0.8930459
0.92524475
0.8814707
0.8079715
0.8619499
0.8670217
0.88778466
0.978012
0.8491764
0.86766386
0.9105612
0.88318837
0.84459054
0.7965978
0.86504644
0.7004373
0.85017073
0.8902035
0.6213897
0.7849879
0.8806563
0.844771
0.8747678
0.940512
0.8554159
0.78269726
0.9090127
0.8288043
0.9197593
0.72823614
0.65956354
0.9048979
0.8621919
0.92994815
0.9015121
0.9506129
0.7821018
0.80985916
0.8412262
0.8871553
0.8240003
0.86151445
0.8387578
0.6795814
0.8472017
0.9200676
0.8774044
0.89691854
0.9345692
0.8189774
0.92544496
0.66831243
0.7961644
0.83442336
0.85118127
0.8308356
0.9221289
0.91067094
0.8689019
0.77126324
0.9417701
0.6253295
0.6957791
0.850857
0.9542858
0.7449622
0.8323185
0.9076938
0.81449455
0.794029
0.8817678
0.94665504
0.9454502
0.89108384
0.9297186
0.69850504
0.8150786
0.7215239
0.7453724
0.8370612
0.83889896
0.6554583
0.9127116
0.46359617
0.89078486
0.8920815
0.75034785
0.8234388
0.9121202
0.9272651
0.9575034
0.85162234
0.92181414
0.6886524
0.88047504
0.8892995
0.7411367
0.9511623
0.82751316
0.94474316
0.90160275
0.8548635
0.944508
0.9216149
0.86483324
0.76503015
0.91252714
0.851051
0.79796106
0.9009827
0.7916026
0.91759086
0.92239785
0.8905884
0.69112074
0.7523832
0.88471895
0.8873131
0.9470811
0.940824
0.776057
0.9302559
0.8123672
0.8462378
0.88854134
0.91865987
0.72461665
0.8139999
0.798703
0.8205255
0.901566
0.8959017
0.8439755
0.8604156
0.8237651
0.9392422
0.9156589
0.85974264
0.82403415
0.9039334
0.82035327
0.86243004
0.6505085
0.8635609
0.96661997
0.93010956
0.5645305
0.9464915
0.8319586
0.4601099
0.9704161
0.9125559
0.7981838
0.899105
0.8694973
0.78919077
0.73300266
0.87546754
0.8496849
0.8922067
0.9270893
0.7602459
0.83061796
0.82623047
0.83870137
0.8397763
0.85996455
0.9699532
0.78840756
0.950528
0.48350984
0.92779773
0.9010011
0.56980693
0.81766665
0.7644286
0.8746656
0.57400894
0.7225487
0.8297302
0.8661245
0.90643084
0.7520374
0.86465585
0.9306317
0.90205854
0.8146881
0.95042056
0.7803022
0.8546388
0.81793123
0.91002655
0.91315776
0.7430029
0.77287656
0.93701655
0.8073854
0.897603
0.96033454
0.83803874
0.8529527
0.88154155
0.8941926
0.8310567
0.8865489
0.8244801
0.87624013
0.73818606
0.8776925
0.80152225
0.7033905
0.92518073
0.75190914
0.73476267
0.96489984
0.9441701
0.7361196
0.8476588
0.84960866
0.8409718
0.83894974
0.74958783
0.9285156
0.7825812
0.8760376
0.74690866
0.8886091
0.7329272
0.74360985
0.936234
0.9446733
0.74680084
0.8226876
0.76942545
0.95950127
0.95294785
0.8699358
0.79648423
0.86405563
0.80159694
0.8424971
0.80589014
0.6632073
0.7961721
0.7258208
0.95777774
0.7571832
0.74399185
0.83072054
0.92814296
0.86985517
0.80369943
0.77656037
0.83479303
0.8303692
0.92115337
0.8834079
0.82317847
0.941193
0.8844875
0.91735995
0.8774041
0.8763354
0.61490744
0.93324924
0.7064984
0.9505838
0.9318984
0.9217142
0.8957617
0.8497986
0.9060825
0.7986762
0.90158993
0.8651527
0.88893104
0.89595693
0.95393974
0.80259025
0.81674975
0.8122976
0.8059224
0.6321247
0.89376783
0.92971766
0.84195054
0.74991953
0.9350784
0.7894186
0.7893642
0.8591108
0.9103576
0.84064245
0.9619378
0.7909509
0.7910153
0.86860776
0.90254104
0.90181786
0.66111225
0.8415886
0.9011994
0.78283304
0.52454567
0.9558996
0.91361326
0.85350096
0.80222464
0.89800465
0.8013378
0.77511126
0.79364216
0.83515775
0.8515886
0.8903543
0.93188083
0.9053193
0.91045713
0.90857
0.8912397
0.8708229
0.66769516
0.85053635
0.8055975
0.90076244
0.8539044
0.71613395
0.88060004
0.9351988
0.85522944
0.5366073
0.78227323
0.82704616
0.95537734
0.9257112
0.80836093
0.7308875
0.94667435
0.7669163
0.922598
0.8931122
0.9364951
0.95517224
0.91217494
0.7804643
0.9130401
0.8756965
0.69894403
0.81529
0.80367535
0.812165
0.9497525
0.9527993
0.7938248
0.84587866
0.75781
0.8229381
0.8471979
0.9242132
0.8779084
0.81884015
0.8034446
0.7687502
0.89077896
0.8794465
0.84086096
0.9255444
0.977144
0.92282665
0.6966929
0.86310506
0.80571413
0.89026415
0.9162301
0.86575305
0.8691562
0.95402986
0.87240344
0.864303
0.6865979
0.86353505
0.9278896
0.8690216
0.89013815
0.9599837
0.9322703
0.8907655
0.7240888
0.9157327
0.95416665
0.8413793
0.90077907
0.74618924
0.9002169
0.788393
0.8039137
0.59427464
0.9341035
0.8140152
0.8641826
0.8775894
0.8265912
0.91167814
0.8084849
0.6297746
0.7702858
0.84505826
0.91384315
0.8977493
0.6417625
0.8924325
0.918683
0.8482399
0.55071783
0.8133338
0.76792824
0.8257708
0.9174963
0.7955972
0.8748127
0.704007
0.92342883
0.9470571
0.84523594
0.5237276
0.8025831
0.90611005
0.86602557
0.9253627
0.7648901
0.9096886
0.90545726
0.79991895
0.84777814
0.95190275
0.8217535
0.8760229
0.75272274
0.9391328
0.93743247
0.6742166
0.62689245
0.7891551
0.67238945
0.7906227
0.85173976
0.8689318
0.86820734
0.7674123
0.8693213
0.9059771
0.8538493
0.91805243
0.9257438
0.72611517
0.82878965
0.8049544
0.9112138
0.68205893
0.7843912
0.9152732
0.856377
0.96208787
0.8363456
0.76888984
0.91770273
0.7690397
0.65500885
0.78517073
0.82331574
0.83287156
0.8390793
0.9169819
0.66814744
0.8432756
0.8934725
0.90126437
0.92470145
0.7984799
0.78542894
0.87626636
0.8453561
0.8778379
0.86673576
0.87439525
0.7457535
0.85363126
0.9381213
0.86789167
0.6930871
0.85529774
0.74321616
0.74138284
0.85756475
0.8303866
0.7423891
0.95629704
0.7085615
0.8383796
0.8717878
0.829041
0.7377298
0.9548648
0.9021797
0.87827075
0.80020684
0.8491792
0.8813947
0.8989922
0.915463
0.894702
0.96650803
0.7528985
0.8601568
0.88302505
0.9374813
0.9167774
0.73491514
0.88117576
0.9444896
0.8742553
0.9381814
0.9143137
0.8562089
0.8794044
0.8307117
0.8646664
0.9373254
0.91355854
0.9067574
0.8700611
0.95372224
0.86397535
0.96355844
0.8553413
0.8169672
0.90985954
0.9115528
0.7770801
0.7304046
0.91096115
0.8824463
0.85149443
0.8898656
0.88790447
0.85278594
0.8184631
0.8426298
0.7905277
0.96009344
0.8056832
0.91607785
0.9055234
0.85919905
0.8252031
0.80230665
0.90498483
0.838898
0.8024843
0.9352933
0.9127731
0.60601926
0.75437224
0.94954515
0.90318465
0.81504905
0.8438388
0.945146
0.8957553
0.8692979
0.8891839
0.8645575
0.75876117
0.89604735
0.7674922
0.5797407
0.8801887
0.7446935
0.8527842
0.89291835
0.9025476
0.76448447
0.87084574
0.8700699
0.96715814
0.8028503
0.6598614
0.9459545
0.77315116
0.8865724
0.9317966
0.96976936
0.9314776
0.7101988
0.75782764
0.7376188
0.81019723
0.8676046
0.76030433
0.8748458
0.9275727
0.84413624
0.7245293
0.7831192
0.7680792
0.9016347
0.8267718
0.9003582
0.84175974
0.9258508
0.9493078
0.95357627
0.8928345
0.8096308
0.92073727
0.7869692
0.8172194
0.91757214
0.9455357
0.9387013
0.72934544
0.9237813
0.95125556
0.81154037
0.71333027
0.7579301
0.963945
0.82884294
0.9094937
0.8187849
0.9186822
0.7766099
0.8886566
0.80731076
0.59864306
0.81864244
0.83319235
0.8688999
0.7672657
0.78107166
0.8534918
0.9475628
0.8189617
0.8598519
0.96033716
0.79928225
0.83688754
0.9594453
0.90445626
0.76218593
0.6949447
0.8741233
0.92119765
0.86063665
0.85949785
0.6684174
0.69204295
0.9046774
0.7206128
0.8703617
0.90841305
0.9280931
0.8010165
0.7562848
0.8156506
0.9352328
0.8229105
0.8619878
0.80306727
0.90304416
0.81339455
0.91741574
0.69398296
0.7372156
0.87408555
0.9001326
0.71758837
0.86842585
0.87541574
0.9047338
0.9452432
0.6878886
0.8385766
0.8699679
0.90227485
0.85712427
0.7856075
0.85823286
0.79683197
0.6547429
0.8232913
0.82714725
0.85963136
0.7935864
0.88962185
0.9114307
0.8929237
0.68309724
0.82839966
0.85309017
0.87916493
0.9174795
0.8018129
0.8951346
0.8294788
0.87756896
0.74346787
0.8744567
0.8530395
0.7802377
0.9286555
0.8708714
0.95024925
0.88224965
0.8689364
0.73006237
0.69660413
0.8396528
0.81140953
0.9138983
0.74760664
0.9089849
0.75255144
0.58228964
0.6274848
0.90931076
0.87652016
0.93585825
0.8085724
0.8785885
0.84982
0.8340672
0.89840055
0.8113117
0.59347486
0.7719524
0.88316697
0.8035259
0.8589293
0.8092613
0.88516045
0.89641374
0.7760489
0.7998816
0.8990679
0.8968358
0.83076096
0.950302
0.87018174
0.87598586
0.8637994
0.87735075
0.8538459
0.65242654
0.821015
0.824098
0.8166628
0.8175034
0.9056177
0.8310787
0.8727846
0.8384662
0.707227
0.93366444
0.8570424
0.83332014
0.89801955
0.8953925
0.8138157
0.7677907
0.7945571
0.921527
0.8721572
0.9499605
0.8621281
0.91592777
0.9317131
0.782804
0.96322954
0.8991033
0.7046084
0.85727847
0.8817319
0.8995464
0.87156487
0.74941826
0.75808656
0.7784378
0.91267204
0.8111372
0.9227245
0.91730267
0.84057593
0.8985336
0.83331275
0.9290137
0.7748285
0.95390517
0.85583407
0.77947116
0.6694869
0.81515986
0.791319
0.938779
0.95798814
0.87058103
0.8571643
0.8311576
0.8445099
0.84437567
0.7938013
0.9002042
0.8738165
0.89071363
0.8836386
0.8833461
0.89308214
0.8790564
0.8605042
0.7896436
0.84855205
0.80636406
0.8954782
0.8749912
0.91887116
0.86883104
0.8722006
0.91548795
0.87800497
0.8835882
0.8740807
0.92242
0.89704895
0.89472616
0.8258026
0.8369385
0.88883895
0.6414828
0.9259991
0.8452456
0.877476
0.70966154
0.92640215
0.870106
0.93549746
0.94214106
0.78172046
0.69543463
0.9277324
0.73470247
0.6552461
0.8091054
0.9778255
0.9547294
0.8953537
0.7228783
0.78498966
0.9753436
0.824216
0.7595119
0.771242
0.9349859
0.8723913
0.90443486
0.76321185
0.83559036
0.7155639
0.67118895
0.9357718
0.6934427
0.8102493
0.76921743
0.73712295
0.87167764
0.8592774
0.58408356
0.75265664
0.9315289
0.95749336
0.84805846
0.75367236
0.7587346
0.9343499
0.6299757
0.8541612
0.938675
0.8712271
0.7302521
0.88673943
0.92479783
0.8360799
0.95234334
0.901525
0.93395096
0.85237604
0.759871
0.84777784
0.82104814
0.7159649
0.96281654
0.7785598
0.80337447
0.8606564
0.7905407
0.8248683
0.8227936
0.9218118
0.9510919
0.78538543
0.7885977
0.911415
0.85170513
0.8826039
0.851788
0.83061004
0.90601474
0.8727594
0.7309444
0.71109545
0.8729146
0.87442493
0.89028883
0.6322198
0.7069297
0.797549
0.76766914
0.92928416
0.7919456
0.808222
0.8405313
0.7991631
0.85548156
0.80201757
0.7609924
0.83594525
0.85832465
0.9047878
0.8416151
0.81881475
0.68358827
0.9124839
0.65130883
0.7694505
0.59094805
0.9337033
0.7713133
0.81957746
0.8080013
0.8288487
0.75583154
0.8269689
0.9260731
0.8623916
0.9080469
0.844388
0.8911916
0.8246549
0.8081269
0.90060127
0.89096284
0.90349567
0.922911
0.79872763
0.84211665
0.89986277
0.8512138
0.9519781
0.89430827
0.75099784
0.90686643
0.8577833
0.7340759
0.8500358
0.9374431
0.8190863
0.88517034
0.7873023
0.89890087
0.80605304
0.81928253
0.90995777
0.859203
0.91566277
0.82362545
0.9327305
0.83902436
0.8764456
0.96568596
0.9110654
0.9320283
0.80601776
0.680406
0.8928399
0.8603216
0.92917764
0.8362996
0.9353622
0.89339954
0.942301
0.85396355
0.8082728
0.81431174
0.94903326
0.9061606
0.84082806
0.76806694
0.876624
0.73634416
0.8871602
0.9708333
0.89141494
0.91694844
0.92867976
0.96436965
0.82487655
0.7435852
0.76592666
0.9112706
0.87249196
0.61218345
0.9294293
0.84313935
0.60254043
0.92740774
0.9560188
0.8878288
0.8969642
0.95205826
0.62281996
0.48080888
0.7316013
0.7812644
0.69776285
0.88908887
0.75603104
0.80491096
0.86964226
0.91289407
0.95416766
0.84217316
0.7771294
0.6415042
0.9068918
0.88158166
0.7877255
0.8200436
0.8809172
0.81170976
0.91770315
0.821726
0.934718
0.8608502
0.8182328
0.93185854
0.89147174
0.9359627
0.89301795
0.7836956
0.7684115
0.7157121
0.79930305
0.8444246
0.85997057
0.514413
0.69735366
0.8035848
0.8939941
0.8252841
0.8664088
0.70788425
0.81279844
0.84191656
0.8549812
0.72650003
0.75491947
0.8765135
0.9023564
0.8649625
0.8815341
0.8697312
0.8685775
0.8758196
0.83584625
0.7532251
0.85087097
0.8230052
0.6933454
0.9207233
0.9061807
0.9602096
0.9037388
0.8459985
0.8569052
0.8923371
0.6503727
0.8600053
0.93419725
0.85848033
0.71764827
0.9416369
0.8854983
0.9780896
0.84493256
0.8377434
0.8487253
0.8845417
0.9748385
0.8502522
0.76631284
0.9608513
0.8126302
0.9141239
0.91455555
0.91713125
0.7797406
0.93693084
0.9276607
0.787928
0.8985517
0.82459646
0.91889125
0.67712116
0.79725266
0.9350585
0.919182
0.77124697
0.813388
0.8580569
0.82708216
0.9300351
0.6510657
0.91184646
0.81317914
0.8234704
0.70714647
0.78846604
0.73672104
0.91376424
0.6726207
0.76511866
0.8565196
0.8516668
0.82798195
0.92747587
0.9110029
0.7289598
0.778432
0.8667419
0.7730607
0.8936828
0.7894192
0.9046793
0.8331638
0.9602356
0.89891505
0.7993876
0.82768506
0.8171358
0.8469692
0.85755616
0.8998729
0.8851861
0.9176253
0.81250465
0.93548214
0.86231303
0.9185244
0.6714678
0.95111334
0.7975367
0.840136
0.77465594
0.84886885
0.789482
0.89988554
0.97168064
0.87824523
0.7236402
0.8843879
0.8980484
0.70439875
0.9291862
0.8995659
0.76774347
0.8188918
0.8327814
0.9304286
0.75012076
0.9529773
0.9107416
0.7475466
0.8962643
0.85491675
0.88696504
0.8128928
0.8806943
0.8162804
0.9783466
0.8096411
0.9652952
0.84521323
0.77800214
0.8733449
0.9389863
0.81186193
0.81011343
0.8450115
0.68411595
0.72956496
0.90081125
0.89466864
0.9273048
0.9219643
0.96271753
0.92646575
0.87800527
0.87345535
0.95484716
0.86338115
0.9261661
0.7660931
0.92876595
0.7819891
0.8398218
0.8835793
0.87850624
0.77223015
0.8429156
0.8013949
0.6847235
0.9223869
0.9436223
0.89562386
0.9551215
0.9119033
0.5911794
0.7680712
0.9133447
0.9620358
0.82653457
0.7554344
0.93052346
0.8185111
0.83173895
0.83068186
0.75507194
0.7213392
0.6869768
0.85605466
0.92068183
0.9478583
0.8661524
0.9028008
0.89078355
0.9633684
0.9226558
0.8906215
0.7248671
0.92336446
0.8167479
0.8697002
0.82984054
0.8308687
0.9032947
0.8624995
0.64878464
0.84319526
0.8818861
0.89339054
0.8123045
0.7999307
0.87448514
0.86057967
0.79358184
0.9299403
0.84486604
0.89314616
0.861511
0.9049257
0.8774525
0.8542919
0.8401531
0.8238778
0.8191459
0.7768412
0.70677197
0.7443339
0.9015728
0.8128128
0.84338725
0.81241065
0.9278908
0.7785534
0.90010923
0.83638394
0.857785
0.9241901
0.8750753
0.7734765
0.863545
0.8936777
0.86146957
0.8651961
0.77314025
0.8800806
0.78737235
0.87673116
0.92373556
0.82790184
0.96458197
0.97916055
0.9461445
0.92487043
0.94261354
0.6656205
0.93916935
0.79142153
0.6954229
0.91762865
0.90560687
0.8916503
0.91100794
0.90945065
0.8560671
0.9434074
0.81993467
0.7944783
0.97593236
0.7905994
0.95632994
0.7941462
0.77509916
0.9116863
0.89412695
0.8670916
0.8569505
0.8596698
0.75674367
0.7682948
0.7374761
0.9528899
0.83926487
0.95099
0.6598786
0.7906052
0.77016354
0.9234493
0.86788356
0.97765774
0.8691201
0.93731743
0.73362535
0.82925093
0.8042073
0.9014276
0.91674924
0.7710216
0.7586271
0.828548
0.80518854
0.8889137
0.8177332
0.8141498
0.84380853
0.8794569
0.7244231
0.8965015
0.82023364
0.8125795
0.86608416
0.7651465
0.79823375
0.80193347
0.80318755
0.854104
0.8954913
0.8392472
0.9584206
0.8119525
0.88222945
0.8145612
0.8802109
0.88268983
0.7786741
0.835662
0.8823041
0.66536844
0.9162241
0.8199811
0.7953299
0.92503285
0.90510464
0.8892114
0.970163
0.8431802
0.7820308
0.6724361
0.97364277
0.85901785
0.75386924
0.8321059
0.9489817
0.93881404
0.8362519
0.89827245
0.92165387
0.932094
0.7439685
0.9493183
0.8089227
0.73850083
0.9693096
0.7014673
0.95481426
0.88840544
0.88990796
0.94782376
0.88735723
0.7348388
0.7115486
0.82908183
0.87834704
0.8450819
0.86201954
0.82533956
0.6967652
0.86462927
0.77973896
0.9151413
0.8388243
0.9526926
0.9469988
0.77745
0.93389136
0.9082929
0.8607424
0.7495962
0.8191631
0.76087844
0.7813859
0.8406232
0.65876997
0.7317523
0.8784651
0.9542501
0.7628229
0.8469446
0.9493641
0.9276928
0.8796263
0.9137272
0.80284196
0.75566375
0.7150023
0.900503
0.95328045
0.7612644
0.78322846
0.9215765
0.90486354
0.9328813
0.8906197
0.83992803
0.7910918
0.8790208
0.9550581
0.89816934
0.8236845
0.6262501
0.9029461
0.91878176
0.79093975
0.824349
0.91106826
0.9548358
0.7464183
0.81279445
0.9168153
0.7933223
0.9073621
0.8339522
0.68987334
0.85873103
0.86959386
0.9111346
0.6593826
0.8669899
0.85876286
0.7486691
0.89476544
0.8885354
0.91097724
0.81679744
0.8747003
0.91697496
0.93063325
0.96060145
0.8962633
0.86547184
0.68128544
0.6265537
0.9448513
0.8983534
0.74334764
0.95433414
0.9192145
0.887373
0.8755891
0.66383934
0.7478443
0.82271016
0.86011523
0.8330476
0.90408885
0.8662801
0.94781953
0.88931185
0.9057963
0.8963768
0.92549187
0.7970575
0.8995567
0.80842483
0.9197114
0.88413167
0.8095333
0.899797
0.88780576
0.92964387
0.8952117
0.95093817
0.8783833
0.90119046
0.88773584
0.8407591
0.9473288
0.79941255
0.77215207
0.80011225
0.9244211
0.90403146
0.7747895
0.9219388
0.9028657
0.8404467
0.92491126
0.9190348
0.65683365
0.7833049
0.9209201
0.7832826
0.75237846
0.888733
0.84013957
0.6458448
0.862202
0.8764496
0.7373882
0.8247949
0.9173592
0.94122636
0.77310264
0.88796645
0.9366176
0.8163669
0.89400816
0.8658693
0.7405828
0.80455756
0.7341565
0.54619205
0.73548627
0.68741274
0.9748007
0.8753637
0.8099217
0.8744008
0.7999828
0.95411825
0.85918474
0.8892683
0.72088575
0.94288754
0.9218399
0.97481835
0.93323886
0.8323567
0.7818253
0.8262572
0.83594865
0.7800131
0.9629681
0.9144718
0.95885926
0.83540547
0.7636063
0.9127873
0.9140436
0.9159706
0.81126326
0.8314687
0.9254221
0.71180826
0.94317704
0.9721414
0.92605007
0.9333732
0.8369408
0.9446863
0.63422793
0.8679878
0.6095058
0.89539516
0.9482729
0.84583753
0.8156896
0.89628714
0.9033499
0.9055694
0.8459598
0.6140009
0.9318189
0.87302315
0.9370824
0.8767975
0.88393927
0.80025876
0.5571292
0.742094
0.85911334
0.86179036
0.8105141
0.8109473
0.90185463
0.90735704
0.96548605
0.92711186
0.8254004
0.8280122
0.59098715
0.86404747
0.9235171
0.7983405
0.8746691
0.83911556
0.92278373
0.9419402
0.7276633
0.93697184
0.84126836
0.868353
0.61502445
0.829406
0.8365136
0.9024413
0.8234132
0.6764631
0.74114144
0.7521766
0.868242
0.7927679
0.7109307
0.8865114
0.88011074
0.77178013
0.9361599
0.89549863
0.9245443
0.9346548
0.7647293
0.8182881
0.8028528
0.7611089
0.64841586
0.853014
0.64351845
0.9559312
0.85350347
0.66425043
0.7576741
0.90556026
0.7560932
0.8270454
0.8409982
0.8973876
0.91878843
0.53180283
0.8396313
0.8882992
0.96791196
0.8709137
0.93200386
0.94478333
0.82437646
0.92383254
0.8041455
0.83681166
0.82565266
0.8527068
0.87784755
0.737498
0.39930156
0.7059288
0.9021522
0.907699
0.84496224
0.9334963
0.8314808
0.89157426
0.90530443
0.93108606
0.92099476
0.8673842
0.91497123
0.77108717
0.84120715
0.742677
0.8919857
0.5070735
0.79654515
0.7033022
0.86154246
0.6868235
0.9449388
0.8026637
0.83775854
0.8597246
0.9293091
0.86164385
0.95253867
0.8307474
0.9507155
0.8431733
0.8494028
0.8770449
0.66969943
0.84149134
0.78944117
0.88896126
0.8902097
0.8050172
0.8648663
0.73692274
0.7943616
0.8793521
0.74324435
0.8534898
0.80969775
0.90771145
0.7436831
0.7556961
0.890556
0.89021754
0.7575811
0.7921049
0.8218808
0.8170802
0.8403548
0.83358616
0.9189469
0.92946947
0.70063365
0.7893455
0.7933408
0.72814345
0.88519263
0.9138947
0.89439833
0.91534334
0.6074863
0.8564009
0.79065776
0.7907279
0.9341122
0.8600649
0.8387903
0.79801106
0.9425833
0.7306734
0.76449203
0.8570075
0.81580865
0.9137433
0.891709
0.7529014
0.92418456
0.8700621
0.9269828
0.77571857
0.71347016
0.96245867
0.8393573
0.82784593
0.8319791
0.94485825
0.92431986
0.9315594
0.77249634
0.82724464
0.90476507
0.7329667
0.86325663
0.91988397
0.8014975
0.8885001
0.9074713
0.8635049
0.87491816
0.86539173
0.8300637
0.9111702
0.8782437
0.73046726
0.9179016
0.83733
0.63697505
0.76730376
0.76121545
0.7971094
0.94466543
0.8274858
0.8169693
0.6535222
0.80633724
0.8627141
0.55806184
0.7973881
0.77599955
0.82017225
0.785358
0.9545552
0.9401988
0.91300017
0.88316983
0.86823136
0.91768116
0.8058986
0.93468326
0.8288541
0.91511875
0.9239533
0.7950402
0.7797718
0.91839737
0.8749532
0.641661
0.90507305
0.8087739
0.7654729
0.7965984
0.82781076
0.86766523
0.80001646
0.8929188
0.8066083
0.91927356
0.92678434
0.82552546
0.9077436
0.8919181
0.8936853
0.91807604
0.6161677
0.927088
0.9165161
0.958083
0.8584517
0.647485
0.8259367
0.94851804
0.88633585
0.83298075
0.6703304
0.7994718
0.9108056
0.9158601
0.79483885
0.74008834
0.8631121
0.799562
0.75638235
0.8706228
0.9264799
0.4921675
0.87265354
0.75696075
0.73341167
0.80668867
0.8058212
0.8760835
0.8848218
0.8361089
0.86986953
0.7577381
0.9133241
0.772734
0.92544067
0.6925881
0.9254453
0.8058037
0.87703323
0.5899938
0.87561363
0.8986369
0.78130305
0.83023727
0.65528226
0.8602392
0.7755481
0.841613
0.7122451
0.8636389
0.71608573
0.56243557
0.9246215
0.6656275
0.87772286
0.8001306
0.94065094
0.6803254
0.8581874
0.8311726
0.9725389
0.83652747
0.8604493
0.9161868
0.7475882
0.7256229
0.80281144
0.92233294
0.89693165
0.9511578
0.90197134
0.63701326
0.83955306
0.7076794
0.9097527
0.43803233
0.80606973
0.87333083
0.7447646
0.8708547
0.72595394
0.8106934
0.84127843
0.9582207
0.8792631
0.8523721
0.8015466
0.67188257
0.8611486
0.8543299
0.81825167
0.8965984
0.9111892
0.75905347
0.9062108
0.65939415
0.63124365
0.83286965
0.87245065
0.79109305
0.6945499
0.8398518
0.76389915
0.89632237
0.82832164
0.9355246
0.8342227
0.6848219
0.71174467
0.9120686
0.87412393
0.8108802
0.86787564
0.8693204
0.8001038
0.8497469
0.7852402
0.8401606
0.92647785
0.8893234
0.84346724
0.810007
0.78546315
0.9370472
0.78995633
0.92912054
0.93022996
0.87811637
0.86958325
0.7189376
0.9384632
0.8473443
0.73534477
0.762807
0.82519585
0.6651763
0.6798978
0.8501608
0.9353286
0.8587646
0.848367
0.8614984
0.82805985
0.8249384
0.8707099
0.8794542
0.95125985
0.9124167
0.8723116
0.88878715
0.825946
0.9825199
0.69288534
0.8871533
0.8291079
0.9207653
0.9095747
0.92847717
0.7844504
0.74488014
0.94537383
0.93715465
0.847785
0.85531175
0.78849804
0.8828279
0.8163105
0.8891879
0.89950824
0.70890635
0.7875242
0.8025802
0.92796874
0.8483958
0.72724277
0.88389677
0.6020806
0.83620197
0.85753405
0.91262954
0.82667345
0.85205984
0.71426237
0.9343482
0.8903916
0.9287258
0.7794569
0.6371465
0.9563199
0.84465957
0.9170332
0.83033305
0.7262797
0.95288306
0.93729854
0.8142261
0.91844416
0.66503435
0.9594768
0.7330233
0.5287089
0.8983202
0.8499979
0.9085348
0.8441079
0.91194713
0.8386785
0.89720297
0.8507269
0.90405786
0.9208878
0.861716
0.823949
0.864727
0.8491784
0.766948
0.8170109
0.9328347
0.94229233
0.8511471
0.880762
0.7502126
0.8836125
0.713121
0.8973822
0.8264795
0.9315165
0.92424476
0.92551214
0.90753734
0.9605071
0.83648556
0.9567372
0.8249387
0.8886042
0.8126812
0.9336281
0.7973996
0.92246324
0.8814972
0.8717195
0.7249917
0.8677476
0.8831854
0.94004923
0.679891
0.90914166
0.8061116
0.9061317
0.8063651
0.6792264
0.8215855
0.90142995
0.84370255
0.8729386
0.9083608
0.8900722
0.8443577
0.8942942
0.86299217
0.77884614
0.8016645
0.8932551
0.72810596
0.90645635
0.891608
0.69453126
0.92465687
0.9470465
0.8586491
0.86594796
0.80303615
0.74337107
0.93847716
0.7968994
0.87785834
0.8630598
0.7522179
0.76545674
0.8637943
0.88721156
0.85676444
0.8504164
0.7206092
0.8360703
0.8402479
0.80265254
0.936993
0.94030714
0.61616015
0.852037
0.94664675
0.8939378
0.94101715
0.7529979
0.8148315
0.79125553
0.82528996
0.8362739
0.9569086
0.84125865
0.7938196
0.8808749
0.9607979
0.87178147
0.89906615
0.86641
0.9602457
0.84790796
0.90675884
0.8856933
0.9221651
0.80492586
0.8428976
0.8670709
0.83789396
0.8616617
0.93033385
0.76272434
0.8683358
0.8415865
0.92213213
0.87413764
0.88069576
0.90623695
0.8855935
0.8007002
0.71026504
0.88206565
0.82325166
0.936295
0.77333915
0.8527433
0.9476565
0.9733808
0.87126094
0.88761216
0.8557327
0.85216653
0.7079797
0.8846567
0.86940753
0.86894184
0.8383698
0.8768004
0.84311473
0.8222227
0.8376959
0.8501781
0.8241352
0.9126236
0.8404769
0.8921047
0.8349707
0.83058953
0.8005861
0.80628437
0.53596485
0.79798657
0.84679717
0.8902573
0.70427907
0.886971
0.7990409
0.7349011
0.8741923
0.7414145
0.8967314
0.92164487
0.80239385
0.8637421
0.96231127
0.7580741
0.884218
0.7385734
0.94493216
0.8996431
0.9588428
0.8748383
0.777089
0.7386079
0.93934226
0.7068388
0.9289389
0.7387157
0.7739441
0.8681506
0.8516529
0.8632763
0.75782824
0.80932724
0.9154788
0.81946754
0.8115342
0.8133637
0.7848704
0.7684438
0.7343805
0.9190551
0.93135047
0.7583679
0.93575644
0.85420924
0.95556015
0.797058
0.8529602
0.94627833
0.8944769
0.94191164
0.78511274
0.88616437
0.8028169
0.8332495
0.83716214
0.69651866
0.74751073
0.87172586
0.8960782
0.7851922
0.76339304
0.83207166
0.7479736
0.85825604
0.78399336
0.8471361
0.9173258
0.8682831
0.87869596
0.9035482
0.8157144
0.9354088
0.78267753
0.79990256
0.83101684
0.8789415
0.79645294
0.91376245
0.66657263
0.76356524
0.82737345
0.88548493
0.86130375
0.8896024
0.72280246
0.8968696
0.62281704
0.74121106
0.96736944
0.8830814
0.8631704
0.70516616
0.91193426
0.92703927
0.8944835
0.8411757
0.5186418
0.91905427
0.7363235
0.8386974
0.84324944
0.847304
0.7924178
0.8422378
0.8047032
0.5931581
0.7220149
0.6596501
0.89404666
0.9174398
0.7591427
0.8315457
0.6148714
0.7994408
0.71590054
0.7730537
0.9024011
0.8162949
0.7407971
0.7383884
0.9205785
0.9134922
0.7124047
0.9432403
0.74583554
0.953722
0.82403374
0.8457216
0.83603144
0.8263622
0.9117446
0.9109844
0.9071883
0.9258886
0.9517826
0.9187846
0.753108
0.95922625
0.7990044
0.67011106
0.8537044
0.8549594
0.811671
0.89755714
0.914393
0.8392095
0.9462594
0.7141638
0.87076265
0.83790725
0.9371043
0.953044
0.56857884
0.8404727
0.91138554
0.5204747
0.8139816
0.890237
0.9549842
0.7449964
0.8245784
0.62057626
0.91644764
0.8733764
0.9678612
0.8044971
0.638258
0.8989177
0.7316769
0.6024854
0.8831889
0.8287957
0.88643587
0.86310184
0.8753529
0.9086147
0.8411486
0.8546229
0.92032695
0.8154322
0.9128671
0.9062413
0.9288683
0.6454439
0.80283105
0.9221817
0.7565645
0.78338635
0.84158444
0.8684552
0.8685346
0.81314945
0.7701086
0.85280347
0.8150306
0.8856478
0.8432356
0.8709589
0.91969943
0.8681531
0.80560905
0.80703264
0.9530353
0.7569027
0.9285124
0.8741261
0.8835987
0.85778666
0.8345245
0.84831715
0.8528945
0.89956206
0.90231264
0.87526417
0.8977473
0.51931655
0.67214537
0.88429326
0.8615315
0.6749141
0.88566
0.781905
0.82877505
0.90263176
0.9103962
0.7955474
0.8139946
0.8801249
0.86624825
0.86614406
0.83315396
0.8610337
0.5163089
0.8214218
0.74528545
0.7187378
0.8040116
0.8604599
0.898791
0.68275845
0.7855971
0.8613111
0.87184775
0.93088084
0.8431676
0.93635744
0.94740903
0.83069307
0.76589197
0.87689763
0.72388434
0.752252
0.9182906
0.9513464
0.867801
0.84046733
0.94533336
0.81437814
0.9275323
0.87647986
0.89188087
0.7899459
0.61389124
0.746922
0.96084714
0.8390382
0.81408244
0.8066499
0.9568356
0.91735125
0.92093956
0.8970865
0.93535805
0.88737386
0.793941
0.834952
0.83234805
0.6555916
0.9439635
0.93292123
0.8661373
0.87539166
0.86446404
0.67685276
0.76123595
0.8507025
0.95757055
0.8624233
0.72205377
0.87386984
0.8884939
0.914711
0.7162973
0.8539549
0.7487609
0.86845326
0.6897329
0.9107157
0.9181327
0.94438654
0.94572955
0.94448626
0.80334306
0.58001864
0.78134584
0.8939279
0.7985019
0.8989017
0.553022
0.6041012
0.8139732
0.8309612
0.82971483
0.7544863
0.6172685
0.79408157
0.89472896
0.8852642
0.73420817
0.72372514
0.7376013
0.74295104
0.8709125
0.7722435
0.81820583
0.70883095
0.6943054
0.79315376
0.88840926
0.85922563
0.8630116
0.8885047
0.7042443
0.9337997
0.8685148
0.7914727
0.7385849
0.7927056
0.6406873
0.80549395
0.7990382
0.924891
0.8281248
0.8147059
0.857479
0.86967474
0.8378673
0.87043566
0.8771157
0.9032966
0.9362176
0.8762316
0.76942754
0.7698113
0.8724856
0.8817498
0.9298122
0.9170429
0.7821752
0.9318336
0.8615681
0.94456506
0.8743062
0.750939
0.7109572
0.81649286
0.8657854
0.59454167
0.8814614
0.61798704
0.8076482
0.72552395
0.927064
0.8398914
0.7561899
0.8435427
0.9116019
0.8237259
0.8640911
0.9281399
0.82439846
0.92115974
0.888742
0.93848366
0.89868975
0.8215548
0.7918901
0.902255
0.8928886
0.8099977
0.964684
0.77283967
0.7865468
0.8958329
0.73152244
0.96967846
0.94732404
0.9740927
0.95951545
0.8510738
0.871531
0.91591233
0.81914353
0.67451847
0.81070346
0.9034795
0.92862546
0.8979996
0.88850534
0.8864249
0.8128029
0.81808716
0.92308277
0.68675077
0.8288894
0.7708633
0.93134534
0.8043118
0.92414564
0.8272982
0.7837381
0.67367065
0.76105464
0.8962122
0.89313215
0.908245
0.721161
0.81185645
0.81662655
0.80421275
0.90085554
0.8507323
0.82619834
0.8521971
0.8033855
0.9063051
0.9256537
0.8819492
0.839271
0.74022686
0.9504944
0.83844984
0.84527886
0.61905235
0.95197326
0.9600528
0.72274286
0.8248173
0.51977533
0.8868552
0.9105894
0.8312348
0.84801674
0.92405605
0.851331
0.9368136
0.7108414
0.9011425
0.9159203
0.90984404
0.95579404
0.8574861
0.7980269
0.6562409
0.9136653
0.8347637
0.9559214
0.8176894
0.8996486
0.80436265
0.8730228
0.85015386
0.5400289
0.5882077
0.7886206
0.929025
0.9024802
0.85975087
0.90362275
0.9456125
0.9205278
0.81741023
0.9021846
0.90457284
0.93295836
0.9435772
0.93886405
0.8539059
0.9258989
0.91012895
0.9375804
0.93561876
0.809622
0.9617304
0.879581
0.8358757
0.93164736
0.9380092
0.7512205
0.89801055
0.92094195
0.75759023
0.9015974
0.7844662
0.80072725
0.7510352
0.86308485
0.8899054
0.8789114
0.89865273
0.9266043
0.7294584
0.65306175
0.8117868
0.7397014
0.9764921
0.8194133
0.9369927
0.799037
0.87082404
0.8132943
0.9274002
0.6725435
0.80177087
0.87021315
0.8873797
0.90007985
0.8850047
0.9476239
0.89555204
0.8255551
0.92052174
0.95340633
0.9077791
0.87041837
0.7599245
0.9001434
0.91113025
0.8033438
0.8437204
0.93149096
0.92944276
0.8798109
0.92371523
0.8202578
0.81067586
0.9474304
0.866043
0.87211406
0.92715824
0.8299128
0.8177937
0.8177792
0.95928866
0.8944828
0.87546116
0.8000481
0.88172543
0.93931836
0.83124065
0.79597753
0.8378119
0.95484346
0.64512414
0.78042877
0.88652337
0.95421064
0.8588722
0.91187644
0.88642645
0.8380849
0.85562885
0.8765674
0.75418925
0.88755167
0.85510325
0.72895616
0.73659694
0.85046744
0.7818932
0.7801763
0.55248517
0.76323414
0.8332034
0.8385772
0.8714054
0.8888408
0.88780725
0.9384717
0.7406446
0.8272221
0.7420732
0.79487884
0.85806555
0.91123784
0.91849554
0.8747571
0.8959978
0.9530985
0.8265619
0.9446864
0.7565829
0.81631595
0.892684
0.8496401
0.9187425
0.78637195
0.7735332
0.9003224
0.8036273
0.85789275
0.8954675
0.78274983
0.88486886
0.70930487
0.65885544
0.7692392
0.86142063
0.7752379
0.78886056
0.93973565
0.7574719
0.87737846
0.8805193
0.90687835
0.82484275
0.9396914
0.9370996
0.90435314
0.6170305
0.936628
0.76820165
0.8939069
0.7750921
0.90973794
0.86432815
0.80881834
0.79672307
0.95900124
0.8470372
0.9099106
0.8996596
0.9636418
0.8557532
0.9584905
0.8608238
0.87764585
0.8221213
0.8820491
0.7916642
0.70335
0.92665565
0.8626029
0.8659804
0.8908068
0.71718395
0.78801644
0.85883313
0.8135509
0.92104274
0.8488018
0.8294202
0.92667234
0.63301224
0.82300556
0.7189729
0.6955808
0.81966895
0.91075444
0.74502623
0.8697208
0.8737662
0.8212284
0.85472506
0.936236
0.8766172
0.95111465
0.769924
0.9634854
0.82244724
0.9352905
0.88104963
0.8108984
0.9280919
0.91739845
0.95709825
0.84443945
0.88755804
0.79426056
0.8465087
0.86140347
0.8854215
0.8878938
0.8598416
0.94275403
0.81796956
0.8677309
0.9322339
0.9085059
0.86580676
0.73637676
0.8462324
0.8257526
0.94245905
0.8933589
0.91232634
0.83620673
0.90653175
0.7040087
0.9415648
0.8335508
0.89791864
0.5650482
0.8253443
0.8652451
0.93039346
0.7090063
0.8335103
0.7863042
0.92141354
0.8314118
0.7985714
0.93242145
0.8878187
0.71446246
0.7801393
0.7677189
0.6550011
0.8100987
0.88727367
0.84189767
0.80580735
0.9685706
0.86845446
0.7073027
0.9134004
0.6596441
0.7748139
0.8796436
0.84104776
0.8690115
0.89645904
0.66987926
0.71878415
0.88857675
0.80714655
0.51238626
0.8198944
0.8595352
0.9393753
0.66011095
0.7703134
0.833821
0.5498913
0.91498685
0.7291945
0.9000623
0.9308096
0.87195617
0.84143865
0.83423465
0.85126734
0.65091527
0.81376225
0.79605526
0.7498255
0.8010582
0.90168595
0.8692887
0.7869208
0.8593714
0.8783752
0.90219444
0.6697756
0.766064
0.8910517
0.9481121
0.88561374
0.8525058
0.88155407
0.87969756
0.9374975
0.89815325
0.9081186
0.72292817
0.8104634
0.7935114
0.8831985
0.95990074
0.85914606
0.8502872
0.93492913
0.8268826
0.9156666
0.87399924
0.87430847
0.8367421
0.7256716
0.8204739
0.8749987
0.8501704
0.95151395
0.8180513
0.9014203
0.8873495
0.8858838
0.77218276
0.8713422
0.5318794
0.863492
0.6967289
0.7763939
0.64178663
0.7183877
0.76582426
0.8423726
0.76145387
0.9455084
0.9237112
0.95252407
0.77608544
0.90739274
0.8888865
0.8008809
0.9172484
0.8979876
0.7625438
0.81436884
0.8748676
0.9432454
0.89992476
0.91095436
0.9463035
0.7456891
0.8983708
0.95378065
0.8463007
0.9357896
0.8831929
0.8881086
0.7851299
0.8244731
0.9160808
0.95983696
0.8692472
0.7629342
0.81400645
0.780753
0.7486889
0.8230048
0.7193167
0.88250476
0.9095268
0.94645256
0.9010587
0.9238218
0.86205995
0.78691447
0.9391149
0.72525793
0.88744056
0.6606753
0.6955273
0.88333267
0.76544416
0.91324866
0.6620632
0.871669
0.79261774
0.81843287
0.8705292
0.8845516
0.90465844
0.9064208
0.81260014
0.77482885
0.8713144
0.70990694
0.8513277
0.8821286
0.9255343
0.90651655
0.6982844
0.91198975
0.8605739
0.7810728
0.89830375
0.74847114
0.80440444
0.8452814
0.82612234
0.85416985
0.8932673
0.690255
0.93111056
0.83261293
0.82265574
0.8484343
0.8637817
0.69541895
0.8820195
0.8680478
0.8619515
0.92830116
0.9260391
0.920015
0.50574625
0.8237091
0.89555115
0.7260318
0.79489696
0.8921139
0.76215285
0.6851711
0.8515299
0.8963842
0.95094633
0.85854006
0.8670951
0.8861314
0.87607396
0.84553456
0.9427067
0.9429928
0.76316905
0.8929004
0.84041274
0.59667856
0.8393315
0.8764914
0.7939399
0.7980591
0.6793252
0.82946485
0.8436573
0.7782236
0.8994414
0.8962068
0.92695534
0.8040849
0.8866842
0.8852649
0.92946965
0.7448024
0.80260897
0.9395779
0.867504
0.7333778
0.861781
0.8070776
0.7454592
0.8214985
0.92978984
0.7561021
0.8473324
0.93312705
0.89352584
0.8963168
0.72591466
0.856162
0.92884254
0.83570826
0.9550614
0.76296455
0.91710824
0.80326974
0.9202645
0.7931009
0.8696744
0.93526345
0.8528457
0.7565328
0.73030347
0.8799661
0.8843943
0.8270012
0.238505
0.7994751
0.8306319
0.88872886
0.6856234
0.9198324
0.7621983
0.87026364
0.70219445
0.9410955
0.61432594
0.8973757
0.8155219
0.7122912
0.85299045
0.9135337
0.95393014
0.8959352
0.69186467
0.9313764
0.9522015
0.80886686
0.81555367
0.81234175
0.83436155
0.9580225
0.9218246
0.7408074
0.87507784
0.75470555
0.9127774
0.88165057
0.77920854
0.8975886
0.88820195
0.89023054
0.8382968
0.8303507
0.9084082
0.8583778
0.9280498
0.8015126
0.8660645
0.7312343
0.9394328
0.8384262
0.9334252
0.68327415
0.6036722
0.7440145
0.9583859
0.84650433
0.8362954
0.61549246
0.7387932
0.941443
0.84924483
0.9400539
0.8582517
0.8380017
0.9035436
0.79068506
0.8836539
0.71484375
0.871464
0.77349406
0.83838403
0.7860238
0.71774197
0.84046304
0.9601209
0.8242093
0.8622041
0.85654354
0.9256992
0.8495923
0.7593976
0.9173896
0.8312086
0.87309664
0.9412442
0.7075145
0.66320395
0.93328625
0.96638393
0.8719481
0.8733486
0.92286485
0.78715247
0.9094926
0.92848486
0.6248599
0.61632925
0.920762
0.8400997
0.9155295
0.86158913
0.60459137
0.7986797
0.8124533
0.89259464
0.81504875
0.70476985
0.8801182
0.67408615
0.88470924
0.85785776
0.86726993
0.86008525
0.8416779
0.7237231
0.8608186
0.83592314
0.86050683
0.9198135
0.9072028
0.86621296
0.9091805
0.87197155
0.90083796
0.69626117
0.79778874
0.7075288
0.819733
0.7464732
0.71582687
0.849333
0.7950042
0.6708113
0.9432474
0.87579036
0.87756634
0.7426428
0.8086502
0.8939888
0.81129646
0.917936
0.82640296
0.9315294
0.88286304
0.7054312
0.85774636
0.6491561
0.9057349
0.9214971
0.8463831
0.77008593
0.9140783
0.93746877
0.8870841
0.8378739
0.5304576
0.91563225
0.7928915
0.8686356
0.791271
0.74362594
0.9096519
0.75261354
0.7390218
0.9192527
0.75669134
0.91818506
0.7558705
0.8879697
0.9451251
0.86299765
0.7002062
0.9164813
0.7609984
0.6547172
0.8442314
0.9548369
0.86138827
0.9459253
0.9369577
0.8614254
0.79374564
0.82597655
0.88198936
0.7784118
0.9300152
0.9285124
0.7563185
0.8268346
0.74679637
0.8778173
0.7439304
0.9451815
0.86472005
0.79893976
0.83472216
0.84690356
0.6623819
0.9283077
0.5796428
0.9362107
0.9261739
0.7824546
0.68493885
0.89125097
0.8805805
0.92233574
0.9001446
0.72049963
0.8338707
0.9110335
0.7031783
0.8775392
0.9129484
0.78758323
0.6448332
0.8645416
0.91256464
0.9263729
0.88013005
0.7129451
0.9016029
0.8101222
0.8503986
0.58996093
0.82821274
0.83093214
0.6581596
0.8780625
0.7000764
0.79119545
0.84658015
0.870791
0.7288008
0.917589
0.8013807
0.8686794
0.88376087
0.8990915
0.91595715
0.895456
0.7586295
0.83343977
0.92176414
0.80525696
0.8196032
0.841565
0.8139022
0.80926824
0.8236273
0.7422101
0.8974247
0.8162979
0.72712344
0.86055505
0.8945067
0.81562495
0.9032595
0.7611526
0.92010987
0.87247306
0.8914179
0.7905891
0.9293842
0.8121173
0.9506964
0.847536
0.8436414
0.954223
0.5553844
0.8861827
0.8560343
0.6687462
0.8684752
0.8833624
0.898264
0.8056543
0.7712724
0.84758234
0.9424894
0.81268406
0.810711
0.91794807
0.89203733
0.83129036
0.74941313
0.86361283
0.8432685
0.6014675
0.81152123
0.90211374
0.9690612
0.8671158
0.89817256
0.8964871
0.9305588
0.74614257
0.8389694
0.86407816
0.8108709
0.9104108
0.6453941
0.7615601
0.91656774
0.9252988
0.639764
0.8068724
0.54210204
0.84053373
0.9274023
0.8010834
0.7657331
0.96350163
0.8739968
0.840805
0.94412386
0.6808566
0.92452776
0.92627925
0.8967003
0.8048696
0.8515251
0.82624453
0.8507402
0.8191321
0.86815196
0.9053591
0.8491231
0.8950346
0.7377986
0.7691158
0.86843884
0.75654143
0.9191253
0.8591419
0.9003747
0.87356365
0.91248465
0.9191288
0.8837113
0.8714379
0.8106797
0.85378635
0.90391326
0.72196007
0.85814255
0.93616736
0.9621961
0.49280182
0.859231
0.75478446
0.8881655
0.79516274
0.7815367
0.8677844
0.8990633
0.908898
0.71687883
0.8150612
0.79398686
0.8575469
0.8420774
0.50313276
0.7518042
0.6663686
0.8394232
0.7605422
0.8040478
0.7585704
0.87567663
0.7668884
0.90125346
0.8711584
0.90120685
0.89257556
0.78317666
0.8282021
0.7860872
0.88456327
0.8769912
0.93967664
0.87578624
0.87185854
0.8526318
0.6982948
0.8729798
0.70557404
0.7354888
0.8822199
0.8571504
0.9124433
0.86655295
0.94790196
0.83857155
0.7891687
0.909262
0.845199
0.76588327
0.6301872
0.9139379
0.6645778
0.9068607
0.7776853
0.86280876
0.89017236
0.8636746
0.87770855
0.8233543
0.8639644
0.91743046
0.8979407
0.8218279
0.822557
0.8997199
0.79884696
0.9527123
0.7481326
0.8633185
0.91962826
0.93164116
0.69658816
0.90273976
0.9109974
0.70828104
0.78969425
0.78420615
0.9068195
0.9189725
0.75515807
0.909531
0.56275636
0.93560433
0.91603684
0.8107693
0.7939923
0.8844596
0.94172084
0.63716024
0.6840192
0.8503329
0.84921503
0.87454236
0.6357234
0.7788075
0.6007094
0.881906
0.8899049
0.6954057
0.9150928
0.90768504
0.89958155
0.8353404
0.92680234
0.7588531
0.91256595
0.8639201
0.893479
0.90808284
0.8617524
0.74948096
0.9112024
0.9073962
0.9635545
0.8713285
0.885918
0.6858159
0.77101576
0.69727397
0.75447893
0.7429657
0.8023906
0.8197594
0.929245
0.84853286
0.8899202
0.6960056
0.685684
0.8793076
0.96944225
0.79622257
0.85013366
0.73044986
0.8228689
0.71725655
0.8776181
0.8674183
0.8495098
0.7512917
0.91672313
0.7776778
0.8715726
0.82329786
0.8603838
0.7623554
0.7063346
0.894315
0.7652616
0.87723094
0.8894021
0.7925662
0.85717696
0.8627279
0.8878274
0.8504669
0.90393686
0.7540653
0.86673504
0.95767474
0.7497598
0.89204127
0.9441232
0.8697289
0.78379714
0.8796724
0.9109637
0.674951
0.87364197
0.87514776
0.7304758
0.76624185
0.71973884
0.7787601
0.7576642
0.65157163
0.8197964
0.80320126
0.5870201
0.8750282
0.73569906
0.91815174
0.7356738
0.8263514
0.5291862
0.8836978
0.95158535
0.769058
0.85685515
0.8833272
0.964224
0.8995543
0.82255787
0.8504276
0.785989
0.87102425
0.41158965
0.7774447
0.7721148
0.9016345
0.87957764
0.8394567
0.9341446
0.7749795
0.93553716
0.878466
0.83595705
0.8650979
0.83980185
0.8349585
0.91038764
0.899302
0.79020387
0.94300747
0.93095964
0.87547225
0.6710111
0.89201784
0.6243963
0.8587728
0.93411183
0.8864546
0.88481325
0.8643826
0.8472949
0.8187056
0.8057008
0.5439426
0.8407803
0.77349997
0.95487976
0.8297012
0.8201945
0.7861734
0.7390696
0.88441545
0.95088613
0.8013584
0.6948845
0.852648
0.7756322
0.9547887
0.73254025
0.79505175
0.91724694
0.855598
0.7899169
0.9070205
0.8538239
0.9436116
0.86405694
0.8724787
0.7631068
0.8723563
0.8804641
0.8468078
0.8489369
0.88350576
0.8064728
0.9414145
0.9427073
0.742201
0.77873737
0.8852639
0.8910469
0.8477232
0.87304544
0.9108171
0.96566546
0.8943547
0.70279264
0.8918993
0.8811245
0.734823
0.948937
0.8410391
0.9128748
0.8788272
0.8903347
0.93102014
0.92728156
0.6427707
0.9125186
0.87174475
0.9007832
0.8553915
0.8901316
0.9382534
0.8095495
0.87989295
0.893816
0.88399136
0.7391024
0.7465286
0.733789
0.7918533
0.9270554
0.9251293
0.9014392
0.83212674
0.91911864
0.8526398
0.8067978
0.90054744
0.8034085
0.82150155
0.83307135
0.73372614
0.6585667
0.9104867
0.8098703
0.7839692
0.45186985
0.7087841
0.84429926
0.85693866
0.8838424
0.8140541
0.8983768
0.87690425
0.7531174
0.74929696
0.68232954
0.89117783
0.95313126
0.8703864
0.94739085
0.8997537
0.8848117
0.8946755
0.78290725
0.69873595
0.7903212
0.8665612
0.81540436
0.8800805
0.9037607
0.77180487
0.6828907
0.773754
0.9078156
0.8338752
0.85427964
0.69965166
0.8209573
0.7038755
0.77036846
0.7865499
0.88277507
0.82364666
0.92645377
0.8717104
0.94717324
0.84715337
0.8150697
0.79574555
0.91574186
0.7953619
0.7853536
0.8993249
0.7347137
0.9071472
0.83369434
0.72546816
0.89457333
0.91591763
0.89917016
0.8406908
0.57448447
0.8898087
0.9300412
0.9143726
0.8030491
0.78324234
0.8680417
0.9085319
0.8594336
0.87392396
0.7796272
0.71894574
0.9055696
0.6987367
0.86963224
0.80727255
0.8422336
0.7525475
0.9655024
0.9358294
0.8105804
0.8713671
0.84853894
0.800234
0.58908784
0.8471784
0.9010992
0.8284678
0.9352711
0.80973804
0.88927794
0.8966826
0.8597758
0.8456414
0.87203956
0.88514787
0.74814814
0.91156393
0.93063855
0.81722957
0.7533625
0.83423007
0.83906484
0.8554046
0.74067444
0.7126327
0.9404817
0.87873745
0.90627325
0.91750234
0.69690144
0.7919638
0.8399899
0.93192667
0.82903224
0.6893162
0.9265754
0.7872576
0.92864573
0.6258504
0.800626
0.8765583
0.7430063
0.8400952
0.7669779
0.8959569
0.9097224
0.7123778
0.81977093
0.84302664
0.9347966
0.7151007
0.84525096
0.7104705
0.9642918
0.8392072
0.82911617
0.7532964
0.63419694
0.8045939
0.91465133
0.88364846
0.69730574
0.7426919
0.92584807
0.8502756
0.9401051
0.94116247
0.9255621
0.9518732
0.86376554
0.6107169
0.72239727
0.8839598
0.6274807
0.9117596
0.9029572
0.8516712
0.77589136
0.8213154
0.84745044
0.7199652
0.8434747
0.57649785
0.5033447
0.87033325
0.7631909
0.7656177
0.8842139
0.8665724
0.84311396
0.84397155
0.9335046
0.94017756
0.9318104
0.8362574
0.886526
0.89317757
0.7660533
0.9592837
0.9010086
0.90448225
0.72236663
0.81385666
0.74536365
0.77850723
0.9610576
0.8531818
0.60856605
0.8909416
0.9147913
0.85227424
0.85858744
0.7788076
0.8910964
0.7814379
0.77306604
0.845139
0.84156877
0.8869437
0.73120296
0.8491719
0.940848
0.7972214
0.9229079
0.8505442
0.8353333
0.9386356
0.88930327
0.84609246
0.8251852
0.94541126
0.9016117
0.7940955
0.7729138
0.8372595
0.77149296
0.86153245
0.8827239
0.8715193
0.9196253
0.83467454
0.9344499
0.9314306
0.7859539
0.9241898
0.9368284
0.8179362
0.50882417
0.907294
0.86268663
0.8382475
0.8752551
0.8324909
0.8192153
0.8148564
0.82909894
0.89917105
0.8691379
0.8911154
0.92543495
0.8927019
0.91901577
0.8974153
0.4603516
0.86710584
0.9183806
0.6660168
0.78189254
0.9260129
0.74160844
0.9028113
0.941124
0.9019712
0.77121925
0.7822398
0.93467575
0.9423379
0.933669
0.8609982
0.84553564
0.9037053
0.79821575
0.62888694
0.90181935
0.88644457
0.87488693
0.91975915
0.671872
0.90917915
0.5590685
0.8856302
0.8748504
0.95494395
0.93479043
0.80693513
0.8630468
0.90512335
0.80941814
0.7168195
0.87992847
0.8096329
0.70715666
0.8049053
0.7725695
0.9561013
0.7547156
0.7938365
0.76127905
0.6260664
0.82549703
0.7461468
0.9444129
0.89576364
0.8313923
0.8048681
0.9122378
0.7423261
0.7865131
0.8609088
0.70563376
0.91672903
0.9325255
0.9304256
0.81458116
0.962654
0.7599859
0.7967115
0.86514395
0.8248209
0.7730404
0.9232228
0.80307466
0.85989046
0.916153
0.91882026
0.8515601
0.7696168
0.67254394
0.66107625
0.8742823
0.7948329
0.8791491
0.91347235
0.8715945
0.8156659
0.8503238
0.7979311
0.9257034
0.88068837
0.81080186
0.7747243
0.6615988
0.9337473
0.8740991
0.8878982
0.8026272
0.7975164
0.9157402
0.7965269
0.6568399
0.77811867
0.9656968
0.79470384
0.7982201
0.6995945
0.69526726
0.9653409
0.7439546
0.7123178
0.74221456
0.933296
0.95851314
0.7753373
0.809384
0.75547004
0.7143826
0.9109229
0.8591225
0.9259775
0.68918735
0.8423028
0.940189
0.7818757
0.8579586
0.7140725
0.70033777
0.76489556
0.69461083
0.8313573
0.68094337
0.8883314
0.9031198
0.7563007
0.8556991
0.73835754
0.92072964
0.9084335
0.9363034
0.78704023
0.8104642
0.71677446
0.8695179
0.86997867
0.90229154
0.9035996
0.8071448
0.8492464
0.73024017
0.8331262
0.83142996
0.88531053
0.757134
0.73386353
0.89826155
0.7976504
0.8180766
0.937417
0.8837755
0.9154031
0.77047473
0.83390915
0.95078367
0.85722446
0.96041614
0.5274049
0.85732996
0.6783705
0.78778493
0.859952
0.7804129
0.8449652
0.7881419
0.7907246
0.89430654
0.90843713
0.946164
0.86600345
0.600544
0.89349496
0.6390297
0.86009157
0.89369607
0.9168158
0.8330233
0.87140137
0.6904553
0.79417336
0.85479647
0.9108112
0.8509018
0.88826406
0.92767584
0.8485602
0.92910236
0.73652256
0.96883845
0.9087218
0.789557
0.89414394
0.855978
0.8821162
0.85059744
0.86020225
0.87897956
0.85885984
0.90667874
0.7607172
0.86896694
0.78155535
0.8773156
0.7700988
0.8098302
0.778952
0.7556366
0.88963884
0.7510991
0.8255752
0.6227643
0.83573574
0.8157296
0.77793604
0.94488335
0.7762335
0.8600466
0.8198539
0.81779623
0.8643237
0.8024106
0.81622016
0.78391606
0.72874063
0.8911684
0.71456647
0.83651614
0.9588717
0.56761074
0.89278173
0.73809683
0.90149784
0.879326
0.8623123
0.83643484
0.83962053
0.83870125
0.8626081
0.8431495
0.9042417
0.8951093
0.88209087
0.84751606
0.8841444
0.9268331
0.9169115
0.69852173
0.8615727
0.81041414
0.8460822
0.82595503
0.878623
0.6110248
0.85312754
0.88966477
0.89822984
0.83263266
0.8352774
0.8572857
0.71125764
0.64800674
0.87914735
0.9225744
0.8886154
0.8940578
0.9452648
0.8655868
0.8773705
0.63040334
0.82999384
0.9034802
0.68568224
0.8547673
0.8654952
0.8606809
0.84755063
0.8174606
0.8702298
0.8245882
0.72960633
0.85860837
0.9059488
0.8845105
0.82203275
0.89641905
0.88984394
0.9470818
0.6859301
0.57517284
0.66554856
0.87130845
0.7979398
0.57559234
0.78966874
0.894924
0.66418475
0.94057286
0.9385918
0.77142936
0.8310163
0.9350462
0.82172453
0.89340705
0.7367037
0.9528394
0.90066993
0.85079426
0.83503854
0.9422005
0.73323166
0.8233383
0.8910234
0.744795
0.95024985
0.9129907
0.92900956
0.84069586
0.90777135
0.83265936
0.7997993
0.9524995
0.831159
0.8368846
0.87449527
0.9210611
0.8018032
0.8298371
0.55919325
0.9162804
0.8765098
0.8772011
0.8593059
0.8695875
0.82829636
0.6186499
0.5760141
0.74677527
0.80260193
0.9561018
0.7846815
0.7075193
0.859011
0.8529694
0.9324199
0.85243934
0.76751167
0.53038293
0.76871586
0.87348276
0.8989743
0.84214884
0.933832
0.791002
0.8769352
0.8334366
0.6771486
0.7646706
0.8030458
0.822296
0.8509351
0.7572047
0.8225812
0.89055985
0.71814555
0.7699604
0.91496885
0.8132857
0.8319667
0.82234764
0.81437063
0.73740876
0.90291023
0.73638743
0.81400084
0.64301646
0.90893537
0.84527993
0.88091445
0.8507116
0.73446697
0.7219766
0.9663953
0.80157936
0.8554374
0.7399237
0.85550207
0.9184258
0.75459826
0.7399588
0.7797337
0.7404948
0.9700303
0.73460066
0.915478
0.8509907
0.7476265
0.93863845
0.89842504
0.8026184
0.86616707
0.79459304
0.84131384
0.9141214
0.8865667
0.8990883
0.6936203
0.89829165
0.85886574
0.9353571
0.71161497
0.88641715
0.87650555
0.60140157
0.8124151
0.8452894
0.616534
0.80460334
0.90567696
0.27026367
0.85853446
0.9123533
0.9469116
0.9673365
0.83317304
0.9246638
0.8003174
0.89714295
0.8683429
0.7143503
0.8333171
0.88426083
0.818928
0.8409914
0.78170574
0.9519269
0.89155054
0.8949759
0.89233613
0.86311686
0.89334613
0.9361597
0.9039075
0.87338734
0.84226334
0.82094395
0.8437364
0.8423611
0.8166412
0.62294394
0.9436463
0.947091
0.7932693
0.8566998
0.931507
0.9045433
0.82286775
0.9150062
0.8524612
0.92946273
0.82376003
0.859932
0.8700862
0.7940341
0.96004426
0.8173483
0.8767546
0.8494886
0.82694465
0.81008714
0.66429883
0.77247405
0.8631637
0.8375524
0.47777554
0.8977726
0.91137457
0.7678604
0.64350283
0.86885923
0.88942754
0.91723675
0.8818197
0.8516495
0.7139174
0.9420649
0.7922571
0.7824303
0.9505831
0.77711105
0.89578766
0.91664666
0.8993119
0.93405735
0.89911985
0.7268883
0.87163585
0.8747876
0.93795687
0.72818285
0.877053
0.93705463
0.7981158
0.8518501
0.7836912
0.8017889
0.87441397
0.9096669
0.7940108
0.9299078
0.8601689
0.7079748
0.78363
0.8865998
0.9507892
0.78786814
0.9030572
0.8222891
0.9326385
0.7967467
0.85523266
0.6491283
0.65341043
0.7152892
0.7809258
0.9357547
0.85417473
0.8413442
0.9287766
0.88550246
0.83227676
0.72997445
0.84003496
0.6231764
0.97175366
0.89327943
0.88610876
0.8048285
0.8090949
0.79511666
0.5912393
0.6477276
0.77231705
0.7993572
0.80538803
0.45236215
0.63907313
0.70406204
0.9245787
0.8564041
0.89007604
0.86826646
0.76843894
0.9167574
0.7225498
0.8935309
0.75054455
0.84067404
0.8718747
0.8799231
0.8903634
0.645683
0.8096428
0.7497157
0.86614
0.58197343
0.84993446
0.8789697
0.78028476
0.7667613
0.90349174
0.9277842
0.8604002
0.84156036
0.8506843
0.83007807
0.94025344
0.8015251
0.8995581
0.899909
0.8990161
0.6059057
0.6567733
0.7343628
0.72388947
0.49509668
0.7797476
0.9667425
0.85428226
0.75220555
0.83654976
0.90055156
0.78836334
0.64289016
0.86433655
0.9103106
0.8592592
0.87541926
0.87741655
0.87475806
0.86883
0.8686005
0.85707545
0.8128451
0.915666
0.91602945
0.82467884
0.8606255
0.908298
0.8817632
0.83715796
0.91386515
0.65433455
0.87272906
0.67421067
0.8181754
0.8696541
0.8218789
0.8754027
0.84479606
0.8678006
0.87449586
0.7329111
0.85638463
0.9337978
0.6497282
0.7402666
0.7701812
0.93986416
0.80221456
0.777259
0.93242186
0.5012473
0.90040773
0.8213723
0.9536962
0.82724416
0.7910021
0.7469514
0.7764725
0.90806043
0.7179042
0.85253286
0.8891758
0.9010565
0.68259966
0.7684379
0.7075478
0.90793633
0.8081095
0.6489586
0.7227203
0.79937875
0.93662834
0.8355583
0.7783978
0.8862878
0.65450597
0.77684844
0.8601326
0.8080141
0.9038281
0.8635853
0.82397026
0.9242395
0.7989501
0.74630475
0.6823017
0.82401425
0.95211613
0.868703
0.89392847
0.7701893
0.9693485
0.95307565
0.7243157
0.9136708
0.89976394
0.7807923
0.8238069
0.8091794
0.9001869
0.903591
0.7817098
0.92973197
0.94433856
0.9012017
0.9268307
0.9028497
0.689396
0.763687
0.77203
0.9580422
0.9486454
0.8444586
0.92803466
0.8119519
0.92810196
0.7189179
0.90611994
0.8628527
0.77740175
0.7605082
0.71083575
0.86499757
0.80167794
0.95831156
0.8139689
0.8578082
0.9337521
0.9611465
0.91515386
0.90242684
0.78027236
0.79068726
0.70629346
0.858858
0.87920445
0.7780121
0.91656333
0.8766487
0.8770253
0.8120601
0.72574496
0.77999747
0.78734446
0.7758819
0.7259831
0.7870054
0.61526537
0.81314766
0.86997235
0.84720314
0.9239418
0.86427295
0.6639083
0.75076836
0.8266361
0.8009138
0.8953736
0.83226395
0.89152145
0.64949447
0.9105438
0.9263681
0.9253771
0.81788266
0.85127103
0.92818487
0.94473267
0.9044988
0.8693801
0.86755824
0.85844976
0.9384849
0.6785469
0.9040053
0.73241174
0.8092407
0.8927548
0.7277542
0.8220799
0.81915236
0.9105712
0.8875539
0.7704828
0.9582486
0.5185837
0.7854926
0.62643766
0.8565567
0.7682999
0.8667952
0.845917
0.88324505
0.75428796
0.939449
0.94083315
0.7524433
0.7665109
0.8883207
0.73631084
0.85222584
0.81647325
0.90425944
0.8677455
0.95376897
0.87263036
0.77516353
0.73640805
0.9397847
0.8949017
0.8676017
0.75389117
0.8986302
0.6915321
0.864831
0.9389094
0.6717765
0.77572685
0.63912565
0.8246215
0.8456762
0.9129572
0.9167267
0.89277357
0.70656425
0.83890134
0.94313407
0.8607213
0.7754193
0.8021312
0.94435596
0.7596287
0.7179996
0.5425358
0.83946884
0.8472662
0.7907078
0.88483834
0.89323604
0.8493661
0.8617208
0.76529443
0.8268708
0.88569295
0.9287385
0.7904329
0.625452
0.8153101
0.8751023
0.8758505
0.79110897
0.9052597
0.8191426
0.84650356
0.85888827
0.84709567
0.8514758
0.91158706
0.77468276
0.71373665
0.76513904
0.57098776
0.8064593
0.82436675
0.748669
0.7170886
0.8225389
0.95575786
0.78057235
0.82762724
0.8388807
0.9633963
0.8703303
0.7974737
0.8854325
0.8193548
0.8329946
0.6949666
0.8000996
0.8529102
0.77695036
0.75658864
0.8336856
0.7045719
0.72652996
0.8606559
0.8553998
0.79146475
0.7833192
0.88993174
0.90552974
0.9081664
0.84878707
0.86863816
0.6759795
0.82319653
0.79513395
0.94714016
0.6096729
0.8907371
0.82689536
0.8989979
0.79698455
0.9237814
0.7240118
0.8460218
0.6520191
0.9023752
0.7016308
0.85749733
0.87820864
0.84166926
0.7213334
0.9249302
0.79293406
0.9330382
0.71206975
0.84447324
0.6017883
0.84802914
0.47808412
0.9264405
0.93758786
0.92720175
0.9626535
0.7851654
0.8438087
0.85473263
0.8442136
0.8848798
0.8012659
0.8183799
0.83986264
0.84306115
0.6789071
0.9106736
0.90263605
0.82713866
0.8916131
0.8412372
0.82613176
0.72027916
0.8660829
0.9414321
0.8296607
0.8679077
0.9486071
0.90918607
0.83074313
0.8695035
0.8606162
0.90302694
0.80277723
0.86819434
0.69463927
0.7085335
0.8415526
0.5940745
0.8817022
0.79399604
0.95692855
0.7266167
0.8718592
0.7578676
0.91238713
0.91158307
0.8834649
0.9234353
0.87086475
0.9752121
0.8534086
0.7824137
0.8966652
0.9047168
0.9021063
0.81755674
0.5615947
0.8207358
0.88494873
0.91247493
0.78308254
0.7679708
0.7218028
0.7145715
0.79571027
0.79081184
0.93040645
0.74338883
0.7331011
0.6864703
0.7760813
0.74770606
0.793295
0.6899769
0.70315164
0.86320484
0.9262997
0.8823893
0.8886379
0.91394955
0.91131145
0.9103551
0.8296806
0.823884
0.8060793
0.88001096
0.89668363
0.94082636
0.8664792
0.76514214
0.9088428
0.9723098
0.9308657
0.36754736
0.8424305
0.82095927
0.88818055
0.69933754
0.89399326
0.88191915
0.86666
0.90297806
0.7331051
0.68887836
0.67649156
0.7993545
0.79049206
0.77677184
0.7266269
0.5766077
0.90454686
0.7686437
0.8794239
0.878685
0.79235137
0.9299762
0.9184014
0.96417356
0.90671694
0.85665643
0.94016504
0.74410665
0.8859792
0.8284317
0.8838864
0.9048509
0.8866973
0.8795786
0.85487205
0.8041417
0.9245324
0.8669759
0.7952992
0.8800862
0.9109403
0.85819745
0.93100333
0.66137505
0.8148617
0.73246604
0.89010996
0.8697609
0.8880424
0.9344256
0.94334435
0.7513706
0.6581561
0.66563386
0.9334128
0.7769362
0.9379257
0.9181233
0.80216646
0.8397417
0.7765844
0.8637329
0.8900379
0.92889214
0.8130407
0.91621673
0.9540045
0.77960014
0.6977618
0.9445474
0.8297077
0.7933137
0.90680766
0.88462806
0.9364043
0.9623015
0.815666
0.8179031
0.84676117
0.7588783
0.6060372
0.6294186
0.7961716
0.9516031
0.847743
0.9283112
0.8157358
0.8376969
0.87578666
0.79874563
0.89152575
0.8805896
0.9005755
0.742759
0.76326287
0.8446301
0.78538173
0.7861135
0.87983423
0.8947447
0.8741459
0.86393136
0.47210315
0.69456095
0.9237846
0.9498924
0.7160896
0.90546954
0.7957375
0.9446362
0.83280027
0.85993963
0.701708
0.8815982
0.6643564
0.76361215
0.815811
0.86556005
0.7261239
0.8206583
0.8667238
0.83798033
0.9303309
0.93039995
0.8649575
0.768929
0.80266565
0.7807012
0.905216
0.88062274
0.85154784
0.9213524
0.9173858
0.89862716
0.86907554
0.8312173
0.8900293
0.8841382
0.7872462
0.78578854
0.8033469
0.8339697
0.74027205
0.88944566
0.87607014
0.7527206
0.8590827
0.93678695
0.8276876
0.8288438
0.5858731
0.73793274
0.86193866
0.84518826
0.86460936
0.84864414
0.70419466
0.779979
0.9513323
0.639788
0.9033116
0.88394946
0.7062277
0.75418925
0.8562046
0.71009594
0.777038
0.7696311
0.8015301
0.9110203
0.8529901
0.8416835
0.7984998
0.7424837
0.943926
0.93182456
0.9111656
0.91188765
0.9130615
0.9112491
0.9128278
0.93578714
0.9082008
0.8936389
0.9230047
0.93200105
0.87651867
0.7651994
0.92965335
0.9533455
0.93417203
0.95105696
0.8217455
0.90999997
0.85742396
0.7960974
0.8030686
0.60815465
0.8498009
0.765179
0.91573846
0.86575866
0.7890539
0.9188992
0.8065458
0.86919785
0.94607675
0.90486413
0.72938436
0.87842524
0.8077836
0.8979937
0.88098896
0.9247123
0.82604325
0.6414463
0.78053546
0.65497875
0.8637915
0.8987539
0.89042616
0.86399525
0.9414916
0.9509048
0.7647354
0.8169995
0.95389163
0.89728343
0.90300584
0.76753116
0.9228111
0.9136803
0.92120117
0.8944023
0.8740366
0.7900555
0.8640189
0.8375467
0.8901744
0.67055804
0.89449906
0.9070513
0.7266722
0.7208299
0.85745513
0.81255263
0.8127639
0.7315222
0.86037195
0.63898325
0.83504355
0.7023747
0.9181446
0.9116987
0.72030383
0.8905548
0.89437014
0.8541381
0.965188
0.7316423
0.91269124
0.92089665
0.8022581
0.97289085
0.8418019
0.96407455
0.8533995
0.8366875
0.8315358
0.8673662
0.8218975
0.88869756
0.8031777
0.8421105
0.9398571
0.85307777
0.92179096
0.86496645
0.94070685
0.85151005
0.865218
0.63007236
0.9169519
0.66586375
0.73780036
0.8687227
0.87783074
0.7607238
0.8966465
0.8602811
0.8775847
0.81563586
0.93017447
0.93072045
0.771788
0.7665223
0.74497044
0.89965504
0.9131943
0.781428
0.86265016
0.9601208
0.9185597
0.8291971
0.9013584
0.85595995
0.7791288
0.82915676
0.9335497
0.74183565
0.76899004
0.9019295
0.7712784
0.9188436
0.9474319
0.88518107
0.91408736
0.785992
0.6994244
0.7792816
0.7028978
0.79971737
0.83760947
0.8924942
0.9093992
0.57712793
0.90063906
0.9147641
0.8125478
0.8056896
0.73483306
0.8553364
0.83928025
0.92228365
0.9375672
0.8490927
0.81350833
0.94931483
0.91198283
0.88635623
0.90126926
0.85632837
0.9327625
0.93211794
0.9113135
0.9137026
0.7852496
0.8780009
0.87107486
0.9584934
0.73384714
0.55484533
0.8704394
0.8245185
0.8542166
0.7388127
0.8676056
0.9236932
0.642188
0.68449074
0.8380132
0.8514735
0.76405823
0.77483255
0.88642097
0.71891075
0.8443885
0.59851295
0.7297648
0.8646769
0.8394957
0.9467247
0.4937763
0.7629787
0.8424293
0.85621405
0.65118754
0.8948061
0.9163836
0.9027644
0.878683
0.8822982
0.7378294
0.6362541
0.79896283
0.8627141
0.8848866
0.7922607
0.95053774
0.9378827
0.80970997
0.8718627
0.85196954
0.75196916
0.78023165
0.93264526
0.7973038
0.8973437
0.7916092
0.85517985
0.86628157
0.9218329
0.6795357
0.959178
0.65615195
0.81295717
0.8571775
0.7376968
0.8883724
0.9437835
0.82847375
0.83474445
0.81943387
0.9162516
0.7009952
0.74254316
0.812989
0.91543686
0.78630865
0.88716924
0.78569335
0.81183493
0.8318053
0.86564225
0.90518767
0.90832555
0.8591778
0.7314282
0.8755977
0.92740214
0.86828697
0.8174968
0.94947004
0.84300184
0.7447383
0.65429735
0.89799106
0.8849594
0.75869477
0.8826567
0.51549506
0.89266354
0.92256534
0.64826864
0.9209156
0.77578133
0.91885173
0.9578945
0.96300596
0.9184804
0.7254694
0.8292371
0.8697491
0.8837389
0.8761635
0.85327226
0.8735532
0.9451416
0.6812916
0.842279
0.95061314
0.8330339
0.91648483
0.9081278
0.67078173
0.73519474
0.79912823
0.9054612
0.88365
0.7814501
0.7842718
0.70391107
0.8398098
0.94866335
0.88918465
0.9102537
0.86759937
0.8145884
0.86677045
0.9191879
0.87138397
0.7349114
0.9201225
0.7892132
0.77848333
0.82912046
0.7041281
0.8470422
0.94410336
0.9018054
0.76613635
0.8226909
0.8149081
0.87006444
0.81414455
0.88440084
0.83551055
0.5941726
0.94291776
0.5434617
0.8211323
0.792434
0.8461921
0.7520506
0.8901899
0.8817055
0.73713565
0.83023316
0.78754646
0.9227374
0.83650714
0.8550212
0.7896925
0.79343116
0.95484424
0.881989
0.9438255
0.89540213
0.8059001
0.6526128
0.5531003
0.9151571
0.7056794
0.88571703
0.8646248
0.8286403
0.8709917
0.92255616
0.9111348
0.8386513
0.6945617
0.8937848
0.86284155
0.66485703
0.8736575
0.7903258
0.71241266
0.8846755
0.6822258
0.7066169
0.84958375
0.889053
0.8872087
0.9128467
0.8177706
0.8744732
0.9287398
0.8905418
0.84767854
0.7273965
0.9079659
0.83568037
0.8889209
0.93859416
0.88741
0.94560987
0.7048419
0.73033243
0.9286229
0.83995914
0.84514385
0.858506
0.6944833
0.8790932
0.93823844
0.7255871
0.83565784
0.7848096
0.8718827
0.7760948
0.9091563
0.8930611
0.82056355
0.90231
0.83644
0.8279247
0.9173895
0.7309487
0.8229481
0.8844681
0.8964576
0.62666136
0.9481188
0.93485415
0.86608
0.9618674
0.8221677
0.7858895
0.9261013
0.80177796
0.73238844
0.8740397
0.91230375
0.9341937
0.9358739
0.90577245
0.78257275
0.87001336
0.86736983
0.8827139
0.89542735
0.86966944
0.8896638
0.78225714
0.8527664
0.6321271
0.93551236
0.7498457
0.8834746
0.85038865
0.74496984
0.87214345
0.8664288
0.8011045
0.81859815
0.9097365
0.9139594
0.76207924
0.7923979
0.8281872
0.8099112
0.92165476
0.88585675
0.8717853
0.84765154
0.9652534
0.8729661
0.9452636
0.7943711
0.82402706
0.86297905
0.8863429
0.8957862
0.7943662
0.78495884
0.7550751
0.9056996
0.7070434
0.7199903
0.87494034
0.57589716
0.86692
0.9053964
0.8923986
0.84866786
0.8904594
0.82035744
0.91775876
0.82566446
0.8898952
0.83617926
0.7982288
0.85092974
0.8443367
0.8684824
0.91063017
0.9200878
0.90220755
0.95422316
0.90971524
0.84855276
0.92418826
0.9063254
0.8333397
0.8542143
0.8873705
0.8895484
0.8252054
0.8135835
0.9220236
0.8319195
0.83689797
0.6703377
0.85656065
0.90592575
0.8556743
0.7514324
0.8970284
0.8902853
0.8582686
0.79460156
0.9655966
0.85123026
0.7120098
0.73395675
0.67957175
0.6664462
0.5047787
0.7488467
0.92086804
0.91549057
0.83099866
0.9071418
0.7648293
0.9218168
0.85856134
0.7355172
0.58323205
0.612126
0.72566855
0.7759154
0.89203924
0.87366307
0.8510132
0.9288609
0.9223644
0.5579689
0.8623338
0.8532752
0.8627737
0.87069964
0.7907471
0.7788267
0.86708075
0.8832254
0.7646972
0.88744867
0.8364468
0.9175526
0.89947736
0.7698191
0.83590925
0.86837864
0.9432763
0.868543
0.88586825
0.8099979
0.7561006
0.92977846
0.94306785
0.8427053
0.75702506
0.876009
0.77995795
0.85719055
0.74652463
0.86991596
0.8679128
0.89086443
0.80270815
0.82136744
0.8321224
0.86367
0.79845834
0.8294635
0.9288621
0.8315015
0.8827585
0.8851563
0.85630846
0.8496639
0.9165106
0.825137
0.77545685
0.9255155
0.49573803
0.8687244
0.8438756
0.84188414
0.80263484
0.88242173
0.57207894
0.84040534
0.698843
0.6903478
0.9386864
0.84707314
0.68880033
0.7890053
0.8219708
0.9359747
0.81854194
0.7646958
0.913974
0.6616388
0.90680015
0.88257587
0.64158636
0.91909105
0.82368714
0.80415946
0.8169833
0.74886996
0.8556047
0.88805175
0.78180736
0.92892516
0.7829354
0.8677059
0.7480422
0.9134344
0.9599435
0.7509359
0.9015959
0.8274144
0.5921308
0.6625522
0.7788588
0.8527591
0.9480969
0.9532064
0.80461884
0.94126683
0.7511556
0.9282323
0.76000637
0.75925756
0.93812245
0.87881476
0.9242904
0.83276176
0.7601335
0.6175278
0.9408875
0.88896835
0.8848283
0.8611325
0.93583745
0.89090204
0.8614193
0.52513605
0.8466929
0.9154624
0.6610355
0.9194055
0.93992114
0.73203856
0.9247091
0.8793708
0.62688947
0.8712893
0.87901866
0.9242235
0.9247712
0.92519647
0.9212088
0.91166234
0.75888646
0.8964504
0.78537107
0.71656126
0.92188877
0.6884962
0.8897539
0.82814515
0.9236556
0.8887815
0.7711819
0.90422696
0.8258976
0.78295463
0.8733686
0.8612787
0.8736083
0.8168626
0.8357919
0.9314154
0.8700037
0.56625175
0.77952194
0.775104
0.9355636
0.7639926
0.9008064
0.9099955
0.9483374
0.8204351
0.5039257
0.75241077
0.8560732
0.7464626
0.33508253
0.91063905
0.78575253
0.7402384
0.71936786
0.7460597
0.7326133
0.88291776
0.8361376
0.93170196
0.6565259
0.9262931
0.8749168
0.9306026
0.9710845
0.7592124
0.865896
0.9161521
0.93932277
0.5709303
0.80756044
0.715127
0.9222239
0.87531465
0.8904241
0.8838331
0.8854724
0.72506964
0.6267372
0.90025806
0.92405486
0.5917517
0.7514163
0.93693674
0.60560596
0.7969096
0.7271546
0.8667127
0.89481455
0.87182426
0.8529121
0.88924253
0.91651934
0.86789274
0.8678105
0.91466945
0.9531515
0.8303214
0.8804891
0.8697554
0.92651844
0.84804183
0.8238292
0.932043
0.6811019
0.8764089
0.9451654
0.8879619
0.9065225
0.7906667
0.87487346
0.90217924
0.63656807
0.9077375
0.65238786
0.8605031
0.95392704
0.85481334
0.66767555
0.8499145
0.9420147
0.66221
0.9167248
0.8654946
0.84913564
0.9391828
0.84833896
0.7713363
0.93211424
0.82232296
0.8184541
0.75218844
0.6084873
0.7880441
0.8862288
0.9662397
0.9253535
0.8209802
0.870946
0.8099414
0.89473975
0.8407928
0.8505475
0.85936403
0.8716517
0.90526843
0.84854734
0.82901436
0.8150356
0.93862766
0.9306753
0.8667856
0.90582496
0.8812782
0.78042597
0.80923146
0.79175496
0.79579675
0.79633987
0.94360286
0.71945184
0.91790295
0.92531645
0.7637929
0.88113886
0.88514477
0.80249923
0.8206845
0.8562361
0.7301825
0.8916256
0.907856
0.79631674
0.7254381
0.8492284
0.8413707
0.9216427
0.90705234
0.96047646
0.8408344
0.9251416
0.8843777
0.9258689
0.9547706
0.882403
0.9334582
0.78632087
0.8802597
0.9015987
0.6946054
0.8408375
0.6478753
0.8935478
0.8676009
0.5744092
0.7221265
0.8232564
0.82034147
0.7330909
0.8969147
0.944784
0.8904766
0.9427762
0.92984235
0.9008727
0.9403938
0.89679515
0.73938173
0.6873242
0.858375
0.79679096
0.8965615
0.92061204
0.9506778
0.762938
0.7567699
0.8869259
0.9003355
0.8980558
0.812811
0.89705104
0.73017305
0.87267524
0.9114218
0.78814214
0.6138296
0.8237328
0.8214097
0.9173268
0.8809905
0.8992639
0.90826905
0.8119129
0.88062245
0.948226
0.8613167
0.8773643
0.814003
0.9479039
0.8845378
0.9263108
0.94652796
0.91869986
0.806241
0.7558985
0.84685737
0.9493522
0.7567595
0.9157466
0.8722724
0.7933565
0.86175114
0.89666104
0.83085364
0.95723325
0.64970577
0.7640296
0.7561381
0.905045
0.8645894
0.922287
0.8418515
0.80475885
0.8682519
0.920851
0.80023223
0.9299714
0.8397307
0.80143636
0.9010575
0.9180261
0.8277823
0.8476552
0.81412727
0.8275217
0.8763947
0.5522647
0.86152685
0.90991235
0.88526154
0.5445272
0.8315012
0.7003901
0.9093211
0.84627753
0.7819072
0.9005834
0.86224353
0.8313367
0.7941951
0.78706527
0.89609486
0.5982274
0.8770721
0.91204584
0.81730634
0.740506
0.813293
0.82678485
0.973661
0.81985116
0.8275553
0.8454442
0.74603873
0.9295304
0.85070795
0.8812588
0.7373211
0.92954856
0.7549698
0.8346718
0.7308198
0.9059477
0.78740704
0.82279253
0.76582885
0.8170699
0.9423781
0.90303373
0.8517729
0.86251634
0.8119117
0.9036898
0.9611268
0.808493
0.7443331
0.79954505
0.6751294
0.89890903
0.90151083
0.84625185
0.7667319
0.9671193
0.92112696
0.801916
0.8898053
0.75933427
0.87409997
0.88590205
0.9348595
0.90067303
0.84636813
0.8939878
0.7776211
0.7039232
0.8805253
0.85191363
0.7971253
0.9469634
0.8653301
0.94717824
0.9159472
0.9498556
0.8271461
0.91557723
0.9372864
0.71583664
0.8228544
0.8833597
0.7245809
0.9318301
0.7635075
0.7846372
0.89287245
0.92708206
0.88517326
0.82079875
0.95647335
0.7780193
0.79536474
0.8995775
0.8430058
0.83239484
0.83365285
0.85051125
0.8865866
0.9295225
0.85453475
0.823241
0.8322345
0.88909835
0.9473103
0.7010088
0.953648
0.74289745
0.92776114
0.83220977
0.9400121
0.94550574
0.84364545
0.8774345
0.9252596
0.7729796
0.8661732
0.9456111
0.88761246
0.8369583
0.83012795
0.7823973
0.722896
0.9175453
0.8913634
0.7445351
0.8600968
0.9499815
0.8468218
0.71429735
0.9005255
0.9219706
0.8646089
0.84685045
0.7926012
0.8663102
0.82268196
0.861692
0.8942471
0.93992305
0.88664067
0.63534594
0.92798746
0.73346144
0.8934202
0.85716176
0.9099654
0.87522304
0.8314256
0.87268215
0.8465806
0.8016757
0.72971153
0.91380805
0.891491
0.88266844
0.7721842
0.87993014
0.9389594
0.90546846
0.939471
0.8317023
0.957455
0.9612932
0.93167084
0.83569074
0.8332354
0.9504621
0.70319736
0.78010327
0.8929489
0.952231
0.6874295
0.87445784
0.8130722
0.9143334
0.7623483
0.8893145
0.88180447
0.8324595
0.8814637
0.7905638
0.875131
0.9355191
0.6320813
0.90247566
0.8583526
0.9493788
0.8282242
0.8647041
0.86664647
0.8864339
0.6600515
0.7682169
0.85736215
0.91405857
0.91415465
0.5396056
0.91466177
0.86788595
0.94206804
0.90317374
0.8935966
0.920346
0.87229633
0.8903596
0.9346695
0.87309635
0.82121825
0.9392186
0.78960955
0.8828344
0.86354613
0.9243094
0.9606344
0.856539
0.8027291
0.7944057
0.66228014
0.7751343
0.92393255
0.95807326
0.8803193
0.7223501
0.8649243
0.8211679
0.94929343
0.94297016
0.77283597
0.7884423
0.734828
0.6462419
0.8846845
0.72903323
0.95824504
0.7830523
0.88679373
0.82983035
0.9336556
0.8628422
0.9472604
0.92779493
0.88071907
0.8677469
0.8452021
0.76922226
0.81262696
0.75237405
0.7608191
0.84328353
0.8117603
0.84661216
0.7666266
0.81780964
0.9070609
0.8892421
0.7660017
0.7453944
0.9133793
0.8889007
0.90393406
0.74360275
0.91679966
0.72945327
0.8554143
0.94138956
0.8216048
0.9665593
0.876995
0.96026707
0.7952399
0.85654896
0.86057675
0.74641836
0.92431486
0.9563164
0.9190919
0.9149803
0.87128174
0.782066
0.8222322
0.6873664
0.88605917
0.9088708
0.90386015
0.7683764
0.91605204
0.9439779
0.84412783
0.85557103
0.8376685
0.7861263
0.68201506
0.9184176
0.90164244
0.9634907
0.8493054
0.9289678
0.8633669
0.8585621
0.7195137
0.8843377
0.8772819
0.82856077
0.81231576
0.76957667
0.9387696
0.77031636
0.86693156
0.85112894
0.77832955
0.9317635
0.8531917
0.84077924
0.94644004
0.91259325
0.9047062
0.9344003
0.92872494
0.92534786
0.6372712
0.87875694
0.86042297
0.93611366
0.9091065
0.6330128
0.83212817
0.9541035
0.82738805
0.8100825
0.44984773
0.8460386
0.7936363
0.86520517
0.8725897
0.77552694
0.91165805
0.9595642
0.9230914
0.7762172
0.6906108
0.96110713
0.87111014
0.84050596
0.8716341
0.91642153
0.6255672
0.8929069
0.94950056
0.5239768
0.87622225
0.9340865
0.8199487
0.69428396
0.79299885
0.71976656
0.7743045
0.8055519
0.7944344
