0.8119093
0.8670552
0.9017151
0.8051532
0.8552346
0.91526866
0.87808824
0.9523871
0.7970881
0.9114843
0.9038021
0.8022898
0.78634024
0.88701254
0.9258595
0.7207971
0.8875666
0.9109427
0.9312718
0.88116294
0.7298121
0.93500674
0.5858173
0.9494696
0.77733636
0.9211156
0.91840994
0.91143733
0.8106718
0.83368087
0.8876821
0.89858234
0.98279226
0.9311657
0.76482934
0.86883616
0.72412413
0.9148227
0.7770881
0.9419253
0.64160323
0.81467223
0.7289073
0.91184384
0.87045205
0.9203364
0.8887217
0.8487025
0.8026882
0.7701951
0.8748187
0.86221015
0.9071341
0.81016
0.84677535
0.87259614
0.93004614
0.8852563
0.9202838
0.96924055
0.9324826
0.8606919
0.77352226
0.898047
0.926554
0.94569427
0.919245
0.9331395
0.964059
0.906432
0.89209545
0.8182143
0.9433302
0.92416024
0.8315812
0.9497091
0.7465398
0.92766297
0.9022354
0.6646761
0.8150836
0.7498973
0.8420326
0.89912343
0.87226975
0.91974044
0.9005248
0.8772552
0.90289927
0.9414942
0.8891358
0.8599497
0.92803466
0.8654883
0.97123945
0.89120936
0.90528864
0.68087006
0.75172544
0.7644188
0.91832286
0.82114816
0.6512136
0.8670293
0.95479715
0.8139671
0.8806486
0.97148544
0.90455645
0.9001577
0.9002105
0.91833204
0.9077804
0.96148735
0.76433206
0.9247467
0.84181654
0.9240759
0.9638889
0.9569494
0.8646105
0.928869
0.8630798
0.6655488
0.68686855
0.96580523
0.6535543
0.8540595
0.92316794
0.7949829
0.76902413
0.6451212
0.85829574
0.86311305
0.9519444
0.9392476
0.8399435
0.9263876
0.83157307
0.9360636
0.90284
0.9315376
0.91848373
0.8356254
0.6125692
0.8971044
0.91870576
0.8993276
0.9701183
0.8071325
0.8694731
0.61903685
0.73992485
0.97722983
0.94869745
0.90351737
0.8812584
0.8537197
0.93232113
0.92695946
0.95417017
0.9102686
0.8904268
0.9090426
0.94170576
0.9679556
0.8118489
0.777085
0.8221738
0.904706
0.83495885
0.9497703
0.750339
0.8670879
0.8861309
0.9620893
0.8747967
0.85552794
0.87073827
0.7476104
0.71017385
0.93715894
0.77804226
0.7425781
0.9093544
0.9603086
0.86996484
0.9214369
0.9611384
0.8144509
0.96298444
0.8718511
0.88191783
0.8253234
0.91716343
0.7397856
0.9611127
0.96389663
0.83315235
0.8638582
0.94962156
0.9023014
0.9570464
0.9534764
0.82871413
0.8834334
0.8919246
0.8051123
0.7407303
0.85487527
0.93332374
0.7398252
0.9759005
0.67661285
0.8149555
0.9182303
0.44003624
0.8712127
0.6145947
0.8646895
0.6093378
0.9084852
0.8714819
0.651241
0.8709734
0.9296279
0.95905983
0.8213614
0.85470206
0.94124323
0.8592447
0.9406676
0.78307706
0.8726338
0.79022944
0.95195836
0.74023116
0.8759251
0.85322416
0.82271445
0.8123583
0.53826374
0.9284507
0.71062225
0.9095526
0.9754003
0.9247209
0.880191
0.8285898
0.8808252
0.92464244
0.8433791
0.9294373
0.95536
0.9708043
0.85184586
0.8786818
0.82208216
0.8615412
0.84048194
0.7125595
0.85254514
0.61488855
0.72376454
0.75921285
0.81465673
0.9379575
0.9057469
0.9510404
0.85519373
0.8692862
0.7252718
0.70574605
0.82082653
0.8827605
0.8695309
0.9465635
0.7317557
0.8442904
0.87666595
0.8703255
0.8517767
0.5957436
0.8003557
0.71336514
0.8351624
0.9179217
0.8006095
0.89558876
0.9431071
0.922443
0.90641916
0.4576549
0.9152113
0.6566512
0.8615136
0.9167648
0.7350786
0.90825516
0.9187608
0.6777182
0.88264
0.95726585
0.85226655
0.9356996
0.952215
0.9380784
0.7383648
0.4911502
0.84702325
0.91515464
0.9800391
0.82789326
0.94343203
0.8416622
0.93348944
0.86336535
0.8920955
0.8039876
0.9741485
0.9233602
0.8622424
0.8969343
0.721546
0.8335319
0.76504385
0.7469404
0.9113822
0.8562754
0.54291713
0.8858874
0.86731553
0.94166344
0.81416374
0.81977266
0.9016926
0.8800681
0.86326367
0.88425976
0.7735893
0.7990852
0.7213248
0.97101414
0.8986677
0.7704485
0.97726446
0.9033311
0.850822
0.766668
0.879135
0.7987467
0.8543533
0.8810177
0.8169826
0.83500767
0.8843548
0.978734
0.9377976
0.75278807
0.90236044
0.9134793
0.77163404
0.8720161
0.8936288
0.80631524
0.796181
0.86556906
0.6455015
0.66283923
0.954681
0.88120043
0.7805325
0.9316211
0.6139645
0.93687654
0.85089296
0.90007615
0.90280235
0.86563414
0.9266225
0.9740573
0.8389021
0.7490869
0.8757132
0.7692497
0.79320246
0.93500435
0.90900296
0.7230073
0.9340296
0.8223206
0.9635911
0.828341
0.91451937
0.7975733
0.94562656
0.74694055
0.8952763
0.8323866
0.86538494
0.80126387
0.87068486
0.9566068
0.8714963
0.8624132
0.8702322
0.8832005
0.8778149
0.9349018
0.9205226
0.81334895
0.86150384
0.7905158
0.81760603
0.8697494
0.9329659
0.95413685
0.76423055
0.76978046
0.9532286
0.96481735
0.8499406
0.93227506
0.78734803
0.5142869
0.8516184
0.89894444
0.9828496
0.9655297
0.8919251
0.98039764
0.9667277
0.8203393
0.68291754
0.9194261
0.9124776
0.9036108
0.91899306
0.85370463
0.910485
0.92848104
0.81476504
0.59631926
0.76951313
0.79882133
0.94369054
0.8728986
0.9495327
0.9310799
0.95168126
0.85863864
0.9032692
0.8439085
0.84389377
0.8842555
0.7930993
0.95899624
0.87180907
0.7190309
0.71861374
0.87903696
0.95560753
0.89311653
0.89781016
0.7846693
0.9331469
0.82081693
0.85439855
0.80076444
0.7897376
0.9299181
0.9467163
0.9222533
0.86633533
0.6259718
0.9232616
0.9504487
0.9738637
0.87715566
0.87605953
0.907447
0.93980455
0.89401996
0.75402313
0.93361026
0.92514205
0.8618606
0.94194484
0.9262696
0.7916536
0.8295908
0.8055707
0.7928622
0.9121389
0.9144236
0.92930365
0.9277149
0.69620603
0.5506488
0.9142756
0.8250118
0.9214359
0.86894643
0.7730188
0.832764
0.74904704
0.6168392
0.95048463
0.95669645
0.80124617
0.8128326
0.93175334
0.87662655
0.89764833
0.74395764
0.8868624
0.77649844
0.7214884
0.9054145
0.91374075
0.7580445
0.93299145
0.94389594
0.91510975
0.89267004
0.82862306
0.6872493
0.7582791
0.75551
0.76323044
0.8988068
0.9270318
0.92174095
0.96062934
0.6767089
0.82102734
0.82600653
0.8934361
0.9025041
0.811331
0.8191321
0.8473985
0.90557545
0.76158047
0.7760798
0.93728495
0.8080729
0.9708606
0.9798066
0.96663916
0.914575
0.82616234
0.84865195
0.9158915
0.93483126
0.8571642
0.87138367
0.8147803
0.9600853
0.9289514
0.96321654
0.9140831
0.90758514
0.7477893
0.8820244
0.9087646
0.95499283
0.73721874
0.8392027
0.83937144
0.7586333
0.92270565
0.8622412
0.8017211
0.9438925
0.90653294
0.7977995
0.8859404
0.7828841
0.9700923
0.9237214
0.8531324
0.9267157
0.87134755
0.9073694
0.92129654
0.94858927
0.87229335
0.7917101
0.93647647
0.834449
0.9197674
0.95206535
0.8852478
0.95290154
0.9140992
0.95760065
0.8918637
0.7541245
0.7562073
0.6680006
0.77965224
0.8972931
0.81236196
0.86699396
0.84182274
0.83952683
0.88799894
0.88934726
0.8991508
0.9134639
0.8958414
0.9775946
0.92746264
0.97800136
0.81449145
0.8797019
0.81370896
0.91226214
0.8655266
0.8397254
0.91049415
0.8691616
0.94539046
0.8664362
0.9408885
0.8473959
0.8983877
0.950338
0.8439872
0.90147096
0.9656427
0.49338323
0.8552849
0.9663118
0.71501905
0.7594287
0.92230546
0.8539158
0.9043445
0.86599076
0.7270983
0.9201999
0.9472536
0.78681576
0.94218266
0.8942491
0.81594634
0.88391244
0.79915905
0.7184964
0.8961419
0.9767284
0.71619505
0.8533807
0.96830493
0.8459279
0.97149265
0.78106594
0.84650284
0.7429317
0.9206609
0.69233984
0.9392374
0.82659364
0.8637353
0.6915033
0.9469586
0.810787
0.9489664
0.9361986
0.8722145
0.97212535
0.8037102
0.6764121
0.73079216
0.9677832
0.936162
0.91576475
0.8875661
0.75002074
0.9295522
0.82864445
0.96169484
0.6519475
0.865781
0.9253478
0.8697775
0.8404994
0.93401265
0.90838283
0.9124234
0.8033484
0.73342305
0.89726233
0.9458222
0.96532255
0.87063456
0.9482909
0.8788827
0.93197644
0.93853027
0.899627
0.9541722
0.8964302
0.80899435
0.871707
0.9394136
0.9228073
0.80231535
0.89996195
0.8084392
0.79456586
0.59105414
0.79924583
0.92992294
0.9595302
0.9097712
0.7627458
0.7634688
0.863328
0.9098415
0.8342872
0.8724453
0.95650053
0.90766746
0.80299187
0.89330816
0.89184487
0.9149638
0.9559041
0.8447676
0.9080383
0.9395773
0.9540413
0.6806039
0.81873065
0.9137893
0.96150416
0.91939646
0.92623913
0.7636349
0.5046131
0.9040159
0.929958
0.8895446
0.9069656
0.8303176
0.9029967
0.85006946
0.95572084
0.7903527
0.9335803
0.8874099
0.7987998
0.8393432
0.8670626
0.8602757
0.83375674
0.8350967
0.97989184
0.8649501
0.9631885
0.83146924
0.9616126
0.886797
0.7722547
0.8082138
0.81648093
0.87312007
0.9023972
0.8412503
0.92796457
0.87397516
0.9322393
0.7806081
0.9728059
0.84760106
0.61639166
0.91825813
0.8933008
0.8402241
0.69407785
0.9572621
0.97190183
0.9241497
0.8446413
0.8514992
0.8799675
0.95143926
0.90659535
0.9317555
0.8921803
0.90688825
0.8960167
0.90404236
0.8760976
0.93492943
0.94764614
0.9631266
0.76833147
0.9286361
0.88079417
0.89957666
0.8504743
0.8994033
0.7184608
0.83014715
0.81928337
0.83964217
0.7574901
0.90295184
0.8495489
0.93177617
0.93574554
0.8464434
0.6505949
0.887839
0.8683642
0.9448527
0.96693987
0.7659621
0.9259459
0.70962834
0.88646156
0.93223786
0.6329111
0.8943894
0.88612866
0.8285836
0.9388547
0.92850834
0.71631914
0.80490655
0.9452958
0.70464444
0.90927434
0.6827243
0.73194
0.78445315
0.92007536
0.96631026
0.8597299
0.82166547
0.8959253
0.9104189
0.88563275
0.86982274
0.9793978
0.82773405
0.7856017
0.80878717
0.74256897
0.7282125
0.9034452
0.9191571
0.94014597
0.679091
0.9632764
0.8637032
0.9137423
0.91775477
0.9548835
0.7076812
0.9145764
0.9667715
0.97714716
0.8317377
0.95889366
0.92146075
0.8903178
0.9613592
0.8607017
0.9143085
0.81755036
0.8612752
0.8746852
0.85394585
0.8417406
0.8187537
0.8893544
0.7651485
0.82715696
0.94662064
0.85559607
0.8898089
0.8710809
0.79526687
0.49566332
0.8673751
0.89107656
0.724802
0.73252714
0.91837084
0.9081635
0.85147953
0.81567025
0.8115087
0.809117
0.8937829
0.9186974
0.8799793
0.8173382
0.73923033
0.75757754
0.88086027
0.8729214
0.7649909
0.91020864
0.8792156
0.79935265
0.7926031
0.88833326
0.8119012
0.95446944
0.73240143
0.93199074
0.9104944
0.8254881
0.89902097
0.971879
0.52369285
0.93978035
0.8436776
0.846639
0.9182261
0.8998009
0.80134094
0.9566334
0.9285005
0.7929514
0.79173255
0.74654514
0.81299293
0.92076814
0.8077116
0.8614335
0.8867671
0.7318947
0.66789573
0.87070656
0.8872714
0.7278086
0.83835465
0.902665
0.6357003
0.87221473
0.9245354
0.90062016
0.8365623
0.88056755
0.8298546
0.9543069
0.82112205
0.70073134
0.8445778
0.81366533
0.9232314
0.88183314
0.8298568
0.9741187
0.9314894
0.6664993
0.8738464
0.9222944
0.6374879
0.9325351
0.8960598
0.91226745
0.91294384
0.8798182
0.9270134
0.8509024
0.8381436
0.69118524
0.90510887
0.81931746
0.93768203
0.7914666
0.700872
0.952825
0.8334654
0.8686769
0.8802824
0.8985963
0.82601166
0.9654721
0.6582819
0.7999661
0.7660927
0.9613197
0.926189
0.94541585
0.9038163
0.8583263
0.896201
0.8779938
0.82727903
0.93297696
0.9463377
0.73071676
0.9450907
0.8831943
0.83105993
0.8883523
0.94281316
0.8826438
0.76661557
0.9471812
0.90072244
0.9462591
0.74288934
0.8774191
0.8368852
0.57818395
0.53839165
0.9482385
0.7152505
0.8714894
0.9395864
0.9769113
0.9405556
0.9441106
0.8886504
0.93194747
0.89574826
0.92644644
0.90036345
0.72779375
0.4861763
0.87303483
0.91751766
0.79881275
0.939328
0.63933015
0.8522974
0.88102925
0.782795
0.89116216
0.88655174
0.90378135
0.8690526
0.7807521
0.8419624
0.6709466
0.93090165
0.5805346
0.94511116
0.8782619
0.88044006
0.5860312
0.50734174
0.94236636
0.925213
0.9563678
0.8123766
0.77632487
0.8514628
0.85780954
0.571071
0.903821
0.96623063
0.6800213
0.8116754
0.73787105
0.8625431
0.87464947
0.87537706
0.89860845
0.96601105
0.9140936
0.9470624
0.9002673
0.71438974
0.95673275
0.73604727
0.92958784
0.96376574
0.9124403
0.8800608
0.6820597
0.8848563
0.92710876
0.7021787
0.9522057
0.8267818
0.96006644
0.9405279
0.9709059
0.8515976
0.94380903
0.83604753
0.8338208
0.7136819
0.7768747
0.74922836
0.81412727
0.59603304
0.87623644
0.8216691
0.6195409
0.5122567
0.8874767
0.8503496
0.6324278
0.67690724
0.93118984
0.7715403
0.9340457
0.97784364
0.74420404
0.7839349
0.88159263
0.8881844
0.9063374
0.58152133
0.5433813
0.8671545
0.9261111
0.7901437
0.96411914
0.980622
0.8486488
0.9190494
0.8361248
0.90040183
0.9434388
0.8493335
0.8878718
0.86559093
0.9511106
0.86720306
0.9614339
0.899086
0.84601027
0.9235036
0.85135406
0.89922523
0.940821
0.8844105
0.9232955
0.8740965
0.82255006
0.97124606
0.95823926
0.93448305
0.91460633
0.9603404
0.76499164
0.9079536
0.8652044
0.82209104
0.6022083
0.96140546
0.62119997
0.86723065
0.7661341
0.62269086
0.98881435
0.7233322
0.9241345
0.904008
0.59235615
0.87072814
0.75800884
0.701779
0.93751174
0.9271718
0.9189259
0.9135765
0.8595029
0.85444194
0.9542682
0.67625153
0.8347973
0.7764261
0.8605131
0.9411092
0.9248184
0.9465505
0.963212
0.91364926
0.96101844
0.93683815
0.917733
0.8886572
0.89811945
0.87467945
0.8151849
0.80932266
0.9242726
0.9715819
0.81277794
0.9582432
0.95069945
0.75526583
0.79636264
0.97914904
0.9302825
0.9438212
0.9231284
0.90509623
0.9782587
0.9225799
0.93312305
0.82879996
0.7430504
0.89461136
0.9136872
0.805495
0.80537915
0.88334084
0.87029624
0.85472214
0.8861377
0.89971685
0.97383606
0.9050902
0.63091224
0.7463956
0.9244139
0.95803183
0.9129597
0.92328715
0.9007388
0.8807281
0.88839746
0.9782878
0.77550364
0.84290254
0.9703678
0.93961954
0.9272462
0.9703232
0.9010631
0.9202543
0.8614857
0.8851123
0.6976471
0.8526941
0.90100414
0.8464333
0.57096475
0.78375447
0.87483203
0.67867696
0.83726794
0.64802796
0.928003
0.8378633
0.82568085
0.95006514
0.9454973
0.8072228
0.7612729
0.89805853
0.8983229
0.93710124
0.88490814
0.89619327
0.8496765
0.8555119
0.9121392
0.86865574
0.70079476
0.91943705
0.79332215
0.8489872
0.8559734
0.78572714
0.8477227
0.8613468
0.88449144
0.6272556
0.97750545
0.9382247
0.8898985
0.8954414
0.9077602
0.9192052
0.9807213
0.8454233
0.78958523
0.7902657
0.84549606
0.9022457
0.9683045
0.908342
0.83969414
0.85476005
0.9203157
0.8872329
0.8572085
0.8784848
0.90848124
0.92654604
0.82285535
0.7549011
0.93605053
0.882959
0.9666516
0.88816756
0.77439624
0.7417538
0.8704467
0.8303544
0.6797951
0.8511721
0.9516641
0.8965009
0.8065548
0.88703513
0.9595819
0.858266
0.8256432
0.8539438
0.88893497
0.8758003
0.8720996
0.81827664
0.90000504
0.9485399
0.8689511
0.7200882
0.9556846
0.7870772
0.83171594
0.9121057
0.8456709
0.91349155
0.87650865
0.8749536
0.8338858
0.9572501
0.8611497
0.6874423
0.87897056
0.8230839
0.8527336
0.86767924
0.8907305
0.9198258
0.8107357
0.70911384
0.81576556
0.8172717
0.93982273
0.93054265
0.9128088
0.8776802
0.7716247
0.78272945
0.9604387
0.92243266
0.64428186
0.83247167
0.97625816
0.8288522
0.95745087
0.8507073
0.8574695
0.8475011
0.9067248
0.8697754
0.7841813
0.76559687
0.8935027
0.7829623
0.7819929
0.9360842
0.5559804
0.9461374
0.8873577
0.9729354
0.81077814
0.86487657
0.5235802
0.7751882
0.8474642
0.9187784
0.97170347
0.86175925
0.85478663
0.77352536
0.67406774
0.84526753
0.70790386
0.8560218
0.78313005
0.8678211
0.9592862
0.83095574
0.65998167
0.8459513
0.6455834
0.7214956
0.8819793
0.8211994
0.9232129
0.79926986
0.9522204
0.858456
0.9262293
0.8677253
0.8548646
0.89815533
0.94777673
0.82986414
0.7237436
0.8894474
0.92681783
0.75554067
0.88753843
0.9401584
0.85157925
0.69961953
0.6655078
0.8737459
0.7333759
0.8241279
0.80914193
0.86680496
0.889225
0.65789247
0.90488666
0.9486705
0.9313231
0.90103376
0.88274604
0.44161674
0.95538956
0.95639384
0.9345878
0.95740074
0.77413017
0.7923285
0.9460154
0.904553
0.883798
0.8189248
0.9288491
0.91133213
0.8597442
0.7880202
0.8691163
0.8114442
0.76038367
0.83878267
0.8852312
0.7958773
0.882315
0.96455073
0.84728
0.7952105
0.8025453
0.7267646
0.9065274
0.71070516
0.9003797
0.803902
0.8916763
0.94394475
0.7643649
0.85724413
0.6415646
0.4874171
0.94028395
0.43759036
0.9111473
0.87112874
0.85725707
0.9031612
0.91189134
0.8146053
0.8804128
0.86937493
0.8100474
0.94991815
0.6616946
0.86159956
0.86179143
0.90116626
0.9320072
0.9635948
0.82795936
0.92177856
0.8260267
0.9055854
0.9281715
0.83107865
0.8814261
0.75309944
0.97445244
0.89745796
0.87746
0.92940557
0.95423746
0.9407383
0.7610863
0.8256983
0.7561845
0.8996054
0.9153347
0.7645193
0.8780392
0.8518336
0.88771945
0.8383743
0.9554861
0.8905683
0.95246524
0.89025134
0.8149019
0.9806381
0.85422283
0.85464156
0.84543276
0.8357816
0.9679831
0.8115434
0.8530942
0.94451123
0.982445
0.9494005
0.8488185
0.86235106
0.869422
0.8485013
0.9535599
0.89088994
0.9571061
0.91461986
0.8674574
0.9284734
0.8635532
0.8782584
0.81231433
0.8022743
0.9559454
0.92534536
0.88823855
0.9415035
0.92920864
0.7128019
0.6825821
0.89751875
0.9421866
0.83672273
0.9763618
0.76549065
0.76567954
0.8118998
0.86091775
0.792058
0.9237707
0.77410954
0.8891476
0.81131536
0.79781246
0.9549911
0.9670688
0.919145
0.8892432
0.9315113
0.55196536
0.94810915
0.9206875
0.9751472
0.82190615
0.86335874
0.9217949
0.8052993
0.97136223
0.7835553
0.7951787
0.89405847
0.82488084
0.81208766
0.9545728
0.7331922
0.96391696
0.9712461
0.88454753
0.93108493
0.72604555
0.88403124
0.7943108
0.86406803
0.9538714
0.92183244
0.8330788
0.94682586
0.6998714
0.8830313
0.9671674
0.82779616
0.778552
0.9773371
0.80840844
0.7752435
0.7432066
0.885111
0.9099989
0.8142508
0.8929474
0.8226942
0.7246774
0.9183573
0.9501133
0.6084418
0.95104825
0.95430124
0.95837295
0.8680617
0.9746915
0.923185
0.8637978
0.89941
0.8497864
0.80124307
0.94549394
0.89200574
0.808727
0.93607575
0.9519014
0.9320454
0.8985162
0.88887423
0.7597491
0.77133375
0.95960337
0.8335676
0.8912075
0.70293295
0.9149395
0.82941383
0.9308465
0.858151
0.8944823
0.8817382
0.7740289
0.7990415
0.7293923
0.909749
0.9521187
0.889854
0.8934093
0.94759977
0.8996556
0.94387776
0.6647941
0.9496118
0.7264089
0.895905
0.78323257
0.9188248
0.8990553
0.7599087
0.9308734
0.8344527
0.7995501
0.93426776
0.8229406
0.84031403
0.9279205
0.9248955
0.8939035
0.9414294
0.87608707
0.95615757
0.95694757
0.89895135
0.54216075
0.86031455
0.91199946
0.778358
0.91374034
0.8014992
0.6883675
0.954919
0.7665674
0.82996976
0.9728553
0.759705
0.87017477
0.68147624
0.9056114
0.90522957
0.91879326
0.6177596
0.9022354
0.8826592
0.7628725
0.9493518
0.7402066
0.6999783
0.8952906
0.93913156
0.80311215
0.73274595
0.90624654
0.9365519
0.8773508
0.8718233
0.88897264
0.84664017
0.79035586
0.9319729
0.9547811
0.6672939
0.8490754
0.91049045
0.8139819
0.9264567
0.9632221
0.5714046
0.71122855
0.70617974
0.9527718
0.9652189
0.81573945
0.5322969
0.9785824
0.8888644
0.85777515
0.7873422
0.84791785
0.8828016
0.94352573
0.87285423
0.94088656
0.8496402
0.8815054
0.7978084
0.9685189
0.9528508
0.8963607
0.84025836
0.9710749
0.9565364
0.833049
0.89252484
0.57215726
0.9488889
0.81689
0.8967512
0.93657875
0.8462432
0.89777815
0.8442863
0.40468696
0.7069056
0.71755016
0.9114516
0.85808563
0.88995963
0.5674143
0.70579535
0.7042772
0.89072645
0.90723944
0.83972484
0.9282385
0.88867515
0.9697777
0.87314165
0.7683295
0.94586235
0.9111916
0.7769896
0.8946403
0.6282253
0.60184366
0.81746083
0.83696693
0.6712035
0.8035618
0.74616194
0.55740243
0.85365903
0.8406503
0.97712773
0.7202824
0.8125926
0.79839265
0.7927825
0.7676227
0.83760047
0.8049463
0.6218548
0.9105046
0.85540175
0.8367872
0.5883938
0.91366065
0.88151336
0.6331278
0.9430612
0.52934325
0.8438064
0.8720155
0.85194767
0.9689265
0.88617337
0.9842301
0.9425724
0.960284
0.8462112
0.8330902
0.7979192
0.87869495
0.81947917
0.41476697
0.8478425
0.8405134
0.5154644
0.8590957
0.84957147
0.7878282
0.6982964
0.6970209
0.80336905
0.46514553
0.9364419
0.71841824
0.9415733
0.8694509
0.960229
0.7682447
0.8451184
0.9669143
0.9616679
0.8880347
0.8218988
0.968647
0.7403817
0.85053885
0.9388468
0.81158555
0.8358455
0.6562643
0.92887187
0.9425354
0.80058146
0.7893307
0.8675275
0.95401853
0.48743218
0.868629
0.9644438
0.89613676
0.9419392
0.9302844
0.6912125
0.8348676
0.79853725
0.6020035
0.7606255
0.8705554
0.67552406
0.91100323
0.8009629
0.9048002
0.8468468
0.9554094
0.93098736
0.9700676
0.8569468
0.82104725
0.86685586
0.72107714
0.7724579
0.895185
0.8097157
0.911353
0.8568738
0.8566991
0.8883256
0.7847755
0.9072373
0.82018775
0.6919573
0.9815787
0.8128642
0.97470474
0.82864016
0.9590679
0.7660165
0.91710913
0.8726766
0.81504774
0.96654785
0.8248007
0.81554234
0.9232482
0.9519131
0.95196277
0.8861713
0.81341124
0.65163344
0.75872505
0.7917664
0.86167514
0.7720958
0.8525231
0.94861305
0.8356327
0.51402664
0.70976883
0.9573678
0.6975526
0.93122536
0.92242837
0.8085452
0.9483787
0.846044
0.8478003
0.9427291
0.98381674
0.8905754
0.8071917
0.8890772
0.90058726
0.9407651
0.9203577
0.7176308
0.75237286
0.6365568
0.89148897
0.9468395
0.93917465
0.76189405
0.9181948
0.8727491
0.8456532
0.81224453
0.7983471
0.9703278
0.5549398
0.8875928
0.86319315
0.7821881
0.88210124
0.8380387
0.9446144
0.7123605
0.94325805
0.8517877
0.7062037
0.90063083
0.8768755
0.91929823
0.8419281
0.89188385
0.98606944
0.8228236
0.9159525
0.7823303
0.6543506
0.9097051
0.77998644
0.78402513
0.864179
0.8604058
0.9482118
0.8704548
0.93482614
0.85541946
0.9356655
0.9085233
0.81864643
0.7490139
0.8656
0.81471705
0.840349
0.52000177
0.82936203
0.8544501
0.95877725
0.8804443
0.8752214
0.82233936
0.7488822
0.91566736
0.5688088
0.73227495
0.95690644
0.7773675
0.93046844
0.8912714
0.77806115
0.90225524
0.6660259
0.81636953
0.93358064
0.81367695
0.7328021
0.87535256
0.9037901
0.8859568
0.91229737
0.6622082
0.8149762
0.9155562
0.337287
0.78884095
0.9310912
0.7716787
0.9697458
0.519416
0.91366446
0.8461724
0.77401954
0.8155754
0.72384524
0.8379543
0.7076957
0.9071654
0.97562844
0.90017784
0.8379753
0.8872066
0.9368163
0.8499759
0.80969423
0.8754151
0.9200335
0.9689368
0.8940237
0.7679355
0.8937301
0.9520507
0.76597995
0.7239421
0.9253091
0.67903244
0.97235566
0.74888057
0.94020134
0.76685524
0.94574106
0.7518289
0.5938693
0.778786
0.9079732
0.8804015
0.7861376
0.84747785
0.88545436
0.6373747
0.74881625
0.7515526
0.73228955
0.95093596
0.9387736
0.8205797
0.85309774
0.8444192
0.7521347
0.9236151
0.8442408
0.9601205
0.8605546
0.8916868
0.9567385
0.9275897
0.54052496
0.8795336
0.95235234
0.8174614
0.894902
0.9718796
0.7310248
0.93403834
0.972309
0.86674756
0.88558203
0.9403821
0.89241624
0.83240026
0.8356648
0.7493086
0.9537904
0.70673954
0.93136275
0.7634318
0.9340855
0.9131495
0.84582096
0.88463753
0.81153315
0.9441828
0.7554826
0.84429085
0.869941
0.84646004
0.9657208
0.8657589
0.9697567
0.89627665
0.97235537
0.9592634
0.94555306
0.9527545
0.908915
0.94999003
0.90115654
0.87444305
0.6223246
0.87193
0.83550745
0.670678
0.88724214
0.8557526
0.7608291
0.93384755
0.97980577
0.95074475
0.9070111
0.9771939
0.7876899
0.912608
0.95232755
0.9155575
0.90074545
0.80319196
0.8407458
0.6845106
0.9542733
0.79426
0.7304173
0.8046506
0.8828608
0.95251006
0.685005
0.7261694
0.83008415
0.85201
0.89045346
0.6914885
0.73391426
0.79595166
0.84284073
0.8581744
0.9692273
0.6869432
0.910878
0.9631249
0.9472573
0.7851299
0.82042605
0.9143419
0.62905943
0.9315395
0.91816795
0.88165766
0.98308825
0.90496075
0.73063457
0.7239337
0.8634594
0.80745506
0.72251606
0.66071033
0.84735036
0.8708667
0.8128184
0.86899626
0.951476
0.9695506
0.7213353
0.9447586
0.9509354
0.88260674
0.8403317
0.6025882
0.6738818
0.6624578
0.7842159
0.85712343
0.9268657
0.8048912
0.7243886
0.94966877
0.93482614
0.89832747
0.56014925
0.8675203
0.93403375
0.8339142
0.925877
0.67670864
0.8077397
0.8725207
0.78540426
0.6582685
0.85428846
0.9088435
0.81102717
0.8274096
0.9487394
0.9689497
0.74464667
0.8756126
0.8729174
0.89392424
0.9410009
0.8944893
0.76184577
0.8917149
0.6347062
0.8782366
0.7825388
0.8715995
0.70922554
0.71470785
0.7771871
0.89442754
0.93705624
0.74557245
0.8692123
0.9013555
0.9051097
0.9672807
0.96187836
0.7612282
0.93948066
0.76367235
0.7122998
0.7766914
0.8931072
0.8189229
0.6088034
0.9383304
0.5543029
0.95792514
0.90510416
0.8744784
0.85063446
0.8234374
0.98797405
0.84689724
0.9045462
0.91904896
0.8594109
0.79608244
0.9453071
0.8291191
0.79886866
0.9068952
0.9234281
0.7145653
0.97180426
0.8421908
0.7967081
0.93028295
0.8909694
0.80185044
0.8606354
0.931204
0.8677
0.5250436
0.9190863
0.93023425
0.92299426
0.89442486
0.8198863
0.97305083
0.95261395
0.92602265
0.91358614
0.90495896
0.8595745
0.96263975
0.9612813
0.8883491
0.8849556
0.92460877
0.5302298
0.8365104
0.82886565
0.89426017
0.8577199
0.84505
0.961852
0.91894966
0.88381755
0.88182884
0.72655165
0.9242327
0.8764672
0.91585124
0.8372426
0.71562874
0.6775288
0.76253724
0.86077464
0.90301275
0.7917213
0.81530255
0.8272023
0.8821716
0.91921735
0.8115124
0.9424093
0.8379717
0.77092755
0.8530244
0.83402956
0.8796103
0.73603076
0.93782634
0.9368223
0.6685785
0.64378315
0.9465186
0.8348783
0.7929567
0.89586735
0.9215278
0.78836286
0.93396467
0.9567617
0.9452607
0.8811438
0.87129253
0.7470771
0.8728471
0.75179344
0.9143778
0.5998267
0.9523475
0.829626
0.7614032
0.9078828
0.89714384
0.8226218
0.8385972
0.9222908
0.9119268
0.66172594
0.74313354
0.7486081
0.8667328
0.93591654
0.7622341
0.83365613
0.9423241
0.44885954
0.86328316
0.8086039
0.79810065
0.82022554
0.9649483
0.7051914
0.8679548
0.9724902
0.93589175
0.9503115
0.65173316
0.819545
0.8155374
0.74253047
0.793962
0.8866767
0.8046045
0.8932872
0.84815305
0.82735455
0.7942127
0.91609037
0.92748344
0.9507095
0.9467926
0.8288702
0.85429645
0.77655923
0.9004052
0.8790821
0.92958575
0.883019
0.8905462
0.8747261
0.9023525
0.78940415
0.9854046
0.8562136
0.8563293
0.877444
0.9309185
0.7124122
0.57172793
0.8612477
0.90120137
0.9710972
0.9045047
0.845346
0.8194227
0.91333485
0.88853264
0.63676804
0.8325969
0.732767
0.8838599
0.944188
0.8399291
0.94496596
0.8663577
0.9228911
0.8833854
0.6423714
0.89870995
0.906551
0.85539836
0.8453058
0.85899997
0.866955
0.8354871
0.8311802
0.67904675
0.9014607
0.89597696
0.8295178
0.73288536
0.76150477
0.8496064
0.8039931
0.8091276
0.934641
0.6683608
0.82401705
0.5579211
0.8927243
0.9347266
0.888373
0.888235
0.8283828
0.9403763
0.929906
0.91314685
0.77100337
0.961184
0.9647779
0.8698607
0.9057086
0.8590131
0.76052034
0.8672744
0.795469
0.8951257
0.9584876
0.8982545
0.8664275
0.9331365
0.9103418
0.708967
0.93151665
0.91728944
0.7791474
0.78043383
0.6922245
0.84283906
0.87594867
0.93654287
0.70089346
0.8258133
0.88927895
0.79349905
0.9589931
0.9417929
0.9378674
0.8693926
0.9738599
0.6927702
0.9597014
0.97157097
0.83083427
0.81874156
0.9530848
0.8643222
0.6623133
0.9135577
0.9629488
0.72511244
0.77801573
0.86368203
0.6324611
0.86662716
0.9148074
0.8445518
0.92313653
0.70766246
0.90998936
0.7058889
0.9521393
0.9112633
0.5951028
0.872947
0.8099669
0.8593884
0.820433
0.8124358
0.7886635
0.93970275
0.972248
0.9049531
0.9007463
0.8250114
0.41889042
0.66876566
0.7911291
0.8861997
0.82286394
0.69782525
0.96235216
0.8997174
0.91834694
0.93876463
0.7154949
0.898913
0.94870317
0.8621787
0.9776291
0.858034
0.7620452
0.84068626
0.8051461
0.83595437
0.95289385
0.84415334
0.83315206
0.782509
0.84930223
0.9177401
0.86178255
0.7989954
0.9389272
0.91724896
0.9021684
0.8442088
0.93848264
0.83552986
0.7285029
0.966331
0.9699029
0.90589213
0.9247659
0.7841771
0.56929606
0.84370416
0.8207116
0.90014786
0.97905195
0.86366713
0.8276691
0.9133795
0.91920274
0.9083951
0.9285041
0.90248895
0.72894347
0.75003433
0.9153905
0.9244253
0.9190477
0.96552014
0.7670485
0.971684
0.8509642
0.7949289
0.92765665
0.9551346
0.96071446
0.9455191
0.8252249
0.70488894
0.8986135
0.7226257
0.62200606
0.77444726
0.70211864
0.9161291
0.7883794
0.9507027
0.9540171
0.8442464
0.9169377
0.9481804
0.60798943
0.74878883
0.81480163
0.87419605
0.8311572
0.7642504
0.81201714
0.97515786
0.8075343
0.8351022
0.8682382
0.85322964
0.76456356
0.75257003
0.783869
0.5623095
0.83339894
0.9423443
0.9563892
0.8598999
0.62985253
0.80175185
0.7741692
0.7128533
0.9765327
0.7682627
0.7874241
0.8826165
0.953786
0.8655504
0.7677458
0.765012
0.83029944
0.91193604
0.748806
0.73511297
0.71819067
0.71829045
0.8966923
0.67035544
0.9061508
0.8822976
0.8136649
0.77387166
0.8195994
0.743124
0.81431127
0.8378419
0.8668197
0.7751282
0.90932906
0.6360675
0.9325373
0.8702755
0.54217017
0.751315
0.9426781
0.87588525
0.9109281
0.8768843
0.8158497
0.8809718
0.8409287
0.94560206
0.74759465
0.893318
0.92748564
0.9264231
0.8048223
0.8317217
0.69788384
0.87479216
0.93996346
0.8323094
0.9102758
0.9190108
0.8365479
0.7024951
0.86919194
0.9259144
0.75039965
0.7041211
0.9087801
0.7479172
0.9176769
0.860279
0.97096515
0.7917083
0.95587105
0.86447805
0.7204346
0.7922212
0.98599255
0.90982485
0.5865862
0.80759495
0.6494385
0.9197851
0.73702043
0.9469628
0.78204906
0.89525783
0.90030545
0.8594142
0.6529275
0.87079847
0.9223185
0.80587107
0.986749
0.8081459
0.9146668
0.8716274
0.80942845
0.7924846
0.70692754
0.8429364
0.6327573
0.7307388
0.70081556
0.642135
0.91921735
0.8459215
0.83474976
0.67391336
0.9644904
0.7814213
0.9324968
0.6999079
0.83243275
0.9430409
0.42384222
0.68768764
0.79362166
0.94042724
0.83423525
0.8474774
0.9314866
0.7626489
0.9044112
0.83747745
0.70420754
0.94963324
0.9261341
0.9001595
0.90663415
0.8371305
0.7029906
0.7717984
0.7856504
0.9076539
0.9266191
0.9008577
0.73227066
0.8531333
0.7415301
0.6539634
0.82372916
0.59528357
0.91723937
0.89069915
0.86970437
0.9116379
0.93183833
0.7323572
0.746543
0.79350597
0.939549
0.95749897
0.8367498
0.9401058
0.8268479
0.63049144
0.85573244
0.8202722
0.8042394
0.85843337
0.8443848
0.9726474
0.84060514
0.93098366
0.8585126
0.8934188
0.77673405
0.80068994
0.7578924
0.7200854
0.88099414
0.80408305
0.82093
0.91299427
0.8558264
0.9478197
0.77780604
0.8180166
0.9645691
0.8650741
0.7900543
0.8267559
0.5973439
0.88193977
0.95400906
0.7380311
0.7741287
0.81313276
0.780326
0.910039
0.7730317
0.78901225
0.8311911
0.84532034
0.9646921
0.8470281
0.5152389
0.774762
0.913992
0.93693155
0.98684025
0.6237645
0.82622033
0.86929905
0.884426
0.7397338
0.7271111
0.8778631
0.7595403
0.86210394
0.8870673
0.9401793
0.8748076
0.8465591
0.66941476
0.92978466
0.7984402
0.8853344
0.9637706
0.9517673
0.9008722
0.6914369
0.97387534
0.729561
0.8682636
0.76371956
0.725823
0.46665478
0.87500805
0.9417197
0.8482158
0.9028478
0.7982007
0.7532797
0.7638777
0.9208135
0.9430668
0.9510559
0.8852675
0.84393054
0.73330265
0.9158354
0.6003714
0.6884157
0.87505853
0.85137695
0.8929339
0.92866266
0.9485969
0.97239584
0.6731999
0.8785886
0.8177821
0.81725436
0.9150454
0.79345536
0.9070936
0.9375224
0.95024633
0.93481064
0.6317636
0.7240815
0.8182537
0.728105
0.9096905
0.9696295
0.9104239
0.9275191
0.95703995
0.80152196
0.9609701
0.94436914
0.9537657
0.87453324
0.74976224
0.8721796
0.8972386
0.9611612
0.95171386
0.8018718
0.82337743
0.95096904
0.9675919
0.86231285
0.88323355
0.8486778
0.9410865
0.8717704
0.7989931
0.9691995
0.85421777
0.9054719
0.9139193
0.840498
0.91463387
0.90006804
0.9496445
0.9503342
0.8634936
0.8560973
0.8918123
0.9234865
0.77866745
0.88809586
0.97158116
0.7310047
0.9756458
0.91119146
0.78727984
0.78632253
0.86881006
0.7981688
0.92885303
0.8455727
0.88602495
0.84264636
0.9533957
0.8952829
0.39973652
0.95921457
0.9351865
0.5992884
0.82772315
0.7643394
0.8105256
0.871367
0.83725023
0.9074656
0.95792776
0.8013702
0.9721346
0.929256
0.8913174
0.81419873
0.9559577
0.7191019
0.8843596
0.82098866
0.7655225
0.8058415
0.9376677
0.78252345
0.9442436
0.730853
0.8018018
0.7782782
0.777564
0.9312948
0.9684029
0.7908099
0.75649726
0.95148075
0.9363704
0.7982824
0.9032772
0.8081129
0.96928924
0.7790928
0.65711594
0.7630733
0.6868094
0.834099
0.75862443
0.8241582
0.88566554
0.88619524
0.973884
0.8847552
0.85610795
0.83817536
0.5238445
0.93596935
0.9104578
0.7342318
0.9792645
0.8677922
0.7812142
0.93245584
0.85505456
0.81601495
0.88997066
0.8500134
0.9652984
0.88017035
0.9272553
0.9371901
0.9484691
0.9577052
0.70894074
0.83908176
0.83175784
0.82432675
0.9705104
0.75457376
0.8795135
0.8634245
0.9461092
0.81737447
0.8865824
0.8831833
0.9263429
0.8710443
0.95440495
0.8988217
0.78385645
0.70574343
0.9316435
0.90446514
0.9376557
0.8264149
0.83291775
0.7908807
0.92524624
0.80823636
0.9023615
0.76212204
0.78130305
0.8015401
0.973667
0.9259655
0.86746955
0.685971
0.9070769
0.87569225
0.8100891
0.8627896
0.95453334
0.8224096
0.8585732
0.85912466
0.9294476
0.9031753
0.96726435
0.91981447
0.9092505
0.91254586
0.75045407
0.853652
0.82119715
0.85040385
0.9631262
0.95090044
0.91880745
0.89781547
0.8826014
0.9216875
0.885087
0.8857025
0.9494754
0.77168536
0.9297196
0.91154677
0.682519
0.97080505
0.76349515
0.9795522
0.95118153
0.7052767
0.9201834
0.78361785
0.5154888
0.86755085
0.8980135
0.7892506
0.9630021
0.85233605
0.80802536
0.8396954
0.2668993
0.84495634
0.8522374
0.86504745
0.86192214
0.7500071
0.84900415
0.93799543
0.33902517
0.9245746
0.80066395
0.8964193
0.9321822
0.830061
0.87932456
0.8672222
0.94215655
0.820865
0.927153
0.88311815
0.89957774
0.9132613
0.76098776
0.924091
0.9596369
0.9066087
0.7359429
0.91344655
0.83895665
0.798845
0.7951822
0.9402992
0.7285429
0.55694205
0.76298654
0.88287777
0.9713676
0.75427365
0.97139394
0.6121762
0.80623204
0.8350374
0.87964034
0.8985167
0.90796083
0.73597366
0.79668665
0.91371936
0.95987225
0.84081966
0.9060149
0.9501922
0.6675916
0.9197314
0.8959154
0.8928979
0.75285536
0.92503643
0.7890301
0.8632593
0.65545243
0.87562776
0.9577893
0.8505821
0.9043408
0.74180496
0.918864
0.8164705
0.8673315
0.95177895
0.8774135
0.9184923
0.96134245
0.6859901
0.826148
0.79624134
0.7252853
0.7944394
0.9417801
0.8064509
0.8577307
0.92399824
0.7792879
0.8984293
0.80923027
0.9391009
0.7551116
0.8842416
0.75040114
0.84294826
0.6514098
0.85724235
0.9776094
0.8112048
0.8549435
0.95021856
0.8769481
0.9677469
0.9706261
0.8899704
0.91197425
0.92162114
0.6468399
0.88969123
0.88282025
0.73322546
0.39181665
0.8255741
0.8818176
0.88834876
0.9524406
0.8864651
0.6538013
0.9702543
0.9032932
0.89017797
0.75994414
0.80273813
0.7302863
0.7560923
0.8791983
0.7939484
0.93803614
0.7992937
0.8533708
0.72551954
0.9039619
0.90407944
0.9566523
0.9151776
0.953395
0.9488671
0.84288335
0.7426424
0.81129235
0.91512793
0.9618086
0.79985386
0.94588214
0.94152653
0.9467524
0.89466023
0.9165285
0.90484154
0.831225
0.7771095
0.82544154
0.75667155
0.9154631
0.757243
0.83150303
0.8636202
0.5468086
0.9029943
0.93266267
0.607193
0.7633621
0.8570679
0.8311524
0.92355347
0.92980003
0.93028605
0.97794694
0.8660338
0.6547818
0.84236014
0.926285
0.8918158
0.82775646
0.90064484
0.85740256
0.9727746
0.7132419
0.9547652
0.8356924
0.96117735
0.8136294
0.7694642
0.9165779
0.9407829
0.9795555
0.89262974
0.85922897
0.6445011
0.59538573
0.8919418
0.9381676
0.91832113
0.5832892
0.80991316
0.9712559
0.86287427
0.7651428
0.94548213
0.7697464
0.9545214
0.9322164
0.9324691
0.8239183
0.8835889
0.7075952
0.74374187
0.91056764
0.89042044
0.8968561
0.8415784
0.87238276
0.49856752
0.87789196
0.84320503
0.90278155
0.7354808
0.8778683
0.8653395
0.7531924
0.8794436
0.9758469
0.8008437
0.84153
0.9351146
0.8426901
0.8547302
0.8748472
0.8825931
0.85306627
0.971833
0.91836894
0.8249508
0.91170365
0.8107287
0.82545227
0.9671409
0.8760266
0.90970355
0.72667426
0.97231466
0.8734983
0.79548466
0.7260118
0.860611
0.9009548
0.9483704
0.9080447
0.8847412
0.77779555
0.94144046
0.85742724
0.9486537
0.8785601
0.93727565
0.8209871
0.90335405
0.8742738
0.86684453
0.6583297
0.87285644
0.7672382
0.87649643
0.96674913
0.8743253
0.77442735
0.9278578
0.9515007
0.7746214
0.88600886
0.90083563
0.90034753
0.8759193
0.71963435
0.8711541
0.7895675
0.90587306
0.89081275
0.9123802
0.7313858
0.86514676
0.83815587
0.4893371
0.8456371
0.8199785
0.90201694
0.9450553
0.9193711
0.80465317
0.9632412
0.85779274
0.61650085
0.7412312
0.90489674
0.92007816
0.9484986
0.9272341
0.92978007
0.73536074
0.9169514
0.93024325
0.9206111
0.94937354
0.9539572
0.8645047
0.8273731
0.97088933
0.81162035
0.95904845
0.9137949
0.8966362
0.7484853
0.95173883
0.79864144
0.8371667
0.876583
0.89954025
0.77520967
0.78913254
0.9523756
0.7421351
0.63302004
0.7790743
0.7557168
0.89274067
0.7625002
0.9354245
0.8560379
0.6973356
0.98547137
0.841033
0.8385292
0.7368207
0.68628865
0.9082436
0.861425
0.9401858
0.916143
0.8024175
0.8952025
0.79974085
0.95782715
0.7737502
0.5675872
0.898453
0.9652637
0.899738
0.9346024
0.88473314
0.8315203
0.9662237
0.68555295
0.9315699
0.8692758
0.85749376
0.8676388
0.9693144
0.85405153
0.8828273
0.3510687
0.8771826
0.94195807
0.9417171
0.96028715
0.92602855
0.9641317
0.80060554
0.63801193
0.71736765
0.9580747
0.8495446
0.928054
0.8713544
0.8070553
0.98177266
0.8518717
0.8811898
0.9369774
0.94747543
0.7786014
0.7979951
0.9309856
0.83743024
0.9490895
0.9177331
0.8981996
0.88130164
0.84980553
0.756738
0.8417179
0.7427025
0.7867338
0.84157723
0.8054718
0.88441366
0.88691604
0.81630594
0.88931036
0.9254283
0.6801659
0.92588115
0.69034064
0.89804906
0.70174795
0.79642224
0.81341785
0.74346083
0.91815567
0.7065263
0.97771627
0.9156075
0.9660521
0.963532
0.9223534
0.7238414
0.93943775
0.9585961
0.9022761
0.95860475
0.8642166
0.87737536
0.9255852
0.7508567
0.8554503
0.9215831
0.95283234
0.89270437
0.906227
0.87011194
0.9615874
0.9685327
0.9650044
0.88706565
0.7716798
0.81522673
0.60139865
0.76897514
0.9055581
0.8603803
0.6091059
0.77552414
0.92800736
0.847706
0.8723536
0.7214413
0.89578885
0.87886643
0.9591036
0.9354808
0.7770624
0.7553422
0.9477835
0.8964306
0.94725263
0.79948723
0.7484765
0.9052166
0.8584411
0.89405686
0.8014668
0.7864646
0.91673946
0.93720466
0.8679776
0.79447377
0.88710445
0.9165104
0.6213176
0.929629
0.9439472
0.8260598
0.71572536
0.8092779
0.8845184
0.8716166
0.9335777
0.9474303
0.8670212
0.94264066
0.7869545
0.8984988
0.94260514
0.7560497
0.71104985
0.88892066
0.84768
0.7159752
0.89160085
0.93705094
0.8265938
0.91005826
0.8182422
0.73710704
0.8802073
0.8972128
0.7669361
0.78622055
0.87751305
0.79031336
0.77862835
0.8382542
0.772095
0.74648625
0.96324325
0.83053017
0.9196749
0.9174507
0.706586
0.8906101
0.79342216
0.90115243
0.8548919
0.9531776
0.9137019
0.8177093
0.8930361
0.8935653
0.9349914
0.6207018
0.8783233
0.65814394
0.7120296
0.9153291
0.91576374
0.85562754
0.8219904
0.93198407
0.94440615
0.70987266
0.9585878
0.9295888
0.84519315
0.87219465
0.8818896
0.88646746
0.97359544
0.93665695
0.65790606
0.7202786
0.891293
0.93302184
0.7668082
0.84140277
0.6731844
0.8404995
0.93603075
0.96783817
0.94300085
0.93085116
0.9620148
0.6612916
0.81702846
0.8488374
0.72472024
0.9423382
0.56578887
0.90907574
0.8696234
0.83842707
0.8057813
0.7659885
0.853755
0.7994066
0.8637437
0.8216769
0.9002863
0.6877975
0.9026493
0.975646
0.8333606
0.84948593
0.8884157
0.9368285
0.81478727
0.81408966
0.9512268
0.9038607
0.9077005
0.92860425
0.95085526
0.53474325
0.93135244
0.93820167
0.8985961
0.810298
0.9198816
0.78386724
0.8684704
0.8048131
0.6920703
0.88973945
0.96508217
0.79310215
0.9047986
0.6278026
0.800256
0.83373004
0.946611
0.8328035
0.81743455
0.71965563
0.77530557
0.96325946
0.65142596
0.8414144
0.7212347
0.8015016
0.7454251
0.7273289
0.9656577
0.7400073
0.8033929
0.7437484
0.89909947
0.8466711
0.8721845
0.6378803
0.6136497
0.85901546
0.8366062
0.7690823
0.85968316
0.9075404
0.80239105
0.9254688
0.9623437
0.72610545
0.6316059
0.85170174
0.89320356
0.85565156
0.8615519
0.87200105
0.46932557
0.76901543
0.93628603
0.91701144
0.9577131
0.86708915
0.93332034
0.9290988
0.93290824
0.9326334
0.8822123
0.9588197
0.9427006
0.86363965
0.8983972
0.80845094
0.68518835
0.9486866
0.97838765
0.83126676
0.97033846
0.8200083
0.7842911
0.80575335
0.7429686
0.82861114
0.938174
0.8293468
0.9415779
0.78819066
0.9437571
0.8340924
0.91227084
0.8835603
0.895416
0.87473994
0.9542852
0.7796566
0.65832347
0.9698008
0.95289445
0.8383565
0.795345
0.70862633
0.94796073
0.88042897
0.8969374
0.9422621
0.82940626
0.7731401
0.85318065
0.91340613
0.7009201
0.8791257
0.9075962
0.73371077
0.82393193
0.9336859
0.92487276
0.95413476
0.9360651
0.88409853
0.93952286
0.77891934
0.8223583
0.74808455
0.9284724
0.8412588
0.95602584
0.90555775
0.96502143
0.8718371
0.84172857
0.7326047
0.9293839
0.9163352
0.9096864
0.83951265
0.86766475
0.8305396
0.95444685
0.81854093
0.8384969
0.79603887
0.6271437
0.9268189
0.7549324
0.8778365
0.9398794
0.6901196
0.9115666
0.9469269
0.95473236
0.69564027
0.7662429
0.93003947
0.93795115
0.82578075
0.94048506
0.6774879
0.9634899
0.85070074
0.90979946
0.7440132
0.886923
0.931861
0.8804164
0.9321743
0.93139267
0.69450134
0.97145194
0.90555006
0.8599691
0.81030583
0.8926439
0.7835993
0.9092699
0.8956788
0.88916016
0.8936747
0.66216147
0.8651675
0.8619089
0.9295689
0.8875259
0.77158415
0.78563696
0.8869237
0.9647814
0.8265519
0.874143
0.9348243
0.8365751
0.7724351
0.7885291
0.78919655
0.77192616
0.82656425
0.93359226
0.79127204
0.88163817
0.88623166
0.9463992
0.9755747
0.8929689
0.95328754
0.667682
0.7100061
0.9712329
0.7909239
0.92749286
0.801391
0.7402875
0.88898903
0.97818553
0.843716
0.8845097
0.846141
0.681834
0.7661689
0.9356263
0.94493055
0.7873657
0.9387412
0.80357075
0.83433557
0.96787846
0.7524093
0.68831044
0.7797644
0.96092176
0.88068426
0.79536444
0.78452414
0.8726666
0.94280934
0.8458544
0.9132587
0.78474295
0.5964851
0.8961439
0.91367507
0.8645736
0.7089679
0.87337965
0.80855167
0.8085472
0.65168107
0.8679469
0.9423368
0.6814295
0.78666747
0.8693737
0.87215567
0.8635939
0.91129357
0.9514597
0.8672483
0.9512274
0.67499006
0.85986817
0.955313
0.92698884
0.55445206
0.96418786
0.9271147
0.87556136
0.52090085
0.77078056
0.91307485
0.9717116
0.66513133
0.94816905
0.8831349
0.9251814
0.9758167
0.9117408
0.94174534
0.93250716
0.876304
0.7635174
0.92456937
0.8802856
0.73135436
0.68207616
0.8201002
0.8027556
0.63128525
0.9456325
0.8175928
0.8010614
0.9366696
0.84779525
0.6768216
0.57049406
0.9547853
0.81067574
0.87203556
0.89032495
0.95614815
0.9628537
0.86012053
0.98016334
0.88182086
0.7393677
0.8168411
0.7496997
0.91768146
0.9087424
0.87681305
0.9766357
0.868952
0.96668166
0.88286823
0.6990052
0.8807115
0.7649995
0.9006576
0.86161137
0.9597821
0.9172014
0.8130937
0.82694554
0.8137806
0.88179964
0.88493425
0.91509575
0.94579196
0.8812927
0.78834736
0.79301655
0.9210237
0.88497543
0.95951277
0.8462158
0.9100239
0.7893247
0.8772501
0.74243355
0.9118209
0.63001716
0.8739486
0.9716579
0.8700806
0.8774894
0.96801823
0.77489114
0.960709
0.91399086
0.8639479
0.96435106
0.9560285
0.9063305
0.8890742
0.80296314
0.9328054
0.8146613
0.8293185
0.88347137
0.85238713
0.9379915
0.91934395
0.7287585
0.9560758
0.86333525
0.96463877
0.55672985
0.7002236
0.88385177
0.8582424
0.889698
0.94539565
0.792977
0.95988905
0.83363146
0.834869
0.88251215
0.9107825
0.8124986
0.73444164
0.82012457
0.87902874
0.7584925
0.86199456
0.88946736
0.92706853
0.98046625
0.8845469
0.838502
0.88707876
0.97223985
0.7103812
0.881754
0.73156
0.6679404
0.94264275
0.6086181
0.7991325
0.88226676
0.56209815
0.92296803
0.7607911
0.87728745
0.9399898
0.8923044
0.8654367
0.8398386
0.84561056
0.8099022
0.8607483
0.85606205
0.8590214
0.81841177
0.94364613
0.8568012
0.7275792
0.88043785
0.8954195
0.66399604
0.94550264
0.7895198
0.7743562
0.91446096
0.84577966
0.95047116
0.9390155
0.6619907
0.9460102
0.9633159
0.9502354
0.75091225
0.8689375
0.9512301
0.93204707
0.6361371
0.89280915
0.73852783
0.83766514
0.7599325
0.86449397
0.8586782
0.8819504
0.90928
0.8679447
0.88683605
0.85921085
0.767862
0.86638093
0.9215708
0.7932334
0.8665507
0.9545032
0.86049867
0.8891796
0.8124485
0.8727381
0.9023165
0.7724777
0.8544235
0.85558164
0.8755337
0.8068995
0.56737995
0.9097952
0.8789173
0.728368
0.78144056
0.8988426
0.9719873
0.92799324
0.7704613
0.75925285
0.9655158
0.8803561
0.9290563
0.8896576
0.9616577
0.8932277
0.9464555
0.8732421
0.93525696
0.9213829
0.8675369
0.58714616
0.9148277
0.8209821
0.97101045
0.86191136
0.83791006
0.80092394
0.9280297
0.7843505
0.8235531
0.9205316
0.9043697
0.97062737
0.8924583
0.87467843
0.7298497
0.957477
0.9492817
0.8691727
0.86329895
0.8439432
0.93554723
0.64571685
0.7750013
0.78516316
0.9564756
0.71260893
0.8696771
0.9731365
0.76193774
0.65203255
0.88361883
0.7525067
0.9302169
0.87378895
0.84369206
0.9186487
0.9806036
0.7968952
0.3890202
0.8803934
0.901958
0.93612444
0.91301453
0.61325055
0.90390366
0.88101107
0.8240687
0.9084171
0.86856306
0.897254
0.8881414
0.6799996
0.9455068
0.82042485
0.8391956
0.8311559
0.9359552
0.70829076
0.9471042
0.838494
0.9588282
0.89717937
0.9104114
0.6959209
0.85553133
0.7911727
0.78031254
0.7005192
0.8261003
0.934036
0.8827249
0.8517485
0.9576076
0.81836694
0.9108883
0.93187916
0.8770759
0.9161768
0.81780356
0.9182801
0.89641315
0.9492073
0.89859045
0.76379585
0.84806406
0.7425054
0.95891386
0.68596524
0.9157671
0.9738553
0.9402506
0.852747
0.7924081
0.75314707
0.80174255
0.6620257
0.89554614
0.9656139
0.7762535
0.9346437
0.7145555
0.8361765
0.728666
0.90465045
0.8687126
0.9448367
0.81830055
0.9627497
0.81107765
0.89296025
0.6966283
0.7751739
0.79583716
0.5804088
0.8963332
0.9213539
0.806613
0.8668355
0.74360406
0.9258306
0.78086436
0.92572784
0.9072526
0.8917028
0.7617434
0.918881
0.9038285
0.89578557
0.6106153
0.9442839
0.9231012
0.9199115
0.9577223
0.80659497
0.8417259
0.7989003
0.856204
0.877959
0.97176385
0.769686
0.8996793
0.7208997
0.9706265
0.91899747
0.8771569
0.8968136
0.928581
0.87701386
0.80781513
0.82462
0.7361967
0.71876943
0.85561466
0.8330871
0.93968374
0.848594
0.7650876
0.83352935
0.977696
0.96868527
0.7772567
0.95409656
0.93803203
0.8843799
0.8962329
0.73823535
0.84793115
0.91052294
0.9456308
0.85113823
0.9728325
0.7831306
0.7550975
0.90590376
0.967319
0.7359039
0.9680351
0.9757119
0.8161526
0.828837
0.76534593
0.91738164
0.6439291
0.8809247
0.8703747
0.77166724
0.8612565
0.9172239
0.95167905
0.8099408
0.938713
0.8733418
0.9057655
0.7875972
0.82001805
0.70087403
0.5612788
0.96281856
0.8587279
0.9027626
0.91880447
0.7992972
0.95948136
0.91102934
0.9598312
0.6201865
0.89675796
0.937882
0.89930606
0.87112343
0.8986636
0.7501332
0.92717516
0.9495694
0.83512074
0.7113849
0.53568494
0.9030787
0.9416009
0.9405128
0.96858215
0.94106257
0.9397022
0.9313487
0.7667357
0.859991
0.92572296
0.8698257
0.8772153
0.8481247
0.9399289
0.8564229
0.7816734
0.9001275
0.9342853
0.75264806
0.75235236
0.7681887
0.74965847
0.7954569
0.87016153
0.86248434
0.7275421
0.8857954
0.95263135
0.9007829
0.9357349
0.9169906
0.9642247
0.7900641
0.5401794
0.87282795
0.78912675
0.9448163
0.5642022
0.91450423
0.8377086
0.9580436
0.96592945
0.8032857
0.5758812
0.6305853
0.9211665
0.76686305
0.962458
0.90669787
0.90876526
0.7978446
0.7429247
0.8921799
0.63860035
0.8317038
0.83359545
0.90839314
0.93507266
0.9461233
0.9745383
0.9168583
0.9601923
0.93773466
0.66998947
0.7459369
0.7323054
0.5784006
0.7980325
0.94350517
0.73604923
0.86198753
0.8908264
0.8918828
0.8978438
0.8129517
0.9415064
0.776706
0.87803066
0.7106328
0.93146896
0.8075486
0.6257592
0.9122393
0.901873
0.8649836
0.71969557
0.8662044
0.81514496
0.7801617
0.89297
0.8867384
0.8858854
0.8260432
0.91239125
0.9304793
0.9479004
0.9268358
0.9535091
0.9233769
0.92082274
0.9457036
0.96587825
0.87976414
0.98298264
0.8850951
0.9200094
0.74072737
0.899681
0.9731285
0.94758224
0.8837607
0.9515093
0.97006
0.8958914
0.9376914
0.67008346
0.7406837
0.7573588
0.9317018
0.94355404
0.8137531
0.88840413
0.92667484
0.9249414
0.95754427
0.92926705
0.8899072
0.92138517
0.97135156
0.74911106
0.85148954
0.82885385
0.77665734
0.5458349
0.94939494
0.9783081
0.95122385
0.9677582
0.44706643
0.86213714
0.8681396
0.9299164
0.9281566
0.9035646
0.9682068
0.75798047
0.822715
0.87777793
0.95672023
0.9468609
0.90610695
0.7963644
0.806469
0.953375
0.7540054
0.9651401
0.8366538
0.87792426
0.46208403
0.8530677
0.8951493
0.8475974
0.9296434
0.9622589
0.9140416
0.8910647
0.90000093
0.9542868
0.8080301
0.87680244
0.75394994
0.959267
0.90931535
0.8004365
0.7527351
0.95125324
0.89560175
0.56965894
0.84467477
0.87040335
0.8863915
0.86261195
0.6982649
0.97422993
0.8650439
0.9142253
0.88424945
0.885805
0.85575306
0.9555288
0.9370396
0.41880625
0.8440222
0.8124097
0.9420442
0.7322948
0.7897129
0.94144696
0.9273155
0.89674217
0.9358522
0.96564764
0.92549825
0.83022976
0.89487106
0.91147023
0.7042498
0.87415516
0.65307075
0.9478138
0.906066
0.7353661
0.86290115
0.8367844
0.9049572
0.67777985
0.7556194
0.9415189
0.937945
0.8883057
0.922764
0.96559256
0.94080657
0.8686148
0.8569139
0.9505418
0.69542634
0.89690644
0.92763734
0.7828069
0.681226
0.9075114
0.74734163
0.8723924
0.9198888
0.92300415
0.8492828
0.7733471
0.78242296
0.8976512
0.76280993
0.9465422
0.93359613
0.86541337
0.898313
0.92464113
0.8904729
0.84674084
0.8802993
0.3641683
0.8629456
0.79229814
0.90272564
0.75868565
0.7969982
0.8414813
0.9396022
0.8916654
0.9746382
0.8577984
0.84781486
0.9496285
0.54784346
0.96578264
0.92730874
0.86627793
0.8012835
0.93595695
0.9407299
0.8398056
0.93270355
0.7613618
0.9330442
0.876869
0.9401742
0.77779007
0.88416445
0.9682075
0.8404143
0.76003146
0.7374853
0.8227355
0.8882451
0.73390573
0.759288
0.9584054
0.9707906
0.94044185
0.7659888
0.8599894
0.81273186
0.84703445
0.95576924
0.94681764
0.8370304
0.8252506
0.9498923
0.826004
0.8649262
0.8712057
0.9210243
0.8084407
0.79812855
0.80530405
0.83529466
0.9599565
0.7938274
0.97808397
0.8362185
0.92852986
0.8905589
0.8822272
0.89583015
0.8838818
0.90547204
0.9621334
0.5531442
0.8248472
0.6063635
0.8377107
0.963938
0.63077796
0.8540561
0.8618671
0.9176644
0.87239796
0.98072404
0.45496792
0.8726952
0.83083385
0.6694384
0.63931096
0.72586215
0.90355766
0.9609438
0.88221073
0.95466834
0.7378232
0.89249456
0.81535655
0.61825925
0.9351715
0.9416552
0.9796102
0.91119945
0.9081375
0.81240803
0.9518452
0.9196118
0.8428444
0.92770123
0.96661633
0.9530692
0.6517907
0.82703054
0.8574424
0.8591211
0.8080937
0.78264123
0.97511536
0.8818657
0.7175303
0.7978114
0.9418726
0.9337064
0.78075135
0.9541483
0.9463149
0.9065434
0.9352402
0.86361897
0.9238875
0.96160203
0.8414022
0.82211494
0.84010386
0.824568
0.8973268
0.9026968
0.9840396
0.89532423
0.77191055
0.8944786
0.3610503
0.8572886
0.76787263
0.9396374
0.9283496
0.9456419
0.9089047
0.87630296
0.9179087
0.8908809
0.7160462
0.83179224
0.858382
0.7875025
0.81442904
0.94677794
0.9377557
0.79294133
0.8682932
0.8280233
0.81589675
0.90361154
0.90102804
0.9158795
0.9532113
0.93897533
0.78480494
0.92746234
0.79670477
0.94071096
0.9327337
0.82204497
0.93004787
0.75229216
0.9101206
0.8358828
0.8464327
0.86972845
0.88705385
0.9709641
0.8270409
0.77958345
0.8948715
0.89979494
0.9183003
0.83112407
0.74623585
0.5283585
0.91055727
0.8626725
0.9525337
0.8496828
0.93254435
0.70454407
0.87040794
0.92546666
0.91643023
0.8946743
0.94104785
0.6386852
0.9569873
0.8225142
0.8998055
0.75414264
0.622905
0.6044879
0.94842
0.73231393
0.87619054
0.9590563
0.96747875
0.9036809
0.87309533
0.9393885
0.8130156
0.9573784
0.9590345
0.8832295
0.63424015
0.9109252
0.8232859
0.9025563
0.84743035
0.92603433
0.92490643
0.937478
0.8879499
0.8991457
0.8747647
0.8927162
0.8812148
0.8832089
0.90981877
0.9605466
0.6403057
0.9261935
0.7601768
0.9193224
0.8574208
0.88733244
0.9578641
0.8264269
0.9361931
0.6021785
0.92695546
0.9816768
0.7895123
0.8582789
0.8208591
0.8105333
0.8600255
0.91308194
0.5223094
0.70409256
0.8844341
0.7672698
0.94855297
0.94190097
0.9739226
0.94854116
0.9083168
0.8658675
0.806257
0.83601123
0.9016547
0.88363665
0.9541957
0.94446445
0.95951754
0.7843097
0.96136504
0.7620847
0.8278583
0.8968825
0.6629641
0.93731546
0.9725559
0.771262
0.9468797
0.8220304
0.8414261
0.760587
0.82235503
0.78966695
0.81979185
0.75680035
0.79565203
0.8072307
0.8567876
0.7052687
0.84025025
0.9222551
0.9520465
0.94155407
0.37306237
0.912324
0.95234424
0.9697088
0.9536767
0.824632
0.8671833
0.9814919
0.62430745
0.90584326
0.60440934
0.9380475
0.9171177
0.876261
0.95091635
0.8112172
0.6354649
0.91914284
0.89473623
0.81321216
0.730357
0.7928982
0.8527728
0.8033347
0.88360894
0.6296908
0.65821743
0.8769089
0.95938766
0.6337075
0.96304274
0.88722426
0.5600862
0.9071921
0.93425786
0.91765994
0.9363718
0.8930093
0.96513283
0.5690551
0.9217361
0.8775744
0.61248094
0.72546303
0.70485556
0.62359506
0.8376583
0.9540181
0.71221155
0.7441899
0.53652644
0.9128003
0.9483973
0.840919
0.9066307
0.715812
0.82843816
0.82576656
0.72719324
0.7562603
0.85965073
0.9064783
0.9520283
0.8640976
0.9176446
0.7498051
0.8946466
0.9215951
0.937811
0.820363
0.9763094
0.6187452
0.6920402
0.89791125
0.75870657
0.878151
0.9135044
0.74988246
0.8928106
0.7400043
0.9578606
0.86233073
0.8943064
0.9156718
0.746537
0.7980363
0.56623065
0.7033701
0.9274461
0.8803809
0.8245121
0.5095382
0.8880924
0.76544327
0.9021511
0.6991423
0.95491797
0.96741945
0.79965144
0.76351607
0.81187886
0.9627292
0.8292037
0.5211156
0.9408862
0.80374366
0.8947885
0.7094609
0.76175916
0.79279953
0.94454104
0.9732722
0.7508524
0.8553927
0.9240416
0.9505663
0.9601508
0.7567097
0.88052297
0.83007294
0.74868226
0.38321486
0.7577081
0.84097016
0.82689774
0.7464469
0.91981655
0.6881981
0.87040216
0.8681982
0.87346303
0.79885375
0.9372855
0.69455975
0.9124042
0.8582714
0.7785221
0.78720784
0.5298561
0.79523855
0.65450346
0.69787097
0.8625331
0.9485047
0.8625763
0.9492346
0.91429967
0.8371432
0.84333885
0.8837756
0.79993355
0.7929996
0.7675486
0.8290967
0.845996
0.9517104
0.92811036
0.89330256
0.8841694
0.7509023
0.8075894
0.94526786
0.6996549
0.8753555
0.88295215
0.80498046
0.8698417
0.9498118
0.92559415
0.6564126
0.8894383
0.86814415
0.90594786
0.9663068
0.9665295
0.9313314
0.9234873
0.8197411
0.9074303
0.8677703
0.85089505
0.8306108
0.7944603
0.94740117
0.8945648
0.76413447
0.88506913
0.8178348
0.6799317
0.8410408
0.9062949
0.9341093
0.77267295
0.85013586
0.8907658
0.8165239
0.7388256
0.81453806
0.71017134
0.8661331
0.9414186
0.8973502
0.66847897
0.9641227
0.943714
0.944747
0.895751
0.8644762
0.6880999
0.83707476
0.7903736
0.88323206
0.7803086
0.89604604
0.87417763
0.90218705
0.74614185
0.9614978
0.95036334
0.8402339
0.98567474
0.9388431
0.8876227
0.84870076
0.95407426
0.71721745
0.9080982
0.8952644
0.83784276
0.9015641
0.95673454
0.88121665
0.75087523
0.77684426
0.6935723
0.90083194
0.7366913
0.7185507
0.8761037
0.90880406
0.72750187
0.6518281
0.6601396
0.7736162
0.8832309
0.8064172
0.87187964
0.9235892
0.8639284
0.94639707
0.57282776
0.8908372
0.92107975
0.83723915
0.85676455
0.8991158
0.84440327
0.8324959
0.6093068
0.80722356
0.8598693
0.87924445
0.85168296
0.8813822
0.7003454
0.8731144
0.9182296
0.86769706
0.87414503
0.9194243
0.89396006
0.850446
0.7160891
0.83562386
0.7092127
0.86046076
0.8416727
0.74256
0.91818887
0.7113849
0.76284695
0.7735909
0.7909936
0.85186905
0.6894106
0.85758686
0.8668774
0.8640497
0.9701076
0.9280071
0.8705429
0.79897815
0.73313326
0.86044186
0.731754
0.8529155
0.80428004
0.54356664
0.90470386
0.90234613
0.991192
0.8932034
0.8924866
0.96843874
0.9244791
0.93573415
0.97428584
0.8882625
0.78403175
0.80640835
0.93013746
0.5284271
0.59442484
0.8461563
0.90399164
0.9039881
0.7451786
0.86143863
0.89817226
0.7843645
0.8946465
0.64289945
0.9259683
0.8472737
0.9552591
0.9149878
0.7044503
0.82762486
0.9274912
0.83173525
0.8689498
0.6813606
0.9381678
0.89944446
0.8190541
0.9476758
0.8083327
0.8708935
0.79787225
0.5798475
0.9582489
0.6107826
0.86110187
0.8106316
0.88545775
0.7064696
0.7109809
0.8619715
0.9205362
0.9226949
0.9028019
0.88444763
0.87395126
0.66065013
0.9626211
0.79563475
0.89936423
0.94980884
0.91628206
0.8093668
0.83549464
0.74291664
0.6079228
0.9313338
0.8922879
0.86156136
0.9143578
0.8382021
0.83256036
0.68320024
0.96336704
0.8733165
0.88749343
0.78260016
0.8363708
0.63359535
0.9134457
0.85692096
0.819072
0.93712443
0.9381863
0.7833953
0.9133191
0.7871579
0.97549695
0.53171134
0.7903748
0.79218626
0.9169209
0.9176482
0.67171836
0.7064816
0.7676249
0.7819334
0.8817789
0.78808564
0.9271902
0.8191898
0.9604199
0.92365366
0.79231215
0.85495067
0.8399827
0.9351741
0.83715326
0.8140118
0.9718323
0.84454864
0.86676306
0.51390415
0.83036923
0.91497433
0.7887492
0.60306233
0.9584825
0.8292421
0.5243133
0.92514354
0.77784
0.89042264
0.869679
0.88166356
0.9582199
0.7724838
0.9694431
0.89513445
0.8601043
0.88212615
0.9305676
0.8433206
0.76665395
0.6893243
0.71161914
0.9751275
0.63763297
0.9300725
0.96968824
0.93618995
0.83772254
0.97074205
0.8752552
0.9070337
0.9184071
0.80199033
0.88773793
0.8489888
0.93045187
0.92633355
0.9250827
0.9376213
0.90896034
0.93478763
0.823032
0.9263883
0.82722104
0.78043365
0.66436553
0.9362482
0.95657253
0.89899325
0.62972677
0.89321804
0.9409935
0.9328802
0.85690415
0.9231858
0.80574125
0.92817175
0.8006939
0.71385354
0.816259
0.76324064
0.8384486
0.65762323
0.40175945
0.9693618
0.8292842
0.8774432
0.59820455
0.93018013
0.9773796
0.8737019
0.71089
0.7723794
0.8739595
0.82464635
0.83723557
0.7137658
0.83601546
0.7699629
0.81093943
0.8527617
0.8332942
0.7567199
0.869231
0.9629364
0.7313943
0.39021453
0.8089775
0.9435229
0.9673781
0.8417618
0.74399114
0.95884204
0.87151927
0.8945576
0.42529613
0.880852
0.8895384
0.8348072
0.46651846
0.92149
0.83256245
0.82039744
0.95843726
0.8902857
0.8769566
0.8904758
0.7973025
0.86338973
0.8918432
0.5614472
0.8803866
0.81666946
0.7212076
0.79391605
0.9704203
0.79625666
0.83391017
0.9673218
0.7567397
0.90932876
0.87869334
0.93235624
0.86089015
0.89037174
0.8012265
0.772705
0.91272044
0.7209586
0.84762144
0.8414019
0.85382164
0.8677781
0.82474875
0.9307716
0.93452305
0.9018069
0.8308526
0.7743662
0.8528908
0.96871966
0.78773516
0.9127548
0.93403804
0.9738202
0.6625067
0.9619642
0.90738225
0.8675385
0.8852054
0.8374196
0.8551577
0.9139773
0.70367515
0.82470983
0.92418474
0.87205625
0.779072
0.63893133
0.9170077
0.81400186
0.88298917
0.8736252
0.9250449
0.8966751
0.90743077
0.9372826
0.9026827
0.91022253
0.93268037
0.97561735
0.8472985
0.86436695
0.8914727
0.875118
0.89028794
0.8510002
0.9388643
0.9217051
0.5365147
0.73894006
0.8694598
0.93313026
0.8181794
0.7691717
0.87623334
0.9011284
0.8770863
0.77809554
0.8520514
0.964366
0.90536773
0.73888427
0.90133923
0.9318736
0.38179213
0.8578425
0.94353
0.66540205
0.8196312
0.9606138
0.8514539
0.94903594
0.9533292
0.9302734
0.60040987
0.84890616
0.7879635
0.9124539
0.9302685
0.81978655
0.87126476
0.9520552
0.9225304
0.92058325
0.92283314
0.9213345
0.9447166
0.86357373
0.9729462
0.86468613
0.8078238
0.9653653
0.9148834
0.8567995
0.77652645
0.7681566
0.97331905
0.95495236
0.47364008
0.7043704
0.88213444
0.86650276
0.78810954
0.8065403
0.8267354
0.9240991
0.7004147
0.7545252
0.81515545
0.9199808
0.95929694
0.845493
0.8742091
0.6376845
0.95511377
0.5171121
0.930504
0.7706611
0.8779391
0.65038466
0.8459326
0.9161601
0.8013036
0.96183765
0.8885305
0.951254
0.77196133
0.7832315
0.8946116
0.86155725
0.72291493
0.66371673
0.76491153
0.9739078
0.7593297
0.9532752
0.9457806
0.9043033
0.8421889
0.8855712
0.8597342
0.9665521
0.9570389
0.8427814
0.92251855
0.76148486
0.5830886
0.92546934
0.90049356
0.8644807
0.74322677
0.7153727
0.78547907
0.84455204
0.87235284
0.82546484
0.8161381
0.7054329
0.9675919
0.9329567
0.81736225
0.86700314
0.9126086
0.90984917
0.722033
0.81067336
0.9470159
0.9273708
0.6301552
0.8099455
0.82172126
0.7815936
0.890777
0.7621446
0.95850885
0.7416627
0.86845726
0.88043153
0.85444367
0.7996688
0.9085159
0.7105908
0.77814096
0.95686245
0.93337095
0.9173992
0.8946631
0.85960615
0.94698995
0.9298783
0.8144512
0.75431186
0.9208105
0.78599125
0.94887507
0.830276
0.90622324
0.8784443
0.7804144
0.8993181
0.92208934
0.69964194
0.816552
0.82901
0.82995343
0.91860604
0.8513366
0.82703763
0.72306174
0.84831595
0.7077541
0.84662414
0.7622077
0.8240494
0.98494375
0.9707222
0.94776237
0.8448246
0.92846787
0.6636668
0.8562737
0.95690644
0.8606881
0.8753845
0.9780494
0.7932071
0.85691375
0.8727623
0.967918
0.86236644
0.7867455
0.5979535
0.915603
0.83580524
0.802334
0.9077134
0.9670156
0.87200046
0.84207374
0.9492539
0.7665032
0.83189607
0.77419704
0.8558227
0.95877445
0.8347392
0.8103174
0.84717506
0.7901414
0.8987843
0.82836556
0.93610233
0.8865011
0.903082
0.800069
0.828926
0.89778847
0.9314044
0.3426732
0.89174074
0.87405056
0.91502386
0.8744786
0.56419647
0.78789866
0.82419
0.84157777
0.765161
0.884837
0.80363643
0.89147824
0.90983707
0.92594576
0.88320386
0.9307108
0.9448017
0.63155067
0.9349256
0.87748235
0.93678707
0.82868975
0.8505467
0.94084156
0.8909304
0.7363253
0.95030534
0.68503416
0.9197875
0.97536784
0.90334296
0.91986585
0.9227067
0.9268849
0.9431858
0.87703294
0.90289104
0.7630536
0.8679812
0.9445087
0.9670732
0.95808923
0.7955338
0.8827302
0.8564234
0.8684659
0.75614464
0.97665924
0.9115904
0.5411176
0.8023286
0.7409813
0.94389844
0.8368587
0.87011176
0.9196303
0.7609237
0.86961687
0.95095086
0.81371343
0.94093096
0.955938
0.83725363
0.7222432
0.91290355
0.9073731
0.82616264
0.9546207
0.7828732
0.829793
0.8413303
0.9235404
0.7776363
0.79396844
0.885158
0.94561374
0.874329
0.74636626
0.8978523
0.9839719
0.9736539
0.91123444
0.8650127
0.93481266
0.8283713
0.6989524
0.84877074
0.9194005
0.6815977
0.82933664
0.93169165
0.96100396
0.84497356
0.97095454
0.83564377
0.9725081
0.86678445
0.7554905
0.73457295
0.8562176
0.5683263
0.5773165
0.8713274
0.865423
0.9389735
0.8771212
0.8768166
0.85639715
0.9078915
0.9403486
0.8646571
0.9674987
0.8809581
0.91362
0.9256474
0.8473143
0.90128803
0.66869676
0.9360789
0.9236209
0.9474917
0.8630565
0.7818938
0.930745
0.883935
0.83724993
0.85406727
0.94774514
0.45554066
0.93961185
0.9506029
0.9202369
0.92711663
0.84862435
0.82896626
0.820835
0.8998703
0.9056454
0.9698504
0.8475106
0.60077345
0.9021146
0.8929259
0.9674304
0.77742714
0.77404237
0.9154501
0.7436636
0.9647068
0.8716757
0.9093904
0.9547628
0.8412765
0.8241403
0.93423796
0.9319393
0.8502661
0.9616885
0.78175557
0.9599645
0.90294164
0.8761163
0.8439889
0.9647126
0.8361945
0.7046636
0.9312141
0.82937175
0.90323246
0.9194193
0.82061946
0.8001287
0.93099034
0.96857774
0.90796804
0.83539903
0.90827316
0.8150589
0.83781266
0.9527972
0.96183723
0.70905507
0.80543715
0.84491456
0.94699633
0.68332803
0.77236915
0.94756496
0.8341349
0.8920007
0.9123361
0.8120417
0.93636245
0.7884093
0.9485987
0.87368965
0.9463911
0.8838781
0.4816817
0.9319012
0.73531353
0.95993716
0.6057638
0.8256287
0.9199233
0.8926506
0.88135415
0.97064185
0.84714615
0.88620365
0.8102673
0.74675757
0.85007626
0.91946125
0.8430502
0.95500934
0.907955
0.85857934
0.94009346
0.9633682
0.8575945
0.5704546
0.93934417
0.9244492
0.85493696
0.9157799
0.939965
0.89540124
0.79144835
0.8190963
0.8440633
0.9335301
0.8802801
0.9557563
0.82170093
0.8394726
0.8727337
0.8291292
0.9790145
0.9723325
0.9689044
0.78704226
0.84307975
0.93475175
0.94481766
0.8418763
0.9116698
0.9356966
0.36339343
0.9060649
0.72407955
0.922918
0.94858027
0.8053571
0.97416353
0.91977245
0.8854066
0.84942484
0.8572203
0.8143476
0.8983283
0.9508359
0.72209835
0.9533434
0.84572726
0.77750784
0.9430978
0.9375211
0.8684993
0.8115306
0.9348946
0.7486061
0.85628355
0.9523595
0.8687376
0.6272709
0.8805608
0.918785
0.3099629
0.94640577
0.8919599
0.78725314
0.9193641
0.73505193
0.9795654
0.84674233
0.6033869
0.8238533
0.8586117
0.9129408
0.8809976
0.81930685
0.73570746
0.6666348
0.928735
0.9396057
0.8553005
0.8964306
0.8812361
0.9371355
0.7863576
0.88820636
0.87178427
0.77943724
0.72774893
0.85426694
0.888335
0.9499084
0.7017652
0.88270533
0.94941366
0.9594866
0.859211
0.7837623
0.978719
0.89035195
0.94443214
0.9078136
0.84588975
0.8839618
0.8923175
0.7206286
0.9641646
0.83457917
0.843953
0.8076656
0.7620263
0.92235875
0.8808632
0.71876454
0.95788974
0.98906004
0.84731793
0.8962203
0.87301934
0.6891233
0.81439024
0.92849755
0.86307853
0.7500427
0.9407554
0.89801085
0.9038349
0.8435504
0.8846708
0.9308543
0.8213159
0.7919152
0.93740296
0.9040066
0.8323314
0.8266827
0.5595302
0.61719346
0.6789154
0.8572091
0.80253
0.75708747
0.81953835
0.8075723
0.8211478
0.9173191
0.8302533
0.9252683
0.8822418
0.8334555
0.80783904
0.57505745
0.8336326
0.923911
0.91625386
0.8336533
0.8276689
0.81702775
0.8946268
0.7752758
0.807748
0.968024
0.95842457
0.88038427
0.65584636
0.8645003
0.92828685
0.8632057
0.90266293
0.8717825
0.96835446
0.94869184
0.8833823
0.94010925
0.9186029
0.90920526
0.908304
0.92620355
0.9366464
0.887696
0.8202947
0.6180551
0.8634028
0.8442212
0.8862452
0.7122461
0.94037014
0.84343475
0.8822945
0.92650837
0.891099
0.8022598
0.8719646
0.9361465
0.7838367
0.856444
0.91030526
0.81776404
0.7582763
0.7859551
0.92498875
0.9715605
0.84691507
0.9743764
0.83696496
0.8327322
0.52508307
0.8712718
0.89110386
0.8171294
0.7063775
0.91449285
0.64864004
0.8738282
0.91669416
0.8862128
0.9261211
0.8049115
0.8715557
0.8557291
0.8968598
0.86137974
0.9004064
0.7887774
0.8837867
0.82956004
0.9588054
0.9064152
0.85514987
0.8900397
0.930398
0.83741313
0.9553335
0.8285936
0.8341781
0.8877582
0.75908387
0.9124122
0.91018414
0.8100952
0.98244447
0.8241659
0.71626514
0.93014675
0.9712299
0.89079326
0.96850085
0.9264214
0.8872063
0.88142025
0.89427435
0.7596805
0.788589
0.8900194
0.9408089
0.77833843
0.8194978
0.9112296
0.7589088
0.9033412
0.88695455
0.91639966
0.7419118
0.93048346
0.95689636
0.948522
0.9528776
0.946552
0.9109573
0.95235234
0.95591134
0.68668497
0.89777637
0.8332994
0.67114663
0.9137194
0.93653286
0.8233446
0.9028657
0.8294348
0.9330282
0.81112045
0.9705046
0.8148776
0.8761971
0.83625245
0.87136096
0.5783972
0.9033401
0.7784634
0.94960654
0.7990209
0.7751614
0.9530122
0.77119845
0.77603763
0.7494428
0.97790956
0.8354742
0.80263513
0.84596086
0.8976461
0.87687314
0.9672386
0.94979864
0.93362415
0.8089156
0.9592255
0.93681264
0.9444576
0.9192292
0.90398407
0.8222261
0.91473126
0.6007649
0.9262411
0.95193803
0.8461173
0.95400447
0.947731
0.7337081
0.95567787
0.8248944
0.91832674
0.83161855
0.8888194
0.96649414
0.93158436
0.6797343
0.8368337
0.931604
0.9382728
0.8393731
0.5921439
0.83925426
0.9086765
0.807283
0.7473014
0.94704247
0.7473753
0.79967946
0.7321001
0.90970725
0.93018365
0.93266356
0.77391064
0.9329531
0.5928984
0.78976214
0.90672135
0.8413636
0.6449841
0.8370041
0.87783253
0.95168114
0.8978001
0.8949885
0.6526886
0.8248714
0.62988186
0.8335372
0.8085581
0.83697194
0.93305624
0.8546403
0.7949274
0.8315808
0.87729514
0.9076055
0.7631047
0.9565548
0.82761663
0.8859579
0.6943753
0.9592471
0.73461103
0.8806269
0.7689734
0.8685069
0.8623251
0.94113624
0.8821571
0.6835672
0.8146589
0.9040567
0.97106427
0.97487503
0.7966084
0.8763012
0.79579014
0.69099617
0.8485163
0.9370884
0.86335766
0.88235587
0.6869509
0.7924728
0.8655287
0.73899895
0.9027533
0.8477171
0.8598384
0.8996514
0.82882863
0.9154377
0.84475905
0.8242779
0.75952196
0.81150246
0.7819448
0.8315614
0.8774539
0.9305712
0.89666575
0.8916223
0.9072839
0.85563403
0.9667193
0.46679038
0.8161884
0.85218275
0.84269184
0.89897555
0.8545557
0.7163408
0.8132158
0.8526192
0.86546683
0.81778324
0.8683673
0.8919449
0.9554196
0.8723773
0.8721528
0.88864005
0.78742355
0.9799072
0.8797851
0.89905304
0.8400787
0.89479244
0.815333
0.91264445
0.8235105
0.6659655
0.91099
0.88862973
0.94590807
0.5287646
0.94753915
0.73181546
0.8662588
0.9531497
0.69274914
0.7511737
0.63840723
0.86448604
0.82349384
0.9185874
0.9458053
0.9592242
0.97570795
0.8618202
0.9219997
0.9706421
0.85293674
0.918128
0.8759797
0.87164676
0.8956413
0.885297
0.9855045
0.8141849
0.7871734
0.9135487
0.93409634
0.8976235
0.8171617
0.9464706
0.8032216
0.8661157
0.9223201
0.9129816
0.9403279
0.89001733
0.9111599
0.8585369
0.84457153
0.91589177
0.97665715
0.8666246
0.845304
0.95064896
0.932984
0.92683303
0.7603145
0.9271042
0.8252536
0.817458
0.9334748
0.95194626
0.973973
0.85407925
0.9524455
0.98197377
0.88944423
0.8878418
0.875867
0.9488955
0.84464246
0.9363936
0.5171782
0.90712696
0.86763334
0.8856581
0.8695153
0.8118113
0.7474251
0.8912537
0.8732245
0.7762834
0.904248
0.83744305
0.83391935
0.9379242
0.8496659
0.96762526
0.8475689
0.76683956
0.9638977
0.7924191
0.9622741
0.8524641
0.89894384
0.8817365
0.8855978
0.8510338
0.94158435
0.819922
0.85570174
0.9007219
0.82346064
0.8046891
0.95885473
0.89344376
0.76001763
0.92400146
0.65783554
0.94508326
0.9285724
0.91178834
0.69244564
0.9389538
0.94749457
0.81316185
0.59551394
0.83216995
0.758129
0.8074378
0.8721411
0.97574353
0.6782391
0.77652794
0.9222488
0.91335326
0.8310209
0.8631821
0.6618235
0.84688336
0.74429333
0.7742872
0.88912106
0.75112355
0.91804886
0.84207153
0.8040832
0.8560512
0.8760418
0.7804543
0.95624655
0.6356375
0.76784575
0.8334492
0.6845902
0.9592108
0.91039425
0.9657135
0.67328924
0.9674549
0.9010556
0.80903363
0.84142023
0.8914899
0.7924554
0.9812048
0.8884331
0.84287435
0.9690202
0.7341875
0.910612
0.85951394
0.8880241
0.8820529
0.9578384
0.9484113
0.6113587
0.90948915
0.9372632
0.7992122
0.91294456
0.91413933
0.761026
0.7408422
0.8299149
0.7757354
0.90729594
0.7238781
0.9360155
0.9090428
0.98246
0.89857185
0.9237827
0.8738028
0.83908117
0.9391857
0.9603212
0.94511
0.8935691
0.89679116
0.8542625
0.9351713
0.7059555
0.8230225
0.9786846
0.9275545
0.7203909
0.9491296
0.81367886
0.7769812
0.916339
0.9118916
0.77725834
0.78334296
0.89236397
0.84766954
0.90492344
0.71112114
0.78479725
0.7941457
0.59892106
0.8998822
0.87299085
0.9250158
0.9325187
0.8717147
0.77270734
0.7731198
0.69182694
0.75676167
0.7488452
0.8791026
0.9181607
0.9126001
0.90534127
0.88384664
0.8977289
0.87231845
0.703727
0.8680915
0.86151165
0.7279036
0.7684955
0.8908265
0.8138936
0.8009409
0.82205594
0.8325209
0.76148427
0.8155657
0.7404451
0.93782973
0.985469
0.89893174
0.92084026
0.95029736
0.868386
0.8700397
0.87392116
0.80675644
0.9483528
0.94233793
0.9341492
0.9388415
0.9038415
0.89029497
0.9462218
0.9715493
0.8765254
0.81955606
0.9704344
0.7324937
0.9226649
0.9537849
0.89352596
0.8709122
0.9072983
0.80820626
0.8144522
0.73137224
0.96752065
0.842804
0.9367124
0.7589654
0.89649427
0.9441337
0.9309058
0.84783995
0.54594415
0.85856104
0.89488816
0.7987098
0.89008635
0.8212111
0.61235994
0.86564964
0.9325666
0.88175803
0.94627815
0.8040687
0.9198965
0.95269036
0.96143997
0.90242726
0.885533
0.8466886
0.90992963
0.93105906
0.80586576
0.7866569
0.89355737
0.8950618
0.6005923
0.6157515
0.95485973
0.8628512
0.88379645
0.836305
0.9040382
0.86859196
0.95047057
0.7611687
0.8796662
0.8910018
0.84009445
0.92749345
0.8200382
0.8371198
0.67201734
0.92168105
0.935717
0.97330964
0.71837467
0.7725884
0.90530753
0.8060483
0.94300544
0.8568959
0.8810655
0.8305274
0.90751123
0.9209397
0.8168983
0.9491221
0.95847017
0.78476727
0.89136934
0.8858192
0.9051402
0.9300224
0.93301016
0.905057
0.80177623
0.8914243
0.9067894
0.57103395
0.6326652
0.5676825
0.67835057
0.7988963
0.96403205
0.8279068
0.8083747
0.75531113
0.84618914
0.92032534
0.9277833
0.94107497
0.977391
0.9439577
0.8669454
0.79157513
0.9803353
0.9368872
0.8498809
0.9122563
0.9374432
0.42108724
0.9247135
0.8723771
0.7524368
0.8361273
0.6148009
0.89522547
0.9316034
0.88979876
0.7441144
0.7557143
0.8383107
0.78996
0.76129675
0.9208447
0.7452989
0.97544336
0.95641905
0.85357237
0.98206234
0.9167149
0.900209
0.8956343
0.8167519
0.9725168
0.89968336
0.79900646
0.72527397
0.81105816
0.90557325
0.93224376
0.88453686
0.88125485
0.77595854
0.7704374
0.8089001
0.89400494
0.80403256
0.8580109
0.9647024
0.8718911
0.80725175
0.89256716
0.9659517
0.74491715
0.93715745
0.93777
0.6294557
0.699638
0.8273049
0.8585614
0.8561822
0.8359586
0.88215435
0.8178314
0.68511224
0.8517822
0.8639508
0.9549043
0.9498813
0.69709355
0.6843393
0.8899708
0.9153834
0.90652966
0.91100705
0.89790636
0.9398175
0.7150849
0.7971593
0.83510035
0.70940495
0.84170157
0.9129037
0.7936462
0.81990796
0.926267
0.9519389
0.91028684
0.929983
0.75619537
0.9465934
0.7537147
0.9299248
0.7711629
0.7156806
0.8862163
0.8681487
0.9356843
0.8116081
0.85362184
0.9454367
0.81985784
0.874234
0.68728447
0.81201303
0.8833202
0.8784703
0.7541381
0.7181946
0.8910023
0.9057697
0.938566
0.80416906
0.88219726
0.8659968
0.875577
0.9037914
0.89549327
0.93736994
0.86079437
0.9683256
0.8531954
0.583683
0.87970746
0.8073958
0.8541684
0.96110106
0.86330974
0.8336779
0.9350153
0.9144819
0.9441035
0.91804254
0.7037899
0.89347523
0.8891938
0.8423352
0.7641348
0.80862945
0.7943909
0.91123956
0.84661454
0.6486228
0.86161363
0.8870618
0.91189986
0.83177006
0.6697486
0.72806865
0.9251468
0.8253037
0.90901554
0.960392
0.8750871
0.77537787
0.92027944
0.84282994
0.93787897
0.9831267
0.8668119
0.87958896
0.9504377
0.8111634
0.88939875
0.90860826
0.79963976
0.57085675
0.9247781
0.87802136
0.90160227
0.88268495
0.81254053
0.70778424
0.9101138
0.88593066
0.8755803
0.78989613
0.9056774
0.94289553
0.94269526
0.7971533
0.71412003
0.8840057
0.924656
0.86830115
0.8729182
0.93887335
0.8062929
0.77762645
0.8609823
0.88464344
0.88567543
0.96665144
0.8611904
0.857885
0.8277984
0.9398999
0.78313553
0.9401094
0.9335133
0.9214599
0.85520345
0.6849544
0.79794276
0.81591916
0.8199841
0.83850163
0.88179636
0.91044873
0.9014625
0.81657594
0.9312634
0.9436195
0.8720368
0.93877053
0.7295784
0.79948616
0.76912796
0.7276514
0.872186
0.80543774
0.762925
0.9542316
0.8385292
0.95037174
0.8625171
0.88921267
0.7932497
0.80836195
0.80261487
0.81438553
0.8053057
0.90540195
0.8896314
0.645099
0.8968406
0.7679797
0.69051874
0.9675317
0.96243954
0.86084706
0.92371434
0.6710487
0.85232395
0.93689775
0.9362456
0.8255172
0.790045
0.9446174
0.9565048
0.67212373
0.9290458
0.7558807
0.9063069
0.7228958
0.84005725
0.9424603
0.8564651
0.776311
0.7145942
0.8055723
0.79673606
0.9210745
0.6279964
0.8911568
0.83102214
0.8839346
0.9022342
0.8111999
0.76896024
0.5973147
0.9788035
0.9182879
0.9527832
0.9621937
0.97115505
0.30253497
0.8332905
0.9211452
0.94163024
0.9463654
0.7321663
0.89668
0.7079981
0.9658473
0.94844425
0.91881454
0.8589848
0.8564949
0.9458399
0.8085354
0.9263025
0.88694924
0.74055463
0.91444635
0.69764477
0.9416632
0.87108636
0.8649963
0.92505056
0.88500756
0.9268378
0.90906924
0.88931537
0.89541894
0.96156573
0.66641754
0.8916123
0.9134088
0.8867826
0.63375014
0.84546226
0.8514516
0.92075044
0.9416728
0.6607323
0.87229204
0.6701237
0.4919629
0.89002156
0.90997624
0.8831911
0.7287209
0.9065605
0.8840749
0.90596104
0.9133739
0.89962083
0.867539
0.77748156
0.6994525
0.7901105
0.7367791
0.7822066
0.9555113
0.81829244
0.96885335
0.92652583
0.8944388
0.87668544
0.6350762
0.89184034
0.88291174
0.84878516
0.8821015
0.9378952
0.87573165
0.8425652
0.75467324
0.7304664
0.87425065
0.7612915
0.8951851
0.94551617
0.902121
0.840392
0.87310183
0.94189495
0.6674015
0.8659376
0.9792054
0.8940555
0.8830551
0.7303683
0.97892106
0.8697748
0.9344032
0.9181442
0.9476211
0.5268193
0.8005069
0.89611644
0.909078
0.88526875
0.94622755
0.7978692
0.9242685
0.8780396
0.75863636
0.96118474
0.91772956
0.7960072
0.86929053
0.88301224
0.8367641
0.8087348
0.7261162
0.8729581
0.9384279
0.92012954
0.8956572
0.8609304
0.8202169
0.82994753
0.6691163
0.9147552
0.718643
0.8376906
0.92145354
0.8881806
0.68958414
0.8664335
0.94087243
0.6011673
0.9146272
0.7932763
0.7707375
0.79058206
0.88068753
0.96480143
0.9057858
0.90942913
0.8156769
0.8956589
0.7300766
0.8316302
0.8732414
0.9363201
0.8529473
0.7622646
0.9138187
0.86057
0.8914536
0.9013373
0.9390118
0.86913615
0.8948157
0.934842
0.9467321
0.90620697
0.9226912
0.8890139
0.8271058
0.93919444
0.87998986
0.95729357
0.9150741
0.8184273
0.91301805
0.84758157
0.92991805
0.8984644
0.9128448
0.5311779
0.9329041
0.94749415
0.8977646
0.9167016
0.77690274
0.971037
0.9525886
0.842528
0.7348753
0.79927677
0.8200741
0.88363814
0.86022985
0.8710144
0.95675784
0.8343144
0.8980109
0.7889141
0.49707454
0.7903211
0.8001615
0.9303506
0.85315865
0.6650807
0.94221544
0.8561884
0.88215244
0.7672093
0.797987
0.9540016
0.8589772
0.8298741
0.9555148
0.91264653
0.9485784
0.79413724
0.71282375
0.9381436
0.9551741
0.91037893
0.9627609
0.9197272
0.59027296
0.9086083
0.9503195
0.94542265
0.94859433
0.94229424
0.48135898
0.8632561
0.90577644
0.924016
0.7345259
0.871947
0.9313942
0.9133446
0.9332202
0.97072875
0.71293104
0.95661914
0.9245262
0.88409007
0.6594447
0.8958454
0.87242883
0.79966825
0.6831524
0.94399375
0.043885946
0.8560233
0.89307356
0.8433118
0.9201748
0.94507086
0.7821751
0.6457663
0.9337933
0.884472
0.8685699
0.90004975
0.95911044
0.86161524
0.9157895
0.9183632
0.8412818
0.84675205
0.69949025
0.562659
0.9607553
0.76410836
0.95761484
0.9353738
0.93214
0.6333599
0.820821
0.92797756
0.7628087
0.7774079
0.82774067
0.8582388
0.9678479
0.91835237
0.9380812
0.8406059
0.9485177
0.84694105
0.73869
0.9438352
0.75877124
0.9387735
0.87361366
0.78573877
0.9264375
0.7890427
0.80753744
0.77017987
0.755346
0.91324043
0.9356347
0.9053049
0.7236191
0.95650446
0.9864591
0.31381965
0.80156326
0.8096205
0.67772603
0.8013892
0.90022326
0.80981874
0.7171849
0.8833293
0.9282246
0.74440414
0.7899791
0.92295927
0.94499856
0.7293434
0.8559185
0.8152176
0.89704543
0.82358277
0.916205
0.93374443
0.8344323
0.7688331
0.9394217
0.67709833
0.9710743
0.8174648
0.9364239
0.78834677
0.81002975
0.79755527
0.8630123
0.8176992
0.6181208
0.90689385
0.9024674
0.88667023
0.9445866
0.95212185
0.8975762
0.7442519
0.782492
0.73400486
0.93427956
0.71767795
0.9141831
0.94757485
0.61251086
0.9517549
0.90455234
0.90578943
0.98088706
0.943268
0.66969943
0.91726315
0.8900354
0.92020905
0.85619664
0.9605571
0.9126528
0.83107567
0.9139252
0.707972
0.6829391
0.8933439
0.89580745
0.79898775
0.9509708
0.8157965
0.94371307
0.9168127
0.9654512
0.819868
0.8995513
0.96319103
0.9049815
0.79984707
0.967392
0.84003675
0.9227653
0.94290316
0.8822136
0.7372229
0.9162978
0.7249151
0.9550589
0.898914
0.9158337
0.7812324
0.9162822
0.6674303
0.8031131
0.7939657
0.899214
0.8976808
0.7970664
0.9055407
0.7236147
0.9120961
0.7927644
0.8173702
0.7873612
0.71314776
0.9242377
0.8988296
0.9205389
0.9499751
0.81431675
0.86836416
0.8770617
0.8485352
0.87326825
0.82570577
0.78956795
0.9542895
0.8334139
0.94498074
0.87226015
0.7970785
0.85377544
0.9046531
0.8538472
0.8765423
0.84792084
0.7441157
0.8912019
0.76705164
0.7966901
0.94649804
0.6863531
0.9144107
0.9047065
0.7195373
0.7561052
0.9440373
0.95948887
0.9332526
0.90384066
0.95754075
0.9086757
0.9378884
0.97134674
0.97428435
0.8188672
0.9398845
0.90191925
0.8055545
0.8332003
0.850513
0.66707397
0.8381798
0.77982235
0.75405526
0.8837441
0.89241946
0.7255827
0.7423242
0.8968472
0.8936486
0.95196205
0.8170336
0.9377277
0.89067495
0.698688
0.9806534
0.91007483
0.6954326
0.90346503
0.8452668
0.7155683
0.8832862
0.9429765
0.9300435
0.9725559
0.85793567
0.7779938
0.95501494
0.9725828
0.93969357
0.9367815
0.7551618
0.34069088
0.8275639
0.8812861
0.80635047
0.89816546
0.8401007
0.9163809
0.92779773
0.94821537
0.8396754
0.9403074
0.890898
0.93517876
0.8431971
0.8581357
0.7783514
0.85347474
0.8550112
0.8687003
0.9388184
0.9235286
0.97313845
0.93510425
0.9359387
0.9643084
0.86884165
0.83849025
0.84865683
0.94485414
0.9070497
0.7992397
0.8796638
0.8568543
0.84149367
0.84496754
0.8754948
0.823882
0.8344689
0.77681863
0.84225655
0.938139
0.81910604
0.817593
0.9078405
0.96750796
0.7825523
0.87879235
0.8484093
0.9501544
0.90566105
0.84643674
0.911978
0.95343125
0.93770176
0.9412234
0.7710147
0.8753706
0.9644024
0.93705726
0.95447886
0.96008265
0.75303686
0.917901
0.8837764
0.93888354
0.7932087
0.9406648
0.82425755
0.9236441
0.8261666
0.58567417
0.7092139
0.8623384
0.89401424
0.8711834
0.8337673
0.90880597
0.97419864
0.606628
0.83285594
0.8483287
0.9273889
0.9769014
0.6825182
0.76010257
0.92484903
0.8659137
0.9175421
0.7892737
0.95613897
0.94280624
0.8264419
0.90155184
0.83412534
0.8840388
0.9091939
0.7391546
0.94598013
0.9072305
0.8271204
0.8869011
0.87634116
0.96731365
0.933467
0.9627772
0.94302917
0.8349959
0.91401184
0.9429055
0.80703115
0.87174594
0.68357694
0.95524025
0.905673
0.8070451
0.68301857
0.8252787
0.8888618
0.9500215
0.94836706
0.796442
0.9158549
0.2971382
0.9185529
0.9550377
0.854897
0.8859623
0.61415136
0.9131242
0.74863064
0.8322214
0.76394993
0.62385005
0.97286886
0.97601277
0.9116043
0.8653572
0.95261717
0.9377126
0.8415452
0.9735201
0.86917144
0.73803866
0.89530134
0.90130836
0.9641213
0.9035257
0.8706378
0.9630645
0.9025812
0.89797276
0.80153245
0.7711694
0.9303747
0.95475113
0.81540376
0.5666417
0.86014706
0.84349203
0.8056481
0.84800756
0.929555
0.945579
0.92055315
0.7441472
0.77839607
0.8565376
0.9467914
0.9662975
0.95007944
0.9684175
0.7090583
0.76234704
0.81957173
0.8103458
0.9344908
0.78047603
0.69012046
0.9574736
0.897549
0.9600975
0.8961487
0.92431307
0.93897635
0.8436703
0.89333236
0.6953339
0.90502876
0.81986445
0.79316944
0.8462149
0.86971915
0.9830531
0.7387612
0.95394236
0.80476767
0.7862333
0.9131952
0.907983
0.8947898
0.7693127
0.8884274
0.8805025
0.93333554
0.9860132
0.9528487
0.91720915
0.84086585
0.86826813
0.8595028
0.9580425
0.93956995
0.928209
0.88677764
0.85881525
0.6160135
0.833966
0.87277204
0.66575485
0.8534207
0.90843797
0.9200066
0.91468346
0.8303385
0.89107823
0.77382576
0.7302174
0.8163928
0.7074742
0.78568125
0.96638674
0.91280454
0.758952
0.87734264
0.8361424
0.91118973
0.7686581
0.8559959
0.7181268
0.9144502
0.7731549
0.8957068
0.91629624
0.93011445
0.9062645
0.930026
0.6583106
0.7825474
0.89661396
0.90597606
0.9621291
0.9222423
0.658428
0.8515424
0.94027054
0.93799895
0.8810486
0.95811
0.9614135
0.8294362
0.98742193
0.9123199
0.86551607
0.91298515
0.97525704
0.9280816
0.70562565
0.937076
0.88197565
0.94881046
0.87793887
0.8621017
0.852196
0.8385228
0.8074924
0.9317317
0.8580906
0.9338966
0.9365034
0.87792724
0.9305474
0.9579462
0.95334053
0.9693893
0.85600203
0.8630788
0.9226515
0.70172864
0.927072
0.8695911
0.96878994
0.63887054
0.6702002
0.9531736
0.9325886
0.8071386
0.96984315
0.9365675
0.6047283
0.64095306
0.8880987
0.95865643
0.9835929
0.8970772
0.9108107
0.8487293
0.9427056
0.67874527
0.80287796
0.9256065
0.90874463
0.8917351
0.87342787
0.7288851
0.91240644
0.8845771
0.8965239
0.9371408
0.85231584
0.7222869
0.8007384
0.6093032
0.88372815
0.88768196
0.7551912
0.8628441
0.948358
0.79045445
0.93771845
0.9120479
0.8454953
0.87737656
0.89074767
0.8805078
0.7159598
0.77817696
0.9022743
0.8488259
0.8707593
0.9182732
0.7249549
0.7277707
0.97153956
0.880239
0.92685795
0.8821331
0.9425213
0.8804029
0.79973376
0.69370663
0.76380837
0.56887555
0.8445403
0.9223973
0.86535925
0.7800498
0.94075805
0.91087
0.9443669
0.84127015
0.5451269
0.8474914
0.8305261
0.922343
0.90862125
0.9055072
0.86805964
0.9326587
0.9656621
0.65873754
0.9493264
0.8148622
0.6934712
0.69350266
0.8165307
0.77471614
0.8590803
0.93216515
0.7152793
0.93931097
0.80651534
0.79380333
0.8434704
0.812872
0.7520656
0.9208977
0.9308289
0.8894834
0.7567713
0.935109
0.8694677
0.81845194
0.7285421
0.8460531
0.96000606
0.8874985
0.5829194
0.9659615
0.93027925
0.9439547
0.8520128
0.8226174
0.9540696
0.7763002
0.85206515
0.8313756
0.81226516
0.8314565
0.93163943
0.90605944
0.94569343
0.8796956
0.9261776
0.89588094
0.6406039
0.96704334
0.8500413
0.9072545
0.90712047
0.8912244
0.82843655
0.7743613
0.68279284
0.9817353
0.90866643
0.8920386
0.8776276
0.901464
0.8495398
0.7932515
0.89833844
0.9303454
0.9511951
0.74629307
0.9233259
0.7876654
0.8746312
0.88968074
0.90999055
0.7434466
0.90333134
0.91529214
0.89467615
0.894515
0.6368184
0.85948807
0.8450875
0.82328093
0.891679
0.9151636
0.8316147
0.88617504
0.9268226
0.6204299
0.9673195
0.9149734
0.90596485
0.8159149
0.70724344
0.878643
0.90359724
0.97723997
0.9502803
0.8464977
0.81247056
0.9326961
0.7314065
0.952511
0.7582696
0.8442336
0.7657996
0.8748028
0.946029
0.8901777
0.8687699
0.95304203
0.7284789
0.9406245
0.9336073
0.93021226
0.81947446
0.8714451
0.8555607
0.90882677
0.958521
0.56282216
0.7996626
0.8960892
0.8964306
0.91211635
0.93675584
0.93721473
0.7364179
0.74524254
0.6751468
0.9675536
0.9587178
0.9112708
0.8970695
0.9035353
0.9637974
0.87920266
0.8778615
0.8851332
0.86247677
0.783695
0.9781856
0.9180436
0.88569957
0.8387047
0.83379775
0.73280096
0.6079947
0.91147876
0.96597147
0.6803904
0.70496094
0.9102021
0.9467342
0.93377036
0.9383437
0.8394002
0.9115977
0.83856165
0.7637527
0.6854742
0.96346784
0.75638926
0.809047
0.9025197
0.89855826
0.8971016
0.8590202
0.9010608
0.90962386
0.85477996
0.9192207
0.9475728
0.7220813
0.9414323
0.9328043
0.71897006
0.7225277
0.87390125
0.86168265
0.7763189
0.91346157
0.85878545
0.94324976
0.85351044
0.9782797
0.86491483
0.79761434
0.9361464
0.98172814
0.82921195
0.8138827
0.9113574
0.84582245
0.6982721
0.9776883
0.59159684
0.88507986
0.87745154
0.77583414
0.89917886
0.91178405
0.71609366
0.7994347
0.8743402
0.9637424
0.892772
0.76772803
0.81811607
0.85688174
0.6745038
0.86519754
0.80923605
0.724449
0.8802213
0.9207729
0.9227088
0.85673165
0.8419647
0.65078956
0.7522061
0.8689153
0.8702547
0.82585716
0.84834
0.7195244
0.96180224
0.90133166
0.83576596
0.6943648
0.9618047
0.8174242
0.92862105
0.90333414
0.887578
0.6912162
0.80307245
0.81542706
0.92090285
0.9198456
0.8779837
0.88296956
0.8850938
0.82628137
0.8652318
0.9143696
0.79406047
0.8284824
0.9018265
0.8227496
0.86785555
0.8430614
0.8040219
0.88080585
0.4955709
0.85809493
0.9426779
0.76286775
0.9449842
0.72804844
0.39697602
0.83851683
0.82471853
0.75613046
0.9165423
0.9461084
0.64780724
0.9095228
0.9336214
0.7380088
0.836793
0.9393393
0.83816564
0.8688246
0.9442378
0.94261694
0.9502001
0.95317185
0.89027
0.9526814
0.7505804
0.9189163
0.62078184
0.92477053
0.6096749
0.55295837
0.84473383
0.81824154
0.8127289
0.95815414
0.89271164
0.9071089
0.83691186
0.8824032
0.8480698
0.8985476
0.91310775
0.7402832
0.84077346
0.68526345
0.8426325
0.89078385
0.83563566
0.89455754
0.9385536
0.7746611
0.78832304
0.7128993
0.86794025
0.83777463
0.6808094
0.8784188
0.91864806
0.94852483
0.84981215
0.9260943
0.89985096
0.9271651
0.8360971
0.7190392
0.93284667
0.89282954
0.8882491
0.8781421
0.7236809
0.77860284
0.95130575
0.86972797
0.8599812
0.96109736
0.830353
0.772434
0.77949506
0.88197315
0.7418898
0.91509455
0.929441
0.74730957
0.886293
0.8903412
0.8785661
0.72807693
0.7517383
0.7624344
0.973141
0.8243269
0.80624294
0.82736444
0.920071
0.8735414
0.82276726
0.85427994
0.9520123
0.8881553
0.7448395
0.88239866
0.8857037
0.9275657
0.8694461
0.96300006
0.92922926
0.9329411
0.66693807
0.88457906
0.94000244
0.96359885
0.83662987
0.8618696
0.87558806
0.9437689
0.67128336
0.77519625
0.89807355
0.6942927
0.8668203
0.850175
0.8544573
0.9310913
0.6938852
0.93481165
0.7596072
0.9614047
0.86278105
0.8560697
0.85952944
0.8236501
0.8538874
0.8373199
0.9182618
0.8752748
0.86883056
0.9260744
0.80694526
0.94935334
0.94943297
0.72041607
0.79450876
0.89380354
0.8201917
0.6917923
0.81717664
0.96694964
0.93310195
0.65660894
0.881638
0.5876482
0.9054362
0.8229282
0.9087615
0.90602547
0.7619292
0.7713729
0.48764977
0.9322307
0.90271634
0.77533185
0.97395766
0.9015933
0.9697101
0.7611477
0.9064912
0.912279
0.8630715
0.7133503
0.8491441
0.79519886
0.9045008
0.81934035
0.8128787
0.92467284
0.89805603
0.84115183
0.855476
0.9357951
0.9521846
0.9398668
0.8846567
0.9370413
0.955392
0.9577413
0.7816979
0.96966076
0.8438343
0.9538443
0.95518976
0.78692746
0.8505502
0.91592085
0.6881254
0.8888321
0.8084532
0.9363777
0.77570987
0.8810982
0.7548195
0.85362256
0.9584178
0.735799
0.8804391
0.86914766
0.8555247
0.9470979
0.5865266
0.95503014
0.680255
0.9414429
0.9368292
0.922866
0.8305359
0.73801076
0.921082
0.86651313
0.80754524
0.9491115
0.9453813
0.8616305
0.7216236
0.96771693
0.8048739
0.6597708
0.92515814
0.9413899
0.8954859
0.85315907
0.81667817
0.89989233
0.90374863
0.909537
0.77093446
0.72620904
0.93874216
0.8611836
0.79263884
0.8533156
0.8561515
0.83253884
0.931318
0.96293855
0.70298606
0.8258565
0.8603493
0.95180285
0.68092483
0.9656396
0.86563003
0.79764724
0.8259057
0.6732289
0.8104589
0.7852427
0.9167856
0.8831957
0.918584
0.9524867
0.86119694
0.8869572
0.8176845
0.65083563
0.6569513
0.8145972
0.5785297
0.94647676
0.8453921
0.9264111
0.80080307
0.9317409
0.8787571
0.8604562
0.8993528
0.92018586
0.76494217
0.8477553
0.66839516
0.5680505
0.7918055
0.9280664
0.8782178
0.9707527
0.7235143
0.78925
0.82366496
0.8155666
0.6651514
0.88110584
0.8954397
0.8493134
0.87521636
0.8737234
0.64461714
0.92352545
0.97966075
0.83509475
0.93547606
0.9091414
0.9311251
0.91043985
0.8564457
0.84447986
0.82663506
0.9534279
0.8500485
0.81501913
0.45732164
0.7674586
0.9043986
0.7859609
0.90221345
0.5988173
0.9330838
0.8732882
0.8326412
0.8857858
0.8045332
0.8788157
0.5931667
0.942189
0.86258876
0.8231706
0.87841016
0.66598177
0.8663317
0.93861794
0.96178204
0.60605264
0.85458755
0.9020449
0.85646856
0.93274087
0.76475006
0.7322916
0.78566
0.9315241
0.81012934
0.93699515
0.71461874
0.90471345
0.8312375
0.8747441
0.78535503
0.93714386
0.8523279
0.9163477
0.7813338
0.86191916
0.7123212
0.8684906
0.9070717
0.9220433
0.88359094
0.95062834
0.9478422
0.8630209
0.8895774
0.8818773
0.7285414
0.9188953
0.81530344
0.9137276
0.877171
0.9179181
0.9318185
0.9453653
0.9281485
0.79379624
0.7815417
0.93353057
0.96114254
0.93436444
0.8664938
0.9091475
0.9047305
0.9621964
0.9162495
0.9732828
0.73010457
0.9115959
0.8363647
0.8996817
0.9345827
0.5244018
0.8481358
0.87070924
0.69816226
0.817564
0.9130852
0.9338943
0.7276027
0.95673865
0.91782314
0.88972646
0.92508733
0.67496324
0.6241669
0.9670542
0.82124454
0.9609003
0.9466425
0.9080763
0.8016294
0.9359597
0.9539618
0.9256296
0.90378153
0.6516093
0.50366026
0.85101753
0.92169243
0.61705834
0.5633393
0.9489003
0.6022641
0.9800761
0.9297171
0.934731
0.9043297
0.9431524
0.91539675
0.91754013
0.77840316
0.86504555
0.729255
0.9414385
0.85229385
0.9021152
0.91522574
0.5837828
0.8010915
0.9256022
0.92950463
0.9226106
0.89512473
0.6690002
0.7244289
0.83853114
0.92173696
0.82876754
0.9651336
0.8524724
0.8093467
0.92185545
0.9258058
0.9679
0.7543745
0.7790481
0.6799999
0.90868676
0.98521304
0.93177015
0.7720276
0.906853
0.9263849
0.9652597
0.8979129
0.8870248
0.90180266
0.89293617
0.8575961
0.8143898
0.8645109
0.6984215
0.9177527
0.9642475
0.8166438
0.8998996
0.844071
0.9846021
0.86318016
0.7309549
0.86720806
0.87145
0.9276995
0.9040246
0.8830543
0.62645096
0.9065098
0.96765
0.8255913
0.8921019
0.90097564
0.64901865
0.6604067
0.95761156
0.8814941
0.88764757
0.8650105
0.81344414
0.766342
0.92633677
0.85710627
0.85633063
0.77746403
0.9414381
0.8837826
0.69445616
0.9384416
0.8380015
0.86492854
0.91261786
0.83677864
0.6606889
0.8775309
0.8111253
0.89326817
0.8442225
0.9402563
0.93502903
0.9135988
0.9610882
0.91808754
0.92684966
0.69904196
0.75937665
0.829278
0.8489909
0.6963396
0.83467484
0.96396744
0.9358833
0.8597965
0.92551696
0.97818136
0.9783768
0.89457196
0.80247116
0.9496507
0.9038371
0.8877658
0.92364484
0.92230374
0.8598991
0.7303648
0.9024013
0.9374176
0.9514643
0.825599
0.82804203
0.9184066
0.84649575
0.94794476
0.82935435
0.7460086
0.87394613
0.6988716
0.90727925
0.86299205
0.9201311
0.8239988
0.8782777
0.65785885
0.7535959
0.8687078
0.9042786
0.9155162
0.9128474
0.91258043
0.8105785
0.7614589
0.83425456
0.9112647
0.8748081
0.97565204
0.9166529
0.7655792
0.72222316
0.9027275
0.82896745
0.88068056
0.8030907
0.8078156
0.960446
0.8282723
0.7454103
0.7781735
0.9578944
0.873365
0.83953875
0.80786616
0.7477243
0.7235005
0.8248114
0.94393
0.8488307
0.66938835
0.8946729
0.96818364
0.9769426
0.9361843
0.91398764
0.9607044
0.9713569
0.7697357
0.8734926
0.8321384
0.8957815
0.89643157
0.812602
0.88636094
0.57859445
0.8401747
0.85707843
0.9465637
0.941092
0.90217066
0.8983927
0.923113
0.9606229
0.94488
0.86634636
0.44035217
0.85802436
0.80431193
0.92039186
0.845317
0.70315164
0.760709
0.890944
0.8765838
0.85355866
0.8094964
0.84476423
0.9420868
0.98125803
0.7610972
0.95923704
0.87809855
0.86885923
0.8549807
0.9047484
0.70979434
0.8432807
0.9382798
0.89516425
0.93515813
0.7127114
0.52760816
0.9127568
0.9026265
0.80950093
0.9033693
0.8117401
0.9644301
0.8891987
0.7944174
0.5722615
0.9155307
0.8397369
0.91254205
0.93355364
0.83623624
0.91700107
0.9655883
0.90172327
0.9443326
0.979651
0.96652234
0.9197583
0.89282894
0.8393407
0.8063695
0.80032796
0.8733793
0.81584156
0.9665083
0.96784973
0.8170109
0.92160416
0.75859624
0.8667683
0.82705927
0.98018336
0.80252457
0.9182515
0.72358644
0.8718799
0.8163158
0.8039946
0.9767197
0.89773875
0.89807475
0.7864787
0.9256243
0.82160914
0.8546307
0.93436486
0.6989757
0.9741669
0.7784734
0.93206155
0.80991447
0.9203031
0.7608058
0.9185133
0.9768338
0.88972425
0.9091412
0.84181225
0.61471045
0.8094678
0.8971067
0.9152161
0.88599056
0.84109926
0.8587262
0.8518853
0.81736135
0.8206899
0.72876596
0.8734878
0.9059622
0.8751663
0.7101435
0.9004537
0.8657495
0.9078592
0.89272624
0.98154205
0.82189715
0.82907367
0.7784524
0.74921477
0.95807546
0.83416355
0.843964
0.8608643
0.8540274
0.79732203
0.86780053
0.86021566
0.92775166
0.81813586
0.85982525
0.93947625
0.9428916
0.96661633
0.74242806
0.74254316
0.8368138
0.65617704
0.90388584
0.91162103
0.7864457
0.7276617
0.9759809
0.8617684
0.9021329
0.8231546
0.6725529
0.9130648
0.798016
0.9580611
0.6361731
0.4949981
0.93960214
0.8792463
0.903964
0.8459661
0.89434314
0.6908737
0.90868175
0.904903
0.80986804
0.59509087
0.54213613
0.6019109
0.7395759
0.922091
0.8109944
0.87574893
0.9415829
0.93656087
0.8700391
0.9438621
0.863369
0.924526
0.75970167
0.8575684
0.9557952
0.8765708
0.89428145
0.9486429
0.93142
0.77827305
0.82207495
0.92056566
0.88158154
0.5883725
0.92506385
0.7743291
0.8706057
0.8358068
0.95078653
0.94709027
0.90151143
0.8611248
0.9477896
0.8614743
0.9520714
0.9085837
0.9494939
0.87117374
0.92768294
0.88304186
0.8771966
0.8060044
0.75197655
0.91450316
0.76255155
0.8867209
0.85305035
0.75733745
0.8547514
0.62394416
0.7607261
0.94685864
0.6325487
0.70018584
0.854158
0.5988698
0.9190966
0.9259852
0.93903637
0.74814236
0.8647324
0.98501116
0.8322399
0.92310786
0.7664687
0.8431673
0.9396111
0.97123075
0.87961173
0.89670485
0.86327577
0.5875108
0.88480335
0.9355349
0.90232027
0.9256964
0.66603786
0.79578424
0.9181581
0.8186499
0.79238415
0.8102573
0.86661917
0.7234711
0.81447667
0.93331856
0.8258357
0.88524663
0.9540844
0.8572613
0.8117153
0.87863153
0.80087876
0.9505872
0.8887519
0.9140344
0.79303944
0.9605865
0.90432376
0.76771617
0.7851969
0.935855
0.74405193
0.97356606
0.8873566
0.9494993
0.7372693
0.8808289
0.922565
0.84356534
0.948426
0.79682255
0.88051283
0.92027414
0.96909463
0.82611567
0.6627454
0.5782393
0.8789458
0.8968904
0.6783788
0.76811564
0.8573277
0.9350459
0.720834
0.8590302
0.8025143
0.8321007
0.899858
0.80708855
0.81828356
0.8792023
0.93579024
0.69972277
0.85719484
0.8244419
0.79645455
0.9168463
0.8609574
0.736717
0.7549648
0.67451024
0.90207994
0.80939615
0.74136746
0.93779606
0.93530786
0.8400973
0.7818114
0.91898227
0.9603276
0.8515367
0.85373497
0.7509898
0.9083683
0.92925954
0.8718632
0.8851332
0.8675372
0.36526185
0.77289087
0.9150912
0.92508596
0.81688046
0.97270733
0.9663142
0.7946127
0.9488872
0.64516413
0.78355736
0.9203905
0.8488853
0.7590241
0.9034974
0.8643829
0.86392236
0.92574686
0.73512745
0.9571483
0.85716224
0.90069956
0.9232556
0.9555664
0.533336
0.74132943
0.8419116
0.90662616
0.77028245
0.92046857
0.6287529
0.8278714
0.90471315
0.82277447
0.9096826
0.8480809
0.95129967
0.8102051
0.9252168
0.9706364
0.9688356
0.92015624
0.82033414
0.7714397
0.9339151
0.7980288
0.9492408
0.84563005
0.9158373
0.85918236
0.8858011
0.9209768
0.7912136
0.9062333
0.86152893
0.8892704
0.9425001
0.7669209
0.9388251
0.8908416
0.8928163
0.92138475
0.5918684
0.64086014
0.9596908
0.8289733
0.81331134
0.93417
0.67392915
0.89165723
0.84058124
0.9257293
0.9688601
0.7622236
0.92423165
0.7233959
0.82052374
0.8622737
0.9057965
0.88627005
0.7157624
0.9371745
0.96031463
0.89499664
0.8211112
0.8175152
0.67778426
0.9159861
0.81694937
0.9495523
0.9224363
0.92590153
0.5941379
0.8899384
0.94365215
0.80747205
0.9259473
0.8488439
0.8538736
0.75722724
0.98323506
0.742011
0.79856956
0.936234
0.9161976
0.91331863
0.85970604
0.9315745
0.9450254
0.86074406
0.8662893
0.85796744
0.8692289
0.8552611
0.73892593
0.6296984
0.93420374
0.86169
0.7878274
0.9391612
0.7646831
0.8673173
0.9722234
0.8456018
0.85702735
0.88817173
0.7431049
0.31850603
0.6389199
0.8100045
0.8495605
0.7842565
0.83539444
0.84324205
0.8441684
0.9541264
0.8267117
0.8507078
0.8523851
0.92959243
0.9356462
0.788664
0.8872074
0.6908055
0.94607204
0.8389991
0.7691692
0.7755681
0.7632285
0.8505451
0.8649065
0.77899766
0.6659589
0.7883942
0.6633699
0.8552101
0.9396942
0.7425871
0.82116866
0.7516069
0.9236572
0.90834093
0.9242876
0.93542284
0.83893526
0.9206563
0.86913174
0.7536524
0.8994656
0.8862006
0.96726066
0.93335265
0.8371376
0.91679364
0.88265043
0.9714783
0.9547094
0.88316655
0.8666692
0.95502406
0.967654
0.87017757
0.96927106
0.8955931
0.6181079
0.75722194
0.9369058
0.934153
0.7434203
0.96602666
0.86136943
0.9135764
0.7881706
0.9586712
0.8663936
0.87607443
0.8717052
0.7997567
0.9226746
0.8912692
0.8409332
0.9047931
0.9223387
0.8236632
0.9489311
0.86161065
0.8980784
0.6828184
0.9767079
0.9694601
0.76066816
0.805065
0.81902385
0.95285964
0.65681434
0.75952244
0.9633574
0.76938725
0.96498185
0.8448686
0.8074611
0.6937376
0.89929235
0.73133546
0.9230658
0.95762163
0.9472687
0.94681525
0.87563616
0.8667104
0.9101355
0.8427001
0.7322495
0.9325202
0.93770385
0.935188
0.8915436
0.731493
0.9646543
0.84016615
0.9543641
0.9426983
0.704266
0.98319423
0.90963745
0.7761519
0.57463354
0.8605751
0.8820056
0.96106577
0.94666624
0.5878227
0.9362891
0.64469254
0.9792414
0.76844597
0.8243107
0.8198174
0.8718358
0.78839505
0.72331774
0.8312526
0.80038273
0.8961388
0.9236858
0.9288835
0.69208723
0.6684729
0.9215269
0.9627073
0.83896405
0.9287119
0.7964065
0.94440293
0.9415364
0.92569
0.91261727
0.7999358
0.75482816
0.8783658
0.87614226
0.9041697
0.7288512
0.87409836
0.8728663
0.81767607
0.7066035
0.8473554
0.84849334
0.77048576
0.8957983
0.9488015
0.8311555
0.91183746
0.68678916
0.9091729
0.74991983
0.92767084
0.75659055
0.833618
0.81769776
0.96566397
0.93983424
0.7872366
0.9187247
0.85252297
0.8205736
0.8777788
0.94534963
0.78456527
0.8997395
0.7860346
0.72821003
0.90851694
0.67841315
0.872497
0.80282646
0.916616
0.8650559
0.83166504
0.8840356
0.73419553
0.9328693
0.95991987
0.958146
0.8889222
0.9024703
0.9325564
0.8744662
0.8646469
0.7363312
0.90158445
0.7647092
0.95787966
0.87398535
0.8539564
0.8780499
0.76859134
0.94732726
0.8151127
0.9135697
0.85503733
0.9619297
0.86467206
0.88659984
0.9070574
0.7079323
0.97720206
0.8446164
0.87611246
0.79338133
0.91360825
0.82374954
0.90393484
0.9796557
0.88105357
0.890019
0.892932
0.87997997
0.96788406
0.8794615
0.7995277
0.9340092
0.84030133
0.71750873
0.6113312
0.8077055
0.9594744
0.659121
0.77333283
0.83000994
0.8218479
0.9807292
0.71841687
0.8639453
0.71825814
0.7925327
0.85241127
0.72034717
0.753841
0.53277075
0.8804335
0.8250216
0.83074516
0.9729099
0.84834194
0.8011841
0.7863793
0.9587764
0.9456507
0.90167445
0.74317586
0.8372214
0.9067567
0.69436127
0.43580168
0.9632889
0.8297417
0.9161252
0.91420346
0.96229994
0.985641
0.65679276
0.8687005
0.9188429
0.6593329
0.9143097
0.95529824
0.9606565
0.9218925
0.8386539
0.6721411
0.9148706
0.89495546
0.9273981
0.91803557
0.9156017
0.85322845
0.89121205
0.8559256
0.80185014
0.90786487
0.5466742
0.6370506
0.941478
0.88453466
0.95630753
0.8246356
0.9699683
0.93466276
0.8608018
0.90381145
0.8788034
0.7943184
0.89797986
0.82626987
0.9335719
0.7606456
0.94558674
0.8771122
0.86527
0.7755791
0.89189076
0.5990971
0.91435057
0.88098705
0.9384309
0.91570765
0.775227
0.9437145
0.82432055
0.98355794
0.9857132
0.91743726
0.78530735
0.9505694
0.72246015
0.94107074
0.8256774
0.8761286
0.8672546
0.8938297
0.7734157
0.9696181
0.8342325
0.8470711
0.96212053
0.9524441
0.90974283
0.6346116
0.84989893
0.8871719
0.81788105
0.96115386
0.6744041
0.9182435
0.60604215
0.9177162
0.664552
0.9454347
0.6697319
0.8140216
0.9266009
0.934078
0.8051499
0.743883
0.848539
0.7500422
0.81352305
0.91707194
0.9752877
0.946448
0.79039294
0.89806724
0.87685215
0.8676945
0.89854395
0.7457612
0.8443686
0.78880864
0.972597
0.669575
0.8936279
0.89525974
0.92560315
0.94513285
0.70875645
0.9428463
0.9706727
0.6861528
0.91599774
0.90075696
0.6303068
0.7768807
0.8893823
0.8315627
0.8726317
0.96342075
0.8585796
0.8930898
0.867651
0.9554093
0.91685003
0.8870461
0.7799482
0.61666214
0.83164585
0.88755363
0.6392959
0.8435153
0.9034703
0.808342
0.78926307
0.8494595
0.94924265
0.80364954
0.9129073
0.8766534
0.9364965
0.9323653
0.7683413
0.9608379
0.827897
0.75224775
0.9413655
0.92179805
0.8809634
0.8561295
0.7749989
0.8202655
0.9068513
0.7956817
0.9359796
0.9053087
0.6640709
0.8545945
0.73108315
0.8903957
0.89926577
0.91992605
0.978448
0.8524802
0.82327193
0.59251636
0.9436971
0.9273961
0.8818371
0.9401504
0.8906447
0.77519864
0.7728724
0.6834628
0.9502369
0.89620066
0.89334345
0.89693284
0.86815965
0.8013402
0.90034914
0.80228865
0.9706714
0.8679695
0.9295895
0.8367225
0.93313724
0.9610013
0.9106661
0.84783965
0.9568893
0.91737986
0.90053874
0.8309406
0.9761691
0.8265439
0.975585
0.8347651
0.870557
0.92276585
0.8144989
0.84159297
0.8030437
0.92373
0.86533684
0.86945474
0.6540272
0.787612
0.9757393
0.793117
0.81840104
0.8009207
0.93973696
0.9843401
0.8592487
0.90911376
0.63929063
0.6175876
0.9311621
0.8796672
0.8661877
0.9271129
0.8937566
0.8611919
0.7881262
0.88643587
0.7662749
0.74137044
0.95318705
0.90009403
0.8759317
0.788689
0.87482214
0.8657433
0.87626714
0.78804743
0.8748943
0.8706282
0.75842404
0.8408443
0.68752444
0.8733678
0.8237678
0.79340047
0.7721782
0.6957222
0.93748856
0.82094806
0.8757718
0.7208827
0.97858816
0.8544708
0.8649051
0.9128437
0.8135906
0.711364
0.5072495
0.8551969
0.8699911
0.8579007
0.9652839
0.669617
0.94154155
0.8787463
0.92220193
0.86920875
0.6981081
0.7584499
0.71260005
0.96951514
0.5523661
0.7868486
0.9337883
0.7699152
0.9056225
0.83400077
0.855068
0.8639699
0.8109479
0.7021632
0.61672485
0.87314624
0.941504
0.8069893
0.97323
0.91652626
0.9525184
0.94721127
0.9604263
0.90586114
0.96151793
0.96227926
0.74151045
0.919083
0.89517486
0.59299415
0.63814044
0.7716652
0.8517307
0.9513474
0.8497735
0.8499456
0.8822967
0.8719734
0.8805571
0.87288165
0.93227774
0.9098768
0.9510318
0.725013
0.8211921
0.7402416
0.9811692
0.8469287
0.7354133
0.93996894
0.96055675
0.8909483
0.8516942
0.7719908
0.83995783
0.8761563
0.9308685
0.9475412
0.7759459
0.8053576
0.7748173
0.92921984
0.9004539
0.9497131
0.7965467
0.8294795
0.9065219
0.7986852
0.842774
0.8649574
0.95465326
0.87179065
0.7145707
0.8558138
0.92688787
0.8568787
0.9615506
0.9249697
0.7490269
0.8523054
0.89865357
0.78465706
0.8576323
0.8768062
0.68815804
0.87987757
0.9032772
0.89432603
0.86432725
0.8925182
0.7132838
0.8640021
0.81885403
0.8269271
0.63251746
0.85842735
0.8684138
0.8221352
0.7826262
0.66069674
0.8695141
0.95610523
0.8896177
0.89225155
0.91836864
0.8495777
0.9777499
0.8727396
0.6556491
0.82102144
0.9548286
0.90248567
0.84908664
0.8240961
0.84423375
0.6028093
0.9737898
0.9349844
0.85778016
0.88244486
0.80383694
0.8447261
0.9502727
0.7726452
0.79456383
0.8586699
0.7029593
0.8972767
0.8316968
0.89836496
0.71018845
0.87454426
0.95690846
0.82513505
0.8691923
0.8256239
0.7970514
0.63175976
0.9235732
0.94020337
0.91631395
0.7366899
0.89810216
0.86728585
0.77310956
0.8306482
0.97208935
0.9104534
0.80260646
0.83870345
0.7503903
0.79620713
0.84740174
0.8879757
0.82643497
0.95500225
0.78525
0.8389735
0.96409774
0.92038804
0.7942866
0.83651257
0.733732
0.8114434
0.9181818
0.92181915
0.8881478
0.8733034
0.76984584
0.8683528
0.67298055
0.6884104
0.758708
0.906766
0.7182497
0.40504748
0.7884821
0.8473346
0.8164398
0.74302626
0.8641158
0.96453124
0.8676371
0.8980758
0.8927582
0.8812224
0.9446334
0.8711679
0.8513079
0.7466533
0.95906883
0.8354519
0.8921423
0.86787236
0.8004017
0.8466822
0.91334057
0.85306007
0.9662435
0.9057783
0.63495386
0.86293995
0.9401019
0.82953733
0.93738675
0.9220354
0.8661387
0.6480272
0.90359473
0.69893926
0.56552434
0.6114656
0.8849381
0.7810843
0.9042179
0.91585326
0.7592895
0.9652468
0.70645374
0.8908734
0.9033844
0.94459915
0.77739674
0.83870375
0.6594458
0.9704745
0.8181766
0.740277
0.8418807
0.8328363
0.8718325
0.9666125
0.9301771
0.87861437
0.8477118
0.87175155
0.9603907
0.8887609
0.75692135
0.9242432
0.7993874
0.78534585
0.54841524
0.97357845
0.894297
0.7117488
0.90128505
0.9705598
0.6302184
0.85700786
0.8080777
0.9229539
0.8607821
0.79500216
0.93848336
0.92081296
0.81615454
0.7074703
0.9089266
0.8542824
0.8771373
0.95022744
0.96770304
0.7381308
0.78092986
0.9224982
0.81917524
0.94309235
0.96109974
0.84276843
0.90774643
0.9178205
0.9120855
0.9388881
0.93429315
0.9428633
0.9151713
0.8206905
0.91400206
0.8359583
0.8013875
0.88946116
0.67257905
0.7679134
0.8848879
0.71593726
0.888585
0.795373
0.8545302
0.9689933
0.85748017
0.77546597
0.75727046
0.96478796
0.83494
0.80173284
0.4528373
0.82560164
0.9083502
0.9398118
0.92521787
0.7747606
0.83189213
0.8085914
0.89262253
0.8915152
0.5319541
0.89449096
0.78752565
0.87186277
0.96067595
0.8844193
0.9216669
0.8299593
0.8871875
0.7263088
0.89439327
0.8562585
0.83462524
0.8661816
0.79059124
0.77317345
0.8868044
0.9333886
0.89901775
0.9476702
0.89112437
0.9513842
0.935863
0.74401027
0.6871621
0.94658273
0.6781094
0.9268062
0.92192334
0.95201683
0.9681458
0.74679697
0.92260486
0.8912128
0.96256876
0.8724367
0.9249992
0.9681717
0.71875113
0.8745507
0.76648635
0.8958804
0.9006919
0.7125152
0.8663585
0.8623289
0.85657775
0.953668
0.9386179
0.7380688
0.85247046
0.87449896
0.74542046
0.88570184
0.83069515
0.8640709
0.91298884
0.9603033
0.96652615
0.8548872
0.56620437
0.9532014
0.93363833
0.8094252
0.9215708
0.629059
0.89291036
0.86331767
0.9192384
0.9120796
0.9827006
0.8343693
0.9552507
0.84062076
0.6782204
0.7252567
0.74838775
0.9048934
0.8878038
0.7922677
0.92520136
0.9235146
0.963858
0.8183097
0.92900485
0.96125346
0.7923074
0.83426803
0.776695
0.6941668
0.9843543
0.94843
0.8087585
0.8769413
0.75017905
0.9446682
0.89709
0.9818162
0.8440982
0.85811985
0.9439798
0.8806125
0.9406918
0.953055
0.95213956
0.9483422
0.7302014
0.9310636
0.9479469
0.90254176
0.7988517
0.9625808
0.9315687
0.89594036
0.9020284
0.85968155
0.9259484
0.93119884
0.8553121
0.791971
0.94210565
0.9697314
0.8971091
0.8464874
0.73958975
0.8952748
0.94421446
0.8962583
0.88737696
0.9825254
0.88797104
0.84835744
0.8398909
0.8062234
0.913952
0.9154247
0.95817435
0.91408575
0.8921778
0.91654783
0.92396957
0.9135438
0.9054103
0.9035425
0.93955946
0.9599128
0.7789897
0.9591952
0.8830662
0.90434974
0.8627551
0.88851106
0.5240063
0.913013
0.80071235
0.86369675
0.8581119
0.8283288
0.9397439
0.9515058
0.91191214
0.8790035
0.89447343
0.9135574
0.9479407
0.9676875
0.7603052
0.6975329
0.92135555
0.8427338
0.79789007
0.9183657
0.6600223
0.70047295
0.8780482
0.8709574
0.7444014
0.93598175
0.60745716
0.84647787
0.9334022
0.613405
0.9290896
0.82801306
0.79699737
0.8435528
0.74749875
0.88768244
0.98849416
0.8353374
0.9494206
0.6129425
0.74266696
0.7384816
0.7794615
0.7566465
0.8850583
0.8701485
0.9689166
0.91409534
0.83741564
0.5728044
0.89320135
0.8869009
0.77041256
0.9474156
0.87192523
0.8354901
0.95374715
0.82800627
0.86926264
0.91447836
0.85910195
0.9624288
0.66474277
0.9402786
0.7512691
0.9197415
0.96783566
0.98411477
0.8603555
0.9446179
0.9461022
0.68220496
0.9735471
0.901863
0.9188258
0.8925558
0.73133564
0.9582826
0.8002314
0.8741522
0.93642414
0.54563123
0.8501978
0.9295762
0.7266034
0.8026615
0.90329504
0.5246443
0.86699355
0.60943
0.9527124
0.9189984
0.841003
0.7979673
0.94104815
0.9581349
0.97689503
0.7694272
0.75315416
0.90333354
0.7990864
0.93041694
0.97900295
0.80326164
0.7012905
0.8449774
0.9611707
0.8949795
0.8667654
0.67438453
0.9368161
0.87419003
0.8309769
0.9216223
0.7809107
0.74911046
0.53239626
0.97654325
0.744483
0.78176594
0.86196905
0.74458075
0.762924
0.85250765
0.67496717
0.71504915
0.868318
0.9138209
0.9708242
0.9189859
0.52255285
0.7739788
0.9455657
0.74282885
0.8574027
0.8481104
0.9633178
0.7625605
0.81290925
0.5499448
0.9337816
0.75340223
0.9556795
0.94272834
0.78346556
0.6012454
0.9212291
0.8603089
0.9284889
0.8623776
0.729675
0.7225309
0.6593027
0.5852784
0.93417567
0.9205228
0.93672764
0.73701954
0.6977349
0.813679
0.92661
0.97827667
0.8705709
0.9080316
0.7910377
0.9283034
0.66870064
0.85211635
0.81924766
0.68097806
0.9745234
0.864948
0.54113203
0.90453184
0.8396687
0.8109115
0.7416673
0.72018147
0.60968816
0.908132
0.96652603
0.7693053
0.76181704
0.91004527
0.6660307
0.9740768
0.8134997
0.8613113
0.8646424
0.92724967
0.9799823
0.8908473
0.92156255
0.8437508
0.9027009
0.8633244
0.97578216
0.9243589
0.95188105
0.6929577
0.96654224
0.83027506
0.92795414
0.79021406
0.9671093
0.72641903
0.86707985
0.9682837
0.9011952
0.84234214
0.8671432
0.8197685
0.92585945
0.7938038
0.7816931
0.8538386
0.9555592
0.8343558
0.802904
0.9265641
0.96168953
0.76049656
0.85156846
0.72080475
0.88536537
0.9117199
0.7958572
0.8659143
0.8639821
0.924808
0.98187524
0.922141
0.6892967
0.77632284
0.9067753
0.67573965
0.91632956
0.8842102
0.6380728
0.8215835
0.8419772
0.8286165
0.9465097
0.72350395
0.8959619
0.9520882
0.7937541
0.9292798
0.8335368
0.58637655
0.8091604
0.89466214
0.6966754
0.79138803
0.9069517
0.91348743
0.74332345
0.9584701
0.8310048
0.9204367
0.9565064
0.92015004
0.86466146
0.65296066
0.9610933
0.8352288
0.70543575
0.87163997
0.97755486
0.8608101
0.90985394
0.84781146
0.90962875
0.87070704
0.93486893
0.678212
0.90835506
0.89434284
0.85559833
0.8506245
0.96618295
0.81563455
0.8266799
0.91826546
0.853483
0.8613035
0.9553318
0.8565941
0.96485424
0.69075096
0.9584682
0.7191173
0.8220868
0.8875536
0.9588512
0.9021597
0.9526129
0.6487924
0.86348915
0.84846056
0.9713919
0.85592186
0.8479708
0.82417524
0.7075489
0.90106887
0.800045
0.92057616
0.86021304
0.8029231
0.8930052
0.81812996
0.92246896
0.7397461
0.8714006
0.8207289
0.70528305
0.90141493
0.8049426
0.8995297
0.83299184
0.96245474
0.8726873
0.8603625
0.9741088
0.9350645
0.8692782
0.8301837
0.8176086
0.8474668
0.8503456
0.8812057
0.7648459
0.91612923
0.81028014
0.81060433
0.9323003
0.8618729
0.9661793
0.7628562
0.8059664
0.68877816
0.9276073
0.9098136
0.79096437
0.92795146
0.88697535
0.8792754
0.75260913
0.86068356
0.72911394
0.8387683
0.97753716
0.8475706
0.9188582
0.80078006
0.81680954
0.8948777
0.912299
0.9129074
0.92637646
0.8201785
0.9512057
0.68443334
0.8513267
0.82579356
0.98118067
0.9582051
0.93202984
0.8956916
0.95864
0.910539
0.94978774
0.93219876
0.9490692
0.89766484
0.94014686
0.60106367
0.7311128
0.7929718
0.9312999
0.8528231
0.7638174
0.7323316
0.6800177
0.9239858
0.95242137
0.8738617
0.91935086
0.86543435
0.91637623
0.9066521
0.88729775
0.94032496
0.79627687
0.82153004
0.6669227
0.7338665
0.8435795
0.9206053
0.55842876
0.9419309
0.84610784
0.87427145
0.94177604
0.70185906
0.8584615
0.6380961
0.92010444
0.88400507
0.71589243
0.87615484
0.8096431
0.8187395
0.9581611
0.9344509
0.8108093
0.9496294
0.8879216
0.86724603
0.69836277
0.802321
0.96708316
0.7990845
0.9513706
0.92027617
0.7152925
0.87778926
0.89878035
0.7158301
0.9315854
0.93621755
0.92587984
0.9049191
0.91350734
0.8787495
0.37936938
0.7381313
0.7062605
0.7680239
0.92830527
0.91080177
0.95538473
0.8589121
0.9448484
0.87710714
0.7958006
0.91893405
0.8783535
0.62328696
0.9186208
0.9213643
0.7061387
0.85674065
0.8453845
0.97317183
0.77191925
0.69072247
0.95417136
0.78386956
0.8219623
0.96831614
0.8458483
0.7910543
0.7836077
0.7549809
0.6208023
0.8711328
0.94240606
0.8601185
0.81429505
0.7573618
0.9229083
0.8012965
0.9828471
0.91694105
0.9593598
0.94522
0.86842036
0.9140497
0.8397793
0.90231156
0.9314362
0.8095944
0.8937652
0.98382807
0.8525456
0.8042201
0.81414235
0.8817399
0.91266054
0.92267615
0.8113238
0.89545834
0.93722856
0.8111993
0.7726639
0.96870774
0.92790574
0.85691375
0.94863164
0.93106693
0.91735464
0.8002995
0.89652354
0.7292644
0.9233513
0.7682746
0.7404969
0.8231381
0.8733962
0.8727438
0.7359148
0.89157426
0.91036254
0.96208906
0.8717839
0.9542576
0.66657495
0.938873
0.94359356
0.81986415
0.9230574
0.9506807
0.70986605
0.91520286
0.7605633
0.9410136
0.94540733
0.8517879
0.91872835
0.7244376
0.92089415
0.9123634
0.8412224
0.6729317
0.91276103
0.8847958
0.9030001
0.8271656
0.87819445
0.85631317
0.8621882
0.82421
0.91721547
0.65270036
0.7174654
0.9555753
0.7946425
0.8352823
0.9088388
0.7925174
0.85445833
0.69541526
0.918885
0.7044039
0.9712034
0.9682352
0.77333707
0.6318781
0.9482223
0.9289282
0.9405261
0.9547573
0.9339625
0.860703
0.96718156
0.74298716
0.8726953
0.7875605
0.7618723
0.7971898
0.5818975
0.8767908
0.97789717
0.87189
0.7521917
0.94883835
0.7679653
0.8999103
0.58205247
0.8763129
0.79292744
0.93755925
0.93527496
0.7996902
0.88718486
0.85560715
0.96543646
0.7623701
0.8051093
0.9743892
0.8238622
0.899506
0.8932133
0.93522143
0.90832615
0.7244048
0.8661521
0.7817337
0.827039
0.9009326
0.647169
0.5008067
0.81674623
0.65492463
0.83900416
0.933668
0.9365009
0.9332374
0.7610179
0.9296433
0.8697089
0.965116
0.88247997
0.92206645
0.94617605
0.86527383
0.91285086
0.88242763
0.63797086
0.6520646
0.7947705
0.7954608
0.67705935
0.7992122
0.82222944
0.8812516
0.7636169
0.8422691
0.961463
0.61950445
0.909101
0.8625494
0.8234293
0.8531599
0.8644972
0.7945102
0.9308368
0.8327618
0.9595503
0.6485691
0.94309264
0.80864227
0.7895335
0.90874773
0.9177357
0.88856435
0.86872077
0.77270097
0.94352454
0.8337895
0.50632906
0.9445293
0.78493166
0.59715694
0.955402
0.82646585
0.63656527
0.7417899
0.96467745
0.93711734
0.9575552
0.8933091
0.9655674
0.71664375
0.7864986
0.83884037
0.79298097
0.9530563
0.58640236
0.94619906
0.9033693
0.90133226
0.9587299
0.93663895
0.8716026
0.9716731
0.7604798
0.9320674
0.87144977
0.97086775
0.78585523
0.9397411
0.79429144
0.7960597
0.86528367
0.88646996
0.5365527
0.8263048
0.8052316
0.9744348
0.8495843
0.82218075
0.8959074
0.762611
0.94978446
0.87782216
0.7639672
0.7713897
0.87710357
0.84531486
0.88586277
0.8487675
0.9349899
0.90378225
0.80296034
0.95092463
0.7307585
0.9439116
0.69859636
0.9249294
0.7790462
0.7218468
0.7370613
0.82184565
0.8699361
0.73549855
0.9484837
0.94156384
0.86355114
0.9552373
0.8230265
0.73675656
0.92553365
0.91864055
0.9222497
0.9248235
0.48022625
0.9757263
0.9674885
0.97381246
0.9230088
0.8406414
0.75037336
0.81464887
0.6383363
0.883906
0.66962194
0.8293003
0.81692886
0.7322964
0.76169527
0.4498573
0.8785806
0.93963325
0.9192745
0.8022918
0.98504925
0.96499133
0.8317436
0.9613844
0.8629452
0.92917836
0.85553104
0.70751005
0.93644524
0.9743105
0.82285225
0.7544398
0.60837114
0.919279
0.79093325
0.7687079
0.8779369
0.8111054
0.96318275
0.5150578
0.9148196
0.9533046
0.77844137
0.9159886
0.8195405
0.95776224
0.8997285
0.9446227
0.8197012
0.92917746
0.9347014
0.8970718
0.9244475
0.788589
0.8986449
0.9492076
0.8355948
0.95844066
0.85448265
0.8660388
0.8912101
0.95448476
0.89740634
0.89920783
0.79600585
0.8253911
0.92167133
0.84015524
0.96016306
0.80414355
0.8494606
0.9118198
0.90462023
0.91949403
0.8597129
0.91107464
0.8094788
0.96097463
0.94196707
0.7974606
0.84915316
0.7563191
0.9129564
0.8725804
0.7347317
0.7404265
0.7672311
0.7099369
0.96794736
0.8529815
0.82919246
0.91073513
0.96962273
0.926619
0.8217158
0.87038934
0.61667573
0.6915956
0.8291416
0.924208
0.9399827
0.7290362
0.89702916
0.94652206
0.9513511
0.7327072
0.73704326
0.9082231
0.94611293
0.9075446
0.94700605
0.91996795
0.77065396
0.8225445
0.52330863
0.8687655
0.93405664
0.9176184
0.7290356
0.77875376
0.81832725
0.87649685
0.799169
0.79454756
0.85801953
0.92310995
0.91209817
0.96023196
0.8190846
0.7509802
0.8061299
0.8758317
0.8579278
0.900908
0.88498163
0.8925451
0.96221447
0.78458554
0.945892
0.94566905
0.94464475
0.8464116
0.8582367
0.8135904
0.8374006
0.86484075
0.8538557
0.842988
0.9526624
0.9196275
0.93661356
0.9452107
0.9759257
0.89010626
0.898595
0.97369653
0.9139255
0.9010591
0.8079083
0.9105705
0.7557492
0.69976985
0.78887326
0.9367509
0.7211763
0.91273373
0.7883483
0.8217786
0.9653088
0.97006166
0.9581528
0.91529655
0.67106587
0.86286736
0.9405428
0.9175328
0.8795569
0.9005028
0.9528293
0.9469943
0.7737859
0.9464505
0.826722
0.8510703
0.87647533
0.79661834
0.9327656
0.81948316
0.7384048
0.82991344
0.9155461
0.9347606
0.9548568
0.88210034
0.88354933
0.93302774
0.82925314
0.87634975
0.8502472
0.7247784
0.8970716
0.9488384
0.89041483
0.946148
0.90814245
0.89043796
0.9138007
0.90886587
0.8081655
0.85239583
0.8220729
0.6656822
0.7195597
0.7122884
0.921301
0.8379693
0.95431083
0.9131598
0.91361874
0.8375805
0.9163774
0.88929206
0.835127
0.753966
0.8708055
0.93353856
0.77049345
0.76309025
0.7040969
0.8452413
0.85702115
0.7740374
0.93330383
0.79984546
0.96664566
0.8440583
0.92996794
0.6580077
0.9788802
0.80725616
0.784184
0.77292955
0.91352904
0.79554355
0.91544867
0.9113966
0.78572077
0.7998625
0.92921984
0.9151258
0.9188371
0.94913375
0.5955718
0.80023074
0.8916564
0.8943715
0.9501402
0.94441265
0.86575854
0.9277828
0.68248904
0.21907683
0.9012541
0.8625033
0.9179736
0.93786657
0.8089913
0.8168754
0.8080368
0.8966664
0.9685233
0.96848804
0.89573383
0.8656288
0.78365165
0.9013609
0.8283651
0.95184803
0.89117175
0.89440733
0.8749946
0.98177874
0.90478796
0.7644007
0.8406945
0.574088
0.9063174
0.74521583
0.8408528
0.96205485
0.9487405
0.90973055
0.76482207
0.82851136
0.8771156
0.7451842
0.86792755
0.95277494
0.90688795
0.93239015
0.9678445
0.950351
0.93653834
0.8320844
0.8248724
0.9055357
0.7704567
0.9338834
0.95142895
0.90320545
0.9792514
0.5988928
0.83995014
0.76574165
0.9772292
0.6074223
0.69620883
0.80707026
0.94881666
0.8717991
0.9347867
0.9002163
0.65562594
0.8894741
0.85682285
0.9360092
0.81612766
0.8971547
0.8359056
0.9301469
0.9219841
0.8402455
0.89885044
0.96216404
0.91947514
0.9632594
0.7588274
0.8307191
0.9069735
0.67370147
0.9492422
0.7606182
0.87097967
0.92351186
0.9494014
0.9612989
0.87011135
0.7703224
0.8085643
0.77345717
0.9183528
0.8296252
0.82214564
0.8069705
0.8745289
0.93491185
0.9637776
0.8271356
0.9710913
0.93461907
0.84379315
0.92517483
0.95567644
0.84661496
0.6239009
0.8481496
0.7341484
0.89333385
0.811237
0.84585845
0.8670391
0.88888323
0.73839235
0.9631564
0.9432155
0.85817826
0.913144
0.9546945
0.6797903
0.9060711
0.95474494
0.81630176
0.87480104
0.7502934
0.9546604
0.5973347
0.835159
0.9561302
0.8995147
0.94954467
0.85727596
0.7484899
0.6996532
0.87769586
0.7188267
0.72476137
0.9095366
0.8421408
0.8906919
0.91047937
0.7383346
0.41202772
0.8387567
0.89562416
0.6145672
0.8346
0.9520574
0.91930145
0.87740785
0.948908
0.8067077
0.6444498
0.86730665
0.83772874
0.6684442
0.88104117
0.9362924
0.91974777
0.93900156
0.8829624
0.9028253
0.95341235
0.8366202
0.9587643
0.8991616
0.8290332
0.7315473
0.92621374
0.75962126
0.8102046
0.9467814
0.91688776
0.85446846
0.8922558
0.90419143
0.9202383
0.9487442
0.9053475
0.8770119
0.82551575
0.7553903
0.8886384
0.8601062
0.9570662
0.9700178
0.762244
0.6416495
0.95951134
0.7748559
0.9078469
0.8973249
0.8970743
0.7737587
0.6958059
0.92393684
0.71914864
0.8838556
0.8021042
0.6206707
0.91736734
0.9780026
0.89273417
0.97302663
0.70199764
0.77874684
0.8969633
0.9132723
0.623958
0.92159367
0.67218363
0.7139541
0.859065
0.87533677
0.87774366
0.7989727
0.8816813
0.882398
0.936522
0.6835979
0.6450799
0.7475481
0.8106426
0.92066675
0.9592521
0.96970147
0.67231596
0.94454396
0.9164798
0.91641545
0.8430981
0.67708653
0.79169357
0.82603204
0.85259265
0.95623744
0.9300667
0.95201904
0.8582868
0.93099767
0.6332734
0.81745946
0.89196646
0.7407776
0.8654334
0.78401935
0.8678052
0.7997613
0.9508984
0.6845614
0.93714935
0.93315166
0.71133983
0.8527694
0.87533045
0.8267965
0.93006206
0.9503663
0.8649927
0.9529983
0.7607741
0.9496772
0.63935316
0.73713267
0.7349029
0.898314
0.8999779
0.95867765
0.92474025
0.89826304
0.71882325
0.9348187
0.8971017
0.8009898
0.834956
0.72817546
0.85656106
0.8057335
0.8587744
0.9766779
0.8396954
0.6418512
0.909711
0.97375363
0.926545
0.96672404
0.87025756
0.899511
0.82910883
0.8228441
0.6357051
0.93628156
0.7706641
0.8300662
0.8989484
0.9743042
0.96706307
0.94355065
0.83425325
0.958653
0.8713963
0.86350423
0.95934176
0.31487328
0.9700084
0.90629005
0.8081672
0.8445396
0.850124
0.9098476
0.8134621
0.9062696
0.94753236
0.9159973
0.87721604
0.95098525
0.8757774
0.81832504
0.8767709
0.81475264
0.867742
0.9343423
0.7360845
0.9564265
0.9305389
0.90147805
0.9534317
0.62697333
0.67310923
0.9369783
0.80675286
0.9265312
0.9256114
0.97075665
0.90670234
0.54604316
0.8214325
0.8620993
0.8840345
0.9411229
0.9103152
0.87707275
0.9317014
0.74899256
0.82439876
0.9540489
0.9469637
0.84828013
0.8845145
0.9596057
0.90869313
0.7342118
0.94916517
0.89389205
0.8420359
0.88073546
0.86127895
0.8355095
0.77286327
0.81410974
0.56426305
0.67889434
0.7861323
0.69430697
0.95915014
0.87408954
0.86282086
0.7218328
0.71886516
0.57697004
0.9328511
0.44543123
0.8812317
0.9583423
0.86329174
0.7621069
0.94708157
0.8376748
0.8642367
0.9393563
0.8579732
0.9194176
0.9083937
0.7164123
0.94676507
0.87822175
0.9119842
0.94942063
0.938646
0.7514929
0.8734565
0.9145109
0.8155691
0.9339487
0.89904875
0.7190625
0.9505081
0.92595196
0.79090595
0.93507415
0.9371667
0.91540104
0.93223536
0.60237235
0.95617765
0.59949434
0.9347819
0.9780914
0.9147264
0.42542198
0.8650378
0.9273006
0.84768903
0.81179357
0.95553875
0.9563257
0.8253627
0.86492294
0.9015589
0.82435286
0.67572594
0.7957727
0.9571306
0.92095995
0.8612802
0.9061911
0.93853974
0.69612867
0.9780402
0.8840311
0.8938206
0.9693545
0.9132209
0.85646343
0.8747441
0.9358243
0.87403786
0.95553684
0.7328443
0.83988774
0.86913705
0.77951956
0.7656032
0.92756927
0.78122556
0.78644824
0.8771593
0.7694465
0.945099
0.89400095
0.8800479
0.69761765
0.851585
0.9201695
0.93050575
0.8965015
0.91796446
0.91051346
0.8458215
0.9531596
0.9251753
0.754789
0.9539988
0.66691947
0.7809709
0.45846015
0.8853161
0.85336685
0.9359473
0.9321244
0.8098119
0.88544875
0.9755083
0.9256826
0.8761447
0.92869925
0.8019675
0.97124624
0.9638355
0.8402512
0.7717972
0.828911
0.62793624
0.87755185
0.77642584
0.8779931
0.8546726
0.6737157
0.8284086
0.82164323
0.8856248
0.86772704
0.92224765
0.8943519
0.9146445
0.94928575
0.79019433
0.96609807
0.9378936
0.71474785
0.9511865
0.6950665
0.8983108
0.8024926
0.7978505
0.65707535
0.7992257
0.9660764
0.84143394
0.83548146
0.88958406
0.8441841
0.8732723
0.6775116
0.9024309
0.8640028
0.90625274
0.91450423
0.7426374
0.9444777
0.92720586
0.81434625
0.8802551
0.84811705
0.9711701
0.8272041
0.7364461
0.8772481
0.92781943
0.8182625
0.669511
0.81107545
0.91943264
0.9129136
0.8465065
0.8841107
0.8708743
0.8232561
0.8559973
0.9480452
0.90552664
0.86920214
0.9561872
0.811936
0.9241758
0.91588974
0.93972576
0.92514277
0.7695213
0.7082417
0.8058879
0.875437
0.8226102
0.8455559
0.9213271
0.8460428
0.9290244
0.6673484
0.94543815
0.7570616
0.85577375
0.8569058
0.8461327
0.8716821
0.8413027
0.90900636
0.7757207
0.8938345
0.91465276
0.86102253
0.90258735
0.82077885
0.8401864
0.9618206
0.81931233
0.94598114
0.74806553
0.6403011
0.85894775
0.9356731
0.8049047
0.9237088
0.8697924
0.9329382
0.95813954
0.87076336
0.93226886
0.7557528
0.95279706
0.90359724
0.8148473
0.90973413
0.7769477
0.88825476
0.8621759
0.68287385
0.9613973
0.9304852
0.922942
0.9103285
0.8860006
0.8251443
0.79654694
0.7854331
0.91786754
0.89410317
0.75335115
0.95114636
0.9127482
0.96034455
0.9161052
0.9705375
0.8284712
0.88773847
0.91532075
0.94562113
0.9393121
0.83452743
0.8737546
0.8494742
0.853444
0.87720895
0.9090938
0.88486266
0.7987716
0.91355354
0.8806585
0.7248903
0.86147636
0.8915033
0.92177236
0.9621029
0.746632
0.92924356
0.7572858
0.9153436
0.96125746
0.91555154
0.8469447
0.91691196
0.93281364
0.7588283
0.8255532
0.76373947
0.90561444
0.7770517
0.80006063
0.8700111
0.9152043
0.81410825
0.81556
0.9406291
0.7760098
0.83057505
0.9706343
0.8965872
0.9068083
0.66096556
0.8752225
0.7077278
0.9135074
0.77764815
0.9394616
0.9810798
0.8165888
0.87362075
0.9217582
0.9760789
0.91165006
0.9592904
0.92723143
0.87965864
0.929373
0.7412826
0.95225704
0.9260278
0.8768088
0.8893292
0.78468347
0.9460461
0.75467014
0.69757104
0.8874988
0.9416816
0.9824363
0.96243286
0.77374053
0.6003473
0.683848
0.63222426
0.77321464
0.7690344
0.93789214
0.77329147
0.89445096
0.8732668
0.9103164
0.72491443
0.8464412
0.9052509
0.94059616
0.9576051
0.9754147
0.95634377
0.8643127
0.9066883
0.79820585
0.8939675
0.6671666
0.8717948
0.90479386
0.97044873
0.87866426
0.88051677
0.8925923
0.76314646
0.84717244
0.94040453
0.89076734
0.97398126
0.88960224
0.6871004
0.8950336
0.84059143
0.8947979
0.863267
0.7914727
0.9065052
0.9796946
0.8389194
0.6832002
0.8389281
0.95217943
0.93721354
0.9506731
0.918219
0.8264885
0.57362044
0.7923701
0.88345134
0.86296475
0.889176
0.9437739
0.86321723
0.70103055
0.88309
0.8956034
0.77589405
0.7194042
0.6569877
0.895918
0.823543
0.79190624
0.83562416
0.9660388
0.87922263
0.91274613
0.9690846
0.8489932
0.91109896
0.9809805
0.85271335
0.6004833
0.82165194
0.96938777
0.95029604
0.82777905
0.910657
0.89156723
0.91569895
0.81823945
0.7610682
0.91976446
0.7416618
0.8039368
0.7907803
0.87671185
0.9760556
0.83813274
0.71409535
0.7586981
0.95133615
0.8018384
0.78941566
0.8925266
0.944274
0.8873994
0.8510925
0.8659631
0.896432
0.942515
0.9738527
0.79837275
0.9645326
0.84716153
0.9364883
0.937404
0.93898946
0.852394
0.9065035
0.88286185
0.91818434
0.7903652
0.8592361
0.8182719
0.9179875
0.90282303
0.8907456
0.85932827
0.8736824
0.94209063
0.87658745
0.9111425
0.9704634
0.8284166
0.72771335
0.9431697
0.9389457
0.8218621
0.7339524
0.8779047
0.8446674
0.7917444
0.96893907
0.92264134
0.95972085
0.92170066
0.93047965
0.7734121
0.61045855
0.8016556
0.5569604
0.69828904
0.8971201
0.91093063
0.9715883
0.70327663
0.95181465
0.64657766
0.77833366
0.911626
0.8487339
0.9306893
0.9248559
0.7165927
0.84625506
0.90868515
0.76722735
0.820295
0.7696459
0.9490336
0.7402914
0.89715505
0.80038613
0.68674475
0.64319754
0.9221798
0.9596383
0.6979005
0.9095961
0.84188235
0.6914829
0.81609833
0.8326467
0.9450065
0.9068124
0.8552481
0.8663001
0.94128495
0.93703055
0.856715
0.8072969
0.7471569
0.9354627
0.918689
0.8838985
0.91216254
0.82252145
0.8393643
0.8753456
0.8161578
0.806341
0.9141134
0.9440405
0.8198032
0.6079266
0.8679218
0.9183849
0.84726673
0.7452156
0.9205536
0.83010286
0.8015544
0.94666255
0.88377774
0.9744705
0.9374195
0.7663889
0.9340243
0.84025264
0.8620234
0.84711426
0.91190934
0.8703859
0.88263065
0.6529768
0.95695925
0.8537494
0.9047097
0.99025285
0.8212734
0.9533218
0.922156
0.8603008
0.87298805
0.890917
0.7949915
0.96381015
0.88372993
0.9047676
0.85642135
0.67903066
0.91654485
0.8679117
0.79844546
0.64120185
0.9430609
0.9509087
0.9490228
0.853204
0.78823626
0.9367501
0.88350105
0.9524001
0.61317855
0.7641571
0.73888874
0.97141576
0.91637427
0.9189807
0.85442406
0.9365585
0.89550716
0.8490557
0.8358618
0.85897696
0.8491559
0.9401158
0.88289213
0.97711647
0.7601578
0.96510565
0.7844936
0.757214
0.86100066
0.60293543
0.897029
0.9640727
0.9003087
0.7963605
0.79956335
0.5913032
0.74337906
0.8531863
0.89094806
0.9248805
0.5000113
0.90339196
0.9518995
0.8167602
0.95666414
0.73730606
0.8461415
0.7459699
0.54211795
0.8942056
0.8627027
0.8814595
0.8239662
0.8806899
0.8818654
0.92926973
0.9105275
0.8025245
0.95977765
0.88648474
0.95468557
0.9878977
0.91290724
0.90557164
0.9280186
0.9013458
0.8487973
0.7516303
0.88421476
0.90494496
0.89959586
0.76134694
0.89479196
0.86715454
0.7351637
0.7694647
0.87293994
0.95955426
0.9538113
0.8627082
0.821568
0.92896
0.8298751
0.90646714
0.9347876
0.96599364
0.7674144
0.8812274
0.57506233
0.8135752
0.80709255
0.9089577
0.7647902
0.754758
0.9247167
0.7954122
0.9686254
0.90277374
0.6447045
0.5428186
0.85230064
0.7977698
0.958384
0.57680994
0.9448174
0.97427696
0.8434196
0.7926376
0.94599926
0.68377113
0.9621385
0.78282315
0.90914476
0.8974665
0.8784396
0.68201375
0.67551523
0.90510285
0.8136528
0.8374825
0.958798
0.91270703
0.9773124
0.8170558
0.79619765
0.7192633
0.85610455
0.81257284
0.8991433
0.7793655
0.88410556
0.9360102
0.9787843
0.96676195
0.8700485
0.8774054
0.88454896
0.93739176
0.95825595
0.9170778
0.8692836
0.8817203
0.9071516
0.8459873
0.9101288
0.840646
0.85735387
0.93282145
0.9404323
0.9676228
0.9036301
0.8333426
0.91529876
0.9219031
0.8237555
0.96609354
0.92785126
0.8088844
0.9191127
0.83877933
0.90948325
0.88481414
0.9691239
0.9450023
0.87065405
0.67213356
0.8587177
0.9441858
0.697963
0.9020283
0.929331
0.9547279
0.8520116
0.8314375
0.78721714
0.9546239
0.9080588
0.64383984
0.7915659
0.91627014
0.96287555
0.692757
0.9686873
0.75458187
0.8548555
0.98164207
0.9259281
0.55147606
0.8245418
0.90074885
0.77303296
0.7532214
0.72472817
0.552304
0.94076365
0.7514514
0.80322766
0.8542167
0.9063424
0.9471817
0.9224091
0.9121334
0.87808377
0.582516
0.8655037
0.9566443
0.83460283
0.7507452
0.76288307
0.8998585
0.8543848
0.8593558
0.88707066
0.8883885
0.90529346
0.8246454
0.84619755
0.93045336
0.7024984
0.90315354
0.67251456
0.83375704
0.7944168
0.85516423
0.8225261
0.6321671
0.9299598
0.90628463
0.7156757
0.819274
0.9077463
0.77503294
0.8309721
0.9386726
0.8837726
0.84927416
0.7526219
0.90756476
0.77596056
0.86432064
0.79858166
0.9706147
0.9718078
0.7216532
0.8344791
0.77209765
0.87481415
0.6457367
0.87929374
0.6313709
0.95016843
0.6818536
0.8190535
0.7370613
0.83574814
0.93729544
0.87040824
0.4378295
0.86898524
0.90759647
0.8974959
0.9435942
0.8454455
0.51071
0.7481107
0.9111111
0.92260104
0.79987216
0.76705533
0.9743599
0.9194488
0.92191815
0.64849806
0.9179007
0.98253465
0.94299376
0.8684934
0.9074617
0.70447206
0.7913008
0.8651088
0.5303532
0.8965784
0.89298147
0.8651941
0.79197407
0.93045187
0.94993246
0.96532106
0.83816135
0.8567191
0.8864893
0.70951873
0.8098469
0.8242202
0.9085056
0.8752017
0.95100456
0.8893032
0.9431302
0.8140092
0.80930984
0.8362281
0.864637
0.66414344
0.7025704
0.96290535
0.2913546
0.902358
0.90003616
0.6603223
0.8839233
0.9529999
0.8997091
0.81653094
0.90766066
0.91645694
0.96032214
0.9393385
0.84448236
0.94065285
0.7515556
0.98001224
0.47431296
0.9773069
0.897867
0.8433098
0.8982623
0.9419912
0.8799896
0.79755676
0.9633914
0.8952904
0.81952256
0.85100156
0.6109194
0.8345781
0.8555766
0.8491839
0.8076614
0.9033987
0.92994356
0.87497777
0.86703056
0.7084705
0.9632722
0.6246147
0.8823614
0.963725
0.8040985
0.8757482
0.7655435
0.9321964
0.8895819
0.8933133
0.82584316
0.8887253
0.76472515
0.6956698
0.89875317
0.85077405
0.6345372
0.81201047
0.7184535
0.7243843
0.93604684
0.9561465
0.9233974
0.8144841
0.89177436
0.90126014
0.604682
0.74111086
0.85884696
0.8265375
0.7583699
0.9213895
0.7073508
0.9066187
0.9516222
0.861831
0.9282144
0.92930424
0.63833207
0.66310966
0.6626227
0.866316
0.9285445
0.9572062
0.79033303
0.91625625
0.8007233
0.89697784
0.8823182
0.8906225
0.8475362
0.90550697
0.8562806
0.83406985
0.8689722
0.8134353
0.7932013
0.95605683
0.7699576
0.6492062
0.93923604
0.78166634
0.9157621
0.8404853
0.8321704
0.93780756
0.91159105
0.834985
0.89931357
0.7641416
0.96539336
0.7882278
0.5249801
0.7098735
0.68212724
0.86765814
0.9451208
0.77460164
0.9521764
0.7688712
0.96361643
0.92776024
0.8547711
0.85830456
0.8295149
0.78881395
0.84430873
0.8509026
0.93807095
0.8462326
0.93434834
0.8602165
0.7817911
0.8345446
0.8258034
0.634002
0.95779836
0.7949793
0.9785424
0.9730033
0.8809106
0.8780737
0.90273476
0.91301596
0.8321271
0.7921833
0.8082461
0.8138277
0.95624804
0.855244
0.84478414
0.85418
0.79083264
0.8995973
0.8223749
0.9466771
0.72049284
0.9051453
0.84436274
0.96265674
0.74479204
0.8207494
0.91177595
0.8091638
0.8668573
0.7395126
0.9480332
0.68387
0.6669787
0.6256421
0.80388427
0.8328059
0.791181
0.6686331
0.7706727
0.6545782
0.6850166
0.6930432
0.937404
0.7287886
0.7962856
0.7032441
0.85423106
0.61667365
0.7819026
0.79844695
0.8541583
0.9362223
0.9009275
0.9254484
0.5977221
0.8900163
0.8586783
0.9562835
0.87898076
0.83393246
0.9121881
0.86579525
0.8033408
0.74813306
0.9470773
0.95710206
0.9289404
0.79537493
0.85550904
0.9156976
0.8869757
0.69984084
0.8058248
0.92360306
0.91937745
0.92693824
0.8926812
0.8438065
0.7374848
0.71483743
0.89754283
0.9256723
0.94625366
0.87848455
0.9398627
0.8998563
0.81098795
0.81863064
0.8855958
0.90725565
0.9268923
0.98021305
0.8003354
0.88699394
0.913563
0.94188523
0.8797474
0.8545981
0.4563468
0.9490104
0.7765068
0.86355424
0.8962778
0.903085
0.8574139
0.88579315
0.9530421
0.87057006
0.9045964
0.84691924
0.66676706
0.7524035
0.8752446
0.82106555
0.8387556
0.96509635
0.7951947
0.7509267
0.7247757
0.86359525
0.8198926
0.88364524
0.9426878
0.88155806
0.9490735
0.9460782
0.5924917
0.91141754
0.72600174
0.86663306
0.7783314
0.89862657
0.85151124
0.8849858
0.95963013
0.943003
0.82227993
0.8869355
0.88664865
0.7797164
0.62703395
0.9210656
0.6626224
0.9245827
0.80821764
0.89644444
0.5762926
0.89824533
0.80546784
0.44318852
0.8544561
0.9228674
0.8431013
0.93703306
0.88985974
0.69893295
0.89038956
0.7980288
0.8868436
0.8096456
0.88887274
0.94411534
0.78067875
0.8694599
0.806688
0.7247093
0.8946338
0.87343
0.83870375
0.93263876
0.6882416
0.9345007
0.9111193
0.8262294
0.88221586
0.91618365
0.977903
0.9336741
0.93945706
0.91391504
0.9469691
0.8668655
0.98025364
0.9065374
0.93850327
0.7043284
0.8427333
0.83486927
0.78425294
0.97300386
0.8190427
0.9557394
0.86166894
0.9451448
0.93127143
0.90796375
0.8852559
0.8015286
0.9046476
0.802379
0.8239501
0.8766272
0.7146318
0.7894587
0.7493557
0.6646453
0.9405107
0.84878224
0.83370864
0.83119535
0.9433471
0.80666524
0.92417455
0.74054897
0.66763717
0.86709744
0.8811344
0.75685
0.86260104
0.9574189
0.9360305
0.8883761
0.6843589
0.9210314
0.8399762
0.87576324
0.82531905
0.9390271
0.79932487
0.98586774
0.92026263
0.7403564
0.78706384
0.9055731
0.7206082
0.94585425
0.9178294
0.83525294
0.8327818
0.7967208
0.9581585
0.92223305
0.92486864
0.91013646
0.9028859
0.6024857
0.58008444
0.7827788
0.98271
0.8956448
0.892243
0.813674
0.7656584
0.9106871
0.64865106
0.8403781
0.46053505
0.95876676
0.34395933
0.8985001
0.7692396
0.80369365
0.93271804
0.90115666
0.9145983
0.92522645
0.94959104
0.6293923
0.94127357
0.8332544
0.9276086
0.9684486
0.9105298
0.96197534
0.9814857
0.9385266
0.85907763
0.74431825
0.880353
0.81401837
0.8639558
0.52015835
0.9203103
0.7933366
0.94366133
0.927217
0.867032
0.94977844
0.75989586
0.7943054
0.66654956
0.9274795
0.8865027
0.9233015
0.8141186
0.92740357
0.8837634
0.86594236
0.9632153
0.92865103
0.9097034
0.66773915
0.92696655
0.75852704
0.9094697
0.844355
0.92436135
0.77058727
0.9216945
0.9757024
0.9297598
0.8587042
0.9597177
0.65086865
0.9659422
0.88117915
0.77223176
0.5647896
0.92344826
0.8352076
0.832707
0.9258603
0.86166894
0.9437895
0.9288046
0.9531384
0.9540999
0.72734725
0.98375213
0.8805566
0.89776134
0.96949756
0.71755016
0.8181298
0.8970719
0.9123745
0.88299096
0.8071518
0.72012275
0.87751454
0.9648064
0.8915644
0.9633213
0.9509261
0.94968307
0.81368434
0.8308611
0.86609966
0.92936397
0.888911
0.8464525
0.74731934
0.96626633
0.94769377
0.9039787
0.757591
0.8605677
0.7765266
0.6837764
0.69220185
0.9251938
0.94441396
0.9239931
0.882482
0.84061116
0.79628307
0.8544203
0.94649094
0.9799992
0.8323118
0.7512613
0.92066556
0.87943614
0.8604067
0.81791675
0.8568016
0.82419795
0.78363585
0.8219626
0.95653266
0.6932038
0.8681842
0.6850486
0.8257937
0.9519515
0.9411145
0.94619274
0.85699284
0.73676527
0.90436465
0.9686513
0.7245061
0.8580643
0.6278235
0.8085529
0.85620445
0.78625894
0.91523576
0.93454283
0.9680563
0.822652
0.9235866
0.85680854
0.6598787
0.91813874
0.82277894
0.8117349
0.9290878
0.97930205
0.92187786
0.94497067
0.90983236
0.88147134
0.89453566
0.7522349
0.9654388
0.88874346
0.87085795
0.8688719
0.8425857
0.81035304
0.97791374
0.7969518
0.87026936
0.8670112
0.86559623
0.9413959
0.46287233
0.8095843
0.907821
0.9854771
0.9401006
0.95734686
0.78878725
0.8113316
0.7939546
0.7070325
0.8940051
0.9283901
0.7931583
0.9587403
0.69881094
0.8341116
0.9556768
0.77154845
0.9008312
0.9821792
0.8582814
0.9657116
0.8591631
0.8996831
0.92360175
0.826884
0.8510704
0.7019887
0.8308631
0.81542885
0.7576115
0.8569871
0.68944705
0.9212515
0.80391526
0.92696947
0.80248857
0.81536597
0.89316225
0.90480345
0.8615431
0.91534936
0.8160772
0.9353738
0.88433665
0.9096905
0.8884736
0.8153071
0.88545465
0.5509257
0.7959181
0.8518004
0.9190101
0.825245
0.9021628
0.8314335
0.88387656
0.74620384
0.91095144
0.93079716
0.7926236
0.9144806
0.81347305
0.8808764
0.81472266
0.83372116
0.8992876
0.9416681
0.665449
0.8952836
0.91450775
0.9063111
0.8802867
0.6705445
0.8810091
0.7663791
0.8508785
0.9643469
0.78035504
0.5445733
0.85237056
0.63286155
0.7881537
0.95043224
0.9133874
0.9068743
0.8608749
0.9025767
0.67878073
0.9818453
0.8805412
0.91435874
0.85418093
0.80232584
0.7188581
0.8065141
0.743894
0.6633059
0.91989505
0.7774425
0.6993776
0.76044387
0.9399159
0.81393075
0.9371848
0.8962661
0.91344285
0.95120686
0.8885971
0.9449396
0.8802161
0.8925071
0.7547004
0.92408067
0.7710512
0.89898705
0.80487204
0.8845648
0.8976743
0.93256557
0.641494
0.9540806
0.7355751
0.757584
0.809349
0.42106664
0.8798835
0.6890618
0.8045583
0.7434733
0.81228024
0.7856959
0.9463241
0.9746306
0.65357924
0.9560678
0.8467194
0.8109449
0.8697717
0.911351
0.74472034
0.94417024
0.9398671
0.9417524
0.8542879
0.9662829
0.939823
0.9260253
0.88924706
0.92703205
0.8454354
0.8604161
0.9493239
0.7032239
0.7169252
0.825444
0.94291687
0.7650555
0.9489728
0.7981118
0.88811207
0.9164044
0.7999394
0.82118267
0.93456435
0.6704265
0.94372433
0.6374492
0.89247197
0.6798183
0.7208431
0.87893605
0.88433015
0.8711352
0.69365853
0.97539264
0.7946545
0.88546604
0.9431912
0.91396594
0.9176418
0.9080024
0.8809311
0.91606086
0.89444435
0.86264354
0.895575
0.9343289
0.9223982
0.91515464
0.91968083
0.9314594
0.6987502
0.9374354
0.7017744
0.9269258
0.77750254
0.8623245
0.78997993
0.87531936
0.8704591
0.86881125
0.8380558
0.91230965
0.76573783
0.87196225
0.7414473
0.788885
0.84833705
0.6771811
0.7597864
0.7174799
0.8008054
0.77535164
0.95174485
0.760267
0.66093814
0.8356991
0.9189658
0.8264705
0.8148867
0.8291106
0.85470235
0.97768027
0.8191812
0.7334253
0.78070235
0.61333394
0.8273739
0.732007
0.75489044
0.94439214
0.8142091
0.7115267
0.7865476
0.95939
0.9087563
0.7586857
0.71097815
0.9620349
0.7658989
0.94383526
0.8357468
0.88833094
0.8576976
0.96068805
0.86943346
0.77688897
0.8704792
0.91542107
0.9719983
0.744876
0.70688224
0.7173063
0.8585751
0.9781468
0.89568245
0.7932678
0.66214573
0.8390332
0.9312747
0.9577415
0.8254737
0.95876443
0.89245594
0.9349615
0.69953024
0.94814914
0.8751085
0.7139239
0.1840522
0.9469981
0.9464515
0.8124192
0.9162708
0.9320189
0.7766315
0.80631274
0.91001403
0.71764535
0.8858407
0.9124296
0.9323369
0.82205
0.894546
0.93072635
0.9364309
0.9058406
0.693545
0.8781858
0.7930447
0.8207696
0.8974976
0.92021334
0.8807944
0.9132354
0.8442834
0.53720915
0.9469177
0.7082922
0.7505269
0.959362
0.8421498
0.79799783
0.8652014
0.8713525
0.79179835
0.9186602
0.8756953
0.66468763
0.7542493
0.7756191
0.9774718
0.9123304
0.7441818
0.9600897
0.8971366
0.849683
0.63054144
0.9060854
0.64752173
0.81618285
0.7961005
0.927951
0.84330416
0.70721704
0.9262176
0.8279941
0.8465719
0.81669676
0.7165054
0.7726857
0.7741304
0.8104955
0.76189435
0.95567775
0.70691246
0.89121234
0.83025324
0.8814586
0.87586045
0.9524396
0.90423465
0.8036759
0.80549145
0.8933425
0.9692915
0.92576855
0.90052104
0.85328656
0.947766
0.9505468
0.8226775
0.59608066
0.67622465
0.91791165
0.8719587
0.5304688
0.875889
0.89717275
0.943197
0.95216995
0.8885903
0.87677515
0.94260037
0.958834
0.86653143
0.9111066
0.9151594
0.8291164
0.90184397
0.9421125
0.6183588
0.709938
0.9521861
0.7996532
0.96813244
0.93424267
0.90200394
0.8396087
0.9174161
0.6583555
0.94550097
0.88289684
0.91005844
0.8712453
0.8706515
0.8963939
0.8101205
0.75708437
0.84851056
0.90428597
0.53333616
0.96755016
0.86498016
0.7255182
0.7935568
0.58937436
0.9051255
0.85923386
0.80475914
0.93558663
0.9280802
0.9429065
0.96263003
0.7217827
0.9092604
0.8557854
0.93682224
0.81027603
0.9428182
0.7998738
0.6428073
0.9375974
0.896967
0.9748488
0.94352424
0.70448446
0.7920988
0.86899716
0.8842829
0.872531
0.93000257
0.950846
0.8637367
0.9544632
0.710226
0.95183027
0.9525843
0.7906789
0.7688958
0.82321763
0.8579048
0.6490331
0.91310894
0.8892052
0.65737855
0.8794874
0.61574537
0.7889865
0.9174142
0.7324816
0.9371523
0.7136119
0.8222771
0.9247702
0.9378289
0.96932876
0.89970237
0.9319352
0.77102447
0.90482354
0.814378
0.47218394
0.7115506
0.7816429
0.77557296
0.9740327
0.6225697
0.7825262
0.7327221
0.85065514
0.8567139
0.4909397
0.8980388
0.9776692
0.9016471
0.90618634
0.7505152
0.9575391
0.89731437
0.9049512
0.84869075
0.8690418
0.9629006
0.73781943
0.8269832
0.7357611
0.92928755
0.8940864
0.9586332
0.9017096
0.8731391
0.85338116
0.878374
0.83279437
0.8240061
0.720158
0.83743066
0.90646374
0.8628268
0.86821747
0.7600399
0.8807329
0.46043515
0.9343941
0.8080804
0.60118246
0.79662967
0.88381135
0.8583677
0.8846717
0.6678404
0.83747435
0.8245833
0.7634485
0.83856845
0.8991635
0.8134456
0.8626593
0.87958336
0.7617384
0.84839433
0.7979971
0.9582484
0.8941461
0.8323092
0.57350624
0.92782223
0.49081364
0.771545
0.78102976
0.89058065
0.9827542
0.95273536
0.8890714
0.9551798
0.64099
0.70224833
0.93454665
0.86807203
0.65914977
0.83583736
0.95544076
0.80201095
0.85176164
0.89413524
0.8227874
0.845468
0.7142867
0.91798824
0.69872844
0.79232717
0.8444023
0.8785955
0.83655924
0.83630276
0.769381
0.89238316
0.890698
0.81407535
0.93783236
0.7602024
0.9517182
0.72088766
0.4555194
0.6756017
0.9387581
0.9385422
0.94383913
0.79380935
0.8739096
0.91054094
0.82623327
0.7531629
0.9352562
0.7686833
0.9218204
0.96735644
0.8700291
0.8015866
0.9720464
0.8690551
0.87009585
0.92542064
0.8199556
0.86512595
0.8143429
0.83582944
0.7041537
0.92881536
0.7900154
0.9038092
0.86318094
0.9483948
0.8860959
0.95684916
0.78196895
0.7859329
0.9765334
0.8411719
0.88556546
0.6130224
0.79184234
0.9292748
0.90123785
0.8605046
0.80212337
0.838976
0.935449
0.9181511
0.93783593
0.8850392
0.6292412
0.7953744
0.9510577
0.7552772
0.9080309
0.7230689
0.9778144
0.8325683
0.9176917
0.84633076
0.92938626
0.90936124
0.92042303
0.7947132
0.9494347
0.8989655
0.8410688
0.9335387
0.842774
0.9031539
0.9199619
0.75629336
0.8090729
0.89542335
0.90577173
0.69956625
0.960653
0.8098319
0.8433392
0.9384305
0.83475274
0.9233976
0.86662537
0.54960704
0.83086395
0.790065
0.7667642
0.8170545
0.77269053
0.8608945
0.9052007
0.93619204
0.83267784
0.9739088
0.9269148
0.89082646
0.6060714
0.7987199
0.77835107
0.90733737
0.9724477
0.83726764
0.8725749
0.9209011
0.9809023
0.88534176
0.750803
0.7087234
0.7869768
0.8793083
0.84256864
0.89481795
0.9273053
0.82063526
0.9082299
0.8892108
0.8063852
0.9177694
0.71208686
0.8976636
0.8277514
0.88723135
0.77632093
0.89813113
0.82284963
0.7101201
0.9436987
0.6696206
0.8623776
0.9169054
0.9472233
0.81616575
0.803074
0.86524904
0.86029196
0.77959937
0.87680286
0.86053663
0.98361826
0.9224232
0.8704035
0.9538634
0.8921838
0.8774659
0.97260386
0.9176877
0.7974325
0.9088364
0.8781239
0.95713925
0.9541628
0.97783256
0.916851
0.75407773
0.96767956
0.9627813
0.9682405
0.8870197
0.686429
0.92432475
0.87708616
0.6464725
0.8166064
0.9134176
0.8639551
0.8843517
0.84825766
0.8885896
0.84849
0.9630939
0.7734821
0.9419966
0.8876129
0.86426115
0.8935324
0.8915098
0.9758067
0.5753062
0.8573769
0.9367559
0.84717834
0.90062445
0.8152049
0.94912994
0.91416097
0.9238279
0.88252896
0.8220889
0.9251288
0.73124784
0.9002462
0.9259092
0.80717504
0.7828123
0.800629
0.5651889
0.87254345
0.82420903
0.92633516
0.8882207
0.9203589
0.8825729
0.9520248
0.9483814
0.8370765
0.8345727
0.86276853
0.8282807
0.87629694
0.81744915
0.8570786
0.90931714
0.8588458
0.81573725
0.92332274
0.81441456
0.9216269
0.93298984
0.86686206
0.9086493
0.9457026
0.880836
0.96101964
0.7944697
0.793057
0.87911254
0.92974025
0.88482094
0.6113875
0.8485557
0.9297918
0.83479524
0.86953425
0.7990202
0.8672037
0.89526165
0.7686624
0.9350989
0.8450232
0.9817353
0.75379413
0.80435294
0.6229079
0.7883022
0.79443717
0.8205344
0.8957221
0.7165331
0.9244034
0.94994056
0.96492845
0.9030504
0.8827103
0.8206817
0.86627096
0.7601998
0.87878436
0.9444823
0.92757267
0.7461272
0.97936887
0.72162145
0.9307984
0.91262233
0.9405005
0.8244277
0.82864124
0.89678854
0.9532715
0.79813945
0.98054254
0.8737218
0.9519683
0.8886712
0.61254114
0.74000025
0.85281074
0.8882581
0.9623996
0.86945003
0.83739424
0.94367373
0.6654615
0.92762756
0.62986046
0.8951231
0.8652925
0.94845504
0.70994157
0.86214894
0.8871536
0.8879024
0.5431144
0.85266566
0.92234457
0.86876
0.9417639
0.9237934
0.8734129
0.87700164
0.93902004
0.9193051
0.9022354
0.9091097
0.76556057
0.9652204
0.9654422
0.71466964
0.8369758
0.868387
0.6305943
0.86912817
0.90770316
0.9498216
0.62231475
0.910221
0.98238564
0.775676
0.80796635
0.90792376
0.8721161
0.8208103
0.7775303
0.93986374
0.7698908
0.81724954
0.9546833
0.8077374
0.84357065
0.88492715
0.9294251
0.72656953
0.86309564
0.9102134
0.7987146
0.8880626
0.948954
0.82325655
0.7712509
0.9125025
0.94189984
0.96044505
0.7931823
0.94841856
0.66344976
0.88409454
0.68425727
0.88240457
0.87827915
0.8035632
0.8807994
0.74806046
0.955676
0.9002668
0.8632347
0.93290174
0.9214153
0.63239706
0.7458751
0.92555034
0.9116773
0.8147859
0.89697963
0.866023
0.77252185
0.8984605
0.8954491
0.9747608
0.8999119
0.95406693
0.79110587
0.8625107
0.74735
0.81499714
0.8638464
0.68405676
0.8650448
0.9384679
0.6543708
0.9356296
0.90949297
0.878893
0.7030358
0.9045228
0.6521799
0.9148099
0.8893319
0.6756936
0.9028108
0.81525475
0.7806361
0.8932576
0.89080864
0.884758
0.83507335
0.7038876
0.9230522
0.7699245
0.8509288
0.79308426
0.92859507
0.85978776
0.6367723
0.9518292
0.9277741
0.86756307
0.89202154
0.7481609
0.78963315
0.8337282
0.88602734
0.92051554
0.9111013
0.7923283
0.93216723
0.8478866
0.87453306
0.9097469
0.8915882
0.9361074
0.85679245
0.9084691
0.90416056
0.8677794
0.9146667
0.93466926
0.91366005
0.86336476
0.880244
0.89544916
0.91393614
0.7752211
0.924237
0.80007553
0.9236914
0.827868
0.91175437
0.7500232
0.63605404
0.7940337
0.9118144
0.9639463
0.94355786
0.57873887
0.9550457
0.9042464
0.9050404
0.8887522
0.8967325
0.8311317
0.91144204
0.8122512
0.9571407
0.96410733
0.88000834
0.97720444
0.855812
0.7679908
0.9143925
0.9519069
0.89788944
0.9520029
0.88448644
0.81756854
0.85469055
0.85169065
0.697267
0.96913606
0.9812673
0.9577196
0.7814129
0.89491147
0.9527528
0.8957442
0.92599714
0.92638427
0.9113697
0.79496735
0.931077
0.9284619
0.956796
0.9284148
0.9454078
0.9267323
0.907449
0.9297915
0.6649
0.95705307
0.9402088
0.93095684
0.873195
0.7613585
0.9126868
0.8965371
0.86274993
0.7179462
0.81615514
0.8163514
0.8433081
0.7575375
0.8472918
0.91416955
0.8722789
0.8219127
0.93177754
0.8869909
0.44885156
0.94063705
0.95428216
0.8582085
0.80661064
0.97997606
0.62586623
0.88260293
0.89352536
0.9301695
0.93405926
0.8436017
0.96840173
0.8487945
0.8760157
0.8660825
0.67766464
0.8493986
0.8484545
0.9352701
0.7398955
0.8221505
0.9451796
0.87554353
0.9166981
0.89865625
0.7444608
0.8540961
0.830477
0.8892064
0.82758087
0.845912
0.96765876
0.8650093
0.62374616
0.93466794
0.67702633
0.8852127
0.69491756
0.8638216
0.9418782
0.89335275
0.80156976
0.56947404
0.8983191
0.85536975
0.9530452
0.9019532
0.6797156
0.9470154
0.9753728
0.9708416
0.84106004
0.9693918
0.87696075
0.9392389
0.94542867
0.8432593
0.8666131
0.8649199
0.9144734
0.91638476
0.84913003
0.9362313
0.9509537
0.8440458
0.7790234
0.8220596
0.860883
0.9385451
0.88426197
0.7944977
0.8828149
0.76467484
0.9356629
0.8916265
0.9349898
0.80526364
0.8878689
0.7966418
0.88821423
0.88971853
0.8057353
0.96151596
0.96390164
0.9073976
0.692381
0.80544496
0.7237609
0.89697254
0.9565379
0.85151017
0.7195596
0.9133231
0.8247943
0.42897582
0.91625607
0.78278965
0.82484365
0.88650477
0.6809397
0.79246473
0.6146862
0.8656905
0.95766324
0.93175215
0.9692974
0.8356798
0.70956296
0.7275032
0.7502833
0.7153375
0.8971906
0.8873537
0.91458166
0.6414333
0.8612137
0.75679505
0.9424524
0.8684835
0.83408517
0.71394503
0.8726852
0.8792101
0.9697706
0.88477635
0.59984285
0.8764844
0.9777814
0.9202148
0.9730228
0.8015146
0.9299519
0.8928767
0.92524934
0.72004575
0.7257154
0.9557388
0.8237848
0.8841288
0.94721663
0.9223448
0.80220515
0.90781724
0.79088104
0.8844465
0.88927555
0.814038
0.8959726
0.927178
0.92440313
0.8482845
0.90023816
0.6695244
0.9139543
0.67568964
0.8389644
0.75332713
0.9563088
0.8359856
0.94736624
0.73618984
0.82397133
0.8304126
0.82381856
0.68185323
0.9340813
0.89875513
0.89894295
0.8254449
0.89477396
0.7924241
0.84442455
0.82155377
0.7974394
0.9173053
0.8606323
0.88927716
0.9020158
0.85998124
0.93207264
0.9234838
0.945995
0.9529524
0.7435647
0.7316928
0.9731147
0.7907099
0.9351448
0.93107927
0.74907494
0.78618133
0.73388195
0.9805705
0.88279784
0.93531734
0.9626912
0.82614136
0.86144817
0.91523474
0.9372829
0.8202106
0.8482705
0.94328904
0.81686515
0.9294963
0.7605343
0.78719246
0.91913724
0.9199376
0.93498564
0.8390908
0.75438076
0.85816103
0.8854998
0.7762239
0.61877257
0.8639553
0.7832484
0.88887036
0.8223621
0.7769392
0.901827
0.820863
0.8665363
0.88070434
0.91570956
0.866175
0.97784615
0.928078
0.9387058
0.97223014
0.8605982
0.778543
0.7737677
0.9473796
0.5088191
0.9159216
0.9303441
0.9156793
0.9398054
0.7533882
0.92978716
0.65277636
0.9491168
0.8275577
0.79238933
0.8243946
0.8809256
0.8290679
0.95077795
0.8640587
0.9060751
0.8538432
0.9354987
0.78117335
0.81102693
0.8362565
0.7327595
0.7375746
0.7279395
0.87183845
0.7079677
0.58768344
0.868365
0.84062856
0.8964306
0.9200542
0.7594235
0.90237594
0.92821693
0.81169915
0.8931407
0.7759547
0.895257
0.7526094
0.9735595
0.84401035
0.8050349
0.7907107
0.78551704
0.9137118
0.85572875
0.6961278
0.8301736
0.8202151
0.84707713
0.9279878
0.82123256
0.90296227
0.9269457
0.84072894
0.90547013
0.9337816
0.8450612
0.87211615
0.7685147
0.9337791
0.9404405
0.81945086
0.88788587
0.9247011
0.9455823
0.92674524
0.7646248
0.9206574
0.8731933
0.63635826
0.805305
0.7339639
0.88234985
0.9624479
0.9216065
0.76814806
0.9444855
0.8888781
0.86666554
0.8867988
0.6893784
0.93187463
0.90942246
0.93440175
0.8811788
0.93101966
0.578496
0.8366258
0.93583786
0.83669174
0.79721725
0.894398
0.7662556
0.7997548
0.83384216
0.8251648
0.7855913
0.9343606
0.91047436
0.9336598
0.9352163
0.9690821
0.98140395
0.7454877
0.80468595
0.77511215
0.93230736
0.8248677
0.9484864
0.96418995
0.86401665
0.6992048
0.80267906
0.84476125
0.88872755
0.9797598
0.87786895
0.87537444
0.8217085
0.69292957
0.7252636
0.95505524
0.83418703
0.9269845
0.8860625
0.9291966
0.88779116
0.8619807
0.69499946
0.8876718
0.9017627
0.90947783
0.87626237
0.8090154
0.73438036
0.95104617
0.8620829
0.86088514
0.9596535
0.83293587
0.91700995
0.8958102
0.6785995
0.008344016
0.9858256
0.76761895
0.8135949
0.82639915
0.8481833
0.82645273
0.681504
0.95032597
0.83736575
0.87951654
0.89762944
0.7835913
0.9582602
0.95159805
0.8204913
0.9078909
0.82605577
0.87136495
0.9542542
0.8805462
0.9447801
0.89240634
0.7832351
0.8347974
0.9339653
0.7829629
0.76773286
0.83265835
0.7936505
0.83996636
0.8760043
0.91762745
0.8485635
0.9687927
0.8597529
0.8819238
0.7576455
0.8904025
0.9012383
0.71329814
0.9688428
0.9275747
0.87611806
0.8099045
0.7390388
0.8158216
0.9234141
0.86676586
0.89934814
0.8608508
0.89259374
0.9225943
0.75707746
0.913277
0.98299515
0.87047446
0.91112787
0.6869686
0.8438802
0.9651837
0.7939442
0.35097986
0.9576558
0.8754779
0.79309934
0.8965957
0.9188878
0.866374
0.7357729
0.84721
0.8510862
0.8058196
0.88840824
0.8839177
0.87328863
0.9304992
0.9032141
0.893375
0.81164634
0.9063217
0.9706765
0.91438997
0.8017786
0.90782076
0.7621656
0.8965163
0.8166553
0.9200744
0.9477559
0.8526077
0.73413706
0.8726817
0.7657159
0.64288044
0.9166008
0.95669
0.9381789
0.96449596
0.8224152
0.8757715
0.834449
0.9522172
0.72844756
0.8186735
0.8888502
0.81275934
0.802711
0.9711963
0.95756465
0.9142924
0.84384996
0.92370516
0.75837445
0.76829684
0.9073745
0.36378872
0.8665778
0.82466877
0.7115479
0.9065902
0.95430946
0.8804712
0.8528918
0.90040874
0.8930943
0.8977617
0.8860664
0.9092108
0.94918597
0.92245406
0.8854383
0.90072143
0.74829507
0.8565457
0.73499894
0.8309172
0.90278256
0.85780513
0.81921434
0.90490407
0.68529487
0.8302891
0.8882543
0.9067284
0.72788703
0.8628302
0.9368778
0.94980633
0.9610083
0.89254105
0.7696227
0.82054985
0.9324996
0.91318434
0.67887235
0.93709195
0.9261846
0.96388394
0.82114935
0.85721916
0.82770264
0.9360426
0.9126881
0.88199365
0.84604
0.89009583
0.8610334
0.9605825
0.9176127
0.8858663
0.7955668
0.8110811
0.8822002
0.87783927
0.87005323
0.88169944
0.72228926
0.7610264
0.84682715
0.92874324
0.948677
0.82350767
0.8993697
0.8849717
0.8873856
0.95439476
0.8777478
0.9401574
0.82727623
0.889644
0.9087439
0.7671094
0.8294451
0.8035954
0.91029197
0.9571248
0.8704684
0.9677501
0.69375485
0.6531263
0.9014237
0.9211287
0.9077927
0.9220456
0.23493068
0.9348723
0.85938513
0.9548582
0.79308426
0.8661963
0.9544176
0.8485663
0.6920936
0.84340197
0.8346963
0.9384798
0.8447413
0.88736624
0.82224214
0.88445634
0.9354713
0.8537045
0.948387
0.9186766
0.78973305
0.8666676
0.93379325
0.6962654
0.87230223
0.736164
0.7089428
0.841105
0.9342766
0.7503257
0.69473743
0.94292074
0.83686274
0.8505478
0.87487173
0.7854961
0.9566371
0.8124935
0.8517029
0.91165924
0.7714498
0.872247
0.8779717
0.83376956
0.8265338
0.708493
0.7735301
0.893448
0.86973304
0.8436884
0.9132623
0.85919505
0.9445737
0.95938605
0.76052535
0.91917175
0.95041084
0.8195044
0.97710276
0.9303774
0.91718024
0.97049564
0.8705772
0.81083274
0.8021734
0.93309426
0.7111653
0.813833
0.86675006
0.8956034
0.8957178
0.67895496
0.9374862
0.87105256
0.7616819
0.8972083
0.73371685
0.4873407
0.86578935
0.8984046
0.8683072
0.87905383
0.94514894
0.8266801
0.96259916
0.91905624
0.86153865
0.6985312
0.88335717
0.9400333
0.89474565
0.6932768
0.95134044
0.9410993
0.9048165
0.7687926
0.93445945
0.94540715
0.50080925
0.91277957
0.97608364
0.9083872
0.8768653
0.951138
0.9569724
0.7386726
0.91261435
0.89286697
0.9472176
0.91637963
0.94544923
0.9650612
0.8984818
0.8236318
0.89335203
0.907163
0.9222903
0.8998638
0.8142402
0.92057157
0.90264785
0.8815865
0.8793586
0.9265982
0.79143494
0.8312639
0.6025294
0.7581998
0.85547394
0.83472145
0.6976923
0.72079253
0.89005065
0.92876315
0.8595704
0.9217716
0.9544498
0.98278314
0.944855
0.7632427
0.8337923
0.9256027
0.92534995
0.8195688
0.80932987
0.94444865
0.8904202
0.67378896
0.90746707
0.842514
0.87282705
0.7588904
0.9441914
0.921307
0.8619796
0.85131925
0.8519183
0.8910857
0.78900886
0.90640223
0.84009916
0.8750693
0.837675
0.92608863
0.7927928
0.9306078
0.9557835
0.9213534
0.8200177
0.87319887
0.6895497
0.9235359
0.9638144
0.82576454
0.7073039
0.8768532
0.8403296
0.84281754
0.86018634
0.80353826
0.93664515
0.82117116
0.93734485
0.7855661
0.71838975
0.8089348
0.9514886
0.7155173
0.7264494
0.96477133
0.92003846
0.84425527
0.87003803
0.80108535
0.4755498
0.6813443
0.5891819
0.8396052
0.8468411
0.8270227
0.76672244
0.9533496
0.6789104
0.78677976
0.7456785
0.77886975
0.7706756
0.81632125
0.8009548
0.7904262
0.8940804
0.8873679
0.85913974
0.8692987
0.8591521
0.7677046
0.6671659
0.88995504
0.8988511
0.8259429
0.93257785
0.7397418
0.9476843
0.80186856
0.8985431
0.8804796
0.81275284
0.90426964
0.790068
0.68914914
0.9691471
0.82133806
0.96157146
0.9337393
0.90560323
0.87499774
0.68343556
0.9016026
0.9589069
0.83294094
0.9455434
0.9049753
0.84262997
0.8937646
0.93750477
0.90659744
0.92000103
0.8538881
0.74288327
0.8690404
0.7406589
0.8522398
0.8754629
0.93116933
0.84926164
0.9544196
0.6627441
0.87243056
0.80511725
0.8102295
0.9258934
0.9511604
0.81645584
0.91120714
0.8921147
0.80348724
0.7503567
0.9592235
0.9525962
0.8148424
0.72667396
0.92399204
0.867112
0.9392144
0.82331634
0.7997387
0.8543491
0.8067434
0.91859543
0.9068982
0.89834845
0.95511734
0.8809946
0.80053294
0.7745598
0.76929885
0.82731503
0.9380816
0.9693361
0.55687755
0.95436335
0.8684505
0.89285517
0.92568684
0.87250054
0.7489932
0.9248092
0.7234378
0.972182
0.7373302
0.93656504
0.9300036
0.8011396
0.8863827
0.849446
0.9174956
0.9041832
0.9290056
0.92679423
0.84824467
0.6901106
0.89052606
0.8968651
0.8032594
0.91892934
0.9335538
0.43594542
0.8990873
0.9106721
0.90975237
0.93641955
0.9013834
0.94244367
0.88685465
0.71828043
0.89971966
0.9108987
0.7804145
0.97332793
0.85123503
0.93839425
0.47319302
0.8595822
0.65002155
0.7511589
0.8972143
0.86690617
0.8235228
0.8548709
0.86476845
0.95580447
0.86329687
0.88979656
0.91802037
0.89592195
0.90684307
0.9154078
0.79844564
0.8868522
0.8064983
0.88857293
0.9429099
0.9083133
0.8984643
0.82772505
0.7752899
0.8458398
0.88383704
0.8230172
0.87432605
0.8456135
0.7721556
0.6006762
0.94640917
0.771845
0.9225253
0.8067825
0.77152073
0.906827
0.95563716
0.97171414
0.899951
0.98616874
0.9250208
0.9690438
0.93953574
0.808882
0.8622396
0.8393528
0.90183234
0.88253236
0.7570013
0.8454749
0.94512445
0.68350965
0.9189495
0.90414226
0.8994445
0.9327417
0.6965127
0.89188427
0.9041411
0.8323035
0.9539314
0.9037115
0.87620467
0.9369854
0.91420734
0.6638667
0.84703636
0.8945907
0.8490155
0.97397226
0.69755036
0.55429447
0.9132063
0.84695
0.87079644
0.6554918
0.94629633
0.9721126
0.93248683
0.89153224
0.85757256
0.7861421
0.9010974
0.9566793
0.8936615
0.7059171
0.86329967
0.8732318
0.8280474
0.9194365
0.7584597
0.85565203
0.7620107
0.9332433
0.54037756
0.8077433
0.9519551
0.8859085
0.69269043
0.8438455
0.95558184
0.82089776
0.8546006
0.9483061
0.5640273
0.90693295
0.9569566
0.91101265
0.832473
0.80669624
0.7477846
0.92952704
0.81231475
0.8968668
0.7986308
0.9243532
0.97882503
0.9152858
0.95412415
0.8231968
0.84132004
0.868564
0.9316575
0.8629717
0.8083911
0.9039169
0.7191266
0.83249706
0.79736984
0.9151568
0.9428451
0.8720754
0.9630953
0.7138817
0.6742728
0.92886525
0.73055136
0.847505
0.8150165
0.96189296
0.850206
0.8598454
0.6450722
0.6984674
0.9723417
0.8478823
0.93648875
0.91377205
0.81966627
0.93889946
0.8875596
0.7464207
0.9399517
0.84626305
0.9072316
0.92029756
0.8676067
0.5802307
0.9633654
0.9101281
0.69463825
0.9322084
0.8783958
0.71493316
0.7752011
0.8999989
0.624504
0.76608616
0.9356802
0.60578966
0.86112905
0.8402911
0.89484084
0.9069187
0.8494328
0.97751194
0.82588714
0.9236811
0.91450745
0.68673915
0.89313984
0.94742423
0.75005245
0.67244554
0.98039865
0.95375687
0.93681735
0.577711
0.9187969
0.9397898
0.82130265
0.8213861
0.88619787
0.919771
0.8934251
0.667724
0.95020187
0.6439587
0.9258237
0.45796162
0.7718058
0.91828495
0.9134187
0.9397102
0.80504763
0.9568979
0.840564
0.59789616
0.9276549
0.87835085
0.3976286
0.9686085
0.8914964
0.9573755
0.96069276
0.88869745
0.9150297
0.91098064
0.80440766
0.8758841
0.92830867
0.9557419
0.7312925
0.7815262
0.97388726
0.95948064
0.94312656
0.83376336
0.97768795
0.88379526
0.9584436
0.83502734
0.90554273
0.7717974
0.92038643
0.8657998
0.9325801
0.9361328
0.82246125
0.50003004
0.9541505
0.86893624
0.9428419
0.8847615
0.81183857
0.8392423
0.8830048
0.95307106
0.8394629
0.8711214
0.8875011
0.81067944
0.76195216
0.97437024
0.78596306
0.92431337
0.7218813
0.76963615
0.8997311
0.8828264
0.8787637
0.8997524
0.81506795
0.8969083
0.89165425
0.8462107
0.80072737
0.8920932
0.9346545
0.9021004
0.9353941
0.83656365
0.8193896
0.8611758
0.77182186
0.8292316
0.8844398
0.8740114
0.9277607
0.6300845
0.8183378
0.85159194
0.91734016
0.9496083
0.8891947
0.70170337
0.80105025
0.8916867
0.9505646
0.78568804
0.95905364
0.9475433
0.91437966
0.848606
0.84862065
0.6847637
0.72389513
0.7479305
0.9350349
0.8414308
0.82500505
0.7546777
0.9034847
0.91210735
0.91191536
0.95976484
0.9621398
0.81008786
0.6421691
0.788996
0.9050825
0.8886299
0.7492225
0.9208618
0.95426685
0.50528187
0.63034356
0.7500706
0.88974303
0.87456995
0.86348414
0.9409253
0.4915997
0.72994584
0.9814471
0.47706378
0.9257067
0.86981183
0.918957
0.86984754
0.89181846
0.6959624
0.82179564
0.8858739
0.86072075
0.8105507
0.83075315
0.5775901
0.7382312
0.9510991
0.6402615
0.6953016
0.79359144
0.9548653
0.9127736
0.9046702
0.9783665
0.8299879
0.7250798
0.90141827
0.78949594
0.81249624
0.8400586
0.8705888
0.7911277
0.8564327
0.94393325
0.7808196
0.895667
0.8536054
0.85906124
0.924898
0.8261318
0.8604077
0.94673216
0.8635063
0.90550995
0.7026477
0.8496059
0.947989
0.9194214
0.89605886
0.89678717
0.9533136
0.8399922
0.9183633
0.6005713
0.6860528
0.9258255
0.9158715
0.90957093
0.9052923
0.9351632
0.8268987
0.91216695
0.80847394
0.71464884
0.83642685
0.95081246
0.76615137
0.9630606
0.67853254
0.83273196
0.84479755
0.92194027
0.90932477
0.9671902
0.9595586
0.87889206
0.9741851
0.8717795
0.8644641
0.7822602
0.839273
0.7761072
0.9563374
0.7492609
0.7966613
0.9160093
0.94650894
0.9561702
0.9295052
0.8617331
0.91996926
0.9551281
0.85906875
0.7787981
0.8457263
0.8978547
0.9530897
0.8306976
0.5553643
0.8529223
0.9540673
0.8232602
0.92018425
0.7676029
0.9556451
0.827351
0.9041437
0.8364527
0.6429089
0.93168145
0.8971595
0.80467105
0.9228152
0.9486022
0.9479461
0.7998438
0.89987254
0.6610695
0.54991126
0.808405
0.9632094
0.92803466
0.96759105
0.80389786
0.93019015
0.8205136
0.9301911
0.7826815
0.89411926
0.83270943
0.92634666
0.88577676
0.6798998
0.8886461
0.9101068
0.9781608
0.9550593
0.8977625
0.9008416
0.8201171
0.84217834
0.7453845
0.97794366
0.9321502
0.72555697
0.86525685
0.9623366
0.8409363
0.94033736
0.942533
0.94895303
0.5602303
0.8436159
0.7847556
0.7303786
0.7511749
0.93497294
0.9295863
0.787468
0.94072044
0.82246816
0.84863716
0.9253716
0.8405549
0.91537106
0.74668324
0.7547873
0.970919
0.7973707
0.8636903
0.7456411
0.80024093
0.80494916
0.84560174
0.9033467
0.9064263
0.90683466
0.9013907
0.59861666
0.83836025
0.96096486
0.8470129
0.9059462
0.6442554
0.9093317
0.9257983
0.76344943
0.8911643
0.75162023
0.83941466
0.8309433
0.8020295
0.87203455
0.85338753
0.9734353
0.7319881
0.9303693
0.8607198
0.7383154
0.9620845
0.88014704
0.8237508
0.91593486
0.83217144
0.9765048
0.899094
0.80331326
0.8795826
0.7093423
0.93895674
0.9030237
0.894547
0.95905936
0.94302547
0.48410252
0.83846927
0.81401676
0.76742136
0.91306436
0.8243561
0.83250374
0.965672
0.78286844
0.9150152
0.9350724
0.8618571
0.852562
0.8087995
0.92735696
0.96012133
0.94812065
0.7135219
0.9510468
0.97278017
0.87879175
0.9726728
0.7983754
0.8786909
0.9673859
0.8954994
0.8836416
0.7215419
0.9645921
0.9162353
0.7618892
0.95672286
0.7223227
0.9132935
0.67933273
0.7342418
0.8023176
0.89514077
0.88554716
0.8578902
0.83765286
0.79801905
0.7614936
0.964291
0.81600505
0.9302686
0.8315504
0.85649884
0.8291613
0.7966329
0.89071757
0.8832511
0.89666116
0.9132943
0.8764697
0.8606092
0.8012318
0.8253488
0.86234456
0.8799346
0.92470324
0.88339937
0.8067901
0.81599355
0.89215547
0.88129747
0.8227235
0.97859764
0.83499837
0.90256524
0.9557587
0.88195586
0.9362916
0.8224252
0.42004168
0.88660055
0.88247
0.8732264
0.79812545
0.83969384
0.7740579
0.8601403
0.9734842
0.9099543
0.88636404
0.9514112
0.8742205
0.93128
0.9395317
0.89254534
0.86484444
0.91157323
0.96077114
0.92212564
0.85372823
0.7890908
0.58762157
0.7364458
0.82259
0.75616926
0.75086343
0.93151605
0.75932294
0.90056646
0.93549484
0.8332617
0.74974054
0.9200443
0.85171294
0.7676632
0.68972665
0.91281515
0.9249207
0.9054609
0.978647
0.8093337
0.96512324
0.9053941
0.9386691
0.9360642
0.76124084
0.72906893
0.60266554
0.95536965
0.83451664
0.81762064
0.912469
0.77666754
0.77591574
0.94347453
0.8898479
0.82079256
0.91128683
0.9054607
0.76585567
0.806257
0.83795315
0.9246487
0.6968193
0.94886005
0.9722935
0.8604482
0.8778467
0.88770425
0.92084074
0.92895484
0.87837994
0.86507726
0.6831343
0.83085525
0.9651607
0.6844449
0.7857418
0.8669029
0.9132265
0.82749766
0.96028566
0.8886543
0.9357746
0.9217237
0.80372316
0.8783062
0.9280288
0.9290159
0.8381781
0.6886863
0.9461439
0.84827346
0.9732312
0.7926566
0.92642194
0.8296289
0.80279255
0.83101153
0.8113097
0.8470617
0.968581
0.8426839
0.6610079
0.7296568
0.9661646
0.8293782
0.927036
0.6944505
0.97532344
0.9515135
0.9292499
0.9490559
0.9571934
0.9631947
0.85656816
0.95358634
0.86214745
0.5817442
0.87014097
0.95495987
0.9354645
0.94062877
0.8371782
0.8136235
0.7905344
0.8596039
0.799649
0.8869869
0.90393573
0.91116583
0.8890532
0.83691233
0.88720715
0.8797889
0.86151063
0.7844736
0.9384717
0.79834795
0.82562613
0.85089064
0.8932892
0.61313826
0.8106543
0.8948122
0.7043618
0.75610304
0.597838
0.8396031
0.85338414
0.852891
0.8404393
0.8812703
0.91624
0.9551971
0.8513028
0.85557276
0.86461776
0.9556184
0.97608805
0.8477732
0.9500973
0.9533215
0.8411522
0.95349795
0.93523717
0.8780724
0.9626148
0.61666065
0.9429401
0.8984936
0.8182263
0.9268529
0.90944797
0.8599288
0.8807621
0.7114691
0.86980206
0.9596397
0.89045244
0.74722
0.965839
0.8120306
0.8351429
0.74600065
0.9105598
0.8575208
0.8080276
0.9564421
0.93638706
0.76630473
0.88169694
0.9072072
0.92369276
0.9616612
0.9189335
0.8531468
0.71167505
0.9238659
0.6872485
0.9183441
0.9806608
0.7045591
0.95453835
0.9294648
0.8721006
0.91944325
0.89200854
0.7406101
0.8611437
0.73646796
0.9213769
0.9360478
0.84410083
0.9273861
0.7137413
0.97452426
0.9616854
0.78084964
0.8996351
0.85600847
0.88751954
0.89749086
0.9236779
0.7516439
0.7804863
0.95652884
0.7597252
0.9490933
0.9333881
0.9150181
0.91228485
0.923426
0.9345037
0.96070045
0.9171706
0.6668442
0.89950156
0.5591858
0.95798063
0.9206231
0.8985373
0.9168325
0.9719848
0.88695574
0.7013929
0.78227514
0.91500443
0.6257698
0.67176384
0.96882683
0.8713668
0.83915937
0.79841757
0.7691522
0.8508172
0.8659894
0.89246
0.87562126
0.64589727
0.917584
0.8105319
0.45002875
0.5924144
0.9437251
0.845076
0.78560346
0.6735842
0.9117587
0.9291458
0.9474397
0.8214251
0.9406499
0.928899
0.7655984
0.9138496
0.82426524
0.9250229
0.87379557
0.85898507
0.8136614
0.9757979
0.884958
0.8819289
0.87004834
0.85567236
0.8708963
0.8937848
0.9398263
0.5432642
0.8481057
0.8785048
0.85424334
0.8603335
0.81737494
0.8702618
0.8528486
0.538515
0.9323689
0.9541191
0.8494465
0.7439414
0.9721116
0.7634394
0.7758164
0.96760225
0.7898084
0.9297543
0.8866706
0.9150168
0.834359
0.8590256
0.84447396
0.92985994
0.8889811
0.87239885
0.9605666
0.3471694
0.7443649
0.92365885
0.79178697
0.9481187
0.81181574
0.79805815
0.82409763
0.85851973
0.9251573
0.93689233
0.8270146
0.81278455
0.84154785
0.8825288
0.872942
0.91847557
0.84159327
0.9750222
0.8625543
0.88150257
0.92307955
0.9506325
0.8229595
0.80344915
0.9594281
0.9205394
0.699989
0.51645964
0.8549227
0.8244459
0.89092994
0.86948025
0.79273397
0.953582
0.9281515
0.7013605
0.8915386
0.6967959
0.7575613
0.77031976
0.877992
0.95854026
0.6875419
0.90165544
0.7549549
0.33632457
0.81161016
0.759457
0.8593739
0.71387106
0.923807
0.84609634
0.64623666
0.79520774
0.9104534
0.70632577
0.88679075
0.814782
0.8156329
0.8291475
0.88829005
0.9220202
0.87745994
0.8176554
0.82069206
0.8278181
0.6612433
0.8057995
0.7381832
0.69280696
0.9380532
0.9466134
0.8555289
0.93886673
0.4867525
0.92936814
0.8153022
0.9227996
0.8535626
0.9707167
0.745136
0.90916264
0.432114
0.8681757
0.73580647
0.68493044
0.88422
0.755039
0.8956189
0.9680332
0.7888443
0.97395456
0.5563425
0.84372693
0.9725892
0.86543846
0.884638
0.85822827
0.85364646
0.83511066
0.8401279
0.9535045
0.94761336
0.880977
0.96723825
0.8230611
0.96720564
0.98058575
0.5804085
0.9248622
0.83543056
0.9504505
0.7392826
0.70493436
0.94304156
0.9761711
0.944842
0.866965
0.85763276
0.8406938
0.8966751
0.9684738
0.8658592
0.90059215
0.8020476
0.8868139
0.76958627
0.9057683
0.8835285
0.7624838
0.89941275
0.95645165
0.8476553
0.963215
0.95999277
0.9105654
0.82816327
0.8863156
0.95374775
0.7516037
0.9118263
0.18014765
0.80975294
0.8700151
0.85394615
0.8352597
0.8356778
0.83304536
0.8525611
0.8674229
0.7435763
0.8069084
0.9301605
0.8726982
0.95315677
0.9261029
0.83375686
0.9316633
0.9223825
0.9586573
0.9221722
0.9186926
0.8366799
0.87410253
0.98143524
0.887492
0.7741237
0.95486355
0.8697394
0.8612391
0.9361971
0.922953
0.82543105
0.90237325
0.92294407
0.85323125
0.8323216
0.8615529
0.8934681
0.9232286
0.6554259
0.9082126
0.84916407
0.808301
0.9541273
0.96380913
0.77821153
0.69957364
0.937872
0.86054677
0.76642466
0.67731243
0.8487607
0.91668916
0.9185964
0.86205083
0.78020895
0.76315594
0.8520848
0.89866054
0.7664295
0.5756374
0.8101424
0.7315313
0.9043064
0.8309556
0.8252246
0.7645136
0.8714329
0.8166662
0.8168494
0.87541014
0.9602244
0.8902628
0.7676608
0.883824
0.86431557
0.7665271
0.8422795
0.7247052
0.6441395
0.7996372
0.9384322
0.9381881
0.74644613
0.94247764
0.77904445
0.7853783
0.86155427
0.9286277
0.8228505
0.9088346
0.86302006
0.79339933
0.81738037
0.942999
0.9247717
0.8300676
0.8898753
0.8288957
0.94238764
0.91122645
0.9782889
0.93878746
0.8876115
0.7733388
0.81807566
0.865845
0.92040014
0.930312
0.78653556
0.9313282
0.7510158
0.89576495
0.7463764
0.6015716
0.90929943
0.6460476
0.7801392
0.8512417
0.849355
0.8365035
0.8574851
0.8524016
0.92273134
0.848748
0.7130506
0.9306171
0.8982669
0.9825874
0.8807691
0.7638485
0.8134179
0.9417888
0.9804062
0.86456525
0.8837856
0.9123959
0.9455035
0.8395022
0.86872655
0.9108379
0.9368094
0.8029376
0.95427525
0.941941
0.9243862
0.97324467
0.82985294
0.73552984
0.92559755
0.8518549
0.9300681
0.73551846
0.7793654
0.93672687
0.91273004
0.90326214
0.8974185
0.9384093
0.8841344
0.9266879
0.7951014
0.94468945
0.9673829
0.9792064
0.7508571
0.9684088
0.8081344
0.72296095
0.9625143
0.90586734
0.9792355
0.87621784
0.57750547
0.81853175
0.8772323
0.90080094
0.9531934
0.8653159
0.86025685
0.9269787
0.7324152
0.87119436
0.89121145
0.83845997
0.81013274
0.9450262
0.926074
0.92332006
0.9635616
0.82750976
0.8559847
0.81498444
0.86616296
0.95903224
0.83140206
0.94638956
0.9138553
0.8756509
0.962104
0.52227074
0.64350474
0.9159957
0.42806914
0.9409158
0.9444727
0.9062637
0.96285033
0.74348617
0.8581357
0.8600499
0.96370304
0.914846
0.80758214
0.8404772
0.7875743
0.8373973
0.85675526
0.69667554
0.8413699
0.49610576
0.92276525
0.7683989
0.78973395
0.7198031
0.7603494
0.8533543
0.86746466
0.8083459
0.82703197
0.8858799
0.91725516
0.90369576
0.7245817
0.76444525
0.9665073
0.7186479
0.95452404
0.90137714
0.9522589
0.80906916
0.823631
0.6836992
0.89730626
0.87752193
0.86247414
0.89854956
0.87092566
0.7242273
0.8471099
0.9803697
0.8686881
0.5800802
0.96795356
0.86141443
0.8371922
0.7704875
0.90334624
0.76381767
0.78460175
0.9375262
0.7629368
0.9265461
0.80763763
0.9221886
0.8327319
0.81431824
0.8583272
0.75401974
0.93202084
0.86033225
0.913889
0.84932923
0.87374055
0.87325853
0.7251992
0.75996923
0.82294613
0.96667737
0.95778763
0.97135425
0.8032849
0.80438656
0.9046983
0.74898094
0.9620323
0.97318256
0.9092698
0.86252844
0.80735797
0.92180073
0.6041456
0.8752213
0.8459987
0.9501771
0.89854306
0.95683926
0.8522831
0.7238908
0.9593288
0.7671464
0.93923545
0.75500786
0.9199656
0.892107
0.9399879
0.42420143
0.97983396
0.77854097
0.81016535
0.9449012
0.8209108
0.8319255
0.9123671
0.828316
0.9539765
0.90383923
0.94290555
0.9414197
0.86314124
0.8423297
0.7814537
0.67744505
0.9011897
0.95452124
0.9337128
0.93834347
0.78242695
0.9574524
0.96126807
0.93221
0.9259908
0.81621253
0.96927226
0.82968146
0.8975719
0.7543658
0.7704228
0.7872727
0.8690964
0.8506354
0.880114
0.91713303
0.9860941
0.8731794
0.89428204
0.8821583
0.95321304
0.89740455
0.9192703
0.9463641
0.857711
0.8983328
0.88013464
0.91311586
0.96070886
0.77258915
0.9451157
0.8236389
0.90976715
0.94842994
0.76528555
0.9503062
0.91230595
0.90112793
0.9366512
0.6981494
0.9292866
0.79876393
0.96243984
0.85803056
0.9636053
0.82577366
0.9357872
0.8814485
0.8072625
0.8543795
0.88695246
0.68539774
0.8075649
0.801438
0.9045485
0.792967
0.96224153
0.760961
0.9583764
0.9132843
0.83480644
0.7442022
0.89713717
0.7824914
0.9385748
0.6927466
0.93921256
0.9478204
0.9450592
0.8858458
0.5848699
0.8026595
0.818254
0.9448935
0.9017155
0.8209831
0.7921186
0.94968903
0.85299194
0.9584711
0.8752137
0.90240294
0.83886874
0.97308564
0.8306698
0.74293655
0.8959656
0.97103924
0.86206913
0.8303506
0.80529994
0.94476074
0.9561383
0.9355197
0.9126571
0.83131456
0.919544
0.83785224
0.90149534
0.8362757
0.65196633
0.62257975
0.857337
0.7687744
0.92860514
0.9329201
0.90925455
0.95327806
0.82895637
0.937253
0.90526783
0.9161501
0.7295842
0.85090053
0.84998083
0.7179572
0.67349917
0.91975296
0.80661815
0.92155826
0.8950026
0.8368186
0.75911677
0.91525435
0.9626187
0.8670996
0.8710719
0.9741092
0.9321989
0.8570931
0.82756215
0.86382663
0.88167816
0.9326127
0.94754344
0.8492869
0.8119389
0.7986547
0.7056639
0.7911968
0.9121093
0.84381926
0.9227815
0.632675
0.7402419
0.82774043
0.72379094
0.6903761
0.76586753
0.7071116
0.87708366
0.646845
0.868296
0.8773736
0.82200164
0.74517
0.76051533
0.90277356
0.9271023
0.94073474
0.7891212
0.96548647
0.8602427
0.8477243
0.74169374
0.87962574
0.8209117
0.67695093
0.8199738
0.95497066
0.85780954
0.8282169
0.91004246
0.7936269
0.76395446
0.6407444
0.860842
0.74283487
0.90483344
0.5696927
0.8608726
0.8539594
0.9041665
0.9546185
0.9030012
0.8378563
0.94915694
0.8741448
0.87433743
0.95865494
0.66689324
0.9115635
0.79859614
0.84774625
0.8005406
0.7475735
0.9504336
0.9588675
0.9344871
0.4993931
0.8467363
0.9480172
0.9783197
0.95527
0.9211015
0.94182956
0.9279487
0.8697334
0.9033623
0.6783773
0.9040138
0.90327173
0.89959365
0.9173966
0.64425856
0.942261
0.84935194
0.7722274
0.7011497
0.610424
0.7808622
0.91187024
0.75953925
0.89702404
0.7372405
0.7010843
0.9212771
0.8867931
0.9320085
0.8971065
0.7868333
0.9213282
0.92583656
0.90010446
0.9374309
0.7642912
0.8827291
0.903617
0.9006661
0.8100859
0.97347033
0.77278686
0.93336976
0.9125605
0.7360568
0.6716846
0.922511
0.6258259
0.7387169
0.4884564
0.82755834
0.95238286
0.8897192
0.9174969
0.7678894
0.93897533
0.9214924
0.9222039
0.9140263
0.92425865
0.93816733
0.92889285
0.8583021
0.7449877
0.9197404
0.75769573
0.8948433
0.82281506
0.8970001
0.9219049
0.89636517
0.84252465
0.78309464
0.7902354
0.94216776
0.92227036
0.7645595
0.8940172
0.8940091
0.9229388
0.72954834
0.8823242
0.907566
0.9630675
0.8515981
0.94255877
0.8793367
0.89130384
0.8459909
0.89618367
0.87256324
0.9326062
0.7771344
0.86474
0.6762378
0.92658824
0.77742386
0.91221404
0.76087904
0.87434065
0.6221964
0.9633727
0.8975551
0.89743674
0.92225987
0.5960398
0.87029415
0.8535065
0.91791296
0.87556106
0.8547157
0.7889989
0.7116526
0.92838866
0.66876274
0.7832977
0.86787254
0.8078229
0.7846887
0.89465743
0.9481393
0.8553406
0.78436977
0.6690494
0.78830326
0.9232702
0.65185535
0.7748796
0.8278614
0.9016232
0.93964005
0.8787413
0.81504136
0.96623003
0.96071595
0.85251415
0.7830561
0.97451454
0.9026852
0.9106979
0.8243867
0.62705266
0.93958575
0.7566058
0.9394309
0.9109877
0.928786
0.92882466
0.8232606
0.95572644
0.9479815
0.7147067
0.8506543
0.85028905
0.80695724
0.8329675
0.93102545
0.9146119
0.927125
0.9477612
0.84475225
0.8397576
0.923761
0.98318994
0.915309
0.8499756
0.78034693
0.97960997
0.9087882
0.95284617
0.7744735
0.7756783
0.93146485
0.9187787
0.88176763
0.86042404
0.920716
0.9738303
0.7667741
0.7633326
0.894266
0.8370534
0.93457943
0.9337277
0.9078444
0.8971885
0.94751155
0.95471734
0.7996613
0.8361578
0.89477533
0.7557336
0.78058255
0.8969211
0.74820673
0.93905723
0.9384481
0.88247645
0.9055141
0.81263274
0.94470596
0.8967315
0.9543295
0.782501
0.888096
0.8769099
0.72778344
0.4873743
0.8416932
0.94919246
0.8870571
0.94198126
0.91122115
0.919283
0.92594546
0.9444125
0.65065444
0.4520628
0.93386024
0.90488094
0.71882665
0.97063804
0.9524008
0.72049963
0.8364425
0.6898614
0.7715248
0.9475777
0.9515791
0.7589062
0.66259277
0.70499647
0.74514514
0.97279716
0.8456471
0.9763938
0.8473225
0.9213061
0.7680408
0.93463624
0.91740245
0.98324025
0.85826594
0.8029665
0.8831838
0.74283665
0.96820873
0.79182947
0.83089197
0.7782461
0.92347455
0.9297262
0.9654155
0.7561403
0.8150946
0.89554954
0.7413628
0.72169715
0.8105774
0.7947307
0.97099113
0.82094556
0.8220763
0.75594175
0.8799517
0.93945765
0.89761066
0.9630461
0.71421427
0.5334689
0.9344846
0.9596709
0.92987114
0.8228409
0.9003204
0.52979696
0.94067454
0.8171951
0.9296266
0.8424551
0.95779836
0.81037086
0.80241525
0.8619001
0.95363677
0.9661668
0.9141029
0.8295461
0.85665756
0.96068186
0.76594853
0.9038774
0.89779294
0.97396886
0.62285674
0.7531893
0.81569207
0.86568457
0.95342314
0.8409567
0.9693842
0.8264001
0.96248233
0.9702053
0.8475639
0.9478636
0.86292434
0.9449173
0.8083484
0.8525101
0.843855
0.8767903
0.924531
0.9026794
0.7590761
0.790755
0.9034172
0.81644756
0.8269899
0.954534
0.8856778
0.828766
0.76896536
0.9689262
0.76600343
0.7474109
0.86391824
0.76455206
0.94362116
0.84077275
0.8789185
0.7943895
0.8990023
0.690427
0.8468768
0.8136442
0.9268929
0.5455668
0.8129985
0.86371773
0.745064
0.8949735
0.9460264
0.66479224
0.81690454
0.9515664
0.79490334
0.86814094
0.9038906
0.86695397
0.69863355
0.92642874
0.7737888
0.7239201
0.91685086
0.9435064
0.8323764
0.8419694
0.64642453
0.85117227
0.5879002
0.65760434
0.86132884
0.88674074
0.92496693
0.85691744
0.97729605
0.8919784
0.915511
0.9321706
0.92840683
0.8302967
0.95612425
0.9336401
0.8124082
0.7214346
0.92044735
0.8750028
0.9180099
0.8548491
0.8458525
0.96622765
0.899335
0.9311746
0.85621244
0.90515417
0.7700212
0.8964473
0.8744523
0.8068486
0.8629832
0.83571136
0.74051565
0.8887106
0.85281
0.9435167
0.8030922
0.8978007
0.88795877
0.96172255
0.7286659
0.9032772
0.8467634
0.85412705
0.74300903
0.8687607
0.7532429
0.8925972
0.87290925
0.907728
0.9186965
0.9220634
0.82719284
0.7722092
0.9157976
0.89288634
0.8700527
0.736737
0.8404716
0.85939956
0.9684096
0.9678656
0.72164017
0.69478285
0.73083717
0.88967526
0.9339728
0.97373027
0.8987329
0.8633277
0.746541
0.91517997
0.8640295
0.8095077
0.8141733
0.8860874
0.7143511
0.91417825
0.93718493
0.948658
0.8689209
0.92376643
0.91742027
0.8440518
0.81704175
0.9822913
0.8939643
0.73274684
0.89067477
0.642396
0.7325132
0.8582835
0.91949356
0.87035483
0.7962462
0.8337686
0.8741362
0.88592935
0.929072
0.8008799
0.9416456
0.743432
0.7997215
0.9323896
0.8694799
0.71556294
0.7209698
0.91371894
0.7956662
0.8590317
0.82768136
0.7589892
0.86735237
0.9413403
0.8890744
0.78009367
0.8174063
0.9752273
0.9033043
0.98073965
0.8763675
0.95974904
0.874338
0.8896058
0.807756
0.8998349
0.9748299
0.8808309
0.7897232
0.92259
0.7920412
0.90313053
0.92311895
0.7505066
0.778263
0.91047454
0.7410186
0.90641004
0.85686517
0.86517376
0.8101584
0.8961839
0.8490255
0.917714
0.9024016
0.9420424
0.8586693
0.9529544
0.8400931
0.7235167
0.78328913
0.69862866
0.963144
0.87829584
0.92969954
0.9150572
0.69216174
0.89373976
0.91970605
0.9290034
0.7885746
0.8871607
0.9167048
0.9479332
0.771049
0.7398686
0.8579414
0.9462237
0.78591514
0.869151
0.91413397
0.8790525
0.74679387
0.9633213
0.95299566
0.95499116
0.8462747
0.77300245
0.82812613
0.94377005
0.7031124
0.8820919
0.880152
0.94850576
0.8903915
0.95500934
0.8200767
0.89115554
0.6159476
0.8312044
0.5522401
0.8687715
0.8393299
0.86339694
0.8588501
0.7099084
0.87067074
0.9114962
0.81123024
0.5272514
0.681794
0.75943005
0.81274766
0.79922104
0.6657468
0.9438465
0.9243208
0.90812093
0.80652374
0.85786307
0.8758387
0.85628814
0.8639612
0.8912317
0.75237435
0.8478135
0.70966005
0.9238722
0.90386593
0.9143594
0.9724004
0.96271527
0.8408951
0.765123
0.8245908
0.9366186
0.84607095
0.88492626
0.94011474
0.79148245
0.82663345
0.9529793
0.94636166
0.8368038
0.5585677
0.9288486
0.94619465
0.9012494
0.969959
0.894842
0.88691175
0.8652531
0.7600393
0.9266254
0.9634814
0.8697285
0.89997816
0.92274046
0.93570006
0.94376737
0.8736861
0.86227095
0.9020729
0.44796208
0.90676516
0.86444736
0.91718835
0.92943805
0.9295409
0.8930328
0.529505
0.8088405
0.8080231
0.940015
0.6805348
0.89853203
0.81384116
0.9117907
0.8711429
0.9116347
0.8791109
0.8024651
0.8003355
0.91855764
0.8242153
0.87816477
0.8166253
0.9513938
0.9626378
0.94857574
0.8171927
0.83594644
0.86027765
0.9547852
0.9379508
0.78798115
0.9615177
0.88389945
0.8940651
0.88925284
0.8733638
0.8716624
0.9512618
0.8976333
0.95160526
0.7209042
0.9489465
0.9427956
0.84238505
0.8314884
0.7849252
0.8788762
0.9605103
0.8607443
0.8585459
0.8396965
0.92965007
0.94422066
0.84242785
0.34124285
0.8747216
0.9312801
0.7451323
0.76270676
0.77001286
0.9295396
0.9277885
0.8793957
0.9139589
0.897018
0.92012584
0.93094337
0.9735473
0.92069185
0.7377827
0.8802529
0.91611
0.9205867
0.9236779
0.77857965
0.9616128
0.70097435
0.9259545
0.650378
0.8299809
0.9049247
0.81835127
0.89038455
0.7766932
0.9796312
0.9040421
0.9410161
0.86901456
0.9670392
0.80148005
0.964519
0.89142805
0.6939135
0.9004711
0.9436731
0.8136884
0.41658828
0.92430663
0.7462948
0.8732368
0.47433543
0.86943734
0.88252664
0.91973567
0.89328426
0.92180985
0.84749144
0.93737453
0.62733126
0.7900753
0.7978758
0.72848684
0.91177434
0.89866865
0.91716135
0.85160524
0.6295529
0.93884087
0.7548015
0.87391996
0.7736324
0.8772275
0.9305098
0.89710104
0.6638912
0.9729949
0.9084708
0.88839895
0.91095924
0.83515143
0.7759353
0.94815737
0.7883512
0.8781218
0.92205745
0.9209158
0.9641993
0.754248
0.8232785
0.91533905
0.93058336
0.9138469
0.92284006
0.9015593
0.76402473
0.85984874
0.87092155
0.8526225
0.8189249
0.7580633
0.86743397
0.889513
0.9304187
0.88255787
0.7787854
0.7698535
0.8463196
0.8872588
0.79981947
0.8365279
0.9797511
0.81365335
0.9800231
0.7310507
0.8194628
0.9131929
0.841245
0.90000397
0.8129816
0.78505826
0.8036168
0.8588782
0.8881081
0.6960423
0.9521984
0.9725424
0.8397159
0.7374078
0.84713143
0.92896515
0.883836
0.88234603
0.8996225
0.7325709
0.96634465
0.8510783
0.84727937
0.93939745
0.976327
0.9457587
0.7988135
0.872488
0.47148502
0.9005969
0.94330174
0.50369966
0.8675909
0.8459289
0.8678472
0.77347445
0.87486744
0.6908188
0.9310257
0.93388957
0.8358865
0.7491355
0.7694166
0.85811687
0.9342644
0.75920904
0.9181267
0.90659946
0.98665607
0.85558474
0.9725146
0.7725458
0.66240466
0.87792665
0.64495534
0.96110356
0.8966587
0.91211694
0.82834196
0.84263545
0.83979565
0.7782394
0.8181522
0.9265884
0.78415626
0.9192288
0.7877829
0.9503874
0.8192582
0.8238743
0.8502621
0.80034965
0.88269335
0.73483515
0.77781564
0.84683746
0.82612836
0.88021576
0.7310553
0.920031
0.8178116
0.8966081
0.66492283
0.9546802
0.9133323
0.8754861
0.9697445
0.81810266
0.75553584
0.9403788
0.7134995
0.71271265
0.8904934
0.8318604
0.84837407
0.829594
0.7088152
0.74066633
0.9504384
0.838644
0.84998333
0.9491041
0.75041914
0.92963165
0.78354406
0.7660644
0.7085295
0.92504084
0.93466884
0.82628965
0.75035805
0.97811973
0.7816695
0.86409485
0.8335103
0.803352
0.95555073
0.91721284
0.9363061
0.8141384
0.96081316
0.828771
0.8096308
0.9103588
0.9583991
0.8537516
0.9192103
0.6484832
0.68772686
0.81236404
0.95159566
0.8001501
0.9130071
0.61355317
0.9183283
0.7728748
0.95478785
0.85205793
0.92145306
0.91163164
0.7819595
0.8211731
0.90609115
0.889307
0.95665467
0.74444234
0.81669986
0.8831087
0.8468859
0.9007581
0.7872628
0.790367
0.851278
0.63625914
0.84735537
0.92730665
0.9535219
0.9668006
0.9566079
0.6270418
0.93267924
0.9032611
0.8791328
0.83113396
0.8094935
0.96185935
0.95224786
0.88469595
0.8912741
0.91420436
0.982471
0.9537355
0.86159945
0.89773035
0.9348397
0.96521014
0.97157484
0.9126538
0.8703391
0.79971206
0.96538633
0.9273978
0.77316594
0.9338227
0.95648193
0.9430969
0.91771096
0.94352084
0.7091787
0.9024321
0.96591103
0.94201523
0.9204138
0.96806645
0.9471444
0.9497387
0.91305524
0.829014
0.9513324
0.5565046
0.67440367
0.77297
0.83314896
0.8760766
0.87480426
0.8502487
0.8674765
0.936875
0.2640224
0.93375754
0.94460046
0.76200545
0.88950527
0.69912195
0.73360515
0.92104566
0.98151404
0.82879996
0.8258642
0.65049064
0.84210616
0.878471
0.57037455
0.9631555
0.88136667
0.9508592
0.8668655
0.7261092
0.78541696
0.9676805
0.95109165
0.83225805
0.88676983
0.7312976
0.57584316
0.89100933
0.8941812
0.9231123
0.86129755
0.7788933
0.8783243
0.8668347
0.8891183
0.9272795
0.93421173
0.848764
0.8852169
0.8978872
0.97486675
0.9172182
0.8939178
0.77629817
0.86883086
0.85801697
0.8814977
0.8960452
0.8790817
0.83482456
0.84983563
0.9097153
0.90096474
0.71914554
0.70589805
0.9172535
0.4581733
0.6277637
0.8680457
0.88946605
0.97410685
0.7984265
0.93257684
0.9084704
0.90727895
0.92066586
0.946866
0.94114846
0.96158075
0.82561064
0.97087526
0.94715476
0.8533958
0.8890885
0.9217768
0.9673873
0.8922264
0.8157699
0.91210747
0.81637394
0.8860103
0.82759416
0.89678836
0.8745317
0.82071286
0.7915159
0.85172826
0.9294402
0.85185266
0.7488743
0.8243508
0.71429956
0.93973213
0.9151629
0.95235455
0.9656285
0.9127476
0.71346396
0.90510064
0.89127845
0.8090122
0.45686704
0.93746644
0.8136634
0.58457315
0.6564014
0.8142953
0.9157727
0.6834353
0.9519415
0.88330156
0.63865083
0.8512906
0.6919092
0.92696995
0.8219011
0.85779715
0.7745425
0.94418347
0.7176837
0.61348903
0.9731279
0.86679465
0.93426526
0.9091507
0.8699603
0.79361695
0.94400024
0.92665285
0.7956556
0.9766636
0.83378273
0.86880386
0.8768542
0.9632882
0.89181864
0.88599616
0.7477081
0.8808018
0.9636676
0.9053513
0.519711
0.84760475
0.8421111
0.655658
0.7406809
0.9158331
0.93327475
0.8355999
0.876274
0.94792575
0.89810103
0.95261467
0.8763238
0.88740724
0.803772
0.8773227
0.9184672
0.7963225
0.9289198
0.80019826
0.9486513
0.9277875
0.83124405
0.7850093
0.95124197
0.8598191
0.66764313
0.87129414
0.9162356
0.90894705
0.9267351
0.8750875
0.88866854
0.9475043
0.9320172
0.8758913
0.9151683
0.9165024
0.96658105
0.89380974
0.8937777
0.77639925
0.9239446
0.95876884
0.80632305
0.9307398
0.6461882
0.90772164
0.86780894
0.77676076
0.8652903
0.9566087
0.96653736
0.80902743
0.9208266
0.90231687
0.8023639
0.7838805
0.74302286
0.909042
0.7252589
0.89544165
0.90832627
0.9045019
0.59619355
0.86613566
0.9162513
0.7390981
0.78337127
0.850711
0.9144632
0.88445055
0.9189334
0.7627949
0.8444039
0.7834428
0.8622582
0.7208194
0.73069996
0.5496586
0.805533
0.88746893
0.93714595
0.8222899
0.73873633
0.80879414
0.8851158
0.95592856
0.8915456
0.874887
0.96970296
0.9560864
0.81751513
0.8921662
0.732662
0.94916195
0.92564493
0.9152126
0.6960197
0.53901374
0.90065694
0.7896951
0.88234055
0.9390597
0.8891482
0.83771217
0.80145645
0.8741766
0.8659079
0.66670144
0.71555966
0.92535967
0.957846
0.90852326
0.90751994
0.8030281
0.7606153
0.92150646
0.79203445
0.81683755
0.92456436
0.92303884
0.7702595
0.923504
0.8817889
0.86481786
0.8342912
0.94438034
0.83098745
0.8964767
0.9186356
0.8211256
0.72097963
0.9479893
0.8612051
0.8121569
0.8870466
0.7324884
0.7598884
0.93363076
0.7065007
0.77139485
0.897372
0.75274146
0.81650484
0.8474213
0.9603143
0.86877126
0.7260856
0.86506563
0.90687484
0.8238683
0.84394205
0.808044
0.9512471
0.9512186
0.94964445
0.9636795
0.95923394
0.903884
0.928051
0.62213755
0.63693917
0.87096065
0.88929707
0.91241366
0.85333157
0.74356043
0.8007163
0.7141707
0.929699
0.8007897
0.91052973
0.8755822
0.93037814
0.68003654
0.65775955
0.73905706
0.83782893
0.86210865
0.96796095
0.9653063
0.7233303
0.8606738
0.85630584
0.87555444
0.885224
0.9025302
0.9111371
0.8836185
0.8990293
0.95009583
0.9115186
0.8718107
0.9313598
0.83398736
0.7656854
0.9373049
0.86050767
0.8157699
0.87549525
0.94640744
0.7016164
0.96330047
0.8085381
0.9790578
0.8296312
0.95222986
0.7707686
0.9194457
0.79930896
0.6762005
0.7073823
0.9563969
0.83723253
0.935472
0.7092722
0.6704918
0.85588944
0.62024045
0.9154563
0.8603681
0.84002894
0.87372917
0.89413464
0.67516774
0.9761068
0.7293867
0.7695306
0.8176874
0.70360476
0.8648292
0.9436742
0.8471482
0.9358376
0.9062693
0.8697133
0.94523233
0.819933
0.94983643
0.7143787
0.66409224
0.8282739
0.77583975
0.7544972
0.9340055
0.76003057
0.9485778
0.83527774
0.96864104
0.93968666
0.6775292
0.84413075
0.71906185
0.8277367
0.8519276
0.9320507
0.7341155
0.9440741
0.92559534
0.83638215
0.6347834
0.56367636
0.9639524
0.70822614
0.8759868
0.9551418
0.9535833
0.7576254
0.90291846
0.92464936
0.8958443
0.82164365
0.85922784
0.92520624
0.91218436
0.8823711
0.94990766
0.8590858
0.79851073
0.8734338
0.9350633
0.845115
0.76739955
0.8258561
0.8042006
0.83983326
0.749779
0.7403733
0.79428476
0.8629429
0.8564964
0.9236828
0.6219428
0.9452497
0.8757425
0.8132264
0.9191945
0.80553454
0.55307853
0.73126537
0.9483072
0.94087934
0.9145957
0.6532462
0.94140875
0.760731
0.96338284
0.94431853
0.9655635
0.86977386
0.914613
0.8023521
0.860764
0.7981639
0.9697948
0.6610131
0.94284177
0.695494
0.95033437
0.8386531
0.8744576
0.8564348
0.5640558
0.8790192
0.9281614
0.9152847
0.83713377
0.7630656
0.66423565
0.58920467
0.91433084
0.89809495
0.94665134
0.7238473
0.9674459
0.97262645
0.9496483
0.76417685
0.8972175
0.7743504
0.62913316
0.7881564
0.95826685
0.74444216
0.98383117
0.8413079
0.91972154
0.8473165
0.87005115
0.8483738
0.95014787
0.92474616
0.92593646
0.86090845
0.85729456
0.9319119
0.9590403
0.8487163
0.77062154
0.86670685
0.81117475
0.8840447
0.9577216
0.64528996
0.93799365
0.7938316
0.9575863
0.9594659
0.79773366
0.8565508
0.8836514
0.9487602
0.8900946
0.58112574
0.7832047
0.8109565
0.7671367
0.8730973
0.98377705
0.96945405
0.79940796
0.97034013
0.935912
0.89083165
0.8409898
0.7869822
0.765685
0.81745756
0.8356563
0.5378908
0.9552103
0.9146684
0.78552526
0.90151095
0.4764254
0.861817
0.8806217
0.86475134
0.93667495
0.9297884
0.82299274
0.397129
0.9178564
0.80699813
0.8241994
0.9625624
0.9015043
0.95288503
0.81736577
0.7882807
0.9796299
0.7593323
0.9659743
0.7806104
0.878428
0.9310012
0.9438269
0.8966501
0.76173747
0.7755009
0.8431351
0.88682187
0.7561066
0.85529566
0.762576
0.6899049
0.70366293
0.6061416
0.6299279
0.8991227
0.85064805
0.84806156
0.95488447
0.9607488
0.7744203
0.6915708
0.82649475
0.94651395
0.7144437
0.9504402
0.92137927
0.94334257
0.8293265
0.9493777
0.73396194
0.7967402
0.8478749
0.89252603
0.9213647
0.7932867
0.8913298
0.9013993
0.86422986
0.7762083
0.9448956
0.8738334
0.9773526
0.96635264
0.72348577
0.56252134
0.8776384
0.8067405
0.84539515
0.8495063
0.70602924
0.71601826
0.6186358
0.8971216
0.9300477
0.6725551
0.78383744
0.89361286
0.7667643
0.85316634
0.9381652
0.908401
0.88534224
0.86362123
0.81346875
0.8921553
0.8985964
0.8356557
0.7485762
0.85610765
0.852324
0.8994004
0.91501343
0.74773395
0.88247246
0.8993505
0.8751629
0.9381477
0.974491
0.85081905
0.952242
0.88692635
0.88994503
0.718675
0.8339241
0.8346019
0.8925958
0.6491215
0.9616498
0.9313674
0.92987084
0.88653976
0.80340195
0.7256115
0.821359
0.82290787
0.8755789
0.9859829
0.61624
0.9530016
0.9150778
0.9124964
0.9355082
0.42592564
0.8887937
0.7692301
0.85577613
0.9219316
0.8024753
0.95968074
0.9191911
0.75118804
0.8829827
0.3610357
0.9587954
0.7231177
0.7771472
0.9023343
0.9523721
0.84773076
0.7967122
0.9580304
0.75565165
0.98289365
0.9366621
0.9533281
0.88954115
0.8676974
0.9688784
0.87138236
0.6895081
0.77814287
0.90909845
0.8673448
0.9869379
0.93593925
0.7233988
0.81594896
0.9236157
0.8910475
0.8807081
0.886274
0.9706807
0.8327954
0.94352496
0.5774952
0.8707823
0.87461615
0.7912454
0.8751371
0.95830125
0.90731657
0.95992345
0.80540514
0.8390559
0.667325
0.90790737
0.9320345
0.92595947
0.94480544
0.91144496
0.8723899
0.9758753
0.89237005
0.8358327
0.8806504
0.82597744
0.9621193
0.93166757
0.8074641
0.8547261
0.81002414
0.933431
0.83818626
0.9248861
0.8622643
0.9175488
0.8160001
0.84437716
0.9340606
0.8561634
0.9316203
0.85475135
0.92719567
0.819125
0.9202576
0.9369478
0.8754428
0.9425024
0.93276525
0.81925106
0.91889846
0.804406
0.93913203
0.48609984
0.9557518
0.94251806
0.80900127
0.89350075
0.8580247
0.8693843
0.8278991
0.9613378
0.8782729
0.7249359
0.9290818
0.9110817
0.8895105
0.9049557
0.9538535
0.84562814
0.8749122
0.89210373
0.89220303
0.8468285
0.8553238
0.9282155
0.62928885
0.91626006
0.9320889
0.72514534
0.80662566
0.83539546
0.80632013
0.9144097
0.8229885
0.8631781
0.7864431
0.895188
0.9500522
0.7311254
0.88785005
0.9274168
0.82337624
0.91504693
0.8256446
0.56597346
0.97967756
0.9767454
0.93278205
0.9526601
0.8795315
0.8221117
0.9472908
0.8415918
0.8285227
0.92743933
0.9044048
0.8922483
0.91973674
0.81011444
0.8821989
0.9624067
0.75597894
0.79232687
0.88347864
0.8718202
0.79235166
0.84106916
0.9023162
0.9005947
0.8468807
0.90754914
0.7457264
0.79345095
0.86731523
0.819484
0.9258517
0.8044368
0.59828305
0.86569256
0.9220249
0.77433157
0.903705
0.8852812
0.968948
0.8136483
0.83185583
0.8901867
0.80122507
0.944714
0.7478151
0.9566254
0.8950474
0.9642526
0.90470016
0.8890825
0.85447246
0.9099695
0.93034905
0.764523
0.8387379
0.8756677
0.8821745
0.89966595
0.96679807
0.85290635
0.8264432
0.9278679
0.77818704
0.93282413
0.85063255
0.88720614
0.88878417
0.9056674
0.8718355
0.9702538
0.87360305
0.90367717
0.7847462
0.7103205
0.76284856
0.76525325
0.93557394
0.84305733
0.69057125
0.77070814
0.9170622
0.85289335
0.93010426
0.7547535
0.7997672
0.7864107
0.93794674
0.85810566
0.8419452
0.8872047
0.73751783
0.6840413
0.91329217
0.6415416
0.8264026
0.8864596
0.77055466
0.6714386
0.9454669
0.92379117
0.8900217
0.9721899
0.9220257
0.88406044
0.9607647
0.8850087
0.7120794
0.7643687
0.8693746
0.76645225
0.926852
0.7827065
0.84779763
0.8059125
0.86874413
0.8449391
0.84392434
0.9715617
0.7145592
0.78657126
0.95927995
0.81852114
0.6225015
0.92587423
0.86319035
0.82877576
0.8987973
0.7902469
0.74199605
0.8445255
0.9282275
0.9537262
0.8809356
0.9332543
0.90626186
0.8390926
0.84106237
0.85589
0.91023755
0.6524907
0.9176385
0.9418319
0.8961907
0.8486364
0.9539148
0.9176957
0.8918554
0.8710333
0.8016246
0.76850516
0.45030078
0.9280403
0.8601417
0.91900104
0.81086326
0.9320239
0.82000214
0.78455985
0.73115337
0.72577125
0.7747879
0.7796081
0.82351106
0.94182205
0.9378147
0.85615575
0.9052708
0.89588964
0.84880775
0.91333693
0.67291164
0.8472835
0.86993605
0.92761004
0.9324704
0.7594467
0.84758115
0.9358896
0.9212792
0.8744313
0.9506056
0.7989203
0.9033892
0.6410113
0.88295466
0.9069156
0.7463721
0.7893636
0.90256023
0.866037
0.58501667
0.9587018
0.8420742
0.9513472
0.94770324
0.93969154
0.8061442
0.7614589
0.89235675
0.66774523
0.9451897
0.8153154
0.9639632
0.940148
0.82393163
0.92410374
0.90985495
0.95234096
0.9251223
0.9072008
0.82309335
0.51282614
0.70141655
0.8948033
0.9162281
0.90541905
0.88054097
0.7686368
0.81309795
0.7874558
0.85663736
0.8480787
0.812371
0.83395016
0.79496455
0.893606
0.949937
0.83871406
0.9431679
0.9284922
0.7893391
0.90935874
0.83521414
0.898101
0.6868768
0.9284407
0.8413603
0.96653676
0.9419125
0.9881668
0.9238378
0.8996513
0.8667883
0.9413678
0.9691075
0.55013233
0.9185616
0.8217536
0.9753941
0.63730717
0.95195496
0.438472
0.3923275
0.9229108
0.68907833
0.5358359
0.94002336
0.93840003
0.8391078
0.6403893
0.7851919
0.95825464
0.79158616
0.9571719
0.92556596
0.48901126
0.9288618
0.9684529
0.9085029
0.96670467
0.8882072
0.79742414
0.89154315
0.9752414
0.89061
0.9085705
0.9365461
0.8670051
0.96418077
0.7277562
0.85874015
0.92529976
0.92583567
0.6957674
0.8348159
0.87923837
0.8030919
0.7439388
0.790821
0.8434308
0.89688224
0.9736953
0.9192247
0.91527015
0.91056013
0.34371185
0.8995714
0.9307259
0.95677984
0.7309016
0.8136586
0.80726105
0.6361389
0.9102266
0.89448136
0.85594636
0.8676616
0.9318125
0.47110403
0.83392024
0.877312
0.9659875
0.9303996
0.9243699
0.8953841
0.95923555
0.7611522
0.92896175
0.9688564
0.8945738
0.9658668
0.8654526
0.92614144
0.8254833
0.9416403
0.78067243
0.8959799
0.9722427
0.9429681
0.96897817
0.9423784
0.86521935
0.9601639
0.76748246
0.8919637
0.8031453
0.9422844
0.97176135
0.80121887
0.9223646
0.8557996
0.9071673
0.90746474
0.6014246
0.8447359
0.9374616
0.93874764
0.68475187
0.8988229
0.88554084
0.87640923
0.82046884
0.7891287
0.8280705
0.92716765
0.71933496
0.8973001
0.6206562
0.69183844
0.7590998
0.6292148
0.9414351
0.46607795
0.9673136
0.86443794
0.81530917
0.97429657
0.86465615
0.87953174
0.8411664
0.85132957
0.79893553
0.6775758
0.88852847
0.96576667
0.94284487
0.76879257
0.80899656
0.80666876
0.9778639
0.8642201
0.72438323
0.8713838
0.7411572
0.8575125
0.91353595
0.84991807
0.96528906
0.8436582
0.85093147
0.9295528
0.83507836
0.6943731
0.82353926
0.88618803
0.91678786
0.8213839
0.7867319
0.95877063
0.85890734
0.71872425
0.9031075
0.83213186
0.9320357
0.81077385
0.79697824
0.9024451
0.68306315
0.8282614
0.8678857
0.86255157
0.8334514
0.79754484
0.52322143
0.78902954
0.72803533
0.9060817
0.96710664
0.9442134
0.86386913
0.76423055
0.76390314
0.95436966
0.8397131
0.8010324
0.766576
0.8339344
0.77117693
0.8506868
0.9538468
0.93746865
0.91060686
0.7735753
0.9538425
0.8709655
0.96105313
0.9341998
0.7116505
0.89147377
0.9325652
0.8450128
0.9764707
0.8547239
0.9773712
0.8176198
0.86185336
0.7747016
0.9549554
0.61480963
0.8893395
0.9602232
0.7451166
0.6327667
0.9421824
0.8519447
0.81769633
0.82596684
0.9544633
0.78853005
0.86578614
0.90499127
0.9793103
0.93820566
0.90761906
0.84485894
0.8597676
0.9585557
0.8486525
0.73429185
0.6119703
0.83600914
0.86849856
0.957445
0.9320337
0.9316025
0.7403983
0.91741073
0.78424954
0.7586411
0.8815196
0.82139015
0.9370252
0.86388427
0.9253045
0.90403354
0.7676337
0.95727414
0.7997575
0.90449786
0.9706894
0.9253879
0.9114174
0.9442894
0.87902266
0.8573601
0.8115033
0.94049925
0.9594911
0.873198
0.92191744
0.9127911
0.8300984
0.8359945
0.83802915
0.91622496
0.9646038
0.87688327
0.7597922
0.86202
0.7602422
0.9533162
0.71010953
0.91056675
0.9132166
0.9360143
0.6760237
0.8046731
0.8974511
0.81186396
0.878389
0.8541021
0.7967693
0.80103445
0.87893474
0.7845271
0.8240567
0.8481999
0.83389044
0.95520186
0.8576998
0.87302047
0.902176
0.9184161
0.9325963
0.69850487
0.7486392
0.8823043
0.8746332
0.7529285
0.93040025
0.87291574
0.927839
0.8606118
0.61495066
0.9268255
0.8492222
0.8600923
0.94777703
0.76518667
0.95227575
0.72501266
0.8722224
0.89230555
0.9165234
0.9572195
0.82887113
0.8324413
0.7667023
0.7392038
0.75889903
0.8138472
0.73819506
0.8326151
0.8720954
0.7816912
0.9687447
0.9085461
0.8550854
0.9696793
0.8579099
0.9600359
0.8633267
0.9534619
0.6934909
0.85754603
0.55803573
0.9450782
0.911388
0.90710044
0.97438043
0.583361
0.8735275
0.79962456
0.967588
0.8723951
0.81456065
0.86457115
0.61866677
0.92779845
0.9650953
0.8729635
0.71586907
0.7284713
0.88206106
0.87172467
0.66832775
0.92791533
0.7778631
0.78928816
0.67245454
0.85644245
0.57138014
0.85483074
0.84764004
0.68762755
0.86814034
0.6206267
0.76415765
0.9469438
0.732434
0.82076573
0.92969817
0.873942
0.9459583
0.7674459
0.92733276
0.85633373
0.8920667
0.84973097
0.90234953
0.7871377
0.96852267
0.72681016
0.9706175
0.94895715
0.9566519
0.84605753
0.79318565
0.6552957
0.8539022
0.8700233
0.9621481
0.8399701
0.9155007
0.85791755
0.9117385
0.8805741
0.90475756
0.83980405
0.97189546
0.90732014
0.96296865
0.94018805
0.9577295
0.92476314
0.8580519
0.8272638
0.9522938
0.8939167
0.864117
0.9198551
0.84356827
0.9740557
0.94116926
0.65537155
0.90171856
0.84360313
0.7465628
0.85258067
0.8296493
0.9636526
0.53253067
0.6154188
0.7413027
0.68883675
0.8775102
0.83989966
0.90340626
0.845251
0.74369013
0.93753994
0.93000937
0.7960542
0.708349
0.9639691
0.73869324
0.86434376
0.95341116
0.8882718
0.8843894
0.8052751
0.86948663
0.8739681
0.67758584
0.9338846
0.83469117
0.5548315
0.85852444
0.8397338
0.9576663
0.9369587
0.64657223
0.7981526
0.92607474
0.8610946
0.89239275
0.9135212
0.7762158
0.8452071
0.7386302
0.8039764
0.91580117
0.8655956
0.7716414
0.91865313
0.89724845
0.76475537
0.86211693
0.8777664
0.9303419
0.7934025
0.9669518
0.88157666
0.54334104
0.9106088
0.830759
0.89389414
0.88133025
0.7248143
0.9050952
0.89120746
0.6598849
0.854049
0.79697174
0.8932327
0.9720091
0.8190965
0.92397594
0.73885566
0.85301757
0.29981184
0.9692553
0.96449214
0.854462
0.9558574
0.9499854
0.9338419
0.92252785
0.86515653
0.8563877
0.7278311
0.98486197
0.92736304
0.9051525
0.85862255
0.8565669
0.82400805
0.93412477
0.6380701
0.82584715
0.92851686
0.53890055
0.90059066
0.9557611
0.88573915
0.9192487
0.8249477
0.7832258
0.94949394
0.79862416
0.92598414
0.77586985
0.794412
0.960755
0.88635164
0.77308726
0.8619407
0.9037562
0.906876
0.742372
0.66231334
0.95728064
0.9621015
0.7488509
0.61679167
0.7175732
0.88067424
0.95675194
0.8724032
0.89159584
0.7472491
0.813226
0.95263046
0.91867775
0.8386308
0.81487036
0.86086154
0.91399044
0.91732115
0.50904894
0.94664925
0.9372711
0.8760223
0.88167834
0.80862504
0.88578117
0.88675874
0.8009018
0.9444574
0.70674807
0.8086252
0.73790884
0.9135037
0.94829386
0.7536566
0.96201384
0.8002171
0.8344866
0.6884145
0.7269092
0.6776185
0.66464037
0.9153753
0.85437554
0.9058186
0.6453875
0.910746
0.95338523
0.8496366
0.9295328
0.8165
0.8650615
0.8538544
0.93425685
0.8125679
0.93885154
0.8309536
0.7919698
0.84512764
0.7554875
0.7764534
0.7344225
0.76659745
0.7499011
0.44458342
0.833218
0.76514614
0.88619643
0.7595702
0.9640945
0.9059209
0.7679302
0.88325894
0.93113655
0.78780293
0.5989952
0.885824
0.71585494
0.7612894
0.8028693
0.7173783
0.8718456
0.92136186
0.86226493
0.9745039
0.96825075
0.72378033
0.8849842
0.72491693
0.8661922
0.96144885
0.71596986
0.9119308
0.88904357
0.7349398
0.837754
0.9695103
0.8050428
0.89377415
0.871149
0.8954448
0.92124456
0.79611576
0.7961144
0.92221177
0.8569192
0.7050005
0.71151567
0.9192004
0.954258
0.7895795
0.7838765
0.78770894
0.8543571
0.89593196
0.86355233
0.6665368
0.8198939
0.8046394
0.5492298
0.6882687
0.74887526
0.81038344
0.8578507
0.7948498
0.88567066
0.7789196
0.89437383
0.88630545
0.90509987
0.915947
0.9225283
0.94491506
0.96222514
0.9213554
0.8584149
0.773062
0.89456
0.75544906
0.7927695
0.66456735
0.7072737
0.78937453
0.87240994
0.9342843
0.7855948
0.69724095
0.8974524
0.84360677
0.8670044
0.96516937
0.7991503
0.7241808
0.9492573
0.80316603
0.7881907
0.8265066
0.925328
0.72411823
0.9760103
0.9457728
0.7348147
0.9251727
0.88551843
0.65735817
0.893743
0.98365164
0.9704972
0.85309803
0.924568
0.66801786
0.94482124
0.8989221
0.7293991
0.8190967
0.7891121
0.4752533
0.95946413
0.83161473
0.6661897
0.8891829
0.89996874
0.8888237
0.9415306
0.92046463
0.87871814
0.93874747
0.865363
0.74428886
0.92723787
0.8239661
0.9313627
0.7909432
0.5350653
0.8179058
0.9295118
0.9008292
0.86072206
0.81892186
0.42404532
0.7855165
0.59061337
0.9301754
0.88540447
0.8942119
0.9210526
0.9433568
0.7404973
0.88285124
0.74449784
0.195954
0.83763194
0.8457058
0.873215
0.89185846
0.96075654
0.9084686
0.8028173
0.94005865
0.9500003
0.8482302
0.91509175
0.7493109
0.81232107
0.8754057
0.8833728
0.9407469
0.84149235
0.76035595
0.95651734
0.8848238
0.9668245
0.95982075
0.60133195
0.9247386
0.90586305
0.67955256
0.8136147
0.81973815
0.87465304
0.8555713
0.8729831
0.8466732
0.9428992
0.90178883
0.8462504
0.94866645
0.9542412
0.84288496
0.9386155
0.84480935
0.8625301
0.91802937
0.49726188
0.9398756
0.9433299
0.9634446
0.92513645
0.73870206
0.7547157
0.7433385
0.97433513
0.80870175
0.9101283
0.9538516
0.94445044
0.7008325
0.9392473
0.85607207
0.6842147
0.82891166
0.732026
0.6513264
0.76043975
0.8222557
0.9270946
0.80233824
0.8417318
0.827455
0.8817289
0.929401
0.8215218
0.7556703
0.8637967
0.6079318
0.69955003
0.95268345
0.95005363
0.9293629
0.85833
0.8585875
0.9339497
0.8767869
0.7985476
0.8479403
0.8314171
0.93980086
0.96545005
0.94646806
0.96707714
0.9445543
0.69354224
0.9419827
0.60256106
0.8970859
0.93223554
0.614003
0.95747703
0.853447
0.94844407
0.9098238
0.894731
0.8336406
0.8707167
0.9284634
0.7424826
0.8702324
0.85829985
0.8769572
0.9165332
0.92504555
0.6556995
0.65425223
0.94552785
0.9059912
0.61672246
0.8966188
0.9708944
0.84766376
0.93832177
0.8072961
0.825007
0.9158965
0.83888
0.84865826
0.834202
0.77513146
0.8297721
0.9256312
0.5078018
0.96127367
0.5240481
0.9664662
0.86733377
0.89634967
0.8035388
0.8565498
0.96848804
0.7973492
0.95270234
0.9527897
0.8691161
0.8062685
0.92973745
0.7996884
0.89129883
0.91679865
0.84374934
0.83121634
0.90283394
0.95597243
0.8454355
0.8838385
0.94480723
0.7206849
0.9464469
0.87125075
0.8489752
0.8932396
0.9116035
0.894802
0.87295914
0.84700084
0.9415432
0.9290459
0.958001
0.6976842
0.91121304
0.8335296
0.6129921
0.7893975
0.75881934
0.8249149
0.912356
0.91288894
0.76728475
0.77096164
0.9076153
0.93526673
0.9169009
0.8500831
0.8674266
0.83455825
0.9721844
0.8877285
0.7385787
0.91729975
0.7584217
0.7294051
0.939319
0.9531084
0.86725134
0.7734117
0.75535905
0.86337996
0.85062236
0.95488226
0.92383355
0.67939335
0.96036756
0.82360905
0.84822047
0.74171406
0.9573476
0.81927204
0.8925144
0.89010906
0.55448073
0.9699457
0.967422
0.8157643
0.7094871
0.791381
0.9674858
0.9342774
0.89440644
0.66384315
0.8368826
0.8791795
0.8337343
0.8130308
0.85074127
0.9120275
0.812254
0.7103246
0.65000534
0.8945098
0.8910162
0.94672036
0.7953224
0.95614296
0.87781775
0.88720244
0.90307
0.91793114
0.8667651
0.81545097
0.9432358
0.8633273
0.40862805
0.8271016
0.6545569
0.8723763
0.87989336
0.8328895
0.75437814
0.78858167
0.96264535
0.906176
0.77376205
0.78353906
0.9206002
0.84239286
0.946013
0.8680424
0.7987366
0.9229028
0.9131826
0.9572737
0.82353306
0.8533595
0.871697
0.9109266
0.94759643
0.8674065
0.95340395
0.8787984
0.9504512
0.7867537
0.6140889
0.9301903
0.9148221
0.89087874
0.83537984
0.8950307
0.7214833
0.7997628
0.86324126
0.92224956
0.9718853
0.74408627
0.7250002
0.79286355
0.95209974
0.89654136
0.49029374
0.90793437
0.7788532
0.95102465
0.67280895
0.93451273
0.8944057
0.77994126
0.8790343
0.87528443
0.7180298
0.84808964
0.924239
0.80008316
0.9540834
0.8460902
0.5770187
0.8041036
0.82051545
0.7890178
0.90064615
0.9155559
0.9047765
0.78535974
0.7221339
0.9195583
0.82392216
0.9422425
0.86150515
0.898085
0.7433446
0.7241912
0.95943475
0.8888813
0.8777164
0.937317
0.95552254
0.7672
0.8006798
0.96448386
0.9579377
0.8215409
0.92999285
0.9168098
0.86660445
0.6494796
0.74314696
0.94403684
0.6394237
0.9388474
0.77173275
0.8100039
0.7477841
0.9179435
0.9131132
0.8582965
0.8614855
0.9280098
0.855864
0.8969672
0.9663736
0.82903194
0.8360063
0.9130507
0.88777554
0.8561095
0.54069406
0.7564167
0.6573335
0.7445064
0.95688766
0.88451827
0.9781053
0.9149072
0.92270267
0.7178794
0.9340108
0.86764073
0.8648535
0.78320956
0.94195664
0.8397769
0.80399746
0.71179676
0.8611453
0.76925033
0.64718527
0.9209893
0.7350395
0.91331017
0.9444409
0.8940156
0.7258754
0.90254486
0.7380199
0.6189853
0.95180833
0.8590205
0.76303816
0.88067555
0.9581784
0.94076097
0.9433936
0.89749676
0.9303568
0.89406085
0.96212804
0.9206543
0.9634279
0.9648149
0.786619
0.7384404
0.91809726
0.8974313
0.9342208
0.5558866
0.93273664
0.81657577
0.7694994
0.8933401
0.921048
0.8149591
0.95517355
0.9077485
0.50767565
0.6663197
0.7617583
0.8542905
0.9110303
0.93145543
0.92418224
0.88620347
0.79320353
0.74112594
0.84434515
0.92209846
0.8859669
0.93868005
0.8127174
0.96644187
0.8096402
0.5316226
0.9664981
0.92073023
0.6567569
0.93215656
0.8565844
0.8725608
0.60583526
0.89956725
0.8914373
0.96515226
0.934126
0.8905297
0.93885297
0.8873429
0.86159164
0.89921457
0.7805327
0.8817682
0.49775058
0.5683813
0.9065157
0.8665526
0.8733872
0.78881
0.93230426
0.955036
0.90222394
0.91289973
0.81128204
0.6530402
0.96887636
0.9249707
0.8909795
0.9766373
0.64892554
0.85585856
0.9126987
0.7717087
0.8211094
0.91448134
0.85921186
0.7995901
0.94674516
0.7919561
0.857037
0.9435344
0.8783411
0.89810055
0.9680438
0.5726236
0.9348037
0.79983294
0.92457044
0.9373792
0.93882036
0.8563329
0.8830995
0.799943
0.8988825
0.72345936
0.744576
0.9700195
0.809413
0.8778595
0.9270736
0.93195856
0.8519174
0.9155683
0.7329717
0.6305084
0.8316452
0.9466033
0.85585374
0.90918577
0.83578736
0.9224329
0.89231515
0.8566823
0.665385
0.94896847
0.6556533
0.8685926
0.8579745
0.72807777
0.64651245
0.9531418
0.818452
0.8339265
0.93618673
0.9082871
0.8104847
0.7199719
0.8489346
0.8337687
0.9576415
0.8768542
0.91201615
0.8003644
0.834013
0.92191744
0.7320882
0.8487318
0.82588625
0.903082
0.72201824
0.8597107
0.9606768
0.915226
0.59476274
0.6573729
0.93173456
0.788929
0.87825143
0.9519066
0.9536879
0.94822556
0.7877865
0.86752677
0.9569175
0.6734029
0.634097
0.7847965
0.46745795
0.92152566
0.8826777
0.75715476
0.9221342
0.84639573
0.8039447
0.81442475
0.8373506
0.8844962
0.7990365
0.88147295
0.8552376
0.93769646
0.80336297
0.7936702
0.6635364
0.75898874
0.89706486
0.8078669
0.9421146
0.8425659
0.90749335
0.59368795
0.8826936
0.92763793
0.897238
0.79733443
0.96098775
0.9400985
0.9092922
0.80354756
0.9672696
0.8059597
0.44368178
0.71620685
0.9394238
0.90815765
0.863267
0.77844596
0.6934388
0.6888188
0.64118475
0.8135516
0.9574474
0.85848033
0.9006118
0.9390794
0.87697077
0.87828314
0.9211074
0.7213756
0.8614491
0.90412366
0.8944456
0.9237505
0.812389
0.95596594
0.50373733
0.7896584
0.97601277
0.9461212
0.9289231
0.91245514
0.8606199
0.82204247
0.7637528
0.6339108
0.89787835
0.90226054
0.7554372
0.8555929
0.40770364
0.8614838
0.6817387
0.914257
0.8419534
0.9318269
0.825534
0.623509
0.8675317
0.84337234
0.8637501
0.9830237
0.9042042
0.90018237
0.80995965
0.8899599
0.93712133
0.97098136
0.6890396
0.8986355
0.85036165
0.55019164
0.9103204
0.7161897
0.41468477
0.8395045
0.86101437
0.86017346
0.6976655
0.81518394
0.9331576
0.9457173
0.68866104
0.6613574
0.97088623
0.6543963
0.7967103
0.88591385
0.74275637
0.9069455
0.93798864
0.7761222
0.85429615
0.71579766
0.8836645
0.90973425
0.87785816
0.7959402
0.9256358
0.8992631
0.6324204
0.86524653
0.86239964
0.89586717
0.8392212
0.8005804
0.96071625
0.8015583
0.928389
0.96664107
0.516439
0.95013356
0.9192811
0.92649025
0.85496354
0.86801016
0.93825746
0.9585266
0.9102639
0.921305
0.89278376
0.80497515
0.8838525
0.88255143
0.9668627
0.8505014
0.96789944
0.8966522
0.6264882
0.9583039
0.9498478
0.88176006
0.9229841
0.93804866
0.83308375
0.90690565
0.9820309
0.890031
0.8955411
0.82352567
0.9105095
0.94667065
0.94698095
0.83344036
0.938973
0.8393892
0.9056054
0.88568044
0.652712
0.85181355
0.6866827
0.9148842
0.8375578
0.8653902
0.9505208
0.8825447
0.799129
0.8492507
0.85762334
0.9060038
0.83476263
0.78841525
0.8097429
0.9167354
0.8144821
0.75474113
0.882666
0.8951464
0.774711
0.8095491
0.9657788
0.8549658
0.916183
0.8644527
0.87648714
0.8355926
0.9508318
0.7478684
0.9206442
0.8370496
0.85869557
0.81327015
0.9047756
0.9226617
0.8631252
0.8223512
0.8867591
0.94257146
0.70421946
0.8214194
0.7754385
0.8926079
0.55848265
0.8160196
0.65597194
0.9786823
0.92658764
0.95701593
0.8410437
0.9298521
0.7904898
0.62635636
0.9170875
0.7596952
0.88513
0.9325142
0.6036804
0.9409957
0.757483
0.6411206
0.839753
0.7022603
0.7894576
0.8856163
0.6208177
0.7575872
0.74757606
0.855964
0.9386352
0.8448669
0.9544427
0.87920225
0.8398396
0.9322491
0.79017353
0.9030253
0.9441868
0.914172
0.94842345
0.8988956
0.7621733
0.92064416
0.93001956
0.8378852
0.92229027
0.9019927
0.8867923
0.91302544
0.8566191
0.7495608
0.8209929
0.7024887
0.8498752
0.9275764
0.973854
0.76184523
0.9672093
0.6833182
0.8774659
0.8487544
0.9518467
0.8308641
0.846147
0.9173039
0.95634204
0.8395003
0.91095704
0.8585244
0.9283953
0.9729292
0.8161165
0.9073283
0.9129764
0.88666064
0.8325338
0.8871691
0.81543034
0.91449827
0.860206
0.9247045
0.89628583
0.92531383
0.83797425
0.9528434
0.93120044
0.84790206
0.7960946
0.8639309
0.83827907
0.803545
0.97332776
0.73618543
0.82635814
0.7983517
0.7869592
0.8643217
0.89661103
0.9016149
0.96113336
0.84299755
0.6856333
0.8217609
0.86018795
0.868504
0.88210344
0.78920126
0.91813856
0.8539386
0.76870346
0.9298712
0.9226512
0.87711906
0.9167748
0.77766925
0.8656783
0.8424957
0.7983098
0.93792766
0.9585243
0.87916505
0.8672729
0.83823663
0.86375195
0.883499
0.91555554
0.8442004
0.87587917
0.92334807
0.70044506
0.7878833
0.91183066
0.8443704
0.904075
0.7941873
0.9649989
0.9446548
0.8925111
0.8442835
0.9427669
0.6744849
0.87149435
0.7086003
0.92089623
0.9478282
0.9862485
0.86660045
0.7762123
0.95178115
0.7803434
0.8537402
0.7884059
0.9089863
0.8386141
0.93191516
0.8735539
0.9674643
0.88174945
0.7612257
0.9065679
0.9339411
0.74878323
0.8628696
0.64210725
0.7820055
0.91482615
0.6806148
0.8602497
0.90446305
0.97578645
0.7825689
0.7715874
0.9610102
0.8338349
0.9618668
0.94856465
0.89898795
0.80585945
0.78530365
0.9025701
0.9091569
0.88859725
0.9007567
0.8518234
0.91419476
0.8147092
0.61941946
0.8915651
0.83326536
0.59192854
0.7865057
0.8325385
0.89318275
0.9044186
0.962314
0.76181054
0.8395392
0.8325883
0.96106684
0.92747176
0.941219
0.5875406
0.90277517
0.78329015
0.909117
0.97866917
0.9191233
0.97198224
0.8513098
0.89848393
0.70165056
0.9092962
0.9343623
0.86709523
0.83338106
0.9449438
0.902701
0.88611376
0.877302
0.94292486
0.98870265
0.849529
0.9060693
0.5440088
0.8770355
0.8451759
0.6704503
0.6380589
0.91224706
0.78139764
0.90898687
0.8547384
0.84141743
0.79112923
0.72420543
0.5376133
0.8850261
0.8082402
0.720912
0.90199447
0.8486442
0.81832206
0.8689902
0.874719
0.9515294
0.8467583
0.79562104
0.93266696
0.8116377
0.7930925
0.7120027
0.7105599
0.73292047
0.8653349
0.93279004
0.85104746
0.9105549
0.96455634
0.9132639
0.7158966
0.9447807
0.8654852
0.7156727
0.9368559
0.78452873
0.8816565
0.8343482
0.94328165
0.8424009
0.733911
0.94920015
0.9420064
0.73474216
0.93748206
0.73969567
0.94138026
0.94968855
0.9696887
0.905332
0.9289623
0.92897505
0.9525806
0.80472624
0.975588
0.96408856
0.9093676
0.91327715
0.9568694
0.83985424
0.54471976
0.9484693
0.92276216
0.8885926
0.9225044
0.92390895
0.85028917
0.8020463
0.8821395
0.88995194
0.9352316
0.8335749
0.92489934
0.86713266
0.9640366
0.888778
0.6800562
0.944503
0.849435
0.85485667
0.933441
0.8148503
0.94821495
0.8893444
0.61153096
0.8675809
0.8735985
0.35770956
0.8461479
0.71276474
0.7485318
0.86780864
0.93193954
0.6662762
0.91442096
0.95344675
0.96300113
0.78166854
0.6926224
0.88286805
0.92436814
0.8447696
0.52862096
0.7884467
0.6613336
0.9639739
0.8864781
0.955297
0.93950886
0.81233907
0.758729
0.7722917
0.89068544
0.81358993
0.9665907
0.93167615
0.57006335
0.9759151
0.97069347
0.9209909
0.8171563
0.9195379
0.94102395
0.8115152
0.6634935
0.92063
0.84554434
0.94345987
0.8690847
0.8320839
0.93774676
0.87712663
0.8136474
0.77367073
0.7663255
0.90626204
0.9770919
0.8253402
0.89183307
0.84818757
0.9535898
0.90025276
0.92389804
0.9362299
0.8877488
0.8330469
0.96271145
0.8360536
0.9479313
0.8543172
0.72247887
0.6948691
0.98028046
0.8798476
0.9376854
0.9543719
0.93663406
0.68524873
0.8417743
0.7826702
0.8402312
0.9258366
0.95803577
0.93519723
0.8840295
0.93528485
0.7575654
0.88407385
0.68277514
0.93696356
0.9074261
0.9260714
0.8829237
0.96946084
0.89012086
0.6379152
0.93494976
0.96385396
0.97481024
0.81663406
0.85310274
0.76108974
0.95504904
0.6948986
0.90691805
0.7051807
0.9662246
0.91747284
0.89687514
0.98279107
0.98803073
0.81215984
0.64525366
0.8507577
0.97435176
0.7142896
0.8807362
0.7005006
0.84700346
0.8489969
0.72086304
0.89508
0.72178984
0.8155441
0.712637
0.9645497
0.9404416
0.77493
0.95942396
0.74955535
0.96286124
0.73951733
0.9742751
0.823302
0.77292454
0.83537936
0.8499655
0.77484065
0.8843715
0.914969
0.76248896
0.7446105
0.92314166
0.905645
0.9477273
0.8415825
0.92443234
0.82779706
0.9418639
0.91135424
0.7667205
0.9087935
0.8473368
0.8166146
0.9008065
0.90102524
0.8688368
0.7135029
0.9812751
0.8085126
0.9652605
0.9433621
0.9678877
0.91100067
0.73941755
0.8167358
0.89843166
0.9586097
0.8799938
0.72091764
0.9021982
0.81653965
0.7725373
0.7421762
0.9142674
0.6534067
0.917034
0.8915637
0.88294196
0.69661665
0.8565266
0.8907194
0.9566816
0.88934994
0.8703787
0.86266834
0.89200544
0.86508125
0.9141489
0.892002
0.91743577
0.8597815
0.76441246
0.949962
0.8693513
0.75562376
0.6178336
0.7931689
0.8216985
0.79361606
0.79313666
0.88119376
0.9533908
0.8124151
0.9060937
0.7430686
0.8724227
0.79619896
0.94636655
0.8532993
0.7866457
0.9509495
0.9413051
0.89136934
0.79111975
0.776623
0.9685149
0.8356246
0.650998
0.97900015
0.89825857
0.82484496
0.7668615
0.7990698
0.96783817
0.7586469
0.5123253
0.737813
0.5365738
0.91841
0.87671167
0.9783346
0.87221485
0.7745305
0.9771688
0.9158163
0.9011121
0.8682755
0.54420173
0.8600308
0.8450315
0.86209774
0.60927945
0.87516636
0.81602526
0.93259716
0.90878624
0.82549244
0.8969134
0.85964406
0.9026185
0.8670395
0.87438357
0.83406174
0.82256764
0.8255192
0.6684828
0.92212033
0.95624554
0.8738316
0.9005633
0.91639364
0.7671939
0.9333026
0.9489895
0.6884148
0.7952442
0.86709225
0.8713726
0.7812656
0.8871502
0.8368449
0.90412754
0.9208801
0.8021844
0.8979624
0.86407185
0.86470044
0.92698926
0.9216229
0.8032702
0.8618319
0.9326378
0.78376395
0.9618814
0.9319127
0.9201565
0.97324276
0.9619697
0.8965792
0.93516374
0.91055673
0.8783933
0.95446414
0.9321575
0.80276453
0.9430354
0.9299226
0.85250986
0.8442446
0.8228752
0.67677927
0.9546681
0.7751328
0.708512
0.8982193
0.85670143
0.91244423
0.8961185
0.5849594
0.96374625
0.86154914
0.5748386
0.8675251
0.92702985
0.91260827
0.8067769
0.7343448
0.88755774
0.7657293
0.6601314
0.70747083
0.41852337
0.8824009
0.8247002
0.9123322
0.91311944
0.77468103
0.83936685
0.9156736
0.8608405
0.8753462
0.95593977
0.7206973
0.9125459
0.78921425
0.88850886
0.8807235
0.7433076
0.85492504
0.9178314
0.8299278
0.89486915
0.8713612
0.92163765
0.7792903
0.9737915
0.9819572
0.7519065
0.94012237
0.84233785
0.92880344
0.658973
0.9624513
0.8618073
0.8768494
0.88383484
0.7521969
0.95492375
0.6817277
0.9327669
0.81908065
0.9450314
0.97634995
0.8903863
0.94212675
0.9026583
0.96483016
0.9596076
0.8818113
0.9682308
0.7880536
0.8295144
0.9361672
0.9293176
0.8494692
0.8939232
0.9290443
0.82188255
0.8850285
0.8534657
0.94694984
0.80821514
0.88516635
0.77631545
0.9734292
0.8854907
0.86042416
0.82528037
0.9007332
0.8773979
0.9305241
0.85082316
0.92444384
0.78343797
0.8722712
0.77557385
0.90388477
0.7245452
0.888666
0.6107245
0.7877407
0.8207925
0.7658707
0.8691541
0.8700043
0.96006125
0.871616
0.909967
0.78995657
0.8127152
0.8264478
0.6930418
0.7957105
0.8848132
0.55452293
0.8632381
0.9165901
0.96486056
0.6606326
0.9239995
0.8957469
0.853254
0.9402897
0.86323404
0.9276454
0.97489417
0.8532214
0.84578323
0.8034877
0.77726305
0.8862339
0.66393614
0.6931146
0.9504069
0.9087428
0.78750014
0.52086794
0.9765686
0.85357475
0.86272275
0.8325722
0.93226314
0.84087384
0.92964506
0.94689345
0.85583854
0.8433116
0.8719066
0.85458976
0.9463885
0.9767623
0.8779105
0.94559634
0.89159083
0.7337353
0.83107865
0.86546326
0.90358686
0.90989506
0.94157135
0.69368243
0.820699
0.61907434
0.7520517
0.9006573
0.9397224
0.98908436
0.90054417
0.85491866
0.68766004
0.7553698
0.75147057
0.5852311
0.70467055
0.8898488
0.87288153
0.86002505
0.9760674
0.87514174
0.9234862
0.6815074
0.91896737
0.89292717
0.86961126
0.78100973
0.7536852
0.9342979
0.7805193
0.84580743
0.78385216
0.92637396
0.7558798
0.5971643
0.8413404
0.88094956
0.7567257
0.77929246
0.97891843
0.59417593
0.9161238
0.772143
0.95485204
0.7719333
0.94394976
0.76498926
0.82232505
0.94631135
0.8750853
0.7631475
0.86642134
0.90644056
0.8513908
0.93462384
0.7616689
0.9276166
0.7167187
0.9633267
0.8658252
0.8982141
0.8629321
0.78861094
0.86011946
0.82071555
0.9165663
0.8476525
0.3162949
0.8517717
0.9611409
0.9382552
0.91564703
0.74498785
0.8898071
0.8167387
0.8830629
0.90642446
0.8627484
0.81438667
0.7009362
0.92067003
0.889437
0.8380634
0.9072139
0.87223625
0.79812294
0.8986957
0.9427645
0.8591616
0.9613999
0.95911753
0.8526887
0.8566631
0.78328407
0.7028252
0.8582108
0.9245664
0.8522018
0.90014935
0.9698694
0.86583257
0.83896095
0.5261845
0.9644437
0.9186847
0.94077873
0.80630577
0.84939784
0.7153198
0.8226435
0.8995417
0.9126156
0.9175947
0.7208562
0.93586737
0.86599463
0.9175971
0.76121175
0.56573796
0.8942599
0.92616343
0.7360563
0.86973226
0.8681004
0.90599185
0.57542384
0.7996633
0.9752349
0.77133477
0.8422843
0.8903682
0.93068856
0.9498796
0.8586487
0.8061694
0.8169633
0.9262419
0.68051803
0.59255266
0.82900554
0.843178
0.69208425
0.88514143
0.823454
0.74843436
0.6838399
0.8580179
0.7362766
0.79371554
0.89614993
0.687008
0.9351957
0.9214901
0.9655412
0.70366657
0.92658687
0.5911115
0.9564774
0.6838919
0.63786316
0.9759469
0.9413779
0.87073505
0.92098206
0.8289221
0.9075988
0.9186493
0.9098885
0.9129494
0.8154766
0.84581816
0.9130718
0.978516
0.8028312
0.7678664
0.8433655
0.9062575
0.90794945
0.8519666
0.9163151
0.9053549
0.94808257
0.88865227
0.85820407
0.90379894
0.960695
0.6405358
0.945863
0.8924893
0.390575
0.9355241
0.7820225
0.6965102
0.9546608
0.79762673
0.92865264
0.8197111
0.9693815
0.9365631
0.93282294
0.7306231
0.82770747
0.8424761
0.8479655
0.8561898
0.85022235
0.69909894
0.7360852
0.92194057
0.9196774
0.9415781
0.9865641
0.92757463
0.889456
0.88729966
0.75206435
0.9242209
0.9479308
0.8641765
0.90232533
0.86876905
0.9128298
0.88879573
0.7831988
0.91095555
0.8994599
0.9285458
0.9406455
0.88125235
0.9566012
0.8281978
0.78730667
0.89787084
0.81402075
0.93623686
0.90265304
0.9081632
0.5939481
0.9072663
0.8454904
0.88314337
0.8845302
0.76240385
0.8966863
0.9231194
0.6447595
0.7542895
0.79144406
0.7423478
0.8658138
0.9429456
0.97058994
0.9305372
0.8889606
0.9064312
0.86839575
0.8645996
0.9378811
0.8042034
0.9598912
0.78680086
0.9505123
0.9286938
0.9508972
0.8252212
0.6558615
0.97599226
0.9116364
0.83299065
0.8085338
0.9361043
0.8997881
0.73708737
0.89657176
0.7153938
0.9033517
0.9755114
0.5962143
0.78011805
0.8864225
0.8691426
0.9251982
0.8909886
0.8102
0.95911515
0.93758935
0.9491666
0.9153298
0.95220864
0.78230894
0.89787585
0.55865425
0.9348331
0.9094913
0.7932127
0.93992746
0.7760108
0.8311645
0.87509453
0.9123997
0.78390133
0.8784886
0.7196198
0.84677446
0.98232543
0.7552159
0.71843886
0.8018262
0.89937294
0.8179706
0.8988613
0.9530061
0.7432317
0.89279646
0.9122822
0.90546113
0.85757583
0.8330695
0.9367001
0.8020138
0.7767221
0.9134451
0.6954112
0.8151049
0.9540645
0.8776097
0.96915996
0.88577175
0.88950604
0.82099694
0.8510675
0.8809018
0.9057847
0.8886634
0.8920187
0.8182659
0.60152215
0.59964484
0.832186
0.95882314
0.89751947
0.908727
0.6548334
0.7568253
0.8036763
0.8634879
0.91205055
0.8661241
0.9132982
0.9164839
0.91262966
0.7118792
0.88755035
0.8439564
0.8133416
0.9850332
0.9535787
0.83486414
0.938926
0.88550526
0.96476585
0.79060584
0.8342458
0.93848526
0.74410355
0.7940788
0.8931882
0.7185986
0.88496405
0.8635557
0.921266
0.84240067
0.8769354
0.92984724
0.92910033
0.90536934
0.75652266
0.9364671
0.8649968
0.8122013
0.41533008
0.9323111
0.95013946
0.8007457
0.8488332
0.86564666
0.93809456
0.93894374
0.89262855
0.7892438
0.94861704
0.835968
0.96424407
0.9277548
0.93373597
0.78913784
0.66660756
0.9216875
0.7869135
0.8934698
0.8705087
0.96549886
0.7863432
0.73358464
0.9113623
0.847845
0.8463928
0.7362499
0.79759634
0.93628395
0.8819524
0.8092057
0.8866075
0.84352267
0.87221426
0.96503544
0.91261363
0.89654356
0.9126899
0.84469473
0.8913587
0.7961279
0.9318478
0.80501586
0.79343534
0.7025192
0.75079006
0.76261485
0.96107495
0.8789175
0.9579582
0.7819087
0.7746211
0.8145709
0.941962
0.87871003
0.6398401
0.33853292
0.86092067
0.88884056
0.94128007
0.9273226
0.9044999
0.82875276
0.94432783
0.90557045
0.92801833
0.8027634
0.8881869
0.76836467
0.9674353
0.840911
0.85265595
0.9063175
0.90548384
0.8445329
0.8479439
0.73197114
0.8159359
0.9689821
0.93951774
0.9205644
0.8400693
0.8035959
0.762534
0.70259696
0.87365246
0.6639294
0.85645384
0.49842635
0.81054604
0.8765541
0.8079468
0.6327873
0.9094903
0.9576195
0.80091965
0.9464649
0.9553769
0.73811626
0.92729986
0.92251176
0.88371557
0.9292567
0.8925245
0.73133296
0.47591355
0.963137
0.8055252
0.96432257
0.95289195
0.93591845
0.69734734
0.94686127
0.897943
0.93245906
0.78985775
0.9723247
0.8120682
0.7981815
0.9345082
0.74129736
0.85261214
0.9203082
0.48627952
0.6609532
0.44713992
0.91524804
0.9645852
0.73258644
0.917539
0.8998902
0.92701465
0.9534537
0.92526597
0.9735093
0.94153076
0.586528
0.925863
0.50975114
0.6675146
0.9578651
0.95306647
0.9226339
0.87901795
0.87391293
0.7958869
0.9388663
0.81610477
0.9609162
0.83112496
0.96362126
0.8605838
0.9217096
0.85253364
0.9484673
0.7721139
0.6902955
0.83517945
0.74983275
0.80521095
0.87406355
0.88150936
0.7995622
0.8886573
0.9444063
0.8768923
0.89743996
0.89410937
0.9181998
0.8921287
0.754821
0.85198736
0.7547767
0.6012745
0.9337352
0.75525916
0.9308355
0.86626816
0.90578705
0.8781065
0.82309973
0.69727856
0.97734743
0.77928835
0.78043115
0.92255026
0.96732676
0.47143894
0.7165545
0.9411208
0.9228038
0.942752
0.96739537
0.9210649
0.8278224
0.9596126
0.7268353
0.8038159
0.9706809
0.93728197
0.920136
0.8155358
0.9269054
0.9209563
0.91742784
0.57379746
0.81881154
0.8939858
0.8390231
0.8343792
0.9718148
0.9048751
0.81322944
0.8947554
0.83791196
0.88359237
0.8868508
0.7590718
0.7615261
0.76189303
0.86540854
0.91260034
0.83835495
0.6624412
0.92272127
0.6740446
0.8607361
0.9371638
0.82481223
0.7475759
0.91369104
0.87503344
0.9541814
0.7355397
0.96897817
0.8517585
0.7841738
0.88050616
0.8298634
0.62374467
0.96372783
0.948452
0.7058714
0.9015529
0.95132285
0.88215697
0.8448428
0.79750055
0.9030517
0.90501016
0.88228685
0.7107947
0.9415063
0.82165015
0.8872861
0.94956607
0.8303976
0.85336983
0.7894701
0.9218288
0.5546936
0.966991
0.70115185
0.7297699
0.90639675
0.6961804
0.9480295
0.96079946
0.70006806
0.9092168
0.5821171
0.96638566
0.58489996
0.6067468
0.81173867
0.9631547
0.89303493
0.83575916
0.8410896
0.68678474
0.8106935
0.9173312
0.72235465
0.8736566
0.94840384
0.9576166
0.9578862
0.9273884
0.9083206
0.9001831
0.8690773
0.8194049
0.75156903
0.6908047
0.8020169
0.702283
0.7942207
0.7813587
0.80998826
0.8959645
0.9326504
0.8660575
0.5800045
0.93299025
0.8996234
0.8737124
0.896545
0.84363365
0.6701498
0.7623745
0.8794683
0.81594247
0.92773116
0.9243547
0.68258864
0.9210934
0.8550923
0.80804425
0.8255
0.8662158
0.77445537
0.79190713
0.9259907
0.9669444
0.9069456
0.82457095
0.7506516
0.81258214
0.88328385
0.8642393
0.64964765
0.92577195
0.923662
0.9019424
0.89113754
0.9152306
0.940212
0.9564731
0.9115074
0.95346624
0.7728123
0.9269157
0.96772254
0.94131374
0.9146256
0.9096582
0.8184214
0.738559
0.9704741
0.6584593
0.89582753
0.84894705
0.91085243
0.9314169
0.9154192
0.91965973
0.68315995
0.951724
0.90830106
0.78648037
0.8779
0.87262464
0.7830843
0.81318015
0.87115663
0.7983768
0.93189436
0.846855
0.93208677
0.85690415
0.93042463
0.82042044
0.8678005
0.93716
0.87456316
0.9261921
0.73396486
0.88424903
0.8855334
0.94975483
0.8788285
0.9830842
0.91088647
0.8894774
0.9282346
0.7363683
0.96071184
0.8613615
0.9297743
0.8898717
0.81380403
0.71006334
0.93863463
0.7979563
0.89464295
0.85324955
0.8658426
0.57699543
0.83924264
0.9673354
0.9274536
0.9233906
0.9205683
0.91389567
0.79526603
0.91250694
0.88217854
0.9131516
0.9543556
0.8342254
0.88222504
0.9323924
0.8545438
0.8737506
0.909443
0.60830325
0.819797
0.8183707
0.77954686
0.94439286
0.9259498
0.9573482
0.88472164
0.8306533
0.97671497
0.8911605
0.9551201
0.819906
0.6402753
0.8430799
0.7899705
0.96833426
0.6423936
0.8790515
0.9573881
0.88473356
0.94329655
0.736827
0.8885281
0.91836387
0.88305295
0.892712
0.9582098
0.9310676
0.7244053
0.93914837
0.7261014
0.98228365
0.72694343
0.8208227
0.88814825
0.94550157
0.8631728
0.97049266
0.8464807
0.7503382
0.9369545
0.7866359
0.91384697
0.8686324
0.7705536
0.8785536
0.7020332
0.9185892
0.6833268
0.7652266
0.8687511
0.85121185
0.93980736
0.9770007
0.9030276
0.98549426
0.97407234
0.9527266
0.6051275
0.80689454
0.79930824
0.96860415
0.8456502
0.5275544
0.9503383
0.8857831
0.8166471
0.9171272
0.9697294
0.9269861
0.9223067
0.82724273
0.7718138
0.8075334
0.9701637
0.91766536
0.63224065
0.8299514
0.9148352
0.7552371
0.746566
0.72669935
0.81747186
0.93577516
0.9417055
0.8460407
0.90101725
0.831213
0.8221575
0.7400802
0.59253097
0.93123806
0.81332237
0.74148095
0.8088356
0.7594452
0.8130378
0.935371
0.74321455
0.9500653
0.83660936
0.92220455
0.5318755
0.6753588
0.6101334
0.8407172
0.94943804
0.8884696
0.6966811
0.91611975
0.8637366
0.74750584
0.90550965
0.9212863
0.8102046
0.9022852
0.87000746
0.84001476
0.8107603
0.8691527
0.8344362
0.8991408
0.7914186
0.91010344
0.68623805
0.91914856
0.7880709
0.94958544
0.94132113
0.8386303
0.98127615
0.7524972
0.77135384
0.77898955
0.85742414
0.847559
0.9241584
0.58279526
0.8406919
0.95457906
0.8821913
0.83030874
0.96419144
0.80012906
0.7650657
0.83210003
0.6461611
0.8229106
0.88180375
0.8791664
0.9548479
0.8387511
0.9354099
0.8884712
0.9214493
0.82514334
0.928414
0.87878454
0.76767194
0.8856372
0.8928506
0.87355155
0.76487577
0.8765906
0.7977135
0.8255172
0.9204478
0.8868747
0.72713304
0.69872886
0.94304407
0.8616289
0.75288576
0.83261997
0.9588765
0.78726506
0.5513892
0.77814144
0.96384144
0.7227647
0.9793121
0.4519799
0.9645954
0.958682
0.72282743
0.46620724
0.9003408
0.8924429
0.8286618
0.80045766
0.93573046
0.88252527
0.7333016
0.9190713
0.82113945
0.8940196
0.9274493
0.83943784
0.76574117
0.83758575
0.7964744
0.8668436
0.8332776
0.941884
0.95070404
0.84040284
0.96788555
0.8509019
0.8679836
0.72001064
0.83453214
0.81821877
0.6303386
0.9248902
0.9702759
0.93526936
0.8860173
0.78988636
0.926737
0.91412556
0.797217
0.90486175
0.85435754
0.9817684
0.91339856
0.8795494
0.8502817
0.81959885
0.8585251
0.8480299
0.78275424
0.85454786
0.8019283
0.6976261
0.904669
0.808633
0.8605856
0.6545232
0.8954455
0.9132827
0.561082
0.87106264
0.92610157
0.8830848
0.87164426
0.84256214
0.8729823
0.9272994
0.7549352
0.8739282
0.7636819
0.9338854
0.8186567
0.7946312
0.7651652
0.8819808
0.5937866
0.8928026
0.8740909
0.85488296
0.53280056
0.8376798
0.8324969
0.5271553
0.5860207
0.90974617
0.80157185
0.9023566
0.9063046
0.9132134
0.87465787
0.8252043
0.89582217
0.910109
0.8009496
0.9163886
0.86022925
0.8597871
0.7948875
0.83160746
0.84576786
0.95133543
0.8717632
0.7610836
0.81452155
0.9480188
0.8666384
0.8650159
0.86127436
0.88120985
0.8782637
0.93149745
0.82574415
0.79306453
0.4971028
0.77605116
0.93332803
0.90633
0.7911629
0.9676323
0.9805079
0.787845
0.5207321
0.93120205
0.9397868
0.7699884
0.94945073
0.91609687
0.6593448
0.8952111
0.9282834
0.7744411
0.9231996
0.9624976
0.887455
0.72285515
0.76657486
0.8003328
0.94540596
0.8621488
0.8241863
0.90178764
0.8408996
0.8877465
0.8261339
0.822996
0.9721567
0.94814295
0.7013525
0.90734065
0.78576547
0.7334842
0.9622169
0.8620248
0.96580416
0.888217
0.76514006
0.6688124
0.81566805
0.9065348
0.8807601
0.78280437
0.70634997
0.83936906
0.78807116
0.92217714
0.9239931
0.7841787
0.8834065
0.855399
0.95762306
0.8896883
0.9016652
0.9790993
0.8725086
0.8583166
0.85145897
0.7532652
0.8729196
0.9251818
0.8755495
0.91079617
0.89567477
0.7388522
0.8770909
0.92175895
0.8420581
0.9629379
0.79114145
0.907469
0.94257903
0.8834231
0.83380234
0.9412139
0.9169415
0.94049245
0.78533506
0.5711158
0.72499603
0.7491884
0.8533407
0.85601175
0.8948689
0.87999636
0.9709785
0.6435924
0.8244517
0.80979615
0.81776077
0.857158
0.7237987
0.9514559
0.8347768
0.951306
0.97507304
0.92005706
0.78148115
0.8273533
0.91865396
0.89134526
0.8777303
0.9306563
0.72510636
0.8941214
0.7602148
0.74799204
0.86681014
0.6705901
0.9525678
0.81907976
0.96643865
0.8882791
0.8895669
0.8920068
0.8419483
0.90537703
0.89287966
0.92790526
0.95826316
0.829237
0.7031391
0.77127725
0.8177698
0.81393147
0.7248052
0.8252971
0.918956
0.7409863
0.941437
0.92437196
0.8994202
0.94944936
0.8818065
0.8216324
0.8824127
0.8701883
0.7866337
0.9084899
0.9686477
0.96786195
0.41383547
0.5771161
0.57780033
0.81202674
0.52902913
0.8266294
0.81478643
0.8484205
0.51636755
0.85677326
0.7638478
0.8561885
0.66235495
0.57777846
0.9276893
0.9078317
0.78889483
0.82762325
0.9816181
0.73501503
0.943099
0.8732358
0.7976953
0.89248574
0.8555233
0.87829244
0.70391905
0.8702686
0.7031734
0.85501164
0.90562075
0.9104551
0.8030697
0.81302845
0.7879725
0.8386467
0.86902213
0.91776955
0.854222
0.95191467
0.85498405
0.7483921
0.8302186
0.93184626
0.96817034
0.7881712
0.7491046
0.6823893
0.6641134
0.73811543
0.9562571
0.80695176
0.76300645
0.7102717
0.87365973
0.77527004
0.9228529
0.7790017
0.7583129
0.78778106
0.77984923
0.83260345
0.8788062
0.9179075
0.9604158
0.8091398
0.96319246
0.87536734
0.98781276
0.7871647
0.90455043
0.92891717
0.9023175
0.6523808
0.7267456
0.7674508
0.7863618
0.90103394
0.78207976
0.8298113
0.7638439
0.91848177
0.95181185
0.9341234
0.86457044
0.86550295
0.86726785
0.8557948
0.9451956
0.639751
0.84205866
0.8661944
0.90223247
0.8784675
0.95278203
0.847632
0.6278
0.806747
0.814438
0.86945164
0.72760266
0.91423106
0.85752547
0.9357443
0.923966
0.9286135
0.8114209
0.87211066
0.9107944
0.8785522
0.88857496
0.90725166
0.7937712
0.867381
0.9459383
0.8826326
0.96606183
0.8701926
0.96540034
0.9412602
0.9003386
0.86663055
0.9669509
0.96378213
0.77469504
0.7215612
0.75697553
0.8627602
0.941226
0.64838815
0.7681042
0.94418263
0.8879769
0.9304517
0.915718
0.71541494
0.89430547
0.94777775
0.86782455
0.54377645
0.81827164
0.8901955
0.9553268
0.81122625
0.8738592
0.8794496
0.83982146
0.9159192
0.9675847
0.82690537
0.72211564
0.8500507
0.83147585
0.86583537
0.7567257
0.9387515
0.8145241
0.689944
0.76163155
0.81808203
0.9560534
0.6605089
0.8929145
0.7355591
0.7960907
0.90049314
0.79590046
0.9263303
0.92229974
0.8724704
0.93732244
0.83556217
0.9633255
0.7316202
0.92813253
0.8086536
0.80037534
0.9463197
0.7946968
0.33766958
0.7611923
0.86774623
0.77627355
0.9209656
0.826561
0.9750376
0.9000136
0.88295746
0.9455749
0.8693703
0.8924236
0.83735704
0.931762
0.754075
0.7685023
0.78419983
0.88053614
0.6841855
0.7116791
0.95106626
0.9020745
0.9277538
0.89076006
0.8426976
0.8866066
0.90034366
0.9365204
0.74224293
0.8020046
0.8473083
0.71592647
0.9598161
0.85182714
0.9311298
0.97678924
0.94881994
0.70000017
0.78377044
0.91389304
0.85727346
0.7614507
0.85995734
0.9646832
0.8601223
0.84572
0.6666285
0.75794786
0.8549121
0.9137227
0.9097285
0.9458308
0.81361395
0.9585856
0.80290383
0.9633843
0.70351356
0.95469356
0.85765064
0.6069592
0.8156451
0.90113676
0.9111474
0.8538871
0.50393903
0.924376
0.86467427
0.80703545
0.86070955
0.77612525
0.83948183
0.96296537
0.88627493
0.88110363
0.9184473
0.83689654
0.89373076
0.93617624
0.8596381
0.9234064
0.83290774
0.81311494
0.7408503
0.9422837
0.9479099
0.51815706
0.93848777
0.8731933
0.92828023
0.8839841
0.94191736
0.78226835
0.82147866
0.9576955
0.8324094
0.7959542
0.6430776
0.64702857
0.66841114
0.96941906
0.9498341
0.76108366
0.9478074
0.85944337
0.7807981
0.7946707
0.8073207
0.9331259
0.82248294
0.8716692
0.94583946
0.95122695
0.84787637
0.84938383
0.8756482
0.8923251
0.79226804
0.83322364
0.8669552
0.73221874
0.8568321
0.89550364
0.7427333
0.9182963
0.86255044
0.8385611
0.7910804
0.75769407
0.85570717
0.6768317
0.85341996
0.78620553
0.7891127
0.9242287
0.86182016
0.71548027
0.9033424
0.24527194
0.790374
0.96591777
0.6468077
0.7760213
0.8027804
0.91511494
0.5085441
0.6131226
0.8195365
0.5130664
0.9478589
0.90843225
0.67060894
0.88810116
0.87854886
0.86591285
0.83313465
0.83887255
0.90425175
0.95475197
0.6294668
0.8966018
0.8319943
0.7868482
0.8799458
0.8794054
0.66988873
0.91143894
0.9116
0.7932694
0.90221447
0.85113734
0.9178604
0.85309124
0.95697385
0.9408077
0.95724994
0.9808863
0.87840986
0.772809
0.88613963
0.92224073
0.8112729
0.9264404
0.6470277
0.90750015
0.96046877
0.8290513
0.97446126
0.856698
0.9567878
0.7506499
0.66967446
0.9307965
0.9623534
0.95082897
0.87251216
0.8508364
0.9180114
0.96141106
0.89010626
0.87385064
0.895484
0.7091434
0.9106299
0.9047826
0.9080868
0.83545566
0.87680393
0.7387943
0.7566335
0.8248476
0.9218514
0.753863
0.96714157
0.8555324
0.9675099
0.94221175
0.7394273
0.93622655
0.73511565
0.94452953
0.84952545
0.8667973
0.72299993
0.8288979
0.7394181
0.9146272
0.92081386
0.93172586
0.8916325
0.971814
0.94471693
0.8723491
0.7156446
0.88960063
0.8502013
0.87189513
0.9632349
0.83660984
0.9416287
0.8827425
0.941144
0.84584785
0.9167633
0.8067955
0.64376545
0.9343355
0.87866366
0.8553608
0.8635393
0.8623252
0.6913312
0.82479507
0.8237947
0.89245
0.9023065
0.9418954
0.9378736
0.9137533
0.9201785
0.848513
0.8669327
0.95315313
0.89637905
0.8298044
0.9559385
0.724501
0.8909865
0.51153743
0.89601195
0.8192551
0.9665669
0.8112892
0.90435094
0.854748
0.7879927
0.9207998
0.8549517
0.85501313
0.96081156
0.901183
0.9756418
0.868085
0.9198975
0.9499581
0.7129809
0.8193994
0.81023836
0.805443
0.8701634
0.9751009
0.95546275
0.92225474
0.89902073
0.92514527
0.8651645
0.8852185
0.93325275
0.77016354
0.7888285
0.9591768
0.6445373
0.9040308
0.9092389
0.86715686
0.8260976
0.9618428
0.7325143
0.929475
0.8967451
0.559194
0.78981775
0.79514
0.3954667
0.92159
0.74230635
0.93942904
0.89196247
0.95326203
0.6825751
0.94822395
0.78164995
0.84984285
0.71799266
0.82592404
0.8565266
0.81568813
0.86110675
0.9249008
0.6285495
0.9707941
0.97020906
0.82738423
0.93872404
0.7189957
0.73785996
0.8497034
0.86475813
0.89083266
0.92707026
0.95480853
0.8838467
0.93157244
0.82413423
0.6824504
0.5966978
0.7055408
0.94557285
0.6761303
0.79922783
0.81372005
0.79790574
0.83276296
0.8806418
0.840035
0.7293477
0.8645837
0.7409568
0.85250664
0.8047125
0.9351889
0.825269
0.86317277
0.87946594
0.7765615
0.8059724
0.7647669
0.9022148
0.9091243
0.9173728
0.83547795
0.7611451
0.94474685
0.9809443
0.9457566
0.8682015
0.9349985
0.86731404
0.9367268
0.7063606
0.947045
0.67464626
0.9559526
0.7859498
0.8993244
0.88426024
0.8735886
0.8378723
0.7487657
0.9572485
0.7405021
0.8808809
0.9200948
0.7534107
0.9308009
0.80177104
0.92904097
0.70127165
0.93036366
0.91006196
0.8358683
0.9678683
0.7978342
0.9238068
0.9593997
0.8139424
0.93853045
0.9208437
0.93430734
0.6866693
0.687151
0.8112463
0.8492782
0.86598265
0.93556356
0.7511294
0.7267591
0.8526919
0.9600639
0.606879
0.94151175
0.9243767
0.9579582
0.8965895
0.90495336
0.8852481
0.5182723
0.92000216
0.8603662
0.9210285
0.9599241
0.58734995
0.8577335
0.84483963
0.79019225
0.79541445
0.8564219
0.95115876
0.8607109
0.91195315
0.76923317
0.85703987
0.7169125
0.8264831
0.80266327
0.8576434
0.7421775
0.9278095
0.8640462
0.7667955
0.9516041
0.8031243
0.95166326
0.8863435
0.90909916
0.9031452
0.4920122
0.91890955
0.7588541
0.814005
0.9212202
0.7605308
0.6815965
0.89768595
0.79809386
0.8455233
0.78613603
0.8347628
0.95120764
0.92607665
0.9570564
0.9404503
0.8786772
0.80348593
0.94279695
0.91086686
0.4480465
0.85344136
0.9150594
0.85714394
0.9583633
0.96969855
0.9231043
0.9254243
0.89442426
0.85432416
0.90442735
0.83415115
0.93755454
0.8842467
0.68651426
0.8230872
0.8641647
0.72982943
0.88264835
0.8905885
0.84781057
0.96417457
0.9222523
0.9101224
0.5757345
0.868987
0.94330806
0.7598188
0.9212235
0.7754921
0.9360666
0.94558865
0.6858678
0.7520526
0.9052873
0.7832591
0.87791175
0.9365418
0.8727043
0.93364847
0.9405768
0.93801886
0.9719959
0.9181859
0.61591136
0.8975898
0.7923067
0.7633124
0.8182481
0.67054677
0.78853154
0.9270556
0.8497312
0.7760194
0.7287624
0.80726206
0.87774384
0.92100334
0.6882283
0.84301627
0.8445009
0.9063158
0.94582355
0.9139588
0.8258049
0.93352795
0.9091501
0.7542338
0.77742547
0.8042148
0.8909688
0.8213103
0.9372394
0.9541258
0.9036181
0.94398975
0.8961844
0.74445266
0.84592915
0.88115895
0.9277092
0.85177046
0.84779984
0.7988147
0.9205283
0.9039687
0.91566163
0.8016002
0.73965424
0.6690781
0.90058273
0.8369585
0.9027587
0.62007016
0.9075184
0.8506168
0.8021333
0.72184116
0.8357339
0.8575429
0.87358844
0.8664336
0.8000202
0.87943107
0.92234653
0.8931771
0.8959932
0.8702695
0.9233302
0.84335804
0.72030646
0.9767239
0.9289684
0.6784878
0.85338783
0.89346766
0.8015666
0.8800578
0.6705273
0.8620578
0.91386944
0.8184342
0.887699
0.90185046
0.848211
0.94285095
0.90413725
0.9256709
0.5499127
0.87066746
0.89343464
0.9654494
0.80521595
0.7594406
0.783138
0.9422671
0.86581147
0.76872957
0.8060918
0.7296996
0.9456112
0.8653403
0.8094391
0.93026865
0.765645
0.8488648
0.8507297
0.87554395
0.66583264
0.92291546
0.8844807
0.56153214
0.8733381
0.97435635
0.736275
0.8539595
0.8131228
0.83255726
0.86095524
0.9424635
0.8793572
0.8620289
0.7930127
0.79316294
0.781994
0.9400209
0.97464454
0.8601724
0.8935093
0.8046526
0.8901608
0.8786572
0.77217454
0.95934737
0.9381904
0.81927896
0.8523156
0.7434875
0.7961463
0.8879504
0.88727003
0.82982886
0.63870716
0.9509288
0.70466524
0.7994456
0.8394869
0.84845877
0.93109107
0.8066674
0.89260304
0.95402247
0.9654687
0.79577416
0.791125
0.90768594
0.7709131
0.8283316
0.8997378
0.86111355
0.7705176
0.83536947
0.84335095
0.58967316
0.8989615
0.87139195
0.80710447
0.66326046
0.75515205
0.8193976
0.8549242
0.83825517
0.6701872
0.87428904
0.83194315
0.9221339
0.91332936
0.9269116
0.82338107
0.89198965
0.51085156
0.8254613
0.58035445
0.88890606
0.9387904
0.8674045
0.6356797
0.7526338
0.6894835
0.90472376
0.86917883
0.46106952
0.61010337
0.9590012
0.94490296
0.9286259
0.6531322
0.8998703
0.93175155
0.80299443
0.85888153
0.9437848
0.8940904
0.9540677
0.85631037
0.96609056
0.89300346
0.2918666
0.8862329
0.7723578
0.9403543
0.92387044
0.61343837
0.78819555
0.9643384
0.60311747
0.85091376
0.8608685
0.8603889
0.8687885
0.89388686
0.8282598
0.546818
0.770265
0.8294581
0.9158772
0.81764853
0.64524686
0.9524263
0.97658414
0.7737353
0.61426353
0.8739884
0.89555043
0.6957061
0.55032635
0.89758265
0.72339535
0.8988855
0.89537245
0.75469565
0.8264355
0.9227865
0.888456
0.9158852
0.782503
0.8421761
0.93140435
0.76210165
0.8694574
0.9305754
0.9428514
0.8705398
0.8667115
0.9709884
0.88662887
0.9053737
0.8025516
0.95505905
0.7501739
0.88727176
0.8492004
0.81452256
0.86611974
0.7512506
0.72576404
0.9015082
0.9431806
0.9132509
0.8753197
0.8423536
0.93026453
0.8312379
0.8291297
0.8212331
0.904552
0.8308054
0.843124
0.7912562
0.8265845
0.817325
0.8965622
0.9741458
0.93363523
0.83639896
0.8934598
0.98755884
0.71303284
0.80821276
0.7447051
0.72388834
0.89046055
0.88989735
0.7659688
0.91648316
0.84820527
0.88555783
0.83850497
0.91141176
0.9315764
0.9494128
0.8926164
0.89659387
0.75417084
0.91738373
0.80142045
0.5422165
0.961687
0.97566706
0.8315699
0.965065
0.6336066
0.80751693
0.832803
0.90733933
0.57823056
0.93969023
0.6642645
0.9735956
0.8388527
0.81882817
0.91856503
0.89595926
0.88147
0.48715043
0.92082095
0.9786696
0.9857922
0.5834976
0.8262782
0.9505247
0.91165996
0.7241339
0.96763915
0.8336903
0.9238891
0.79112726
0.67313266
0.91151524
0.8272282
0.7961012
0.88151973
0.74785256
0.9189782
0.71882766
0.8009629
0.84757936
0.7882391
0.7684659
0.92798185
0.9293019
0.82550883
0.80329055
0.8299093
0.78431135
0.77318573
0.9544453
0.96804476
0.93084913
0.8531879
0.86597234
0.67156065
0.8243437
0.67144525
0.91633093
0.803121
0.8547585
0.883548
0.78639495
0.8921553
0.9351926
0.86969155
0.95475626
0.8805547
0.94768196
0.9004882
0.86650753
0.94484663
0.76157516
0.8471836
0.8128091
0.796307
0.88331014
0.8728435
0.82470745
0.9529053
0.8903568
0.8728275
0.93609685
0.84952956
0.6919216
0.8250036
0.8362031
0.96089786
0.89702624
0.8438359
0.8567407
0.9091514
0.8548125
0.97695875
0.92739254
0.55989254
0.9425287
0.8821316
0.7503931
0.7956643
0.9152908
0.91252863
0.97129405
0.51856524
0.9051897
0.5607696
0.83186245
0.7936591
0.9520022
0.7950206
0.7656187
0.89219624
0.7120644
0.7074437
0.8643218
0.84443164
0.86119986
0.899246
0.94659173
0.6532022
0.8485414
0.8324537
0.8822708
0.7354857
0.93454695
0.7316682
0.9420156
0.82707745
0.8941661
0.8322289
0.90823936
0.73200715
0.6618462
0.6283677
0.71441585
0.8423815
0.8232173
0.9297785
0.9422018
0.83945227
0.9031357
0.9342593
0.9147909
0.9233211
0.79328823
0.94632155
0.90564257
0.7711594
0.918981
0.7911085
0.8758426
0.82889295
0.82382876
0.81949204
0.90820765
0.83093846
0.8392077
0.86746156
0.8243308
0.87967545
0.8643281
0.8611131
0.9384557
0.6288844
0.90834117
0.93567395
0.9830024
0.94944
0.8965822
0.9024423
0.84722906
0.9636203
0.74782014
0.9219798
0.9440248
0.94279695
0.88766706
0.8975291
0.937338
0.917327
0.8896993
0.82133794
0.81903976
0.7677132
0.8269391
0.63139886
0.9303319
0.90450025
0.86911607
0.85456043
0.94243234
0.83513594
0.75971997
0.9787246
0.74965113
0.757063
0.7465165
0.7041358
0.8422133
0.9520967
0.78717095
0.8787031
0.96431345
0.70747143
0.87963146
0.85601836
0.94219923
0.7730125
0.96794057
0.9315056
0.84191084
0.7725804
0.93769944
0.93731815
0.647542
0.7901553
0.6178876
0.6896583
0.81968343
0.88515145
0.56328523
0.7699678
0.93857634
0.8472782
0.94069874
0.84591717
0.908742
0.79952717
0.8529426
0.95327646
0.8879136
0.76744175
0.9193784
0.9107164
0.9547032
0.83726895
0.939122
0.9144509
0.81460947
0.7939057
0.80519366
0.641287
0.67582214
0.9420404
0.80029804
0.9227102
0.8171145
0.8353771
0.6754115
0.9005295
0.9351903
0.8740659
0.7486332
0.7309619
0.97492576
0.96058977
0.9191971
0.5498566
0.78715336
0.7743478
0.90825707
0.69260895
0.7110897
0.46258634
0.80994165
0.81559646
0.7537244
0.9676093
0.84875166
0.95903134
0.8262858
0.75199187
0.9144398
0.9259511
0.92633975
0.90861726
0.9096184
0.7903371
0.78337383
0.9124524
0.6283555
0.9282802
0.88719165
0.9208058
0.8670038
0.944989
0.75936294
0.87621254
0.82766813
0.9362635
0.6974911
0.8505429
0.94347256
0.8075036
0.75764996
0.92512834
0.89637446
0.93572164
0.9253452
0.83209896
0.82118875
0.90509313
0.80239695
0.92127
0.73976135
0.9443193
0.9138984
0.8130286
0.7876283
0.9379852
0.7515962
0.6161893
0.8358128
0.9428971
0.94209254
0.88422376
0.7054942
0.9051263
0.98975706
0.7515431
0.7095078
0.81030434
0.86431885
0.73249733
0.6856905
0.6846273
0.9689357
0.85066885
0.78933686
0.9700626
0.7952862
0.6629007
0.90363115
0.7175378
0.8486869
0.8399357
0.77201617
0.92672694
0.7250784
0.9446855
0.8501935
0.96486986
0.5843964
0.8961077
0.95341575
0.8755069
0.83958983
0.7503449
0.6626868
0.78261703
0.54686874
0.6638228
0.66447705
0.90577686
0.7996241
0.88486826
0.73982644
0.91174847
0.9545769
0.88560706
0.98596376
0.5824106
0.81692433
0.7272066
0.8830278
0.73820585
0.89230585
0.95215005
0.86949
0.858
0.71904415
0.8083449
0.8797738
0.7894547
0.9392672
0.9153273
0.9432791
0.96793795
0.6614132
0.6646813
0.5916066
0.87852424
0.87767595
0.5954477
0.84984636
0.8349516
0.86245596
0.9118142
0.5317732
0.88160324
0.90420735
0.88077927
0.95775104
0.7987819
0.8938949
0.8777131
0.94074273
0.89085555
0.9748057
0.84850127
0.49221444
0.9715478
0.7416702
0.88556886
0.84121066
0.8880074
0.8713716
0.77972364
0.80530953
0.7950108
0.91599166
0.78154707
0.9762115
0.88039804
0.9315834
0.5326008
0.9472725
0.67106944
0.8263793
0.86125135
0.9310456
0.90411687
0.9731599
0.7752281
0.88700163
0.58974904
0.7802584
0.8984891
0.68530273
0.76690847
0.92144763
0.9628649
0.856312
0.9158076
0.8567112
0.65125597
0.8712171
0.82782024
0.7386009
0.91036785
0.83899176
0.8868147
0.8820698
0.8783003
0.8538292
0.770924
0.77302444
0.8039889
0.9671317
0.8460994
0.91495895
0.77918935
0.7216675
0.4818972
0.8959589
0.9037123
0.9477551
0.9160237
0.8881867
0.76991653
0.7114558
0.7597377
0.8578119
0.69203866
0.9526272
0.8715429
0.93293774
0.871938
0.6426978
0.70106274
0.8921299
0.7052213
0.90326774
0.8793911
0.97532195
0.9053994
0.76108813
0.6560516
0.9224677
0.9065098
0.75182676
0.9166076
0.938589
0.70549333
0.9401955
0.9831526
0.7895987
0.77454865
0.90848696
0.61828595
0.8214198
0.8192112
0.9433279
0.6716535
0.84426033
0.89834785
0.83087695
0.77102494
0.84450376
0.96246266
0.76651216
0.7790449
0.9548449
0.9371905
0.8886786
0.8646719
0.7207069
0.856679
0.9356544
0.85944283
0.82360774
0.911364
0.8208355
0.8324002
0.87840104
0.9212196
0.7551275
0.8888479
0.79112977
0.84279
0.891595
0.7366994
0.89443487
0.8344903
0.95776844
0.87212753
0.76313835
0.9651303
0.93086934
0.899243
0.91875887
0.77093846
0.94815254
0.7031523
0.868047
0.8486115
0.867545
0.9025784
0.8448572
0.9005014
0.93764806
0.9169657
0.8189488
0.60574096
0.8337469
0.91594255
0.8864366
0.82334757
0.95200354
0.7398429
0.8601706
0.8430458
0.7204217
0.9392462
0.9699047
0.86149675
0.8850286
0.95431656
0.8310712
0.7467873
0.92376685
0.7897035
0.9753024
0.6834155
0.74331063
0.93036807
0.8700131
0.9739215
0.89730287
0.95892245
0.7858907
0.87509406
0.9452116
0.87952375
0.89308935
0.90903723
0.6898219
0.67343235
0.87238544
0.90109485
0.6549192
0.9284667
0.82999015
0.8361809
0.98534334
0.96047556
0.9044776
0.86902726
0.83687955
0.94820595
0.97621185
0.8893889
0.7344265
0.82389146
0.84084415
0.61086774
0.7863981
0.5464636
0.9031349
0.88583004
0.81463397
0.94126636
0.7076926
0.8694819
0.9738724
0.9063815
0.7043766
0.7411753
0.9042287
0.88804066
0.87191343
0.772265
0.7976765
0.7389013
0.92207
0.8032416
0.90906936
0.8511404
0.9373517
0.79903346
0.87929106
0.89151925
0.89385796
0.96673113
0.8736942
0.8256588
0.89999354
0.82262635
0.8301221
0.9073486
0.8827428
0.8779931
0.8419434
0.93083644
0.93643516
0.8814523
0.8820856
0.929409
0.806193
0.8303713
0.93764657
0.47381377
0.95334405
0.6948651
0.83470726
0.8411072
0.8081244
0.9025713
0.74546295
0.9197623
0.9679052
0.87947077
0.9211171
0.8743783
0.807906
0.8892142
0.8269943
0.7676667
0.97845656
0.86941075
0.81925064
0.87069154
0.72913146
0.8175447
0.9141568
0.7933007
0.8537218
0.940599
0.773929
0.78753966
0.9165628
0.6973786
0.92840624
0.874737
0.97738504
0.96168387
0.70322835
0.89376664
0.8686236
0.82507586
0.93800914
0.65495414
0.8254918
0.72539043
0.9504845
0.91463286
0.7586417
0.80737627
0.8767015
0.9361059
0.70605636
0.88070107
0.89321625
0.92851293
0.97755736
0.9164493
0.8730385
0.91405505
0.68466115
0.866068
0.92862535
0.84211653
0.91426545
0.7104116
0.69841063
0.8416518
0.8662813
0.862334
0.83958834
0.8462021
0.9288492
0.7428439
0.9420517
0.948688
0.92591107
0.9694427
0.907429
0.80887455
0.85779417
0.86260945
0.8290426
0.79815435
0.8662698
0.8609996
0.8907286
0.88984716
0.83324814
0.8635321
0.82192683
0.89863354
0.7447768
0.8641964
0.74753666
0.78185034
0.92346835
0.80976903
0.6541973
0.92124104
0.96006846
0.88803184
0.8890837
0.7802816
0.9519076
0.89918506
0.8387227
0.8764405
0.72158575
0.5792887
0.8960693
0.7542414
0.8121898
0.94183874
0.75011075
0.84317344
0.7592007
0.8633882
0.9148984
0.87569445
0.9182695
0.8701992
0.9222777
0.86096156
0.8554407
0.8714183
0.902039
0.84820604
0.89475447
0.7717887
0.96821624
0.8089845
0.9623027
0.90738976
0.9503505
0.92567724
0.9595951
0.27794224
0.9613989
0.82486963
0.8082216
0.90892065
0.76658803
0.8747713
0.8881399
0.7463107
0.90251434
0.7740187
0.878865
0.8537919
0.9879688
0.65723056
0.54956025
0.8951292
0.8964673
0.7829047
0.95470464
0.9261619
0.8524388
0.9019876
0.8881064
0.7762582
0.76509637
0.9123126
0.88380396
0.9619202
0.60098773
0.8255192
0.8873325
0.8538465
0.6734959
0.97313046
0.93525964
0.8273891
0.8195505
0.6823312
0.87670714
0.9233785
0.9231302
0.7405151
0.89606756
0.9096034
0.74729747
0.73270035
0.92701757
0.79798526
0.86442477
0.7661839
0.83884484
0.9178829
0.8438165
0.7180445
0.852051
0.9087054
0.87531304
0.84519225
0.66505885
0.9075463
0.8311284
0.8931931
0.9374455
0.64993596
0.83792603
0.71167254
0.9635398
0.7165053
0.49989623
0.94292855
0.8159537
0.9464287
0.9610791
0.856472
0.9235059
0.9545137
0.7253658
0.9249452
0.94048345
0.85147995
0.9268689
0.8574837
0.9704971
0.7735659
0.8669718
0.7000777
0.95092785
0.7632421
0.61197823
0.8874334
0.971951
0.95780843
0.56866276
0.94021493
0.8558506
0.7914896
0.9659957
0.7915243
0.81920487
0.9291097
0.93289536
0.85373664
0.95431685
0.7212321
0.47949463
0.92193055
0.9275558
0.64133483
0.7522349
0.93766624
0.77529144
0.86813045
0.9000114
0.7192781
0.7022989
0.91371346
0.86681724
0.87462026
0.95997953
0.91469395
0.79649925
0.835367
0.9518821
0.8490404
0.8783778
0.79256904
0.5629505
0.89448565
0.7930272
0.9434856
0.8430791
0.85745215
0.9785843
0.9144734
0.9475721
0.9617303
0.95112824
0.89271027
0.84268314
0.94043636
0.8013256
0.84741545
0.7978195
0.8391395
0.89462286
0.95579267
0.93432575
0.9281831
0.6734816
0.83418804
0.93473804
0.89266986
0.904233
0.611199
0.8480383
0.92153597
0.6914474
0.68206006
0.9342249
0.75749177
0.8599886
0.81313217
0.89276844
0.88527083
0.80327505
0.85226977
0.81626827
0.8781687
0.6076534
0.81732285
0.6821682
0.86606246
0.8042518
0.81969696
0.8790579
0.6769729
0.9262078
0.83024824
0.9258703
0.94494724
0.8066764
0.8223605
0.88579214
0.7899561
0.7354765
0.65553236
0.9723262
0.87707305
0.82971454
0.94567084
0.8549499
0.85148656
0.83319205
0.69323766
0.93915343
0.9445754
0.94214725
0.88535494
0.9535789
0.7369405
0.9026025
0.8241644
0.9246792
0.8342308
0.93465334
0.81803316
0.84155154
0.7032143
0.7870996
0.86093163
0.72117335
0.8372926
0.9170294
0.946927
0.9094546
0.9014241
0.9082093
0.9473981
0.9032861
0.8041041
0.9689435
0.89032376
0.5913204
0.85001755
0.8704622
0.9672857
0.86239594
0.88035226
0.86839676
0.8944932
0.9663397
0.8737179
0.9118843
0.90104085
0.8502276
0.879825
0.75258243
0.8152247
0.89866763
0.75586396
0.65847427
0.91194814
0.90570045
0.84521234
0.7478403
0.728876
0.8449972
0.8936284
0.9075871
0.79130226
0.8439903
0.7217969
0.4317409
0.873834
0.65731394
0.81678265
0.90123105
0.7477577
0.8994473
0.8612553
0.7418934
0.9481486
0.7549236
0.8790369
0.6777461
0.7945586
0.9487255
0.94059026
0.78077614
0.92544323
0.95483786
0.90851605
0.81536025
0.8971139
0.9682217
0.9653554
0.9153683
0.9047906
0.8892259
0.7499597
0.8079446
0.9288802
0.7468078
0.8894791
0.7989603
0.87017405
0.9442715
0.88022953
0.94091743
0.9505043
0.9291315
0.817119
0.806841
0.89450353
0.47961938
0.92427796
0.56503767
0.8272427
0.89523417
0.856567
0.8732893
0.8614755
0.9742807
0.870909
0.55213356
0.6377724
0.93057895
0.69849485
0.9534682
0.8787284
0.74254286
0.83284056
0.7451298
0.74934053
0.7698696
0.8656069
0.9113114
0.9408388
0.8785044
0.901505
0.8130607
0.9281719
0.8725008
0.8044777
0.85109824
0.91435057
0.8070594
0.85471463
0.8665554
0.75310326
0.92981833
0.8475599
0.9438079
0.85882616
0.88611174
0.8095007
0.6524258
0.95126045
0.85244656
0.7428119
0.7747361
0.85713845
0.909456
0.91648144
0.91004086
0.77080476
0.8680431
0.89440304
0.8751247
0.85445154
0.87720466
0.60244775
0.9518807
0.696341
0.78105366
0.7828155
0.9555373
0.74137515
0.6643657
0.96740633
0.9544715
0.8908577
0.93435365
0.6353958
0.6834748
0.9224225
0.82349247
0.6065067
0.8255106
0.8373647
0.7286372
0.70702875
0.80966157
0.9323367
0.9673095
0.9545537
0.8875455
0.8769343
0.88041973
0.97567797
0.8494405
0.8691226
0.8081049
0.9255965
0.8461365
0.92797875
0.20612119
0.7942276
0.8295604
0.93991065
0.9231891
0.794156
0.58800226
0.91489995
0.8878765
0.9108994
0.935268
0.96160114
0.9053327
0.68818116
0.8754931
0.8759414
0.94031227
0.7473396
0.8422985
0.89007396
0.97920954
0.786752
0.9053308
0.8615152
0.8096573
0.7990297
0.7550153
0.80837727
0.8744662
0.71510994
0.96021307
0.46588975
0.85451835
0.92694235
0.7135352
0.7021798
0.54514074
0.83007216
0.84227264
0.9311746
0.9542159
0.6974956
0.6524014
0.91325885
0.967167
0.97312117
0.44046286
0.91159457
0.7932194
0.7948837
0.9206128
0.7863333
0.8479829
0.8989397
0.9118249
0.84614134
0.92967075
0.6949375
0.87981355
0.90260065
0.89026153
0.7952631
0.8955765
0.73751503
0.86584204
0.8229853
0.5666226
0.84145284
0.73173517
0.90118647
0.78787196
0.935854
0.93045586
0.8532653
0.8626237
0.932455
0.7273112
0.93288136
0.8266705
0.7042105
0.6457707
0.9500986
0.9748464
0.82518625
0.8351376
0.72095424
0.7947948
0.8196773
0.812744
0.910411
0.80200243
0.63313454
0.6250708
0.96087617
0.93652403
0.8782971
0.80720824
0.85711884
0.90538913
0.84641874
0.923874
0.8844526
0.70875216
0.94785357
0.95257837
0.88504994
0.89183044
0.77619386
0.9065763
0.9483621
0.92520154
0.82182556
0.9271744
0.9223895
0.6820608
0.6665249
0.8306627
0.97375286
0.9341879
0.9384869
0.7087465
0.9005171
0.9342301
0.6972193
0.7190216
0.8364934
0.8214211
0.8893045
0.83506
0.83606106
0.8902066
0.6738318
0.86942655
0.9320296
0.9187478
0.8805245
0.96829903
0.74473035
0.80712605
0.9476483
0.9144699
0.7728415
0.936029
0.9188165
0.85167664
0.91151917
0.927863
0.8993471
0.80888176
0.8426651
0.93837214
0.90653366
0.8022929
0.9441753
0.8222083
0.66150135
0.62438285
0.7710339
0.83376384
0.9364859
0.8267527
0.58414316
0.8838856
0.8320673
0.92038524
0.85747826
0.7251293
0.8702675
0.88928646
0.95515954
0.8532638
0.91715866
0.85933304
0.9633745
0.8783254
0.9086967
0.83030045
0.9107754
0.47007996
0.6892539
0.8875385
0.8777418
0.7920217
0.9330142
0.8823005
0.6042938
0.8213718
0.9566559
0.81981003
0.87670755
0.6010719
0.89956504
0.8801718
0.91716224
0.8773875
0.9059554
0.93391407
0.8892989
0.9201166
0.8718151
0.6673742
0.6476409
0.56408775
0.8983507
0.87367946
0.85738397
0.82452554
0.8349622
0.77009416
0.9088335
0.90783316
0.90669966
0.634436
0.9263949
0.86826736
0.85455
0.88798034
0.9349423
0.77413845
0.9079962
0.8654301
0.97120535
0.9048887
0.9011233
0.7437273
0.885893
0.7236843
0.95086884
0.93602866
0.7751374
0.81508493
0.769755
0.5848847
0.8961552
0.63847953
0.94248384
0.613136
0.86167425
0.9114676
0.7345712
0.9141143
0.8556888
0.94704556
0.9033557
0.9410929
0.8637041
0.77175224
0.90707517
0.901981
0.8920865
0.8600588
0.9115691
0.9215729
0.92278576
0.9390583
0.7917417
0.7325424
0.68807524
0.8501423
0.9312446
0.659711
0.66186553
0.63763165
0.90638113
0.88776344
0.90618473
0.9648069
0.90296096
0.9291238
0.86833405
0.9857067
0.91705537
0.9544302
0.88079613
0.9043354
0.7322862
0.7463848
0.74376017
0.75203913
0.9192651
0.8952786
0.9132674
0.78585255
0.87127846
0.87344056
0.8447205
0.8763157
0.9150884
0.93766063
0.8926864
0.88776267
0.9246793
0.9554184
0.70750964
0.73402023
0.8163378
0.825172
0.8428191
0.9415854
0.80445224
0.8623798
0.85676455
0.862481
0.9709457
0.6837932
0.8630764
0.8272304
0.9708674
0.8945182
0.8564398
0.9295491
0.92747533
0.94694054
0.7225332
0.58454597
0.97792995
0.88009906
0.9382079
0.64863485
0.7892665
0.92468405
0.869982
0.8787324
0.87373626
0.84129286
0.79832864
0.8553353
0.94834113
0.8930632
0.90157706
0.91752756
0.90510786
0.8403955
0.9580606
0.7780884
0.8421063
0.86855924
0.8356079
0.86718965
0.6859689
0.78337026
0.9120963
0.6718002
0.93325305
0.568368
0.9629639
0.8563208
0.8642583
0.79540354
0.910187
0.91544694
0.90233076
0.8550962
0.84822166
0.8221456
0.96354353
0.9498958
0.9032982
0.7207639
0.86847913
0.8890644
0.6419303
0.71993935
0.77446085
0.943894
0.9156621
0.80711704
0.9699233
0.90967464
0.90938616
0.9641554
0.9024686
0.83473384
0.81234705
0.9559276
0.82705927
0.8164484
0.94702494
0.7800454
0.9686445
0.8970448
0.8903807
0.90392184
0.9096916
0.7945349
0.8592816
0.8661891
0.9372315
0.76393944
0.8751548
0.89950633
0.9669403
0.9146447
0.8854504
0.90718096
0.7450818
0.7744545
0.95814943
0.90895236
0.95593137
0.85733616
0.8305428
0.8690324
0.88405657
0.8412241
0.8637333
0.68171793
0.7467779
0.95547163
0.81297565
0.88869196
0.86815023
0.8942653
0.9241713
0.94832873
0.74487925
0.8855191
0.8313469
0.8212251
0.87536025
0.6825517
0.8064083
0.93834716
0.8989527
0.6262696
0.8760275
0.89263415
0.70918757
0.8493814
0.9043305
0.773789
0.85041714
0.70722526
0.88581556
0.9537281
0.83112454
0.81886554
0.8565735
0.7321759
0.6805817
0.69511646
0.9344088
0.7552471
0.7393286
0.8264917
0.8879989
0.8347856
0.85874575
0.8576103
0.5782098
0.89913136
0.95249045
0.980597
0.9558712
0.88735664
0.76638556
0.717712
0.8607844
0.6713503
0.6764867
0.7367021
0.88593423
0.86951923
0.8115909
0.95901227
0.92823625
0.88160884
0.9416858
0.92459387
0.8317274
0.9224747
0.9370937
0.89682406
0.78691226
0.7136794
0.9341919
0.83739424
0.68993205
0.92620707
0.88072926
0.7785145
0.73710394
0.9338618
0.8274557
0.7951516
0.8852087
0.5900204
0.83844286
0.9039612
0.89406466
0.8069387
0.94071877
0.9429486
0.9160783
0.9315229
0.9777663
0.9192965
0.8736342
0.7977463
0.848991
0.80204797
0.95866567
0.78518933
0.8689466
0.9247459
0.90123355
0.7439083
0.90300894
0.82085043
0.94233453
0.9595307
0.82027817
0.73268706
0.681375
0.84051764
0.89759314
0.88979024
0.9361969
0.7160272
0.81178004
0.8881647
0.7016356
0.5125339
0.89719296
0.72049236
0.72642934
0.9531337
0.63491195
0.92353773
0.8905173
0.8387257
0.93741107
0.9285059
0.80162084
0.9670823
0.67538977
0.86255693
0.88661265
0.8807579
0.81987697
0.7249108
0.8731743
0.8842606
0.8723923
0.95401776
0.85737306
0.85755384
0.9275042
0.9433536
0.75959027
0.7767044
0.60673994
0.9032941
0.94286394
0.7679133
0.8754327
0.73742265
0.82470375
0.7306284
0.90984964
0.9553976
0.7314824
0.9253746
0.8466726
0.96772504
0.8075818
0.9794345
0.8489335
0.87118614
0.91739184
0.824486
0.87212867
0.6965591
0.8041311
0.76802325
0.8532349
0.8200411
0.7125334
0.9482479
0.88070494
0.9561522
0.8149467
0.7014694
0.8636593
0.86880416
0.887625
0.86998725
0.8371256
0.8469899
0.79679656
0.82149565
0.98016775
0.9653174
0.8673227
0.9041898
0.7283219
0.92787904
0.8907693
0.81577295
0.92188275
0.78314406
0.68573517
0.9432365
0.89308214
0.81638676
0.85369766
0.44272134
0.9096652
0.9723704
0.859622
0.79283524
0.55086523
0.92526674
0.8716551
0.7554039
0.80247307
0.8629285
0.9492756
0.7412565
0.7183023
0.86955243
0.6484221
0.92532635
0.93486667
0.9026799
0.86818415
0.90224046
0.76452595
0.8389628
0.9291637
0.42633703
0.8529793
0.7732522
0.80318964
0.86478263
0.7715051
0.95914763
0.80043745
0.88829494
0.73573613
0.88214254
0.95957816
0.7778782
0.9059945
0.7617331
0.97381675
0.9196236
0.8050786
0.92083097
0.84287864
0.8894628
0.79570454
0.7293378
0.88522375
0.88443047
0.9480134
0.7251012
0.85031176
0.9157508
0.8093358
0.93804574
0.80009395
0.62205976
0.7508231
0.7195964
0.9328873
0.97173554
0.74995327
0.85393083
0.8494546
0.6742718
0.9675436
0.7614589
0.73384035
0.9540327
0.90782505
0.768892
0.8972741
0.8979392
0.82211214
0.89161336
0.8817271
0.9027631
0.8762161
0.9785266
0.77003646
0.92706877
0.85896075
0.7624893
0.79541004
0.89648694
0.7943218
0.9207609
0.91592216
0.84920806
0.87734383
0.9091216
0.8806439
0.9407839
0.87531054
0.9239192
0.8851849
0.9573713
0.89055085
0.8450214
0.95676166
0.7752874
0.79307485
0.96819496
0.9441237
0.77285457
0.86840105
0.85038626
0.80469334
0.8011068
0.81659216
0.9416882
0.91176933
0.9570595
0.91929585
0.800305
0.9072543
0.9336841
0.83847237
0.91856205
0.89769304
0.91714305
0.8933783
0.91729337
0.79006636
0.90018976
0.89771616
0.8550302
0.82564616
0.76304305
0.76366097
0.8290463
0.8641114
0.8923106
0.8185345
0.8956168
0.9514827
0.9372776
0.8602996
0.9691479
0.7618326
0.7827739
0.78778255
0.9645018
0.8903588
0.91206676
0.7796838
0.71876967
0.82767636
0.707953
0.6177258
0.94308597
0.75461614
0.6446811
0.5974891
0.5220665
0.8771966
0.9067255
0.9585348
0.8495612
0.85119575
0.8811152
0.6846529
0.8081903
0.81915605
0.69143647
0.8009808
0.9670687
0.8443903
0.72582895
0.6929501
0.8790936
0.8452481
0.85469675
0.8102133
0.90988106
0.6955391
0.88088965
0.8638654
0.8886292
0.86181146
0.8793486
0.6083888
0.9292629
0.94507027
0.91990066
0.915792
0.6120088
0.94314253
0.8157078
0.9285265
0.8462635
0.7611406
0.9208959
0.9595457
0.62294024
0.666237
0.9280763
0.6803555
0.8496513
0.8527183
0.9766131
0.9004495
0.7662016
0.87647706
0.8814797
0.96263695
0.82361823
0.9528276
0.77222574
0.9175349
0.87242526
0.76957864
0.8937285
0.8318698
0.90758127
0.88292795
0.8802222
0.7044831
0.8953943
0.7777037
0.86163694
0.9122591
0.5778046
0.81891537
0.83296883
0.75286394
0.88666785
0.95359004
0.7385982
0.8855079
0.9479605
0.84111655
0.7278296
0.75117767
0.7695434
0.9412751
0.8807474
0.87770534
0.819271
0.89307487
0.7726161
0.79575926
0.91344476
0.83948636
0.83229506
0.85910326
0.8452617
0.85397273
0.91873014
0.9393823
0.69403386
0.78453934
0.6790127
0.79668415
0.8792187
0.84690404
0.7741325
0.94953966
0.9366218
0.9442191
0.76914525
0.9198029
0.84559804
0.92078257
0.89762
0.88315463
0.7668812
0.93206966
0.9539224
0.87225467
0.9317101
0.9497241
0.353204
0.8592923
0.7657582
0.9191993
0.8451709
0.78571683
0.89290476
0.725172
0.86654526
0.80094457
0.8909765
0.7410102
0.8110674
0.9003881
0.9529433
0.850757
0.9477351
0.95248735
0.87698793
0.7077738
0.8298507
0.94125277
0.9411692
0.8701737
0.9661933
0.8726046
0.8466706
0.88897884
0.93800235
0.8789583
0.78117764
0.91370094
0.9837266
0.8354385
0.956905
0.9372531
0.720792
0.96361464
0.85148084
0.96646094
0.8954503
0.870085
0.8254111
0.91336423
0.97519755
0.9520334
0.8897691
0.91051334
0.9370381
0.9407501
0.93279934
0.8100402
0.61200744
0.9306048
0.74240005
0.8395653
0.8275993
0.9001192
0.70490444
0.8645989
0.9151442
0.8709439
0.97006166
0.82327586
0.8692554
0.80757654
0.8045428
0.7917576
0.68429375
0.9175575
0.74353474
0.792458
0.9094408
0.8057765
0.8351958
0.910788
0.87445194
0.6666495
0.9217402
0.8541051
0.88315177
0.68783176
0.8158887
0.707369
0.8470776
0.79326415
0.90919685
0.9530758
0.76968515
0.8283517
0.9269266
0.89567316
0.810934
0.79300535
0.9406884
0.90692246
0.92782897
0.79813313
0.840869
0.792324
0.9560582
0.93972427
0.9770899
0.95264494
0.72737956
0.8387761
0.8954861
0.6843358
0.923929
0.84512794
0.95685756
0.70901275
0.86582106
0.8628783
0.5819971
0.65017456
0.86954576
0.8365848
0.79926705
0.9406445
0.814497
0.917255
0.9601522
0.91676015
0.86790824
0.7958591
0.93301105
0.96880966
0.92546916
0.9587719
0.94132066
0.9060588
0.91058564
0.90721315
0.74651986
0.8484753
0.91829216
0.8918313
0.9079288
0.94773066
0.7502915
0.90237844
0.9112751
0.65847147
0.8462775
0.8366889
0.77072775
0.88271475
0.93538547
0.930199
0.8686441
0.92599237
0.79436135
0.7701607
0.55874616
0.88314646
0.86152846
0.9764213
0.8195054
0.89138407
0.8618821
0.68635607
0.87630355
0.9080857
0.6604482
0.8534571
0.9208487
0.9034525
0.9397777
0.75992715
0.5318191
0.8701253
0.9260446
0.9011711
0.88927454
0.94757575
0.8961993
0.84620833
0.9143357
0.88975024
0.890494
0.8437486
0.8952284
0.94739115
0.9138619
0.87549067
0.83036804
0.86314046
0.96536666
0.86984205
0.988268
0.81250674
0.9298984
0.9163401
0.65153676
0.9451014
0.84181273
0.85317415
0.9113013
0.6762712
0.9286655
0.74749666
0.8807678
0.80781734
0.8399464
0.49985197
0.8424965
0.8293514
0.96526444
0.9081156
0.78657037
0.8481019
0.87303656
0.82174397
0.9256079
0.86952806
0.8431541
0.77763265
0.8162055
0.67065036
0.9109301
0.85685134
0.9305592
0.80605674
0.80493164
0.8927106
0.925918
0.90077686
0.9040635
0.95116985
0.9768543
0.8792094
0.8451482
0.8151894
0.8591379
0.8722935
0.83257496
0.83624303
0.94171625
0.8378434
0.95966476
0.8647157
0.97863805
0.88748235
0.8990115
0.9379042
0.8227589
0.8341968
0.9204142
0.9147673
0.96124756
0.92820257
0.765533
0.91152316
0.87748027
0.8650466
0.90294063
0.828632
0.8842921
0.8530129
0.859218
0.9186244
0.9508397
0.8882246
0.8246279
0.8391337
0.8228991
0.8489861
0.8920622
0.96316653
0.7976337
0.6070289
0.906029
0.91257524
0.9022985
0.5913757
0.9352627
0.8591902
0.8691587
0.8461591
0.9201611
0.94287634
0.9549177
0.87320787
0.9629876
0.6378047
0.9432942
0.9265974
0.8328613
0.7400538
0.89592373
0.7995986
0.80621487
0.83299285
0.94524086
0.8719897
0.8678147
0.8226128
0.5904064
0.916469
0.74588287
0.84284794
0.9652327
0.78957456
0.9270384
0.85807484
0.74319375
0.73463994
0.82736605
0.7898129
0.76576585
0.8630387
0.9299991
0.8592105
0.9738165
0.80489683
0.9028131
0.9203513
0.9403158
0.933691
0.97589517
0.7388099
0.93779975
0.8159808
0.84162205
0.95630074
0.9171922
0.9608623
0.86190736
0.9119967
0.8620874
0.70954925
0.8644717
0.8020427
0.8970436
0.75084454
0.6561134
0.9474851
0.9216669
0.9665813
0.86365163
0.9066589
0.9603604
0.93558955
0.8537658
0.88254696
0.9527699
0.92179096
0.81922245
0.94935465
0.78813004
0.9378166
0.9732363
0.9011861
0.71721864
0.6495673
0.8792399
0.8728061
0.67323637
0.7779964
0.78007686
0.8029105
0.83576864
0.85342735
0.94814396
0.87901396
0.21112408
0.79156697
0.75339234
0.9283671
0.7739476
0.9153192
0.88166726
0.908543
0.9272427
0.8345064
0.895768
0.949499
0.40641445
0.76541823
0.7004899
0.8323
0.53380454
0.89224607
0.5043683
0.737407
0.8489966
0.80787957
0.71265197
0.7230791
0.8067604
0.87251145
0.7539592
0.72690433
0.9042296
0.6253963
0.47277313
0.85432035
0.94900024
0.9515638
0.76119363
0.91488886
0.83028835
0.7778808
0.80689144
0.9519756
0.80544287
0.8347965
0.58768624
0.8922217
0.83500856
0.9144772
0.6779561
0.5935658
0.95612675
0.80810213
0.9592936
0.9054563
0.9240521
0.83295614
0.87174535
0.8133927
0.9234537
0.9060116
0.89621586
0.64549595
0.76476324
0.8370662
0.74527335
0.77557784
0.8192169
0.8473493
0.8913055
0.81859195
0.900108
0.92817664
0.93240434
0.9222076
0.91639453
0.8621941
0.8467891
0.8673419
0.89033985
0.95392394
0.9303544
0.89198786
0.8362845
0.8986884
0.77018756
0.8845326
0.8781058
0.6244242
0.80734473
0.9187319
0.809038
0.8505239
0.64939123
0.8609228
0.7929954
0.8606018
0.7853352
0.8676917
0.840048
0.809004
0.91192394
0.81182563
0.9078745
0.9543885
0.8071758
0.9581473
0.9592096
0.93410265
0.9427786
0.83878636
0.8633653
0.8979219
0.87675554
0.9282521
0.65752095
0.9342261
0.5324438
0.8622205
0.8395171
0.86798334
0.90846
0.89099646
0.9239799
0.9368426
0.7397218
0.8442549
0.79226947
0.6147143
0.7681965
0.962638
0.9252031
0.89186996
0.8733209
0.9052018
0.9073728
0.8892105
0.9786907
0.9012433
0.48377135
0.86830753
0.6974773
0.8618685
0.8115663
0.88224626
0.7324828
0.72435665
0.8136696
0.86186624
0.5472893
0.86666846
0.6620756
0.7898426
0.8197044
0.8909213
0.5653803
0.89589065
0.85982925
0.86179423
0.83162135
0.8785295
0.8278065
0.8816391
0.90230304
0.70552576
0.939888
0.7476729
0.6240164
0.85686165
0.8648965
0.8296151
0.9551352
0.74207556
0.93832284
0.6907917
0.7910198
0.9552009
0.91321
0.8498419
0.8043467
0.7919675
0.88170594
0.90109
0.9568072
0.9749898
0.70126855
0.9166589
0.8878017
0.5864158
0.8910028
0.9567726
0.7175562
0.822067
0.92876315
0.717513
0.95859206
0.95602995
0.8465127
0.94905627
0.8711999
0.9071431
0.910159
0.9691726
0.8159535
0.84144515
0.87524277
0.83027613
0.8847742
0.70966125
0.9488507
0.91108423
0.6722409
0.9346118
0.9233809
0.7616913
0.76910985
0.915503
0.9736816
0.7591138
0.80177104
0.8528632
0.85002255
0.7456725
0.83302855
0.9053672
0.86939335
0.6612612
0.34905407
0.8478542
0.9116907
0.75505817
0.8791988
0.8414351
0.976686
0.8642566
0.8931992
0.9623116
0.8008799
0.8616231
0.9235883
0.8609734
0.9440684
0.8763763
0.85685694
0.8194317
0.89688426
0.8982231
0.837238
0.9686777
0.67966896
0.8514066
0.82278264
0.85007143
0.69869924
0.7846604
0.6639403
0.7495172
0.8020135
0.8304308
0.7714981
0.9510176
0.902471
0.85107744
0.71135515
0.9538702
0.865728
0.93387043
0.93901455
0.83608186
0.8412977
0.7755856
0.95163167
0.80261105
0.5823976
0.9689587
0.9418426
0.9294222
0.9249277
0.9386909
0.91246015
0.9660297
0.77020526
0.7864108
0.7642213
0.8929855
0.7767734
0.8720466
0.8613288
0.82001287
0.8783377
0.6690216
0.7708457
0.86714804
0.8782495
0.8868696
0.92059934
0.84888476
0.77206326
0.84276104
0.9364991
0.8326629
0.9581178
0.7867832
0.8321754
0.7871394
0.96988773
0.91787744
0.87255615
0.62586045
0.9247389
0.9666969
0.77149785
0.9047862
0.67241794
0.94048846
0.77270395
0.7120666
0.9257063
0.64145255
0.894467
0.8249679
0.82521856
0.85138786
0.78013223
0.88730353
0.6994134
0.8970901
0.8261332
0.9173473
0.96396524
0.9379777
0.7726427
0.55474186
0.87558854
0.8367951
0.9258574
0.8394595
0.8466768
0.8923045
0.97527575
0.9009249
0.9070842
0.88922876
0.8966741
0.93404394
0.8467194
0.73448783
0.94433296
0.8661219
0.8438841
0.9434918
0.83571845
0.8379406
0.7902068
0.6674786
0.8927051
0.9398409
0.8350985
0.61222726
0.8796729
0.8158273
0.8548435
0.83165646
0.91429365
0.75394535
0.8495153
0.9134939
0.92289263
0.8329182
0.93187994
0.84056294
0.8250629
0.80493027
0.62691605
0.913914
0.7798246
0.89318347
0.8264736
0.8212651
0.6473839
0.5651871
0.9361682
0.81043416
0.716398
0.9556378
0.8812328
0.92558056
0.71907145
0.8166541
0.8282547
0.9246022
0.9491082
0.7684
0.7998436
0.90644056
0.79317653
0.8456658
0.8379436
0.9348469
0.93806106
0.89370507
0.7720978
0.6816752
0.9185569
0.84005845
0.9138609
0.74294436
0.8924803
0.8143396
0.89980865
0.86367285
0.7082091
0.89692676
0.74595845
0.8119482
0.8023014
0.9364978
0.9175248
0.8629867
0.6935947
0.9036421
0.5625284
0.7644807
0.8778701
0.832155
0.84323645
0.6363621
0.9741356
0.8843238
0.91256523
0.90209734
0.8302034
0.68027943
0.92780924
0.9485873
0.90894604
0.90993416
0.96197504
0.8753781
0.711606
0.8864924
0.86167896
0.5455274
0.8224875
0.88377124
0.777768
0.84215057
0.63671416
0.80080396
0.8457107
0.6198372
0.8864747
0.89538056
0.74483573
0.87259805
0.93007296
0.83533275
0.88733923
0.946211
0.9063176
0.85744596
0.92212695
0.8294757
0.92413664
0.95629835
0.6628319
0.89433235
0.58024126
0.88369524
0.91376454
0.82687396
0.93988097
0.8383778
0.7569109
0.9243514
0.8702769
0.79397684
0.5336183
0.7560087
0.95352584
0.7911697
0.87980366
0.96588504
0.86257374
0.8522207
0.9458579
0.8472681
0.93887174
0.8762961
0.5954583
0.92875457
0.5761156
0.60756975
0.82912207
0.94926846
0.7961078
0.6857488
0.9569817
0.69473684
0.80940837
0.78612244
0.7667572
0.90424037
0.8946876
0.8064394
0.82902366
0.9104406
0.7122675
0.9486082
0.5841218
0.88554674
0.89834756
0.9411349
0.7282443
0.8018789
0.94130117
0.9685955
0.81589615
0.954824
0.9271099
0.9279611
0.9291782
0.83579683
0.6359741
0.9477286
0.90035367
0.9204735
0.84411204
0.8020775
0.7614064
0.92418927
0.9058504
0.9717827
0.9360268
0.8995627
0.7520814
0.72134197
0.88421685
0.7340995
0.9020908
0.8618617
0.86546576
0.959856
0.65362877
0.9395702
0.91352576
0.9514892
0.61385834
0.92007077
0.781931
0.8103154
0.771134
0.7557323
0.744844
0.9004166
0.6808294
0.7765387
0.8255948
0.8559793
0.81822604
0.8900157
0.64591855
0.48560917
0.9413891
0.9469345
0.871802
0.932975
0.7635567
0.958092
0.889133
0.9240771
0.86146665
0.8311445
0.9382814
0.871577
0.8117587
0.9054793
0.891049
0.72508764
0.9100164
0.9143513
0.7873973
0.9025963
0.84747535
0.93429095
0.7778412
0.9074564
0.71841097
0.97446567
0.9568757
0.9477624
0.8929409
0.79861456
0.65054715
0.72449857
0.6912124
0.9241533
0.9460231
0.7826762
0.50923616
0.8396285
0.68838775
0.7355291
0.854278
0.8943828
0.8935308
0.9440498
0.79678094
0.87692046
0.85641766
0.82859915
0.8602698
0.94099
0.6266193
0.88259053
0.95998204
0.9146494
0.8095266
0.85794103
0.8345568
0.9652372
0.9111718
0.8488046
0.92201465
0.7839699
0.90562135
0.7710276
0.8678072
0.9185943
0.8286606
0.87303597
0.9847074
0.8393482
0.86836934
0.91638994
0.7272056
0.89144397
0.76967597
0.6717992
0.8611109
0.9133587
0.8584339
0.9439899
0.94032294
0.84244066
0.65257305
0.9051023
0.9464226
0.8335946
0.8758313
0.55943567
0.68358576
0.7642952
0.7959245
0.9000377
0.94777507
0.9521517
0.80681837
0.9614089
0.6801846
0.94877416
0.9099195
0.8914709
0.7983867
0.9312672
0.81419736
0.7643802
0.8044089
0.9589628
0.83863324
0.82234216
0.8609921
0.9064815
0.8931285
0.82922727
0.7492773
0.8281706
0.9178901
0.914854
0.80201167
0.8627602
0.6674501
0.9340629
0.86860526
0.9050269
0.9047743
0.88174474
0.9510039
0.8809223
0.9035662
0.92669666
0.9564614
0.87164146
0.81701773
0.79589987
0.871294
0.7884474
0.9094511
0.6400789
0.91119593
0.7798181
0.93790734
0.95473623
0.9532057
0.9280356
0.89164054
0.8615824
0.92673516
0.94227785
0.93390816
0.7798808
0.8895444
0.929972
0.88573414
0.92697513
0.85303974
0.8640878
0.685228
0.5956166
0.8492251
0.5030797
0.7851808
0.8208337
0.92156905
0.8253157
0.97079587
0.8767648
0.8644316
0.96157074
0.9644538
0.83041143
0.65765125
0.81838185
0.6605096
0.8619212
0.615288
0.87487066
0.8751259
0.83337134
0.96593624
0.83083415
0.84808093
0.7585497
0.7407864
0.8921234
0.959486
0.8184267
0.57660884
0.73159164
0.8222462
0.8779292
0.58440584
0.7443966
0.847389
0.8628532
0.56351787
0.87862146
0.9314405
0.8958873
0.82051426
0.75309443
0.91040254
0.84996486
0.7399732
0.72984487
0.8693464
0.7907161
0.7050944
0.7608276
0.76770175
0.85083526
0.8080732
0.884406
0.6657923
0.7736129
0.9434506
0.8566765
0.5389912
0.9135827
0.80150104
0.96559477
0.6829474
0.85526824
0.26980543
0.76236916
0.9415189
0.75232935
0.87347764
0.729838
0.9711014
0.9354311
0.8385602
0.85681283
0.75538856
0.9230742
0.6901651
0.6635738
0.92033905
0.9361764
0.8651871
0.7731791
0.8015672
0.702595
0.96170515
0.892155
0.9321967
0.8678022
0.83971584
0.8599431
0.9332036
0.9446622
0.9287773
0.85991555
0.85647917
0.7708212
0.8108222
0.71601033
0.8693449
0.8921175
0.90667963
0.8568859
0.93718207
0.7907836
0.9648123
0.77803
0.8307528
0.6396683
0.8133276
0.9363642
0.9212755
0.9057836
0.77873087
0.82138616
0.8078433
0.89943564
0.93020093
0.8140999
0.8482808
0.8558749
0.8552739
0.9489579
0.81418943
0.7803606
0.91598004
0.6657728
0.75051606
0.8495088
0.90527827
0.92646223
0.91300356
0.9366633
0.9238588
0.8278037
0.8741774
0.918609
0.73778653
0.88353896
0.89668113
0.9071068
0.9125893
0.80408424
0.6314084
0.92319095
0.9178618
0.9195182
0.90023834
0.9350507
0.9389013
0.8478456
0.61321485
0.886292
0.9117667
0.8440908
0.91649735
0.7913762
0.95236796
0.8433006
0.9272269
0.69197524
0.9440385
0.7347403
0.88347894
0.93800217
0.6071417
0.84694606
0.9070998
0.9289603
0.7961396
0.8678663
0.86548907
0.8837151
0.82154715
0.7129
0.5321411
0.8488525
0.91933775
0.9548936
0.95009696
0.81865406
0.9335378
0.9070111
0.86399853
0.8244354
0.94859654
0.77497554
0.9322232
0.8533814
0.80346596
0.81093603
0.9416316
0.67045265
0.69230753
0.52064806
0.9116744
0.90499514
0.79068506
0.8287087
0.8861257
0.84134406
0.9437947
0.897461
0.6608641
0.9117145
0.9369893
0.70917016
0.9337481
0.8471444
0.82495284
0.85109997
0.9180365
0.7679646
0.9295298
0.8990351
0.7514913
0.85510695
0.9455445
0.87925017
0.88923305
0.83872336
0.9200132
0.89941794
0.788569
0.8016478
0.8371453
0.77765566
0.74764854
0.8979862
0.8905612
0.793432
0.93275636
0.9053395
0.9505607
0.85091436
0.90021425
0.66453445
0.72852093
0.8253227
0.8234737
0.7651405
0.7128271
0.9594854
0.87878966
0.7409643
0.8857914
0.91317236
0.6580679
0.87309706
0.9263853
0.8021217
0.92620355
0.9209547
0.91948074
0.861097
0.9397338
0.965194
0.87117964
0.8365201
0.9442248
0.730558
0.91853774
0.7664515
0.88247806
0.8838266
0.92577654
0.8505137
0.9458138
0.91579485
0.92428946
0.93703616
0.91073614
0.89376986
0.78170043
0.9265231
0.787862
0.7598667
0.92158794
0.7753803
0.8272914
0.9222679
0.88095677
0.9512796
0.94220364
0.88497
0.9123143
0.9350782
0.8190192
0.8988794
0.80039
0.70482874
0.94455385
0.8363801
0.77630806
0.78952765
0.8801916
0.754105
0.9535588
0.873258
0.75946534
0.6667415
0.88579434
0.86713254
0.73888254
0.52480143
0.84967655
0.8073448
0.961346
0.8418497
0.7777208
0.9114364
0.8628375
0.7263693
0.8675546
0.82759094
0.88784623
0.76037675
0.9040749
0.89763856
0.9705541
0.66713524
0.86987644
0.9253634
0.98456556
0.89041513
0.8639115
0.5815012
0.9269873
0.8463859
0.9259395
0.8926472
0.91320336
0.72962594
0.9034544
0.935369
0.89901954
0.8963145
0.9485973
0.8634373
0.9676126
0.8928407
0.6532538
0.8967252
0.6394489
0.9115889
0.83238035
0.91149956
0.8141422
0.8683736
0.82247925
0.07271029
0.9809776
0.68193
0.7186785
0.7748227
0.78516245
0.89290583
0.9694787
0.8358469
0.8609084
0.8004477
0.9330877
0.9217874
0.94227386
0.86944026
0.92479765
0.91467357
0.74540293
0.9033989
0.8330729
0.9023192
0.7520483
0.84544677
0.6628944
0.8983561
0.8092539
0.84641486
0.652475
0.9303018
0.9270787
0.7450692
0.9298638
0.84273773
0.92935115
0.8390223
0.9398176
0.8340683
0.81810915
0.78934467
0.8732771
0.85746986
0.93591326
0.92865264
0.90557384
0.8977551
0.88863236
0.81801474
0.6147358
0.79664224
0.792534
0.94964
0.6700349
0.55681926
0.77400446
0.7753509
0.65777993
0.8944243
0.90523016
0.74376035
0.89769363
0.70245063
0.80707836
0.9159968
0.7959514
0.8514343
0.8506893
0.87439144
0.9246067
0.91791624
0.93558776
0.8594336
0.75156856
0.8753948
0.84300023
0.86017144
0.8692805
0.85344255
0.8675639
0.86224663
0.9616934
0.8885032
0.94010854
0.8565972
0.7765298
0.90104544
0.9074414
0.8651158
0.7970964
0.883225
0.94707435
0.850281
0.960607
0.7680667
0.9552191
0.9443278
0.8476007
0.90809965
0.9436158
0.9409412
0.7393124
0.85193485
0.8760319
0.76013935
0.95919454
0.81173676
0.7261294
0.85207105
0.66534936
0.7647857
0.8282753
0.89148676
0.91707325
0.9359112
0.96273583
0.8567942
0.9368651
0.6910936
0.573579
0.71145386
0.8057461
0.8816126
0.9406624
0.7947858
0.73457104
0.7725587
0.85591024
0.85521436
0.8489624
0.8783476
0.8394245
0.8758339
0.9560239
0.72081816
0.88974965
0.8222853
0.6606711
0.82820606
0.8634132
0.8618381
0.8990377
0.93826383
0.9533561
0.9088054
0.72550935
0.97291875
0.76781565
0.9011512
0.83758813
0.8256062
0.85407066
0.89645016
0.8813066
0.86575645
0.9837845
0.9454219
0.67973214
0.9262331
0.9191717
0.6027008
0.79812574
0.81280386
0.78852487
0.9629635
0.7418887
0.8161857
0.802816
0.85180205
0.91974205
0.92610896
0.6933998
0.7614569
0.79132605
0.910506
0.6895355
0.70484585
0.8542906
0.75083023
0.9386284
0.9055057
0.84899163
0.8130596
0.97987914
0.9186938
0.72765565
0.70058495
0.7288905
0.97680426
0.81570625
0.38614327
0.80915457
0.9311587
0.93949497
0.60152155
0.8815045
0.6829595
0.741784
0.8681628
0.70126164
0.9493158
0.7728025
0.9400639
0.9152682
0.8060161
0.9043555
0.69057924
0.7052271
0.64901286
0.8442469
0.88819724
0.77630216
0.9411216
0.81673443
0.72480446
0.7949601
0.7652553
0.8610032
0.84290075
0.9648686
0.90813076
0.83131874
0.8748565
0.93195385
0.89985514
0.88354844
0.9488834
0.8155931
0.62337714
0.7406195
0.8821547
0.9376066
0.84742725
0.72918826
0.9299399
0.93602455
0.7192072
0.9256274
0.9244039
0.96156216
0.90010303
0.8778553
0.81482595
0.9253133
0.9177042
0.8236186
0.55598235
0.916839
0.5577208
0.68432415
0.8651942
0.7466041
0.9502598
0.91708475
0.76128167
0.8306149
0.79706
0.94096977
0.8719347
0.5920903
0.9455089
0.81980246
0.94475543
0.8353908
0.87211424
0.77598226
0.92004716
0.75368524
0.86543876
0.790748
0.8779743
0.9266011
0.8733057
0.95184845
0.9130169
0.9077004
0.9498395
0.92780596
0.78689086
0.8655138
0.9081599
0.87190497
0.8482688
0.8751559
0.7226845
0.82582396
0.8334945
0.95828503
0.88029355
0.91672134
0.79323506
0.8063549
0.929283
0.93055475
0.8534117
0.8117004
0.6902821
0.71901274
0.9308987
0.6789182
0.70565695
0.7274684
0.88123256
0.90468425
0.8320784
0.8842124
0.8880702
0.88613963
0.9594483
0.9268534
0.8431532
0.75142694
0.8460492
0.7550663
0.8630685
0.7951219
0.94077337
0.76992816
0.92420626
0.9293966
0.9567101
0.9607735
0.9124091
0.87122065
0.7736802
0.879016
0.91870654
0.86285275
0.85917264
0.8568054
0.8484457
0.6232058
0.83443254
0.9609567
0.9685836
0.9026781
0.9225486
0.94634926
0.8113514
0.7656121
0.71814966
0.8773079
0.94432646
0.90099514
0.87253773
0.57230514
0.76008487
0.9590844
0.8794242
0.93183655
0.8005537
0.91729593
0.84399205
0.7604406
0.93604904
0.865285
0.89541256
0.67386174
0.8378438
0.8262341
0.7645752
0.9398696
0.6039457
0.7729231
0.90233403
0.86131525
0.86083287
0.8585999
0.76912826
0.9540217
0.92180294
0.9775994
0.782359
0.96653044
0.7925722
0.8080609
0.7948138
0.8858612
0.83848697
0.9548746
0.8279712
0.7621394
0.7511436
0.90892416
0.84408903
0.93232805
0.8698868
0.71068835
0.90631986
0.8291713
0.8219208
0.9580736
0.8058479
0.8643643
0.9063264
0.82346016
0.5965221
0.74187344
0.7904883
0.91347593
0.92545646
0.8088051
0.8996576
0.8796863
0.8453783
0.78579277
0.94530445
0.859341
0.8263231
0.9655696
0.8763795
0.88086414
0.83161587
0.9166603
0.86489916
0.8492665
0.75925946
0.662667
0.8972214
0.9187571
0.8874021
0.9136689
0.7584051
0.7742748
0.80819064
0.7099474
0.6863806
0.9241989
0.7986127
0.4482181
0.75238174
0.8686251
0.80847675
0.70785856
0.69403887
0.6464888
0.81963366
0.85897666
0.81591475
0.7382815
0.9567909
0.82196707
0.8209232
0.76304185
0.7178732
0.7936697
0.86006033
0.73570895
0.9630701
0.6032916
0.87657666
0.832685
0.8382693
0.8627647
0.94159657
0.90073836
0.9397842
0.72031903
0.91991603
0.90143275
0.8871546
0.61706567
0.9444413
0.82897246
0.78048944
0.94565487
0.9725869
0.87302405
0.8433733
0.87581617
0.8796532
0.87044543
0.7446631
0.6330959
0.92103267
0.86296153
0.73431313
0.90353394
0.8747776
0.9445953
0.888877
0.4318936
0.9252709
0.9200657
0.9210016
0.95620465
0.6399956
0.7971288
0.8394278
0.494824
0.8582492
0.9314114
0.8197831
0.7768955
0.81234896
0.9058407
0.787641
0.89089644
0.75978327
0.93064773
0.8774887
0.65516627
0.923538
0.8542588
0.8451128
0.6531469
0.854405
0.5450643
0.92153305
0.7931646
0.9564424
0.93296325
0.7394625
0.85669595
0.9471643
0.9306329
0.7824234
0.88895774
0.9492511
0.941416
0.8946424
0.9498548
0.8426986
0.9156166
0.8720535
0.7247706
0.887182
0.7085501
0.80941474
0.8455353
0.85573626
0.8638803
0.8756176
0.6912645
0.95036495
0.9494118
0.8925318
0.6512121
0.9326254
0.90412176
0.8357283
0.74676996
0.92243797
0.9045471
0.83453983
0.92284024
0.9288461
0.9311049
0.9182934
0.88562226
0.9399907
0.8960313
0.97310543
0.8031378
0.860733
0.80892926
0.85511625
0.8896462
0.74042374
0.8137538
0.8258485
0.7591145
0.6652641
0.9118061
0.93437994
0.7903498
0.87154245
0.89212584
0.9156828
0.93774664
0.86315733
0.9010501
0.85243136
0.9675739
0.92550313
0.7994084
0.9526669
0.8339884
0.8563194
0.8481121
0.90401924
0.7880226
0.78749585
0.67427784
0.8990473
0.84382993
0.865739
0.7563492
0.83305854
0.9729663
0.76443505
0.81219196
0.6545389
0.8151924
0.9056628
0.81125456
0.9366984
0.79749054
0.69528294
0.8112493
0.8754601
0.90171206
0.93829745
0.7533113
0.8296078
0.77713853
0.9732225
0.85885996
0.8599744
0.77491754
0.550417
0.8718127
0.84422064
0.9489695
0.86499923
0.896105
0.9433112
0.9551478
0.86979353
0.8101165
0.9450767
0.7614251
0.95797014
0.5205308
0.8978375
0.65522987
0.81139594
0.80901444
0.67856586
0.8965331
0.8728705
0.79745466
0.9617973
0.69948065
0.826264
0.7109645
0.92143583
0.95957583
0.9019878
0.8708509
0.7961495
0.96909195
0.93735766
0.63594013
0.78950286
0.6845876
0.5124413
0.92739064
0.93748283
0.86663014
0.7550243
0.93738353
0.788299
0.905221
0.82449204
0.7197151
0.8307557
0.743883
0.91281474
0.8856795
0.91967064
0.6705621
0.63645244
0.32844195
0.9794854
0.61709625
0.9112028
0.969637
0.9593013
0.8226083
0.83596873
0.7630149
0.55923826
0.8481378
0.83224225
0.97870255
0.93386406
0.7185714
0.89588404
0.970101
0.9569549
0.7572632
0.9169063
0.9696743
0.7925528
0.9292166
0.9261787
0.90015733
0.84925014
0.82901824
0.8839131
0.8479333
0.8872613
0.9111401
0.8203648
0.9043826
0.7814504
0.79446524
0.75117326
0.8773086
0.78939635
0.6120489
0.720726
0.793656
0.9130631
0.7847258
0.9339628
0.8848941
0.92604065
0.88335216
0.82274586
0.88013864
0.93876034
0.7280132
0.7041076
0.87072384
0.87473214
0.50462765
0.55507094
0.850744
0.75367576
0.84135014
0.77445954
0.907174
0.9176053
0.26542965
0.758281
0.77181983
0.8287873
0.7381299
0.884353
0.891695
0.7942829
0.74131715
0.80106205
0.6886108
0.9102687
0.811512
0.8996802
0.7992667
0.9409077
0.7111926
0.943046
0.8647776
0.9314885
0.45269606
0.7576712
0.91031003
0.9208927
0.94015753
0.6700572
0.5550044
0.8941066
0.8045879
0.9115422
0.59304565
0.8069788
0.885468
0.73679066
0.8959152
0.90064627
0.9576624
0.9490933
0.77835774
0.8851308
0.9265462
0.90138215
0.8614501
0.909927
0.8987998
0.9373467
0.8220879
0.9607413
0.89100045
0.87582904
0.8389199
0.9036078
0.44847098
0.8316244
0.8945396
0.8223824
0.888795
0.82817805
0.7968798
0.8459966
0.9253649
0.9008305
0.9288322
0.6575973
0.7618767
0.6593349
0.8340258
0.92921656
0.8751736
0.934836
0.83488244
0.8936145
0.97860247
0.9188444
0.7503228
0.96232736
0.7930496
0.90164554
0.8909777
0.81129694
0.8365233
0.8058092
0.951373
0.884249
0.9258898
0.85179126
0.80212903
0.64494634
0.86614954
0.7165324
0.7875606
0.8810592
0.8057849
0.76141167
0.89117825
0.9128317
0.93764615
0.87311375
0.71199816
0.8516898
0.8612828
0.83430827
0.9657101
0.9168377
0.95289826
0.52382207
0.9201209
0.8321018
0.84769386
0.75491744
0.9723037
0.9738165
0.7468103
0.8358582
0.86123013
0.87565696
0.7419661
0.9311544
0.85587674
0.95599735
0.9500948
0.917847
0.9129461
0.752219
0.72050375
0.76847816
0.8284498
0.83763945
0.887079
0.92888004
0.60418284
0.8090571
0.59825003
0.78110254
0.8392889
0.92249995
0.83053493
0.8578795
0.6268469
0.81873286
0.89432013
0.6884657
0.78007233
0.9236153
0.8335954
0.9683452
0.8284725
0.96237814
0.9071922
0.87563497
0.88628614
0.8458864
0.9419941
0.94681585
0.93271595
0.9372489
0.6583919
0.83714426
0.5287854
0.77686197
0.9523725
0.4859342
0.7871052
0.68375105
0.7734938
0.8795628
0.94117486
0.92374676
0.84132826
0.9191866
0.7580663
0.83984274
0.9063592
0.70688844
0.76057893
0.8427323
0.052785847
0.7134055
0.7799211
0.87433136
0.6280407
0.8727948
0.9318334
0.78248805
0.7143382
0.90847814
0.69187
0.8767556
0.8679689
0.83213997
0.8245649
0.6457428
0.8834281
0.81258947
0.88299096
0.8088949
0.74617726
0.9012044
0.8171038
0.95628774
0.8942905
0.82967633
0.86396754
0.7239814
0.6304091
0.95362407
0.7834981
0.7810801
0.6585704
0.95191413
0.8673431
0.85142064
0.92936325
0.80127573
0.96701896
0.8676995
0.9677733
0.84754306
0.8112279
0.8054774
0.7901945
0.7647002
0.84875107
0.80363196
0.92444617
0.6782286
0.78306985
0.8714153
0.76794386
0.82084674
0.9159382
0.9114356
0.9634326
0.9333771
0.9354075
0.91104776
0.8374487
0.8522641
0.6971109
0.5392015
0.9650532
0.6804591
0.9477911
0.7451495
0.90321577
0.7509189
0.90979
0.9006219
0.9338865
0.8521686
0.82508814
0.6002377
0.83669955
0.8353759
0.9195624
0.76346934
0.80571365
0.6742528
0.92251194
0.8638877
0.9406177
0.66594315
0.8658483
0.6198783
0.83568805
0.77936864
0.97437316
0.95941675
0.9419425
0.91607106
0.8908574
0.75919527
0.9206599
0.8799031
0.7252084
0.88277805
0.7702931
0.83121073
0.9334546
0.75038004
0.9119881
0.9394158
0.8886052
0.8469771
0.9440299
0.95179564
0.84870136
0.6409435
0.83155614
0.86205596
0.7870091
0.90723276
0.97332674
0.65702367
0.9105814
0.650494
0.8449238
0.69816285
0.9047291
0.9113937
0.63356787
0.882689
0.7448157
0.90621936
0.68385255
0.9629247
0.7840938
0.9174522
0.87938267
0.9258496
0.76457036
0.86332536
0.9273701
0.8857926
0.86789614
0.8800186
0.93635714
0.75457764
0.8844801
0.8855492
0.91428876
0.833813
0.9316881
0.8523251
0.9401711
0.9107323
0.8458634
0.94087774
0.7701701
0.9178107
0.73690844
0.90305275
0.9199234
0.76809007
0.89011574
0.8653662
0.7598955
0.8629643
0.8206658
0.75820565
0.9433435
0.96130675
0.9502748
0.7851551
0.8717172
0.9224371
0.9440534
0.88248754
0.84085727
0.7036303
0.8767698
0.903677
0.8082851
0.91979396
0.4752525
0.8484919
0.906546
0.9194528
0.42187858
0.7568799
0.8612062
0.81807935
0.7992484
0.90402097
0.8684597
0.71001744
0.929375
0.7584871
0.76466024
0.8859723
0.8640993
0.858164
0.8240286
0.68713427
0.78117496
0.8943121
0.9202717
0.83776265
0.8588837
0.6924964
0.92537653
0.92548
0.8826463
0.9071389
0.74237573
0.924636
0.7516292
0.85058266
0.7079567
0.8826941
0.87077695
0.9093933
0.87140644
0.75186324
0.85732186
0.863776
0.7427396
0.92394316
0.91227937
0.8590193
0.9257146
0.8636457
0.89456695
0.9374882
0.8499527
0.8796633
0.9104283
0.8963088
0.90442884
0.8709277
0.89372134
0.72658825
0.8047111
0.94646376
0.8912783
0.8458376
0.9551792
0.87716377
0.9300129
0.9114905
0.9038572
0.9518071
0.81865895
0.9628383
0.92870003
0.8992311
0.9398552
0.8818327
0.872083
0.8342941
0.8545416
0.89621615
0.9079412
0.94302326
0.95245636
0.8811387
0.77313775
0.78200305
0.5441291
0.7703883
0.67927635
0.8449809
0.9296447
0.9289725
0.90022224
0.5878053
0.9045717
0.88646245
0.8622379
0.8877311
0.9453995
0.9150712
0.773742
0.7586777
0.62485105
0.8719598
0.8600184
0.90825534
0.8081175
0.87342393
0.86659837
0.7335657
0.91200817
0.9509981
0.9445611
0.8171778
0.8860723
0.91914266
0.91247463
0.85837805
0.9415769
0.5372441
0.93069094
0.81542605
0.83540905
0.8497298
0.9668564
0.9092745
0.9237924
0.6860593
0.7937215
0.8957386
0.84523743
0.86231357
0.7141544
0.80342495
0.84233344
0.8800915
0.9469333
0.9260091
0.8416343
0.72805977
0.9205695
0.7587862
0.86282957
0.90442723
0.9155955
0.93015337
0.72590345
0.82935834
0.8392385
0.80391824
0.91304857
0.8625917
0.44785345
0.79623115
0.9648022
0.8938149
0.8827365
0.77552783
0.79936993
0.93935
0.9383291
0.8693228
0.8234618
0.89924043
0.92959505
0.9605568
0.7352697
0.85582966
0.95603955
0.7102375
0.6680675
0.8541781
0.47248408
0.878774
0.858456
0.8556454
0.86301655
0.8831883
0.7073033
0.55192137
0.5841273
0.9258461
0.95476073
0.9179653
0.86138064
0.92713594
0.8971231
0.84555537
0.95760584
0.9118232
0.8119385
0.8375019
0.9000355
0.8128458
0.80955744
0.80556977
0.96616024
0.9432945
0.94741005
0.7816964
0.90312773
0.9138778
0.77032304
0.77714264
0.84812427
0.8843451
0.7331375
0.8954706
0.92133963
0.92202765
0.72696245
0.70780253
0.90500385
0.95945853
0.8791535
0.66859794
0.89698887
0.9224848
0.921231
0.8578207
0.94311416
0.72620773
0.93091035
0.6657744
0.7415196
0.9447406
0.87422264
0.8779477
0.92593294
0.930931
0.9803278
0.58397615
0.9224207
0.9707955
0.91019595
0.89715916
0.88896525
0.85293984
0.81411374
0.9672905
0.91051793
0.7717049
0.79142743
0.8620825
0.8911375
0.81309575
0.9440211
0.87726766
0.95531213
0.8382085
0.6777337
0.81588733
0.890386
0.941888
0.8583673
0.9223561
0.7413262
0.7338556
0.82586205
0.8784145
0.9261681
0.9083164
0.88163626
0.9039166
0.8539262
0.9771279
0.91018975
0.87630576
0.91701275
0.84356993
0.96221334
0.899116
0.9103701
0.8621636
0.8422263
0.8345262
0.8108451
0.9444662
0.8918139
0.8585303
0.8521148
0.9303037
0.914574
0.7903984
0.8694274
0.9518274
0.9278257
0.89909434
0.71002233
0.8375188
0.63017315
0.85190064
0.90060157
0.91206753
0.8303441
0.85556626
0.6761484
0.8916763
0.93242407
0.9382737
0.9125605
0.9184964
0.6849036
0.7509428
0.7970306
0.85418546
0.85977805
0.75825596
0.9709793
0.9178159
0.9720077
0.8807839
0.8997786
0.89929366
0.80576086
0.9692921
0.93874526
0.8215807
0.82716376
0.85107315
0.9348318
0.90347695
0.8826175
0.89652467
0.73455393
0.7700282
0.75936353
0.7640124
0.95297694
0.6248593
0.9002139
0.89297134
0.67394346
0.74074525
0.792904
0.83643496
0.8601707
0.9282994
0.9688308
0.7386919
0.8569556
0.69490117
0.8638958
0.843282
0.96380013
0.810947
0.8948468
0.8039422
0.8872587
0.8557268
0.88526064
0.88443774
0.9596272
0.83719796
0.9262657
0.7953516
0.9197898
0.8792738
0.82069767
0.7849989
0.8068447
0.91030145
0.80613196
0.9225591
0.9053434
0.8446877
0.82674885
0.90407526
0.9055718
0.81167215
0.8332174
0.82310253
0.54659474
0.83793116
0.9423285
0.73183113
0.53462607
0.80134517
0.707436
0.6690477
0.85700184
0.83471805
0.95625603
0.8250612
0.64177907
0.78577065
0.8919481
0.93853617
0.82995445
0.8345187
0.648675
0.817493
0.8406067
0.9537866
0.7972797
0.869979
0.94242
0.8241538
0.8256731
0.93759143
0.46129575
0.82326615
0.8713006
0.8440947
0.9387332
0.72333896
0.9160502
0.90621674
0.9569374
0.84007865
0.8775689
0.75769424
0.824407
0.78531533
0.89200187
0.9462355
0.9187694
0.8680823
0.7922077
0.6900468
0.8764384
0.845892
0.8422475
0.82566893
0.9064903
0.7744301
0.7743475
0.86678827
0.9129495
0.9354293
0.9250946
0.8871942
0.8091736
0.94718975
0.82269245
0.8758952
0.58601654
0.82063323
0.9298731
0.9049552
0.76517737
0.78059936
0.691472
0.85207415
0.81688637
0.8582774
0.91955924
0.814087
0.6755843
0.9494123
0.8584233
0.9364537
0.8296831
0.8165755
0.9724409
0.95328236
0.9237192
0.6976609
0.7628153
0.805832
0.9311782
0.89912194
0.8217437
0.8078175
0.969192
0.7466338
0.76007843
0.97121215
0.83829653
0.8852289
0.8664727
0.76476055
0.83735716
0.77734405
0.88483477
0.8539638
0.82985574
0.9496293
0.6247897
0.8145083
0.95039207
0.7201909
0.96344715
0.82865417
0.800119
0.63492215
0.8949459
0.9003813
0.6789635
0.89114934
0.8917539
0.79718864
0.8878101
0.8063186
0.93648124
0.8240652
0.95724267
0.76966757
0.86577284
0.80801415
0.91087216
0.8352095
0.93112624
0.82809514
0.7213333
0.7895867
0.60420454
0.83211416
0.75834894
0.83962315
0.761482
0.96308947
0.86014676
0.81704307
0.821588
0.7563549
0.8407578
0.8577614
0.78923327
0.8076491
0.768641
0.9653686
0.9167706
0.9395497
0.94868624
0.90131545
0.8227276
0.8472814
0.87072104
0.7215522
0.65482616
0.8470336
0.8343143
0.9312993
0.6740436
0.789897
0.897619
0.8842161
0.9493915
0.7318063
0.77546334
0.7200069
0.7646529
0.5806203
0.8956697
0.77489376
0.6687641
0.88727427
0.77634513
0.8278712
0.8816162
0.8679
0.9370823
0.89651334
0.6247623
0.70276296
0.85219246
0.7654913
0.95598495
0.80587214
0.85316026
0.79621106
0.67690897
0.7652491
0.7499119
0.96970874
0.9217908
0.8522966
0.9081346
0.7089386
0.81104445
0.9307801
0.5531316
0.76922953
0.73021084
0.9237517
0.78182304
0.9296722
0.9585551
0.9307334
0.91073287
0.82322305
0.8257927
0.9017155
0.7940368
0.81904435
0.9354294
0.85502577
0.79905367
0.8725544
0.9082041
0.83306
0.9234144
0.7598009
0.9434399
0.8674674
0.8655443
0.8091993
0.80736786
0.87841
0.88236177
0.9471892
0.97587836
0.87312114
0.94379795
0.94471747
0.92726445
0.8256769
0.88967514
0.8947896
0.9366635
0.8562461
0.71283543
0.856157
0.8840852
0.91459423
0.85947025
0.685966
0.7811297
0.9175176
0.86642736
0.8937447
0.9130766
0.89489967
0.7495152
0.8828448
0.8599198
0.78168064
0.9355395
0.92657566
0.6589938
0.86955774
0.8586635
0.74358886
0.9377855
0.8905812
0.8566042
0.86304307
0.6102758
0.96462643
0.9347695
0.7993076
0.88202477
0.88916326
0.9125508
0.6881125
0.9500767
0.5738214
0.88074327
0.95396066
0.8855636
0.7985956
0.84115154
0.93274266
0.985096
0.70438796
0.74099517
0.8562422
0.8175205
0.8229141
0.93993646
0.8957396
0.7982363
0.9176001
0.9117492
0.9507213
0.8399079
0.9233347
0.9167386
0.96233284
0.7806127
0.8855127
0.95641214
0.78928614
0.8194523
0.77731305
0.9818715
0.9142426
0.90846145
0.77882516
0.86409354
0.8106748
0.94507813
0.7921698
0.93572795
0.95425653
0.8919711
0.88419306
0.900421
0.85991377
0.89893734
0.7328996
0.524707
0.88959587
0.79030824
0.6756661
0.9747611
0.97342557
0.808612
0.9587178
0.6136058
0.7582841
0.83218706
0.8009096
0.63450223
0.5846523
0.8428167
0.8984902
0.84399337
0.72643834
0.86748827
0.93071586
0.93796504
0.7606892
0.9245861
0.90899307
0.6208203
0.81884766
0.6905472
0.6632666
0.7244037
0.75296366
0.62541115
0.8713496
0.87985986
0.7821457
0.95897907
0.9237524
0.9012532
0.779297
0.95143694
0.87236
0.88810873
0.6765939
0.73673
0.9031073
0.7973856
0.8670747
0.8368235
0.85335404
0.83907634
0.82313144
0.5649011
0.899756
0.69045687
0.86740476
0.73887026
0.8280233
0.94066703
0.86822134
0.53848076
0.9050123
0.8656326
0.89537936
0.8067227
0.9146397
0.94639134
0.88877654
0.9446206
0.8940229
0.7083862
0.9381621
0.8100991
0.7764336
0.75648993
0.87817526
0.94715464
0.7245769
0.7179421
0.8785965
0.8065105
0.7988715
0.9694035
0.7892736
0.8074841
0.6581457
0.765463
0.97250515
0.9239061
0.8166355
0.75502974
0.75244045
0.64696556
0.8203113
0.8377074
0.9191988
0.916962
0.85414374
0.9352227
0.8868727
0.6458497
0.6526135
0.894495
0.9184144
0.9062945
0.7690449
0.797573
0.81795615
0.8603684
0.8299484
0.90084
0.9553394
0.48895848
0.84318054
0.9321643
0.6127662
0.85474235
0.9333247
0.686131
0.8741428
0.77599525
0.9380592
0.9500686
0.9388392
0.8756821
0.74966544
0.9517394
0.9199492
0.88491714
0.85568786
0.90440524
0.90408355
0.85172856
0.92480016
0.6974753
0.917541
0.8154914
0.7172309
0.79519224
0.809374
0.9282272
0.957959
0.8756182
0.73008776
0.96183586
0.8915534
0.73459774
0.7020638
0.93935287
0.9325842
0.7961118
0.95745206
0.95600694
0.9128904
0.8122711
0.907448
0.84623647
0.7916873
0.87156475
0.7888676
0.8748671
0.86266553
0.8645755
0.9331279
0.8028974
0.64875096
0.84490776
0.81606287
0.7907971
0.8996536
0.8393286
0.8903638
0.8755237
0.91343486
0.8568093
0.8581178
0.8890889
0.8512395
0.903306
0.7736808
0.82962483
0.89919066
0.89681005
0.8157514
0.81631476
0.9241768
0.77264214
0.6677152
0.85742253
0.9281763
0.7400715
0.6997269
0.78256047
0.74345833
0.71947503
0.90307397
0.6828917
0.88479036
0.80719805
0.86278504
0.9143329
0.9082441
0.9674792
0.73339474
0.7799632
0.881168
0.91831005
0.90629697
0.80928946
0.78127074
0.8492025
0.9282291
0.822228
0.9003083
0.8585079
0.80408347
0.77332675
0.9616041
0.935209
0.744291
0.90746707
0.92045176
0.5265722
0.8393066
0.7731282
0.8978578
0.8358567
0.88331544
0.9230879
0.9280524
0.90922177
0.9171605
0.94930166
0.92654335
0.8850038
0.83916366
0.83600664
0.8243982
0.95563793
0.912291
0.57672286
0.9485351
0.7269457
0.9066306
0.92835724
0.87132186
0.8332876
0.83909047
0.9641616
0.8089854
0.7749771
0.7600863
0.6006015
0.7473874
0.9617604
0.809559
0.8012067
0.8378951
0.4527326
0.7333781
0.77438307
0.88063675
0.8958961
0.95049214
0.7453015
0.8743474
0.88483846
0.87179995
0.88264734
0.11145136
0.76448894
0.84756124
0.84168756
0.97520864
0.8648181
0.81473505
0.7941852
0.87221724
0.942741
0.8867275
0.8136189
0.9415147
0.8936299
0.78448474
0.9301454
0.8920727
0.7519263
0.8650165
0.95432854
0.7580709
0.60869426
0.90697885
0.8291866
0.79307055
0.9345818
0.39069274
0.6338704
0.92341876
0.92980677
0.96105325
0.9260021
0.96172154
0.6862515
0.8694041
0.9391646
0.903804
0.864878
0.75363433
0.6233805
0.72369266
0.9194085
0.8494385
0.9021225
0.7571267
0.9721006
0.8553772
0.9158556
0.7702084
0.8558363
0.90036047
0.862778
0.92580014
0.7951188
0.9450255
0.867653
0.7627946
0.73695976
0.9330318
0.935583
0.82186043
0.86144453
0.8620572
0.75115
0.80044186
0.73843825
0.72044235
0.75927186
0.93670964
0.9123959
0.743275
0.9704796
0.82665396
0.899856
0.84814394
0.933781
0.81182694
0.68055016
0.76582897
0.94509673
0.8667581
0.9560547
0.90998393
0.86139363
0.96569234
0.9458025
0.75074947
0.90021396
0.786247
0.9485739
0.78113794
0.9658662
0.9180427
0.8299602
0.7463137
0.71156603
0.79170036
0.96064675
0.8326499
0.9083146
0.7706144
0.8516503
0.80808336
0.8642383
0.9001121
0.906856
0.8857236
0.9617851
0.75829047
0.7905169
0.8728054
0.91622025
0.9078098
0.7602525
0.9008833
0.8964306
0.91592926
0.90902996
0.8236002
0.86436725
0.87292796
0.85311854
0.79284346
0.9111951
0.75180453
0.8947986
0.9066696
0.8741944
0.96270716
0.9713913
0.90141684
0.92501444
0.8397537
0.8096999
0.6597294
0.9854769
0.80815303
0.8639293
0.97443444
0.8375736
0.7957804
0.82484144
0.79458475
0.79680884
0.862443
0.54700285
0.9087554
0.61249727
0.90519017
0.43862933
0.9449205
0.624484
0.85246605
0.8188611
0.61302936
0.93672264
0.6776216
0.8896162
0.7714207
0.6988701
0.90045595
0.76806235
0.92585516
0.89321685
0.74636745
0.8367183
0.8926945
0.80239093
0.9785101
0.88339996
0.8245277
0.73785204
0.778268
0.9446766
0.6300512
0.90572655
0.8318886
0.89872575
0.87896615
0.8968265
0.5907162
0.876726
0.8980403
0.86504334
0.7147965
0.9478316
0.822139
0.85194767
0.86103714
0.77999836
0.82447135
0.7502927
0.90561676
0.9057231
0.93701243
0.722099
0.8762247
0.92658675
0.80298954
0.8201755
0.8528687
0.9567126
0.86503947
0.7788835
0.8659847
0.9333401
0.89233655
0.9471145
0.9080571
0.62750304
0.7518397
0.58570075
0.8121817
0.7952132
0.94666106
0.53044796
0.7234633
0.8362338
0.68028325
0.9391429
0.9231315
0.9818779
0.79825896
0.9270247
0.94801235
0.85851455
0.89312446
0.9377277
0.84979725
0.8460281
0.8559152
0.8174378
0.9457473
0.80862796
0.92190504
0.962408
0.96312046
0.8790915
0.9453399
0.7534582
0.68108606
0.7249808
0.6476059
0.7353352
0.888643
0.9757465
0.8648005
0.82637644
0.9403341
0.6810735
0.9828
0.79088104
0.9133828
0.86974525
0.81550986
0.7441952
0.95245135
0.9046668
0.8253576
0.91329765
0.9047975
0.9393145
0.914432
0.93791413
0.82031953
0.841683
0.9230056
0.81321317
0.7273417
0.8737639
0.7125554
0.7786144
0.7521647
0.84322023
0.90605366
0.7074403
0.69031996
0.9207926
0.6798368
0.95357114
0.8329576
0.79031837
0.8718196
0.9580914
0.8493501
0.9008024
0.8217407
0.5952498
0.9193257
0.9354209
0.8312368
0.8671715
0.9358522
0.94541526
0.84413403
0.5605515
0.698934
0.7874188
0.920244
0.88218486
0.8608426
0.7954571
0.8561686
0.92810845
0.8288867
0.86753273
0.82610434
0.71968293
0.8936248
0.7977369
0.848575
0.83110106
0.85504174
0.9747725
0.8547031
0.9327102
0.9209922
0.94120747
0.70356333
0.8487375
0.89844984
0.8112345
0.68441576
0.96027386
0.8570116
0.94742906
0.88857645
0.6270249
0.81802267
0.93726605
0.8174492
0.9408918
0.8748897
0.981714
0.8335378
0.9501378
0.8450509
0.9122133
0.7844028
0.7438631
0.9761832
0.8837477
0.7144856
0.32222965
0.9390429
0.9034034
0.9654705
0.7109766
0.9321643
0.970989
0.8388408
0.92375976
0.7421271
0.7909533
0.80139005
0.83929753
0.8118987
0.7584356
0.8664098
0.9200201
0.96486753
0.94830215
0.9142449
0.81818306
0.6104109
0.9161958
0.953598
0.93882537
0.8783745
0.6195614
0.79208845
0.9262524
0.92129797
0.9510868
0.8460438
0.63189954
0.8359645
0.840207
0.889664
0.74402434
0.8716027
0.8166752
0.81266403
0.901112
0.8989358
0.8785678
0.9549529
0.92899156
0.73541194
0.6761082
0.9264869
0.767769
0.8363553
0.687143
0.8204197
0.86424196
0.8396775
0.8700062
0.87147707
0.70092696
0.7559237
0.91224605
0.7151904
0.6956863
0.7727091
0.95821536
0.6899185
0.76858187
0.97658944
0.69752204
0.9068266
0.93123233
0.806435
0.9748463
0.92073476
0.95874834
0.83429515
0.87622213
0.768262
0.8467807
0.88440263
0.94873315
0.92998636
0.9325689
0.83698916
0.7534136
0.8814423
0.8180047
0.9529253
0.91472214
0.9452306
0.8323375
0.90630305
0.9168222
0.85320586
0.93136257
0.7785107
0.9294113
0.6885436
0.8009155
0.9359515
0.7489383
0.9039686
0.9359991
0.8654916
0.6292775
0.85527915
0.9109524
0.92025375
0.86442107
0.8973623
0.9243043
0.8915469
0.8183923
0.8696613
0.8420467
0.70767057
0.9649796
0.9188754
0.9816189
0.95828635
0.8092671
0.9479442
0.811911
0.92436653
0.9381947
0.71889496
0.72984123
0.6363037
0.94839954
0.92003685
0.5234844
0.8999909
0.9441502
0.82457906
0.84744436
0.7724731
0.6945875
0.9182571
0.89631265
0.9148189
0.8690729
0.86082226
0.8141103
0.77846014
0.71286076
0.6362728
0.9122864
0.8429873
0.89029634
0.72970366
0.9779682
0.7310616
0.76182
0.9159672
0.7759829
0.8091357
0.91998327
0.8969119
0.6368815
0.720492
0.6347568
0.81884795
0.80788136
0.7127942
