0.86038226
0.75182265
0.87134
0.8451654
0.98835534
0.98818564
0.98431885
0.9437729
0.98357344
0.73408645
0.93353355
0.9107269
0.88405746
0.97246975
0.949295
0.86949986
0.91271263
0.95158535
0.95968395
0.9896367
0.8578005
0.9262501
0.8541243
0.99598306
0.79537123
0.93734556
0.9454141
0.7685517
0.95381534
0.9975343
0.92183
0.87936866
0.8803251
0.9158395
0.91787547
0.9483669
0.69065064
0.95668375
0.6496381
0.9947208
0.88589925
0.9062817
0.96336406
0.97499794
0.8773969
0.9865632
0.92218006
0.995298
0.95639575
0.9039373
0.9453399
0.9862585
0.94747734
0.9904434
0.8680762
0.99710304
0.981066
0.9751633
1.0
1.0
0.9603934
0.87135607
0.72831136
0.87148476
0.98823285
0.9877138
0.9991917
0.95934224
0.94822633
0.9248613
0.9185256
0.9999999
0.96241343
0.831219
0.9986502
0.96483
0.9992723
0.9598578
0.9999999
0.75800705
0.856577
0.9415511
0.9589776
0.9792713
1.0
0.98350376
0.9404189
0.9514948
0.9723805
0.89071023
0.9684944
0.9540249
0.9708363
0.9621256
0.8841324
0.9850672
1.0000001
0.7827256
0.7956126
0.89367425
0.9054328
0.9606533
0.9301758
0.95688325
0.998248
0.91371596
0.95478356
0.9652671
0.9938921
0.99425745
0.9794797
0.9980571
0.99999994
0.9814156
0.95508695
0.9743658
0.8577526
0.81248915
0.9549738
0.8676603
0.7606416
0.936576
0.9808759
0.73470175
0.9650581
0.98142624
0.87365663
0.9695327
0.8762853
0.9794209
0.83912796
0.7346783
0.97035944
0.82560325
0.9469502
0.93622214
0.99277234
1.0
0.92601657
0.9720248
1.0000001
0.97086525
1.0
0.9687646
0.42835158
0.9551772
0.9695721
0.9866963
1.0000001
0.9469259
0.81321096
0.97416735
0.8524892
0.9962275
0.99999994
0.86035615
0.9437518
0.8010612
0.99738514
0.9992715
0.9999999
0.8695388
0.9399399
0.9400255
1.0
0.9543269
0.726202
1.0000001
0.9072854
0.9398645
0.95482177
0.94949883
0.78439337
0.90546644
0.9476796
0.9715389
0.7422758
0.97162056
0.9999999
0.9250964
0.9018718
0.8522116
1.0000002
0.7651408
0.9860751
1.0
1.0
0.9749425
0.9953456
0.9522339
0.944848
0.9577389
0.61388534
0.9051894
0.85319126
0.82039356
0.91511774
0.8915984
0.90645695
0.9193993
1.0
0.9796847
0.95367295
0.81151354
0.8282757
0.7425679
0.9305792
0.7895031
0.89225096
0.7224668
0.96140206
0.6220491
0.9718325
0.9023404
0.97315025
0.94036585
0.31654528
0.93851626
0.9548278
0.9617191
0.6430719
0.88788235
0.94171304
0.93055654
0.966132
0.9607995
0.8410753
0.9358763
0.89252055
0.9634749
0.9628445
0.9663992
0.96391
0.9040631
0.8588667
1.0
0.83710915
0.9240815
0.77071124
0.97353137
0.95761955
0.9619692
0.9496839
0.8956039
0.83974874
0.99999994
0.8845639
0.9227294
0.8633066
0.95462006
0.967505
0.90464354
0.9997299
0.9881992
0.98078483
0.9444894
0.97150993
0.9729902
0.8835072
0.88279605
0.9169211
0.98911214
0.7901542
0.9999999
0.8124601
0.944047
0.9601132
0.96877235
1.0
0.91139287
0.9988869
0.86647344
0.8765984
0.96331996
0.9999998
0.9624615
1.0
0.76704276
1.0
0.9028178
0.90051574
0.9600235
0.9780069
0.9197791
0.95013374
0.91185784
0.943069
0.98307383
0.92507756
0.9798239
0.9882502
0.89434063
0.70848906
0.9462954
0.7976519
0.8517687
0.98505056
0.9650919
0.9914992
0.98072326
0.85008657
0.9434817
0.9970317
0.99439764
0.923594
0.9863723
0.71993834
0.85799193
0.7794074
0.9373215
0.9872891
0.98448735
0.9579376
0.9673931
0.99006486
0.9999999
0.92452
0.9325367
0.80950165
0.95621836
0.7697195
0.96416426
0.98265576
0.97505385
0.96308345
0.9905567
0.91917014
0.88077724
0.99461
0.9476616
0.93907475
1.0000001
0.9936596
0.972304
0.8897103
0.8280643
0.9580246
0.94513583
0.97836804
0.98537815
0.91996074
0.93973035
0.9096509
0.9521998
0.8701435
0.92884904
0.9140371
0.9708952
0.8464064
0.9668236
0.98684424
0.8769012
0.85116357
0.80346626
0.9995831
0.9864769
0.96793485
0.96907866
0.9324569
0.8850082
0.86538124
0.8879893
0.99909264
0.9665268
0.97655666
0.9962966
0.8549785
0.9421065
0.8092957
0.9026215
0.97505546
0.9702717
0.96444815
0.71664274
0.99999994
0.91958064
0.8904908
0.9909775
0.8335687
0.9844822
0.9724876
0.90508485
0.9756821
0.8350091
0.8887241
0.79304665
0.98560894
0.93511784
0.73098016
0.994282
0.97582537
0.99799955
0.8911394
0.98788834
0.9715268
0.93123555
0.9836918
0.8854611
1.0
0.80316377
0.82975996
0.93033755
0.88183206
0.9542176
0.9577382
0.95506704
0.96630895
0.9714056
0.91356075
0.99999994
0.8422649
0.9604038
0.9016177
0.88646567
0.9946517
0.9966583
0.99938667
0.75691533
0.9460296
0.9348279
0.98127556
0.9995338
0.8905838
0.8525933
0.75630754
0.97816694
0.9880789
1.0
0.8763525
0.81579787
0.95345783
0.98563033
0.9685942
0.88330114
0.9553472
0.9749172
0.83598274
0.90530866
0.9946948
0.86343944
0.9719648
0.97307277
0.9851556
0.9349299
0.95041984
0.93519366
0.9717829
0.958112
0.99999994
0.9177783
0.9728546
0.9532017
0.8056647
0.98082024
0.8781513
0.9866993
0.930433
0.96548396
0.96323025
0.9992714
0.8268216
0.9632696
0.9414686
0.8415668
0.9552084
0.9592395
0.8267421
0.9687287
0.9624664
0.9499371
0.9183448
0.98792654
0.97623956
0.99593973
0.7934685
0.99094427
0.99999994
0.96830285
0.9932917
0.9674585
0.90688115
0.96052814
0.9612515
0.9161631
1.0000001
0.9806658
0.9444305
0.9127433
0.9988762
0.99999994
0.95765483
0.7969261
0.98249596
0.91335636
0.9881261
0.986771
0.8494667
0.95954835
0.8529379
0.99717623
0.91147953
0.9907493
0.8582277
0.9300792
0.95323044
0.8987723
0.9581313
0.95385313
0.9037225
0.9040758
0.98245245
0.9593909
0.96103424
0.93684334
0.73276126
0.95406353
0.9935403
0.82835245
0.99498177
0.9687049
0.67259884
0.8853279
0.9843353
0.76214695
0.9846558
0.7900497
0.825661
0.9974899
0.6029333
0.94021523
0.8710257
0.97531456
0.88523865
1.0
0.84862196
0.985558
0.9857786
0.9679826
0.91452295
0.8527606
0.9244987
0.96673787
0.836862
0.7220733
0.9349759
0.93823385
0.9108964
0.7787437
0.8963462
0.9989438
0.9947145
0.91135347
0.99617714
0.91969174
0.9924414
0.9183109
0.81502306
0.98792
0.9613999
0.9604963
0.9790036
0.9316226
0.8147339
0.8808234
0.99999994
0.98730135
0.9160045
0.99986655
0.8496072
0.7792795
0.93989366
0.8539362
0.9924636
1.0
0.9754424
0.97092205
1.0
0.98961127
0.9811863
0.9590881
0.88908726
0.87710255
0.9766869
0.87287647
0.9037894
0.9816511
0.893667
0.8487393
0.87145513
0.9929521
0.97157764
0.90309983
0.98443717
0.9680977
0.9999999
0.9318543
0.94894135
0.9765372
0.77738
0.8561695
0.8651394
0.8783846
0.82684004
0.99999976
0.99388164
0.9888933
0.8505208
0.8512052
0.9437617
0.84305555
0.85153294
0.94001454
0.46296775
0.8568123
1.0
0.9587832
0.96866345
0.9252211
0.954564
0.92063767
0.9192053
0.96160305
0.95624006
0.95371205
0.99950266
0.9907329
0.97627515
0.9689896
0.89240915
0.89746785
0.9540621
0.9449861
0.6874621
0.99934137
0.9926205
0.9137528
0.81602925
0.97278976
0.9710254
0.9052298
0.8084259
0.86434656
0.9538814
0.98303103
0.8055746
0.9922477
0.9290479
0.91869354
0.93123984
0.9999999
0.8749649
0.988518
0.90629864
0.99999994
0.99756145
0.96626776
1.0
0.7788874
0.9572218
0.97625685
0.9809048
0.99399924
0.893344
0.95103776
0.9821346
0.9999999
0.910372
0.969488
0.9445193
0.9802309
0.97050583
0.9754764
0.99694467
0.98604655
0.875131
0.9311524
1.0
0.97025096
0.97554564
0.9497453
0.71007955
0.97346294
0.72653323
0.9990957
0.68590885
0.8550844
0.99999994
0.858369
0.9143312
0.9111187
0.99999994
0.9979871
0.833895
0.68883693
0.97237134
0.9883643
0.98279774
0.95032734
0.92306495
0.9252817
1.0
0.9915017
0.99943626
0.95347095
0.9337287
0.9197031
0.91760534
0.9372975
0.87875366
0.9609576
0.7979721
0.80741495
1.0
0.927816
0.9995818
0.9728
0.92305404
0.9769138
0.88269573
0.8846467
0.8650335
0.90360856
0.70406944
0.83992136
0.987138
0.98817664
0.88756025
1.0
0.90008765
0.9679519
0.98369646
0.8679422
0.9989425
0.9930887
0.9151716
0.637563
0.9271183
0.9348506
0.9997514
0.9489303
0.9490738
0.8088557
0.89202833
0.89032054
0.97855115
0.9958761
0.88203526
0.9723558
0.9603911
0.7653708
0.97206515
0.89557743
0.9791248
0.95801985
0.9999999
0.92042303
0.9329581
0.92739034
0.97399074
0.9669921
0.98673844
0.99085474
0.9634558
0.80990535
0.9895419
0.9389144
0.98042494
0.99394643
0.9842545
0.8766825
0.99040294
0.9524888
0.88022053
0.8739066
0.9163356
0.8590514
1.0
0.92080545
0.8021444
0.9356494
0.8680888
0.9921067
0.9611503
0.90161955
1.0
0.9694407
0.99999994
0.98099065
0.9456423
0.98881257
0.8816769
0.8500038
0.9926623
0.99915767
0.9131377
0.8888429
0.8410253
0.96603686
0.52599907
0.9853822
0.9854326
0.9961655
0.9319382
0.99999994
0.8206975
0.90802026
0.92968655
0.99170244
0.90858287
0.73352283
0.96593547
0.9869391
0.92972744
0.9976256
0.97088695
0.99727106
0.98996836
0.9877
0.72195387
0.98321396
0.960038
0.90623754
0.97009623
0.93139046
1.0000002
0.95596963
0.8150745
0.91433454
0.86538213
0.9374129
0.95842004
0.94578296
0.81251585
0.85611826
0.8113552
0.65558267
1.0
0.8319091
0.6900036
0.9835009
0.951219
0.90953326
0.97513527
0.9416223
0.8182199
0.92080396
0.9999999
0.95011264
0.9988519
0.95263547
0.9540121
0.9242835
0.8990692
0.9304929
0.82422924
0.8747595
0.97074974
0.81018335
0.78226876
0.9091211
0.9881227
0.99067444
0.9234137
0.75604236
0.99675214
0.9882655
0.996144
0.8296412
0.9256253
0.9421879
0.9531234
0.98639524
1.0000001
1.0
0.9969664
0.9697758
0.9736118
0.9658699
0.97407925
0.9520811
0.86842793
0.77245766
0.99028724
1.0
0.9255128
0.9539582
0.9718447
0.98012495
0.69871354
0.8584397
0.9164449
0.9839184
0.90844846
0.9589386
0.9748434
0.90578365
0.9580275
0.99595994
0.634354
0.6959356
0.98383427
0.9908384
0.8895278
0.96139
0.99092925
0.9728233
0.948676
0.94659674
0.9732413
0.9905419
0.8374825
0.9759949
0.86520565
0.95692164
0.98338336
0.9637114
0.8637732
0.92904043
0.7675414
0.9931054
0.99999994
0.71282834
0.8737581
0.9054879
0.98187196
0.98255163
0.94895875
0.8742731
0.8567994
0.899885
0.8909111
0.9490268
0.7341811
0.84214926
0.86797035
0.98609567
0.997033
1.0
0.9866886
0.99388707
0.7856102
0.96156615
0.85433793
1.0000001
0.98845947
0.9545974
0.89923644
0.9616668
0.8904457
0.99970627
0.9829404
0.982982
0.99999994
0.90227705
0.8844908
0.92758036
0.9040764
0.91821885
0.89918774
0.87664056
0.92624295
0.97257054
0.8438194
0.96099263
0.9750272
0.92519265
0.9193767
0.97881067
0.9168707
0.9767331
0.9679413
0.9236747
0.94111407
0.7900103
0.82873297
0.9748421
0.9175724
0.994031
0.98070574
0.9306474
0.8947946
0.66749096
0.9983914
0.9940313
0.9601372
0.983348
0.91455424
0.8836462
0.94000834
0.98537815
0.9253155
0.98518074
0.78947407
0.98884887
0.9242659
0.99331456
0.9699756
0.9848222
0.9372152
0.8721328
0.8192599
0.88348866
0.95554304
0.97947776
0.9870748
0.91429806
0.9978658
0.8287224
0.9469657
0.90284026
0.99415797
0.7622729
0.985132
0.8363619
0.6527473
0.89052856
0.88487566
0.8906603
1.0
0.9724924
0.89406216
0.99825805
0.9499396
0.95371103
0.89311624
0.9891025
0.9916564
0.94701815
0.94120485
0.8951184
0.97222096
0.9632427
0.80749047
0.952508
0.9040108
0.9065325
0.79587036
0.82732856
0.9486891
0.9307466
0.8281201
0.734524
0.97064173
0.9338665
0.9701201
0.9669929
0.93234783
0.99116886
0.98111
0.9992573
0.94374585
0.73793566
0.9999999
0.9831454
0.9872159
0.8152761
0.77619755
0.95944965
0.92462915
0.76318026
0.95922744
0.98299
0.8431343
0.9630246
1.0000001
0.9162542
0.9018948
0.90862906
0.99999994
0.95768976
0.7336237
0.94354534
0.97381335
0.6760969
0.99038637
0.89720994
0.9616334
0.6297509
0.9750828
0.9078463
0.8750041
0.9443898
0.9978305
0.97719514
0.99280244
0.79143715
0.98826516
0.9864618
1.0
0.8727571
0.874608
0.9890697
1.0
0.92223394
0.7411113
0.97969556
0.8001584
0.805574
1.0000001
0.9369278
0.9720118
0.98910207
0.9360259
0.8447239
0.8666511
0.8112232
0.99839085
0.875077
0.9566363
0.9719014
0.9903138
0.69992834
0.84083176
0.88276935
0.8859334
0.8588224
0.983383
0.76315635
0.96048737
0.9015891
1.0
0.8873731
0.98351085
0.95087576
0.9632417
0.9929884
0.79391026
0.9982867
0.99936074
0.9625689
0.99554455
0.9878415
0.92926997
0.8834399
0.9153305
0.8337784
0.96868783
1.0
0.8906236
0.9868957
0.9045837
0.93338037
0.98864424
0.8392768
0.9430414
0.94887674
1.0000001
0.9330576
0.950474
0.9668473
0.9424557
0.8373025
0.8262395
0.90802974
0.9666779
0.9238709
0.8160727
0.9137305
1.0
0.97525036
0.77674216
0.99936676
0.96117604
0.9476458
0.9669425
0.98887646
0.9134928
0.9127175
0.9576999
0.9735631
0.96069336
0.806098
1.0000001
0.75048375
0.8271656
0.8431211
0.9520638
0.922171
0.8961303
0.9311712
0.91818357
0.9853716
0.9662883
0.9823451
0.9312168
0.94241714
0.9741554
0.9202455
0.9951882
0.90103525
0.9874894
0.9371943
0.99999994
0.98010683
0.9992942
0.89044404
0.6965062
0.9995014
0.9431855
0.9849913
0.8894174
0.708333
1.0000001
0.87765807
0.9590723
0.8531492
0.9444259
0.58071816
0.94172597
0.9869556
0.98046994
0.76879096
0.79942924
0.9305037
0.7925544
0.95940197
0.94041705
0.89911866
0.94578993
0.93721986
0.88161695
0.9393081
0.7506288
0.96493125
0.68572503
0.9070489
0.94530183
0.9996507
0.73914313
1.0
0.9976519
0.9093883
0.91558295
0.9901197
0.8421527
0.9846038
0.99046135
0.95092326
0.67898095
0.967924
0.9775043
0.93261945
0.833032
0.9518238
0.9615877
0.6424781
0.8382731
0.7115712
0.97099996
0.98210454
0.949638
0.897488
0.6284114
0.98336005
0.57671916
0.9798317
0.9651751
0.99976295
0.8982117
0.8926086
0.95236313
0.92057556
0.9031205
0.92211604
0.9681984
0.95960414
0.766605
0.85252684
0.9532178
0.89120764
0.96294063
0.99999994
0.90487355
0.9965969
0.9891838
0.8704493
0.99329555
0.8715692
0.947582
0.889289
0.9853419
0.9207211
0.79294896
0.98923457
0.9285357
0.73562807
0.6157923
0.9676922
0.9284066
0.91102827
1.0
0.6754721
0.84370387
0.96297896
0.9723945
0.98262554
0.86407876
0.9841479
0.9373542
0.8266999
0.9572819
0.8537235
0.97841775
0.8896255
0.9072043
0.91501975
0.98109233
0.78813136
0.97694826
0.90755063
0.9545896
0.9270898
1.0000001
0.98075587
0.88311696
0.8825898
0.7762054
0.957499
0.974735
0.94772094
0.99960744
0.9719289
0.80007976
1.0
0.971264
0.97351825
0.8704288
0.97745955
0.99320626
0.9637535
1.0
0.8710373
0.84904265
0.93590945
0.9951343
0.93944925
0.93291014
0.9270643
0.9354454
0.96853536
0.9314414
0.96334785
0.6111657
0.9347732
0.944481
0.8039459
0.9227538
0.9278981
0.7784051
0.99749315
0.5112258
0.9697962
0.9969485
0.9165896
0.95565045
0.8531803
0.96989304
0.98088664
0.78406453
0.90117013
0.9873321
0.76556283
1.0000002
0.9569323
0.9438094
0.9339777
0.8489228
0.95429206
0.98140496
0.98489213
0.7693303
0.9965135
0.9013226
0.99764544
0.87364316
0.99956465
0.92787135
0.95397675
0.82536435
0.98728275
0.99920344
0.77349246
0.83785784
0.9632145
0.6928442
0.8383349
0.9722098
0.99271375
0.96578926
0.79017746
0.9888227
0.93546546
0.9601835
0.7946839
0.88426167
0.732769
0.9908984
0.5759249
1.0
0.9112178
0.98215544
0.93681014
0.98021317
0.8720622
0.95365703
0.98845
0.70684993
0.90721565
0.6162196
0.9527575
0.9059862
0.9046372
0.8340565
0.98738027
0.9649118
0.9276356
0.86710936
0.95961004
0.9187121
0.92036164
0.93746835
0.90429544
0.9517478
0.8964236
0.9669679
0.99077576
0.73730874
0.981663
0.989826
0.8129702
0.98209083
0.9266329
0.95332867
0.96643174
0.6774932
0.9552052
0.999542
0.95281535
0.8578354
0.9348375
0.92987645
0.89806217
0.9283501
0.978367
0.8722758
0.95478004
0.890028
0.9425659
0.87284875
0.93128216
0.8556103
1.0
0.7460685
0.97663105
0.94446486
0.8730686
0.9067946
0.82218903
0.8552849
0.99400574
0.91067064
0.97769237
0.97032005
0.9935948
0.86618733
0.9703845
0.94650286
0.9511842
0.88532394
0.9846941
0.98302686
0.9115149
0.8962847
0.9643833
0.93725544
0.8692939
0.69947684
0.96875834
0.9597258
0.9312522
0.8413573
0.9231674
0.9866147
0.99829686
0.77896965
0.9982848
0.93655074
0.8504527
0.6324346
0.82089126
0.93925023
0.8784865
0.97146106
0.9631729
0.81411785
0.97107166
1.0
0.9861495
0.9552542
0.9273525
0.76572764
0.9765568
0.99845237
0.9832063
0.8439722
0.9619813
0.95573306
0.9888328
0.98457193
0.85364556
0.69019413
0.9159116
0.9089689
0.9663514
0.94914013
0.953867
0.9511805
0.9833468
0.9327781
0.9398662
0.9980151
0.9482068
0.9875958
0.9316696
0.9330594
0.9389965
0.8782547
0.87881565
0.9722709
0.9806638
0.9271253
0.9669151
0.8585841
0.9096444
0.96566886
0.90328735
0.85637033
0.87918055
0.9832142
0.96918094
1.0
0.9389509
0.94684744
0.66516733
0.84235555
0.94425017
1.0
0.89033496
0.95807755
0.8942839
0.8601775
0.9071066
0.9677851
0.9539528
0.9734491
0.95869035
0.99940574
0.91586775
0.90668297
0.9430239
0.9366065
0.9752673
0.9368783
0.8352633
0.8932001
0.986878
0.907182
1.0
0.774909
0.97986925
0.9587188
0.9499979
0.85429204
0.90819186
0.86692584
0.9995819
0.84660804
0.9017361
0.9999999
0.9869677
1.0000001
0.9339061
0.99999994
0.99999994
0.8963592
0.90553844
1.0
0.9814958
0.96951324
0.94989127
0.9829215
0.949001
0.8838014
0.9436688
0.91433406
0.91109544
0.84964955
0.97038853
0.82983
0.9173402
0.8228033
0.9597869
0.40680665
0.96873355
0.900992
0.93827623
0.91373706
0.8732267
0.9837996
0.7441472
0.99966896
1.0
0.9849436
0.9631675
0.90758336
0.94628966
0.66649264
0.8892598
0.9491994
1.0
0.68934083
0.88245374
0.9848323
0.9731733
0.89179045
0.9244134
0.9792837
0.8542795
0.8909861
0.8352399
0.9999999
0.9025934
0.98150855
0.7816892
0.9996488
0.90870404
0.72140986
0.8871789
0.91311324
0.9470866
0.92206967
0.93115354
0.9380379
0.77705073
0.9994767
0.9978914
0.8916787
0.959587
0.9678751
0.99372673
0.96889555
0.9391898
0.836651
0.9519891
0.3533476
0.9731214
0.95852816
0.8216884
0.99999994
0.92158496
0.98892754
0.8890589
0.9923567
0.83165383
0.9601452
0.9935712
0.9006414
0.95278233
0.9214876
0.86165917
0.9439629
0.8394955
0.99064976
0.90955293
0.87202024
0.9166952
0.9516077
0.98458403
0.5549769
0.9740294
0.710687
0.9223491
0.9884627
0.77581406
0.832022
0.70543087
0.8251486
0.98984164
0.9415102
0.8986316
0.9999999
0.9356534
0.9296104
0.98204684
0.8182199
0.6206633
0.74793726
1.0
0.95004034
0.7799397
0.8244342
0.8366332
0.96336484
0.9515975
0.8918032
0.84657735
1.0
0.97896016
0.97753495
0.7379874
0.89326173
0.9179446
0.9064499
0.99966705
0.9952387
0.87610817
0.96764374
0.9363013
0.9555189
1.0000001
0.7743328
0.7600636
0.9702313
0.90258163
0.80294704
0.87405384
0.9154547
0.8836763
0.6614198
0.8502098
0.9773517
0.9999999
0.84620434
0.932087
0.9570056
0.9896682
0.8743646
0.9120239
0.8221872
0.9955557
0.9502618
0.9999998
0.9238288
0.93913126
0.8179295
0.94410366
0.9462398
0.9627548
0.9584944
1.0
0.8323807
0.96048814
0.9906042
0.9709325
0.9161725
0.8826156
0.99901074
0.90232563
0.96797645
0.9451026
0.97854996
0.86641645
0.9076254
0.8726771
0.99999994
0.94370294
0.9001774
0.9993783
0.7664281
0.919914
0.89181095
0.9242486
0.9311739
0.97275245
0.9999999
0.8132096
0.878758
0.8746264
0.5496214
0.96894515
0.9084951
0.98432547
0.9652851
0.8360624
0.7333709
0.9255848
0.91243464
0.87979794
0.9450733
0.8601373
0.8688036
0.9982379
0.8305416
0.84418505
0.992183
0.8917007
0.7400896
0.8913555
0.6822744
0.9887658
0.96589375
0.9736514
0.9372617
0.78934276
0.98830324
0.919619
0.94889754
0.9951581
0.9467274
0.72552097
0.9732679
0.9904358
0.7380457
0.87800217
0.9871299
0.8858893
0.8210588
0.84339267
0.9355736
0.9035171
0.86493933
0.9110838
0.7988788
0.95171815
0.7951047
0.9404272
0.98655474
0.9760345
0.99944305
0.9049392
0.89426225
0.9757725
0.9278235
0.7281089
0.9390293
0.82469064
0.86194617
0.976254
0.90634066
0.9626028
0.90827113
0.9888994
0.8750986
0.7863969
0.7268733
0.97023386
0.98184645
0.7825543
0.9751384
0.90507287
0.95162725
0.98070407
0.8463763
0.8635766
0.948598
0.8749331
0.78913426
0.93353456
0.8671902
0.93556106
0.9362943
0.90130574
0.8909412
0.87913775
0.97990376
1.0
0.9732952
0.93770856
0.9790634
0.9225464
0.97918195
0.82605255
0.98408425
0.9580325
0.95375824
0.9815866
0.9699452
0.9567814
0.6026427
0.9761541
0.969571
0.87703884
0.9953185
0.93050253
0.9679905
0.9016671
0.98629475
0.97152853
0.9372299
0.98560244
0.93229353
0.95871484
0.86086047
0.75333554
0.9262035
0.98797673
0.9973744
0.96345663
0.9532775
0.83935064
0.83770585
0.74541515
0.73665386
0.91622764
0.88628113
0.9999999
0.99269825
0.9932022
0.98349124
0.99727726
0.9457498
0.91706765
0.9856774
0.94494265
0.94839275
0.98010945
0.9513767
0.97659785
0.91101736
0.7836814
0.69563097
0.9510351
0.97461486
0.9534812
0.84950286
0.92829114
0.8176415
0.8922029
0.97404116
0.8275399
0.98267686
0.8853063
0.86559343
0.97411585
0.90460885
0.9001405
0.9389804
0.96816677
0.7047409
0.9635762
0.9838922
0.91090417
0.9599756
0.91687226
0.9926627
0.95816433
0.99999994
0.8636266
0.6801402
0.9572226
0.9991771
0.9049387
0.83719224
0.9082478
0.9949089
0.82220864
0.99999994
0.9320508
0.60162896
0.860208
0.96363086
0.9594359
0.92970455
0.9555889
0.95278007
0.9862376
0.99259186
0.7999269
0.98235595
0.81158346
0.9892751
0.8221492
0.96750087
0.94144094
0.9804468
0.9401
0.54218423
0.9927496
0.9474585
0.9846795
0.92780876
0.5929352
0.7490473
0.83118385
0.91554004
0.9809524
0.9971901
0.91378933
0.86965895
0.80241287
0.85820556
0.90610284
0.9507676
0.98264086
0.9005695
1.0000001
0.96786267
0.99568653
0.9611412
0.99642146
0.9317969
0.99012905
0.96837354
0.9316347
0.9573952
0.8093644
0.9890022
0.93826246
0.990778
0.92996895
0.99327326
0.9238409
0.95695233
0.88345504
0.8557584
0.9886116
0.8532752
0.91328764
0.9633772
0.9977589
0.9573527
0.93209755
0.95832056
0.9833526
0.85091096
0.9770825
0.9815974
0.99729514
0.98175526
0.9053203
0.97029054
0.9691484
1.0
0.95577
0.9163178
0.9193985
0.9058565
0.8399712
0.9491986
0.98700744
0.9036051
0.8579926
0.78184867
0.89503026
0.85909224
0.9767746
0.7823859
0.7706537
0.80758905
0.75063825
0.9555585
0.99999994
0.93177986
0.9712476
0.9745546
0.9864025
0.92172563
0.8619777
0.8506627
0.9852446
0.99101293
0.9976201
0.97753775
1.0
0.9657927
0.98418415
0.9999999
0.9879681
0.97868127
0.8914766
0.9583119
1.0000001
0.7905041
0.98786795
0.9824246
0.8992313
0.9678097
0.9945811
0.92999023
0.96087646
0.9030348
0.7770987
0.9684829
0.9994343
0.9793838
0.85371095
0.96012175
0.97581995
0.9714537
0.9923126
0.8613726
0.92473406
0.94340134
0.85499114
0.7629412
0.95946205
0.8612434
0.9814148
0.9653497
0.8336868
0.9511873
0.99365485
1.0
0.9344064
0.9106711
0.9849581
0.9194139
0.9509174
0.954053
0.93246585
0.95553523
0.9427983
0.77831215
0.95410156
0.9411984
0.67054963
0.9336995
0.95849115
0.9211038
0.9564307
1.0000001
0.986714
0.9323207
0.939531
0.95635533
0.99986315
0.76724386
0.9667122
0.91228825
0.9345133
0.82796156
0.9076682
0.9762856
0.9733617
0.8120007
0.9817116
0.985982
0.97790253
0.8672499
0.96512705
0.8269693
0.9459966
0.9820515
0.95345575
0.99788094
0.8668369
0.9926332
0.97085476
0.99999994
0.99402595
0.8373419
0.81357986
0.7840499
0.99516904
0.9024276
0.98800635
0.96608096
0.93972677
0.99999994
0.9115664
0.85852844
0.89768624
0.9872283
0.65861094
0.8622284
0.8871278
0.99064153
0.9579445
0.99099034
1.0
0.9106302
0.9807526
0.9821228
0.9819763
0.83314145
0.98151714
0.95981044
0.8262302
0.8591613
0.9961909
0.78352934
0.9706002
0.80129206
0.7086321
0.9900251
0.9693325
0.85742736
0.99999994
0.9651756
0.9961834
0.94298357
0.7848839
0.9385915
0.9076259
0.9978832
0.8717911
0.8406031
0.9497612
0.90476245
0.91235775
0.95291424
0.97818005
0.6362407
0.9606693
0.8901712
0.95881575
0.96830136
0.85367155
0.68245614
0.98919255
0.76825786
0.91928524
0.9159308
0.97157997
0.87061334
0.977798
0.9563442
0.91065407
0.9695198
0.98685545
0.98800296
0.99539495
0.65880686
0.9836001
0.9981495
0.9464263
0.84285337
0.8059738
0.9700539
0.80431527
0.78626376
0.99999994
0.71361655
0.98215365
1.0
0.9166353
0.9898752
0.9059511
0.9981076
0.99415123
0.98540926
0.9528892
0.93197906
0.973178
0.9178635
0.8784744
0.96089816
0.968879
0.89395994
0.9266903
0.88257444
0.9363011
0.985299
0.7795811
0.75071
0.97637355
0.88699627
0.9230238
0.9791614
0.9774356
0.9336331
0.9289406
0.9999999
0.88614726
0.93994915
0.9893791
0.8748814
0.8177444
0.999326
0.97272754
0.9787574
0.9795482
0.92363644
0.9943745
0.99960566
0.9460442
0.9820964
0.9757633
0.98915017
0.85584426
0.7429905
0.949199
0.9363681
0.949915
0.97720206
0.900354
0.9043288
0.9384319
0.817624
0.9673948
0.9541801
0.9904485
0.8423024
0.9394426
0.96272296
0.5959834
0.8872517
0.9681255
1.0000001
0.9820771
0.99933016
0.9035272
1.0
0.924921
0.98956424
0.9802479
0.9277855
0.97283286
0.93388087
0.97983575
0.8575049
0.9511962
0.9154791
0.8687912
0.9676815
0.9899425
0.99999976
0.979157
0.84928674
0.972344
0.93644166
0.9727287
0.9992377
0.95359206
0.9978116
0.91184723
0.9380319
0.976914
0.9262445
0.9284922
0.9946531
0.9042089
0.97160935
0.8815624
1.0
0.9582758
0.9846535
0.8767708
0.9999998
0.9842689
0.99999994
0.9387169
0.95622694
0.9930126
0.961475
0.8887739
0.9994019
0.9121038
0.89178556
0.89221895
0.9050013
0.883787
0.83955926
0.8999221
0.88785505
0.9026226
1.0
1.0000001
0.9001968
1.0
0.9860775
0.97972727
0.9809692
1.0
0.9996238
0.9448945
0.9946517
0.8727621
0.7193612
0.8495365
0.99879485
0.8988768
0.9676876
0.9365205
0.9797881
0.96683407
0.77892953
0.94742537
0.87256694
0.93444186
0.9287323
0.9302647
0.9608747
0.98236716
0.804202
0.99882305
0.929172
0.71281743
0.9532026
0.9746146
0.9766454
0.74899167
0.8405069
0.8811908
0.95503736
0.8965438
0.94278115
0.7771223
0.97181475
0.9691353
0.9507871
0.9329296
0.99774295
0.99501944
0.712319
0.94105166
0.939355
0.57399094
0.9129464
0.97623193
0.5570138
0.98043907
0.99199855
0.83667207
0.7603202
0.87781304
0.89984787
0.92544484
0.914312
0.9139207
0.98192024
0.9883377
0.8497384
0.9580095
0.95703375
0.9815549
0.9533944
0.9095416
0.9450582
0.8346768
0.9780526
0.9335941
0.8660294
0.97597975
0.92805547
0.952914
0.9050791
0.99035203
0.9975858
0.9007546
0.96327186
0.98629236
0.9999999
0.8154942
0.86086184
1.0
0.93566746
0.9393038
0.9435023
0.93313247
0.9581524
0.8648674
0.97391343
0.95531917
0.88921344
0.9185871
0.79275864
1.0
0.8637872
0.9901046
0.85718167
0.82543457
0.83408165
0.9884857
0.932938
0.9343382
0.85949045
0.91227484
0.94487953
0.990195
0.9892291
0.99529535
0.9838403
0.79475087
0.960621
0.9913286
0.6547102
0.9562657
0.99806726
0.86395955
0.9595573
0.97700024
0.96190095
0.9776777
0.7928061
0.9192822
0.9294186
0.86099875
0.97309047
0.9994404
0.87333786
0.8133303
0.9534137
0.92800504
0.92828304
0.85437846
0.6492476
0.96659887
0.9841053
0.90970004
0.86369604
0.8298633
0.9550067
0.96766424
0.9868624
0.87760496
0.93452895
0.9287416
0.82276416
0.8026832
0.9585053
0.9570298
0.9710692
0.9189024
0.9799967
0.96270055
0.9589469
0.90913683
0.75723684
0.9975686
0.99566704
0.9701345
0.9980695
0.9227339
0.9138732
1.0
0.91197217
0.80600697
1.0
0.9571593
0.8988104
0.918494
0.97218144
0.9472372
0.9649875
0.9549204
0.95347023
0.97514576
0.9993082
0.8436086
0.9756736
0.9417744
0.8983801
0.9635736
1.0000001
0.8707561
0.7818649
0.83158845
0.9951924
0.96563673
0.7336935
0.9677328
0.97414696
0.8449659
0.9799696
0.9312884
0.9621499
0.9877088
0.99999994
0.9972235
0.85602856
0.9880008
0.848512
0.99776876
0.98757505
0.9748175
1.0
0.8819263
0.57660043
0.9101716
0.9999999
0.9160644
0.99299514
0.894996
0.99297315
0.84817994
0.99631596
0.8683181
0.7238035
0.6476119
0.82037526
0.98273194
0.93050045
0.9903276
0.85836065
0.939571
0.9674438
0.9521564
0.7733024
0.9173029
0.9974919
0.93440974
0.9897908
0.9438876
0.8985953
0.9941442
0.99612767
0.8979566
0.8235977
0.9688583
0.6108928
0.77926755
0.96721846
0.73196495
0.9760909
0.8913851
0.99999994
0.9838319
0.980435
0.90992975
1.0000001
0.7924814
0.9598616
0.8431265
0.97777957
0.89155835
0.99740976
0.85329336
0.79267734
0.9107875
0.9990629
1.0
0.77468324
0.9691642
0.8088721
1.0000001
0.99999994
0.8313831
0.9903704
0.98876894
0.93337876
0.97669476
0.9464288
0.8137929
1.0
0.9870321
0.9370991
0.75356114
0.7676103
0.81451964
0.9832154
0.9217705
0.90378666
0.9222927
0.94845104
0.82847536
0.98629713
0.9530922
0.9656218
0.8888566
0.9543341
0.91223204
0.924716
0.87185603
0.958951
0.9991553
0.9811397
0.9087882
0.8925144
0.9640744
0.78219557
0.8930893
0.99929565
0.9923076
0.98143566
0.9386938
0.96821445
0.9708756
0.94563323
0.98655635
0.9480421
0.8753275
0.9747499
0.84401995
0.8366722
0.9193712
0.984941
0.9301721
0.85956323
0.96606266
0.99925584
0.89209795
0.9255059
0.78740144
0.87679124
0.99311244
0.77246594
0.99560714
0.9561244
0.9626535
0.99999994
0.9363205
0.8478259
0.9412793
0.8560915
0.9071229
0.9234586
0.9691031
0.9082011
0.9623977
0.9292757
0.9694607
0.9001569
0.7710457
0.92907363
0.96898806
0.9143094
0.88420033
0.8490626
0.9176781
0.9047794
0.9113256
0.89062643
0.90882385
0.98846066
0.8592408
0.97425604
0.94902146
0.82211876
0.8595227
0.9595724
0.9597292
0.82542306
0.89992106
0.93134046
0.86603355
0.9669924
0.6452973
0.97004366
0.92892945
0.93178046
0.8944998
0.9421832
0.8063041
0.87149453
0.9882231
0.97584766
0.9608307
0.8964727
0.86064804
0.99229896
0.95411676
0.9470842
0.9322909
0.8821184
0.96635133
0.9794754
0.9748323
0.88084054
0.8172919
1.0
0.9006856
0.97959614
0.94255877
0.91021264
0.9768547
0.7924982
0.9885331
0.9355722
0.9833811
0.95759416
0.9573119
0.97034657
0.9703127
0.9492574
0.97727466
0.9536512
0.97185755
0.83824337
0.9594352
0.73450506
0.7095114
0.83036447
0.8029757
1.0000001
0.90239745
0.97800314
0.97581226
0.9447764
0.97288954
0.68234265
0.9999999
0.9920526
0.6996751
0.7542054
0.88356465
1.0
0.8837768
0.9686275
0.7799717
0.9498727
0.9318553
0.9389351
1.0
0.9377005
0.9862885
0.73539454
0.9627089
0.96949583
0.9194845
0.8805741
0.9607482
0.78896683
0.9626278
0.9908602
0.75965583
0.85461307
0.9586663
0.8866534
0.86400247
0.7759712
0.95786756
0.92540866
0.9785733
0.987619
0.90201527
0.8463065
0.84487295
0.9501189
0.9984904
0.6873385
0.9379938
1.0000001
0.99992776
0.8998426
0.94143385
0.983376
0.69982976
0.9992218
0.96034294
0.9568442
0.9305731
0.982718
0.9927054
0.96515924
0.88716316
0.98636365
0.96831703
0.98988813
0.98397624
0.99999994
0.8198966
0.95200884
0.86795574
0.9372818
0.99117553
0.73549443
0.8362339
0.98859715
0.9452026
0.9407556
0.9753407
0.8263428
0.98024654
0.7685797
0.9398489
0.90288943
0.9068587
0.9752683
0.99377817
0.97986305
0.9808956
0.9650544
1.0
0.87694055
0.8269704
0.96533835
0.89092445
0.93721443
0.9471014
0.91331494
0.94236445
1.0
0.9957396
0.9970689
0.9791641
0.9784776
0.63033974
0.8605036
0.9499103
0.9554118
0.9337522
1.0000001
0.9653374
0.9774672
0.9388549
0.89072484
0.96525466
0.9393831
0.8908054
1.0000001
0.99747777
0.9721817
0.90606284
0.94339395
0.91474897
0.93935436
0.9460143
0.9601789
0.9875591
0.9059861
0.88102067
0.71912336
0.9672567
0.9999999
0.9957203
0.64585584
1.0
1.0000001
0.86325204
0.9684026
0.94123757
0.97531646
0.89159405
0.8274083
0.94425213
0.96604896
0.82447326
1.0
0.99646145
0.9329301
0.9774951
0.9294258
0.96968496
0.7213125
0.94323766
0.89886034
0.7771108
0.9438052
0.8382281
0.8905276
0.8183902
0.9861181
0.8865212
0.96024376
0.94341546
0.97996217
0.87472284
0.9963718
0.37145293
0.9674389
0.8510036
0.96555364
0.9466471
0.94069517
0.960063
0.8499217
0.80467665
0.9601937
0.945498
0.900226
0.941451
0.9990517
0.9847648
0.7954149
0.915032
0.79825675
0.9761724
0.9718164
0.9608136
0.9986032
0.7563276
0.9208215
0.9398494
0.9731687
0.8283756
1.0000001
0.8808459
0.80499583
0.9594813
0.9769063
0.9935568
0.890876
0.95147115
0.9767548
0.9027719
0.92905325
0.9062337
0.96874845
0.9728019
1.0
0.8848632
0.99999994
0.89418316
0.9552098
0.9628148
0.9220508
0.97287476
0.9882121
0.8113619
0.95508116
0.83229214
0.86339587
0.91695786
1.0
0.8356866
0.9918446
0.7988666
0.9538531
0.9714356
0.92358786
0.82133734
0.98630387
0.92438626
0.9535659
0.83404464
0.99949557
0.97667825
0.9985791
0.9758773
0.89526343
0.89469475
0.9851695
0.81784785
0.8946187
0.97480136
0.9420831
0.8665281
1.0000001
0.9302529
0.85405415
0.9567719
0.9643897
0.82802284
0.9999999
0.9874351
0.9630854
0.98307437
0.8963951
0.743048
0.8547485
0.8188709
0.9595916
0.9973279
0.9521582
0.9964581
0.8605325
0.8173829
0.9969263
0.97818655
0.92329717
0.9978325
0.98783654
0.902904
0.9747473
0.9586243
0.9414911
0.8314036
0.99525666
0.9863584
0.93842936
0.9942462
0.9453113
0.94299614
0.95922476
0.93424356
0.9465007
0.88345057
0.839321
1.0000001
1.0
0.87505215
1.0000002
0.95083517
0.538493
0.92941797
0.9848392
0.9551608
0.9330991
0.8139414
0.7868684
1.0
0.99999994
0.94075984
0.91363484
0.9854682
0.86880577
0.71771914
0.9509468
0.9043175
0.6850117
0.9414239
0.9016948
0.9976255
0.97634757
0.8775886
0.9482919
0.9025382
0.9885193
0.9502497
0.93384457
0.96670544
1.0000001
0.9240759
0.7648679
0.8515356
1.0
0.99205065
0.74567235
0.9565337
0.8941544
0.88703835
0.77305853
0.9826151
0.9089606
0.92043775
1.0
0.93047965
0.9355757
0.91216785
0.9898907
0.99712515
0.96034396
0.9534765
0.93344855
0.91548586
0.71923494
0.9624918
0.94564927
0.99969214
0.7393971
0.9402719
0.96422243
0.95375824
0.70654726
0.91204524
0.8424175
0.89684117
0.9999999
0.93229777
1.0
0.84918
0.8863251
1.0
0.9965184
0.989356
0.9773581
0.8736709
0.8085301
0.7001753
0.29143873
0.9604137
0.7762917
0.9575135
0.92633474
0.8420807
0.8685969
0.8177317
1.0
0.9729484
0.9851684
0.9065433
1.0
0.9334277
0.8930342
0.8694088
1.0000001
0.8239462
0.88633704
0.9413962
0.8280994
0.9202852
0.83133024
0.9926062
1.0000001
0.71173275
0.89036983
0.9382311
0.973811
0.95894015
1.0
0.9399682
0.9056034
0.9320304
0.964025
0.96050644
0.93007934
0.97162306
0.93024945
0.8749562
0.92448884
0.99314916
0.9954153
0.98598975
0.5906905
0.9753068
0.84851503
0.9449723
0.95932174
0.8880687
1.0
0.9729573
0.95829475
0.9122641
0.99191785
0.9285146
0.9771924
0.8239368
0.99601614
0.92960083
0.9215425
0.8653408
0.9694335
0.9995887
0.9807652
0.80106837
0.8876503
0.9204922
0.9724393
0.8955698
0.97655165
0.9781554
0.81231505
0.8398403
0.9984903
0.56564385
0.76553327
0.99700946
0.9401529
1.0000001
0.968251
0.92055523
0.712531
0.9571066
0.5570748
0.8616868
0.9937902
0.778935
0.9183388
0.873049
0.93401116
0.9250345
0.9328295
0.9695017
0.74632627
0.9227576
0.8828042
0.9877902
0.9603285
0.74218184
1.0
0.948213
0.9999999
0.9826682
0.86140877
0.9062234
0.99829406
0.98588127
0.96484375
0.99389327
0.97660077
0.96660006
1.0
0.85133165
0.9411346
0.9211087
0.861285
0.9450731
0.9342224
0.90832996
0.75117904
0.95312935
0.9992445
0.9099934
0.9660057
0.9206929
0.9562559
0.99205804
0.99393797
0.98075
0.9887556
0.9540178
0.8465392
0.9160419
0.9852816
0.9713586
0.8362299
0.8760634
0.90194035
0.9632308
0.8546837
0.86950827
0.928112
0.9426963
0.96212184
0.95047694
0.82820284
0.9431515
0.99943745
0.8750363
1.0
0.98828864
0.92236316
0.9584303
0.9797457
0.9991125
0.92843014
1.0
0.99712193
0.7165923
0.9999999
0.96232575
0.8052766
0.9998256
0.8533293
0.9906833
0.94129336
0.9480055
1.0000001
0.9433024
0.86600167
0.9669882
0.90752476
0.95128447
0.87495387
0.99446917
0.99999994
0.8833773
0.9632187
0.98609567
0.97592074
0.89965993
0.8121164
0.9767442
0.98945946
0.7114371
1.0000001
0.8004404
0.9199322
0.92110413
0.96031815
0.9606416
0.9728919
0.92740285
0.9818523
1.0000001
0.9999999
0.9341486
0.9736348
0.97661006
0.77341664
0.92898095
0.8930593
0.8746359
0.9305525
0.9837326
0.8794103
0.99999994
0.9999999
0.85424036
0.96628493
0.7069904
0.874416
0.990337
0.8757297
0.7980592
0.8604955
0.9951492
0.94501793
0.97616404
0.9270354
0.92382765
0.9895245
0.92428756
0.94982123
0.9296542
0.9761398
0.9629732
0.978279
0.9267525
0.9911958
0.9932885
0.97701657
0.9220543
0.98185325
0.9472087
0.83220017
0.8550107
0.6819953
0.9823835
0.8944447
0.9636741
0.950023
0.9486154
0.94759583
0.8240468
0.8916977
0.92412186
0.83753383
0.9095882
0.9985795
0.98736995
0.9612982
0.9929132
0.93434495
0.8859518
0.9990997
0.90355396
0.9655654
0.6806284
0.9513407
0.9958396
0.8078093
0.94792503
0.96633387
1.0
0.98977745
0.8296747
0.9847386
0.951102
0.9833945
0.81372154
1.0
0.9943922
0.920241
0.9914249
0.87362325
0.9879906
0.9142889
0.79227763
0.99156785
0.9876671
0.83918643
0.96328604
0.793779
0.96384865
0.88585305
0.98492557
0.9689901
0.9755599
0.96279764
0.9603086
0.9358913
0.7731967
0.84222245
0.94807756
0.9899059
0.9621466
1.0000001
0.86099786
0.94121486
0.98606324
0.9927183
0.94302624
0.9482979
0.6352973
0.8228685
0.98991
0.95130765
0.91453385
0.983462
0.9355615
0.9049715
0.9797771
1.0000001
0.961048
0.9342781
0.7772429
0.99409837
0.90167123
0.8992174
0.91082156
0.8215271
0.98685133
0.9552274
0.9427227
0.9506885
0.98403597
0.97282237
0.9851979
0.9342714
0.6707889
0.8437201
0.8911678
0.9250144
0.953056
0.98666984
0.8223293
0.9782176
0.9844588
1.0000001
0.8700098
0.6686622
0.8184094
0.83751315
0.98788774
0.84258837
0.852167
0.87963563
0.9550876
1.0000001
0.952222
0.76347125
0.87152255
0.9573948
0.9688029
0.9989027
0.87873316
1.0
0.6434491
0.9464303
0.93032175
0.9699399
0.9771615
0.96825397
0.9381832
0.99706924
0.38701475
0.9696394
0.92476803
0.75875425
0.86151665
0.9676979
0.88902915
0.99999994
0.9585801
0.7202875
0.9314974
0.99738264
0.9996507
0.96341157
0.7269083
0.92747426
0.9865157
0.96328855
0.9473732
0.9850188
0.9023353
0.9389748
0.9377475
0.93247795
0.8623049
1.0000001
0.86163366
0.5497645
0.9752554
0.9715416
0.87981915
0.7267201
0.935042
0.9134465
0.9407052
0.69731295
0.8558843
0.9551233
0.8796609
0.99951
0.89018434
0.9701117
0.7858277
0.97671264
0.8361387
0.8839733
0.9958516
0.9576647
0.9755973
0.9957938
0.9909028
1.0000001
0.90302837
0.94994926
0.9509709
0.9593144
0.93622863
0.9365214
0.9542618
0.91476965
0.9971731
0.8515604
0.83366257
0.99845856
0.9933893
0.7545619
0.8717555
0.6373071
0.9633783
0.7530642
0.87714684
0.96650344
0.9054675
0.9435284
0.9352621
1.0
0.9543551
0.98302513
0.80209005
0.99798274
0.98808753
0.8460143
0.9291873
1.0000001
0.86478317
0.9119824
1.0
0.9999999
0.9847592
0.99216807
0.89077586
0.9168518
0.947999
0.80495346
0.85248053
0.9814887
1.0
0.8540537
0.87718886
0.912893
0.97857416
0.9441132
0.9972302
0.87863404
0.9664468
0.9407104
0.99744713
0.99943584
0.956054
0.975929
0.9658941
0.92059386
0.9731123
1.0000001
0.9984162
0.887135
0.99146676
0.9536798
0.92027843
0.9395014
0.8807553
1.0000001
0.865327
0.8706423
0.9334905
0.85657024
0.88104177
0.96059084
0.90393186
0.9676535
0.94215167
0.9220256
0.9529267
0.88106805
0.8937194
0.98436224
0.9799548
0.9999999
0.7177026
0.9999999
0.7564878
0.90680456
0.9875864
0.7571122
0.90973824
0.9748664
0.9923248
0.9984732
0.98366535
0.927966
0.8541431
0.9953892
0.9464141
0.99220884
0.7170152
0.9165332
0.9385782
0.9950693
0.9814599
0.80322945
0.9391847
0.9115531
0.98697513
0.63297105
0.8660427
0.85598314
0.88841885
0.9999998
0.97942615
0.9994873
0.80806285
0.9067621
0.71137935
0.82623804
0.7632715
1.0000001
0.6261844
0.90135133
0.90877783
0.86080825
0.865019
0.97199845
0.93058527
0.8418443
0.8033287
0.8557595
0.99978524
0.9651848
0.9363706
0.95082486
0.8243474
0.8987849
0.9485501
0.8227125
0.7825817
0.9836869
0.99750936
0.86960554
0.8249315
0.9843917
0.915921
0.9993934
1.0
0.97305787
0.92553633
0.94303703
0.9775814
1.0
0.95274764
0.959705
0.888713
1.0
0.8613028
0.9736539
0.7790805
0.95968014
0.95470077
0.99400336
0.9136568
0.98542744
0.9965627
0.9647957
0.8131017
0.7907687
0.8556401
0.95108783
0.9889169
0.7105427
0.9381017
0.99196494
0.80503285
0.90918857
0.9177563
0.83167124
0.9196389
0.89097583
0.6842436
0.97986424
0.9520416
0.8775563
0.84503204
1.0000001
0.99574614
0.8485328
0.9759309
0.85170746
0.90364134
0.9994885
0.8885629
0.943908
0.7511507
0.9366012
0.9969917
0.9593825
0.9191091
0.974623
1.0000002
0.882084
0.97651637
0.9857794
0.9863875
1.0000001
0.9536529
0.96930414
0.9602414
0.9939072
0.90182304
0.9333567
0.9799044
0.9640571
0.97156864
0.93288857
0.86512065
1.0000001
0.9925843
1.0000001
0.93697596
0.9427303
0.86393833
0.9496594
0.9521062
1.0
0.83502287
0.78686893
0.9974432
1.0
0.8474562
0.84582573
0.9778013
0.977401
0.931476
0.97458076
0.80674744
0.9939169
0.7909156
1.0000002
0.938107
1.0
0.74918896
0.9036071
0.9535671
0.9593109
0.75414443
1.0000001
0.97988915
0.6722598
0.93037057
0.90059364
0.9611379
0.991624
0.95525956
0.9802351
0.89956737
0.7117207
0.99763036
0.9590219
0.9757793
0.94389766
0.94474936
0.8339977
0.93118405
0.9729401
0.94272584
0.9991516
0.9059725
0.94336605
0.73603946
0.9789938
0.9311351
0.8514702
0.9772863
0.99872416
0.831124
0.7890688
0.9316143
0.98882604
0.9964292
0.9701369
1.0
0.9992018
0.8313847
0.946138
0.82931125
0.9959885
0.9379214
0.9600692
0.9938353
1.0
0.8550061
0.996338
0.90485185
0.98684007
0.8095885
0.9291914
0.9862265
1.0000001
0.9260754
0.64644444
0.9311912
0.8773477
0.93011105
0.97990274
0.9242683
0.94928205
0.917046
0.937588
0.99482095
0.9381156
0.9676782
0.8514728
0.8655261
0.9777694
0.9568006
0.98999876
0.9985187
0.9425608
0.88183737
0.9658355
0.90760434
0.8991505
0.9580001
0.95552754
0.9966288
0.98107237
0.868662
0.9680821
0.9100361
0.98086876
0.93677145
0.8994849
1.0
1.0000001
0.8872975
0.81345767
0.9854952
0.9485351
0.8979745
0.93306684
0.98788154
0.8488184
0.9574556
0.9607307
0.9762235
0.9838388
1.0
0.97624415
0.94699913
0.97291106
0.9937671
0.9999999
0.8857937
0.9710101
0.95158446
0.8655676
0.9310076
0.9726298
0.96879137
0.7494341
0.754816
0.98503906
0.9028126
0.97590625
1.0
0.988455
0.9713246
0.9347013
0.9330139
1.0
0.94870424
0.8750892
0.9966873
0.8347233
0.953299
0.9746282
0.9780738
1.0
0.84712225
0.9731366
0.961537
0.85208046
0.9901067
0.781177
0.9823594
1.0
0.99213815
0.8081003
0.96909946
0.9206961
0.9680267
0.56575686
0.9302146
0.8493452
0.98794943
0.9778239
0.90968645
0.94970423
0.9723563
1.0
1.0
0.9957392
0.99697345
0.94769573
0.82820094
0.95466423
0.9929349
0.677183
0.8551616
0.7362179
0.9240089
0.94920146
0.99981874
0.9819536
0.97987086
0.6953654
0.8895192
1.0
0.97276884
1.0000001
0.9559889
0.9432075
0.85635865
0.8679733
0.9999999
0.9488661
0.75922084
0.65552294
0.76358277
0.8879939
0.9241262
0.9026874
0.939189
0.9803542
0.96081424
0.8516519
0.9553578
0.8879209
0.9264382
0.9060936
0.9046921
0.9653646
0.9765295
0.9246384
0.95697755
0.910512
0.99647504
0.9015923
0.9812324
0.90794355
0.944436
0.9232335
0.9593272
0.6741313
0.9120774
0.8240515
0.9733013
0.95342445
0.97984624
0.9695252
0.9844207
0.99035656
0.97518533
0.981277
0.930961
0.9829264
0.6086519
0.9716723
0.84917295
0.6103089
0.9701149
0.6267688
0.9078666
0.8640913
0.5706782
0.9832238
0.79054105
0.97278893
0.9590425
0.99793327
0.9525169
0.93507695
0.8554254
0.8967815
0.92244005
0.99039733
0.9376359
0.93184566
0.97668797
0.9136293
0.9702498
0.9514588
0.72740316
0.96683985
0.98732793
0.99815035
0.8935307
0.99589914
0.73818105
0.9777557
0.8900572
0.692034
0.96920943
0.9737301
0.9085472
0.8683816
0.91644496
0.97964966
0.9374518
0.80599463
0.9316774
0.9043558
0.88787466
0.8034495
0.9035692
0.978107
0.99657
0.9892344
0.9823747
0.99999994
0.9061146
0.955533
0.94195783
0.91771364
0.99245214
0.96758395
0.9542195
0.9016086
0.9222094
0.87111586
0.8245636
0.77500176
0.85994095
0.99970573
0.99946105
0.8052455
0.9997818
0.9140438
0.9458785
0.8706585
0.8391267
0.9375953
0.95868117
0.98789483
0.9673674
0.7876893
0.9138527
0.871563
0.9902571
0.9200915
0.92719936
0.8880576
0.9598658
0.88554764
0.9911312
0.96598303
1.0000001
0.9873748
0.6239468
0.9807919
0.9648426
0.9212043
0.9544626
0.9218211
0.9011971
0.9425117
0.8920722
0.8315413
0.99073035
0.8291522
0.9531553
0.9945456
0.9347216
0.95457447
0.7910187
0.73712015
0.9441989
0.8212087
0.97110045
0.98194766
0.9999999
0.8414653
0.9282815
0.9847323
0.9742628
0.9499819
0.99194205
0.8884171
0.9553758
0.9190452
0.9072213
0.96533436
0.9102049
0.880587
0.95739067
1.0000001
0.9516865
0.8334504
0.9974154
0.96216184
0.960384
0.87725484
0.88545924
0.9999999
0.95834553
0.9404025
0.9588176
0.9787965
0.94225276
0.9640284
0.97960603
0.92101306
0.9397611
0.9685068
0.9463433
0.98469174
0.99403137
0.87210333
0.951552
0.93462145
0.9842497
0.8839069
0.9669334
0.89910007
0.88680047
0.96241736
0.99999994
0.87758887
0.9782891
0.95742965
0.8565832
0.95472515
0.7156829
0.9871683
0.8194693
0.9004126
0.9746381
0.9570577
0.7822214
0.8278776
0.92836106
0.8465264
0.92285216
0.8792359
0.8436729
0.9939747
0.9357688
0.97297573
0.99241304
1.0
0.94703
0.9403836
0.9781537
0.97502357
0.94664884
0.9881736
0.99302053
0.6124025
0.77979964
0.88847464
0.84285706
0.9391554
0.91245496
0.9191264
0.8374795
0.82738274
0.9654395
0.90913075
1.0
0.9929947
0.9932684
0.9570676
0.9749888
0.94767916
1.0
0.91801447
0.93564034
0.71652746
0.9581593
0.9893186
0.9867032
0.98290896
0.97376245
0.8525213
0.96070534
0.9729526
0.905147
0.9885349
0.97991204
0.9525722
0.98389703
0.9916258
0.968856
0.95253086
0.9821949
0.81618196
0.97534233
0.9997494
0.923365
0.6253327
0.9101387
0.86534244
0.96326965
0.91280484
0.9477313
0.803287
0.73414975
0.9525378
0.731603
0.9972089
0.90703875
0.8800714
0.9786186
0.9635137
0.9451312
0.7974372
0.91796863
1.0
0.9510592
0.96279836
0.9877531
1.0
0.9524244
0.8029795
0.9373441
0.94253206
0.96333915
1.0
0.8823525
0.89227796
0.6347612
0.9705266
0.905198
0.9945212
0.95094424
0.98078597
0.92736346
0.9465041
0.7680828
0.98001397
0.9752291
0.9044039
0.9866719
0.92339396
0.8347529
1.0000001
0.96449834
0.92903984
0.9724019
0.9669275
0.9940609
0.9075638
0.90186846
0.88706267
0.8573105
0.80817646
1.0000002
0.84626293
0.9592134
0.9406334
0.8738933
0.95437396
0.93895584
0.9996961
0.7800859
0.91856104
0.96359575
0.9569022
0.9244373
0.99282384
0.8053899
0.5695315
0.9818072
0.8695841
0.90777934
0.63883233
0.864502
0.99487394
0.9404898
0.89649075
0.97469217
0.97474927
0.99553084
0.939401
0.967463
0.9882406
0.9459844
0.98985577
0.971408
0.99457294
0.9031278
0.91157234
0.931572
0.92881763
0.77572525
0.8939821
0.91236883
0.95548385
0.78302205
0.9099253
0.9658149
0.8791042
0.93844587
0.9508506
0.9598652
0.9953866
0.9909163
0.5628877
0.98174644
0.98641336
0.99797416
0.9330328
0.90001565
0.52896994
0.8980313
1.0
0.91654897
0.942399
0.9387859
1.0
0.8399426
0.9117608
0.9767709
0.98719704
0.9802157
0.984329
0.7809261
0.96137154
0.98976576
0.82739383
0.90731263
0.9866915
0.96116245
0.8377269
0.89444405
0.8319366
0.9379058
0.9659654
0.9703883
0.682372
0.9785068
0.7858114
0.998321
0.9582857
0.89774287
0.9626548
0.8333056
0.8180144
0.81564564
1.0000001
0.77599126
0.994803
0.9275621
0.92315394
0.9984951
0.89911044
0.9517628
0.8097133
0.98781276
0.99331915
0.87433356
0.8924231
0.9397702
0.92610943
0.9164453
0.5423397
0.9628162
1.0
0.93379414
0.9907421
0.97860754
0.8714502
0.89669675
0.9825517
0.9531394
0.9441626
0.8427382
0.99999994
0.95880586
0.82785755
0.8956144
0.9688432
0.766406
0.9486148
1.0
0.9694144
0.9797771
1.0000002
0.717257
0.8473706
0.98223025
0.9413445
0.88100576
0.5030452
0.9515953
0.836259
1.0
0.86245346
0.9821371
0.9745652
0.98732907
0.9396896
0.98388886
1.0000002
0.99999994
0.98801965
0.8089876
0.76385653
0.9634706
0.9920877
0.9707846
0.9715361
0.9999999
1.0
0.9305426
1.0
0.9324156
0.9744828
0.96995336
0.8884073
0.9341789
0.84800667
0.8953641
0.9134796
0.9588494
0.9887542
0.94616336
0.7978287
0.76616424
0.982694
0.8480702
0.9496257
0.6225348
0.99209917
0.76380575
1.0
0.9530362
0.9937103
0.9999999
0.996104
0.97672737
0.86432177
0.9738956
0.9161724
0.84384
1.0
0.997537
0.9801614
0.94365233
0.8564071
0.85450155
0.9392088
0.99201363
0.9453572
0.90570605
0.99846053
0.9900317
0.98431265
0.92733145
0.9906099
0.9519676
0.78535604
0.97770375
0.8875469
0.92359066
0.9978919
0.9781537
0.63487977
0.99770993
0.8644925
0.99203616
0.95752376
0.95858824
0.95056695
0.9924855
0.97193134
0.9372151
0.8719441
0.97529966
0.91547203
0.98620033
0.9656752
0.8901468
0.96889055
0.9308648
0.92017275
0.8776365
0.8909348
0.85636646
0.9401498
0.86061317
0.88539726
0.79588425
0.90985507
0.9850209
0.98972064
0.9874126
0.77667
0.91278493
0.9589289
0.99694383
0.9891393
0.8919954
0.88139915
1.0000001
0.9508375
0.95487195
0.96702963
1.0
0.85378075
0.93614995
0.878333
0.85122573
0.66338515
0.86950946
0.8215388
0.7866947
0.99753356
0.9984081
0.84186757
0.92250806
0.9794995
0.87211376
0.8808156
0.90017
0.9721117
0.9677108
0.92766464
0.9434015
0.9231086
0.919023
0.8758915
0.9552951
0.9779116
0.9849442
1.0000001
1.0
0.9323154
0.9246465
1.0
0.9940407
0.8987918
0.968603
1.0
0.86284965
0.91065097
0.9657297
0.8975275
0.8675778
0.98406386
0.9833297
0.9368984
0.9313073
0.9971956
0.85248977
0.96395946
0.90672433
0.9709112
0.87329096
0.8413068
0.959588
0.9358224
0.97892237
0.81942654
0.9365681
0.94653547
0.8938968
0.9261557
0.7962574
1.0000001
0.97387797
0.9267413
0.96786267
0.7678163
0.93281835
0.9798406
0.8515051
0.874992
0.8518385
0.99912345
0.9885723
0.85920775
0.9710627
1.0
0.94133544
0.9488974
0.9684977
0.96474326
0.97936815
0.894742
0.9158249
0.8832432
0.5681361
0.8481951
0.9713238
0.7152142
0.9273538
0.8351817
0.9108887
0.927018
0.7981577
0.89842063
0.99981236
0.8239477
0.8592545
0.9222445
0.95955765
0.9762325
0.83181757
0.99435574
0.9886946
0.8512081
0.98623693
0.7031872
0.8208422
0.9921394
0.98823225
0.9463664
0.92780954
0.9549495
0.93998283
0.8746259
0.95816207
0.696523
0.965581
0.9445375
0.9623294
0.9999999
0.9587512
0.8714441
0.8798311
1.0000001
0.9679721
1.0
0.9983236
1.0000001
0.9915192
0.9291595
0.97428656
0.7731726
0.9413867
0.88957316
0.92586434
0.90949506
0.982109
0.94389087
0.9807628
0.92873627
0.99169517
0.82485884
0.9740041
0.7753426
0.9651353
0.9730438
0.94266224
0.9970879
0.9877745
0.8865047
0.9910189
0.929301
0.9409595
0.8124022
0.9942472
0.92719007
0.97256327
1.0
0.6677931
1.0
0.97721326
0.99217147
0.99937075
0.8560289
0.92278564
0.97269887
0.9809725
0.9904176
0.95735794
0.8903084
0.80648255
0.9756547
0.9905899
0.8409464
0.90486985
0.9972044
0.99974084
0.98463845
0.9632065
0.86822236
1.0
0.96538025
0.9510697
0.9471591
0.97699636
0.9337467
0.8669015
0.89371693
0.9218521
0.8186816
0.91492814
0.9521109
0.9704604
1.0
0.99405164
0.823033
0.8815298
0.8782809
0.58882844
0.99667585
0.95054305
1.0
0.9166713
0.95176506
0.76300794
1.0
0.8968884
0.97088414
0.85682905
0.86159825
0.98245883
0.97722864
0.90999043
0.9119106
0.70812213
0.9190479
0.7241943
0.93212163
0.9450745
0.9825648
0.9805262
0.88461256
0.88608944
0.8962047
0.978795
0.71084607
0.9223709
0.93197167
0.9302977
0.94396114
0.9517664
0.9882362
0.9754137
0.9987924
0.99928117
0.9845269
0.9122466
1.0
0.9694432
0.86324376
0.9325271
0.9161441
0.9908558
0.9067139
0.9764154
0.771169
1.0
0.89930665
0.87220615
0.99591976
0.94671583
0.9846514
0.9916188
0.95600706
0.82587296
0.9113199
0.9899431
0.844591
0.98334104
0.99551797
0.94382167
0.8982206
0.9655324
0.99999994
0.97134155
0.9888385
0.9079118
0.8890956
0.9459451
0.94807184
0.9635997
0.9883153
0.9528876
1.0
0.89117485
0.9572413
0.86319023
0.9522824
0.93185055
0.98990273
0.9531076
0.9525556
0.839249
0.8334544
0.8884457
0.76168275
0.9104537
0.95870805
0.96571636
0.98295474
0.9011213
0.97993994
0.8644715
0.8823363
0.7880877
0.83939815
0.977368
0.89282507
0.960871
1.0
0.8334159
0.9665948
0.986438
0.8594438
0.9095032
0.99090046
0.9988902
0.9999999
0.99972475
0.7488569
0.97641635
0.76526177
0.9047497
0.9353181
0.8836196
1.0
0.9441272
0.9629802
0.86375827
0.7557363
0.92828155
0.999274
0.90851426
0.99149007
0.98095703
0.9924652
0.89023364
0.7625973
0.7857158
0.90091765
0.8320117
0.831497
0.98814315
0.93816817
0.9815899
0.989457
0.9158983
0.9445214
0.90520287
0.970889
0.96680474
0.82939035
0.8416844
0.99999994
0.9557696
0.94600886
0.95649475
0.96790695
0.92301637
0.92997736
0.30491698
0.8119222
0.9901364
0.96898687
0.8617005
0.75484234
0.9996775
0.70855254
0.9978975
0.9868272
1.0000001
0.95743096
0.96936744
0.83792037
0.72179955
0.97179925
0.88716733
0.9865614
0.98309845
0.9407011
0.90183204
0.9532812
0.9107347
0.6500576
0.9764921
0.9022285
0.7576787
0.64937294
0.9829979
0.99790484
0.9373979
0.9899118
0.8287449
0.95246863
0.9376435
1.0000001
0.80810183
0.8817463
0.89011323
0.73367923
0.90999115
0.98111415
0.8338874
0.99496156
0.9932456
0.9732998
0.938381
0.88979495
0.99991566
0.935808
0.88997686
0.9922144
0.97606415
0.9179193
0.68666255
0.9025906
0.99730253
0.9059334
0.8247733
0.95042545
0.955479
0.8227436
0.92337114
0.95562065
0.9021272
0.81158805
0.98211265
0.8809598
0.8822382
1.0
0.99737746
0.8400776
0.75478107
0.81636035
0.95995605
0.78099847
0.8725796
0.893911
0.9421808
0.90094876
0.92235994
0.83551574
0.88320976
0.965705
0.9727973
0.9244548
0.9818007
0.893412
0.69300807
0.93989646
0.9061415
0.99647427
0.933952
0.5325126
0.9703448
0.7438457
0.9999999
0.88327825
0.88391614
0.9550887
0.99531543
0.66548383
0.99999994
0.97595453
0.995608
1.0
0.92879665
0.9725071
0.8555416
0.95826316
0.8569055
0.9363791
0.8841286
0.9738755
0.8730523
0.8487321
0.98336685
0.9986401
0.98871434
0.9227817
0.99999994
0.9070709
0.9517382
0.9693763
0.99042434
0.9279738
0.95150274
0.8241656
0.97818613
0.9994293
0.97940075
0.976181
0.877124
0.98507804
0.7037564
0.86639804
0.9044494
0.93653756
0.9999999
0.82635176
0.9513328
0.98341715
0.9455683
0.93508464
0.92287076
0.9999999
0.84614635
0.6084334
0.9181572
0.6116794
0.95066494
1.0000001
0.8410618
0.9244664
0.98932236
0.96765834
1.0
0.8912823
0.94170994
0.98566806
0.845547
0.9780181
0.92995125
0.93334943
0.7317593
0.96670026
0.9964718
0.87690103
0.939955
0.9449211
0.97067535
0.9560318
0.9984142
0.8999822
0.87349224
0.9817528
0.9961725
0.941607
0.9788161
0.8885918
0.9515188
0.9945933
0.9572991
0.9006116
0.91752046
0.8529015
0.9564409
0.9451035
0.9710503
0.88834316
0.9397542
0.9665341
0.8976388
0.97813684
0.99700165
0.9351638
0.8684914
0.87476254
0.7977544
0.91409624
0.97820616
0.8507358
0.9199546
0.9850299
0.9330865
0.98259413
0.9111035
0.9177677
0.7961546
0.6356592
0.8776658
0.93760943
0.92951924
0.82026327
0.74000996
0.8278307
0.8495926
0.89435446
0.8058027
0.85734487
0.9521531
0.8652189
0.7854028
0.9274805
0.9917489
0.9864378
0.91494286
0.80856735
0.9262933
0.81032455
0.9995375
0.87265563
0.85365754
0.85751176
0.90748525
0.8805036
0.9708684
0.94541407
0.9615235
1.0
0.9032743
0.9999999
0.967681
1.0
0.9312754
0.8820977
0.9953521
0.8928454
0.9413414
0.9918153
0.96004915
0.952356
0.9999998
0.91863334
0.8759929
0.98950267
0.97476125
0.9836714
0.8986511
0.99370956
0.9432112
0.92723095
0.97794247
0.80275863
0.97782457
0.9523834
0.7103693
0.945894
0.9479006
0.8824787
0.9664584
0.9975476
0.95607543
0.73018664
0.94176894
0.97949475
0.9245895
0.9324041
0.95311564
0.82625836
0.9639326
0.94057786
0.8839073
0.9989472
0.9427392
0.7217233
0.91340446
0.972177
0.82423586
0.9777319
0.9904218
0.7761864
0.9168352
0.7871134
0.94951046
0.98378235
0.49896604
0.7255803
0.9576973
0.95130587
0.9395864
0.80461043
0.8192576
0.9878409
0.946192
0.9097193
0.9844768
0.9103682
0.8489965
0.9922352
0.8698756
0.98269796
0.98521245
0.9798327
0.94129324
0.9568718
0.9996196
0.84047794
0.94153684
1.0
0.9601933
0.8708483
0.86909014
1.0
0.770477
0.783805
0.9813047
0.9369121
0.8175908
0.90825105
0.9824739
0.93796855
0.93748724
0.97437316
0.93817574
0.8730286
0.9918863
0.99412227
0.927776
0.99868953
0.6065115
0.93920803
0.9778989
0.8544307
0.7553819
0.83088267
0.9677168
1.0000002
0.99864864
1.0
0.8235951
0.96877086
0.98309886
0.9750308
0.9976584
0.996053
0.9539627
0.92877775
0.9999999
0.9460318
0.9143125
0.7998959
0.9928722
0.8535609
0.927389
1.0000001
0.9682542
0.9906042
0.91242063
0.9431874
0.8824038
0.95869964
0.93989
0.9718432
0.9398141
0.9161551
0.9787147
0.80992544
0.94971955
0.92023903
0.96782714
0.9018871
0.9811703
0.94855076
0.97927076
0.5034154
0.7626843
0.93177176
0.97386485
0.8760139
0.9524176
0.8358244
0.95753974
1.0
0.98955524
0.94052666
0.9842175
1.0000001
0.9511652
0.8978918
0.9513735
1.0
0.99888355
0.9874023
0.9920433
0.79564995
0.9510726
1.0000001
0.9850936
0.90761757
0.8652978
0.9590846
0.9780402
1.0
0.8521605
1.0
0.97537917
0.9940277
1.0000001
0.9259881
0.9912019
0.9010982
0.9703821
0.90535975
0.9838723
0.9996908
0.9902626
0.8189088
0.9699735
0.8927415
0.84168345
1.0000001
0.96403944
0.95398855
0.93426013
0.91663045
0.88470984
0.8598719
0.92264986
0.9758223
0.7142
0.7672496
0.87630236
0.7728207
0.90004045
0.9605057
1.0000001
0.8028798
0.9960226
0.91602385
0.95308673
0.76968217
0.9791105
0.9919876
0.9136739
0.97740626
0.88708776
0.988481
0.96015096
0.9749993
0.9378714
0.84253156
0.92999995
0.9890385
0.95367134
0.95098746
0.9360682
0.9944279
0.9865846
0.99909467
0.9694048
0.87439835
0.77943885
0.784305
0.8752304
0.926804
0.7444961
0.92249835
0.99812126
0.90357745
0.8598011
0.9783445
0.91400015
0.97453886
0.94845146
0.8777204
0.98802125
0.9985682
0.9169768
0.921233
0.90829575
0.9262452
0.97257566
0.9193212
0.68427426
0.9774342
0.9476716
0.9980739
0.8099215
0.83105624
0.942258
0.9770528
0.97095066
0.9813008
0.96251655
0.9959428
0.9926578
1.0
0.83240205
0.9769209
0.960677
0.75800955
0.8975118
0.930436
0.7703431
0.85529953
0.9578521
0.87957335
0.9241614
0.9853196
0.86959237
0.9221404
0.9231994
0.9968264
0.6629572
0.94670206
0.9571441
0.93447465
0.8483905
0.9487515
0.99310017
0.9712886
0.87361336
0.96839494
0.83303237
0.9084813
1.0000001
0.9166625
0.90181655
0.8288275
0.9498253
0.73958564
0.95449185
0.71640104
0.9468566
0.86715376
0.8942792
0.98597676
0.7334684
0.8717234
0.9284351
0.9999999
0.8798369
0.8420852
0.94768894
0.8867568
0.95533377
0.98328096
0.9465889
1.0
0.9701929
0.9671452
0.8084531
0.95025635
0.95437264
0.9399169
1.0
0.8808798
0.9639909
0.9321537
0.9998167
0.7031003
0.94359857
0.98542774
0.90839225
0.9864408
0.97524226
0.9462003
0.99074316
0.7544178
0.7160072
0.8371797
0.92340845
0.9674586
0.93437415
0.95221996
0.969702
0.7905391
0.85862005
0.9264209
0.81501544
0.8379805
0.97664195
0.93914765
0.9945152
0.4584211
0.96144795
0.9464718
0.97516024
0.9774848
0.9412846
0.9187764
0.91272146
0.95380056
0.8579191
0.8669068
0.93767315
0.83880174
0.95392436
0.9684122
0.78915066
0.9811911
0.90304387
0.8782722
0.9668523
0.9794443
0.8016101
0.98837507
0.96057975
0.9972699
0.86747587
0.9861732
0.99999994
0.83643126
0.99939615
0.8521729
0.93263996
0.9445256
0.9141773
0.71270555
0.9768775
1.0
0.99065125
0.91940844
0.9559475
0.8940134
0.90914655
0.9029135
0.9848958
0.9973988
0.9377276
0.99143314
0.93030655
0.9928545
0.8211964
0.8662645
0.99087024
0.9328491
0.75667304
0.5538729
0.8861401
0.94489026
0.86435145
0.9751434
0.9341285
0.9967832
0.8569766
0.9829494
0.9007288
0.9478067
0.90367395
0.97705954
0.9922607
0.98038477
0.908798
0.8487677
0.74352264
0.85949713
0.8970697
0.97080916
0.77748746
0.9771239
0.8090519
1.0
0.93539405
0.91617846
0.9849968
0.8430903
0.98834586
0.9307918
0.8726785
0.84914964
0.949255
0.5210072
0.8459762
0.94890684
0.89647985
0.9832623
0.9364813
0.95268834
0.9464163
0.943448
0.7840014
0.99755156
0.94947445
0.8645422
0.99490774
0.9566598
0.8158311
0.93715656
0.9436302
0.9794675
0.9666401
0.9840913
0.7203326
0.79692763
0.8118105
0.858777
0.900054
0.7987269
0.8367947
0.995461
0.99612516
1.0000001
0.72315365
0.9846954
0.9652924
0.95184517
0.9611933
0.9627385
0.91950595
0.97948706
0.72659403
0.8830496
0.9712821
0.82753766
0.9078286
0.96912324
0.67087686
0.6984056
0.87788016
0.8968305
0.9999999
0.9757225
0.9917753
0.77790415
0.99924785
0.8850627
0.9600659
0.85771215
0.85103405
0.9792706
0.9904678
0.9681021
0.94686085
0.89057934
0.6635815
0.8769867
0.93046427
0.82206774
1.0
0.9065591
0.9472779
0.87762445
0.9344459
0.77488697
0.98909837
0.8944671
0.8871054
0.92163515
0.8599435
0.9238793
0.9884851
0.8836178
0.8883858
0.6990138
0.67029905
0.9592739
0.8939347
0.89237255
0.97516
0.71002406
0.8663775
0.8940244
0.959254
0.86769474
0.8182165
0.9910357
1.0
0.9477783
0.90002596
0.89294267
0.996131
0.6900661
0.8859981
0.8106071
0.6650913
0.6943803
0.9684887
0.9999999
0.89113784
0.9070526
0.92970467
0.9864739
0.9203705
0.9972906
0.99019295
0.9260006
0.8479102
0.9355875
0.9671381
0.9630688
0.8987649
0.9108944
0.9709129
0.7264435
0.8837291
0.7690276
0.63138616
0.9978255
0.781938
0.9478098
0.96297693
0.937719
0.93532425
0.9150703
0.94596225
0.948378
0.9578942
0.7855184
0.97167844
1.0
0.9244453
0.9560609
1.0
0.848881
0.84663206
0.9134329
0.9611464
0.90123457
0.97585964
0.9313147
0.82170486
0.8423223
0.9449339
0.8978512
0.9978126
0.91541654
0.9796553
0.86429834
0.86731875
0.5230768
0.86368644
0.898724
0.93534654
0.9896215
0.97550374
0.9479117
0.9465526
0.99999994
1.0
0.82491726
0.9882658
0.98821986
0.778796
0.72552586
0.70081556
0.9976057
0.9430539
0.79031956
0.99308026
0.55959535
0.8868091
0.92350245
0.86234474
0.9878199
0.9227564
0.9997117
0.91021454
0.8596499
0.96456647
0.97276455
0.7743207
0.78798103
0.97465444
0.7684989
0.96696043
0.9857328
0.79917234
0.7918795
0.7674876
0.8862731
0.9415466
0.9711942
0.75010216
0.9622898
0.9809767
0.742261
0.95865417
0.99999994
0.94760346
0.9814112
0.9939769
0.95168954
0.98243916
0.6816473
0.8835817
0.97603196
0.94390327
0.9949618
0.81695616
0.92260826
0.99632084
0.9999999
0.9430916
0.8459154
1.0
0.98582685
0.98495793
0.72314006
0.8835274
0.8075864
1.0
0.959606
0.93303293
0.98375845
0.98684114
0.9766464
0.9255329
0.93814427
0.8601952
0.8363095
0.99986255
0.9777818
0.8626261
0.97806185
0.9581798
0.9738343
0.96473694
0.98453516
0.987229
0.9863944
0.97133464
0.9785117
0.9653958
1.0000001
1.0
0.9152287
1.0
0.71899605
0.967715
0.79376566
0.8524777
0.98786545
0.9136219
0.8916067
0.95662326
0.65527827
0.60647917
0.8964984
0.96863025
0.835754
0.9665235
0.9811846
0.9316852
0.942386
0.7615242
0.8678051
0.91699165
0.840038
0.85830086
0.9564255
0.9470655
0.9934342
0.9586395
0.9333314
0.98994297
0.54784685
0.8199074
0.9519486
0.8671223
1.0000001
0.8534173
0.99018496
0.9875263
0.98441243
0.97332877
0.8844092
0.8533268
0.99352247
0.9293557
0.89352643
0.893786
0.94143116
0.9093117
0.98720324
0.93352145
0.9723888
0.8593605
0.99149907
0.99018914
0.7776603
0.9071838
0.96274954
0.9926344
0.9983133
0.8424767
0.9579359
0.9352615
0.9855845
0.992688
0.89125115
0.957497
0.7666936
0.6243425
0.972304
0.9719247
0.917951
0.950034
0.99547917
0.99981004
0.887203
0.9460101
0.9923869
0.9907028
0.96561503
0.99391145
0.9992157
1.0000001
1.0
0.9317318
0.94197565
0.9929961
0.9917426
0.9043732
0.9195143
0.9928086
0.9454979
0.7161074
0.9794834
0.91210407
0.9911027
0.98085827
0.7181625
0.9928177
0.9944387
0.9923531
0.9588624
0.97991145
0.917873
0.9519012
0.82929885
0.89716387
1.0
0.9995197
0.81090426
0.7371503
0.93297917
0.91079915
0.89225906
0.93735653
0.8845957
0.9965374
1.0000001
0.9068388
0.91986006
0.99199605
0.59106475
0.97271425
0.8550203
0.9936432
0.98813665
0.97170377
0.790749
0.97745454
0.9216422
0.9640406
0.9592799
0.858348
0.99958354
0.95597625
0.96845585
0.9651303
0.96653044
0.9291341
0.75591475
0.92513424
0.94424653
0.9174783
0.9995828
0.88364905
0.9999998
0.94708097
0.95907485
0.9696119
0.6039233
0.99418366
1.0000001
0.93063134
0.9506748
0.9786602
0.7920543
1.0000001
0.94335216
0.6422035
0.98785675
0.9677974
0.91339356
0.8963726
0.914689
0.9920359
0.9922299
0.9149126
0.92866147
1.0000001
0.9984469
0.963896
0.95926684
0.95095015
0.890772
0.7427516
0.9164871
0.91493416
0.84113824
0.9768086
0.9640473
0.8139085
0.94013715
0.9594775
0.520022
0.87104726
0.901602
0.89808625
0.84696746
0.93882114
0.9816876
0.980566
0.94233775
0.97260857
0.97203034
0.8895975
0.83743894
0.93409216
0.9999999
0.9812719
0.98692894
0.84142363
0.99966866
1.0000001
0.9191716
0.9530185
0.85298854
0.94327426
0.97716904
0.98894477
0.8336476
0.68701077
0.9472546
0.9907079
0.9753435
0.8477409
0.8392052
0.8172278
0.8460619
0.96249247
0.7596063
0.9436398
0.7464582
0.99212325
0.94372034
0.8552804
0.8948827
0.9284857
0.7805289
0.9780811
0.99286675
0.71971273
0.9055199
0.86278206
0.95587534
0.8581594
0.8716977
0.9999999
0.97501945
0.96261024
0.9993379
0.9327477
0.8629738
0.6988371
0.9223037
0.9994535
0.84167916
0.96657896
0.854202
0.79063773
0.81002766
0.9278341
0.9319631
0.98948455
0.87014383
0.9538274
0.9638971
0.9960486
0.7109605
0.9410911
0.9981921
0.8282374
0.79967266
0.99931127
0.8813382
0.9835202
0.95457685
0.8901534
0.7079908
0.9865931
0.9740643
0.8652904
0.98979795
1.0000002
0.8498582
0.94078517
0.77219605
0.98575836
0.8430107
0.81329507
0.9853047
0.9298049
0.989292
0.99149084
0.9547106
0.9682992
0.978053
0.9161657
0.8900028
0.9675906
0.84779054
0.97396284
0.9688526
0.94482905
0.9792765
0.947464
0.9427522
0.8751817
0.9952663
0.88171524
0.91590726
1.0
0.98495215
1.0
0.99868464
0.83876586
0.9999999
0.9757754
0.98195595
0.91320395
0.94520736
0.872347
0.9541805
0.9170693
0.31821424
0.8729235
1.0000001
0.9280491
0.6946719
0.9935663
0.8389069
0.87078923
0.84971565
0.8214409
0.62131387
0.90585375
1.0
0.973379
0.9994687
0.88228154
0.9816929
0.9287357
0.97128385
0.9532534
0.9999998
0.82592607
0.9696345
0.7471249
0.99979544
0.9842678
1.0000001
0.95512253
0.99999994
0.9654598
0.99828887
0.98080015
0.9999999
1.0
0.74762326
0.91880774
1.0
0.75406957
0.8964274
0.98657954
0.9999999
0.92588425
0.9747592
0.87848973
0.93160725
0.85933673
0.95888376
0.990659
0.9736128
0.8772429
0.9867512
1.0
0.9527508
0.996395
0.9727583
0.8755653
0.7156526
0.94038427
0.95262766
0.75990987
0.95509046
0.75869256
0.91980994
0.95735836
0.7816489
0.9554578
0.9838723
0.97432613
0.9633109
0.89095485
0.9046882
0.88083154
0.94254166
0.9749713
0.9235375
0.90828377
0.8525867
0.99959964
0.914568
0.95201457
0.5785641
0.80383515
0.95756954
0.96249837
1.0000001
0.8126451
0.7916384
0.992866
0.9572858
0.92100215
0.98815733
0.9022564
0.8906691
0.9660871
0.5389605
0.8749726
0.95278895
0.92011076
0.9107437
0.8967433
0.6981403
0.75423825
0.9481371
0.92771363
1.0
0.7699786
0.7595854
0.88817316
0.9939267
0.97300494
0.9124533
0.98594165
0.8909127
0.7869264
0.8827117
0.99307585
0.95914257
0.9953344
0.9278811
0.86912304
0.84332955
0.99918765
0.8995153
0.9552405
0.8534459
0.96947265
0.92707855
0.92568696
0.7691297
0.96857643
0.9114754
0.9218808
0.9287941
0.7649364
0.81957936
0.9063654
1.0000001
0.78832877
1.0000001
0.8658992
0.9790591
0.928626
0.83495533
0.9798952
0.9059319
0.9435912
0.9893031
0.73250645
1.0000001
0.93420345
0.9074899
0.88378215
0.859123
0.9606727
0.9800349
0.9414521
0.8848192
0.9611484
0.93292946
0.99962837
1.0000001
0.90563947
1.0
0.98290485
0.9981774
0.9108288
0.9637756
0.9073771
0.9530797
0.89471096
0.97984505
0.7936148
0.9084699
0.9549062
0.98866373
0.91419476
0.8510478
0.9523584
0.8304932
0.99999994
0.8462788
0.94349
0.8724631
0.9736591
0.93533206
0.9644429
0.9917202
0.8410382
0.8844184
0.9969603
0.8509763
0.90783036
0.8868573
0.9835969
0.9835762
0.94314474
0.9271318
0.9857948
0.9655825
0.90256995
0.9365428
0.9711348
0.53323674
0.92044836
0.993232
0.95259464
0.72757286
0.85852975
0.96689266
0.9262116
0.50689024
0.91619295
0.99999994
0.94585514
0.6791269
0.98740166
0.94670725
0.97049224
0.7309037
0.9865162
0.82842815
0.935968
0.99999994
0.95986366
0.9770708
0.92503905
0.95604736
0.9435353
0.77182716
0.94644666
0.88201165
0.9899921
0.9831914
0.9312009
0.7397718
0.83694756
0.8987613
0.9890173
1.0
0.7940082
0.96579456
0.98906183
0.9631435
0.92416614
0.99999994
0.9805014
0.9627976
0.91068333
0.9708246
0.98658717
0.7783851
0.7858131
0.94657695
0.8285698
0.98751837
0.9685329
0.9613265
0.65057296
0.9389601
0.8987346
0.781824
0.9169147
1.0
0.9995862
0.8128043
0.9835036
0.95892316
0.9349082
0.93056047
0.8601355
0.9606854
0.9402684
0.9704493
0.94087577
0.8596276
0.9529108
0.9950398
0.6194823
0.56943345
0.9984422
0.9796017
0.9778124
0.92005706
0.99855536
0.9359799
0.98107964
0.99875844
0.8320473
0.9865258
0.98919064
0.9869184
0.9845025
0.77714723
0.606603
0.91652614
0.8816274
0.89509696
0.9003863
0.92361045
0.9050046
0.8387532
0.8716401
0.915384
0.856604
0.92623574
0.88695633
0.80027664
0.96817416
0.98154825
0.9065902
0.9788947
0.9957211
0.90295357
0.96351665
0.98128855
0.97827744
0.89931726
1.0000001
0.9871701
0.9881232
0.9881521
0.9543247
0.9889974
0.9112089
0.98954177
0.9879297
0.9898728
0.98610246
0.8793944
0.9144911
0.9208112
0.9880501
0.7499458
0.98574567
0.95780677
0.9885384
0.7158731
0.9625342
0.9410784
0.9558271
0.9333269
0.8993569
0.97129536
0.9460895
0.95332354
0.6433569
0.98294085
0.9739435
0.8837828
0.8163446
0.9840515
0.8393563
0.98296076
0.96605825
1.0
0.9782601
1.0
0.9500562
0.9007403
0.99690175
0.97180164
0.9325267
0.9411834
0.98510504
0.9264952
0.9655122
0.9680904
0.94115543
0.97598946
0.9607589
0.9590771
0.96370083
0.9600934
0.99795324
0.9308037
0.8568156
0.98476195
0.9842755
0.96952635
0.99120635
0.87894136
0.6168321
0.91493416
0.9126353
0.9911392
0.9624402
0.84681654
0.9203713
0.6701192
0.96239865
0.82947195
0.97385097
0.64090383
0.8996641
0.7318946
0.95813596
0.8846016
0.522867
1.0
0.99291
0.7974571
0.9144089
0.93950224
0.9517266
0.9843487
0.9921762
0.88643575
0.96436685
0.92780024
0.9341094
1.0
0.9802374
0.9959911
0.9759934
0.99814755
0.89767414
0.7978902
0.8994119
0.8669243
0.9995972
0.881827
0.99233544
0.98707163
0.80675733
0.9112432
0.94011104
0.9798634
0.8281031
0.9291872
0.99806285
0.8773012
0.71403885
0.9381745
0.9811618
0.73020536
0.9705395
0.98174024
0.92532533
0.88951564
0.94281167
0.75136864
0.9744793
0.8351063
0.84572107
0.99516565
0.7416189
0.9758466
0.98516387
0.98964125
0.95947826
0.99381423
0.9149564
0.92122555
0.8503464
0.74566597
0.93662465
0.99687594
0.90508056
0.9453585
0.99935555
1.0
0.91903645
0.9645902
0.9288134
0.8675787
0.86921746
0.7724523
0.8802258
0.64982843
0.91247034
0.9818902
0.8965107
0.9827572
0.9680207
0.9042711
0.9572147
0.96106327
0.96169615
0.81719756
0.7693143
0.89169306
0.95839655
0.9791237
0.9973169
0.90576655
0.80507654
0.9405565
0.9267769
0.98074055
0.82944924
0.95936793
0.8707408
0.92497027
0.87366325
0.9999998
0.95405173
0.9113574
0.9734317
0.9111787
0.90990114
0.9295914
0.9834332
1.0
0.9596103
0.8201805
0.8835949
0.91897285
0.98839986
0.8990066
0.79339886
0.8032474
0.9009509
0.9903785
0.9650706
0.9045111
0.88735545
0.74236864
0.8649675
0.9744888
0.9533534
0.9946066
0.88311756
0.98692787
0.84953856
0.9777695
0.9579311
0.81579185
0.96736
0.96199024
0.73048574
0.9036843
0.93281794
0.9865613
0.98255366
0.83538336
0.94156903
0.9701301
0.82922083
0.9846464
0.85916775
0.97202694
0.8684947
0.9392953
0.9908731
0.8820543
0.97636265
0.9646726
0.9811708
0.9922961
0.91927415
0.9149485
0.8910083
0.9412396
0.991117
0.96634734
0.95256186
0.93311316
0.8331345
0.95105153
0.91412485
0.9066951
0.8832812
0.9993371
0.8441083
0.9854146
0.92818165
0.8602799
0.9284719
0.810491
0.9892909
0.6677228
0.9719255
0.92899317
0.97958386
0.97304183
0.98711926
0.9408745
0.9947795
0.9363107
0.9976902
0.9832994
0.9836216
0.94393694
0.6578735
0.88803256
0.9378091
0.9540231
0.9979392
0.96038663
0.9973947
0.7849171
0.96148837
0.94584906
0.9569652
0.9782778
0.94601995
0.81625956
0.912033
0.9763068
0.98924077
0.85873836
0.9115511
0.77972865
0.99582875
0.9483303
0.9809016
0.986832
0.8626482
0.98622
0.92141116
0.9949362
0.9215675
1.0
0.80988055
0.995046
0.9699751
0.82024497
0.9696107
0.9593688
0.95755196
0.9046767
0.95939004
0.87522984
0.8217498
0.9804225
0.9229602
0.73773706
0.99192727
0.87513787
0.9185771
0.9830846
0.8267196
0.7465964
0.8276821
0.9999998
0.7781492
0.9676639
0.99955547
0.9874417
0.9853612
1.0
0.977993
0.9784077
0.95058167
0.959625
0.94552916
0.9965577
0.5538847
0.9180916
0.96069044
0.9387858
0.97583956
0.97778374
0.81228924
0.85996866
0.97108555
0.7774524
0.85912377
0.84063804
1.0
0.8730112
0.87115645
0.7262169
0.80266017
0.67277616
1.0000002
0.9877511
0.9568029
0.97226804
0.94186264
0.9145964
0.8999585
1.0000002
0.95969915
0.98748434
0.7897139
0.95982015
0.9324045
0.9949722
0.977911
0.86019546
0.8133145
0.9765189
0.93748415
0.972095
0.8955357
0.9181146
1.0
0.96252465
0.84300965
0.9994303
0.9831042
0.8000016
0.9526507
0.9338581
0.97247356
0.9089055
0.99444723
0.9397391
0.9648998
0.9665315
0.975825
0.97369796
0.9716457
0.78696924
0.91508573
0.96578574
0.845843
0.9049479
0.88971156
0.97298247
0.89277136
1.0000001
0.9986533
0.82862294
0.85557276
0.99707913
0.9354603
0.94606984
0.9454445
0.95604265
0.9157313
0.99681103
0.93891937
0.7778136
0.8996474
0.9842616
0.9359389
0.8801489
0.9713719
0.9238864
0.9023044
0.9784012
0.94052875
0.76179314
0.80118406
0.88421047
0.90382916
0.9830925
0.8699499
0.93062294
0.8185117
0.9942671
0.9716911
0.9888808
0.83843696
0.9713587
0.8096438
0.81484634
0.86408156
0.8287929
0.69555384
0.9815954
0.9839638
0.90762866
0.9956984
0.98897237
0.81669134
0.67608374
0.9949851
0.95164883
0.9788624
0.93494636
0.9500475
0.9910777
0.8796954
0.94121134
0.9195687
0.9277719
0.9777247
0.99205196
0.97945756
0.7882371
0.7626381
0.9513856
0.9194267
0.8964627
0.9731122
0.9992484
0.98484015
0.90196806
0.87108564
0.897542
0.98066306
0.9616498
0.9279776
0.9775394
0.99596953
0.98566616
0.867183
0.99017596
0.97972184
0.84087276
0.99234194
1.0
0.887096
0.5920528
0.9562042
0.9782592
0.9514383
0.9515969
0.94457024
0.8944524
0.9815655
1.0
0.9641355
0.9829116
0.8908701
0.7081987
0.966705
0.97773254
0.93863124
0.91096044
0.9425186
0.93720484
0.8641816
0.9433004
0.88722366
0.957866
0.9999999
0.919877
0.9716279
0.6650823
0.9556166
0.9569727
0.994874
0.78377897
0.9409416
0.8859211
0.9485096
0.9664692
0.9378833
0.9057986
0.97059953
0.7488826
0.8417729
0.7946111
0.89986986
0.9543672
0.8781585
0.9666515
0.89999074
0.8896288
0.9579721
0.8419397
0.9632391
0.9573722
0.95726794
0.9038646
0.9675461
0.7331203
0.9111046
0.62535566
0.96680915
0.8946881
0.9301592
0.9999999
0.91601586
0.7840806
0.97552377
0.71025866
0.9406132
0.99999994
0.90632117
0.99999994
0.96871614
0.8856266
0.77814543
0.9124902
0.9779085
0.9493681
0.8461017
0.9313657
0.95225614
0.9935585
0.96713036
0.7552988
0.9688172
0.58613944
0.99299407
0.9922371
0.9494531
0.7422917
0.84700215
0.9689922
0.94953656
0.7647285
0.9740805
1.0000001
0.92381835
0.89895993
0.9365425
0.85864764
0.980912
0.96009123
0.8733699
0.99889433
0.9857348
0.9807652
0.95890087
0.9637826
0.98924875
0.73034877
0.8166746
0.99116695
0.99999994
0.8404625
0.9798031
0.9999999
0.9556408
0.7930342
0.87983453
0.8625407
0.8815201
0.8364495
0.9971714
0.88394886
0.9048728
1.0
0.9681446
0.9628943
0.8906319
0.906117
0.9819934
0.8047887
0.9508865
0.9512135
0.89098716
0.94146454
0.9897195
0.8642819
0.9947529
0.70500225
0.91701686
0.7391684
0.9817741
0.7522713
0.96450204
0.85327595
0.6513053
0.993978
0.9122843
0.84860826
0.9959387
0.84136385
0.9986707
0.9942658
0.8192862
0.97803503
0.88591087
0.9721699
0.88315034
0.9881196
0.95002306
0.9660535
0.981895
0.9891898
0.89198166
0.99999994
0.9446129
0.946746
0.94085085
0.8937032
0.9247044
0.92641246
0.90815556
0.94471467
0.8796169
0.790982
0.9481398
0.98728853
0.85642505
0.9160688
0.93569
0.95286036
0.8618378
0.9063467
0.9818084
0.9192311
0.9750102
0.94102
0.99551046
0.9505074
0.915485
0.9972813
0.975284
0.99427545
0.88100547
0.9995809
0.99330384
0.9999999
0.8264793
0.9607382
0.9245716
0.8961696
0.95349467
0.9919418
0.980355
0.9231029
0.88118947
0.8979683
0.8234561
0.94660246
0.8560252
0.99153835
0.98927075
0.65436274
0.95255804
0.9678534
0.957461
0.91632926
0.9897838
0.8341656
0.7799386
0.9999999
0.9525684
0.91927636
0.92021096
0.973606
0.8361235
0.90342534
0.9305014
0.93756515
0.99564904
0.9660227
0.96455526
0.8880309
0.9267513
0.92687374
0.99517
0.9282408
0.9474455
0.62048244
0.9639821
0.95967966
0.88959694
0.95229495
0.96939874
0.9732992
0.9263028
0.95268774
0.7974015
0.38645726
0.98719984
0.95612013
0.95263547
0.8573374
0.9762939
0.91551244
0.9784992
0.8655239
0.83012456
0.99853486
0.94232845
0.9738357
0.9548204
0.9879256
0.87346894
0.9443452
0.9984753
0.5358468
0.7368602
0.95845306
0.9068748
0.98603594
0.93190455
0.9846945
0.9023122
0.95099235
0.6646055
0.8657189
0.9261366
0.94379455
0.97866654
0.9245042
0.8040809
0.9706493
0.869971
0.7757789
0.9486313
0.97120106
0.99782264
0.9332283
1.0
0.85601395
0.89447975
0.92283744
0.986024
0.88130605
0.7791549
0.97036296
0.98441696
0.98259825
0.60684407
0.7814865
0.9784447
0.9803889
0.96851015
0.88411
1.0
0.99877644
0.91446745
0.982136
0.9635385
0.9561999
0.9984133
0.9840827
0.9697247
0.97159237
0.96492785
0.909448
0.96902835
0.9879948
0.95302665
0.95718884
0.978086
0.7533932
0.9151047
0.9374883
0.81463957
0.8782822
0.97436655
0.9118152
0.93624353
0.9840499
0.8409595
0.9279915
0.90740407
0.99198717
0.95696664
0.8393159
0.7856085
0.8302455
0.89858043
0.9286396
0.92946213
0.81969213
0.94077563
0.9770162
0.99310166
0.8455
0.91949064
0.89589983
0.9643187
0.96956956
0.92837024
0.82378
0.90083814
0.9655846
0.92041665
0.82640946
0.9896339
0.9194081
0.96167934
0.99801654
0.91701525
0.5975543
0.9819272
0.97519
0.90899575
0.7815678
0.9055487
0.9761111
0.9640564
0.7853613
0.98225796
0.95559865
0.962283
0.88711697
0.9562913
1.0
0.91224337
0.9267708
0.99306
0.9817506
0.7702887
0.99319625
0.6453076
0.9483013
0.8563155
0.9487476
0.9685865
1.0
0.79216444
0.9748547
0.8500404
0.9782605
0.9400269
0.90598404
0.988967
0.9908922
0.97947335
0.9884645
0.9744054
0.9727018
0.8957523
0.9877027
0.82488644
0.5795412
0.9865767
0.8508874
0.8902903
0.7534362
0.98459744
0.8911518
0.9114032
0.94118524
0.91286725
0.8044839
0.92696273
0.981171
0.98204625
0.96711344
0.9932499
0.9632215
0.9892213
0.90179336
0.92221415
0.81597215
0.9860594
0.89660656
0.90238446
0.9844816
0.9637326
0.8976117
0.9271784
0.953958
0.9204055
0.99124634
0.99279857
0.9543765
0.90672946
0.9428737
0.99463004
0.97315437
0.97184765
0.82620084
0.95594215
0.91880226
0.96515024
0.89298934
0.92774683
0.8139747
0.7962033
0.963464
0.997819
0.93988264
0.98210156
0.99090517
0.9850524
0.9842509
0.77541006
0.9997051
0.99666035
0.9794464
0.8112991
0.8533839
0.9918325
1.0
0.9603977
0.94489264
0.97349125
0.86492157
0.9948257
0.9836143
0.8816165
0.9290875
0.77673477
0.9649545
0.98554933
0.85291314
0.9740613
0.9083755
0.9856774
0.9909706
0.98454493
0.71290284
0.9765719
0.98882186
0.9939413
0.9857917
0.83419263
0.6783921
0.9222232
0.97251
0.96430326
0.9922938
0.9825487
0.93494934
1.0000001
0.99577165
0.9579696
0.9442947
0.9444344
0.59115803
0.9675081
0.99158555
0.978186
0.9045483
0.7889703
0.9588167
0.8210632
0.9385675
0.984853
0.9383414
0.9708221
0.8956734
0.9801244
0.68143255
0.8573196
0.7402982
0.9606937
1.0
0.9072597
1.0
0.8899679
0.93787616
0.97234243
0.98345816
0.9369635
0.9430153
0.92224723
0.8265456
0.9588107
0.910552
0.8804409
0.9359105
0.97303236
0.93440425
0.98648936
0.99235773
0.6931832
0.8106744
0.9800939
0.9846642
0.5478809
0.9970555
0.9100978
0.9335977
0.83644664
0.9037744
0.82972556
0.857061
0.9784734
0.89658487
0.9510594
0.999014
0.8412325
0.8734707
0.9326542
0.99840844
0.9291448
0.9965888
0.8749175
0.99966395
0.99702466
0.7728212
0.9996234
0.8397421
0.95941216
0.75869864
0.9540672
0.9168944
0.9086456
0.9259041
0.9820601
0.9415327
0.98010826
0.85456175
0.91982967
0.8728046
1.0000001
0.9884377
0.9925059
0.9996948
0.913955
0.99935776
0.6931548
0.98937684
0.9813628
0.9256178
0.7920366
0.7520818
0.94173646
0.8825367
0.8405797
0.97740483
0.9994501
0.8735678
0.99631965
0.93595403
0.97400934
0.9260581
0.7883111
1.0000001
0.9997708
0.9461829
0.90716326
0.85002327
0.96573246
0.6242164
0.9880935
0.9962522
0.9910169
0.98776853
0.81788164
0.7899175
0.96631044
0.97742736
0.8193532
0.9863403
0.83239985
0.885243
0.98327994
0.87741977
0.977954
0.9772584
0.8546328
0.97807276
0.84179294
0.8002101
0.9069329
0.9992727
0.98063135
0.6865638
0.9374873
0.9850865
0.9502021
0.89711183
0.97807366
0.87866133
0.9567447
0.87840164
0.8855058
0.97078115
0.9030824
0.93597
0.9580729
0.92381877
0.76200706
0.80898124
0.90314734
0.87162733
0.9791437
0.8622313
0.5874435
0.91410387
0.8155874
0.96746874
0.8526605
1.0000001
0.62825763
0.8998402
0.8994932
0.8441949
0.8912981
0.96232796
0.9460946
0.8745883
0.9583513
0.9753915
0.9659033
0.94627136
0.9326965
0.8290089
0.82487786
0.97805625
0.97494006
0.8082554
0.84891796
1.0
0.983517
1.0
0.9682788
0.8718152
0.9879125
0.9520971
0.93592423
0.98488545
0.9803401
0.9980173
0.9888542
0.7297313
0.96323013
0.88715345
0.9424821
0.9801668
0.9817554
0.99594414
0.9945638
0.9136947
0.9510082
0.8887326
0.7189958
0.98326576
0.9845484
0.8821144
0.8706221
0.98589134
0.9820777
0.78456676
0.97134256
0.9271766
0.9699364
0.9394221
0.9750482
0.94097006
0.9876656
0.849421
0.9698924
0.99370235
0.90436655
0.7073567
0.6548851
0.76982325
0.95785534
0.9773396
0.9883266
0.9541178
0.8315031
0.7950163
0.9358739
0.965003
0.894398
0.9468959
0.94902694
0.92771786
0.97461057
0.99999994
1.0
0.9675977
0.93506235
0.96257657
0.920195
0.97288924
0.8787505
0.9889251
0.9904819
0.96819735
0.9431
0.8789487
0.87391335
0.9418168
0.93113405
0.9065223
0.98534024
0.918791
0.9066895
0.98522854
0.86013865
0.958395
0.9851246
0.89790654
0.8898835
0.95453453
0.9281978
0.91620135
0.99089265
0.80901086
0.88376856
0.66668993
0.881986
0.8798493
0.9760804
1.0
0.99520016
0.85247207
0.94626063
1.0
0.9562962
0.9618361
0.9338235
0.9280265
0.9390754
0.99967855
0.8356438
0.9360335
0.7607096
0.7887213
0.9306934
0.98843
0.97730315
0.70919526
0.9574916
0.9575965
0.9661091
0.9754784
0.9310695
0.99843895
0.8842281
0.8031818
0.82104975
0.92040575
0.9858694
0.90548277
0.75701797
0.90263
0.98980045
0.7010422
0.9632729
0.9016275
0.9983393
0.90701085
0.8357128
0.9999998
0.9330182
0.65568185
0.95957977
0.79289305
0.99554616
0.9210152
0.8730513
0.9941639
0.9473576
0.93690395
0.97960615
0.8772143
0.76734257
0.9966815
0.9783136
0.9352153
0.9058502
0.7996882
0.9995522
0.94026935
0.86204964
0.9834924
0.9137947
0.9744794
0.96543366
0.99345523
0.9567564
0.9738055
0.9961748
0.88903785
0.95012844
0.9627446
0.980592
0.87300056
0.8815165
0.7805397
0.9619444
0.9671867
0.9268721
0.8287152
0.95796835
0.9842689
0.8537353
0.9518818
0.9720966
0.9868877
0.9773033
0.9344969
0.8814339
0.98526865
0.9180673
0.97246015
0.973525
0.76597404
0.92018217
0.977209
0.8779247
0.88462377
0.93406594
1.0000001
0.97655404
0.98145545
0.99253076
0.93237394
0.5524696
0.8941232
0.5983453
0.99407387
0.9536054
0.97127765
0.9993346
0.642783
0.8714714
0.90539
0.9762166
0.86823905
0.9804739
0.8315397
1.0000002
0.97194153
0.9741555
0.88844836
0.96239907
0.84084773
0.91779935
0.8981888
1.0
0.9999999
0.91856974
0.8851348
0.9265677
0.9350399
0.9771291
0.9834639
0.93606496
0.99999976
0.97807205
0.8849226
0.94687617
0.909819
0.9679202
0.94361407
0.8876932
0.99598724
0.9835923
0.9808277
0.9265776
0.93105656
0.9799874
0.8684823
1.0000001
0.9480952
0.8772579
0.9031081
0.891413
1.0000001
0.9130161
0.9869198
0.749763
0.87961733
0.9985608
0.6847265
0.99222726
1.0
0.95475155
0.929641
1.0000001
0.99999976
0.9298574
0.86514455
1.0000001
0.85339373
0.95765495
0.76471084
0.8637824
0.99927217
0.9273751
0.9701224
0.88720053
0.99877584
0.9635225
0.9518417
0.9810883
0.9995154
0.89343524
0.98463833
0.98820084
0.9960147
0.884689
0.94429386
0.8873492
1.0
0.8613572
0.9804372
0.970543
0.94430566
0.9521708
0.9773682
0.9863594
0.93513834
0.9771831
1.0
0.87211674
1.0000001
0.9255329
0.7736182
0.98050463
0.9947775
0.83842194
0.93910295
0.9589016
0.980706
0.8998921
0.9150578
0.94938785
0.9437799
0.925142
0.9567329
0.86627686
0.9460112
0.9872476
0.76518124
0.98499846
0.8603512
0.9768574
0.98161817
0.9512471
0.6646836
0.7588888
0.7693221
0.9676709
0.98351777
0.97415125
0.976284
0.98079133
0.84828633
0.9799099
0.99702466
0.9785317
0.8425492
0.9510336
0.9265907
0.99681187
0.97915024
0.89863276
0.94319
0.9019269
0.94340396
0.8931733
0.9939508
0.98068976
0.9167094
0.9954368
0.98854357
0.9729101
0.9748247
0.9679135
0.87023884
0.35826358
0.84974885
0.9837042
0.9959849
0.8550428
1.0000002
0.9834215
0.9973739
0.94937754
0.9722033
0.85667753
0.9406989
0.8762654
0.8078771
0.9885347
0.9815458
0.97352904
0.7563529
0.9703957
0.7347281
0.7745911
0.99999994
0.96956027
0.98741305
0.98490155
0.98921484
0.99343187
0.9613297
0.92898923
0.9704514
0.925793
0.95478165
0.91721576
0.9434695
0.6722942
0.6909605
0.918195
0.9437262
0.89975995
0.9592029
0.96351457
0.94715005
0.8565181
0.990849
0.94351125
0.9671639
0.9922647
0.9274641
0.96945095
0.958362
0.8490584
0.98361576
0.93903184
0.50974613
0.9605291
0.95107365
0.87264496
0.97588277
0.8575962
0.98832244
0.7886163
0.8991635
0.9234555
0.77952564
0.94775903
0.989945
0.9536611
0.76008636
0.91704154
0.98900217
0.946963
0.888477
0.9393525
0.9404199
0.9792689
0.99999994
0.9621992
0.9647469
1.0000001
0.98328435
0.7662955
0.9714428
0.9529795
0.79174024
0.98806983
1.0000001
0.96763766
0.98091143
0.9830067
0.9343149
0.9748467
0.82372403
0.8921868
1.0000002
0.8004509
0.8900917
0.9911082
0.93461025
0.9804742
0.8913137
0.88360035
0.9999999
0.8936595
0.83250356
0.9474664
0.31855384
0.9929483
0.67259264
0.912868
0.9652176
0.96924245
0.91918224
0.9734094
0.89952475
0.9793647
0.99957615
0.70748234
0.7024612
0.91651213
0.9021052
0.8736181
0.77171
0.9688163
0.7890548
0.9625145
1.0
0.90493035
1.0
0.9440595
0.9142468
0.98273563
0.9105855
0.99261135
0.93028253
0.7916497
0.66003156
0.8615732
0.68272305
0.9514036
0.9714185
0.9105121
0.81237495
0.8285799
0.8434857
0.9366829
0.7733942
0.96669215
0.91217756
0.8654469
1.0000001
0.9900162
0.41412663
0.90893173
0.93999356
0.754563
1.0000001
0.9433478
0.8491778
0.8911694
0.91879517
0.98768866
0.8806683
0.9062247
0.98905116
0.96693414
0.9542964
0.997673
0.9697203
0.96507084
0.9699172
0.8949725
0.8947499
0.83439714
0.9249968
0.99291223
0.9810519
0.84953177
0.8904923
0.8598852
0.8557156
0.87931263
0.9591352
0.90527916
0.9817795
0.9800383
0.95181024
0.8966602
0.9907958
0.93096507
0.9662969
0.9627907
0.94738865
0.9643152
1.0
0.77191705
0.97879875
0.98718405
0.98061407
0.78081805
0.8316915
0.87696004
0.57596976
0.82343525
0.9603477
0.9793035
0.93129754
0.95445204
0.9473238
0.8457503
0.8595351
0.88407385
0.93986595
0.9760562
0.98981416
0.92730415
0.85157627
0.9643218
0.85271466
0.9612645
0.99730706
0.9721877
0.60732543
0.91002226
0.94619334
0.9999999
0.789904
0.9709371
0.98613673
0.9859142
0.8019135
0.531137
0.8423123
0.9121115
0.90206873
0.8770184
0.83048606
0.94656193
0.8782589
0.8446145
0.95715404
0.96827763
0.9832312
0.979305
0.9621233
0.8190961
0.94310784
0.83142096
0.9207597
1.0000001
0.9993844
0.7513001
0.8856735
0.9609947
0.9952582
0.9053627
0.9959924
0.87311554
0.6694717
0.7447424
0.90904325
0.98728114
0.9257206
0.9887347
0.82502836
0.83683205
0.9056375
1.0
0.7845994
0.9580413
0.87923044
0.97925
0.9929904
0.7013455
0.8690154
0.8869695
0.797228
0.9664365
0.9075861
0.9111161
1.0
0.9521195
0.9180676
0.99811345
0.99439794
0.7980095
0.90774906
0.8916392
1.0000001
0.9620882
0.9374883
0.92912465
0.8436796
0.98218226
0.98231584
0.8895879
0.9265121
0.99638057
0.9569624
0.9410405
0.6581188
0.98889464
0.9489431
0.98766094
0.92128056
0.9202889
0.98602617
0.9071161
0.97155225
0.92126393
0.87809205
0.9452127
0.85874516
0.9683913
0.94796115
0.9753178
0.8089086
0.9118681
0.9661643
0.8853198
0.97924507
0.86031055
0.8342558
0.9098773
0.94746006
0.9999999
0.9816107
0.96851027
0.9634127
0.98235446
0.7144271
0.8173739
0.9435353
0.872894
0.99338603
0.94632465
0.9999999
0.9464735
0.94082844
0.95320845
0.78020185
0.9387402
0.97634995
0.89427465
0.89254063
0.9190779
0.9434163
0.9231493
1.0000001
0.929527
0.9509305
0.8523928
0.9277476
0.95179707
0.958735
0.9746355
0.89798117
0.9540633
0.95207703
0.88003254
0.9438226
0.99092716
0.8503159
0.92356515
0.9496776
0.96751285
0.86927193
0.98038465
0.93362534
0.9452551
0.74918073
0.79070556
0.9621848
0.2979492
0.94948655
0.9493823
0.91893226
0.9456261
0.9747193
0.95797783
0.93713415
0.8993857
0.9310696
0.9327805
0.99999994
0.9522426
0.930014
0.98555654
0.90927565
0.95117444
0.88569856
0.9182204
0.98090905
0.93068004
0.83851856
0.90215886
0.99341357
0.91133904
0.9289751
0.8491596
0.94709194
0.8795288
0.9583117
0.86722624
0.9997001
0.9995228
0.99854535
0.9882015
0.77885187
0.8927444
0.8795169
0.98629284
1.0
0.90140474
0.88280445
0.90897775
0.85780257
0.89951855
0.89885396
0.9648944
0.99999994
0.98258775
0.9413837
0.9479733
0.9574607
0.89020777
0.93788576
0.85373837
0.911916
0.9028998
0.995957
0.9247424
0.94946665
0.90823025
0.98523706
0.97403896
1.0000001
0.99384725
0.98503447
0.8486401
0.8331128
0.9846909
0.86394525
0.654714
0.9787232
0.9288436
0.63306755
0.974227
0.901103
0.9526019
0.66636944
0.8719038
1.0
0.8952484
0.8771877
0.96483505
0.92328286
0.8060678
0.9294214
0.9781997
0.92579895
0.9250196
0.90687823
0.8625933
0.99999994
0.9345308
0.9987608
0.9761641
0.83333206
0.85006356
0.9770812
0.9863589
0.9997634
0.6208129
0.75550795
0.8654864
0.930274
0.8364694
0.9993933
0.92696166
0.77475065
0.7984555
0.9455334
0.98209774
0.99025637
0.9511123
0.83985597
0.98255265
0.9273198
0.9805043
0.9919085
1.0
0.98952085
0.93969524
0.9577886
0.9954205
0.4712969
0.77341354
0.97865736
0.8394504
1.0000001
0.94570214
0.91066414
0.7890083
0.9452535
0.96853244
0.80170727
0.99097085
0.9175713
0.78585255
0.95527387
0.9931525
0.9466659
0.94254464
0.74308664
0.9607017
0.86622816
0.941185
0.9882604
0.98075193
0.956716
0.98925245
0.97232336
0.8696916
0.89062685
0.9232284
0.86337566
0.90371305
0.9604989
0.77480173
0.8805855
0.8614866
0.9679897
0.9798082
0.9996418
0.9685193
0.9890924
0.9530277
0.69095004
1.0000001
0.98655796
0.8557048
0.92613727
0.9648679
0.9060033
0.9564821
1.0
0.8372755
0.8110446
0.9331072
0.9467428
0.7590021
0.99817246
0.92841226
0.988129
0.954504
0.87460667
0.9739766
0.97670084
0.9596019
0.9552418
0.9390159
0.9925139
0.94049484
0.96069634
0.91255444
0.84950733
0.9626684
0.93926424
0.8670489
0.8928386
0.93451643
0.9741252
0.98941314
0.9690454
0.92041266
0.91882473
0.95172185
0.96861744
1.0
0.95676494
0.9699714
0.8327734
0.8559892
0.99665225
0.5779948
0.9187051
0.9815242
0.8925675
0.875816
0.704558
0.8033577
0.9623748
0.9681228
0.9287611
0.9768671
0.9908633
0.7776329
0.95128596
0.87009877
0.9765687
0.9659786
1.0
0.9333578
0.9368298
0.9644991
0.99363434
0.98274124
0.7605566
0.99461645
0.9724399
0.8928381
0.9657915
0.8736932
0.93817127
0.948706
0.97127974
0.9005724
0.89228624
0.68687713
0.81335056
0.93129754
0.9414203
0.98083615
0.95504105
0.9916034
0.85288346
1.0
0.9303387
0.97659755
0.85136086
0.99919903
0.82738286
0.97287726
0.90140843
0.91702676
0.9386927
0.8948796
0.98841745
0.9733138
0.73906904
0.8696115
1.0
0.876424
1.0
0.95820856
0.9325407
0.77833855
0.99999994
0.8734882
0.9272661
0.8402949
0.96166337
0.78107023
0.9093307
1.0
1.0
0.8321694
0.8262073
0.99788785
0.99807155
0.98459435
0.98599076
0.92725635
0.9407158
0.9049979
0.9223968
0.9254784
0.8081057
0.9381869
1.0000001
0.9301692
0.9882357
0.9851668
0.9972964
0.9032706
0.9999999
0.6863543
0.96986264
0.9738154
0.83046484
0.9361073
0.6447532
0.9614987
0.5737834
0.9925602
0.99739325
0.97701967
0.8532596
0.96639794
0.99630904
0.9698013
1.0
0.9060006
0.843544
0.9877368
0.9931694
0.9712366
0.98886234
0.9873865
0.94339263
0.8802084
0.94373196
0.9749352
0.52341866
0.8113967
0.94041896
0.8617846
0.98935646
0.9706354
0.8176204
0.9441631
0.7521471
0.9749049
0.8223985
0.9384545
0.9955644
0.8541571
0.8882882
0.9032873
0.9666232
0.93414295
0.97717637
0.88623524
0.93206346
0.9847504
0.9970688
0.9355023
0.83763814
0.96185404
0.7714472
0.98846245
0.8293029
0.9878224
0.77769417
0.97574496
0.96571547
0.85024333
0.9670797
0.99863106
0.99999994
0.92847073
1.0
0.82489324
0.99999994
0.921898
0.9999999
0.99900746
0.8590297
0.99910504
0.90860724
0.9963021
0.8961845
0.89035493
0.9551038
0.85584754
1.0000001
0.9920927
0.8376328
0.93691796
0.9458053
0.8758791
0.8374593
0.98722076
0.9540627
0.971235
0.6699305
0.7937324
0.9368001
0.9844271
0.78755844
0.7930821
0.9316672
0.98468906
0.87428784
0.8589247
0.9963801
0.96429884
0.97222686
0.9768822
0.9035274
0.91489756
0.98532575
0.87670815
0.9210131
0.87592095
0.97538966
0.99281603
0.939164
0.88032377
0.96762395
0.9652519
0.9529953
0.96519613
0.86610466
0.86384535
0.7093333
0.9037267
0.9629967
0.9862281
0.931512
0.9558988
0.9610764
0.8776378
1.0000002
0.9267366
0.9486574
0.8923019
0.9999998
0.9044343
0.9008374
0.99363005
0.9581363
0.97397697
0.9166744
1.0000001
0.85541713
0.8732415
0.9783362
0.88387305
0.9987296
0.94875807
0.93974084
0.8235607
0.9318266
0.8512926
0.99999994
0.96214324
0.77255976
0.98363626
0.9618635
0.97480214
0.9904313
0.8582368
0.8483645
0.9522227
0.85570115
0.86702013
0.8685298
0.99012196
0.9476077
0.99613655
0.935616
0.95690084
0.93680006
0.7331432
0.9386584
0.8735137
0.97235715
0.99967045
0.98784214
0.8519809
0.93839115
0.90262306
0.9869779
0.9855556
0.9632352
0.9528495
0.9722892
0.8984413
0.92217743
1.0
0.9999999
0.88628423
0.8744831
0.76929396
0.98742557
0.99999994
0.83565265
0.9994749
0.9997944
0.77940583
0.9986857
0.90060997
0.96425694
0.9992574
0.93370366
0.84295326
0.99867576
0.9908949
0.9891792
0.826219
0.8203971
0.98573697
0.80510646
0.64300114
0.9754703
0.9836591
0.89865494
0.8844144
0.9787407
0.84288865
0.9371035
1.0
0.9936012
0.9894795
0.8245476
0.7754353
0.94386375
0.9089409
0.98327243
0.9391105
0.8937578
0.8819362
0.9422666
0.91424775
0.9327097
0.974288
0.97328097
0.7551743
0.7259893
0.97077644
0.9190639
0.89157087
0.967823
0.98057
0.9621434
0.90841734
0.9898292
0.98975074
0.80092514
0.9422478
0.82006645
0.9677725
0.8546761
0.9570964
0.96075207
0.77907604
0.97288597
0.9661653
0.98915064
0.99485
0.9294093
0.98817164
0.73932636
0.8655841
0.96183884
0.98829687
0.9055284
0.96579593
0.9195462
0.9065754
0.89421713
0.99999994
0.9398093
0.86742914
0.93898886
1.0
0.9279704
0.76744574
0.74023634
0.7733254
0.8722268
0.9358224
0.9816336
0.9871978
0.98951215
0.84457296
0.7646676
0.9611386
0.8731897
0.9971184
0.89453244
0.98184097
0.9599733
0.96648157
0.98032475
0.8528025
0.8973678
0.96120024
0.9563032
0.8513782
0.90469325
0.92499214
0.7078587
0.97424114
0.8772801
0.8258716
1.0000001
0.95938295
0.8349227
0.89417255
0.97699714
0.98443246
0.86254287
0.83432686
0.9782204
0.9648081
0.97101665
0.9154917
0.7047984
0.97805685
0.9541791
0.76724917
0.9955624
0.95200974
0.7570748
0.84994924
0.99999994
0.90738106
0.9307686
0.9203586
0.7216984
0.5285109
0.9928099
0.8255102
0.906047
0.99244106
0.92680746
0.99748844
0.97849274
0.9329028
0.98303694
0.95996577
0.92302084
0.949181
0.9669105
0.76025873
0.86216885
0.81641805
0.9187052
0.85661215
0.9437047
0.9734585
0.953685
0.46201932
0.9706988
0.8510997
0.88728976
0.98901373
0.6962989
1.0
0.9805306
0.9945621
0.9838272
0.92951226
0.7785568
0.85529816
0.8733031
0.9444776
0.9582978
0.6835709
0.8447657
0.9023905
0.9899679
0.99999994
0.94381034
0.9910985
0.98876464
0.8757892
1.0000001
0.9483117
0.8834242
0.98288196
0.99041176
0.9810601
0.8960209
0.98265344
0.70806456
0.95876384
0.9907737
0.9622066
0.91108906
0.95332813
0.9075105
0.66934884
0.86028147
0.88270277
0.86842424
0.9360194
0.7801312
0.72500503
0.919604
0.9978833
0.91912663
0.98128355
0.8042904
0.815813
0.9999999
0.9191936
0.8553382
0.98239183
0.93803716
0.87033427
0.9357399
0.6512747
0.9203749
0.77840644
1.0
0.8685802
0.93378794
0.95223
0.9966692
0.97262216
0.99513716
0.8874202
0.95203865
0.9992445
0.9559373
0.94360054
0.9747009
0.74590725
0.6854987
0.93640065
0.92145973
0.94582844
0.83887225
0.9347757
1.0
0.96937007
0.83151984
0.9285035
0.98122555
0.9515015
0.9889547
0.7769694
0.98863506
0.94529545
0.9971286
0.73768795
0.89482373
0.6654618
1.0
0.822249
0.6830099
0.9143888
0.8323504
0.9262544
0.9716845
0.9880974
0.94261175
0.9625156
0.9210573
0.95244163
0.93035376
0.982332
0.94193685
0.9691972
0.9833994
0.94953185
0.9003184
0.9896625
0.9338352
0.9774205
0.5828026
0.96679664
0.8414446
0.8784739
0.98825693
0.8854083
0.85416585
0.92559624
0.99122006
0.9901921
0.978562
0.974413
0.70628303
0.90317726
0.9253425
0.86760914
0.8583351
0.75193286
0.92431486
0.8649341
0.8673634
0.9668895
0.97257614
0.9869552
0.975661
0.79248255
0.94225204
0.9643135
0.9562434
0.97616816
0.99194103
0.8570312
0.9721086
0.9138383
0.9554255
0.9938155
0.9868452
0.9378151
0.7693589
0.95671207
0.9810687
0.96950644
0.99767745
0.978984
1.0000001
0.78733003
0.8398882
0.92244625
0.95102835
0.85385716
0.93524617
0.9666298
0.87045044
0.9678032
0.78664553
0.97477514
0.9913842
0.9907646
0.89830554
0.91281223
0.9144549
0.9777162
0.8575725
0.96294993
0.9665086
0.9245753
0.8974849
0.9999998
0.98761356
0.98906606
0.9909194
0.9029276
0.97259307
0.9906003
0.9737128
0.98465246
0.9508424
0.89551544
0.9838201
0.9896226
0.7715212
0.9872433
0.93736494
0.9746874
0.94116265
0.79451805
0.99239856
0.85024756
0.9999999
0.9967414
0.9487369
0.99833655
0.9860661
0.9878262
0.9527829
0.9860492
1.0
0.7874616
0.92824495
0.9244715
0.9999998
0.79069865
0.9980117
0.95980215
0.9999999
0.9541605
0.8437079
0.9136616
0.904848
0.8920644
0.9348102
0.9623122
0.99055326
0.89617085
0.8831047
0.87676543
0.764915
0.8185227
0.8845227
0.7951202
0.9903004
0.97409767
0.9856213
0.9721623
0.9839934
0.881372
1.0000001
0.93441683
0.9628861
0.9599716
0.9978081
0.95455104
0.86088175
0.8698833
0.689726
0.7981515
0.946437
0.90284264
0.9892396
1.0
0.959738
0.97916687
0.8297365
0.9712619
0.94265836
0.8432375
0.9744468
0.83965003
0.9998557
1.0
0.9893586
0.8670168
0.8714006
0.926302
0.5103079
0.9273901
0.8204657
1.0
0.9999999
0.65361506
0.9497876
0.93231183
0.86635894
0.94499266
0.8256186
0.98697263
0.9743456
0.92416966
0.88328207
0.74848235
0.9397498
0.9914071
0.9390663
0.9702978
0.94356024
0.99025327
0.9793707
0.8087589
0.98469275
0.828882
0.99398535
0.8080772
1.0
0.98071903
0.9476549
0.9438224
0.99862516
0.9391574
0.76899767
0.9985858
0.9667359
0.96787405
0.9830658
0.8539641
0.9060022
1.0
0.865438
0.75636315
0.93936193
0.9268761
0.9609406
0.9239155
0.87922347
0.90847605
0.7922153
0.9651158
1.0
0.9715837
0.9276558
0.81112844
1.0
0.9877619
0.94144356
0.69063014
1.0
0.99425995
0.6737243
0.81697935
0.92983997
0.8921724
0.9670539
0.7230747
0.80819154
0.9625554
0.9741424
0.8523046
0.8858926
0.6011428
0.74276745
0.8840921
0.8608753
0.9893102
0.9985099
0.97723246
0.80325925
0.9433436
0.92697644
0.97839326
0.91951394
0.8236774
0.87724125
0.8468235
0.9742253
0.93678313
0.99999994
0.93145746
0.97050357
0.9635511
0.9992789
0.9666562
0.94088733
0.88001436
0.99467087
0.7415453
0.9429376
0.9542299
0.9376306
0.99053437
0.81133294
0.7924312
0.89276314
0.97608525
0.98172027
0.93071115
0.9297889
0.78636694
0.978779
0.9912162
0.78242135
0.96208763
0.91882956
0.7526321
0.97049606
0.97152174
0.9436483
0.9405128
0.9708831
0.9999999
0.99152946
0.81866276
0.9867708
0.9757416
1.0
0.87092847
0.9454549
0.78125453
0.96013004
0.98060095
0.8879609
0.5984818
1.0
0.92350864
0.82144755
0.97411406
0.9925442
0.9707183
0.98291856
0.97031224
0.85199916
0.98663324
0.9993143
0.90243745
0.5813007
0.9510432
0.8475793
0.9777427
0.89398456
0.7542446
0.92993635
0.9602569
0.9316165
1.0
0.9114103
0.8638219
0.97805643
0.9872454
0.94947535
0.8224257
0.9699552
0.85867244
0.92013323
0.8039464
0.83318365
0.7719581
0.69173825
0.9574194
0.8915569
0.7856852
0.9168386
0.90038323
0.99370176
0.8995081
0.94468284
0.91877836
1.0
0.9702693
0.92583084
0.97860146
0.9726939
0.971945
0.7656007
0.9353813
0.97737163
0.8675823
0.95005333
0.94716555
0.91800576
0.8803609
0.9908045
0.9284294
0.8172804
0.9389528
0.952766
0.9545474
0.92456216
0.88836455
0.99965215
0.9614173
0.9679235
0.9498848
0.83500564
0.93304497
0.95494694
0.939346
0.9654933
0.99182236
0.97527057
0.90880245
0.96345663
0.9303149
0.94792
0.9631965
0.76648045
0.84053785
0.81328756
0.9734831
0.7728779
0.99976134
0.9693451
0.9892029
0.83239776
0.83383167
0.80745023
0.7620651
0.9292854
0.93856347
0.9725335
0.9707652
0.96843266
0.9751813
0.9066198
0.8849918
0.99225646
0.6451113
0.9638206
0.9907247
0.9870791
0.82082665
0.9873159
0.9512751
0.88320947
0.9494193
0.9978359
0.9262494
0.97269446
0.96093214
0.95968974
0.88900524
0.96320075
0.915515
0.80985105
0.4721682
0.89973676
0.78747183
0.9877123
0.7722088
0.95019424
0.9322812
0.9117145
0.83561957
0.95338655
0.92406124
0.95467436
0.993988
0.896984
0.9633984
0.9537639
0.8844081
0.92160475
0.96643287
0.9125509
0.9725627
0.9212253
0.9865298
1.0
0.9866461
0.9869122
0.80986226
0.9599632
0.9885169
0.94249505
0.9724355
0.99999994
0.89331895
0.99999994
0.98716176
0.93563646
0.93175775
0.9019285
0.9305984
0.9438157
0.98012793
0.83219916
0.9492221
0.98436886
0.97527194
0.8627201
0.94188255
0.9711887
0.99761283
0.9536671
0.8649077
0.8672013
0.99785817
0.9892578
0.9722535
0.98866117
0.96554005
0.9522879
0.9823286
0.7974108
0.99271953
0.961099
0.94021606
0.94831157
0.9315857
0.9574188
0.9319078
0.96238637
0.89456594
0.87920177
0.971806
0.9562566
0.9818999
0.97029567
0.96284676
0.5585919
0.9997418
0.9853999
0.9014878
0.834642
0.6874959
0.97477674
0.9417693
0.9813513
0.9626342
0.9785374
0.9693007
0.9850973
0.9416909
0.7795301
0.75495464
0.8659664
0.98740995
0.99920714
0.87064487
0.9678361
0.97357917
0.9874313
0.9178142
0.90350544
0.9171374
0.9172017
0.9732033
0.9363544
1.0
0.759124
0.9989284
0.9656427
0.9966823
0.87862724
0.89808
0.87659425
0.9523463
0.96557003
0.8836862
0.994378
0.9835873
0.9673813
0.8662493
0.98995996
0.95608544
0.9878328
0.8167721
0.9748608
0.9015822
1.0
0.97324777
0.9770622
0.9029118
0.94762576
0.86263144
0.9831828
0.8130757
0.9244752
0.9849354
0.92210793
0.81636304
0.932181
0.9747264
0.937792
0.7046047
0.98744804
0.99386185
0.9999999
0.9709359
0.95187235
0.83468026
0.98064697
0.94948876
0.8284883
0.99999994
0.96104586
0.9258683
0.8225061
0.9331838
0.8469249
0.9501442
0.9979874
0.9531804
0.64070123
0.861174
0.9313042
0.9516911
0.9571587
0.80560035
0.8911765
0.9071705
0.9542684
0.94989717
0.9801472
0.9081172
0.9309968
0.98786557
0.5697131
0.7257935
0.9764824
0.941642
0.967323
0.9883909
1.0
0.96454024
0.9952511
0.6485009
0.94462407
0.99999994
0.971965
0.93376917
0.99999994
0.92651343
0.80969375
0.75666857
0.96648085
0.8131416
0.9365694
0.9545331
0.9843462
0.9684332
0.7771615
0.8575056
0.9438747
0.98735595
0.84029067
0.8787536
0.7466281
0.9463229
0.9421649
0.9177328
0.94140965
0.9287861
0.9769366
0.94540966
0.96515006
0.9908682
0.9007274
0.8824841
0.8399033
0.9824181
0.99372524
0.9822756
0.87646484
0.99150527
0.9750745
0.92965835
0.93760514
0.9970545
0.6589738
0.90712845
0.9663797
1.0000001
0.9260225
0.84942377
0.9901408
0.855776
0.9817602
0.8266306
0.9229265
0.8841591
0.69875103
0.9449622
0.9875549
0.9563886
0.9919387
0.8192261
0.98249024
0.9556331
0.95077384
0.90680903
0.9131838
0.98763806
0.9730302
0.8078187
0.9164674
0.84268796
0.82981145
0.9592905
1.0
0.969528
0.6085172
0.9249283
0.9999999
0.9888474
0.9020274
0.7120657
0.9313601
0.9946997
0.85487795
0.9931617
0.9168629
0.9811924
0.65576226
0.9827474
0.9641137
0.68319404
0.89078027
0.97215796
0.8698111
1.0000001
0.8670824
0.8581292
0.9968381
0.93862605
0.7260685
0.9612645
0.8979573
0.95261824
0.9338887
0.9312154
0.86981857
0.8328698
0.91237736
0.8842917
1.0
0.90298057
0.9521476
0.81778944
0.84415
0.8721903
0.98975694
0.9888167
0.9816338
0.95899236
0.99944973
0.99503464
0.91476977
0.97435653
0.9171887
0.8468564
0.73486125
0.93329585
1.0
0.8606794
0.85441625
0.6501058
0.9733687
0.95604086
0.8802598
0.9596071
0.7472878
0.92303944
0.8718323
0.88572896
0.9090135
0.87974924
1.0000001
0.9347852
0.5549568
0.99145085
0.9507171
1.0
0.93543696
0.9195383
0.9909623
0.998651
0.96841806
0.9742187
0.9067497
0.97552234
0.9563654
0.96730506
0.8866507
0.9295484
0.8929043
0.9212724
0.508529
0.82445276
1.0
0.9945123
0.9046223
0.9771459
0.9999999
0.9172565
0.963573
0.96338737
0.9482661
0.9046111
0.8719675
0.96113205
0.85544705
0.9415274
0.97292274
0.95027006
1.0
0.8877129
0.9995167
0.88887566
1.0
0.96503645
0.7726197
0.86365265
0.85027635
0.9262197
0.7935847
0.94669527
0.9282177
0.9611686
0.92541254
0.93314785
0.99637675
0.96317995
0.96840024
0.9680994
0.8757866
1.0
0.9100356
0.7894382
0.66247046
0.9985967
0.8681877
0.971756
0.872264
0.97650194
0.9888396
0.99726343
0.8784558
0.794319
0.97684383
0.9474554
0.91986
0.961552
0.8857945
0.99945885
0.988719
0.8372573
0.93425894
0.89828116
0.9885062
0.93320143
0.96966577
0.980344
0.9999998
0.82909393
0.91351223
0.9059462
0.9990063
0.95713973
0.71073127
0.8257757
0.97276384
0.97929037
0.9366983
0.96541554
0.96773416
0.822024
0.96496177
0.8663846
0.9638612
0.9419774
1.0
0.95877266
0.88676107
0.98828065
0.9999998
0.95144635
0.9637621
0.9702535
0.95228887
0.9387933
0.8438037
0.9904995
1.0
0.83019847
0.95930594
0.9041442
0.9505125
0.97558063
0.9711852
0.77992797
0.94769824
0.8907131
0.8702086
0.9484866
0.9782477
0.959324
0.90143454
0.9684178
0.831414
0.938916
0.8463665
0.8850498
0.84162414
0.7604896
0.9843711
0.95407975
0.93788373
0.93791586
1.0
0.7125797
0.99606913
0.9857036
0.9946493
0.9737911
0.9999999
0.91883034
0.95956683
0.9332764
0.91373396
0.9665283
0.9923687
0.8615683
0.99893034
0.9716742
0.95560366
0.9950989
0.9839747
0.7965592
0.97382104
0.97038597
0.9893766
0.90031266
0.8344
0.9994562
0.96417356
0.98359406
0.9863138
0.67173654
0.87952083
0.9333886
0.9992336
0.8942545
0.6620881
0.9329386
0.974238
0.99999994
0.9595351
0.9774898
0.98601985
0.910964
0.98781747
0.97023785
0.8279379
0.93319255
0.9851171
0.98738647
0.8712543
0.99179715
0.99613595
0.97778475
0.9879677
0.9723515
0.99999994
0.973882
0.9907825
0.93514335
0.8907082
0.9300973
0.8685665
0.7716888
0.9105106
0.9492731
0.94310904
0.8977052
0.93869895
0.9200825
1.0
1.0
0.91348815
0.98543876
0.9378549
0.933064
0.820987
0.9300204
0.98227835
0.9094097
0.98634577
0.99854887
0.9671306
0.9234093
0.8854659
0.9853539
0.8772182
0.95516264
0.88130224
0.9876722
0.815372
0.98964745
0.91655993
0.9565426
0.94280124
0.8941964
0.8909848
0.97273767
0.9894317
0.8554442
0.767908
0.9755398
0.9852725
0.8832711
0.8455712
0.93583846
0.9759213
0.9283203
0.97787935
0.86783326
0.91835177
0.66645694
0.99108154
0.98132336
0.6738168
0.9258421
0.9171046
0.8322171
0.9166382
0.9381479
0.97852755
0.92693216
0.88598555
0.89695984
0.86040473
0.8084468
0.9678555
0.8594747
0.9999999
0.94288707
0.9989509
0.9993482
0.9999999
0.84338635
0.98712385
0.81335855
0.95416486
0.9455535
0.90939087
1.0
0.7925393
0.8955215
0.9832983
0.95057106
0.99999994
0.9562619
0.86231345
0.9775542
0.9508424
0.98395956
0.9523784
0.9997362
0.99571395
0.9639061
0.8851088
0.8538006
0.931365
0.9945748
0.9281708
0.9479932
0.88489926
0.90790755
1.0
0.9707305
0.9289189
0.9208532
0.9441691
0.8618055
0.99205387
0.9541429
0.9302979
0.92911303
0.81647164
0.8786247
0.86291766
0.9833557
0.81374
0.7742687
0.9764676
0.9546306
0.9984282
0.8579561
0.9336965
0.9185021
0.9567285
0.91295874
0.9762248
0.8880424
0.63763624
0.97665983
0.9990967
0.99117315
0.9822812
0.6042785
1.0000001
0.7907675
0.9647076
0.8618386
0.9892635
0.99853194
0.88274705
0.9902172
0.99732655
0.5106957
0.93246233
0.9383693
0.9953387
0.9371143
0.6815396
0.9134064
0.93918735
0.82371193
0.8548985
0.9751452
0.7561187
0.95989954
0.84405077
0.971742
0.6198337
1.0000001
0.85124093
0.93333554
0.7761716
0.8909693
0.9691472
0.7787096
0.85912067
0.98991805
0.8658776
0.73527175
0.7469798
0.9656806
0.87413216
0.948411
0.58650875
0.7919892
0.6164069
0.949507
0.9588037
0.91881514
0.8168477
0.830163
0.9919525
0.96527296
1.0000001
0.9947111
0.9899062
0.9548439
0.9689872
0.990927
0.9452952
0.94914234
1.0000001
0.99999994
0.889601
0.97224665
0.96126866
0.91291684
0.94843715
0.9979807
0.9129508
0.9458065
0.9417281
0.967486
0.98743916
0.5233701
1.0
0.97879404
0.8381009
0.9549835
0.8629162
0.8665791
0.96045
0.8803042
0.99999994
0.9983394
0.9682075
0.97953045
0.9097519
0.94502455
1.0000001
0.91369295
0.99890244
0.8593992
0.9976574
0.94898677
1.0000001
0.9890634
0.9999998
0.87136555
0.92318666
0.9428501
0.98495483
0.967486
1.0
0.87289727
0.8068261
0.77184373
0.7674111
0.8817293
0.9119385
0.80099994
0.9562316
1.0000002
0.97745407
0.8126259
0.9093529
0.9055663
0.9803476
0.81500137
0.6428403
0.8720411
0.9480543
0.6707847
0.8700814
0.79488873
0.9892528
0.90993696
0.9720224
0.99539316
0.96191525
0.9191462
0.79744416
0.9039986
0.7812109
0.97345996
1.0
0.90938306
0.66698897
0.96044004
0.9785051
0.8467023
0.80687284
0.9633264
0.7027776
0.88252974
0.8214583
0.87685996
0.99263895
0.86507684
0.860515
0.98030293
0.24669361
0.9951241
0.9753155
0.92834485
0.9577628
0.98350453
0.88750976
0.9559566
0.7888975
0.9174985
0.88996905
0.93928
0.94795823
0.95733255
0.9983592
0.5873959
0.97462094
0.88772494
0.91990495
0.9606112
0.8633915
0.8502424
0.99941766
0.8600955
0.9588342
0.9840288
0.894197
0.99731964
0.9534233
0.9776769
0.9992446
0.9131799
0.82493365
0.9980913
0.9989313
0.8849546
0.97619116
0.86971736
0.81835854
0.9790689
0.98546845
0.979495
0.9639592
0.9734537
0.9633664
0.7396993
0.89766
0.9958708
0.979905
0.96637803
0.9028662
0.93684685
0.92271644
0.9776323
0.8330019
0.8159019
0.9977443
0.97116363
0.8854632
0.9489385
1.0000001
0.8857353
0.99999994
0.9355438
0.8713956
0.9516337
0.99607766
0.90033114
0.9951266
0.8254454
0.9594455
0.94720894
1.0000002
0.99390805
0.9907198
0.98305696
0.9242009
0.91910774
0.9871751
0.96266794
0.8328269
0.9728212
0.9999998
0.86599
0.9440332
0.9923278
1.0000001
0.960268
0.939177
0.9437031
0.7219962
0.9666132
0.996072
0.7959825
0.9095665
0.77332604
0.9057762
0.7740218
0.6010709
0.96872497
0.7365838
0.95057464
0.89505965
0.8005315
0.85538435
0.99450123
0.99142045
0.9426575
0.9010743
0.82442826
0.89166635
0.8627547
0.9194054
0.9932036
0.91920006
0.7794126
0.9346554
0.95158607
0.99847937
0.79671466
1.0
0.965852
0.8847074
0.9962261
0.97212553
0.9613007
0.98430073
0.91064286
0.9327358
0.967511
0.9460999
0.65793276
0.8617166
0.9572293
0.96138656
0.90063405
0.83885396
1.0000001
0.84953684
0.9999998
1.0
0.99853706
0.7357605
0.9514612
0.7720015
0.8969776
0.9311614
0.98460335
0.94737434
0.94063663
0.9717445
0.90306234
1.0000002
1.0
1.0000001
0.97633135
0.8117151
0.9179249
0.8662735
1.0000001
0.9610746
0.8337965
0.7520696
1.0
0.8853962
0.8731659
0.9227212
0.67692
0.97133994
0.9999999
0.9668019
0.99999994
0.9732803
0.9405513
0.58839357
0.85368645
0.9601181
0.991521
0.839304
0.99100804
0.96811575
0.9994492
0.94317305
0.9570641
0.9134122
0.9933428
0.95288473
0.944018
0.971938
0.86417806
0.9456195
0.89157057
0.98396885
0.887726
0.86024076
0.43932787
0.98851717
0.9183137
0.96454597
0.8504587
1.0000001
0.8720225
0.9658308
0.82220805
0.8735531
0.90620697
0.86675465
0.92202365
0.9378543
0.9933606
0.9722692
0.8777266
0.9995516
0.5641971
0.9987841
0.9712609
0.95221865
0.74798
0.9676817
0.54483724
0.7983967
0.92717946
0.96124345
0.99298215
0.80615973
0.9764407
0.9983172
0.8553207
0.99946904
1.0000001
0.8924923
0.9986628
0.9959075
0.95334166
0.9267538
0.97443193
1.0000001
0.8643276
0.9891763
0.9972392
0.9999999
0.8250881
0.78775257
0.9543094
0.86731184
0.9933357
0.9832699
0.91115266
0.8941113
0.8934854
0.92169684
0.9694983
0.986222
0.84493357
1.0
0.97251046
0.8566921
0.8932355
0.9585757
0.81518376
0.9130239
0.91490287
0.80835813
0.9974165
0.9522109
0.93744665
1.0
0.99939907
0.94552034
0.9951508
0.96691835
0.9248854
0.8865118
0.93021786
0.92542005
0.92487305
0.9655591
0.96322346
0.9040275
0.9917448
0.89190537
0.82509625
0.8860445
0.9558526
0.79501027
0.9918141
0.97901785
0.95957506
0.92348766
0.980804
0.80057895
0.9124833
0.9736252
0.718611
0.99999994
0.8555821
0.9906758
0.9018238
0.9830135
0.93012625
0.6586491
0.99538076
0.97081125
0.99163073
0.9931634
0.6576038
0.9536667
0.6128074
0.9880074
0.99187046
0.9973205
0.9952128
0.8678872
0.98079336
0.9844828
0.9985753
0.96641314
0.99368817
0.9411914
0.97740954
0.96943665
0.96689975
0.96633166
0.9120153
1.0
0.97350013
0.9196789
0.927002
0.99842906
0.92052066
0.848484
0.99101216
0.9999999
0.9393862
0.8449359
0.9417395
0.8948355
0.98507565
0.9669694
0.95902556
0.99934214
0.62393576
0.96940184
0.97069895
0.9398427
0.8492162
0.9827814
0.94336736
0.9994961
0.94497776
0.8389454
0.7750407
0.95493037
0.8914016
0.98344535
0.95621395
0.8828031
0.92329526
0.845576
0.9560355
0.8611455
0.88482434
0.95931524
0.97040254
0.64327073
0.89375234
0.8980322
0.9852592
0.8814024
0.99445677
0.869823
0.94831824
0.98447996
0.9954102
0.9272193
0.7339901
0.97711223
0.9248615
0.5927326
0.90069425
0.8725113
0.9498445
0.8095478
0.9599699
0.953558
0.9588315
0.92781323
0.77099013
0.7339302
0.9767647
1.0000001
0.5039504
0.9993896
0.7980038
0.9554577
0.7297802
0.97092366
0.69662523
0.9861405
0.9376668
0.9993359
0.9323537
0.9648801
0.9014635
0.9833175
0.9496186
0.9271892
0.9353428
0.41400987
0.9328921
0.835315
0.9639207
0.5511435
0.98661375
0.9613058
0.9902095
0.9751775
0.9835906
0.8888209
0.8366514
0.56154805
0.9726211
0.98038477
0.97501075
0.8443757
0.9742484
0.94629157
0.99562085
0.98650634
0.96306604
0.9944116
0.9545489
0.80987847
0.9856112
0.8914497
0.9501153
0.9150498
0.96256936
1.0
0.8929263
0.8633847
0.97561073
0.48055694
1.0000001
0.9316668
0.9909535
0.88052344
0.7812866
0.99918634
0.7884474
0.81091446
0.9704281
0.99999994
0.8516376
0.97101665
0.9555158
0.93479204
0.87236243
1.0000001
0.98049694
0.80480707
0.97049356
0.8081118
0.9090603
0.97780055
0.9850837
0.96873957
0.9508172
0.95672023
0.9893135
0.87266475
0.9349172
0.99362755
0.99999994
0.9117946
0.9757186
0.97556263
0.9121846
0.9274284
0.9999999
0.9271561
0.9968488
0.7631144
0.9901287
0.9865577
0.95719105
0.96346754
0.9599496
0.96381307
0.9210901
0.869387
0.8705345
0.8435173
0.89506394
0.9778288
0.8658646
0.669316
1.0
1.0000001
0.9499612
0.9241027
0.98606926
0.9461509
0.988824
0.82722706
0.87055624
0.98713666
0.9721397
0.89180255
0.9260794
0.931119
0.96478623
1.0000001
0.8929815
0.8317436
0.9786018
0.88861823
0.9609302
0.77966046
0.93856263
0.9395528
0.95931697
0.9614932
0.7804548
0.8458192
0.86973345
0.95153946
0.8728022
0.90144914
0.9887321
0.7921693
0.98930264
0.72875774
0.82987213
0.9127507
0.8797873
0.95210946
0.87219095
0.9201342
0.99786335
0.68932295
0.9976813
0.9959494
0.92731744
0.76881075
0.8949481
0.9893531
0.81231344
0.92775464
0.95240873
0.9999999
0.98556274
0.9699354
0.9777518
0.9622391
0.9838768
0.98162574
0.9999999
0.8452084
0.99295956
0.9053242
0.7889748
0.89650327
0.9158286
0.94962215
0.7298404
0.9466903
0.99046224
0.74097717
0.9723166
0.99138975
0.8799497
0.8290343
0.9577599
0.8969542
0.8868847
0.9963901
0.9506413
1.0
0.98136806
0.53552663
0.9684154
0.9999999
0.85822403
0.8252801
0.9849545
1.0
0.9785324
0.79818153
0.99490285
0.90869546
0.9647205
0.97636384
0.9060345
0.6009835
0.9491874
0.73213935
0.9585604
0.76108885
0.9371266
0.93431795
0.77967924
0.86791825
0.89106905
0.9070587
0.95511305
0.64944834
0.9275867
0.97028106
0.9691621
0.9743372
0.8858995
0.8483131
0.7571577
0.9493661
0.9821698
0.90338767
0.91285646
0.99933636
0.87599987
0.7483087
0.9961969
0.9404904
0.8692134
0.7108526
0.82919836
0.9872214
0.9529338
0.99479204
0.97760797
0.97454244
0.9216168
0.95323247
0.9222967
0.99877167
0.9880199
0.9375772
0.83348787
0.836002
0.94150096
0.8064084
0.9705033
0.9034809
0.94126403
0.8212657
0.99999994
0.7626776
0.9387256
0.64668137
0.8606619
0.99954224
1.0000002
0.9527289
0.9152889
0.75793993
0.9932018
0.9257972
0.9892931
0.9946253
0.98986727
0.9693697
0.9634925
0.9372007
0.9825178
0.9322246
0.97048545
0.8211563
0.99852353
0.95541865
0.9095979
0.9886737
1.0000001
0.78098387
0.9777952
0.991303
0.98894906
0.935863
0.89266837
0.9531863
0.97733784
1.0000001
0.83748454
0.92174816
0.97292995
0.98217356
0.95843613
0.94828975
0.92515576
0.9940843
0.8319646
0.845716
0.9703467
0.977998
0.4458144
0.8457234
0.8464465
0.9390399
0.759537
0.9463099
0.88912547
0.99999994
0.95120436
0.9879677
1.0
1.0
0.9858874
1.0000001
0.9870711
0.9385007
0.93574274
0.9534199
0.8456962
0.680185
0.91996187
0.97587806
0.9961763
0.99332666
0.9704168
0.9896864
0.9393998
0.9991446
0.7600497
0.9091933
0.9467487
0.9685052
1.0
0.9836102
0.9770942
0.9460892
0.97721803
0.9903121
0.8840179
0.9639871
0.9866165
0.7717235
0.9719665
1.0000001
0.9103141
0.9636462
0.94740117
0.90764874
0.93240786
0.94437
0.9581009
0.9877082
0.7953363
0.9596502
0.8540128
0.9197706
0.9698442
0.66232914
0.97472775
1.0
0.97852534
0.99902856
0.95795304
0.92813575
0.98217237
0.9563891
0.9916007
0.89626384
0.9390631
0.9769804
0.9715781
0.9043151
0.94324887
0.95156467
0.7677307
0.97252876
0.9167649
0.90841585
0.99359673
0.97582185
0.84634155
0.9419838
0.99999994
1.0
0.9339867
0.9897784
0.98065346
0.90464914
0.97141033
0.9476128
0.9803375
0.97383904
0.96671486
0.8855144
0.97695214
0.6549276
0.97391903
0.9599992
0.9605282
1.0
0.71235764
0.8625206
0.77974087
0.9996258
0.8278698
0.69631577
0.9226812
0.71999115
0.95136523
0.94057345
0.9556075
0.8581476
0.9971921
0.9303454
0.95166874
0.9160604
0.9652596
0.9371776
0.77131355
0.97788465
0.9642702
1.0000001
0.87770957
0.9684276
0.964359
0.98394984
0.99877787
0.93785936
0.93089855
0.97210646
0.99399585
0.9936975
0.84734523
0.9577754
0.9654021
0.92466235
0.91778284
0.9222158
0.8917744
0.95995307
0.99819934
0.84271276
0.93270123
0.84399474
1.0
0.9016645
0.952434
0.98993945
0.9628298
0.98074675
0.9992071
0.9675186
0.78936046
0.805161
0.9780391
0.9546264
0.9610896
1.0
0.9561527
0.9735786
0.891088
0.8975265
0.9751199
0.9101674
0.999462
0.9618964
0.9580278
0.9376812
0.9935006
0.93734235
0.9993423
0.9683074
0.8906555
0.983576
0.7961359
0.8567666
0.98184824
0.95939815
0.9718801
0.84606093
0.74462235
0.9807343
0.9575329
0.7678438
0.8675768
0.28003395
0.8337121
0.9811224
0.9660411
0.8939991
0.5897803
0.95691204
0.8397696
0.8975766
0.99393606
0.9145434
0.8272271
0.9329226
0.9995612
0.99190944
0.7386757
0.9517654
0.9466417
0.69531846
0.97126985
0.97695506
0.97193277
0.9835596
0.9897028
0.9386528
0.92954946
0.9794211
0.9999999
0.9225532
0.91706526
0.86073405
0.9335052
0.92175186
0.9982444
0.9492068
0.9995378
0.95059407
1.0000001
1.0
0.9540467
0.8951982
0.9996956
0.7906097
0.9715914
0.77639127
0.96279585
0.9881049
0.8936078
0.99999994
0.9728118
0.80037117
0.99445826
0.883066
0.96376
0.7182292
0.9690397
1.0
0.68791324
0.9526657
0.97795016
0.9372244
0.8528949
0.9329338
0.98858094
0.83373636
0.9185096
1.0000001
0.77284265
0.6701273
0.93085295
0.7663428
0.9803078
0.86275923
0.99097484
0.8535294
0.857072
0.9409993
0.9783634
0.9653487
1.0000001
0.86328876
0.94841784
0.9850656
0.9079332
0.8589392
0.8693667
0.9525991
0.97185427
0.9916486
0.75152886
0.898052
0.90487564
0.8445287
1.0000001
0.6852728
0.9882735
0.85749096
0.9563068
1.0
0.9921593
0.99026173
0.9854491
0.9758576
0.93474054
0.9591452
0.97134805
0.6350475
0.98538524
0.9855591
0.8978646
0.9277322
0.9709303
0.9031596
0.96298397
0.99887466
0.9678923
0.97587734
0.93536156
0.9491214
0.94532293
0.7966211
0.99105746
1.0
0.8113653
0.907393
0.9362258
0.7868668
0.7259448
0.9434174
0.9658577
0.9993743
0.5014685
0.9476095
0.92534083
0.8918205
0.9202939
0.4928638
0.9993688
0.92545563
0.983278
0.969774
0.940171
0.9815508
1.0
1.0
0.98600197
0.8810843
0.9887132
0.8982489
0.9168645
0.9374909
0.944494
0.97754383
0.92637986
0.8433419
0.93951905
0.8786893
0.8238062
0.9589981
0.9299625
0.93290406
0.9550373
1.0
0.9915247
0.9667482
0.99947155
0.7507961
0.9114744
0.95690775
0.9550989
0.94109213
0.7807964
0.9247822
0.9742729
0.9867236
0.9588214
0.98500454
0.90202534
0.95311135
0.98677766
0.88347495
0.96863145
0.9443313
0.9113634
0.98838353
0.91903496
0.8478909
0.6613651
0.99999994
0.9922814
0.9981647
0.8102713
0.97337985
0.9609424
0.8828874
0.48921752
0.9471132
0.8795693
0.97355336
0.97950435
0.8903322
0.9164434
1.0000001
0.9999999
0.9149966
0.9483001
0.9987149
0.95922154
0.9967315
0.8581054
0.82688457
0.99925613
0.99999994
0.9450806
0.67723626
0.85234714
0.9539523
0.9998641
0.73439384
0.9347068
0.94309443
1.0
0.9916003
0.828738
0.91736513
0.8922832
1.0
0.94367635
0.97427785
0.9713828
0.79983175
0.9963409
0.9266008
0.84894806
1.0000001
0.9894669
0.9987211
0.92934525
0.84681
0.9733382
1.0000001
0.88698006
0.9949403
0.98913586
0.9600924
0.8510872
0.70197725
0.9370587
1.0000002
0.94310904
0.99936354
0.9258142
0.8146833
0.9539218
0.92381185
0.9297471
0.97253513
0.93442535
0.98218507
0.9092357
0.93411076
0.91316366
0.94064337
1.0
0.9344984
0.89216113
0.9220307
0.91016144
0.942569
0.98762596
0.9999999
0.87198526
0.71987724
0.98803264
0.91272825
0.8772522
0.9234116
1.0
0.8748943
0.9396601
0.8730734
0.8967645
0.9300024
0.79220736
0.9739337
0.84951025
0.9968072
0.99999994
0.8918463
0.97698873
0.7976659
0.9867475
0.96349555
0.88819593
0.9989444
0.8234621
0.8996165
0.99295044
0.8621394
0.8969056
0.9088877
0.95185107
0.92763543
0.9494773
0.91222787
0.94884694
0.96305525
0.88242114
0.91637516
0.87590075
0.93096054
0.8355551
1.0
0.9922854
0.9873577
0.9603865
0.7107999
1.0000001
0.9512482
0.70526654
0.9962194
0.9320807
0.9804885
0.9720926
0.61472833
0.9670514
0.7473477
0.7767984
0.85473824
0.988336
1.0
0.97041047
0.9521897
0.928165
0.9110375
0.9766808
0.96755016
0.84372336
0.9173155
0.9498601
1.0000001
0.90683556
0.9189544
0.87383914
0.9235053
0.7657941
0.8893822
0.8078523
0.8306288
0.99829787
0.98172784
0.92791665
0.8928343
0.9708915
0.99810123
0.91669124
0.99283665
0.9619637
0.9936745
0.9070835
0.98485875
0.9860975
0.9285394
0.9283932
0.9340284
0.9738841
0.8195271
0.7623666
0.9862463
0.97296375
0.9995979
0.9005709
0.9888019
0.9503088
0.7877601
0.7374645
0.9209663
0.97285885
0.7830251
0.98104393
0.956722
0.7969104
0.9981245
0.9727446
0.9183702
0.95706415
0.9999999
0.9668685
0.7805638
0.89564985
0.7336667
0.8395881
0.9723409
0.89681864
1.0
0.97526807
0.94090676
0.56477374
0.94880533
0.91348946
0.94291097
0.83522934
0.98572034
0.9912611
0.9299232
0.9296815
0.8467002
0.92330736
0.97598964
0.9936895
1.0
0.8417331
0.9812453
0.92812145
0.9959761
0.96860856
0.9741391
0.7682573
0.8134667
0.8850391
0.82727087
0.99909467
0.9034114
0.9952127
0.981736
0.9284625
0.886322
0.6922128
0.8538033
0.95577145
1.0
0.994547
0.89110136
0.7316884
0.8028271
0.9535562
0.938485
0.87787485
0.98441
0.99999994
0.8609662
1.0000001
0.9846793
0.9804803
0.94784355
0.9152851
0.87914103
0.948462
0.9995052
0.9449158
0.7666422
0.99541926
1.0
0.8028329
0.9293406
0.8328112
0.9995813
0.9519476
0.93171334
0.93884075
0.9801954
1.0
0.8778117
0.9515935
0.93081653
0.80909324
0.74451447
0.8583115
0.9884232
0.913063
0.8752575
0.79838556
0.966805
0.8532897
0.94885504
0.97306174
0.8467307
0.9404901
0.9599768
0.9878897
0.9904787
0.9259621
0.69643116
0.8515216
0.93608147
0.9651091
0.89258415
0.94890845
0.98255676
0.97688663
0.7254932
0.9416598
0.63875085
0.96317893
0.98002803
0.9400804
1.0000002
0.7802304
0.8278532
0.98991466
0.9846389
0.94665474
0.95034087
0.9888147
0.7761545
0.9684584
0.8782748
0.6812748
0.9465163
0.8221551
0.9719244
0.73770154
0.99897325
0.98893005
0.983074
0.9854583
0.999751
0.9720198
0.9822879
0.880205
0.8113996
0.83229613
0.9681635
0.9598161
0.96635354
0.9730678
0.9924351
0.9353976
0.9345177
0.9460849
1.0000001
0.82342654
0.8351444
0.99981606
0.9575962
0.966134
0.81989205
0.8853022
0.7751465
0.9099682
0.97349787
0.7684225
0.97779787
0.9959018
0.8846091
0.95410836
0.89333516
0.99078584
0.9601978
0.9582095
0.85472023
0.7729755
0.75900483
0.9389262
0.9582571
0.90505695
0.87170357
0.9910433
0.9375286
0.9053664
0.94481754
0.95393026
0.96896815
1.0
0.87882155
0.9700049
0.8735273
0.9692509
0.97625923
0.9272958
0.98156947
0.99526566
0.8717602
0.9655725
0.9452587
0.9587521
0.8224655
0.9514746
0.9605247
0.95393634
0.9298266
0.96303546
0.93852973
0.916978
0.94130987
0.8795513
1.0
0.96656543
0.78331196
0.9273847
0.78337985
0.94947135
0.9251555
0.6131912
0.9454473
0.95086133
0.96804595
0.9638578
0.96693987
0.9869987
0.7831071
0.88312787
0.9304013
0.92804736
0.94970113
0.99104005
0.93397
0.88812387
0.6801101
0.8171643
0.9662629
0.82850647
0.95075923
0.99841255
0.7981973
0.9223403
0.98472834
0.9868744
0.99399066
0.90948534
1.0
0.9168116
0.99852943
0.95593864
0.965829
0.8597277
0.78850895
0.95592505
0.974406
0.99336696
0.9061774
0.9442355
0.9684453
0.99098647
0.9857351
0.9329538
0.86695576
0.88117373
0.87434757
0.9691814
0.773161
0.9902393
0.9473085
0.88196164
0.9174503
1.0
0.928113
0.97441256
0.94422746
0.9277516
0.97219634
1.0
1.0000001
0.9408627
0.88115597
0.93740666
0.9881486
0.9666136
0.955029
0.94528335
0.77659184
0.9792222
0.8736093
0.985456
0.8109182
0.9593774
0.95700705
0.9680792
0.9274467
0.9871031
0.97680426
0.88965636
0.9737587
0.9675526
0.9500332
0.9816761
0.96979773
0.95112014
0.88339937
0.92122287
0.9663817
0.75014496
0.8601938
0.9639873
0.94112426
0.9239756
0.92520344
0.9229263
0.9921556
0.99999994
0.90665126
0.9785683
0.7975441
0.9753306
0.5577834
0.9409133
1.0000001
0.9402518
0.86025214
0.9699961
0.95047194
0.8578769
0.8440732
0.99706054
0.9918115
0.9835905
1.0
0.6908581
0.9624485
0.9129983
0.9985072
0.9710916
0.9653713
0.967775
0.93308306
0.9684154
0.98939294
0.8644155
0.60700995
0.9771342
0.9885873
0.9386593
0.76902276
0.97932434
0.8271301
0.98141795
0.943545
0.9997147
0.9208753
0.8873651
0.82668686
0.92971116
0.9384487
0.8871599
0.9555548
0.79665804
0.92014706
0.8323874
0.9291767
0.9882506
0.85139215
0.92647356
0.7693264
0.8683354
0.91570747
0.9999997
0.8647622
0.8744469
0.7469941
0.829267
0.9890607
0.9811057
0.91540724
0.8920021
1.0
0.98522604
0.9419705
0.9480396
1.0
0.95385796
0.9999999
0.9965743
0.8903299
0.96419
0.87194145
0.7488098
0.96078897
0.9032257
0.83116525
0.94234556
0.94427526
0.98606193
0.9660876
0.92677987
0.98058635
0.9645539
0.92666924
0.9896983
0.91289747
0.95014125
0.91557187
0.759125
0.95541203
0.98297846
0.8717826
0.99999994
0.9859823
0.9580117
0.99999994
0.83757657
0.83726364
0.9635129
0.98860407
0.9332767
0.9999999
0.9617854
0.9686029
0.7825556
0.8050751
0.81904566
0.9425912
0.94710785
0.9828246
1.0
0.95344603
0.836249
0.80679375
0.8696223
0.9106198
0.8320168
0.73097533
0.75778794
1.0000001
0.9627255
0.96521217
0.8501078
0.75863826
0.97612464
0.39888054
0.9472436
0.9429256
0.89184666
0.9505105
0.8764593
0.6240568
0.77590454
0.9948514
0.8738789
0.98685694
0.67501754
0.7071166
0.95107186
0.9567074
0.9923717
0.90250456
0.98005825
0.8738724
0.96274847
0.9388856
0.96577036
0.8592343
0.932353
0.9999999
0.8856567
0.9117341
0.9481288
0.99999976
0.9880577
0.98010194
0.9435054
0.9989976
0.8902116
0.8504023
0.9725379
0.9885235
0.9323245
0.9214425
0.914992
0.9210117
0.9917108
0.84006995
0.98319274
0.9570744
0.98923415
0.9093163
0.95233715
0.9815598
0.9715794
0.8898228
0.9582406
0.98732466
0.9084979
0.7235827
0.96735626
0.972656
0.99906015
0.8955741
0.8818735
0.83238184
0.9567893
0.8513297
0.8863033
0.99999976
0.9644101
0.9154767
1.0
0.8166097
0.8525237
0.9091877
0.9184952
0.94374907
0.9582286
0.9578247
0.9999999
0.7104067
0.95517135
0.9457022
0.98056835
0.9447144
0.9679978
0.6608677
0.9822339
0.95667
0.8731338
0.95982254
0.96348923
0.9814569
0.9785641
0.8555212
0.9354012
0.9970403
0.9934447
0.8223134
0.97499555
0.8829233
0.91807127
0.9787246
0.9996978
0.9199898
0.9799183
0.96031183
0.9995147
1.0000001
0.94244635
0.9936123
0.9546193
0.8992026
0.99012196
0.9247939
0.943538
0.99427396
0.7436271
0.79059535
0.9766246
0.97386384
0.85889715
0.9770663
0.89269066
0.9268721
0.892548
0.906747
0.8244751
0.9725131
0.92844903
0.998451
0.930791
0.9919844
0.9265826
0.8368622
0.94980806
0.9977162
0.95961154
0.969276
0.8190435
0.8774368
0.85683864
1.0
0.9060087
0.9673641
0.9953236
0.92478377
0.99999994
0.9928958
0.77824485
0.99575293
0.8754711
0.68680906
0.91841
0.9961288
0.9980365
0.9764293
0.9163116
0.88058376
0.9847961
0.99362826
0.9753396
0.70667064
0.852048
0.96103126
0.88310456
0.9754686
0.9420443
0.8315555
0.9999999
0.7525817
0.8973965
0.9941884
1.0
0.89913577
0.99950767
0.98563147
0.9163848
0.63207555
0.9761715
0.99999994
0.9072919
0.88954884
0.9069366
0.98797506
0.963916
0.9340007
0.9861826
0.9733626
0.99514437
0.97423744
0.9869797
0.968714
0.74112725
0.98136324
0.9545826
0.9193595
1.0
0.8993181
1.0
0.7164006
0.987461
0.96216536
0.9011031
0.99826163
0.9034026
0.9185536
0.99042845
0.9511521
0.9043807
0.8831202
0.9851804
0.99722683
1.0
0.9169854
0.8508916
0.98609674
0.96712923
0.7266233
0.8162702
0.9103389
0.71343476
0.69149804
0.96315587
0.89032364
0.9544376
0.92171854
0.97509843
0.6796975
0.92570686
0.94516754
0.8035071
0.8692598
0.9326465
0.9795591
0.9643165
1.0000001
0.82451934
0.7354221
0.86504644
0.9224933
0.9800743
0.9742117
0.99588376
0.96662515
0.8919498
0.9745175
0.7331149
0.9327607
0.99999994
0.8670659
0.99894774
0.97569335
0.98879945
0.9645996
0.9864907
0.94948566
0.96687996
0.8974718
0.37618032
0.99648726
0.99292856
0.9423598
0.9131021
0.9646971
0.85313404
1.0
0.7336818
0.9370357
0.9664429
0.94952524
0.86779326
0.99999994
0.6877323
0.9173666
0.90475446
0.8661291
0.9864207
0.9769105
0.9268427
0.6826332
0.9754255
0.7612769
0.9795526
0.9723456
0.9743099
1.0
0.9358262
0.95296615
0.97071534
0.98524296
0.9997426
0.96254003
0.9257857
0.76203334
0.96473444
0.9602357
0.9957535
0.6818656
0.9689134
0.99648505
0.9719973
0.9021256
0.9899124
0.95375794
0.91128975
0.7196523
0.98992485
1.0
1.0000001
0.572703
0.98151255
0.9021068
0.9903929
0.8896506
0.92999214
0.9576669
0.98026776
0.9790286
0.9794801
0.99999994
0.89807457
0.7854399
0.9652295
0.6906898
0.888452
0.9358343
0.9739113
0.99999994
0.9256037
0.92026496
0.95624954
0.88582563
0.91034275
0.999825
0.831545
0.94209015
0.9709522
0.9940438
0.76557064
0.9999999
0.96621567
0.9086506
0.9771608
0.9525437
0.89059985
0.8687362
0.9731014
0.88237906
0.962011
0.9071985
0.981478
0.15846448
0.9988961
0.9747204
1.0
0.9718063
0.9298704
0.81901115
0.91892296
0.9358048
0.85615456
0.7735302
0.9719552
0.95821023
0.8453916
0.9582795
0.9653239
0.9557843
0.9898244
0.9840577
0.9831799
0.97088265
0.952037
0.9998045
0.9646883
0.76388407
0.9408742
0.97422075
0.9395752
0.7813868
0.9629443
0.96121573
0.88812363
0.9306058
1.0000001
0.98861474
0.9624406
0.94802636
0.9996156
0.98938614
0.91406375
0.74206054
0.99017483
1.0
0.8070708
0.9727016
0.973306
0.9781705
0.7864276
0.95648694
0.97584915
0.9435645
0.99062246
0.89666766
0.9471944
0.9616568
0.99390775
0.997913
0.98470145
0.9880562
0.89873564
0.8469289
0.84726197
0.7884568
0.853912
0.9990013
0.8554096
0.8841566
0.99386376
0.9725794
0.8646191
0.98464787
0.978781
0.93224585
0.9673804
0.97016114
0.9937797
0.9477535
0.9676212
0.89903456
0.8472757
0.9510248
0.88896734
0.9430046
0.9128666
0.9999999
0.9758556
0.99942076
0.9992086
0.9130505
0.9932078
0.96772254
0.86044204
0.88820636
0.8991383
0.94468874
0.59565765
0.76083386
0.87421983
0.78575724
0.93138313
0.98614866
0.9706614
0.9752854
0.6107687
0.9420594
0.88017213
0.99919033
0.85266596
0.8520263
0.9451009
0.96613365
0.9993007
0.8186751
0.9845731
0.85680187
0.9849207
1.0000002
0.9568928
0.6481837
0.96431524
0.78400785
1.0
0.78979653
0.6400822
0.9619261
0.99952257
0.87804615
1.0
0.98316276
0.98001635
0.8981893
0.9319829
0.95921934
0.9624335
0.91610897
0.90861285
0.97845507
0.94389784
0.8175836
0.99929225
0.809539
0.9779655
0.99758506
0.77420163
0.9384645
0.8829948
0.9933366
0.96957344
0.9482977
0.968621
0.8923631
1.0
0.88951355
0.81379986
0.9347632
1.0
0.8684658
0.9532893
0.7536137
0.93265855
0.9834438
0.92072976
0.7684595
0.9662776
0.83407366
0.95303607
0.91452837
0.9698753
0.990045
0.95232344
0.9544594
0.87111074
0.96453726
0.9999999
0.9991052
0.8630309
0.98773164
0.959936
0.99999976
0.99351865
1.0
0.50842726
0.7681515
0.9310124
0.8702899
0.98832077
0.96672946
0.99999994
1.0000001
0.85473627
0.9390991
0.8539287
0.9723851
0.89021206
0.96344924
0.9994963
0.9216813
0.9280576
0.8924866
1.0
0.9836356
0.6088628
0.7196568
0.9265908
0.8024127
0.98232305
0.7973905
0.84787387
0.94084024
0.9308825
0.5797754
0.7057902
0.84408754
0.72236484
0.92607623
0.8390228
0.7499865
0.99733514
0.92697453
0.9781568
0.9762575
0.8449613
0.7751523
1.0
0.89482224
0.98965865
0.9995265
1.0
0.866833
0.9914578
0.59322643
0.7965888
0.98667413
0.96040523
0.9246805
0.91109025
0.98426366
0.9985165
0.75374883
0.98072404
0.9453142
0.97152185
0.9987729
0.9901896
0.92635834
0.9928337
0.93020725
1.0
0.88698316
0.9999999
0.85430086
0.9084603
0.9556928
0.99999994
0.8546741
0.83157134
0.9974904
0.9889855
0.99340576
0.9909524
0.84101593
0.9397269
0.97917247
0.95802194
0.9809007
0.76261675
0.9111277
0.9914428
0.785089
0.81484836
0.86715233
0.999326
0.9611623
0.9391644
0.9616086
0.9800505
0.90326846
0.7257653
0.92919475
0.9723229
0.6700494
0.9930703
0.90059197
0.99766654
0.843891
1.0
0.9610876
0.98704463
0.8701892
0.99149096
0.89508045
0.7771092
0.8125188
0.9919971
0.95161176
0.5802914
0.8257756
0.71934825
0.9402914
0.9329417
0.9766477
0.8831456
0.99375415
0.921527
0.971706
0.8453124
0.99619544
0.92095506
0.9719967
0.90919954
0.93852603
0.9837619
0.99999994
0.73953974
0.9843683
0.9197839
0.7238795
0.99114937
0.9878484
0.9135939
0.8255123
0.9334338
0.5741683
0.9969365
0.9411242
0.85630584
0.89279187
0.98465925
0.7961662
0.87547797
0.95770663
0.6420584
0.9531593
0.8653876
0.8469102
0.86924803
0.8529188
1.0000001
0.99579513
0.9744208
0.9917538
0.8163288
0.9391159
0.9959127
0.7692191
0.9779295
0.992487
0.884971
0.97938687
0.9776097
0.90385807
1.0
0.8011506
0.9053997
0.9944873
0.99794894
1.0000001
0.9054045
0.9024069
0.8315526
0.91065055
0.9966837
0.9638558
0.9819008
0.84239733
0.985772
0.9126501
0.920046
0.97621465
0.84571105
0.98136103
0.881332
0.8857443
0.8197783
0.9982785
0.97570074
0.97300225
0.9077859
0.9999999
0.9279585
0.95313245
0.7649276
0.94008243
0.7667805
0.9717992
0.94438326
0.99668574
0.9551737
0.9151945
1.0000001
0.9322888
0.999702
0.81656706
0.9730635
0.88594663
0.9816092
0.7869514
0.79549956
0.8911193
0.90320885
0.8503634
0.938798
0.96445894
0.9860133
0.80179507
0.89377725
0.94772065
0.8229034
0.976603
0.9110729
0.97468895
0.9099033
0.99213433
0.9340723
0.93997145
0.743228
0.96610314
0.99145734
0.8704475
0.84011567
0.99515873
0.9685166
0.9432322
0.93130136
0.98811316
0.9242655
0.9900074
0.9666072
0.9874141
1.0000001
0.99260086
0.8906193
1.0000001
0.9929798
0.9430144
0.9924361
0.92038876
0.96956164
1.0000002
0.9082204
0.99999994
0.9373356
0.94053495
0.8864968
0.9200547
0.8626315
0.94930184
0.9096944
0.99539495
0.9912996
0.9677261
0.97429156
0.94285816
0.8723882
0.9900842
0.82780993
0.96287405
0.9597908
0.9478647
0.9302893
0.8800358
0.978894
0.9794127
0.9506277
0.9600534
0.9104651
0.88201547
0.9337687
0.9881923
0.8690102
0.88670504
0.98335284
0.8674739
0.98169357
0.9431485
0.9849955
0.97397184
0.5453935
0.98455393
0.9139613
0.88987696
0.84782255
0.9482217
0.8828821
0.9081197
0.7616469
0.7326903
0.8114141
0.9140798
0.95136744
0.9866866
0.58453083
0.9831897
0.9115395
0.8465669
0.9801092
0.9211163
0.9554098
0.99397737
0.90020454
0.89390194
0.9753921
0.9235377
0.91014636
1.0000001
0.9679881
0.9731219
0.969339
0.9675131
1.0
0.9953172
0.9810158
0.96753645
0.9724108
0.89774114
0.99999994
0.9056958
0.9410714
0.7794113
0.99671876
0.87486804
0.77920437
0.8665925
0.89894545
0.7213506
0.9530978
0.9310394
0.92767894
0.94648445
0.88989997
0.91233164
0.94884336
0.990203
0.92563325
0.9999999
0.9422904
0.68759334
0.8447613
0.9327342
0.9315803
0.8767946
1.0
0.92042613
0.8994951
0.9792545
0.9663252
0.99884903
0.91031575
0.9834751
0.8745502
0.9773356
0.9225575
0.9825778
0.9464598
0.977674
0.9576414
0.92634654
0.55671644
0.98099196
0.92427874
0.8567721
0.98410875
0.99712396
0.8132088
0.78732985
0.9947099
0.8543401
0.9924212
1.0
0.8751468
0.854509
0.8015062
0.7906114
0.96228135
0.8990148
0.9922359
0.8984515
0.9656557
0.80595315
0.863222
0.9964001
1.0000001
0.84586895
0.88315266
0.7587246
0.9996253
0.78771216
0.9576123
0.77587736
0.978138
0.98891795
0.80240417
0.98986244
0.78817916
0.99414295
0.94037116
0.96824
0.9205358
0.9733312
0.7437117
0.9907087
0.9605037
0.8288697
0.95962536
0.97785443
0.95882094
0.9030956
0.9567459
0.97502065
1.0
1.0000001
0.81469744
0.99685925
0.9745263
0.9850113
0.79084045
0.88716215
0.8966489
0.8858106
0.8471484
0.9500861
0.88162124
0.79492134
0.9991932
0.99692
0.9511808
0.88701797
0.9871332
0.9339392
0.9754014
0.81659317
0.9779777
0.9193563
0.9748062
0.87350595
0.9824408
0.94904816
0.93492866
0.9926159
0.9598362
0.9385272
0.92163056
0.9618797
0.8924543
0.9486321
0.9530254
0.8306976
0.93454534
0.9994693
1.0000001
0.95556617
0.91848075
0.9706828
0.8708539
0.8624315
0.9640232
0.8341067
0.9759768
0.7847828
0.9995714
0.78950936
0.6944345
0.884544
0.9615666
0.9241176
0.9174719
0.9540779
0.94201463
0.8686546
0.958183
0.92654413
0.9377204
0.8602578
0.9917841
0.9915214
0.85447526
1.0000001
0.8038509
0.72891533
0.91760856
0.9735374
0.9797445
0.91702366
0.75902677
0.9868796
0.97365034
0.99564207
0.9112058
0.89318293
0.9495549
0.7569729
0.9999999
0.99751395
0.9097425
0.96387374
0.8035485
0.89809424
0.9304495
0.9999999
0.9438958
0.9478202
0.87649
1.0000001
0.7593949
0.98783463
0.99806017
0.89099914
0.98947936
0.9986944
0.9505436
0.8322123
0.9903642
0.88208175
0.9662532
0.9999999
0.81491184
0.9603559
0.8992464
0.9428036
0.85653746
0.94386065
0.9335858
0.9575395
0.95790505
0.957676
0.9450716
0.6921829
0.97726065
0.8302455
0.9011611
0.94709915
0.93993145
1.0000001
0.84334433
0.95851433
0.6885947
0.9995147
0.8923065
0.9159123
0.9225769
0.9268321
0.910111
0.9910771
0.8169954
0.9304745
0.97249705
0.99999994
0.935872
0.93251526
0.9807721
0.8710354
0.9430675
0.99999994
0.9384359
0.9590632
0.9990893
0.9832263
0.91421515
0.8543514
0.9442031
0.66220415
0.8826224
0.9649373
0.9902072
0.9232572
0.8960928
0.917816
0.9248941
0.7318791
0.8721401
0.9366776
0.96190274
0.97030777
0.8925045
0.8247949
0.88093317
0.88454264
0.9920485
0.92485315
0.9762869
0.985982
0.8947022
0.9986855
0.9789495
0.79630625
0.8723829
0.99695057
0.9341826
0.9331613
0.9799586
0.93021363
0.9070623
0.98543113
0.93732095
0.95048064
0.9868772
0.95368165
0.8941239
0.9931597
0.9509351
0.9753387
0.89944327
0.7223221
0.9898319
0.94307643
0.755073
0.9980823
0.9211537
0.86905617
0.98261344
0.87232435
0.8650669
0.8453191
0.96342194
0.854442
0.97358906
0.9023601
0.92586476
0.8936651
0.8599636
0.9879171
0.75309277
0.9378517
0.8587794
0.9024076
0.99579346
0.8324565
0.9258768
1.0
0.9138329
0.9771421
0.91625285
0.94232655
0.95323837
0.65367186
0.8320312
0.80142593
0.96569765
0.9624926
0.9425376
0.99380076
0.97356844
0.898874
0.9901102
0.900254
0.7773293
0.8125314
0.7767888
0.8972751
0.91694176
0.9872173
0.9825759
0.99041665
0.81066954
1.0
0.99001485
0.99927694
0.8790653
0.8903041
0.9705316
0.87730825
0.96728206
0.86869824
0.8630461
1.0000001
0.9898975
0.9999999
0.9059274
0.9364653
0.9921812
0.98838574
0.75974303
0.7924601
0.9598267
0.9618987
0.97779566
0.8021589
0.9640047
0.8720156
0.9735354
0.858916
0.9306545
0.928171
0.9294072
0.8976583
0.85829496
0.86030084
0.9583022
0.709512
0.9584893
0.989077
0.9557774
0.93865037
0.9806617
0.9999999
0.9899293
0.97972876
0.9999999
0.9945698
0.9766276
0.9620563
0.8168855
0.90800387
0.83932596
0.99633574
0.9539941
0.9870771
0.9697774
0.9066797
0.83355534
0.9183354
0.9219098
0.89156127
0.86396706
0.5451649
0.97702724
1.0
0.8090604
0.9081404
0.9996042
0.9999998
0.9306563
0.8567656
0.95519507
0.90162957
0.9739479
1.0
0.792084
0.97762984
0.8492749
0.9209368
0.920984
0.9256521
0.9917244
0.9830935
0.9831428
0.87619865
1.0000001
0.906976
0.96233547
0.54254365
0.933622
0.9453062
0.9697127
0.9661412
0.912413
0.94889313
0.9835034
0.906507
0.9210431
0.89555365
0.9182074
1.0
0.9850788
0.94876164
0.92637086
0.9852571
0.93357366
0.884331
0.9964241
0.99999994
0.91119176
1.0
0.9372654
0.9835835
0.9619558
0.89521533
0.9840597
0.9266061
0.9999999
0.7258592
0.96671
0.9949522
0.91508377
0.7088302
0.8730237
0.7801497
0.9990036
0.88140893
0.8624715
0.9429205
0.8920756
0.8573611
0.9912867
0.98840785
0.87057674
0.87937087
0.8395956
0.7368046
0.9393102
0.7409806
0.91940385
0.98353356
0.9883523
0.97535515
0.92244804
0.8722146
0.9317572
1.0
0.855266
0.9672926
0.9639581
0.905718
0.9999999
0.9258306
0.9777657
0.97248745
0.70040596
0.64430535
0.9349847
0.5559163
0.8817902
0.9929388
0.9831638
0.94505346
1.0000001
0.9914968
0.98695993
0.9540858
0.76573855
0.94334596
0.85838157
0.903029
0.9253228
0.93209684
0.920905
0.83341324
0.9678126
0.8711195
0.9666605
0.9897995
0.9680842
0.8335384
0.9458313
0.994263
0.9843674
0.8327846
0.9581573
0.57692426
0.94387436
0.9731972
0.8844077
0.9611288
0.93593633
1.0
0.88591653
0.76629305
0.66790855
0.9587325
0.9830661
0.9884335
0.972673
0.9335157
0.92200154
1.0000001
0.631123
0.94986767
0.93201226
0.8587675
0.9509805
0.9811846
0.99763846
0.98502326
0.9845554
0.9587691
0.89801383
0.9903518
0.93729615
0.9022324
0.82280916
0.94322944
0.9909201
0.8738859
0.97691
1.0
0.94555575
0.9368573
0.98704904
0.99874896
0.84083736
0.99999994
0.9833208
0.8438929
0.7783655
0.9372502
0.94041187
0.96664274
0.9157197
0.99400836
0.81894857
0.9851378
0.9840306
0.9048489
0.95315146
0.94715714
0.97071487
0.8678399
0.92761993
0.9857398
0.796586
0.9808988
0.9900282
0.8561471
0.9749749
0.8297851
0.97684467
0.9649349
0.92576814
0.989206
0.6254961
0.95796144
0.99642
0.8725972
0.98706514
0.58578897
0.88756025
0.9953059
0.9937547
0.9485962
0.9147863
0.99449044
0.9681388
0.7119355
0.87418795
0.9896577
0.9011214
0.94880354
0.94385445
0.8785218
0.87322986
0.8170455
0.98460895
0.8703904
0.9590749
0.91466343
0.5133323
0.801582
0.95286584
0.9283186
0.9092157
0.92696255
0.95114285
0.98377115
0.9352253
0.99076307
0.93973756
0.9533584
0.75352544
0.9999999
0.6794585
0.9621599
0.9292826
0.94675916
0.97009
0.7719656
0.8402799
0.93264294
0.9335854
0.84349936
0.92342544
0.9906928
0.9697029
0.8035528
0.8487971
0.8942477
0.91783977
0.8448594
0.9600761
0.9509647
0.9198679
0.9400564
0.92985666
0.85581726
0.92828226
0.9934133
0.8869411
0.89621496
0.96060234
0.84714365
0.7857775
0.82552356
0.9839651
0.98291504
0.9911952
0.93499166
0.9293461
0.9996121
0.8159316
0.8083103
0.9395701
0.99207133
0.987993
0.9203031
0.88797903
0.75656176
0.9868889
0.80270106
0.7708594
1.0000001
0.98065984
0.9759598
0.85283303
0.84166735
0.9880913
0.88563204
0.9449323
0.9584149
0.866121
1.0
0.98749876
0.9708967
0.9881085
0.9711108
0.9956353
0.9368844
0.94540256
0.9225559
0.97624975
0.9895256
0.9817264
0.98884034
0.9943325
0.87432075
0.9884247
0.91847247
0.9675859
0.95712286
0.9437213
0.9999999
0.88982785
0.6988364
0.8899777
0.94703674
0.9477556
0.96337754
0.9773796
0.8873225
0.9236164
0.7121887
0.7020527
0.9850726
0.8680991
0.87137854
0.84677947
0.8949474
0.9107903
0.9929864
0.9650458
0.95505184
0.94784915
0.98054516
0.90255547
0.9954338
0.9495993
1.0000001
0.8597801
0.96261346
0.9875165
0.9535046
0.9842825
0.964375
0.9391248
0.88351786
0.8929196
0.9794245
0.97529894
0.9899625
0.95183855
0.8197088
0.90948814
0.99925303
0.98375684
0.8863393
0.95698875
0.95783746
0.99132866
0.84714025
0.8972648
0.94182336
0.97558177
0.920596
1.0
0.9523471
0.9995067
0.7990559
0.89828306
0.99999976
0.95009255
0.99999994
0.995803
0.8807358
0.92282754
0.89435357
0.9888072
0.97735256
0.8937195
0.9371171
0.8599419
0.8152566
1.0000001
0.9212238
0.97020036
0.93561983
0.99437517
1.0000001
0.97397786
0.866043
0.9764024
0.99999994
0.86512494
0.98781085
0.8737258
0.83618265
0.9395424
0.99999994
0.97049844
0.8574895
0.831941
0.9701384
0.98581207
0.99999994
0.9271313
0.9561317
0.94714963
0.8576013
0.9536905
0.82751936
0.95630276
0.9999999
0.963373
0.9450864
0.8048689
0.6793757
0.88617057
0.93389666
0.92979795
0.43631262
0.88878274
0.962934
0.9242544
0.9319934
0.9796704
0.9251176
0.9836373
0.90129054
0.90640116
0.9999999
0.92717654
0.934713
0.98518705
1.0
0.81169957
0.9179352
0.8531756
0.8009795
0.99999994
0.99233186
0.9842051
0.9537298
0.90077496
0.98413485
0.9667303
0.9968145
0.94501776
0.99923974
0.8804847
0.8776283
0.9805581
0.9993875
0.9527355
1.0
0.8368076
0.89838606
0.9995803
0.9171778
0.9755435
0.8503671
0.98737234
0.9797233
0.94615155
1.0
0.97849804
1.0
1.0
0.8713462
0.99999994
0.9297706
0.8648135
0.947962
0.87681663
0.9709208
0.9909203
0.7701804
0.9005486
1.0
0.9703563
0.99999994
0.9453963
0.816007
0.98319256
1.0
0.94658184
0.9730548
0.92936337
0.9543828
0.97866833
0.9773345
1.0
0.6977454
0.88004196
0.9435458
0.94883347
0.8847227
0.8981184
0.8655635
0.92103493
0.9616116
1.0
0.9783759
0.73849136
0.76115
0.9732591
0.99999994
0.975137
0.95941585
0.99939185
0.68083084
0.98331046
0.9909207
0.90565586
0.98445606
0.8455468
0.91796964
0.9293675
0.9559983
0.9682495
0.88274336
0.9608874
0.83468014
0.89938
0.9715605
0.94933957
0.9793346
0.8600811
0.8209478
0.96869683
0.7827445
0.93024737
1.0
0.9504929
0.9880545
0.9711566
0.97486305
0.95923764
0.9949222
0.9283274
0.9587791
0.86318487
0.94246185
0.5849298
0.9607974
0.9579426
0.7309175
0.8668465
0.7356086
0.99002385
0.9075606
0.73356926
1.0
0.98634243
0.96146035
0.99605834
0.97708714
0.98957723
0.89453167
0.98452646
0.95363945
0.90396357
0.7862644
0.7802056
0.9967908
0.9693876
0.9896181
0.94791216
0.8357999
0.9681903
0.9853764
0.9499576
0.93927443
0.8610481
0.9867724
0.99999994
0.988993
0.96356106
0.91463464
0.8634288
0.9865262
0.9464545
0.89238995
0.91682476
0.8666668
0.8136082
1.0000001
0.7816686
0.9750372
0.96600497
0.95356894
0.81353426
0.99192613
0.90482724
0.9111078
0.9806738
0.964411
0.97145945
0.9359774
0.94166595
0.98292303
0.9235153
0.88111645
0.94982016
0.90160185
0.8868607
0.9090344
0.99904287
0.988118
0.98356634
0.9991541
0.9811605
0.99854094
1.0
0.75392115
0.970311
0.9362798
0.9695782
0.8530163
0.8262483
0.9194946
0.92702985
0.8441107
0.92776835
0.93655753
0.9367784
0.8117858
0.958099
0.9951904
0.9767885
0.8419866
0.75211227
0.9963197
0.8509146
0.9084575
0.85985017
0.98433197
0.9277648
0.9531443
1.0000002
0.9908748
0.93707407
0.9703662
0.98454154
1.0
0.8105187
0.9991959
1.0
0.8736932
0.9539005
0.9999999
0.9070174
0.9035178
0.9997785
0.92634106
0.9396471
0.9671427
0.9589582
0.9359356
0.9744179
0.70690614
0.98573637
0.9966736
0.9676771
0.9971462
0.9740133
0.9980863
0.9907799
0.7251663
0.9951122
0.7857656
0.99474823
0.8738874
0.95201445
0.97500324
0.87697184
0.9332915
0.65294886
0.6536053
0.8288299
0.9788147
0.79792416
0.9409476
0.7702132
0.9892091
0.9299984
0.9479502
0.9604712
0.99399644
0.9682423
0.4830283
0.7583702
0.9478185
0.9680755
0.992922
0.9860643
0.9353389
0.95151865
0.9954875
0.95307267
0.8218895
0.99906635
0.98655117
0.9930668
0.88272166
0.9109565
0.85337085
0.97004825
0.9486747
0.92570114
0.9759589
0.79373705
0.91057193
0.8332003
0.951952
0.85925186
0.75939345
0.9919888
0.67509264
0.82993376
0.81223243
0.9767796
0.9901006
0.9526836
0.9398948
0.8919045
0.96758443
0.8899384
0.97843903
0.87911755
0.9451232
0.9916808
0.9330632
0.8276343
0.96874475
0.8663775
0.9486406
0.7739456
0.94656265
0.6863004
1.0000001
0.9296943
0.9734421
0.8854809
0.9528393
0.9385061
0.8873533
0.8374957
0.9243355
0.67126966
0.8597916
0.95492053
0.960891
0.97882646
0.77039003
0.963206
0.88290226
0.95451355
0.9728256
0.90278304
0.95057786
0.94084233
0.9985056
0.9786581
1.0
0.80283886
0.96757215
0.9950107
0.81927216
0.9616071
0.7242936
0.98976237
0.8781013
0.9692006
0.9889333
0.854398
0.9000261
0.9991558
0.97660524
0.95384115
0.94437593
0.9205564
0.94975805
0.94696033
0.93861234
0.9267046
0.96621746
0.97173
0.9760922
0.6980525
0.96181804
0.7627679
0.97863054
0.96306324
0.98272955
0.87620825
0.994632
0.97313076
0.78963345
0.7050726
1.0
1.0
0.93934566
0.990968
0.87994623
0.8707478
1.0
0.958001
0.79278046
0.9147796
0.9402953
0.9628352
1.0
0.873816
0.90446186
0.9296127
0.98416054
0.9955498
0.75380296
0.9261235
0.9986065
0.8787017
0.95666564
0.9329154
0.93328685
0.9203985
0.7788204
0.99766225
1.0
0.9686823
0.9362619
0.99106586
0.9071369
0.8742693
0.89902043
0.9634825
0.5517894
0.93507457
0.9707591
0.9598945
0.896366
0.9530256
0.87209624
0.98984116
0.95935833
0.9077492
0.8080969
0.9722522
0.9853567
0.95826995
0.8229743
0.9220452
0.86812824
0.9764704
0.98867244
0.9311782
0.9289645
0.9143623
0.8309447
0.97989273
0.86268926
0.56158507
0.997743
0.9940279
1.0
0.99808806
0.9714612
0.8329407
0.94263095
0.98702085
0.95511687
0.8480187
0.9735912
0.9428513
0.8601244
0.94780296
0.87652797
0.9865421
0.9992241
0.98773694
0.9151315
0.8635839
0.8877151
0.45457682
0.9935617
0.83079916
0.92991686
0.94253844
0.9234479
0.9225544
0.98234785
0.9787675
0.99043584
0.952121
0.681417
0.8288938
0.89411104
0.83861667
0.99280775
0.85500866
1.0
0.99309874
0.89703315
0.94800025
0.8889463
0.9104061
0.9481803
0.85964483
0.97192866
0.9471758
0.9796117
0.9775418
0.9952302
0.7597706
0.9562434
0.85678583
0.9992109
0.6988627
0.8398267
0.86441493
0.9048121
0.9675261
0.95522445
0.9505156
0.96621656
0.99591136
0.8562112
0.9781742
0.78661674
0.99642885
0.9626489
0.99521375
0.8620897
0.9973486
0.97592354
0.89265203
0.9757335
0.9560518
0.86327875
0.9846227
0.8135969
0.87434864
0.8964946
0.9708732
0.94755876
1.0
0.9571848
0.91151375
0.9981398
0.9433993
0.98998517
0.9880092
1.0000002
0.9497393
0.8873857
0.7521106
0.98582405
0.90039176
0.97056884
0.78834593
0.9385283
0.98623693
0.91279006
0.84030825
0.9728758
0.8308009
0.9941678
0.9622821
0.9545732
0.99657786
0.98974663
0.92464364
0.9780204
0.9576774
0.9912311
0.83446765
0.916947
0.9780096
0.8706929
0.9799048
0.99705994
1.0
0.96684444
0.9311194
0.92218864
0.9314707
0.9145236
0.8661722
0.96394646
0.9626475
0.9886611
0.9209321
0.9201572
0.99254453
0.8002542
0.9977919
0.6794624
0.9950208
0.95958054
0.90229815
0.9847586
0.9243708
0.9999998
0.9001904
0.98216325
0.9036443
0.9087255
1.0
0.8617593
0.85752463
0.94918007
0.978655
0.9913582
0.85459244
0.91609657
0.8733299
0.8931863
0.7405157
0.9902084
0.98577464
0.90121746
0.57149625
0.7973727
0.977365
0.9887425
0.9842346
0.983529
0.86654866
0.96798456
0.98240083
0.9997267
0.9950213
0.8787262
0.84155416
1.0
0.9714664
0.80143505
0.9859557
0.86883914
0.9548067
0.94683146
0.9848769
0.97099197
1.0
1.0
0.8656952
0.7776767
0.9981684
0.8725856
0.999854
0.9796684
0.87590563
0.9894838
0.9883566
0.8567759
0.7919132
1.0000001
0.97934854
0.8210743
0.96945935
0.9405351
0.9773077
0.9833332
0.9568503
0.8774916
0.79237556
1.0
0.90404016
0.95908576
0.93385583
0.9996281
0.9674118
1.0
0.9946826
0.7913065
1.0
0.8838473
0.70337504
1.0000001
0.9992306
1.0
0.9303146
0.9644705
0.90183693
0.97231686
0.7697495
0.92408866
0.9294522
0.32752055
0.758645
0.9953177
0.99999994
0.9906837
0.9785372
0.85559464
0.9518131
0.9710931
0.8250731
0.9733808
0.98703456
0.9928539
0.9460152
0.8627781
0.948118
1.0000001
0.9816731
0.52183807
0.9876096
0.928012
0.9015373
0.9400542
0.9959375
0.93846655
0.83754915
0.9595162
0.8968664
0.97157764
1.0
0.8907291
0.9517996
0.95704675
0.9970766
0.9944128
0.98115253
0.9999999
0.9740329
0.9861717
0.9713892
0.9488796
0.91466606
0.9946227
0.7719831
0.872049
0.8319375
0.8154347
0.9129166
0.9619016
0.9728893
0.82695186
0.92552924
0.89673513
0.98415136
0.95249844
0.9961686
0.9999999
0.8404153
0.8836136
0.8695618
0.83080095
0.7690822
0.960079
0.949957
0.9216529
0.91561604
0.98142
0.75162613
0.9989624
0.9479381
0.9678861
0.9856304
0.96071386
0.9637486
0.9860685
0.9913926
0.9990654
0.74937147
0.89280164
0.7814049
0.9906736
0.99604076
0.81701905
0.9955094
0.9930723
0.8742045
0.91871464
0.87770426
0.801445
0.9857943
0.97486687
0.9828637
0.91116196
0.9835177
0.9517718
0.9352351
0.93631417
0.997238
0.8719722
0.9925562
0.8329407
0.9407463
0.88455427
0.9443115
0.9311263
0.9527695
0.91700083
0.76441866
0.9928123
0.71708894
0.9813725
0.96156895
0.9820295
0.8256113
0.6973763
0.9818237
0.8502657
0.95001554
0.98049915
0.9666976
0.9609394
0.92884207
0.8760805
0.96519935
0.9083735
0.9905253
0.8830623
0.9896363
0.9670156
0.9575903
0.7917378
0.99121505
0.6158143
0.8448198
0.96341175
0.9267416
0.89161265
0.9464201
1.0000001
0.953816
0.96436155
0.9591737
0.98608553
0.86276925
0.8092295
0.8660618
0.961496
0.95122516
0.8490309
1.0
0.974226
0.97994876
0.816785
0.8888973
0.9259186
0.8345536
0.9320213
0.9218006
0.96493274
0.99835324
0.9483918
0.7685629
0.87518936
0.99908435
0.95784444
0.96491104
0.98432916
0.9837557
0.9968683
0.6099847
0.7800008
0.9674901
0.9825347
0.98946136
0.9187429
0.98269176
0.86363804
0.9295086
0.99237853
0.9991559
0.88289344
1.0
0.9736877
0.88529193
0.9934578
0.93847793
0.83531255
0.9800044
0.99461484
0.9892221
0.9996551
0.966984
0.99999994
0.9718233
0.9500458
0.91224045
0.9717755
0.96663433
0.8832662
0.84250623
0.85363984
1.0
0.9454534
0.85876095
0.88864255
0.91443676
0.81627715
0.9387908
0.89143693
0.92041874
0.89425117
0.92386
0.9511123
0.970157
1.0
0.8770045
0.8971243
0.9696037
0.8419279
0.80823743
0.9987587
0.9987768
0.967541
0.88812405
0.93470335
0.9999999
0.84371203
0.9876383
0.9458379
0.9368171
0.9445292
0.95471394
0.9999999
0.8990871
0.806856
0.9241586
0.9060969
0.98245484
0.7725395
0.9641355
0.99860233
0.89244
0.95321923
0.9787365
0.89886034
0.8867844
0.879599
0.8666463
0.9755368
0.98955846
0.6852228
0.987177
0.9417549
0.99699193
0.91878825
0.9756146
1.0
0.9280793
0.62041867
0.9263392
0.8628714
0.87291723
1.0
0.852286
0.9685579
0.95399517
0.9084786
0.94659233
0.5717597
0.9968113
0.66089493
0.9519851
0.7516168
0.9880052
0.6770982
0.9613098
0.96715236
0.8611723
0.9543148
0.9716713
0.9999999
0.99275064
0.87486845
0.95060784
0.9129164
0.9739495
0.8525064
0.8606538
0.9607597
0.99325746
0.9546453
0.8529363
0.97820866
0.98129165
0.8895963
0.89567107
0.82723606
0.98372406
0.94486606
0.98288655
0.9538498
0.97487694
0.9726983
0.9657631
0.97146076
0.83176106
0.6034188
0.81933194
0.867606
0.97300994
1.0000001
0.94869083
0.9397141
0.95027554
0.9165419
0.754263
1.0
0.9789615
0.982545
0.8368632
0.7964713
0.9550904
0.90062463
0.99209654
0.7987151
0.97329795
0.9119747
0.81564116
0.9485525
0.9750897
0.9402691
0.95006347
0.7982688
0.99999976
0.9419073
0.78768605
0.9395832
0.93106866
0.9910648
0.9135866
0.98917407
0.97366977
0.9810374
0.99629194
0.95090306
0.9854548
0.9512681
0.97832835
0.91857916
0.9722961
0.9745471
0.96235025
0.9439506
0.91285294
0.9889389
0.96014214
0.8989893
0.9944947
0.85632414
0.9787596
0.85596764
0.9145489
0.70023495
0.95186657
0.9782882
0.9859215
0.96300066
0.94444233
0.9692421
0.9529319
1.0
0.9974499
0.9856264
0.89814603
1.0000004
0.9848681
0.7885188
0.95250493
0.9955434
0.97274905
0.97480994
0.8755203
0.87000537
0.96270263
1.0
0.8500626
0.9001812
0.9167315
0.9238716
0.9488772
0.8390204
0.90412945
1.0000001
0.96059036
0.8375489
0.82656646
0.9582122
0.825179
0.92364556
0.9727113
0.9797008
0.99520063
0.96182483
0.9993076
1.0
0.9352944
0.96502864
0.894925
0.8889755
0.99454385
0.9640576
0.95599514
0.9995469
0.97021586
0.9715355
0.91604257
0.47061816
0.9997925
0.801862
0.88888276
0.8107902
0.90734947
0.9602577
0.9616103
0.96284115
0.999078
0.9077099
0.5804839
0.990533
0.76353663
0.8836119
0.67350173
0.96811044
0.7738026
0.9049446
0.8218245
0.9493296
0.99948525
0.9688951
0.9999998
0.9259667
0.9999999
0.5238337
0.9466938
0.9725576
0.938829
0.98628265
0.94765806
0.6008281
0.96397376
0.93473315
0.94602025
0.9512408
0.9485457
0.9369256
0.87351537
0.9850126
0.95520884
0.95220274
0.9574538
0.97111785
0.8546913
0.9012928
0.79475904
1.0000001
0.5948665
0.8629176
0.9736074
0.90657455
0.9650736
0.9378707
0.93538886
0.9421087
0.9065706
0.97448933
0.9686433
0.9759644
0.91795945
1.0
0.94205344
0.99999994
0.78619254
0.9909256
0.96254784
0.82967454
0.6540667
0.79908717
0.74023175
1.0000001
0.7266215
0.85177374
0.9487743
0.98361874
0.91091824
0.9999999
0.9997082
1.0
0.993119
0.71291405
0.96970034
0.7042881
0.94206816
0.9938036
0.9705358
0.9978203
0.9564571
0.9703199
0.885285
1.0000001
0.9472273
0.7353152
0.9382868
0.90009314
0.9284278
0.8721417
0.95017946
0.8545761
0.99160576
0.99923396
0.9807658
0.9999999
0.9700364
0.9647267
0.95792955
0.986477
0.9977679
0.9407455
0.96914804
0.9458761
1.0
0.9742304
0.94908476
0.796839
0.9585409
1.0
0.96606094
0.9130679
0.88346505
0.7198119
0.9765707
0.94932604
0.83908397
0.99925935
0.97534573
0.92250335
0.94092405
0.9820529
0.96619993
0.7701725
0.98861015
0.8962462
0.84644526
0.98183966
0.8958192
0.8383262
0.94634986
0.85456705
0.9307
0.8831127
0.938887
1.0
0.9408881
0.8636876
0.9349157
0.7783114
0.96558124
0.9999999
0.94801277
0.999626
0.97239953
0.9032671
0.9991552
0.8927371
0.6964429
0.9529307
0.84446764
1.0
0.9578506
0.96152085
0.87507284
0.9887253
0.9585896
0.970454
0.9012245
0.93792254
0.9028749
0.9674033
0.9924326
0.9884726
0.7830315
0.9332728
0.9785406
0.9728401
0.9611242
0.9996438
0.9034573
0.9156779
0.87428087
0.9269687
0.7585836
0.9043149
0.88633394
0.99093443
0.9810599
0.99771416
0.99025244
0.9864681
0.88590187
0.9316127
0.99661225
0.944834
0.9802618
0.91046697
0.9803026
0.98637867
0.9477015
0.8877933
0.93325263
0.97300303
0.95799726
0.9575301
0.9413389
0.754344
0.96015054
0.92428243
0.94932824
0.808742
0.9966216
0.74120903
0.9179492
0.87632567
0.646707
0.8670262
0.9782819
1.0
0.9730379
0.8662819
0.88895273
0.8791968
0.97521925
0.9564878
0.97281086
0.9712978
0.9872963
0.75484765
0.9754844
0.971053
0.64071447
0.9892675
0.9217191
0.8853677
0.95610005
0.99999994
0.9129361
0.9662021
0.91724396
0.8267295
0.9563274
0.85824585
0.9182604
1.0000001
0.95441896
0.58492386
0.8615675
0.43871233
0.90325224
0.9971709
0.83050144
0.9702014
1.0
0.9804989
0.93832535
0.78535795
0.91247725
0.9460963
0.84949213
0.9617037
0.98873603
1.0
0.9993092
1.0
1.0
0.9905278
0.9876666
0.986102
1.0000001
0.95321107
0.9500034
0.9035414
0.9768855
0.8045211
0.99201417
0.937783
0.9901825
0.88182354
0.9684936
0.9841442
0.96935695
0.9959389
0.9010666
0.98836696
0.889451
0.9763688
0.93141776
0.82165706
0.9349542
0.9544563
0.91060734
0.8728412
0.9126707
0.8483485
0.99999994
0.9684063
0.98544306
0.7682748
0.9258586
0.9337305
0.9607464
0.98438907
0.98571956
0.99522
0.72914314
0.9585447
0.8641283
0.96300226
0.977039
0.9196239
0.94588244
0.90360826
0.9312854
0.8141602
0.9275917
0.8319505
0.9420437
0.9516045
0.9144448
0.9578827
0.9050186
0.9898372
0.95805484
0.86216545
0.99274373
0.9001414
0.9927252
0.9260354
0.94446045
0.9202712
0.7274971
0.99271613
0.99383897
0.93591434
0.92052823
0.9860923
0.9996045
0.98913735
0.99929297
1.0
0.99164855
0.8048589
0.8219561
0.9613676
0.8090917
0.7893918
0.8104346
0.9992578
0.96111536
0.95375156
0.7574607
1.0
0.97382176
0.99905485
0.9829857
1.0
0.73073673
0.6792061
0.88845897
0.8965534
0.96507525
0.82425684
0.95469815
0.85440034
0.8380432
0.7462971
0.9528555
0.98234975
0.9451359
1.0000001
1.0
0.9033021
0.98960257
0.96012396
0.98745054
0.90478975
0.87514985
0.8275533
0.7964665
0.98223424
0.836839
0.74294806
0.8732698
0.9755139
0.76018345
0.9658608
0.9608016
0.99327683
0.65222
0.9999999
0.7860519
0.7355071
0.817276
0.97823006
0.9867079
0.97740865
0.90316284
0.89029014
0.9999999
0.9785197
0.77710044
0.9605055
0.97383446
0.90864336
0.99115825
0.8862382
0.99522847
0.9929459
0.94152415
0.98349816
0.9352608
0.5458467
0.9860822
0.8991051
0.8323199
0.79646194
0.7381822
1.0
0.8031328
0.9744006
0.9512343
0.94405705
0.968141
0.9948756
0.7644488
0.97343916
0.91493565
0.9142995
0.9412224
0.74198353
0.81141794
0.85876894
0.9285017
0.9638702
1.0
0.9241361
0.96646076
0.9957195
0.972155
0.7155614
0.92823726
0.9818116
0.98754334
0.98676074
0.99526453
0.9926421
0.91266495
0.9944303
0.95113003
0.8537768
0.83663875
0.8828319
0.94075143
0.99534345
0.93811166
0.98164135
0.9743791
0.9070671
0.98436135
0.95561206
0.93257064
0.9424423
0.9641904
0.9059129
0.9339096
1.0
0.99188447
0.8698866
0.67662907
0.7488082
0.9893882
0.99678254
0.9808847
0.8921384
0.99790275
0.9386316
0.9869497
0.9769701
0.9425646
1.0000001
0.98747706
0.9543507
0.80379164
1.0
0.74774873
0.8585234
0.8687382
0.95499724
0.78090525
0.85188085
0.9570739
0.9821768
0.9351414
0.9927491
0.88857704
0.99999994
0.9037962
0.9999999
0.94429696
0.85807234
0.89236635
0.95745754
0.9791397
0.900145
0.94264835
0.97241634
0.9989786
0.9768808
0.9194094
0.9852878
0.9253943
0.944636
0.86946356
0.8800602
0.9846572
0.8738294
0.95116735
0.9522744
0.93644285
0.90596306
0.9894791
0.92361164
0.98227245
0.8975931
0.9862777
0.9731167
0.8695543
0.94006574
0.9702523
0.79196674
0.99069077
0.6557564
0.96615857
0.97773015
0.98173094
0.95611805
0.9533421
0.97790426
0.9778217
0.98335457
0.9021827
0.9915616
0.79419
0.6660849
0.83619595
0.6399417
0.9427769
0.9671141
0.9144071
0.8796849
0.9188743
0.9876893
0.8455142
0.85558987
0.8156509
0.822128
0.92645174
0.8826313
0.9080679
0.80886036
0.8574218
0.7399978
0.7803557
0.9351458
0.68097764
0.90027565
0.911311
1.0
0.94301635
0.99861735
0.91859025
0.74925494
0.8601589
0.9219074
0.9397668
0.9999998
0.97981644
0.8519393
0.6606555
0.87038976
0.9672992
0.9318164
0.9151335
0.97852486
0.99465847
0.85281414
0.91782784
0.9670508
0.533167
0.99590135
0.9033561
0.70439273
0.96393704
0.8637853
0.9158138
0.9727205
0.8994594
0.9962941
0.8332486
0.9996021
0.9789993
0.99882984
0.7805072
0.85426676
0.98730206
0.9724974
0.9983035
0.93524826
0.99451894
0.99999994
0.9874416
0.69701314
0.88771415
0.9999999
0.96362627
1.0
0.9803971
0.7525623
0.949406
1.0000001
0.95582676
1.0
0.95660543
0.9520491
0.039516162
0.89833415
0.86624634
0.9035487
0.98278236
0.9708935
0.90814316
0.81548005
0.79622895
0.9732388
0.9247581
0.99456304
0.8504856
0.79615295
0.8830956
0.99853736
1.0
0.8969598
0.83080196
0.90976554
0.8744768
0.9667162
0.93489957
0.89681137
0.98078525
0.9558918
0.6892618
0.9688011
0.86189675
0.9807381
0.923102
0.96736807
0.9473121
0.88360643
0.7821665
0.99999994
0.96571887
0.9028427
0.98748857
0.9639437
0.87454474
0.92630327
0.98506385
0.9642028
0.9993715
0.9748914
0.9937396
0.9742557
0.9489932
0.98062
0.5554843
0.9132452
0.9273683
0.9404923
0.9118583
0.91620684
0.9461098
0.5174831
0.94702256
0.98926955
0.8981193
0.955729
0.9348751
0.8454386
0.9431
0.95908403
0.8726666
0.99429053
0.9745438
0.89482594
0.9306913
0.97256804
0.9422264
0.98192406
0.98759097
0.93096983
0.92479146
1.0
1.0
0.8921744
0.9616729
0.79025537
0.87401676
0.8250723
0.9719381
0.9818212
0.90647
0.9126797
0.6656011
0.969174
1.0
0.8083355
0.6928138
0.79707706
0.80954605
0.97677934
0.99999994
0.9677515
0.97096944
0.76416266
0.99572843
0.9431417
0.9259942
0.9865974
0.9957316
0.93602574
0.9531067
0.7902128
0.9294936
0.8635706
0.961861
0.7857427
0.9940381
0.83727074
0.9708496
0.9447795
0.9432172
0.728526
0.9972652
0.93557996
0.9477331
0.86576724
0.9475513
0.9468304
0.96600175
0.7753714
0.81442827
0.95121205
0.8974175
0.9953339
0.83155894
0.8124353
0.8974882
0.81738824
0.9421868
0.82157713
0.654881
0.9180129
0.7903365
0.8465134
0.8790794
1.0
0.99643385
0.9812528
0.851369
0.98568356
0.9401818
0.9931624
0.91922516
0.9999999
0.928975
0.95008874
0.7605391
0.98144495
0.9871572
0.99999994
0.8697962
0.9980657
0.99225354
0.9265137
0.9479675
0.9065161
0.986086
0.7927746
0.9066125
0.7408836
0.9239838
0.96634936
0.9908725
0.9349638
1.0
0.87765616
0.81869566
0.9996879
0.97731996
0.9511223
0.96628594
0.9351571
0.9388324
0.9408754
0.9345649
1.0
0.9508377
0.79372084
0.88715863
0.98683745
0.9281652
0.9885032
0.9274336
0.98494965
0.99999994
0.9218584
0.71249
0.9654519
0.99999994
0.9429447
0.74087185
0.91854024
1.0
0.8687322
0.9934164
0.981266
0.9942057
0.99575305
0.9205978
0.96183556
0.71061295
0.88161564
0.9198264
0.92769694
0.90448076
0.8643002
0.91252595
0.9859371
0.9880165
0.94148076
0.99963164
0.9998735
0.99582094
0.94926107
0.73517174
0.83080834
0.9583879
0.73942554
0.9096967
0.92385757
0.894605
0.9499022
0.8732641
0.9276972
0.99695957
0.97499436
0.8166468
0.9877725
0.97073096
0.68881226
0.9542557
0.95669174
0.9065008
0.9495686
0.9216672
0.98648405
0.9397072
0.8637542
0.8626601
0.84057486
0.94964296
0.96385276
0.96895003
0.9072687
0.8864675
0.8255608
0.9992917
0.9867597
0.93432593
0.91556096
0.90855354
0.9999999
0.8965938
0.91200906
0.88228625
0.8188927
0.9849714
0.9340303
0.9174212
0.9053509
0.92771196
0.96996915
0.8995023
0.9119098
0.94631284
0.98226213
0.91307586
0.87678534
0.77690697
0.93599665
0.98162127
0.83414465
1.0
0.98650765
0.9793405
0.7567917
0.8440041
0.9572548
0.9462146
0.81294787
0.95869976
0.78754413
0.9731626
0.97997904
0.90524006
0.82387084
0.99999994
0.9863694
0.96236545
0.99332744
0.91395074
0.64412993
0.91518116
0.73563063
0.93173224
0.99999994
0.9804785
0.90678704
0.7342752
0.9750075
0.9650951
0.8918967
0.9694554
0.9395014
0.89567083
0.8473358
0.85231334
1.0000001
0.89199865
0.9973269
0.8966968
0.98643035
0.88077754
0.9915898
0.98397744
0.9679889
0.9293539
0.97625834
0.98508674
0.5946444
0.95795256
0.8269639
0.978704
0.95346314
0.88473904
0.87871164
0.9405807
0.9535856
0.9700832
0.96665186
0.74690443
0.8454342
0.930095
1.0000001
0.9138788
0.96870005
0.9638512
0.96181124
0.93965673
0.94870615
0.8538595
0.9742967
0.97402745
0.96022946
0.9257934
0.8138547
0.99568963
0.84762996
0.97270995
0.87726533
0.90265924
0.9759783
0.89549255
0.81439656
0.9843502
0.85813653
0.9953003
0.9933773
0.8285754
0.980835
0.833717
0.7746655
0.99177694
0.99999994
0.9476342
0.9634762
0.9935136
0.7625882
0.9045035
1.0
0.8578986
0.99470854
0.92762864
1.0
0.8718211
0.78899455
0.89295363
0.9396152
0.8197831
0.9490422
0.8221809
0.9874353
0.96702623
0.8190916
0.8722619
0.6254778
0.7570267
0.8998023
0.90328145
0.9684992
0.7299476
0.9885851
0.8381027
0.784974
0.9617792
0.97557896
0.9610023
0.934369
0.97599256
0.9999998
1.0
0.9451783
0.99470896
0.92362386
0.94688344
0.8833989
0.9791537
0.9999999
0.8942252
0.9436556
0.98515415
0.88116497
0.941008
0.99999994
0.9800296
0.9081572
0.9934251
0.9431295
0.9637872
0.9231143
0.97721976
0.9904877
0.51559186
0.9205791
0.9634207
0.9674133
0.9344289
0.9955733
0.8841597
0.99131393
0.8562548
0.9392672
0.93522227
0.8075609
0.945962
0.8793805
0.87650037
0.99999994
0.8978427
0.9991559
0.6407148
0.99583256
0.9625688
0.94259924
0.977912
0.95763457
0.984002
0.8338306
0.94127697
0.9792553
0.8908334
0.9358607
0.9561978
0.78154093
0.9997883
0.9922521
0.82069165
0.91328496
0.94402933
0.95856506
0.87640977
0.9779927
0.9743731
0.9994429
0.93350923
0.80967844
0.9675858
0.91434157
0.9072254
0.96793664
0.99328053
0.9543307
0.9201299
1.0000001
0.9985062
0.9956241
0.98986614
0.9874637
0.8629288
0.9916414
0.96998334
1.0
0.98972946
0.99608845
0.76787645
0.97037935
0.90677327
0.9988117
0.9994372
0.9100312
0.83462274
0.95247453
0.8719239
0.99999994
0.95464283
0.8580546
0.90815973
0.9600612
0.8100754
0.9218016
0.9766344
0.99348956
0.9174147
0.9256512
0.9993913
0.84528226
0.92678887
0.99640715
0.99723625
0.99812233
0.90530306
0.9715447
1.0
0.9635323
0.9480946
0.9430499
0.9544122
0.95383656
0.9835616
0.93069214
0.96767646
0.92689294
0.8707923
0.98239845
0.9573214
0.8470059
0.98106706
0.98049784
0.81506544
0.9990615
0.9172294
0.92754567
0.9729951
0.9756426
0.9385277
0.82460225
0.91525096
0.78610677
0.72002614
0.9489246
0.937886
0.9258577
0.96771526
0.9408662
0.9797783
0.91630304
0.9885295
0.9857998
0.95567596
0.6137544
0.99556994
0.90955216
0.9945135
0.7853787
0.8557519
0.9572195
0.99966604
0.9922638
0.9269873
0.97523224
0.99172604
0.990421
0.888627
0.9363308
0.9943791
0.9449292
0.9607175
0.94767654
0.76840776
0.8503181
0.9642638
0.84567434
0.7185611
0.9731518
0.97444504
0.88162154
0.9292898
0.8258076
0.9637553
0.9573822
0.92444265
1.0
0.982467
0.9067989
0.9003774
0.8924403
0.92826223
0.8703511
0.9574924
0.94875777
0.9730892
0.98725045
0.95175844
0.7013822
0.945178
0.90657014
0.94539464
0.88230085
0.96578515
0.91748023
0.9999998
0.98357546
0.9478409
0.99585754
0.92061144
0.9599392
0.96265554
0.9811065
0.9999999
0.9668164
0.8993519
0.9292695
0.94964963
0.92805153
0.9395533
0.9669838
0.9823321
1.0
0.8299918
0.6455963
0.9382665
0.83253366
0.9999999
0.7593258
0.911519
0.95413303
0.93096435
0.93382555
0.87399036
0.99999994
0.9884948
0.9923055
0.92373335
0.9637915
0.9775859
0.9961888
0.9522204
0.8749839
0.9555089
0.9050675
0.91599375
0.9647115
0.9999999
0.9445995
0.9152758
0.9905693
0.9270967
0.9905721
0.9694625
0.71106046
0.74983966
0.9926249
1.0
1.0
0.810006
1.0000001
0.92395484
0.9702732
0.8965901
0.84845555
0.98713243
0.99579555
0.7475707
0.90991485
0.99953896
0.9993424
0.898219
0.83609444
0.9842568
0.92143035
0.84701455
0.7789207
0.8607715
1.0000001
0.8604009
0.92644495
0.9976887
0.97217214
0.96106637
0.9115507
0.998046
0.9670508
0.8187499
1.0
0.9665166
0.9771006
0.9581281
0.96082383
0.99999994
0.97997487
0.93514717
0.9524358
0.81014335
0.9633291
0.99629086
0.90291196
0.9350887
0.9110678
1.0
0.8674404
0.9950687
0.8359965
0.8867185
0.83118165
0.8842914
0.82432747
0.74094135
0.97207755
0.9823826
0.91411865
0.88226753
0.670209
0.80077285
0.4501524
0.97170895
0.96639204
0.9768034
0.88540167
0.88773775
0.9910891
0.87949
0.9970108
0.9255792
0.8925901
0.9544816
0.97910464
0.9515761
0.93345165
0.9168469
0.87301075
0.9923714
0.77439123
0.97953725
0.9613118
0.9869254
0.92235595
0.9270023
0.93058217
0.9567566
0.99840754
0.96002924
0.99850094
0.8682947
0.92409515
0.99041224
0.95890653
1.0
0.99966514
0.9765229
0.8878803
0.9898628
0.9658476
0.9505441
0.99751806
0.9996427
0.9225584
0.9457452
1.0
0.97942775
0.9818218
0.8755229
1.0000001
0.98915493
0.8472885
0.9247502
0.9999999
0.9556091
0.9542593
0.9834152
0.85996854
0.93714637
0.9842354
0.9504801
0.9859931
0.993823
0.9434378
0.87262464
0.8579997
0.8645649
0.7899885
0.9380961
0.88455206
0.9823584
0.86435425
0.95198596
1.0000001
0.91728616
0.9548752
0.9587868
0.8962235
0.98784196
0.96340966
0.9272497
0.9963306
0.9715201
0.5549656
0.97459054
1.0000001
0.82391834
1.0000001
0.9402371
0.96061426
0.9970194
0.9768703
0.99894094
0.93990576
0.9613133
0.88089585
0.9849615
0.8493414
0.86325043
0.9359327
0.95174
1.0000001
0.99449116
0.9609802
0.93134296
0.8875389
0.9709091
0.9660128
0.93122244
0.99805176
0.92723167
0.8802518
0.8174171
1.0000001
0.90864915
0.9150419
0.8648621
0.9302916
0.92636776
1.0
0.98150283
0.99188644
0.97155225
0.95643246
0.95209485
0.8791019
0.9823345
0.88061917
0.9648478
0.96165216
0.93308115
0.76531774
0.93958354
0.9496223
0.9349112
0.80713046
0.9569182
0.94195837
0.9200787
0.85557926
1.0
0.876907
0.9813759
0.9369695
0.95003766
0.94673103
0.98697186
0.9341697
0.9923531
0.8092059
0.9427242
0.9830599
0.8143782
0.9778297
0.9312261
0.8764209
0.80330336
0.99149585
0.9429197
0.9910034
0.98504543
0.7844312
0.9698796
0.9320482
0.91693836
0.99120253
0.91567785
0.85593474
0.99999994
0.9938873
0.9416742
0.934725
0.9476569
0.8960899
0.6575956
0.93026376
0.67596173
0.9834679
0.9994942
0.87805295
0.9200898
0.99073094
0.9574102
0.9951735
0.9939083
0.8786317
0.9915688
0.9564696
0.87033564
0.8224305
0.9449059
0.9480969
0.8394264
0.9853231
1.0
0.9219027
0.9761271
0.9993398
0.9251709
0.9743198
0.87380344
0.94363886
0.91558146
0.9579431
0.6592013
0.9109829
0.94771814
0.99693847
0.9997379
0.9278851
0.93390477
0.9441212
0.88270754
0.9926153
0.9371534
0.82587194
0.881063
0.635972
0.98200804
0.9494539
0.9860054
0.9358499
0.89432377
0.97455883
0.8803795
0.9881604
0.9229845
0.9969908
0.9987885
0.90257716
0.9411748
1.0
1.0000001
1.0000001
0.9220333
0.94443876
0.91211474
0.9854856
0.8851514
0.9627888
0.8665218
0.7919666
0.95871776
0.92365175
0.9531847
0.8908091
0.57197404
0.96209455
0.9794661
0.9064107
0.8998617
0.93552244
0.75400156
0.96223634
0.9992318
0.9141282
0.9853468
0.99274546
0.9357106
0.99098146
0.9470836
0.99895525
0.9981084
0.98736733
0.95338833
0.984818
0.88290894
0.99122965
0.98910856
0.7825393
0.8963712
0.8876684
1.0000001
0.92802763
0.6854876
0.53293747
0.9606631
0.8932279
0.9320006
0.8376909
0.97179806
0.92250526
0.9512609
0.9230541
0.93892705
0.94751924
0.94242275
1.0
0.94882506
0.9946138
0.9987099
0.84995204
0.97394323
0.9610376
0.9507845
0.96764755
0.9932356
0.96734
0.9056138
0.9407127
0.97839206
0.9444636
0.99999994
0.81559443
0.9575414
0.93347055
0.8502783
0.94767666
0.9931321
0.98138505
0.86585796
0.955969
0.91922057
0.8662941
0.97913826
0.8658087
0.85965824
0.9418094
0.96449405
0.9517671
0.98097146
0.9642849
0.9476752
0.91602975
0.82337695
0.9670425
0.97057605
1.0
0.7989797
0.92021835
0.8684845
0.93190324
0.97797924
0.7911289
0.989126
0.95291793
0.97674984
0.82361966
1.0000001
0.9170699
0.9543567
0.80722517
0.82075423
0.9321687
0.99648786
0.9433603
0.994769
1.0
0.5540861
0.94775695
0.9077877
0.9655744
0.94602525
0.8880771
0.9624824
0.94919336
0.83003974
0.9920528
0.84965277
1.0
0.9991006
0.9999998
0.87338096
0.9977647
0.9278525
1.0
0.6721293
0.94861346
0.9383016
0.93437773
0.9642891
0.9944766
0.9992175
0.74982005
0.98287284
0.9855523
0.8799121
0.9364029
0.9830241
0.9736491
1.0
0.9993439
0.9715472
0.9633428
0.9564437
0.9691164
0.9756752
0.97803414
0.9846654
0.94930434
0.999689
0.89637494
0.9201964
0.9597416
0.650861
0.9056977
0.95009774
0.32939076
0.96769303
0.9738341
0.77860343
0.98731065
0.9149374
0.82683396
0.97759235
0.95467246
0.70699483
0.9478039
0.95957637
0.9999999
0.607296
0.8090524
0.9637827
0.9959123
0.9950073
0.677112
1.0
0.9252832
0.9191067
0.881604
0.94765884
0.9631672
0.98635375
0.80784667
0.98823655
0.84526926
0.9472554
0.97473186
0.92552525
0.908126
0.52091616
0.8727769
0.80434835
0.8995838
0.876118
0.83828676
0.95025206
0.7787249
0.9492175
0.96952736
0.9568576
0.97308993
1.0000001
0.8650772
0.9954575
0.9358615
0.9526476
0.9216944
0.91498834
0.9818696
0.8855352
0.97335094
0.98915815
0.9624858
0.94138217
0.93715215
0.9881398
0.7993464
0.9332424
0.955768
0.906028
0.99850523
0.98071563
0.9999999
0.9895358
0.9568475
0.8895976
0.9910031
0.98740804
1.0000001
0.9194616
0.98572487
0.9757564
0.85246027
0.8357599
0.95712805
0.9952878
0.9611979
0.96960133
0.88727725
0.928174
1.0
0.9373917
0.87343806
0.91537803
1.0000002
0.97241163
1.0000001
0.95050746
0.93748105
0.91277754
0.99999994
0.96928054
0.9198312
0.9669529
0.9269792
0.91259795
0.9282641
0.92054534
0.9904945
0.99011934
0.9369511
0.9229053
0.97120553
0.96872354
0.8386077
0.93311393
0.9683938
0.58532494
0.7887784
0.9080964
0.8006373
0.987464
0.9090078
0.9648145
0.9361094
0.98448884
0.8136468
0.90913814
1.0000001
0.8176906
0.9832825
0.94323397
0.98794746
0.9036346
0.9966469
0.90911496
0.83294094
0.7672641
0.9490479
0.9409457
0.9899788
0.814293
0.9511144
0.8329322
0.8574418
0.8840804
1.0000001
0.83513784
0.9387187
0.7986219
0.94982547
0.9265827
0.9718274
0.9874095
0.9965951
0.99987686
0.88842875
0.98395
0.99829316
0.9692497
0.99999994
0.86426735
0.9359517
0.94715714
1.0
0.9370115
0.99825174
0.8831044
0.85096973
0.97464263
0.9835869
0.83296025
0.7757262
0.9948847
0.9310449
0.95143807
0.88971287
0.919848
0.91884756
0.9870991
0.9924866
0.99285835
0.5774294
0.9603348
1.0
0.9866678
0.94518715
0.9597115
0.8272663
0.96834993
0.97148156
0.8873535
0.8821141
0.99921507
0.9134239
0.99999994
0.92861885
0.97274655
0.9372477
0.88609576
0.88285863
0.9702941
0.93488604
0.7139156
0.8182744
1.0
0.9994845
0.8961128
0.9845388
0.9785124
0.98354036
0.99522966
0.914351
0.9809485
0.91373295
0.92323893
0.95308536
0.8992671
0.8229213
0.7811986
0.85164297
0.96396136
0.9220581
0.99734044
0.9549188
0.98911494
0.9434199
0.976037
0.8137243
0.75655735
0.81681794
0.9851391
0.86777246
0.8587657
0.97783005
0.89854085
0.9211374
0.79499507
0.95366085
0.8014993
0.917627
0.98977196
0.754882
0.9998017
0.77430594
0.94749844
0.9805386
0.83656645
0.7971644
0.97122395
0.79004145
0.9029089
0.98886824
0.82786787
0.7721667
0.94688356
0.6998178
0.927042
0.8562049
0.8518324
0.9690701
0.80300874
0.9358588
0.952255
0.8644022
0.9604802
0.9758003
0.98695385
1.0000001
0.8500593
0.930268
0.97736883
0.98053133
0.8735996
0.89918447
0.93734217
0.99863917
0.9401006
0.9861974
0.9884675
0.8659933
0.8215245
0.99374926
0.9442911
0.96802723
0.9734187
0.9999999
0.5641166
0.9269364
0.9532778
1.0
0.8938649
0.986974
0.80225503
0.9818437
0.81749654
0.90006924
0.9371637
0.9406887
0.97306985
0.9735511
0.67352694
0.9980742
0.98584116
0.9384527
0.95934653
0.9999998
0.9096176
0.95155287
0.95253974
0.9272234
0.8293996
0.9267643
0.90648603
0.99999994
0.9005759
0.9233839
0.929552
0.90993243
0.87166375
0.8171558
0.99999994
0.9053093
0.9864179
0.9987299
0.85497516
0.75181854
0.8282733
0.9415581
0.97350115
0.9992785
0.965848
0.8570832
0.96544904
0.8957585
0.85516495
0.9741981
0.89492553
0.9348092
0.9344902
0.99999994
0.8868014
0.98529077
0.9889759
0.77713954
0.9699399
0.9996115
0.70149165
0.9904905
0.9772663
0.9420414
0.9790647
0.9667129
0.9953318
1.0
0.969782
0.9201592
0.843393
0.9954827
0.99030924
1.0
0.9986292
0.76532364
0.99492973
0.78301775
0.99908173
0.86154866
0.99752825
0.8231017
0.89096427
0.9174855
0.97165954
0.860922
0.981412
0.9637264
0.9049842
0.96725184
0.9307973
0.9782678
0.90009135
0.9553096
0.99194944
0.9345079
0.8857921
0.999642
1.0000001
0.93845785
0.99422616
0.730864
0.9431292
0.9707728
0.6947119
1.0000001
0.9920988
0.99956715
0.770885
0.82198375
0.8564807
0.9821278
0.9745885
0.9216913
0.79988515
0.9381746
0.93900156
1.0000001
0.98837656
0.7452432
0.9893409
0.95843494
0.9725176
0.9776046
0.9645184
0.9988408
0.9479258
0.9769907
0.9639312
0.78317475
0.9500894
0.9608707
0.7637464
0.9993136
0.9922551
0.93395406
0.91831404
0.96789396
0.9193252
0.96485656
0.88918304
0.93275195
0.9805788
0.86903846
0.99552333
1.0
0.8134824
0.9290127
0.6457568
0.999738
0.9675028
0.9744786
0.94183016
0.9876584
0.8770705
0.99944586
0.91413695
0.8384846
0.84082943
0.95423245
0.9890637
0.9940214
0.9515573
0.90590155
0.9064835
1.0000001
0.95699155
0.9779235
0.8685509
0.9135214
0.9094104
1.0
0.8357012
0.9097769
0.6940976
0.9817414
0.9155413
0.9810172
0.98538834
0.9554724
0.93390656
0.9205154
0.99520594
0.98416644
0.915302
0.5291156
0.9449262
0.909448
0.85215586
0.9762398
0.70036334
0.9761216
0.8679342
0.8823924
0.9845761
0.97150874
0.9827959
0.733541
0.90225565
0.9256345
0.8979605
0.9924025
1.0
0.95318556
0.9999999
0.91614586
0.9975835
1.0
0.63441914
0.8870906
0.97698647
0.8059895
0.90729195
0.8674612
0.99747425
0.55448973
0.8839663
0.8574445
0.7763033
0.9859845
0.9469049
0.92549664
0.93610734
0.96068406
1.0000001
1.0
0.855306
0.9697077
0.84922886
0.9724192
0.999467
0.8436196
0.91642606
0.94259995
0.9119106
0.93248475
0.8284364
0.8570349
0.9818225
0.6762717
0.9572276
1.0
0.88406765
1.0
0.94503367
0.8495524
0.91025305
0.9838419
0.9792633
0.9686919
0.9655854
0.99999994
0.90328944
0.95322144
0.9265338
0.98113644
0.93265134
0.9211258
0.8800669
0.95630574
0.9571405
0.9094397
0.94929236
0.88061434
0.97663444
0.99999976
0.88204825
0.9273301
1.0
0.9910073
0.9442266
0.9203823
0.99912715
0.8684097
0.9966115
0.8573911
0.94846386
0.8875719
0.9795116
0.9946815
0.9723755
1.0
0.98659104
0.94184
0.9736836
0.8915152
0.967776
0.81919384
0.9851371
0.865999
0.94491327
0.8849633
0.8413006
0.87258434
0.74209
0.9878159
0.9825754
0.9725991
0.8589066
0.95479345
0.92350966
0.95290583
0.89345956
0.9333068
0.9398482
0.922085
0.97970283
0.96053445
0.9542174
0.81451845
0.9054645
0.95482945
0.9705778
0.96346724
1.0
0.7742395
0.9931432
0.9652866
0.9881395
0.64967364
0.99714005
0.99697316
0.8391581
1.0000001
0.9904139
1.0
0.9782094
0.99956393
0.9231327
0.7854696
0.8806553
0.7664007
0.9095702
0.94200766
0.9677837
0.94933
0.9368173
0.82270813
0.99999994
0.9903525
0.87800485
1.0000001
0.9773511
0.8623777
0.9968255
1.0
0.96596277
1.0
0.9797666
0.81530815
0.94935524
0.8957563
0.9145518
0.76844007
0.93959117
0.9895693
0.96975243
0.60820043
0.8980859
0.9119055
0.8546492
0.93981147
0.96449006
0.8598657
0.99596584
0.79112476
0.956103
0.969401
0.72865355
0.95841396
0.9071443
0.9149477
0.978093
0.9409239
0.86781466
0.83106685
0.9961246
1.0
0.9231635
0.99999994
0.9396745
0.93505514
0.95175403
0.95301116
0.9531774
0.77840805
0.91678894
0.97900236
0.86026
0.91239274
0.8117279
0.99862754
0.8142849
0.985439
0.9837158
0.88205373
0.7064047
1.0000001
0.89779204
0.86874735
0.9888967
0.9926461
0.7919702
1.0
0.8890754
0.94106454
0.8961393
0.8781022
0.969604
0.9364829
0.97838086
0.98975325
0.94141525
0.8375614
0.9952661
0.9687525
0.9797694
0.96804774
0.5960022
0.8948802
0.97642106
0.79951704
0.9078415
0.9932581
0.7693863
0.9871185
0.9463048
0.9454204
0.9203395
0.9834758
0.94672626
0.5409324
0.99750876
0.9963573
0.80738807
0.9116878
0.9608066
0.9534706
0.88940954
0.97624934
0.9035294
0.999107
0.94718564
0.99999994
0.97000045
0.9969485
0.89256257
0.9345225
0.75349927
0.9475671
0.68940884
0.8646065
0.945988
1.0
0.8672272
0.9116693
0.825799
0.87857425
0.9262541
0.85347253
0.9960655
0.8148477
0.99869376
0.93729347
0.99999994
0.76761854
0.829291
0.95075285
0.9427575
0.99972355
0.96324205
0.9756937
0.9266132
0.9522188
0.94438225
0.9560949
0.9412216
0.95148236
0.9742426
0.9883652
0.80198705
1.0000001
0.9624113
0.96321577
0.96124434
0.99922496
0.92276806
0.86152184
0.9696882
0.9911485
0.9018234
0.9975899
0.902459
1.0
0.97564864
0.9156876
0.9638285
0.97931457
0.9229186
0.7789373
0.9294692
0.5998856
0.89673597
0.9142435
0.9723923
0.9729692
0.93803984
0.66840476
0.96549463
0.89817774
0.9798666
0.9362635
0.9869479
0.9178477
0.96530426
0.90842366
1.0000001
0.9323754
0.8953299
0.87532634
0.9319953
0.97635955
0.9807975
0.99999994
0.85740745
0.98072547
0.97273016
0.9848207
0.96605325
0.82410187
0.8113506
0.9972714
0.9171911
0.73422754
0.9101517
0.96073824
0.8709649
0.86353934
0.83385694
0.89977163
0.982884
0.9707554
0.78059256
0.98541623
0.90039825
0.9836358
0.6922052
0.9999999
0.9813516
0.94937134
0.9615646
0.92230964
0.9666882
0.9037275
0.94421417
0.73638433
0.9398287
0.88061315
0.9886684
0.9999999
0.98737884
0.85169053
0.9424532
0.9802857
0.88777834
1.0
0.9931062
0.8849958
0.9508827
0.98793536
0.9662485
1.0
0.9244826
0.9966665
0.98546684
0.9996705
0.9832909
0.8828054
0.964315
0.96204937
0.9817034
0.9537683
0.999274
0.95918417
0.9839839
0.99119025
0.8885624
0.7589755
0.98745966
0.9363867
0.98922956
1.0000001
0.9413837
0.8846558
0.97012556
0.8152214
0.982393
0.99999994
0.93930686
0.9833994
0.98984116
0.9513519
0.86169106
0.9532738
0.97939366
0.7401693
0.7332351
0.97134495
0.98422027
0.88965607
0.77544713
1.0
0.9095969
0.39433402
0.9944692
0.9773561
0.9221487
0.9270265
0.95887876
0.87923354
0.9497247
0.9999999
0.85085654
0.96713716
0.9318526
0.79550534
0.94824904
0.8895661
0.9837617
0.7262553
0.98226136
0.9656313
0.8904517
1.0
0.97423095
0.9509135
0.87325704
0.77807546
0.95572376
0.9574276
0.79518276
0.9895757
0.99091154
0.9858614
0.93806213
0.9999999
0.90942156
0.9515252
0.9392707
0.9754288
0.79801947
0.9146776
0.87847555
0.9911699
0.9496488
0.95751935
0.95447254
0.92058975
0.9900969
0.67017573
0.8400735
0.9349294
0.9603006
0.9375032
0.923568
0.9163358
0.9084433
0.9999999
0.97164345
0.8391912
0.874695
0.9133113
0.947984
0.988339
0.9632802
0.92715967
0.99999994
0.9765057
0.9036018
0.9829956
0.96588105
0.971568
0.9505178
0.9913081
0.98964375
0.927811
0.9453763
0.95982903
0.8684989
0.9786272
0.91165817
0.83007
0.80590266
0.95083797
0.92306453
0.9784451
0.8836789
0.9889197
0.93322796
0.93615377
0.9911284
0.8441837
0.54767644
0.96788466
0.96930766
0.96200484
0.93455
0.99543166
0.9566821
0.9974737
0.97882557
0.956005
0.9828867
0.92488897
0.80820894
0.9553093
0.9834949
0.5550576
0.9430609
0.9543313
0.8549912
0.99027133
0.9981808
0.98344004
1.0000001
0.87669235
0.9224809
0.87171525
0.8446211
0.9909776
0.91751707
0.9910131
0.8048147
0.9679456
0.9880099
0.9695346
0.96653354
0.94489944
0.8769263
0.99493194
0.978724
0.9946774
1.0000001
0.99330366
0.6962538
0.9857507
0.959306
0.9836123
0.9684729
0.91024464
0.87322867
0.9192493
0.99999994
0.7483837
0.9393071
1.0
0.9909269
0.6695709
0.8450744
1.0
1.0
0.96220905
0.93293875
1.0
0.9539673
0.9073961
0.8926896
0.9067129
0.9311179
0.94102687
0.9489089
0.8734444
0.9013154
0.9724921
0.8690952
0.97872096
0.99819434
0.80927634
0.778183
0.9807906
0.7569661
0.8904037
0.8747918
0.9103684
0.9977801
0.9948716
0.9387423
1.0000001
0.986188
0.87988055
0.8152684
0.9780821
0.995555
0.98054206
0.7933519
0.887351
0.8945372
1.0000001
0.9324459
1.0000001
0.81333554
0.967207
0.9419192
0.9190317
0.968422
0.9697184
0.9726299
0.95845336
0.8129393
0.9999999
0.9120568
0.94714
0.85732096
0.9136903
0.8659078
0.5803008
0.816711
0.9129537
0.93899
0.9781764
0.9969905
0.92210305
0.920576
0.8272821
0.9273349
0.92323625
0.8064796
0.8714005
0.8785212
0.9999999
0.97801346
0.56181717
0.6321683
0.9236116
0.8256256
0.85428107
0.9539858
0.8669002
0.96134067
0.7498349
0.99692
0.9983746
0.9477689
0.9997153
0.9835642
0.9771463
0.9804627
0.98248005
0.8978781
1.0
0.9998548
0.97377723
0.8907286
0.74510694
0.99706376
0.8560804
0.9716792
0.9140736
1.0000001
0.9817626
0.988632
0.89393353
0.9727863
0.9628366
0.9428668
0.9999117
1.0000001
0.98000896
0.9727838
0.6058194
0.9610648
0.98850775
0.96866083
0.90326184
0.9260323
0.8748856
0.9504025
0.66627216
0.95449877
1.0
0.77568185
0.9858254
0.9318994
0.9031858
0.8570927
0.84215856
0.88374794
0.9522478
0.8601271
0.9516738
0.9778006
0.99802434
0.913254
0.96383554
0.98578155
0.91093075
0.9781753
0.8490014
0.93669564
0.9864939
0.9633909
0.999806
0.93782777
0.9635771
1.0000001
0.8726913
0.9143212
1.0000002
0.9977409
0.64892244
0.9972126
0.95945704
0.7794052
0.9960172
0.9873996
0.8897345
0.9404729
0.9999999
0.8384256
0.9247247
0.97021675
0.99999994
0.9898278
0.54048413
0.8921671
0.865878
0.989866
0.98795104
0.966022
0.7109875
0.7856598
0.750701
0.9860737
0.9715239
0.9604643
0.969388
0.95835763
0.78233933
0.9787173
0.9692588
0.90138805
0.98882
0.79493165
0.98454183
0.95503986
0.9484185
0.9906458
0.8854053
0.87312454
0.82497126
0.9408064
0.9585729
0.8575832
0.8150108
0.70653915
0.9626459
0.89002204
0.99973863
0.82223976
0.9994464
0.93720025
0.99971235
0.91296005
0.9945994
0.92748713
0.9345184
0.9289255
0.96046084
0.9207344
0.96592
0.9865445
0.8374933
0.9210934
0.9897672
0.96358556
0.8540455
0.8586469
0.98371506
0.8815588
0.974277
0.98055047
0.98953843
0.98727494
0.9890099
0.8784937
0.92337024
0.97055817
0.5277315
0.895857
0.9159882
0.9946955
0.95246994
0.94414365
0.99341273
0.9455463
0.86212105
0.82835054
0.8680558
0.87323684
0.9772765
0.9867935
0.98403764
0.91081905
0.9898667
0.85542893
0.82828623
0.88807493
0.7217572
0.9622963
0.89416957
0.9454164
0.8287258
1.0000001
0.87218034
0.5642051
0.9813565
0.8633029
0.9793773
0.95108765
0.98364264
0.958824
0.9861149
0.9607105
0.91704476
0.9823105
0.9239555
0.83624506
0.9313495
0.9812317
0.8440732
0.9540115
0.9935801
0.9486904
0.93352365
0.9940302
0.9353207
0.92230153
0.83345634
0.9086393
0.94577336
0.95732075
0.8819437
0.93419975
0.96198106
0.9466088
0.94423527
0.9141586
0.9337206
0.99919575
0.9430735
0.85755515
0.89564705
0.9236139
1.0000001
0.89883626
0.9797502
0.960631
0.9253677
0.87523514
0.9929421
0.9516197
0.9930244
0.9812132
1.0000001
0.91686755
0.93648607
0.98506105
0.9166129
0.86961436
0.978265
0.68420583
0.9972812
0.9796157
0.98837376
0.9901856
0.9444538
0.9828191
0.9938282
0.98211277
0.882651
0.9700756
0.99372256
0.9723814
0.9891169
0.9634195
0.98086137
1.0
0.74798286
0.89152133
0.57939404
0.92712396
0.98542476
0.98818696
0.925772
0.77189237
1.0
0.935024
0.9725696
0.95228213
0.9930898
0.9988766
0.9431847
0.8625024
1.0
0.9560164
0.98535204
0.69776
0.9900622
0.85524344
0.93821305
0.966014
0.973219
0.9742194
0.9783467
0.9950315
0.9579907
0.88879114
0.99395627
0.8615432
0.92290694
0.9632045
0.9992695
0.92605495
0.87250656
0.97540975
0.95737636
0.99504745
0.95624745
0.7310386
0.9731779
0.9827434
0.9104138
0.93814945
0.9668814
0.9685643
0.98645914
0.7871768
0.72271687
0.9974546
0.98332
0.98717433
0.9866551
0.96669126
0.85486925
0.871946
0.9996201
0.89613044
0.7175178
0.99292874
0.5089534
0.9185717
0.9810126
0.9799287
0.82783353
0.9421453
0.90477264
0.7317306
1.0
0.9752609
0.9030247
0.9718129
0.9590086
0.96383184
0.9024424
0.9668489
0.99802977
0.9013083
0.9525042
0.86862284
0.964604
0.95762455
0.9815818
0.97286165
0.8870068
0.8554963
0.92764103
0.96279466
0.9528476
0.9730388
0.94806725
0.82546836
0.9107664
0.9832455
0.91860676
0.96138245
0.8603559
0.9261026
0.97795576
0.89571536
0.7423396
0.93351674
0.9430343
0.9538527
1.0
0.96856594
0.9290806
0.9931514
0.8700292
0.9553536
0.86104083
0.9402528
0.8910339
0.86377394
0.9463764
0.9568956
0.9484369
0.85736215
0.95049745
0.9721223
1.0
0.91735375
0.9206545
0.99999994
0.9249995
0.6928056
0.84208614
0.9034829
0.9134672
0.97722805
0.9096464
0.9412718
0.917183
0.98764074
0.9203343
1.0000001
0.9816221
0.9526998
0.69242096
0.98635066
0.92226577
0.9628715
0.9306463
0.9055336
0.97846174
0.9410026
1.0000001
0.9755285
0.9868466
0.93533695
0.9949464
0.86242896
0.96054405
0.5054394
0.95222193
0.97671795
0.9681408
0.95892
0.9719647
0.8908859
0.9779161
0.9094093
0.9154333
0.994167
0.91076267
0.87283564
0.99999994
0.9742008
0.9308537
0.93044376
0.95016134
0.8583777
0.8894011
0.71019745
0.9120207
0.9955642
0.8664978
0.99341327
0.84829617
0.9999999
0.87997305
0.9483769
0.91838926
0.7355372
0.92049474
0.9784031
0.8972611
0.91895837
0.96471024
0.96312165
0.9727765
0.97142106
0.8650657
0.88675964
0.97587454
0.9324379
0.9298387
0.995937
0.9304755
1.0
0.86417806
0.80269885
0.94228303
0.9402585
0.99663925
0.9925873
0.8865303
0.9554538
1.0000001
0.9888423
0.8159227
0.8063606
1.0
0.9340532
0.9296689
0.99156827
0.7671578
0.98269665
0.9999999
0.8863413
0.99353606
0.94586754
0.9742144
0.97458494
0.99958754
0.9932902
0.8446995
0.8397396
0.71653056
0.93189764
0.9154233
0.99082637
0.9686477
0.98323417
0.9248389
0.990786
0.906357
0.96213984
0.94220144
0.96304655
0.89551914
0.94831866
0.8956484
0.8316107
0.95587724
0.92605346
0.6750126
0.988358
0.98466575
0.9032884
0.9963378
0.8446271
0.98304236
0.948744
0.94416356
0.8997757
0.9948624
0.9924715
0.7037168
0.8799042
0.924482
0.9864821
0.84466004
0.96676165
0.80334777
0.9711345
0.9995923
0.97486365
0.99999994
0.9373599
0.954667
0.9822248
0.87619984
0.9553359
0.69491607
0.9716718
0.91864747
0.8927127
0.87918925
0.998139
0.91198564
0.87918055
0.9820982
0.93868756
0.9043472
0.92948264
0.93850696
0.9859271
0.9543865
1.0
0.99620837
0.9594265
0.71294856
0.92938226
0.9647292
0.90505475
0.97070324
0.91366756
0.9999999
0.86864436
0.9774212
1.0
0.8913049
0.9429641
0.9156439
0.852393
0.8243282
0.9566851
0.8608937
0.9161629
0.8253484
0.8765171
0.9681721
0.9770352
0.95911694
0.9834338
0.83361495
0.993426
0.9829395
0.9918853
0.97931844
0.9151474
0.9806369
0.8986614
0.93710345
0.903426
0.9606576
0.9253913
0.98498654
0.86511785
0.95742977
0.9841089
0.8203782
0.8151939
1.0000001
0.95044565
0.8858535
0.98372924
0.56849855
0.917621
0.78444827
0.9565183
1.0
0.9612548
0.99963963
0.9904187
0.96955717
0.9687048
0.9734585
0.9621067
0.9451166
0.948408
0.86884713
0.9999998
0.864955
0.9897731
0.92278737
0.9884669
0.7919825
0.97540563
0.99940604
0.94402456
0.9843871
0.9459927
0.98419213
0.9783291
0.9162495
0.93824446
0.9499004
0.9587833
0.810711
0.8872812
0.9565
0.90758014
0.9656677
0.9919292
0.9944287
0.887797
0.9653163
0.9810976
0.76085967
0.8031993
0.96240383
0.9728769
0.8929499
0.95544314
1.0
0.9644363
0.9553999
0.9796956
0.9999999
0.98709404
0.99846685
0.9212966
0.7852953
0.7965562
0.9112578
0.94902813
0.6853434
0.8416799
0.92494565
0.93124425
0.86691135
0.87611663
0.92173356
0.9378556
0.8659806
0.885496
0.6599842
0.9896998
0.8779743
0.96508193
0.82823616
0.82968307
0.9153342
0.96585655
0.9404354
0.9397328
0.9705858
0.98317695
0.9733687
0.9841945
0.92299795
0.90527767
1.0000001
0.9079674
0.77281153
0.96390986
0.9282417
0.91976684
0.92679846
0.9520511
0.97913855
0.9557608
0.9962133
0.9239849
0.9622156
0.9739592
0.87912863
0.9350631
0.77546316
1.0000001
0.8418669
0.9909695
0.8579487
0.96249723
0.8661142
0.93252116
1.0
0.98119336
0.98810995
0.9436764
0.9716358
0.95915735
0.972415
0.9490476
0.7733588
0.8843093
0.991343
0.97101045
0.8789347
0.98012924
0.9938056
0.90498495
0.98335457
0.9123605
0.8897534
0.39359674
0.99560475
0.7719996
0.96184355
0.9643463
0.9949014
0.94233054
0.91729254
0.97440076
0.98959327
0.69917184
0.75636375
0.90608424
0.8574977
0.9636847
0.955837
0.91754067
0.73018676
0.9004187
0.8879639
0.9509041
0.98258734
0.96857595
0.8780821
0.98767525
0.8612071
0.9278517
0.97496355
0.8764471
0.81287587
0.8276633
0.99999994
0.98934436
0.9341295
0.79986864
0.99274796
0.92908144
0.8896435
0.9782701
0.8344017
0.98274875
0.9809625
0.96460545
0.9999998
0.9960586
0.95274943
0.9587798
0.9000766
0.92402124
0.7757491
0.92340386
0.9307539
0.9309231
0.9798448
0.9064348
0.5925769
0.9712888
0.99975216
0.911585
0.91727304
0.99175024
0.81674135
0.959067
0.8731888
0.9858224
0.9878426
0.9660442
0.8526952
0.9999999
0.9970634
0.98924375
0.62381756
0.9379924
0.960896
0.97607267
0.90741026
0.9789576
1.0000001
0.9961914
1.0
0.9299151
0.97758085
0.9528339
0.9630716
0.88390744
0.9704464
0.9380413
0.98536044
0.926642
0.9996226
0.91975886
0.76802695
0.99918383
0.9467206
0.96581936
0.95490503
0.79599667
0.9983507
0.99999994
0.9786302
0.93814826
0.9271257
0.7277329
0.89274025
0.9011213
0.77036464
0.9871439
0.8996966
0.8708817
0.9788133
0.9105755
0.99231577
0.8942337
0.8863637
0.98895526
0.9991415
0.9275375
0.9151294
0.95581794
0.95143914
0.9783392
0.92524093
0.98322463
0.9686073
0.9901073
0.94573325
0.9888139
0.9709607
0.91394997
0.8573274
0.9061825
1.0
0.910545
0.86397904
0.96568465
0.8757078
0.9341801
0.98619133
0.9952773
0.96494544
0.9434838
0.9453775
0.9994211
0.980629
0.9564161
0.9935685
0.962551
0.96135587
0.96423686
0.999134
0.95301527
0.88790125
0.8346331
0.9108628
0.97163
0.99554384
0.96102387
0.96387947
0.6442951
0.9423605
0.72382975
0.92368716
0.92463887
0.9625525
0.83367443
0.9492419
0.64871097
0.9961141
0.99607813
0.99921274
0.99999994
1.0
0.8406633
0.829356
0.97185767
0.8850025
0.9849733
0.9994217
0.9998399
0.9697554
0.9570318
0.9966418
0.95181125
0.8188417
0.954105
0.9223765
0.93265676
0.8744889
0.9954836
1.0
0.99210554
0.98394835
0.840801
0.6889896
0.85029083
0.9915163
0.96264446
0.8043866
0.97363716
0.87218326
0.7531729
0.95204324
0.9731288
0.6619523
0.94788516
0.89090633
0.77106667
0.8879949
0.83206826
0.94384134
0.8948677
0.9262906
0.73728883
0.9294995
0.976743
0.9625715
0.9936365
0.838479
0.95516026
0.9936335
0.8501264
1.0000001
0.8767874
0.9693473
0.99716616
0.9119564
0.9831373
0.5274027
0.9046305
0.71866214
0.9493227
0.99999994
0.9609472
0.9754298
0.7325475
0.90537745
0.95059586
0.9855498
0.9913719
0.9989841
0.99486923
0.83304566
0.95627356
0.871439
0.9799193
0.88741696
0.9638666
0.77754736
0.98088074
0.9375366
0.82431215
0.9993339
0.9373175
0.99811137
0.97365296
0.8881449
0.9190225
0.83517176
0.8301376
0.998168
0.9772193
0.8350073
0.94899106
0.9999999
0.98717916
0.87270445
0.9518478
1.0
0.8779284
0.90810806
0.91214454
0.8512268
0.7088946
0.92273927
0.9261141
0.99999994
0.9507415
0.95766413
0.97437274
0.74982375
0.9534221
0.8368925
0.96717787
1.0
0.9405133
0.9902857
0.85492766
1.0000002
0.9455996
0.8815849
0.8106807
0.9458708
0.99302214
0.9932327
0.91378146
0.96610785
0.9270035
0.9693495
0.6425025
0.7887256
0.94375056
0.9426981
0.9577165
0.98550963
0.9713107
0.9891142
0.8115073
0.9687514
0.9816133
0.9938137
0.9893051
1.0
0.9222077
0.9752491
0.9685814
0.93593776
0.9401114
0.98048675
0.91035545
1.0
0.9652355
0.9742841
0.94464505
0.91687375
0.9973774
0.95703566
0.89979625
0.92683476
0.9956713
0.89874977
0.8621861
0.89204127
1.0
0.98058087
0.9189286
0.93017995
0.9998879
0.9608848
0.9291932
0.90623504
0.9096367
0.9694879
0.9971751
0.97588325
0.9394468
0.8472382
0.98370993
0.95968664
0.98426676
0.5148739
0.94749904
0.97541094
0.949701
0.98061055
1.0
0.9958683
0.83816254
0.9942826
0.9938588
0.76993495
0.9708799
0.57581073
0.9516991
0.8070779
0.8649319
0.93085945
0.9293496
0.9999999
0.8335299
0.9708421
0.9294952
0.9277339
0.9629174
0.9865703
0.9522749
0.8766263
0.925297
0.9069048
0.9540582
0.92839134
0.8562661
0.947329
0.96134126
0.9369194
0.96981925
0.7502464
0.93154216
0.83035684
0.98259866
0.9892225
0.87258786
0.99538
0.9258461
0.9593365
0.82344514
0.90763444
0.87335134
0.98478365
0.91903377
0.9679898
0.9768957
0.9931573
0.9666422
0.9726542
0.9856795
0.7965716
0.9001529
0.829944
0.77525747
0.99354225
0.9126548
0.98618066
0.9872923
1.0000001
0.91910845
0.98455775
0.9703319
0.99919665
0.8941496
1.0
0.99010813
0.8413571
1.0
0.99999994
0.9343762
0.7384683
0.9819344
0.9751108
0.9016637
0.98242044
0.9149494
0.74304676
0.9636002
0.93046296
0.9816219
1.0
0.9355719
0.98856914
0.9944713
0.8932043
0.9730818
0.9466624
0.9701371
0.91857016
0.760926
0.92436737
0.97817665
0.9834073
0.9954741
0.8486185
0.95076406
0.7911384
0.9918878
0.9556766
0.8605306
0.75169915
0.9251034
0.8189934
0.97440255
0.8887548
0.9898261
0.92094284
0.83776367
0.99999994
0.9635101
0.9386329
0.9755521
0.9595233
0.9947554
0.971422
0.9385027
0.99336594
0.89812785
0.97649765
0.94046223
0.8356519
0.9577899
0.99999994
1.0
0.9564878
0.98530257
0.6335135
0.99458987
0.8228308
0.81091666
0.99852896
0.9655822
0.91790867
0.94587326
0.9523431
0.87392825
0.9490876
0.9381619
1.0
0.99947023
0.96707726
0.91234213
0.94432133
0.96851707
0.82732725
0.95950055
0.9699541
1.0
0.97640306
0.67328775
0.8790734
0.8407371
0.93393725
0.9996763
1.0
1.0000001
0.7692609
0.9334524
0.96709603
0.8247566
0.97929275
0.9543471
0.98573726
0.93456817
0.9999999
0.9894699
0.95704454
0.8780545
0.95201886
0.942766
0.85553133
0.9303882
0.9822962
0.96582776
1.0
0.6515111
0.84304607
0.9197429
0.942764
0.98045236
0.9913965
0.7403594
0.6025235
0.94124776
0.9171635
0.98700917
0.9432746
0.9589885
0.94395596
0.93143344
0.69528943
0.95669323
1.0
0.9660651
0.89471346
0.99210536
0.95695746
1.0
0.95906436
0.96174264
0.9723762
0.9865493
0.7756081
0.9442682
0.7104626
0.96807635
0.99999994
0.9779855
0.51225185
0.929619
0.8752355
0.949617
0.8890258
0.82337165
0.93748266
0.9988106
0.9641024
0.9994336
1.0
0.98332125
0.990002
0.99543846
0.977855
0.9240189
0.9690188
0.94328654
0.9829813
0.8980918
0.9803389
0.8947264
0.98403025
0.9412328
0.8446253
0.98981076
0.9539798
0.8219949
1.0
0.9606969
0.9141437
1.0
0.82003766
0.90969586
0.9988408
0.86700964
0.9739299
0.93153536
0.9640525
1.0
0.99999994
0.9648843
0.9665405
0.92359847
0.9730155
0.94184375
0.75453997
1.0
0.6083586
0.92176044
0.99999994
0.95633125
0.89504796
0.9730049
0.9748808
0.96956587
0.5872724
0.8467836
0.9359157
1.0000001
0.92606163
0.8944383
0.9659797
0.9582707
0.92153144
0.9813024
0.95555
0.97687006
0.90167093
0.9991834
0.9753982
0.8973323
0.97256595
0.96536326
1.0
0.98736995
0.87766814
0.9893061
0.99953336
0.91289043
0.9351566
1.0000001
0.7096299
0.9801179
0.9079301
0.99478436
0.7911436
0.7325757
0.9341596
0.957445
1.0
0.81335574
0.976802
0.96266174
0.9568876
0.9890946
0.97507876
0.89391685
0.93709564
0.9504152
0.9743582
0.9717541
0.88850695
0.8091212
0.915454
0.9707936
0.9603284
0.6677797
1.0000002
0.92113996
0.9380603
0.8371414
0.9999999
0.9677182
0.95804363
0.88829947
0.72096664
0.9119294
0.9732034
0.9321412
0.93056726
0.9326387
0.9471514
0.9394331
0.99999994
0.86737704
0.80591714
0.99530643
1.0
0.95735145
0.9877286
0.9153087
0.7818978
0.8910594
0.9840207
0.9542458
0.9340829
0.79258907
0.8876889
0.5183808
0.97192156
0.92690164
1.0
0.9132976
0.94525695
0.70462924
0.935228
0.91597897
0.94857675
0.9474163
0.9496688
0.95454943
0.905018
0.90600747
0.6561794
0.9791162
0.65531534
0.9821178
1.0000001
0.9263481
0.81415653
0.9863534
0.9341919
0.9556681
0.9582208
0.9277292
1.0000001
0.94050556
0.9254247
0.91433096
0.97472966
0.8082567
0.8979516
0.9527621
0.70850027
0.98478353
0.8709531
0.8983564
0.8942337
0.99152994
0.9223683
0.96566534
1.0000001
0.9227149
0.6910929
0.9573705
0.9253531
0.93846095
0.99999994
0.90670925
0.96337116
0.97580266
0.9093832
1.0
0.74731004
0.89235514
0.9375496
0.82054985
0.86671627
0.94396424
0.8729733
0.96496415
0.93737125
1.0
0.923066
0.9703816
0.8848353
0.9900429
0.9416816
0.99014574
0.9857583
0.9549828
0.9954927
0.9683309
0.9489906
0.93705785
0.94933486
0.92875
0.8352405
0.9900287
0.98492193
0.74603575
0.9076741
0.99982524
1.0000001
0.99999994
0.9320595
0.95663726
0.99999994
0.99234384
0.83712095
0.908889
0.852402
0.67478395
0.9575667
0.9153895
0.99884665
0.90190077
0.94870615
0.90573263
0.7825124
0.815026
0.9021137
0.9955518
0.9178252
0.83666915
0.891476
0.94542515
0.92849106
0.7584691
0.7847286
0.824365
0.98859453
0.98495245
0.64096075
0.91996586
1.0
0.82349503
0.9993358
0.99106336
0.9145831
0.99925715
0.96693426
0.9643207
0.63471353
0.9538349
0.8444439
0.7631349
0.88930136
0.980384
0.9999998
0.91883945
0.95496935
0.91613406
0.96254075
0.9664973
0.9101052
0.9426351
0.9858628
0.8926512
0.844052
0.882849
0.779825
0.9981617
0.9303901
0.9718795
0.74157995
0.9589498
0.97721064
0.960114
0.6949645
0.9043605
0.986963
0.87487316
0.9858223
0.96261543
0.99999994
0.996053
0.9610977
0.9396788
0.97574586
0.9597123
0.70731926
0.84848166
0.97745216
0.9731074
0.99999994
0.9597816
0.99167395
0.9618089
0.8311204
0.9481193
0.9299215
0.89509976
0.80756116
0.86719954
0.9999999
0.9676912
1.0
0.8636944
0.9490804
0.8653476
0.94690055
0.895927
0.9298767
0.9024428
0.9784459
0.9384751
0.9250196
0.86983526
0.9712714
0.8390244
0.99221414
0.7732229
0.8594622
0.97900176
0.8827242
0.967375
0.7924993
0.97185135
0.95390916
0.89437604
0.95764744
0.77865213
0.9808609
0.7481991
0.97402936
0.9636658
1.0
0.8324969
0.87611854
0.9306084
0.8157234
0.9762063
0.9398669
0.89704263
0.9954842
0.9386473
0.87976253
0.9427785
0.93071544
0.94299847
1.0
0.71317893
1.0
0.9150747
0.963323
0.96824324
0.9965075
0.9566978
0.89950705
0.985633
0.9998343
0.8882626
0.9088423
0.9765595
0.9289055
0.9402019
0.95559776
0.8816004
0.96009225
0.9419069
0.91709733
0.9403462
0.98153526
0.9674325
0.978666
0.9443711
0.99022293
0.9648082
0.8685317
0.93974304
0.9653479
0.9837537
0.98688734
0.97099173
0.81845975
0.943342
0.94928586
0.9946751
0.8845893
0.8744084
0.98995006
0.912221
0.98406434
0.97779465
0.94171196
0.94705766
0.86889344
0.9475689
0.4858664
0.9928884
0.9311453
0.8504681
0.949656
0.9588195
0.847968
0.9445481
0.9800477
0.97221005
0.99467653
0.94227564
0.8877969
1.0
0.99999994
0.88582236
0.9796821
0.9853437
0.9820615
0.99029934
0.95818603
0.97381866
0.9195495
0.91124636
0.8853779
0.92766553
0.89651257
0.9637757
0.95172817
0.90123385
0.88898987
0.9242378
0.9958109
0.763006
0.907818
0.99258643
0.98814785
0.9999999
0.97416747
0.9706083
0.98158836
0.97044456
0.99047685
0.9577132
0.94714254
0.9563494
0.97137696
0.9382641
0.9441147
0.80677223
0.8456339
0.91392124
0.96171045
0.95114267
1.0000001
0.9506825
0.9478217
0.92003363
0.75383145
0.9487919
0.98529387
0.95360005
0.96811223
0.983213
0.9153945
0.9923232
0.8808354
0.93474543
0.99819183
0.96726894
0.98560065
0.9856281
0.98162925
0.5448816
0.92842793
0.98684824
0.9606275
0.89422023
0.7339827
0.9063761
0.97761434
0.9371877
0.7552749
0.97264165
0.8584005
0.9970586
0.9583076
0.8892685
0.992782
0.9779501
0.9581289
0.8915429
0.8768913
0.87611246
1.0
0.863178
0.8398002
0.86083317
0.9034371
0.9699968
0.98903894
0.90109706
0.71295065
0.9984212
0.99989253
0.9006627
0.9045259
0.9078002
0.96501637
0.82209504
0.982607
0.8649863
0.99605334
0.79288673
0.99489284
0.9766841
0.9660289
0.9283255
0.9865781
0.9295068
0.9240328
0.99270207
0.92736614
0.95825344
0.9915311
0.6097883
0.9732345
0.83591145
1.0
0.9092763
0.97194135
0.93778896
0.8935698
0.96161443
0.89750516
0.95544416
0.9999999
0.94787407
0.8741834
0.93740296
0.9904125
0.969722
0.929183
0.8536569
0.9091694
0.9550005
0.9966248
0.9032167
1.0
0.95900464
0.8759413
0.99274695
0.7458601
0.92427516
0.94056356
0.9653296
0.9883546
0.99218476
0.8971232
0.85430825
0.96413296
0.9595705
0.79654515
0.93929225
0.9744048
0.87014556
0.9967905
0.989084
0.980862
0.96689194
0.92923194
0.92532885
0.8294735
0.8686005
0.94041026
0.93778765
0.92574155
0.9506494
0.89263415
0.7021822
0.81165695
1.0000001
0.95897186
0.8823034
0.97214127
0.9914562
0.81626415
0.9972478
0.88413453
0.99973965
0.8741445
0.95708704
0.85361207
0.7540868
0.96924543
0.97967905
0.9183526
0.7548346
0.83549714
0.9758171
0.7322487
0.9801914
0.9292683
0.7876797
0.9046627
0.88825214
0.9818814
0.96606416
0.8859413
0.8439244
0.91409194
0.97446865
0.9992251
0.98986083
0.97514427
0.7290621
0.9259578
0.7351997
0.9444876
0.91375136
0.9638023
0.9918479
0.9332957
0.9266197
0.8708564
0.9820952
0.8654803
0.8414075
0.7044461
0.98356575
0.8046654
0.78337544
0.90703964
0.98279405
0.9706478
0.98051554
0.7566794
0.9959748
0.98358583
0.84861624
0.9443046
0.9795726
0.99977237
0.9935197
1.0
0.9980782
1.0
0.9707312
0.9931198
0.9228355
0.83010614
0.97380376
0.87592614
0.6385172
0.955889
0.7458821
0.8754705
0.9864598
0.94530904
0.8800036
0.99999994
0.9655992
0.8204688
0.90462804
0.9108994
0.9879046
0.81435984
0.8581008
0.98090905
0.9264465
0.92124236
0.986764
0.97225827
0.99546254
0.90216935
0.85054636
0.7400406
0.99517477
0.9889309
0.9358916
0.94253135
1.0
0.9186556
0.71389675
0.9237628
0.9864288
0.9293637
0.912428
0.9146099
0.9544661
0.7565697
0.942174
0.9296336
0.98436695
0.9973612
0.84319055
0.98083806
0.99488306
0.9746668
0.92965007
0.93291694
0.95693773
0.8329741
0.7974032
0.9842073
0.975572
0.92735213
0.93838537
1.0
0.9817164
0.98477846
0.9537777
0.99892783
0.86350334
1.0
0.9819064
0.7897574
0.88774604
0.9225365
0.9271639
0.8659744
0.8711494
0.921245
0.9263874
0.9964127
0.9328376
1.0000002
0.90437514
0.8349341
0.9565762
0.94983137
0.98632044
0.91457415
0.94180626
0.97976696
0.9320158
0.9710901
0.7920325
0.95212173
0.8699467
0.98478746
0.94407743
0.97237
0.92149496
0.8425338
0.98598486
0.92929476
0.98580706
0.8734145
0.9999998
0.9311344
0.9424454
0.63167864
0.98809606
0.96471804
0.9567375
0.9766049
0.9682879
0.985299
0.99070364
0.7863264
0.876484
0.9002336
0.9949341
0.9004375
0.873865
0.9104247
0.9594467
1.0000001
0.9999999
0.97103167
0.8704005
0.7561872
0.9769844
0.8684969
0.9344939
0.8986425
0.9850962
0.96326137
0.95766425
0.93666375
0.9487325
1.0
0.7584237
0.73486173
0.96596503
0.6554067
0.99732786
0.83624464
0.9739542
0.8050114
0.97672474
0.96580493
0.9656614
0.9933864
0.996414
0.90721476
0.9531885
0.6684611
0.98108387
0.85707104
0.95430243
0.85276675
0.9331583
0.67082524
0.8190166
0.8666204
0.98368704
0.92928576
1.0
0.95787007
0.945181
0.7827597
0.9700936
0.9525967
0.9415388
0.94290996
0.9415801
0.8244052
0.98941463
0.95362246
0.8849894
0.9687395
0.8618581
0.9913752
0.90398014
0.9960109
0.8962631
0.90779084
0.9643598
0.8530556
0.99999994
0.9738195
0.9672253
0.90471154
0.91101176
0.9675299
0.8528398
0.99917215
0.95200217
0.9510942
0.92563117
0.99245864
0.94954634
0.9693228
0.9928831
0.8651595
0.99542993
0.95090646
0.834367
0.995748
0.98788095
0.9938046
0.9124814
0.9631111
0.9915558
1.0000001
0.99637735
0.8861729
0.94016755
0.990988
0.9999999
0.9180288
1.0000001
0.90295804
0.9827267
0.99857056
0.98265445
0.9454954
0.95986545
0.87087667
0.8784164
0.74659944
0.9005964
0.80748343
0.977558
0.63310874
0.9918175
0.5750355
0.84657013
0.85652727
0.96392125
0.7526172
0.94970304
0.8531517
0.9999999
0.93804705
0.9662108
0.8856727
0.99436986
0.9091211
0.9597477
0.8231411
0.9543317
0.7850106
0.9940752
0.71856457
0.86350834
0.9819368
0.7501146
0.95897233
0.9477354
0.86185
0.99144924
0.9838781
0.9949182
0.9055612
0.9504193
0.99153394
0.9758549
0.99810463
0.873502
0.9564826
0.7477589
0.99999994
0.9325117
0.9254542
0.9983046
0.97771126
0.9513185
0.9991963
0.79005396
0.8958202
0.99986625
1.0000001
0.9246396
0.9982128
0.9928016
0.91964084
0.9641088
0.7905503
0.9719527
0.88770443
0.9282193
0.99999994
0.97091806
0.9648316
0.989193
0.99999976
0.9513978
0.9366723
0.9777322
0.84457636
0.8849285
0.97366816
0.98086417
0.9983235
0.96992636
0.99295413
0.9976524
0.965049
0.956106
0.99193573
0.86602545
0.9467194
0.7708912
0.9349143
0.7379644
0.9029104
0.9159831
0.9995997
1.0000001
0.8566078
0.73797077
0.9804109
1.0000001
0.6749865
0.9990666
0.93197685
0.9507252
0.931201
0.9304906
0.94063777
0.9029641
0.8637835
0.9922077
0.9310969
0.9031526
0.99999994
0.89304113
0.96709645
0.67344666
0.99939007
0.5670228
0.9377106
0.76991224
0.8773496
0.9757172
0.88377005
0.90975416
0.86603475
0.95637685
0.74859977
0.9581553
0.81571215
0.9999999
1.0000001
0.89411616
0.99999994
0.98866504
0.90384513
0.8434286
0.99939024
0.92100227
0.89244103
0.8584044
0.92520976
0.99999994
0.8987937
0.97258645
0.8482239
0.9876711
0.99214387
0.85016423
0.97613275
0.95659447
0.9176744
0.91128683
0.91057307
0.9525387
0.9489919
0.98360264
0.96192
0.9097903
1.0
0.9879638
0.94788164
0.9294388
0.95866656
0.7918569
0.93458647
0.8970813
0.9939098
0.9945445
0.91204226
0.9898329
0.8910638
0.8983016
0.9824441
0.9979794
0.742874
0.9460264
0.9517094
0.81317437
0.72448987
0.95016974
0.86789423
0.90366435
0.96089876
0.82268107
0.6987107
1.0000001
0.8542237
0.9888059
0.9445067
0.98058724
0.98563725
0.72745454
0.9702443
1.0
0.98501575
0.9659257
0.9892659
0.86269844
0.9379194
0.98016626
0.86813897
0.8100383
0.9963344
0.9580922
0.9591803
0.9458939
0.9488089
0.9886076
1.0
0.8627943
0.9015924
0.9589051
0.8788463
0.94662935
0.8899892
0.9719902
0.9615468
0.99854374
0.9955966
0.74511826
0.9365126
0.9840957
0.9695859
0.92085695
0.9886234
0.99942607
0.8787645
0.9902075
0.9272447
0.90439373
0.8705902
0.95032156
0.87099445
0.74394155
0.8576566
0.807842
0.9155058
0.9209334
0.855545
0.97111166
0.9509876
0.6736011
0.9968626
0.9550173
0.98335177
0.9741472
0.9494002
0.98642164
1.0
0.9876176
0.8282567
0.9564337
0.9702704
0.97156864
0.8649858
0.9341603
0.9917581
0.963894
0.95935035
0.9371832
0.9999999
0.96636987
0.9999999
0.9999999
0.7453031
0.9472644
0.78116965
0.9122453
0.72353834
0.8956332
0.9767378
0.90550715
0.805989
0.9741602
0.9716107
0.9937037
0.9773506
0.980533
0.91646427
0.99328285
0.7267619
0.9058243
0.8756326
0.9518526
0.90424687
0.99406826
0.94245946
0.8995335
0.9892737
0.89066523
0.97603023
0.97183174
0.99697435
0.82550377
0.9996565
0.99811846
0.99243987
0.8933852
0.9437503
0.9941439
0.93109477
0.9665421
0.9520841
0.9729093
0.9558847
0.92841256
0.9602409
0.92600113
0.9001105
0.9631336
0.9325198
0.94448906
0.70115083
0.9752145
1.0
0.9538754
0.932415
0.9181622
0.9432223
0.7814064
1.0000001
0.97433525
0.9887134
0.9742642
0.8613659
0.99116397
0.99999994
0.92837185
0.99590266
0.8190574
0.90265274
0.8602597
0.98072004
0.9808476
0.9997393
0.96911925
0.99445075
0.9020069
0.93225354
0.81944495
0.8819537
0.7933613
0.9596227
0.92655796
0.9536121
0.9922485
0.92824453
0.89608485
1.0
0.9929347
0.9596391
0.97638893
0.7001885
0.9407809
1.0000001
0.89204943
0.9999999
0.9112585
0.98323834
0.9746217
0.9435458
0.88084275
0.95134467
0.962471
0.96474284
0.7915156
0.9620336
0.96318734
0.94060916
0.9343163
0.97485816
0.9942115
0.9480925
0.98655355
0.90412813
0.922805
0.9993653
0.8774259
0.9152128
0.9952247
0.7201401
0.98076695
0.9660697
0.9327538
0.9995496
0.95150393
0.84591204
0.9026266
0.8995192
0.97901326
0.9610951
0.9397986
0.9892316
0.9145838
0.8320334
0.85900617
0.9296712
0.7569362
0.979289
0.8304381
0.9113557
0.8978568
0.9046587
0.9279916
0.98517084
0.8175386
0.89141583
0.6434125
0.95771325
0.9947672
0.8515872
0.9675573
0.96625894
0.8989291
0.9680766
0.9737481
0.9705156
0.9595087
0.9948158
0.9541952
0.6568668
0.93326735
0.9547155
0.9822132
0.93887645
0.9591666
1.0000001
0.9175154
1.0000001
0.887179
0.98739403
0.9833237
0.98872614
0.9924637
0.9472772
0.98651
0.88301826
0.90257007
0.98990464
0.9834991
0.8668945
0.9582132
0.9944955
0.9947828
0.84204996
0.964656
0.91722953
0.88290113
0.84828013
0.9814708
1.0
0.9513358
1.0000001
0.86047333
0.96862364
0.89428324
0.94055235
0.99259335
0.9613576
0.9657556
0.9277375
0.8894521
0.8887392
1.0
0.8814457
0.9481521
0.97964084
0.9625597
1.0
0.9999999
0.95608884
0.98576057
0.95938426
0.8332681
0.98897225
0.96448
0.9786353
0.97912455
0.98454255
0.95043755
0.97046906
0.97776586
0.72315776
0.9075026
0.9459217
0.9883547
0.91941154
0.94300914
0.94896823
0.7699299
0.69113076
1.0000001
0.9259262
0.97957295
0.94804025
0.96862274
0.9459309
0.971136
0.9312427
0.97447896
0.9997669
0.98989713
0.967451
0.9676294
0.99923205
0.95579565
0.9884451
0.9433448
1.0
0.95698917
0.9867779
0.9567574
0.963005
0.9665493
0.98188436
1.0000001
0.9364164
0.9632071
1.0
0.867612
0.9585422
0.9634223
0.9840542
0.8039073
0.9677262
0.8582574
0.9483013
0.96014285
0.9993057
0.99923617
0.85814095
0.76031506
1.0000001
0.96396387
0.99607456
0.9573963
1.0
0.9702204
0.9280703
0.99789435
0.97384477
0.8940946
0.98085964
0.995825
0.9411433
0.99203247
0.7839068
0.96474504
0.89950913
0.9466564
0.9670862
0.7820936
0.91251814
0.9782666
0.9924785
0.83576703
0.9736532
0.9406314
0.9293965
0.9560448
0.9724815
0.9239242
0.98870724
0.9517573
0.9662082
1.0000001
0.9757135
0.92683625
0.8946516
0.8993257
0.9995116
0.91299415
0.9503567
0.95357907
0.9709778
0.76176727
0.96408415
0.9242361
0.9519687
0.9761267
0.9629181
0.7765651
0.9184979
0.9106499
0.7734864
0.9954806
0.99275553
0.93608904
0.9996848
0.9348255
0.813448
0.90657055
0.9864286
0.9773222
0.8715179
0.9288421
0.9034277
0.832477
0.7579336
0.7930513
0.9823546
0.86814934
0.9915602
0.97984445
0.9999999
0.9239923
0.98543155
0.9936832
0.9463538
0.9734053
0.9046244
0.98552555
0.9629357
0.95132005
0.8642804
0.9720799
0.991655
0.871085
0.94722664
0.9718769
0.9210228
0.9979329
0.9623611
0.93265295
0.9784109
0.82827497
0.90118074
0.96997327
0.79716825
0.8888178
0.9649022
0.92348206
0.89033806
0.9273266
0.944491
0.8003502
0.8865285
0.85809445
1.0
1.0
0.94599295
0.9892081
0.9772575
0.9545588
0.9512644
0.96792954
0.9999999
0.9999999
0.9999999
0.98521733
0.9091744
0.86762416
0.99403584
0.932876
0.9721683
0.7963112
0.95428425
0.98872864
0.9340172
0.9391868
1.0000001
0.91529083
0.8166385
0.9921868
0.8479476
0.8672533
0.9800184
0.91942185
0.98569846
0.8932252
0.82223314
0.96627086
0.87529993
0.97319615
0.7859183
0.9646797
0.9804308
0.9944087
0.89924115
0.90574026
0.9109714
0.96404564
0.83805615
0.9033117
1.0
0.9064971
0.96563613
0.9157957
0.9725262
0.9347232
0.9714677
0.9798471
0.95453185
0.94205475
0.9578818
0.8910763
1.0
0.9010794
0.9391923
0.8868103
0.8163421
0.8438436
0.90439
0.9305585
0.9999999
0.92921555
0.9805245
0.91470397
0.98503214
0.91697145
0.8162343
0.9317236
0.9886746
0.94384414
0.94536567
0.9162308
0.9517765
0.98786193
0.9208841
0.9313356
0.92347986
0.8648083
0.78084654
0.98480207
0.99268293
0.53309256
0.9733633
0.94332314
0.9079358
0.9562522
0.97854275
0.96634704
0.88704705
0.90216815
0.9989896
0.980104
0.984537
0.9875617
0.99999994
0.9337841
0.89193106
0.92378515
0.8638847
0.8639813
0.9520956
0.94527
0.9495271
0.9992331
0.8421271
0.9367983
0.7594896
0.70140713
1.0
0.9808343
0.9551719
0.9854835
0.9840056
0.9894712
0.9978766
0.917338
0.9727477
0.9864768
0.92738867
0.77758914
0.82291913
0.99696606
0.97480035
0.9772576
0.9003182
0.9013665
0.99197185
0.9197283
0.8665227
0.90702945
0.88956994
0.86190754
0.9299724
0.9986482
0.99394244
0.9350936
0.9048604
0.8837046
0.93977994
0.9829358
0.7561816
0.96954286
0.92474896
0.898826
0.89300585
0.9736625
0.9919691
0.9442996
1.0
0.8629067
0.98009956
0.8857038
0.9819501
0.9904046
0.84921795
0.91096205
0.99033326
0.8769459
0.86402357
0.742294
0.71789426
0.937993
1.0
0.99171776
0.942237
0.89904386
0.7737628
0.8532409
0.7752406
0.92835313
0.88549834
0.9729548
0.7735489
0.92221725
0.8951303
0.9108344
0.9950835
0.9241991
0.9656861
1.0
0.9861835
0.9672093
0.858581
0.9817213
0.9017216
0.95804787
0.89557034
0.9270573
0.9946363
0.771665
0.9803821
0.88260436
0.98609746
0.95502263
1.0000001
0.9752936
0.9302335
0.9851427
0.96286803
0.9515712
0.86877173
0.9983089
0.97433865
0.9489057
0.964821
0.97658354
0.9395944
0.9999999
0.95722824
0.95543885
0.787945
0.99008566
0.9979138
0.8952563
0.8845185
0.8489678
0.9585639
0.95062333
0.9546453
0.952398
0.9218491
0.92022556
0.9811393
0.99901766
0.9976822
1.0000001
0.8650904
0.84255606
0.9557439
0.96159184
0.9878151
0.6927583
0.78358406
0.9787835
0.99004555
0.8955587
0.90349597
0.85324013
0.9681343
0.9639502
0.9207821
0.84865165
1.0
0.94362056
1.0
0.9202392
0.8710461
0.96795577
0.9783719
0.9841223
0.97171366
1.0000001
0.97220325
0.86254656
0.85897547
0.89766335
0.9711819
0.9748188
0.9723644
0.9227509
0.99551624
0.9619603
0.81927234
0.87984306
0.77306885
0.98074824
0.9913641
0.9710963
0.999336
1.0
0.96193486
0.9997872
0.7034374
0.9861293
0.9132989
0.97632504
0.7633307
0.97136724
0.8519814
0.95372534
0.8741696
0.94190294
0.7541334
1.0
0.99999994
1.0
0.758288
0.99576825
0.9899391
0.831138
1.0000002
0.9476816
0.8310764
0.98289716
0.9961028
0.8865557
0.9444965
0.74351907
1.0000001
0.88719624
0.8705144
0.9374351
0.79402125
0.8555931
0.92693686
1.0
0.97608215
0.8930818
0.8809072
0.7335144
0.9535561
0.9313642
0.980667
0.87398696
0.9666986
0.81196207
0.9333909
0.94675845
0.99999994
0.90478766
0.7821391
0.9852326
1.0000001
1.0
0.9912663
0.92695457
0.8879566
0.9030935
0.9853967
0.98946524
0.8964035
0.94003594
0.818163
0.8808909
0.9558264
0.98263556
0.9371665
0.91040033
0.97434235
0.9626424
0.8766519
0.94865704
0.83884615
0.98883593
0.9979491
0.9191147
0.984122
0.9272053
0.9996406
1.0
0.96786714
0.9397527
0.9686985
0.9335804
0.8457574
0.99403054
0.95035934
0.74997205
0.8353351
0.9287284
0.8642285
0.95668304
0.97540736
0.9681705
0.98965406
0.75813055
0.9355483
0.96950316
0.8365745
0.6084577
0.91520506
0.9999999
0.7842298
0.98589927
0.95329595
0.8811263
0.92979574
0.9435668
0.9492854
0.9186591
0.9965548
0.9681445
0.9726943
0.86082673
0.98888284
0.9999999
0.91640973
0.9991516
0.94282305
0.99613124
0.89743483
0.85680515
0.96440625
0.860564
0.9629727
1.0
0.9703028
0.7918855
0.9674378
0.9402049
0.81162673
0.99354273
0.9613326
0.9933041
0.99304605
0.9625628
0.8137408
0.9576192
0.85119784
0.9847078
0.986527
0.97602123
0.9840403
0.8436706
0.97609425
0.96498513
0.7988296
0.97630334
0.8869947
0.7110203
0.03953798
0.9386613
0.9774309
0.97560275
0.9386554
0.9145491
0.91372746
0.96355146
0.990603
0.9209215
0.8056858
0.94442916
0.9941589
0.9946017
0.8966282
0.9986061
0.87671196
0.8378596
0.77216995
0.9088228
0.965671
0.9674891
0.87344384
0.9533902
0.9836528
0.93827945
0.89575523
0.96404344
0.92740375
0.88913673
0.8007039
0.95844233
0.9302671
0.8381934
1.0
0.8767525
0.918966
0.9837328
0.8515547
0.98313534
0.99632657
0.90866584
1.0
0.9715244
0.9802604
0.9616744
0.9714585
0.88512105
1.0
0.9793697
0.920408
0.892603
0.92523617
0.9527266
0.9668627
0.9297754
0.9204868
0.64726293
0.9671098
0.8949854
0.8308539
0.88950586
0.8467175
0.9702066
0.9563186
0.98681045
0.9635222
0.96978587
0.8828324
0.98279405
0.9638305
0.99609494
0.98667777
0.96504587
0.93757415
0.9075513
0.994534
0.96407014
0.85970074
0.86410266
0.9663024
0.9616272
0.91519713
0.9919378
0.9751212
0.86527085
0.9321046
0.95372826
0.9731593
0.8124821
0.9384041
0.9650624
0.9783384
0.9566536
1.0000001
0.97958374
0.9761572
0.9501554
1.0
0.97815466
0.99866295
0.93847054
0.9923387
0.92756665
0.99999994
0.99021864
1.0000001
0.989779
0.8507972
0.93200636
0.76513994
0.87580514
0.96293986
0.85660017
0.9637814
0.8493054
0.97002006
0.95946175
0.9447271
0.9491807
0.9459618
0.86171955
0.8593566
0.9960662
0.992644
0.98392093
0.9700774
0.97036403
0.98342496
0.951625
0.92701024
0.98899007
0.7443864
0.9885364
0.8352769
0.90277725
0.99795806
0.9676243
0.84858024
0.9316941
0.9804538
0.9847332
0.9998771
0.9588551
0.84450525
0.9015439
0.95978576
0.9197126
0.93021727
0.96888673
0.8708236
0.9485657
0.97733337
0.88264894
0.84773403
0.9104031
0.8243526
0.84851587
0.971104
0.98493683
0.98524356
0.9521963
0.90196776
0.99501854
0.9419782
0.99363875
1.0000002
0.8520006
0.88400364
0.9332607
0.9955969
0.96034336
0.94061905
0.9032804
0.33588016
0.94281185
0.9990748
0.99247044
0.93220586
0.97739434
1.0
0.9277244
0.80270684
0.97440916
0.97909147
0.7942629
0.87727225
0.94758
0.9582159
1.0000001
0.9840225
0.8028122
0.94358444
0.88953817
0.9533333
0.7504564
0.8079647
0.7902961
0.9889996
0.9613662
0.92196935
0.9012096
0.91396046
0.9546925
0.9121212
0.96451217
0.9506718
0.8816103
0.9522627
0.66053605
0.8606739
0.90980756
0.99533343
0.93129694
0.89787465
0.9618367
0.9801804
0.9929423
0.91542643
0.9481456
0.94473636
0.86920625
0.9193171
0.8543893
0.8938046
0.98612255
0.92636025
0.8323846
0.9906845
0.9581928
0.8929939
0.78276855
0.9606987
0.94708383
0.75673145
0.87263227
0.8151875
0.99692947
0.92855096
1.0000001
1.0000001
0.6688742
0.9730201
0.9632474
0.9654612
0.9979148
0.9481243
0.9399837
0.8572403
0.95677197
0.88427544
0.9689758
0.93863845
0.88210994
0.9755466
0.99524766
0.9797573
0.8820603
0.9529348
0.8645418
0.93110543
0.98846966
0.88175356
0.8711622
0.99604106
0.9871469
0.8735627
0.92986715
0.9761834
0.79797006
1.0000001
0.8472394
0.86132973
0.8492653
0.8525689
0.9820067
0.7489499
0.9691042
0.86959237
0.9925922
0.8801644
0.99030715
0.74475235
0.9999999
0.9184105
0.9924419
0.9372885
0.97909045
0.8081591
0.7985844
0.95575166
0.95713973
0.89351493
0.9563119
0.94743097
0.9680278
0.9525624
0.9538295
0.9920223
0.99097717
0.98229074
0.9685402
0.99804235
1.0
0.9962804
0.9899239
0.7711063
1.0
0.93483627
0.88527983
0.81165576
0.9857957
0.919836
0.9290348
0.9684651
0.97659343
0.92003816
0.9878072
0.66358566
0.6238489
0.8120132
0.9844321
0.99978614
0.96331364
0.8185297
0.8235666
1.0
0.85872537
0.85514075
0.9513049
0.891511
0.97428566
0.9879192
0.99133587
0.9954717
0.9646093
0.6690831
0.9900018
0.958249
0.98209214
1.0
0.6116746
0.8505924
0.9849871
0.9999998
0.92167836
0.93857145
0.974182
1.0000001
0.95227796
0.97371846
0.9503498
0.9647088
0.9984181
0.9791042
1.0
0.92241555
0.87533927
0.9850273
0.81343186
0.9874904
0.83368903
0.9679718
0.9785508
0.95459783
0.8695481
0.82572186
1.0000001
0.7861983
0.8980201
0.8946986
0.8677351
0.86572427
0.9535386
0.8116913
0.97893673
0.90540326
0.9343456
0.99602896
0.99600625
0.9766991
0.9169819
1.0
0.9307553
0.9430219
0.9421372
0.8225472
0.90639484
1.0
0.97768986
0.98278666
1.0
0.6667583
0.9679609
0.78356844
0.97698
0.9546778
0.98803645
0.9721763
0.8700373
0.9219875
0.9652277
0.9193138
0.9871192
1.0
0.9598141
0.86064243
0.97669405
0.78254753
0.77129847
0.7986075
0.996335
0.76420414
0.9703253
0.9733479
0.83633506
0.98713887
0.82599807
0.99999994
0.9371282
0.9173073
0.9999998
0.92196894
1.0
0.98402184
0.9928114
0.9768981
0.8367732
0.98672986
0.98763204
0.90078723
0.80475456
0.8213728
0.96854377
0.9937991
0.99275655
0.99999994
0.96367586
0.9725958
0.87855697
0.9088237
0.9392505
0.99335086
0.95357484
0.8759247
0.8301863
1.0000001
0.77050537
0.8854253
0.9819599
0.9600497
0.97473836
0.9647621
0.959309
0.9899887
0.8718658
0.965313
0.7862976
1.0
0.9335454
0.9721352
0.7992845
0.9874116
0.9272661
0.9123061
0.93246233
0.95664513
0.9164812
0.9930939
0.7963298
0.9646884
0.96180993
0.9956703
0.96972084
0.93926805
0.8146831
0.99795336
0.926207
0.91307384
0.9993197
1.0000001
0.97249484
0.8947984
0.97539234
0.84885895
0.98355603
0.95825016
0.97355247
0.9976617
0.9357282
0.97728413
0.836871
0.9892879
0.9954426
0.96792114
0.96443397
0.8782302
0.94184864
0.9696877
0.90378517
0.8814529
0.9354372
0.99223477
0.9742828
0.91025627
0.99755013
0.76342463
0.98911756
0.68378717
0.9902808
0.9771633
0.9713116
0.9935037
0.99780965
0.90906334
0.72082305
0.9088035
0.98994285
0.9139463
0.9438561
0.9999999
0.9557253
0.9743214
0.94655555
0.956202
0.94262433
0.7395363
0.9556535
0.8785506
0.95780236
0.8202206
0.99561584
0.9498327
0.7085434
0.8531041
0.9145553
0.9924896
0.8914557
0.89721125
1.0000001
0.83299345
0.9943785
0.92661905
0.85723984
0.9359519
0.93725467
0.94168997
0.9920151
0.9695857
0.9767866
1.0
0.9885652
0.93990076
0.9662304
0.8427161
0.7864975
0.95457244
0.9259723
0.991548
0.9431398
0.99358845
0.8790679
0.999176
1.0
0.91850305
0.829025
0.9950131
0.95200026
0.9096591
0.9824195
0.95727926
1.0
0.9223596
0.9739247
0.9237182
1.0000001
0.97843707
0.9778701
0.9379464
0.9695773
0.88269484
1.0
0.8472204
0.93806326
0.87187016
0.97090155
0.9248523
0.97842187
0.86521894
0.9840139
0.9726136
0.9630693
0.9885256
0.85134906
0.8964252
0.92680645
0.99247015
0.8888067
0.941363
0.83080935
0.9453555
0.9822881
1.0
0.97957164
1.0
0.9899905
0.9956101
1.0000001
0.87594247
0.9974277
0.8567088
0.8097345
0.94694597
0.99667674
0.99045706
0.98345816
0.9525426
0.9382307
0.97521347
0.9667983
0.7948988
0.9841593
0.9745669
0.970435
0.90440005
0.96904206
0.98757756
0.9514499
1.0000001
0.7587118
0.9947862
0.918678
0.8736974
0.6617092
0.73456454
0.97865605
0.9121218
0.7769458
0.99462813
0.9937297
0.977089
0.9444064
0.9782475
0.96738684
0.49826664
0.9828038
0.8899549
0.9647593
1.0
0.9569001
0.8250202
0.95760703
0.84255314
1.0000001
0.97354627
0.993919
0.90777725
0.99999994
0.96045643
0.9579123
0.97703606
0.9902034
0.9704785
0.99520457
0.7266203
0.9859743
0.73399657
0.9714453
0.9230024
0.75214607
0.9980367
0.93510234
0.9741508
0.9713424
0.7968525
0.9871725
0.9719174
0.9610743
0.94535244
0.9839045
0.9924445
0.99068916
0.78907895
0.9388356
0.7856624
1.0
1.0
0.9973664
0.9063127
0.97691905
0.945171
0.9851897
0.8053879
0.95342386
0.83095706
0.89561915
0.9017913
0.9026321
0.7769755
0.9323583
0.9987169
0.9198737
0.8886035
0.9654425
0.86482024
0.93720293
0.90384394
0.98094475
1.0
0.9727128
0.95395976
0.8278084
0.9562346
0.76426417
1.0000001
0.8472761
0.9546349
0.91383755
0.92586595
0.9679653
0.9966841
0.96729195
0.66045076
0.94155294
0.99929917
0.8099865
0.97888786
0.9862466
0.81211066
0.93769765
0.7241736
0.84767187
0.9552629
0.93575346
0.98501384
0.6785822
0.97229606
0.8042877
0.9930327
0.99478817
0.92707443
0.931746
0.955297
0.9974874
0.96882397
0.4807475
0.9450737
0.94726217
0.7828585
0.9591201
0.98909956
0.98859715
0.9860154
0.96831286
0.76357675
0.85209686
0.9640846
0.9156419
0.9878087
1.0
0.83385146
0.9980429
0.9999999
0.98759615
0.9537135
0.9687665
0.99999994
0.8686951
0.95585537
0.9821903
0.5831532
0.99960285
0.97241604
0.93579847
0.9550302
0.9991712
0.5582286
0.95420736
0.7303907
0.97177756
0.9668289
0.9346589
0.99999994
0.98033893
0.836342
0.9942235
0.99867904
0.9796086
0.99822444
0.63479286
0.99007696
0.73418415
1.0000001
0.93454885
0.95604765
0.9045942
0.67711353
0.9690547
0.9554827
0.909136
0.85015595
0.92204267
0.9781422
0.93799657
0.999444
0.9762565
0.84169364
0.8910377
0.96540856
0.9965641
0.8094986
0.95408905
0.930405
0.99999994
0.85114396
0.85072255
0.97553843
0.9782692
0.9431766
0.99467945
0.8062415
0.91692764
0.9278738
0.9663908
0.9390883
1.0
0.99674284
0.90110934
0.84923637
0.98430943
0.8526211
0.99463695
0.96232384
0.6441907
0.9796393
0.97249585
0.9420821
0.7779136
0.8321177
0.90281093
0.8723598
0.88373214
0.99486446
0.78578746
0.90976363
0.92340547
0.9902482
0.9794578
0.96750104
0.95377684
0.93621135
0.97870946
0.73143506
0.91402847
0.9008328
0.8686583
0.9994518
0.53179324
1.0000001
0.82543284
0.98247814
0.885143
0.8793765
0.9929769
0.9069808
0.9977481
0.96603036
0.9813663
0.85465646
0.88139284
0.8441694
0.9919807
0.88763523
0.9553236
0.8976327
0.9999999
0.9913478
0.8010736
0.87223506
0.9690292
0.7907256
0.98046815
0.8499818
0.939003
0.9450438
0.9670844
0.8699069
0.94909203
0.99161285
0.9174005
0.9647081
0.9538787
0.9846021
0.94218206
0.93550384
1.0
0.7793326
0.9696039
0.97832763
0.96272075
0.9722441
0.9574671
0.997013
0.9502199
0.93664926
0.9427594
0.85045815
0.98813176
0.8887788
0.8819809
0.9049283
0.9055731
0.77855027
0.93267506
0.9923572
0.8427832
0.99854326
0.9560969
0.9538888
0.93869007
0.6535642
0.6559197
0.987029
0.85729605
0.9720628
0.9801984
0.9947917
0.98747474
0.930571
0.90544975
0.9697245
0.96644706
0.951687
0.95087105
0.9809011
0.9739487
0.7608529
0.9417379
0.9625005
0.9824443
0.9889312
0.931681
0.9770923
0.95100266
0.9802124
0.94975585
0.891058
0.98188984
0.96297926
0.9075106
0.96433556
0.98282576
0.96870255
0.94633716
0.9100284
0.9297391
0.9888427
0.91572595
0.9868947
0.8689677
0.99999976
0.97395
0.9346143
0.9815292
0.98440695
0.93963605
0.95822537
0.91072667
0.47260946
0.98789024
0.76507133
0.97039115
0.9221872
0.9754541
0.97306854
1.0
0.8769709
0.9241099
0.9845356
0.93187696
0.8729795
0.99242324
0.8719904
0.48628202
0.9822925
0.9406911
1.0
0.9837835
0.8650166
0.84905225
0.887028
0.9867811
0.9898463
0.9385301
0.8618897
0.9574118
0.9070513
0.9995938
1.0000001
0.8649703
1.0000001
0.7987295
0.9734496
0.9999999
0.9392103
0.96517336
0.8876026
0.9711452
0.9748105
0.69573694
0.9095
0.8916541
0.97340834
0.99999994
0.997037
0.8176918
0.9500172
0.94101334
1.0
0.96098703
0.7618356
0.95307696
0.97310257
0.94187236
0.97212243
0.98452336
0.9402994
0.82333523
0.8871034
0.6884657
0.91035265
0.97550696
0.8900949
0.95277166
0.90480745
0.91211987
0.8549044
0.95015085
0.8263714
0.9867096
0.97955203
0.9526936
0.6263647
0.99016416
0.8776999
0.98366904
0.99213177
0.9780049
0.95101255
0.9509505
0.8985549
0.9448398
0.91467637
0.7273301
0.9221197
0.85724455
0.97034454
0.99139047
0.88874567
0.7525621
0.95014673
1.0000001
0.7855202
0.97878194
0.84409034
0.94862944
0.992797
0.9788691
0.851251
0.919996
1.0
0.9900895
0.92882097
0.97785974
0.9749631
1.0
0.8744239
0.89028424
0.92727005
0.96116996
0.96854
0.98707926
0.9300365
0.991447
0.9607525
0.9889932
0.9057874
0.9678316
0.9105882
0.98853797
0.99999994
0.9858962
0.945456
0.6679528
0.7479867
0.97895
0.9137144
0.94671476
0.9072218
0.91397417
0.5685359
0.90375066
0.8326882
0.9758308
0.8509097
0.85456026
0.9436219
0.96457696
0.8162463
0.96358716
0.7625648
0.9090428
0.9848782
0.9504518
0.9764929
0.92777956
0.9696761
0.9500507
0.91714346
0.83900076
0.9285671
0.8314611
0.9633793
0.94618887
0.9622329
0.8507515
0.91219926
0.99751604
0.97788537
0.94965434
0.9720483
0.99226856
0.92065287
0.85817945
0.8667792
0.9437479
0.9126121
0.9533937
0.97702163
0.8974649
0.8768209
0.96076363
0.99153346
0.89605534
0.9994997
0.9933835
0.76387084
0.87285745
0.9895082
0.9181545
0.9454375
0.9999999
0.84628093
0.99332124
0.9857798
1.0000001
0.914707
0.9123634
0.9697361
0.9546708
0.99999994
0.9270913
0.9183203
0.8278478
0.9862954
0.9903576
0.9850869
0.98174626
1.0
0.998695
0.82494575
0.7958499
0.8041581
0.9705766
0.97791797
0.99135995
0.84898746
0.8292883
0.88174844
0.97505957
0.7876773
0.99999994
0.5974529
0.98310983
0.9856196
0.9684199
0.95493406
0.90310526
0.9857813
0.93003994
0.9824801
0.97893655
0.99793386
0.9010834
0.89365804
0.8697639
0.8607597
0.83936054
0.9971225
0.9723731
0.8109491
0.84503627
0.95360076
0.9999999
0.9900129
0.86623573
0.9998346
0.90436375
1.0000001
0.80967
0.9961834
0.7549357
0.9593478
0.9991988
1.0000001
0.97312033
0.7618617
0.90114796
1.0
0.88841677
0.9475989
0.7148048
0.89610505
0.99763584
0.9116123
0.9154502
0.8879258
0.9046331
0.8996575
0.9921112
0.9998262
0.9931315
0.82898617
0.9395283
0.93085873
0.91025376
0.8095952
0.95667624
0.92715275
0.9465252
0.99806607
0.91133696
1.0
0.7719125
0.9993674
0.94528496
1.0000002
0.924068
0.8961164
0.9674573
0.84149754
0.98557067
0.91162133
0.8660612
0.9926226
0.97376215
0.9996468
0.91607815
0.9386389
0.98323846
0.9999999
0.87971336
0.99152946
0.98575294
0.9910578
0.9495425
0.94723827
0.9984535
0.9694387
0.9244539
0.8836309
0.7531387
0.8493449
0.9653145
0.9746685
0.979823
0.9730575
0.9685871
0.91026145
0.96311057
0.9067793
0.98268926
0.8853428
0.870264
0.94645864
0.7753748
0.9970218
0.8212126
0.9412329
0.86521906
0.9826895
0.9353256
0.9619248
0.9527507
0.9503587
0.94885695
0.9722904
1.0
0.9374329
0.96510863
0.80712026
0.8695216
0.93950474
0.9965479
0.99415755
0.93305373
0.89201343
1.0
0.9637106
0.89187616
0.55999404
0.8249524
0.9863206
0.9761112
0.98816264
0.9403416
0.7909887
0.84222734
0.7379703
0.98146564
0.9999998
0.90204763
0.9358072
0.9082932
0.9997405
0.9045235
0.9766704
0.7743195
1.0
0.8521696
0.6538538
0.90163493
0.94769996
0.9014097
0.9637756
0.8328123
0.8830812
0.9603983
1.0
0.9915625
0.9304786
0.9124002
0.9630967
0.99450856
0.71343976
0.8494096
0.8682251
0.96847415
0.9382265
0.8822266
0.89906627
0.8582819
0.7450194
0.9757576
0.9804032
0.93671787
0.7978094
0.9871333
0.9999999
0.97945267
0.99153095
0.93594986
0.97104067
0.9667265
1.0000001
0.90688556
0.9766587
0.9068101
0.8751805
0.60420823
0.99848807
1.0000001
0.901891
0.9107613
0.8423372
0.8692527
0.79933286
0.99184614
0.9904949
0.9421262
0.9483458
0.9444632
0.8925018
0.95030534
0.9999999
0.9736664
0.86767995
0.72458035
0.92407787
0.8659686
0.6703881
0.8438015
0.9816914
0.8936782
0.9035746
0.99999994
0.95964396
0.9497131
0.86408055
0.89046085
0.9233813
0.8086282
0.84693617
0.8526411
0.97102207
0.98989946
0.97221446
0.95402426
0.8092383
0.98064137
0.96731097
0.9233632
0.9539878
0.9684282
0.9742973
0.70651984
0.6278652
0.9728289
0.8152735
0.9985432
0.9907404
0.8796907
0.8390611
0.81734926
0.9611657
0.950985
0.95869845
0.69672614
0.9416578
0.82048935
0.9876517
0.9702216
0.8675093
0.8847474
0.90496343
0.82091427
0.8841097
0.9796838
0.84932315
0.670137
0.9616393
0.99031645
0.88701874
0.997545
0.9920558
0.9999254
0.9984213
0.8491829
0.7917517
0.9636296
0.99999994
0.9782275
0.968672
0.9649235
0.98104554
0.9328033
0.9423221
0.9749226
0.92438877
0.869941
0.8095018
0.831697
0.9979191
0.8812943
1.0000001
0.89232105
0.9086143
0.92850274
0.98849994
0.98632085
0.86495376
0.981585
0.9720647
0.94803154
0.86916655
0.96203816
0.9515254
0.99141854
0.8646071
0.9491404
0.9465354
0.9661077
0.9813375
0.9941145
0.983293
0.9709957
0.99051785
0.9931994
0.9981502
0.9034322
0.93429506
0.98722696
0.8806033
0.96128464
0.96069264
0.97204447
0.9608593
0.87501544
0.944781
0.9830999
0.97262913
0.99500996
0.9772345
0.98295283
0.7828313
0.8539319
0.9959781
0.94665873
0.99680734
0.95543885
0.9375862
0.9956512
0.5357852
0.9825659
0.9267314
0.98989123
0.97094667
0.963372
0.97548807
0.98123497
0.99986875
0.9881852
0.955271
0.93819565
0.94481975
0.9999999
0.98667383
0.75173485
0.9250089
0.9933902
0.90710855
0.81048596
0.988669
0.9734031
0.99877894
0.8525371
0.8966603
0.9231081
0.92583287
0.8267672
0.95659333
0.99493015
0.9876107
0.98384565
0.9419489
0.76542044
0.96360123
0.95524836
0.9799667
0.98074484
0.97139055
0.9851399
0.95114315
0.9624783
0.9999998
0.9881656
0.95410144
0.9791564
0.9611771
0.9181342
0.99216336
0.9769438
0.9449637
0.98663604
0.9149006
0.99999994
0.99999994
0.97058606
0.79318666
0.92251766
0.9892102
0.906684
0.9231869
1.0
0.7980001
0.9347598
0.9863223
0.9728622
0.8858153
0.93249846
0.9042568
0.9992254
0.8421654
0.88948673
0.97759414
0.9618789
0.9787566
0.996999
0.99672467
0.9774547
0.94700265
0.91441274
0.95268357
0.89673173
0.91091114
0.9644554
0.742202
0.8290827
0.9999998
0.8900263
0.85430586
0.9620341
0.9831288
0.9158694
0.8546084
0.95771
0.9462046
0.93330157
0.8437674
0.8394347
0.84250623
0.89784986
0.841557
0.99951303
0.6672544
0.72959274
0.99886143
0.9935354
0.97351575
0.91082835
0.95686376
0.9890544
0.7653686
0.9916307
0.9185226
0.869083
0.96682775
0.9191291
0.8624493
0.87681293
0.7246548
0.9691752
0.91466385
0.98439425
1.0
0.88391286
0.93931663
0.9983348
0.8721644
0.80526084
0.863852
0.89154726
0.99999994
0.99825466
0.96268815
0.96411115
0.96642315
0.9636572
1.0000001
0.72332656
0.9978018
0.9860891
0.98096645
0.9772943
0.930494
0.9658376
0.99999994
0.9737817
0.7419666
0.98815167
0.99753267
0.78841627
0.95117474
0.97489595
0.99761224
0.93552685
0.9289295
0.9809786
0.8473689
0.96307456
0.941565
0.9983348
0.93475497
0.8906555
0.9995845
0.82580054
0.8198131
0.99364597
0.9889195
0.9017977
0.9333832
0.99492645
0.93307817
0.95070016
0.9971138
0.8772338
0.8845805
0.9436865
0.9994808
0.94563794
0.9306572
0.9703003
0.9694793
0.8989032
0.9678266
0.8745734
0.87642676
0.926344
0.9999999
0.8749383
0.99789286
0.99337256
0.5997696
0.99107283
0.9932243
0.9292578
0.9996262
0.9885606
0.96156263
0.86194646
0.9705545
0.9658576
0.97414815
0.95715725
1.0000001
0.9999999
0.9093443
0.90145576
0.9518882
0.99052083
0.976668
0.88633657
0.9887134
0.47145107
0.9918326
0.9313084
0.68926454
0.8981425
0.97944176
0.9178747
0.7924273
0.91808295
0.9516804
0.879755
0.82526326
0.894814
0.90152514
0.99999994
0.9008999
0.7764696
0.9643677
0.9645994
0.8836882
0.95383745
0.9305463
0.98888886
0.94629985
0.9375676
0.9962448
1.0
1.0
0.99880034
0.9569712
0.9253602
0.9607467
0.9493198
0.97060823
0.9303478
0.9747464
0.96922946
0.78574336
0.91601586
0.94505864
0.83297354
0.97760075
0.82360774
0.8825903
0.98543584
0.9999998
0.8607633
0.9745371
0.8449909
0.9225142
0.8647163
0.7950814
0.97732556
0.87146425
1.0
0.9302583
0.9998203
0.97064877
0.97143066
0.8928293
0.91471356
0.7150823
0.9819647
0.951022
0.9909133
0.99999994
0.9263269
0.9272342
0.96000457
0.8574849
0.96140575
0.94953936
0.75212884
0.9618473
0.8229193
0.9899435
0.8941881
0.9475631
0.8623523
0.9565121
0.9275173
0.9798164
0.7972503
0.9817074
0.9899432
0.9472159
0.99189854
0.9039385
0.9956964
0.9663094
0.98640484
0.93704516
0.9999999
0.8989784
0.87128484
0.79282296
0.95417297
0.9924402
0.9636926
0.9993103
0.94640845
0.9476402
0.8172567
0.9584179
0.97847736
0.97225225
0.860285
0.9796544
0.91885424
0.59635216
0.8314354
0.69522834
0.91018313
0.9617789
0.7824942
0.87084436
0.91844124
0.9917059
0.74200696
0.91502786
0.9930626
0.9657547
0.97936594
0.9042024
0.8080223
0.45701286
0.92630064
0.9989239
0.97232497
0.7180971
0.94518375
0.9819362
0.9329647
0.8943235
0.9983798
0.97981066
0.95252526
0.77961576
0.97948486
0.9168719
0.8739969
0.93767357
0.99222183
1.0000001
0.9940803
0.958529
0.969698
0.940935
0.9849709
0.95472175
0.993164
0.71628445
0.96245193
0.9631603
0.9630314
0.99286467
0.92666745
0.9672501
0.9196362
0.97429955
0.45378095
0.9912143
0.6891408
0.97260076
0.9899722
1.0
0.80446965
0.9941602
0.9283591
0.9999999
0.81400627
0.9987482
0.95481604
0.9943588
0.836872
0.94564664
0.9984808
0.91659284
0.87605935
0.96879804
1.0000001
0.9784751
0.96684235
0.9710784
0.89034534
0.94735193
0.99324524
0.98272836
0.98113996
0.94842225
0.98248994
0.83555555
0.8761288
0.9105189
0.90736294
0.9479624
0.95372015
0.93730843
0.973506
0.999457
0.9090347
0.8482238
0.975208
0.99314666
0.96887374
0.9590976
0.939976
0.95233035
0.94379914
0.9531039
0.98099416
0.9283918
0.92090887
0.88717943
0.9881834
0.9962309
0.9723052
0.7510927
0.95353967
0.98515546
0.9448846
0.93264204
0.98183596
0.7873844
0.94295233
0.74540734
0.8344533
0.9844304
0.95801723
0.8567341
0.98212683
0.9167491
0.9507708
0.9837744
0.980327
0.8410167
0.9821841
0.9010401
0.9702014
0.78973
0.9757737
0.9062856
0.99955165
1.0000001
0.9321471
0.9260829
0.98930633
0.9389624
0.8405343
0.7838689
0.8130895
1.0
0.9989429
0.9999999
0.9140428
0.9067663
0.9601702
0.95976216
0.9846335
0.98813003
0.9907688
0.9360582
0.98674655
0.9453166
1.0
0.9551791
0.9580162
0.87574315
0.9667173
0.96511793
0.84255296
0.85733783
0.99206775
0.53964245
0.9748949
0.98057735
0.75357676
0.9951633
0.97265464
1.0
0.96653783
0.78466535
0.9720351
0.984778
0.7988425
0.9724779
0.9708868
0.98819953
0.70976627
0.9484836
0.95170945
1.0000001
0.9990468
0.96514916
0.806118
0.9527879
0.9750515
0.90702105
0.86768144
0.879911
0.9117432
0.86223054
0.9924264
0.82846624
0.98128736
0.95012605
0.97932786
0.80227923
0.8596902
0.8562722
0.95974267
0.9250846
0.932573
0.991019
0.9069462
0.88893056
0.9859463
0.9863686
0.9207519
0.87339664
0.89554965
1.0
0.96043897
0.9497005
0.93678105
0.8884233
0.9879193
0.9727678
0.7085355
0.9321428
0.9374289
0.97016346
0.9947827
0.8945603
0.99298745
0.89744675
1.0000001
1.0
0.95415413
0.9780686
0.9713088
1.0
0.794966
0.98123646
0.9624124
0.99540555
0.967535
0.959762
0.9262904
0.9999999
0.6669755
0.97068524
0.9690582
0.9694363
0.90720075
0.97881275
0.99056995
0.9539963
0.8648769
0.99145484
0.92193615
1.0000001
0.89736223
0.9999999
0.95879906
0.91317177
0.8097559
0.9988998
0.94519955
0.8048432
0.8165557
0.9621803
0.9155088
0.9739405
0.94622433
0.97611094
0.96008635
0.74588114
0.92081994
0.98843014
0.84166974
0.92491984
0.91602117
0.9512715
0.96361744
0.8334616
0.8110867
1.0
0.8863075
1.0
0.95323503
0.97611517
0.8204516
0.9949916
0.9480699
1.0000001
0.964725
0.99999994
0.939967
0.9329196
0.7152617
0.98432565
0.74377084
0.8921279
0.9491643
0.9279068
0.94224906
0.9609062
0.8878981
1.0000001
0.9094423
0.8545001
0.9165316
0.9642172
0.98668176
0.8813751
0.8774953
0.9898625
0.87238526
0.9448951
0.96565497
1.0
0.888507
0.83339095
0.74788517
0.97396606
0.90595156
0.9672481
0.82905203
0.9083879
0.9572851
0.9560033
0.8703375
0.8383324
0.9030771
1.0
0.80742574
0.89119077
0.9586741
1.0
0.9947964
1.0000001
0.9386656
0.86155814
0.9610977
0.99999994
0.98537946
0.9307419
0.99030083
1.0000001
0.85144365
1.0
0.95237374
0.9469513
0.8085119
0.78091943
1.0
0.88245535
0.986023
0.8746721
0.93877566
0.9261377
0.9994288
0.8727863
0.90365005
0.81642884
0.87693876
0.97467154
0.90404475
0.8881541
0.9879799
1.0
0.762337
0.9370116
0.84140515
0.9367008
0.9854386
1.0
0.9185978
0.89348674
0.8843735
0.96327215
0.90842056
0.6657411
0.952013
0.8586433
0.878083
0.8904278
0.48610085
1.0
0.99787045
0.91009384
0.9250138
0.9367818
0.93707126
0.9415193
0.91666687
0.9771994
0.94217473
0.9109143
0.94470644
0.9134513
0.86903393
0.8979925
0.94337845
0.99999994
0.8314879
0.9764373
0.93568647
0.8632425
0.99135536
0.76569194
0.95419896
0.8892219
0.9981204
0.9693425
0.91968846
0.97838384
0.7485044
0.786028
0.9377452
0.8183496
1.0000001
0.7932087
0.9462258
0.8624445
0.95453227
0.8061855
0.9240489
1.0
0.9799948
0.9057981
0.7758707
0.9527087
0.90813017
0.9115023
0.760643
0.9739296
0.8128349
0.87346137
0.9743455
0.9575097
0.99866426
0.9928298
0.80542463
0.8632474
0.9111113
0.94258696
0.7850982
0.92765695
0.85149574
0.885709
0.83409333
0.7724496
0.82999575
0.98025143
0.98377323
0.8824571
0.85488045
0.9772388
0.984648
0.9379633
0.94950414
0.9264021
0.70344204
0.94278747
0.7571948
0.96147585
0.96881145
0.8016886
0.8992529
0.87675047
0.95849407
0.6999536
0.97697383
0.9983828
0.94203395
0.96076185
0.9665117
0.91357255
0.99125135
0.9481291
0.9814255
0.9774594
0.9983486
0.71860397
0.9711966
0.7759204
0.94786346
0.91454
0.7746837
0.92319643
0.9152688
0.98699903
0.9511455
0.994038
0.96818507
0.99244523
0.9876526
0.93366295
0.7795399
0.9973401
0.9912785
0.95824695
0.8631496
0.96205
0.9144986
0.97476596
0.9671597
0.988566
0.59542435
0.8779974
0.9600759
0.8839395
0.9895561
0.99259496
0.9706368
0.98530626
0.9868686
0.9204667
0.95445186
0.995613
0.956317
0.9834713
0.92103446
0.9807515
0.7327626
1.0
0.97281796
0.8989122
0.81887805
0.9861965
0.6942384
0.9870528
0.9808278
0.8660469
0.85369354
0.875227
0.8852335
0.9503117
0.9811576
0.98486316
0.9023915
0.9689417
0.9924108
0.76346546
0.8441633
0.96214604
0.8515145
0.7976253
0.9861871
0.94803023
0.94266385
0.9517024
0.98532486
0.99287426
0.923393
0.99917847
0.9259333
0.9099275
0.97113717
0.99999994
0.91580486
0.9952249
0.9816721
0.9598832
0.90061057
0.90610516
0.99308014
0.9195475
0.9968163
0.9843277
0.96983105
0.9622472
0.97563446
0.98910713
0.9803939
0.8556649
0.743122
0.9177766
0.7399297
0.90023506
0.99854076
0.9419216
0.9438398
0.9744493
0.979074
0.9673805
0.9546911
0.75969857
0.86076295
0.78649944
0.9812925
0.9421304
0.83789647
0.90140074
0.85833406
0.92017084
0.96762687
0.8612525
0.9958907
0.9589225
0.79156226
0.8828416
0.9927387
0.60254323
0.91476387
0.99999994
0.954977
0.9002558
0.8370807
0.93289983
0.9832372
0.71648276
0.9864559
0.97055304
0.9672945
0.93266785
0.66830033
0.8751531
0.95220095
0.94723094
0.9632138
0.95893633
0.9648187
0.8415311
0.97706276
0.8778803
0.86498785
0.92214775
0.97794557
0.89152753
0.7170723
0.9174084
0.8418241
0.8483204
0.9788622
1.0000001
0.93040806
0.79277056
0.86200863
0.9644955
0.94706196
0.9405192
0.773777
0.9494742
0.99467283
1.0
1.0
0.9360248
0.94199467
0.8416045
0.7663657
0.9178614
0.81721896
0.8276086
0.9982083
0.8668131
0.96940804
0.9190755
0.9729384
0.86760306
0.85968536
0.58630687
0.93452
0.88311183
0.9736568
0.86083055
0.9754421
0.8755088
0.93724775
0.9441582
0.9627906
0.8042103
0.9706888
0.8471338
0.8197973
0.91894126
0.96509075
0.728641
0.85932934
0.96470034
0.9711932
0.9999998
0.9497819
0.9645914
0.97566676
0.99949074
0.99452406
0.92676044
0.96677935
0.9991072
0.95147926
0.93868613
0.9863271
0.79153025
0.9932407
0.9532297
0.9259187
0.989121
0.9700129
0.98802257
0.78463155
0.87993664
0.98513126
0.86494786
0.9457824
0.930738
0.85997844
0.90791345
0.93100363
0.9748368
0.99331975
0.80518866
0.96045995
0.8721406
0.97649384
0.9906421
0.9995707
0.9356793
0.96075505
0.9728864
0.9276085
0.9209194
0.9913338
0.96222335
0.9862782
1.0
0.9616411
0.9771471
0.8817023
0.90176225
0.9624745
0.99105406
0.9897207
0.9921818
0.732934
0.7045684
0.99999994
0.99999994
0.92858785
0.94613063
0.93179566
1.0
0.9126018
0.8375717
0.85868865
1.0
0.82311183
0.8349271
0.95727897
0.94769865
0.7243472
0.9713353
0.99274
0.79815423
0.9920329
0.91301453
0.917457
0.7004668
0.98623586
0.9380727
0.7395536
0.8815465
0.873713
0.837522
0.96408826
0.87734425
0.9999999
0.9682492
0.9953314
0.913546
0.91498446
0.9618796
0.9532254
0.756738
0.9503418
0.951383
0.95732194
0.9999999
0.9470794
0.9036285
0.84858847
0.95001596
0.99721587
0.9485641
0.9717355
0.8515439
0.86790866
0.7777488
0.97997135
0.9097776
0.9143696
0.8386973
0.80128753
0.9304119
0.9799799
0.9122533
0.93625414
0.7305879
0.92421013
0.98990524
0.74600524
0.98692435
0.9787387
0.9745623
0.97358114
0.9119377
0.95550495
0.89606446
0.9893011
0.9651884
0.87762105
0.8573475
0.8625315
0.9564327
0.98531103
0.9884643
0.9287247
1.0
0.99765855
0.960959
0.95555687
0.945137
0.8614437
0.95640105
0.9999999
0.8610097
0.8045416
0.9754217
0.9901507
1.0
0.9707835
0.88940495
0.94786346
0.9821906
0.9988514
0.888035
0.85807675
0.9921049
0.95160645
0.92407084
0.90265954
0.9732161
0.8327005
1.0000001
0.96099436
0.96928436
0.93709874
0.92974347
0.97577375
0.934211
0.9659148
0.97550344
0.974278
0.97047246
0.9080474
0.80229646
0.9284783
0.91842484
0.82025397
0.96501625
0.7237333
0.89920187
0.9534267
0.73408836
0.8747759
0.9999999
0.74946994
0.7196938
0.9056681
0.9812278
0.8961804
0.99799156
0.9508326
0.93496585
0.80577314
1.0
0.8119707
0.8661555
0.81939733
0.95694304
0.98836005
1.0
0.9626547
0.97874147
0.99742866
0.97270525
0.93013334
0.76383907
0.95220906
0.9625731
0.96462166
0.9744005
0.9573776
1.0000001
0.99165577
0.6495279
0.9713061
0.9634517
0.94738925
0.99431777
0.9794014
0.9983673
0.98128283
0.9578114
0.9171597
0.968423
0.97840023
0.95793295
0.86140347
0.99184614
0.964883
0.9507343
0.9665827
0.9006282
0.9865652
0.984092
0.98949933
0.99932694
0.90419555
0.882749
0.78987694
0.9651334
0.96581095
0.98099864
0.80792016
0.9792923
0.89356965
0.96891564
0.8750934
0.9933854
0.8894068
0.8836167
0.9802524
0.85011864
0.94327414
0.8329259
0.8987323
0.992938
0.96122843
0.8924874
0.9895365
0.9999999
0.9478153
0.73712087
0.98527586
0.98493844
0.9259568
0.96573454
0.8987149
0.93761283
0.8885073
0.99194545
0.99167764
0.9401087
0.9696806
1.0
0.94440335
0.8607336
0.9785134
0.9568181
0.99969923
0.9990648
0.95847857
0.7309196
0.9320071
1.0000001
0.9968705
0.8650149
0.90108746
0.9796076
0.92106766
0.5344819
0.87133425
0.9257526
0.9054259
1.0
0.9512186
0.9687176
0.97506976
0.95392954
0.98674744
0.9293701
0.96653235
0.9999999
0.9808755
0.8783456
0.97490114
0.92897147
0.9948272
0.9342367
0.9405965
0.9612999
0.98889434
0.90608644
0.9375433
0.9352805
0.9577527
0.9063767
0.89516807
1.0
0.9574434
0.82597387
0.9865755
0.961283
0.97334164
0.971112
0.90738
0.8626256
0.8721633
0.92308265
0.9831847
0.9198825
0.9874994
0.90713155
0.82627803
0.91784906
0.9996971
0.9024781
0.9517991
0.935651
0.89005613
0.9595676
0.8406218
0.97907794
0.99557334
0.9881388
0.91146153
0.9922814
0.962891
0.94966626
0.9789694
0.8063282
0.9214908
0.9090838
0.93991506
0.97447866
0.9308474
0.9917404
0.9743471
1.0
0.93941087
1.0
0.95462626
0.98410034
0.9652722
0.8721821
0.97576547
0.9430511
0.93275654
0.8701253
0.8385647
0.8311019
0.9416368
0.86938876
0.95677125
0.99571306
0.87879217
1.0
0.88064027
0.78802145
0.9069088
0.99405545
0.967294
0.9749549
0.9189079
0.9797418
0.75703424
0.9478438
0.95465136
0.9056949
1.0
0.9687304
0.84999007
0.8848612
0.9985858
0.9448899
1.0
0.92093545
0.8976877
0.86015666
0.99236953
0.84521
0.9878736
0.960517
0.82999957
0.89452887
0.99926317
0.8692256
0.9995688
0.9076201
0.9267615
0.95119226
0.8604146
0.76546675
0.7377887
0.9106876
0.72257715
0.8674269
0.879165
0.76906663
0.97117996
0.98366475
0.8790382
0.98756146
0.9999999
0.95956373
0.85299355
0.895256
0.9206101
0.99390763
0.77620935
0.8285252
0.97674876
0.9938333
0.9459921
0.93780154
0.9264542
0.9335323
0.9412989
0.8739168
0.91667914
0.99410737
0.9862358
0.95625037
0.917684
1.0
0.95163196
0.86931324
0.85358375
0.9999998
0.9783079
0.84901726
0.9715464
0.9779453
0.8873009
0.6987739
1.0
0.8623369
0.95662767
0.99775636
0.86873263
0.99885637
0.9339012
0.9999999
1.0000001
0.932251
0.8125288
0.7762624
0.9856211
0.89892966
0.95317715
0.6645318
0.89386094
0.95821345
0.8972789
0.76155967
0.95480776
0.9374727
0.9928615
0.9999999
0.9710942
0.91920185
1.0000002
0.9795769
0.9139871
0.9962892
0.9101531
0.96897435
0.94322205
0.84757495
0.96298695
0.9779481
0.98356503
0.89390767
0.9729459
0.9995755
0.9760517
0.9977379
0.9984681
0.9331981
0.85749596
0.867271
0.99999994
0.97794884
0.95628357
0.8058132
0.997341
0.9456481
0.9973673
0.9158963
0.8392932
0.8970483
0.9186747
1.0
0.9482926
0.9261743
0.7995974
0.8994719
0.9969382
0.8269158
0.9264174
0.9776443
0.925148
0.81533694
0.9495839
0.9763615
0.8841796
0.93407667
0.93320346
0.95732796
0.9761435
0.9597069
0.99999994
0.6725197
0.9267301
0.9871338
0.9127092
0.97273916
0.87883335
0.99108046
0.873894
0.94534284
0.89643705
1.0
0.9961623
0.9933005
0.9067295
0.8172855
0.9336297
0.98818135
0.8944869
0.94259024
0.9732478
0.96430165
0.99161595
0.9850505
0.7991359
0.80960506
0.9223629
0.9919046
0.9229697
0.94839096
0.9387558
0.96918136
0.90021247
0.80037975
0.96486074
0.9999999
0.8691419
0.93473744
0.99090624
0.98835236
0.97126544
0.97956395
0.90869117
0.9999999
0.897512
0.9432863
0.99104047
0.9253602
0.92315394
0.9175189
0.99292433
0.9902229
0.86668277
0.7207638
0.870446
0.88930273
0.95908296
0.82844156
0.99602926
0.9710453
0.8518427
0.97874385
0.86762804
0.8504587
0.9217691
0.93807334
0.944026
0.81064165
0.9673862
0.9474443
0.7431389
0.8836931
0.98537624
0.97257495
0.85895944
0.9500673
1.0000001
0.9816081
0.9598144
0.8955129
0.87984073
0.9991785
0.9177426
0.93193567
0.85083055
0.85127854
0.6891527
0.97852147
0.6849493
0.855995
0.9679542
0.87800556
0.8980833
0.91125536
0.9943793
0.914319
0.94437134
0.88628775
0.95859236
0.9511928
0.9887808
0.9928232
0.86457974
0.8732822
0.95488167
0.9003382
0.85346526
1.0
0.9591097
1.0
0.9624691
0.94949716
0.95396256
0.97819376
0.96765935
0.9260745
0.94824755
0.9810771
0.7785676
0.9906721
0.9711379
0.96133715
0.9398378
0.97689474
0.99480367
1.0000001
0.9779935
0.5297657
0.980795
0.99999994
0.9270828
0.8856091
0.9306259
0.9381086
0.9331666
0.840894
0.93005615
0.94969004
1.0
0.98610544
0.9743215
0.89037967
0.9781389
0.80689573
0.805783
0.99379015
0.9673456
0.89173955
0.8477604
0.9658512
0.98204994
0.99999994
0.9872799
0.7588908
0.96179307
0.69998837
0.98336864
0.90717405
0.8685796
0.9987757
0.8936857
0.9517265
0.98364115
0.7963431
0.9996989
0.934413
0.88679534
0.84901863
0.8997949
0.9867369
0.93472326
0.89809906
0.57974553
0.9556349
0.90469253
0.8522322
0.9639946
0.921824
0.96917605
0.8660383
0.87770176
0.9688524
0.95264244
0.99999994
0.94422233
0.5098594
0.9820027
0.9703088
0.85724455
0.91001755
0.8850298
0.8104786
0.9917262
0.863641
0.9549374
0.8898133
0.93717945
0.8706492
0.7984622
0.81509495
0.9665341
0.9922459
0.768254
0.70726275
0.9854607
0.99933344
0.98382735
0.9882909
0.9690198
0.9679258
0.97005653
0.92974454
0.9725763
0.9108721
0.9140608
0.9025817
0.7627318
0.34143618
0.853297
0.94257843
0.9262271
0.9688494
0.9901709
0.81205916
0.99273986
0.8847692
0.9872978
0.9760115
0.884636
0.9295543
0.9642747
0.8924724
0.80553895
0.99586225
0.81664705
0.74962324
0.614949
0.92928934
0.939777
0.99816763
0.96600866
0.97302413
0.98496914
1.0000001
0.88124573
0.972693
1.0000001
0.97933775
0.91358954
0.7412876
0.92865
0.71567106
0.97975516
0.8661276
0.98839206
0.98592937
0.99514455
0.97072214
0.7766655
0.6539373
0.96348315
0.65207416
0.9588938
0.9879124
0.9428344
0.7551847
0.82793856
0.9496056
0.94501597
0.9069025
0.91326845
0.9276268
0.9814626
0.93482137
0.8477495
0.9641726
0.91967916
0.74395037
0.9916264
0.78974164
0.93410313
0.9464241
0.91678905
0.95723367
0.99477965
0.78640556
0.9211311
0.954806
0.8934331
0.99927926
0.9875828
0.8604383
0.99979436
0.9756061
0.8479915
0.9874531
0.9064574
0.94164777
0.9721072
0.92933154
0.82322997
0.9828709
0.945639
0.9895319
0.8997226
0.78746796
0.98129725
0.9296334
0.9075171
0.86164254
0.98371506
0.9864384
0.97491163
0.96187854
0.92906433
0.96920496
0.92549425
0.9460999
0.94586766
0.9503153
0.9374491
0.97322345
0.9386227
0.9815308
0.91031563
0.945241
0.9925921
0.95805323
0.95753586
0.97613543
0.9936939
0.70861244
0.91890186
0.8611174
0.8781343
0.9994178
0.9113604
0.67637557
0.9272236
0.98745775
0.92005193
1.0000001
0.79696214
0.93610555
0.97399044
0.9524762
0.9054562
0.9626553
0.9334477
0.9270029
0.9522182
0.99999976
0.89046544
0.9697529
0.96183383
0.93605137
0.93102896
0.9257925
0.94419605
0.9834788
0.96619916
0.72248816
0.99999994
0.9379592
0.85383457
0.94948626
0.9605253
0.9232745
0.859399
0.9518886
0.8877246
0.9999999
0.7653684
0.8498899
0.9999999
0.93182063
0.9503996
0.9628998
0.93118334
0.97830284
0.9968691
0.99940574
0.87747544
0.9559514
0.99665403
0.99963653
0.9572908
0.9439818
0.83211774
0.99028844
0.9406266
0.9955877
0.9274489
0.79858154
0.9801207
0.9902253
0.9079139
0.9378724
0.98115265
0.5606177
0.96200126
0.90008485
0.89277506
0.7840664
0.90540254
0.9945736
0.99202144
0.9574874
0.9625045
0.84581774
0.9810123
0.90607685
0.9071142
0.8204633
0.96523714
0.6812892
0.9186758
0.8068685
0.94340897
0.9369492
0.83886516
0.98651063
0.983196
0.98733616
0.8151931
0.9496603
0.811795
0.99640894
0.8822121
0.51165926
0.94098836
0.76314896
0.9405869
0.89555764
0.9543299
0.7462043
0.9305115
0.81719375
0.987212
0.86856544
0.9163839
0.8416221
0.7702351
0.81216
0.8887813
0.9752816
0.9172027
0.9608989
0.9474803
0.9471778
0.9495183
0.7673233
0.9804627
0.70959604
0.77872556
0.89056224
0.90573245
0.99402606
0.8076416
0.9890648
0.97225404
0.9916121
0.9854198
0.95466036
0.9377281
0.8404287
0.9608493
0.92440164
0.9765706
0.99554145
0.97925866
0.89465076
0.9989898
0.7949687
0.8003355
0.96308684
0.9257859
0.9508636
0.9581564
0.99957097
0.99219865
0.94749475
0.9503317
0.961013
0.94465774
0.83208585
0.85934865
0.9745932
0.9799069
0.914093
0.9642559
0.9454035
0.8935328
0.98748714
0.9276545
0.68694973
0.9583113
0.98785424
0.88452554
0.9088171
0.9199082
0.9999998
0.8973341
0.94722086
0.9910184
0.9716239
0.9982759
0.75026804
0.9903017
0.8892288
0.87769926
0.88983303
0.9929447
0.80290323
0.93746936
0.9105228
0.9999999
0.9705178
0.9666201
0.85971254
0.8478652
0.9980538
0.9582199
0.8295407
0.987152
0.99939424
0.91076356
0.964492
0.9294696
0.99937063
0.77108586
0.9691502
0.8590287
0.93324053
0.9957553
0.9798119
0.94727653
0.89364314
0.99645144
0.9929172
0.8748297
0.8781461
0.9111949
0.9593338
0.9853741
0.9918957
0.9773284
0.7119554
0.95877856
0.5989552
0.9660723
0.9693893
0.87460476
0.7797047
0.8146918
0.99388635
0.9354607
0.94832546
0.9723974
0.9852748
0.8551123
0.9852024
0.9966392
0.8580472
0.9670307
0.92160255
1.0
0.9927883
0.9294473
0.8670562
0.84267604
0.98885053
0.9824099
0.9966909
0.9565797
0.71829635
0.9999999
0.7807673
0.7061149
0.9999999
0.9638606
0.94611543
0.94624275
0.9977026
0.86308837
0.8384928
0.9593926
0.91812813
0.67353964
0.9772817
0.936403
0.88014007
0.8877368
0.8731147
0.95555836
0.9752481
0.9630293
0.8297214
0.97603285
0.98235965
0.95255166
0.9469062
0.99106514
0.9979463
0.9586152
0.98934543
0.93959546
1.0
0.9982681
0.7521577
0.9863896
0.9183447
0.9830693
0.8908413
0.9969654
0.9599057
0.9598633
0.97612154
0.9734437
0.84905803
0.8537008
0.96153086
0.9896994
1.0
0.9993559
0.8673705
0.9740781
0.8856769
0.8991493
0.9550624
0.8679583
0.74132985
0.9215794
0.8086672
0.9601599
1.0
0.9013838
0.9099387
0.9841549
0.9816352
0.9399894
0.8552421
0.9669894
0.95215535
0.8009209
0.96967274
1.0000001
0.9685566
0.9816792
0.9530818
0.7256287
0.88111883
0.9539195
0.94115746
0.7829676
0.8138311
0.83425415
0.7931523
0.9424122
0.92104375
0.9988212
0.713874
0.97883683
0.98044074
0.93987554
0.98902726
0.998255
0.6291871
0.90971816
1.0
0.9420971
0.96015847
0.9665616
0.9008788
0.8715125
0.7336089
0.9189085
0.9983002
0.98867154
0.91314965
0.9481684
0.9799403
0.989956
0.94398856
0.87476563
0.9439878
0.9181728
0.52759635
0.9928199
0.94486415
0.85178804
0.8531064
0.9565029
0.924718
0.84855425
0.9920862
0.90726626
0.957803
0.9239381
0.97424877
0.93147576
0.9717251
0.9952383
0.96927893
0.9223784
0.7262861
0.964873
0.97531044
0.9990253
0.8830501
0.9668405
0.98237985
1.0
0.96076894
0.9242109
0.97583425
0.93152875
0.9554785
0.8992246
0.8234513
0.9763991
0.82419205
0.97758543
0.9522712
0.959614
0.8254773
0.82008463
0.96182334
0.9679678
0.9567178
0.95195657
0.91550964
0.9886039
0.97762215
0.9846753
0.77043617
0.7944093
0.9112185
0.9560424
0.963035
0.9390111
0.88679934
0.92844665
0.96764565
0.9741464
0.9871577
0.97748965
0.83726203
0.860678
1.0
0.9081177
0.90746987
0.94710046
0.9965164
0.9417107
1.0
0.8557514
0.80988014
0.8953286
0.9620966
0.80157197
0.96676534
0.8502967
0.7727726
0.9528216
0.9730195
0.8649745
0.9188203
0.8868245
0.93397015
0.9934951
0.94291276
0.736434
0.97651273
0.9189331
0.8440753
0.92569804
0.9805593
0.752805
0.9753046
0.8869369
0.9906274
0.89297307
0.92914057
0.9895442
0.97709984
0.87850803
1.0
0.955923
0.96010125
0.8136644
0.99210334
0.97397995
0.8013803
0.9256574
0.9993891
0.9492705
0.7755967
0.60424966
0.76028275
0.9873333
0.83549565
0.9110125
0.92158675
0.94326186
0.9805511
0.96265453
0.86898375
0.9486794
0.8813308
0.8948271
0.87170064
0.7908976
0.98282754
0.96604145
0.98072594
0.97972494
0.9927626
0.94130486
0.9676331
0.9988625
0.8606077
0.9958092
0.8230909
0.9314195
1.0
0.9378421
0.88353604
0.821921
0.9585875
0.94480824
0.92751265
0.9239156
0.62039125
0.9714834
0.7020476
0.8995139
0.948895
0.8258144
0.92235726
0.93543434
0.9900213
0.8272874
0.6394412
0.677178
0.8208897
0.91208893
0.8859431
0.8805733
0.7541039
0.80678505
0.8855567
0.96255565
0.9838756
0.967466
0.9867096
0.97704107
0.9884579
0.9881679
0.879993
0.98874205
0.9067293
0.9807525
0.9075792
0.95752984
0.9311311
0.9995449
0.9544006
0.90417206
0.97840166
0.98988163
0.9477524
0.95878637
0.8102252
0.968286
0.9625395
0.78586906
0.88434684
0.9383917
0.8953949
0.8990189
0.83581394
0.9641836
0.9999999
0.91042835
0.94071954
0.9473195
0.97424763
0.9594306
0.7316756
0.93073434
0.98400486
0.54867333
0.9812561
0.97889787
0.97181153
0.82561797
0.9843064
0.7481822
0.98945385
0.99999994
0.9884459
0.99130225
0.68489414
0.96388173
0.72238064
0.56165385
0.9506722
0.8336742
0.94981855
0.9020216
0.9665301
0.9366591
0.94022197
0.8770725
0.9994992
0.9450332
0.89589274
0.9426706
0.9999999
0.82491016
0.99720526
0.99903595
0.97073853
0.9072344
0.94631565
0.88219476
0.9989456
0.9065927
0.8197134
0.9916553
0.8559946
0.9400523
0.9190488
0.8241294
0.9040196
0.934651
0.93436235
0.8190236
0.9916687
0.9548612
0.9511966
0.9111512
0.94286346
0.8484317
0.95318365
0.96171844
0.9255289
0.96450216
0.98378456
0.913033
0.98023754
0.7510697
0.7464626
0.95361495
0.943846
0.91157997
0.96211135
0.9534601
0.9803649
0.9641534
0.9620989
0.8646779
0.7492194
0.98101234
0.98014075
0.983451
0.8241082
0.8777995
0.79822177
0.92551166
0.9707362
0.8815241
0.9039215
0.9344861
0.93057925
0.84765816
0.8492405
0.9816491
0.9380902
0.9684623
0.93306804
0.9211735
0.9795582
0.9406881
0.94302845
0.93489605
0.874919
0.93594337
0.9947139
0.96894294
0.86413455
0.9485908
0.9968108
0.93386924
0.9690591
0.9067039
0.9612345
0.68979824
0.74803674
0.8639649
1.0000001
0.8903225
0.8667161
0.9194325
0.9735336
0.94098294
0.9858602
0.9777007
0.9963663
0.9352635
0.9132936
0.951785
0.89538264
0.8934745
0.993848
0.9879373
0.9709412
0.93355405
0.88861567
0.97336316
0.97556114
0.9654154
0.97013205
0.8631289
0.7364659
0.91899407
0.9623769
0.96330667
0.81914145
0.9734737
0.99999994
0.92861015
0.8386468
0.99769247
0.94327205
0.8100811
0.87191445
0.94883996
0.9024771
0.7855398
0.9169677
0.9536326
0.91001856
0.9586297
0.4695833
0.7019407
0.94939375
0.9439673
0.91189027
0.73254216
0.8687979
0.87349725
0.99800605
0.77320755
0.76856524
0.79155207
0.98668635
0.93517715
1.0000002
0.8554881
0.7814751
0.95065916
0.97266924
0.84245616
0.9736912
0.9276958
0.9576529
0.9509645
0.99273294
0.9561884
0.95257354
0.94923174
0.803862
0.9236606
0.76780224
0.8937626
0.88734317
0.98518133
0.9435975
0.88037044
0.94018644
0.9594098
0.94730496
0.91261685
0.93742895
0.8147268
0.99707985
0.92029876
0.78514
0.9786969
0.9173552
0.86110914
0.9778476
0.9932097
0.69168586
0.934759
0.98022574
0.99371135
0.87386894
0.8322279
0.8792737
0.94344884
0.85754454
0.672056
0.8164176
0.7096531
0.8039351
0.89113784
1.0000001
0.92044
0.86276466
0.97382903
0.9318699
0.7492318
0.87446463
0.9519136
0.84790456
0.9756818
0.9621673
0.9694687
0.9932252
0.95444024
0.91067535
0.9101121
0.9472896
0.93307245
0.9972969
0.8965572
0.9741917
0.9573131
0.93342894
0.9963863
0.997867
0.9962898
0.9732837
0.94543666
0.95215225
0.9458431
0.93402123
0.84797114
0.8260368
0.986164
0.9937982
0.9804174
0.9249619
0.99630713
0.8733875
0.79016626
0.9760101
0.8704393
0.99165714
1.0
0.93630016
0.9566657
1.0000001
0.8992615
0.99999994
0.89725804
0.96410334
0.9899891
0.92505157
0.97293997
0.9036167
0.94232553
0.933272
0.98427135
0.9972106
0.87830704
0.66169256
0.9342483
0.8796295
0.9664549
0.96671295
0.94179463
0.95382035
0.938401
0.9999999
0.87299234
0.9089457
0.870553
0.9980991
0.9613922
0.87841487
0.96157837
0.57053226
0.85641
0.99982643
0.87367547
0.9092917
0.94075745
0.94112015
0.8105507
0.8995037
0.9583128
0.9502118
0.990608
1.0000002
0.9294014
0.84366846
0.6134106
0.9475965
0.8807119
0.9685019
0.8531752
1.0000001
0.9597321
0.96238893
0.91832536
0.8080944
0.73259693
0.8051445
0.96907485
0.9966616
0.9431105
0.9490632
0.99999994
0.998322
0.9419769
0.9494867
0.9771884
0.9818641
0.98543245
0.9632296
0.94535774
1.0000001
0.9239283
0.8971093
1.0
0.9945453
0.9877291
0.957935
0.897639
0.969279
0.9887214
0.83709025
0.7826456
0.9998039
1.0
0.94377416
0.96665454
0.77304333
0.88382876
0.94318646
0.9569729
0.9104562
0.8985237
0.96482784
0.7395975
0.7370309
0.8469234
0.9848181
0.9968529
0.97878635
0.9978994
0.9285284
0.92989594
0.7552195
0.9606366
0.53866136
0.7307228
0.9455453
0.97106
0.9480976
0.9510997
0.8837593
0.9028819
0.8781338
0.9912072
0.98730344
0.98661625
0.9523926
0.86768085
0.99024624
0.9826309
0.89249754
0.96790016
0.98645115
0.99659127
0.85075057
0.9168912
0.9490441
0.8780299
0.94792587
0.8709792
0.8346409
0.9224906
0.9281725
0.99316585
0.8042203
0.99234164
0.8120933
0.99999994
0.88581604
0.7636912
0.99999994
0.9119307
0.99410474
0.9319915
0.99068344
0.6554258
0.84041476
0.9806042
0.9959977
0.97980344
0.88292813
1.0000001
0.93750167
0.98876405
0.8854073
0.8546052
0.9871302
0.8998992
0.7803014
0.2933311
0.9692092
0.98595715
0.69685966
0.9174422
0.6294787
0.958349
0.9832039
0.9405297
0.92997295
0.9095327
1.0
0.7859587
0.71568674
0.88975906
0.99999976
0.877185
0.994744
0.9635758
0.98607445
0.97359776
0.9795958
0.96951073
0.99455667
0.9419623
0.97011214
0.9418369
0.9639076
0.984911
0.9067656
0.8677788
1.0
0.8474757
0.9156268
0.95945054
0.9087051
0.93933916
0.92489475
0.8145704
0.9669406
0.94306666
0.7268793
0.8526736
0.97200346
0.89994425
0.9530044
0.97767544
0.9995791
0.95593154
0.94173914
1.0
1.0
0.7812422
0.9159657
0.87792885
0.9757577
0.7559749
0.9833638
0.96590215
0.78746575
0.86861837
0.96883386
0.99930835
0.9902499
0.98475105
0.9896771
0.5842408
0.9977757
0.87432915
0.9065972
0.8538382
0.9325475
0.8978145
0.9132719
0.964046
0.9478923
0.9603703
0.9202873
0.8159059
0.92737806
0.9997653
0.9662483
0.9568087
0.90885186
0.9348756
0.99397516
0.7273561
0.8363899
0.93868685
0.7213293
0.8887831
0.91513336
0.93119127
0.9167559
0.96917015
0.8585786
0.80175483
0.9851496
0.9659969
1.0000002
0.8985039
0.9964627
0.94664866
0.9877429
0.8083335
0.97859997
0.967971
0.683331
0.98869646
0.99867797
0.99366057
0.99903786
0.7507261
0.87376475
0.9930184
0.9923319
0.94541574
0.78811866
0.886214
0.94297767
0.9121104
0.9902971
0.9878544
0.9570569
0.94080925
0.9999999
0.9288674
0.9749057
0.905254
0.9604784
0.9401584
0.6148032
0.9728651
0.89208233
0.9910604
0.97635186
0.8279759
0.92166376
0.9518137
0.8229811
0.857963
0.71457076
0.9867477
0.9313897
0.92299575
0.968813
0.9894774
0.9075395
0.9780537
0.7198744
0.8245713
0.8077773
0.92503655
0.923712
0.9706766
0.845216
0.9445399
0.83905816
0.94191784
0.81646407
0.95266056
0.9023805
0.9585028
0.85400087
0.8176091
0.778265
0.96491766
0.93113977
0.96175444
0.6551501
0.99082834
0.9329477
0.9876509
0.75709975
0.93912184
0.963521
0.530219
0.98015726
0.85327226
0.9999999
0.9718447
0.9507164
0.9292991
0.9106775
0.94420874
0.82766116
0.76082176
0.91082007
0.78980875
0.97454554
0.99402726
0.9214196
0.90288657
0.9529096
0.9704349
0.997272
0.8393313
0.81464595
0.9133419
0.9707692
0.95410556
0.90190274
0.99102396
0.9894934
0.9952745
0.9126855
1.0
0.898563
0.91999954
0.94152045
0.98989147
0.99969006
0.926489
0.98799884
0.948313
0.83459526
0.96279997
0.9706471
0.9853698
1.0000001
0.9099515
0.90522265
0.82759833
0.8248549
0.99197453
0.7579711
0.9617884
0.90305924
0.9670744
0.7071005
0.92322576
0.79222596
0.8294436
0.7925749
0.9996525
0.7337189
0.8553821
0.81449753
0.9776119
0.964455
0.9917636
0.97794974
0.9895835
0.95002013
0.89321727
0.95065224
0.94527876
0.96923983
0.95593435
0.7660827
0.8558614
0.97393864
0.9999999
0.9596627
0.97856855
0.98203254
0.9287772
0.9643949
0.9902309
0.82995003
0.96522313
0.9678906
0.9493051
0.90915686
0.96325696
0.97988796
0.9835309
0.5790316
0.88929087
0.8985661
0.8665261
0.951097
0.84498566
0.8882069
0.9185214
0.9774368
0.9846537
0.94505274
0.8791953
0.9429704
0.97353655
0.9817094
0.7833641
0.88085663
0.8575303
0.56293094
0.9034245
0.81281495
0.8908521
0.79676616
0.960092
0.82734054
0.86634177
0.7551266
0.9204037
0.9762025
0.8395847
0.9389622
0.84399027
0.70936096
0.9355968
0.88266194
1.0
0.9815413
0.97869897
0.8089786
0.96287584
0.9792915
0.79448164
0.9978515
0.78941166
0.81219476
0.9729827
0.66628474
0.89734495
0.99999994
0.85604084
0.9389247
0.96736157
0.8351195
0.99970555
0.9889051
0.8275137
0.9740185
0.87307185
0.84304345
0.90994656
0.95061994
0.946192
0.924258
0.8793798
0.9974079
0.857275
0.7825531
0.99428433
0.8752439
0.80735856
0.97272545
1.0
0.99293727
0.99046534
0.97988427
0.9324556
0.9545324
0.955647
0.9622129
1.0
0.84924686
0.993487
0.5787607
0.8309361
0.99392843
0.7663091
0.95713305
0.7410446
0.6507223
0.83461845
0.9958058
0.88795173
0.9673825
0.9620414
0.9411411
0.90860134
0.9608806
0.85966825
0.9969348
0.9987882
0.92469877
0.98449373
0.87273175
0.8110842
0.8292005
0.942489
0.8593838
0.91293305
0.92552793
0.9464433
0.9743033
0.98944765
1.0
0.8639733
0.90448266
0.8615672
0.9507147
0.9787412
0.99865276
0.7106954
0.96870965
0.98828775
0.97523344
0.8627067
0.9999999
0.9830708
0.99245334
0.8087166
0.9590925
0.98061496
0.7250309
0.8816037
0.58860904
0.9192808
0.9727823
0.98110247
0.8022568
0.9568857
0.9454032
0.89187026
0.8756304
0.99540037
0.7019051
0.9621942
0.88117224
0.7659914
0.97576785
0.90083176
0.99999994
0.9932403
0.6758789
0.9813134
0.9809431
0.8743099
0.9860867
0.88351154
0.85708797
0.9977314
0.957556
0.8907788
0.98400825
0.9071622
0.94986844
0.92747355
0.88780296
0.9576611
0.90877557
0.84608173
0.8176945
0.97581154
0.9266594
0.97685874
0.9930361
0.8847113
0.96909696
0.9938949
0.99622476
0.9051889
0.989785
0.86407626
0.859492
0.89199483
0.99739426
0.99075913
0.95532024
0.9125505
1.0
0.9674963
0.9163079
0.99970925
0.9285195
0.9881121
0.88436234
0.9282024
0.94789946
0.891618
0.96192217
0.90640134
0.9943231
0.9198186
0.8390814
0.96441233
0.99999994
0.9132601
0.88689446
0.9585305
0.9746461
0.98396486
0.8723153
0.9095179
0.8732332
0.9591603
0.9999999
0.8233076
0.96684813
0.9799621
0.99999994
0.9902669
0.93126917
0.990322
0.9303535
0.94597584
0.8601766
0.65210485
0.8480816
0.98101836
0.8216571
0.94929755
0.9299443
0.9696584
0.9052361
0.8491594
1.0
0.9015259
0.9909302
0.9375441
0.6434799
0.95139647
0.7806206
0.8978011
0.96089834
0.9372916
0.78442174
0.99095047
0.8814541
0.77142644
0.95835835
0.9347536
0.88766974
0.92679226
0.9764044
0.8396822
0.8691044
0.8346608
0.92002237
0.9999999
0.7875281
0.8364533
0.99999994
0.86573553
0.8990314
0.9864881
0.99999994
0.89563185
0.86302596
0.9611039
0.86852527
0.98842853
0.9722916
0.9131606
0.88684285
0.9095011
0.88827074
0.97557104
0.74288535
0.96373373
0.9799926
0.91624236
0.78385234
1.0000001
0.94592863
0.98136324
0.9467103
0.72818995
0.95966834
0.9503356
0.9401033
0.9448302
0.92812055
0.95991766
0.8308928
0.83042985
0.9310527
0.7827695
0.9710523
0.858761
0.97620726
0.92751795
0.992553
0.8112978
0.9072093
0.85545784
0.76453924
0.98128635
0.99999994
0.9355366
0.97996604
0.93259335
0.8522658
0.95254034
0.97322524
0.8468371
0.9719114
0.99606717
0.9511966
0.9290115
0.92342705
0.82849187
0.97169626
0.8683329
0.99194336
0.911449
0.90232813
0.8593201
0.9349105
0.55199945
0.8798359
0.66009295
0.93497336
0.92512864
0.8487659
0.87544113
0.96217936
0.8692058
0.9818929
0.9993784
0.9552001
0.8391096
0.99964494
0.9384321
0.9763673
0.9472008
0.9141047
0.7816231
0.85473543
0.98474944
0.999504
0.9411403
0.80279666
0.9247693
0.9042783
0.89225817
0.701268
0.9193288
1.0
0.89508677
0.9627162
0.7824285
0.89544266
0.98965013
0.99965286
0.74201524
0.996719
0.8951656
0.8651916
0.9775372
0.97122484
0.9981978
0.9278108
1.0
0.80453724
0.99534106
0.79554546
0.92683756
0.87134016
0.8603376
0.8768297
0.83427334
0.9227805
0.9703583
0.8508409
0.87185246
0.9321374
0.9714365
0.95036423
0.9598745
0.4747095
0.94225657
0.9429055
0.9784771
0.9999999
0.95268774
0.95396334
0.8779224
0.96326303
0.99812526
0.9906189
0.66224647
0.99290186
0.94185156
0.75357467
0.9025223
0.93454254
0.9686499
0.7276666
0.78260416
0.9754342
0.9857512
0.83409876
0.9775959
0.95429236
0.9275434
0.94418234
0.99292916
0.8788285
0.93132865
0.735
0.9051808
0.93209153
0.9887226
0.9392494
0.9790904
0.93650544
0.9999999
0.79446316
0.8581327
0.787158
0.94455606
0.7738934
0.6379124
0.86628443
0.9186491
0.7449804
0.92616504
0.9047321
0.5823432
0.9904731
0.9650091
0.8836229
0.7980549
0.99104905
0.9486512
0.99288213
0.99490464
0.8379704
0.9896926
0.9717289
0.92668635
0.9626135
0.87871695
0.9662771
0.9825847
0.9626164
0.66077554
0.87946844
0.96952575
0.94202685
0.94193226
0.9580304
0.954162
0.8365029
0.96445113
0.94075555
0.9899421
0.9285053
0.992602
0.9705814
0.94079554
0.97481084
0.94697255
0.9895863
0.98227143
0.79297256
0.85120475
0.9994313
1.0000001
0.8846624
0.9241608
0.9832346
0.9202577
0.96234524
0.8972207
0.9303764
0.9931999
0.9875607
0.8065149
0.9802258
0.85100764
0.89728767
0.9483299
0.47837144
0.9015084
0.6787622
0.82812035
0.92436576
0.9064274
0.895581
0.92728585
0.8406518
0.89695287
0.89462703
0.9563877
0.98944986
0.88086426
0.8865074
0.8306739
0.88440806
0.9867245
0.99968946
0.9298239
0.91420895
0.9144182
0.81612116
0.9448806
0.8532494
0.8299836
0.9395706
0.89892775
0.6181643
0.95471543
0.9696693
0.9478845
0.8034526
0.92645204
0.9619221
0.9082094
0.7345498
1.0
0.74354416
0.89880574
0.90913934
0.994718
0.93869054
0.9478803
0.98763156
0.9831312
0.7846239
0.9965329
0.98211604
0.87291324
0.7667767
0.8928073
0.89633185
0.9882288
0.71744466
0.9909747
0.9003473
0.9575348
0.76825607
0.9955363
0.93675435
0.91424555
0.99277574
0.88067657
0.98236483
0.9957929
0.5134953
0.8556975
0.7552993
0.9928824
0.9911618
0.97167146
0.80101126
0.8720782
0.9746994
0.878143
0.99999994
0.92034334
0.8516109
0.9698721
0.6889161
0.9151963
0.8332423
0.88775027
0.97307754
0.91979957
0.9865931
0.9429741
0.9999999
0.90321136
0.9931032
0.8290145
0.9806374
0.8963394
0.9636177
0.9144443
0.99942386
0.9734765
0.9999999
0.96008945
0.9932176
0.96235967
0.87811387
0.86288893
0.95758545
0.7703535
1.0
0.44754994
1.0000001
0.9778421
0.9947066
0.85443604
0.97148705
0.7863696
0.68000925
0.9989707
0.9999999
0.955955
0.95043993
0.8250018
0.79959106
0.90380454
0.94422275
0.95205873
0.8704202
0.8397257
0.96887016
0.9493121
0.87641776
0.9242485
1.0000001
0.81206787
0.7633045
0.8041403
0.77343756
0.8944492
0.8980128
0.9522264
0.96481204
0.9387018
0.94255865
0.92351854
0.9219704
0.9753758
0.9409822
0.98810875
0.9358992
0.9650059
0.92894876
0.97916925
0.93869126
0.8278446
0.9270999
0.7458128
0.94449234
0.95476127
0.8499179
0.91816247
0.9295945
0.79010975
0.9587807
0.80132055
0.8847069
0.88780254
0.87951845
0.9378547
0.7926369
0.9478419
0.7901058
0.8318658
0.948938
0.94776976
0.94808793
0.9739362
0.8771241
0.79629517
0.9928797
0.9324187
0.991184
0.89178306
0.9399956
0.93418896
0.5587796
0.86870724
0.82055414
0.9919521
0.9290564
0.9752139
0.9974357
0.9380524
0.98722976
0.9892525
0.8439592
0.9415725
0.88528407
0.97897804
1.0
0.9118749
0.86094606
0.99447143
0.9383734
0.99858874
0.94057703
0.9067047
0.6676161
0.99255425
0.9670301
0.90337765
0.98348576
0.9331502
0.9824692
0.9252394
0.9319976
0.52780795
0.6925257
0.83601475
0.95078504
0.9743386
0.88185126
0.94931406
0.80181086
0.93658566
0.938543
0.7957787
0.87692547
0.9280561
0.9629045
0.99965644
0.6820113
0.9033376
0.95497537
0.97024274
0.819214
0.99940646
0.9909825
0.9985489
0.93124366
0.8366306
0.8844114
0.73789394
0.9987022
0.8631401
0.90591776
0.9267099
0.9209806
0.9948411
0.9955844
0.99754506
0.74197567
0.98079383
0.97287035
0.9464622
0.9487272
0.96450585
0.9682619
0.99350965
0.99999976
0.8964312
0.9999999
0.89309216
0.9968189
1.0
1.0
1.0
0.9999999
0.9084215
0.9796936
0.823676
0.92537075
1.0
0.88671947
0.9734036
0.9999998
0.99751234
0.91589475
0.94425166
0.8953436
0.98251563
0.9405376
0.8318795
0.9842068
0.87548614
1.0
0.9573072
1.0
0.8867309
1.0000002
0.92879415
1.0
0.9555
0.8741989
0.95123017
0.9361967
0.8539797
0.8130593
0.9732707
0.8436757
0.82755303
0.6403124
0.82548004
0.9114507
0.9850167
0.92271584
0.96487033
0.9714547
0.96398264
0.81371653
0.95960647
0.75935686
0.9790896
0.9999999
0.9935339
0.9843681
0.92488885
0.9402534
0.9775531
0.9383
0.9321079
0.83969194
0.99149126
0.87909496
0.90110195
0.98804945
0.92634207
0.9374252
0.98566866
0.99886024
0.9266458
0.9605567
0.88660836
0.87255883
0.6310114
0.8676911
0.92996365
0.98947257
0.9767516
0.9947739
0.9445933
0.9517322
0.8743782
0.9907541
0.97058284
0.8273851
0.7769793
0.79461676
0.9452255
0.8833
0.8793745
0.9681757
0.8574412
0.9554595
0.93185914
0.9843794
0.9425423
0.93125725
0.9384321
0.96477604
0.9701942
0.9109179
0.87764883
0.88666046
0.93452734
1.0
0.90728176
0.8997848
0.8778007
1.0
0.76979953
0.9774188
0.9886215
0.82024705
0.8956516
0.99179965
0.9939297
1.0
0.95236
0.9451135
0.9802714
0.93334365
0.8979169
0.90530753
0.7211086
0.98237985
0.973489
0.86913574
0.94976926
0.84679675
0.9854558
0.95864147
0.9868761
0.578556
0.98009455
0.9897402
0.9765286
0.8179207
0.8813091
0.8080691
0.99608165
0.9851454
0.6307921
0.9211767
0.99689424
0.92577213
0.9260883
0.9465181
0.8866364
0.90138745
0.94434756
0.819764
0.83451176
0.97015405
0.9795419
0.91160667
0.68944526
0.90491503
0.83625287
0.89110076
0.9014323
1.0
0.97588587
0.95484936
0.82637376
0.9712486
0.9459454
0.9893154
0.88655895
0.9976364
0.78545916
1.0000001
0.94697416
0.9666899
0.9403038
0.8842672
0.88039196
0.81067216
0.95338714
0.88748187
0.91593504
0.9954022
0.80423063
0.99831194
0.991833
1.0
0.93310374
0.97158724
0.7933497
0.9932277
0.9337837
0.7806448
0.92124516
0.87876064
0.94292676
0.9751331
0.9418595
0.97032726
0.7302958
0.8269069
0.7869116
0.7687657
0.905915
0.6236119
0.93397295
0.9245488
0.8753315
0.917607
0.814675
0.8876948
0.96593267
0.98713964
0.89852315
0.99016285
0.96735376
0.8511323
0.9753604
0.9523391
0.9224303
0.9286123
0.91286767
0.87596345
0.88187385
0.9334713
0.98438376
0.6464839
0.98926455
0.9974855
0.9422791
0.92812073
0.8188322
0.9310811
0.7948124
0.75031537
0.9874953
0.8954751
0.9203753
0.8273194
0.68858385
0.97608113
0.9169203
0.970117
0.98772955
0.9747964
0.8606652
0.95721644
0.98520195
0.9668031
0.926095
0.8859229
0.88955015
0.9614661
0.9538105
0.98829126
0.9812392
0.90840673
0.9466388
0.85052407
0.8718432
1.0000002
0.9814091
0.8089435
0.9770222
0.8712798
0.8655546
0.50403845
0.9177087
0.9376825
0.91457033
0.9913229
0.8718445
0.88882875
1.0
0.9242843
0.97643805
0.9557353
0.90193033
0.95652103
0.9639857
0.8964731
0.98478365
0.63075554
0.9696916
0.8762454
0.79442817
0.9286031
0.95312965
0.90923375
0.9705419
0.98412645
0.9906878
1.0
0.89739877
0.9961359
0.9812915
0.95468116
0.9109351
0.85600317
0.94616926
0.85840577
0.9210643
0.8601817
0.971051
0.8789677
0.9439003
0.81084645
0.96651256
0.97183794
1.0000001
0.99213815
0.98009413
0.9376123
0.8732586
0.952719
0.9601286
0.96995187
0.9146681
0.9726802
0.867202
0.7748375
0.8735611
0.8336199
0.8207477
0.82039136
0.94732404
0.9669178
0.7675344
0.93188137
0.88293844
0.9895399
0.93513316
0.99281
0.9283364
0.9345104
0.9842466
0.8843628
0.8833286
0.93601143
0.98500586
0.9660347
0.9843552
0.726267
0.996686
0.8867357
0.92643034
0.9995474
0.93363714
0.9453729
0.9628179
0.9398781
0.8148922
0.99240637
0.9608254
0.9024142
0.89957726
0.7050328
0.845575
0.7935462
0.974059
1.0000001
0.9718633
0.91873574
0.9400586
0.9399115
0.9491651
0.9818718
0.955239
0.9958105
0.94541353
0.87639254
1.0
0.99666667
0.86617225
0.88358337
0.9771202
0.9736355
0.9562845
0.8189534
0.8426836
0.96857166
0.9292093
0.982507
0.9512856
0.9332668
1.0000001
0.9200935
0.81679964
0.98303175
1.0
0.99682105
0.8571424
0.91065896
0.8487059
0.9599179
0.9444715
0.6656809
0.97630095
0.8511813
0.91820085
0.97619194
0.86943513
0.98996115
0.90422577
0.9287002
0.9583985
0.8225988
0.92019576
0.7886405
0.9344776
0.9942465
0.95980954
0.92792004
0.91711956
0.9853334
0.99999994
0.9875761
0.8563787
0.83325756
0.8637393
0.97828436
0.9386312
1.0
0.96365356
0.8120955
0.8827443
0.65771365
0.86985683
0.98103863
0.9338822
0.99853754
0.78315824
1.0000001
0.8108554
0.77286255
1.0000001
0.93574053
0.95798296
0.9356951
0.9314699
0.98484993
0.9797894
0.9339425
0.7876139
0.98725224
0.97466713
0.9577427
0.90404356
0.9880712
0.94491595
0.9288757
0.9088179
0.98155016
0.99216473
0.97503626
0.89142454
0.72040856
0.97981894
0.75737643
0.9345822
0.9651477
0.9324034
0.89502484
0.97058856
0.74366003
0.9570784
0.99168414
0.99988705
0.9932462
0.9044
0.9886505
0.9867273
1.0
0.8764307
0.99999994
0.9835099
0.9171195
0.9708211
0.87438303
0.9187975
0.7547404
0.8780837
0.9684737
0.90985185
0.9968181
0.8873366
0.94929206
0.93927866
0.9285611
0.96296895
0.86909634
0.725424
0.89072454
0.9762902
0.9979438
0.9922836
0.7746616
0.97792774
0.76028943
0.9186737
1.0000001
0.80145514
0.9887185
0.780196
0.95764196
0.91989195
0.8393751
0.8763782
0.95172095
0.90634364
0.9729258
0.8191284
0.7816969
0.97627985
0.76720405
0.98479664
0.9571802
0.9367151
0.86908615
0.7890689
0.95560324
0.90111965
0.94489706
0.9788007
0.9357661
0.9834588
0.9190816
0.91238725
0.99999994
0.9573788
0.98059034
0.9995228
0.97161984
0.91211796
0.97217566
0.8912525
0.9188401
0.78025734
0.78648174
0.9945192
0.98561513
0.9711708
0.918166
0.9179893
0.95675135
0.8972201
0.7214296
0.95534563
1.0
0.9120231
0.86701226
0.96848696
0.8937293
0.9551567
0.9220675
0.9138702
0.9880731
0.8171662
0.99005395
0.93204564
0.96736914
0.9227958
1.0
0.97012377
0.9991931
0.94678456
0.9923247
0.9213053
0.9142175
0.9576239
0.99462557
0.8887293
1.0000001
0.79045194
0.7596062
0.8373499
1.0
0.84095645
0.7049703
0.75598305
0.93640375
0.8285001
0.99999994
0.9504755
0.8869302
0.96550095
0.873025
0.84404457
1.0
0.8567921
0.9591001
0.90923905
0.99306095
0.9828836
0.9909213
0.91752297
0.99029624
0.91530025
0.625317
0.99581826
0.99937147
0.97247636
0.84827954
0.8982093
0.6684899
0.92570585
0.9991546
0.9439949
0.87825286
0.9981897
1.0
0.99804044
0.99409807
0.72282815
0.98283625
0.94099295
0.8810226
0.90149564
0.99552333
0.984762
0.9052342
0.92923385
0.9758155
0.9102608
0.9761755
0.9023868
0.7415739
0.7448245
0.93289214
0.9699513
1.0
0.8126405
0.70591193
0.78446907
0.9961553
0.9198094
0.87226963
0.9994502
0.8869444
0.0059519187
0.97398496
0.6696172
0.985974
0.9014847
0.9132816
0.9436389
0.880972
0.86352134
0.8904602
0.8044638
0.8583033
0.8600111
0.90760565
0.9925003
0.9425565
0.8714703
0.7558649
0.97921693
0.96051073
0.8359546
0.95079327
0.76476884
0.88570327
0.91241705
0.9229636
0.789573
0.8751601
0.9773241
0.9196038
0.8463224
0.83253133
0.94232315
0.9492636
0.7875423
0.71458006
0.5955303
0.71522385
0.9929635
0.78584695
0.9498833
0.8779431
0.95056534
1.0
0.89761895
0.8239255
0.92613196
0.93038696
0.9499714
0.9552815
0.9752037
0.96553946
0.92812
0.90515757
0.88735545
0.99988514
0.9253094
0.9682497
0.94645226
0.8252137
0.82522964
0.8931373
0.58208996
0.85422784
0.963104
0.4531868
0.9442605
0.95940447
0.92253363
0.9874084
0.95549047
0.9722545
0.8380897
0.8966589
0.8357264
0.9999999
0.89198667
0.9381465
0.8793709
0.94868016
0.95842266
0.97762764
0.97909296
0.9757654
0.95564824
0.8637122
1.0000001
0.97219014
0.8574133
0.956192
0.9290608
0.864291
0.8299187
0.9551505
0.89947546
0.8356169
0.9318472
0.9839728
0.82260776
0.9550773
0.98027295
1.0
0.94361585
1.0
0.91302866
0.9161076
0.90713966
0.9754523
0.9848564
0.9602166
0.98735464
0.8169657
0.9756468
0.97431386
0.7876561
0.8208286
0.7979801
0.94224906
0.9851093
0.8559373
0.831859
0.9852499
0.99962676
0.9828506
0.8188135
0.9456022
0.8728353
0.99949616
0.99930084
0.95905745
0.8830098
0.9912837
0.88721246
0.89523584
0.9784553
0.8655367
0.9591995
0.99123013
0.9576862
0.96431
0.82426685
0.9342867
0.98476154
0.99861676
0.7591207
0.8407467
0.9874433
0.99483943
0.94358355
0.9150358
0.9342048
0.9346474
0.91211426
0.9894022
0.757761
0.9908482
0.9248018
0.7094247
0.9331065
0.89375556
0.97834766
1.0
0.94858897
0.9417087
0.9899442
0.96449065
0.9032977
0.86116254
0.759372
0.72796184
0.8436712
0.99529976
0.9638144
0.98791945
0.9588957
0.8996515
0.97082293
0.79907763
0.9756331
0.64334595
0.98946047
0.8391289
0.91190624
0.9728173
0.92858803
0.9456866
0.8816192
0.86011446
0.8671032
0.7706567
0.67237747
0.6088269
0.989478
0.914623
0.9234009
0.91538227
0.91436267
0.9507655
0.9221338
0.97275996
0.9549722
0.83908784
0.8189465
0.8506872
0.9484943
1.0000001
0.983631
0.7070876
0.93957055
0.8599331
0.9995198
0.6716599
0.8108164
0.91066563
0.95671666
0.8219942
0.960486
0.96267784
0.90676695
0.73503244
0.7451504
0.79442644
0.99784434
0.8407296
0.9651506
0.98426247
0.9653911
0.81454605
0.8830427
0.9431086
0.6929315
0.5381204
0.9057828
0.9999999
0.84062564
0.94568825
0.9626677
0.9956482
0.96020204
0.93453765
0.9267024
0.8249699
0.80869895
0.94113946
0.9512068
0.7807916
0.95677525
1.0
1.0000001
0.9977565
0.9242152
0.9845754
0.9173025
0.9076038
0.7789257
0.9824568
0.97469604
0.95399064
0.7642913
1.0
0.6988088
0.9080813
0.92810875
0.9244751
0.91962683
0.87765807
0.9060633
0.97775924
0.9073429
0.87707144
0.9913253
0.8152305
0.8426189
0.91424
0.92407715
0.7695805
0.88590115
0.9698018
0.9009761
0.9371557
0.9525055
0.99947053
0.9439494
0.97175384
0.6867583
0.93189466
0.99572265
0.91724956
0.7270988
0.93947136
0.96323293
0.7509266
0.7679591
0.99999994
0.9786189
0.85821474
0.7638315
0.987118
0.95529175
0.9927621
0.8406325
0.97553897
0.8951673
0.89181936
0.18700913
0.9755112
0.8088319
0.9572052
0.95783275
0.94145525
0.98087656
0.94519484
0.9178128
0.92110723
0.9853927
0.9999999
0.9833926
0.9670485
0.9615529
0.99927855
0.99582946
0.55319554
0.86373997
0.93117404
0.8746169
0.92278665
0.9415505
0.9927182
0.93140256
0.95756817
0.98409307
0.905387
0.9398317
0.99999994
0.99981844
0.87091506
0.9342381
0.8845534
0.9944831
0.9906519
0.97534263
0.98597205
0.99965036
0.9495117
0.94514394
0.9779854
0.8976761
0.9591058
0.77834404
0.9320375
0.956633
0.961398
0.99306464
0.8322866
0.92015576
0.9913653
1.0000001
0.89796925
0.9719381
0.97703457
0.8869266
0.9999999
0.8772447
0.9722439
0.918769
0.9076392
0.968221
0.99999994
0.97697073
0.70903814
0.9755775
0.9999999
0.8446447
0.81192183
0.9999999
0.8463377
0.9138233
0.919533
0.88278943
0.9963688
0.971938
0.89221734
0.91796434
0.93178225
0.95510656
1.0000001
0.94260126
0.9542684
0.77177286
0.91586316
0.97819895
0.95289296
0.83452874
0.87837285
0.9595981
0.99554527
0.8589897
0.9840102
0.92559797
0.8597953
0.9687919
0.949193
0.9059984
0.81674045
0.9556998
0.9334524
0.9029266
0.9420759
0.98510265
0.99999994
0.83506954
0.718646
0.987923
0.73571706
0.9227905
0.89122736
0.7475349
0.9212399
0.9018958
0.7315224
0.8956855
0.8030555
0.9395508
0.96981007
0.9165782
0.75171965
0.9841993
0.8515705
0.7728096
0.9787942
1.0000001
0.8047657
0.9835605
0.93714476
0.93617946
0.77925783
0.9795938
0.94566506
0.97151685
0.78684074
0.9045087
0.9871689
0.9301991
0.9987782
0.88536143
0.9416261
0.7947388
0.9466763
0.9624586
0.95186806
0.9925258
0.98449194
0.8206567
0.9282664
0.9949968
0.953754
0.98556954
0.9107171
0.98784995
0.63022774
0.91035944
0.93250895
0.9092001
0.93212885
0.8737755
0.9610928
0.9615927
0.9679472
0.9879936
0.90684164
0.9601576
1.0000001
0.98018414
0.87592757
0.75750214
0.9554659
0.9923868
0.95312935
0.8215223
0.9690318
0.9723147
0.8992368
0.93080384
0.8814916
0.8889385
0.91447717
0.893425
0.88470787
0.82168144
0.5800179
0.98239994
0.9977743
0.95975137
0.9266146
0.8959636
0.9695567
0.9713343
0.96091735
0.9686423
0.99900466
0.8868368
0.921512
0.9211834
0.95976305
0.9295709
0.91556156
0.8994795
0.8326051
0.84495944
0.9318383
0.9948356
0.5909878
0.8900008
0.94572127
0.9387047
0.95965827
0.9274637
0.9361309
0.9523025
0.99345875
0.91120374
0.954512
0.9051721
0.97858644
0.87592137
0.9788061
0.91105115
0.8974873
0.9352469
0.96524143
0.8547649
0.99856496
0.9962266
1.0
0.98545825
0.9777286
0.9026482
0.97610855
0.98846984
0.964657
0.84864664
0.9490932
0.8381641
0.98064107
0.8600018
0.7060788
0.70473766
0.9008242
0.5998766
0.9886442
0.9930818
0.9119458
0.9640885
0.8335875
0.9121636
0.9156776
0.95940185
0.73203427
0.92348194
1.0
0.98995256
0.98986185
0.9641739
0.93601686
0.9253985
0.8982481
0.98690784
0.97797805
0.8842099
0.8933608
0.9193632
0.9910982
0.7729066
0.8317932
0.98899245
0.99912703
0.9641525
0.8758575
0.9985001
0.9634789
0.86073613
0.94006455
0.80016303
0.6975851
0.8475694
0.7629894
0.9244899
0.83705395
0.9928924
0.8850998
1.0
0.90324783
0.97901237
0.9859216
0.9627898
0.9999999
0.9166789
0.99404436
0.9207827
0.90741205
0.9441089
0.9337017
0.99088615
0.9914713
0.71295136
0.9276831
0.9140469
0.9566403
0.87759435
0.83819854
0.8709941
0.9896681
0.89950967
0.8484612
0.9367382
0.9709021
0.9593845
0.864879
0.9300016
0.79687023
0.94143075
0.8488425
0.9661168
0.9321344
0.9852787
0.9515649
0.9400714
0.95938206
0.9501772
0.9956538
0.8197439
0.96304196
0.96533245
0.8977484
0.9959107
0.9662526
0.9852403
0.8212467
0.83943623
0.9689592
0.99063355
0.54480207
0.8188289
0.94731086
0.8782375
0.95918685
0.9002202
0.886935
0.94768584
0.99945736
0.8207256
0.8253561
0.8623156
0.9889083
0.85432017
0.93814516
0.9098382
0.6461642
0.97070456
0.97541404
0.93196905
0.9360396
0.99278617
0.9319305
0.9976256
0.96644527
0.962898
0.93311256
0.9797803
0.8098567
0.9633453
0.88230747
0.90075344
0.9973827
0.98034495
0.9697775
0.9540761
0.86700195
0.9919381
0.8874083
0.9679241
0.91514647
1.0
0.9074843
0.98009217
0.97848326
0.99431056
1.0
0.98151195
0.9489535
0.9512614
0.9932124
0.96235824
0.766347
0.85311615
0.7776177
0.9852103
0.9747194
0.9999999
0.8889132
0.97760224
0.95639646
0.88547915
0.9183467
0.9999999
0.9605685
0.9837052
0.9964706
0.94463265
0.99835086
0.8098994
0.99261117
0.9979603
0.8128585
0.9182677
0.99636585
0.9776292
1.0
0.94469845
0.89758074
0.9444316
0.9240982
0.82750666
0.7188028
0.89541334
0.9984109
0.9857707
0.95325017
0.93460584
0.969433
0.96041083
0.96190244
0.9235978
0.99739534
0.86697614
0.78792965
0.8388656
0.9540864
0.773914
0.8237165
0.90930045
0.9990957
0.8980817
0.96314734
0.8704736
0.6732521
0.96426064
0.94601995
0.8748949
0.94606006
0.9541529
0.91030324
0.9831211
0.96683866
0.65852726
0.9111177
0.7763878
0.8420048
0.7940188
0.9527546
0.82878494
0.91892576
0.8886352
0.9936595
0.9569199
1.0000001
0.8635181
0.9573507
0.7188869
0.8917782
0.8637886
0.8409484
0.9556588
1.0
1.0
0.8769764
0.8715794
0.8752638
0.8572598
0.7632118
0.9402642
0.9251699
0.5906549
0.93481135
0.95285577
0.98490894
0.926303
0.9113724
0.9216024
0.8473566
0.9701575
0.8614048
0.785566
0.8546993
0.9931282
0.8977976
0.96495175
0.91842574
0.74624634
0.84633005
0.95616025
0.6503922
0.9454052
0.99999994
0.8279225
0.86242
0.9660886
0.8999934
0.9338182
0.98384476
0.9743854
0.99999994
0.8813714
0.8205423
0.8008017
0.94327444
0.8072858
0.84033924
0.9710914
0.992225
0.9501167
0.952626
0.9668368
0.913155
0.9943785
0.92986315
0.98300815
0.9880226
0.92732316
0.8675103
0.95933527
1.0000001
0.8979621
0.9085264
0.9567439
0.97493833
0.93993574
0.82833135
0.91576034
0.92662036
0.91100246
0.7278562
0.9604764
0.9446923
0.96040857
0.9652162
0.8951629
1.0
0.99999994
0.98840106
0.6981787
0.95538163
0.9297047
0.92841876
0.93198544
0.9512274
0.7723578
0.98106027
0.7715049
0.9731039
0.8540986
0.98315346
0.9362192
1.0000001
0.9922664
0.99970114
0.966596
0.86274374
0.97220683
0.960171
0.9628639
0.7782293
0.9845721
0.98152804
0.9756588
0.87043595
0.8892614
0.9819242
0.9368979
0.93591154
0.956722
0.8322043
0.9965503
0.9910642
0.9273417
0.8866365
0.9155184
0.9020103
0.9264621
0.72775066
0.9376583
0.7288282
0.921484
0.8193501
0.9552182
0.9573778
0.8195869
0.9999999
0.89812213
0.95516175
1.0
0.73027354
0.9458909
0.96717405
0.84077406
0.98298746
0.95356226
0.9561443
0.89106524
0.94111043
0.92228925
0.95030475
0.94748425
1.0000002
0.95354104
0.89267915
0.97876734
0.96729577
0.92711747
0.87707716
0.98808753
0.74748594
0.9545674
0.6657796
0.9977603
0.795981
0.94280076
0.86663985
0.91609246
0.8478634
0.9108819
0.9837225
0.9996821
0.9445815
0.9437108
1.0000001
0.9403504
0.93874896
0.858412
0.8661165
0.99754596
0.8953013
0.81445545
0.99348
0.93824565
0.8779844
0.959334
0.98341846
0.99659014
0.9009176
0.95797145
0.7355352
0.8475044
0.96158576
0.798214
0.99999994
0.92696416
0.9552069
0.94613874
0.92102176
0.84629077
0.9018878
0.76596385
0.89165604
0.9304588
0.94053364
0.9590565
0.91411555
0.9994252
0.9954394
0.9445448
0.9661941
0.716995
0.9165931
0.9391487
0.97781456
0.93281835
0.769219
0.9555745
0.9988507
0.9301625
0.99776477
0.8026694
0.99987066
0.9562229
0.9944005
0.9821727
0.9426916
0.94632185
0.99231696
0.99211645
0.93307096
0.7845608
0.73659754
0.96877974
0.93367743
0.92411053
0.8429513
0.853417
0.9815896
0.7960501
0.7829997
0.8595785
0.9194838
0.9831809
0.8563724
0.9599262
0.80084753
0.9260415
0.6208691
0.7031234
0.9376815
0.85915387
0.96120334
0.39928114
0.7951421
0.9684026
0.94096965
0.9866976
0.9519463
0.9085465
0.9436672
0.93123597
0.9819721
0.9473943
0.9331987
0.9805194
0.74207014
0.9721594
0.9921365
0.97520566
0.98516256
0.97660434
0.91428244
0.9182451
0.8116306
0.93009794
1.0000001
0.89422137
0.9873663
0.87659204
0.9999999
0.93010736
0.99922264
0.8891023
0.9995195
0.71676546
0.91376114
0.89212203
0.9984435
0.9005892
1.0
0.9534602
0.5812032
0.950381
0.90941215
0.8303118
0.8401219
0.91904604
0.99596417
0.849725
0.9705621
0.9438411
0.88398564
0.8968455
0.9609096
0.9966054
0.98118746
0.929468
0.8421288
0.98666906
0.8533537
0.9879004
0.92270607
0.96394956
0.9340516
0.99987286
0.70274156
0.9539866
0.9757056
0.9529125
0.9826606
0.8739681
0.9764915
0.97085166
0.97403157
0.97629845
0.86335707
0.97912765
0.9924066
0.9899539
0.9881253
0.9135858
0.82760525
0.8384707
0.91535306
0.94213325
0.8305695
0.9919694
0.9952911
0.91999114
0.9694025
0.9921704
0.97577477
0.8948946
0.976518
0.9471774
0.95201695
0.8003808
0.984605
0.95677507
0.8366868
0.9671006
0.8310952
0.9940165
0.856441
0.9734636
0.98029244
0.89974546
0.88844013
0.9411284
0.9968962
0.97979414
0.8387091
0.94264793
0.9129116
0.99594295
0.96093017
0.8674488
0.9820458
0.99836475
0.9610582
0.92038953
0.94627166
0.98459643
0.95284814
0.8655466
0.94925755
0.96555567
0.73592705
0.9019027
0.33683157
0.86483
0.9661289
0.95214295
0.82809734
0.9999682
0.93926907
0.9075192
0.9132055
0.9605838
0.93283135
0.80194205
0.8709149
0.8577683
0.79697067
0.9968902
0.9471751
1.0
0.9999999
0.991945
0.9766845
0.64101744
0.9864162
0.9360535
0.95170796
0.9491379
0.95974135
0.88786817
0.9857043
0.9172928
0.96521306
0.9306857
0.873288
0.88785005
0.7338375
0.87711984
0.74107873
0.7569879
0.9976004
0.8303146
0.87536526
0.9958091
0.9022392
0.9364757
0.957082
0.87393004
1.0
0.97112095
0.9837831
0.9722595
0.67734593
0.96727544
0.73595047
0.911496
0.9654603
0.9283391
0.965839
0.76434475
0.8599706
0.8487217
0.98566115
0.8610333
0.9765617
0.96085846
0.9797019
0.9451718
0.63292074
0.96065044
0.98217356
0.94005764
0.86387295
0.9827259
0.9836067
0.9652092
0.9996187
0.80359006
0.864596
1.0
0.8125484
0.91740596
0.8638025
0.98174936
0.9569639
0.84150887
0.96994203
0.93577665
0.97864884
0.934895
0.8738634
0.95442265
0.89098877
0.8777708
0.9660425
0.8748491
0.9090251
0.985601
0.94702965
0.9493839
0.9093943
0.91539735
0.9671154
0.85727763
0.96125746
0.93150264
0.81010526
0.96842843
0.80314535
0.8967367
0.9166299
0.9017098
0.9609784
0.98418516
0.98649025
0.98106134
0.8102229
0.95193803
0.9979099
0.9564123
0.8440685
0.95250744
0.9089186
0.90064025
0.6372852
0.9398169
0.710554
0.89971936
1.0000001
0.9217917
0.9970606
0.9668384
0.8955142
0.961938
0.8708849
0.9238625
0.87871355
0.92650986
0.9476324
0.9544284
0.56231296
0.8743498
0.95569235
0.3568725
0.97052246
0.9822158
0.9023262
0.98095906
1.0
0.936123
0.9995979
0.92940986
0.9860645
0.7687908
0.8685853
0.93506706
0.9219198
0.9153478
0.929638
0.9776241
0.84343904
0.99999994
0.9078673
0.9221271
1.0
0.9673544
0.8803238
0.8427703
0.9999999
0.8045381
0.91842663
0.82359433
0.9130392
0.98076534
0.9086074
0.6482959
0.7121574
0.9249912
0.89073527
0.87991357
0.96203923
0.9590707
0.9892552
0.84124327
0.9999998
0.85466355
0.7100385
0.99295276
0.6278231
0.67356
0.4448609
0.95572585
1.0
1.0
0.9737556
0.9734821
0.87828976
0.98389566
0.90269744
0.9130404
0.99294823
0.7899558
0.47309846
0.90019333
0.9160792
0.98309994
0.9215195
0.97398615
0.9417086
0.8856826
0.97601855
0.9739047
0.909136
0.958576
0.9442723
0.88117874
0.84902215
0.8830855
0.9523565
0.91525847
0.9699575
0.9540479
0.99660385
0.7426148
0.8094541
0.9533351
0.97602063
0.79026306
0.9753203
0.7582965
0.8014798
0.9798148
0.97933567
0.84013426
0.8061175
0.8909466
0.8745928
0.8905424
0.7622943
0.93283623
0.97407734
0.9643092
0.9175954
0.96341246
0.98587894
0.89450943
0.8949014
0.9830857
0.99999994
0.9496829
0.94379854
0.96734256
0.94851196
0.9359245
0.9922394
0.89946395
0.8700143
0.98994714
0.49433365
0.9991949
0.98213965
0.9020926
0.99749815
0.8945573
0.6905061
0.8905903
0.9139576
0.83419
0.9390593
0.90628886
0.80756813
0.9979095
0.9421174
0.992949
0.905593
0.8413245
0.92920804
0.9352089
0.99999994
0.96510255
0.81433964
0.96170413
0.8760383
0.864003
0.91486716
0.91328466
0.8457251
0.93000126
0.8975725
0.9657292
0.8924343
0.95623904
0.86630386
0.9858156
0.9999999
0.9697195
0.9249364
0.91258836
0.97231
0.8581294
0.905317
0.9459222
1.0
0.96948195
0.9335021
0.97430784
0.82162535
0.97500926
0.7995587
0.9339511
0.95130855
0.92198837
0.99969476
0.9998859
0.81949794
0.77672315
0.96864843
0.97090536
0.95250213
0.91486746
0.85176545
0.94434017
0.8965627
0.9604237
0.9627284
0.962409
0.51617813
0.8689035
1.0000001
0.85527736
0.9798345
0.9599837
0.8427435
0.89072645
0.9578482
0.9748637
0.9451046
0.9944568
0.9835406
0.93061477
1.0000001
0.99270225
0.8860337
0.8056648
0.9765563
0.8637984
0.99388164
0.9733921
0.99999994
0.9553252
1.0
0.9525995
0.90406966
0.9137126
1.0
0.8324541
1.0
0.9966079
0.96816075
0.9878068
0.8303463
0.8914563
0.80662584
0.77038693
0.93671936
0.85859823
0.9484389
0.9369762
0.97996116
0.91968876
0.8123434
0.9155199
0.9636565
0.8636977
0.38834673
0.9612973
0.7369715
0.8554722
0.82783866
0.8683748
0.8043967
0.9246677
0.9909747
0.9412521
0.7745401
0.98355705
0.95730746
0.9707129
1.0
0.7992627
1.0
0.93575567
0.98703057
0.6052194
0.9782759
0.9488739
0.9599345
0.9577901
0.96105623
0.94840235
0.7760067
0.67013836
0.976702
0.9947504
0.9966992
0.46566153
0.9999999
0.9357496
0.77979255
0.93508303
0.96192396
0.957677
0.89468217
0.92553824
0.96245617
0.97233486
0.9429133
0.9663285
1.0
0.98376167
0.9996182
0.9250417
0.9679376
0.95293903
0.97822917
0.9982747
0.8586603
0.98804116
0.95304394
0.9653542
0.9774562
0.9463426
0.97924095
0.90920496
0.8182544
1.0
0.6883456
0.93864393
0.7089704
0.88586074
0.88014567
0.9340123
0.97626877
0.99510974
0.9714271
0.94996035
0.9982184
0.9214185
0.93126297
0.9848847
0.9999998
0.8595052
0.96230865
0.91861975
0.8260735
0.8543084
0.8143326
0.90785176
0.86113113
0.99936306
0.98249006
0.9855712
0.9941908
0.9018857
1.0
0.85813093
0.85504556
0.8103395
0.94084287
0.9796784
0.97680426
0.906357
0.9705672
0.90861577
0.9925771
0.9511535
0.9420423
0.9863372
0.95809084
0.982233
0.87371033
0.972828
0.8827209
0.96559423
0.49507037
0.988275
0.9789686
0.87899446
0.97788805
0.8854991
0.9104985
0.9304239
0.99071735
0.90830755
0.9525059
0.9495101
0.9176426
0.8002357
0.87876415
0.92183566
0.98345673
1.0
0.99999994
0.9514374
0.95157254
0.9936936
0.9763921
0.9961976
0.9630481
0.9789822
0.87147087
0.99255127
0.992787
0.88970923
0.9848373
0.96776104
0.92682594
0.94183695
0.9036753
0.8697633
0.97710145
0.8942144
0.9174064
0.90771294
0.97907376
0.98381
0.99908555
0.9999998
0.9393929
0.99896896
0.98467284
0.962414
0.9843463
0.9718424
0.8628876
0.9797816
0.9265579
0.96006066
0.8629605
0.82215697
0.9291606
0.95693433
0.9771489
0.93460864
1.0000002
0.7476042
0.95772946
0.99437916
0.9270887
0.9381708
1.0
0.91810304
0.94752896
0.93348306
0.9994347
0.9999999
0.8404361
0.925308
0.97711146
0.9658947
0.9867681
0.88534963
0.99975526
0.9327224
0.91666454
0.99375063
0.8440501
0.9664255
0.82632065
0.95630276
0.9746466
0.88140714
0.94448215
0.99600405
0.9261979
0.9533161
0.9393332
1.0
0.9948614
0.6503959
0.9149395
0.8785676
0.9662542
0.8970556
0.9817352
0.8177124
0.72496796
0.8433329
0.98728895
0.8300106
0.97465855
0.9149355
0.9830596
0.9433644
0.9286241
0.9424765
0.8593901
0.9494945
0.9508694
0.98796433
0.68468547
0.9515501
0.9497593
0.96323395
0.87780535
0.9407959
0.69195145
0.92506975
0.9607425
0.8374516
0.9999999
0.89040595
0.91122895
0.9483391
1.0
0.8405144
0.86715245
0.9137807
0.96153575
0.88566554
0.8622529
0.97339845
0.8704976
0.99308765
0.8203879
0.90397024
1.0000001
0.79127526
0.9127684
0.85990345
0.9511287
0.8321692
0.99999994
0.8399546
0.9867057
0.8991734
0.90242046
0.79427266
0.899753
0.85067135
1.0
0.96275365
0.9999999
0.9327184
0.88793623
0.93397665
0.9682707
0.9834265
0.87455004
0.8435265
0.82566833
0.94255936
0.82395047
0.9678868
0.6997338
0.80542153
0.99999994
0.97761214
0.9204355
0.9615266
0.95731324
0.9137026
0.968627
0.9848788
0.9660696
0.9544262
1.0
0.98904026
0.8723
0.999666
0.9496486
0.9514884
1.0000001
0.9384866
1.0
0.98563707
0.9856929
0.9840614
0.9822206
0.99652904
0.72704107
0.9893636
0.942209
0.81511605
0.7504271
0.86416876
0.83899283
0.9455672
0.9972456
0.9199967
0.6881851
1.0
0.9570234
0.8342356
0.9811574
0.797573
0.86311406
0.865527
0.93345565
0.9591239
0.9586233
0.970955
1.0000001
0.9265871
0.9445467
0.92949945
0.90747035
0.9781319
0.94105893
0.9188992
0.86750555
0.99999994
0.9071712
0.9921479
0.89829874
0.71490407
0.98499346
1.0
0.9703564
0.99410856
0.87891537
0.79870474
0.9435455
0.81630737
0.96567994
0.9647565
0.9093361
0.96754986
0.99999994
0.9617388
0.9498275
0.75988764
1.0
0.91267526
0.9097129
0.9819713
0.9999999
0.90197664
0.99436855
0.9362592
0.9967364
0.88763255
0.6802878
0.98885506
0.8554714
0.9956761
0.96840847
0.935044
0.93239814
0.9012808
0.7693444
0.98879623
0.8382179
0.9993571
0.92937833
0.99066687
0.99599975
0.8663622
0.94607055
0.96727383
0.97224724
0.98653954
0.9718438
0.989367
0.9892789
0.9617945
0.922802
0.9317792
0.998636
0.6872325
0.8724255
0.7845307
0.9466458
0.83406675
0.9041767
0.9385879
0.9306415
0.8477447
0.9131201
1.0
0.9168681
1.0
0.90820485
0.957729
0.9785553
0.67286634
0.9569539
0.88918674
1.0
0.97303885
0.9187703
0.78655785
0.95139945
0.9021317
0.9185526
0.8703511
0.9933298
0.99981946
0.7260664
0.92964536
0.9228613
0.99717194
0.9447006
0.93130696
0.9777203
0.890371
0.98295075
0.9822155
0.99887687
0.9999998
0.9908302
0.9187344
0.87073463
0.9193705
0.97023684
0.99719894
0.8727403
0.8563239
0.9425549
0.627854
0.9926153
0.95595115
0.942273
0.95727116
0.79179037
0.9262449
0.8554499
0.9697677
0.9488735
0.973813
0.9519686
0.93465555
0.7786631
0.9514351
0.96917045
0.99153644
0.76015854
0.9956811
0.835503
0.9676549
0.9177623
0.9159967
0.9999999
0.9122108
0.9767499
0.829472
0.82439554
0.835847
0.65107584
1.0000001
0.9785788
0.96649486
0.9596566
0.69063693
0.80210614
0.989188
0.8980068
0.93083113
0.72564805
0.9966622
0.95722854
0.9178973
0.81005234
0.9497066
0.8707489
0.96567047
0.9952384
0.931214
0.9911494
0.99596477
0.961106
0.91392314
0.9950033
0.9810172
0.91902137
0.9785061
0.98736566
1.0
0.96616817
0.891681
0.871541
0.9873057
0.9987497
0.997347
0.97168624
0.97672766
0.97056174
0.9617286
0.96386737
0.9446416
0.8817255
0.84906375
0.92511463
0.7968863
0.81354827
0.9645733
0.8657294
0.9411323
0.99085057
0.9606234
0.89118433
0.87854147
0.9990213
1.0000001
0.92906815
0.900125
0.95950973
0.9720458
0.91602224
0.8533908
0.9329556
0.83406746
0.9543531
0.9881412
0.8831168
0.8827483
0.96683806
0.9829978
0.91160876
0.94528157
0.9683946
0.6671833
0.77173316
0.9225449
0.9784044
0.9266444
0.7086685
0.9551998
0.99180055
0.9450234
0.7710134
0.72506225
0.9739863
0.965912
0.99999994
0.92704797
0.92219734
0.98259544
0.9903574
0.7918355
0.8768494
0.8829962
0.9913925
0.9712435
0.8867166
0.93484557
0.93057805
0.7328694
0.9822352
0.999791
0.98939925
0.8252485
0.9787486
0.91626287
0.8455783
0.92768466
0.7361946
0.9785817
0.75760084
0.94648594
