0.9279757
0.81392765
0.8358926
0.9443883
0.7842407
0.53777224
0.8673508
0.19818872
0.7445233
0.7992648
0.7967227
0.5963023
0.928511
0.8207972
0.8189669
0.8620992
0.004565805
0.03781027
0.7358622
0.15670556
0.2008666
0.8095568
0.84736234
0.8457023
0.81778824
0.70999825
0.882676
0.8306387
0.58853066
0.49623874
0.87131625
0.600143
0.14215869
0.6018339
0.91192913
0.8887339
0.8671815
0.6675628
0.85394657
0.2761111
0.93564975
0.8331301
0.5305486
0.92822295
0.7137748
0.048807465
0.07497794
0.89478564
0.4776358
0.5862446
0.9133448
0.7280661
0.80340254
0.8074019
0.7180046
0.8395139
0.9569336
0.7623766
0.9551959
0.9313689
0.89627796
0.69219744
0.61448133
0.7241132
0.8692143
0.718476
0.9203167
0.73521084
0.07866834
0.80293477
0.640355
0.8865405
0.7879474
0.35625038
0.8221972
0.39064717
0.6870036
0.6200165
0.8924034
0.85021293
0.8368391
0.7522112
0.7332616
0.2302642
0.061305854
0.6361539
0.96334976
0.8959322
0.46348178
0.4260537
0.60657245
0.86018896
0.7671461
0.60514855
0.3786911
0.7733392
0.9229908
0.81622905
0.037050802
0.7340774
0.87858
0.77082676
0.81286925
0.081356205
0.9205978
0.8911346
0.93041545
0.9195763
0.8690246
0.93839794
0.8812882
0.923358
0.93063855
0.8896214
0.9056723
0.010028511
0.49802974
0.74622494
0.7934035
0.9525608
0.03219988
0.47109172
0.935805
0.8060539
0.8966311
0.6688485
0.62200224
0.8700813
0.90124583
0.13566722
0.9091833
0.68717694
0.7367817
0.87082344
0.8489033
0.42629004
0.87967277
0.79041195
0.68387574
0.8552985
0.8357376
0.5636349
0.9430221
0.5541698
0.7808855
0.91611874
0.81898844
0.87344617
0.9507502
0.8907667
0.6521454
0.82854176
0.87369287
0.92936647
0.85869277
0.8314875
0.7909813
0.66521233
0.77797
0.42470855
0.44672766
0.93091375
0.044413064
0.85712636
0.90234727
0.80921155
0.84230894
0.08573367
0.7423341
0.5055939
0.87759805
0.90155745
0.88544166
0.79717875
0.87428164
0.84348035
0.8782408
0.9115252
0.90432215
0.0076385764
0.5558075
0.4651655
0.06916323
0.6493477
0.8772456
0.9448921
0.5839504
0.043968182
0.929457
0.7257604
0.8789873
0.5951209
0.8013685
0.7888787
0.7140883
0.7989508
0.7997497
0.7835592
0.90838635
0.70013845
0.40738004
0.8232206
0.7983574
0.77663696
0.80707484
0.5969828
0.91059536
0.7568445
0.6687545
0.7326894
0.83588207
0.81914985
0.40698054
0.8777971
0.59961706
0.9266726
0.6254548
0.922621
0.68366563
0.89800555
0.49850318
0.84865403
0.85662884
0.7254679
0.9388836
0.63587075
0.9138117
0.03518449
0.852334
0.86759067
0.08385618
0.5524456
0.9047873
0.88221455
0.76488763
0.8818008
0.7970377
0.43594387
0.81345457
0.6550052
0.7405368
0.6674634
0.80011547
0.70032686
0.9009641
0.86399716
0.74060136
0.9009821
0.89570886
0.86904347
0.92757195
0.9060271
0.84989053
0.93419
0.96403253
0.57724905
0.87342465
0.0840205
0.16690944
0.8095043
0.6094636
0.7730254
0.0070445416
0.8485154
0.8436258
0.72753525
0.80175865
0.6379951
0.804745
0.6459552
0.8251424
0.8706388
0.40480796
0.85518515
0.71737194
0.509936
0.81045717
0.781214
0.90095615
0.742891
0.8273809
0.8931672
0.7844864
0.7210651
0.90329194
0.16862148
0.9403322
0.88864887
0.83322585
0.89604354
0.60927963
0.801025
0.81660175
0.7327333
0.6786474
0.63306725
0.9102545
0.7631401
0.76934254
0.6421788
0.9165156
0.7987156
0.9152763
0.91529024
0.9035353
0.68817484
0.38549435
0.87314653
0.83162916
0.7534182
0.94019705
0.26257774
0.8875567
0.7812088
0.908245
0.83327335
0.710893
0.038034774
0.52213866
0.9448719
0.85612226
0.7788129
0.88580936
0.7767265
0.9776918
0.79937494
0.8602011
0.7989481
0.023999602
0.039650526
0.8966911
0.7747273
0.67953545
0.85703653
0.74032557
0.8281816
0.8433101
0.8275214
0.9274055
0.5928432
0.8546711
0.04969746
0.84786034
0.017131578
0.6948648
0.8912918
0.01823855
0.7759737
0.71307576
0.5372207
0.8542201
0.9394794
0.8688845
0.44655457
0.81401694
0.9316875
0.95629025
0.4223647
0.7450871
0.9364898
0.8429853
0.7141396
0.83072436
0.7190374
0.16976236
0.71128565
0.21576159
0.82556456
0.5830445
0.56104505
0.8198738
0.4700083
0.6778741
0.9115852
0.55071217
0.65564203
0.8280321
0.46007058
0.8937635
0.67964673
0.9469978
0.74498415
0.8688406
0.9578289
0.8879908
0.9665884
0.57074213
0.76457506
0.9196599
0.8792474
0.8762814
0.82023203
0.85021275
0.2881356
0.6926323
0.71151006
0.699389
0.44510904
0.5834169
0.85130113
0.24120036
0.9456741
0.31317115
0.69063807
0.84701663
0.76086026
0.5132053
0.8672294
0.8399188
0.89959896
0.8560193
0.46884394
0.78100544
0.74997693
0.85572916
0.7465038
0.91165143
0.57248795
0.9446622
0.88234365
0.5250031
0.045340836
0.6561718
0.5881595
0.2584064
0.80504155
0.8759418
0.8240282
0.9264498
0.49124727
0.016075961
0.65488595
0.8428349
0.731678
0.8726896
0.8289294
0.8184755
0.5939189
0.053809892
0.79668796
0.91146326
0.8014072
0.8546009
0.81261605
0.82006186
0.60712457
0.5392575
0.31776178
0.8855705
0.21568707
0.6873813
0.52783275
0.0954016
0.018853929
0.7949852
0.69270486
0.010959885
0.8372288
0.76641834
0.8863982
0.91667116
0.95251983
0.9045915
0.81372035
0.83240527
0.72505045
0.8053928
0.76770926
0.3243019
0.9139862
0.7882762
0.88284683
0.7819581
0.9357035
0.7863419
0.527597
0.9098982
0.8990377
0.95322067
0.07806803
0.8041597
0.76121384
0.89822966
0.8865621
0.6916869
0.6521939
0.7773153
0.90237683
0.87537295
0.8115119
0.78087795
0.5786681
0.019096375
0.59325373
0.8654024
0.5653523
0.8521595
0.72678673
0.60446256
0.6760715
0.89900315
0.953482
0.5521815
0.7092102
0.93668145
0.17372978
0.83106756
0.5275278
0.8779752
0.87653047
0.71436334
0.8340175
0.8607213
0.4446551
0.14591032
0.91117436
0.40736544
0.43442303
0.9138268
0.7753471
0.73494035
0.78366697
0.712066
0.6391589
0.8892187
0.21294667
0.86786807
0.087867685
0.73421603
0.68541217
0.53891414
0.7166665
0.84588695
0.62631017
0.9096949
0.852088
0.9014199
0.90416604
0.8837334
0.8707707
0.9089973
0.8596191
0.949961
0.8109287
0.93544257
0.8582558
0.8918413
0.92101586
0.7536883
0.050407812
0.72641915
0.5491213
0.6804468
0.8308305
0.77647257
0.66341954
0.18542323
0.5083947
0.8143357
0.88673145
0.8033359
0.700863
0.91910577
0.54835767
0.567261
0.75640774
0.75839156
0.8238989
0.55819845
0.8350878
0.80198425
0.9181291
0.9047152
0.049088087
0.85735095
0.67949414
0.74191445
0.8761579
0.886093
0.92716837
0.7151917
0.74007726
0.71912
0.88727874
0.9135436
0.84816235
0.71849453
0.7649626
0.9330199
0.30202356
0.6004492
0.85662025
0.947057
0.9421304
0.93176764
0.7639424
0.012802655
0.8479694
0.7972385
0.6846997
0.7975639
0.8947072
0.80408645
0.9435955
0.93471843
0.94136083
0.7572945
0.3179035
0.7533592
0.031193854
0.6867441
0.7896288
0.883562
0.14635646
0.29711905
0.3468746
0.91633004
0.9278867
0.88030446
0.53746283
0.71843463
0.6411493
0.7649934
0.5965534
0.9430208
0.895983
0.8712846
0.86147916
0.764191
0.7509483
0.83899295
0.0081321765
0.57591003
0.89925605
0.951307
0.6999301
0.48033082
0.82045007
0.85400087
0.48427492
0.8422811
0.6688295
0.65997046
0.94646704
0.8403846
0.8601253
0.8469213
0.8538142
0.82765603
0.7174905
0.66925824
0.91015434
0.9595643
0.37130854
0.89974934
0.9196342
0.0312932
0.6958028
0.8115839
0.8701867
0.7108882
0.3372393
0.37536308
0.5754393
0.9091319
0.89387476
0.6632151
0.88369775
0.88997906
0.93244934
0.91527724
0.79508877
0.8831267
0.41180983
0.7768487
0.40404436
0.9450247
0.7640879
0.8257605
0.6003244
0.61458766
0.89475954
0.8848379
0.9473174
0.2475523
0.8220694
0.84687495
0.80598307
0.8791778
0.8525688
0.93157554
0.96049
0.76950675
0.6192103
0.85167533
0.1627199
0.8186207
0.9706042
0.500914
0.8919524
0.9160201
0.9268053
0.8029187
0.22950587
0.9337954
0.46655992
0.71499115
0.57051086
0.8782204
0.8983017
0.67366153
0.735219
0.9155641
0.5708663
0.8773658
0.5994045
0.48855743
0.851613
0.7726612
0.76992565
0.8758911
0.8564207
0.124389
0.7714542
0.6133709
0.85704553
0.022909738
0.7983679
0.9062729
0.9106229
0.37930703
0.90280175
0.9455945
0.16815038
0.88064873
0.771454
0.8401969
0.95038015
0.8135988
0.64327073
0.71520764
0.33231378
0.8212824
0.7773195
0.88584036
0.49351668
0.75304586
0.85573524
0.89914256
0.8546963
0.85864156
0.6743461
0.9160476
0.49417365
0.93275166
0.8909786
0.0013888222
0.5888936
0.3904454
0.4272144
0.5727528
0.8729186
0.93467736
0.39227018
0.8466642
0.87103564
0.90562636
0.92247254
0.8955867
0.37858632
0.8801654
0.8667092
0.8473555
0.7857674
0.952871
0.8391536
0.011529498
0.2742257
0.6997408
0.9429896
0.30607626
0.6012988
0.519153
0.65706676
0.9498981
0.892567
0.8969318
0.75540555
0.9445256
0.9629607
0.7892048
0.8032547
0.042520642
0.83117735
0.8334584
0.4145889
0.30457482
0.92095995
0.14158945
0.21113592
0.8721739
0.9420756
0.86960644
0.6155268
0.71378505
0.74260604
0.9414777
0.85381025
0.3557575
0.7519355
0.79852855
0.479529
0.6270761
0.860184
0.23358089
0.90074515
0.79060745
0.5933334
0.89440006
0.3585914
0.4954393
0.8751291
0.7917172
0.646722
0.96750456
0.76141614
0.6230453
0.6977242
0.8834131
0.7913528
0.8907777
0.5452281
0.7327078
0.53245956
0.78162944
0.5843749
0.7111444
0.09507398
0.64139557
0.90572244
0.49606416
0.7809405
0.69863284
0.8674253
0.7652168
0.19411345
0.7760439
0.86563253
0.8806959
0.49958798
0.91512513
0.48275262
0.75621384
0.9046762
0.75480217
0.559876
0.8944199
0.88682985
0.57706356
0.8478553
0.8941746
0.4981919
0.7826849
0.5929393
0.8772512
0.86968464
0.94425356
0.8063821
0.8976925
0.90931916
0.8240298
0.79985
0.98418164
0.92028916
0.82338434
0.64206445
0.9261801
0.79791987
0.72209525
0.8464912
0.7427977
0.60796285
0.66421384
0.8697408
0.5918568
0.5878329
0.71540904
0.8964269
0.51581836
0.8499059
0.8954774
0.879025
0.8335348
0.6316996
0.919505
0.8484967
0.7972929
0.9003129
0.45083198
0.23853196
0.5837144
0.89974874
0.7588941
0.74601525
0.87404495
0.8626497
0.8999413
0.08367384
0.855811
0.7023174
0.6898464
0.6629436
0.9560573
0.89151263
0.75421256
0.31458032
0.73205304
0.8784221
0.8738313
0.56464195
0.7899111
0.6014343
0.8413597
0.9370053
0.8655021
0.8425619
0.82922816
0.5767637
0.08271555
0.5500262
0.58371633
0.9147538
0.70797044
0.85665697
0.091454856
0.72501314
0.76125014
0.8371546
0.8501138
0.90944374
0.73494023
0.595224
0.85429657
0.7954002
0.93370175
0.5733073
0.10991946
0.8597375
0.86003256
0.846924
0.5729478
0.7720678
0.4957263
0.6051819
0.86302423
0.9094767
0.75161815
0.73787284
0.77377385
0.5976741
0.90619504
0.85896796
0.8754517
0.41932034
0.63122123
0.016644435
0.025181368
0.56383264
0.46321005
0.74135256
0.9340278
0.7612119
0.75011075
0.7809159
0.91323525
0.6796835
0.8708827
0.60221016
0.7497347
0.40218768
0.67885756
0.68699205
0.9316371
0.89795357
0.89324075
0.9656732
0.83487374
0.013284491
0.45200595
0.48157477
0.6967478
0.73896676
0.84259343
0.7632438
0.72931457
0.9040946
0.70108676
0.7525874
0.8575492
0.6083504
0.90806043
0.92635095
0.7268518
0.92369545
0.9305921
0.67898583
0.75559396
0.92173177
0.68345326
0.89423656
0.9126687
0.7654035
0.837369
0.6805336
0.80680555
0.73353446
0.61647916
0.8212722
0.9418722
0.0041326573
0.94216263
0.15514576
0.87495124
0.020892944
0.86681086
0.69266605
0.85233986
0.876197
0.92845374
0.80010945
0.83968127
0.38109392
0.7864538
0.0453803
0.7530009
0.9081622
0.69142777
0.64813364
0.8936406
0.7553789
0.9058626
0.8682665
0.9228679
0.9111779
0.8894796
0.72157645
0.011482544
0.9374359
0.58577394
0.7789455
0.90460205
0.043110732
0.01775109
0.0017368235
0.95627344
0.7665437
0.92235124
0.897648
0.5762657
0.8416844
0.14781836
0.86966795
0.77358043
0.032853067
0.8727667
0.90637934
0.8390574
0.87579525
0.5293947
0.93132293
0.72014
0.8794838
0.90135014
0.8957933
0.9137694
0.72718984
0.91989547
0.7656144
0.93020874
0.05180479
0.7751502
0.879584
0.9341829
0.80251294
0.85548145
0.72181624
0.67371804
0.53946555
0.3237087
0.016321857
0.35356402
0.8181988
0.8588606
0.740406
0.7705128
0.8570826
0.81517553
0.7846943
0.9318268
0.53796476
0.6382146
0.4473952
0.9095913
0.8178078
0.24627002
0.4424051
0.79592085
0.45818728
0.48558095
0.6371213
0.7973577
0.7975066
0.8864455
0.5779553
0.53342044
0.85979605
0.48838744
0.6744187
0.7781989
0.789526
0.8910992
0.42083526
0.8863138
0.6712915
0.95522225
0.7134215
0.9288508
0.3051933
0.90762717
0.8383129
0.94273657
0.5400777
0.934781
0.83917195
0.7214334
0.05729689
0.93304574
0.9344967
0.8374814
0.87965506
0.9002059
0.7450627
0.40620455
0.5855017
0.8568481
0.047946498
0.66143763
0.70390636
0.87201494
0.91162
0.9001631
0.72473633
0.81820095
0.8683917
0.84739166
0.21943294
0.78260523
0.40149117
0.89452827
0.8464871
0.8559619
0.82648057
0.77963114
0.71070725
0.7544254
0.76187915
0.4583422
0.599275
0.91347337
0.77304876
0.6996324
0.36874473
0.86748356
0.16241126
0.74213815
0.5375368
0.633043
0.20413023
0.6752362
0.5714144
0.83380216
0.8823652
0.8112798
0.9129814
0.9491988
0.91261876
0.8657099
0.05469663
0.45232213
0.019386062
0.9245399
0.89280146
0.81652105
0.96753705
0.9465404
0.6099527
0.90233684
0.84362155
0.44891283
0.8784721
0.8425172
0.01633163
0.9704224
0.91417986
0.03544034
0.86428535
0.80206424
0.72707707
0.91397774
0.393314
0.7744535
0.8814061
0.8580494
0.78940034
0.7734578
0.94302243
0.8146322
0.18696067
0.74968624
0.80478835
0.8458022
0.86309946
0.71769184
0.8952434
0.8188325
0.6249627
0.9231743
0.897061
0.63901126
0.9222398
0.9046841
0.8219054
0.93665487
0.8291331
0.69120777
0.62043
0.93012685
0.89508975
0.7909252
0.9025214
0.8781616
0.5246669
0.5715003
0.41342393
0.8695413
0.5627628
0.6064975
0.737654
0.8714174
0.66301394
0.6301341
0.55398476
0.634219
0.8798303
0.5318131
0.36427107
0.8585304
0.6286573
0.5257321
0.7918621
0.9047455
0.8428246
0.6658128
0.04637706
0.77028155
0.3178322
0.8359476
0.72189
0.81826776
0.8961257
0.87286353
0.8843153
0.8300021
0.87188315
0.97298914
0.47739223
0.9515976
0.44507843
0.11774523
0.18622789
0.7654439
0.6576141
0.38319826
0.44855046
0.8777057
0.66038203
0.79440737
0.62022823
0.8791531
0.86959606
0.95289826
0.7197827
0.78103966
0.39829272
0.6153252
0.7601114
0.64915466
0.6286781
0.7713548
0.8443312
0.80941194
0.8895495
0.015392891
0.009049635
0.60921377
0.4342409
0.76838064
0.7590774
0.49575484
0.66155756
0.83343345
0.011049423
0.80643976
0.91385895
0.70429975
0.7563112
0.87097204
0.5690458
0.9398416
0.8769375
0.78952134
0.7021992
0.3697863
0.8903026
0.9331506
0.8593554
0.7320903
0.95064557
0.9441272
0.6489281
0.15768477
0.8696282
0.83268946
0.019555155
0.03790866
0.29699773
0.61654145
0.1261913
0.5749736
0.4611708
0.70249575
0.91188365
0.7538219
0.71314704
0.8676717
0.3864532
0.8798624
0.65266055
0.80641353
0.9102056
0.77061784
0.87185717
0.912163
0.860164
0.4063842
0.7889001
0.015550935
0.5636196
0.90620315
0.6762068
0.868283
0.7961932
0.8484456
0.40358818
0.55806434
0.58752906
0.9085691
0.6732451
0.86891264
0.45216447
0.7390786
0.075057976
0.5676139
0.63826746
0.7676702
0.51560163
0.81082124
0.18613574
0.68021137
0.4652875
0.7695344
0.65243477
0.7498588
0.54355055
0.6718526
0.6892235
0.08245527
0.9031782
0.8519392
0.63228476
0.8638286
0.119427815
0.74883425
0.03176938
0.69964916
0.59195024
0.8466142
0.508152
0.7166137
0.12070419
0.9156091
0.54145753
0.7069961
0.6762158
0.83472
0.6821841
0.7033515
0.7539456
0.8190283
0.7380632
0.9520759
0.7149695
0.740385
0.93137264
0.8613161
0.6237695
0.034243084
0.5060759
0.8239951
0.6600685
0.84355104
0.6724258
0.9166494
0.94541043
0.94989663
0.9110853
0.8453082
0.84998584
0.8527937
0.35236034
0.88691694
0.69677085
0.70152056
0.62424994
0.18592252
0.6912966
0.038633518
0.5529232
0.8480166
0.627799
0.703531
0.93376184
0.009572158
0.71903384
0.61362946
0.7842269
0.77547824
0.63478607
0.039619364
0.85836494
0.86421824
0.7269013
0.32328075
0.8822065
0.042728323
0.8071084
0.228244
0.5084278
0.76168185
0.19149691
0.77134585
0.76095444
0.9144305
0.8407102
0.87202555
0.821812
0.8922105
0.8617146
0.8642362
0.8841103
0.9459748
0.8793288
0.6316521
0.7742378
0.93377703
0.3113798
0.93105775
0.970699
0.2158041
0.5889258
0.91882515
0.016757973
0.8754588
0.616581
0.7241101
0.93379176
0.42561308
0.8549426
0.018224262
0.9211141
0.8387364
0.730822
0.29530486
0.5977522
0.6742558
0.79990244
0.35065353
0.75995564
0.7590314
0.50113976
0.85846245
0.5699434
0.92031956
0.81315494
0.81402755
0.7983821
0.8655931
0.93097985
0.892242
0.47129205
0.8373383
0.75303024
0.08644751
0.9161681
0.90240777
0.6967118
0.010618139
0.948454
0.8483354
0.73473775
0.67243755
0.8144002
0.87593424
0.93690526
0.010772782
0.5948987
0.9021295
0.9212901
0.804067
0.72168636
0.80946594
0.49443096
0.9433316
0.4891161
0.94068414
0.7645276
0.48272946
0.8616747
0.5786098
0.7495406
0.9028006
0.698463
0.8691277
0.6384551
0.54922736
0.78121
0.8716283
0.7407125
0.91284466
0.8719986
0.82567227
0.9390856
0.8638507
0.9482027
0.8555249
0.7281672
0.84612733
0.006461854
0.020172216
0.8790168
0.18493068
0.62020934
0.9022734
0.6808447
0.82637584
0.112105235
0.28407
0.86565495
0.5891491
0.3947636
0.7371949
0.80472594
0.75100756
0.09515825
0.7757302
0.91633666
0.86838746
0.15835336
0.6140554
0.7426326
0.09394737
0.7967632
0.73596406
0.7335471
0.30606854
0.8909143
0.5565863
0.894619
0.89141244
0.6652481
0.8005602
0.6446363
0.850182
0.9138476
0.8352488
0.8843505
0.40110847
0.7681184
0.85019326
0.6310307
0.72522587
0.052490015
0.015716761
0.7721119
0.016958594
0.6614675
0.80961305
0.0022412399
0.90264976
0.8897718
0.8466288
0.8662839
0.9320633
0.28672668
0.9581887
0.67533946
0.8331707
0.3175848
0.8343361
0.47120047
0.89630145
0.45117262
0.4721074
0.7804251
0.68126506
0.625109
0.056191884
0.5444621
0.86570567
0.48203647
0.9531123
0.80211353
0.8774518
0.049870305
0.9594846
0.77328527
0.9203465
0.9031246
0.87477267
0.9031282
0.02647232
0.91609824
0.8555658
0.13772793
0.95788133
0.6658276
0.91378707
0.8484461
0.8486046
0.8437374
0.9053576
0.003209401
0.8567135
0.7604972
0.75985587
0.7968724
0.8060945
0.77152634
0.8852224
0.33229512
0.7826497
0.01839822
0.13972199
0.8649076
0.23344254
0.8633973
0.8731163
0.060905002
0.8606335
0.73906076
0.90866244
0.6645706
0.8988658
0.7227003
0.9306603
0.73443806
0.87513405
0.9042567
0.4242518
0.60321575
0.82393044
0.85390186
0.81637853
0.078806266
0.70171964
0.7314844
0.86357135
0.8898112
0.8261379
0.87263846
0.9189019
0.00083187455
0.51390225
0.4219747
0.8043204
0.48235747
0.85677534
0.9320341
0.9085703
0.6723638
0.7719745
0.7444308
0.7372542
0.8297412
0.80739963
0.50833035
0.8959696
0.47984117
0.5116133
0.90432966
0.27002174
0.8951922
0.94593084
0.90157616
0.8281674
0.25546232
0.94312465
0.030124094
0.59322727
0.80235946
0.88580245
0.8039459
0.92153853
0.6706957
0.83893245
0.7674674
0.93435705
0.88938034
0.10510215
0.097711876
0.71263766
0.8647224
0.45444068
0.91470313
0.94755197
0.88582486
0.6505122
0.8015621
0.34847534
0.7011301
0.79436713
0.9115406
0.081891894
0.79380846
0.9275495
0.4044533
0.94550014
0.77285904
0.8464569
0.67074853
0.7258086
0.19538258
0.92363775
0.5102252
0.51171535
0.73024905
0.8796
0.7674552
0.74979573
0.82856584
0.8473028
0.4076687
0.86863935
0.9122294
0.06510362
0.88255405
0.7958567
0.7883754
0.8414554
0.8306248
0.630319
0.80403304
0.81915295
0.11135637
0.89183027
0.2484312
0.704555
0.7751995
0.4043296
0.647939
0.6670897
0.8434869
0.6215552
0.89923185
0.67658204
0.89429194
0.736569
0.5109592
0.85983163
0.9100084
0.68260294
0.30771226
0.8598757
0.8891742
0.8687663
0.4328785
0.8484626
0.9334882
0.6726119
0.9448901
0.8351141
0.7342507
0.25526294
0.9004868
0.79951245
0.67948025
0.91801333
0.7783795
0.84222686
0.5098642
0.8522636
0.81163645
0.8271979
0.34732515
0.86462903
0.80227786
0.70943445
0.077890895
0.8921324
0.7088407
0.8276988
0.78380775
0.07059983
0.88354665
0.29843765
0.8802478
0.79033643
0.54010874
0.70996296
0.7842361
0.033513196
0.7084091
0.8284448
0.8427414
0.91373754
0.83146834
0.78901005
0.5698246
0.48225737
0.60079503
0.5254832
0.36810392
0.4982897
0.8531616
0.60121703
0.9475181
0.6819297
0.59089744
0.87062645
0.4353952
0.927481
0.80259144
0.7904211
0.314735
0.7387897
0.7294485
0.67421055
0.82515055
0.8020189
0.86923206
0.5911079
0.90830576
0.87229604
0.7800794
0.92763615
0.73757756
0.88423777
0.6186883
0.6348392
0.936353
0.8950483
0.7347546
0.9126659
0.8157357
0.67320925
0.91446406
0.7571366
0.47613436
0.57753146
0.7095499
0.84420776
0.881511
0.6266838
0.88227266
0.8093337
0.75391597
0.91809964
0.9025454
0.61024076
0.84307444
0.78319734
0.9415538
0.7579144
0.25643018
0.8668151
0.7497138
0.8010764
0.8703462
0.8567557
0.68957996
0.030845221
0.4962095
0.783205
0.8068137
0.8570015
0.9593179
0.8864719
0.68161964
0.68256766
0.74551105
0.9026818
0.03073878
0.7868203
0.6466851
0.9213795
0.9409442
0.824824
0.8138528
0.89512604
0.49023154
0.04808067
0.8098908
0.9506284
0.9554559
0.53889066
0.92531556
0.88766617
0.7911817
0.35405737
0.76522386
0.87772477
0.32899988
0.742113
0.9545618
0.87511575
0.6307169
0.9057685
0.86420274
0.70190436
0.6721794
0.4299286
0.8838517
0.7404068
0.52538323
0.88293517
0.79520875
0.9361031
0.84842557
0.82653797
0.84143555
0.94571906
0.8189783
0.8585927
0.72285545
0.8775176
0.6658557
0.768314
0.6616376
0.67150843
0.71529317
0.82028174
0.80494
0.9255148
0.55368334
0.32005703
0.88864595
0.95580524
0.723947
0.9441342
0.3128095
0.74842376
0.7551095
0.69666743
0.58933663
0.87730074
0.36282876
0.053065065
0.6712953
0.002020514
0.7074989
0.77249545
0.61669445
0.69503987
0.79906154
0.51966125
0.9242512
0.88678557
0.8205346
0.82471305
0.8902814
0.49016953
0.56220907
0.7857387
0.8913616
0.5419313
0.83124125
0.8665193
0.91293406
0.84625846
0.03671207
0.37982094
0.052319236
0.8957377
0.8336616
0.6776761
0.8063696
0.9497396
0.9302116
0.8603907
0.8300566
0.7097756
0.917875
0.8457044
0.74292725
0.7423367
0.90274143
0.8804685
0.90875685
0.91898584
0.9136286
0.021858841
0.5678909
0.9100845
0.9257648
0.9012135
0.8938273
0.8402337
0.07362088
0.7114807
0.691194
0.9418143
0.64717656
0.7422356
0.9395154
0.911857
0.76123637
0.89942956
0.87496716
0.6115671
0.92493516
0.76640344
0.84009206
0.46118057
0.76201725
0.8362259
0.8827833
0.62909234
0.6566745
0.7659594
0.073747024
0.92650896
0.643885
0.57169265
0.77288043
0.38078058
0.7391547
0.047383554
0.5491481
0.82672334
0.867259
0.735189
0.87083584
0.818302
0.9633776
0.8119097
0.89320356
0.56263816
0.87260747
0.774747
0.67208576
0.895365
0.90919995
0.108089425
0.94796926
0.08834998
0.85348094
0.83795303
0.93936455
0.7650904
0.6804875
0.8034266
0.8103943
0.9305124
0.87018603
0.8819945
0.7883301
0.49309847
0.88731956
0.8294883
0.44393983
0.84814715
0.8919105
0.7201108
0.76867986
0.7976263
0.6909143
0.8544051
0.43648624
0.8225572
0.84339434
0.01058552
0.90472144
0.90438575
0.907012
0.68586224
0.92904645
0.8352549
0.72177595
0.8976965
0.76635313
0.8395599
0.70795655
0.07185079
0.29387566
0.82854354
0.739066
0.61040753
0.9440082
0.8890358
0.7091147
0.60791343
0.8412695
0.08719756
0.36368594
0.0065633487
0.7298589
0.82321024
0.8549823
0.3589934
0.8510057
0.032320283
0.41036898
0.85118675
0.6821103
0.93370956
0.9136364
0.9257115
0.4549877
0.08153635
0.90003264
0.53038853
0.79555166
0.9214208
0.86549836
0.6209366
0.365002
0.79210496
0.8027774
0.8914023
0.8570751
0.949371
0.88730603
0.050367042
0.6680327
0.6239105
0.83037776
0.9602826
0.79579014
0.20693186
0.7740217
0.96234286
0.4959947
0.9131503
0.8176842
0.83502907
0.83997065
0.90337056
0.5627236
0.920994
0.9321646
0.647388
0.37513578
0.95544744
0.036988705
0.90401363
0.8536708
0.8284874
0.90353847
0.07519691
0.85378814
0.8567204
0.78655195
0.700831
0.9506103
0.9504099
0.30368298
0.5614282
0.7685226
0.68520784
0.88643444
0.8757641
0.84548146
0.8221789
0.6555257
0.57912475
0.6331234
0.6163374
0.95758235
0.9349122
0.60675216
0.610645
0.74681854
0.5643954
0.9338424
0.7439694
0.73067605
0.05426384
0.589316
0.82972646
0.94069016
0.89694595
0.81532747
0.55429816
0.9350085
0.8388924
0.67658746
0.8859358
0.7004434
0.8581407
0.81024027
0.70189553
0.8750643
0.7546854
0.503699
0.9284816
0.67643726
0.84165704
0.26043648
0.114109665
0.4533294
0.6435991
0.7239747
0.812948
0.8521894
0.8040225
0.70558715
0.91793424
0.6456637
0.95683247
0.76569366
0.7995725
0.5997798
0.9447006
0.96220386
0.8572357
0.7168227
0.7652583
0.39171338
0.60781425
0.8021356
0.86347795
0.5582478
0.7849263
0.8442086
0.938358
0.24385262
0.9488051
0.86059743
0.091973945
0.89873785
0.8660548
0.64829314
0.8346587
0.86375797
0.90207314
0.36545774
0.12553911
0.8995501
0.75738764
0.7184383
0.78694504
0.88105446
0.9575763
0.9302819
0.88777626
0.7092617
0.67427826
0.6864813
0.9558718
0.54764676
0.8567824
0.56640154
0.868448
0.845924
0.62478375
0.86459
0.87844056
0.9090363
0.1689839
0.55350536
0.9176798
0.87292457
0.8102374
0.3176049
0.8167975
0.7416484
0.8646948
0.6686559
0.69092774
0.6057046
0.9369159
0.8062182
0.46376497
0.8865855
0.8876541
0.5433176
0.69403946
0.020327484
0.2687739
0.70989656
0.28946033
0.031864785
0.7367517
0.04194203
0.8725576
0.87302136
0.619547
0.87689245
0.91988677
0.7816904
0.01243737
0.8561902
0.36608237
0.32636127
0.87934434
0.24996951
0.7863402
0.93728095
0.8129635
0.8042486
0.8737863
0.5139026
0.7811607
0.6377296
0.9033016
0.8838915
0.9342534
0.64981973
0.94684696
0.68724954
0.5298054
0.60513747
0.934497
0.9313691
0.8640227
0.52822894
0.8946153
0.8882146
0.06507649
0.5699504
0.80098647
0.9125989
0.626312
0.45198438
0.82948816
0.8118241
0.81886244
0.12640774
0.47957036
0.82702154
0.5237147
0.22701462
0.4864332
0.71270436
0.89639723
0.6399833
0.8016224
0.7812103
0.73647994
0.7381728
0.9022566
0.79637206
0.3393419
0.8913775
0.643134
0.8324032
0.84334874
0.8285431
0.8261167
0.041537996
0.8711101
0.7331114
0.7639068
0.89198416
0.6859787
0.7748488
0.87207353
0.22446269
0.8804153
0.9238667
0.021471348
0.2708914
0.78148705
0.61778116
0.9230911
0.30354014
0.17625162
0.24486819
0.8528296
0.9130902
0.024974728
0.77142245
0.7410526
0.7780621
0.7341084
0.058963567
0.94826806
0.5870824
0.856586
0.8038182
0.7211134
0.94191426
0.8472334
0.79116845
0.59324265
0.8838502
0.8829112
0.75100255
0.9015042
0.559154
0.7526724
0.66251206
0.65413433
0.84296346
0.77447605
0.7702828
0.8356006
0.02745623
0.7119724
0.67097944
0.73173815
0.6865085
0.9573179
0.90847236
0.73810565
0.8914758
0.89991593
0.78054523
0.79699177
0.79589283
0.77729845
0.95128864
0.93807524
0.24797629
0.015663715
0.8757427
0.80228674
0.649558
0.87488055
0.8377081
0.87014985
0.88645136
0.90999204
0.76083624
0.86223763
0.7394371
0.61434454
0.8086151
0.7425028
0.28901166
0.9130491
0.7422412
0.93476933
0.9463973
0.03194176
0.84554005
0.02856341
0.13255382
0.8122115
0.8503921
0.91694725
0.6970815
0.8618476
0.758103
0.7959313
0.88903296
0.93920505
0.7045567
0.7730485
0.7369976
0.9038281
0.89123154
0.049170416
0.8633425
0.80356824
0.84925276
0.7681062
0.49786514
0.87904894
0.5937655
0.50863194
0.6118425
0.85780215
0.09287177
0.89394593
0.6667166
0.0113919
0.8798663
0.8367263
0.67300165
0.8586771
0.14578073
0.94492996
0.751724
0.8666829
0.69985443
0.59804237
0.75117207
0.94490534
0.70341134
0.8411847
0.82161784
0.96699756
0.6106871
0.68920755
0.47792387
0.7415233
0.047069862
0.47782654
0.77181923
0.8870247
0.85031414
0.43943214
0.864367
0.6622391
0.2761125
0.8118819
0.7630829
0.8097434
0.7999927
0.92135775
0.83234996
0.061374016
0.8751967
0.8461455
0.88206863
0.8711291
0.7137455
0.69886714
0.8457243
0.31782222
0.91747683
0.9219359
0.91652066
0.64471376
0.92204386
0.82313675
0.0070675006
0.35697877
0.0115302615
0.92244077
0.9325869
0.68494004
0.7635637
0.8388076
0.9211358
0.6017474
0.8570531
0.78784496
0.7437597
0.6848589
0.577983
0.74868566
0.8811934
0.6734238
0.05001975
0.8569638
0.9306412
0.05685238
0.8842495
0.8245728
0.6955806
0.5149842
0.8696836
0.7966013
0.008077916
0.6333343
0.33247524
0.64402866
0.8636862
0.86988175
0.0068975184
0.87300503
0.92178094
0.7514996
0.46191603
0.68304414
0.85154045
0.7401193
0.7818125
0.4906863
0.54414225
0.7031684
0.804528
0.9009009
0.87858784
0.9507627
0.95715857
0.8483586
0.5738962
0.41353512
0.61501634
0.101820394
0.76170534
0.85172224
0.064739466
0.9148768
0.336747
0.93592364
0.8124355
0.24892245
0.76767445
0.9111887
0.51307
0.915767
0.6578716
0.921379
0.9028958
0.562667
0.607501
0.71559715
0.9082554
0.68255633
0.89085734
0.7265942
0.77892
0.8736186
0.8253734
0.045412224
0.94306487
0.7205022
0.94274545
0.870741
0.5624422
0.43832618
0.9338629
0.020537203
0.84060204
0.024446342
0.3121276
0.93035954
0.75034857
0.7864517
0.46778077
0.5794525
0.9272723
0.6607643
0.23743913
0.83935344
0.7861095
0.7714974
0.92433083
0.77761567
0.8619372
0.75369895
0.14056034
0.8448644
0.79312855
0.7553763
0.7541279
0.9050875
0.68431747
0.9217299
0.7832812
0.11571202
0.83392733
0.9431016
0.7078526
0.8439927
0.66995955
0.76480263
0.7697719
0.8557695
0.74768007
0.92404854
0.71535367
0.0066526085
0.8956952
0.8009101
0.81172836
0.8494135
0.8680673
0.46235153
0.82771087
0.010858456
0.58366823
0.84226924
0.71374464
0.8542453
0.8822881
0.93722725
0.8629445
0.49002972
0.78067243
0.9482986
0.7533109
0.7219885
0.063061714
0.879249
0.6616617
0.6680359
0.050489854
0.8941547
0.83652
0.033348788
0.8071842
0.068674125
0.0068732705
0.07069777
0.6157311
0.84026897
0.7246119
0.821857
0.7670942
0.9382761
0.71267
0.7849584
0.83794427
0.40224037
0.4335612
0.8886137
0.77125084
0.8226609
0.04108739
0.93978435
0.85930336
0.69577104
0.7681581
0.87472737
0.50818014
0.9140978
0.6385257
0.9198464
0.6700063
0.8948856
0.18422134
0.9190052
0.70789886
0.93739974
0.46748447
0.8130379
0.8080461
0.7628646
0.86859196
0.77214813
0.337162
0.9174327
0.79197836
0.89043826
0.3622135
0.67757404
0.77316636
0.8368659
0.83750534
0.71535015
0.7809299
0.71900123
0.63794833
0.93329436
0.526791
0.79817533
0.31096363
0.81260085
0.59380484
0.7713331
0.45442522
0.9356175
0.5279906
0.7163145
0.9262203
0.85434204
0.7714242
0.8250059
0.7263489
0.7400481
0.6331368
0.75123346
0.6529659
0.049212918
0.8678389
0.8090524
0.8521857
0.88496953
0.76187503
0.70481503
0.46615
0.9181726
0.23933621
0.8629569
0.6765082
0.8551245
0.016537244
0.80548805
0.9175141
0.40767854
0.8533312
0.67814374
0.60653937
0.6833675
0.798313
0.7816821
0.76530397
0.9031198
0.872579
0.9467698
0.7939148
0.84080225
0.0881937
0.8105729
0.6654318
0.107770145
0.29626504
0.67898124
0.86933404
0.8749759
0.9412364
0.562127
0.07884718
0.087304
0.6850946
0.43113798
0.7806487
0.82120246
0.30999565
0.4231964
0.57636565
0.8156175
0.79268426
0.889688
0.80107784
0.7089422
0.5439912
0.38866803
0.5356147
0.7341361
0.8416871
0.8715193
0.43959776
0.8058393
0.84030056
0.45129856
0.46249297
0.835875
0.83237135
0.6306711
0.8634161
0.44040307
0.51675814
0.84000975
0.017188251
0.6121997
0.66714567
0.799785
0.13465346
0.013752423
0.8498398
0.8536489
0.8733407
0.92387825
0.7633436
0.92678237
0.03492175
0.8590127
0.9576745
0.60556847
0.034109272
0.004592934
0.050298482
0.6736218
0.8453594
0.8915913
0.6747966
0.75170857
0.91982514
0.92695546
0.89925
0.9150704
0.56547666
0.7607825
0.90024364
0.89460504
0.9675244
0.67822874
0.85524505
0.8712486
0.88634604
0.83940816
0.64091104
0.39564076
0.8520933
0.96027184
0.2755807
0.41019514
0.7078369
0.8419943
0.6858117
0.9431107
0.66002315
0.88465667
0.7127388
0.5865026
0.81937855
0.7166909
0.31882358
0.90580076
0.610626
0.8954775
0.8695446
0.7857982
0.34204566
0.90805846
0.7783109
0.93316287
0.76238763
0.66781354
0.93501353
0.8331221
0.5318333
0.8287945
0.7095969
0.73918694
0.16693434
0.8039811
0.9205888
0.7265986
0.78498125
0.7956626
0.06394147
0.77310544
0.8284339
0.69967026
0.83595353
0.92189616
0.8941627
0.8294772
0.69917464
0.8827041
0.292997
0.7206798
0.7698721
0.01942078
0.8053297
0.029138152
0.4966736
0.9351292
0.42403555
0.7538126
0.7850499
0.9120158
0.7325312
0.77586865
0.8140364
0.84089905
0.94562924
0.8115433
0.4749944
0.44610384
0.3851708
0.9387459
0.65625286
0.18700884
0.7944466
0.9337252
0.8450244
0.9062036
0.89848894
0.7691585
0.83715576
0.7954363
0.15488634
0.16069157
0.72069424
0.6463053
0.79948
0.19013096
0.9297091
0.82279366
0.46598145
0.9277774
0.67253566
0.72985876
0.90028596
0.9015651
0.8598823
0.9265124
0.6526246
0.7738951
0.82137585
0.7112924
0.727046
0.853542
0.81661904
0.502319
0.20112073
0.8725355
0.91353256
0.69954836
0.12966141
0.9360305
0.89871866
0.7909078
0.59126717
0.8682432
0.9103386
0.1134051
0.8826081
0.7654923
0.75316125
0.5201226
0.07056898
0.668593
0.9114738
0.8518033
0.8428959
0.9027521
0.8562995
0.9359462
0.7668111
0.9264316
0.668259
0.09688096
0.86109245
0.8744122
0.9219217
0.95529974
0.7864635
0.9665831
0.8727601
0.66420114
0.49326313
0.67106104
0.9367294
0.7368358
0.7659542
0.94933176
0.8482897
0.13109067
0.776976
0.944254
0.89514214
0.8875381
0.7787616
0.84660697
0.7572575
0.06739754
0.68464833
0.7994067
0.67822945
0.8908324
0.47180134
0.88220495
0.93760186
0.89778847
0.6187378
0.403239
0.9173975
0.112851344
0.8961702
0.6666582
0.71172655
0.16676316
0.7833439
0.967288
0.70084894
0.20924078
0.7881808
0.9176886
0.9240718
0.6553169
0.61880434
0.48903644
0.96482944
0.46369958
0.3683033
0.84264433
0.8902758
0.858213
0.7922774
0.90957093
0.7467202
0.7472267
0.9190172
0.84729636
0.7193958
0.73517376
0.13893208
0.65471816
0.8946388
0.1590322
0.66179097
0.12986602
0.8485886
0.82015526
0.6527677
0.8861885
0.7716227
0.93418854
0.72720736
0.9056261
0.7095214
0.9022764
0.8496504
0.044129126
0.9462874
0.6868309
0.8787373
0.89709044
0.79581594
0.9041966
0.8317613
0.98453057
0.9287568
0.6373987
0.91061854
0.90404785
0.87518275
0.72122705
0.6582103
0.8682567
0.015809208
0.83792937
0.8473481
0.01928005
0.9636173
0.6033541
0.8179307
0.39600974
0.7406544
0.37716693
0.27763757
0.8917062
0.7654682
0.6423421
0.71201974
0.7577351
0.76276475
0.5065588
0.44928652
0.8421882
0.87422353
0.63292724
0.7524986
0.7944338
0.7212627
0.3504185
0.833239
0.018953081
0.5026491
0.826427
0.64121085
0.8607763
0.03289018
0.9504774
0.6554608
0.6599231
0.87484556
0.64172405
0.5825912
0.88686556
0.8714309
0.62521756
0.42840725
0.7834664
0.031740278
0.89421064
0.8502404
0.6028401
0.22532997
0.9599048
0.7523949
0.865268
0.73723304
0.17884591
0.9388325
0.8562271
0.84770304
0.0021294216
0.9147868
0.7751724
0.8267142
0.91231775
0.40222305
0.96003157
0.93545675
0.56460845
0.69870704
0.010432405
0.80914426
0.69640774
0.83601475
0.7155032
0.18201925
0.005592115
0.8040378
0.04590606
0.93918747
0.5067338
0.68077856
0.8701947
0.3568689
0.66928256
0.62611544
0.6150734
0.8955601
0.8505958
0.8209331
0.88054687
0.8177559
0.8801663
0.75485086
0.9530453
0.75016993
0.8762021
0.7735604
0.93364495
0.070522435
0.9345132
0.7408777
0.08682959
0.69477797
0.7721901
0.84161127
0.008382704
0.8073071
0.4679314
0.83983153
0.9357525
0.86520976
0.8598487
0.4917753
0.8175907
0.3791092
0.9215659
0.8590869
0.5093336
0.7887948
0.9300265
0.9423123
0.51709825
0.65592587
0.92446715
0.931644
0.9109132
0.97544163
0.7216641
0.22597615
0.7765704
0.9183417
0.7584809
0.85680485
0.78410935
0.65924346
0.7332681
0.9084189
0.8738146
0.8330648
0.8652459
0.040305153
0.8776613
0.7678777
0.8461425
0.43945247
0.85184574
0.6570028
0.8531602
0.6737388
0.7553629
0.67975867
0.5171436
0.4712785
0.02350977
0.889775
0.87420404
0.07853761
0.7322942
0.88609153
0.8012409
0.9060882
0.9203797
0.6596307
0.9067068
0.90258956
0.8604774
0.5522649
0.91789734
0.88345313
0.89682025
0.7469391
0.93167675
0.80528
0.092666045
0.83959013
0.93340766
0.66133946
0.92862415
0.8768445
0.7871699
0.9434251
0.5615897
0.42816874
0.8785601
0.69700915
0.58160037
0.101599246
0.74059546
0.83243257
0.7239706
0.23063642
0.67096186
0.6644948
0.71835685
0.84331316
0.84115285
0.50607646
0.6218497
0.09397837
0.6063938
0.6554392
0.8263588
0.93149054
0.89358795
0.8104512
0.7071845
0.3030587
0.02091987
0.7013522
0.92071044
0.83161384
0.9295315
0.68648654
0.8604506
0.828148
0.8390511
0.5250248
0.88872206
0.7050901
0.8608857
0.7875874
0.92452765
0.34137255
0.67293113
0.85703516
0.48395357
0.88263863
0.0411172
0.75534046
0.80866957
0.0132465465
0.8694974
0.35762724
0.8862618
0.6892334
0.8890425
0.9132907
0.010520311
0.6656819
0.40487096
0.8496487
0.907102
0.5765853
0.6941429
0.64127296
0.8084628
0.75372726
0.7794894
0.8603227
0.78734756
0.76630986
0.93958193
0.8609396
0.8057792
0.8513318
0.69917405
0.78009963
0.9271249
0.8325594
0.8901587
0.86065376
0.5837948
0.9419653
0.8103715
0.60665023
0.86566
0.7390275
0.90608895
0.8972657
0.8169399
0.8985906
0.7281462
0.93563926
0.79714966
0.91805327
0.53212214
0.9364913
0.45860806
0.4964628
0.94421434
0.21369873
0.35033143
0.88222766
0.5137911
0.026684782
0.93137723
0.24541777
0.7669617
0.72670037
0.8750089
0.86989695
0.8732044
0.6766603
0.8951303
0.6824722
0.9440058
0.7608284
0.85177594
0.87411755
0.7907845
0.9366784
0.90076184
0.8516848
0.7791364
0.81088436
0.870889
0.94905764
0.41093966
0.5698346
0.71165174
0.9262779
0.9430789
0.08400521
0.9107913
0.88692135
0.42830026
0.8973243
0.83561933
0.9066049
0.87675947
0.83971465
0.8901749
0.68815315
0.73949796
0.6289319
0.7747683
0.79976857
0.83867884
0.17103648
0.04619035
0.9311471
0.7553325
0.0435516
0.9282549
0.5446367
0.9117098
0.8564588
0.8901569
0.9191319
0.925946
0.05938253
0.87259716
0.49867952
0.48984355
0.8696218
0.24736223
0.6432315
0.8597446
0.5875015
0.6502881
0.7047685
0.9424597
0.95321214
0.9574611
0.8057321
0.19544439
0.85612774
0.7819142
0.8057118
0.8892849
0.003920932
0.8132998
0.88955545
0.83890235
0.76764756
0.92103505
0.79773
0.92315733
0.7264468
0.92565846
0.750856
0.8951111
0.8193816
0.8374731
0.67941886
0.85302866
0.0052546547
0.9462583
0.95062184
0.009385832
0.46854562
0.8192605
0.8537827
0.77823395
0.83741146
0.69648117
0.8233581
0.5756001
0.7892394
0.78552526
0.31938237
0.2868605
0.18723083
0.7734296
0.028004443
0.81598985
0.7563287
0.86262417
0.95190483
0.89977145
0.5869982
0.8398241
0.971226
0.06773239
0.7553983
0.7680262
0.6584781
0.7913601
0.5631201
0.58408606
0.9464593
0.89834404
0.20301029
0.78929824
0.8168634
0.060787257
0.671783
0.8910973
0.8620542
0.81463075
0.817821
0.8717486
0.7265067
0.92546535
0.85194623
0.06555202
0.85287964
0.930728
0.889358
0.90982777
0.8264297
0.69483477
0.8295471
0.87437797
0.8143527
0.69491506
0.83243656
0.7543512
0.9431585
0.7757305
0.58043057
0.9227824
0.7620542
0.87690884
0.7989111
0.8743711
0.23757356
0.8146583
0.8936905
0.8637457
0.51815945
0.60104084
0.89019203
0.9414705
0.8529761
0.86334664
0.72152466
0.81011385
0.3632593
0.91376126
0.9602949
0.9161156
0.5812174
0.9112337
0.9151351
0.9006376
0.83674866
0.59744734
0.2962106
0.908618
0.08582464
0.7802867
0.35866302
0.76239467
0.6736481
0.9091014
0.87182605
0.80510426
0.624197
0.7057866
0.864541
0.7474932
0.63330644
0.15071715
0.7098
0.8724806
0.6695169
0.91060054
0.9006907
0.03328442
0.80961895
0.89908075
0.81998223
0.73089474
0.87707865
0.6796448
0.19656697
0.8351171
0.960212
0.8804087
0.8781775
0.7689704
0.92790467
0.9376877
0.21253313
0.61592513
0.91010857
0.91456044
0.77883995
0.9253516
0.7095506
0.8375323
0.21303487
0.008790331
0.9060992
0.62675166
0.029031992
0.886949
0.7129778
0.79145485
0.81753355
0.90308905
0.28426445
0.8739732
0.7452412
0.94486225
0.9083973
0.90561676
0.65572524
0.9519564
0.7609782
0.9075584
0.6255782
0.8430209
0.0063965954
0.88982433
0.9171488
0.9476217
0.9337728
0.06668976
0.85328245
0.88176423
0.5729691
0.11002404
0.7963747
0.78041136
0.4047222
0.8703045
0.72782326
0.87586355
0.3295723
0.6502802
0.8986558
0.17013581
0.87475216
0.55523306
0.44997093
0.9053706
0.7287791
0.46424425
0.8381002
0.14795119
0.6103375
0.8352424
0.18576102
0.7926374
0.90318674
0.7513403
0.8606205
0.57739735
0.6719196
0.8044979
0.55340165
0.88644946
0.5219126
0.61268514
0.8127952
0.91857123
0.93543315
0.90130913
0.8636105
0.8650933
0.66969156
0.70846164
0.61855304
0.91065687
0.8993006
0.8975526
0.75945187
0.006598911
0.4576014
0.94715625
0.8654295
0.9469007
0.81549644
0.794561
0.63730997
0.977844
0.73658407
0.8033539
0.6813386
0.8928215
0.90340024
0.5304862
0.81294686
0.78715456
0.8350798
0.8934519
0.6211023
0.70053715
0.59907854
0.28379884
0.8874236
0.8001733
0.9502204
0.84804034
0.7830893
0.5588045
0.5604832
0.020303646
0.77993304
0.89634854
0.40141913
0.8989574
0.9002956
0.5448427
0.8156051
0.8863504
0.9323195
0.83651125
0.81682634
0.93971807
0.6814811
0.0121650975
0.79488456
0.863438
0.48905706
0.88959324
0.8354351
0.6001832
0.31723064
0.9377231
0.6344179
0.7587774
0.92331624
0.91687524
0.9342008
0.81331223
0.02577122
0.96649015
0.8277946
0.93308306
0.76747847
0.96625626
0.6117605
0.8201805
0.83522
0.9491356
0.88167137
0.73808044
0.9107268
0.68342566
0.9399779
0.73196715
0.88729817
0.07345629
0.8729236
0.80474657
0.9230211
0.9300597
0.74506307
0.83703995
0.769953
0.053175718
0.8327174
0.84462464
0.8932284
0.8942527
0.48925382
0.6869173
0.53710306
0.017753689
0.853801
0.9604084
0.4990604
0.91769373
0.7828762
0.02620033
0.25935113
0.8465751
0.95031565
0.8782275
0.8931824
0.6601695
0.8546529
0.6973068
0.86105657
0.8077224
0.7390138
0.88498634
0.8172486
0.9038135
0.8416398
0.7348464
0.8070232
0.8173817
0.8997405
0.8325504
0.6136871
0.60416156
0.9372322
0.9505042
0.85334706
0.8977791
0.53135264
0.6510835
0.65049666
0.8711953
0.6791587
0.5311074
0.5547875
0.86201024
0.77005327
0.90314645
0.6836941
0.60612047
0.9499394
0.9060401
0.96742463
0.6778287
0.4126383
0.7756135
0.9163216
0.8440515
0.51635617
0.05554521
0.44737977
0.0020448603
0.6022712
0.9208834
0.7091306
0.91644657
0.17928027
0.19991115
0.9493171
0.9229138
0.38300756
0.28542224
0.7390525
0.90493923
0.69262224
0.4757713
0.01322671
0.8593606
0.85754544
0.54450905
0.57556117
0.90109754
0.80581886
0.75120026
0.74195814
0.67347044
0.9263702
0.68303674
0.9101838
0.13785926
0.03664021
0.022876563
0.7604156
0.7542703
0.8416015
0.8080514
0.8952628
0.9670105
0.2579176
0.23133072
0.8973423
0.57844335
0.85754037
0.87636364
0.10002121
0.95062673
0.64189374
0.8165508
0.3169911
0.023160646
0.8749879
0.03848914
0.95050335
0.26395297
0.7457185
0.11442315
0.7610071
0.35384014
0.90827626
0.69512385
0.5003358
0.6172616
0.96096236
0.9343884
0.60664225
0.9104391
0.73818016
0.078970954
0.8570889
0.87746173
0.54415745
0.7811353
0.6945871
0.08561562
0.79197323
0.10273574
0.8927848
0.9185865
0.81534463
0.000103658065
0.51892364
0.61147934
0.75710696
0.6280475
0.216787
0.890731
0.014127677
0.87848264
0.6897935
0.8205156
0.8318178
0.9072174
0.8081181
0.76149696
0.28498632
0.87821925
0.8687538
0.7657193
0.7672819
0.33814654
0.6564545
0.8299874
0.25228068
0.06168431
0.6750066
0.011234347
0.85333395
0.9008417
0.8497875
0.79211056
0.7746379
0.93469685
0.89681697
0.7478807
0.87973255
0.89753926
0.6436133
0.88516
0.80002046
0.6808218
0.061116822
0.7966314
0.33241725
0.7327799
0.836875
0.27486262
0.89002657
0.8248327
0.83081186
0.89565516
0.7385262
0.66344273
0.9599391
0.922835
0.5806875
0.8794058
0.87891465
0.9479418
0.5437147
0.674575
0.65057796
0.8318541
0.7909323
0.90429455
0.021671532
0.77683103
0.67526215
0.6011103
0.73636204
0.79926455
0.89168704
0.61630136
0.697453
0.7425254
0.701614
0.9233349
0.8844351
0.6889286
0.9384539
0.7626136
0.38870177
0.9320586
0.73486507
0.77834237
0.450876
0.7480787
0.9201731
0.8893657
0.9441587
0.92929983
0.7368265
0.9411068
0.8906526
0.9291278
0.07068373
0.903352
0.7605951
0.9118606
0.8571731
0.34948435
0.78994405
0.5183973
0.85764605
0.744041
0.704517
0.61937225
0.3637138
0.8915893
0.71340144
0.7965061
0.9275142
0.87932837
0.6716261
0.772139
0.13846888
0.890608
0.805245
0.7882461
0.74461323
0.906783
0.9138398
0.833827
0.90455794
0.8790633
0.24090767
0.8851194
0.9448488
0.16094397
0.9064176
0.76852643
0.9270268
0.84729356
0.9191975
0.91862947
0.9443298
0.84873456
0.43324897
0.73760164
0.88191533
0.92443883
0.04352621
0.55526066
0.8562604
0.17969409
0.61907494
0.43500435
0.86006755
0.73628354
0.91340405
0.73062503
0.6714304
0.7936579
0.4795876
0.82922417
0.04326154
0.9176544
0.8303549
0.8449141
0.9385027
0.8572566
0.52699167
0.4564142
0.46753266
0.6380763
0.8604109
0.9468416
0.8618584
0.19751419
0.101424456
0.79217684
0.75398636
0.88980025
0.84691036
0.05799137
0.60393
0.8560006
0.88059855
0.30606806
0.7725663
0.9009693
0.87851834
0.81215644
0.8654994
0.91473126
0.9064774
0.8766077
0.9424867
0.8407959
0.9155233
0.917224
0.5830155
0.6505045
0.780299
0.47996807
0.7690328
0.6833197
0.68090934
0.5969114
0.64675516
0.9248159
0.18473452
0.6711355
0.084254876
0.2000718
0.38528025
0.86153764
0.0126731135
0.029002804
0.8680558
0.93254304
0.8945509
0.4889306
0.8492258
0.82347846
0.5844341
0.959437
0.9171107
0.9295483
0.828341
0.85282266
0.7110999
0.7479546
0.64170593
0.7969922
0.6939942
0.9248526
0.68812364
0.92843384
0.8452082
0.101495326
0.8198022
0.87727183
0.54698944
0.7513473
0.8928136
0.891984
0.8948862
0.9355272
0.5597867
0.74814993
0.33210385
0.86868596
0.51177144
0.57712924
0.969616
0.8395376
0.7638782
0.76557654
0.798811
0.42167243
0.3645856
0.77283114
0.7119555
0.60094905
0.5313608
0.9319925
0.78119653
0.93176043
0.28537136
0.8476811
0.71489906
0.93141896
0.91760695
0.96711504
0.6454149
0.94561356
0.75045925
0.901768
0.8184657
0.07669148
0.47145241
0.8890215
0.95679235
0.68291277
0.48921725
0.96102947
0.8665279
0.82699484
0.8258779
0.8313699
0.9630985
0.751435
0.92769706
0.69117564
0.58311945
0.75720274
0.73022825
0.8009084
0.88993114
0.87024564
0.30146432
0.66684836
0.6812484
0.8300308
0.6691412
0.8561831
0.6355863
0.8559302
0.0126538165
0.7464379
0.82302547
0.5198513
0.84423554
0.46813452
0.45064825
0.7955158
0.9317079
0.8853081
0.8094218
0.886096
0.87436616
0.03335677
0.89188457
0.028803665
0.8932895
0.81705296
0.5071108
0.8188102
0.5103943
0.7237789
0.8202951
0.8963364
0.8797299
0.85736156
0.72678924
0.26784596
0.87258786
0.68525004
0.89234143
0.87798613
0.19087067
0.7992325
0.7406443
0.9333721
0.7862497
0.8220313
0.71624005
0.011116691
0.89661837
0.4678479
0.84286
0.931607
0.93742037
0.9287984
0.73764837
0.9208406
0.881243
0.9004326
0.6629012
0.93326014
0.8949724
0.78069466
0.90674937
0.83492166
0.86668825
0.9126476
0.1686388
0.7480637
0.7382354
0.8847119
0.0902064
0.90444386
0.7929466
0.8386334
0.78581303
0.72399795
0.82314366
0.877259
0.97765756
0.8884743
0.48359427
0.8718605
0.030625597
0.15213381
0.807536
0.8610431
0.6336008
0.7633841
0.9230091
0.9504853
0.86487484
0.90690273
0.9238372
0.83111036
0.82216305
0.84800434
0.7619162
0.902773
0.52719676
0.608699
0.8753319
0.9536878
0.62492824
0.9382102
0.63321006
0.9111748
0.022777302
0.93803966
0.61066574
0.47402865
0.8697252
0.9198469
0.8619212
0.83031374
0.929336
0.8282496
0.8870231
0.8781394
0.05867737
0.9026636
0.5485837
0.9151949
0.900519
0.7921983
0.9190265
0.8963292
0.6082612
0.019812748
0.91118324
0.8848306
0.3530502
0.926672
0.9263876
0.018500596
0.50487727
0.9608463
0.72956455
0.7822911
0.046368744
0.6084888
0.799857
0.43119863
0.35874665
0.5952431
0.7810561
0.09595319
0.8525733
0.90175825
0.6189935
0.8677935
0.6511754
0.7021982
0.9214213
0.88847274
0.8817625
0.7483077
0.49293002
0.6070075
0.053973395
0.84595
0.5247576
0.9498656
0.8775814
0.56078696
0.57013726
0.93253934
0.7705885
0.8836812
0.9179968
0.74311554
0.94357765
0.48383844
0.84732026
0.81063616
0.8965156
0.92379117
0.7639196
0.8854
0.853846
0.33742133
0.8810081
0.33404973
0.58846354
0.64179826
0.9498688
0.02986211
0.8526663
0.92278725
0.15014683
0.87417245
0.67596745
0.9438752
0.76579535
0.8428932
0.66076255
0.91344583
0.90532637
0.36180544
0.57593966
0.5039111
0.93014663
0.83855283
0.8983513
0.69763416
0.67998624
0.8604137
0.0686604
0.030703826
0.1156787
0.91414773
0.4824846
0.7409051
0.040942706
0.9010307
0.24158156
0.92438734
0.5990995
0.95546055
0.5546067
0.8529766
0.4443495
0.8478662
0.6459076
0.83891344
0.038612172
0.33769172
0.82725316
0.8771029
0.11898055
0.81954175
0.4288013
0.9322425
0.9747443
0.60207796
0.14208278
0.8269565
0.85284835
0.81816757
0.51067173
0.8472512
0.5449974
0.8325831
0.9671211
0.6193092
0.8335053
0.9020622
0.91470397
0.8411473
0.7024053
0.52544683
0.3152003
0.8221808
0.6904053
0.953569
0.7950659
0.906297
0.9169837
0.8527443
0.86593544
0.80571306
0.89324766
0.65616894
0.8624246
0.80168194
0.66753834
0.9423944
0.8722216
0.9300156
0.6202372
0.3389377
0.8804177
0.8525921
0.3708343
0.014549718
0.64176714
0.070193924
0.897169
0.9444066
0.88823247
0.0011971272
0.75468576
0.7942759
0.8816313
0.826742
0.8622013
0.9551244
0.87526107
0.9477856
0.90339506
0.9206834
0.7569955
0.8404677
0.49538162
0.88541156
0.6585938
0.83778673
0.56067103
0.7947455
0.71251297
0.67790383
0.8341589
0.9132211
0.16076697
0.6096868
0.79525554
0.8387443
0.8440881
0.93409693
0.648122
0.8972799
0.9058111
0.7563054
0.8138558
0.8132905
0.93250763
0.6103933
0.95146465
0.88910335
0.89248914
0.8212812
0.92948663
0.9441059
0.9156637
0.47137767
0.79898393
0.4047445
0.79562724
0.14575692
0.60620946
0.0109292595
0.10839351
0.912871
0.9087753
0.87515986
0.92283016
0.9309015
0.7700991
0.94556975
0.95834315
0.7688113
0.6238407
0.7874747
0.8407432
0.97451127
0.27743372
0.9233157
0.8825518
0.89542717
0.73569477
0.82133627
0.93896294
0.84749824
0.71635556
0.66064876
0.7705209
0.73237234
0.9517104
0.85611486
0.88365436
0.72245103
0.9392314
0.8147732
0.5889498
0.929796
0.9405553
0.79909724
0.76728565
0.12718917
0.80784947
0.6578027
0.9139565
0.7094031
0.40354088
0.8416558
0.8829955
0.8075118
0.9218713
0.6906268
0.9450705
0.82017493
0.48449767
0.54040825
0.90840095
0.90997344
0.641821
0.9316906
0.85328335
0.8702203
0.7279178
0.8082298
0.91490424
0.87154466
0.8149486
0.5681403
0.061961014
0.927078
0.85274947
0.9004157
0.08606468
0.3802459
0.55028015
0.8989292
0.9207282
0.47989294
0.59565675
0.7425516
0.6442497
0.004423698
0.92282593
0.71824944
0.90617836
0.31989506
0.93412524
0.9128189
0.8136534
0.81574583
0.701888
0.81553966
0.8635271
0.8797425
0.42274097
0.7578432
0.7346027
0.7304951
0.8187942
0.92384034
0.2227324
0.6171924
0.18998395
0.6877709
0.70305
0.7623258
0.04607603
0.9174087
0.57757336
0.60481393
0.5403741
0.7353657
0.8347852
0.05999703
0.6075945
0.9449606
0.8526238
0.70835346
0.5164002
0.84778655
0.7487498
0.7816974
0.06618103
0.8494764
0.7902137
0.7734646
0.038290724
0.6415211
0.9332284
0.6330697
0.8433944
0.775781
0.8660033
0.8377982
0.9136362
0.92105806
0.8555657
0.8025912
0.79863834
0.76422423
0.90736824
0.89592355
0.8994062
0.86096287
0.45158437
0.6786874
0.36193508
0.9483943
0.08021724
0.5246078
0.81539446
0.96919966
0.79859614
0.8305026
0.8865997
0.95347506
0.66945416
0.82103443
0.28331405
0.72567517
0.62101305
0.8072212
0.858567
0.06923274
0.22653791
0.72051215
0.80826753
0.7009851
0.6708737
0.24443263
0.8281879
0.8868334
0.87754637
0.88815576
0.94965047
0.5958579
0.8873211
0.8545689
0.7615142
0.8764744
0.8914821
0.893137
0.33253628
0.10123342
0.7513792
0.9699623
0.9154829
0.8908547
0.8665546
0.7733389
0.8356838
0.9454388
0.9384474
0.78533304
0.56782264
0.72628045
0.7383029
0.72266984
0.20146619
0.5925468
0.87470454
0.678371
0.42525434
0.018681517
0.8440999
0.6878201
0.87113863
0.6719618
0.0809577
0.5673987
0.73000765
0.81597006
0.9386045
0.51403624
0.64833957
0.81049776
0.9344953
0.9368731
0.19635975
0.76947016
0.8633821
0.89132875
0.67573464
0.93898255
0.70724905
0.899571
0.89947706
0.95918286
0.77168524
0.94261795
0.44175467
0.7078353
0.8721174
0.95341605
0.49434513
0.8482727
0.3588835
0.7445696
0.6929271
0.8129513
0.4879961
0.9225649
0.85393256
0.84363943
0.91210145
0.6873535
0.8243766
0.6985591
0.88652563
0.83448285
0.031120988
0.9311924
0.90354156
0.062092464
0.7715029
0.89485127
0.8878048
0.84339046
0.850152
0.9052672
0.8758024
0.88726735
0.7012951
0.75929964
0.9252053
0.9432497
0.8268115
0.86435044
0.7948462
0.26789075
0.82010686
0.8424624
0.20920762
0.8924115
0.571995
0.83491814
0.82049984
0.021656856
0.565616
0.90628165
0.6944786
0.00798635
0.9378971
0.89551634
0.8952204
0.6581514
0.42258015
0.88893443
0.4360753
0.90684336
0.71692187
0.8973772
0.8418657
0.81602454
0.798852
0.938477
0.36561108
0.8220881
0.49141344
0.80808467
0.39266276
0.9254225
0.476535
0.93011254
0.9299307
0.71471554
0.2510119
0.82631063
0.7648473
0.7927361
0.5450717
0.94085836
0.7137685
0.63287926
0.014128013
0.9339726
0.9460923
0.62835157
0.79547787
0.7258265
0.90618235
0.5459956
0.5551503
0.09223619
0.89030033
0.035343774
0.69758
0.88000864
0.824386
0.81390435
0.9093527
0.92101896
0.9686394
0.09951261
0.039362766
0.6751839
0.82036805
0.08146912
0.8567768
0.7484895
0.62853277
0.82305545
0.54778254
0.85409766
0.6506462
0.80451316
0.9270683
0.8791828
0.8218648
0.40821722
0.9097281
0.78482527
0.8694396
0.79499763
0.79503787
0.48517933
0.87190205
0.7631427
0.866732
0.92145497
0.9155077
0.8487488
0.8919789
0.6005551
0.6570979
0.87576896
0.51058877
0.8734539
0.80284065
0.35888335
0.33034447
0.9083081
0.016398003
0.93570626
0.64573455
0.6215026
0.89049995
0.8957969
0.8877155
0.6737148
0.8691131
0.9790502
0.95416385
0.05936646
0.8141109
0.7461512
0.5575259
0.9174998
0.0657474
0.9042154
0.69199616
0.8335211
0.71662927
0.83818877
0.73169297
0.5239938
0.7969152
0.8676286
0.8965717
0.022223312
0.7772286
0.7287515
0.8158143
0.077267826
0.7488448
0.95707023
0.7115239
0.86897767
0.6904453
0.93406594
0.8325084
0.680189
0.9095802
0.6405648
0.8078827
0.53241706
0.59710175
0.87715334
0.9060475
0.96080726
0.7204435
0.40673667
0.5549787
0.91637444
0.8255871
0.94986403
0.44892865
0.7962058
0.60245097
0.04761065
0.81231666
0.39175245
0.8202154
0.791725
0.70125353
0.15849084
0.4868018
0.809233
0.78508264
0.7784311
0.886253
0.8158251
0.7041022
0.8555241
0.790352
0.018090935
0.78027874
0.044218242
0.92926323
0.93114173
0.8141192
0.7843735
0.8909747
0.7933113
0.81854516
0.9446392
0.3108939
0.9364049
0.92736256
0.77471703
0.88091934
0.5882134
0.6767134
0.8722804
0.8287386
0.77735686
0.86487466
0.8071009
0.9175185
0.7373365
0.8393389
0.73878366
0.87857944
0.8798373
0.95358485
0.88221204
0.7921541
0.42954665
0.9454555
0.79616517
0.92602473
0.60312706
0.7034585
0.8442254
0.85883284
0.92942184
0.80234456
0.9524461
0.7411291
0.849982
0.9536976
0.9087366
0.93196344
0.61604816
0.91185266
0.9346125
0.5100826
0.88938457
0.8566454
0.5121324
0.5861865
0.87936926
0.9083549
0.57371366
0.43277812
0.82304835
0.67267823
0.8078223
0.117087044
0.7864112
0.80816674
0.8070859
0.8751535
0.9175383
0.6281285
0.8067753
0.89729244
0.77142525
0.19393867
0.6809589
0.9020485
0.93266594
0.9414716
0.68966
0.71683705
0.8806687
0.6224613
0.4027222
0.82894415
0.91051626
0.9225075
0.77700275
0.94524425
0.7465324
0.8637071
0.73318017
0.81846386
0.7877646
0.5371048
0.88499355
0.792523
0.31267944
0.49057207
0.887348
0.9651283
0.8434603
0.89548695
0.7839546
0.10246585
0.92868245
0.81747055
0.6055259
0.8637713
0.88734245
0.8727509
0.96173024
0.73101723
0.9230743
0.93215716
0.3662638
0.82937264
0.007256657
0.91558075
0.9204378
0.9300807
0.8903494
0.2195049
0.771333
0.8250758
0.712774
0.762125
0.81758
0.8694047
0.8991604
0.7551587
0.7855728
0.85899985
0.86155295
0.43257788
0.2184982
0.7759809
0.6605333
0.62639654
0.2516456
0.8164801
0.67237717
0.8577382
0.6401324
0.3735661
0.8217855
0.5553233
0.9516109
0.7372349
0.81756306
0.8165003
0.62958133
0.80428874
0.89652103
0.86259913
0.85297686
0.6700578
0.68794984
0.84363365
0.6716996
0.83540004
0.6614871
0.117853105
0.8333834
0.85295147
0.89428544
0.5893402
0.8520796
0.7156581
0.85824114
0.88929266
0.741288
0.87592226
0.95916945
0.872382
0.835376
0.9328762
0.9374677
0.85351276
0.6670824
0.4701646
0.0487518
0.8502311
0.85081846
0.87238586
0.8554391
0.06242698
0.9214319
0.0019889511
0.83540463
0.5434975
0.8478593
0.9196267
0.78826094
0.90162593
0.030688036
0.7281855
0.8692205
0.27707064
0.40481493
0.80168265
0.03539177
0.8118198
0.8511621
0.88388735
0.94818914
0.8989275
0.47614822
0.04042237
0.38974088
0.89072657
0.7812568
0.77684534
0.7954925
0.72154856
0.9525404
0.7593494
0.84678495
0.87650496
0.6428989
0.9354467
0.7334712
0.8940448
0.05253508
0.73662776
0.8289318
0.8608837
0.5531422
0.00550878
0.47388297
0.63585865
0.79582894
0.025741778
0.060322445
0.6862589
0.2613533
0.20738907
0.8352568
0.3563527
0.09704421
0.8328561
0.7852471
0.76600873
0.18459268
0.23207434
0.82492065
0.8464688
0.6207231
0.073188335
0.84610367
0.82808095
0.9569766
0.917206
0.9449478
0.59967744
0.23198459
0.23083037
0.8104789
0.89708245
0.8390473
0.48513556
0.9025889
0.7649722
0.9358605
0.6607003
0.8526414
0.80514544
0.4064601
0.7753002
0.9202867
0.8163696
0.70493543
0.8157359
0.6623136
0.64363724
0.90727264
0.6848423
0.8479377
0.825567
0.9443724
0.699933
0.8699324
0.820689
0.8590242
0.9156639
0.858081
0.8107835
0.7711479
0.9523488
0.9174173
0.4665759
0.84529406
0.84119433
0.118425325
0.86676157
0.91510665
0.65309846
0.9051213
0.6954924
0.9219068
0.92585456
0.81418526
0.88704664
0.89623207
0.32622424
0.9419404
0.90921634
0.768348
0.8801774
0.7803613
0.88351226
0.86022204
0.88040483
0.82946455
0.09076892
0.96026176
0.02609059
0.39414448
0.66659963
0.27973896
0.7404952
0.68706673
0.39266422
0.88826036
0.7687833
0.7633935
0.8904766
0.8771616
0.9530736
0.75643575
0.9489651
0.07643061
0.9434897
0.89035183
0.8132458
0.88058776
0.93463075
0.75478333
0.9383382
0.54556596
0.8631997
0.834205
0.93169564
0.9556175
0.64591914
0.7436513
0.86074024
0.68100715
0.5989089
0.84191716
0.745785
0.3130782
0.6666156
0.7183918
0.23262641
0.84646726
0.7646967
0.8576064
0.70685875
0.75581694
0.027002621
0.017813612
0.6339365
0.8399304
0.916855
0.88951635
0.4145423
0.88245153
0.69824374
0.16869512
0.82446665
0.89485896
0.7043403
0.764071
0.75666666
0.84421045
0.794631
0.2967327
0.8554458
0.63155746
0.4724028
0.6110201
0.8397893
0.7721249
0.8649571
0.9414667
0.7494072
0.94588387
0.77870107
0.68900657
0.8510248
0.005557254
0.89166653
0.75679153
0.9403028
0.65270704
0.40915647
0.9371048
0.90960515
0.93514585
0.48047742
0.716058
0.6949506
0.7981278
0.8829095
0.8766878
0.89998263
0.94342047
0.9309195
0.8841057
0.6634637
0.8624189
0.85357636
0.0006481465
0.7897031
0.8491251
0.8627136
0.55696577
0.81629294
0.82973063
0.8204372
0.75964767
0.05257991
0.104824066
0.45727292
0.8989667
0.8944937
0.7213303
0.90486234
0.007333453
0.07261278
0.8982817
0.7777012
0.88577735
0.8932742
0.83055675
0.027874626
0.7830216
0.74354726
0.5697183
0.9561218
0.5146035
0.9202244
0.84057075
0.3598706
0.9476779
0.897237
0.82467103
0.7385488
0.88619363
0.5176734
0.2131674
0.8198556
0.95285046
0.68579495
0.90296745
0.85553145
0.8515861
0.9178263
0.899138
0.90057784
0.41116187
0.23991586
0.8282684
0.32143903
0.965408
0.9073577
0.8606312
0.8784696
0.12776375
0.7575977
0.7891995
0.3254636
0.3234182
0.66289514
0.7059877
0.87595654
0.38770017
0.8746426
0.82851064
0.5436045
0.9196627
0.87100136
0.94060355
0.7705705
0.8420749
0.71277463
0.9591998
0.7778919
0.84930986
0.64741296
0.8407557
0.8147561
0.78256786
0.34061587
0.020730015
0.9148312
0.261715
0.84059113
0.75807756
0.75318927
0.59868467
0.60362434
0.78450644
0.6818475
0.9572216
0.92299086
0.63345677
0.68119603
0.69456065
0.4267716
0.86095816
0.9287727
0.7982149
0.880691
0.91053474
0.6815795
0.7676628
0.41950688
0.780526
0.90124077
0.33464405
0.27877083
0.33808476
0.90808535
0.5026854
0.68847185
0.0149481045
0.9654416
0.6850258
0.905146
0.8440148
0.85211253
0.8070445
0.6259192
0.05315301
0.06522144
0.66858214
0.68025124
0.93870854
0.57857454
0.7913105
0.6188124
0.7755196
0.50353223
0.695299
0.8263183
0.061639473
0.9214727
0.12227857
0.5898638
0.87370485
0.86664164
0.375869
0.45071635
0.7377133
0.74671495
0.7069471
0.1275036
0.81168467
0.9402789
0.79420817
0.177711
0.93494
0.73482037
0.8663342
0.8256779
0.9178067
0.90681374
0.8729591
0.9328661
0.011820266
0.8369606
0.900362
0.6296907
0.76798224
0.19232947
0.5795427
0.102311596
0.71257544
0.33085516
0.90514004
0.8180546
0.79240906
0.6795657
0.8239853
0.7079262
0.7548062
0.82132185
0.84885097
0.8131888
0.15121092
0.8499181
0.596805
0.65967906
0.82064724
0.829636
0.8830496
0.87480974
0.7576775
0.84645784
0.85005397
0.9065246
0.9503586
0.6866227
0.04000516
0.48243642
0.22276251
0.83161473
0.69629997
0.61393607
0.8242909
0.7503107
0.78555524
0.83630586
0.8193819
0.85201555
0.82946354
0.8392289
0.88866174
0.6208279
0.92453533
0.70153934
0.7065935
0.8326036
0.7772578
0.92118216
0.8315232
0.84812057
0.87602013
0.8356677
0.9545519
0.9112385
0.8952158
0.009959472
0.88517004
0.8968005
0.013937741
0.6274407
0.5405473
0.9221196
0.6951669
0.46445706
0.9450239
0.0039889663
0.77776265
0.6900393
0.8468899
0.90636235
0.8613164
0.043967098
0.1874049
0.8685464
0.13485919
0.7821982
0.9209866
0.21086515
0.23170967
0.6897698
0.924073
0.7943157
0.64240086
0.8995757
0.79196644
0.81404406
0.9026587
0.8471658
0.8014109
0.63171196
0.8668467
0.69414186
0.8746917
0.8069019
0.89007854
0.74539644
0.86259174
0.5950519
0.89972633
0.6946452
0.739386
0.7071015
0.71669257
0.74541384
0.7964132
0.10913048
0.7185258
0.35003558
0.8935482
0.84657615
0.7454212
0.010150656
0.1457634
0.8102663
0.9092635
0.78556305
0.84096175
0.8745501
0.9243575
0.10824175
0.71630263
0.9626103
0.9249702
0.60212487
0.8496927
0.6450422
0.9092171
0.0054749064
0.8344303
0.80721456
0.92682326
0.8475628
0.8501495
0.961954
0.772476
0.7238498
0.74262345
0.73921734
0.9118948
0.86214876
0.9259333
0.42448914
0.56483144
0.7110488
0.8165141
0.9233464
0.92617315
0.86229473
0.9026347
0.7334627
0.8731505
0.014217489
0.9324583
0.88679254
0.39274347
0.74893165
0.8562114
0.61268604
0.024346154
0.64191896
0.70997053
0.23008962
0.41797897
0.27778083
0.81501746
0.9008495
0.89873815
0.77887315
0.032858353
0.8524828
0.76278627
0.6319965
0.856359
0.67510056
0.9455142
0.84957355
0.753893
0.4601836
0.832356
0.8838358
0.95364845
0.8510274
0.7666234
0.14169012
0.83305156
0.71103615
0.058203947
0.91822624
0.9281138
0.89281636
0.7946907
0.5887969
0.8843596
0.87190616
0.31113532
0.4467334
0.80099565
0.9323331
0.9380418
0.8059293
0.006619768
0.82617164
0.42766893
0.84739375
0.364846
0.6298378
0.6551627
0.6579595
0.8142946
0.77090085
0.940647
0.92530686
0.81461734
0.8376174
0.93373597
0.96297765
0.8487772
0.8978073
0.8586353
0.85511005
0.047166266
0.8090868
0.09179905
0.59213436
0.9153576
0.8469108
0.078025065
0.8056855
0.6817187
0.14043091
0.87275857
0.8284161
0.79939264
0.76252717
0.14961436
0.81725407
0.8218497
0.0050737
0.5616319
0.84682983
0.61683106
0.87815905
0.90415794
0.7021555
0.8260465
0.768314
0.861199
0.520889
0.82993966
0.042216405
0.75809693
0.6009425
0.9023472
0.9349026
0.8545079
0.5118453
0.15847343
0.7254033
0.15793572
0.81508946
0.7163149
0.59182316
0.9191059
0.8142447
0.21892387
0.7470369
0.85654426
0.87280726
0.9285238
0.8551272
0.8138647
0.8983385
0.737341
0.28259492
0.7341552
0.8567916
0.86606646
0.8922788
0.6869009
0.5252086
0.8646206
0.07394229
0.9203749
0.93039787
0.92746514
0.9053832
0.8830006
0.87588555
0.69559187
0.7743799
0.48094103
0.8202152
0.85473096
0.8821201
0.7749702
0.20714374
0.7692558
0.0038969917
0.0003792746
0.5779253
0.04534805
0.89568114
0.9009232
0.89831626
0.92603844
0.62511426
0.78300065
0.84898615
0.7411663
0.73626566
0.63810134
0.9068466
0.8374455
0.6429261
0.9451525
0.55419874
0.90144646
0.72966546
0.65561986
0.7681072
0.8580654
0.7118122
0.8975556
0.63245946
0.71041656
0.8900722
0.744008
0.0025313334
0.5262202
0.09102616
0.86456025
0.42287046
0.9013966
0.839128
0.9103546
0.290655
0.68065095
0.7706719
0.7771332
0.7917849
0.3724664
0.86743885
0.7610977
0.83830225
0.8140291
0.87517655
0.93447065
0.89831376
0.87834716
0.67053866
0.93524444
0.9464377
0.50479114
0.7655351
0.8332307
0.84354705
0.94462323
0.067093015
0.8170577
0.8965502
0.8671253
0.9423429
0.5092928
0.92100835
0.73396224
0.06763966
0.86230767
0.86401856
0.9300347
0.8859038
0.81308717
0.5688164
0.33235884
0.9574288
0.8852821
0.3122465
0.70012486
0.60814226
0.72099996
0.78368723
0.8833034
0.83800715
0.051238813
0.79828763
0.86061907
0.30302027
0.18633813
0.6020849
0.059790503
0.7309781
0.67566967
0.9212612
0.52894026
0.82382137
0.760692
0.7175575
0.65683573
0.71305305
0.86702836
0.88492763
0.95000404
0.52746856
0.8990774
0.77123606
0.97930765
0.7757084
0.93098307
0.9162549
0.904756
0.529399
0.6361313
0.7972416
0.93376935
0.034117572
0.2296618
0.8414897
0.035019286
0.7079501
0.0004420015
0.64975804
0.9323713
0.576642
0.25692856
0.53989756
0.80925435
0.6544261
0.09607931
0.304516
0.89024806
0.7393135
0.8838579
0.86598814
0.022895992
0.9058481
0.8632728
0.7056331
0.8252472
0.86444527
0.9197713
0.76348346
0.69447684
0.96617955
0.13904016
0.9435299
0.583022
0.6241538
0.9521765
0.9219477
0.7081477
0.81075716
0.8606097
0.64795065
0.82095456
0.6520598
0.87258947
0.88478726
0.8509861
0.89640987
0.874773
0.8949098
0.8295228
0.6952128
0.05534385
0.42874348
0.7716071
0.8851342
0.7745297
0.31546262
0.90015626
0.8182689
0.03447228
0.87676686
0.9170394
0.72992647
0.6033251
0.5271709
0.79147685
0.9219315
0.49703863
0.6802918
0.64161193
0.8336262
0.5907665
0.4635596
0.9341591
0.8078549
0.9143352
0.77082
0.8902789
0.85020506
0.8972861
0.9101282
0.79915404
0.9059381
0.9135773
0.50290126
0.92439425
0.80548763
0.75927085
0.7705524
0.82096595
0.8503838
0.90068907
0.7955618
0.76414144
0.5316021
0.5913957
0.6062308
0.812485
0.015485665
0.82141405
0.76028126
0.75525653
0.82985103
0.38418886
0.7670188
0.9397807
0.8987129
0.93038034
0.7405636
0.8109279
0.81159043
0.648191
0.7594843
0.8001642
0.024311775
0.89790964
0.9547146
0.8235079
0.70328504
0.8658594
0.6378034
0.47061297
0.60202086
0.6547614
0.7794852
0.696832
0.9424313
0.5748275
0.018070873
0.70064366
0.79397917
0.6898594
0.59623474
0.41026026
0.66002864
0.92022395
0.7456745
0.8193459
0.8494092
0.72656846
0.7786068
0.7094388
0.11182072
0.64189863
0.836137
0.44118822
0.776679
0.84049773
0.13325058
0.86804014
0.093142845
0.9192363
0.88164186
0.9000093
0.91112524
0.7874837
0.69030285
0.83248943
0.7152287
0.8614911
0.94130975
0.77880406
0.23977312
0.8964499
0.7835485
0.5033491
0.075028986
0.5314183
0.84044355
0.87924874
0.049424224
0.04974423
0.8710536
0.8411335
0.8787446
0.00468746
0.94959575
0.7934955
0.88340056
0.7501777
0.8492701
0.8881176
0.6771866
0.75216585
0.8085651
0.7077202
0.56808454
0.49048176
0.72700346
0.29542783
0.73732966
0.08304264
0.03967601
0.36695814
0.80294186
0.95053834
0.03280794
0.5966939
0.43211192
0.7772233
0.89223933
0.6113444
0.9044743
0.8657867
0.79247296
0.8038119
0.8021195
0.9275071
0.8919086
0.8858051
0.6740759
0.9247183
0.79361373
0.9487605
0.9151188
0.7910569
0.791212
0.8854961
0.58110964
0.90795594
0.945446
0.8748556
0.8985142
0.9141977
0.6925149
0.8453291
0.7823925
0.9021726
0.85066676
0.93711233
0.7848675
0.42445308
0.81394273
0.9196517
0.8658763
0.90230334
0.9123608
0.8687351
0.06346269
0.94288653
0.77646583
0.28363714
0.61304885
0.9389811
0.8553805
0.8321563
0.74330586
0.9640207
0.6809751
0.9449455
0.8937207
0.7642979
0.90067875
0.32693124
0.68142694
0.8599719
0.19228193
0.79933345
0.88879424
0.6980768
0.8039402
0.25551334
0.9433671
0.24026568
0.88738465
0.91108924
0.70579386
0.74595594
0.93228036
0.5781258
0.09269745
0.7835385
0.800435
0.8852107
0.7807154
0.7735487
0.4921466
0.8993182
0.7601055
0.5865403
0.9313765
0.8992769
0.8957814
0.55359757
0.84988946
0.88736886
0.8798105
0.92746884
0.87162924
0.877318
0.40425676
0.8362962
0.7628879
0.868582
0.856033
0.73840064
0.956558
0.69433707
0.80137473
0.85783297
0.93859327
0.9131971
0.46382526
0.25125438
0.89636624
0.9461081
0.9590143
0.07622103
0.41906857
0.12869951
0.60209113
0.8625661
0.93317413
0.9244611
0.8301916
0.94745374
0.04280291
0.74423057
0.7225134
0.8071408
0.9144256
0.8510182
0.7580564
0.9357226
0.73364073
0.69652987
0.5284069
0.9207245
0.93558407
0.95799875
0.85523784
0.8688281
0.82006896
0.70791644
0.93037015
0.9218811
0.7716681
0.8953074
0.86252946
0.90650487
0.2907212
0.8374284
0.7254435
0.8695649
0.43149707
0.94198966
0.8370358
0.5059923
0.85513103
0.86749595
0.7121854
0.9126151
0.193237
0.8513734
0.74149984
0.8922242
0.01244623
0.8702045
0.59019476
0.96231544
0.37611744
0.9389912
0.33468336
0.89804363
0.27177784
0.7586324
0.026108922
0.28131467
0.93886036
0.57066834
0.84141123
0.87406975
0.95128775
0.31156898
0.9144653
0.8311741
0.72210944
0.85852194
0.79344934
0.6250511
0.9331842
0.74174356
0.91104186
0.9204678
0.7311064
0.5992676
0.87254953
0.17618097
0.5785758
0.0007005632
0.9032759
0.78961885
0.09802155
0.9158546
0.9122144
0.8147009
0.6274507
0.7824047
0.53659326
0.85779047
0.31315058
0.956734
0.5573796
0.7396703
0.0045201834
0.8696864
0.907529
0.012773465
0.94081104
0.8338227
0.89909965
0.81230056
0.74045026
0.97599775
0.55771804
0.96254003
0.91429853
0.8517531
0.9171729
0.66015285
0.847249
0.908904
0.6331738
0.47430387
0.5889399
0.8262669
0.4540868
0.84919375
0.831325
0.93826824
0.0042766426
0.9112161
0.6244418
0.78663266
0.8565407
0.7561629
0.60459757
0.9426493
0.7431936
0.8597209
0.9309878
0.72017276
0.46390483
0.8775456
0.91279054
0.051748395
0.39851737
0.80330306
0.7728036
0.08606429
0.47229198
0.03609409
0.8963658
0.84127784
0.83248556
0.8910282
0.8074503
0.9050784
0.8882637
0.6995134
0.80472445
0.8563077
0.09023659
0.8234568
0.9502001
0.9500584
0.056969427
0.8884524
0.92898595
0.89332753
0.8604961
0.8097686
0.9297064
0.44474876
0.9125879
0.74548405
0.3293197
0.721706
0.940301
0.8316613
0.83859
0.7115516
0.30753273
0.64076895
0.8775333
0.04184749
0.9277451
0.82447815
0.93905944
0.7091745
0.92512107
0.77466965
0.7235961
0.051640548
0.020478453
0.8864442
0.80029666
0.9127252
0.802335
0.58156633
0.6652779
0.8863946
0.701615
0.93757
0.8342149
0.7934844
0.94131994
0.8225223
0.7574229
0.5416082
0.70563316
0.8981098
0.7232316
0.84144205
0.9462282
0.89240265
0.6834478
0.836553
0.943644
0.0066196173
0.82107717
0.7439589
0.89605063
0.27150217
0.8003846
0.7815752
0.9045211
0.7509133
0.8065013
0.051693745
0.64947206
0.87309754
0.86329687
0.84645194
0.8868167
0.89299345
0.9278195
0.8416879
0.8670878
0.03328062
0.8227466
0.9247973
0.90090674
0.9098319
0.516828
0.82876515
0.95244765
0.92087525
0.76627445
0.85643256
0.92694867
0.97000605
0.2720244
0.9307684
0.9036969
0.26743987
0.6820302
0.86789525
0.054406904
0.876814
0.79358196
0.7597937
0.6037173
0.89858556
0.88900894
0.9375172
0.9083999
0.62555957
0.6696569
0.8267428
0.8522034
0.8158856
0.6491963
0.8912051
0.65709555
0.6583078
0.7207914
0.64215076
0.90241927
0.9124088
0.85853297
0.3104489
0.30172312
0.8670306
0.66327196
0.8595395
0.79530895
0.95201385
0.9427047
0.7146652
0.5037218
0.88884
0.8726276
0.71509457
0.7582116
0.9498706
0.9163167
0.8231793
0.2545263
0.89983296
0.79956174
0.87286615
0.53617465
0.9737513
0.8268243
0.92073625
0.85018355
0.85066485
0.8200793
0.9337741
0.7221007
0.90598726
0.87005424
0.8740807
0.6928272
0.9603852
0.81620675
0.9157219
0.9272182
0.3179572
0.6899827
0.8386998
0.6053759
0.0573445
0.7637694
0.88709927
0.76433045
0.8722349
0.92451996
0.14761786
0.87108326
0.85510767
0.8655888
0.91348404
0.8638435
0.8392906
0.88986117
0.8969716
0.8399522
0.721661
0.54197305
0.43908006
0.57379633
0.48063043
0.92537427
0.04442966
0.8461526
0.8081651
0.7384932
0.8956183
0.84326184
0.9171534
0.8635824
0.8966503
0.6187323
0.91383433
0.8142369
0.8426172
0.57573265
0.27594993
0.8418903
0.76021147
0.3866103
0.8945297
0.43704835
0.61046374
0.841785
0.6182829
0.041136462
0.6190047
0.85284543
0.9485178
0.8572317
0.20986122
0.73396087
0.9195438
0.79770863
0.9344331
0.22353488
0.8460917
0.63824964
0.47102976
0.79200244
0.90255386
0.7908821
0.08165289
0.7847781
0.814633
0.597402
0.79911864
0.60800254
0.5592831
0.9434014
0.8183532
0.8500843
0.5765826
0.9067501
0.7767737
0.15819927
0.81336
0.731379
0.9198675
0.53624976
0.07270048
0.9190491
0.25674188
0.8471609
0.92332137
0.20923266
0.9240124
0.7318785
0.721098
0.31693894
0.9423812
0.8290033
0.76807064
0.3240714
0.6616461
0.6976097
0.9356077
0.8404245
0.45872003
0.5384678
0.5264369
0.273832
0.8936751
0.6081811
0.8537023
0.9221871
0.8442661
0.8178702
0.6987194
0.93338436
0.8126065
0.2785772
0.39819002
0.403113
0.9103308
0.91016245
0.8619693
0.8256521
0.07201779
0.90450466
0.24869321
0.886315
0.7705954
0.8334811
0.021597728
0.04326962
0.6191013
0.030739766
0.693022
0.93241
0.70700276
0.91728485
0.85608166
0.89899975
0.8759694
0.029485676
0.019475944
0.9004233
0.019884411
0.7183437
0.8806919
0.7164613
0.8826953
0.83235013
0.8257679
0.9332275
0.8830854
0.9340558
0.9514451
0.42363238
0.023805501
0.3685439
0.8943891
0.87943023
0.5218817
0.6960821
0.76420426
0.5165107
0.8486905
0.8255347
0.7041146
0.791914
0.6118762
0.77193826
0.1035213
0.7375897
0.8552405
0.87395644
0.4305484
0.8383202
0.4806716
0.015955906
0.8836364
0.48403722
0.93651515
0.05486592
0.74788576
0.92720985
0.91098464
0.5104967
0.9095715
0.22797944
0.8576184
0.2643171
0.8086043
0.77458847
0.8747745
0.7436719
0.7755436
0.902817
0.7990751
0.29565215
0.8098302
0.8818854
0.8251909
0.8697029
0.8516525
0.0021813242
0.8188616
0.60703427
0.9146368
0.47671515
0.124182016
0.9536556
0.6866977
0.8196446
0.84621316
0.78310573
0.4830744
0.8192668
0.8503428
0.0048142225
0.9564741
0.33929372
0.028593931
0.82366276
0.8583896
0.93183583
0.7830681
0.75396466
0.71316123
0.37316287
0.8947451
0.83040357
0.13601168
0.9342975
0.9206137
0.34974548
0.6575857
0.8649742
0.77937603
0.9205698
0.96556157
0.7783052
0.02008801
0.07298818
0.7221949
0.93530214
0.8816084
0.82541853
0.78696376
0.7956918
0.23092282
0.032273673
0.93507075
0.49224758
0.9189676
0.95281124
0.77198493
0.6450926
0.9267225
0.62784255
0.86605453
0.9178542
0.5652955
0.8336852
0.9269644
0.8243964
0.88119173
0.9163613
0.721655
0.5189835
0.8691905
0.83748275
0.7180713
0.88714933
0.92405224
0.67115784
0.9151031
0.9003878
0.72902393
0.91902095
0.8817706
0.67184895
0.7476568
0.62326384
0.9077352
0.79690075
0.69549036
0.9335146
0.47707218
0.15867053
0.9263757
0.86504054
0.8451054
0.010960222
0.18104577
0.54944247
0.11337059
0.721043
0.5213424
0.80678654
0.8983662
0.90424716
0.8491597
0.90129924
0.88175297
0.6561992
0.8204277
0.71986926
0.010294448
0.7265376
0.6767247
0.8664923
0.67524076
0.6443954
0.8662084
0.73020566
0.9583273
0.5229083
0.8709736
0.8122711
0.92350227
0.9348873
0.5255472
0.6545137
0.71018636
0.5598387
0.24303451
0.774148
0.7997438
0.59802926
0.7702564
0.5876143
0.8776364
0.5721458
0.88181823
0.91678977
0.56476986
0.6153111
0.855513
0.67785233
0.7512805
0.6660046
0.95925176
0.5311044
0.8257332
0.84082043
0.21409355
0.73591024
0.82772124
0.92017907
0.8529551
0.61598337
0.9221114
0.028416203
0.90225387
0.89548564
0.0035468452
0.56883687
0.76639926
0.8016914
0.8276087
0.77832794
0.9379274
0.8510348
0.9024433
0.37729248
0.5487638
0.57655585
0.90504754
0.08170217
0.86431426
0.57526803
0.92554355
0.9026462
0.935672
0.8398736
0.8341486
0.70817673
0.892589
0.5416663
0.7887664
0.6918094
0.9084634
0.91871965
0.8956372
0.7162115
0.79438436
0.51365
0.69886035
0.88469076
0.7106231
0.8385517
0.94547045
0.5529928
0.8732994
0.0009594355
0.5674463
0.8480841
0.9338322
0.39928713
0.65625256
0.8994538
0.6329241
0.30470997
0.89847773
0.87066853
0.9061636
0.7812488
0.70030546
0.7280492
0.89960885
0.8299805
0.77688205
0.5928449
0.8708824
0.8724146
0.808619
0.8821331
0.7717979
0.9284031
0.9082707
0.9377515
0.75344145
0.8919722
0.81536824
0.90645975
0.5360199
0.5868991
0.6178922
0.86698985
0.92000246
0.84507775
0.4336813
0.22757925
0.8801958
0.89691615
0.79153764
0.047239497
0.8815324
0.63370216
0.8696668
0.8468984
0.03452448
0.5894489
0.921304
0.6786147
0.84051174
0.7028369
0.8139739
0.8813706
0.72027624
0.4945994
0.78729284
0.7385539
0.6241304
0.9244002
0.5888836
0.004942117
0.8862672
0.6188405
0.9007927
0.8669239
0.87760967
0.46376607
0.5657201
0.3093652
0.86704224
0.7279228
0.36626288
0.9167946
0.8849389
0.21590139
0.7836779
0.489985
0.7701444
0.945849
0.93992007
0.70642936
0.8298685
0.032499824
0.75680876
0.8610219
0.7284884
0.4120767
0.82859117
0.734697
0.62495303
0.07857056
0.6760865
0.82687813
0.76413596
0.7773132
0.7741587
0.89724
0.9510472
0.7657002
0.29553598
0.88342553
0.84191114
0.74270046
0.90662205
0.0788386
0.71534044
0.8806077
0.025558015
0.68384945
0.044813234
0.91703105
0.45158502
0.94873315
0.11862372
0.032222584
0.82267165
0.8258531
0.7973386
0.007603295
0.63774425
0.88338697
0.9132518
0.87924266
0.85796416
0.18407631
0.92584
0.9248759
0.11283108
0.8477788
0.90405244
0.79496026
0.9101401
0.7741908
0.9165656
0.571853
0.5111837
0.4014401
0.94703025
0.28780156
0.83707535
0.90656215
0.93192226
0.6081218
0.9330575
0.43877771
0.6809501
0.78496623
0.5706755
0.79536957
0.6646958
0.81844527
0.7156348
0.93387204
0.9190065
0.9166214
0.8240483
0.78534645
0.03319424
0.9003653
0.84850204
0.69804645
0.68715143
0.68746626
0.5304773
0.787436
0.6376335
0.019096456
0.8835291
0.8043966
0.8655049
0.84695387
0.9045188
0.6847083
0.027432252
0.8876561
0.9113704
0.86557126
0.75287616
0.49153656
0.011472984
0.6586258
0.9191824
0.9219126
0.7239894
0.58624685
0.9231961
0.67231536
0.7409942
0.6058004
0.8492032
0.69945294
0.063732386
0.8596887
0.25591168
0.77160096
0.9273603
0.08405868
0.56520516
0.8459834
0.8834089
0.41716278
0.9189946
0.18565919
0.28041172
0.29807255
0.86141896
0.9553
0.02111874
0.9626252
0.6529899
0.6355916
0.6763816
0.9020698
0.92419875
0.7257302
0.5078742
0.60530084
0.6631306
0.7158865
0.51784253
0.60021985
0.8852861
0.84406084
0.85576546
0.65490407
0.4748294
0.5361795
0.8206842
0.8553057
0.88170946
0.725504
0.7669931
0.013445711
0.86034083
0.8465219
0.13732633
0.774324
0.6752148
0.65451366
0.95772684
0.9143243
0.77027416
0.6382228
0.6943505
0.94616127
0.7393686
0.6704743
0.69356173
0.8573071
0.9320055
0.84203166
0.8194148
0.8456116
0.83656144
0.37178838
0.5199081
0.69820523
0.85600275
0.9116889
0.693227
0.8796083
0.06974302
0.929705
0.8958378
0.34145457
0.9043587
0.04964482
0.87813264
0.91502386
0.9420491
0.87543416
0.6189558
0.7971309
0.75397223
0.7658589
0.71083534
0.9515164
0.93349576
0.058837045
0.47658822
0.55867875
0.8814445
0.92988837
0.7337313
0.83241415
0.9526109
0.84390914
0.8935348
0.92406774
0.94105965
0.8668529
0.8243911
0.5938333
0.6229819
0.64707553
0.83117014
0.801481
0.021308396
0.044325814
0.24964467
0.6987796
0.65582204
0.57900906
0.94066006
0.6825646
0.5365416
0.6264987
0.43471622
0.6269446
0.9385083
0.37926435
0.7057785
0.8377616
0.6490889
0.00656077
0.9068842
0.91113764
0.8382576
0.9634192
0.86353236
0.9162127
0.50474167
0.4613121
0.3461391
0.5304157
0.5914941
0.7434441
0.8637892
0.7284751
0.7332289
0.8427419
0.05684588
0.31545085
0.30399477
0.9543444
0.6768762
0.66684353
0.88700646
0.93143153
0.73139876
0.8193231
0.83335614
0.87227106
0.9172294
0.28254843
0.39061183
0.8282992
0.93817127
0.63362783
0.71147525
0.5210452
0.7783456
0.1378786
0.6113949
0.035816126
0.6319571
0.051426277
0.90950525
0.43868038
0.78745687
0.33197218
0.0050960644
0.64431
0.91597813
0.66032696
0.82665426
0.57487315
0.6656189
0.79064053
0.8088234
0.8815821
0.89981496
0.6488865
0.9236646
0.8655274
0.8860382
0.32808596
0.6492253
0.18591978
0.010017792
0.72700983
0.8551029
0.8202736
0.9047833
0.6806067
0.8636435
0.53045833
0.8965917
0.72335875
0.8187253
0.524547
0.8513267
0.32772586
0.69815165
0.6341891
0.06095888
0.65466774
0.59599364
0.5829589
0.8632263
0.89928514
0.08349016
0.71501404
0.69610226
0.8396768
0.96536064
0.9129104
0.07396793
0.874252
0.9159124
0.9251683
0.94854593
0.6236322
0.79722434
0.93439335
0.76782006
0.6959025
0.79970634
0.64636964
0.7848809
0.6062278
0.72288764
0.102874
0.6516431
0.9247103
0.94129246
0.7808256
0.83223665
0.82224876
0.7030262
0.007463823
0.8923854
0.14325477
0.9200607
0.44841093
0.82616186
0.39479387
0.9217181
0.77413476
0.7968859
0.9489253
0.904601
0.34822625
0.6263179
0.79680884
0.003119056
0.73898715
0.6746807
0.5721185
0.8849207
0.6795542
0.6631887
0.89310664
0.8871263
0.95001334
0.83794034
0.87636364
0.80222017
0.7331932
0.19421098
0.3569156
0.8670453
0.6834864
0.9312626
0.042308096
0.85823524
0.95325047
0.9214648
0.5969042
0.94120854
0.42614284
0.59415185
0.10952636
0.91291285
0.7635088
0.74306846
0.8779425
0.6632464
0.76638573
0.8732568
0.8598014
0.7891233
0.5621333
0.67606217
0.71318537
0.8664603
0.21947786
0.059485123
0.94821286
0.9661324
0.39961419
0.9305962
0.8446032
0.7567962
0.9439979
0.002774408
0.80869997
0.8272552
0.43363798
0.7990198
0.9108821
0.8832804
0.8823377
0.9430553
0.47307813
0.7430283
0.4394924
0.62104297
0.64053637
0.74366033
0.48491445
0.834579
0.23426233
0.9121005
0.72642976
0.024233408
0.9009127
0.5776353
0.9673494
0.8939649
0.053079214
0.783237
0.92204595
0.10239867
0.87123287
0.61192787
0.92804843
0.95975024
0.33005202
0.9390373
0.19956408
0.874783
0.90616834
0.6193102
0.9600347
0.8715656
0.7550754
0.75029117
0.8725115
0.8870269
0.6858727
0.7988575
0.8670175
0.84963715
0.8088848
0.82473534
0.84093934
0.8861601
0.8587475
0.82996154
0.8730147
0.7295488
0.5276789
0.9674206
0.7156613
0.9324827
0.8880228
0.23429799
0.108155645
0.07946491
0.73517096
0.63217187
0.37934932
0.6256608
0.76641846
0.72546524
0.65157825
0.8046376
0.62143236
0.8842198
0.052309062
0.7832016
0.76924366
0.33630115
0.77147555
0.79679185
0.007542054
0.71101946
0.73515964
0.9048804
0.89798534
0.89600027
0.69822055
0.8671888
0.023209373
0.76640415
0.03550162
0.9474473
0.53874
0.09481402
0.7855075
0.8890883
0.80540377
0.9195987
0.62103295
0.8929328
0.91443616
0.05505578
0.74292576
0.43533415
0.6772613
0.7648713
0.8591974
0.8334939
0.75293624
0.71248704
0.70338863
0.7815656
0.44848633
0.92719305
0.60691214
0.0559298
0.53591394
0.6803502
0.889608
0.9081482
0.77693623
0.78050286
0.53138417
0.8183711
0.7518342
0.7047335
0.7733005
0.94299537
0.010493007
0.9144731
0.8507228
0.883836
0.7753536
0.66896003
0.7686867
0.77273536
0.72517973
0.62966007
0.88457114
0.5247513
0.8689064
0.88443685
0.78858566
0.90685123
0.8804534
0.8363714
0.38909736
0.8967097
0.75542927
0.7840885
0.9337692
0.90416116
0.71034896
0.74699867
0.1159632
0.8488173
0.9030386
0.9281862
0.109754115
0.89677274
0.14771363
0.6353868
0.64103764
0.8320531
0.872838
0.5443791
0.9053964
0.7391827
0.46278274
0.95831436
0.5804663
0.9708513
0.8519385
0.83111036
0.8963103
0.17174008
0.86486167
0.12518394
0.41351587
0.9525914
0.45075655
0.811103
0.5553079
0.8870499
0.83026457
0.8881727
0.5273551
0.87020814
0.7041021
0.8396603
0.6241269
0.804152
0.80702704
0.089189716
0.4540749
0.81794256
0.7902227
0.14641674
0.9318871
0.8454794
0.084440954
0.8652948
0.79719704
0.6060145
0.88220155
0.8692344
0.76959723
0.9439811
0.11980313
0.92936826
0.8935304
0.7871997
0.7976331
0.16145845
0.88299817
0.05942628
0.68357205
0.93151593
0.8620799
0.83151555
0.8816555
0.7684452
0.31165087
0.80370116
0.6744039
0.8000739
0.96501714
0.8553786
0.75667745
0.5134428
0.9052451
0.808745
0.73431516
0.86715174
0.8534726
0.8133729
0.8409335
0.100695506
0.90616375
0.8390768
0.9040488
0.69121486
0.73719335
0.9304074
0.54718715
0.7551817
0.7742534
0.7089003
0.9176738
0.9357924
0.83776176
0.7606847
0.841322
0.77456445
0.90103686
0.78791416
0.8309257
0.8975337
0.9208059
0.4190781
0.19493032
0.7034172
0.82151085
0.26080853
0.70971787
0.9151145
0.61021155
0.869677
0.94198346
0.93866277
0.091165505
0.5877821
0.08772364
0.45336062
0.9252851
0.9177463
0.7708506
0.84110034
0.73853517
0.5551451
0.068720534
0.8017566
0.712842
0.8789499
0.8238239
0.87481314
0.60274684
0.80154395
0.9378493
0.40540606
0.06602511
0.7567676
0.7857657
0.67535734
0.4438647
0.9075398
0.7800517
0.87654626
0.78554153
0.8344635
0.5934567
0.9338774
0.24785459
0.64089394
0.8607355
0.092147514
0.5240034
0.7637047
0.7693965
0.83773506
0.5424965
0.039070025
0.5403539
0.6780816
0.0035495143
0.8879378
0.73128664
0.9340503
0.9036172
0.6012218
0.9183592
0.8524822
0.91719323
0.92093784
0.5874194
0.6285921
0.78708386
0.9079581
0.9464368
0.81869316
0.016888078
0.7649084
0.8813883
0.26527885
0.78529984
0.83501565
0.40232542
0.5785471
0.71184826
0.7138119
0.6236133
0.96235704
0.56059146
0.88422686
0.83364004
0.6929367
0.9314558
0.9082655
0.11384226
0.92970353
0.74610406
0.86760783
0.4255569
0.7961327
0.4516015
0.53470016
0.8878421
0.51542795
0.9005062
0.7966573
0.5952655
0.80005115
0.86623585
0.88855493
0.96597666
0.8110364
0.6114348
0.930014
0.93145156
0.8503695
0.053684473
0.31818086
0.93964493
0.8179797
0.81227815
0.80084753
0.9268278
0.8371159
0.12707765
0.4334299
0.7948806
0.9752021
0.9070844
0.86916745
0.86447465
0.7667449
0.46588007
0.90072274
0.8983413
0.031834297
0.83944094
0.8794858
0.63061845
0.85905635
0.843176
0.9210438
0.91829485
0.07455369
0.8656541
0.8303432
0.7672149
0.059418324
0.025739778
0.94424665
1.4408259e-05
0.87950265
0.93217164
0.62665904
0.017992353
0.9525479
0.88175064
0.9010387
0.7569196
0.28377447
0.8331831
0.46411434
0.64655507
0.27030239
0.8802056
0.9188007
0.68880486
0.83612186
0.71977
0.8213626
0.30206138
0.8746781
0.44766164
0.16885936
0.9266565
0.62461036
0.93691134
0.94176304
0.77072877
0.848049
0.6654908
0.7722392
0.7629812
0.9900477
0.7569992
0.9598227
0.8628556
0.40413448
0.09670663
0.6212225
0.81753814
0.7909894
0.086908035
0.9190719
0.5675749
0.553938
0.71857697
0.89225304
0.6556468
0.68304974
0.84364986
0.9171187
0.084760286
0.85906476
0.5193342
0.5524415
0.8158037
0.39812347
0.9562357
0.8897252
0.7945583
0.14133872
0.9245213
0.76227343
0.633006
0.72001094
0.9384885
0.0100125
0.7470539
0.6151522
0.91269994
0.9627396
0.21667565
0.7646746
0.17839281
0.8829415
0.74698585
0.6689517
0.749173
0.8997518
0.43765554
0.1397471
0.40303385
0.11603114
0.8002248
0.88056827
0.60007006
0.7135901
0.38210133
0.9195291
0.85128915
0.93882906
0.86180186
0.6371274
0.88641757
0.9411082
0.49699458
0.849214
0.86546
0.6503861
0.7921376
0.85387564
0.79652417
0.6831176
0.57976717
0.84044
0.04843193
0.9511453
0.75587946
0.8193896
0.8207416
0.47390828
0.5338484
0.7678679
0.89877427
0.7377386
0.20928429
0.9052298
0.7792127
0.6488345
0.777037
0.86135274
0.8360708
0.8193504
0.82609236
0.7992388
0.009898518
0.89569485
0.8016904
0.8872357
0.80523854
0.6766867
0.9577645
0.29842436
0.27638403
0.63712853
0.8825557
0.780598
0.938549
0.86291677
0.8711325
0.73101676
0.72636104
0.5767595
0.8206183
0.81874245
0.6577287
0.4968003
0.3065788
0.89113957
0.6365334
0.5785574
0.6436918
0.5154123
0.89434683
0.8867741
0.87656593
0.8404808
0.8559987
0.83554065
0.82871705
0.93767655
0.9174595
0.86137974
0.90803427
0.95045745
0.2748967
0.550884
0.8102246
0.9515783
0.4921816
0.043155894
0.3205894
0.69640845
0.500037
0.6863158
0.757786
0.75965834
0.1678056
0.11195774
0.6641543
0.8158186
0.0054996745
0.47157526
0.9302703
0.94501126
0.8989167
0.037577882
0.069604695
0.81576854
0.8039248
0.9188755
0.7222465
0.6259806
0.4995519
0.81957597
0.87172234
0.7840305
0.55371827
0.8670938
0.5634335
0.9116963
0.8503868
0.669291
0.83238095
0.028560665
0.713323
0.056656186
0.6605823
0.93492454
0.74440706
0.76655555
0.90176225
0.39558887
0.88958365
0.6732342
0.0358038
0.7878357
0.8967358
0.865079
0.09187631
0.17280078
0.77858555
0.94937664
0.86114275
0.83100307
0.9137535
0.95089656
0.8745139
0.8672746
0.9409983
0.7635132
0.9438356
0.8953703
0.82880497
0.85844225
0.77065015
0.67556936
0.66897047
0.832678
0.049086142
0.3576008
0.75585145
0.82343423
0.8935262
0.6452439
0.27063987
0.80193895
0.8968698
0.9440326
0.7576349
0.5912561
0.7647258
0.7915611
0.81613165
0.97445613
0.008718064
0.8638043
0.91259086
0.8417803
0.15768726
0.8666507
0.74113053
0.84901536
0.07615164
0.64820284
0.1850357
0.88660645
0.8570576
0.94280726
0.706923
0.09208944
0.7772158
0.9358754
0.95735013
0.67907274
0.8273715
0.6791336
0.8167239
0.2625527
0.91619635
0.96007115
0.80997497
0.8646314
0.8948022
0.7240888
0.77561057
0.5112929
0.23852105
0.15521584
0.8878279
0.75271994
0.82433224
0.8616588
0.6821287
0.8854946
0.8387856
0.931807
0.6769785
0.6866449
0.93356395
0.21406102
0.5806583
0.8941874
0.65745175
0.059439622
0.8157148
0.015906919
0.67537105
0.70283353
0.86611784
0.9774565
0.9266847
0.36663073
0.7722565
0.82983124
0.85720897
0.52095795
0.87248975
0.9586109
0.8052884
0.04042226
0.7411989
0.9111178
0.763646
0.4386937
0.06899677
0.6058782
0.6828859
0.077669814
0.2136671
0.7724225
0.7843116
0.64344394
0.5948518
0.5002908
0.9285867
0.8880392
0.8799841
0.0051627113
0.67992496
0.56670743
0.9357994
0.8994135
0.31128126
0.0774427
0.8769445
0.3645103
0.92685765
0.7802704
0.8576105
0.9362251
0.5960395
0.88365054
0.63428205
0.37127352
0.59796304
0.81277984
0.61834615
0.3303687
0.8060416
0.5467264
0.8904708
0.7513941
0.89353496
0.63215554
0.89225155
0.6556482
0.8219393
0.9477058
0.006393874
0.89695716
0.57352734
0.62614715
0.72458184
0.77968866
0.9015817
0.8339478
0.028496478
0.8762429
0.85215026
0.3395825
0.87232816
0.7570113
0.84192586
0.8143003
0.9018732
0.95564634
0.5100986
0.83640087
0.017650913
0.043569673
0.8789439
0.8698263
0.84660786
0.807683
0.8876598
0.8619013
0.762993
0.5128536
0.89925385
0.5943929
0.9454547
0.71581846
0.80718464
0.90605795
0.36257985
0.92054653
0.8411155
0.78066206
0.442674
0.85861
0.92504597
0.7668178
0.9403363
0.6726504
0.8779325
0.01704863
0.70976925
0.92325544
0.61394197
0.8561587
0.76615226
0.04279059
0.9251008
0.8953818
0.8838857
0.5600998
0.5284501
0.69997466
0.7619635
0.8921209
0.9072156
0.9304387
0.89197725
0.641589
0.42042884
0.74509084
0.009734517
0.7951479
0.83496994
0.88884354
0.021934882
0.9374619
0.2755838
0.8691306
0.75966287
0.87010205
0.7531156
0.91253376
0.9391576
0.87668246
0.84458137
0.88651156
0.89495504
0.954242
0.67825156
0.07683885
0.7748859
0.90566444
0.59723014
0.8194382
0.85820913
0.78982526
0.954842
0.70314324
0.86105144
0.78149104
0.85637486
0.49450833
0.75461483
0.823338
0.0041406024
0.13493668
0.7155941
0.7872328
0.90641713
0.09475029
0.8030803
0.83401906
0.2897632
0.9139918
0.7099181
0.90633076
0.84325325
0.9114856
0.92168397
0.6987513
0.7638913
0.8579885
0.7139461
0.9195785
0.70025116
0.56346494
0.8447561
0.042540908
0.9644348
0.9225568
0.68605494
0.9207765
0.85691786
0.78527725
0.05259622
0.872859
0.8708703
0.9352777
0.93481654
0.21442574
0.598359
0.04087797
0.8740411
0.85442907
0.88548005
0.7167355
0.681768
0.8606147
0.7559067
0.8970419
0.018251138
0.09269229
0.8173849
0.46364662
0.70432043
0.9663726
0.91494364
0.9312383
0.9000244
0.8957677
0.32241598
0.923996
0.2866152
0.7626581
0.77103525
0.8733594
0.85102975
0.95516336
0.521504
0.7196423
0.8219899
0.8033806
0.43035275
0.56822836
0.6541086
0.8553861
0.7971196
0.3399418
0.90873617
0.91302454
0.9022671
0.63214535
0.70388395
0.8157021
0.86167055
0.6351823
0.8228212
0.83373743
0.36413077
0.14753193
0.8660313
0.81443906
0.35941496
0.113815345
0.33783728
0.60439044
0.3252848
0.9561591
0.20345223
0.86623555
0.77893203
0.89041644
0.9354962
0.18861304
0.82531387
0.013170826
0.8534225
0.46358877
0.7551432
0.7964796
0.4855912
0.7710109
0.8057577
0.9590561
0.9111963
0.91610086
0.63160336
0.8278195
0.6823814
0.88758653
0.9464412
0.8732324
0.8945012
0.85714513
0.597354
0.9057776
0.6861169
0.18568839
0.39975297
0.94575644
0.9015261
0.8540888
0.9332593
0.9389198
0.89511395
0.848514
0.75182855
0.83308077
0.89892685
0.6526181
0.8912966
0.426898
0.94127005
0.8744831
0.7076144
0.7017722
0.73721457
0.7468579
0.84131265
0.9460161
0.83848953
0.9510217
0.8680856
0.9166602
0.28186503
0.9080585
0.8810783
0.55494606
0.8092027
0.8016849
0.014792008
0.7796385
0.3581298
0.917122
0.88542545
0.725058
0.8991883
0.1017792
0.72647965
0.66077167
0.90455616
0.26975015
0.93414223
0.8813078
0.8055474
0.7834561
0.8363705
0.8876637
0.43725705
0.035958257
0.7467456
0.84553576
0.84152055
0.7279066
0.89651865
0.6725367
0.80633765
0.8381417
0.83575517
0.7731669
0.5223104
0.45724353
0.71579
0.9052765
0.805261
0.79389787
0.9260535
0.87246823
0.70461893
0.77251875
0.4618646
0.585756
0.95672095
0.7913739
0.50286263
0.7188741
0.862895
0.9179041
0.8639388
0.57582664
0.9127283
0.09434135
0.91039586
0.91898644
0.7129786
0.8631219
0.72501236
0.7865276
0.4923839
0.9059444
0.7728012
0.06281896
0.951738
0.89633614
0.8925619
0.90723896
0.7134485
0.45704296
0.8797066
0.874391
0.89233243
0.69174385
0.063349076
0.9184865
0.75180006
0.7793667
0.8571055
0.7772786
0.4388079
0.78642976
0.79175276
0.57797724
0.84688663
0.73767173
0.79021335
0.92145973
0.7422128
0.8966812
0.91758084
0.7468589
0.921626
0.35261822
0.94191134
0.9173857
0.87783974
0.94238627
0.90059286
0.33726233
0.7667604
0.016817492
0.9551241
0.77114207
0.93722665
0.86923605
0.7635035
0.90305954
0.92916185
0.8139762
0.6323223
0.78239274
0.6395968
0.8739879
0.91631705
0.87945265
0.062064454
0.8361224
0.8063161
0.8989097
0.24060395
0.83243454
0.7455757
0.90611583
0.8846931
0.9286382
0.6326702
0.78459936
0.9214049
0.7742445
0.7418465
0.8561006
0.87951565
0.9389983
0.9314697
0.94138825
0.8357723
0.8125169
0.8811289
0.84152997
0.054114956
0.6620149
0.05152733
0.90256476
0.43033752
0.88019735
0.26252478
0.9400537
0.28196886
0.81521016
0.8017522
0.8783359
0.8757383
0.8269805
0.1684667
0.5849696
0.40100986
0.87269837
0.8616951
0.86207247
0.8901249
0.023257755
0.717712
0.7914894
0.9118052
0.8892203
0.6267218
0.061183106
0.92999214
0.8534144
0.92682815
0.71444356
0.8274559
0.8491932
0.90388083
0.8908082
0.67266804
0.699494
0.49789134
0.8449824
0.8097427
0.8863373
0.8567325
0.52992123
0.80233514
0.75208044
0.6312752
0.48268533
0.5691954
0.81323045
0.61977863
0.7395661
0.4854995
0.9720735
0.8939378
0.79561484
0.49418357
0.90871954
0.7867528
0.9109443
0.06591043
0.83535635
0.8792153
0.790118
0.8150003
0.72714853
0.8641572
0.07421557
0.85391307
0.8807897
0.74149776
0.8363359
0.92939985
0.014674403
0.4355286
0.9547563
0.6076156
0.815305
0.039319932
0.9153685
0.8814736
0.88830626
0.8408905
0.91935444
0.89767396
0.66907644
0.45011485
0.0381943
0.35557863
0.68886673
0.70028156
0.7439664
0.7773425
0.001494471
0.74450636
0.89922214
0.97141445
0.86196756
0.83091843
0.8285555
0.83381295
0.6547685
0.6105968
0.1036919
0.7233423
0.7437252
0.71626383
0.86413425
0.86148655
0.8461288
0.95057356
0.29750043
0.69842684
0.779516
0.56054825
0.7736187
0.89862597
0.31175333
0.40443388
0.30256182
0.8351596
0.042080283
0.93840563
0.031853892
0.8703184
0.91627216
0.7697439
0.8338318
0.6854509
0.86613154
0.696374
0.8707745
0.7742554
0.72634876
0.8683666
0.06987072
0.7927204
0.8504009
0.7500298
0.7550976
0.84879696
0.76477367
0.88407874
0.81880486
0.8181957
0.28612217
0.88703156
0.89817226
0.96503025
0.8594534
0.75012535
0.93422323
0.8005253
0.5969902
0.38021654
0.72827756
0.34002256
0.862852
0.78666866
0.640889
0.73228234
0.62018883
0.9277302
0.045505702
0.8330842
0.90633297
0.50408494
0.095401764
0.7505319
0.00524533
0.84530723
0.6847234
0.9339199
0.67785156
0.86479175
0.6084939
0.52707916
0.7552216
0.82815874
0.89015794
0.16329382
0.8535533
0.89553964
0.63999176
0.7054319
0.8057183
0.7166041
0.85399497
0.88906884
0.8397282
0.43469104
0.6688594
0.81442654
0.5029377
0.900445
0.043212928
0.724986
0.06557819
0.37720498
0.75342023
0.9343677
0.21611628
0.6023839
0.42572004
0.84014744
0.9109394
0.8847507
0.75162125
0.21044739
0.88671887
0.81573963
0.92872703
0.8722443
0.7679297
0.90699965
0.5835085
0.76574254
0.8875089
0.88904774
0.86735773
0.8968232
0.7360463
0.47586274
0.6857873
0.58122474
0.6988411
0.8874823
0.8937973
0.75603306
0.9361361
0.5991915
0.8934473
0.5464206
0.9606193
0.00047884323
0.8408453
0.79968095
0.67044187
0.6036929
0.077556565
0.05854712
0.88179076
0.48243117
0.8049619
0.8319737
0.9111204
0.9106499
0.030357566
0.6647899
0.0065166727
0.013210434
0.82167536
0.8805766
0.87215835
0.93966377
0.7293961
0.03067221
0.88819236
0.946577
0.8735753
0.16875868
0.9264388
0.71023214
0.88208413
0.03881802
0.84667194
0.68560886
0.7521155
0.3727251
0.9141595
0.53458744
0.020240393
0.62134266
0.8704349
0.9350952
0.9189111
0.9332426
0.90429217
0.82594275
0.8656572
0.88078606
0.8400395
0.6252165
0.6206296
0.64737105
0.8550884
0.88454413
0.77397233
0.9339964
0.7684955
0.95383847
0.6802688
0.7552805
0.76453906
0.6315239
0.93171
0.7061417
0.048444927
0.40154937
0.8744619
0.70486313
0.77679443
0.75761676
0.8328335
0.802899
0.67134446
0.8192818
0.61087143
0.90349084
0.2697423
0.02136374
0.7113552
0.8204338
0.92216873
0.83257294
0.38539803
0.9131963
0.7884983
0.8523222
0.6882987
0.83259785
0.8676189
0.41028956
0.009397957
0.06831793
0.75359994
0.8527848
0.9428627
0.908171
0.7846428
0.019202044
0.35870945
0.89405954
0.13964203
0.83832496
0.35102302
0.08114533
0.9179517
0.5358963
0.9297911
0.00609082
0.82857144
0.9223263
0.90520936
0.7780235
0.9369166
0.14284049
0.8889276
0.8608273
0.10859886
0.83772373
0.5235057
0.7130598
0.7794045
0.37271053
0.5619306
0.35634172
0.013658147
0.7583207
0.79195434
0.30543828
0.8640565
0.9245262
0.38104254
0.41710922
0.7647706
0.41356668
0.67910767
0.66394806
0.55221045
0.735883
0.84360665
0.75425094
0.88359034
0.30819795
0.75369424
0.95346963
0.6142106
0.556942
0.85823995
0.7561234
0.8874978
0.6570102
0.8301709
0.9268151
0.7397774
0.5157881
0.777562
0.0032957848
0.7231598
0.6136492
0.16286334
0.8338006
0.72105616
0.9333048
0.5661309
0.7150208
0.95043266
0.8719176
0.6290417
0.93758523
0.8611849
0.85361075
0.9521904
0.87477463
0.6582023
0.15216818
0.019948088
0.76226896
0.8167477
0.50124484
0.84311515
0.78208107
0.49402052
0.5529809
0.88009095
0.022290137
0.81758845
0.589442
0.90876067
0.76054746
0.8322652
0.9377328
0.93998635
0.026910827
0.8559345
0.7952456
0.7014563
0.8216918
0.9058821
0.06566404
0.82903194
0.93140906
0.9555406
0.6318764
0.7742007
0.5491311
0.93719935
0.54395306
0.92287076
0.83909285
0.84344923
0.23855397
0.07634234
0.83260506
0.034421254
0.6224901
0.79892826
0.0003227815
0.85799146
0.4648145
0.78919464
0.6037062
0.25132725
0.35770005
0.95041865
0.83299553
0.9431888
0.84046525
0.7730248
0.8896741
0.82291365
0.9228189
0.8706323
0.5990354
0.9216951
0.7028484
0.9170383
0.88104486
0.889563
0.87689245
0.8563654
0.76545703
0.91706103
0.944777
0.7385487
0.8980916
0.7267162
0.7810636
0.62816787
0.81948537
0.9638666
0.07173014
0.6713612
0.8355476
0.9429655
0.96425885
0.6717241
0.92254865
0.66654575
0.6511923
0.74441445
0.73715687
0.7328481
0.7967387
0.8781146
0.6304489
0.8762658
0.7266599
0.93183035
0.9187805
0.50234926
0.68201846
0.87186176
0.6093824
0.7246906
0.8356898
0.0017877892
0.49225134
0.8293061
0.5430423
0.5763404
0.93778145
0.8742176
0.03236578
0.8046535
0.8526761
0.8466519
0.89407414
0.9057506
0.3121709
0.59196675
0.7430705
0.9333061
0.74426615
0.70822924
0.55118483
0.58971035
0.88992447
0.79827225
0.6773997
0.72518504
0.2969165
0.104763165
0.9411485
0.7659903
0.87579334
0.90273017
0.9189902
0.86305493
0.9027115
0.9277485
0.69597787
0.7468794
0.68975973
0.7766021
0.7544459
0.79147035
0.85559404
0.56532085
0.8274536
0.9087603
0.90594524
0.87115324
0.14437418
0.90636593
0.9464214
0.59501755
0.8468948
0.76760256
0.31465343
0.01827773
0.47203666
0.91450524
0.4824224
0.8383726
0.9381509
0.8546778
0.74363506
0.7541152
0.0648405
0.7152875
0.8276086
0.51136875
0.78172934
0.4303411
0.88181585
0.771944
0.93313086
0.92782617
0.12542449
0.7915893
0.86301243
0.6633744
0.66690534
0.58250403
0.12361447
0.8373505
0.8429197
0.7301353
0.32788232
0.68969536
0.8759631
0.8591244
0.43526664
0.34783426
0.56727
0.7733416
0.67526764
0.75356865
0.78798866
0.97273654
0.95214194
0.52170134
0.8419489
0.8833523
0.8441837
0.027326848
0.953784
0.49143052
0.7112893
0.67446274
0.7503757
0.8046329
0.63387966
0.9293859
0.50409365
0.37057933
0.80052316
0.31192845
0.65451217
0.69496244
0.80802053
0.8265169
0.8343192
0.5090152
0.31908986
0.9315192
0.8264728
0.83576065
0.9162596
0.5241515
0.903358
0.76243776
0.9182708
0.025591893
0.8844786
0.5788778
0.93774736
0.81062895
0.39476877
0.70119554
0.046844266
0.8939342
0.90716
0.8111239
0.82831234
0.91195977
0.85373604
0.6631813
0.8217993
0.7386366
0.93576056
0.9110828
0.7903957
0.7358571
0.82832175
0.9110356
0.8784053
0.17860737
0.8535129
0.07475756
0.75981367
0.8074149
0.86532104
0.31744656
0.022591533
0.9270613
0.6788287
0.8306109
0.6263339
0.9207886
0.10124466
0.83102405
0.58920604
0.90264285
0.049738545
0.6472495
0.7484926
0.79828477
0.3672086
0.7103121
0.56710714
0.9212443
0.95832556
0.8497552
0.6572433
0.8866526
0.9139979
0.831522
0.6427983
0.82907814
0.9017484
0.42995304
0.6840641
0.59530026
0.04378832
0.35086754
0.9052478
0.80396867
0.7060175
0.77248484
0.7061758
0.5648138
0.021753702
0.68497837
0.13978606
0.9044732
0.7586303
0.92295814
0.758425
0.65877676
0.75622493
0.80851686
0.79137397
0.5939033
0.69113934
0.8459871
0.75096834
0.84668905
0.8542706
0.65708923
0.5472361
0.7174887
0.46351898
0.92818034
0.8589755
0.7126345
0.82876813
0.6775658
0.74759567
0.89360875
0.9081218
0.9069938
0.4120307
0.89165384
0.901736
0.79336214
0.24630088
0.62645465
0.7077032
0.62086964
0.53751135
0.6609423
0.66403234
0.8782978
0.8506353
0.51850516
0.781041
0.73585415
0.6998776
0.9186587
0.8951849
0.80310214
0.44278204
0.8521758
0.8698968
0.95465624
0.90840685
0.95126355
0.4705286
0.81281036
0.9236181
0.9473425
0.7072009
0.7658631
0.6901236
0.82342446
0.22993654
0.44749016
0.6747577
0.009268675
0.9583205
0.8596377
0.8277482
0.4894952
0.5301205
0.9525329
0.85681623
0.0856579
0.6539116
0.058974084
0.62291247
0.92916137
0.908855
0.67312384
0.80465037
0.4487541
0.6886411
0.87355185
0.9217558
0.8830247
0.672052
0.87833095
0.80830514
0.9445655
0.39617297
0.7980413
0.7156861
0.7179362
0.010585405
0.51262784
0.6672534
0.8174192
0.8826401
0.94502157
0.6760869
0.83556104
0.48139346
0.9045014
0.85902727
0.15774904
0.52679336
0.70617664
0.032976568
0.30140316
0.01260164
0.6001761
0.8839198
0.5912973
0.8854245
0.77071184
0.8361069
0.6655136
0.9326872
0.87960047
0.031873584
0.7013056
0.94450235
0.0017247521
0.12428416
0.017782347
0.915408
0.85583884
0.86182714
0.7555033
0.3509429
0.4840052
0.8218267
0.9114575
0.671674
0.0150478855
0.099438086
0.039021973
0.62725174
0.63115525
0.7473507
0.0029089302
0.8315778
0.7099991
0.032071892
0.8532529
0.94397986
0.6826631
0.82088214
0.875356
0.801867
0.8478262
0.5168159
0.7484102
0.7609348
0.7078444
0.474957
0.89286625
0.7566285
0.61015517
0.10001916
0.36571315
0.81850725
0.9311955
0.6664796
0.42523074
0.56541497
0.5514495
0.8820061
0.19618095
0.13590391
0.83525485
0.606306
0.7766217
0.797551
0.60987425
0.78175855
0.9712852
0.8015621
0.027053315
0.72259027
0.89630055
0.75974977
0.8957787
0.8927175
0.92849857
0.40334025
0.8142806
0.86447513
0.77268684
0.42480603
0.87470937
0.71322364
0.67912555
0.927729
0.64356446
0.7748518
0.87929183
0.34870598
0.63412446
0.8795632
0.49465564
0.94859135
0.8436362
0.7880665
0.5783
0.8824695
0.8043306
0.8128818
0.8761537
0.75137657
0.52258044
0.6221893
0.8496414
0.9202441
0.781536
0.9353793
0.7480032
0.89548767
0.7665304
0.7149012
0.78908527
0.72265905
0.8615167
0.7149237
0.8302407
0.9107013
0.88780946
0.7352838
0.9007726
0.89375246
0.91970485
0.053283334
0.82458556
0.86332035
0.9345347
0.9214365
0.91128445
0.7440638
0.73068106
0.702331
0.6725129
0.11509436
0.79337263
0.85257804
0.90450877
0.7657783
0.95568657
0.833484
0.8976264
0.04193709
0.93236697
0.8453262
0.16870713
0.8869648
0.87139434
0.83195114
0.7239133
0.8993119
0.8582421
0.7610414
0.6733618
0.8274812
0.91744286
0.68911034
0.75312936
0.92711985
0.52533394
0.79103494
0.7755127
0.5830313
0.52002084
0.80419534
0.74608135
0.8600344
0.63530153
0.5072691
0.88362503
0.5259712
0.7317457
0.92170703
0.73837453
0.754743
0.8881693
0.87998056
0.56391793
0.9376831
0.45527205
0.57174987
0.7335349
0.6472127
0.70230997
0.8165573
0.015516717
0.8555722
0.9161972
0.9273788
0.858688
0.07235692
0.019926623
0.89713824
0.7738859
0.8350608
0.7819074
0.28795755
0.06406401
0.61168504
0.62208366
0.89805555
0.0661549
0.84038436
0.90684277
0.17277278
0.915294
0.7802535
0.873937
0.7642625
0.83609486
0.045995172
0.31675956
0.9046425
0.94254875
0.858197
0.9814847
0.9462154
0.85875505
0.6793271
0.9320025
0.6970321
0.70505553
0.1502431
0.4376403
0.71909213
0.87474996
0.7614035
0.054817375
0.9309819
0.877027
0.75275415
0.7531751
0.54964125
0.7074201
0.70488715
0.91775334
0.7826877
0.66288286
0.14330253
0.0068037137
0.8481845
0.9414441
0.0691247
0.9323883
0.8302791
0.9268019
0.19348949
0.6267601
0.7897198
0.76798964
0.8966813
0.8966584
0.92032194
0.8504749
0.11610973
0.7656876
0.7160775
0.8825569
0.8936022
0.92026806
0.6161485
0.9237878
0.7208075
0.7759771
0.7169502
0.8842934
0.81063426
0.7978331
0.77024484
0.9113848
0.8649572
0.866964
0.8389114
0.88305914
0.6923294
0.7812854
0.9211561
0.041627623
0.8750534
0.76611036
0.93719643
0.24415195
0.89050835
0.7845728
0.6621911
0.8636389
0.9439004
0.8631034
0.82015055
0.9073831
0.45684034
0.51793706
0.7465687
0.49999148
0.21611665
0.929692
0.7956374
0.32204556
0.895445
0.7038122
0.90647286
0.8712037
0.9515286
0.9485537
0.49930125
0.23343782
0.5569451
0.95409304
0.005086147
0.64253914
0.69029456
0.4556197
0.9149027
0.5167824
0.053388022
0.8717275
0.48629522
0.88155013
0.45984524
0.87630564
0.7792474
0.62451094
0.57245153
0.83389693
0.46937388
0.94267946
0.9240364
0.80762255
0.041368116
0.82880414
0.779393
0.93656355
0.65552455
0.92507714
0.47322562
0.009889074
0.26802313
0.011023569
0.82538116
0.73932874
0.777108
0.94390607
0.7233656
0.12957779
0.6768735
0.9342146
0.5806336
0.9411563
0.8582076
0.78022105
0.81838566
0.6954764
0.87861043
0.8300628
0.8496975
0.45282543
0.86516374
0.10293866
0.82004094
0.037507594
0.75167143
0.7964986
0.58603376
0.7662773
0.83947915
0.62881094
0.55680275
0.022450201
0.8492539
0.54659724
0.49217683
0.91072834
0.8712169
0.25512394
0.8822006
0.866584
0.93414617
0.8988326
0.6605653
0.81730145
0.80650866
0.8853673
0.039716296
0.5128925
0.8849012
0.4269167
0.2783308
0.2712928
0.8599328
0.77024657
0.63270545
0.17139168
0.49410534
0.66267383
0.8085772
0.78799796
0.81613547
0.9301562
0.66952115
0.86314726
0.8576975
0.9002211
0.93054914
0.58022314
0.67223465
0.86979055
0.017579097
0.78321326
0.9016394
0.90870523
0.72002196
0.89289904
0.7308715
0.79138666
0.79222226
0.8343519
0.46906906
0.78305274
0.90591276
0.45189023
0.688635
0.84376657
0.47830355
0.91969013
0.76684237
0.82957083
0.9442192
0.7500189
0.9180889
0.79025424
0.86920923
0.60572374
0.64355665
0.6402538
0.8039586
0.6697798
0.7186216
0.95115155
0.6356092
0.88873035
0.6916324
0.44457084
0.89417183
0.7469444
0.46889937
0.8641811
0.8432103
0.75106615
0.9165015
0.88979256
0.8436474
0.33889148
0.8545138
0.93055296
0.92821
0.5558903
0.9254354
0.014338002
0.65985364
0.73737687
0.87824094
0.8523997
0.13354093
0.93661296
0.88443726
0.90053535
0.76225764
0.79787034
0.8511085
0.8435653
0.9013196
0.7808051
0.8063371
0.8913453
0.93078256
0.8750694
0.90516096
0.8025915
0.6967988
0.89001703
0.8159766
0.9034127
0.47041062
0.8864664
0.40450302
0.9257411
0.91832674
0.8161812
0.22157013
0.51203537
0.8812903
0.84649825
0.86423725
0.9252426
0.8858451
0.6717236
0.8207253
0.8013224
0.87157255
0.6946247
0.853854
0.9336716
0.5750747
0.85568655
0.14240773
0.019195756
0.9647215
0.89146674
0.06341118
0.7378373
0.9194199
0.82581186
0.7198618
0.71703637
0.76696086
0.93968344
0.4944219
0.9657504
0.8937322
0.884025
0.7190234
0.30324867
0.90628105
0.8948175
0.7587799
0.7353864
0.6247847
0.9152272
0.8292234
0.5616926
0.9277344
0.8972639
0.40967065
0.645548
0.1230707
0.9589683
0.9086785
0.8696214
0.93664324
0.9661649
0.5443366
0.659596
0.8331338
0.91143703
0.0066764727
0.87623554
0.82783824
0.87424135
0.8921551
0.74157757
0.81461686
0.95384824
0.63100046
0.9681365
0.76103604
0.8847302
0.7230059
0.926904
0.5462971
0.8642485
0.6432531
0.65279347
0.064176336
0.8825303
0.0043222997
0.3991048
0.9282346
0.7975252
0.85767734
0.86876476
0.6804406
0.9359211
0.6572523
0.8022904
0.025122408
0.80891037
0.90158176
0.93323153
0.6060258
0.6711525
0.88947964
0.8348431
0.7965614
0.71051794
0.426059
0.90119845
0.8909979
0.8145721
0.72144425
0.62031037
0.9450954
0.95251226
0.71430665
0.53766125
0.86976486
0.7777449
0.31773114
0.874935
0.54817307
0.0072827074
0.65331125
0.8951583
0.80683184
0.8830916
0.9090624
0.89695406
0.9156172
0.82143277
0.5149716
0.79832155
0.95574117
0.7883213
0.66866815
0.66047406
0.27640596
0.80467135
0.7294539
0.9130217
0.7926552
0.7289077
0.7926903
0.9331413
0.6266848
0.87908494
0.55352604
0.76172346
0.7472478
0.5467309
0.6439127
0.5032548
0.7342471
0.8975952
0.51177835
0.03165701
0.3077537
0.8160977
0.773385
0.70817965
0.10683915
0.784834
0.8830985
0.47592005
0.81525725
0.9200399
0.12675692
0.919751
0.8905226
0.4881649
0.5671293
0.95345384
0.77998173
0.84136856
0.8034979
0.7457229
0.85824543
0.77869356
0.7801994
0.8556974
0.8096958
0.62758
0.5310774
0.88880205
0.89325386
0.87819433
0.8388151
0.38004747
0.3226152
0.64425236
0.9270373
0.9496588
0.8536452
0.9641924
0.819944
0.86148775
0.030934801
0.8645241
0.03895075
0.8392253
0.9384114
0.8256984
0.7698679
0.7465818
0.88172644
0.5740335
0.3832468
0.87115324
0.9273517
0.65556884
0.90919805
0.8817861
0.8704557
0.59273607
0.8051777
0.84160066
0.8393129
0.8171522
0.42262858
0.81738484
0.7061915
0.9431615
0.73665065
0.49334806
0.8652168
0.8963574
0.42811912
0.87332827
0.80704075
0.20115736
0.6729551
0.85950136
0.84321773
0.79418737
0.70354533
0.6357214
0.87419665
0.9139283
0.7317918
0.86006814
0.8303524
0.057822533
0.83728385
0.8143009
0.77390844
0.7983373
0.1152701
0.7017112
0.74748266
0.79083014
0.5158058
0.8804292
0.81653243
0.8278186
0.90334356
0.13835195
0.5400322
0.9678575
0.696628
0.57190955
0.9185249
0.86962044
0.8690844
0.87241685
0.08739212
0.014197841
0.48486987
0.00796137
0.61036086
0.07273097
0.8513185
0.86369807
0.9056793
0.23321015
0.54615533
0.91442716
0.12257564
0.005035775
0.9444587
0.3490371
0.6442937
0.8692902
0.7967305
0.7791836
0.9300571
0.005917534
0.64960384
0.8022423
0.56279147
0.703711
0.6759353
0.8338334
0.08786954
0.8832909
0.58982664
0.6913504
0.4228915
0.7513101
0.95776147
0.74795264
0.56771475
0.81461346
0.95759463
0.73288536
0.15267017
0.9235848
0.8901817
0.7267983
0.8645689
0.9218522
0.9187224
0.89739245
0.06636976
0.80185354
0.64589244
0.78829175
0.8670826
0.8462738
0.6252153
0.7620389
0.9315775
0.7570968
0.7429584
0.4223152
0.6769701
0.76725876
0.65917426
0.8260919
0.5898135
0.8124206
0.90347964
0.694376
0.7151439
0.6295955
0.8091896
0.8847992
0.24153285
0.83878464
0.9223664
0.035351723
0.26050672
0.8678709
0.035755713
0.8510028
0.9071242
0.9649006
0.9173394
0.84666896
0.5654887
0.022438051
0.8872553
0.8159815
0.7155469
0.9572619
0.47275308
0.6941136
0.7382092
0.7546183
0.8368382
0.0992447
0.050758068
0.8514396
0.87887585
0.62976986
0.72713995
0.82007885
0.8631282
0.9676635
0.4285844
0.055231724
0.61196524
0.8005723
0.013271316
0.88162625
0.7809404
0.7436936
0.88646895
0.7040723
0.90235394
0.91520905
0.8123691
0.8587209
0.7615273
0.39448157
0.955976
0.9717475
0.9283337
0.86435246
0.94451547
0.952103
0.81383204
0.17554545
0.658119
0.6752293
0.07195324
0.59420216
0.91853386
0.9297241
0.78994733
0.23802976
0.87067777
0.6139381
0.9233341
0.8277243
0.9114938
0.89377904
0.9039127
0.7764173
0.8869767
0.77311057
0.1581814
0.07505468
0.8720331
0.8907921
0.6840481
0.9236303
0.6445067
0.5603929
0.84613097
0.34516162
0.9139431
0.87523663
0.80932075
0.87108225
0.67696565
0.4867003
0.0974216
0.8844175
0.45355177
0.72995675
0.88279605
0.6532469
0.4352109
0.8091264
0.892464
0.89412117
0.10022499
0.9189036
0.87960625
0.060103174
0.40120322
0.077604905
0.9081289
0.7972819
0.75341076
0.91668725
0.84818405
0.033992924
0.94084835
0.7489582
0.9459673
0.92345667
0.84617865
0.9234885
0.8334863
0.9383464
0.84775937
0.9314861
0.7355556
0.2917773
0.87951976
0.72360957
0.0248287
0.9243869
0.10249923
0.4191085
0.88848174
0.8821617
0.78941894
0.78291285
0.81450903
0.7758786
0.6732719
0.3869533
0.94388545
0.8647377
0.9501835
0.8978309
0.022616157
0.14661059
0.9366134
0.90293014
0.8424848
0.89680856
0.56721485
0.80445755
0.9240446
0.788095
0.8368484
0.7021513
0.7823445
0.8695395
0.7427952
0.8978793
0.83022517
0.9187186
0.68587434
0.8606437
0.65616584
0.89901745
0.8472855
0.84620273
0.9150082
0.007359256
0.03427893
0.87729347
0.9014069
0.93051314
0.0036258367
0.75453
0.8342472
0.8227474
0.7820844
0.8031955
0.81579375
0.47678977
0.7453861
0.81367946
0.7784684
0.76446676
0.74311256
0.7946752
0.67526144
0.71266913
0.76679397
0.8144329
0.5565933
0.96447206
0.57992893
0.8340221
0.9260366
0.7383765
0.36646405
0.82616585
0.94266295
0.85575175
0.66905373
0.9031901
0.9318794
0.06188315
0.8801191
0.9299322
0.76274943
0.64273655
0.82693416
0.65960014
0.82202053
0.8836944
0.6557844
0.8818553
0.3594351
0.8973351
0.9200714
0.80581975
0.8842219
0.8331919
0.8798071
0.1362431
0.7648606
0.85742307
0.67138445
0.9146078
0.6150036
0.1335033
0.76050043
0.66339827
0.42339605
0.7841777
0.5418381
0.96283257
0.8647892
0.9158842
0.38378468
0.876451
0.033006206
0.6121146
0.83646417
0.5004342
0.89758116
0.91660476
0.83009595
0.0011388194
0.855571
0.8341323
0.69494903
0.74585354
0.9502983
0.808687
0.8779821
0.5628439
0.7956581
0.81290877
0.40693423
0.93839437
0.5079252
0.6559078
0.36765617
0.89190143
0.91172963
0.90836596
0.88798684
0.040657748
0.64785516
0.7813475
0.7340025
0.9515635
0.90730965
0.84633887
0.8597031
0.880246
0.8969276
0.8436658
0.58849496
0.9278244
0.6272042
0.81979895
0.333279
0.46047428
0.9005545
0.79792845
0.644045
0.85544145
0.8712492
0.7884774
0.7551711
0.7652692
0.62864774
0.9197808
0.8115864
0.8421664
0.90795547
0.6360042
0.7077347
0.86201257
0.65916663
0.7363531
0.8717447
0.91665554
0.7874452
0.92045504
0.9284879
0.7793659
0.9429953
0.62243944
0.94616073
0.4839282
0.8578838
0.9247041
0.5023986
0.80691266
0.79352385
0.87107706
0.81841236
0.8011526
0.6830707
0.96081877
0.7002745
0.86228204
0.8351783
0.7185438
0.681778
0.8779436
0.7314027
0.5552773
0.7563875
0.7948275
0.8993387
0.8819711
0.9108013
0.6198076
0.42741758
0.8808968
0.25090224
0.9161498
0.861078
0.47902855
0.90244514
0.8190125
0.83348423
0.95976686
0.87283456
0.6498367
0.9177409
0.6390661
0.4500342
0.8339223
0.8949412
0.913849
0.6879291
0.82749355
0.10449867
0.00046553276
0.64092773
0.823479
0.87486744
0.85481846
0.5947728
0.9222833
0.9109962
0.7224822
0.88223785
0.29123178
0.9183706
0.49485916
0.7815348
0.76934993
0.6479592
0.79078656
0.117187224
0.69318414
0.79322296
0.92215466
0.9253902
0.9104005
0.78787047
0.66871095
0.9058988
0.90162617
0.30785856
0.053424478
0.90658975
0.92011666
0.23667867
0.84633136
0.8327209
0.67457414
0.8624138
0.036897
0.8270443
0.9591146
0.89054954
0.0651497
0.8813073
0.8988977
0.6719314
0.10274217
0.071293496
0.8460367
0.8193337
0.8150043
0.89183044
0.92488396
0.8323599
0.88231426
0.5011031
0.808813
0.90197456
0.5310874
0.8282157
0.7079853
0.85389924
0.7632668
0.8647366
0.6827862
0.8717805
0.94612914
0.71218586
0.0027299933
0.9187436
0.627728
0.86339283
0.42246595
0.91726613
0.793593
0.7633303
0.7085445
0.72539634
0.64066523
0.6973655
0.53782797
0.32824886
0.8203391
0.69613767
0.9067791
0.8945241
0.92249095
0.57169235
0.71100324
0.9088872
0.65795976
0.9303682
0.6620277
0.9361102
0.6629014
0.8264768
0.9435339
0.5355185
0.9349457
0.9063762
0.7811552
0.46184993
0.8164751
0.02803379
0.9737976
0.48295867
0.8175608
0.6280534
0.6956281
0.64077574
0.8066469
0.6641357
0.88502526
0.5633561
0.82748157
0.92825353
0.60771513
0.7854595
0.8551657
0.80254304
0.87523586
0.4597166
0.8606409
0.104901336
0.0019798279
0.8610791
0.8167784
0.8175255
0.6236358
0.660696
0.8539776
0.5889188
0.884257
0.64584756
0.87066597
0.047016207
0.4522542
0.006468971
0.9185232
0.909819
0.9291973
0.7104639
0.93722844
0.48913983
0.8951299
0.6345742
0.7183039
0.720217
0.7844073
0.7755368
0.69667625
0.877876
0.8775288
0.6224009
0.52264243
0.13912623
0.80940485
0.8865206
0.7206012
0.79327035
0.4264462
0.89178073
0.91333
0.67305225
0.9310131
0.84643877
0.24706316
0.86482227
0.9230366
0.8805588
0.9633035
0.055978864
0.86432564
0.9284631
0.816622
0.44386366
0.84531635
0.2865354
0.8908534
0.7615056
0.89069724
0.95335436
0.78547835
0.54362106
0.95634645
0.8646223
0.8923135
0.14486578
0.88636845
0.5568994
0.9250815
0.87731683
0.7076267
0.9378443
0.37335956
0.71302104
0.7429585
0.061035402
0.83040565
0.926166
0.8763508
0.64575005
0.790877
0.8966518
0.85347056
0.8827764
0.71332496
0.54744494
0.519112
0.8526084
0.9091236
0.9014406
0.9565842
0.4602851
0.2766074
0.57114714
0.682219
0.24354614
0.8769448
0.8941358
0.8909031
0.81932694
0.9627918
0.72403204
0.94618523
0.012582235
0.85260147
0.06811793
0.82926774
0.86525995
0.92991376
0.46543652
0.066510856
0.95138973
0.91204137
0.88837
0.9411293
0.887874
0.85223246
0.56846356
0.8589683
0.7701362
0.8219215
0.77758867
0.7441528
0.8336586
0.58580184
0.80365753
0.9413734
0.5576062
0.6973787
0.7545878
0.77470386
0.09966678
0.7557905
0.57158625
0.87002116
0.7883071
0.88320357
0.8531542
0.7314727
0.6953392
0.9284558
0.6450826
0.78476053
0.7817981
0.6407242
0.89356416
0.95919645
0.9531861
0.69741625
0.83482087
0.86089796
0.9378385
0.5897938
0.8592672
0.70889574
0.78318393
0.73753685
0.6329559
0.5674034
0.7289717
0.83455235
0.27958062
0.69568217
0.74143314
0.9420161
0.09544919
0.850429
0.7364303
0.89246297
0.7848784
0.7193161
0.6420511
0.88126534
0.8428024
0.8512893
0.9407543
0.9641336
0.40819198
0.056122124
0.8580197
0.7364006
0.06978641
0.9004324
0.55264604
0.7296737
0.5547379
0.82789135
0.7699925
0.64536524
0.8641026
0.86941403
0.69810325
0.9029146
0.63558054
0.7812972
0.90022224
0.5352369
0.89060736
0.91609144
0.9131449
0.81225955
0.84620804
0.84462124
0.83364815
0.8673632
0.7800358
0.9498736
0.3553899
0.83787405
0.91953385
0.7848577
0.94496787
0.82415116
0.5524061
0.7806827
0.76679504
0.4100392
0.76343167
0.97210586
0.80494964
0.80678177
0.90002215
0.8860767
0.8355669
0.9251907
0.8731853
0.6974473
0.7522764
0.889784
0.019424902
0.85059404
0.04271214
0.8757725
0.2663548
0.8146125
0.96023077
0.75247943
0.0552883
0.6763903
0.5018904
0.5810737
0.573956
0.89878976
0.23467018
0.8282999
0.82557636
0.9125763
0.8516689
0.94031644
0.74059623
0.465051
0.94148415
0.7303729
0.73021597
0.55214244
0.9335515
0.6187103
0.8159409
0.9084077
0.67134005
0.10533697
0.9053982
0.7214047
0.85513914
0.96071124
0.83318883
0.6919601
0.85190094
0.8539238
0.82692206
0.86458296
0.92055666
0.6311399
0.8556805
0.8501265
0.6660258
0.9441166
0.53948444
0.8610835
0.838967
0.7791343
0.7869102
0.6697215
0.8037869
0.9249375
0.8885043
0.86907315
0.918138
0.77053344
0.92535865
0.9152107
0.86460483
0.010529969
0.68319947
0.9400563
0.84521395
0.08819106
0.9585966
0.83851
0.90857667
0.8781997
0.91432744
0.5896462
0.80962455
0.70579016
0.53542393
0.7641084
0.83301365
0.29955924
0.8558916
0.7147508
0.8287993
0.8865471
0.9166621
0.76262075
0.86859
0.8745183
0.9409859
0.909318
0.25558734
0.9516344
0.87482816
0.03590522
0.29983824
0.85641396
0.80453247
0.9228104
0.8904858
0.8635763
0.83578885
0.86675054
0.7118888
0.8560932
0.92509973
0.92087
0.92323023
0.86984944
0.7921878
0.013695488
0.9408385
0.6816617
0.90830386
0.8740914
0.9504149
0.5745398
0.5677478
0.5456298
0.8426079
0.6987704
0.78397113
0.8418144
0.40736717
0.6260178
0.9086499
0.27961385
0.852882
0.6486261
0.8628822
0.8680663
0.3866588
0.8824895
0.85909104
0.8391657
0.873328
0.8412385
0.70655555
0.11323959
0.6311641
0.9142782
0.91667086
0.7741136
0.65014046
0.89768517
0.20073695
0.90799195
0.57795286
0.7226845
0.80041295
0.47311455
0.8951609
0.010015491
0.6991024
0.9244203
0.32652718
0.68192965
0.89466083
0.9100933
0.9319516
0.9178975
0.0010817107
0.031897653
0.76791924
0.8469807
0.7933511
0.8668344
0.7553608
0.6537344
0.7406621
0.45457613
0.9148607
0.9272059
0.920742
0.7430635
0.9302011
0.6482083
0.83406633
0.6139581
0.79403174
0.7871808
0.86288923
0.81074476
0.4165493
0.049633548
0.11097559
0.9554974
0.42712504
0.79472065
0.8893457
0.85169196
0.8392054
0.14537437
0.55425906
0.9087062
0.7496299
0.7131878
0.8995331
0.84679294
0.7269482
0.56654376
0.023102347
0.8196916
0.9257386
0.84956
0.8938688
0.71183306
0.7343998
0.0098829055
0.5095841
0.89321387
0.049911607
0.723996
0.9236327
0.9250691
0.88800013
0.87347984
0.60038084
0.9254448
0.90637803
0.97163635
0.95329046
0.5890004
0.5270443
0.8197327
0.7116477
0.35757384
0.67056376
0.24585646
0.075388834
0.7858893
0.41396716
0.83512986
0.8170238
0.6923402
0.8989889
0.67372596
0.39020666
0.8321329
0.593671
0.91074264
0.017391548
0.8715231
0.907904
0.6810912
0.8079636
0.7097291
0.8179539
0.8669151
0.92441106
0.79257864
0.8304482
0.050301164
0.9074954
0.8240922
0.13008817
0.5678137
0.86803883
0.38289517
0.4205158
0.92129326
0.874621
0.8222173
0.8546899
0.852593
0.6874799
0.9306429
0.91644746
0.068284616
0.022572327
0.83519095
0.8703172
0.7815208
0.9000851
0.8905635
0.65925926
0.024446731
0.9035102
0.7792879
0.44658488
0.967412
0.9105169
0.75142854
0.59881353
0.91215146
0.72678566
0.9308822
0.9574938
0.875216
0.0060078753
0.73041016
0.9416675
0.52384406
0.72254837
0.38009587
0.9176048
0.78929985
0.84851897
0.8856117
0.9235731
0.83113897
0.2455925
0.59575105
0.86624223
0.8220335
0.890845
0.09320258
0.70233923
0.4686716
0.8530186
0.14747517
0.3104167
0.84812003
0.86660266
0.9108836
0.13841502
0.8342396
0.7952434
0.91029066
0.7307199
0.8722718
0.3992332
0.9315756
0.819574
0.92738706
0.8467249
0.8275956
0.9300055
0.93437177
0.88709223
0.8832743
0.4625492
0.69433326
0.056930963
0.70714384
0.82934886
0.82280695
0.5360138
0.86590827
0.84191
0.79058343
0.68545616
0.9508399
0.4118624
0.61981815
0.059240676
0.7515852
0.9000823
0.8301555
0.104173444
0.7217208
0.52891743
0.7703587
0.91455305
0.4373475
0.08143624
0.92943656
0.94087464
0.8532392
0.8947683
0.8225025
0.73933446
0.93159306
0.04916553
0.85440314
0.8833018
0.7526807
0.82539827
0.017704166
0.84161377
0.8520676
0.71058744
0.7060832
0.89004827
0.89528024
0.70186853
0.52538157
0.8717239
0.87823397
0.886663
0.671994
0.7798163
0.67329603
0.9530527
0.71951556
0.90644777
0.92142856
0.83992803
0.8961093
0.7922787
0.7344412
0.77579474
0.74973315
0.8443919
0.8989262
0.40320906
0.020060513
0.6578016
0.85151815
0.8922196
0.010453311
0.34660655
0.92745405
0.9110196
0.008556733
0.94144124
0.44163102
0.68962914
0.84463817
0.92167234
0.90535825
0.9339151
0.044429276
0.9223509
0.9041914
0.64076865
0.01802617
0.91528815
0.17124754
0.7636844
0.5794223
0.7832084
0.8826928
0.011093456
0.8976506
0.0005886806
0.84603727
0.9408964
0.24785629
0.9121295
0.8640786
0.72529286
0.7747232
0.7850206
0.20947266
0.58217895
0.32383564
0.8476058
0.8924286
0.73203075
0.057158932
0.66097903
0.84026235
0.67377234
0.9196385
0.7091946
0.8074273
0.9437137
0.02726771
0.24767299
0.80143934
0.7910273
0.7779571
0.78638625
0.91349715
0.78570974
0.9261702
0.87359595
0.9509677
0.004312793
0.8441803
0.9028549
0.9014716
0.7830625
0.6153892
0.86638343
0.445263
0.7790615
0.118952066
0.6790572
0.59778583
0.730048
0.7771539
0.908134
0.6523649
0.93304265
0.5568206
0.8488124
0.79054743
0.8345696
0.74072427
0.8842063
0.93162274
0.66582304
0.87090087
0.93943477
0.8395775
0.8524018
0.9377022
0.9081008
0.9165963
0.353956
0.6872442
0.8044575
0.715501
0.11632427
0.9241741
0.905096
0.80536795
0.48724335
0.9314865
0.93186
0.8887889
0.9042116
0.02896855
0.8451392
0.80918366
0.82282895
0.7808844
0.89067584
0.84718
0.81429374
0.8817938
0.89353263
0.87211543
0.63768286
0.38562346
0.59929234
0.7393716
0.78260267
0.81650245
0.8785935
0.03565201
0.77681005
0.79080343
0.8183269
0.103296995
0.7101953
0.9299033
0.7206571
0.7192149
0.48298493
0.5622703
0.7963651
0.12249494
0.8139248
0.9173404
0.7063933
0.7493057
0.7317601
0.17890845
0.8355048
0.82441545
0.9017681
0.8267685
0.8006591
0.7166086
0.2687552
0.8401836
0.5675787
0.6756295
0.694319
0.85204625
0.9573035
0.004648689
0.78167796
0.021636102
0.86989033
0.80717635
0.46877897
0.8800856
0.44955465
0.04997655
0.88209605
0.838404
0.08737911
0.89090383
0.86242616
0.30880076
0.9155729
0.90968746
0.5817618
0.8851605
0.8560138
0.6435015
0.8025325
0.8805487
0.6862993
0.00038195774
0.62662154
0.93396705
0.77153015
0.89156115
0.5339119
0.7927328
0.6668209
0.7909786
0.34570974
0.6594023
0.9408233
0.7659011
0.6945299
0.703209
0.8905022
0.86762357
0.81686896
0.7215148
0.7876705
0.6508502
0.566466
0.923281
0.8554846
0.84710735
0.9129807
0.8946224
0.59777534
0.5580643
0.76885706
0.93446976
0.15060169
0.95511067
0.12674929
0.78485984
0.610389
0.40136945
0.7216959
0.83986294
0.9523044
0.62833786
0.7398397
0.67645514
0.25549573
0.84545684
0.19124418
0.72298706
0.7050533
0.9005672
0.7561289
0.733399
0.46294233
0.8138067
0.3045805
0.08933193
0.62360823
0.8334526
0.6633345
0.8917468
0.5629008
0.81954473
0.8038466
0.72637546
0.6430063
0.58159906
0.7192201
0.56438684
0.87986094
0.8641264
0.086108856
0.9288628
0.8735334
0.703974
0.89486897
0.91860473
0.056161564
0.87190694
0.74696827
0.5528604
0.88175744
0.8927375
0.9105063
0.85219616
0.09016316
0.62178636
0.7667994
0.85457206
0.43885446
0.882485
0.8031036
0.83244133
0.41832918
0.827708
0.0055777123
0.89370257
0.9180296
0.6400848
0.90475273
0.93949074
0.69968307
0.4778127
0.59610546
0.5360029
0.58821875
0.6964565
0.56427133
0.66794777
0.020159759
0.034507826
0.82026535
0.91427714
0.71200794
0.7391956
0.6824385
0.9542673
0.8744673
0.9700718
0.81650335
0.5956425
0.83923054
0.62947917
0.7804486
0.6150372
0.83917695
0.41335773
0.9006015
0.859228
0.85561365
0.7957291
0.72533107
0.9153255
0.87498564
0.87757146
0.23583688
0.8760315
0.7183633
0.8308976
0.88822985
0.62759256
0.82248926
0.96800774
0.8239945
0.91291386
0.932225
0.83781314
0.9273019
0.8999982
0.7320044
0.80269676
0.25418603
0.57165986
0.8299865
0.8946725
0.88606197
0.68338645
0.5820344
0.82835126
0.62924725
0.8300072
0.87752295
0.5234096
0.34799072
0.94122183
0.8571833
0.8785158
0.67952466
0.8119223
0.78249115
0.7541398
0.8547416
0.8720252
0.8979707
0.9222953
0.381605
0.94682443
0.19941367
0.9213811
0.7714509
0.9340852
0.85475284
0.47410524
0.62830144
0.926659
0.8155779
0.662935
0.90093523
0.69333774
0.81702703
0.90608525
0.9083028
0.8222113
0.413135
0.83433646
0.7526682
0.7693226
0.8998274
0.90326244
0.895687
0.7955094
0.82858026
0.7993381
0.71847653
0.6970794
0.031934734
0.83650964
0.7286284
0.788267
0.940152
0.5538105
0.94257766
0.8701703
0.49214417
0.36417833
0.8344356
0.5697009
0.7850146
0.82315063
0.83879477
0.8810665
0.09231653
0.8392965
0.75109667
0.91759205
0.629311
0.82829374
0.4336086
0.67505956
0.9529407
0.753729
0.41454074
0.8153677
0.91680324
0.7303284
0.4928956
0.8589144
0.86358917
0.93068683
0.7577103
0.09072862
0.7573073
0.38730103
0.8429806
0.9215702
0.7098409
0.36807543
0.86650306
0.80402255
0.87676525
0.77901596
0.6361138
0.017706782
0.8717011
0.8545093
0.6134191
0.9001316
0.65677285
0.8406774
0.043082513
0.80402124
0.9364567
0.93242407
0.11440227
0.7962245
0.6357961
0.80379045
0.47706723
0.84339744
0.10010014
0.84615326
0.88876927
0.020693503
0.39960772
0.101228
0.91763324
0.927006
0.8420476
0.8466044
0.46289304
0.91227627
0.15923917
0.90715504
0.95129895
0.8745332
0.67445016
0.9278727
0.9297338
0.7043694
0.8486179
0.75597984
0.87104565
0.9613826
0.8299197
0.7608568
0.7688004
0.9034137
0.8348818
0.6298841
0.56052846
0.8385038
0.64055854
0.93483335
0.8175177
0.6780166
0.95946634
0.92633396
0.77912873
0.03766411
0.89522576
0.86882406
0.60632867
0.7450336
0.61858916
0.9002302
0.93117946
0.89926004
0.33136857
0.916817
0.78723735
0.8943535
0.029589701
0.4849805
0.9428228
0.85445815
0.8459741
0.95960385
0.1676993
0.84799105
0.8762883
0.8347386
0.5852861
0.8576957
0.5676926
0.9008131
0.7714303
0.86072916
0.81631184
0.89157194
0.9487097
0.91111326
0.56259
0.007294518
0.70807534
0.9141745
0.82417494
0.64090514
0.6120411
0.86358786
0.83122355
0.9347803
0.5467474
0.9125269
0.9190803
0.84919727
0.857071
0.69085056
0.7989199
0.68363637
0.8123598
0.92304397
0.35727262
0.8689888
0.7870186
0.121268906
0.7551849
0.81321657
0.8608598
0.7864764
0.8818784
0.8125755
0.6541923
0.90550774
0.5057384
0.93535703
0.39963502
0.91702163
0.6103401
0.7441869
0.8024639
0.39983565
0.4788406
0.916864
0.008860623
0.93941456
0.8761266
0.8850969
0.902687
0.041534945
0.9214571
0.8130888
0.9288928
0.94265497
0.8921581
0.9249796
0.76221067
0.8140621
0.5882988
0.9007827
0.48265716
0.8209199
0.8857907
0.9320352
0.57165164
0.8675201
0.5985669
0.9252042
0.89571774
0.8375107
0.83692515
0.9047879
0.73745394
0.840412
0.7387146
0.81695634
0.922017
0.6097925
0.45797718
0.92859465
0.9631592
0.9592704
0.5194652
0.9610641
0.73866594
0.8633388
0.87521136
0.7059628
0.8171856
0.33481085
0.49567068
0.7018261
0.79056334
0.9089086
0.8614069
0.76824635
0.88392293
0.9208489
0.8311963
0.9176364
0.062140573
0.6658117
0.9054494
0.8051002
0.8104505
0.9607649
0.791863
0.6661258
0.7560345
0.8166889
0.80198026
0.18459696
0.7203665
0.7997756
0.7565261
0.9037105
0.038014054
0.8620181
0.8639842
0.8559748
0.9674038
0.6850062
0.81231314
0.43593472
0.40635312
0.973203
0.2733193
0.6950407
0.9397039
0.9464878
0.74875283
0.9088691
0.73073375
0.38887405
0.86502576
0.06821563
0.90002054
0.8928166
0.2909574
0.8405794
0.8081167
0.015938353
0.8792301
0.020442216
0.8188249
0.9276225
0.0151689835
0.8332052
0.6287035
0.22080597
0.69671786
0.21990936
0.7967988
0.8833059
0.4912229
0.7965152
0.81011957
0.60404617
0.88735795
0.8313704
0.8737236
0.7903751
0.84718376
0.89372575
0.7557048
0.64074486
0.69100314
0.7165046
0.71608794
0.8706605
0.88895047
0.9384308
0.9138639
0.06222773
0.8586275
0.81184244
0.072247826
0.5715093
0.74368954
0.9375863
0.5052339
0.65638846
0.5975801
0.89418054
0.7883128
0.7732921
0.5740745
0.020192228
0.7863834
0.86133087
0.70159066
0.0018295003
0.8546431
0.8969669
0.8292724
0.93883467
0.93833756
0.0028305328
0.9367142
0.9029855
0.8739625
0.8416893
0.90945286
0.8543551
0.84973335
0.86104935
0.62118244
0.8988763
0.4827401
0.72730255
0.9619876
0.42294344
0.8068238
0.61343485
0.052628547
0.8921544
0.73592967
0.82738894
0.89919275
0.8332288
0.8282255
0.81195986
0.12441528
0.90599394
0.8308351
0.72315603
0.868529
0.84565175
0.5986572
0.33345643
0.926848
0.92630976
0.9168532
0.9105431
0.70749265
0.003442143
0.84943354
0.9218401
0.59511393
0.039649546
0.93477046
0.8810095
0.92500013
0.76034534
0.6058103
0.73927563
0.9635505
0.95058966
0.88048714
0.9001035
0.7957833
0.8166515
0.56272626
0.9447038
0.62496305
0.8710982
0.8675135
0.8968148
0.7338435
0.888885
0.8784227
0.89831674
0.38976288
0.7776887
0.042420186
0.90641797
0.7733389
0.7643453
0.78616107
0.4250042
0.036533386
0.8514186
0.55210966
0.9667102
0.80621463
0.6139542
0.91297996
0.88034666
0.3085276
0.8592057
0.4199401
0.8397528
0.714827
0.837341
0.6305647
0.8803893
0.801449
0.91814715
0.8436653
0.058157545
0.8284452
0.0024104053
0.87263274
0.9080874
0.32781905
0.76509255
0.22706413
0.25800294
0.90255445
0.8995668
0.74644524
0.116709314
0.7825151
0.6713008
0.83476305
0.775872
0.8378552
0.8659635
0.86457074
0.6434678
0.69531846
0.61249775
0.5758314
0.37356246
0.9457341
0.83000124
0.84983414
0.87504196
0.9029584
0.0278476
0.7289741
0.8824096
0.8062506
0.84182435
0.7723106
0.8193903
0.8810309
0.793535
0.81595254
0.9525134
0.46833953
0.8291628
0.76360047
0.9670927
0.8034948
0.930169
0.88778067
0.84685993
0.96834695
0.6728019
0.86374223
0.7317367
0.75361985
0.96650016
0.6104027
0.9195828
0.7036773
0.8813063
0.59374577
0.86636144
0.68116957
0.030153928
0.849582
0.8360188
0.73027617
0.84713733
0.914539
0.90447056
0.16951825
0.9141656
0.8552914
0.173527
0.6411339
0.8742291
0.78246105
0.7821302
0.85280013
0.7743987
0.7710613
0.86890733
0.48915583
0.185563
0.7053838
0.54815483
0.033086184
0.5607489
0.7966676
0.69998443
0.50816715
0.92850834
0.48992327
0.6123841
0.88173985
0.83548915
0.62994415
0.42318863
0.04457636
0.6946142
0.8800926
0.88273484
0.90026927
0.86822474
0.86609846
0.7488496
0.89821917
0.8097225
0.6639333
0.7434554
0.71493554
0.9540052
0.7537987
0.7432077
0.51538324
0.12949309
0.009770516
0.91371536
0.8038604
0.7131537
0.64270616
0.89952886
0.76356804
0.8881918
0.7188535
0.03768427
0.039693348
0.81248957
0.79435503
0.61962104
0.6088829
0.8089403
0.020910146
0.80599034
0.8393226
0.82551616
0.61704576
0.8605027
0.8584944
0.9009123
0.22779883
0.93287957
0.018476415
0.85780764
0.9092683
0.81323105
0.02784521
0.011157014
0.88871884
0.765489
0.94565403
0.8412641
0.77195317
0.59131175
0.9456297
0.89814377
0.73771214
0.82359487
0.90783596
0.8806313
0.9121753
0.8152964
0.8440798
0.88714504
0.48953605
0.8921186
0.86040115
0.9079713
0.64189047
0.8094044
0.63819265
0.8127965
0.8204178
0.7722459
0.8605375
0.8898909
0.80351716
0.9233378
0.80615586
0.8985844
0.7099457
0.6771831
0.84977967
0.90178156
0.33388084
0.90387815
0.8121872
0.30864608
0.85885155
0.8763836
0.82564133
0.746259
0.68955564
0.3071724
0.5562088
0.87119585
0.07808616
0.86439884
0.43752897
0.85862595
0.6603182
0.82908916
0.8904219
0.07561286
0.85304356
0.20378646
0.50504464
0.92138296
0.90303636
0.85295224
0.7626997
0.9092022
0.8544856
0.4458778
0.93513393
0.89690197
0.8293533
0.9459769
0.6762223
0.94007283
0.2649457
0.94830877
0.80810714
0.88413286
0.8926466
0.3736292
0.639122
0.88800913
0.8573056
0.87187064
0.664735
0.5486864
0.970615
0.82894564
0.8016507
0.851843
0.86225116
0.829045
0.61850107
0.9380131
0.88102055
0.65255296
0.6042144
0.87481415
0.38511497
0.83830965
0.30125034
0.89307666
0.79857
0.872767
0.11578381
0.8651475
0.9633117
0.024532922
0.39930412
0.7471959
0.9272045
0.9178812
0.75725055
0.69073
0.88463825
0.608078
0.79632276
0.7742466
0.6840493
0.8288583
0.5795864
0.9469695
0.5883957
0.8318637
0.02100532
0.8149336
0.763936
0.91922086
0.65828955
0.9055657
0.89447576
0.92016435
0.78681487
0.83338475
0.6976683
0.13794982
0.89137024
0.7544047
0.7233554
0.5932827
0.3760753
0.6839578
0.79725534
0.9274281
0.5157244
0.6099488
0.83952016
0.6700337
0.43833837
0.8829432
0.5918918
0.35646015
0.58065236
0.6263214
0.43511352
0.7177394
0.8103429
0.73445415
0.81350833
0.8621359
0.63812137
0.5723742
0.5225275
0.9305161
0.92948824
0.6355113
0.8973913
0.8115772
0.8567184
0.6932246
0.5899006
0.7495685
0.9720637
0.93437123
0.71796185
0.73703283
0.66636693
0.8083653
0.6897515
0.70976204
0.7527147
0.5822
0.964507
0.83894795
0.7652497
0.95418894
0.6121947
0.7842444
0.34922096
0.7071004
0.7153651
0.21234548
0.8611537
0.9259136
0.39775872
0.57520574
0.87033653
0.73903376
0.75142837
0.84888643
0.91574526
0.39226547
0.8906263
0.6933479
0.81008554
0.35009181
0.650514
0.79225177
0.8947346
0.69710183
0.7769864
0.119170696
0.96200633
0.5804867
0.36758068
0.92335564
0.7621486
0.85396737
0.88215023
0.7954094
0.8222145
0.8519413
0.0056190244
0.88590175
0.59716964
0.6917484
0.7763118
0.0063011893
0.9229532
0.699003
0.8388252
0.6824673
0.9097144
0.9378244
0.8488903
0.8873137
0.96316326
0.92254496
0.6942485
0.72760314
0.9555104
0.7089311
0.7804798
0.880751
0.943815
0.90046084
0.5594569
0.7345573
0.7851362
0.05089395
0.8770474
0.7982436
0.76973015
0.069266684
0.67807657
0.8798812
0.8616432
0.2476733
0.8876722
0.84402144
0.5481852
0.8382646
0.09170168
0.5808252
0.005228663
0.6361821
0.6489184
0.044203866
0.8272517
0.7950849
0.7928309
0.91175497
0.011482999
0.85410684
0.7574993
0.84937036
0.8600902
0.93234295
0.6814771
0.67883384
0.8127447
0.03469
0.95320475
0.93791014
0.42006308
0.57215214
0.92177796
0.8910437
0.55991435
0.06065186
0.8119397
0.6134707
0.5698104
0.39860988
0.60588455
0.6797378
0.87328446
0.33789468
0.7337756
0.87992716
0.88999164
0.85963964
0.5263229
0.89693934
0.71575856
0.8766199
0.5956409
0.8103896
0.70302284
0.13559622
0.28687745
0.15056431
0.745266
0.91638947
0.4562206
0.87249273
0.744334
0.7322879
0.86193234
0.9235256
0.71017945
0.83835614
0.8891806
0.9056132
0.74635136
0.67323583
0.8236995
0.94108254
0.90941465
0.81087744
0.91816896
0.89451426
0.8485766
0.030566616
0.788682
0.8766834
0.8304696
0.049989257
0.53281534
0.8089526
0.49588117
0.94153184
0.9238978
0.5489814
0.87686455
0.5076307
0.056466565
0.8413306
0.8705791
0.8865371
0.7093904
0.8807764
0.52619946
0.025966952
0.60247874
0.7414483
0.8147634
0.60456806
0.89151216
0.8647445
0.75110507
0.7859288
0.29333365
0.9472574
0.8060137
0.5739988
0.12576659
0.8662413
0.56434065
0.8091724
0.24190988
0.045757882
0.9346225
0.7868744
0.88328266
0.6122449
0.80441856
0.7931121
0.9476711
0.6144679
0.5964947
0.18438375
0.65812206
0.8949717
0.87847126
0.94578075
0.94977486
0.8713783
0.9099429
0.92241734
0.7889208
0.08184482
0.9106117
0.89364
0.70727205
0.88054705
0.1180875
0.8664943
0.9163889
0.5122139
0.93714345
0.95184004
0.7817514
0.7544195
0.5286078
0.45075113
0.491408
0.76023906
0.52551925
0.63550204
0.92334944
0.87804806
0.8300798
0.72800225
0.69277924
0.87902105
0.8899148
0.9410174
0.31485242
0.16392031
0.8773005
0.552356
0.79988694
0.8268824
0.81309754
0.8088513
0.8753203
0.96801746
0.8330476
0.825189
0.40038085
0.68150324
0.46340242
0.8832454
0.9009146
0.922963
0.86504006
0.89062965
0.9005789
0.90178406
0.8486686
0.94844806
0.49992913
0.8828199
0.84723353
0.7622606
0.11674458
0.67100555
0.9571689
0.94335514
0.85713625
0.7946419
0.64960045
0.9430064
0.69903725
0.04964266
0.00087672425
0.06157043
0.7769604
0.8235628
0.7453311
0.4686095
0.88684976
0.79033077
0.8353728
0.95080125
0.040903915
0.78358316
0.896776
0.16698125
0.8340993
0.8613186
0.35662022
0.8456328
0.7916391
0.7516451
0.8768759
0.905236
0.6993485
0.91190445
0.6379963
0.87688446
0.7941576
0.90711343
0.69245934
0.94648284
0.8065784
0.45808658
0.7759888
0.9467858
0.87584805
0.8673264
0.47187668
0.71936643
0.65411335
0.9256644
0.93920505
0.93552613
0.13878004
0.15740085
0.6037606
0.035372876
0.8393198
0.58461094
0.27982712
0.9721242
0.8892683
0.9206892
0.8495948
0.54825276
0.8865918
0.7539793
0.5108359
0.803547
0.86685073
0.48695087
0.5153346
0.7731846
0.0026392918
0.9491926
0.9084512
0.56878287
0.7784543
0.79408705
0.18581662
0.8120253
0.49860463
0.61771333
0.76236737
0.11499691
0.031911455
0.93867725
0.9263145
0.8918234
0.9413257
0.76374036
0.66771126
0.0030619875
0.59603435
0.8393351
0.039864875
0.007643367
0.8741227
0.41994184
0.86319023
0.9366851
0.8608962
0.06542723
0.7730677
0.87376255
0.060914453
0.88015145
0.6560507
0.76038206
0.9356497
0.9093852
0.8854035
0.72098374
0.86977303
0.6678541
0.6910779
0.93566585
0.7662502
0.089890316
0.486052
0.76620525
0.033016995
0.97791475
0.8354286
0.5451999
0.7396166
0.8052399
0.8988565
0.85047346
0.061192837
0.858232
0.83214086
0.6901159
0.85862386
0.96009785
0.85519004
0.03823959
0.6310901
0.031206565
0.908783
0.8695116
0.053008337
0.85458887
0.8065235
0.8074974
0.8385356
0.9462905
0.9068895
0.64306104
0.6933023
0.2992778
0.8164242
0.062433794
0.68959385
0.8768311
0.43524063
0.8941207
0.87066424
0.81180656
0.4316781
0.8867193
0.81118417
0.8863048
0.81073403
0.22220132
0.5708262
0.92590076
0.9203128
0.8810872
0.58932686
0.7259138
0.823596
0.8518785
0.7893006
0.88587487
0.90865314
0.85216755
0.83748585
0.6670193
0.9462984
0.74113774
0.44637838
0.81919855
0.6859023
0.33248004
0.58217025
0.806705
0.9056693
0.060226984
0.75765085
0.6868283
0.6203099
0.93389106
0.62219876
0.82179946
0.7482675
0.90085346
0.320553
0.03769881
0.8782728
0.67317796
0.84541637
0.80057275
0.8942237
0.73169464
0.53975636
0.9498958
0.44517958
0.4250077
0.81135404
0.78631663
0.9213116
0.88096076
0.6687202
0.8390625
0.90193963
0.93219286
0.017306771
0.76685303
0.08207445
0.42039353
0.8810798
0.9248643
0.57067424
0.78606033
0.55969673
0.84058785
0.8193303
0.73194176
0.91723526
0.89498115
0.75740993
0.9187031
0.76615703
0.93490326
0.63564825
0.91955656
0.026978508
0.9300323
0.57578665
0.8391776
0.89728045
0.80298257
0.93952924
0.896865
0.8823755
0.93457294
0.8699773
0.5650584
0.6964953
0.9186518
0.9288705
0.01014626
0.6909997
0.8870887
0.77679724
0.71650517
0.86447614
0.63098574
0.75211304
0.9334663
0.76584715
0.8832493
0.85066015
0.5791542
0.54909873
0.83922994
0.4924657
0.72555935
0.6453855
0.041944847
0.7615836
0.6596886
0.89298177
0.8247588
0.64832276
0.8534061
0.65602094
0.80246246
0.7854007
0.6405991
0.8316591
0.72793007
0.886636
0.76716566
0.67568755
0.936794
0.7006469
0.92558205
0.47783536
0.8798707
0.8717733
0.9423025
0.91177166
0.50993025
0.8292398
0.91140616
0.9372284
0.5990655
0.8732498
0.60637605
0.7829247
0.60536677
0.8597891
0.71690995
0.74221444
0.6818949
0.60488963
0.86691296
0.9135178
0.89164186
0.84468335
0.7656872
0.8831469
0.7848027
0.6120744
0.7641953
0.51464176
0.6229784
0.69131064
0.865335
0.50673705
0.81233627
0.011773845
0.9252618
0.89458656
0.89077646
0.2794163
0.9186044
0.8648021
0.026430361
0.8870961
0.93158203
0.90528786
0.8297294
0.067750566
0.6780666
0.06106988
0.8304763
0.09131733
0.94558036
0.86757505
0.95778257
0.93845266
0.8888578
0.8048404
0.7657213
0.5646858
0.92355096
0.8378667
0.8219273
0.91428846
0.8453234
0.85817647
0.4483306
0.8189206
0.72443366
0.7013921
0.9563799
0.7109046
0.9005495
0.6880293
0.08338232
0.59579456
0.79855
0.8284083
0.78164023
0.933872
0.15090726
0.82708836
0.7101029
0.8691637
0.7416681
0.4629768
0.82911724
0.5297616
0.8648861
0.039577033
0.84516263
0.49093658
0.78981626
0.012677685
0.9229084
0.6267585
0.8662668
0.8626397
0.63976467
0.9478482
0.8560734
0.93969595
0.78730917
0.91294575
0.70138866
0.84785086
0.9014612
0.8438089
0.826793
0.90011156
0.90204096
0.6889685
0.88490474
0.88022375
0.78266096
0.7908701
0.91624033
0.7810888
0.81614983
0.4308592
0.8664968
0.39857203
0.9580565
0.57515705
0.41825396
0.3569184
0.78292274
0.31247073
0.735555
0.8910119
0.73424095
0.86012626
0.94531983
0.9154278
0.8478401
0.24150454
0.8138054
0.8304798
0.6401881
0.7984847
0.6022219
0.7011464
0.7355769
0.80434966
0.276045
0.8309641
0.89583635
0.32100564
0.3469936
0.5764505
0.835011
0.71751285
0.88543147
0.20437178
0.89376944
0.9042542
0.91828513
0.07065284
0.6023262
0.9120623
0.57858723
0.21318217
0.55426323
0.7844045
0.6186257
0.77935976
0.68592596
0.68916476
0.85766375
0.74672306
0.7898854
0.90140367
0.54890406
0.8884113
0.93204814
0.5122595
0.83898914
0.6448678
0.8345171
0.41679856
0.9243684
0.7255328
0.85606456
0.14496364
0.9303513
0.5681764
0.85006964
0.8369105
0.20650414
0.07218439
0.8250182
0.36738154
0.92512417
0.77898663
0.8949207
0.6804251
0.8824446
0.47913
0.79758275
0.8764907
0.8423556
0.8453987
0.0749032
0.77294123
0.5794221
0.06290673
0.8990616
0.87464243
0.69972867
0.89429075
0.0052359626
0.5485401
0.7894688
0.5955379
0.9619384
0.2261363
0.80913997
0.9046908
0.9190192
0.9039353
0.7177515
0.8351178
0.8019493
0.79017544
0.9123466
0.56554526
0.8323312
0.54925996
0.89894277
0.70356095
0.8354814
0.8069544
0.67061347
0.0031922366
0.8325718
0.20392197
0.35152966
0.8597347
0.8781583
0.77910686
0.94513154
0.15672477
0.88655496
0.6066842
0.8948874
0.82218957
0.846468
0.64872825
0.7615892
0.18737753
0.013708169
0.022664294
0.75212723
0.81413215
0.7799237
0.796517
0.06182874
0.83430624
0.6296132
0.8366848
0.899095
0.91650057
0.117117845
0.7637332
0.029182343
0.9302946
0.6609421
0.68228626
0.8296897
0.922887
0.59697884
0.93318176
0.8971034
0.061999515
0.8537848
0.71421695
0.6978294
0.70704937
0.6999584
0.9023963
0.04996209
0.82381785
0.81256115
0.9398609
0.0380565
0.035738766
0.9467818
0.70819825
0.90990084
0.8939275
0.83894116
0.89442724
0.6390084
0.9073622
0.63988405
0.84295905
0.8795042
0.7192759
0.6401731
0.1754561
0.79270077
0.6245141
0.22013772
0.039471988
0.76170427
0.71036524
0.69504
0.9530115
0.6830442
0.8268822
0.0016230841
0.7066515
0.10108626
0.8645549
0.07038851
0.53719825
0.7231049
0.8567889
0.94558567
0.61754763
0.91483855
0.7951657
0.9163551
0.91540813
0.8047855
0.72043693
0.84844583
0.7647282
0.82984805
0.8162582
0.8142918
0.7490336
0.40919986
0.5166593
0.83186513
0.6565975
0.7594803
0.9039066
0.97814703
0.9010938
0.93230283
0.95115954
0.9034718
0.05467526
0.055269916
0.7896337
0.8905525
0.742389
0.8561692
0.8715654
0.027297903
0.8024233
0.5307958
0.62920725
0.8448652
0.92206305
0.9154826
0.8738386
0.74313086
0.6192951
0.7456126
0.6649183
0.7869489
0.8910474
0.45078534
0.48956847
0.746314
0.85343313
0.62928116
0.8085559
0.8489044
0.5757837
0.8405851
0.7885703
0.8310746
0.88779896
0.8933805
0.94907314
0.8626163
0.6557266
0.9436003
0.43675333
0.69668996
0.03245161
0.95036274
0.7486122
0.8735661
0.121783145
0.8720827
0.71367836
0.90516466
0.7254433
0.87587
0.7940082
0.7695115
0.90886265
0.753889
0.7889146
0.95241904
0.7085744
0.84997207
0.7098808
0.8057282
0.7670698
0.068628326
0.9219688
0.79772294
0.76510274
0.89041436
0.590967
0.8857333
0.8257705
0.8232371
0.71541274
0.89816403
0.85875165
0.80260146
0.061868347
0.83652604
0.8920771
0.95249856
0.5073945
0.9073663
0.6331563
0.8869617
0.77832425
0.8117921
0.827304
0.6704494
0.72098976
0.9457225
0.8603344
0.87551016
0.6676088
0.4367479
0.8888049
0.8639451
0.9431874
0.8091659
0.53237194
0.89914864
0.9376591
0.81787467
0.6880021
0.58370954
0.55892706
0.8414053
0.8495541
0.06649856
0.02418163
0.7813638
0.04044643
0.90346974
0.34512913
0.6355101
0.76259047
0.5053546
0.851708
0.8948332
0.764512
0.76410735
0.94021225
0.6184173
0.9127786
0.22462769
0.8847434
0.87343943
0.82899606
0.9252302
0.8346221
0.78583676
0.77811116
0.8790245
0.8817362
0.84465724
0.8334385
0.28142804
0.035856128
0.58888274
0.84077495
0.91108245
0.86330456
0.8723637
0.89789486
0.91087455
0.75758207
0.8411674
0.026734898
0.82810444
0.9497464
0.84380835
0.529172
0.6308224
0.7414726
0.7702053
0.706966
0.26549923
0.5888165
0.83796906
0.36728346
0.03904678
0.56274176
0.7716061
0.64591414
0.66950274
0.53664017
0.85447824
0.51401615
0.00026741857
0.5796362
0.75954956
0.88503516
0.71726537
0.8699062
0.95013535
0.07137102
0.67831886
0.39288384
0.79845697
0.94062364
0.02791823
0.74949414
0.93463993
0.7702052
0.6777077
0.79499274
0.76987296
0.735306
0.8166967
0.7750962
0.6778228
0.8590283
0.54155844
0.8124861
0.7704469
0.4741666
0.74818003
0.6884609
0.7486069
0.919264
0.7646549
0.79042
0.85255456
0.76885724
0.90861803
0.88849354
0.7697873
0.86058515
0.78980964
0.86643195
0.73625946
0.91306156
0.015700644
0.36208344
0.85923815
0.69476116
0.84075785
0.48994127
0.85338587
0.6670708
0.54562616
0.63518214
0.060634308
0.32722878
0.36267492
0.76761806
0.81136286
0.5185401
0.89301986
0.8886581
0.5955957
0.73896325
0.94431376
0.57374465
0.90365684
0.82787097
0.8495974
0.8919022
0.9182351
0.51082075
0.90325266
0.88447875
0.91714895
0.85219276
0.9226143
0.833673
0.8023174
0.85592085
0.9169358
0.95010096
0.9427336
0.47730875
0.7752776
0.88442534
0.8268194
0.93872803
0.39950198
0.85065097
0.186202
0.024366148
0.8050552
0.8438353
0.90980756
0.9200428
0.84982663
0.83449054
0.6910061
0.9350368
0.94428277
0.9286572
0.7993174
0.45765698
0.90489906
0.6924296
0.88707596
0.64670885
0.9416721
0.70744836
0.97360235
0.78142256
0.90284646
0.6076174
0.9036215
0.84904295
0.87288016
0.5741174
0.71298945
0.5142173
0.37360406
0.7693232
0.0889152
0.3874094
0.7819389
0.93318045
0.87026495
0.6535901
0.69011235
0.8489812
0.9715271
0.948304
0.8464919
0.9194142
0.22336227
0.6292631
0.19276121
0.7785107
0.7138427
0.95597064
0.089500815
0.68745553
0.82555985
0.5720881
0.8309437
0.61183053
0.5809876
0.5311593
0.7364486
0.8728154
0.69284993
0.8098151
0.6629894
0.6759364
0.821618
0.080627516
0.7267693
0.013877913
0.8711347
0.5708208
0.8281158
0.37689742
0.9613286
0.0636902
0.9219495
0.101924285
0.79202145
0.61846656
0.7778461
0.02111261
0.5632753
0.880388
0.07317132
0.8486013
0.7964601
0.64297044
0.061555013
0.13358787
0.7994267
0.96490073
0.8848666
0.8909389
0.45125926
0.8691968
0.87817
0.897206
0.8804737
0.4778021
0.37126273
0.9137956
0.7176572
0.8361724
0.0064007025
0.70670253
0.920058
0.8118891
0.6565554
0.6445183
0.7570207
0.8337954
0.62489057
0.9580715
0.8380424
0.22718246
0.79323447
0.9245306
0.4075549
0.8679246
0.84041536
0.25393778
0.79373854
0.9179074
0.3724019
0.7906668
0.8537042
0.68210024
0.8340268
0.85966706
0.7032478
0.86427695
0.03934487
0.91159654
0.9032477
0.87740165
0.13461205
0.88532376
0.8605949
0.35272837
0.6429179
0.38356557
0.3687542
0.28072992
0.9241216
0.6478884
0.043801486
0.92152405
0.033044674
0.9413088
0.6638543
0.30029094
0.89063156
0.9109544
0.79846513
0.7913928
0.6499366
0.89173645
0.7712217
0.8696905
0.9042331
0.68609035
0.9456188
0.835006
0.8191053
0.9043217
0.5910836
0.8550892
0.40006334
0.5796533
0.9172889
0.83992153
0.6131862
0.30648383
0.039240442
0.92670757
0.92399246
0.8385488
0.6075292
0.93010646
0.930817
0.81243557
0.80350703
0.80816066
0.8025092
0.88701946
0.8086176
0.7586842
0.8909799
0.5986325
0.89436924
0.857754
0.65493834
0.7118524
0.858958
0.89592695
0.9170392
0.9298819
0.7760423
0.9134104
0.8522339
0.43808836
0.7942526
0.8840411
0.62241054
0.7954922
0.4229413
0.7963292
0.92623734
0.9366951
0.8917244
0.89164174
0.9032144
0.8408624
0.86922413
0.7999629
0.9437959
0.87824166
0.8492291
0.9086578
0.92337346
0.37247214
0.8167106
0.8724407
0.80231255
0.87864923
0.87495357
0.9007077
0.7543393
0.6675158
0.50604653
0.6736468
0.38650364
0.48617423
0.83488953
0.6351801
0.013616383
0.83104396
0.061009012
0.36024764
0.8820223
0.48796192
0.87256753
0.54845154
0.6370444
0.92461663
0.7811989
0.77822256
0.6997655
0.91072226
0.31546128
0.53548646
0.93879575
0.68832016
0.92653036
0.55121374
0.87669027
0.90059257
0.2214418
0.8803175
0.9535371
0.8119844
0.9172198
0.40964824
0.80370057
0.9105555
0.7061745
0.6740669
0.8193234
0.8268862
0.78439736
0.4578994
0.8656184
0.6208434
0.8857458
0.034489274
0.88082933
0.8517717
0.0032507675
0.9319096
0.7723242
0.542447
0.7677266
0.82083136
0.68302214
0.035858877
0.9202547
0.93403256
0.2849279
0.3675012
0.07179048
0.88667977
0.7662996
0.37073207
0.72590697
0.76504576
0.8064831
0.25441203
0.21284434
0.57655346
0.9175703
0.8685213
0.9540992
0.3041521
0.72519904
0.82762784
0.025504239
0.7772786
0.8700601
0.9364853
0.84626555
0.7391199
0.70778704
0.8364938
0.8795589
0.9608966
0.040002204
0.3242972
0.752787
0.8097908
0.9421793
0.737028
0.75702304
0.6961864
0.85238355
0.6751675
0.71127033
0.8287576
0.9222907
0.9298747
0.4801786
0.61677396
0.90799534
0.8536476
0.8013874
0.28435948
0.33822456
0.856605
0.94401455
0.5664501
0.87050927
0.9076058
0.8441447
0.9114168
0.7263938
0.8668928
0.80098087
0.6501368
0.85643744
0.80463725
0.87344015
0.7268636
0.88235515
0.88543737
0.854347
0.42996672
0.82366073
0.79806405
0.7296954
0.13201918
0.9382589
0.87141246
0.8278781
0.7798139
0.77375245
0.743766
0.11610366
0.83760023
0.77722156
0.91739583
0.6224423
0.87016165
0.52206784
0.84246725
0.8805518
0.8073236
0.74459827
0.7928311
0.18891925
0.69292706
0.8943765
0.3011164
0.8966125
0.60642654
0.015285123
0.69144535
0.7965867
0.64427334
0.8633436
0.22526182
0.055169787
0.8528287
0.51344347
0.07496391
0.6512177
0.77576745
0.10130753
0.8522601
0.8844363
0.47574738
0.5725881
0.937846
0.7912118
0.05350702
0.7677863
0.84019285
0.95607686
0.9365888
0.720993
0.66091377
0.9265596
0.6099103
0.8282074
0.912411
0.07045021
0.7992743
0.52124995
0.6099482
0.9132458
0.81817126
0.8398403
0.89203393
0.93422043
0.8781857
0.8914006
0.9106022
0.89233553
0.7311256
0.5936361
0.51933974
0.08103483
0.552403
0.9264531
0.8385998
0.96079713
0.70116544
0.90854716
0.8434328
0.7761126
0.8450711
0.81342345
0.7879677
0.84383434
0.36655337
0.8029182
0.8834735
0.93950915
0.79581964
0.26911843
0.35573336
0.90688074
0.87768495
0.6727373
0.7224684
0.919313
0.61390257
0.8616731
0.6872504
0.70306534
0.7547074
0.80182594
0.40845335
0.03727957
0.37834907
0.890469
0.9332627
0.77647644
0.51059055
0.7845229
0.8187909
0.74665266
0.71728545
0.9579954
0.66788656
0.89852566
0.8434406
0.88885945
0.83131164
0.39765003
0.93478566
0.5331597
0.76832867
0.17902756
0.7898845
0.7326505
0.8803966
0.78389674
0.92556965
0.8592255
0.827389
0.908368
0.6925205
0.765468
0.59514254
0.8523181
0.90104777
0.79065394
0.7322202
0.6689333
0.913539
0.8346252
0.8477087
0.86254543
0.74608916
0.043455787
0.71974945
0.88551456
0.034884088
0.7971231
0.5040127
0.82317376
0.40491736
0.2779345
0.21882294
0.8555988
0.8024202
0.91774976
0.7207773
0.8085779
0.46426943
0.89982766
0.2109791
0.8610398
0.13614352
0.66596884
0.83979714
0.7312535
0.5127828
0.8886117
0.39663848
0.63607216
0.79772604
0.2543318
0.726941
0.9132229
0.19332103
0.8580985
0.71098673
0.22159085
0.889305
0.89103174
0.79281837
0.9366165
0.107134834
0.9900477
0.9323448
0.77717775
0.01299011
0.90548956
0.7785641
0.87699854
0.86413366
0.82143843
0.5185923
0.8624191
0.7616406
0.8877108
0.6790842
0.70187616
0.8370609
0.62413406
0.90079445
0.061225135
0.27846056
0.79657876
0.7073087
0.76942796
0.74515265
0.92492485
0.6797134
0.10044437
0.7156592
0.54785526
0.7738438
0.13711996
0.6051156
0.82153016
0.44381613
0.92847264
0.8999004
0.8376092
0.8574389
0.81991804
0.36560622
0.84028286
0.6936421
0.88011885
0.77874845
0.6663004
0.64757204
0.8441372
0.072545625
0.7525162
0.52363724
0.93116474
0.0028203577
0.9223324
0.70226264
0.7723553
0.4319139
0.926968
0.4739445
0.9494804
0.050544415
0.6671223
0.92738646
0.04112203
0.593595
0.83418345
0.79821527
0.87837803
0.8760082
0.9002538
0.42265606
0.08399896
0.9496614
0.36326373
0.9108061
0.5087705
0.6274318
0.8333994
0.7755564
0.87264764
0.8110709
0.9250156
0.9443272
0.30959347
0.54519683
0.9196808
0.8777073
0.7974015
0.01718866
0.90408903
0.8793227
0.68414056
0.6373362
0.82505
0.8346202
0.12036766
0.42406705
0.53642315
0.7233583
0.90564007
0.7573898
0.7448067
0.70180404
0.95221746
0.8465916
0.9365821
0.91352826
0.90767175
0.94662845
0.028781785
0.4547906
0.8951631
0.63356674
0.77813315
0.8494774
0.7718072
0.6213809
0.72195405
0.7289273
0.8478435
0.844404
0.81472474
0.072643325
0.86017853
0.428957
0.8667341
0.3217005
0.8956987
0.87550884
0.3821054
0.9456885
0.01130774
0.49213147
0.19539571
0.8683334
0.7644387
0.6983887
0.8879322
0.906674
0.008908436
0.3773673
0.8254363
0.8504737
0.8627826
0.004114367
0.63351846
0.6237892
0.6722415
0.8577812
0.8197388
0.83829814
0.86817783
0.82616735
0.8706109
0.8228133
0.8252598
0.7990329
0.84201133
0.91888857
0.89695543
0.8965547
0.8035768
0.84507036
0.518794
0.630344
0.75233024
0.648997
0.9280994
0.9212631
0.84559757
0.6421869
0.9614181
0.8582259
0.8458333
0.75153863
0.6383368
0.9475828
0.9228952
0.40406948
0.8510279
0.9028302
0.7556621
0.0055789184
0.48759693
0.3960855
0.0172382
0.83214337
0.8765145
0.7449653
0.7480779
0.63886064
0.29806763
0.788237
0.9069918
0.94598806
0.24969567
0.7995136
0.121262744
0.8824373
0.7808167
0.8485184
0.84326166
0.90293413
0.46189538
0.88069594
0.9411437
0.78891915
0.5561653
0.8827425
0.6628738
0.60954595
0.8836688
0.85785615
0.86098564
0.5798439
0.7362512
0.9197416
0.6004492
0.94348276
0.6039193
0.027002594
0.81215817
0.3084324
0.7431595
0.67732865
0.9373217
0.8834566
0.6203043
0.8892945
0.8557415
0.88619244
0.91398144
0.55164343
0.9013886
0.6378277
0.81816304
0.7492256
0.9114188
0.7053156
0.7942718
0.8732552
0.89451116
0.1159154
0.7899725
0.934129
0.8908344
0.514832
0.9216982
0.8532358
0.7299841
0.69934714
0.1415654
0.47859555
0.9190426
0.6642072
0.101991214
0.7983726
0.39028808
0.93727607
0.8465918
0.88527155
0.9008213
0.73791885
0.18125741
0.91631436
0.84610605
0.037096303
0.92708075
0.6573273
0.9332414
0.77515936
0.7261859
0.9335821
0.94777894
0.9441831
0.7373274
0.88019913
0.7545378
0.72372866
0.5981376
0.9118268
0.79054964
0.0040282737
0.33389342
0.90244997
0.7359327
0.6172045
0.85146683
0.948808
0.877474
0.85846317
0.7061757
0.8911058
0.2792247
0.004568843
0.8238101
0.8077421
0.9451258
0.7093831
0.8156472
0.9343614
0.92068434
0.8900163
0.21992508
0.5853086
0.75694597
0.09193088
0.9459903
0.45939428
0.93130255
0.003844507
0.8857204
0.88102096
0.9227333
0.70714086
0.90569437
0.82189226
0.73236305
0.77815104
0.45179188
0.9747727
0.7902252
0.8443682
0.8029227
0.6686263
0.8577511
0.9196662
0.008473169
0.87981963
0.8654027
0.91847336
0.0051918617
0.6954563
0.54326016
0.90745795
0.37932107
0.8568504
0.8596913
0.92396116
0.82609123
0.9176465
0.9282758
0.742122
0.030763235
0.7052806
0.33684468
0.79962766
0.8874779
0.9466694
0.5679742
0.7468548
0.9028641
0.86439466
0.78246045
0.5817018
0.34911096
0.88414365
0.9417922
0.710449
0.8270854
0.5722274
0.7923919
0.060905397
0.8554055
0.82974815
0.82342625
0.58658296
0.040527165
0.73446
0.92506623
0.85851353
0.7219853
0.7157047
0.70050204
0.8324839
0.41751602
0.60048044
0.49739516
0.7290171
0.83799934
0.49588308
0.7943785
0.6226486
0.8484012
0.84538007
0.9491697
0.6252347
0.83869255
0.953078
0.82216644
0.72134876
0.8738421
0.63220286
0.63063747
0.5399984
0.7117503
0.46024477
0.789713
0.8752335
0.8526997
0.90126854
0.70213634
0.92233753
0.9150698
0.76895225
0.25824338
0.4694375
0.84250486
0.9127126
0.5683564
0.58423287
0.93002087
0.35194632
0.79830855
0.87214667
0.83796275
0.07649532
0.7426954
0.7679714
0.60706115
0.7126751
0.94607824
0.3806461
0.9353468
0.8509174
0.23266369
0.008906063
0.8684459
0.91867834
0.9445299
0.6887717
0.8448275
0.9455994
0.3103012
0.78575146
0.82715845
0.7997028
0.7908106
0.8875302
0.7015443
0.9419533
0.72202986
0.75306416
0.52700686
0.3102266
0.44235802
0.7756257
0.09024508
0.87515736
0.8335036
0.7088244
0.8146943
0.77488595
0.80481404
0.93296456
0.687351
0.5007705
0.71292484
0.7629233
0.9023454
0.90899354
0.8540101
0.8171958
0.5660254
0.691228
0.7994398
0.8327094
0.72486496
0.73136586
0.56922126
0.8738737
0.0014386438
0.9187596
0.8413665
0.95920515
0.91496646
0.40891218
0.82456446
0.89400005
0.85474026
0.6009727
0.03998584
0.8929429
0.58581585
0.8520239
0.0070872568
0.13571689
0.88152945
0.9037384
0.83143467
0.7093495
0.8710699
0.9462156
0.85847175
0.7348654
0.6991079
0.7464466
0.8000055
0.9070579
0.9088989
0.45636556
0.8605823
0.66362286
0.87361777
0.31931514
0.8718055
0.80241835
0.9020279
0.7147436
0.92509234
0.645051
0.10681246
0.7519957
0.7149593
0.85518897
0.9357653
0.55888903
0.7614865
0.4366302
0.951684
0.7932791
0.39571247
0.95184267
0.7803056
0.81501454
0.12856238
0.8094435
0.38388288
0.622254
0.20340659
0.56883603
0.03476987
0.12261132
0.74214995
0.8327292
0.49177036
0.8745281
0.85743284
0.79288816
0.5845028
0.9034927
0.87440145
0.053312145
0.94067544
0.7649977
0.2480315
0.8700106
0.5536582
0.8452226
0.8445499
0.74425757
0.87325126
0.73427564
0.776053
0.4293812
0.7763184
0.6077973
0.039558582
0.87645644
0.9275647
0.94296104
0.010116102
0.88385195
0.28349423
0.8797156
0.89384216
0.6331345
0.77985674
0.82235676
0.7968451
0.24175936
0.87980086
0.6830485
0.4902141
0.71569777
0.76442635
0.7727511
0.60901093
0.7140701
0.7646441
0.7149256
0.9394797
0.7472282
0.6551774
0.09062102
0.79497147
0.066629976
0.5545285
0.71108204
0.88583523
0.82545644
0.8632374
0.81240946
0.95496994
0.85689384
0.7410159
0.47421837
0.874256
0.6419936
0.8943689
0.79630154
0.88460034
0.79226446
0.639967
0.9646884
0.605582
0.9018889
0.9324588
0.86714214
0.6906022
0.6665895
0.7566511
0.19819464
0.4336388
0.6407622
0.64232147
0.7777184
0.90039176
0.8356055
0.794423
0.7790525
0.8715278
0.5799066
0.7713148
0.8556226
0.19418521
0.9347441
0.8277525
0.8746548
0.91170657
0.28675595
0.65883344
0.05352302
0.50710946
0.83705276
0.81526613
0.7215604
0.7506292
0.047847077
0.6730627
0.10203941
0.8437291
0.94884115
0.81174517
0.6183198
0.5831263
0.7370211
0.5029898
0.5766648
0.876993
0.75404584
0.8612923
0.6683675
0.90272796
0.01995378
0.73808134
0.6515929
0.46713763
0.9491739
0.25851688
0.68779504
0.50033754
0.46864486
0.7484876
0.899902
0.7895875
0.62934285
0.95926726
0.7247338
0.853007
0.8508602
0.89153343
0.640691
0.07089007
0.7925491
0.9539613
0.18342596
0.80890024
0.68875164
0.8811027
0.82683593
0.9099003
0.54681563
0.69999135
0.9615617
0.8945615
0.0676349
0.7194045
0.3382898
0.76055145
0.2853578
0.92230284
0.658429
0.9749968
0.8076748
0.922912
0.39022103
0.92989475
0.8382414
0.89863575
0.8049231
0.77561456
0.4925953
0.82426107
0.3499456
0.045467008
0.9103749
0.95979327
0.9401664
0.0016038059
0.8765358
0.89981985
0.097542524
0.8773146
0.95977396
0.84816086
0.5304276
0.8009497
0.9218056
0.9598938
0.71234673
0.82218754
0.48520318
0.89611423
0.37876248
0.8473273
0.5993824
0.78788155
0.7528603
0.68287677
0.5597367
0.95362234
0.7767893
0.70317805
0.5481982
0.8880531
0.90387475
0.7451702
0.45778573
0.86275727
0.82173824
0.8469481
0.23486991
0.791389
0.29579714
0.86667925
0.8350339
0.9299852
0.682461
0.9231707
0.8447567
0.9068253
0.76215273
0.012404626
0.853046
0.7991499
0.83226424
0.95861
0.94417644
0.6715312
0.15417412
0.47591895
0.7712164
0.7640122
0.8100815
0.37840796
0.7641796
0.78095907
0.8563764
0.2747632
0.021187507
0.7856884
0.7106066
0.84222364
0.9296195
0.6862561
0.8458289
0.46638885
0.84949875
0.8981776
0.5630215
0.81192636
0.6834814
0.95726573
0.52594215
0.74272484
0.72826725
0.7962014
0.8327848
0.79484063
0.90754485
0.6343527
0.7558543
0.7987515
0.61319315
0.7421124
0.6064215
0.04836133
0.77079207
0.80261004
0.7692785
0.23427555
0.8358941
0.94759166
0.8887948
0.8554714
0.9192532
0.78977853
0.91390467
0.5923264
0.78933793
0.031065516
0.7144717
0.86616004
0.5464865
0.90376115
0.9170574
0.54281056
0.91150635
0.8589269
0.7648295
0.7712532
0.77368504
0.52503157
0.93212575
0.8403957
0.41989443
0.8266574
0.90351355
0.9042049
0.6214321
0.93701905
0.7832082
0.7987958
0.4996954
0.87297356
0.67504287
0.8939809
0.87207144
0.8410503
0.7621708
0.8700958
0.8865666
0.7826838
0.31282696
0.42931587
0.6801097
0.74656415
0.87778085
0.8634381
0.100745305
0.8563181
0.89740294
0.46859342
0.86301756
0.4730854
0.81474876
0.8132852
0.69110626
0.82503116
0.50650525
0.93193513
0.01992462
0.6178858
0.9271584
0.85440487
0.66966474
0.8321907
0.86329126
0.7086761
0.5868914
0.9033217
0.8791001
0.7531708
0.9330863
0.4362586
0.14819326
0.7382053
0.8960081
0.56851804
0.91368103
0.8542172
0.8447245
0.79984856
0.9223982
0.8554362
0.50542957
0.9040988
0.39577186
0.80711734
0.31128532
0.7911575
0.80077595
0.66421163
0.72763926
0.8690165
0.33847454
0.8911838
0.24456027
0.91112745
0.7155585
0.70984733
0.7522788
0.6586547
0.02937868
0.7546166
0.67110485
0.8668806
0.20797822
0.8859763
0.6179553
0.72080255
0.318979
0.8966446
0.7851921
0.8598881
0.18942493
0.8772401
0.76472235
0.06594548
0.7528164
0.89158106
0.635473
0.69200194
0.9159814
0.7823986
0.8720304
0.68558174
0.8933994
0.92221963
0.82229686
0.6836423
0.91988575
0.8856598
0.9167045
0.80408525
0.65149534
0.9244063
0.8925234
0.21256317
0.7078113
0.9522348
0.87426645
0.29535943
0.7503998
0.77969915
0.9050857
0.87596387
0.70614755
0.93027735
0.73492885
0.7594702
0.84678006
0.9371908
0.8820785
0.89518917
0.7401606
0.6631264
0.7859411
0.7719296
0.51134413
0.83009106
0.8166127
0.79781383
0.8284136
0.72921836
0.8875462
0.9289808
0.9010341
0.6735299
0.7573967
0.7404549
0.028349975
0.90657693
0.92191327
0.7821345
0.91028994
0.58856595
0.6208407
0.89502114
0.86239326
0.8728682
0.8707832
0.82418585
0.56725353
0.7439663
0.038516417
0.76062465
0.6743671
0.84960103
0.42134786
0.7401828
0.7359766
0.02149298
0.805899
0.8076912
0.92770416
0.83629835
0.8317554
0.62965125
0.7230057
0.028526299
0.8727696
0.5939773
0.91290337
0.89407814
0.6682124
0.7500424
0.04743945
0.33053845
0.14906119
0.47956693
0.81478226
0.93959594
0.9080007
0.93391037
0.8857767
0.7226635
0.36460918
0.67561764
0.09836981
0.84715617
0.5998934
0.7577936
0.57121205
0.84471536
0.0920046
0.7794686
0.9515219
0.9214727
0.0019650124
0.9493287
0.48281628
0.8435633
0.907643
0.6570821
0.82688546
0.74681103
0.90425986
0.7138526
0.89875364
0.89818907
0.46432462
0.59795636
0.86674273
0.82479
0.6798421
0.185121
0.8974786
0.8005362
0.8586794
0.9627001
0.7706684
0.6911855
0.9138976
0.8139523
0.38561425
0.8630684
0.8167018
0.8911888
0.86065763
0.446734
0.8437818
0.8701485
0.8962209
0.91908413
0.7926627
0.62725633
0.73508555
0.73200256
0.70722216
0.76648784
0.71190757
0.92229486
0.7117877
0.71297723
0.65213567
0.96571434
0.8510855
0.8244692
0.73235506
0.81158376
0.89385414
0.926576
0.87715316
0.2292491
0.6658196
0.92431575
0.7861037
0.4159793
0.7963351
0.016319394
0.009631807
0.8034937
0.8185674
0.9595188
0.48734766
0.9560852
0.82647985
0.69501585
0.5208088
0.79899
0.9142012
0.88935834
0.60765207
0.047846135
0.020329319
0.07573317
0.8859317
0.8834832
0.16516756
0.9295682
0.9578153
0.37896904
0.863265
0.792267
0.9230727
0.8401518
0.87304956
0.9419316
0.62458634
0.8915653
0.24175048
0.9416685
0.7635518
0.9110262
0.87465495
0.90632784
0.39419705
0.052733473
0.82622045
0.76691556
0.82253957
0.93636346
0.556897
0.6553177
0.77949333
0.818775
0.8463977
0.020209135
0.6105659
0.92220974
0.083646014
0.78230786
0.7861073
0.79813135
0.92511696
0.69720477
0.598788
0.81731886
0.9177189
0.7017837
0.8627582
0.6775111
0.85775584
0.7705796
0.49988464
0.110187806
0.7583103
0.12347006
0.8976762
0.92680335
0.5476154
0.77672124
0.194046
0.6780784
0.19404069
0.76441467
0.14719905
0.46432516
0.79043216
0.9342588
0.77407074
0.9097498
0.91488725
0.92144334
0.5149553
0.7825819
0.71548736
0.7416115
0.41900754
0.8743886
0.032510374
0.029310524
0.014952339
0.6820896
0.7333615
0.79478514
0.8837577
0.89202833
0.55873644
0.7688759
0.77312964
0.8176424
0.70514363
0.056139033
0.7386433
0.75044554
0.8700028
0.8100912
0.79347944
0.51193035
0.6930989
0.7806502
0.5600929
0.9289041
0.9535195
0.93931144
0.21690649
0.91339546
0.6745121
0.8885386
0.6701768
0.03607865
0.89624035
0.2180796
0.022469688
0.6341661
0.7884412
0.8088277
0.14732485
0.8819802
0.93272525
0.7856574
0.89835966
0.80177534
0.85365653
0.8649497
0.8978535
0.74825704
0.7891854
0.88520265
0.05590368
0.89643353
0.8949691
0.6871423
0.86658394
0.05440596
0.89106655
0.0015939455
0.7892947
0.8805844
0.054954194
0.87531394
0.79343116
0.93025124
0.82058823
0.59602696
0.491699
0.7530565
0.08740979
0.49881077
0.9243958
0.6477483
0.6276504
0.91614646
0.23667738
0.9382374
0.3679163
0.7058883
0.8844174
0.8850929
0.67878175
0.6783911
0.78161615
0.67148244
0.86201215
0.88301307
0.80909956
0.95173824
0.7659927
0.73970973
0.8640634
0.76681525
0.65366495
0.64652544
0.83534455
0.00082069635
0.8677721
0.91014206
0.66764915
0.94701403
0.8687795
0.86714256
0.81506467
0.86041063
0.557063
0.6835563
0.693039
0.96208
0.8424481
0.48225436
0.6534249
0.6971843
0.5773556
0.94883066
0.85850334
0.85939395
0.85560066
0.002097519
0.9286208
0.86776054
0.81231344
0.8238878
0.89652175
0.73269784
0.9082438
0.11359787
0.93895864
0.80840486
0.8403919
0.8133458
0.69686824
0.36429477
0.9578445
0.8837533
0.64006436
0.7320517
0.26858982
0.06895988
0.03626334
0.71584606
0.8735054
0.8601755
0.771123
0.9239345
0.79479533
0.9224362
0.9271726
0.38055202
0.90529966
0.12686679
0.49265945
0.8910975
0.8572403
0.7387046
0.93138516
0.8268363
0.8370113
0.4631878
0.90108436
0.46632436
0.86175704
0.57990146
0.94756174
0.72414386
0.88658154
0.22615081
0.91919017
0.7508812
0.86416835
0.7625023
0.8058463
0.07623308
0.746302
0.35729662
0.81381077
0.8237824
0.6068749
0.88376206
0.74384534
0.4498208
0.1149692
0.92275745
0.6855869
0.8963721
0.9365281
0.8743128
0.9433431
0.8316167
0.69184315
0.94178015
0.011565469
0.9046423
0.5976023
0.89365375
0.8183893
0.68878293
0.9317328
0.77701604
0.91687894
0.5164825
0.58796513
0.90217644
0.8997508
0.9695875
0.8407495
0.82637215
0.8159033
0.90345377
0.7205609
0.8090286
0.8926005
0.7229822
0.68272674
0.70152086
0.30389804
0.90578806
0.7287942
0.89519626
0.75994545
0.77143633
0.6229452
0.90262467
0.8762997
0.88718396
0.7987243
0.8917742
0.93469083
0.7354043
0.93554795
0.83940744
0.0076320283
0.5923287
0.24862647
0.7684323
0.68565327
0.8193924
0.51063645
0.75919765
0.33956665
0.86584795
0.89775133
0.8741136
0.74233085
0.8297154
0.9049638
0.89774185
0.7404155
0.072554916
0.9567319
0.76937956
0.79695666
0.60276383
0.7411975
0.54590696
0.8097988
0.9370118
0.6502956
0.69540477
0.82966614
0.87448466
0.45927626
0.85838294
0.95996445
0.80488837
0.89471686
0.9459352
0.7458824
0.839459
0.66109943
0.42516008
0.11486879
0.7595125
0.7858771
0.86467737
0.7945018
0.47808272
0.75941634
0.8867575
0.67359185
0.8312097
0.8069211
0.94506854
0.91845655
0.67308205
0.8255697
0.92150956
0.84860855
0.95356107
0.0033943206
0.94262356
0.86188036
0.57300174
0.8042032
0.8828511
0.7302076
0.80777055
0.46076998
0.5521718
0.7599471
0.7716299
0.85290825
0.84731925
0.8554534
0.7845105
0.927151
0.7116461
0.9598417
0.74680215
0.9365298
0.90442187
0.8595814
0.86178607
0.008946336
0.9557719
0.7822299
0.60578096
0.5721067
0.84591407
0.85099536
0.93828684
0.83946675
0.76539207
0.8046242
0.77268064
0.7142907
0.71140176
0.93180597
0.97773534
0.58814436
0.70665306
0.5467166
0.82755905
0.65070486
0.5267687
0.9558779
0.014976634
0.9355291
0.07985769
0.93249625
0.6746805
0.7112734
0.113763936
0.39533296
0.83030427
0.5151819
0.7195009
0.8447702
0.70745206
0.4795484
0.77784216
0.8248227
0.5523225
0.8120121
0.00018142816
0.8029014
0.7759423
0.48672357
0.95590115
0.61290425
0.82173204
0.8014923
0.8287329
0.76134837
0.9213654
0.82510364
0.90941757
0.8504131
0.8109919
0.70368665
0.9245442
0.8529624
0.4600643
0.8562469
0.5823299
0.6200475
0.060056604
0.86921334
0.953117
0.60465795
0.93252856
0.91835433
0.75483775
0.8928924
0.37510696
0.96550417
0.8289079
0.96270204
0.8224118
0.7051465
0.89998114
0.8742342
0.84752375
0.92107695
0.8015452
0.9090447
0.8440125
0.91681504
0.7405477
0.8220617
0.86248356
0.77036995
0.7538033
0.38955313
0.94280875
0.0033044312
0.9065273
0.6668743
0.24504022
0.003689954
0.85762715
0.8935578
0.932391
0.87458694
0.8574624
0.6786507
0.6751924
0.8193961
0.012779012
0.732159
0.77183294
0.26711473
0.74650025
0.5061304
0.9053648
0.7990012
0.9163399
0.935428
0.83432716
0.95091903
0.027137093
0.6025152
0.924869
0.7419937
0.9372368
0.76880026
0.73294127
0.033288747
0.07863884
0.8508513
0.77189314
0.7562057
0.37995195
0.7756569
0.79411167
0.5773889
0.07186325
0.50466835
0.87756926
0.5285101
0.9212345
0.55285513
0.83948886
0.6523665
0.84947747
0.8438698
0.93290526
0.8348892
0.7512145
0.89423007
0.94121796
0.8336439
0.7073706
0.7388788
0.77633244
0.8823078
0.7392511
0.812442
0.5648922
0.86268234
0.84706706
0.8078853
0.79376954
0.6783414
0.87134427
0.6639994
0.92825276
0.7145121
0.84637463
0.85133106
0.87475204
0.8728409
0.5000925
0.022405522
0.37830186
0.32236862
0.81282055
0.82902735
0.90460086
0.84307563
0.026273953
0.80780804
0.053044766
0.83348095
0.49169025
0.9027967
0.6287217
0.8989455
0.6988316
0.74721295
0.81480825
0.7150192
0.772109
0.7710415
0.7979673
0.7755958
0.9106031
0.30194962
0.60537
0.7511304
0.6698042
0.8416237
0.96758974
0.87307644
0.8751434
0.9000367
0.8303909
0.7511414
0.8072054
0.72702676
0.88861674
0.09477515
0.789873
0.3954662
0.9120799
0.89289665
0.5965648
0.85429204
0.7973464
0.96278495
0.78851646
0.21083954
0.81292677
0.4769382
0.7513768
0.86972344
0.9191428
0.9239158
0.7971346
0.5069887
0.7941989
0.79957694
0.9407399
0.88965225
0.90323496
0.6697712
0.75003076
0.8251551
0.7054092
0.85699606
0.050998434
0.5324503
0.35935897
0.83494
0.82315516
0.8744176
0.9365989
0.945698
0.61724114
0.6117917
0.8680549
0.34934112
0.9258015
0.7488114
0.9215039
0.08559701
0.041077405
0.0014075134
0.91324806
0.048261225
0.6702697
0.334168
0.81468767
0.9316554
0.938364
0.86736923
0.68660164
0.023955658
0.90488756
0.9402348
0.41033357
0.4823737
0.9131945
0.6553238
0.937848
0.85002446
0.7319428
0.5649749
0.93277216
0.4613495
0.9038108
0.56610006
0.09738284
0.6221208
0.597333
0.9193854
0.9356613
0.89409435
0.6830524
0.72676027
0.94882274
0.9245268
0.8772854
0.5716167
0.6212163
0.69477665
0.9052781
0.84131944
0.8336918
0.6485659
0.7950359
0.84531677
0.8821924
0.87527317
0.80272365
0.8731863
0.94941044
0.680644
0.8591385
0.6966754
0.8020966
0.6455395
0.76911175
0.065282755
0.6850462
0.6283695
0.06567767
0.42644906
0.11236234
0.48560023
0.79792076
0.79686636
0.7562649
0.76886714
0.8632655
0.8790484
0.05727895
0.58056355
0.5988146
0.93926966
0.49621356
0.7900287
0.7812186
0.7023261
0.06111505
0.9504789
0.943125
0.72643787
0.16871062
0.77551675
0.8716064
0.82564616
0.006371811
0.040042423
0.81328624
0.777496
0.90323263
0.5790051
0.8536558
0.3054749
0.52598745
0.87799454
0.7539371
0.863247
0.8136213
0.88924116
0.83123994
0.8771986
0.7800953
0.89541554
0.8173049
0.8328365
0.8769127
0.8481207
0.85751235
0.5842775
0.5835787
0.9006078
0.9231462
0.78892267
0.7942354
0.88014036
0.7859976
0.792486
0.79959154
0.9392358
0.04754266
0.81289697
0.653693
0.41967338
0.9521172
0.7661902
0.8761444
0.7251378
0.09124114
0.5930739
0.8769646
0.88680154
0.88165736
0.81676775
0.80844575
0.831837
0.5712913
0.83259696
0.89668095
0.72450006
0.91401255
0.9019235
0.43322054
0.57359666
0.74182487
0.8313887
0.24714777
0.72038615
0.87314916
0.57685125
0.8911794
0.07620682
0.82277894
0.9501105
0.9310145
0.0034674862
0.7433929
0.8244787
0.44591552
0.67737144
0.90221524
0.035572898
0.8107128
0.44678414
0.35419568
0.32864136
0.034865417
0.87175226
0.689576
0.8133975
0.45129132
0.83121324
0.7766456
0.7875898
0.9195567
0.7153037
0.93123823
0.76021045
0.8246678
0.7637482
0.88074195
0.81270146
0.12416615
0.73016024
0.36667836
0.11669487
0.07574634
0.02018595
0.73900664
0.92579263
0.93170846
0.2859867
0.11969867
0.93546367
0.9133128
0.6172196
0.7159301
0.03122044
0.9151486
0.5390867
0.6380899
0.78595126
0.721815
0.8032609
0.8379473
0.578936
0.9367341
0.5998848
0.80088866
0.7733723
0.6751795
0.7183274
0.88448256
0.8853874
0.53509265
0.44605985
0.04516515
0.7116293
0.73863816
0.6346154
0.08226373
0.76473814
0.8774243
0.9467265
0.719097
0.67557675
0.3463587
0.8306188
0.072358534
0.04861507
0.93406343
0.55653316
0.57037914
0.77448535
0.9330551
0.91352296
0.8153148
0.8003539
0.7748997
0.7134836
0.930672
0.57494426
0.91676915
0.8373798
0.85616934
0.8069934
0.8082481
0.9321767
0.80848503
0.871709
0.53529185
0.8213259
0.08848286
0.28108242
0.77573395
0.90486693
0.87689745
0.62179554
0.8232072
0.8778101
0.9176668
0.79593533
0.81451863
0.09973685
0.29467005
0.038660206
0.1169311
0.7502461
0.8454967
0.8320365
0.7626194
0.84201366
0.86979175
0.8821026
0.9271342
0.86922103
0.64540863
0.5719654
0.8865376
0.34021488
0.4498183
0.40891504
0.9150231
0.6575431
0.026535287
0.026664484
0.89787424
0.8476113
0.42475513
0.7507614
0.9368033
0.52365196
0.8823378
0.010912774
0.585034
0.8806425
0.7881114
0.8421595
0.037033513
0.82144463
0.7412801
0.59979016
0.36925462
0.86357
0.6131098
0.021953277
0.8460789
0.9702556
0.8840072
0.017735654
0.78782946
0.7896359
0.7622002
0.7172422
0.91018873
0.7649553
0.88048434
0.76063544
0.91115814
0.61413527
0.66170233
0.96359795
0.33143875
0.5652973
0.81003344
0.6147472
0.54330194
0.85539275
0.647189
0.75251937
0.9451765
0.43225574
0.8536763
0.21806994
0.8333668
0.39510363
0.799688
0.849481
0.94223046
0.28296867
0.78319895
0.9089379
0.89539987
0.9271597
0.8092313
0.5561556
0.8001473
0.9225178
0.89342874
0.93112206
0.6911268
0.878336
0.9330852
0.54660374
0.8934556
0.731792
0.9216451
0.8032077
0.61371744
0.6758209
0.80358994
0.8777388
0.75260395
0.90623033
0.5315731
0.72546303
0.8699286
0.9097793
0.7417734
0.85085154
0.6386173
0.93127507
0.95204216
0.009177119
0.7044065
0.78956693
0.7125522
0.8064742
0.89617133
0.65604055
0.89854336
0.05601491
0.7219457
0.5316584
0.65814537
0.59594136
0.49402452
0.7023358
0.8900714
0.8167002
0.71407616
0.86086696
0.073043235
0.049966533
0.9302575
0.897712
0.887056
0.6996941
0.7687762
0.5094965
0.95462954
0.046630107
0.8189416
0.8994945
0.87627554
0.6958934
0.8535925
0.8353113
0.8596155
0.73948276
0.9271027
0.65733767
0.70653915
0.9313218
0.9235749
0.79534537
0.8543584
0.7597004
0.7589244
0.9382512
0.6498946
0.8841534
0.86289775
0.9220532
0.87626994
0.5199777
0.72994375
0.6632805
0.9221635
0.02666095
0.85943997
0.07387801
0.92447436
0.9225234
0.7199946
0.8975965
0.881514
0.88319576
0.71448386
0.71165884
0.88581777
0.8759808
0.37314296
0.8578546
0.6558224
0.6642509
0.82805526
0.8970787
0.82134223
0.017899053
0.85928226
0.6837263
0.66144043
0.3812813
0.75329965
0.8794212
0.9355556
0.82793295
0.95238143
0.91334057
0.05681762
0.64281017
0.9509649
0.9405748
0.85416883
0.93633634
0.9406924
0.18356843
0.8653537
0.9241691
0.7886143
0.6300265
0.66130877
0.499545
0.76613027
0.8672215
0.6902406
0.895377
0.9208214
0.59138536
0.7404136
0.69629925
0.50741094
0.5149259
0.7567289
0.94250596
0.9288918
0.7225366
0.9673816
0.9134321
0.9330307
0.38711923
0.85322475
0.475951
0.971408
0.811318
0.82484436
0.44437757
0.7608958
0.6320058
0.02337877
0.8940709
0.9478227
0.6985699
0.66186154
0.838161
0.89307547
0.8828361
0.89147836
0.9253906
0.66470504
0.72732824
0.014035018
0.66370755
0.021841243
0.90159255
0.81518936
0.90833855
0.875491
0.48606977
0.8870004
0.81169575
0.90501946
0.7130821
0.8720835
0.06474576
0.9221798
0.829885
0.8515724
0.91868573
0.86043644
0.7915076
0.66285616
0.764937
0.8190164
0.8723743
0.89754146
0.4772711
0.5593905
0.81202435
0.44198266
0.7167805
0.8114017
0.58856153
0.6501303
0.7057161
0.17351544
0.03258467
0.93198407
0.67774665
0.9008326
0.46685404
0.8756385
0.7391497
0.092187464
0.9219239
0.93744946
0.78810334
0.9175879
0.71816957
0.8970137
0.88843983
0.9204083
0.87608016
0.7286123
0.8818621
0.8613201
0.67848766
0.72380626
0.6786796
0.87390006
0.844996
0.9121261
0.81517196
0.5458979
0.77917886
0.9411619
0.58930594
0.8705274
0.95243835
0.9246649
0.9286082
0.824257
0.14954066
0.71666723
0.8621818
0.8052007
0.7855266
0.5139521
0.7502824
0.7192327
0.9119543
0.5136494
0.6000077
0.87303156
0.9190639
0.89640987
0.8524324
0.5834557
0.18365616
0.42182565
0.7260976
0.79897535
0.78579223
0.8775834
0.7789885
0.9194186
0.6828663
0.77302635
0.5292294
0.7305587
0.020526525
0.6356321
0.57383233
0.73965716
0.6428684
0.67060065
0.9221456
0.36184293
0.71549296
0.67730165
0.8733965
0.8149946
0.8990918
0.13822456
0.5056204
0.84287935
0.69595754
0.8681683
0.0069304835
0.6036518
0.10126058
0.93331796
0.8568915
0.7991749
0.79760325
0.8055439
0.728205
0.78136826
0.92434776
0.879811
0.7184281
0.91930103
0.8183829
0.8236418
0.94049346
0.8497968
0.7148104
0.8741472
0.6079459
0.7262001
0.9086919
0.80619204
0.49386624
0.7476227
0.44616964
0.76706433
0.91775995
0.7042984
0.5788505
0.28469002
0.75643164
0.9230155
0.90684396
0.34002793
0.81762326
0.7013651
0.7853869
0.77508557
0.4171163
0.92210364
0.72289824
0.918416
0.67125154
0.8863377
0.02670116
0.8355644
0.87655157
0.74432266
0.86241263
0.79993916
0.77781993
0.73183316
0.8082941
0.7166495
0.62186635
0.9275397
0.68922967
0.035180226
0.8800259
0.78994244
0.8439935
0.73481935
0.8476801
0.93206775
0.6625716
0.8883104
0.570863
0.5840015
0.95258904
0.9304035
0.051493067
0.63861305
0.04915294
0.89314955
0.7404853
0.9428915
0.66997755
0.8905788
0.70594376
0.8034995
0.7707337
0.79079926
0.2782053
0.773276
0.71562046
0.70284
0.58500755
0.48121777
0.3008998
0.95420384
0.7304444
0.8113615
0.06462817
0.87979335
0.35996574
0.8901186
0.69847316
0.62276876
0.70453
0.38337338
0.5775566
0.9556304
0.88139313
0.8164531
0.7414835
0.7390957
0.9423671
0.95773816
0.4770605
0.31917247
0.29915786
0.051208556
0.3917799
0.8051984
0.6032099
0.8561533
0.9014822
0.8820834
0.96083003
0.40170074
0.53695714
0.9476604
0.9146941
0.7908511
0.06180529
0.47926682
0.9077139
0.89182246
0.6522832
0.729983
0.8921535
0.880981
0.7530219
0.7721712
0.053464763
0.86898047
0.69721967
0.69044256
0.64000887
0.93577397
0.07383774
0.8923472
0.84556484
0.6279097
0.5436743
0.5423008
0.9521249
0.7513357
0.8925367
0.65905714
0.016467433
0.5646093
0.84331703
0.77644396
0.94469416
0.83325374
0.879678
0.54045755
0.77989995
0.83813834
0.1775798
0.92082787
0.43849075
0.82607055
0.75323796
0.88281184
0.7958931
0.95591843
0.9321269
0.80064875
0.9024656
0.8144678
0.79453415
0.645471
0.9426589
0.39939266
0.85390204
0.89952654
0.41888663
0.3634445
0.6210211
0.91639066
0.4134814
0.66470575
0.7352643
0.8592323
0.87491715
0.84961176
0.8707773
0.7936421
0.82936925
0.88809246
0.83794403
0.8577554
0.3794787
0.85760015
0.63482434
0.939127
0.76137257
0.49311507
0.2852481
0.025979258
0.23888096
0.83109313
0.8437791
0.57531816
0.4478071
0.22114962
0.52062416
0.8700096
0.9348227
0.85734403
0.7365636
0.7028647
0.8002522
0.37265396
0.94564193
0.8915682
0.34556636
0.7799808
0.25061098
0.18753925
0.7744204
0.70888174
0.55208623
0.868905
0.7753808
0.6211565
0.44458157
0.8214616
0.86697626
0.63486874
0.61951935
0.68485785
0.73081213
0.72227895
0.009303966
0.8342903
0.8486728
0.86222214
0.8885565
0.741484
0.8277036
0.8693076
0.46779385
0.91294086
0.04734741
0.9596752
0.6381117
0.9167245
0.8127732
0.38093996
0.89218026
0.6477087
0.8567618
0.9128869
0.82790977
0.8582337
0.9100994
0.017610615
0.5309213
0.89970046
0.20395723
0.9426954
0.7592622
0.79939115
0.90682423
0.90598154
0.7808431
0.85043955
0.87018013
0.74337125
0.9032787
0.8624555
0.7561364
0.9237878
0.81326437
0.019402383
0.78944737
0.07695174
0.82884526
0.5435146
0.87003386
0.82820415
0.617407
0.81345296
0.82166314
0.93169904
0.8702066
0.71494544
0.8984043
0.90000606
0.6592352
0.7133579
0.80481297
0.75634634
0.94010377
0.51867414
0.8595402
0.56683815
0.6692596
0.931966
0.9519409
0.8851232
0.22039
0.85492194
0.584734
0.8618792
0.9121157
0.9197479
0.29882544
0.7482941
0.6471649
0.32130408
0.8517549
0.60718447
0.74601644
0.8204431
0.83854055
0.93189555
0.83162695
0.70676893
0.073650844
0.8937619
0.906802
0.7559533
0.09728655
0.5942342
0.62074363
0.83933115
0.70979464
0.29921693
0.9566636
0.8788812
0.5847133
0.89578235
0.32040784
0.88249147
0.5406759
0.5177802
0.92751896
0.8629478
0.032696698
0.71858495
0.73847795
0.83270156
0.9563182
0.67254966
0.9211144
0.55913824
0.51931286
0.3648309
0.5809156
0.9057293
0.85404474
0.47376943
0.8609528
0.925006
0.63925445
0.9100652
0.44558224
0.7439066
0.74581236
0.5348039
0.7097117
0.917852
0.936406
0.85979235
0.90567946
0.86404616
0.74968195
0.84481144
0.2977627
0.96683276
0.56092036
0.3977571
0.9328696
0.8985803
0.30757597
0.66724634
0.27798122
0.83857083
0.87267685
0.7479168
0.88299114
0.89652854
0.8749546
0.8812348
0.4352244
0.9702797
0.7794083
0.8100472
0.8441503
0.9491584
0.80223775
0.105251014
0.79014146
0.91056526
0.7878081
0.7473135
0.83674854
0.4477288
0.7284076
0.9376079
0.75322205
0.9005406
0.9033817
0.5890114
0.84089303
0.8534704
0.59327334
0.6746581
0.9253431
0.89607316
0.92567307
0.6797845
0.9314578
0.94932836
0.024303608
0.73431396
0.69984424
0.90921205
0.766132
0.853751
0.8052317
0.82382405
0.9223173
0.91344875
0.61060834
0.6870452
0.9381124
0.72530144
0.86908305
0.108122975
0.76159
0.8299346
0.67530394
0.5163082
0.018290233
0.4618618
0.91533476
0.7209818
0.92715454
0.93463117
0.8594342
0.6963422
0.44751638
0.8905401
0.06739947
0.9059148
0.011372136
0.8724202
0.332528
0.7756706
0.95840055
0.93405956
0.5440142
0.73889434
0.06193261
0.100151636
0.36872426
0.89393705
0.03245893
0.6854487
0.5004202
0.85317904
0.4174492
0.9414283
0.7259106
0.96867514
0.8121656
0.6676831
0.89311504
0.788749
0.32274002
0.8920335
0.5894926
0.87725616
0.93285286
0.7295933
0.5906407
0.90176564
0.8320826
0.5212549
0.17639571
0.8655244
0.78281206
0.71946675
0.6781982
0.8403282
0.8957421
0.81759024
0.91229755
0.8466119
0.7995609
0.68061674
0.78454185
0.88334125
0.49222535
0.66755617
0.7197554
0.706217
0.06552698
0.9485545
0.91445684
0.91540504
0.67512244
0.8001282
0.7143519
0.010073607
0.9034977
0.8266794
0.9250818
0.8773557
0.4916513
0.93238413
0.9399125
0.79164904
0.77568465
0.19796517
0.803764
0.792128
0.60163546
0.9090104
0.83420706
0.72503185
0.9373789
0.47730312
0.6203435
0.92668784
0.9225848
0.7966709
0.24708657
0.17777756
0.86956024
0.7783222
0.87923515
0.90909827
0.88795066
0.47628012
0.8475514
0.8915299
0.0725163
0.7929423
0.47707257
0.93184376
0.70825756
0.6511571
0.7508565
0.9645376
0.14021939
0.8284127
0.858566
0.9199523
0.44768986
0.8484673
0.8322018
0.74775815
0.8326215
0.5336732
0.7098289
0.8502555
0.64529157
0.82103115
0.790502
0.9272665
0.80338925
0.7163721
0.88910735
0.54188865
0.8636264
0.2295668
0.7785366
0.24940184
0.51832163
0.851052
0.8176018
0.8832289
0.95624864
0.7331886
0.6741308
0.7196956
0.7596868
0.86029345
0.7354195
0.8549438
0.95244026
0.7418344
0.4854557
0.86676645
0.57268506
0.6313366
0.49008685
0.8944061
0.47157776
0.884424
0.4234564
0.5192592
0.39748892
0.7785593
0.8309033
0.7732433
0.38937572
0.8206707
0.8800994
0.81924057
0.90141577
0.0610216
0.7255069
0.81729764
0.5969847
0.595127
0.742072
0.68092334
0.9330188
0.71068466
0.48188323
0.95036757
0.85497206
0.0030680432
0.6854545
0.8726334
0.85748285
0.9641321
0.0071284696
0.7179739
0.5342308
0.10046343
0.7942457
0.60470164
0.917272
0.73052543
0.66637486
0.07278715
0.061435338
0.8087581
0.6499338
0.7307383
0.3293153
0.014749198
0.9020609
0.9322689
0.19022942
0.78780305
0.07285541
0.7101054
0.27836978
0.6389234
0.27762192
0.9527801
0.21379326
0.82122093
0.6637379
0.9246821
0.43507868
0.5771929
0.8059602
0.941889
0.0060894545
0.7589808
0.8060826
0.28495803
0.3220207
0.72138417
0.082399696
0.90979916
0.64532965
0.08324189
0.86299545
0.78439736
0.62940866
0.83507127
0.76798475
0.7480793
0.5738107
0.77554023
0.31251463
0.053360946
0.7602121
0.37178358
0.69276094
0.90338
0.7385843
0.7535356
0.78944
0.5228281
0.9231171
0.9098056
0.5483198
0.9439001
0.5184561
0.7813425
0.8809619
0.8040892
0.88804877
0.8735536
0.08777137
0.024098618
0.85967064
0.063808315
0.3121594
0.93694407
0.17812051
0.9147132
0.012528783
0.8367248
0.6343894
0.26759163
0.7352387
0.755651
0.5957558
0.5819416
0.8550896
0.8493381
0.59660095
0.5752398
0.66568744
0.80632055
0.84688187
0.7734427
0.8091007
0.70453876
0.89368415
0.044442978
0.7045458
0.89867306
0.6544261
0.9542848
0.04266251
0.95256984
0.9323137
0.73666865
0.7206973
0.9195465
0.3779639
0.960009
0.7789425
0.7722194
0.87653315
0.9657086
0.73075646
0.8432329
0.67489797
0.87150216
0.9292717
0.9447769
0.7118902
0.7614173
0.7722228
0.25436288
0.3926959
0.06589036
0.54385954
0.8046078
0.89303654
0.83977103
0.7221479
0.94745386
0.5786517
0.8956264
0.8374185
0.82388145
0.7074131
0.7924242
0.3927288
0.73836774
0.16254593
0.74622875
0.7787836
0.9282913
0.81874
0.026655143
0.70767784
0.02156331
0.91631943
0.9292305
0.7342539
0.742268
0.26351595
0.8317561
0.87225544
0.738715
0.108277574
0.94958985
0.7527991
0.87128526
0.6445948
0.2398633
0.5162517
0.92428356
0.8998964
0.7461545
0.8743825
0.82137215
0.50638455
0.8912681
0.83670115
0.4428719
0.91907245
0.5567205
0.58146363
0.82404935
0.8984751
0.81034005
0.18156822
0.8713025
0.8659156
0.92922413
0.7344059
0.7103084
0.88383555
0.9466794
0.4870944
0.7792142
0.857404
0.20226917
0.55365634
0.02550124
0.51641005
0.89062643
0.85812896
0.9262494
0.6683449
0.7543562
0.8048198
0.73034763
0.9134777
0.83961946
0.6388926
0.9587846
0.60231674
0.89496213
0.59471357
0.26256925
0.9020864
0.28045404
0.91100955
0.6310782
0.19273986
0.3287712
0.6959062
0.90626574
0.7704368
0.6782141
0.61518747
0.05947982
0.83719146
0.8172116
0.89481896
0.8506987
0.1029035
0.58775795
0.6619133
0.8230283
0.68758017
0.9174403
0.82756996
0.66560745
0.9177357
0.9563699
0.85646534
0.3747689
0.6049693
0.8551935
0.8953651
0.93889827
0.7999316
0.7255373
0.91693693
0.91088843
0.89422065
0.7158938
0.8602239
0.8323958
0.9235066
0.7601531
0.47110772
0.86532503
0.8163784
0.9550483
0.8103877
0.5182702
0.7079192
0.852772
0.7891537
0.63961095
0.76598775
0.8427959
0.5726779
0.03449381
0.64831626
0.70336837
0.76442164
0.84370756
0.8436726
0.931249
0.9368642
0.4761597
0.515674
0.93925554
0.7926743
0.9078959
0.79372513
0.6333408
0.65494484
0.8964991
0.019996958
0.72951573
0.874562
0.08155397
0.71594334
0.69656837
0.6593518
0.7162157
0.13896006
0.9133697
0.912318
0.75003374
0.3089318
0.40265322
0.76797074
0.93521273
0.5774394
0.61268026
0.68903255
0.8186392
0.87330127
0.6419293
0.06643106
0.9353076
0.5966737
0.88689834
0.8576983
0.9560822
0.6981825
0.80547035
0.86448365
0.8377222
0.7156206
0.9426902
0.81962216
0.65738404
0.820328
0.73662704
0.6442605
0.687028
0.90187144
0.9298743
0.79812074
0.9626435
0.7744737
0.9336891
0.5327103
0.80097324
0.021954224
0.72078925
0.016054224
0.36865363
0.47569263
0.9541609
0.8178201
0.8089861
0.8495052
0.92563033
0.7763384
0.5337287
0.8301842
0.9016923
0.7663489
0.79422444
0.19690658
0.94665974
0.80474746
0.7886983
0.9282014
0.54826796
0.69858086
0.8631475
0.86912143
0.9234111
0.57529664
0.84182614
0.92428726
0.8735507
0.07045165
0.8217822
0.059853353
0.094026424
0.70807177
0.7205826
0.8458059
0.93260205
0.35682693
0.6385432
0.8184463
0.38858798
0.720849
0.86261547
0.8538108
0.023854239
0.82685703
0.83189565
0.65940404
0.90402484
0.7798352
0.40276012
0.8628124
0.75480205
0.7556327
0.5398682
0.8585589
0.96817267
0.64817977
0.74056935
0.6012895
0.50652707
0.7858825
0.4382298
0.031867273
0.73436844
0.9468114
0.35605282
0.66773903
0.91714686
0.8657995
0.82494223
0.7626658
0.77562135
0.89288133
0.71760076
0.580049
0.034407306
0.9169186
0.5114835
0.9307474
0.2966355
0.5485569
0.808605
0.5999117
0.78704834
0.49635357
0.7328023
0.7326955
0.6210077
0.7695602
0.7949638
0.5438216
0.9088359
0.62085986
0.48940825
0.028064927
0.834138
0.6242653
0.8789438
0.8060092
0.8000312
0.8391311
0.82920367
0.04032753
0.81212854
0.7028797
0.8783848
0.23834883
0.6598989
0.787388
0.8665904
0.73512113
0.748116
0.55318326
0.6841591
0.44434524
0.75889057
0.707916
0.7311621
0.12089278
0.56432164
0.4551011
0.76259863
0.7107716
0.7387198
0.643475
0.80589753
0.7918703
0.8060631
0.41532177
0.9074035
0.56975454
0.905931
0.6650001
0.906501
0.7801258
0.849485
0.94541883
0.38356924
0.24468827
0.0016276482
0.7817293
0.87333995
0.3272404
0.8718333
0.84683764
0.5465542
0.7561886
0.5145731
0.7307818
0.5520217
0.9312404
0.6777351
0.848898
0.92365324
0.876369
0.92807037
0.9041817
0.74668556
0.7158097
0.8538814
0.9134794
0.25857976
0.068699434
0.93781716
0.9134109
0.82305956
0.89877796
0.48017517
0.88231695
0.94805914
0.69884557
0.38763815
0.5302353
0.67774504
0.8599832
0.8982965
0.8909864
0.95275605
0.6557227
0.8913158
0.5645543
0.87849224
0.8013943
0.82811123
0.90546227
0.9271752
0.7602482
0.8551197
0.09102073
0.7316177
0.90806
0.8986881
0.6246778
0.7655957
0.8964207
0.8526975
0.43048394
0.79204977
0.87792736
0.6663384
0.8358421
0.59162617
0.93720245
0.086729884
0.6483551
0.90166605
0.33743277
0.73830456
0.89958286
0.8846803
0.87729114
0.89263904
0.89189935
0.39032903
0.9112724
0.9031418
0.59172904
0.23299731
0.12146631
0.8625284
0.9031685
0.85441124
0.79429793
0.019123953
0.8181362
0.5831953
0.5490066
0.9367602
0.56365687
0.07054219
0.50152445
0.57792604
0.7668083
0.94189584
0.84924096
0.56855106
0.32941517
0.46647882
0.8885958
0.9362318
0.8567656
0.7583242
0.74248356
0.50266516
0.39564
0.46534348
0.0410211
0.9234916
0.7165853
0.94943833
0.84854114
0.94564635
0.72168183
0.89745855
0.734484
0.64084035
0.72596943
0.69688916
0.6980943
0.85914123
0.8775647
0.6643989
0.8962654
0.6908124
0.009430865
0.8030205
0.90761524
0.010851667
0.5189346
0.83450603
0.07643854
0.79621875
0.9496975
0.82897115
0.64106965
0.8906926
0.79174924
0.903363
0.74249876
0.5746709
0.53158844
0.91325444
0.5666408
0.25805438
0.70341486
0.82159406
0.811278
0.063919194
0.961206
0.2281107
0.19918914
0.70312667
0.7063181
0.06388936
0.73664194
0.9194091
0.5576849
0.86046624
0.79324555
0.7890202
0.8106606
0.94252694
0.7907067
0.797166
0.9130162
0.8695552
0.47843933
0.84317654
0.40103757
0.83275694
0.47630972
0.91676
0.050266862
0.76645905
0.18513332
0.03812553
0.3429812
0.6773129
0.8176851
0.7610208
0.92851293
0.66895676
0.91540325
0.7277098
0.8264152
0.8450469
0.88031006
0.8560091
0.92165536
0.09607664
0.90094674
0.69736123
0.87519246
0.76676613
0.66690505
0.8865379
0.7274735
0.92544925
0.51450574
0.80244815
0.9680625
0.9065783
0.67832077
0.8090444
0.87170154
0.764707
0.1474519
0.7684351
0.23630999
0.7185192
0.8259953
0.03391762
0.23556323
0.9313053
0.54698926
0.8135206
0.8490356
0.8635266
0.5525648
0.71677965
0.78871375
0.9376051
0.8407713
0.5894619
0.7617191
0.87889874
0.24316931
0.8448638
0.6217319
0.6793907
0.8153228
0.44548494
0.9485488
0.8776807
0.5801079
0.14325073
0.8132372
0.7402027
0.554039
0.8601095
0.2891948
0.86946815
0.904068
0.5838344
0.7797906
0.92888486
0.9170289
0.8448094
0.8115029
0.8832734
0.8598824
0.8700135
0.9028018
0.9192871
0.89492416
0.8733173
0.57409406
0.07342712
0.18429635
0.91862124
0.9363364
0.9293539
0.7275486
0.71611863
0.902305
0.7990978
0.74227864
0.023289802
0.50649065
0.816081
0.57212484
0.9499841
0.8894793
0.5372532
0.9582716
0.79668295
0.9534197
0.34208918
0.9072337
0.70732063
0.8324059
0.95028186
0.8975211
0.6755948
0.2625715
0.36039904
0.9026008
0.7773338
0.92748344
0.66301584
0.9023722
0.8473848
0.16967823
0.6779779
0.26153335
0.0030539553
0.8106597
0.9105439
0.7147434
0.6972653
0.8612524
0.04933404
0.75175613
0.66511184
0.8076756
0.6316872
0.72135735
0.85193634
0.9231061
0.68158036
0.38454822
0.79554695
0.65360934
0.9100226
0.95207494
0.90434134
0.92649233
0.73677725
0.8522459
0.9161026
0.84092957
0.9526725
0.7987729
0.7241689
0.018503422
0.856871
0.86009806
0.7578262
0.57687694
0.8006235
0.7908892
0.83732927
0.8942024
0.8895796
0.8095527
0.6350908
0.8846669
0.7271702
0.7728
0.1536536
0.929965
0.8390933
0.39806825
0.8880888
0.64014745
0.74416566
0.93020046
0.9015393
0.4625632
0.89578694
0.8660332
0.82158226
0.8168701
0.8450917
0.8822404
0.02247735
0.9394054
0.7406173
0.8686728
0.84982264
0.9442014
0.032434694
0.84140956
0.82570076
0.8331319
0.11268073
0.8489552
0.80621374
0.75265825
0.882161
0.8783889
0.67259806
0.81421643
0.60808593
0.7729231
0.9036258
0.91292727
0.9101426
0.6225083
0.62562567
0.8665948
0.7742228
0.746561
0.7543155
0.72427106
0.86704135
0.0058507957
0.964885
0.7672627
0.87419325
0.9390756
0.8064836
0.7098854
0.9520916
0.051747136
0.8907368
0.751544
0.821082
0.034690287
0.81322837
0.5708469
0.95391643
0.7578116
0.6784757
0.73228794
0.5075731
0.705556
0.7773995
0.8452293
0.92453766
0.79750013
0.5928246
0.20304453
0.8528238
0.7412003
0.68175566
0.8207091
0.7790256
0.4360454
0.45390183
0.9280731
0.13990363
0.44396925
0.7658372
0.85657865
0.7911412
0.8258401
0.8832188
0.78978306
0.893478
0.73942786
0.9701906
0.73009366
0.8041045
0.22519305
0.91115874
0.52468485
0.8505413
0.15536717
0.9494531
0.8682297
0.66190904
0.8807204
0.3446709
0.51844615
0.78309995
0.11207775
0.88490343
0.8804532
0.95326626
0.023055948
0.89394665
0.6152142
0.91861904
0.9405881
0.8776226
0.5932254
0.7769917
0.70247746
0.63984424
0.83323914
0.933985
0.8231275
0.15075238
0.6685171
0.03581747
0.91155255
0.8804687
0.8980416
0.9495436
0.13158636
0.866086
0.6394794
0.9496048
0.88367337
0.5692072
0.70219105
0.7426413
0.7248066
0.7291323
0.8249249
0.42729098
0.8445136
0.89135045
0.6767013
0.8653415
0.5619551
0.84058243
0.8521373
0.70721537
0.8518002
0.9122303
0.6315275
0.8284609
0.9135046
0.74563867
0.8083037
0.90012205
0.8702532
0.8431157
0.95719475
0.87870586
0.49172732
0.17336373
0.5789986
0.8567735
0.49203193
0.85042393
0.16676538
0.9048005
0.9031398
0.8677142
0.85749775
0.83691406
0.93819743
0.80913717
0.9023253
0.91163075
0.45868167
0.73765194
0.062040493
0.04058681
0.43341354
0.9395592
0.9456038
0.66327125
0.8369071
0.8475575
0.5966903
0.72177356
0.8986906
0.79605865
0.6641033
0.124283746
0.5042126
0.8839579
0.8347251
0.8906306
0.57491225
0.9350661
0.7057604
0.9046638
0.9210781
0.033913292
0.63906604
0.005258421
0.8467506
0.6810202
0.56927866
0.86942863
0.8867414
0.5682318
0.008434901
0.8957442
0.79099214
0.12337536
0.64083683
0.75608885
0.95387334
0.8868129
0.85752696
0.7876604
0.90208036
0.8281722
0.7391204
0.85069436
0.66718936
0.8914987
0.9081521
0.8604503
0.54117364
0.80383015
0.2714465
0.9535835
0.8830211
0.82234365
0.9124974
0.9156118
0.41202402
0.69951296
0.84209204
0.03715933
0.4600415
0.75839674
0.85250425
0.054755192
0.85047036
0.90320426
0.8860871
0.8661661
0.8691596
0.9007902
0.56242055
0.8567083
0.8926077
0.881464
0.040872302
0.94377357
0.87441474
0.3866065
0.7842106
0.033861768
0.23534618
0.70921004
0.89936197
0.029604357
0.6922031
0.9616157
0.033040874
0.49788702
0.35742125
0.9089705
0.008449957
0.9309647
0.80869496
0.7705166
0.8705608
0.766641
0.87459457
0.9401606
0.7310845
0.8788392
0.9164484
0.8854453
0.5168995
0.07017927
0.806967
0.095360175
0.8201838
0.78727394
0.8640001
0.21999544
0.11338745
0.8801789
0.938082
0.75113416
0.888658
0.67644167
0.044174112
0.714164
0.86835486
0.19317365
0.885728
0.045846656
0.94486666
0.6878853
0.68608785
0.9012298
0.06290993
0.85659796
0.8805939
0.70094395
0.8530698
0.8584468
0.804987
0.43372843
0.54979336
0.8455827
0.93698996
0.18601324
0.59403795
0.85863566
0.89704907
0.7405247
0.9108345
0.5248412
0.90232086
0.78284377
0.5892489
0.21888146
0.45290095
0.66451526
0.8575618
0.8784011
0.7891146
0.8631934
0.69891053
0.09223166
0.07229832
0.8363368
0.66710514
0.84192723
0.037072364
0.9108263
0.8023991
0.54075545
0.5265126
0.810461
0.8736941
0.9417894
0.40174896
0.90499425
0.13236344
0.89617056
0.93033653
0.8898772
0.5458138
0.7668681
0.4661461
0.7641278
0.65454555
0.7980342
0.40108785
0.95816934
0.8313944
0.9097314
0.9040075
0.9095785
0.75533426
0.8854404
0.8210885
0.79154134
0.66790926
0.86087435
0.64651424
0.80763197
0.90016294
0.8130387
0.03822854
0.86834157
0.45981392
0.6916988
0.8692499
0.8235698
0.36780694
0.8437638
0.83994365
0.8430199
0.7508995
0.7591485
0.90379494
0.9434457
0.80714923
0.8075919
0.007475579
0.6424008
0.82010484
0.75661594
0.34711757
0.9311388
0.8059842
0.88043517
0.083216526
0.92665225
0.43787193
0.05145689
0.14020002
0.37300113
0.7532495
0.3794593
0.8674866
0.76502705
0.5084303
0.8804552
0.8915541
0.8262093
0.602476
0.7411553
0.71016324
0.29031372
0.36244735
0.79945576
0.7835043
0.8548182
0.8796787
0.123184375
0.15544876
0.8134323
0.9487915
0.6809114
0.7197778
0.8256013
0.93584526
0.59963435
0.8171196
0.5028965
0.49584058
0.9222714
0.30158448
0.9202003
0.8029107
0.8590769
0.0700465
0.46949062
0.028519068
0.48173243
0.7574531
0.94420093
0.6619111
0.721509
0.71673566
0.9411645
0.48209566
0.87048864
0.0095164515
0.92537874
0.026499292
0.6977639
0.3857722
0.7411654
0.7526763
0.26782176
0.6278752
0.928055
0.24543215
0.8557418
0.73678446
0.8654562
0.7773255
0.878351
0.7469884
0.73475766
0.5684358
0.061511345
0.8930541
0.0250034
0.8718735
0.6520724
0.6448075
0.36977345
0.8364003
0.619577
0.81796026
0.8799834
0.9131203
0.8680261
0.9028071
0.9064233
0.9309802
0.5608387
0.78595924
0.902926
0.9198777
0.8859951
0.5206803
0.67304736
0.1328533
0.9181131
0.34902966
0.6039157
0.8748303
0.82432246
0.49807754
0.866177
0.76828665
0.02391316
0.9181618
0.9348626
0.920331
0.28241664
0.9100761
0.87995565
0.90060765
0.44769505
0.5907473
0.67630035
0.94530004
0.8205298
0.61006796
0.71279216
0.56565845
0.45808876
0.67870766
0.91255623
0.044270977
0.8071241
0.5507791
0.6216559
0.91439086
0.8360146
0.8209431
0.53697395
0.015058752
0.8321538
0.6538409
0.90211153
0.5360038
0.5375214
0.91872215
0.94542515
0.7953508
0.85960746
0.8492764
0.8331496
0.78093725
0.92775697
0.91189516
0.6237217
0.88013965
0.88531405
0.47321486
0.3431904
0.8862442
0.9272159
0.5722438
0.95914334
0.7838611
0.6540021
0.7643703
0.54720056
0.9007395
0.80822176
0.35478008
0.9047834
0.59296757
0.8717458
0.5319989
0.32674044
0.7683781
0.7687686
0.77793765
0.32359922
0.6752156
0.65763795
0.58678967
0.7605218
0.7364473
0.7672066
0.028613564
0.77357155
0.80818
0.9187832
0.043923587
0.85015774
0.9251751
0.6498908
0.7702335
0.94913065
0.08097288
0.8700043
0.9237573
0.9088712
0.8894782
0.7751648
0.45437688
0.82043254
0.12248558
0.7700697
0.7832018
0.90046936
0.8294893
0.88584983
0.56876343
0.91018707
0.574084
0.001669921
0.63403493
0.88025546
0.86022013
0.34193704
0.9256837
0.8201465
0.9251696
0.039124414
0.9172607
0.69741714
0.74085885
0.79172623
0.7267775
0.8876668
0.7650573
0.6531392
0.5331506
0.053364743
0.5387285
0.5918301
0.79307556
0.012198869
0.82607776
0.8090215
0.44076428
0.054859586
0.85897315
0.8646563
0.35170686
0.9262748
0.9273919
0.8747039
0.09484564
0.9093823
0.0866743
0.60370183
0.85486066
0.7986177
0.6218611
0.7581636
0.5855467
0.8536379
0.89872587
0.7207826
0.86826295
0.9207563
0.8320955
0.93711644
0.92357516
0.9029
0.7927944
0.9423798
0.76706076
0.9165277
0.7441267
0.7020912
0.78150755
0.8945029
0.8294749
0.5954245
0.47908172
0.88547343
0.6929507
0.7901681
0.804947
0.023511492
0.7552053
0.83173823
0.2756255
0.9208709
0.4685862
0.21228258
0.9562956
0.8581506
0.53923625
0.8445255
0.9352473
0.93532383
0.74039674
0.92426556
0.80467457
0.76939183
0.86841285
0.8454249
0.6154874
0.021298222
0.122601226
0.92556685
0.7966369
0.8722223
0.7190755
0.74345297
0.044007402
0.92376846
0.91612786
0.9250467
0.842323
0.15440066
0.5190463
0.7210498
0.044060096
0.9165352
0.4280655
0.93196505
0.54917717
0.77509046
0.26195624
0.83543515
0.8567953
0.2918448
0.77714276
0.8802626
0.773509
0.58152443
0.93640727
0.11668316
0.9116163
0.733016
0.8844025
0.75318044
0.68961185
0.6314713
0.8064605
0.8460725
0.846419
0.8505892
0.7910557
0.86513615
0.7515033
0.9067197
0.8888421
0.88179445
0.5819258
0.89710295
0.90855736
0.33675608
0.04525308
0.85959536
0.836452
0.8046499
0.024758551
0.9036314
0.869688
0.68363875
0.004021202
0.9230292
0.70534056
0.612717
0.8791305
0.8408526
0.54362375
0.85484797
0.54815423
0.4901346
0.6122956
0.8647828
0.78734756
0.44741258
0.022935983
0.917171
0.67868257
0.76340824
0.8918617
0.93322855
0.8644266
0.922878
0.9174451
0.41947213
0.5017157
0.91857153
0.003759048
0.5200778
0.0057748277
0.9153723
0.87725866
0.13619596
0.8724464
0.8532606
0.66297597
0.91890407
0.6057764
0.8819701
0.90503216
0.8947728
0.7296689
0.9429691
0.73183316
0.6586863
0.9051101
0.8245932
0.08016932
0.8908249
0.9169068
0.1621181
0.70774233
0.7776992
0.7207777
0.026831817
0.7069646
0.72460765
0.6055845
0.8211219
0.59523
0.41926393
0.25370398
0.62036335
0.61124706
0.27047473
0.8560976
0.8614476
0.5729697
0.78137577
0.8526155
0.7798376
0.50846344
0.66303176
0.6705389
0.83265144
0.8302003
0.8947167
0.027208269
0.8714396
0.06704442
0.9333633
0.55582505
0.8949142
0.54558814
0.8655367
0.6006178
0.7439823
0.94407487
0.69503534
0.5948152
0.8515355
0.85815537
0.80976784
0.021025114
0.81116045
0.53689724
0.824728
0.43900374
0.939226
0.84302557
0.75187063
0.8657041
0.86211747
0.8403017
0.94904333
0.039255973
0.8345822
0.8025573
0.89620477
0.6486781
0.83682394
0.5752575
0.7129861
0.68859845
0.8427771
0.65675175
0.013092617
0.8290949
0.7422132
0.9154575
0.85282695
0.94807607
0.9491207
0.80854106
0.9019162
0.924099
0.72499794
0.55345315
0.9074569
0.8173349
0.08021796
0.8919775
0.9488249
0.5217459
0.8838901
0.84727526
0.8520428
0.25734332
0.3839856
0.6060848
0.7141355
0.004472483
0.8768746
0.9262954
0.7456066
0.8414786
0.004070551
0.76503384
0.8378555
0.29027888
0.7449767
0.8376968
0.8681408
0.86834127
0.88419825
0.6186133
0.76776385
0.8944912
0.8651488
0.01668629
0.85706747
0.8997716
0.8728378
0.75365454
0.004221794
0.6543113
0.6474247
0.8715558
0.8796434
0.7706244
0.8585036
0.45582664
0.77387244
0.89397687
0.9401575
0.038096152
0.89867294
0.7163293
0.2002682
0.62432325
0.0074639563
0.6881746
0.813549
0.8273846
0.6242082
0.2182013
0.6018375
0.6165506
0.58240354
0.70410603
0.76366675
0.76275134
0.63927424
0.66776407
0.9304801
0.9203514
0.93406296
0.9266703
0.90012157
0.013726344
0.7741085
0.8885664
0.5536503
0.81405693
0.9355115
0.91935235
0.75866306
0.93332034
0.0022865506
0.04531781
0.94216615
0.8427245
0.82794756
0.9364303
0.12220329
0.7300198
0.9067963
0.15684946
0.80820227
0.032720793
0.37592313
0.80660343
0.9198388
0.55271816
0.79819214
0.49148557
0.76476544
0.8978329
0.52470803
0.8376822
0.84764683
0.6965408
0.9295099
0.70565593
0.47109702
0.8366055
0.8411034
0.61361074
0.6311364
0.70034367
0.530275
0.8831566
0.8532976
0.73395896
0.83879066
0.6044827
0.9489411
0.39986527
0.7729563
0.8812028
0.88330734
0.8624753
0.8808621
0.5374553
0.71681523
0.75786537
0.91232777
0.06442984
0.7407073
0.8297745
0.6649362
0.62612045
0.87752765
0.63157046
0.74542505
0.9011038
0.84313583
0.049614817
0.14547175
0.74443686
0.84713376
0.8963308
0.031773996
0.92429715
0.95886374
0.58037305
0.9140912
0.93743294
0.6413044
0.5091417
0.62223834
0.72491264
0.93057865
0.9359164
0.43981874
0.07321653
0.92810947
0.8305761
0.9540657
0.695259
0.9001835
0.9125817
0.9248132
0.20717272
0.36447874
0.7840017
0.82251245
0.7995212
0.8072718
0.64463353
0.8980878
0.82780117
0.084536314
0.2540898
0.7907577
0.84124935
0.87461233
0.6011386
0.7383631
0.73859257
0.27761427
0.10055321
0.78293455
0.1148955
0.80392426
0.77572644
0.3551717
0.74619937
0.88629735
0.9280414
0.6608387
0.52836263
0.92766035
0.63208324
0.87428653
0.7810395
0.5221373
0.8824321
0.5170894
0.927178
0.5598136
0.84705544
0.6331109
0.7232749
0.77660316
0.59960556
0.12588926
0.9157164
0.75052905
0.8984233
0.024954556
0.92692983
0.21830362
0.19933325
0.6841042
0.8170691
0.11601046
0.18168747
0.56764627
0.54085076
0.56549346
0.6054523
0.8927185
0.47688767
0.030191276
0.76262283
0.8350895
0.9281036
0.8253806
0.6514201
0.9006603
0.7036325
0.817204
0.22936092
0.7098931
0.88786453
0.6334756
0.895718
0.91401166
0.44599217
0.93301094
0.8009052
0.8199823
0.3431982
0.78371
0.7507761
0.28608587
0.9053944
0.83389324
0.546929
0.9350897
0.84464055
0.7296024
0.71672434
0.8786478
0.017876595
0.21796095
0.68495655
0.8956048
0.9149688
0.698451
0.030160815
0.38140795
0.88734865
0.8742489
0.55853975
0.61201584
0.9203387
0.8635095
0.9326993
0.31628975
0.89468277
0.05403751
0.83108675
0.10332777
0.92147976
0.9195389
0.8903587
0.8097784
0.65735704
0.9096889
0.5875659
0.06302704
0.04367406
0.8889165
0.77183205
0.25978208
0.63072807
0.96214443
0.5046168
0.703505
0.58724934
0.78387886
0.11999625
0.8486992
0.5959847
0.048831444
0.7979611
0.76138467
0.70631135
0.35787275
0.53399646
0.7756708
0.8201691
0.31957027
0.8928722
0.81327397
0.74313104
0.7364986
0.9185424
0.72675776
0.94576716
0.9486382
0.68841696
0.83878887
0.5304177
0.7123698
0.31828585
0.80137247
0.87996846
0.7007502
0.74208766
0.9071653
0.19288112
0.769272
0.6202168
0.6435169
0.5944405
0.7991217
0.4856235
0.8095129
0.6712047
0.77101594
0.89179456
0.72929823
0.53557503
0.7683923
0.726361
0.80016947
0.88574064
0.12754476
0.026320122
0.74541265
0.0682159
0.9482439
0.72312033
0.78852415
0.61341095
0.84741616
0.4769791
0.85722363
0.05710754
0.921947
0.79053974
0.74929714
0.71318525
0.68808264
0.6404544
0.57447416
0.70561445
0.8712347
0.8283594
0.7567217
0.6279276
0.08409552
0.5976786
0.32544884
0.80307674
0.911507
0.31969914
0.95818514
0.51922846
0.8043897
0.84810674
0.8477015
0.8172559
0.45723253
0.025270902
0.83024275
0.3236493
0.8386825
0.8535076
0.8027946
0.32617122
0.9432731
0.11462961
0.102523625
0.9440439
0.7509221
0.21517463
0.7154491
0.93118376
0.5210022
0.03515607
0.85411954
0.7772888
0.7906416
0.5182823
0.89911884
0.4131236
0.026805947
0.7156473
0.7714342
0.67560804
0.49714792
0.74541575
0.611907
0.71875024
0.95347553
0.8789098
0.66527814
0.81399995
0.877632
0.82220745
0.9404022
0.77860355
0.9236546
0.9376473
0.7895338
0.84146
0.9044335
0.77221215
0.8032934
0.6764007
0.8042854
0.90017205
0.6825558
0.6759584
0.07330623
0.3522441
0.81760275
0.8803053
0.44088417
0.6716741
0.8816588
0.850091
0.97187984
0.64380294
0.8656899
0.7704483
0.94442385
0.65912515
0.79441625
0.887123
0.83585906
0.59448874
0.8741282
0.65674245
0.8647191
0.8052208
0.9216116
0.78498536
0.8392068
0.9300109
0.670128
0.74311525
0.7991766
0.81391126
0.39630374
0.41971684
0.58273417
0.9156568
0.57340795
0.63328904
0.91955245
0.73652697
0.8661385
0.11704717
0.30556566
0.9288222
0.9258639
0.9054507
0.8481543
0.7938403
0.019587448
0.55332744
0.7411356
0.49045226
0.0062919785
0.8648584
0.83762026
0.9144758
0.75900054
0.45728457
0.89565545
0.6613008
0.43915612
0.67195225
0.21132691
0.88678956
0.6739299
0.55950445
0.8534841
0.805816
0.71475524
0.61197335
0.6861865
0.7123814
0.019959496
0.93672985
0.85103613
0.7982874
0.26875567
0.8798149
0.002440771
0.8692417
0.4293556
0.70190024
0.74576485
0.68933207
0.43758076
0.76503
0.72886014
0.714987
0.882839
0.66290367
0.58141905
0.7233562
0.88314426
0.69338673
0.030664522
0.7167266
0.89999664
0.4432376
0.88711834
0.59641886
0.8037238
0.81985444
0.9206892
0.90381116
0.61511815
0.83457327
0.6792058
0.5994024
0.9214216
0.13563652
0.41175544
0.94149935
0.8521524
0.111491404
0.5861423
0.7824242
0.9592943
0.8699601
0.7590949
0.51756364
0.9028832
0.4264452
0.8637872
0.02883489
0.9138437
0.8160944
0.6979804
0.7197686
0.83863074
0.15609194
0.9564388
0.455435
0.7571179
0.54787254
0.6867219
0.7500842
0.8468261
0.8773083
0.85357034
0.28608942
0.9761324
0.4758601
0.87387556
0.030399952
0.8852788
0.8789979
0.664343
0.85164034
0.8946957
0.7524699
0.8635282
0.46966296
0.50742626
0.598152
0.7625187
0.64811736
0.026546702
0.83486253
0.8714372
0.4740394
0.9720485
0.53278685
0.70425975
0.7688161
0.8469461
0.32790732
0.81226116
0.7402425
0.7932101
0.43510294
0.84421897
0.70416826
0.7286307
0.7973462
0.8526782
0.9090351
0.043796957
0.045411594
0.85281134
0.8820126
0.72840416
0.75297457
0.7874304
0.39993805
0.9158605
0.6773272
0.81110793
0.879484
0.24240352
0.87661755
0.94311476
0.83754796
0.9171072
0.9314285
0.73440695
0.057287794
0.49806374
0.48109907
0.8319109
0.49528965
0.6248943
0.8449136
0.91017514
0.93600714
0.42451793
0.8939135
0.8549751
0.42113042
0.8231964
0.7885948
0.25921825
0.44381136
0.76356256
0.6507748
0.7797344
0.12169824
0.85323215
0.77600455
0.49991634
0.748495
0.8828069
0.8458943
0.91289496
0.9017454
0.8432071
0.88252497
0.7571714
0.034607917
0.9161203
0.8563762
0.8077725
0.64023066
0.87268853
0.78556675
0.57420504
0.65142953
0.7379002
0.8265892
0.9062383
0.13296673
0.87681556
0.8935007
0.50427896
0.7831701
0.38885972
0.75489545
0.3429715
0.7685137
0.8757609
0.6202741
0.9557112
0.5909482
0.7179689
0.7765823
0.5875137
0.7665558
0.8100971
0.57932276
0.7247892
0.66315585
0.81883615
0.49830475
0.4462136
0.85655814
0.6821064
0.9414094
0.75133634
0.7855388
0.9508861
0.33517313
0.86868894
0.3953502
0.82227695
0.4881517
0.7407369
0.78378254
0.7928939
0.8036858
0.14820042
0.57766205
0.08264505
0.6478295
0.9461444
0.86935675
0.3361078
0.92968535
0.7790026
0.9282645
0.7087462
0.42211077
0.9078798
0.87920165
0.86052155
0.8529303
0.92724806
0.74358046
0.94883686
0.45717332
0.9175794
0.6633633
0.023347132
0.91123104
0.810292
0.42067024
0.84331065
0.6584687
0.86666507
0.5528708
0.6184472
0.6435632
0.86220723
0.86437356
0.49651822
0.91987157
0.03249691
0.6132753
0.84194016
0.82334757
0.76142824
0.8404993
0.9119185
0.91942436
0.8305538
0.84434867
0.4511942
0.7002882
0.7828659
0.6747762
0.91918933
0.84630895
0.8512352
0.8421225
0.73330396
0.90331227
0.5665735
0.63844186
0.7357199
0.5495769
0.48153874
0.80266684
0.83424467
0.8832921
0.88541025
0.8661764
0.8223718
0.8508667
0.7457522
0.67320496
0.6485982
0.027409635
0.021435315
0.061645728
0.5762152
0.8077611
0.92375016
0.68459964
0.6190948
0.83537185
0.7640949
0.258106
0.6477537
0.79565763
0.90792453
0.7374129
0.4525035
0.6159122
0.923645
0.8752934
0.9588045
0.8017186
0.78808033
0.10844417
0.90841454
0.6960584
0.83093804
0.7820701
0.9375715
0.78623873
0.9522186
0.78911483
0.40231055
0.22187036
0.6025903
0.8626482
0.8550575
0.92973274
0.90740746
0.84968936
0.79404765
0.6492997
0.6817511
0.9104767
0.5901763
0.9683875
0.90777624
0.78971165
0.48406452
0.94384336
0.90427595
0.47331744
0.79040426
0.9164513
0.7513716
0.5293016
0.9025523
0.9151036
0.9030139
0.031632476
0.8773469
0.55199456
0.03439852
0.91342765
0.6259567
0.9490739
0.91233444
0.8474241
0.8770516
0.87092173
0.73642397
0.6467861
0.40268755
0.75515425
0.1053134
0.90591025
0.70172507
0.5715586
0.5620246
0.9227886
0.9371143
0.66207266
0.92908406
0.21536228
0.40218857
0.9080912
0.733887
0.03652537
0.37260303
0.8959899
0.22172059
0.8273556
0.680481
0.85355955
0.7828122
0.28129894
0.17451361
0.9339476
0.9164282
0.91996527
0.78657794
0.73836094
0.7768633
0.8938446
0.84265774
0.68776006
0.24713823
0.96518093
0.8034787
0.6105931
0.77450037
0.79543316
0.82174003
0.052190904
0.5831113
0.44454518
0.61839026
0.93653166
0.86562485
0.77312684
0.86421597
0.9008565
0.044841886
0.5530305
0.25524157
0.8590324
0.8949948
0.6299113
0.8752527
0.72013384
0.12760063
0.79516625
0.901695
0.28824285
0.83628666
0.021364901
0.8484474
0.6564467
0.9002813
0.8153965
0.028222905
0.8863131
0.03238197
0.22389469
0.91916186
0.88651085
0.87135684
0.694025
0.8805224
0.7015208
0.91303897
0.9252818
0.8436723
0.042053834
0.91303754
0.777862
0.82389736
0.87222403
0.8196813
0.6048416
0.5831987
0.017805928
0.69523686
0.60015774
0.6000549
0.8850751
0.06924009
0.7055454
0.040043794
0.48804328
0.32717127
0.77866566
0.36683
0.76441586
0.5926972
0.5857231
0.5214588
0.41968575
0.93751824
0.67235696
0.8465338
0.82499546
0.66189015
0.72392595
0.8951999
0.057987213
0.93765104
0.8718108
0.8838161
0.85684025
0.3450876
0.8770994
0.7763175
0.8925249
0.8867675
0.68956584
0.81681204
0.9382935
0.8552777
0.6213051
0.9270086
0.90817773
0.8916789
0.65529513
0.86539453
0.9165418
0.9301787
0.15950526
0.9569175
0.72180575
0.65022707
0.42722297
0.9221762
0.62096345
0.86877
0.9079141
0.7854392
0.690229
0.9017983
0.6605485
0.78629273
0.8277345
0.9157327
0.36170423
0.8805719
0.9228612
0.56863666
0.034043007
0.7939065
0.8346118
0.9015669
0.117361784
0.5261411
0.9400446
0.8698753
0.71012706
0.8320587
0.8609241
0.76761216
0.8850844
0.9363114
0.0506251
0.6965138
0.26007882
0.74204206
0.8893119
0.7446917
0.6185659
0.96378523
0.9092592
0.80581456
0.815706
0.8964987
0.7057417
0.8740343
0.72507846
0.83899707
0.38345975
0.82635015
0.7197222
0.6296845
0.63750994
0.8050415
0.9372471
0.2733888
0.8033761
0.83296204
0.80273086
0.7945065
0.5534333
0.9579216
0.63399905
0.8248015
0.77350456
0.85298085
0.78032184
0.8420315
0.4360686
0.6844423
0.8728049
0.5739258
0.61025393
0.6926847
0.00033055153
0.35721815
0.6248991
0.8587631
0.83776647
0.38006863
0.8799461
0.95025545
0.53749675
0.93701017
0.8406745
0.100507595
0.9225841
0.17664826
0.8333088
0.8677689
0.8128496
0.9166665
0.7597072
0.9583504
0.884007
0.8788753
0.88274974
0.8420864
0.8764173
0.31071174
0.67614794
0.9351434
0.3416855
0.8789258
0.9437271
0.83487236
0.8933163
0.9184426
0.0545533
0.9348249
0.8531578
0.76259786
0.8956567
0.8287627
0.87933034
0.9220762
0.6550776
0.05048437
0.87886286
0.019219043
0.51923853
0.8570705
0.85795563
0.8165664
0.94489515
0.6294477
0.8676324
0.6770351
0.02660074
0.9109758
0.90926087
0.74174476
0.7793481
0.72162086
0.86871266
0.92697424
0.81934786
0.92737085
0.69521046
0.8647531
0.93522686
0.41910848
0.82617265
0.7511108
0.6822484
0.92557514
0.8838012
0.87557817
0.3032727
0.590716
0.35236442
0.85071105
0.875716
0.6040742
0.473227
0.8605231
0.06089773
0.81201303
0.9003041
0.762691
0.74728805
0.74091864
0.67853653
0.9267972
0.63230944
0.9247134
0.82115346
0.9508039
0.8812433
0.8318298
0.6961406
0.8540908
0.71463686
0.9039172
0.94207406
0.8907899
0.92104244
0.77888656
0.8926768
0.85265833
0.6031456
0.81076175
0.6949949
0.570381
0.720937
0.04511166
0.18551894
0.07815871
0.8746263
0.69982475
0.7383846
0.19327529
0.9394508
0.9189119
0.8681812
0.90415
0.88614714
0.6674265
0.68612605
0.26321313
0.80240834
0.9433946
0.5139219
0.89206994
0.9208926
0.874481
0.097360305
0.9388616
0.88911843
0.87405294
0.8184608
0.7653473
0.79639375
0.02628248
0.7957753
0.89406824
0.84516466
0.63719153
0.84977525
0.8742491
0.838504
0.83274406
0.7997835
0.9505223
0.48979986
0.5712425
0.88556683
0.5791314
0.86961585
0.661358
0.0034798607
0.7450949
0.76096535
0.7418287
0.54521775
0.7615384
0.818866
0.95877314
0.8663868
0.7426423
0.92432004
0.79048866
0.91700584
0.070964664
0.86572886
0.8925475
0.7813098
0.9101906
0.81395143
0.9438946
0.8159468
0.91503876
0.9076721
0.7771458
0.90316504
0.9382671
0.58844763
0.42965704
0.9056399
0.9498656
0.60274607
0.9255569
0.156342
0.7787021
0.5589098
0.8603811
0.91932863
0.6890137
0.9512317
0.50694066
0.75378275
0.882119
0.44860965
0.8777878
0.7352718
0.51535094
0.6818186
0.8280037
0.8167268
0.93247277
0.72462314
0.9571778
0.68042934
0.8858154
0.040784076
0.8841807
0.63458025
0.84579563
0.95891243
0.8305367
0.747667
0.74943274
0.5948559
0.87336683
0.9608438
0.8774893
0.92576635
0.7138204
0.82160723
0.94787014
0.8756665
0.9578832
0.76334906
0.84842485
0.864605
0.41883904
0.3216772
0.851148
0.9380898
0.59071344
0.6519987
0.7990985
0.6195181
0.10511591
0.773159
0.7218033
0.8518352
0.8394477
0.610631
0.7368273
0.84842193
0.9242869
0.77578
0.893604
0.89404297
0.0026633418
0.97619545
0.46648356
0.869876
0.925218
0.56594217
0.012887185
0.78278565
0.6772105
0.91167885
0.07872587
0.70249957
0.86695147
0.8668073
0.86201304
0.63919234
0.7851612
0.83164597
0.9297445
0.7734505
0.75243384
0.8279654
0.04415529
0.83038205
0.94052327
0.8504324
0.90106356
0.6017852
0.94029886
0.87418294
0.708758
0.74175465
0.9419826
0.7888745
0.4550439
0.9264978
0.94056636
0.84951466
0.8771034
0.5905585
0.8514646
0.059044592
0.8886902
0.5129064
0.97007465
0.8247926
0.91608
0.92433923
0.88435084
0.5074656
0.82503355
0.85299355
0.4606969
0.92977035
0.94602245
0.04222695
0.8140272
0.0137160495
0.8823352
0.068693966
0.8123933
0.034715027
0.63199914
0.7533372
0.7797099
0.34454536
0.8980192
0.019593552
0.037615664
0.790362
0.92301977
0.82389665
0.6700567
0.16455506
0.81134737
0.7947142
0.91955113
0.024064217
0.6956946
0.12587471
0.8212942
0.7942238
0.021830447
0.7739537
0.85400575
0.8928333
0.8694319
0.92870384
0.84674114
0.721343
0.8662714
0.5162608
0.93241805
0.5883261
0.05803317
0.92931676
0.89482784
0.7610026
0.88564026
0.40191436
0.5576281
0.84544057
0.38320497
0.8881247
0.8781262
0.3422752
0.866337
0.8505745
0.91719115
0.8003658
0.014442469
0.8279322
0.7107366
0.6379687
0.93928236
0.68464386
0.9215125
0.017459033
0.8160281
0.9505372
0.92674816
0.8729866
0.8236258
0.14923495
0.79055214
0.7001772
0.845803
0.6576968
0.79779637
0.6446583
0.73116434
0.45496625
0.9185367
0.04772627
0.7611301
0.009619747
0.85589296
0.5437697
0.21244818
0.0788251
0.9174603
0.48646802
0.891963
0.70667243
0.74717283
0.8878679
0.8320181
0.75019556
0.30083224
0.891073
0.10010697
0.840031
0.84112227
0.90033454
0.8542008
0.2835885
0.8532165
0.8727642
0.90417063
0.7624804
0.5792495
0.69551116
0.86190873
0.6905712
0.90327835
0.7816211
0.7368664
0.04587667
0.68195623
0.7868451
0.6547193
0.4193354
0.87894636
0.7038178
0.85493183
0.6052491
0.8356451
0.883231
0.9061809
0.83414423
0.8291323
0.9060304
0.80799645
0.42853484
0.63142616
0.03646746
0.9489153
0.29540515
0.93167204
0.7955776
0.9416427
0.8597183
0.70319986
0.8888664
0.87888944
0.77569294
0.6629799
0.8160418
0.5663565
0.16523568
0.79074657
0.92719287
0.5264294
0.25014567
0.8197038
0.74085414
0.45328438
0.7342804
0.7763567
0.6365238
0.007900219
0.31129318
0.8062976
0.64026904
0.8487727
0.5062514
0.700263
0.8869753
0.12646286
0.71342593
0.81776583
0.7228636
0.88605803
0.8165
0.9371665
0.5727866
0.9542668
0.86968786
0.6149517
0.83051074
0.7087319
0.7799139
0.9074572
0.5513898
0.80588484
0.8517767
0.9268111
0.22682148
0.12164743
0.94277954
0.92416084
0.19991167
0.89412147
0.9160464
0.59399605
0.6388413
0.65750813
0.6949911
0.8549974
0.8803697
0.78441375
0.98192614
0.83782655
0.5480753
0.70929796
0.8107307
0.76121944
0.08905247
0.907006
0.9091049
0.80029875
0.9153575
0.564046
0.5723663
0.86834264
0.90835434
0.91101617
0.69408673
0.5948934
0.8212099
0.8560333
0.6663639
0.8377568
0.6776299
0.21862932
0.8826665
0.8184237
0.51715755
0.5766257
0.69193757
0.9211869
0.6628258
0.8970349
0.87830555
0.7442863
0.46685416
0.9181385
0.25295532
0.86636865
0.023302987
0.68634415
0.7333353
0.8887118
0.5999878
0.5911206
0.8422359
0.9229489
0.87713057
0.7985377
0.8380458
0.67690295
0.8254213
0.0059758383
0.8190303
0.76068133
0.8980334
0.85628134
0.77875113
0.93746966
0.84163576
0.83219945
0.90224344
0.9181771
0.8075865
0.70517266
0.03035776
0.94430816
0.37497133
0.92229146
0.75443673
0.6988456
0.4698057
0.80195993
0.36680198
0.70268226
0.25818887
0.78225476
0.2924349
0.8598977
0.134695
0.20808122
0.5240326
0.82991415
0.77611005
0.7306509
0.56226665
0.73095423
0.9125065
0.88192177
0.8350735
0.86288106
0.78635085
0.5575339
0.37901962
0.93552417
0.8151503
0.8260001
0.6007621
0.9102696
0.68318665
0.91426533
0.59725803
0.73912084
0.6312711
0.92875654
0.531387
0.8177924
0.61276364
0.13331534
0.84840566
0.88481027
0.9140638
0.827397
0.92317665
0.95724803
0.8456882
0.81365925
0.892363
0.8353752
0.73044956
0.75470245
0.044360027
0.49212933
0.7143376
0.14254615
0.6843686
0.69598985
0.9002068
0.952944
0.7787819
0.33171663
0.82432806
0.95104945
0.7981628
0.782732
0.058369942
0.8361614
0.7809445
0.72005486
0.8552084
0.9551748
0.48456967
0.88988614
0.034643278
0.93062556
0.902188
0.7469986
0.81387067
0.8468505
0.6682507
0.8824963
0.5207777
0.77426505
0.8230629
0.7558382
0.7303297
0.9124382
0.44019538
0.88862765
0.810644
0.4639924
0.71384954
0.81249875
0.64145887
0.9187784
0.6541672
0.9209059
0.8609287
0.8183407
0.72425014
0.88459283
0.77501655
0.9113381
0.53776425
0.047699817
0.55871594
0.52197886
0.65115136
0.61043876
0.86303496
0.89126796
0.55294615
0.80403864
0.85494334
0.7935341
0.923418
0.937425
0.8649632
0.92994475
0.64756006
0.70833826
0.7906948
0.8250724
0.7991775
0.015467793
0.77770585
0.9085376
0.43640956
0.7411626
0.79033124
0.56611794
0.8078091
0.94866085
0.84012926
0.90241694
0.85310596
0.81681365
0.81856453
0.9345176
0.8963527
0.9189755
0.060459957
0.090894654
0.8724584
0.066905215
0.41272712
0.9430727
0.44065845
0.89035696
0.8634185
0.8139728
0.851324
0.022214342
0.5620884
0.78950554
0.8433617
0.12361364
0.76243937
0.031956557
0.7679058
0.8546488
0.84168255
0.02735456
0.60741514
0.009268938
0.77973056
0.74281216
0.07823752
0.9625192
0.9434468
0.8386707
0.7196508
0.07928475
0.38346976
0.6880255
0.49689627
0.9129281
0.75877166
0.55646986
0.8454109
0.7223991
0.79745984
0.8127217
0.4979264
0.000597775
0.8101055
0.86458206
0.4002241
0.86378455
0.08088051
0.704293
0.92049557
0.6959357
0.8084099
0.003581387
0.039587457
0.8889762
0.70363003
0.82738984
0.83899605
0.5594013
0.9106962
0.8920483
0.5293036
0.9504581
0.2794532
0.8682766
0.18330933
0.012035334
0.8456364
0.0033630622
0.8238647
0.92755276
0.9080019
0.8630405
0.9644752
0.031699434
0.6937407
0.6717696
0.031552035
0.83789694
0.8851932
0.78400075
0.021489516
0.90149605
0.50786465
0.8447623
0.9044785
0.9555245
0.84678584
0.61133265
0.8911797
0.5004978
0.6138792
0.091916576
0.91202176
0.8432889
0.67979753
0.57811797
0.8386753
0.9367271
0.7406745
0.87035054
0.3644442
0.6342147
0.19901466
0.09839831
0.25159058
0.665835
0.88538706
0.9084742
0.55187845
0.02679506
0.7714409
0.80126536
0.8787333
0.9114884
0.59182006
0.74194497
0.7172991
0.78699166
0.052668452
0.8849837
0.6489744
0.8471437
0.6851183
0.89509094
0.6917683
0.915913
0.040526457
0.3789212
0.80104476
0.18401727
0.84333515
0.71697956
0.042580083
0.7745384
0.86550665
0.78758395
0.50005597
0.04745672
0.72724205
0.56489325
0.51312315
0.80992454
0.88666576
0.56503785
0.5787715
0.710482
0.77021337
0.5799369
0.87426305
0.94338804
0.90009016
0.5080457
0.8753482
0.73759794
0.6769904
0.9250884
0.94329625
0.6026841
0.85254645
0.86541283
0.94623363
0.9341224
0.63354135
0.74475014
0.82725954
0.84163857
0.047845732
0.030620674
0.91452056
0.3957163
0.5831735
0.88365746
0.845205
0.77653515
0.8182928
0.93576
0.8112444
0.75587255
0.8499643
0.12873118
0.50973684
0.8487201
0.17155704
0.93251795
0.862238
0.55349416
0.8867965
0.92389446
0.014006025
0.85837436
0.85738957
0.57789826
0.87828547
0.94982636
0.76974845
0.8594725
0.9191316
0.73075414
0.27243632
0.7041456
0.81455463
0.7764028
0.83239913
0.8900401
0.65616566
0.6704671
0.0109136645
0.88819855
0.87921995
0.91485524
0.31994516
0.008538498
0.91315454
0.9317583
0.021249184
0.39247867
0.70905924
0.3216568
0.77736974
0.86084163
0.80127907
0.7893032
0.69076043
0.91420007
0.8865603
0.734212
0.7207094
0.5336604
0.6542637
0.88677585
0.6574713
0.9154128
0.9068782
0.85084766
0.6615724
0.6680918
0.781004
0.78762394
0.005682199
0.8403479
0.8493558
0.60337967
0.34076676
0.9150865
0.77700514
0.6213899
0.8262952
0.7999445
0.60384834
0.87305814
0.69860077
0.2834745
0.8418794
0.8505136
0.4382345
0.80439365
0.884555
0.87799424
0.9293046
0.8541307
0.5378561
0.90690476
0.8491446
0.8740908
0.9350555
0.80592954
0.59963405
0.74100286
0.5520934
0.83760566
0.9545828
0.8843443
0.013326983
0.5227229
0.8346014
0.7776011
0.6833572
0.85141456
0.37688208
0.95580244
0.9020968
0.66069484
0.7514209
0.8037772
0.78155935
0.67547274
0.74056554
0.9419502
0.903954
0.90902895
0.6790576
0.86615205
0.014304653
0.6193746
0.8770727
0.43585047
0.7333146
0.91219604
0.92852455
0.84235156
0.18302643
0.8797263
0.5419956
0.4180789
0.69015604
0.95572287
0.8704175
0.22354709
0.6566573
0.12711234
0.8492723
0.8089514
0.8745851
0.9146447
0.81633
0.92776453
0.88311553
0.06276756
0.76019704
0.8345176
0.97035825
0.7010206
0.100628294
0.7024663
0.8283995
0.9111198
0.40504798
0.7201901
0.56966263
0.5426954
0.26518852
0.7678586
0.058283627
0.9015505
0.5520322
0.8880296
0.7844083
0.8438311
0.92656624
0.9137396
0.5615044
0.79475486
0.80585194
0.74939346
0.475715
0.94504344
0.8094028
0.761168
0.014921835
0.8841592
0.43267396
0.056493778
0.7994468
0.63835955
0.8103095
0.7475245
0.7658474
0.8976847
0.668068
0.6766633
0.9158832
0.89997
0.9429584
0.79341036
0.21662347
0.88778234
0.65626574
0.88206244
0.9003159
0.9236915
0.68692285
0.85264015
0.8156977
0.90340173
0.5683221
0.55542344
0.15400699
0.03786039
0.87327784
0.94390684
0.7649475
0.908973
0.94668496
0.7699054
0.7827141
0.64577585
0.6472466
0.676276
0.076031655
0.65672183
0.9716209
0.881706
0.11577572
0.86762077
0.71990836
0.13024163
0.7962786
0.90562063
0.039742086
0.75627255
0.9164287
0.5720639
0.5579869
0.62960726
0.5054621
0.84471637
0.8887973
0.6391891
0.83151543
0.076191865
0.90770775
0.7210039
0.54595286
0.8046444
0.79122555
0.94867957
0.055871144
0.9178482
0.33897704
0.9351473
0.80949175
0.7418958
0.67629755
0.53534776
0.5943358
0.9159485
0.9205506
0.6818078
0.7856747
0.8231625
0.9308605
0.24304731
0.91053414
0.24322905
0.6501921
0.18182515
0.85371614
0.7821964
0.64722383
0.8823855
0.124741115
0.8675364
0.9005633
0.8298979
0.9554269
0.8308343
0.8339599
0.555434
0.71590275
0.90181535
0.69399405
0.71180964
0.4694847
0.49729228
0.6678708
0.03933026
0.8194946
0.7797741
0.93142635
0.9163884
0.83673155
0.8874546
0.6773201
0.8442314
0.8164147
0.7352523
0.87289464
0.7277029
0.6331428
0.7808414
0.9525247
0.87430084
0.003144063
0.68548757
0.60950446
0.9017508
0.81867343
0.8752674
0.2721521
0.7877072
0.062033102
0.87355703
0.81009865
0.8584735
0.85289
0.94328296
0.80278933
0.8696529
0.6685242
0.03939119
0.56542325
0.8895382
0.8853437
0.80745053
0.7561058
0.6620531
0.52153116
0.8742157
0.8258423
0.6997056
0.03278818
0.8186755
0.029762024
0.47630277
0.88616854
0.91042274
0.89126194
0.86673874
0.70799553
0.64329994
0.5305896
0.7779227
0.13177422
0.5902534
0.6162201
0.88362354
0.59708893
0.91170204
0.79906607
0.10408865
0.018735891
0.8856121
0.15167017
0.7246684
0.6628798
0.2008926
0.89430696
0.5009097
0.94185656
0.85074615
0.8612013
0.59001976
0.9097028
0.68166673
0.6333022
0.9260786
0.8812766
0.9160949
0.552411
0.6034366
0.3596386
0.81547844
0.94933236
0.8467802
0.8259265
0.57864344
0.6523525
0.65737
0.76844543
0.8516051
0.9285103
0.17146024
0.8757478
0.94446445
0.9493741
0.34413752
0.7623432
0.9500119
0.7317437
0.7988851
0.6751439
0.92863727
0.7378738
0.8831693
0.8074167
0.8333439
0.9024122
0.72348523
0.5584919
0.95600843
0.87164867
0.79711735
0.5109528
0.92396086
0.5649779
0.5906989
0.7840472
0.85247415
0.59495044
0.7490938
0.8361828
0.9233113
0.085153796
0.5991998
0.7350485
0.8655069
0.7491683
0.77497804
0.24737576
0.691137
0.03976722
0.893996
0.9237893
0.17177132
0.82278967
0.8812977
0.873286
0.15439472
0.7429913
0.9027774
0.864066
0.7645424
0.77400243
0.5315516
0.9016303
0.8077758
0.69720095
0.84793293
0.81570923
0.77334386
0.5798933
0.8162261
0.73578876
0.7067695
0.069556676
0.7529001
0.3091399
0.8959373
0.86576706
0.26050913
0.008505428
0.7599337
0.8970728
0.6307974
0.83600163
0.9383728
0.7503595
0.78725284
0.022549473
0.7869829
0.76989007
0.89176494
0.4249082
0.697625
0.8610717
0.92207366
0.8512118
0.57925737
0.8599502
0.9366756
0.928337
0.8376108
0.89323664
0.67186475
0.50585544
0.8740251
0.5821864
0.81542575
0.58044034
0.9188807
0.90282625
0.11237007
0.55732906
0.47951075
0.85293394
0.71673435
0.8510917
0.82079345
0.17953953
0.7630171
0.91767836
0.8875665
0.6409359
0.9217027
0.86902285
0.59878945
0.8419795
0.87764275
0.4637052
0.49496326
0.5804556
0.91398257
0.8663947
0.91088563
0.77436864
0.3087021
0.24717721
0.88280594
0.022874517
0.88000274
0.6655191
0.9652144
0.9063232
0.5447591
0.68119574
0.9560878
0.7366598
0.90362096
0.73504794
0.4735244
0.7007771
0.6270493
0.3201185
0.8002
0.88820505
0.54970795
0.8485781
0.92572165
0.9226535
0.70104694
0.11818664
0.93920094
0.8264312
0.6402092
0.71309406
0.26889122
0.95238495
0.9125915
0.15890247
0.69472444
0.896533
0.8108867
0.81030154
0.76175267
0.06919432
0.91171
0.92468387
0.84870213
0.7610066
0.12994027
0.7327715
0.9268913
0.49651793
0.24764024
0.7217022
0.867097
0.6389259
0.583067
0.6952134
0.14866498
0.80544645
0.7838473
0.90434724
0.762688
0.013299399
0.82511955
0.85256386
0.8355119
0.6118161
0.8737793
0.6673988
0.9532561
0.8856706
0.378497
0.81989604
0.6740662
0.6654025
0.87103045
0.79213023
0.8039168
0.8989475
0.61227936
0.8668406
0.90648365
0.7332562
0.78748626
0.6979021
0.7574444
0.8390892
0.05485131
0.93132323
0.15986839
0.85415816
0.8648071
0.88439286
0.8225078
0.70975095
0.88863695
0.38790947
0.9450517
0.68551093
0.22110803
0.6682956
0.8368421
0.64518714
0.48342475
0.83454347
0.8119241
0.6296073
0.92811835
0.6130627
0.016254872
0.90173316
0.91103786
0.8519148
0.025139103
0.82516605
0.7428884
0.7474645
0.013970401
0.3996432
0.074561976
0.7059634
0.946586
0.90769726
0.60620517
0.73810804
0.8775685
0.0346692
0.57212794
0.8672752
0.87368554
0.9018362
0.2981966
0.8525259
0.25466305
0.0737412
0.12728928
0.47371906
0.8925499
0.60205466
0.9058862
0.6315027
0.9033852
0.9288275
0.7108363
0.9147305
0.69696987
0.8557043
0.9482365
0.8101127
0.9348121
0.7924801
0.872991
0.29419836
0.7207454
0.6833487
0.9007951
0.6445879
0.0680297
0.9422329
0.77237165
0.88500154
0.7225849
0.85505617
0.8727638
0.8797581
0.005266211
0.37465546
0.9398221
0.8454181
0.6531487
0.7489326
0.959638
0.6661189
0.86978483
0.89299774
0.78662586
0.5548987
0.8524865
0.56619126
0.047719453
0.22762395
0.89966035
0.83724993
0.5195704
0.9265323
0.90548915
0.5827154
0.9409891
0.111565016
0.44019982
0.016162833
0.9068688
0.6755062
0.04651838
0.8856498
0.14028013
0.81903857
0.57849485
0.86031204
0.6915995
0.7856536
0.030001754
0.91568524
0.84535736
0.78649026
0.92489177
0.013353508
0.5076732
0.783423
0.907042
0.8783819
0.85666656
0.8421943
0.57733065
0.7978505
0.88948643
0.6480202
0.8948068
0.91022635
0.651753
0.7938867
0.86533993
0.9318299
0.89217895
0.86641765
0.8331317
0.4205695
0.91135246
0.8347616
0.8961969
0.9038727
0.7167158
0.9425635
0.8468848
0.93153507
0.88343817
0.6733027
0.72321737
0.7031853
0.96832514
0.6715214
0.5678373
0.89488924
0.42296553
0.6175642
0.7670768
0.7611782
0.8892785
0.5115012
0.6685318
0.5187342
0.78545624
0.7089365
0.87851465
0.881289
0.6474677
0.66977113
0.8604481
0.015117044
0.0023143478
0.3479425
0.8336457
0.8799484
0.45376024
0.8096944
0.4097349
0.3561702
0.01206843
0.8963386
0.8570329
0.8441263
0.71193016
0.69458777
0.85117465
0.8139648
0.87801194
0.8232528
0.71259844
0.7183767
0.55134135
0.49196753
0.07343772
0.32624227
0.66796124
0.48598996
0.819689
0.05088282
0.801344
0.9708041
0.3533528
0.52967143
0.6502555
0.6848723
0.28466722
0.5972457
0.8438789
0.028478
0.9095333
0.80079865
0.713101
0.7723089
0.5428938
0.6869062
0.06364913
0.7599915
0.87131023
0.39414725
0.85643876
0.05015696
0.5987046
0.91347384
0.8132111
0.040056985
0.87482935
0.762556
0.0039026495
0.74575114
0.8708907
0.3591169
0.6181048
0.94108534
0.90953696
0.75422037
0.8564072
0.9448905
0.08749449
0.71673566
0.44806916
0.7718522
0.9310873
0.92270315
0.9387632
0.7724775
0.6179542
0.053294137
0.8908198
0.825703
0.83711123
0.40997007
0.6598277
0.7925197
0.78105617
0.9473726
0.91270846
0.5879595
0.9123888
0.6813569
0.63137645
0.36146966
0.67964894
0.7304766
0.62691784
0.83261085
0.91178346
0.45555377
0.8130483
0.8941176
0.79033107
0.10739514
0.895777
0.08834848
0.8270338
0.83704436
0.7455445
0.7661928
0.779364
0.8577524
0.92880034
0.73728806
0.90287876
0.42460608
0.83174396
0.54645514
0.91631114
0.1651855
0.7910817
0.88406354
0.71351933
0.7219281
0.851914
0.8415414
0.92553306
0.658413
0.88224214
0.8685015
0.675615
0.63867754
0.63434315
0.8038696
0.64506876
0.8424793
0.96022886
0.7028148
0.85990894
0.80552006
0.9481457
0.9213539
0.21166475
0.067745976
0.9053051
0.58664435
0.5696871
0.31689677
0.5808297
0.8151343
0.5487198
0.7370682
0.6318984
0.74020714
0.8402735
0.9228866
0.804267
0.60703796
0.9195918
0.9168549
0.6136625
0.9146879
0.80085784
0.8934497
0.9122055
0.8549628
0.5009997
0.8111808
0.7854676
0.9616649
0.8841898
0.7736059
0.7704299
0.83663154
0.065004654
0.79855055
0.85034573
0.8403498
0.7662307
0.0110730715
0.15515184
0.783688
0.8165246
0.9217429
0.64174396
0.06742115
0.8388295
0.87656766
0.7779877
0.81114507
0.7486225
0.21374832
0.006811942
0.8588301
0.8413592
0.5164982
0.6416149
0.89429045
0.11350489
0.69697165
0.8785898
0.7322024
0.6099226
0.060099863
0.60804665
0.8466898
0.7938875
0.9263853
0.9313491
0.93311614
0.78300637
0.004770104
0.0031820722
0.7087217
0.8275852
0.87087166
0.78563017
0.11431624
0.821822
0.71291757
0.90241903
0.21364774
0.8708661
0.7785571
0.8624108
0.9304133
0.9451575
0.38369992
0.91882336
0.09400797
0.31197488
0.8394605
0.682653
0.90315783
0.85374165
0.832461
0.86834633
0.86390394
0.8200357
0.8407808
0.71346843
0.7314828
0.3621686
0.82023734
0.9196571
0.7742439
0.8089342
0.94949156
0.8473117
0.93349886
0.8517988
0.47173613
0.6871074
0.82088304
0.09708167
0.6533787
0.8500132
0.08399521
0.76517564
0.11698207
0.5899586
0.12246077
0.87109077
0.44077572
0.9380974
0.6087374
0.49698567
0.39101106
0.9118752
0.9424591
0.7735548
0.56482834
0.94632
0.22067966
0.84589535
0.8917087
0.7167715
0.8798127
0.91775084
0.89839095
0.79827327
0.86517423
0.16307603
0.006818135
0.92199826
0.16778944
0.6847182
0.85704947
0.76694226
0.80431986
0.8831758
0.04327544
0.7111653
0.76571864
0.9356648
0.57782716
0.9006136
0.8886221
0.8035696
0.7514304
0.92422026
0.7075322
0.82266533
0.61597294
0.70824945
0.23433922
0.8395309
0.17521617
0.5021435
0.8780689
0.85341036
0.8945198
0.68709224
0.20654425
0.17691098
0.55272776
0.92822456
0.9321711
0.59995186
0.35642314
0.9440374
0.32222712
0.1762419
0.2599644
0.5609531
0.8542608
0.6194229
0.936537
0.7150413
0.858621
0.80389595
0.8121855
0.6616405
0.47128597
0.73060703
0.1261237
0.13444756
0.77639014
0.78156483
0.39237568
0.8326795
0.0146045685
0.94901454
0.59609073
0.0606986
0.069982365
0.8161149
0.77090245
0.8118016
0.8612956
0.7749827
0.8215903
0.7644135
0.61236507
0.90087205
0.45307502
0.86688346
0.9026457
0.8420216
0.48177975
0.89201343
0.9501244
0.9369543
0.75750417
0.92756
0.9355943
0.86844784
0.89021146
0.91712296
0.83262354
0.85638505
0.68443555
0.9218744
0.111232325
0.777578
0.41773403
0.87203276
0.8707122
0.52131563
0.85745144
0.645482
0.8061205
0.6924681
0.9132737
0.7882457
0.78190494
0.653952
0.5400306
0.5257843
0.08330535
0.9566455
0.8377603
0.8477635
0.8887577
0.03724406
0.54333097
0.89329463
0.92569566
0.6710419
0.83999443
0.8786123
0.95313376
0.666306
0.7566932
0.9048412
0.8014628
0.9645821
0.9100406
0.07348551
0.42684734
0.95177424
0.87735444
0.5247598
0.47577712
0.9389046
0.8737528
0.84725696
0.95662457
0.92642885
0.43052086
0.77759624
0.62438726
0.54352266
0.4355494
0.70847094
0.68776786
0.884236
0.690359
0.9315035
0.6926918
0.8547785
0.932355
0.5412066
0.14975627
0.8612017
0.03478133
0.9513172
0.3909601
0.91530585
0.26709405
0.054939207
0.01682275
0.0007742131
0.70988506
0.0051274486
0.37380645
0.87644744
0.8313819
0.91817015
0.9096641
0.8722947
0.36540058
0.82116973
0.84137744
0.912907
0.5758071
0.5053387
0.89320314
0.24330015
0.60461843
0.8142014
0.7514042
0.8830441
0.07533021
0.92341846
0.38667125
0.54813826
0.2914723
0.833971
0.065555304
0.64473885
0.61920863
0.6534912
0.55804974
0.7527306
0.7480805
0.5977323
0.01903838
0.052934423
0.4548025
0.91744214
0.85802007
0.023340318
0.9041212
0.40528923
0.8785622
0.95520294
0.26799032
0.8400671
0.8918729
0.767311
0.71214867
0.1214183
0.59907347
0.75258476
0.7506611
0.5512596
0.65930736
0.9455248
0.85105157
0.87285453
0.91071635
0.13150351
0.69579405
0.43992093
0.68603367
0.92621267
0.9386145
0.11431917
0.55805045
0.8141658
0.7841391
0.93551296
0.8261931
0.8933086
0.48920217
0.9031184
0.7482519
0.9281919
0.046754047
0.7278714
0.229076
0.78900695
0.093615234
0.7667464
0.91299856
0.07959216
0.81920344
0.8743773
0.055358004
0.86432433
0.9137354
0.038965113
0.5836877
0.95107067
0.6878681
0.8378993
0.59672403
0.8356748
0.721022
0.8892929
0.7657508
0.88693017
0.58644277
0.6962371
0.55843997
0.88402706
0.021708157
0.9308928
0.7986522
0.9415791
0.7552875
0.70419896
0.8797689
0.029230224
0.88132256
0.91730034
0.9342376
0.31805736
0.6689203
0.7941686
0.06216225
0.55799973
0.60503066
0.91699904
0.42930895
0.24934974
0.88188666
0.055872474
0.9069489
0.73987323
0.8966641
0.8847765
0.9018212
0.8114663
0.88817286
0.7313939
0.6721959
0.6899193
0.30773386
0.8972781
0.16193485
0.55421793
0.82840335
0.74357665
0.88526577
0.630956
0.7224268
0.9119611
0.84556353
0.8670225
0.7848176
0.92297184
0.5036476
0.83251697
0.73045504
0.76411974
0.046636928
0.91729647
0.57829034
0.69501376
0.83417666
0.39556187
0.80447376
0.18170139
0.6138453
0.26739657
0.7287488
0.91435266
0.77282083
0.42539674
0.59560114
0.6937382
0.81367004
0.8827818
0.8248503
0.8882311
0.7164972
0.8025545
0.8082541
0.22113678
0.04328374
0.8377125
0.5920129
0.65872574
0.11667735
0.8486801
0.79746425
0.71000946
0.48242345
0.7900043
0.55099756
0.9398156
0.7832091
0.9173696
0.6647458
0.915233
0.87377
0.59874547
0.6520597
0.85939884
0.5392398
0.899347
0.878961
0.8938644
0.40253568
0.63526726
0.89366853
0.9682437
0.8476627
0.6587599
0.9397387
0.940033
0.91395617
0.9418295
0.9105201
0.78992397
0.38022536
0.8961804
0.3709995
0.76201534
0.65658945
0.6187798
0.46971923
0.8966074
0.84297115
0.86578685
0.85945225
0.72616965
0.82569003
0.8656228
0.044754684
0.78460336
0.7529204
0.9107234
0.7928827
0.1334201
0.7250521
0.9219491
0.4659245
0.9178179
0.9274474
0.64359915
0.50851494
0.90710723
0.7901475
0.9031598
0.70986164
0.8642903
0.030493677
0.2585816
0.11829973
0.6512482
0.63377964
0.6230123
0.9172789
0.7763696
0.88238776
0.90495646
0.6728791
0.9242457
0.5770808
0.63830554
0.73790294
0.92007965
0.8940651
0.8579547
0.7907332
0.8376923
0.8210141
0.8847558
0.793566
0.107709855
0.93708974
0.5895815
0.6313062
0.75124884
0.45648903
0.87436515
0.9241686
0.89122325
0.24393094
0.9380114
0.334579
0.8380877
0.9473493
0.89349234
0.82383835
0.8604611
0.77751565
0.7558265
0.84738743
0.022433074
0.29094663
0.8086611
0.71079177
0.9103297
0.8590198
0.9422996
0.96077055
0.92584634
0.84380555
0.827294
0.68437046
0.83449674
0.9362646
0.90455866
0.6466221
0.95514524
0.53801227
0.8954823
0.7980749
0.012196213
0.8164033
0.832037
0.87007916
0.016138025
0.71991676
0.814875
0.9369384
0.8317696
0.9256272
0.43255347
0.732474
0.029910266
0.7648057
0.94178444
0.62009996
0.028850745
0.59524906
0.69716734
0.9397019
0.81654286
0.8603116
0.7820336
0.82395333
0.095378384
0.91459906
0.8430528
0.7518971
0.94216603
0.8173073
0.90774757
0.71760595
0.82589996
0.8336773
0.72463685
0.9044599
0.9249248
0.78785837
0.8662685
0.57499164
0.93307126
0.80472046
0.06364608
0.35922495
0.7882093
0.7533374
0.46683532
0.89378595
0.9117071
0.64266
0.8811829
0.8940682
0.04355239
0.882436
0.68786466
0.8553133
0.87733215
0.5681152
0.9433038
0.7644681
0.9029316
0.093835086
0.95257694
0.74696726
0.6819546
0.8423151
0.86535114
0.94568384
0.90064627
0.72896564
0.7821145
0.93433374
0.769898
0.80543566
0.89850485
0.19240941
0.7749869
0.88099915
0.80161417
0.75219077
0.8430664
0.8881642
0.6875674
0.61093706
0.6138055
0.926598
0.7410158
0.8701253
0.9684552
0.74315256
0.70090544
0.8087993
0.17851493
0.031348184
0.7171925
0.16323365
0.85045475
0.77299565
0.9394091
0.7152209
0.38943055
0.88601637
0.87252796
0.85601777
0.89044154
0.825534
0.9396186
0.043036524
0.6673214
0.36348894
0.36060983
0.8070805
0.9070678
0.8347533
0.65495914
0.9004366
0.72167027
0.56339735
0.5286422
0.85025287
0.5717966
0.5549779
0.19313341
0.90240407
0.78653324
0.6268215
0.93963104
0.66489184
0.7266412
0.7600088
0.9278232
0.15014423
0.82635313
0.104751945
0.6464319
0.1264291
0.93400985
0.59837216
0.68232286
0.7399796
0.9098514
0.9113294
0.952684
0.8834649
0.76868254
0.68180525
0.54104304
0.02406315
0.83034706
0.9118467
0.066526644
0.77458155
0.27387378
0.07521944
0.3427676
0.71987873
0.8561831
0.9187263
0.87877077
0.88954586
0.7134899
0.20032375
0.7542486
0.8147461
0.7875931
0.7230358
0.89123785
0.606206
0.87902707
0.32024312
0.82869923
0.5394284
0.48243308
0.7854009
0.14847028
0.73624337
0.8395351
0.6314102
0.6872341
0.9307611
0.95757705
0.7826432
0.50927675
0.73139584
0.9191199
0.9553946
0.7482586
0.926804
0.83445543
0.24798764
0.7803029
0.25782755
0.88574857
0.90842843
0.95985746
0.7193933
0.6704062
0.9287613
0.83269405
0.7837898
0.82913774
0.90441954
0.26544678
0.8203471
0.7804439
0.7726439
0.036253855
0.60729104
0.11971403
0.71149266
0.60916305
0.013411375
0.73256016
0.79622155
0.8689541
0.7780635
0.6866061
0.47047395
0.816859
0.8361897
0.7227485
0.8601349
0.6700092
0.62032896
0.852067
0.83581215
0.95352554
0.26656106
0.8732208
0.45175374
0.89215785
0.7626413
0.91532385
0.055751055
0.79505825
0.8608966
0.85316926
0.7002197
0.5007005
0.7829285
0.8754481
0.3795641
0.7364712
0.90154666
0.6475123
0.9114988
0.9272672
0.8753507
0.13057274
0.9450865
0.77413595
0.8612947
0.9200376
0.75148225
0.7888603
0.6152697
0.16539931
0.69926316
0.7986084
0.71292233
0.9017382
0.7401817
0.30543882
0.8839335
0.8232017
0.35889894
0.8070876
0.5722212
0.04234796
0.8203082
0.8327379
0.9442925
0.52022743
0.7771143
0.9326442
0.9016211
0.5353571
0.8891152
0.8224506
0.92857814
0.7904848
0.8556073
0.84693164
0.5176481
0.18393141
0.10681508
0.51717985
0.03371829
0.029516075
0.4993913
0.9342484
0.7986838
0.9168821
0.93819726
0.81383157
0.7725623
0.9243884
0.75397617
0.8047659
0.63135844
0.8758082
0.6574855
0.85781723
0.5980685
0.7631778
0.789738
0.8357238
0.75426537
0.7813646
0.7805296
0.8643058
0.5858703
0.8016976
0.6435566
0.820382
0.13466054
0.89974827
0.7863091
0.82265204
0.85705274
0.18835185
0.84750545
0.82089186
0.7826863
0.7690029
0.6873666
0.52045745
0.7310357
0.48210835
0.96061707
0.8544189
0.9172689
0.85356057
0.46093842
0.94638366
0.8079234
0.77177304
0.9160913
0.8818477
0.021476012
0.9282917
0.838922
0.8391649
0.84227157
0.07486928
0.033342563
0.7587244
0.7548175
0.8695915
0.8697539
0.8343675
0.9544404
0.7176447
0.7851691
0.28666687
0.8747315
0.7579012
0.6425009
0.005189074
0.7444707
0.6911499
0.8222709
0.87310594
0.9175811
0.7154103
0.7795532
0.63217944
0.70871985
0.9621085
0.1349011
0.9363433
0.77393234
0.9613149
0.0560916
0.6453536
0.112265036
0.0045879353
0.8005421
0.09790383
0.2616163
0.051632248
0.025082033
0.88396007
0.67827773
0.9566457
0.858188
0.93560493
0.13155034
0.8018726
0.5129884
0.6437119
0.6980681
0.5806712
0.6144153
0.68118
0.77043766
0.6666766
0.73300564
0.8099347
0.81931984
0.92515785
0.87078965
0.23581299
0.6979575
0.8756574
0.36288667
0.80868244
0.71373403
0.88813263
0.9102404
0.78987396
0.7153037
0.81419635
0.88533485
0.8744985
0.746548
0.5597888
0.53276706
0.15366407
0.8828699
0.7809572
0.7233651
0.9088884
0.6423885
0.7874526
0.7498448
0.82996106
0.8607224
0.91134423
0.76438236
0.17231274
0.6771601
0.5881799
0.085031666
0.71945053
0.41796347
0.13187116
0.948336
0.88906443
0.8501676
0.95213675
0.028379932
0.6984368
0.78219366
0.91456944
0.09090617
0.96926975
0.6109327
0.47146592
0.14483747
0.87971365
0.88060915
0.8641604
0.87505436
0.8758718
0.4851606
0.8634093
0.50424415
0.7708923
0.8195323
0.79964596
0.88975155
0.5815706
0.89460725
0.6403925
0.86466223
0.32182142
0.6329124
0.8233395
0.88780147
0.6058483
0.508051
0.82925373
0.5057225
0.8723171
0.561594
0.78944635
0.90316284
0.8806761
0.8563516
0.8431978
0.5126731
0.6571061
0.95263606
0.8068104
0.76926935
0.13838695
0.5806819
0.7103441
0.8737454
0.81115335
0.7706551
0.94619006
0.40724275
0.084372
0.88579273
0.54990745
0.53589475
0.8688088
0.8450376
0.6388512
0.7576688
0.45313886
0.5017224
0.70965576
0.88785857
0.90026754
0.88024837
0.86335903
0.69724005
0.7903227
0.95203334
0.77786785
0.65335196
0.7734241
0.75996476
0.92861766
0.90775347
0.79351795
0.32827666
0.0183231
0.7848196
0.9109597
0.8559189
0.91042954
0.7473447
0.82812005
0.6842624
0.81869614
0.68877155
0.69788677
0.74192345
0.82864994
0.059595734
0.88793325
0.83370876
0.59946954
0.02089322
0.77638716
0.7186749
0.6655968
0.10684596
0.8336232
0.79981655
0.371409
0.6065985
0.890676
0.45288622
0.905323
0.80875444
0.7883276
0.8282122
0.91156876
0.9018295
0.51153886
0.7217051
0.81622326
0.08323687
0.76518893
0.8002378
0.22035426
0.7853003
0.9130586
0.32186034
0.046886742
0.7818536
0.8748119
0.5025442
0.53685945
0.6265924
0.37457767
0.6687263
0.738655
0.8276836
0.7818262
0.5067283
0.8804374
0.94028676
0.7864645
0.70568067
0.5190309
0.8467276
0.8314893
0.1102563
0.90472245
0.16325666
0.87445265
0.7954614
0.27714834
0.9666456
0.7655557
0.65450305
0.9211317
0.26493362
0.6963131
0.38090742
0.91156167
0.9144391
0.6677297
0.5826826
0.90801173
0.7851671
0.95096105
0.91249156
0.8294625
0.87791073
0.5186813
0.21874756
0.7382267
0.5572409
0.84489274
0.06901359
0.35441536
0.422768
0.9106567
0.7701895
0.9177065
0.9560223
0.7575831
0.6106086
0.94369936
0.84120435
0.899886
0.74152285
0.9501003
0.92251575
0.9250764
0.8625375
0.9235279
0.91161156
0.74807686
0.8092418
0.92965096
0.73848754
0.38441074
0.78120244
0.9049425
0.853787
0.87507856
0.5564599
0.5832298
0.8613014
0.58342946
0.43289936
0.9442797
0.6672152
0.6767376
0.85645807
0.791344
0.25805238
0.8049766
0.8333292
0.8614944
0.86155
0.8851581
0.73890066
0.8000478
0.8425628
0.7985886
0.8212086
0.13435043
0.5588148
0.11701727
0.7800483
0.76941204
0.7175379
0.85955423
0.40212303
0.7180708
0.7262713
0.54252833
0.7494803
0.5991495
0.87223864
0.8427817
0.5465027
0.8363355
0.872404
0.84597975
0.919166
0.82851267
0.026288085
0.9296874
0.7985268
0.29692242
0.5897308
0.591566
0.60580593
0.9291413
0.85788906
0.9006492
0.77634925
0.8250335
0.8685225
0.9139547
0.22785503
0.745119
0.8512659
0.31961876
0.6677065
0.9746455
0.82272357
0.90496296
0.15342873
0.6710597
0.3738527
0.65930396
0.623509
0.84403855
0.8581425
0.91791666
0.46966523
0.6948979
0.020017803
0.9542868
0.7508192
0.86366177
0.82309556
0.7755864
0.76273125
0.79291135
0.828572
0.8036848
0.440335
0.63886636
0.9086908
0.22913064
0.91693026
0.8032535
0.8531796
0.33995265
0.808541
0.8661431
0.922333
0.75743663
0.31148353
0.8497503
0.48196372
0.8984877
0.63889444
0.90903485
0.762418
0.8527847
0.43061012
0.9076181
0.70844346
0.0075777974
0.7630652
0.86835164
0.9253645
0.7839967
0.69187707
0.9197889
0.035586923
0.9563716
0.9258543
0.84643894
0.78387994
0.94279736
0.7242209
0.93767536
0.51172984
0.7912536
0.76603395
0.69982827
0.6888167
0.6776613
0.22593795
0.7476494
0.6667088
0.927276
0.8804893
0.73510385
0.8826886
0.80162174
0.92788213
0.5276335
0.866778
0.7940565
0.02082811
0.74881035
0.7521298
0.6297495
0.91875255
0.1842857
0.6603918
0.8076252
0.8523575
0.03398083
0.5784914
0.7693473
0.78788
0.85667205
0.86855227
0.6344744
0.81487525
0.819098
0.8772013
0.807524
0.28938228
0.9139095
0.13831669
0.8113874
0.4958527
0.8932032
0.7238632
0.14356932
0.0067577623
0.8197484
0.15681197
0.6449438
0.83978975
0.7279574
0.92038095
0.7373924
0.7895189
0.8820822
0.4807341
0.80243886
0.79005736
0.41472536
0.8852733
0.77708584
0.85577756
0.77677786
0.42458677
0.6967942
0.8606971
0.73109233
0.7608527
0.10759735
0.9127016
0.7032255
0.61833537
0.8684852
0.772805
0.93227416
0.55874115
0.70113325
0.10726394
0.04560868
0.7348196
0.9160068
0.85646933
0.9496005
0.859814
0.81402826
0.414813
0.77718514
0.6480512
0.75414765
0.7527571
0.60279316
0.7053087
0.85999745
0.58808875
0.7878164
0.74601334
0.8682508
0.8352059
0.31644446
0.020841973
0.94078505
0.031602107
0.7399494
0.87961924
0.06539239
0.7753754
0.94645953
0.93780106
0.93323797
0.71670496
0.8799619
0.7892163
0.91690964
0.031331673
0.84537363
0.65936947
0.0023107463
0.76410264
0.7472366
0.7668855
0.8079149
0.8221029
0.8028626
0.5788551
0.7549085
0.4763608
0.90557253
0.8302128
0.7412509
0.5725411
0.90470004
0.51636785
0.653724
0.7849941
0.018720431
0.7334699
0.84931874
0.89192456
0.22196995
0.89447653
0.91769165
0.8002984
0.7064195
0.114827976
0.8985939
0.7150887
0.029413003
0.69259834
0.72060126
0.03028064
0.86749685
0.8480263
0.3689068
0.7714604
0.9315085
0.46495214
0.8749567
0.90441656
0.814987
0.81402814
0.024173036
0.9150983
0.66314155
0.8221179
0.9171141
0.89001834
0.9426625
0.089834504
0.8539804
0.7838592
0.5289059
0.32777655
0.900998
0.78034794
0.21812999
0.77029264
0.85180116
0.87701416
0.9491228
0.23460221
0.6274186
0.9254538
0.035568073
0.7489247
0.03644167
0.94018346
0.8538157
0.79021823
0.7760534
0.45618767
0.93777055
0.9091593
0.6153927
0.72783697
0.07505285
0.79703164
0.28054583
0.3587965
0.8789481
0.0014712326
0.5580968
0.68812406
0.59885085
0.4636782
0.9179105
0.80899143
0.6142982
0.9627475
0.56348145
0.91295207
0.8019932
0.7888737
0.9175412
0.79240626
0.85226154
0.69738734
0.7471289
0.41627246
0.9184912
0.7098913
0.47039
0.8085769
0.87981975
0.9247129
0.8147579
0.9576475
0.73776436
0.6689725
0.6075132
0.62393594
0.81027716
0.7704045
0.8056035
0.8642838
0.70622027
0.77472764
0.6601578
0.25581142
0.8906224
0.8843583
0.59771657
0.78738546
0.853764
0.37997657
0.9283954
0.0780817
0.8480952
0.26753443
0.9251157
0.86635834
0.8086083
0.76847225
0.7438555
0.73578507
0.7707344
0.7601949
0.76601887
0.45698342
0.119550765
0.83360475
0.6057398
0.7653369
0.80485225
0.8165566
0.047306463
0.33927542
0.0015636329
0.6474524
0.041611902
0.94998765
0.012541031
0.90671706
0.55103576
0.5934018
0.7632256
0.4745326
0.008434797
0.68079925
0.73564225
0.47468022
0.07598414
0.23682274
0.8087557
0.5692402
0.86594796
0.7833141
0.9448921
0.8484857
0.7411985
0.91932774
0.21567439
0.92126477
0.9287827
0.55090946
0.88476264
0.5137214
0.77742535
0.2867781
0.79134023
0.8441005
0.7762649
0.791323
0.35397616
0.71180123
0.8476227
0.8950157
0.87610674
0.7778591
0.9216057
0.37049267
0.7943942
0.26243043
0.00873756
0.5584427
0.69701284
0.06988837
0.008439062
0.7583985
0.7652832
0.7466886
0.8587018
0.93095994
0.051401395
0.73256177
0.7898446
0.8577968
0.4809452
0.86496365
0.7047324
0.84128976
0.90083313
0.8534438
0.8993181
0.06982303
0.6898266
0.70017016
0.07633445
0.91205376
0.4637412
0.079759024
0.8135066
0.09042855
0.96841705
0.49008113
0.87521666
0.8860376
0.45011395
0.48748276
0.80865675
0.7343509
0.031583022
0.24563569
0.72478986
0.82117015
0.9061971
0.9026156
0.7447137
0.9067519
0.85572636
0.9487716
0.35298735
0.77567476
0.44974318
0.83723104
0.91592807
0.7064363
0.8439295
0.8223104
0.8621316
0.9139801
0.81078345
0.94321984
0.78069735
0.83170664
0.51494026
0.0154189635
0.50859046
0.8341774
0.7804788
0.5577426
0.64500564
0.6919574
0.77878016
0.88984257
0.06692384
0.6825957
0.8571326
0.1324427
0.7678076
0.8922959
0.57897794
0.34110752
0.82666665
0.13880207
0.6461556
0.85664165
0.8689734
0.7416286
0.016391497
0.8373373
0.8841229
0.92248565
0.5776192
0.19988129
0.8800029
0.7114985
0.7669889
0.773146
0.9601128
5.1141717e-05
0.4793613
0.436504
0.0829014
0.6628932
0.43706667
0.8317416
0.9063574
0.7388722
0.8100542
0.8552268
0.9293007
0.84079677
0.9471005
0.16153374
0.83148396
0.8627939
0.53554356
0.0147174075
0.88284254
0.89869714
0.40658098
0.7411023
0.8728212
0.7553296
0.06870224
0.88088286
0.1565068
0.8107042
0.82169425
0.88931787
0.84644955
0.91299
0.89950305
0.85164213
0.8579991
0.675026
0.8764218
0.91991436
0.9327356
0.72306275
0.75999254
0.867346
0.0344401
0.50876665
0.84125245
0.61424917
0.9504286
0.60838866
0.8380656
0.6088372
0.44588858
0.8644892
0.84105307
0.5819669
0.8969716
0.84847546
0.07055562
0.66736317
0.89014083
0.8915343
0.18700802
0.5836581
0.37399918
0.94259715
0.12463188
0.9462128
0.82734007
0.5864504
0.7632685
0.9411168
0.8734
0.6602506
0.6632163
0.8871105
0.49326664
0.53262776
0.93561673
0.87796146
0.79805917
0.06909031
0.052164797
0.8828117
0.3839292
0.6091025
0.9064369
0.55914277
0.8371575
0.61129856
0.53689617
0.80109334
0.7607782
0.9036856
0.0065978914
0.21859981
0.5628122
0.83357155
0.63394034
0.64926136
0.6982711
0.5710348
0.43428034
0.8802612
0.7861481
0.69604474
0.97374105
0.6285727
0.5532552
0.779716
0.5522721
0.921119
0.70533687
0.03330509
0.8462961
0.20538121
0.82098955
0.8444926
0.040070277
0.86923164
0.9309809
0.8311482
0.8980495
0.84403443
0.7780033
0.7100525
0.64124584
0.6745132
0.832265
0.9061633
0.061870977
0.78542095
0.78807014
0.6143685
0.7831994
0.5990087
0.91603893
0.00927732
0.455315
0.9740931
0.6318316
0.66748637
0.9291366
0.8554032
0.90606695
0.5732309
0.9160749
0.40028828
0.8143019
0.57791597
0.85756654
0.67612076
0.8161823
0.563133
0.17090884
0.641062
0.89812833
0.8026547
0.9203045
0.65154564
0.8971217
0.86183065
0.38214666
0.9452013
0.80961066
0.043416306
0.74948716
0.39787406
0.8815694
0.86174166
0.8287586
0.012813799
0.7702144
0.82945395
0.8943291
0.17717727
0.83257526
0.92824876
0.7749553
0.30861557
0.36419898
0.541599
0.82423216
0.9482757
0.08109625
0.7273172
0.89376116
0.83883893
0.901502
0.048116513
0.744044
0.91600853
0.81336164
0.07119043
0.7506785
0.8425252
0.6319053
0.73913145
0.72948354
0.89401174
0.9475547
0.590756
0.3746351
0.88243353
0.84886205
0.44060633
0.9337424
0.9284801
0.9440964
0.86447
0.43544796
0.65690696
0.8518632
0.5898746
0.8082905
0.6855401
0.8476087
0.8434496
0.9135628
0.6122591
0.9243935
0.62441283
0.62574106
0.83864015
0.89332116
0.3448741
0.9187446
0.8552926
0.9090465
0.6478223
0.82487845
0.9398959
0.7761205
0.88190407
0.52748454
0.81318724
0.16290022
0.5940618
0.8423469
0.7932683
0.92489177
0.4058497
0.16492489
0.8015611
0.8457805
0.71738935
0.8197242
0.67354167
0.89489496
0.82732844
0.03265321
0.86009383
0.92819595
0.574934
0.8548206
0.7827412
0.5165552
0.4601547
0.8238112
0.036827106
0.65744174
0.9060644
0.5204628
0.7786437
0.16780597
0.9360921
0.9348731
0.9242171
0.5746582
0.79229057
0.74611247
0.6576855
0.6732917
0.061763674
0.7193935
0.5164791
0.8312258
0.3749676
0.91213995
0.80516016
0.011136224
0.7380682
0.8339356
0.7019676
0.7250667
0.88849014
0.9367615
0.9209709
0.6821998
0.7565238
0.78848886
0.6493853
0.6089417
0.6933222
0.9277171
0.49580452
0.64550495
0.6965203
0.7552899
0.0606836
0.4463948
0.9236208
0.9480581
0.45462567
0.509814
0.050902866
0.8495538
0.3548355
0.6756656
0.90671206
0.72443897
0.33441532
0.9062221
0.6727195
0.6272401
0.9064921
0.59712195
0.72581303
0.8235402
0.28103882
0.90528387
0.62444067
0.9541661
0.8806946
0.7815177
0.4475097
0.8679929
0.5996364
0.7506761
0.7776618
0.95543724
0.009498328
0.63197815
0.912788
0.75554335
0.806977
0.95259285
0.23342195
0.8420075
0.51978576
0.92380124
0.73100764
0.344643
0.027842859
0.8895913
0.86334395
0.9250945
0.84290445
0.76575226
0.7662983
0.5443187
0.5241641
0.50900453
0.7574624
0.85043645
0.80409247
0.9000133
0.73275054
0.763224
0.07315368
0.5610558
0.9055668
0.7086268
0.48643756
0.41672695
0.63350046
0.89068675
0.80982435
0.9148151
0.86691654
0.7613353
0.77429444
0.89320445
0.75713885
0.82938397
0.8617387
0.2844311
0.7288464
0.71106654
0.6471119
0.9175384
0.6111378
0.013736155
0.9278906
0.86337805
0.90935564
0.9122427
0.56549555
0.9436697
0.89235806
0.93378156
0.03602833
0.91203874
0.09024744
0.91901374
0.7236818
0.19982328
0.83805585
0.033109356
0.8374372
0.40274176
0.82469755
0.50970834
0.85610306
0.85784423
0.021976298
0.8840192
0.83463985
0.02338673
0.94002867
0.88832974
0.80846274
0.31886873
0.12436627
0.4228238
0.84583974
0.87250096
0.5368676
0.049079843
0.52586854
0.9654151
0.93951714
0.7823231
0.80835426
0.087039456
0.010583359
0.9453642
0.028942816
0.84054255
0.9052125
0.021107808
0.630753
0.5493208
0.28467527
0.6695962
0.02854963
0.8856677
0.88724005
0.8837656
0.86889124
0.85339767
0.47152838
0.6696183
0.6586132
0.7057477
0.03919503
0.84346724
0.6703885
0.8854249
0.8456619
0.89743805
0.85174847
0.9035876
0.69710845
0.4666752
0.7904323
0.8388429
0.915779
0.9550438
0.90346545
0.87643003
0.37359148
0.6841192
0.77595574
0.64468765
0.91455466
0.82404
0.77188396
0.66885144
0.9098493
0.050702572
0.8015701
0.7986099
0.82666206
0.65520847
0.7554821
0.72339267
0.74217784
0.76885
0.9113098
0.8542697
0.8996202
0.7779908
0.46017635
0.93012726
0.91560453
0.8943931
0.40935513
0.22790323
0.6461504
0.8930059
0.65908957
0.7943223
0.047452334
0.44639102
0.36178505
0.750376
0.89347225
0.92727166
0.82033384
0.877726
0.8644832
0.84124553
0.90721524
0.66404736
0.80685085
0.70447606
0.90511227
0.9225727
0.79722977
0.92006636
0.7777522
0.8024953
0.6346551
0.74291813
0.89552844
0.8505933
0.0887276
0.89215547
0.59173226
0.8272148
0.63649714
0.31173962
0.70421535
0.9268538
0.80709743
0.86249894
0.24752416
0.5388665
0.6945369
0.91716963
0.9102444
0.09688648
0.08066475
0.7029076
0.4792873
0.7825781
0.7849241
0.93880033
0.63180625
0.036099985
0.7231487
0.9186276
0.8745276
0.91820985
0.5580505
0.91482395
0.7637823
0.9073877
0.9001465
0.023775477
0.648509
0.8130015
0.013816778
0.87596184
0.9201082
0.91428095
0.8156666
0.93903047
0.7424869
0.95175683
0.79973596
0.86047
0.51921946
0.2688856
0.909375
0.79725355
0.7787352
0.75611824
0.8412913
0.24352352
0.8353618
0.87268543
0.9576492
0.69104433
0.85382634
0.67333186
0.40388858
0.90067387
0.5378434
0.91312855
0.5228769
0.35475463
0.80864376
0.0312636
0.69917464
0.7316655
0.75794923
0.80143845
0.9079886
0.7576147
0.9006807
0.9315659
0.84758914
0.8072449
0.65510267
0.44935796
0.5729614
0.83638996
0.5734463
0.8759612
0.90978575
0.8358081
0.87613016
0.7973526
0.5566665
0.053369407
0.49488628
0.05577724
0.13134447
0.19595012
0.7182889
0.86489725
0.5756607
0.6556333
0.7327889
0.95497894
0.47232074
0.12685381
0.8230796
0.90818834
0.77057016
0.9093559
0.82523656
0.79404163
0.87514746
0.7307761
0.3276437
0.55292344
0.93015265
0.7005673
0.94301546
0.74998015
0.81922984
0.88362575
0.53891194
0.25051636
0.84043556
0.9165299
0.87008595
0.89265364
0.18473299
0.8574492
0.5293875
0.73002774
0.26515228
0.91741246
0.71110433
0.4018
0.6444447
0.56766504
0.55615395
0.84048337
0.56699085
0.92906845
0.7842727
0.06487327
0.5869478
0.069325574
0.35815072
0.508483
0.73980695
0.8797306
0.9201646
0.66046685
0.592967
0.71137697
0.30143723
0.8475967
0.3250851
0.7563069
0.65851086
0.7688062
0.78961056
0.7228756
0.61579007
0.31390372
0.87383044
0.80950886
0.78879553
0.8925853
0.62137026
0.95159435
0.82125676
0.74699557
0.72809774
0.74153435
0.8588654
0.8324817
0.69172573
0.8865433
0.6563168
0.75685674
0.039048232
0.7755072
0.34028745
0.8376926
0.87061167
0.88891196
0.6635154
0.7213715
0.75470346
0.92652655
0.6961676
0.7422792
0.89283985
0.13223547
0.303667
0.29167655
0.67281926
0.9277133
0.929318
0.93431455
0.7657471
0.0034549031
0.81886333
0.77624536
0.81646204
0.7701547
0.9367893
0.32404792
0.82763684
0.7246821
0.8656336
0.8855443
0.077269085
0.87324643
0.8308824
0.46326867
0.68707126
0.79352766
0.7963468
0.92682636
0.9604103
0.90100515
0.92975134
0.8696891
0.29371902
0.94729435
0.9087151
0.8470547
0.85254216
0.5813072
0.30573937
0.95812005
0.00995184
0.8436509
0.8355152
0.9609763
0.44758177
0.657053
0.8663578
0.082057536
0.73956287
0.4300357
0.7779271
0.933323
0.82867634
0.90275145
0.7352367
0.8513042
0.4230397
0.8275926
0.92009944
0.9101859
0.7609597
0.61711466
0.9044387
0.44955283
0.6685814
0.8838252
0.90821373
0.5258118
0.5216963
0.85984164
0.7181756
0.31452984
0.312746
0.8773885
0.6468096
0.03788819
0.46687466
0.92844427
0.59213424
0.8727707
0.81205213
0.84851134
0.036249947
0.86083484
0.5098765
0.88300943
0.42396736
0.843866
0.7703546
0.082070716
0.87468326
0.104690865
0.73516166
0.51870084
0.69678175
0.89505
0.28445604
0.7691129
0.62317294
0.6514974
0.69987595
0.55261904
0.40787113
0.62100905
0.810764
0.62791413
0.8545737
0.86911404
0.16617453
0.013619982
0.9562611
0.038607713
0.06922175
0.7865242
0.7773866
0.6645647
0.9568566
0.81277406
0.6311274
0.8614223
0.58311236
0.7084187
0.83828306
0.92070615
0.649369
0.051978894
0.8361942
0.8999667
0.540243
0.57921374
0.8610356
0.7652833
0.05758031
0.45206758
0.81125516
0.9262994
0.7256332
0.8567873
0.1857685
0.7523147
0.8705628
0.7861622
0.7343912
0.19133575
0.8909965
0.8528215
0.90019035
0.66666156
0.7429063
0.787654
0.88083375
0.8933928
0.7401415
0.009751361
0.8476025
0.42944252
0.53571045
0.82944226
0.86563027
0.66896546
0.6753144
0.7872365
0.7560524
0.62625444
0.64899576
0.76584655
0.5739551
0.7815716
0.6996495
0.78124833
0.5534433
0.7601223
0.81662554
0.8165829
0.7759084
0.8398137
0.85477644
0.42227906
0.78391516
0.8746399
0.63296854
0.81539625
0.79132354
0.90858793
0.8669692
0.9082273
0.71131027
0.8681313
0.9302084
0.6585848
0.6213729
0.93698347
0.92742705
0.8779849
0.9297265
0.82297444
0.78672993
0.923249
0.078826606
0.7493632
0.6030758
0.82841885
0.59471154
0.20520934
0.8505251
0.85899454
0.6863827
0.83819073
0.48697063
0.00064258836
0.8938335
0.029897857
0.38081068
0.8187955
0.89584327
0.15891548
0.6536921
0.08140411
0.73071027
0.96899205
0.77051145
0.899047
0.90471196
0.83195835
0.9203803
0.090841666
0.72668105
0.87289315
0.9500034
0.9114866
0.21293283
0.87025964
0.8073326
0.9501286
0.69259286
0.83132416
0.48369533
0.7595248
0.90124685
0.93587756
0.83773273
0.8236866
0.64536816
0.9340688
0.57634234
0.81040555
0.7885705
0.6741457
0.86944157
0.5207838
0.70142615
0.8860179
0.8507519
0.83525336
0.74066234
0.9150702
0.66400063
0.7740881
0.7684004
0.7368764
0.804851
0.2688745
0.91227293
0.7165492
0.86098397
0.92423546
0.5286612
0.7262508
0.8139359
0.75633967
0.04675051
0.4909004
0.087834544
0.7521025
0.8679229
0.26123634
0.75283355
0.66366166
0.66315186
0.5053695
0.5719187
0.77723795
0.7765422
0.9495066
0.9287733
0.8509346
0.8977436
0.90537477
0.24358788
0.36371836
0.73471904
0.56102866
0.28248906
0.8145146
0.46864226
0.013330457
0.9677348
0.55809593
0.84311944
0.90168214
0.01168886
0.35230845
0.70502514
0.46239182
0.63093317
0.56475556
0.05202969
0.8102899
0.80785257
0.82687175
0.5819202
0.5604441
0.90508884
0.85879534
0.030195013
0.84461975
0.8719163
0.9031998
0.77163714
0.65554625
0.89518756
0.93618864
0.8554541
0.7388999
0.11695964
0.22933264
0.6755395
0.8174556
0.8990241
0.7299753
0.81628054
0.8390473
0.7315149
0.76008064
0.89543957
0.6831911
0.7180096
0.013001273
0.08646181
0.87729
0.035044536
0.8704896
0.82146513
0.70666
0.8569739
0.7795097
0.840551
0.38963553
0.12612393
0.96459377
0.89087194
0.89696956
0.6620945
0.8071994
0.28454232
0.9683272
0.88649946
0.19244859
0.85821974
0.04352991
0.4271209
0.1278835
0.54113346
0.0005404055
0.25788087
0.18912558
0.40640342
0.664057
0.8496568
0.7969801
0.7865079
0.8338287
0.6421048
0.92950654
0.8992177
0.78222907
0.6030938
0.8888854
0.88772017
0.65150774
0.8306764
0.85385954
0.75320643
0.91131777
0.60738564
0.8390429
0.81211257
0.8725813
0.82967436
0.9199064
0.9562175
0.8789985
0.73736703
0.909787
0.46437523
0.8245209
0.543512
0.7568296
0.555686
0.8334149
0.46152353
0.86042625
0.89249265
0.9461706
0.25108862
0.77830166
0.48615867
0.8255072
0.92775273
0.7349003
0.9155108
0.5786587
0.012227282
0.8829113
0.36832494
0.8297074
0.9396324
0.6793512
0.80990136
0.34660208
0.7719893
0.7933719
0.9120341
0.77864707
0.79819757
0.8553288
0.25876233
0.91958225
0.19613193
0.18547761
0.74931043
0.83150005
0.8933612
0.75148416
0.89797753
0.76058596
0.8529745
0.7012365
0.8766377
0.7153802
0.7263588
0.5525512
0.82043165
0.7091105
0.47075987
0.58420736
0.7782518
0.8451427
0.8001888
0.8785385
0.960971
0.8717348
0.5087902
0.73328364
0.32753935
0.56423575
0.79572797
0.6804389
0.9380363
0.78985995
0.8119487
0.4955656
0.5805215
0.9154404
0.8819266
0.9448422
0.56900764
0.6445248
0.86935085
0.7057915
0.75443244
0.73751396
0.94802606
0.8939376
0.6917229
0.5855723
0.43375173
0.7819631
0.86460483
0.5439969
0.8660998
0.95628494
0.76646656
0.78986675
0.9210271
0.8612266
0.77190363
0.92974615
0.52905834
0.865034
0.8135275
0.7351222
0.7464956
0.8031713
0.8407761
0.70998853
0.9379457
0.6105376
0.7288523
0.63172704
0.08688539
0.5510658
0.71158487
0.4914547
0.9439737
0.76285666
0.8870385
0.023812968
0.3324048
0.87693894
0.75018525
0.82342696
0.68770456
0.7271568
0.45275217
0.94255555
0.74265957
0.8388366
0.751302
0.94270754
0.79333353
0.9564929
0.9142636
0.8332708
0.960546
0.55532914
0.6956372
0.6645638
0.8316821
0.95066786
0.9198715
0.6321612
0.7045166
0.8084975
0.7091453
0.33957225
0.010164287
0.24297714
0.9004538
0.818559
0.89654887
0.88924754
0.66061395
0.6168128
0.51480365
0.8011894
0.8006913
0.6246145
0.010561807
0.8448375
0.9009522
0.080062225
0.7644022
0.74672043
0.6253558
0.7584084
0.7752145
0.8979577
0.8693289
0.6424961
0.76034784
0.12893267
0.6873542
0.7948081
0.85670954
0.7498542
0.9314135
0.7613622
0.85042524
0.8668016
0.5620663
0.32473642
0.27724886
0.7837217
0.5686483
0.6831564
0.79464424
0.9141558
0.47188222
0.026273575
0.82854
0.95313686
0.17568398
0.21570852
0.7191909
0.49413708
0.78792983
0.9326158
0.77775794
0.54681855
0.6588304
0.66786027
0.9455104
0.73408353
0.8084088
0.7316669
0.39548135
0.8487394
0.9021681
0.6744653
0.73943317
0.038725812
0.71089697
0.33616644
0.30134776
0.8917617
0.029583566
0.68826085
0.7870281
0.89143646
0.8999348
0.5457431
0.55936956
0.90967983
0.8599643
0.9339973
0.66653734
0.5689029
0.88623893
0.8454883
0.7300825
0.934714
0.9125527
0.8595025
0.13513029
0.6467617
0.805464
0.8514545
0.7533041
0.9368245
0.8986803
0.9102992
0.9224087
0.8964601
0.23508361
0.29279804
0.6031524
0.403774
0.8960847
0.9177779
0.9073385
0.82857627
0.80888236
0.7174227
0.8849218
0.89102757
0.8873316
0.0025995336
0.62166137
0.70418864
0.7198214
0.90740746
0.7366468
0.92586267
0.30570507
0.5996049
0.8593774
0.8597319
0.7048054
0.62070453
0.43309045
0.62096155
0.6636851
0.7518929
0.85006213
0.90835005
0.84204006
0.2655847
0.8321838
0.8985963
0.7010019
0.6484362
0.4439115
0.7295761
0.58066875
0.051946566
0.34677503
0.782938
0.8839275
0.78104925
0.8656625
0.70370495
0.36445233
0.7692191
0.8997319
0.8998451
0.8303557
0.5913811
0.73637396
0.78487134
0.55598193
0.722392
0.783509
0.7992786
0.9215077
0.9141739
0.63827324
0.80267936
0.7406005
0.95189714
0.82866234
0.7974332
0.021452226
0.77816164
0.79222125
0.8862794
0.66993684
0.8618363
0.7590237
0.7165441
0.027119722
0.825562
0.65242636
0.7842169
0.7121148
0.90212256
0.64641446
0.3627049
0.91509724
0.016263235
0.9429016
0.7744778
0.7271513
0.6156765
0.72332287
0.8702233
0.6592065
0.92361885
0.0028613077
0.6354892
0.92016304
0.8983022
0.46576345
0.71062595
0.6478261
0.9171828
0.6093014
0.60485446
0.8837718
0.545208
0.93452144
0.66663283
0.5914471
0.8313242
0.79919815
0.9031447
0.8658917
0.67687804
0.50043327
0.896398
0.40247607
0.75174963
0.8079468
0.88448006
0.015323404
0.40474963
0.22221671
0.2427549
0.8245599
0.74729574
0.7358906
0.7994782
0.84186304
0.8849608
0.54310536
0.8957888
0.39548367
0.8330185
0.79228485
0.7094247
0.89354515
0.87926215
0.55710685
0.74429107
0.65583265
0.6615108
0.05781455
0.56777614
0.79852116
0.83870155
0.850924
0.7876248
0.84503144
0.8455143
0.7498718
0.62316275
0.8586553
0.85844326
0.9125969
0.6911079
0.03557503
0.9333471
0.8920511
0.77492505
0.9361827
0.09153175
0.81218505
0.86679345
0.895899
0.7437863
0.9410367
0.87989867
0.41288245
0.6625965
0.60496
0.5442239
0.85591686
0.7925041
0.79191196
0.80267495
0.73277545
0.81597924
0.90362877
0.91884845
0.8562623
0.864805
0.7848155
0.8717097
0.6319255
0.72472906
0.928134
0.82569754
0.9342916
0.05170428
0.9060107
0.9499794
0.77426255
0.55378133
0.7877714
0.7957712
0.68964624
0.9344881
0.8183098
0.94680893
0.7251899
0.20622465
0.9408965
0.9300263
0.5893216
0.881053
0.841782
0.8393507
0.6911057
0.5479986
0.81514865
0.16387585
0.81740844
0.6395212
0.93448997
0.90912485
0.8640037
0.69571906
0.6360711
0.60397077
0.8220978
0.7122572
0.75987583
0.8319784
0.803432
0.3942901
0.688583
0.7442463
0.6068423
0.68533194
0.86980283
0.9182401
0.8754227
0.63259107
0.6940649
0.3695151
0.41627127
0.5109762
0.5828885
0.59335387
0.4760872
0.87640667
0.88598704
0.6537722
0.6200754
0.44602507
0.84499
0.8728201
0.7294897
0.8013363
0.91199774
0.9596721
0.76869726
0.7478111
0.24262196
0.5142256
0.22766733
0.8897408
0.7702824
0.8035015
0.61952996
0.85033
0.6637004
0.48095578
0.9166547
0.92991036
0.86231804
0.83426267
0.85818976
0.32556683
0.7281995
0.81560385
0.62757444
0.37469447
0.6154994
0.7361504
0.7910418
0.7965871
0.8833488
0.8149157
0.47091332
0.91716796
0.9308426
0.88431436
0.63738126
0.8692082
0.9197798
0.662374
0.61893
0.6035205
0.7019267
0.008252332
0.86366653
0.80093
0.2750881
0.7677285
0.6796232
0.83323133
0.5844811
0.377163
0.9488653
0.6450075
0.88660324
0.70317566
0.83001506
0.5085679
0.6638411
0.54096854
0.756796
0.81334084
0.14587018
0.72685444
0.53984475
0.8876249
0.77072585
0.5917282
0.93786216
0.7290296
0.8993851
0.7997816
0.87462604
0.852842
0.2033526
0.40150824
0.91424066
0.0006016148
0.8948556
0.7364711
0.8737861
0.84358793
0.7137727
0.24667975
0.47766683
0.8687705
0.8926152
0.9108886
0.30063692
0.6559338
0.5710477
0.7227103
0.86103654
0.6968523
0.19018589
0.8006848
0.890478
0.8933012
0.83277327
0.7428171
0.030839996
0.7543922
0.65269125
0.9140741
0.8180244
0.9219708
0.54580617
0.6112395
0.72517574
0.86218727
0.74676603
0.8921959
0.8163283
0.81742203
0.5960508
0.5568274
0.046676442
0.86482614
0.7070929
0.7861507
0.058576092
0.7327693
0.65599465
0.9253609
0.5597466
0.95111585
0.8298892
0.8944608
0.002098633
0.87652695
0.44017473
0.94866645
0.6770481
0.9579223
0.886769
0.7478241
0.7153211
0.48420578
0.9563097
0.85787886
0.63054734
0.8296988
0.69267344
0.90822035
0.0051808935
0.88002926
0.36842486
0.8336943
0.50559646
0.30858395
0.43855834
0.8036758
0.88800937
0.7687683
0.90174586
0.048799172
0.726971
0.9532996
0.7752731
0.9452844
0.8564826
0.88792384
0.917698
0.86466444
0.8207905
0.2937973
0.92949367
0.76620495
0.6730855
0.5746946
0.2169853
0.7142998
0.77192765
0.6767994
0.7319259
0.66389555
0.7618358
0.89446455
0.45788383
0.7594222
0.82729244
0.91996884
0.5434919
0.51480323
0.5646907
0.75476867
0.81797093
0.8204006
0.47740996
0.7861261
0.7221253
0.8820083
0.67674273
0.9433247
0.49123245
0.82923156
0.8002251
0.883554
0.8043268
0.72632015
0.43439054
0.8279826
0.87469375
0.8724036
0.50349855
0.8512962
0.63022
0.21953906
0.012729974
0.80316377
0.94920325
0.26639858
0.8219045
0.91277826
0.11788157
0.38133785
0.8703366
0.74126804
0.38022614
0.07218946
0.74137455
0.85802776
0.18401031
0.83241
0.8499751
0.4981771
0.03277706
0.062801756
0.24768919
0.514807
0.00740617
0.7560425
0.6247671
0.9507627
0.7112133
0.87188333
0.37208313
0.92186606
0.92707914
0.7710676
0.81919837
0.8800735
0.6475418
0.20976767
0.5638952
0.8501686
0.595034
0.8724084
0.7719843
0.53180665
0.8842927
0.94896024
0.5277102
0.7332157
0.56871104
0.5483989
0.6319247
0.10445418
0.6685115
0.5118216
0.7996895
0.8632545
0.7039184
0.85733294
0.016739126
0.79593194
0.7967775
0.7630734
0.9150152
0.68230236
0.88508624
0.17513719
0.17701232
0.09511353
0.94711995
0.7995446
0.16812189
0.102185264
0.33198476
0.014234586
0.35508657
0.4867326
0.0040665707
0.8679236
0.89032435
0.8014827
0.75271976
0.8265364
0.6526551
0.733401
0.7021469
0.96692747
0.41230184
0.735357
0.6482529
0.56294084
0.55847543
0.311223
0.31157517
0.849173
0.63004863
0.78896886
0.579404
0.34020495
0.029839093
0.6474837
0.061970737
0.85059536
0.91997325
0.7505897
0.92405474
0.83996874
0.6000432
0.84762436
0.597544
0.843992
0.90786684
0.9081573
0.1826836
0.7993932
0.8901077
0.5250453
0.9103893
0.094695434
0.89634526
0.9012347
0.9127613
0.90071845
0.6896617
0.059703566
0.890944
0.94676703
0.8314849
0.45541644
0.45081097
0.8738427
0.3704894
0.37880266
0.87093556
0.8352834
0.5399398
0.92111933
0.86372584
0.012463881
0.8675919
0.6902016
0.6587005
0.7272296
0.47653025
0.7451854
0.4355155
0.9470908
0.70589745
0.8616022
0.9206835
0.86691016
0.40140826
0.838998
0.87127215
0.8882673
0.91606736
0.94704646
0.8550532
0.7199232
0.93959117
0.7123952
0.6596239
0.828285
0.8423679
0.039144576
0.5514708
0.8209893
0.91146624
0.82266474
0.7918497
0.82940483
0.9412926
0.9539302
0.6058828
0.68609667
0.07855816
0.0918798
0.61532664
0.8859939
0.6674994
0.2929175
0.6569202
0.9549417
0.8535199
0.84732974
0.9205804
0.9216985
0.6953391
0.82877815
0.86788654
0.024779253
0.57154554
0.7881284
0.09703227
0.8697206
0.6185138
0.89009875
0.9555466
0.5222282
0.49770957
0.8337375
0.7477524
0.40189403
0.9311821
0.5373231
0.71179193
0.85361135
0.9535209
0.6121191
0.85313046
0.76650757
0.5996382
0.95896477
0.80998325
0.9117465
0.67584753
0.8414794
0.89905554
0.3543802
0.736035
0.84402925
0.4470324
0.06139929
0.5131042
0.631763
0.7361753
0.8055067
0.6141042
0.7588486
0.19769008
0.5810326
0.5019863
0.54935694
0.64919794
0.6684088
0.4615963
0.0045833383
0.8380413
0.8322844
0.6892525
0.8600981
0.84238935
0.8642968
0.7665758
0.33430186
0.6891463
0.84473234
0.70109445
0.60753906
0.72157204
0.8552402
0.88804555
0.7999347
0.5052267
0.90172654
0.64330184
0.057209946
0.19867831
0.9629223
0.85026574
0.010393113
0.72947294
0.7180806
0.7658824
0.4703296
0.0016266438
0.060509916
0.028579462
0.9358869
0.809249
0.035319123
0.9392921
0.82550603
0.40105766
0.38710797
0.91454226
0.03752421
0.93524384
0.8123131
0.81444746
0.025083758
0.35268265
0.67037785
0.8018435
0.47642422
0.51539826
0.85576296
0.77996176
0.7452501
0.7435251
0.70634985
0.82559943
0.87437767
0.061207093
0.8303538
0.060177848
0.29075098
0.90572685
0.6878755
0.79459643
0.79999197
0.36614266
0.009878791
0.60510755
0.48724872
0.7657479
0.098433115
0.6228433
0.9276497
0.5030412
0.95617557
0.16626988
0.84591234
0.8515084
0.822499
0.65879583
0.25975215
0.8498343
0.89063853
0.629082
0.5891141
0.72269064
0.9009079
0.89992833
0.7185719
0.7007345
0.88577855
0.36759603
0.7492707
0.44610628
0.56035024
0.4187348
0.26246157
0.79622626
0.6144079
0.55143005
0.30279505
0.5457864
0.03527563
0.6622052
0.8054362
0.83641106
0.8060426
0.8447098
0.8771738
0.5532103
0.19651337
0.71875703
0.80926764
0.7650329
0.8476373
0.6764043
0.81497204
0.60198104
0.9201727
0.2549708
0.9540139
0.3342656
0.7943458
0.33803466
0.89556986
0.53699166
0.79728746
0.88116425
0.91200745
0.36865532
0.7123177
0.56841326
0.875556
0.9481245
0.75657535
0.8775672
0.7665956
0.6168416
0.62228227
0.7796433
0.92178667
0.8470039
0.7875482
0.09816145
0.71198225
0.8453686
0.036288433
0.7176151
0.9242593
0.8580028
0.8580122
0.7126112
0.564681
0.7053775
0.5524739
0.83272135
0.17875895
0.4487102
0.7573278
0.8796842
0.6530102
0.5674159
0.89908445
0.5229187
0.9403076
0.7149304
0.40117383
0.884887
0.92574334
0.017840834
0.8252957
0.96556747
0.76184857
0.052069716
0.8367985
0.75132847
0.895561
0.90603715
0.12718996
0.90710866
0.9386968
0.5830615
0.7800499
0.19593608
0.9573712
0.58027726
0.84634423
0.9078152
0.7019607
0.72504914
0.5518971
0.3045499
0.5514649
0.82863545
0.5893889
0.6245084
0.9312014
0.20787129
0.5834429
0.042359125
0.68351895
0.7325903
0.7750865
0.5812196
0.8509193
0.8838511
0.7750573
0.18449305
0.7436838
0.6678653
0.79449904
0.581793
0.041285075
0.6050638
0.51982653
0.73408484
0.8856299
0.6419727
0.30411118
0.8998193
0.8990449
0.66099787
0.74475276
0.7574419
0.74948484
0.5873906
0.71671987
0.90967643
0.7134897
0.4414336
0.7379108
0.6627761
0.26851624
0.84484446
0.6319332
0.54357994
0.59578025
0.92242664
0.6603324
0.7800335
0.8073031
0.3889323
0.8506078
0.85537916
0.7753532
0.9325392
0.8531238
0.80752844
0.80418444
0.8413758
0.82861507
0.5978935
0.90514326
0.237732
0.8951292
0.6862077
0.80280346
0.7949868
0.8536476
0.82225347
0.12241721
0.84403473
0.5501478
0.8182165
0.92342234
0.796713
0.5758856
0.45756626
0.6892898
0.7994021
0.74923277
0.19331527
0.87317276
0.8124823
0.6713511
0.88094866
0.89102757
0.6018053
0.88147384
0.8286585
0.7887687
0.8083856
0.80855554
0.81774604
0.7394234
0.7905156
0.81066835
0.8823518
0.7317774
0.053877197
0.79504836
0.8324974
0.92411745
0.047511235
0.6757885
0.7347184
0.019496743
0.86496896
0.09339495
0.56444377
0.8892968
0.74006695
0.79605603
0.67930716
0.85553217
0.8780586
0.7871512
0.3223201
0.76755947
0.6881504
0.9193573
0.9114616
0.5795114
0.88161814
0.796674
0.6987563
0.80532414
0.6388558
0.8943585
0.46295518
0.92234665
0.8862864
0.9447888
0.61058295
0.74825513
0.70428324
0.81538093
0.6456039
0.83432454
0.76908827
0.9343475
0.65152687
0.8464699
0.604939
0.6729043
0.8183619
0.8362148
0.8692702
0.79166365
0.6352043
0.69635123
0.7560278
0.7611522
0.64632744
0.85626066
0.87774765
0.20652889
0.5189075
0.28379807
0.37619913
0.91722786
0.9113407
0.7523423
0.9306636
0.8066975
0.24935895
0.8796147
0.7131319
0.89963734
0.8402655
0.8950671
0.526506
0.30477387
0.32733488
0.5196766
0.6200663
0.37172768
0.05150914
0.7003568
0.8335423
0.40987405
0.87976015
0.78432167
0.94208896
0.79311067
0.6778437
0.79107356
0.8772454
0.9419466
0.7390687
0.7850674
0.917583
0.784765
0.6511369
0.8742907
0.79571056
0.65232056
0.67431563
0.87202275
0.69482076
0.83488846
0.83879864
0.73266983
0.4278495
0.9232322
0.64699984
0.8633907
0.68818367
0.9431503
0.58773243
0.115075275
0.809403
0.90333486
0.8763777
0.7919619
0.8573298
0.83817655
0.6305789
0.83025205
0.8963613
0.55935836
0.34051052
0.8500496
0.67701626
0.75784254
0.83797866
0.8196943
0.8857665
0.92608106
0.43437237
0.46203458
0.8805895
0.57926667
0.74913454
0.88130105
0.87502617
0.7923119
0.93487096
0.8700798
0.5675057
0.9354956
0.801308
0.8177851
0.789235
0.81254816
0.69027877
0.795737
0.04695777
0.7482136
0.37706682
0.6839105
0.35817796
0.78345335
0.7762998
0.8538586
0.89074177
0.835921
0.7375425
0.8053508
0.66988724
0.889551
0.69107985
0.30246046
0.50237787
0.0136361625
0.73266006
0.19762066
0.66767174
0.9327428
0.86154056
0.8288433
0.6092267
0.94974136
0.89469814
0.6615785
0.6420946
0.8129607
0.73752844
0.8855854
0.88609546
0.9399383
0.7886621
0.8793292
0.879301
0.749738
0.061028056
0.55465335
0.31368327
0.7928416
0.45373166
0.63241506
0.5575257
0.9376839
0.93196243
0.7171799
0.1208794
0.6893948
0.57050526
0.77315116
0.74634707
0.70106214
0.7710875
0.057321794
0.72585475
0.93384427
0.5148023
0.8690568
0.6034789
0.5082468
0.65871006
0.90454614
0.65994304
0.66693085
0.82133925
0.66461205
0.9082103
0.62056196
0.80647933
0.86810374
0.812211
0.01588902
0.47540587
0.9071602
0.55644643
0.7881953
0.84873044
0.9461731
0.8588817
0.2559192
0.7709648
0.89387506
0.39641315
0.942464
0.881133
0.0630808
0.7173951
0.40332925
0.76244485
0.35955617
0.7683648
0.75352937
0.27933192
0.77199113
0.4524102
0.457982
0.8292875
0.004171917
0.91043305
0.8763666
0.25962085
0.83144593
0.41147318
0.8108336
0.637585
0.85758835
0.8871789
0.83640766
0.6500803
0.8772418
0.87307966
0.8948226
0.6281839
0.8786323
0.61167586
0.40398982
0.7829086
0.7913782
0.49865735
0.77240187
0.9017872
0.20886476
0.8447587
0.8387594
0.8706346
0.62412477
0.61796016
0.7302949
0.8895688
0.9302553
0.035771176
0.74749464
0.6241927
0.8441229
0.7135015
0.5099666
0.73130774
0.83508426
0.34023577
0.10346226
0.025659842
0.8382225
0.8967303
0.7553902
0.065754816
0.01644464
0.8467697
0.42239797
0.9308744
0.8165983
0.71326166
0.7460144
0.8286983
0.7545186
0.8116307
0.7295822
0.82506466
0.89018947
0.55230266
0.8913252
0.56298673
0.88041013
0.7848363
0.88374066
0.81416273
0.9130648
0.31594008
0.8160397
0.8252781
0.9277755
0.83328974
0.78530926
0.888315
0.81499213
0.8111118
0.9378834
0.6854775
0.87357235
0.8941116
0.9021251
0.040272564
0.05512675
0.09101333
0.583234
0.60622865
0.92036444
0.8007273
0.6961267
0.13733715
0.93149793
0.626081
0.91463107
0.44195682
0.28843272
0.75015783
0.71511793
0.86273783
0.85484385
0.86210024
0.9266928
0.90722716
0.63731307
0.7660944
0.8419371
0.5328233
0.4989821
0.5579648
0.44677034
0.91933
0.78182024
0.72427183
0.8044239
0.89863026
0.8519664
0.83261824
0.8319228
0.8708259
0.74699736
0.7494626
0.92836386
0.3821057
0.6377193
0.02364117
0.8919262
0.4391102
0.020264462
0.8126332
0.8281351
0.8816828
0.9177178
0.86425877
0.028843762
0.74825525
0.7408498
0.79598856
0.7441491
0.78052425
0.14945863
0.6904285
0.7056985
0.32214713
0.8496382
0.88173294
0.89503753
0.24645756
0.77367675
0.88166535
0.045726642
0.68393797
0.74949425
0.6071212
0.82166934
0.067452006
0.69588673
0.483247
0.09549725
0.5250342
0.9050554
0.9353596
0.9036568
0.9119564
0.6255184
0.38197
0.52796036
0.8473814
0.86591375
0.48839572
0.9543995
0.6630424
0.79638696
0.8800237
0.900835
0.87688076
0.924095
0.8378266
0.89714473
0.85829216
0.82875067
0.6290806
0.7727268
0.57594675
0.89528006
0.914618
0.8766899
0.69627434
0.63405794
0.7126909
0.3281994
0.34355634
0.9260989
0.65965813
0.91465425
0.82513463
0.49393162
0.54170567
0.93752944
0.90013224
0.8654408
0.74750423
0.9460153
0.59969395
0.6943461
0.941767
0.9277313
0.28663152
0.7725352
0.64725375
0.72913146
0.842945
0.35355526
0.80715793
0.6014025
0.62989944
0.7297589
0.9227346
0.9306551
0.9345201
0.9469532
0.8873402
0.36664844
0.019628044
0.8715955
0.80729336
0.94455343
0.5423312
0.15006077
0.9239097
0.9205333
0.8381144
0.068314984
0.55937576
0.47164896
0.49370453
0.027170923
0.10052403
0.8117936
0.7644501
0.7828455
0.7799634
0.4680716
0.022968665
0.8058239
0.7704723
0.27595425
0.554849
0.855351
0.5930801
0.89960915
0.8720712
0.46569034
0.65245676
0.91710895
0.419028
0.7262573
0.6824589
0.914813
0.826289
0.723364
0.11448725
0.9162581
0.038271595
0.7541307
0.56690913
0.94447076
0.8178846
0.64759403
0.44372627
0.5410555
0.55577767
0.22689795
0.90893674
0.104895085
0.5760786
0.72989833
0.065662585
0.3233655
0.8435445
0.874626
0.85874224
0.28925493
0.7876236
0.7102274
0.71187794
0.8432673
0.462194
0.104316175
0.64110684
0.24143523
0.7547655
0.10743589
0.122448385
0.6499774
0.8144201
0.8697649
0.9271766
0.91581416
0.6081379
0.5955513
0.9292311
0.64750564
0.9468044
0.81491816
0.7083717
0.7382337
0.37427464
0.90822136
0.7487986
0.6668345
0.8072592
0.9015738
0.87278724
0.7913492
0.7452404
0.046602465
0.30715603
0.8937603
0.7929169
0.62529767
0.5592281
0.77270794
0.8738321
0.053261053
0.46616688
0.9628949
0.25869077
0.86342806
0.44008392
0.5975552
0.87840307
0.8589725
0.93815917
0.72958004
0.5272159
0.9151776
0.8252541
0.9015065
0.7758333
0.9135128
0.5646342
0.88855106
0.023548562
0.8481341
0.90794706
0.5106794
0.27024773
0.37488
0.7703484
0.905913
0.8432114
0.84082377
0.79342514
0.8770864
0.6834836
0.7498854
0.910033
0.3730178
0.41756117
0.9215319
0.78431314
0.9310357
0.70050156
0.72055507
0.54109484
0.36574978
0.83684146
0.8074023
0.7744977
0.80914843
0.630304
0.8312035
0.58476067
0.7487433
0.12287289
0.85789794
0.42541558
0.69089967
0.6962604
0.76179713
0.41549376
0.84226704
0.02656895
0.92239475
0.5160323
0.6386294
0.5556572
0.796045
0.94027436
0.847661
0.64622927
0.86829543
0.46488342
0.7273409
0.89711
0.3960801
0.86839557
0.71452004
0.86356914
0.9475636
0.88867646
0.8069225
0.7010164
0.95610917
0.6932967
0.9384776
0.59207404
0.4312113
0.76069933
0.61562127
0.7911371
0.9517377
0.49154153
0.64640385
0.715908
0.92296296
0.5007873
0.68197334
0.7993226
0.70610243
0.85701597
0.83233964
0.4480817
0.031049287
0.34968448
0.8615173
0.7778217
0.6680045
0.57212263
0.28756544
0.061911903
0.93428254
0.22040488
0.49736637
0.93483245
0.8712182
0.47917318
0.6781476
0.7722512
0.83400124
0.7190247
0.8862803
0.8898848
0.9053499
0.034374207
0.37421834
0.39567316
0.85753006
0.8768723
0.9512217
0.7420272
0.9278643
0.95495754
0.8746557
0.03617519
0.9114648
0.94652224
0.84656847
0.6565699
0.6709755
0.6415752
0.9024152
0.9348465
0.8555301
0.71222925
0.8327721
0.02081871
0.9044941
0.7837201
0.8988155
0.912586
0.29309577
0.5465451
0.32218844
0.8963582
0.8125555
0.6423125
0.87012434
0.58704245
0.76922286
0.73345935
0.808121
0.8965272
0.8113807
0.057619154
0.7630929
0.83986115
0.8783809
0.773495
0.8625985
0.037432846
0.81424063
0.46324807
0.83590746
0.5020427
0.8274417
0.9439979
0.7993231
0.3678309
0.72732365
0.82788754
0.8968797
0.8572106
0.934276
0.74990755
0.9238064
0.8770402
0.071879156
0.6894437
0.77665144
0.8911147
0.7709557
0.6385007
0.06272218
0.6985307
0.84706384
0.8308675
0.9023217
0.88315094
0.6377455
0.89957184
0.82373446
0.73732406
0.95395845
0.5565152
0.76789737
0.7195412
0.5189622
0.69115484
0.6900785
0.65217125
0.8486809
0.68648595
0.9658145
0.85883355
0.81309295
0.7683803
0.41149375
0.9000436
0.6885321
0.5611267
0.0043231566
0.86937124
0.61486375
0.8856886
0.4023119
0.79914266
0.86411107
0.77010244
0.4848432
0.578491
0.832584
0.8317465
0.86462814
0.8209879
0.9169493
0.8649887
0.6719914
0.7719982
0.8107682
0.8221622
0.38094062
0.85343736
0.7075943
0.20733553
0.26676652
0.64193606
0.45451775
0.6721789
0.8749324
0.89671195
0.86222094
0.81751
0.8945693
0.8859356
0.7493165
0.7316497
0.15068153
0.8237008
0.54474705
0.025481915
0.15235186
0.649908
0.79938126
0.68154955
0.7079112
0.91812503
0.7698072
0.68005717
0.8951131
0.73704433
0.8697448
0.0979649
0.8732511
0.94246995
0.8349306
0.8455583
0.8207509
0.811244
0.6290862
0.15695965
0.77541083
0.61797494
0.8755667
0.6991069
0.67114127
0.86745906
0.47845393
0.9002012
0.01894319
0.84502095
0.937752
0.8930751
0.96702546
0.54846734
0.66213405
0.39487422
0.67414504
0.60137755
0.9399736
0.7727614
0.6146437
0.44006643
0.046716273
0.7126676
0.14542598
0.6307607
0.69691616
0.026075814
0.5558847
0.6863991
0.85126317
0.14463545
0.806935
0.81712353
0.6686687
0.83688223
0.81635135
0.4071616
0.60957074
0.41909784
0.90905225
0.52502996
0.861223
0.7363895
0.93615913
0.75946844
0.75964594
0.536421
0.5627552
0.9136101
0.047796756
0.86453664
0.58373606
0.8167634
0.60635614
0.6639248
0.8527684
0.45661837
0.94369763
0.75920266
0.90467143
0.60265946
0.939384
0.8379799
0.66928756
0.76630247
0.09635319
0.82355195
0.07914364
0.40011412
0.9010422
0.48271185
0.8665666
0.52382463
0.32073772
0.6939821
0.64286196
0.73165643
0.68512005
0.7268888
0.5499132
0.7345166
0.21314648
0.86679673
0.95985067
0.73363686
0.7192591
0.885945
0.7735933
0.030966062
0.47606224
0.6678853
0.7064066
0.31611815
0.75339353
0.6616735
0.727565
0.85350513
0.9388526
0.74661833
0.7430845
0.7871361
0.94680494
0.645845
0.89333814
0.7843685
0.7754933
0.50905097
0.105532736
0.16945179
0.30053985
0.9127997
0.72101367
0.90692055
0.78705144
0.909535
0.80839133
0.8223529
0.8038782
0.41018203
0.031224081
0.39631295
0.6920532
0.31989935
0.38224253
0.5913801
0.91604865
0.3036059
0.006562747
0.4690057
0.8857629
0.5022685
0.59894526
0.5669854
0.834294
0.7604002
0.9022375
0.735345
0.93731844
0.8229424
0.8195125
0.6172818
0.927069
0.57058054
0.7107574
0.78011173
0.7226243
0.90902084
0.84559727
0.26528096
0.93064237
0.6448397
0.73458743
0.31346574
0.78967637
0.62667644
0.88006574
0.046264138
0.8713709
0.35277665
0.90751505
0.87267846
0.097669914
0.74516857
0.7783118
0.5207777
0.5256517
0.86173147
0.86639297
0.8897208
0.93517697
0.65083534
0.081053145
0.5091093
0.75448316
0.8228379
0.8207089
0.45543927
0.71029127
0.6218402
0.68485034
0.73072636
0.73237455
0.6865088
0.65003955
0.95243406
0.833591
0.4253427
0.70655084
0.79764587
0.8450122
0.6781646
0.6965212
0.7074641
0.06274971
0.7712812
0.8801837
0.7859581
0.60567296
0.74550754
0.83191735
0.87153375
0.7565308
0.27940112
0.5081997
0.5120639
0.86773074
0.8975552
0.79569894
0.5271918
0.8783931
0.19100243
0.6653328
0.30407938
0.9454957
0.89541864
0.77403075
0.886518
0.60178643
0.91455275
0.80916315
0.40282723
0.83659583
0.6916765
0.8485832
0.53880024
0.684134
0.81382364
0.7267522
0.8782787
0.0692432
0.862294
0.7075549
0.73331153
0.32522643
0.66540676
0.9294152
0.9253706
0.6543573
0.8953855
0.5809197
0.46143344
0.8981199
0.59224683
0.8256759
0.5211406
0.82059103
0.9305252
0.5874505
0.8310915
0.853278
0.4151349
0.26428154
0.8122516
0.84044945
0.87266076
0.8722347
0.931196
0.5949506
0.8941768
0.88480777
0.775167
0.87215596
0.7150892
0.90115243
0.5938498
0.90336627
0.59547114
0.7111144
0.722964
0.44743004
0.31311506
0.8760446
0.92134666
0.88863426
0.5379445
0.6918583
0.87518775
0.8575942
0.66471136
0.68412185
0.5146067
0.9201663
0.4160214
0.7651853
0.8535938
0.7903768
0.6301627
0.7308811
0.58114326
0.76332337
0.8628606
0.8343762
0.62732637
0.8161839
0.93022776
0.92676663
0.56659997
0.894442
0.77275467
0.6002889
0.04259959
0.7196432
0.05394809
0.7479255
0.6266667
0.77352643
0.65824825
0.85126203
0.008369736
0.8066366
0.82099926
0.83655417
0.53573185
0.021943746
0.649137
0.9319719
0.07251176
0.83233154
0.9462529
0.2750987
0.5748471
0.8639816
0.25008178
0.103796855
0.3136406
0.82387877
0.86915004
0.5696206
0.6726749
0.8949373
0.90196085
0.8909074
0.32239392
0.9239169
0.7309681
0.8940197
0.7736422
0.78742486
0.6046805
0.82873
0.77145654
0.7658345
0.9199833
0.92684805
0.9530704
0.693326
0.90472573
0.44081014
0.7579908
0.7950914
0.82460815
0.85256344
0.8244533
0.90311915
0.86292166
0.83819354
0.06379953
0.5905831
0.86844796
0.4251153
0.5713202
0.711514
0.9376928
0.9528743
0.4923685
0.88546276
0.7836419
0.89022946
0.78741384
0.7962448
0.04336011
0.4742491
0.9231776
0.79546
0.0272667
0.9103743
0.6954051
0.5439325
0.4552078
0.85044813
0.85130763
0.6978338
0.6686746
0.7996743
0.27910942
0.75353694
0.7962158
0.24804337
0.9528869
0.80732894
0.5723017
0.77325004
0.43476617
0.5085002
0.88935894
0.45850396
0.6446542
0.8039595
0.85089266
0.64363706
0.54370046
0.7790292
0.016956305
0.9412662
0.6799722
0.59270656
0.5211786
0.89926386
0.6152465
0.791499
0.84289026
0.37606734
0.82461256
0.8792665
0.41554666
0.78401405
0.8695717
0.3616307
0.93263626
0.76160157
0.85663396
0.6503515
0.6297168
0.8183987
0.3542387
0.8873825
0.8094971
0.75681746
0.85851794
0.908734
0.7352203
0.9106134
0.53565276
0.944932
0.70997965
0.5012134
0.52258426
0.6918382
0.04101375
0.8828479
0.48276335
0.8541881
0.4051702
0.31404608
0.7251167
0.8284472
0.5975518
0.8279402
0.7825899
0.87790376
0.55495864
0.9066479
0.7506724
0.93843603
0.8531202
0.8859585
0.5975401
0.92952365
0.5964973
0.87002903
0.71687245
0.7670045
0.88301873
0.08060923
0.8844306
0.36184463
0.7206508
0.8394766
0.61024517
0.4901793
0.7736114
0.7351861
0.82997775
0.09592123
0.84047437
0.24898282
0.03931362
0.6275902
0.89519227
0.9023085
0.6937666
0.9488028
0.95823777
0.7462205
0.26762396
0.92299736
0.2693919
0.95681685
0.7049217
0.8301008
0.6064046
0.76257795
0.674858
0.75563
0.6139781
0.92317563
0.49846524
0.7421306
0.81815916
0.7282023
0.81025857
0.7075032
0.5377492
0.81204635
0.45446962
0.8720063
0.873452
0.9273895
0.6479623
0.19881368
0.6527348
0.61477447
0.8478679
0.8233831
0.5176356
0.7309283
0.5855184
0.8064783
0.68831986
0.6639947
0.78090227
0.7548492
0.7345217
0.9387186
0.74689835
0.9092315
0.7508332
0.9007791
0.79726756
0.83241194
0.91499805
0.055197336
0.93908775
0.8139298
0.506515
0.0041818004
0.022547407
0.7650733
0.4260646
0.19890618
0.569771
0.8017301
0.858156
0.9177184
0.548638
0.80112684
0.9371581
0.9240782
0.89242023
0.95020497
0.9163181
0.12167358
0.92266005
0.8681589
0.0043196455
0.8134833
0.73007524
0.7990297
0.75281775
0.7894819
0.94344056
0.033600092
0.6567241
0.116752066
0.8219566
0.94158137
0.58137393
0.87518156
0.82390034
0.7006584
0.86591625
0.117702246
0.4934284
0.66281915
0.7495353
0.8111293
0.57570964
0.6285848
0.6550465
0.8792387
0.88641846
0.6795614
0.6166065
0.82299274
0.49983764
0.72866535
0.9138933
0.88094294
0.8533093
0.71187997
0.77108073
0.8268256
0.06641087
0.6392664
0.5161558
0.4507457
0.5708758
0.031077452
0.4537634
0.6583572
0.81214726
0.77123
0.85520536
0.7693281
0.7852836
0.8026856
0.59834635
0.5334783
0.8816292
0.47389895
0.7374004
0.86328816
0.87587
0.78613937
0.8063835
0.81504846
0.09034154
0.712421
0.017400421
0.6418517
0.4144528
0.7419725
0.4566352
0.6619747
0.77793735
0.74012023
0.6210192
0.9583985
0.5277811
0.798549
0.92659754
0.9249618
0.6702982
0.8552346
0.7836231
0.5659173
0.8654628
0.604672
0.42544812
0.85399514
0.6581533
0.85157216
0.82016283
0.7234417
0.8245809
0.79898953
0.8026184
0.802487
0.52796525
0.70601606
0.8776137
0.55060047
0.57574636
0.72994244
0.66487104
0.8389877
0.5104017
0.5310886
0.87253404
0.22413145
0.78927267
0.819454
0.8997623
0.5834529
0.52266574
0.4921131
0.36293653
0.53599495
0.7005828
0.27505273
0.45984495
0.4793463
0.86801463
0.8813218
0.6550503
0.89475334
0.8292192
0.62594056
0.8056717
0.848643
0.88107467
0.87631553
0.61622727
0.90760523
0.9497362
0.7354323
0.027938416
0.9365336
0.274103
0.8116805
0.84638476
0.48665637
0.8063821
0.38410228
0.065869026
0.74657077
0.92594445
0.7859371
0.8013645
0.88099295
0.7452401
0.5067082
0.9142836
0.9349043
0.79728174
0.92175114
0.8418428
0.82328117
0.02216234
0.010079352
0.82282
0.8011086
0.48150843
0.840054
0.7613817
0.8251792
0.6531722
0.6040802
0.88129956
0.4013396
0.3159721
0.0135584865
0.67429566
0.7989413
0.8329183
0.58414644
0.61975074
0.9344087
0.8266139
0.85273373
0.3542275
0.91992116
0.6110521
0.7801784
0.9229045
0.6595461
0.67556906
0.7772695
0.9134938
0.88683325
0.6354735
0.7802287
0.7715387
0.7102044
0.6674805
0.90919006
0.6856022
0.82772857
0.17820708
0.060956877
0.9201727
0.63545007
0.7994386
0.83407974
0.6840686
0.7191385
0.86195815
0.81706256
0.12356558
0.6743559
0.5877823
0.7454865
0.91348195
0.84205526
0.5121283
0.70834124
0.46364498
0.66784865
0.17545328
0.8180592
0.4399914
0.9294763
0.88293356
0.76746976
0.9141331
0.81422925
0.55356
0.5518724
0.5147206
0.7791264
0.9074272
0.9010439
0.03953593
0.8995293
0.7782587
0.82161677
0.84169996
0.62711114
0.8900744
0.7856835
0.9219885
0.23687467
0.12130247
0.8154786
0.6865789
0.5238049
0.5440058
0.76737726
0.6547429
0.5074918
0.8485609
0.73911893
0.20264092
0.9008875
0.79046994
0.89724725
0.9057222
0.44913876
0.5925652
0.82465076
0.01714213
0.7472185
0.7703266
0.8582247
0.05687137
0.008936108
0.9365952
0.5831544
0.8318073
0.85717803
0.81495464
0.36121663
0.5021114
0.44119656
0.51621765
0.8329822
0.69017327
0.75397456
0.79281664
0.8172042
0.670191
0.612973
0.84383917
0.86801213
0.7935648
0.81264305
0.6997478
0.8132272
0.55485356
0.7157002
0.7528266
0.7750475
0.8131356
0.31203815
0.63766336
0.8723172
0.65810144
0.7158633
0.78731287
0.4685146
0.8329072
0.81686413
0.90783
0.4151821
0.9240288
0.91879326
0.86990464
0.9277687
0.66645455
0.5251222
0.44739902
0.3174004
0.83922774
0.049225766
0.7483534
0.84106207
0.57659304
0.32406515
0.58224595
0.8230612
0.8553307
0.9621395
0.862022
0.95049715
0.8836645
0.8730053
0.4146965
0.4424826
0.9236979
0.8895085
0.13942127
0.90927416
0.6844178
0.81766844
0.20133533
0.8406198
0.93835425
0.7823295
0.05695175
0.7371969
0.49350023
0.5529418
0.6671018
0.8501282
0.9286598
0.8025155
0.5900415
0.89172596
0.49330664
0.926787
0.50844467
0.8193314
0.7868579
0.8353189
0.7606561
0.90888065
0.86241174
0.86471707
0.9273475
0.6910168
0.2002725
0.8478854
0.8956903
0.017959272
0.15073112
0.9073615
0.33916366
0.8816759
0.029097687
0.8582807
0.9467892
0.6409133
0.61108154
0.88911
0.004035635
0.7566243
0.49881852
0.5055546
0.74889535
0.05557658
0.02971527
0.61280495
0.7501594
0.9026934
0.7016445
0.64828277
0.7510478
0.75578916
0.19977473
0.91989607
0.8467112
0.52151746
0.78473866
0.88219833
0.23332654
0.89968544
0.6621499
0.85755855
0.5828936
0.792548
0.8426918
0.529605
0.88056386
0.84810233
0.5648249
0.5776669
0.8861164
0.6210636
0.8227959
0.88800746
0.5633438
0.8505578
0.54770803
0.8539102
0.87477785
0.12033818
0.83766943
0.011284443
0.81542367
0.3121943
0.85062915
0.93114537
0.9215549
0.08522813
0.5411569
0.6670553
0.035710037
0.7558501
0.7946451
0.77128375
0.8620033
0.6325873
0.921722
0.030791804
0.720311
0.7757528
0.7013237
0.7603414
0.6706073
0.806499
0.7806346
0.48989367
0.91523117
0.74572724
0.69201314
0.6521355
0.5164621
0.09241783
0.87655485
0.76348335
0.03437588
0.81534755
0.9632638
0.9117987
0.9421604
0.8856613
0.6797805
0.6778563
0.7909362
0.6679282
0.8213203
0.86524004
0.016384017
0.017240679
0.7179869
0.5629406
0.83420795
0.86245716
0.6960472
0.8322587
0.82904756
0.8123825
0.797486
0.7518484
0.045400135
0.9079673
0.008866547
0.5993557
0.9510048
0.8413575
0.46358645
0.9290612
0.82484066
0.75667
0.58816683
0.8958137
0.9527065
0.9356395
0.8775291
0.86978877
0.81206274
0.80140805
0.40060025
0.8795297
0.3860997
0.7680051
0.71781594
0.06001057
0.92262036
0.6186342
0.7747279
0.8420733
0.7637729
0.5344887
0.020113388
0.8745818
0.08878923
0.9319147
0.70400614
0.8971468
0.24136525
0.8629365
0.6352986
0.6195
0.5922114
0.8130566
0.24971622
0.8529906
0.6916539
0.87226284
0.017947437
0.9100883
0.8490581
0.86367923
0.04719597
0.79043895
0.92787313
0.8691715
0.8611051
0.04795529
0.87604105
0.76718843
0.7049419
0.8071214
0.3713098
0.08999406
0.52006733
0.3372583
0.6043469
0.52178323
0.9018515
0.88123053
0.40593886
0.5252204
0.55154157
0.8017451
0.8360921
0.74634826
0.6824238
0.80497754
0.89773333
0.34772962
0.8558424
0.74707204
0.4541806
0.85292554
0.74444175
0.6222678
0.9662857
0.8666879
0.49949262
0.7048874
0.6325897
0.642781
0.83864844
0.9642935
0.8907591
0.9072136
0.6857904
0.8167195
0.7460981
0.609839
0.7687733
0.07651731
0.89025855
0.6861192
0.8000809
0.8272711
0.8140962
0.7103556
0.78845894
0.8745001
0.8775325
0.13560984
0.63953006
0.562374
0.7830604
0.7923925
0.9185181
0.43994087
0.65190846
0.7239795
0.45343432
0.89192754
0.5335947
0.7551544
0.8146053
0.5544368
0.9307844
0.835362
0.63165087
0.3543771
0.9277424
0.43273225
0.6335866
0.6819172
0.27339444
0.039318413
0.6563118
0.9230742
0.74714947
0.8240411
0.7964356
0.728238
0.6600786
0.802812
0.6761849
0.40826207
0.76626056
0.8922759
0.73530656
0.8805626
0.4154117
0.95617914
0.5580369
0.7674609
0.89673185
0.628292
0.7376869
0.69177616
0.8199359
0.8277996
0.777565
0.8652665
0.30380836
0.81032544
0.36363754
0.6127837
0.7816267
0.059931673
0.27754438
0.7344192
0.7868654
0.82949173
0.8893449
0.91585666
0.86913306
0.8772599
0.80924314
0.8883271
0.083475746
0.7512586
0.07514381
0.90197694
0.81882536
0.5007286
0.75512505
0.7428174
0.4294424
0.7180578
0.92603755
0.8324111
0.6148286
0.63843256
0.61949384
0.795462
0.6719584
0.88254356
0.17904377
0.90234536
0.6810096
0.91450715
0.5684634
0.48681274
0.8869273
0.85269165
0.774397
0.9231316
0.87752664
0.883896
0.71856487
0.87441814
0.6313183
0.709808
0.7491688
0.7869458
0.57879865
0.7969301
0.8196599
0.80717963
0.20437032
0.7870194
0.88180757
0.0014212579
0.7609824
0.9412244
0.7246501
0.83280975
0.8065548
0.7232234
0.04050884
0.8456284
0.9088221
0.9523795
0.08012988
0.704441
0.93825173
0.6246048
0.66829735
0.8706571
0.76072025
0.6089228
0.7572341
0.7638703
0.054407306
0.5997706
0.7089178
0.40576488
0.631009
0.15051891
0.7852899
0.03780984
0.68813473
0.5375387
0.7624158
0.6566179
0.82322377
0.8767235
0.06509103
0.75992143
0.78305197
0.157288
0.7555642
0.48405188
0.9408469
0.7004238
0.8592468
0.7568763
0.872239
0.8685379
0.5142622
0.8490077
0.6107974
0.42795926
0.8258705
0.8778342
0.86361516
0.74769765
0.71347684
0.8184322
0.91164035
0.6582871
0.8327813
0.79031175
0.7847113
0.7609412
0.84225845
0.9117866
0.79062515
0.7899681
0.80855036
0.8596001
0.7831449
0.8715219
0.6064638
0.7481354
0.47743565
0.8133057
0.8605693
0.920871
0.85966295
0.6858832
0.7984924
0.8505175
0.9227084
0.8887848
0.5583126
0.8391582
0.80753016
0.92824805
0.5142856
0.74779564
0.72059506
0.29511663
0.84361404
0.7954221
0.72275823
0.853081
0.93852955
0.8459059
0.7365897
0.67556477
0.6957103
0.43924928
0.71641433
0.7472527
0.58776194
0.68091214
0.9136788
0.17985895
0.3843652
0.7262629
0.7857928
0.6612168
0.8104154
0.83295345
0.33008945
0.8156011
0.6842474
0.8099505
0.38956267
0.90552485
0.8092353
0.8394109
0.60880744
0.9100255
0.91849506
0.9133744
0.7634678
0.8921814
0.8579426
0.61741495
0.52549034
0.87142146
0.6719756
0.8828443
0.8416768
0.8844496
0.90795636
0.69115555
0.8481387
0.35481516
0.57867444
0.17829101
0.8287838
0.8123185
0.69782937
0.8608065
0.81371826
0.49566168
0.91325873
0.7343994
0.51041156
0.9143582
0.22142786
0.7717125
0.038627084
0.8430943
0.8410849
0.90639013
0.8048189
0.91498804
0.379576
0.83138514
0.4493063
0.8769557
0.84224683
0.8492242
0.6447727
0.8778591
0.87940794
0.7931039
0.7499955
0.80659497
0.83904016
0.58663476
0.027677797
0.86570174
0.8982786
0.63288116
0.92471945
0.9106437
0.75201905
0.073396616
0.26363686
0.8288455
0.55895144
0.7147445
0.15512583
0.80617166
0.856132
0.8281789
0.7052041
0.7249374
0.77534026
0.64292824
0.8172388
0.52455014
0.2278923
0.18238866
0.8171382
0.8472723
0.61585236
0.79523855
0.6222063
0.0072908318
0.72955555
0.75609577
0.08521194
0.89361084
0.8465741
0.019535325
0.8987941
0.93268144
0.78903395
0.719074
0.8965343
0.82834995
0.7085283
0.12586313
0.36894786
0.60766214
0.030593872
0.70635647
0.2877583
0.8804734
0.72089726
0.744758
0.79729337
0.8778103
0.16497058
0.7882362
0.6744138
0.069051675
0.12394022
0.9130523
0.80434126
0.72283685
0.90436935
0.42769855
0.80707043
0.89406276
0.28260526
0.74424887
0.7039868
0.75973344
0.8146906
0.82995576
0.7500473
0.93799
0.5772725
0.837416
0.50677
0.7831129
0.8361985
0.81383634
0.57426715
0.219838
0.74519205
0.8685668
0.7733245
0.7895134
0.6472694
0.80666345
0.7225367
0.76279837
0.009529839
0.79557574
0.95899606
0.08295236
0.6982715
0.7900878
0.6797001
0.83663976
0.882527
0.96294236
0.84653646
0.62228554
0.7417079
0.72461414
0.59020615
0.7996663
0.22742844
0.54134315
0.8480909
0.8666831
0.89189625
0.31190887
0.7618463
0.88651836
0.67672163
0.9102402
0.60297614
0.9091792
0.79433805
0.6394935
0.69464844
0.62658113
0.5863114
0.8250254
0.8212806
0.8943322
0.54493153
0.679707
0.93927735
0.052077502
0.599689
0.65716976
0.4113493
0.25574973
0.72798705
0.9234359
0.84522927
0.7840208
0.55210996
0.666644
0.50887144
0.80615854
0.58014965
0.74931514
0.50064677
0.042003892
0.047730457
0.055930324
0.7377051
0.41801867
0.48320666
0.90698516
0.7237216
0.8812029
0.5533712
0.8350837
0.704705
0.9028128
0.5552994
0.8027944
0.73811835
0.7549152
0.64124954
0.018606737
0.8112713
0.8141297
0.8518857
0.3664181
0.697853
0.33317986
0.3155344
0.03817195
0.5329283
0.80698526
0.45268655
0.9033193
0.53942657
0.77573395
0.29348916
0.081303485
0.8119653
0.7519188
0.68010056
0.91541165
0.89685
0.763575
0.685606
0.8276923
0.5996698
0.28148356
0.92810464
0.8350689
0.3610438
0.87865835
0.8423845
0.6487654
0.36485517
0.8328626
0.8044756
0.89798224
0.79128635
0.8849387
0.7999602
0.9223445
0.8080235
0.66821617
0.6749954
0.8000675
0.77042633
0.81932306
0.19180445
0.9257633
0.6316353
0.09087849
0.5345761
0.35470018
0.787507
0.8736694
0.6407047
0.6169102
0.7274194
0.75992656
0.7956476
0.7619546
0.9012459
0.9066993
0.8021054
0.14393884
0.2718738
0.87552184
0.6989807
0.7719556
0.5600482
0.9223253
0.72491276
0.53664327
0.84506583
0.7426605
0.7484304
0.7877525
0.71367234
0.8456062
0.9159677
0.6713433
0.88970256
0.4841792
0.6084939
0.9475761
0.85965234
0.80831134
0.109738655
0.12326201
0.8205718
0.65399903
0.7533171
0.8887706
0.6379603
0.18451178
0.7310779
0.6232567
0.79758817
0.5649283
0.850432
0.014080921
0.32941565
0.8423439
0.05887435
0.8811571
0.8645252
0.7903693
0.8585276
0.78519297
0.45825118
0.7316753
0.8187009
0.8124714
0.76668704
0.93471843
0.72776955
0.91895187
0.026411034
0.7725316
0.9079875
0.7532373
0.7738243
0.6900572
0.43509188
0.3993923
0.82695776
0.8106098
0.7061092
0.8741941
0.4914891
0.457915
0.8913083
0.07855959
0.27043906
0.90213376
0.5172592
0.9584702
0.78420055
0.81401336
0.83411205
0.7431211
0.37589136
0.8396019
0.6051629
0.63572484
0.7467483
0.7359512
0.47117236
0.73858523
0.8146155
0.8899571
0.15939508
0.7279602
0.25749564
0.16137846
0.70210767
0.9266857
0.8877133
0.94685024
0.13276434
0.895925
0.7866613
0.8627441
0.5704236
0.8682858
0.040697053
0.91039205
0.7044157
0.8592068
0.6898035
0.7906924
0.8732228
0.92625237
0.018368402
0.6075731
0.5779838
0.8530235
0.75166595
0.9159914
0.06423518
0.907663
0.60786176
0.9678881
0.058954723
0.84877545
0.93411386
0.70564944
0.6746764
0.64467263
0.67721
0.609529
0.0031881947
0.18228106
0.7268189
0.8304807
0.5929237
0.884773
0.64706993
0.91706425
0.9222512
0.7525669
0.74619097
0.9255388
0.5402523
0.6534535
0.8947759
0.7142863
0.74526155
0.5792944
0.8921082
0.5648722
0.8206672
0.950923
0.530199
0.90779054
0.638456
0.9177959
0.76423866
0.79756814
0.6403882
0.8599203
0.8783647
0.5328474
0.04961748
0.70447266
0.82041544
0.87083155
0.88821036
0.73106056
0.808704
0.8588316
0.61856264
0.8228135
0.7962381
0.7268018
0.8340449
0.7959954
0.26287982
0.038603716
0.41214138
0.5545694
0.42723364
0.93658864
0.41844952
0.9016299
0.8903104
0.8454178
0.29730472
0.658665
0.77664423
0.82845044
0.8680445
0.7953023
0.6290928
0.9220891
0.59915704
0.48602527
0.8443359
0.8194048
0.573783
0.6695752
0.8921596
0.86495876
0.7514823
0.7673845
0.76139724
0.5357695
0.78414714
0.9333578
0.68294346
0.59577817
0.6942488
0.79185987
0.5429258
0.61271685
0.90365994
0.83833206
0.3495015
0.7824076
0.9136231
0.92359054
0.4782461
0.7661378
0.652785
0.17633714
0.1478093
0.6978506
0.80666643
0.8460924
0.81785715
0.032086477
0.76341516
0.8512312
0.8834167
0.9489902
0.9156976
0.924651
0.95462966
0.9194856
0.76394
0.8736054
0.8938336
0.46925598
0.80620235
0.7253895
0.7284236
0.6139551
0.02686331
0.8530156
0.5143487
0.8835784
0.6796423
0.81222284
0.8540377
0.6654964
0.82751644
0.7668586
0.032040723
0.75990176
0.8576805
0.83668715
0.8907702
0.80279154
0.4876231
0.8433066
0.6966093
0.86492044
0.9025223
0.10875796
0.8211051
0.9143285
0.7728066
0.9302941
0.684601
0.90781146
0.8488519
0.92617303
0.76909226
0.96963084
0.66622233
0.8903637
0.83503455
0.72440726
0.1519679
0.9373515
0.7097174
0.78343904
0.53560394
0.78207105
0.81213003
0.46601525
0.10794848
0.923223
0.15392573
0.84087926
0.17777936
0.8208257
0.765749
0.9392893
0.76877236
0.7780443
0.33695948
0.81083
0.6814772
0.7537419
0.047910765
0.92186236
0.935585
0.8710934
0.41857934
0.89771444
0.9316052
0.13561863
0.5611628
0.88665885
0.04532584
0.7074721
0.42419702
0.9195894
0.7070981
0.7753988
0.76191694
0.8384768
0.014719016
0.7222818
0.62585646
0.9469342
0.71153057
0.6759042
0.571377
0.911731
0.9395377
0.74934494
0.04745411
0.7766031
0.41686624
0.921153
0.7637834
0.804737
0.055108786
0.78937685
0.39102778
0.88611054
0.6395254
0.10188885
0.5663864
0.8476755
0.9124013
0.82454693
0.9239719
0.3665871
0.47767282
0.5642791
0.5153917
0.39543718
0.7237903
0.8669749
0.5391266
0.8609697
0.8604186
0.74403036
0.03717385
0.3942998
0.8184239
0.14720753
0.725558
0.86212456
0.8135454
0.8378887
0.9279005
0.85914546
0.82232285
0.93194234
0.7769829
0.039305147
0.73338187
0.96166825
0.90447295
0.7620602
0.8615967
0.9231139
0.87523556
0.9352702
0.6788286
0.9491864
0.80696493
0.8661219
0.86709285
0.47670114
0.75621635
0.9082633
0.8658837
0.03187695
0.83224785
0.051815968
0.78923124
0.7335559
0.35777107
0.7337777
0.78225523
0.2696162
0.4804175
0.86714864
0.47171372
0.7655219
0.1458526
0.72136515
0.7552896
0.7154317
0.45294955
0.6956675
0.62017256
0.9333786
0.02025532
0.7183138
0.9754653
0.6651481
0.77696514
0.9349266
0.9404042
0.7107733
0.9572544
0.063928515
0.8005146
0.78588676
0.024738327
0.14408657
0.6571262
0.9548739
0.41859865
0.65675277
0.8370833
0.7479033
0.89126444
0.7672869
0.5453472
0.94969654
0.36076778
0.007298799
0.8285918
0.8636033
0.017486023
0.57758904
0.7840347
0.8746471
0.84672415
0.9083532
0.62138176
0.49072498
0.8261533
0.8404943
0.9077289
0.7655521
0.6044504
0.8949121
0.7135847
0.915016
0.2430905
0.7779316
0.8990874
0.8318687
0.5088463
0.8490184
0.77622205
0.8810755
0.0084032975
0.8342168
0.92007405
0.18400723
0.9045243
0.58966243
0.94946414
0.9677172
0.7336248
0.5912648
0.5912936
0.949517
0.47600225
0.59135735
0.5117029
0.891605
0.8212725
0.8714905
0.9047359
0.9128314
0.7404939
0.86799276
0.81948304
0.39970922
0.8397315
0.8403155
0.89281285
0.2925932
0.8631773
0.936695
0.8773142
0.70895284
0.8724156
0.81549203
0.79631805
0.9173145
0.8898612
0.929126
0.9442691
0.10069771
0.9240255
0.5362186
0.82360184
0.8751467
0.8371488
0.63410926
0.67505455
0.9164312
0.12664106
0.80566806
0.8692403
0.63404006
0.84328395
0.67611325
0.93181044
0.85801893
0.6868638
0.57696635
0.9493288
0.64405245
0.8741429
0.9028487
0.81938475
0.939689
0.8852756
0.8675138
0.42312095
0.09120018
0.6292702
0.9303072
0.60826254
0.93363905
0.9060974
0.7513324
0.6029733
0.6560327
0.7571593
0.84688556
0.8799023
0.73663455
0.6447351
0.7578587
0.89715093
0.94697994
0.8295045
0.89104444
0.6981759
0.7444442
0.74708915
0.7501652
0.86116827
0.7197624
0.80181766
0.73218375
0.8700212
0.30669898
0.25506076
0.8263066
0.87962294
0.42670205
0.6160228
0.788849
0.9277642
0.88188344
0.77052605
0.9002855
0.83101374
0.8398078
0.8806192
0.9248509
0.61902744
0.61510074
0.76553416
0.1420389
0.603184
0.73795587
0.5345322
0.30414838
0.05491961
0.9122182
0.9204733
0.79566485
0.6836938
0.90164995
0.9262897
0.56076944
0.82177955
0.9287832
0.44915637
0.87142813
0.78239423
0.8757135
0.6262377
0.81376415
0.8895752
0.7878698
0.8539777
0.8001616
0.91819453
0.96492743
0.61317086
0.89406925
0.7930262
0.7931738
0.8432016
0.7691535
0.8703571
0.04500366
0.5851647
0.06930038
0.66261226
0.8741016
0.9404964
0.69181883
0.8948657
0.9484453
0.8618268
0.95103097
0.77468634
0.05076579
0.8921141
0.81944865
0.22604656
0.9604414
0.78356934
0.6341605
0.8234294
0.9536334
0.7709476
0.6875014
0.7782896
0.58586544
0.000623296
0.8215926
0.037412275
0.82793087
0.68384975
0.26110956
0.89492875
0.605224
0.7790372
0.92016006
0.70509744
0.670004
0.80895364
0.92751265
0.8687757
0.002594296
0.29181033
0.95767105
0.6318754
0.8133765
0.2917844
0.5754632
0.23891093
0.08389663
0.49305773
0.8699586
0.86888635
0.6843697
0.93895257
0.49438608
0.0045411186
