0.8733595
0.78395516
0.92471653
0.9622849
0.91234255
0.84988743
0.89653176
0.9570126
0.8508764
0.98366684
0.8915101
0.9003827
0.9588018
0.92373216
0.87943834
0.79156715
0.9868827
0.8829893
0.8074824
0.6073663
0.9240521
0.97960865
0.9468422
0.98373526
0.84942347
0.89630896
0.9354557
0.86064446
0.9972097
0.80122924
0.92100537
0.8632994
0.99446607
0.9580139
0.9663781
0.9156861
0.9258646
0.9525703
0.6535179
0.9570727
0.79234177
0.8973189
0.8179225
0.9798938
0.8147719
0.97391003
0.8830963
0.86259115
0.83651245
0.88578725
0.9869443
0.8849806
0.98102623
0.9519636
0.85120475
0.77582145
0.9909076
0.90522873
0.99772084
0.65369564
0.90128267
0.7321896
0.49764454
0.6665646
0.9106945
0.95496166
0.7701443
0.8228821
0.92737395
0.9700623
0.988661
0.47261673
0.8558897
0.9023286
0.9295541
0.85682064
0.92061245
0.9290402
0.9334686
0.874251
0.9221606
0.59726644
0.80338985
0.959602
0.9957231
0.98926103
0.8835309
0.95739114
0.9393147
0.95610726
0.9885668
0.96605825
0.8992839
0.9264593
0.9655616
0.889377
0.69043297
0.6836987
0.6753717
0.9365292
0.89555824
0.97027004
0.9812174
0.7999788
0.9696912
0.88020283
0.99279046
0.9299804
0.9192904
0.97134185
0.9333718
0.9978325
0.8889874
0.9458642
0.94734305
0.9607816
0.92302924
0.7330764
0.72673917
0.9476162
0.829468
0.95955014
0.9971218
0.7871209
0.6602188
0.92509735
0.7503199
0.9894028
0.91967416
0.71204567
0.8305748
0.83385634
0.8694637
0.85964835
0.9122766
0.7734653
0.80159926
0.9139154
0.82841
0.92304146
0.9410954
0.8178128
0.9746553
0.9639948
0.8286211
0.9229289
0.8567016
0.82007235
0.8910792
0.7337084
0.6364861
0.90049124
0.99452126
0.9681464
0.9860712
0.73160315
0.97842777
0.9361679
0.9791683
0.9749061
0.98227614
0.8292322
0.834543
0.8838844
0.84187627
0.923619
0.72483337
0.8396009
0.9597978
0.8117569
0.8286545
0.921924
0.8507266
0.92003936
0.92548275
0.6931985
0.9420461
0.8938439
0.9710494
0.73335564
0.9225655
0.9359663
0.86341226
0.91442496
0.88667667
0.9970331
0.77205396
0.98461103
0.9784961
0.99859583
0.91129905
0.731856
0.6779768
0.93873453
0.79434216
0.7706583
0.7115025
0.8825477
0.60077673
0.6432638
0.9102128
0.9716944
0.924647
0.9032503
0.8610561
0.6237766
0.98943347
0.94302
0.89087677
0.8194342
0.76223475
0.7561785
0.9740679
0.7235568
0.8832129
0.70261383
0.6358485
0.8071845
0.7972839
0.9887521
0.9815379
0.79949975
0.9385638
0.91934955
0.99659216
0.86452556
0.9670726
0.686343
0.6297835
0.951354
0.73082435
0.9230435
0.801323
0.8375839
0.88197064
0.8416057
0.8883318
0.9326544
0.9739637
0.88584405
0.79862344
0.9622761
0.93501
0.94570434
0.9352849
0.9580829
0.79492784
0.9002719
0.8524637
0.9113993
0.91621375
0.9033029
0.8136664
0.84393567
0.82582957
0.73210067
0.99026966
0.9855848
0.8450438
0.8083145
0.9121228
0.824093
0.9281197
0.9120414
0.8458029
0.72427696
0.9968964
0.961566
0.87955475
0.74285626
0.9519812
0.9228015
0.9757713
0.9409207
0.8986955
0.88194907
0.94794387
0.9838927
0.75234807
0.9146717
0.9140194
0.989975
0.6889926
0.9058843
0.97817373
0.73443913
0.90946436
0.99406016
0.9456899
0.9705587
0.9662827
0.9338814
0.72169065
0.83340496
0.6166127
0.9454222
0.9822477
0.8956534
0.9868885
0.9468415
0.8908219
0.9615247
0.9811669
0.9112908
0.89730674
0.95601106
0.7074838
0.8941699
0.92311287
0.9713458
0.98793936
0.9728318
0.81157565
0.88963795
0.9164092
0.9917906
0.94266665
0.8282132
0.7256633
0.97862315
0.9799861
0.9010255
0.9659577
0.9194707
0.8005543
0.9225689
0.9399996
0.9976374
0.9359677
0.90881073
0.70743394
0.8664145
0.8650087
0.938151
0.8552061
0.85365593
0.76600534
0.9257299
0.8616126
0.83208185
0.9926167
0.7311785
0.94069463
0.8242396
0.7341186
0.9903279
0.854244
0.9550681
0.7363539
0.95484656
0.9312623
0.68580174
0.93200076
0.7644551
0.9777446
0.89283276
0.96044827
0.8002466
0.7685276
0.8907566
0.8069322
0.7410671
0.9691485
0.7908382
0.86288536
0.949823
0.97590166
0.79680383
0.9938856
0.90285605
0.98849773
0.9133878
0.72742456
0.9509443
0.92048925
0.9518895
0.72035396
0.79560083
0.9741585
0.9445683
0.97839004
0.87753105
0.99427915
0.9746096
0.98890686
0.9798223
0.81087196
0.6982808
0.93368995
0.92936057
0.7331716
0.9834382
0.80605453
0.8796406
0.96538925
0.89287895
0.723999
0.7825416
0.90205705
0.9223541
0.7470262
0.95901644
0.4607585
0.78568053
0.939707
0.7565667
0.9067318
0.9860291
0.97202873
0.8442538
0.8944258
0.8392689
0.8170737
0.94703275
0.94052106
0.7463106
0.8601396
0.8124287
0.98971957
0.9663365
0.990651
0.9811841
0.8158669
0.8558705
0.4366251
0.91185886
0.9694756
0.93800575
0.97515047
0.8871907
0.88394207
0.9289101
0.8156333
0.9087188
0.8792479
0.9047267
0.850015
0.92706573
0.99854463
0.8644158
0.9384447
0.874327
0.92683166
0.84952724
0.94895554
0.964381
0.94207585
0.92898935
0.77574325
0.83457905
0.8362816
0.80576944
0.9643169
0.8791224
0.8799256
0.8324542
0.9366435
0.8998093
0.9152958
0.9860207
0.9435638
0.80656433
0.99477535
0.8814734
0.8475468
0.86784995
0.7090443
0.6304981
0.8485473
0.94871616
0.9410045
0.88387746
0.77984023
0.7662964
0.65660745
0.95131433
0.9741031
0.94350773
0.9918717
0.77265775
0.974211
0.8497453
0.93551266
0.89405555
0.93665034
0.92705804
0.90696126
0.9803275
0.9743734
0.97090214
0.81824875
0.89312744
0.9405664
0.9086878
0.75368166
0.95303994
0.9749174
0.90232444
0.7181344
0.90634096
0.95907515
0.9256136
0.93025327
0.9699755
0.9124133
0.665234
0.84965205
0.9173559
0.7443193
0.961921
0.9801914
0.8122295
0.9619382
0.8136312
0.9045351
0.9262098
0.9685846
0.8610934
0.98162985
0.9654294
0.8066858
0.82973444
0.89529073
0.8394051
0.9574409
0.8600944
0.8992235
0.92454475
0.9133914
0.8748671
0.68813103
0.95032465
0.88742375
0.97834533
0.8306942
0.8572063
0.9822115
0.98327816
0.9375087
0.89832735
0.83427316
0.8755495
0.7778462
0.9213479
0.8325908
0.91904753
0.93931395
0.92509747
0.77034056
0.96375555
0.92861825
0.85200775
0.82716155
0.8798386
0.84990096
0.75264144
0.9165696
0.7792952
0.78742135
0.9168807
0.9540115
0.78255516
0.91230184
0.7991764
0.9172263
0.79906976
0.808205
0.91478086
0.8780447
0.94849694
0.8052392
0.97742325
0.9540938
0.97361064
0.72421503
0.7819768
0.823587
0.9199347
0.8695038
0.81346303
0.5660093
0.9616488
0.92841554
0.67805094
0.94883275
0.8733982
0.75381625
0.9546832
0.92301214
0.99621916
0.948312
0.97785383
0.98349833
0.98981833
0.9229011
0.8753547
0.9651439
0.9429558
0.8938402
0.6278382
0.80712956
0.8466921
0.9001072
0.9810808
0.9788051
0.8168143
0.8950843
0.95710444
0.799855
0.74640447
0.8879486
0.8922972
0.8533724
0.9000771
0.88845944
0.92336243
0.8343425
0.90558296
0.98116803
0.9850065
0.86232424
0.9605957
0.7006811
0.94689703
0.9960185
0.8208976
0.859703
0.8132122
0.5899762
0.68408006
0.83975226
0.877437
0.9502668
0.9706119
0.9975896
0.6884029
0.989778
0.8709699
0.943437
0.98327243
0.9305109
0.88973874
0.9719744
0.95282733
0.67387474
0.9424058
0.93916875
0.9559029
0.8970264
0.96106935
0.8493897
0.92606896
0.92589164
0.90571076
0.93857425
0.82063353
0.6894739
0.97725165
0.8005266
0.93881685
0.8579537
0.9194966
0.99436826
0.94899106
0.836008
0.96696246
0.6658441
0.98430765
0.86363316
0.9615575
0.9677331
0.9000773
0.8205197
0.8252704
0.7757654
0.7926279
0.87079287
0.9719002
0.8829973
0.96613276
0.57276946
0.8470755
0.89491063
0.9283743
0.80725884
0.48835868
0.9984131
0.9126579
0.64487
0.80238086
0.85494775
0.8973573
0.887297
0.67737734
0.99103636
0.7920501
0.9521079
0.9979972
0.9874507
0.971143
0.9689106
0.9612528
0.97119576
0.99519855
0.8355124
0.9187297
0.98456055
0.8371112
0.7480093
0.82586133
0.7668381
0.94066894
0.9518536
0.54265386
0.89586216
0.9620855
0.8630024
0.75174236
0.8130468
0.8810525
0.8818629
0.8810746
0.85456276
0.6537928
0.98227817
0.8051485
0.7027432
0.9391013
0.9682896
0.9378797
0.96818626
0.7532671
0.9571671
0.9667392
0.8973582
0.6032493
0.98430014
0.92236584
0.9899576
0.72706985
0.8503901
0.5266265
0.9758246
0.77331215
0.9734508
0.98721004
0.87811625
0.92549586
0.9980013
0.7861256
0.9518614
0.9048426
0.9760535
0.93950415
0.78293455
0.89148855
0.7675103
0.8970338
0.479729
0.9248027
0.6773274
0.89756316
0.8571248
0.74500436
0.9768375
0.99476725
0.9553783
0.8680437
0.81876475
0.8975586
0.8855823
0.9730997
0.79278284
0.8008531
0.991619
0.7338515
0.9750149
0.7638742
0.89050674
0.75251377
0.7410064
0.91434383
0.9239788
0.9308721
0.97593695
0.6977061
0.99416775
0.88247013
0.97395986
0.89813757
0.9933858
0.9541346
0.9622587
0.9921414
0.8408679
0.6435631
0.51619685
0.9564121
0.91539365
0.9737117
0.8379654
0.988873
0.9194204
0.6796373
0.82309204
0.9574717
0.88663083
0.9069973
0.79291207
0.79039675
0.83410513
0.6090884
0.96994877
0.99511343
0.86997736
0.9090119
0.8350451
0.98012054
0.9345267
0.96175987
0.89803904
0.919914
0.9508133
0.5080262
0.99785805
0.8741196
0.86808753
0.8784674
0.95526093
0.6418244
0.9077879
0.86641437
0.7466453
0.98776835
0.8287778
0.81295824
0.926356
0.69749194
0.5808307
0.8182539
0.91003734
0.87897
0.8180902
0.7020302
0.98742795
0.8475989
0.9677061
0.90689766
0.9640089
0.85231614
0.97428834
0.8491565
0.87879586
0.8715749
0.80333614
0.90966564
0.9589316
0.8114195
0.85111624
0.8506727
0.967433
0.8943091
0.81571305
0.6908669
0.9218935
0.84238076
0.8855024
0.80414987
0.7587505
0.8966538
0.96028584
0.9104403
0.9769552
0.9531878
0.8602326
0.94374037
0.8962958
0.936632
0.9166382
0.6025702
0.92943215
0.43955418
0.7774885
0.91582626
0.91233003
0.86163616
0.94695026
0.7516889
0.7193846
0.9269083
0.9053298
0.9115851
0.7500434
0.86887956
0.95420194
0.836304
0.47282088
0.9462406
0.630037
0.6067258
0.972905
0.9233296
0.860544
0.7537259
0.78310025
0.8856023
0.8472151
0.868392
0.995145
0.94670045
0.8601994
0.9908503
0.9931225
0.84068847
0.98416793
0.8016919
0.8744707
0.94264615
0.9730247
0.8322194
0.9786924
0.8224597
0.8056938
0.9558142
0.9625685
0.958959
0.968635
0.88890123
0.9865151
0.83517945
0.8693438
0.74611974
0.77406037
0.7816206
0.866012
0.731768
0.89711475
0.90973234
0.9563949
0.9248043
0.9421083
0.91777027
0.8122217
0.9310152
0.95767987
0.8120992
0.948157
0.88091874
0.9663919
0.9679269
0.91818523
0.91288954
0.99303484
0.84164286
0.86687887
0.7436618
0.85169566
0.9763397
0.7517163
0.91459113
0.9466338
0.97439736
0.9033432
0.90873027
0.6243599
0.82721335
0.87715983
0.7319129
0.8483615
0.8659548
0.79643714
0.99066293
0.986915
0.44616467
0.6943217
0.9661897
0.91488636
0.8914013
0.77007794
0.7550958
0.9458159
0.62674564
0.7626031
0.7814781
0.9569262
0.9298682
0.90037227
0.8877343
0.739538
0.7460764
0.9759322
0.8560546
0.8610084
0.87468565
0.81876385
0.954328
0.58871144
0.95347834
0.8485658
0.88383865
0.9962375
0.9536089
0.9023292
0.81397706
0.89567333
0.876903
0.9730426
0.8191407
0.98895717
0.9611843
0.88511336
0.87734437
0.9755785
0.89726007
0.77243143
0.8910577
0.9581383
0.84476817
0.9870012
0.87528694
0.97401327
0.97413576
0.94347936
0.94988346
0.73861456
0.9608026
0.7993481
0.9426834
0.7909234
0.9510403
0.88216794
0.9667376
0.94971824
0.8820554
0.99511206
0.9768869
0.8561461
0.98002446
0.967246
0.7973242
0.9082029
0.9477691
0.9322917
0.89105886
0.98235923
0.9945161
0.7578571
0.90118897
0.8838829
0.8501487
0.9772157
0.6887432
0.99183935
0.91552377
0.97741234
0.9653911
0.99028707
0.6439473
0.88857967
0.7904772
0.8063626
0.9376899
0.71615016
0.8493451
0.93765926
0.92447585
0.808464
0.8587907
0.7423075
0.8694577
0.7752739
0.97240806
0.8142013
0.94987637
0.99107456
0.64247304
0.83008575
0.78456914
0.9818584
0.9085453
0.8279462
0.83603114
0.99013555
0.81813264
0.96789914
0.8340311
0.9874356
0.98280907
0.96860635
0.8820095
0.97626144
0.82643735
0.9793228
0.8679897
0.62812686
0.73074806
0.8745292
0.9098114
0.96240526
0.964873
0.96385235
0.7703844
0.95691836
0.87059754
0.66990495
0.74334717
0.65555614
0.9587359
0.9908999
0.89683133
0.9785243
0.8990169
0.9520377
0.9009521
0.9120395
0.57271343
0.73081183
0.9956878
0.8724507
0.957613
0.86810356
0.97222745
0.94625133
0.912482
0.9260844
0.75729287
0.84164035
0.97942495
0.9109602
0.8307908
0.97237146
0.8572429
0.9046067
0.95644337
0.7836709
0.8727015
0.90879637
0.8889169
0.7607747
0.9569001
0.8648074
0.9705123
0.9302864
0.9582873
0.96334714
0.9164309
0.8283872
0.7997984
0.827665
0.86074805
0.7477597
0.9792209
0.86894107
0.9686866
0.6460911
0.96615744
0.86849153
0.8926479
0.98320365
0.78931653
0.9600962
0.90000904
0.90782416
0.9144269
0.9526441
0.9072934
0.72002107
0.9796819
0.99840885
0.8173064
0.98677254
0.5008072
0.98079634
0.920652
0.88310766
0.75410473
0.97182804
0.92227787
0.8721917
0.9838414
0.9770239
0.95619845
0.9957217
0.9864607
0.91395146
0.99073267
0.61644334
0.8116231
0.75854796
0.84321356
0.91717136
0.7671014
0.66618866
0.9917249
0.9927511
0.50498885
0.8718063
0.98681605
0.9534681
0.91060686
0.88515925
0.7096347
0.88356066
0.7205329
0.8816908
0.7920402
0.9306872
0.63016164
0.91911614
0.9224315
0.9428805
0.8170343
0.8977075
0.94239557
0.96367174
0.91349345
0.7664364
0.8917435
0.8622935
0.7688228
0.90053713
0.7104866
0.9582419
0.9218449
0.97045803
0.99553806
0.9378986
0.99783075
0.576489
0.95580727
0.77191263
0.6066598
0.9810356
0.9600367
0.8612066
0.9679239
0.9584857
0.7801881
0.8581847
0.95538014
0.95176
0.9398961
0.92556316
0.77509457
0.8148286
0.8785827
0.86894506
0.81048506
0.7823409
0.9321608
0.98381364
0.7866644
0.671494
0.92104757
0.75339824
0.979201
0.9070895
0.8063275
0.97594166
0.98329073
0.9018931
0.80049074
0.8638684
0.9411118
0.75903785
0.8441638
0.7758391
0.70114803
0.9250285
0.7723667
0.95829487
0.97081983
0.79291743
0.92669255
0.93302053
0.8426888
0.8467638
0.97890633
0.9929975
0.9149299
0.9375825
0.95052403
0.8224989
0.8836309
0.97013324
0.8189428
0.9871469
0.9782303
0.67428446
0.8795727
0.9651592
0.81707454
0.96869224
0.91774815
0.921984
0.8478248
0.96860325
0.7598973
0.93588006
0.9823669
0.9656513
0.8271089
0.80228233
0.87061995
0.8506479
0.8564144
0.9566768
0.92107236
0.9470056
0.980798
0.98074156
0.6965689
0.94410306
0.98822314
0.9325116
0.81820625
0.8696577
0.9125892
0.92939895
0.7243339
0.9980302
0.98746914
0.8163019
0.95482767
0.96595496
0.86339104
0.7404628
0.71025866
0.93060553
0.8981064
0.99058795
0.93353605
0.85625935
0.9082642
0.95673233
0.68350303
0.810028
0.79637444
0.9046238
0.9177587
0.9374896
0.8580583
0.93411154
0.91029656
0.48828003
0.9709131
0.40683198
0.9316525
0.9481635
0.9962295
0.75566626
0.93439126
0.8800205
0.8121228
0.92454565
0.71224904
0.9538219
0.86539537
0.9652956
0.885882
0.8708211
0.287289
0.94642276
0.9677285
0.6484376
0.795129
0.9926321
0.95099366
0.85262036
0.92848665
0.93355167
0.9596697
0.9661759
0.93889177
0.9568728
0.82485586
0.74490774
0.90055156
0.9517628
0.8763187
0.97910637
0.8792944
0.4956957
0.77604926
0.8963595
0.9320526
0.87545854
0.8864972
0.9456591
0.8491992
0.97261256
0.9766296
0.92469484
0.83493966
0.8831902
0.9843706
0.8129565
0.6786323
0.93066394
0.89519143
0.9198197
0.88155174
0.90007365
0.9391542
0.99203545
0.807474
0.77115417
0.8802454
0.83851576
0.9562453
0.68824625
0.8176416
0.68291813
0.99065745
0.7993314
0.9308282
0.85776424
0.705307
0.9773291
0.7502463
0.89302856
0.73642427
0.92854476
0.9060742
0.94584274
0.885769
0.9666867
0.8693353
0.92718667
0.84533846
0.90166783
0.9322573
0.6815216
0.94625664
0.8077623
0.8561744
0.983474
0.8185768
0.7196924
0.786218
0.9299648
0.8763262
0.8472018
0.82283634
0.7702364
0.8678343
0.75782907
0.946031
0.9232908
0.8997342
0.8808379
0.7512022
0.46188962
0.9285779
0.82965916
0.8038964
0.90011203
0.74773896
0.86064446
0.8691402
0.8183784
0.91033065
0.974273
0.86175233
0.97772026
0.8370754
0.7988671
0.9239068
0.8908728
0.9795178
0.88710934
0.90941566
0.93992436
0.9385303
0.9431379
0.9752696
0.6713146
0.9922499
0.7327534
0.89961195
0.9384874
0.96516585
0.9974148
0.8095101
0.9684409
0.861759
0.72349375
0.9794184
0.99800926
0.9449114
0.9382268
0.92552185
0.9642106
0.92121
0.8704808
0.9385382
0.98637116
0.93391347
0.75247383
0.9138947
0.82870686
0.9649848
0.9909605
0.9077013
0.8163641
0.8972834
0.88832253
0.90015
0.7372341
0.9685976
0.7378785
0.9403112
0.97794664
0.9417517
0.97357553
0.87976223
0.87634265
0.5046603
0.9760344
0.9411027
0.8966775
0.9869361
0.97055125
0.99046946
0.9964385
0.9202069
0.8887235
0.9725335
1.0000001
0.98353326
0.9167387
0.9214298
0.89945763
0.8813839
0.9707631
0.9958401
0.7052845
0.8572928
0.9447464
0.9736113
0.97221965
0.9717094
0.87577444
0.6059985
0.46993285
0.89773965
0.93432295
0.91000175
0.98282605
0.8856649
0.8350068
0.82678604
0.8867444
0.89267635
0.9783138
0.9805159
0.8782567
0.8810423
0.80153966
0.76689404
0.9263706
0.89076567
0.88126945
0.82998526
0.78551567
0.8830955
0.87846226
0.84724975
0.9394767
0.82857144
0.9627769
0.9586086
0.86346847
0.7092613
0.7208837
0.6801829
0.8739733
0.89815533
0.9542339
0.87729305
0.9485103
0.86523896
0.9967533
0.96611625
0.81000155
0.98934734
0.742249
0.7289041
0.90911156
0.97664714
0.97647333
0.95937014
0.84775734
0.9589296
0.982342
0.9389052
0.9293035
0.99354744
0.6310311
0.96502453
0.7151195
0.9574317
0.9223525
0.85725
0.7717651
0.9505088
0.8792076
0.6300238
0.9992001
0.7001404
0.9249766
0.9879989
0.86950773
0.9814675
0.97858286
0.85037625
0.97372144
0.9853071
0.7934974
0.78686905
0.9676414
0.6120675
0.7419519
0.7143181
0.7661911
0.9240018
0.8235863
0.8577763
0.8907158
0.8033637
0.9602029
0.6916677
0.92016387
0.8336485
0.9949454
0.90132296
0.9828714
0.8727302
0.89815867
0.9696689
0.8363245
0.96079516
0.9673654
0.741889
0.9966606
0.95605826
0.8795143
0.87416124
0.8268593
0.64409286
0.81783986
0.96637094
0.82006913
0.9000321
0.35849065
0.93786997
0.83487284
0.89422995
0.97403544
0.78622013
0.96962684
0.8826456
0.98058194
0.73240316
0.9712186
0.91414905
0.96609
0.9460193
0.762856
0.8493774
0.9730697
0.9109077
0.9469658
0.9183272
0.97478974
0.727926
0.9686431
0.8702905
0.3898551
0.9423745
0.8062805
0.9948753
0.8926
0.67431533
0.8655455
0.73314226
0.8366168
0.99390507
0.987804
0.72309566
0.90988356
0.99458027
0.8643959
0.9314369
0.8496722
0.6232722
0.72809136
0.9799102
0.9403328
0.91310227
0.697224
0.81085455
0.8867588
0.72961533
0.7052709
0.8965223
0.66401523
0.90849084
0.9666596
0.7389527
0.91111064
0.9178027
0.9922951
0.93008316
0.9696578
0.80081165
0.6062135
0.8197272
0.9584556
0.8778701
0.9307895
0.9052805
0.98529017
0.8844528
0.7606546
0.8978509
0.906781
0.831372
0.7998408
0.7347087
0.9466313
0.99682516
0.7463821
0.9249444
0.92397064
0.9509089
0.94084686
0.90352416
0.847376
0.84803826
0.9731819
0.9478196
0.7776666
0.97023994
0.9964189
0.9721353
0.9795798
0.546113
0.82490134
0.95386225
0.8210176
0.92806643
0.9852625
0.88254714
0.8308832
0.67626035
0.96201825
0.7627535
0.8612268
0.90346104
0.9843558
0.8474726
0.9571184
0.89990115
0.98926616
0.8705784
0.86943877
0.9800714
0.9660024
0.6632948
0.7048166
0.9968303
0.7844468
0.842965
0.92692
0.7597226
0.8798086
0.89591706
0.8096852
0.6900299
0.96481097
0.82644963
0.9625087
0.8756569
0.91964984
0.91484725
0.78225726
0.8533633
0.7132242
0.93179965
0.88701534
0.8306564
0.86789894
0.908875
0.9880297
0.9763597
0.86634076
0.9141925
0.8498578
0.94773144
0.72306806
0.92155707
0.8259055
0.8618821
0.9677052
0.8902226
0.8287523
0.86281806
0.93510765
0.64429796
0.8183654
0.9851375
0.5313419
0.8398236
0.9977521
0.90823644
0.9901036
0.89863753
0.82024795
0.81936455
0.81817484
0.6282202
0.71909326
0.8076887
0.9519875
0.885499
0.8428195
0.93718994
0.71202075
0.7531094
0.94560885
0.86363935
0.9555936
0.6671928
0.90765935
0.9047077
0.9057388
0.9605251
0.92244685
0.900212
0.5416793
0.7796219
0.73365104
0.8506423
0.81750685
0.94178414
0.91524744
0.88760126
0.8209531
0.9440458
0.8942725
0.91899204
0.7923455
0.68422824
0.73117936
0.9052132
0.85048187
0.8283022
0.8773128
0.8799896
0.91565883
0.9801407
0.95584923
0.94411147
0.9632288
0.83716846
0.96862364
0.9082071
0.8936709
0.91897833
0.8939134
0.7592382
0.89479023
0.4191037
0.7943891
0.8809049
0.83333105
0.8142155
0.613425
0.7424526
0.9738688
0.8427248
0.94896287
0.77396715
0.9049027
0.8157615
0.87587774
0.8732469
0.7011721
0.9482557
0.9601349
0.8993667
0.90983385
0.67752063
0.60597074
0.9022879
0.9641741
0.9184463
0.97188365
0.79895455
0.5776071
0.9349729
0.83460474
0.77281344
0.5513314
0.97237
0.8397426
0.8921163
0.5976027
0.9556283
0.86419755
0.9546868
0.9488289
0.87333685
0.815848
0.8382986
0.5367767
0.83067787
0.75388426
0.470828
0.79049325
0.9626782
0.8604529
0.9440676
0.8758512
0.8724078
0.8952188
0.89416605
0.98435575
0.44978487
0.7927002
0.94039476
0.86558807
0.8841927
0.93383074
0.880254
0.9142785
0.9260983
0.7659414
0.9784712
0.81285363
0.69674283
0.82354516
0.92075163
0.97670376
0.8441293
0.9429394
0.85320824
0.6648701
0.78527474
0.9917322
0.9806959
0.9937232
0.79405165
0.98516303
0.8363806
0.9735244
0.73095345
0.92444897
0.89647543
0.79180765
0.9123132
0.7860973
0.84287447
0.95249957
0.8147094
0.98936987
0.73905647
0.90227175
0.8533529
0.87690735
0.8535253
0.8933562
0.8908386
0.9440775
0.22664836
0.87672806
0.95055735
0.88683915
0.84184027
0.639017
0.83555317
0.958251
0.89648795
0.2194599
0.99465215
0.9939696
0.74855596
0.8851684
0.9065662
0.7959142
0.81986296
0.59259427
0.9781891
0.8058277
0.8604429
0.8075762
0.9368118
0.68778753
0.80238
0.8454023
0.9957478
0.8591128
0.93115973
0.8058035
0.9868227
0.97134876
0.9519193
0.9794182
0.6821983
0.7750385
0.7278428
0.8262541
0.9244547
0.7269477
0.9708091
0.6573968
0.9669665
0.96513855
0.9946666
0.54523337
0.89544785
0.8664626
0.9848609
0.42581123
0.8825364
0.9958221
0.9914716
0.85009086
0.87781835
0.871605
0.93734205
0.7456789
0.82762194
0.962606
0.8389734
0.98809266
0.7742482
0.79589605
0.9968073
0.9688968
0.92776436
0.89260453
0.8228169
0.9878857
0.75889146
0.8449446
0.82792616
0.5409523
0.81972194
0.758214
0.73431236
0.6811826
0.9029155
0.9692793
0.9219454
0.8964509
0.77371037
0.46043438
0.93972075
0.8210167
0.98320884
0.9428775
0.9756773
0.9270264
0.9617613
0.88701165
0.71734524
0.93064606
0.6479379
0.9724387
0.98163855
0.67556363
0.9348799
0.9814942
0.94599766
0.92322737
0.8928343
0.98416996
0.94372946
0.9026049
0.91575253
0.96888816
0.99738723
0.9022083
0.754255
0.90214765
0.84031117
0.90357465
0.96264905
0.9110436
0.97615594
0.8530546
0.5623159
0.90561414
0.91856825
0.9030064
0.8962409
0.8297405
0.78075504
0.9506555
0.8889804
0.88625526
0.85232294
0.9552859
0.9117166
0.77714074
0.7412085
0.8802111
0.8277004
0.7936004
0.86461323
0.94139373
0.784868
0.65182173
0.9096452
0.95430374
0.97684854
0.88288784
0.63649464
0.6995241
0.83164895
0.646541
0.96248055
0.8912235
0.7552022
0.72434026
0.9006815
0.89926493
0.9068361
0.4855557
0.9310225
0.9543989
0.9126691
0.6820338
0.98718107
0.80745435
0.69183725
0.9777484
0.9387725
0.90238893
0.96271116
0.799072
0.876621
0.88122237
0.88459224
0.72866374
0.97271746
0.95273304
0.9806031
0.68047833
0.78437126
0.7774118
0.984354
0.9332298
0.95120925
0.97831935
0.95710474
0.6784604
0.7578587
0.8542629
0.8354515
0.9299126
0.96229744
0.9370757
0.84441197
0.85714996
0.7575446
0.95580655
0.9720848
0.815714
0.7296952
0.7784276
0.91421264
0.9391148
0.9284986
0.6675711
0.55649805
0.5601498
0.972978
0.56717753
0.89834905
0.8196856
0.9044173
0.98936987
0.9566794
0.67913145
0.8423398
0.86747456
0.859746
0.97282785
0.6596299
0.71472526
0.8552387
0.62901753
0.6073857
0.8493931
0.8861625
0.8812936
0.8155878
0.96377015
0.9495557
0.37313616
0.9688225
0.75141793
0.97761387
0.95484614
0.8362785
0.6924004
0.8570496
0.9378704
0.88894165
0.8912674
0.9708157
0.61402845
0.7925065
0.8716732
0.9811026
0.77586734
0.9259988
0.80008394
0.78697425
0.6220721
0.8431157
0.9583893
0.7010885
0.8266316
0.74859375
0.7293265
0.6509505
0.7144062
0.8557457
0.94050056
0.97329074
0.86280924
0.9695712
0.93836623
0.8164748
0.9808128
0.82411855
0.92582
0.91369796
0.90925056
0.8361756
0.849163
0.686404
0.98377633
0.8988373
0.69645077
0.82713795
0.9714571
0.6573624
0.8880075
0.83035374
0.7422255
0.9650909
0.8143483
0.92654
0.81764054
0.7650796
0.6902268
0.557306
0.83425635
0.76554155
0.92875147
0.6475446
0.9356279
0.7242141
0.9085802
0.8708988
0.9176499
0.9869681
0.9382497
0.9667417
0.98971915
0.8637397
0.7476313
0.9770522
0.9719703
0.80230206
0.9355178
0.8833354
0.96452767
0.73779076
0.90727663
0.90483475
0.9562692
0.9478814
0.6073737
0.84585816
0.96385837
0.8895071
0.89299524
0.80169594
0.8259002
0.7062746
0.8305976
0.94799346
0.97075796
0.89168316
0.82240474
0.94366693
0.9539004
0.8248421
0.96719503
0.9957265
0.9527787
0.77008015
0.87213266
0.9826855
0.8715041
0.923927
0.7348859
0.8375607
0.9342651
0.9277248
0.8719351
0.9087575
0.87088877
0.9579037
0.8523035
0.9423486
0.9599933
0.83018225
0.818161
0.7381605
0.8185669
0.95901954
0.6842892
0.8179302
0.83861774
0.9353563
0.8007437
0.94552493
0.94689745
0.9800098
0.980033
0.92395943
0.85617185
0.8624877
0.9654134
0.8860028
0.97572196
0.9415924
0.8905464
0.7910934
0.9148365
0.8594996
0.54595107
0.9263722
0.90049875
0.8993258
0.85183
0.783227
0.9119917
0.9513787
0.99236584
0.8599241
0.8834595
0.89968145
0.80238783
0.9126301
0.8725406
0.90923744
0.81879455
0.86936927
0.9689641
0.9638301
0.79365677
0.92898667
0.989434
0.7311167
0.9811366
0.9872744
0.7519386
0.88665545
0.9356828
0.90132016
0.64157575
0.7158921
0.8642889
0.88484854
0.85755223
0.9833327
0.52205837
0.9913149
0.94102263
0.74734694
0.8802079
0.96320707
0.8595203
0.7665197
0.851574
0.84729904
0.84071
0.8574723
0.95620024
0.82534325
0.830183
0.8935206
0.82539
0.82970035
0.8427711
0.93459207
0.87474906
0.9266019
0.9745186
0.92925394
0.9774021
0.79741186
0.6406115
0.9801536
0.8553679
0.8401568
0.93862337
0.8527591
0.9748796
0.658636
0.9331899
0.92228
0.9937052
0.88222027
0.98127705
0.94851655
0.78490597
0.87284803
0.87254864
0.74000394
0.62979585
0.9735872
0.832476
0.90222704
0.6023793
0.9310811
0.8216886
0.8615362
0.43174374
0.9834783
0.7905153
0.9248204
0.7584913
0.9653358
0.96369064
0.72752213
0.5051098
0.9944222
0.7964978
0.9132849
0.60883206
0.8640011
0.94702774
0.91371316
0.83159035
0.97994244
0.7902005
0.8636769
0.9269296
0.9116902
0.6577749
0.80569565
0.81941533
0.7431844
0.9551907
0.9238183
0.8451185
0.89824873
0.9871836
0.92533684
0.98923963
0.8905206
0.8808753
0.6754502
0.9512111
0.74431634
0.9751814
0.94825023
0.92989767
0.7764475
0.8806652
0.7000407
0.89117813
0.88302296
0.803694
0.8813578
0.908386
0.91489285
0.9702024
0.7763873
0.91095185
0.6420437
0.78835875
0.7634778
0.91074264
0.7271203
0.8619532
0.57133794
0.91524214
0.9417349
0.8644498
0.9365737
0.7086638
0.91730464
0.89825535
0.90322137
0.95079815
0.60277766
0.80271053
0.9007886
0.9949727
0.9237357
0.82596046
0.8747559
0.64013046
0.86960113
0.85536647
0.83598804
0.83989847
0.90924126
0.6734217
0.80254173
0.9687177
0.88382196
0.9723941
0.9810941
0.90965927
0.9413601
0.7739467
0.8591443
0.9922238
0.92619973
0.9372095
0.63853353
0.7130865
0.90884256
0.5478769
0.8355801
0.93301815
0.95292634
0.96786666
0.8006996
0.89124525
0.74885714
0.931092
0.97078764
0.9929262
0.8044462
0.99530536
0.6305781
0.26630622
0.72764075
0.6926412
0.8494372
0.9198228
0.73746365
0.9441138
0.952777
0.89570403
0.94830585
0.9213027
0.9451635
0.8273748
0.7106441
0.866184
0.93416953
0.8415215
0.9379008
0.9367491
0.806697
0.6912496
0.67310476
0.9683306
0.46726787
0.9100808
0.6141135
0.9585378
0.917205
0.9127166
0.96027476
0.9529785
0.7575379
0.59888154
0.93747866
0.9759593
0.67741203
0.96912414
0.9454128
0.6507678
0.9454418
0.79567707
0.89018536
0.8027776
0.7883368
0.979911
0.8088817
0.84710866
0.9702322
0.97868335
0.98836625
0.8318999
0.7073658
0.8071566
0.92951643
0.6608428
0.34219104
0.7992566
0.8014997
0.6842662
0.8745888
0.9599062
0.82781816
0.8676361
0.8074681
0.9611493
0.6601007
0.8141303
0.8436192
0.9574603
0.93324214
0.79800344
0.8106875
0.8632062
0.80596274
0.79053676
0.88723814
0.74706334
0.8910906
0.9885757
0.9668134
0.925194
0.98705816
0.8139435
0.74052334
0.9079393
0.861547
0.97903067
0.9704103
0.67366046
0.67466974
0.6904645
0.7815469
0.73191065
0.96573246
0.85722077
0.6045148
0.9606524
0.94380456
0.78844285
0.9294722
0.7760455
0.84975994
0.9832683
0.7473555
0.8922824
0.90388083
0.9791443
0.640898
0.76111114
0.72654283
0.852538
0.9663855
0.88961077
0.6315881
0.87136614
0.79949504
0.6855562
0.970139
0.77182937
0.9635268
0.8525824
0.9613122
0.9773345
0.82688844
0.68902487
0.8051302
0.76317924
0.74399054
0.92332095
0.8259751
0.5582893
0.81684864
0.9897923
0.98679674
0.81248295
0.907143
0.8122828
0.79029363
0.7000673
0.96604544
0.8516734
0.85890603
0.9474557
0.8229866
0.92199165
0.9313072
0.9177004
0.8801527
0.89838535
0.6610032
0.6956557
0.94815004
0.9019904
0.70289236
0.97177464
0.9305663
0.6147911
0.8651428
0.8869286
0.85488605
0.87689114
0.8185832
0.7961533
0.6175938
0.979991
0.85513884
0.93417984
0.79462296
0.8490719
0.9066886
0.76836383
0.7229936
0.73884594
0.9727043
0.6377161
0.8307427
0.9113283
0.9518818
0.9947821
0.82185775
0.7555206
0.95941305
0.89490545
0.889665
0.9553574
0.71899986
0.75794935
0.8474861
0.7912626
0.74663556
0.8646631
0.99999994
0.8645085
0.76141816
0.96149623
0.810045
0.8150671
0.8215506
0.8598572
0.6569898
0.7158332
0.9815156
0.98751116
0.91281605
0.9545188
0.7442196
0.9351266
0.91862315
0.7364599
0.94867307
0.92445815
0.7606195
0.9469631
0.8988761
0.9736589
0.72399354
0.78652537
0.9893605
0.8045765
0.939084
0.89155227
0.8965118
0.9342967
0.8094349
0.79166377
0.7970493
0.9054711
0.9426122
0.9392098
0.7763953
0.730013
0.9122393
0.7840476
0.7407244
0.9852918
0.47920758
0.8625308
0.9562417
0.6337148
0.9925204
0.874584
0.7737362
0.87744284
0.8777227
0.76797664
0.964703
0.8700696
0.8758325
0.98304236
0.8845788
0.9566964
0.9193202
0.87537396
0.9626496
0.9444065
0.89369035
0.8239656
0.5558099
0.72249603
0.89190173
0.9297232
0.6814724
0.7320764
0.8247719
0.674473
0.69398415
0.9827076
0.99278396
0.96727824
0.93191147
0.940539
0.81456614
0.8854078
0.9775137
0.9233824
0.9025626
0.93681633
0.7926134
0.8576488
0.79920256
0.9292716
0.91437364
0.9739177
0.63792485
0.9454204
0.99573934
0.77896535
0.5800328
0.599447
0.9004033
0.81261647
0.94813794
0.6481971
0.90598345
0.8592807
0.8216194
0.7086196
0.9811099
0.833664
0.9485161
0.8261283
0.88362986
0.93966687
0.844907
0.73882043
0.84503776
0.57612836
0.81206715
0.5992254
0.92770135
0.8483636
0.7788138
0.8781668
0.9062262
0.94419384
0.85752946
0.7071472
0.56508803
0.96738344
0.8851245
0.55656344
0.83119
0.79441494
0.9063579
0.85511106
0.96156496
0.9836659
0.9794941
0.85980636
0.74462885
0.97131515
0.83243334
0.9636609
0.88165146
0.87711436
0.7815585
0.83964664
0.940127
0.80918574
0.8970406
0.9207264
0.80497116
0.85189676
0.896018
0.7078352
0.83914155
0.5536425
0.7545377
0.8770846
0.8762826
0.71374786
0.8436118
0.8366177
0.8096212
0.5585637
0.9784117
0.9553839
0.91413987
0.9649256
0.82271385
0.97864056
0.6509009
0.9964783
0.9149941
0.87543386
0.86394995
0.6294389
0.6387536
0.9178575
0.90714675
0.7401424
0.792861
0.8942429
0.9802674
0.44582233
0.91000855
0.8390715
0.63732666
0.93070626
0.84763193
0.9244845
0.96106875
0.9787148
0.9111273
0.9865362
0.77689993
0.91379106
0.9954754
0.71797353
0.4872458
0.9665714
0.89825404
0.8149156
0.80553985
0.83022743
0.87414134
0.89060277
0.8970151
0.71503186
0.6943823
0.95874757
0.8923639
0.9283245
0.94518185
0.9747572
0.9300971
0.785872
0.9638699
0.7567364
0.90512013
0.98285484
0.8288289
0.9533327
0.80304456
0.7977583
0.9670622
0.8005751
0.9228506
0.89425105
0.61097467
0.95022
0.81920326
0.9810424
0.89814776
0.8092163
0.94023234
0.8382621
0.9765563
0.9624442
0.973895
0.89499664
0.593011
0.96149427
0.89230067
0.8881629
0.82515156
0.92605865
0.90639144
0.9689491
0.928208
0.71980953
0.61885595
0.93871176
0.9456348
0.61397487
0.9167035
0.9208325
0.9850523
0.9732477
0.82785076
0.8330316
0.869072
0.9893506
0.7364569
0.86310405
0.9636156
0.9568976
0.7506187
0.9520037
0.9154426
0.61533546
0.58042
0.68797493
0.85784364
0.73156714
0.72603035
0.95820004
0.6684513
0.8899409
0.9709809
0.990779
0.843763
0.7944396
0.7376226
0.97265613
0.8564268
0.9694616
0.8710607
0.9052668
0.9446112
0.86384374
0.88714
0.9284253
0.8513134
0.78165555
0.5887383
0.8743385
0.9255692
0.825064
0.929003
0.8921002
0.90963686
0.4423688
0.9789974
0.91935563
0.7472197
0.960338
0.92819893
0.9840381
0.99353915
0.84783137
0.9054873
0.846387
0.9772594
0.87193406
0.7799874
0.92383844
0.9563637
0.9611778
0.91635525
0.3391726
0.9842844
0.81458336
0.88856494
0.98649096
0.8785004
0.68477535
0.9678777
0.9814628
0.92558557
0.94035727
0.92744744
0.4683677
0.978408
0.47426122
0.9559139
0.8557104
0.9664886
0.6822095
0.8504722
0.640049
0.9333214
0.48172024
0.991448
0.88253945
0.9215587
0.5952475
0.9019358
0.9051284
0.88151944
0.79257643
0.9152789
0.9440232
0.66325617
0.8407161
0.6499449
0.8039757
0.75541687
0.939917
0.87658644
0.80259115
0.71309674
0.82289153
0.93654037
0.9779415
0.9564319
0.9750856
0.68039
0.8489376
0.9874785
0.6599699
0.6160308
0.9776561
0.9585275
0.9064317
0.9961376
0.85636985
0.93599236
0.9305756
0.5727756
0.68430847
0.8321238
0.99670506
0.9321564
0.77572626
0.85762084
0.5832322
0.81259733
0.9208385
0.85717225
0.9110527
0.7993777
0.5057977
0.7286663
0.63114715
0.86397016
0.9534271
0.9422711
0.8250444
0.8819113
0.89759094
0.65470636
0.7631299
0.9624678
0.5958768
0.9094756
0.7334269
0.6995887
0.90512484
0.9470532
0.93379045
0.9340919
0.8710912
0.9073933
0.9064035
0.75646174
0.7418062
0.707786
0.73828465
0.80703264
0.96078634
0.92019176
0.7915224
0.8397008
0.799227
0.92847776
0.9701873
0.8966354
0.8760313
0.75120604
0.8984235
0.94219565
0.8928641
0.9484535
0.94352007
0.95153034
0.6304294
0.8022877
0.751276
0.8530385
0.8848233
0.9156362
0.9913036
0.9936153
0.9721188
0.9957969
0.23482287
0.9433578
0.9446587
0.9249806
0.30658388
0.77033037
0.9186844
0.81962556
0.81028795
0.7243724
0.6503467
0.66054195
0.8853606
0.7842957
0.92971885
0.96720093
0.9713054
0.9678129
0.80766827
0.6874764
0.7203317
0.9395419
0.93841165
0.78713644
0.9338375
0.69261706
0.63813186
0.803092
0.9165102
0.90092367
0.9918342
0.6188799
0.80520844
0.8376911
0.6189738
0.70725816
0.94423324
0.9695899
0.73293155
0.94311976
0.70468575
0.730615
0.86546737
0.5128856
0.7826556
0.9355051
0.977422
0.91961575
0.96949416
0.9744742
0.80960214
0.92962116
0.8423047
0.9141649
0.83357507
0.7480673
0.98337406
0.9700375
0.796849
0.8649071
0.3158395
0.87621236
0.8039405
0.9129256
0.76689905
0.9168337
0.9902599
0.9480606
0.911834
0.9344133
0.8946427
0.96139634
0.5307664
0.8302809
0.9156553
0.8300622
0.40990365
0.845755
0.979936
0.82849514
0.92269725
0.9112754
0.970719
0.8652766
0.9113891
0.887605
0.9449806
0.7204727
0.7795553
0.8755003
0.8254381
0.8986119
0.88790625
0.98861676
0.7678899
0.9653293
0.887479
0.9758097
0.7865616
0.7398478
0.9444769
0.91454124
0.94379854
0.9484026
0.99698746
0.62492937
0.7314639
0.9232922
0.89490205
0.89653385
0.98238176
0.9337908
0.6763703
0.9967896
0.9297641
0.8819623
0.8348431
0.86241066
0.60253274
0.7516241
0.80755603
0.94501674
0.6597357
0.73763
0.8942635
0.9439143
0.56030154
0.7574469
0.8027024
0.87115484
0.77357846
0.9417375
0.99020064
0.97534823
0.9231479
0.7302123
0.88466066
0.9917339
0.7977911
0.6982677
0.9726542
0.42628974
0.97141004
0.8614858
0.53768426
0.6946644
0.7021452
0.84587514
0.9252387
0.89415276
0.8183829
0.97016364
0.9440364
0.92673165
0.9241079
0.83232117
0.5664314
0.94118726
0.9936197
0.82005197
0.75863606
0.75060016
0.64133453
0.58405846
0.8513272
0.77778065
0.89712155
0.8719651
0.8849499
0.9192775
0.7608955
0.5594202
0.78805894
0.84441537
0.8827018
0.8472204
0.8636657
0.9782678
0.8706498
0.9123894
0.87614846
0.7860013
0.7741672
0.96227485
0.9529566
0.7984023
0.8700773
0.6136605
0.9402349
0.8771647
0.8863605
0.95571125
0.79677445
0.7717148
0.7681418
0.94092995
0.9290277
0.8557055
0.8288381
0.93327475
0.9538261
0.89690226
0.8408947
0.958892
0.90316
0.9364109
0.78678155
0.9652941
0.7710503
0.99570936
0.7336807
0.87429136
0.98605704
0.87382555
0.75548995
0.8639891
0.83226293
0.6927113
0.61633444
0.97159064
0.8102489
0.959259
0.98454875
0.856966
0.97438145
0.5896816
0.60382235
0.9539776
0.9292564
0.9071516
0.88376796
0.96791273
0.7691629
0.9502985
0.9362687
0.8905267
0.9091109
0.92435646
0.87186325
0.99496317
0.78951776
0.9896254
0.7690024
0.980341
0.9202696
0.8728288
0.9135383
0.91178334
0.92217493
0.92618114
0.77505785
0.8304857
0.9369477
0.93499273
0.8764582
0.6517802
0.665788
0.9177463
0.6100033
0.7911309
0.89741004
0.8503838
0.8236337
0.82107544
0.87889457
0.8713879
0.89065725
0.6743526
0.91440034
0.85144293
0.88552976
0.86380965
0.92905366
0.63929594
0.9777657
0.97090137
0.9293077
0.5589261
0.8404254
0.78145427
0.6590615
0.74256855
0.65156454
0.94727916
0.81050247
0.949594
0.90357125
0.89610046
0.7947352
0.74202263
0.6717973
0.8873929
0.8475483
0.8259325
0.88896364
0.9586893
0.77303326
0.8788059
0.9834
0.80713123
0.90297264
0.95966274
0.8079133
0.8085301
0.8261018
0.877474
0.8796718
0.941546
0.9573238
0.5160702
0.91195077
0.7561859
0.9143412
0.87409335
0.98443604
0.6409713
0.9203329
0.7391751
0.8407419
0.6649072
0.96607023
0.89802325
0.851668
0.54368544
0.9888313
0.71647143
0.87141997
0.7741756
0.7442436
0.8285941
0.96596694
0.93927294
0.8954027
0.72216964
0.80731785
0.98473346
0.99033755
0.76481986
0.6702548
0.97815186
0.7382438
0.84089
0.40215656
0.8541125
0.91074824
0.8585032
0.78778404
0.7806525
0.72314376
0.9512428
0.7621913
0.9374757
0.8805407
0.70651346
0.7158268
0.89235944
0.8490833
0.90950906
0.9066589
0.95731413
0.93050945
0.9331671
0.8114036
0.92563295
0.9388822
0.6647314
0.96277314
0.85705984
0.7510004
0.7960542
0.8156311
0.9158751
0.7701929
0.907492
0.9648937
0.61238617
0.91751665
0.96547043
0.851356
0.7468632
0.90180194
0.83227015
0.9096056
0.9194813
0.4183661
0.8399786
0.9785751
0.85580003
0.95579803
0.7753993
0.7842331
0.9220028
0.76370895
0.9781928
0.84477806
0.86997384
0.98663944
0.96326137
0.98993206
0.9524588
0.93537647
0.5519904
0.95516145
0.73308843
0.8177074
0.9849405
0.96831703
0.91154563
0.962035
0.8502757
0.9842639
0.6682669
0.9946917
0.9706875
0.8846411
0.829126
0.69848704
0.9029495
0.8874065
0.94464505
0.88357913
0.7259959
0.6743441
0.96175766
0.89845043
0.9105605
0.9215268
0.7888421
0.71385235
0.93416154
0.91442895
0.985898
0.92925334
0.9589923
0.86420023
0.85246503
0.7572212
0.97063935
0.68711144
0.9471571
0.9299266
0.8847699
0.8717748
0.7451422
0.97327065
0.82331526
0.8037117
0.8730664
0.8774177
0.7607969
0.85921896
0.96561944
0.91158676
0.9979328
0.9525428
0.38375
0.5774983
0.7966702
0.92991877
0.9884088
0.8924589
0.8752974
0.9923108
0.6539178
0.79424417
0.9479085
0.70361614
0.6748694
0.6948169
0.9720248
0.92236656
0.9829911
0.99705124
0.7511915
0.9802679
0.6281192
0.53379726
0.34096193
0.87581736
0.89638686
0.8664032
0.92195237
0.75876343
0.9647217
0.98270935
0.94548213
0.88813066
0.93213564
0.8084652
0.8563061
0.98332304
0.91274875
0.8473892
0.9468008
0.8079032
0.9312824
0.77349097
0.97639006
0.7193506
0.68664527
0.47551045
0.8493103
0.70904547
0.87560964
0.98065805
0.8864807
0.9425531
0.77890277
0.7672586
0.8837935
0.9882299
0.9254279
0.9285778
0.9543476
0.92284524
0.5408379
0.87591195
0.668602
0.9336772
0.94179225
0.86440414
0.85556114
0.9689759
0.8939652
0.9714018
0.98690003
0.9956175
0.84598994
0.9206275
0.82135475
0.9566565
0.68744606
0.8620762
0.8349359
0.85507786
0.92231816
0.7741173
0.82545644
0.8498599
0.9823884
0.99471974
0.81382954
0.99190927
0.97482514
0.737396
0.9946842
0.8028223
0.96296823
0.761804
0.8186456
0.76355785
0.8859664
0.9433775
0.6131649
0.89155793
0.8958716
0.7329001
0.8596083
0.9343227
0.7738331
0.9822437
0.9324077
0.63850284
0.9010885
0.8829584
0.8671544
0.84467596
0.79095507
0.6054133
0.7953121
0.92993104
0.80937374
0.8011985
0.6695926
0.9833276
0.95160174
0.82427466
0.7477427
0.9841069
0.9160569
0.83000714
0.9199402
0.94855165
0.98994327
0.972744
0.9954962
0.9981676
0.74987036
0.9501094
0.7429393
0.9764801
0.92464215
0.9561001
0.76252294
0.85729325
0.86627674
0.9448585
0.83970875
0.84994954
0.9256083
0.9217895
0.9652508
0.9269959
0.9831314
0.84888923
0.90200996
0.7239353
0.95913243
0.9282064
0.92536736
0.877113
0.96138215
0.8017069
0.89157
0.8176564
0.8774656
0.98943883
0.7310837
0.9277224
0.789637
0.98378503
1.0
0.863538
0.88879275
0.9874089
0.7373847
0.6578597
0.86569923
0.9194828
0.9025948
0.9410417
0.8075838
0.8942582
0.9574902
0.8910451
0.92207766
0.6660993
0.91491926
0.69273305
0.9711314
0.9627814
0.8705588
0.8199135
0.8229266
0.9971409
0.95452267
0.8885211
0.8734731
0.76981795
0.87361854
0.96075726
0.7837722
0.90874696
0.90555155
0.9460409
0.9262018
0.7421612
0.8623811
0.9569131
0.9895718
0.8194144
0.95498925
0.91694623
0.96583605
0.85265994
0.9315284
0.95424974
0.92074305
0.68029064
0.8861715
0.91572475
0.5725873
0.92595625
0.805123
0.9130087
0.7950529
0.83916783
0.88786805
0.7244141
0.7951561
0.69021934
0.8774933
0.96637225
0.524605
0.91078067
0.954878
0.91067815
0.88354856
0.8594295
0.93687344
0.94670504
0.8198179
0.96424747
0.79765254
0.904499
0.8303064
0.9065598
0.76486385
0.9169984
0.93176067
0.9196598
0.9263436
0.896489
0.9739296
0.59673834
0.6403306
0.8108871
0.7451736
0.76012224
0.8775716
0.7200574
0.9456011
0.8510927
0.97584957
0.97284216
0.7021308
0.8983314
0.9265901
0.47312272
0.81607896
0.96932083
0.9027959
0.8653735
0.79689443
0.8947308
0.74232984
0.9395986
0.90096456
0.96047884
0.9269862
0.8927455
0.9971369
0.99494755
0.8737119
0.9126256
0.86635983
0.8410034
0.8002272
0.902771
0.85555965
0.7341175
0.75702673
0.71189666
0.91557825
0.9337429
0.9959055
0.75840265
0.8318454
0.8728514
0.5708356
0.7088993
0.9594356
0.8744316
0.9208389
0.9425962
0.9164698
0.88483846
0.54364145
0.98983157
0.9752543
0.84785545
0.9791178
0.6872154
0.8848263
0.67876726
0.9135407
0.8220532
0.89069164
0.7523745
0.7890541
0.66134614
0.8960798
0.76119035
0.9101599
0.9418022
0.97631645
0.9759791
0.88237995
0.978176
0.8115291
0.94266295
0.99309325
0.9002474
0.8561194
0.8998183
0.8705674
0.9131649
0.9360895
0.9473791
0.8926561
0.81845534
0.66222405
0.9454885
0.95258737
0.93557906
0.94483024
0.79053235
0.88802016
0.9355919
0.8832055
0.8878898
0.9856422
0.85116845
0.8303249
0.8795745
0.8475971
0.85396
0.90301853
0.47808516
0.84393895
0.77966756
0.83405256
0.64526284
0.81391805
0.79921514
0.94962037
0.8142033
0.9223241
0.73360765
0.9900156
0.9077034
0.95722455
0.6832399
0.622673
0.8764964
0.9526622
0.9646909
0.97181517
0.9682312
0.9311662
0.99210703
0.7922145
0.94029224
0.96341944
0.8471902
0.89719135
0.7776048
0.45763972
0.8695146
0.8254651
0.88667464
0.8955548
0.5687956
0.9809821
0.9261032
0.9016391
0.8120397
0.8273318
0.93363655
0.86603606
0.88956684
0.94396544
0.69480497
0.83689934
0.7551804
0.4134924
0.8785186
0.6979059
0.94653535
0.8134291
0.9754519
0.7583608
0.53783935
0.9134465
0.96704054
0.9303993
0.88578224
0.9542571
0.70366883
0.869268
0.7754236
0.99819183
0.6895163
0.90899384
0.98318875
0.9165582
0.9515122
0.8936103
0.97024125
0.94142836
0.948437
0.9325818
0.844366
0.8832693
0.9894633
0.86053056
0.6775819
0.93532085
0.8513204
0.94913536
0.924521
0.9357155
0.5321917
0.8995883
0.73291254
0.9757831
0.5946863
0.9753167
0.9670875
0.85138124
0.8258432
0.82601553
0.4100435
0.89076126
0.96016335
0.9701062
0.89423555
0.7758129
0.8716861
0.7081322
0.9704198
0.86306953
0.6587479
0.95179415
0.9370699
0.8817237
0.8399858
0.8192557
0.7761909
0.95064926
0.9351405
0.69492424
0.9281564
0.7676518
0.81841445
0.7956889
0.88253117
0.6884226
0.7157046
0.9311612
0.8068881
0.83375216
0.75403994
0.8190741
0.74645054
0.8897586
0.957185
0.91984415
0.855554
0.7633041
0.9097846
0.66928697
0.9161351
0.8620467
0.5481169
0.785026
0.78751373
0.86210763
0.77361715
0.93228257
0.8538947
0.8884269
0.81473666
0.97625166
0.933743
0.7718667
0.9152084
0.9764524
0.71539795
0.91759753
0.7693128
0.7856938
0.18114592
0.78052104
0.97383916
0.95120126
0.7904827
0.47005352
0.7482788
0.9371752
0.66343004
0.7027984
0.6671051
0.9111758
0.9482806
0.93885064
0.89253044
0.89314455
0.6790008
0.8098229
0.8914032
0.9355279
0.7675911
0.8731425
0.7507039
0.78806645
0.8481426
0.9638863
0.8138932
0.7198181
0.98446906
0.9402221
0.8412159
0.7574448
0.82588565
0.8203574
0.62854624
0.93340266
0.97104484
0.87173
0.92134356
0.8325703
0.69910747
0.7502008
0.8434666
0.78088355
0.79086757
0.8875994
0.8399435
0.7951684
0.7929231
0.9742772
0.85430825
0.7534275
0.86213017
0.8707609
0.6370884
0.9650363
0.85390717
0.9256432
0.8640451
0.8846376
0.954665
0.81563836
0.94322497
0.7647004
0.8616449
0.8163681
0.9267882
0.9978412
0.9701493
0.87693346
0.9080466
0.9574169
0.880936
0.84314716
0.4979334
0.8316933
0.894984
0.84468544
0.7605585
0.61453134
0.4015975
0.8880027
0.8757761
0.92695403
0.7348026
0.89850664
0.98129094
0.99543
0.45081815
0.9400594
0.940611
0.69750524
0.8113488
0.84271425
0.77077544
0.8398275
0.77117217
0.9705046
0.78930855
0.8932284
0.96953106
0.8991066
0.562922
0.93295
0.7481983
0.6591511
0.4096485
0.7661879
0.95021665
0.96340555
0.9656091
0.9098743
0.9872566
0.7895428
0.7167372
0.88072544
0.9956466
0.8428737
0.93218654
0.8282485
0.94706357
0.9898337
0.85771304
0.7904642
0.9481739
0.9016042
0.881651
0.75583905
0.9878542
0.88350344
0.67602104
0.92727995
0.9246616
0.7883147
0.8931804
0.8878266
0.98096025
0.78719026
0.73741126
0.87621725
0.9597229
0.9119355
0.7948324
0.9815562
0.90872985
0.9244906
0.88509893
0.8640876
0.9447174
0.47487783
0.5002754
0.8545679
0.856344
0.786734
0.93933225
0.9745059
0.7335375
0.90659785
0.8597937
0.87494236
0.9931421
0.94923097
0.95595014
0.87728536
0.9473998
0.9385962
0.9795539
0.9019528
0.9712385
0.882497
0.9142516
0.81123686
0.81162196
0.749021
0.79300433
0.99341667
0.67235863
0.9869752
0.8792064
0.61611074
0.8572483
0.8344116
0.94726497
0.58685535
0.9283464
0.8492703
0.8692101
0.9725314
0.9940282
0.62572294
0.9161025
0.8444025
0.8451327
0.8261861
0.466513
0.8863125
0.96399754
0.8725884
0.9600061
0.862157
0.70472544
0.9044214
0.9458097
0.89534205
0.7672606
0.83132464
0.6347475
0.7573513
0.8034898
0.9430076
0.6947683
0.8924523
0.78533703
0.3561346
0.6112044
0.9330338
0.87230927
0.9327294
0.6016364
0.83746576
0.6843321
0.68147665
0.99168676
0.9672623
0.8816727
0.71242595
0.8674672
0.8822229
0.50727654
0.9281686
0.8088429
0.96594334
0.75163764
0.8277377
0.8185991
0.941044
0.96681356
0.9278426
0.9978117
0.7585769
0.9091445
0.91073424
0.8207609
0.85747695
0.90538305
0.9532747
0.7689666
0.728194
0.9119985
0.75254834
0.97717535
0.97353023
0.8759445
0.80525523
0.8022599
0.9088878
0.9763988
0.9386848
0.35427043
0.9730982
0.6081312
0.94485825
0.37881804
0.9392693
0.7834766
0.8792875
0.8578985
0.9356253
0.88870716
0.75628096
0.9729203
0.6384424
0.8147987
0.9027944
0.8564687
0.97896665
0.8717319
0.98752433
0.8608601
0.8321469
0.9746182
0.86609435
0.8684461
0.8727766
0.45532
0.85470706
0.8090827
0.8480868
0.8340189
0.82630277
0.967285
0.95863646
0.9617849
0.6700599
0.8896748
0.88778424
0.9741442
0.9369941
0.85301626
0.91526085
0.93468
0.77277005
0.7539394
0.6975544
0.8222021
0.9184711
0.9362359
0.4282798
0.6858891
0.9916533
0.87943256
0.8041921
0.7341519
0.91313803
0.870069
0.7691953
0.89236474
0.84717494
0.94151574
0.99589205
0.9250284
0.9383843
0.9040277
0.99592566
0.98217845
0.8397723
0.7995288
0.97554755
0.51034033
0.9584568
0.84741396
0.9273269
0.9838604
0.5996066
0.9734913
0.7590426
0.7399156
0.97638154
0.67567915
0.86733156
0.91495436
0.72858775
0.80116767
0.91552985
0.9912082
0.8543118
0.50656223
0.9071789
0.89570487
0.70982605
0.90790313
0.5017861
0.8440466
0.8489582
0.9790281
0.7062852
0.9700605
0.9119141
0.9842969
0.95452356
0.68890846
0.9802472
0.81947976
0.94417673
0.9348117
0.98124844
0.74777824
0.8147219
0.86449903
0.9132807
0.89108825
0.9591431
0.59661543
0.8804208
0.98879844
0.8470577
0.9483925
0.88065064
0.9805844
0.96041626
0.6338069
0.8447922
0.97817296
0.8990009
0.76060283
0.83292496
0.9600997
0.91369355
0.77432793
0.98121005
0.7581635
0.89621603
0.7650846
0.9887712
0.809162
0.89717
0.98626393
0.9513702
0.93697375
0.93953717
0.81763
0.6466942
0.9441126
0.8381704
0.72415364
0.8295126
0.7768276
0.82786834
0.9677043
0.87109447
0.77240473
0.93486303
0.9204926
0.8830278
0.8287556
0.9314561
0.9428654
0.8164174
0.8214716
0.7991279
0.9323993
0.97269714
0.8857252
0.9792819
0.9871669
0.94120663
0.8809399
0.971266
0.90307736
0.92588496
0.76848584
0.70887506
0.75299364
0.9328076
0.80446196
0.9195957
0.968052
0.9547619
0.77114403
0.95885
0.50138175
0.7637294
0.8687647
0.7500012
0.8208239
0.8161428
0.54605544
0.9171002
0.7003687
0.9239435
0.9360237
0.9631212
0.74383044
0.9119743
0.9724482
0.8922464
0.86065197
0.79145604
0.9427648
0.9406057
0.85517216
0.8462542
0.98412997
0.9697646
0.72956645
0.95161957
0.7803596
0.9335116
0.8163606
0.8425832
0.59817624
0.8858049
0.9072113
0.8595929
0.9233188
0.900368
0.8354196
0.9855425
0.6227295
0.83513355
0.92987704
0.9775992
0.7813923
0.8014398
0.6638775
0.9324152
0.9740062
0.728035
0.65641236
0.91315275
0.8968127
0.9657645
0.95139897
0.87299466
0.97125435
0.8721942
0.84498656
0.87902266
0.8903606
0.90522844
0.80425715
0.9266794
0.78253114
0.93849653
0.94951457
0.9030386
0.98670924
0.69438976
0.9563995
0.80802035
0.70655274
0.7213224
0.80015576
0.90899736
0.5551036
0.8979078
0.7124109
0.8313269
0.921367
0.98367167
0.9439323
0.97473055
0.5007503
0.68319523
0.93089926
0.8844639
0.8951688
0.76568544
0.97972155
0.946989
0.62463605
0.99037254
0.7841549
0.82823426
0.8047596
0.915818
0.8306155
0.915125
0.98962814
0.9640397
0.8079994
0.9795174
0.82278776
0.59526247
0.81055784
0.58796966
0.9746009
0.95658094
0.699765
0.8546996
0.9115704
0.76036596
0.853479
0.95639014
0.93286246
0.8460013
0.42941967
0.83748424
0.9289657
0.95156926
0.87949234
0.7854341
0.8801632
0.9338342
0.7533603
0.9048958
0.91518235
0.57671225
0.9348008
0.8812348
0.85812455
0.9499773
0.571342
0.88807964
0.98206365
0.76157176
0.69856244
0.91983193
0.6742946
0.9190129
0.81299126
0.73104686
0.7882004
0.8693965
0.9194554
0.78248066
0.83729535
0.9308437
0.5950017
0.87179226
0.81960243
0.68009907
0.977789
0.88945884
0.992736
0.8263364
0.3906254
0.88987434
0.8583605
0.9368836
0.9333469
0.8885748
0.8394547
0.9676058
0.9775111
0.9643281
0.84291613
0.9950509
0.7356005
0.90029246
0.8573697
0.7187199
0.83938736
0.7363313
0.9075413
0.8467677
0.7955206
0.9557485
0.9748983
0.8682536
0.9556301
0.95048887
0.7855441
0.9468291
0.93921596
0.5502827
0.82308996
0.7998662
0.7441277
0.83098596
0.9287753
0.805789
0.98595166
0.79439586
0.84470344
0.9111296
0.97785467
0.7844589
0.95713854
0.80081594
0.8214662
0.67710054
0.960212
0.40300187
0.9792288
0.7219237
0.9806732
0.9674616
0.7498285
0.9354397
0.9693928
0.94017315
0.78287965
0.975935
0.9661922
0.83888644
0.7086542
0.9638858
0.95791554
0.9045833
0.86158717
0.8652456
0.66799855
0.80266947
0.76648426
0.9501785
0.74236685
0.96225715
0.8335846
0.98218876
0.86318445
0.9718967
0.922583
0.8445664
0.6709132
0.81835985
0.9884045
0.92281973
0.7480618
0.8261688
0.8459158
0.6267288
0.9034441
0.85662985
0.9391765
0.80881196
0.9480832
0.8873259
0.72147924
0.9436604
0.86770266
0.9842498
0.89338946
0.83050895
0.9274384
0.873043
0.9798135
0.75703883
0.96954834
0.705428
0.8391119
0.9015381
0.74913436
0.73413455
0.9727315
0.75990814
0.92518866
0.88302755
0.93430406
0.915479
0.9139937
0.8709956
0.8251148
0.806799
0.66324097
0.8445917
0.91755354
0.8792396
0.81322116
0.91029495
0.8196313
0.8191732
0.9796843
0.8498787
0.7820171
0.9242584
0.8468539
0.54764867
0.91192544
0.8548623
0.88165075
0.95908856
0.29470193
0.9726117
0.94014
0.9870639
0.78880405
0.93429035
0.75395155
0.7949844
0.71588576
0.91341007
0.8469246
0.8778658
0.9434751
0.80906546
0.59923756
0.93627924
0.9662023
0.97695094
0.85689396
0.8530395
0.91244036
0.9625965
0.96952987
0.83643484
0.8004955
0.8178751
0.83896565
0.7500822
0.97759825
0.9373292
0.9642818
0.93098783
0.5531099
0.906465
0.39134946
0.8366966
0.9136875
0.92149997
0.99999994
0.98705
0.8391252
0.6067013
0.90922445
0.8702657
0.78305805
0.81481653
0.73733234
0.9391288
0.89128804
0.8120418
0.8230873
0.9512906
0.792495
0.8433118
0.9347779
0.9363639
0.9936986
0.723938
0.625375
0.70363176
0.7517587
0.76966494
0.96994716
0.8198087
0.75842416
0.8435358
0.6744288
0.92353606
0.8707167
0.9517347
0.77548826
0.5119415
0.6106858
0.9857837
0.7612171
0.7495438
0.96894574
0.7409158
0.84262526
0.9133219
0.79642344
0.81221426
0.208394
0.84862083
0.79412067
0.79388064
0.5734947
0.4620659
0.5915327
0.904284
0.9769655
0.6118195
0.97851706
0.8805151
0.9560478
0.8021145
0.9292962
0.88327885
0.80765516
0.33797562
0.5030323
0.778286
0.6553099
0.34316948
0.7822086
0.8968787
0.6858387
0.81858295
0.7014934
0.82364064
0.79496956
0.9078406
0.9160057
0.84684163
0.9604779
0.8122407
0.76895404
0.80212206
0.5999768
0.71622515
0.85678494
0.64312065
0.83539015
0.81690145
0.7704189
0.91594136
0.5402597
0.77154386
0.82747227
0.9061968
0.7378379
0.94733524
0.8225863
0.6639781
0.86299694
0.81011784
0.7555057
0.8543412
0.6867166
0.8825902
0.54186857
0.84867585
0.54827154
0.8280598
0.95614755
0.90823275
0.50579613
0.90285337
0.77111495
0.9539638
0.948093
0.7962544
0.85784966
0.7627542
0.8121113
0.71534425
0.9243287
0.94790626
0.9374578
0.83410716
0.8470201
0.96595705
0.69196844
0.9911123
0.84107685
0.92130125
0.8788943
0.8098516
0.90654206
0.83888745
0.9512089
0.9331553
0.55946326
0.9633148
0.9185214
0.79043776
0.9494932
0.83206755
0.77995384
0.7915589
0.96429366
0.6158993
0.75460273
0.8404865
0.88576084
0.7028077
0.8264608
0.9535101
0.7551005
0.566349
0.82293594
0.86090463
0.9289153
0.90755403
0.7041599
0.8941146
0.8816632
0.8143059
0.869714
0.89584696
0.92951053
0.81661725
0.9743316
0.9710286
0.8844942
0.6101103
0.8513853
0.81753373
0.913045
0.75990725
0.72958755
0.6828903
0.953294
0.78876656
0.90910304
0.90460587
0.9696603
0.9891947
0.78317887
0.9229632
0.9631647
0.83568704
0.63211
0.89184326
0.76254356
0.91795963
0.865497
0.84762067
0.6879868
0.56360185
0.8953885
0.9793875
0.8276702
0.99799424
0.8944353
0.87919223
0.949021
0.7508798
0.9699402
0.92771935
0.7258791
0.96017134
0.90286106
0.80177957
0.924335
0.86372757
0.90030354
0.6005003
0.7921378
0.85862243
0.16479105
0.7217484
0.9017985
0.79560393
0.57460046
0.801727
0.82823414
0.94004416
0.3785691
0.53573227
0.84822094
0.84387726
0.90176624
0.6901435
0.8350337
0.9544827
0.8811784
0.8414108
0.9071058
0.88527024
0.8102948
0.8585329
0.8100351
0.7426142
0.6371335
0.87256706
0.79780555
0.6187476
0.8964423
0.72560513
0.73210526
0.75159395
0.956442
0.94204354
0.55761164
0.9216806
0.94499105
0.8809756
0.9934951
0.8462039
0.79988873
0.9129571
0.81842726
0.6443324
0.76892346
0.8933448
0.635101
0.1579999
0.89128304
0.85070467
0.9535808
0.98567873
0.9694237
0.8372183
0.9596237
0.8851411
0.9666381
0.8631928
0.8687524
0.8631387
0.9904441
0.87203515
0.70816314
0.7666476
0.7440828
0.82909036
0.76584375
0.89862967
0.65394604
0.984448
0.91652936
0.7642601
0.89411485
0.9617286
0.63317615
0.7826258
0.89889646
0.8248361
0.9190983
0.7016974
0.99152493
0.58232725
0.87538207
0.90318316
0.99002004
0.9667908
0.8115187
0.77096605
0.71426547
0.9168082
0.8854952
0.79531795
0.9546015
0.9803819
0.8427094
0.5314609
0.71511924
0.7284981
0.8822988
0.60482013
0.8745796
0.9598426
0.8924438
0.5745041
0.94649976
0.765376
0.8728647
0.94559056
0.59016496
0.8839369
0.8307137
0.7720076
0.17708567
0.9279668
0.880202
0.7728955
0.83038807
0.8974171
0.6908121
0.78321916
0.74480397
0.9736961
0.8049525
0.87898666
0.96660006
0.8640054
0.8589153
0.7676484
0.911163
0.9623302
0.68890435
0.93608046
0.9295523
0.87508106
0.934222
0.6735667
0.76322573
0.60175616
0.7418089
0.752798
0.932979
0.96987706
0.8614003
0.894647
0.8642943
0.82283026
0.8860416
0.8060654
0.958469
0.9894045
0.969805
0.77193993
0.82003653
0.7364735
0.88585174
0.848205
0.9322282
0.956046
0.63748354
0.9091786
0.8989765
0.96273994
0.7875049
0.6425771
0.70416677
0.82680786
0.6569771
0.78818655
0.9411157
0.9042352
0.8474809
0.91572857
0.85654116
0.9011986
0.7946884
0.93927264
0.775272
0.9079745
0.78087753
0.9266203
0.8590397
0.78144926
0.67895555
0.9365553
0.6324561
0.86327314
0.75766355
0.85231274
0.9888414
0.9542589
0.6665664
0.86422324
0.8951989
0.76262236
0.8330368
0.9655458
0.9767139
0.90783197
0.91767097
0.8657449
0.94773775
0.8174325
0.8961533
0.95340383
0.7281257
0.646798
0.8953963
0.8753589
0.99675804
0.7727245
0.96470463
0.68759245
0.7809749
0.472534
0.8778529
0.7169596
0.89405036
0.8759549
0.8377188
0.9351397
0.78656125
0.8290379
0.9794471
0.8802563
0.91431737
0.77592283
0.71074766
0.6773962
0.83010286
0.8363595
0.95523995
0.83069336
0.5503495
0.940175
0.8860052
0.81836826
0.6849579
0.891823
0.753155
0.81811297
0.87424916
0.638705
0.6390811
0.91808903
0.869595
0.73750645
0.7373724
0.8424293
0.70190865
0.8599858
0.81110305
0.8311352
0.7845884
0.9149007
0.9167357
0.8646421
0.78297526
0.71945655
0.90338737
0.9525744
0.8446368
0.81417686
0.79640555
0.96597815
0.88334584
0.8025228
0.688954
0.6355822
0.51248026
0.7705959
0.8152934
0.93369603
0.954525
0.852273
0.76904106
0.88940704
0.9410713
0.88885605
0.55902475
0.99825406
0.88532406
0.8579588
0.75948626
0.7639116
0.97136706
0.68070716
0.78018194
0.93154484
0.9912644
0.7512356
0.8981393
0.9278344
0.8152444
0.8327111
0.9797487
0.7796101
0.9884589
0.84829795
0.9013256
0.97725904
0.90269697
0.92499095
0.7608497
0.9482229
0.9572272
0.9509872
0.95144963
0.8240543
0.94280636
0.7588637
0.94608337
0.98996377
0.8428891
0.93809754
0.79061747
0.78549033
0.86131406
0.90482897
0.9188769
0.7118044
0.94005
0.8463159
0.7162273
0.9773259
0.93754506
0.8820095
0.92454857
0.86517656
0.94966614
0.7735383
0.9069377
0.95946014
0.9350207
0.9089723
0.9403232
0.9400383
0.89033335
0.9849663
0.7835287
0.84443116
0.8568914
0.78204167
0.9585774
0.87986416
0.66891944
0.8488577
0.96977085
0.93873143
0.9226146
0.7211042
0.8827111
0.8610387
0.9822538
0.9458185
0.86896193
0.7744136
0.8179318
0.6378033
0.8616266
0.7178692
0.99552053
0.9865491
0.86647254
0.9493094
0.79721
0.86435735
0.53037256
0.64311594
0.9375452
0.7628366
0.9767561
0.7366344
0.99295866
0.80204415
0.8076391
0.7493887
0.9624156
0.9179065
0.8250534
0.7182157
0.75108635
0.90573037
0.92957276
0.9239304
0.85585344
0.9322866
0.6549961
0.9646071
0.8512034
0.89875096
0.23629093
0.879029
0.8864096
0.89897037
0.6462787
0.92279434
0.7923084
0.97128546
0.88045627
0.8604604
0.95127356
0.9293109
0.8485569
0.9205864
0.91182584
0.8563428
0.96851885
0.691987
0.84469986
0.91201884
0.6503585
0.96339005
0.91824645
0.94022435
0.8888956
0.86335903
0.96582603
0.97704685
0.74212813
0.93751574
0.96574104
0.9048029
0.9585177
0.8578816
0.9720762
0.96051246
0.90975434
0.9163616
0.95776904
0.908117
0.8363056
0.9796299
0.88159317
0.8956989
0.94503444
0.89446276
0.9409591
0.89604396
0.91049004
0.98631483
0.9588837
0.52326024
0.8947617
0.57235396
0.7607228
0.9788647
0.9776016
0.75620043
0.94978595
0.80165267
0.99508595
0.9146244
0.8370205
0.85425085
0.86886585
0.9351007
0.8496929
0.90396994
0.910203
0.7277441
0.9047696
0.6899084
0.9406779
0.96031255
0.9129486
0.6685247
0.80089283
0.94917226
0.9381587
0.71366584
0.7591664
0.8098855
0.9504217
0.9900918
0.8917229
0.94224733
0.9764563
0.9019658
0.99645835
0.82528114
0.8943291
0.9655863
0.8595682
0.82138056
0.9950566
0.8931738
0.66388935
0.6609813
0.98906857
0.7001414
0.9641759
0.9117113
0.9981853
0.76684844
0.7172709
0.95016694
0.89047444
0.9919732
0.98212594
0.76483154
0.9662937
0.76143163
0.8665342
0.8623555
0.8694624
0.82501614
0.9909037
0.92885864
0.8276622
0.7078289
0.9467572
0.8783604
0.9205479
0.90771776
0.87965727
0.7859694
0.8740242
0.6943658
0.93188715
0.77283
0.9841956
0.9656953
0.9826629
0.6435123
0.8565648
0.68460953
0.5143664
0.9333571
0.9758865
0.9601847
0.971661
0.98173463
0.802703
0.4913371
0.8318974
0.7634367
0.8370208
0.8872919
0.8139374
0.7959478
0.9485831
0.88005614
0.6105623
0.96596265
0.7087229
0.9299331
0.90031236
0.93270487
0.85299873
0.99563515
0.8943569
0.92208004
0.91973525
0.95835006
0.93548757
0.76502216
0.9078853
0.8647671
0.8396479
0.8635
0.9295846
0.7725881
0.90441465
0.9768792
0.8409078
0.9228747
0.89078844
0.59105265
0.8642306
0.7897354
0.86361414
0.9745275
0.9826808
0.8345443
0.77191365
0.9348681
0.6597292
0.98405117
0.45583785
0.8921708
0.98301995
0.7761925
0.98935866
0.82818294
0.7643163
0.876834
0.91401696
0.66167474
0.93413234
0.8234915
0.96139324
0.84213656
0.9128742
0.9327512
0.9681227
0.92876124
0.9576298
0.76464045
0.93966746
0.9164692
0.86093414
0.9115008
0.47075972
0.7465842
0.9808089
0.6280068
0.94572705
0.76621586
0.9356606
0.90955985
0.79230624
0.89389133
0.9479265
0.78789085
0.7454542
0.7896851
0.99628544
0.9284032
0.9407066
0.97296154
0.90007615
0.88944334
0.8830567
0.9518617
0.97249067
0.9868165
0.94439006
0.80605483
0.87662137
0.8298061
0.9287647
0.8892016
0.98793936
0.9730237
0.912948
0.894518
0.98741686
0.7804228
0.87820566
0.8147508
0.96980417
0.91108763
0.9896206
0.977267
0.92883575
0.6233769
0.7558274
0.6992371
0.88630736
0.6435892
0.85201156
0.5346286
0.79735893
0.8924299
0.9971348
0.9154039
0.51643604
0.9473343
0.82634795
0.9053738
0.97955614
0.76174146
0.9865039
0.96493536
0.75736296
0.8283933
0.9848982
0.73078614
0.8493693
0.82904863
0.5239006
0.6667428
0.778841
0.94811916
0.89966536
0.49828494
0.8680997
0.9339566
0.904158
0.7615485
0.8937261
0.81001675
0.93216187
0.90333885
0.66047865
0.93540275
0.97607374
0.80188894
0.9097197
0.96703047
0.96209776
0.93458116
0.9735069
0.9960202
0.9955544
0.9191026
0.70217896
0.98284066
0.8959218
0.8984904
0.64891
0.9347258
0.9822679
0.8997304
0.7653288
0.9352676
0.90631837
0.9387796
0.9900843
0.8327171
0.9873546
0.8923772
0.9553897
0.9432953
0.93694896
0.6300992
0.46711272
0.948261
0.95040005
0.96285033
0.7538285
0.88242084
0.8993771
0.9311304
0.9946912
0.8441554
0.8849501
0.98849154
0.971845
0.95434797
0.90092903
0.86110777
0.8233763
0.83226746
0.6516437
0.95940953
0.7059508
0.9341139
0.86717695
0.8663399
0.9747011
0.8977159
0.8926005
0.80298555
0.91484845
0.8921555
0.9911422
0.9734956
0.8514929
0.92466533
0.84857804
0.7879486
0.95983773
0.9588002
0.8492793
0.8981084
0.7829653
0.9150518
0.97453165
0.92607516
0.978912
0.9133499
0.8050389
0.8903974
0.9687811
0.9044256
0.950801
0.7245786
0.62495744
0.83287203
0.96668154
0.910947
0.8650675
0.9456036
0.96919787
0.95162815
0.97561705
0.5305725
0.99511737
0.9078373
0.72206175
0.9272523
0.8968406
0.908604
0.7661181
0.99394745
0.9698434
0.9180594
0.8020783
0.9202072
0.9332955
0.8627141
0.7659195
0.8065828
0.98290277
0.9025758
0.8854054
0.94244975
0.82123
0.8687094
0.985981
0.75086737
0.80902296
0.9178863
0.78837436
0.9825194
0.92102265
0.9351169
0.95525885
0.955817
0.94260734
0.98900485
0.9736914
0.6464321
0.9475462
0.96684057
0.86118674
0.9190953
0.9720451
0.7533037
0.87288314
0.89415395
0.80083543
0.6947603
0.96767765
0.91012084
0.8169467
0.7901636
0.73218095
0.9165772
0.82757837
0.9803957
0.5052258
0.8409501
0.96764725
0.9696877
0.76957804
0.77593327
0.9400679
0.9527723
0.92375284
0.9584949
0.9643967
0.86533594
0.97542584
0.9917575
0.8156179
0.9966932
0.9781749
0.9796811
0.900784
0.83359027
0.8105582
0.96329916
0.7746172
0.93032646
0.98500043
0.5582058
0.9789182
0.7895761
0.94389546
0.96677667
0.9793027
0.82690775
0.9654818
0.9053322
0.94144374
0.76102245
0.5837775
0.9281797
0.84040517
0.9472949
0.61695325
0.7748961
0.91261435
0.9301172
0.79244083
0.8566358
0.72777796
0.9590936
0.7045582
0.9896624
0.9946166
0.8163273
0.97256225
0.9301913
0.6507044
0.9102456
0.7051643
0.8292681
0.7127178
0.90167224
0.9491645
0.86212075
0.8919107
0.8827643
0.9308175
0.76070124
0.82538825
0.85981274
0.9688983
0.933333
0.97893703
0.90162635
0.7837452
0.72292215
0.9619634
0.8623208
0.7620745
0.9480885
0.9081824
0.99134266
0.8465943
0.86377364
0.89185053
0.9450699
0.9258665
0.9761728
0.89014864
0.96526444
0.96566534
0.9656475
0.6930912
0.94456595
0.72523165
0.79426956
0.7595187
0.7678229
0.87088054
0.7975744
0.9737986
0.8401295
0.9301836
0.82368356
0.8242084
0.9342826
0.8086249
0.992983
0.9394421
0.89435095
0.98451793
0.86637414
0.9100381
0.8939847
0.97842085
0.8521031
0.78492355
0.95006156
0.54725724
0.93671834
0.93519276
0.9663508
0.9045993
0.99844575
0.6653978
0.9105142
0.81347156
0.7796631
0.6122826
0.7072114
0.95319504
0.7884562
0.9176251
0.9827917
0.99016476
0.8380786
0.9578016
0.9576676
0.91397285
0.8886463
0.99017376
0.9875971
0.92293125
0.6951661
0.90148866
0.67802274
0.8701366
0.8760487
0.55359805
0.86838984
0.6633309
0.9891387
0.9400696
0.961359
0.8232745
0.94335973
0.8976128
0.879744
0.5428953
0.92576724
0.8428417
0.8510452
0.87355596
0.9798058
0.91089386
0.93376243
0.968492
0.9759906
0.6440146
0.92905533
0.9757178
0.91248274
0.8436718
0.8993727
0.8791687
0.8948089
0.9346381
0.99106133
0.9778108
0.62546504
0.8888248
0.9347533
0.8638973
0.8266188
0.9967388
0.98897815
0.84498334
0.86969644
0.82179326
0.9704219
0.67962724
0.9235168
0.8673556
0.8887152
0.89454883
0.8972639
0.9752648
0.8768281
0.8847606
0.46074927
0.7721056
1.0
0.72945577
0.98969144
0.8643551
0.7650877
0.84787726
0.96205217
0.72300404
0.99444354
0.81124455
0.83941585
0.88696104
0.9904659
0.44952154
0.89205945
0.95163476
0.8603836
0.8888071
0.8669816
0.97231543
0.7782185
0.8393445
0.8161609
0.8542149
0.84594846
0.9691739
0.90176094
0.71942466
0.96884894
0.9156111
0.9329915
0.90947735
0.8340138
0.8871511
0.7626626
0.9377422
0.8259713
0.97157115
0.9734738
0.93362135
0.911574
0.98602694
0.9843777
0.8573017
0.97103107
0.953148
0.90486455
0.69443643
0.86763537
0.91028994
0.77057374
0.78104734
0.96049637
0.83733964
0.971532
0.8965453
0.8484906
0.9659835
0.91474557
0.715813
0.94424397
0.93781376
0.8237591
0.9824754
0.8963649
0.985981
0.79548764
0.91699106
0.7110191
0.8429404
0.9616815
0.9711989
0.669397
0.985445
0.9699339
0.7908448
0.917339
0.7355294
0.98486495
0.9946772
0.96210504
0.965781
0.80069566
0.8369881
0.96154857
0.92918026
0.81460637
0.9583882
0.88995385
0.81902
0.7460638
0.83985364
0.941431
0.5064641
0.90294015
0.75738984
0.7743752
0.94275105
0.9126879
0.89627564
0.9589985
0.93516886
0.807099
0.8106835
0.89226437
0.73829687
0.88050187
0.47460598
0.83566755
0.77931696
0.8983023
0.94838524
0.71830827
0.87941855
0.8661028
0.9434131
0.98289746
0.9173398
0.9205984
0.845336
0.89449704
0.9946706
0.96959245
0.78620493
0.889966
0.93977594
0.9523513
0.8006065
0.9458842
0.7983553
0.8210472
0.64743716
0.66553926
0.8660736
0.90198714
0.9129086
0.87867194
0.92189604
0.9772547
0.87082267
0.7282009
0.873559
0.9385415
0.86474293
0.96503663
0.9742605
0.685872
0.90764314
0.913869
0.8717523
0.62034696
0.8076439
0.9922427
0.9745211
0.8792666
0.8522257
0.85706544
0.92692685
0.7926059
0.84089893
0.7536094
0.8845497
0.92772007
0.9096523
0.90013134
0.42947394
0.90830475
0.9051688
0.9125885
0.8855415
0.72029585
0.8051868
0.86862975
0.9322491
0.7726716
0.9201545
0.9633307
0.7738597
0.91277647
0.9768086
0.6232716
0.9189569
0.5923881
0.89043236
0.7116456
0.997698
0.9735783
0.81137145
0.79829055
0.82067347
0.9188742
0.84954625
0.9647824
0.953052
0.7822659
0.897889
0.928354
0.8561808
0.8536235
0.9493861
0.9108356
0.97885287
0.96523654
0.8393882
0.75807863
0.89671063
0.8765797
0.9940844
0.99615353
0.8966209
0.61317676
0.80148184
0.9805478
0.8750297
0.9170525
0.63029087
0.8962426
0.6712707
0.9651642
0.8998245
0.7412511
0.9389613
0.8359029
0.828347
0.9271211
0.99121565
0.9195165
0.93551075
0.97449493
0.96736866
0.9622652
0.79580164
0.9726576
0.8678339
0.96430886
0.85722905
0.9801042
0.94781744
0.9255266
0.9481041
0.925791
0.9062364
0.8733556
0.8027552
0.9339615
0.9390475
0.8514898
0.69694066
0.7103698
0.9217413
0.98293656
0.9309046
0.777078
0.942063
0.93725437
0.9772982
0.76953465
0.99195945
0.8391775
0.8992474
0.7183411
0.8723189
0.9986543
0.89911497
0.9542444
0.7426357
0.90419334
0.97038543
0.7908914
0.7285177
0.9356875
0.9304124
0.8004211
0.8568032
0.7362905
0.79130834
0.93674123
0.90687805
0.96506095
0.9592587
0.89915305
0.8137657
0.9705299
0.6251152
0.9478927
0.9479175
0.93243194
0.7643136
0.76266277
0.9683334
0.5346794
0.78966856
0.99219984
0.942843
0.8977743
0.80859673
0.9583889
0.94838965
0.92413044
0.6874323
0.785611
0.93524593
0.9572915
0.60920227
0.78735185
0.5628771
0.7646698
0.92928034
0.961365
0.83217
0.8755427
0.82841724
0.81507003
0.8880591
0.7667148
0.90989816
0.7247686
0.5763742
0.87202746
0.69315743
0.92874473
0.74419403
0.8399419
0.9565564
0.9419888
0.8875778
0.94162136
0.93161064
0.86131036
0.83609176
0.7908288
0.97848034
0.846598
0.96182585
0.85620284
0.76977503
0.8626379
0.9058609
0.95592237
0.8092708
0.879096
0.9232533
0.87345374
0.78792226
0.8208052
0.9623035
0.9441986
0.73279226
0.9787544
0.71279234
0.9029613
0.88176274
0.7902938
0.94755876
0.7720423
0.9527657
0.9872456
0.9146588
0.7496033
0.9868346
0.9111289
0.91291505
0.8098161
0.8968798
0.8620781
0.9899916
0.81727284
0.9172507
0.9783023
0.9766696
0.8373219
0.9663947
0.9250607
0.95447195
0.9660665
0.9084174
0.8869395
0.9348044
0.8114648
0.94230556
0.71221876
0.9296925
0.85893965
0.9343422
0.8589509
0.708598
0.80660915
0.98067343
0.91591567
0.7692082
0.94566464
0.7892668
0.9911517
0.97069573
0.6866767
0.57642233
0.98881114
0.92552304
0.9596839
0.954983
0.9847071
0.8782703
0.8511753
0.8834842
0.9115461
0.93048644
0.8534972
0.78991675
0.9621945
0.6900516
0.72817355
0.8024961
0.9688928
0.47467598
0.8119372
0.8753344
0.7815121
0.9567597
0.96353376
0.8147137
0.94907117
0.92770576
0.8696943
0.9735904
0.89662576
0.8976889
0.9390709
0.91756266
0.8978928
0.97906923
0.8914907
0.837171
0.8519
0.9699856
0.96903026
0.8502511
0.8533492
0.8228455
0.7403356
0.8881165
0.8709577
0.87950647
0.9881933
0.7700329
0.7632518
0.93898153
0.9102456
0.7779418
0.8147124
0.9216787
0.96672463
0.8426851
0.82195896
0.7787541
0.984111
0.89055973
0.88923347
0.8480171
0.7931702
0.9166559
0.88048065
0.97225386
0.9129007
0.9824701
0.90701455
0.8442832
0.8786661
0.9073005
0.91171426
0.8685796
0.7877333
0.9136656
0.7914934
0.85463756
0.7704108
0.872066
0.89731276
0.30778077
0.7925723
0.90311307
0.9365197
0.6745224
0.82505697
0.85327536
0.8678477
0.9364615
0.9262837
0.8821919
0.8584428
0.7912782
0.5618516
0.8205243
0.81237817
0.68016034
0.856094
0.8466281
0.87446475
0.799333
0.7586038
0.75866807
0.73841316
0.99013424
0.83299464
0.92137843
0.7360569
0.9520621
0.9126529
0.9714624
0.88233876
0.80289465
0.98429036
0.4157803
0.8391831
0.753028
0.94831705
0.9915329
0.9408161
0.7781644
0.918225
0.8617697
0.8319607
0.6905041
0.8801303
0.57749856
0.9728215
0.82246804
0.74617606
0.8941789
0.7704745
0.76342
0.86364305
0.931986
0.92596555
0.95358735
0.8675765
0.9635297
0.80103874
0.99061334
0.99999994
0.7597545
0.8782867
0.97766954
0.61495733
0.62124705
0.8915504
0.8501208
0.93418264
0.68377626
0.7731681
0.9455054
0.8753792
0.89985716
0.9918852
0.8860909
0.63562393
0.8995465
0.6805437
0.92638993
0.98368996
0.8787741
0.8381238
0.78206533
0.86933297
0.9047821
0.7492944
0.99523425
0.9078529
0.9189876
0.817049
0.8719327
0.71771306
0.91066307
0.62648857
0.9779598
0.5792247
0.86755705
0.7138814
0.9613701
0.98197186
0.8861202
0.9740733
0.89767677
0.9353668
0.9151317
0.7048445
0.90378934
0.837167
0.94151396
0.9622977
0.9015341
0.768043
0.8891915
0.843608
0.7937967
0.76733357
0.9700861
0.94867766
0.6810321
0.87639165
0.91413754
0.8687215
0.7114271
0.97268486
0.43358618
0.96433437
0.8041874
0.90503347
0.9522289
0.8860179
0.6610596
0.842624
0.8481004
0.98920643
0.6807045
0.839322
0.97810173
0.867496
0.98556614
0.97352844
0.9714293
0.97639316
0.97323895
0.97918016
0.98990816
0.8525115
0.95977235
0.7141028
0.98770964
0.8937818
0.7437023
0.8889172
0.8469616
0.8924632
0.8848564
0.837424
0.7128742
0.77753145
0.79097664
0.86273867
0.943216
0.9079862
0.80905557
0.84272105
0.70920706
0.99157846
0.6103532
0.56295115
0.8508737
0.75275236
0.98539317
0.97622013
0.9574965
0.93527
0.96201617
0.87693036
0.9428254
0.9276769
0.9571548
0.925948
0.9474499
0.661019
0.8421048
0.9738573
0.8879362
0.98564196
0.7150691
0.7904982
0.7310771
0.9314026
0.85728335
0.84519076
0.7607665
0.97661316
0.94891924
0.7296618
0.886141
0.99164015
0.8241359
0.8355251
0.99441767
0.9383311
0.9644674
0.8357665
0.9398416
0.9165168
0.8249134
0.81350666
0.5474039
0.9118172
0.9145485
0.92416656
0.85756505
0.8840376
0.8755808
0.97567093
0.76471823
0.92023945
0.9889385
0.51138216
0.99668694
0.9957238
0.9392484
0.90662235
0.76000583
0.7644555
0.7735796
0.9582063
0.834248
0.8839306
0.85554945
0.8930161
0.86607885
0.92071354
0.9122719
0.6370839
0.9231084
0.91380256
0.4972148
0.7728872
0.96383876
0.8654834
0.39102307
0.882875
0.8197881
0.9171373
0.8450021
0.9589532
0.859664
0.7784839
0.9878348
0.77825224
0.82031137
0.8408641
0.9640541
0.9092374
0.7350835
0.8774703
0.94793516
0.91267633
0.9366257
0.80457824
0.91678274
0.9260296
0.7345853
0.7348326
0.93953097
0.83674407
0.946052
0.7966548
0.7161672
0.9110896
0.7548584
0.71898496
0.8220218
0.88699967
0.9128474
0.8402474
0.98852664
0.7466389
0.8110258
0.8164791
0.8401178
0.8367299
0.8875631
0.81121373
0.8564738
0.9559563
0.8426435
0.9729676
0.8122007
0.97463953
0.5995027
0.95720756
0.9585908
0.9817443
0.8105149
0.914309
0.90251994
0.9176298
0.82440567
0.88443166
0.96350795
0.8492187
0.96840024
0.67736346
0.6074562
0.38979948
0.7571603
0.91315067
0.8959281
0.9874112
0.8795836
0.68343234
0.9324875
0.8360206
0.9093308
0.8436024
0.8198278
0.558396
0.86827445
0.95760393
0.89515185
0.97250736
0.94410354
0.98144007
0.95056075
0.8912503
0.9699707
0.9572052
0.34782436
0.8857109
0.98781997
0.79930466
0.9777787
0.8467136
0.7671473
0.97089076
0.98081446
0.7062055
0.93966776
0.71339566
0.8496733
0.92570674
0.95057034
0.95183736
0.73185915
0.92150754
0.9445492
0.8454126
0.9580482
0.8127473
0.907265
0.9971707
0.91825056
0.94027245
0.96933067
0.90880233
0.97654366
0.96109384
0.88960946
0.919523
0.9189751
0.7852982
0.9783946
0.8473784
0.92594963
0.9086076
0.96225345
0.71788096
0.9345962
0.83678067
0.81694704
0.9593084
0.9500374
0.9262125
0.65655434
0.92028826
0.6410826
0.9587846
0.83481467
0.6397713
0.74765503
0.96877044
0.6247867
0.78124076
0.77397144
0.97579503
0.74844563
0.8867751
0.89873874
0.5595221
0.7702859
0.95653886
0.50664085
0.7254212
0.7974678
0.6075123
0.86941916
0.8289637
0.8987938
0.9804734
0.9741812
0.8882675
0.9811347
0.8558565
0.24071392
0.9256331
0.89606386
0.6482756
0.8878045
0.9633882
0.7606114
0.87605053
0.9910772
0.85308623
0.7057032
0.77824116
0.9585519
0.86636174
0.46125072
0.92727876
0.9083615
0.9532053
0.9593601
0.7264819
0.83434266
0.78440136
0.9963032
0.7213873
0.8921281
0.87260234
0.9175603
0.9677563
0.98467314
0.9029012
0.9987526
0.90457606
0.89885104
0.95330524
0.65135115
0.95419586
0.9663126
0.9362515
0.9292158
0.8545946
0.9720377
0.994028
0.62333375
0.9290109
0.8534034
0.7983685
0.9524862
0.9737172
0.9832851
0.96388865
0.9178486
0.9881565
0.942104
0.9697553
0.91970414
0.68288386
0.60876316
0.94054323
0.87195134
0.9715361
0.9448348
0.95179623
0.5715718
0.81374454
0.8455431
0.8469999
0.99464834
0.84624505
0.9376937
0.9707717
0.55288506
0.97449374
0.86630785
0.9528146
0.85229725
0.9338933
0.97412544
0.94190085
0.8109547
0.7815498
0.936472
0.9288758
0.99204457
0.9760643
0.9392216
0.7502802
0.9680804
0.7991978
0.9195564
0.9865692
0.86621726
0.9501744
0.9770148
0.82925564
0.91066086
0.5815934
0.8977566
0.85847676
0.92901504
0.9668648
0.95651066
0.6995321
0.9182744
0.9235008
0.80931383
0.95651877
0.79366195
0.93970793
0.78441095
0.6403759
0.9152565
0.8810971
0.98771244
0.9220627
0.59919006
0.75371367
0.9742078
0.83455753
0.98271894
0.88780665
0.569309
0.86633676
0.98877
0.66376877
0.86513627
0.9136785
0.9276703
0.8758747
0.9704111
0.91009355
0.98419625
0.76187056
0.94370663
0.9485599
0.945898
0.9002032
0.996596
0.94449115
0.8896187
0.9490538
0.6831111
0.55834156
0.9588095
0.97627103
0.98828924
0.8937623
0.9917364
0.98486125
0.8673491
0.7287326
0.8714176
0.97869503
0.9761661
0.92452955
0.884554
0.8323383
0.8697288
0.7741818
0.31228122
0.9565959
0.7830014
0.93178463
0.92978317
0.9787392
0.9883031
0.9037053
0.7578105
0.8993666
0.79905665
0.8986653
0.51354456
0.94087124
0.8741416
0.83487654
0.8251835
0.9095507
0.86882603
0.90311766
0.7195523
0.971226
0.7776768
0.8264925
0.8622612
0.6206604
0.96676373
0.91687393
0.46652287
0.97020966
0.80017936
0.85329336
0.78476995
0.95612013
0.96986353
0.70948386
0.9167952
0.83065295
0.537956
0.5495894
0.62259126
0.9454059
0.9676813
0.92429525
0.88336265
0.774021
0.6153598
0.7806479
0.926914
0.87000954
0.84881574
0.97158
0.88937974
0.7268374
0.93101996
0.87495184
0.8505486
0.66942334
0.68970567
0.8782509
0.93356943
0.9536542
0.9565501
0.95874
0.44669703
0.6275326
0.84176016
0.7288807
0.8477103
0.9823304
0.9660549
0.8105276
0.8374427
0.83321667
0.7558483
0.8816447
0.98698133
0.8763366
0.91494614
0.8687809
0.8725574
0.82654303
0.9851761
0.78692657
0.918074
0.76707596
0.6843453
0.89700884
0.90880907
0.97960675
0.8291113
0.8933642
0.9372397
0.81258285
0.90835774
0.9388105
0.86819524
0.6077268
0.9305348
0.8384925
0.57834506
0.53894407
0.5896682
0.75099814
0.65533465
0.70795655
0.99243414
0.94645405
0.99524117
0.98231715
0.9006704
0.96062726
0.9137698
0.9657991
0.9603455
0.8591319
0.85216194
0.85192364
0.9294838
0.98232776
0.5856052
0.8954548
0.8554692
0.9209117
0.9666169
0.9017184
0.7451906
0.93765247
0.973799
0.8449626
0.90221965
0.97689867
0.90964514
0.93121773
0.824724
0.8738252
0.94934446
0.88163805
0.72238535
0.9479474
0.9829587
0.4624291
0.89414495
0.98426497
0.5986202
0.8127892
0.9516487
0.97353727
0.63537186
0.5614457
0.9663383
0.96818376
0.93845713
0.645107
0.96679306
0.95843434
0.7170478
0.688937
0.87589335
0.68043005
0.9036088
0.75962865
0.8624879
0.94246876
0.89844954
0.93075126
0.8646405
0.995675
0.65723336
0.9019395
0.5466848
0.88156307
0.98102355
0.8155921
0.9698247
0.96246874
0.7963651
0.79732895
0.79874146
0.84942263
0.85519177
0.98962927
0.7166922
0.7558866
0.9951854
0.93908614
0.82580316
0.8432451
0.93408775
0.8082209
0.7073976
0.74241096
0.89430547
0.9734758
0.8194656
0.79107505
0.8380518
0.9894778
0.94578344
0.93451476
0.8593317
0.9063071
0.98053837
0.92881584
0.8661932
0.8754502
0.8717161
0.9919864
0.87210643
0.81916124
0.8425226
0.8304868
0.8649232
0.87564874
0.69650483
0.87724406
0.89861935
0.9222775
0.98056984
0.8167074
0.7822209
0.9649865
0.96290946
0.7767385
0.9845865
0.9615629
0.9025457
0.9180642
0.82024497
0.9160659
0.9079858
0.94976765
0.75938433
0.97721064
0.88982
0.984746
0.8124822
0.83906066
0.7382586
0.9464086
0.5263046
0.9455668
0.8604769
0.92811555
0.77837014
0.9073911
0.7839444
0.6721708
0.84742486
0.9135579
0.7647196
0.8639658
0.9676311
0.8620619
0.8705556
0.9754643
0.94119203
0.95727146
0.9465918
0.9784179
0.860796
0.8456526
0.84029335
0.8829638
0.14893346
0.808954
0.6179851
0.80424803
0.61469734
0.748246
0.74483603
0.8600039
0.8445811
0.85952115
0.68135095
0.8431952
0.90416735
0.9531544
0.6603774
0.7934072
0.77279955
0.8663117
0.9582741
0.9140163
0.96377057
0.6691261
0.78494185
0.9109437
0.84055007
0.77034414
0.9798734
0.7891937
0.8959096
0.89608437
0.93956447
0.85595834
0.9652615
0.8932385
0.8508452
0.98301625
0.96807456
0.78886074
0.6769284
0.92136216
0.97139245
0.7601307
0.9562011
0.9403989
0.77055347
0.83834934
0.822504
0.89120114
0.8602178
0.8404943
0.9420374
0.95659447
0.9479381
0.90676194
0.673944
0.8765248
0.9620981
0.9333686
0.89819646
0.9483139
0.9677632
0.971493
0.963065
0.854761
0.7501978
0.7298095
0.78146404
0.8592905
0.59867746
0.8639897
0.8044674
0.98962367
0.8487151
0.84122443
0.94693786
0.9302084
0.95961833
0.8796513
0.9846074
0.92735696
0.8884676
0.8103929
0.95481163
0.5881424
0.8070349
0.7814227
0.91756463
0.83491415
0.62637734
0.57798237
0.8099083
0.6315126
0.92785966
0.84764755
0.830032
0.9424976
0.6798635
0.8492546
0.98332036
0.64829755
0.85433626
0.9075921
0.8432589
0.97108185
0.8481728
0.8643918
0.7410566
0.981071
0.9774656
0.8138114
0.98874587
0.7581658
0.6721863
0.82144696
0.9376466
0.48087028
0.85690945
0.7587469
0.81761414
0.8340471
0.7665512
0.9396578
0.7693338
0.7294964
0.9485361
0.9509194
0.97103894
0.46101615
0.978609
0.9381698
0.85596484
0.8022207
0.97216356
0.64993614
0.6772673
0.9224519
0.77690464
0.9416089
0.82886744
0.7128004
0.9582299
0.9638204
0.88413584
0.88551176
0.96293825
0.89213866
0.80877036
0.8879093
0.8645398
0.8857776
0.80972606
0.9618015
0.97640324
0.88452053
0.92232144
0.9307157
0.782809
0.7688228
0.65901643
0.869059
0.6592127
0.96345806
0.83025944
0.9790994
0.7777129
0.7776145
0.83547485
0.8122071
0.91682595
0.7764173
0.92149234
0.8542726
0.8937859
0.9240246
0.97313815
0.9137722
0.941979
0.9249364
0.9767437
0.804937
0.6607945
0.8386836
0.9455632
0.8863591
0.62377477
0.8136024
0.8033606
0.94365823
0.5529169
0.8495312
0.79864687
0.8711572
0.8377139
0.7707697
0.8986386
0.7009853
0.868851
0.87672085
0.9668616
0.9109568
0.9402101
0.9746201
0.7496134
0.81735164
0.87239414
0.7560177
0.82309604
0.8729593
0.8727696
0.94220585
0.8866274
0.9429276
0.8041402
0.95513546
0.96448284
0.9533127
0.85804856
0.8744446
0.9221858
0.85439336
0.50388473
0.846532
0.8933847
0.964335
0.9908092
0.7087898
0.68029
0.84809065
0.83576566
0.861338
0.92066705
0.94561327
0.97548205
0.8367243
0.997722
0.9894795
0.9092954
0.65644574
0.9512542
0.9005441
0.9493492
0.9861294
0.97804606
0.99856067
0.9152951
0.8959137
0.9975465
0.95311636
0.9139776
0.81962794
0.89518213
0.9691748
0.82691324
0.89404744
0.83426297
0.96025324
0.9374342
0.9267569
0.7011164
0.9050751
0.95322615
0.8673204
0.9311934
0.9507312
0.87102133
0.65324837
0.7293127
0.7997595
0.80782264
0.9414343
0.9890604
0.8540275
0.5030534
0.7341194
0.926113
0.80589
0.95734704
0.9073536
0.9303843
0.5490312
0.9588219
0.9964232
0.92626125
0.8491408
0.6165108
0.76528436
0.42575404
0.83729225
0.91348064
0.94980985
0.8812881
0.83280677
0.85280925
0.8835945
0.95503455
0.798461
0.8318408
0.9695271
0.79514915
0.9353212
0.91744435
0.69722915
0.94847834
0.9292137
0.73117435
0.6889157
0.94964254
0.978214
0.83170474
0.7992111
0.76022357
0.9150127
0.73417145
0.8848388
0.9098389
0.70789504
0.7739959
0.76659596
0.92506325
0.9062193
0.78636646
0.7477864
0.7958475
0.54633284
0.7398311
0.84432214
0.8620366
0.8610749
0.9667451
0.7350067
0.98763096
0.6654999
0.73883224
0.850693
0.96827656
0.90396345
0.9824595
0.9072605
0.8840377
0.92595416
0.97849095
0.9709995
0.9491432
0.834808
0.8192555
0.8103749
0.83475477
0.99176925
0.89995575
0.7833166
0.9105589
0.7906169
0.7953265
0.85501194
0.76587975
0.8587444
0.87545353
0.9505482
0.9331965
0.95256877
0.9379382
0.70929307
0.99769247
0.8096046
0.6146532
0.8614272
0.9680007
0.5183
0.93860173
0.7656555
0.82752013
0.7579544
0.90034574
0.68031895
0.9204494
0.9703716
0.9541433
0.4277098
0.9732036
0.7801374
0.71141744
0.936102
0.6051527
0.73104566
0.86346114
0.7762399
0.67688113
0.9102045
0.57859325
0.9704979
0.8413405
0.8120601
0.87705266
0.85370296
0.78054625
0.98198414
0.58364785
0.98962927
0.9967497
0.7378229
0.7907833
0.8339667
0.5725616
0.8686644
0.9902723
0.9315703
0.9830274
0.8788569
0.7941549
0.9303881
0.94442075
0.91805696
0.8704789
0.8900835
0.98708606
0.7444392
0.85789514
0.75751674
0.7316869
0.95302767
0.86615765
0.9836937
0.98049307
0.9143838
0.74392414
0.86556906
0.994299
0.82342184
0.89652777
0.6599101
0.996545
0.9581908
0.6759379
0.9101724
0.9822915
0.9594585
0.5020052
0.90500975
0.8410847
0.64715886
0.68621844
0.9683189
0.60644495
0.8447485
0.89329296
0.81507754
0.9859937
0.9664228
0.6650427
0.8092707
0.96207416
0.9430226
0.8661971
0.893573
0.7127064
0.66410375
0.7158988
0.93348604
0.9448532
0.7396941
0.5199359
0.99692065
0.98473346
0.8693419
0.7824108
0.9113956
0.9244652
0.6810795
0.77339023
0.77680594
0.86465573
0.9858791
0.9392545
0.8592787
0.7980223
0.91136986
0.88987154
0.99759775
0.7286529
0.9229127
0.9094524
0.8758223
0.82282126
0.6692685
0.81371784
0.9681167
0.83930415
0.95941854
0.90756255
0.27431276
0.85576624
0.8755694
0.9479545
0.9624437
0.9529545
0.9975337
0.90492684
0.62390596
0.79951227
0.82952076
0.9326244
0.8011451
0.99426126
0.9561
0.8841321
0.98113656
0.8488464
0.8548696
0.96896994
0.9785911
0.65447944
0.92918247
0.6756698
0.8598099
0.96928596
0.8727134
0.8554863
0.8972738
0.9418056
0.96081185
0.92289025
0.96378314
0.8861201
0.95520544
0.98705846
0.8774545
0.85634494
0.7532629
0.9980124
0.88357544
0.9530944
0.8050563
0.89178914
0.82001716
0.93089783
0.8304546
0.9066212
0.809332
0.90130985
0.8186993
0.75546277
0.83210886
0.74389553
0.91370875
0.9407848
0.9494826
0.82388467
0.8263698
0.7584725
0.6020119
0.9771935
0.96408147
0.57533085
0.93321794
0.7222618
0.8446243
0.5239471
0.9804865
0.7748665
0.841249
0.9492913
0.9581499
0.7795787
0.7504866
0.8327322
0.90886104
0.88810015
0.8918064
0.92019296
0.87156796
0.96424836
0.85436535
0.7530141
0.8456332
0.8444478
0.9861717
0.8741803
0.8539734
0.9456825
0.69730985
0.88609445
0.80495715
0.7416652
0.89106816
0.9302796
0.7373291
0.82083124
0.9390991
0.954219
0.7047666
0.79138386
0.9332871
0.6757821
0.9318612
0.90227956
0.9173182
0.7563807
0.9177238
0.8362704
0.62906504
0.7037826
0.7852685
0.80482346
0.719645
0.8900013
0.87621695
0.9583483
0.9264519
0.8200884
0.81041574
1.0000001
0.8759427
0.6554736
0.982673
0.82021534
0.8946594
0.9557151
0.7464874
0.8723723
0.6355875
0.9652822
0.7166524
0.7680284
0.5887559
0.835881
0.9230782
0.6638493
0.9088348
0.9780106
0.980623
0.9399446
0.69356674
0.7976227
0.91319335
0.89232326
0.7936027
0.88714856
0.78481907
0.8181566
0.9166566
0.6747013
0.9295408
0.7831463
0.9248372
0.8752312
0.9049291
0.70816666
0.9341414
0.9780329
0.82106966
0.6884831
0.3950448
0.927907
0.7824273
0.7980763
0.9689701
0.8291796
0.6971017
0.900329
0.8047007
0.8934663
0.98301625
0.91809744
0.78928494
0.6271499
0.8603121
0.69027865
0.96410644
0.7632072
0.6366694
0.8168908
0.60891604
0.6411712
0.83103216
0.86306417
0.80957216
0.6868266
0.84391916
0.7011716
0.8871614
0.6475151
0.9410238
0.83100843
0.66292614
0.95286417
0.81864285
0.89576405
0.8333625
0.78619874
0.9511685
0.90802306
0.65826494
0.81895685
0.93527377
0.8233174
0.84230214
0.95300585
0.9430242
0.9207779
0.7747944
0.8980535
0.605172
0.98132926
0.90040666
0.9879689
0.8857734
0.91941226
0.86682874
0.93023825
0.7100939
0.8605318
0.920919
0.52371097
0.994975
0.71777207
0.9055301
0.8804862
0.77376986
0.7828697
0.7881777
0.8989793
0.9724509
0.92713195
0.98304707
0.8367716
0.8595308
0.9337967
0.77435887
0.8973675
0.89621645
0.7712452
0.9308755
0.9298527
0.9724988
0.94651806
0.925633
0.9010962
0.6319786
0.64879364
0.8006867
0.867464
0.81845325
0.72970194
0.9733665
0.9079641
0.61802554
0.7933136
0.9285619
0.79571825
0.93691087
0.8148897
0.57452077
0.9331304
0.8892496
0.9817159
0.9839412
0.90952367
0.9470576
0.97571427
0.7888534
0.88240445
0.95820177
0.73323745
0.9127927
0.89955944
0.93885195
0.93546116
0.9886529
0.9227395
0.7240168
0.97508436
0.9653387
0.92366385
0.89616776
0.98100847
0.9081376
0.9850302
0.8884901
0.9630917
0.5099068
0.93232316
0.96140796
0.95248216
0.7159591
0.86729205
0.86627644
0.72069395
0.7750224
0.9117415
0.9557049
0.7639655
0.900492
0.898361
0.932178
0.92233545
0.94206583
0.79811466
0.7049152
0.8236927
0.776555
0.97491044
0.69617134
0.48556152
0.79254967
0.60090524
0.88163096
0.6882013
0.9432743
0.9739262
0.95334303
0.97721684
0.9772858
0.79066205
0.6809135
0.67970765
0.67075396
0.9830566
0.8065968
0.5845422
0.7061735
0.94707286
0.9125187
0.8695716
0.77965635
0.74809045
0.95848054
0.9708709
0.93476117
0.70170456
0.9744897
0.8601907
0.9067559
0.7860795
0.8407826
0.9694788
0.8718235
0.94945437
0.82770497
0.68411654
0.7581967
0.5519648
0.9944982
0.8480597
0.9423411
0.7469183
0.8614496
0.7197227
0.6347572
0.90566653
0.812739
0.9753575
0.71330124
0.8348994
0.91231143
0.77185225
0.92821026
0.9565764
0.7711481
0.71724236
0.55632186
0.83546305
0.9144881
0.98572016
0.6637215
0.9154873
0.8830899
0.90468127
0.7135657
0.47664964
0.78643954
0.99351436
0.62738436
0.7536118
0.8448261
0.9919085
0.8544516
0.9200418
0.8943558
0.7974833
0.8950316
0.9216074
0.8622948
0.89074653
0.9749531
0.8716063
0.8535303
0.7396039
0.9810369
0.88132924
0.89215845
0.8769683
0.9358044
0.9009007
0.9339793
0.66730577
0.9267384
0.759585
0.96068573
0.6098447
0.7739201
0.8963202
0.508276
0.7285885
0.92309046
0.82807326
0.8823045
0.76333404
0.7472868
0.9533348
0.9825548
0.92406887
0.88155353
0.9690575
0.799477
0.95524824
0.96772367
0.93285584
0.937342
0.7807095
0.8423167
0.71945524
0.94223666
0.9496422
0.8182117
0.9721307
0.916559
0.9365265
0.9019302
0.8842133
0.7055284
0.923154
0.50454664
0.74223137
0.93089974
0.9830489
0.97269017
0.84269464
0.82933545
0.8936361
0.7208852
0.9199859
0.96800584
0.9429258
0.728562
0.8467792
0.9107634
0.7064789
0.82056856
0.7998157
0.9131832
0.93613786
0.86174554
0.51314056
0.9817318
0.786918
0.88982916
0.77420586
0.9824817
0.85829264
0.86234796
0.98716617
0.597711
0.9730166
0.8547773
0.9583664
0.932313
0.8275078
0.9298403
0.74573004
0.97004837
0.9469912
0.763822
0.7826284
0.9457334
0.7119547
0.9228258
0.97078884
0.7981376
0.7647227
0.55323607
0.92190313
0.8086238
0.8004628
0.99104786
0.8974131
0.8242877
0.8933016
0.8534714
0.927933
0.7483297
0.8950604
0.6251952
0.97357213
0.93786514
0.85035974
0.93963456
0.717236
0.94986
0.91897666
0.882505
0.79566586
0.9259818
0.99521273
0.714908
0.7978159
0.78901285
0.97243583
0.5483088
0.64362776
0.8011057
0.94959676
0.8243216
0.4969963
0.81396574
0.84145415
0.9381503
0.8839722
0.91077316
0.97351825
0.68907744
0.9513426
0.8666759
0.932585
0.94884276
0.7590791
0.8063821
0.9601448
0.8847117
0.9395846
0.8998702
0.9274346
0.6846763
0.8809676
0.9182034
0.8549975
0.9140494
0.87295145
0.98513234
0.82186687
0.9824805
0.79592174
0.7521516
0.5013945
0.87550586
0.9353766
0.9777739
0.8762533
0.80052793
0.9972207
0.98242587
0.9893937
0.8542953
0.9464791
0.90412056
0.6366706
0.8129284
0.9803997
0.8268348
0.6780747
0.80823815
0.9799637
0.91906035
0.967575
0.8448228
0.9591338
0.92757356
0.99400175
0.95136714
0.9892029
0.8840997
0.8261674
0.9384672
0.8299299
0.7040186
0.8278272
0.9329366
0.8615915
0.8929907
0.3094293
0.29839927
0.96706164
0.9302262
0.9105745
0.9767852
0.6680591
0.71160793
0.7498801
0.9131954
0.93914163
0.8703279
0.9741748
0.83654255
0.673653
0.93518496
0.7959827
0.88302225
0.9642164
0.8268827
0.95983905
0.91092753
0.9790052
0.9584785
0.74534166
0.8277879
0.78615624
0.8046378
0.9021021
0.971493
0.9413601
0.98059237
0.8037205
0.62215614
0.80248725
0.8820354
0.9455624
0.9428997
0.864192
0.91703176
0.85877395
0.9416757
0.9774982
0.9409553
0.9754182
0.9666975
0.8322475
0.93852323
0.9158424
0.92471707
0.9759689
0.8457537
0.64823836
0.78233457
0.92781234
0.8264835
0.8967559
0.8725029
0.7149153
0.89870507
0.7074726
0.9075856
0.72489345
0.6567651
0.88386196
0.9698133
0.94540083
0.9743842
0.8033886
0.9166355
0.6778135
0.94265187
0.87604874
0.9199163
0.9552648
0.96254206
0.79230505
0.847607
0.6001848
0.9965549
0.8755934
0.90564907
0.9749048
0.937184
0.88768935
0.7571626
0.7899218
0.97600377
0.8561456
0.9431971
0.84380287
0.82922363
0.9907415
0.9186428
0.9325128
0.9614986
0.9803997
0.76352656
0.78356653
0.7765866
0.98477095
0.89680004
0.7713695
0.7580859
0.687467
0.986573
0.98835784
0.79422945
0.97630376
0.8921769
0.92374945
0.94214606
0.9735537
0.9300478
0.8691819
0.88244855
0.88502914
0.7630395
0.85836965
0.91296303
0.9904364
0.8345299
0.99230754
0.8304497
0.90925133
0.8663572
0.9112
0.93541276
0.73482776
0.66462976
0.7860435
0.60885704
0.9040421
0.95665634
0.85196984
0.57713115
0.88719636
0.92254794
0.8444339
0.6491262
0.9779929
0.7983027
0.8070177
0.91410106
0.94940996
0.64956105
0.80851364
0.9847785
0.8142103
0.88201576
0.83273
0.9289367
0.9525795
0.92537916
0.8947469
0.6862912
0.8629619
0.9098792
0.99543846
0.67401093
0.919513
0.7231567
0.74860996
0.94038206
0.835461
0.85846263
0.8211178
0.87680554
0.58351755
0.8314011
0.92004615
0.9422327
0.9574232
0.8296581
0.9728038
0.9316446
0.9045505
0.93756413
0.9309573
0.95980906
0.85960555
0.8983304
0.9296083
0.7791276
0.653039
0.6546634
0.92259085
0.8262198
0.8428166
0.73807615
0.9777593
0.79189616
0.9317993
0.86542636
0.91096044
0.8997639
0.9660152
0.9566177
0.994568
0.8978335
0.87880695
0.79603374
0.89671355
0.846355
0.9477498
0.6265225
0.8617667
0.9753944
0.94816977
0.8509411
0.8911717
0.80602384
0.88799953
0.9885208
0.8327234
0.8485464
0.6865507
0.9473492
0.8392537
0.86360043
0.92897725
0.8736861
0.9213503
0.7717182
0.4627039
0.98803055
0.8252045
0.88608396
0.8848902
0.89210474
0.958879
0.9213984
0.888985
0.9972061
0.932073
0.8537276
0.9675034
0.9576643
0.8553985
0.81962055
0.9443151
0.9707769
0.6856025
0.9289123
0.99134624
0.8858103
0.70451
0.93919694
0.88740635
0.883967
0.9804391
0.87068933
0.9329972
0.9268987
0.8564326
0.9743951
0.69826794
0.85152674
0.97202015
0.89373684
0.90509653
0.98152065
0.7977043
0.95227796
0.87907237
0.90649605
0.33808535
0.96578264
0.91373354
0.79959756
0.9122791
0.6136313
0.9410384
0.88247293
0.9351723
0.9324448
0.95700675
0.9018271
0.85981977
0.9200572
0.951507
0.9453112
0.98165274
0.722859
0.64615995
0.84185743
0.8968968
0.97165155
0.855141
0.98949695
0.8585048
0.8616714
0.9212084
0.9028227
0.6558727
0.86575186
0.91860485
0.89818525
0.94912344
0.94539773
0.87773216
0.8073805
0.9270878
0.7601159
0.87779474
0.9743858
0.7939466
0.789263
0.9744278
0.8488579
0.6188155
0.70833397
0.8743948
0.89221394
0.89386725
0.9219768
0.95114005
0.97478646
0.89939535
0.8483549
0.9980667
0.88553476
0.91294694
0.8175331
0.84723425
0.99082184
0.81034315
0.7949673
0.97506166
0.9607952
0.91574365
0.94447225
0.80994344
0.5509285
0.81693524
0.4473383
0.98096776
0.9074515
0.734345
0.89994854
0.9182873
0.78033984
0.4704258
0.79963785
0.9775677
0.98203003
0.9749998
0.9103955
0.95838666
0.6620245
0.97876906
0.9358362
0.8929631
0.94022214
0.93491066
0.79035926
0.7915173
0.78752816
0.9761812
0.7356627
0.86258495
0.85865784
0.87663597
0.783413
0.870726
0.9756388
0.6422123
0.841682
0.94809633
0.937978
0.6376294
0.8848627
0.8008588
0.7388209
0.7448913
0.8567306
0.96513826
0.81289583
0.7840989
0.746964
0.81932354
0.57996356
0.5414093
0.8946755
0.56114393
0.49957508
0.94409764
0.9673857
0.76519865
0.89405984
0.8608757
0.9524695
0.8701539
0.70269006
0.751163
0.9110294
0.95471156
0.95524037
0.9328643
0.7184524
0.87219
0.5852228
0.897322
0.8640833
0.83080065
0.97742504
0.87445235
0.8693603
0.915398
0.70988137
0.8432091
0.8423769
0.69260424
0.9396501
0.9721888
0.93254584
0.88607943
0.7688825
0.8312321
0.7925254
0.93766296
0.63307154
0.8528876
0.8017715
0.5943557
0.84084934
0.9197668
0.8065215
0.9591803
0.8740086
0.77016044
0.67423487
0.9350348
0.9146145
0.7201883
0.92430985
0.88239616
0.89216566
0.9589904
0.8626463
0.90457845
0.96657574
0.9429401
0.8071886
0.9441852
0.9544576
0.7557688
0.75776297
0.8647069
0.8694921
0.89237297
0.9167293
0.7537818
0.623266
0.7705517
0.7431965
0.9723228
0.64121276
0.923192
0.9376154
0.7710356
0.86102086
0.80307335
0.8822019
0.82402104
0.9134388
0.7638414
0.72022545
0.8803839
0.86217123
0.7070074
0.8194849
0.872548
0.94085807
0.7413966
0.7479594
0.92282295
0.78273344
0.8492545
0.8277558
0.65226716
0.890463
0.8612888
0.9443865
0.88554287
0.853143
0.5637025
0.7620504
0.6297083
0.8370259
0.92646885
0.9466905
0.81293935
0.9376403
0.910994
0.91469634
0.7919521
0.88529044
0.9263178
0.95618486
0.9691466
0.9315691
0.6430824
0.8843082
0.9304347
0.8737605
0.85343134
0.78885645
0.8507581
0.9063051
0.932634
0.9085625
0.8243787
0.72776
0.9664095
0.369099
0.64599913
0.90548867
0.8778206
0.9786805
0.8909284
0.5233912
0.952153
0.95500916
0.8336391
0.88188756
0.75015223
0.7561963
0.9968271
0.9325296
0.859966
0.9436436
0.96905565
0.93924206
0.8457162
0.93732977
0.82676077
0.9600913
0.8605254
0.9463657
0.8704581
0.90096086
0.9922352
0.7874864
0.78974265
0.87266934
0.88418114
0.94507194
0.6737945
0.75592405
0.96419865
0.5935922
0.8003741
0.9308325
0.8361797
0.67002094
0.857296
0.7227407
0.99049777
0.7579597
0.6936127
0.84519917
0.9495116
0.7638319
0.9828138
0.8701977
0.85215044
0.88801056
0.9271569
0.9892524
0.73517656
0.6183028
0.9761896
0.70722914
0.99803346
0.8989561
0.32320595
0.91657627
0.93513066
0.9333105
0.6545569
0.75621873
0.9317422
0.843371
0.8843216
0.9429257
0.9485776
0.9663987
0.835348
0.893881
0.8023857
0.78067136
0.852038
0.9157902
0.8116417
0.93039227
0.7795591
0.69735444
0.8722619
0.84474224
0.91286486
0.8074356
0.95718706
0.9837727
0.99482626
0.96997
0.6675918
0.7613517
0.8799588
0.76405525
0.88145125
0.82163036
0.975152
0.8666764
0.7499197
0.99109316
0.780457
0.7215042
0.98306674
0.7407988
0.92830706
0.8807082
0.96654236
0.916567
0.9152244
0.9257815
0.7911272
0.889425
0.9696233
0.9776968
0.7934148
0.7706751
0.8195285
0.9662592
0.92523664
0.9819009
0.93805075
0.90161574
0.9420362
0.7886338
0.6854476
0.9442075
0.9452355
0.77831817
0.96344507
0.78435266
0.7277293
0.87687
0.6178122
0.99188673
0.8183189
0.9834723
0.48355332
0.8760234
0.98808914
0.9575811
0.48135662
0.9475078
0.81828487
0.9126997
0.9459802
0.88113177
0.9340039
0.97606647
0.9540898
0.6259553
0.9365419
0.97898346
0.9676427
0.9663458
0.74609774
0.897923
0.8189386
0.93110996
0.8136878
0.97163296
0.6898108
0.8616042
0.9493562
0.7740364
0.9459052
0.84685296
0.9705622
0.88737607
0.8746308
0.9445876
0.91401696
0.6847958
0.788454
0.7589387
0.9759621
0.9062167
0.9597395
0.7703048
0.9284079
0.7861309
0.89633054
0.9190974
0.87458014
0.9747974
0.93166673
0.8848554
0.9072326
0.88128114
0.9930564
0.9814009
0.9876313
0.9730379
0.8035624
0.6213141
0.9061276
0.878425
0.83278024
0.7857821
0.8548869
0.27231783
0.8363264
0.6977676
0.9103836
0.8488727
0.86164224
0.91572124
0.88662046
0.7933025
0.98184836
0.8359424
0.96265537
0.8811704
0.63133824
0.6101997
0.8804076
0.8105514
0.89621055
0.714945
0.819244
0.87405676
0.9695174
0.64529145
0.95207673
0.83202374
0.929287
0.7472256
0.98108804
0.99527186
0.9514634
0.34464577
0.8454005
0.6049558
0.8224779
0.80475605
0.9212372
0.95257324
0.81752115
0.8245932
0.9405863
0.96496165
0.7209322
0.80852485
0.5132019
0.96404123
0.75453997
0.82236004
0.7027911
0.9055298
0.97843677
0.9891088
0.6813887
0.84247077
0.87093294
0.9170636
0.98306847
0.9037684
0.9275566
0.8219319
0.6089434
0.91174954
0.9321645
0.98411965
0.88108134
0.9647296
0.89301574
0.9199694
0.9333646
0.9962944
0.94046915
0.78746843
0.92748713
0.8228398
0.93065727
0.92003417
0.6524595
0.9600957
0.6711232
0.9333985
0.85586363
0.8194752
0.89811313
0.96957374
0.8699517
0.78684634
0.80588096
0.68907654
0.9295956
0.69125354
0.8317374
0.9681281
0.7560268
0.16110772
0.95323837
0.93072194
0.7614509
0.5333059
0.81516725
0.89578915
0.9802271
0.8754731
0.9650303
0.64967877
0.9644916
0.8351642
0.895412
0.8067817
0.44174683
0.94045186
0.8964763
0.97447544
0.9200468
0.98846793
0.8225755
0.7532937
0.92230344
0.8751427
0.55824614
0.7242495
0.8191465
0.8282782
0.88698626
0.850941
0.99186885
0.76818585
0.9564473
0.9642459
0.9476859
0.9136779
0.7031864
0.93767846
0.9292282
0.93216157
0.9178382
0.84300107
0.873034
0.87046176
0.9459591
0.94526595
0.7675251
0.9664582
0.78068227
0.9518335
0.9560312
0.94113505
0.9925295
0.8699625
0.7323282
0.92171884
0.8116186
0.9201037
0.8917859
0.8601719
0.8958268
0.9277231
0.9380878
0.83003724
0.91238236
0.8087136
0.89534
0.81372255
0.9963632
0.82767403
0.8458127
0.7079817
0.95530814
0.9370426
0.97209764
0.8501946
0.91224843
0.91858953
0.87233114
0.6195562
0.9928613
0.8675735
0.9688589
0.83814436
0.93397236
0.93383014
0.9878106
0.8555067
0.43743435
0.9387395
0.9141849
0.99706733
0.7996717
0.85815495
0.97253937
0.7221596
0.9618542
0.90870976
0.9142237
0.71796656
0.99389464
0.78297067
0.91548896
0.55974185
0.9755119
0.9379532
0.95202565
0.83794606
0.7240921
0.9336477
0.59896505
0.852744
0.9183457
0.8212733
0.9438044
0.93492377
0.8453322
0.87229395
0.96866775
0.9370602
0.7971962
0.66337156
0.8762378
0.94652075
0.9307419
0.98664767
0.93465865
0.9110437
0.7470821
0.88947976
0.97698075
0.8899263
0.8595556
0.88013417
0.77336824
0.9964902
0.88023186
0.8867555
0.45085543
0.6327335
0.9387784
0.80761135
0.7311387
0.8641412
0.9743122
0.9238764
0.9602326
0.8667876
0.9881672
0.893004
0.95241165
0.95772946
0.91044277
0.88218343
0.8839394
0.8209981
0.6297348
0.879137
0.93102294
0.5658896
0.8606298
0.8558718
0.8331657
0.97128844
0.79113877
0.8206623
0.6967297
0.9365956
0.98546153
0.9152974
0.78956664
0.48205686
0.8255831
0.88945055
0.68065816
0.8792594
0.82090884
0.86830735
0.92892754
0.6718683
0.852633
0.9015919
0.9525446
0.9690442
0.7535869
0.9253687
0.96454436
0.96365
0.4251218
0.7940471
0.97897816
0.7919074
0.95377064
0.8030785
0.7217753
0.8162119
0.95462537
0.80643535
0.86577636
0.8822276
0.89255756
0.74927545
0.8567965
0.72723097
0.9289266
0.8141153
0.5057719
0.80066335
0.8122895
0.961567
0.86407185
0.7353359
0.93497485
0.90755606
0.9693602
0.752844
0.7128244
0.7597727
0.961725
0.96877366
0.9199416
0.7313879
0.97625023
0.64031255
0.90312904
0.8785217
0.92113554
0.92344004
0.9672957
0.97107434
0.89830124
0.98914355
0.82733595
0.9689439
0.9074205
0.75855565
0.7483267
0.83099115
0.8080738
0.8890471
0.967784
0.95648056
0.73144925
0.82763016
0.9412953
0.9348544
0.7342458
0.62065214
0.27528045
0.8275106
0.78912926
0.9758538
0.8586881
0.93025905
0.77012914
0.9171841
0.96227
0.6160265
0.88539416
0.97453165
0.9495387
0.9584223
0.86567116
0.92215705
0.99015194
0.79120994
0.82044935
0.9198442
0.66300964
0.87895525
0.91589963
0.89404386
0.7758958
0.95762324
0.9974829
0.799207
0.88853776
0.56413627
0.8636548
0.85920775
0.99496955
0.7802524
0.9186392
0.8958193
0.69966984
0.87389535
0.9496749
0.932523
0.5182153
0.77702534
0.8141441
0.7654433
0.7889602
0.43321607
0.98037684
0.805673
0.84991646
0.9234841
0.9720949
0.95910555
0.687827
0.9027479
0.6038711
0.9740646
0.88673395
0.890672
0.89689636
0.78305
0.92319345
0.90634614
0.9257291
0.7190541
0.91327757
0.83518016
0.833188
0.83071667
0.883508
0.9913167
0.9667127
0.83494276
0.8786062
0.8340718
0.93488204
0.92320025
0.9794818
0.8668671
0.9518486
0.8137686
0.9941759
0.8710636
0.8852247
0.88579816
0.7683737
0.71378833
0.9587505
0.86438423
0.99712247
0.91407776
0.92976654
0.9974489
0.9618188
0.9183946
0.8993552
0.82455915
0.9501972
0.9368318
0.59444076
0.9932714
0.9861821
0.8770783
0.6218734
0.9006405
0.8618138
0.9117967
0.7812159
0.87730026
0.7691217
0.8702525
0.9229666
0.7967363
0.75312155
0.9403948
0.9239728
0.73685646
0.8289454
0.9246009
0.7639551
0.9160415
0.88500035
0.9858825
0.8466833
0.8574909
0.8434278
0.94643605
0.9809695
0.92909646
0.996587
0.86736727
0.956226
0.89454794
0.74834144
0.91748667
0.7484056
0.9601609
0.9086626
0.9888934
0.8611258
0.8227724
0.64479053
0.5434987
0.9782085
0.98379976
0.51546025
0.86281556
0.9437767
0.86504495
0.91163623
0.9404906
0.9902335
0.7671318
0.7182268
0.91694194
0.88229156
0.90140057
0.7468045
0.7921071
0.838699
0.9515738
0.8250829
0.9769285
0.74840796
0.8480098
0.7741616
0.88091576
0.8702947
0.9599581
0.7261534
0.7610719
0.9874666
0.80709
0.91521907
0.939034
0.51724875
0.95947266
0.8184785
0.9652085
0.8313904
0.5765721
0.8835716
0.64967936
0.8771369
0.9165321
0.9085679
0.87526417
0.45284387
0.89084077
0.9851337
0.81284523
0.96566164
0.9464778
0.8230778
0.90267766
0.9502414
0.96359015
0.7317612
0.93829143
0.6582511
0.7359934
0.7281959
0.9125426
0.90685827
0.9459506
0.9446653
0.9259981
0.9757409
0.7134761
0.88252544
0.9509444
0.73545575
0.9799068
0.71378034
0.97927195
0.6810541
0.80950344
0.93216693
0.74346554
0.5925015
0.7473261
0.7934219
0.76645267
0.89797866
0.96356356
0.90531754
0.96011853
0.8238079
0.7357254
0.703988
0.6994712
0.92860436
0.990388
0.64266473
0.88117594
0.7903765
0.89410824
0.82214224
0.91258585
0.806904
0.9299532
0.9640225
0.8663378
0.8924909
0.8576853
0.6485006
0.736101
0.9947839
0.97038674
0.9009042
0.9785099
0.98565537
0.94318485
0.95375824
0.87889093
0.989646
0.69539416
0.8395819
0.52074337
0.9007921
0.90605605
0.44802248
0.8303198
0.9800319
0.9050114
0.82385534
0.9601842
0.8141291
0.77188784
0.71915233
0.90929294
0.85263056
0.92024136
0.8914137
0.9258217
0.63694924
0.9642046
0.8498023
0.7732737
0.8638004
0.67174584
0.9353045
0.9844773
0.8196901
0.96111274
0.95239365
0.9335758
0.9265912
0.68250436
0.9444791
0.9035113
0.7411219
0.95725214
0.6501497
0.93758994
0.9588543
0.65759104
0.76333594
0.9720063
0.9454483
0.9441957
0.630417
0.8566658
0.47401154
0.6970917
0.8949891
0.78539586
0.93038654
0.72345626
0.98228586
0.9832671
0.9434219
0.7975273
0.95680225
0.84876186
0.91140985
0.9431581
0.46553072
0.938573
0.78155386
0.7652459
0.76078445
0.94496477
0.95332026
0.86719245
0.92793965
0.8010781
0.8345196
0.77776474
0.79332376
0.7401976
0.4687509
0.96299624
0.5522382
0.7048714
0.78846
0.9790746
0.91823673
0.8911464
0.82387227
0.983218
0.92251956
0.7580923
0.9011685
0.9480581
0.898681
0.83570147
0.4233271
0.9845572
0.8356953
0.85219765
0.95793855
0.75477505
0.41651505
0.9096464
0.937306
0.9527732
0.80960846
0.9415425
0.9522966
0.95884824
0.9628693
0.9944518
0.77061886
0.97329134
0.56210005
0.8466319
0.7351207
0.9422193
0.64610803
0.6153015
0.79191077
0.98791045
0.7824998
0.7232594
0.894617
0.8581333
0.85110486
0.6609652
0.86538196
0.7360866
0.7603005
0.99172384
0.7174716
0.7511523
0.90185654
0.66647804
0.9294163
0.76551706
0.9854046
0.8338609
0.8844792
0.73722416
0.98351336
0.87669086
0.48230624
0.8373661
0.95434225
0.8673326
0.9261518
0.811713
0.8590748
0.95521665
0.7659035
0.9236846
0.93475163
0.80538356
0.9826002
0.90260625
0.5525116
0.63797295
0.9159872
0.85349953
0.73597264
0.8744249
0.992033
0.6114059
0.55135983
0.72197545
0.9111015
0.83477044
0.9561027
0.56370896
0.8714094
0.69244856
0.76843584
0.93109685
0.98804194
0.7535271
0.9936473
0.8043896
0.98433006
0.97946626
0.8966721
0.7145153
0.9146392
0.73615754
0.917856
0.9844589
0.9068543
0.9645326
0.9962776
0.9260533
0.7878383
0.73697454
0.7624068
0.5401683
0.98257035
0.9205333
0.668187
0.8722477
0.6878772
0.9673135
0.9278902
0.9806382
0.97000766
0.9177234
0.9981197
0.81524515
0.75460744
0.9252769
0.92342526
0.96875334
0.8033309
0.997323
0.63982075
0.88129354
0.9860053
0.97117585
0.93642867
0.80529016
0.9229795
0.9722262
0.52676404
0.9237078
0.798896
0.8079873
0.996392
0.9732685
0.7033513
0.8326513
0.9351741
0.90604013
0.9284633
0.89788026
0.89572036
0.97778654
0.9383826
0.8346359
0.81754637
0.96841633
0.92870367
0.9601898
0.9230353
0.9615605
0.85933995
0.9525232
0.9506038
0.6404972
0.8508496
0.81685126
0.917748
0.9860461
0.8444048
0.9132195
0.79070216
0.75675803
0.95908105
0.86067486
0.57117647
0.7857293
0.8751389
0.98889244
0.8672116
0.8280303
0.86550814
0.97160953
0.80272603
0.93347114
0.88887006
0.96191126
0.8877772
0.72688687
0.6716936
0.46644714
0.7654156
0.5896197
0.89745975
0.7866637
0.9954655
0.78117007
0.6013725
0.75996554
0.99026746
0.7583219
0.89937174
0.70170027
0.90159994
0.69404346
0.89981335
0.8937756
0.74157786
0.9388659
0.85585517
0.9911605
0.933933
0.72245705
0.99316096
0.85805917
0.69478816
0.8861598
0.9497713
0.958079
0.63087475
0.85046786
0.99220425
0.91897404
0.76874685
0.9466188
0.8854369
0.9372721
0.74800473
0.8944084
0.8860318
0.643775
0.7737787
0.93034345
0.95908374
0.90313023
0.6718563
0.888305
0.80551815
0.9861252
0.8369798
0.97043025
0.8824508
0.9642012
0.80268145
0.96824384
0.99583757
0.9148552
0.9005475
0.6615942
0.92237794
0.7269389
0.6226413
0.6178379
0.8812354
0.96197367
0.931037
0.93229663
0.82664347
0.8359966
0.9337062
0.7562134
0.986872
0.93980116
0.9506782
0.66220665
0.871659
0.80093086
0.9041385
0.9381881
0.981128
0.9696078
0.9706178
0.8614526
0.9599798
0.6365492
0.8281709
0.71484953
0.99357384
0.8506994
0.9338069
0.8845707
0.8918648
0.8214545
0.9891107
0.8551149
0.85431457
0.86977345
0.7433593
0.98431903
0.78309953
0.8100126
0.9681678
0.96127725
0.59925836
0.8747262
0.99540764
0.8544896
0.810087
0.8899734
0.95301515
0.8343216
0.76455355
0.47665182
0.954518
0.9070645
0.55804235
0.93846774
0.88596636
0.86427724
0.9501101
0.94707
0.8692241
0.85768694
0.86753476
0.9165752
0.5715248
0.8833902
0.9909806
0.7879473
0.65419763
0.51126105
0.6482733
0.9272628
0.8257282
0.79148716
0.98719496
0.8791856
0.8399936
0.9717403
0.94476193
0.99011034
0.95280904
0.67683035
0.74262613
0.9685074
0.9317627
0.97256684
0.8448811
0.98238564
0.66843724
0.96349216
0.89157516
0.81913185
0.95304304
0.7914589
0.9455031
0.94796014
0.76676214
0.78654635
0.9279723
0.79917055
0.79117763
0.7584743
0.9882886
0.80499506
0.98424107
0.87262994
0.9728482
0.6479949
0.97232544
0.95329195
0.9618963
0.8609152
0.9385119
0.9350092
0.6715513
0.8357872
0.78373325
0.882172
0.800146
1.0000001
0.9342713
0.8841527
0.9754728
0.41237217
0.95827526
0.69596946
0.72362524
0.62886614
0.9563832
0.63761675
0.9604774
0.8564326
0.81931764
0.9064626
0.84106547
0.73384756
0.90254027
0.8397705
0.59712374
0.9621134
0.8297445
0.9570486
0.72614896
0.85603034
0.9865241
0.66222656
0.7840595
0.72634095
0.6660149
0.96212816
0.902777
0.8779832
0.8383721
0.9425376
0.9949676
0.9291987
0.6949705
0.9286648
0.8402234
0.8331616
0.9972286
0.9366997
0.62060803
0.8132906
0.8929032
0.9964632
0.8799275
0.9034898
0.7548998
0.9609156
0.5993584
0.939824
0.6661891
0.93063766
0.96170026
0.85875916
0.831923
0.76015985
0.62771106
0.83942384
0.7858813
0.9802751
0.82610095
0.8598427
0.9679638
0.7818681
0.9857377
0.9770715
0.995285
0.9715365
0.6852387
0.66604817
0.98842704
0.89954364
0.9182242
0.8888715
0.8559128
0.9580968
0.93565327
0.75090563
0.90890324
0.97930616
0.6426084
0.9367261
0.99157816
0.80282414
0.9213335
0.9920489
0.73420846
0.90245754
0.8781537
0.8829283
0.95795304
0.8891298
0.8993779
0.6762903
0.882294
0.8978939
0.8641042
0.69080997
0.8622145
0.946734
0.82553804
0.94980574
0.9003185
0.8969899
0.83706486
0.90445477
0.6988027
0.9361644
0.4647451
0.9687855
0.946773
0.5791603
0.89704037
0.9224423
0.99583083
0.5690435
0.64291847
0.92944026
0.952613
0.8093319
0.87823695
0.9831315
0.78375316
0.9447017
0.8503401
0.82334816
0.86501324
0.834159
0.5676144
0.9541766
0.7943743
0.8426732
0.6624068
0.87858254
0.9810618
0.69386196
0.6948624
0.8263696
0.93574643
0.95741266
0.9467559
0.8375264
0.8897515
0.6143267
0.8652299
0.900903
0.8365193
0.85771114
0.8075547
0.829298
0.67614377
0.93586135
0.9286729
0.9196442
0.8228914
0.8046049
0.81707555
0.7699132
0.95181704
0.83571404
0.7942141
0.9846057
0.8945217
0.89567006
0.95221514
0.92630816
0.9176471
0.8029768
0.97271234
0.9778299
0.9541359
0.9446622
0.9878451
0.93812686
0.9921058
0.45404378
0.8259406
0.773377
0.97085226
0.93527097
0.86970836
0.7962641
0.8160852
0.89739466
0.7133482
0.9785332
0.7124026
0.9863686
0.9733596
0.9359433
0.73907703
0.8569451
0.80062765
0.9471367
0.9150281
0.8930437
0.98750675
0.88859373
0.9151612
0.849119
0.98341
0.8755855
0.98822784
0.83192307
0.80527306
0.78975064
0.8316769
0.8762448
0.92628235
0.6864344
0.9290788
0.89858127
0.93267393
0.9517069
0.8992826
0.88935107
0.84635115
0.90775895
0.95269054
0.92229384
0.91879225
0.62683237
0.80965114
0.7833713
0.92740524
0.9264918
0.98056984
0.968287
0.9672563
0.92191863
0.950094
0.617715
0.81146055
0.9565692
0.59390014
0.67802775
0.8700643
0.79444724
0.49049765
0.8679497
0.9110557
0.72367597
0.7912408
0.9239234
0.954208
0.7702604
0.915058
0.9626524
0.9511015
0.9283929
0.69620466
0.8261621
0.92328125
0.7708968
0.81977785
0.91499364
0.9506042
0.99778235
0.7244117
0.7956117
0.84436846
0.6182554
0.75854075
0.8134878
0.5731296
0.946745
0.8190065
0.92594177
0.7317401
0.80326194
0.7791087
0.9102502
0.81217676
0.8270916
0.96441245
0.6806071
0.9960776
0.7784889
0.7517111
0.9981825
0.89855725
0.9270916
0.97853273
0.9473986
0.8084927
0.9285369
0.81949025
0.975786
0.84005654
0.84118026
0.6885718
0.9342374
0.6177918
0.96467113
0.9754999
0.83778465
0.7743577
0.60567796
0.9712523
0.97552174
0.6945787
0.9910674
0.9913993
0.8526792
0.7332939
0.8766902
0.8017287
0.7904763
0.72158897
0.9560747
0.68056697
0.99002063
0.8722154
0.94005466
0.8944982
0.9813035
0.8663201
0.89470905
0.814814
0.85108256
0.7679006
0.87060905
0.95104676
0.9575353
0.8879633
0.83721304
0.890343
0.8645692
0.64156616
0.88674724
0.8237726
0.78301895
0.8987992
0.84363467
0.9815359
0.87336457
0.907001
0.9437593
0.86783755
0.88478523
0.82729423
0.648612
0.838186
0.8799758
0.9432298
0.9438901
0.5186186
0.92457414
0.5259382
0.9753814
0.7491486
0.93428665
0.89939576
0.7944461
0.929437
0.8854313
0.79940194
0.96150684
0.95615005
0.9719856
0.90993476
0.57980293
0.9934243
0.9782808
0.8181393
0.9919764
0.74839973
0.7780874
0.9028699
0.9904711
0.9808048
0.74083346
0.96851254
0.56651384
0.7848346
0.8917415
0.99797875
0.9173796
0.8511485
0.87564325
0.99254423
0.8899799
0.9124003
0.8669188
0.96010435
0.82814074
0.9450516
0.9099802
0.99820226
0.92312896
0.9981303
0.76173615
0.8871604
0.77908015
0.70066804
0.9054901
0.96078044
0.85276175
0.8032574
0.8217159
0.74463195
0.72613347
0.7292998
0.9579084
0.9552581
0.8544126
0.93005735
0.61346036
0.87498355
0.75439334
0.7793425
0.92771584
0.41686177
0.8690054
0.7620994
0.9330384
0.8222813
0.9807052
0.97383094
0.86677
0.9014718
0.8852238
0.99504364
0.5712178
0.8423808
0.62915313
0.52068716
0.90106213
0.616937
0.9606209
0.6510529
0.759947
0.8957222
0.74671
0.9687962
0.9972152
0.9821096
0.9001339
0.95552397
0.74264187
0.85370326
0.7167939
0.8994464
0.88328725
0.92575693
0.8458164
0.838356
0.91506416
0.99316543
0.90398204
0.85458016
0.902346
0.8475344
0.90885884
0.86064005
0.8848232
0.88505894
0.8178282
0.9166666
0.66261566
0.9739034
0.7111178
0.8764278
0.9969004
0.8874565
0.94008505
0.993911
0.69661695
0.9245724
0.8358321
0.8766318
0.81067306
0.9373095
0.707749
0.8884646
0.7639263
0.98091006
0.85754377
0.9677008
0.79665554
0.7936771
0.9249842
0.8689683
0.89686936
0.89168423
0.92915076
0.98443085
0.94907725
0.8924474
0.7999694
0.90607584
0.8182683
0.86845285
0.7542675
0.93703246
0.60228604
0.9427136
0.42634863
0.9576007
0.97832143
0.99218076
0.8134812
0.6815432
0.8538897
0.76525515
0.81610715
0.9669978
0.8679006
0.9012573
0.76126987
0.8277192
0.95542616
0.3056186
0.75397307
0.95208585
0.8093247
0.9537002
0.88797903
0.62315756
0.9289497
0.9696124
0.9861864
0.8858535
0.86946607
0.8813545
0.7548886
0.9744882
0.95866793
0.66777444
0.9337073
0.769497
0.94829893
0.89978325
0.9332122
0.99487364
0.80159664
0.8439439
0.7361899
0.8806383
0.90853506
0.7443654
0.81358385
0.59463644
0.8125727
0.82971895
0.8818828
0.9850081
0.9347953
0.99817145
0.9803444
0.9902451
0.887514
0.7445556
0.87632656
0.8760408
0.8806656
0.5826267
0.79359764
0.94428515
0.735227
0.9365784
0.91704834
0.73552597
0.9655629
0.949663
0.9814827
0.8364408
0.8570952
0.9099445
0.96104944
0.9390716
0.9328568
0.83045995
0.9704505
0.75850177
0.8169201
0.9528387
0.8094461
0.91765296
0.9387865
0.96242595
0.8832924
0.9507226
0.77034074
0.78020054
0.86404276
0.5098557
0.9408771
0.89138806
0.9019439
0.91463244
0.9905925
0.7241597
0.9588787
0.8273562
0.92953986
0.7797556
0.9141795
0.98958343
0.9104618
0.8329792
0.9932429
0.946647
0.7388975
0.82602096
0.9557064
0.7576744
0.98610365
0.9634205
0.7569088
0.55701834
0.68226105
0.87333024
0.82116205
0.9713919
0.8262218
0.9423587
0.90053433
0.9562721
0.908784
0.60608155
0.85752803
0.83897114
0.7911808
0.90209454
0.8063324
0.9576116
0.65725255
0.84437746
0.8115413
0.9899142
0.79579544
0.56011003
0.976026
0.9338045
0.6223552
0.94503886
0.946687
0.37620774
0.91882926
0.94926465
0.89765584
0.63778275
0.8639079
0.81667316
0.9563913
0.8865761
0.9542131
0.76581275
0.95738465
0.8928747
0.8236526
0.98579973
0.9257553
0.6090455
0.93079793
0.7490916
0.85243505
0.9180509
0.87222135
0.83709025
0.78085256
0.9072624
0.82329106
0.95204824
0.96635276
0.93116915
0.8957477
0.69418526
0.7670267
0.93351245
0.7868942
0.7432446
0.9674085
0.86072445
0.6875801
0.9918959
0.95297086
0.9350083
0.8582114
0.8952329
0.8948572
0.9975199
0.8467932
0.82103187
0.89735675
0.74676764
0.9100555
0.8493248
0.9692409
0.9138911
0.98819757
0.89158106
0.9580634
0.8456696
0.9431496
0.8203696
0.9265466
0.9305327
0.96394604
0.9389126
0.7484972
0.89377934
0.8367273
0.9598905
0.9620434
0.89370745
0.6734514
0.84428936
0.9616231
0.65901226
0.78276587
0.70326036
0.8192567
0.87605274
0.79579985
0.68438673
0.90864515
0.9427886
0.91015553
0.6621494
0.82220435
0.80415606
0.9652987
0.8834505
0.93857026
0.8121275
0.9059188
0.8334259
0.965394
0.89933985
0.84176105
0.77041954
0.86403817
0.9887266
0.6960886
0.96493286
0.75041294
0.8105327
0.7152504
0.95914155
0.67923266
0.9243247
0.9204736
0.78349704
0.8614667
0.7895986
0.93266225
0.82685244
0.92634624
0.71457297
0.94667035
0.8339183
0.94962806
0.890711
0.9142965
0.7938639
0.7660187
0.80935884
0.9107013
0.64836526
0.8434329
0.5469738
0.9447004
0.94903886
0.94807595
0.9654367
0.8764368
0.96477187
0.39995363
0.89986527
0.85754734
0.89307684
0.992028
0.95797575
0.9644724
0.733868
0.8934759
0.96014833
0.9300001
0.92998767
0.91323054
0.91383976
0.80141485
0.9032608
0.86353195
0.84174967
0.8788595
0.90719706
0.887825
0.93541133
0.76973236
0.94143754
0.9738327
0.9256848
0.94291735
0.91040945
0.96387607
0.59003717
0.36953953
0.9990984
0.9704783
0.9573435
0.80368096
0.9090893
0.8729766
0.9479155
0.9505962
0.80313504
0.8908861
0.84775317
0.6539894
0.79009223
0.53331107
0.82662433
0.92208505
0.81458974
0.96021414
0.7028899
0.9966978
0.7260336
0.87119085
0.7436393
0.6046826
0.93300575
0.48947543
0.90809476
0.994065
0.8912546
0.95405376
0.9062698
0.94506323
0.9717595
0.7290047
0.8029936
0.79248387
0.5504983
0.9261186
0.58614063
0.9534196
0.99233896
0.8342193
0.57917446
0.5956879
0.9955619
0.7484468
0.64750844
0.6315212
0.73385847
0.8799286
0.9864388
0.83460075
0.38689142
0.9840252
0.98385453
0.9707103
0.9271189
0.93474317
0.89977574
0.9526362
0.86498207
0.942863
0.9378282
0.88869643
0.99728185
0.8423636
0.6967925
0.9662641
0.87643373
0.8777705
0.993837
0.9467196
0.91888845
0.9778013
0.9754259
0.9930526
0.8164126
0.7516892
0.96459293
0.5939983
0.9139354
0.7743648
0.9852822
0.91710156
0.89328444
0.84208566
0.8598856
0.9490425
0.9890283
0.88599426
0.7411612
0.90659916
0.92529273
0.82277554
0.92056143
0.70145214
0.8831859
0.80702734
0.897395
0.82960486
0.90037185
0.94618714
0.860613
0.8629415
0.92575115
0.89562964
0.95650774
0.80629456
0.7045375
0.8582641
0.95503336
0.7836016
0.9454938
0.83690965
0.80138
0.71306807
0.9508066
0.93331856
0.9536952
0.96029437
0.78740585
0.964887
0.8762051
0.8141639
0.63740283
0.9621675
0.8668517
0.9862815
0.7296305
0.83733404
0.95750624
0.8749609
0.8608625
0.95209634
0.47341484
0.9439498
0.88675034
0.94517195
0.91364855
0.98695135
0.8263348
0.90161985
0.77059305
0.8430242
0.7271084
0.84451973
0.90776217
0.7533244
0.8022515
0.90396
0.89010805
0.8584911
0.89642626
0.9776843
0.94672734
0.9804214
0.67128956
0.8799898
0.82021517
0.9912356
0.9639632
0.917405
0.7447894
0.96847504
0.9611402
0.91891897
0.95429635
0.70675796
0.89278084
0.7632878
0.9294395
0.8490316
0.93433833
0.89599997
0.9688547
0.9866368
0.9197585
0.8324371
0.8864254
0.993016
0.5799841
0.9658245
0.77530676
0.956723
0.97419125
0.9135921
0.96552515
0.67284316
0.45517588
0.9310498
0.96975607
0.6841345
0.83197826
0.7478161
0.75774217
0.88517547
0.8713729
0.76679224
0.83824515
0.7713627
0.76763856
0.8773968
0.72499776
0.7348951
0.89856637
0.5615026
0.90288675
0.9646418
0.7922691
0.9118635
0.59742624
0.9673328
0.72166574
0.9875852
0.97596836
0.8266749
0.8474641
0.80873054
0.7510574
0.84959674
0.7667201
0.7488513
0.89697963
0.8177834
0.96556216
0.86165154
0.8146189
0.6547117
0.9823642
0.94157183
0.8931106
0.9472234
0.9365048
0.7540989
0.96712434
0.88479084
0.82410675
0.96056116
0.8143879
0.86908984
0.9199858
0.82761794
0.8802391
0.88396645
0.91781247
0.9484912
0.5621481
0.9417541
0.7979655
0.855022
0.90317374
0.857463
0.9566616
0.96119016
0.82987887
0.9258869
0.93852663
0.76532555
0.93476695
0.9488879
0.8896154
0.8678124
0.66761726
0.85540646
0.9328437
0.7872498
0.9351714
0.90089625
0.986493
0.9693207
0.9534905
0.94541895
0.47706956
0.87191415
0.67822826
0.93988514
0.94270176
0.94439
0.5802413
0.6824813
0.6679143
0.8654393
0.9672043
0.8799621
0.7450203
0.9433464
0.80401284
0.7633022
0.9620256
0.48607695
0.88421595
0.9906024
0.77183914
0.6243715
0.8366704
0.6907952
0.96003395
0.8072339
0.9554535
0.8939817
0.9552185
0.9545176
0.97696847
0.872028
0.9408267
0.93467605
0.95107436
0.44381058
0.7550745
0.9236388
0.8269963
0.92207986
0.9474166
0.83736855
0.7132788
0.98983246
0.77428913
0.7836273
0.91472983
0.9384287
0.6750522
0.49943078
0.992213
0.88685405
0.77749443
0.95473206
0.7358351
0.8609661
0.9671073
0.7515394
0.68965197
0.834118
0.9341991
0.9482519
0.95690024
0.9153192
0.7891424
0.95797396
0.9754307
0.8450899
0.8357482
0.90605485
0.94086653
0.9835924
0.89783466
0.98565197
0.9051509
0.952513
0.93558323
0.43705675
0.8125768
0.7835094
0.6350942
0.9455584
0.9974599
0.8842097
0.85984963
0.9111834
0.42933488
0.7656626
0.8494465
0.9100889
0.92605054
0.93162125
0.6189057
0.8280318
0.9098228
0.6819573
0.9557564
0.88772416
0.99224854
0.88366807
0.9098182
0.96816635
0.6755634
0.9164317
0.9746106
0.9191291
0.80290747
0.89534795
0.84990525
0.2804175
0.71600074
0.89415026
0.843333
0.8766835
0.94525635
0.9108174
0.7943853
0.9587597
0.9409918
0.7358047
0.62816995
0.9328271
0.74806356
0.99808633
0.98913157
0.9446432
0.59730834
0.98266757
0.88942134
0.6090473
0.7865258
0.8724425
0.99265844
0.8532165
0.8256505
0.773443
0.57278734
0.72811824
0.90625244
0.85499364
0.81409
0.93255305
0.8822236
0.93985087
0.6240489
0.8125323
0.72734284
0.7407098
0.8989643
0.93528056
0.9760394
0.8802712
0.69022614
0.7712996
0.79458994
0.8862164
0.9888593
0.97677374
0.78630567
0.78527373
0.4415149
0.95040995
0.9621486
0.8679491
0.77034634
0.8221977
0.72091013
0.9971963
0.58798265
0.88134974
0.69524175
0.7318388
0.8118913
0.83536315
0.94285333
0.96034014
0.7600999
0.78774935
0.93630534
0.95224416
0.9572981
0.85443246
0.64037037
0.8182981
0.950945
0.7892641
0.9037409
0.8152433
0.89392704
0.99207455
0.9722123
0.95207953
0.7693578
0.8460253
0.98549426
0.91777766
0.6456109
0.9191992
0.96944547
0.93147796
0.9653989
0.59873486
0.9543453
0.8810826
0.9580721
0.90885913
0.85687995
0.9502345
0.92469364
0.971182
0.9891475
0.9941077
0.9960931
0.9561155
0.83133936
0.89633024
0.789902
0.9542906
0.8273059
0.89657795
0.97898567
0.72291774
0.658797
0.68920344
0.9185581
0.8667749
0.9462919
0.6921603
0.5151333
0.90412456
0.89031595
0.9206926
0.96681684
0.9290209
0.9881333
0.769939
0.65503025
0.6614477
0.95359594
0.973268
0.9656043
0.9674373
0.91864765
0.9446518
0.80768216
0.7987743
0.87663734
0.71127766
0.8473029
0.835202
0.6310072
0.8015731
0.9020879
0.7754139
0.88056165
0.9378011
0.95633715
0.91711384
0.6872579
0.88027614
0.87140715
0.90953964
0.9700509
0.93739355
0.7797868
0.8045625
0.93949336
0.7482512
0.83182925
0.7609031
0.8018379
0.88593334
0.9471916
0.8983498
0.5981534
0.8468399
0.7708436
0.83997196
0.8585626
0.84944546
0.84325504
0.59261984
0.8918507
0.9289714
0.94181573
0.89713156
0.82787925
0.9278359
0.70734274
0.87466955
0.9474185
0.5590122
0.8366269
0.79155546
0.9739391
0.5500162
0.9319482
0.7508123
0.93123317
0.91559494
0.86474854
0.8401154
0.9372735
0.9584949
0.5576743
0.9861056
0.9891928
0.68560565
0.9834967
0.6251824
0.9270197
0.6779573
0.31542572
0.8914944
0.9820054
0.9901731
0.78970563
0.9161903
0.8641909
0.47561416
0.68128765
0.8343797
0.9249586
0.92029506
0.9749754
0.902842
0.97290885
0.9366346
0.93827474
0.88085985
0.5795296
0.7991977
0.9911281
0.9880537
0.8824051
0.9668753
0.9372394
0.9900492
0.9072574
0.7319541
0.94042456
0.94857657
0.96199405
0.84324956
0.47625178
0.9076958
0.946783
0.82810557
0.9018767
0.842673
0.9936147
0.8694052
0.84788966
0.992682
0.9229851
0.8256491
0.8607288
0.94872135
0.58892226
0.9268204
0.9169282
0.9126657
0.78647685
0.8816097
0.92841935
0.8407525
0.860786
0.800387
0.91507685
0.75538987
0.8418416
0.9906361
0.95654845
0.67279655
0.9469229
0.8643954
0.957611
0.89173394
0.78368986
0.9775528
0.91717017
0.48612928
0.93908674
0.9549161
0.9441197
0.9897342
0.9463412
0.9893147
0.99582094
0.9651028
0.92143
0.8692115
0.8839824
0.87807083
0.81808287
0.827698
0.82821053
0.7641902
0.880279
0.78916067
0.9865808
0.9481417
0.90354496
0.9321992
0.86014295
0.9222107
0.8832767
0.9425909
0.89066565
0.9090774
0.9292098
0.8450396
0.6946108
0.85051334
0.7351298
0.5770566
0.442123
0.93600816
0.8805642
0.9788515
0.97312874
0.94269544
0.66615534
0.72932565
0.8792557
0.85264707
0.7319886
0.9521965
0.98998195
0.9491922
0.7955519
0.6999566
0.8201791
0.835349
0.97030985
0.66503847
0.80872667
0.9803968
0.8991484
0.9207949
0.7091702
0.81198424
0.95945996
0.9453268
0.7619089
0.6508251
0.9610809
0.7510218
0.9264492
0.78591186
0.99241316
0.9268237
0.89582574
0.9579533
0.81940067
0.8717143
0.9965214
0.88052243
0.83211535
0.89463395
0.8525791
0.8427432
0.9113832
0.5764808
0.8207413
0.90784574
0.9808301
0.96614057
0.9886093
0.8502993
0.9897409
0.8511113
0.9857129
0.84263295
0.84702
0.78693664
0.7519857
0.99561995
0.9741309
0.8859547
0.78777945
0.85689855
0.7845889
0.9721747
0.8529945
0.7765754
0.91859514
0.7047407
0.97309077
0.948211
0.8466918
0.8264751
0.9632273
0.6219633
0.98109376
0.96060246
0.8017472
0.8150145
0.9865458
0.93884826
0.6972973
0.86765146
0.9103612
0.83618385
0.93363756
0.9342202
0.9675884
0.88382256
0.9112327
0.7299957
0.88611746
0.7070219
0.93890536
0.9300271
0.9085889
0.9497899
0.9719091
0.9725106
0.9872943
0.89733803
0.84672266
0.8206861
0.95482475
0.86520344
0.9653362
0.89900315
0.9343029
0.95662105
0.9757236
0.95460486
0.9645603
0.9016748
0.97061193
0.90104115
0.88133264
0.617001
0.94934297
0.77441305
0.7314573
0.8384657
0.9648632
0.9086225
0.77302617
0.9636053
0.8580338
0.9350691
0.87467635
0.6269515
0.9571816
0.9138566
0.9073945
0.9199099
0.9817717
0.9242446
0.7909256
0.92407626
0.97451735
0.86615646
0.737632
0.9291959
0.93677443
0.78449506
0.62590235
0.8285021
0.9837742
0.9515683
0.9790336
0.8278021
0.9673104
0.92599356
0.93479
0.9373188
0.8405515
0.6363373
0.9574165
0.99592626
0.8382996
0.88809925
0.81650394
0.86145157
0.8730343
0.9186788
0.9500761
0.98518276
0.96080875
0.91535413
0.79281545
0.85989743
0.4108889
0.9317131
0.8103371
0.6859112
0.6171633
0.8984245
0.9217615
0.8223219
0.9439095
0.9388003
0.7867929
0.8746308
0.9946856
0.8514431
0.85680205
0.6311761
0.7724831
0.94749504
0.6839364
0.3777864
0.7192988
0.8929422
0.96712005
0.79831684
0.9972567
0.96594644
0.7907432
0.98980737
0.7171967
0.8232575
0.7810334
0.9015686
0.82174355
0.87452793
0.77503836
0.9594461
0.8150191
0.9195044
0.9385704
0.6344959
0.957677
0.9969839
0.8637252
0.5998641
0.9253504
0.9823533
0.9206695
0.6885802
0.723068
0.8960882
0.51977694
0.9107502
0.84987026
0.73988926
0.56112087
0.6492996
0.69614303
0.8224521
0.8662361
0.82712567
0.9416297
0.94462264
0.81391233
0.8697664
0.85721755
0.91138965
0.94526345
0.90581614
0.87161344
0.85272443
0.78406584
0.933177
0.81580436
0.8925581
0.8649786
0.8649622
0.86511135
0.80948454
0.988447
0.90227926
0.96029997
0.6969716
0.5119802
0.98811865
0.84094715
0.88190675
0.9799104
0.87299675
0.80469084
0.8947485
0.7803449
0.66975874
0.86353904
0.67640734
0.84331626
0.9235303
0.9876796
0.8567885
0.78404653
0.9112986
0.81190944
0.95177466
0.93819255
0.88169783
0.46846303
0.75617087
0.91904956
0.7384957
0.70837724
0.6077512
0.9293161
0.80554533
0.97679204
0.93272877
0.937357
0.9462927
0.99419045
0.7152361
0.8207207
0.8945132
0.96032584
0.8497759
0.79629195
0.9286888
0.5967554
0.9545695
0.97933185
0.8709621
0.79074603
0.7357539
0.916765
0.95530856
0.79810286
0.9313339
0.7196539
0.7222616
0.8672914
0.7347887
0.91558236
0.7933224
0.95814836
0.9195075
0.8998561
0.81185985
0.78608596
0.5512526
0.83235425
0.8372904
0.7849423
0.80268687
0.62424636
0.99726593
0.8881883
0.9286163
0.79066443
0.83758193
0.95853436
0.9597628
0.9503196
0.72217643
0.8967365
0.7225755
0.5854363
0.9505604
0.8726779
0.84805995
0.8447935
0.9595453
0.8775545
0.93971026
0.6930745
0.68831336
0.9504843
0.8703671
0.997233
0.79566634
0.9700059
0.9790457
0.80222356
0.5641275
0.9118109
0.7403791
0.8469944
0.93731606
0.89497477
0.9542536
0.970481
0.9158558
0.9323557
0.8627931
0.8746324
0.88519025
0.83398074
0.88108635
0.9095278
0.8884732
0.95474505
0.05782492
0.88387036
0.6905068
0.93784523
0.98948556
0.95075464
0.83907366
0.95024073
0.95561457
0.9913025
0.80303013
0.86428094
0.91500616
0.97706854
0.9587072
0.84400666
0.89602387
0.8668568
0.90310866
0.9330166
0.89838696
0.75423384
0.8141392
0.6392388
0.93948305
0.90188336
0.88298416
0.86985207
0.8862212
0.981367
0.9586163
0.8795128
0.7771913
0.92339677
0.66702396
0.9085509
0.7953222
0.8413434
0.9974455
0.36511004
0.92678446
0.7235219
0.9758842
0.9917113
0.8612021
0.4370663
0.9896467
0.9463531
0.7421021
0.9595406
0.9196833
0.8195672
0.99516886
0.92121303
0.6852567
0.9286579
0.7964369
0.9400181
0.8757456
0.8933555
0.4373457
0.7256995
0.85178965
0.9920409
0.95954895
0.897026
0.45679596
0.79572
0.81195694
0.9232851
0.8981931
0.95797604
0.9255181
0.8455839
0.7860452
0.6394402
0.9910853
0.99000657
0.9636119
0.873764
0.9813592
0.87586534
0.9770848
0.7522142
0.9505919
0.7110581
0.68981814
0.9704051
0.8154661
0.9568856
0.8459584
0.9498533
0.84668726
0.8721753
0.7390562
0.8262562
0.9399429
0.93089104
0.59569937
0.9948847
0.8720033
0.7301406
0.63407147
0.81282187
0.83735925
0.69976795
0.8081785
0.90024173
0.97939193
0.7698015
0.71113193
0.8716176
0.9382054
0.6066141
0.8842918
0.73954165
0.7968559
0.9648614
0.84561086
0.9015317
0.8580059
0.862861
0.6360534
0.91983694
0.8835172
0.919121
0.8235253
0.9791225
0.85841894
0.98666185
0.8200283
0.9890216
0.77512115
0.8553263
0.94612163
0.8829969
0.96285707
0.8056266
0.9332477
0.87171394
0.87992644
0.6142425
0.40880615
0.9767336
0.95901614
0.86168945
0.7440248
0.94221467
0.94715935
0.6116146
0.9159219
0.74276716
0.9645635
0.70973176
0.97229326
0.9970534
0.6719775
0.96523005
0.6128124
0.8602984
0.89492846
0.8365551
0.850621
0.6762276
0.98420274
0.4517426
0.9698976
0.9158701
0.88513607
0.8492713
0.75424945
0.9173437
0.8299726
0.9951032
0.8374585
0.7234485
0.9623788
0.8718927
0.88696885
0.897044
0.689648
0.9226233
0.98256195
0.84407794
0.8662846
0.86315393
0.97634953
0.9978785
0.89591414
0.6498209
0.98998517
0.70423764
0.9894426
0.6538061
0.8908916
0.79532146
0.9924859
0.8051421
0.77668476
0.968441
0.9385672
0.74072146
0.6825408
0.9549347
0.9110221
0.5765876
0.96732694
0.5957371
0.9316861
0.9548979
0.8754403
0.8577795
0.9346085
0.56255484
0.7603158
0.8258132
0.60280365
0.9863844
0.9296318
0.41917711
0.9492408
0.9924296
0.67778534
0.97236454
0.9809014
0.86669457
0.90052134
0.8237566
0.8588072
0.80467045
0.94746083
0.99387145
0.97474235
0.92652726
0.92467195
0.8326166
0.9134859
0.91221064
0.5470148
0.72231793
0.733524
0.83363855
0.8007
0.8395957
0.8142706
0.8970519
0.9790129
0.7105625
0.89415586
0.95655954
0.81683755
0.8913113
0.84126693
0.9769111
0.947872
0.871714
0.89665276
0.7166362
0.8421769
0.8203651
0.69638
0.9655388
0.8597858
0.9485824
0.972283
0.9501918
0.7789426
0.9172683
0.9739129
0.94866943
0.8376484
0.88833416
0.8177982
0.8748987
0.98647267
0.85825354
0.90412414
0.67120606
0.8291717
0.9240738
0.6847971
0.9328922
0.81229556
0.94080734
0.94518065
0.844253
0.95791566
0.8763994
0.964802
0.7837149
0.812698
0.59950626
0.9501693
0.95485806
0.7267187
0.92285264
0.70072186
0.9568457
0.5543259
0.96942776
0.78147364
0.76827216
0.9146484
0.9897992
0.89437973
0.98161364
0.9085782
0.7499234
0.88880956
0.98533297
0.92181027
0.91315997
0.9829621
0.8256879
0.89756584
0.86250055
0.6073079
0.7848679
0.81536376
0.61875373
0.9289923
0.8810918
1.0
0.8650175
0.92988515
0.830101
0.8346051
0.9088523
0.87459093
0.8713466
0.65943384
0.68143994
0.50445664
0.6163757
0.85225046
0.9424425
0.8434458
0.84547293
0.6566925
0.5381709
0.68890643
0.8765403
0.6500498
0.97867787
0.97374433
0.85818183
0.98677313
0.62985474
0.9100461
0.7566438
0.9867245
0.6509308
0.8623351
0.80539286
0.9481015
0.86270976
0.9095634
0.970109
0.8411933
0.92918086
0.8925939
0.73263216
0.7478875
0.905925
0.7617959
0.81069577
0.9145757
0.73258144
0.80210125
0.8448036
0.9073801
0.9405677
0.9469581
0.7346832
0.91630894
0.78308403
0.90419096
0.76661617
0.72728133
0.43758044
0.83592117
0.86973876
0.93839276
0.98415834
0.95565933
0.9217728
0.9724851
0.68034595
0.72711337
0.79311085
0.9568996
0.67518777
0.68844503
0.9003847
0.94778997
0.87997454
0.73718834
0.6563728
0.97092825
0.5591611
0.72561616
0.9634099
0.9781613
0.910539
0.98723227
0.9299581
0.97128224
0.9805831
0.7419148
0.8881731
0.6772491
0.9693315
0.9194504
0.97095823
0.93018353
0.89936596
0.76311994
0.9804267
0.8692943
0.9416071
0.90869594
0.8014761
0.8311493
0.9551845
0.9556956
0.94826686
0.88677204
0.944352
0.5983001
0.82970613
0.92634237
0.9378748
0.8219809
0.94740534
0.890903
0.9023774
0.8819338
0.7420693
0.94079226
0.64617467
0.8800291
0.87775075
0.8718649
0.66473615
0.9196771
0.5222439
0.83299035
0.8683941
0.6784053
0.64307916
0.83538765
0.59700584
0.90686584
0.9685957
0.8222602
0.9901754
0.8406146
0.5491467
0.8618317
0.5721711
0.9857513
0.9981543
0.94313395
0.8696545
0.7126522
0.8773563
0.72265863
0.8038232
0.9124093
0.72973144
0.83845824
0.9588519
0.98364115
0.6895759
0.9924759
0.7802376
0.94859207
0.9717443
0.9006002
0.8466637
0.9725485
0.9552538
0.7072625
0.8763479
0.75813144
0.82617164
0.8413714
0.92657185
0.90049756
0.65222186
0.8624146
0.87336904
0.78912914
0.99009717
0.9320046
0.91613144
0.8844199
0.93235874
0.8723023
0.66715866
0.96384
0.93459034
0.9965362
0.8418933
0.9122361
0.9724607
0.8162346
0.99414486
0.9266157
0.8123019
0.83491147
0.86634177
0.8196768
0.74006176
0.71609676
0.93050027
0.9530212
0.9077767
0.9480486
0.5811075
0.87860787
0.6149522
0.8643936
0.9659484
0.92222023
0.9520669
0.9908742
0.96661484
0.84057397
0.80060804
0.8127792
0.8846024
0.25526425
0.82054555
0.8137398
0.7969602
0.92056054
0.88336575
0.895577
0.9172214
0.93911254
0.96656
0.89230984
0.93494785
0.5527121
0.98671454
0.8719255
0.89643574
0.92505395
0.9033217
0.711738
0.6023797
0.9624146
0.98474455
0.90808105
0.80403733
0.96190816
0.33642977
0.9006623
0.9222875
0.9029447
0.9176571
0.95838726
0.8280565
0.9557324
0.92568415
0.84540474
0.9109875
0.73446774
0.8458215
0.9458948
0.7902882
0.9176618
0.98475397
0.82122946
0.86565006
0.95869386
0.7578796
0.89690423
0.97569805
0.9105978
0.94554716
0.892728
0.7410293
0.6803717
0.7482449
0.9611754
0.72190666
0.82830024
0.8498012
0.9533859
0.9972137
0.93326753
0.769926
0.9596497
0.86822397
0.9541467
0.7225774
0.9130763
0.6479306
0.91564727
0.8531673
0.77690536
0.7850581
0.47093987
0.9076265
0.7381372
0.91701835
0.07822854
0.94548297
0.92295164
0.85451245
0.5792345
0.8464428
0.89668286
0.67138654
0.72043014
0.87060785
0.89865345
0.9477711
0.97087365
0.9459231
0.87298596
0.99661285
0.9612869
0.74443024
0.87526083
0.95949
0.98913115
0.85727817
0.9172727
0.9852625
0.69620407
0.992834
0.98992574
0.9005702
0.911043
0.8744681
0.8815165
0.79605985
0.8584979
0.7468059
0.79888517
0.9481287
0.849176
0.9650606
0.9648994
0.90267
0.90411687
0.9442038
0.89101183
0.8912425
0.85609466
0.827047
0.7644012
0.91395724
0.80763656
0.5726718
0.7586616
0.57857037
0.95732284
0.8881617
0.89167345
0.87793756
0.97746426
0.6523732
0.868914
0.8977296
0.95771956
0.6978529
0.57124287
0.7503348
0.7719148
0.7548467
0.918179
0.9745645
0.9202344
0.8479202
0.9203381
0.96824527
0.9116327
0.7548642
0.83459866
0.9792519
0.9259217
0.88168305
0.8640921
0.5951848
0.96476984
0.7001793
0.48247027
0.9264841
0.6475989
0.9542843
0.8635121
0.56977063
0.9242901
0.9778906
0.7575854
0.88613456
0.86763597
0.80635214
0.91719145
0.8737522
0.7523784
0.6709261
0.88115484
0.77873623
0.8645685
0.8392645
0.98653626
0.8058976
0.83689415
0.9381582
0.9465896
0.9621874
0.7271373
0.8457237
0.5452196
0.9331358
0.9884384
0.8650916
0.8248948
0.96048754
0.86923254
0.95672154
0.66874397
0.85594606
0.83301264
0.9039212
0.7006994
0.96367186
0.93177915
0.95361173
0.9190143
0.98467314
0.84901565
0.7644292
0.6453606
0.7348944
0.87212944
0.9973712
0.94669527
0.67674255
0.9908645
0.99655455
0.7848563
0.8798136
0.9605068
0.95496035
0.7505032
0.67564
0.7612834
0.82717335
0.84753203
0.6506116
0.53095996
0.9636259
0.94151807
0.8530783
0.9437288
0.90624046
0.9142335
0.89837414
0.6154648
0.9721039
0.88592905
0.9661017
0.68868625
0.88691014
0.9896706
0.80724216
0.65372056
0.8937714
0.703841
0.84840083
0.93347925
0.9225898
0.92116064
0.8832519
0.9168143
0.96773654
0.59148234
0.91588485
0.69902253
0.88350856
0.710745
0.92197573
0.93197346
0.932049
0.87647945
0.9699352
0.54055125
0.9064667
0.61247855
0.41230005
0.97102875
0.84409976
0.85143065
0.39433712
0.9817359
0.41564572
0.9377591
0.96339846
0.85398936
0.92625487
0.6489473
0.84865564
0.8524697
0.8215846
0.8581828
0.8485075
0.8868085
0.73447156
0.74619967
0.9932328
0.98895127
0.89428484
0.7525643
0.6097865
0.6743337
0.92533535
0.79402834
0.7320006
0.9910977
0.97940415
0.667395
0.8060672
0.8217824
0.981436
0.8261398
0.8974416
0.711388
0.921035
0.8804677
0.8562486
0.96735066
0.71852356
0.92680055
0.97170377
0.8546339
0.91906434
0.9854137
0.93281007
0.6419067
0.9563979
0.6300062
0.9328772
0.72409296
0.6990329
0.59981346
0.9594894
0.95746785
0.97742647
0.8154072
0.8721363
0.73565364
0.7276096
0.99137574
0.9915201
0.91316426
0.8777756
0.59487563
0.70113754
0.9534681
0.5362768
0.3873495
0.94294286
0.99432844
0.9674797
0.8896129
0.96444225
0.8621615
0.9949574
0.88458157
0.96340555
0.9303907
0.8460115
0.8982465
0.80618304
0.92545366
0.89005953
0.94395345
0.8857627
0.9344425
0.93980896
0.9216399
0.766372
0.9002919
0.98478544
0.62861633
0.86234903
0.82087564
0.7599083
0.9517145
0.7023979
0.8638442
0.9176497
0.9813432
0.81979626
0.89433515
0.9226465
0.609399
0.95794123
0.8493174
0.7800169
0.9539753
0.7528887
0.93149173
0.8722435
0.9808339
0.9419246
0.9205245
0.7515488
0.93679595
0.98793936
0.96372426
0.77826697
0.8336707
0.95309234
0.91243887
0.99850076
0.8893495
0.9348005
0.8691468
0.6718387
0.99726754
0.80299103
0.8849823
0.74673915
0.9305539
0.95907223
0.72239834
0.8581703
0.79210544
0.7347467
0.9008653
0.97200143
0.90328634
0.7472988
0.8245225
0.8568522
0.69624436
0.936764
0.9514893
0.37699386
0.8828287
0.9701979
0.86892796
0.968428
0.97694695
0.9340429
0.9062151
0.8177217
0.9889968
0.7709208
0.84060776
0.9878313
0.9296926
0.83824646
0.93407005
0.6170632
0.79725236
0.5201178
0.7413119
0.9872286
0.97244805
0.85409904
0.9825183
0.773841
0.8763753
0.92638034
0.7726521
0.6097719
0.90837663
0.92781734
0.7511964
0.8637228
0.67380875
0.8599724
0.8862997
0.96574736
0.78381866
0.9090931
0.8736109
0.7904284
0.86169356
0.9548811
0.8414466
0.86559266
0.97224903
0.6298081
0.72024035
0.8139278
0.5998674
0.7296297
0.9603232
0.9654736
0.92839164
0.69230026
0.94498765
0.65414983
0.9732429
0.20236275
0.94591236
0.97223455
0.8022959
0.806584
0.97737396
0.6803338
0.990402
0.7438358
0.9759702
0.41726
0.8861142
0.92331606
0.8401581
0.96233904
0.92660445
0.96050197
0.9953024
0.9881347
0.9765149
0.6471587
0.88581514
0.6970483
0.45868605
0.9481662
0.9366571
0.84993297
0.94246244
0.8615892
0.9104172
0.97534007
0.9262773
0.93613917
0.9644891
0.7289202
0.9306199
0.8959185
0.7950557
0.99630225
0.9128401
0.98212194
0.94229335
0.7576155
0.7704432
0.8289931
0.97233987
0.8122315
0.94408625
0.4857895
0.80253285
0.4379462
0.9758217
0.90302455
0.68924713
0.8038158
0.9173777
0.7648339
0.8575568
0.6733845
0.5326274
0.8849114
0.80152255
0.98636127
0.8585086
0.9272331
0.8854511
0.9391322
0.84675884
0.61083406
0.88779414
0.8928081
0.9253203
0.8433787
0.9828762
0.4584597
0.75876236
0.9968483
0.77997035
0.91784585
0.9602793
0.92266345
0.77711743
0.9221143
0.9250962
0.96940446
0.3781759
0.96523315
0.9855572
0.81354755
0.6897663
0.9108576
0.9401848
0.91320956
0.85019565
0.81994015
0.34218314
0.8817344
0.94380295
0.906725
0.8029544
0.940032
0.93345517
0.7642492
0.721489
0.71831584
0.9487229
0.87311864
0.86097527
0.9708532
0.9827382
0.9130182
0.83875626
0.92513466
0.93835753
0.9881849
0.90150607
0.82917404
0.8459216
0.8214025
0.81527525
0.67775303
0.93207073
0.87775123
0.95995367
0.8038541
0.8999517
0.6916383
0.8433691
0.81425583
0.77605104
0.77749777
0.94261503
0.9746375
0.81027967
0.96625197
0.80229115
0.90552604
0.9209119
0.90690863
0.7879651
0.87201077
0.96723914
0.78517354
0.7884375
0.9421791
0.87744474
0.8978959
0.9541672
0.9604744
0.83244884
0.69209766
0.91859543
0.984903
0.8682641
0.9580029
0.7849581
0.86092997
0.9900392
0.8810173
0.8929083
0.92082405
0.79317945
0.8580319
0.85940146
0.81977564
0.9813013
0.96954596
0.98987055
0.9374269
0.7898224
0.83144516
0.74867445
0.9437013
0.87269837
0.89084125
0.939848
0.8555356
0.6981975
0.8493037
0.9499135
0.9441931
0.8115425
0.87218493
0.86636776
0.98513216
0.7706816
0.812703
0.9374809
0.9947107
0.8160161
0.33455917
0.8879914
0.92836696
0.5459702
0.9930353
0.891244
0.9620978
0.8546008
0.8030492
0.7617312
0.89718044
0.8113275
0.8176798
0.9624797
0.9486489
0.8799869
0.85381883
0.9468039
0.6457153
0.7249326
0.68032295
0.8120553
0.90360165
0.90069044
0.93402046
0.922725
0.94224036
0.888358
0.81606054
0.8633218
0.6525731
0.8044815
0.959276
0.9089526
0.8791783
0.77894676
0.58519095
0.94444734
0.8127202
0.95122516
0.95309544
0.92189944
0.98417306
0.8669684
0.7695608
0.6708574
0.88597274
0.84328413
0.84952223
0.66089207
0.3452697
0.8947404
0.6650202
0.70054656
0.8034228
0.87628365
0.9747464
0.85204494
0.97761106
0.7147208
0.863448
0.97580105
0.5956417
0.869915
0.7569932
0.7646547
0.9471346
0.9279233
0.8031332
0.46991408
0.6109564
0.9555291
0.9841139
0.92065203
0.7497767
0.83797425
0.82906586
0.827067
0.79372287
0.9686801
0.6781974
0.90956163
0.89015746
0.8794757
0.94910544
0.81407243
0.7609443
0.8170065
0.7963699
0.90417063
0.72120357
0.7724972
0.35717514
0.9890485
0.9506583
0.9628115
0.69025475
0.8959987
0.7212298
0.9430921
0.87863076
0.90653706
0.92880434
0.80589306
0.9386202
0.97068286
0.9564292
0.8876435
0.79485106
0.7472524
0.9760948
0.7612347
0.85137904
0.93192065
0.6736462
0.8849787
0.8958579
0.9149244
0.96077025
0.8663899
0.9401056
0.81707364
0.94647264
0.85121655
0.7604246
0.80250937
0.950338
0.9365948
0.9674443
0.9192904
0.68719494
0.83781433
0.86531293
0.96607256
0.9936121
0.9017405
0.7762885
0.940068
0.92456084
0.8819517
0.9608011
0.6530401
0.94878536
0.98830175
0.6810682
0.7365756
0.8431378
0.959512
0.83281606
0.9827851
0.99575126
0.8435404
0.8512928
0.99474615
0.82298684
0.9983249
0.72369754
0.76758385
0.84013426
0.95743257
0.81997067
0.6746404
0.89040065
0.9069816
0.7657939
0.7954342
0.970598
0.7268595
0.792205
0.909271
0.5244292
0.9237138
0.91455615
0.7984935
0.911962
0.9934513
0.98415214
0.8360746
0.88710314
0.7374598
0.69616127
0.9225275
0.88791287
0.8834509
0.7997651
0.8755758
0.8033621
0.9641973
0.9524297
0.9772106
0.95837283
0.9155683
0.8548938
0.9237771
0.8205655
0.90584683
0.90706605
0.95465744
0.6856525
0.8818051
0.9236361
0.99743646
0.8670183
0.8307601
0.74894905
0.9104411
0.85336584
0.9876782
0.9124692
0.98130363
0.9533702
0.89730626
0.7963275
0.820607
0.9903181
0.9906893
0.78367203
0.9726427
0.9610628
0.8692417
0.6638147
0.58641714
0.8706287
0.8530678
0.862062
0.93705046
0.99372107
0.91796356
0.93381935
0.8913686
0.972052
0.78381515
0.84193903
0.96357113
0.9073384
0.9520122
0.96144783
0.84039843
0.9897744
0.81364524
0.86502063
0.90446764
0.9530708
0.90714186
0.8178734
0.825464
0.9587248
0.6591824
0.7485881
0.9373934
0.9001205
0.9330765
0.8621229
0.8491333
0.61589724
0.9848071
0.9906858
0.6080077
0.9512962
0.6575133
0.7239804
0.8515326
0.99419844
0.92045206
0.87165856
0.93776757
0.97278523
0.90548277
0.8972061
0.9420078
0.9923327
0.92320526
0.77119
0.92123777
0.8091365
0.92185605
0.9940928
0.9534829
0.73252916
0.98242164
0.75585383
0.627561
0.58381575
0.74498534
0.9438939
0.91376114
0.8154162
0.9946676
0.93042535
0.6619504
0.88744426
0.9155521
0.9859963
0.6357896
0.94577974
0.8742457
0.9692798
0.83161116
0.87557954
0.93504614
0.97105324
0.90839565
0.91727966
0.96425784
0.99657464
0.91447383
0.90473884
0.85690373
0.90673774
0.86582005
0.9357621
0.96498674
0.7527331
0.96790147
0.90118116
0.9133778
0.7914942
0.992582
0.8146064
0.96731925
0.9737202
0.75506866
0.8992162
0.90786785
0.9939722
0.98962927
0.85614574
0.97581434
0.8961667
0.8693279
0.97888815
0.85714793
0.8454057
0.86226
0.9782268
0.87101954
0.88856184
0.9503188
0.8464445
0.69536525
0.9265678
0.99706674
0.7336725
0.9850024
0.95454913
0.9146033
0.9505788
0.813635
0.7662245
0.93657243
0.943418
0.923724
0.9373669
0.92416084
0.9399969
0.94061756
0.7975609
0.96877575
0.66651726
0.9767646
0.87747884
0.94839144
0.6766252
0.8449959
0.9318738
0.853015
0.91099584
0.99224764
0.6607683
0.6449027
0.7098278
0.98016167
0.98530555
0.8842447
0.9637526
0.82396686
0.88399553
0.77483726
0.43577063
0.7149615
0.8716426
0.78511256
0.75154454
0.8773631
0.87741363
0.9219827
0.82959217
0.8955812
0.9334686
0.9334979
0.9112481
0.94253165
0.99363065
0.97030807
0.7743572
0.7517563
0.5892549
0.82969505
0.76475906
0.9102184
0.8527112
0.940444
0.78211355
0.9704608
0.8182704
0.9446904
0.88853633
0.73939306
0.7837971
0.94118667
0.94670415
0.97454715
0.9641135
0.9400674
0.90011114
0.95051545
0.8516348
0.91752833
0.5089782
0.86380416
0.96067744
0.9798701
0.95829606
0.920338
0.9593168
0.8849734
0.62114906
0.9027405
0.80187035
0.8075472
0.88727075
0.9391471
0.9462673
0.93671745
0.8109891
0.7110342
0.6131567
0.87391627
0.98564875
0.8997222
0.9607042
0.88688886
0.96586066
0.92531896
0.9326807
0.94158846
0.89104897
0.6620907
0.93569064
0.9239521
0.8995478
0.92792726
0.8707956
0.96877295
0.6445582
0.9292868
0.7736686
0.9506031
0.92605156
0.9248892
0.6542757
0.8163601
0.8377654
0.8544776
0.9903994
0.93197227
0.9613109
0.9204396
0.94787604
0.9839508
0.9874305
0.94030017
0.86386955
0.84353703
0.84058255
0.60120904
0.7893253
0.9851415
0.9086285
0.8601252
0.8903539
0.49093592
0.747298
0.6015574
0.86429477
0.24031931
0.66849595
0.8466588
0.841591
0.8259485
0.98366594
0.66799337
0.8052581
0.63768256
0.9118504
0.8341814
0.8798087
0.6465746
0.93045235
0.9395556
0.9430399
0.680318
0.64741015
0.7516107
0.87819946
0.88473356
0.84095705
0.96974623
0.96282905
0.6016851
0.8221763
0.90165305
0.7971582
0.97896564
0.85528165
0.94721997
0.96557707
0.9726131
0.51251924
0.78822446
0.93087786
0.8749573
0.8666786
0.9151509
0.9518739
0.9347479
0.93799776
0.8118001
0.67370784
0.81089777
0.95890296
0.8811177
0.99419
0.7302631
0.9289392
0.8893795
0.8851281
0.959437
0.9840634
0.88635314
0.85218304
0.9620733
0.8180163
0.8932712
0.75893974
0.8585054
0.929279
0.98356795
0.76535964
0.74926406
0.96532834
0.63058186
0.84378326
0.93980974
0.96163607
0.9186876
0.80631316
0.61389434
0.9964216
0.9736942
0.73030585
0.9679676
0.9517754
0.864405
0.9441271
0.95292467
0.78378844
0.91875315
0.79090285
0.93086255
0.86494094
0.80662245
0.92838
0.9929328
0.9371621
0.97046745
0.90128106
0.8045468
0.7282957
0.94400907
0.8879887
0.9271301
0.8310507
0.97584677
0.75975525
0.79020035
0.9243102
0.9442499
0.9027908
0.92821425
0.5869989
0.85977983
0.93153644
0.93088293
0.95246655
0.86308366
0.80424774
0.99386764
0.9209391
0.94697773
0.97523195
0.8718785
0.9974028
0.9130994
0.9519654
0.9556937
0.90473276
0.98929536
0.78891945
0.8938335
0.96663636
0.96195114
0.97571015
0.7393418
0.9235325
0.94026005
0.925679
0.9929935
0.7045842
0.9253852
0.97786504
0.7493516
0.9667038
0.8718009
0.9867885
0.8604596
0.73979366
0.9439324
0.6626435
0.77160186
0.8908484
0.84980875
0.6493725
0.8883208
0.8383054
0.30995274
0.9502201
0.9159226
0.9729841
0.66522706
0.9311748
0.97225547
0.99673295
0.7646947
0.84241885
0.92441905
0.9922605
0.6446857
0.6825572
0.77355283
0.84510237
0.9240143
0.9219311
0.8952377
0.9200256
0.9651977
0.91508955
0.7826456
0.9331657
0.9487784
0.5815234
0.85070294
0.9815024
0.9004313
0.7851501
0.8587466
0.8562478
0.94284785
0.98309994
0.58991444
0.7400316
0.88159937
0.9648657
0.74054426
0.42123103
0.94398427
0.7869389
0.7001118
0.8555664
0.9530765
0.9544502
0.973408
0.7365793
0.94363236
0.84265894
0.7432575
0.7013032
0.8300648
0.93059456
0.9625368
0.7730108
0.7820024
0.65788805
0.8904042
0.9576013
0.78545433
0.98128486
0.91788113
0.98940086
0.9271398
0.70739543
0.82096356
0.48555952
0.7275559
0.8472158
0.8871487
0.8684042
0.8558044
0.63877636
0.82985806
0.969617
0.8762992
0.9232015
0.6715272
0.8142048
0.93512285
0.84759915
0.94579893
0.80581903
0.7966929
0.9759318
0.91244566
0.9552874
0.81069124
0.9634668
0.87010264
0.7693254
0.99686915
0.70426345
0.88692933
0.8446562
0.890754
0.94303733
0.92702353
0.9706493
0.956863
0.9130654
0.87079614
0.96879923
0.96666527
0.42832983
0.87549317
0.9262416
0.8842453
0.9874193
0.7288526
0.9227383
0.9609003
0.91082287
0.62350506
0.96461856
0.9051119
0.7235226
0.57956266
0.9010813
0.9751116
0.91544634
0.84086347
0.84942734
0.9533124
0.92004126
0.98958635
0.8269385
0.79609346
0.96486574
0.9021162
0.700699
0.97866076
0.7221945
0.9917433
0.80939615
0.77186906
0.9383906
0.9406647
0.9838336
0.9559878
0.68343127
0.7334389
0.99685663
0.87702113
0.6912271
0.94187117
0.7234409
0.8371329
0.70712686
0.9555651
0.85385036
0.9918355
0.8202716
0.9940312
0.6376736
0.9542767
0.9272915
0.89421654
0.8578117
0.8588503
0.9723948
0.7979886
0.92937666
0.9696195
0.83634377
0.97728366
0.9500535
0.803299
0.7992349
0.92780626
0.9528855
0.923296
0.81981534
0.7746505
0.52215314
0.9239905
0.9932564
0.8794061
0.9555931
0.8913007
0.9641195
0.8466515
0.7982649
0.79811275
0.92610395
0.92884463
0.97434294
0.96247274
0.89542496
0.7888906
0.91364104
0.96853024
0.7354144
0.9804327
0.21527146
0.72455895
0.93284094
0.930376
0.94112706
0.8171494
0.96192557
0.7728786
0.87633
0.9748863
0.92372864
0.45048547
0.88067484
0.8060696
0.89504224
0.9509754
0.8219038
0.96098584
0.92803526
0.99489117
0.993394
0.49084517
0.632071
0.8986688
0.73808753
0.98579174
0.9232956
0.9541805
0.98473346
0.9870319
0.6932653
0.90117615
0.6383454
0.7665377
0.91643924
0.88998747
0.8238123
0.77357876
0.997857
0.8413365
0.9476442
0.8991518
0.9326141
0.913795
0.9729246
0.898087
0.9615048
0.91186476
0.8842052
0.83267397
0.7460321
0.8916604
0.7353725
0.44798544
0.9835227
0.97869784
0.93748564
0.8323583
0.8975823
0.6557989
0.9619572
0.7522503
0.995752
0.96321416
0.9432765
0.94421035
0.92492217
0.954978
0.96901405
0.89924806
0.7402586
0.71335834
0.9922594
0.9840236
0.9463347
0.93066263
0.931569
0.9242462
0.79858476
0.8889979
0.7677266
0.76931393
0.9957932
0.70731986
0.83909816
0.85176027
0.99650514
0.61462426
0.94837725
0.99002
0.83086234
0.85738105
0.92256975
0.92705995
0.98618776
0.86858326
0.8153908
0.7101333
0.83388513
0.84680295
0.95084244
0.9961323
0.82866186
0.77787113
0.77682126
0.7685883
0.7284906
0.8882635
0.9965448
0.991413
0.71042895
0.879738
0.7722952
0.852726
0.77475643
0.9800855
0.629987
0.88735133
0.88920057
0.92755437
0.87257296
0.6770018
0.9668468
0.928712
0.66549873
0.8904353
0.93944705
0.876703
0.747344
0.8047399
0.73267186
0.9857172
0.9803176
0.9519758
0.8015651
0.996709
0.92769617
0.8730005
0.9255433
0.92471886
0.90738654
0.86708534
0.78275454
0.9445106
0.877872
0.9377398
0.9206021
0.9161218
0.4625877
0.8881915
0.84388286
0.77680945
0.9215046
0.91133666
0.8895953
0.8742558
0.9411052
0.9457739
0.9050424
0.9466488
0.9033432
0.87901396
0.90155435
0.9671252
0.7385404
0.9833395
0.94526196
0.85832775
0.94507086
0.68562853
0.9002923
0.91710293
0.639531
0.89079845
0.8336904
0.9401733
0.80493754
0.979103
0.93876004
0.8969691
0.68929315
0.97892565
0.42649734
0.9435953
0.9968517
0.9679634
0.81882423
0.89410496
0.97976255
0.9797558
0.8156345
0.9494254
0.9200795
0.8238013
0.5175781
0.86380404
0.7788844
0.90650153
0.8932673
0.98185045
0.84527653
0.9850409
0.93935364
0.9541514
0.95029265
0.7654738
0.97310954
0.9452121
0.9418769
0.75334036
0.9596276
0.77838975
0.7092651
0.82319957
0.8283746
0.94179446
0.847345
0.84244835
0.8980318
0.96530855
0.88784677
0.98408705
0.56381553
0.8648556
0.98359483
0.8759328
0.95723814
0.30173618
0.7305154
0.8828755
0.9511973
0.89850354
0.8999393
0.6591493
0.36313477
0.8354781
0.83014995
0.7776763
0.92159367
0.9708842
0.6367899
0.97803354
0.92682856
0.9602366
0.948312
0.9940683
0.9096875
0.9196179
0.9433075
0.9256462
0.9450804
0.9437697
0.9679616
0.88143396
0.8071389
0.85027087
0.9722364
0.89695334
0.96838135
0.67708236
0.93015116
0.9511114
0.86027664
0.8488956
0.90384537
0.94623256
0.90055025
0.80458146
0.98446417
0.88534254
0.9033114
0.8852129
0.8760461
0.8745166
0.9696252
0.98954284
0.5538964
0.60579395
0.78278655
0.7499413
0.87177396
0.57479227
0.9660546
0.73690706
0.88671935
0.9398186
0.9457476
0.89679766
0.733207
0.97506547
0.9891716
0.97691995
0.9787268
0.9142165
0.79737383
0.91899526
0.98090386
0.92742574
0.71568435
0.9699732
0.9912039
0.96346074
0.99679106
0.77473927
0.7231278
0.8216927
0.9168197
0.8750416
0.7978119
0.9688635
0.96934664
0.8591195
0.8683456
0.6947961
0.9144343
0.90331435
0.83805394
0.89476407
0.7849635
0.9565617
0.9678108
0.9680238
0.9110619
0.975299
0.76324564
0.9502622
0.8954617
0.9107127
0.9170822
0.8578075
0.9234991
0.98639894
0.85461825
0.85690117
0.9774183
0.60167694
0.9174625
0.9768528
0.83561414
0.9133637
0.9747391
0.91676843
0.9287257
0.64462113
0.8634328
0.9450877
0.8053367
0.9716195
0.71015584
0.8375619
0.7806215
0.8730116
0.7453302
0.88702995
0.96229845
0.96414524
0.9069335
0.97939324
0.93749964
0.89414257
0.6284033
0.53273535
0.9433506
0.9237068
0.97575504
0.92887163
0.6757833
0.9615933
0.7907618
0.8406429
0.91747504
0.9491179
0.9657192
0.91311437
0.799108
0.9404818
0.91328824
0.5223872
0.0036191684
0.80910623
0.9097301
0.7075157
0.99500275
0.92272854
0.5256953
0.4873363
0.75756353
0.71703184
0.9639002
0.9293323
0.86217624
0.93370855
0.951295
0.69780296
0.9891614
0.81538165
0.89678854
0.95611334
0.87563396
0.7139409
0.9548475
0.9588491
0.8531183
0.95570624
0.9204204
0.76829076
0.9600893
0.86988115
0.9458815
0.9873473
0.8597314
0.92312586
0.7449089
0.87061846
0.9867285
0.99268055
0.8757602
0.9659482
0.9459082
0.79157233
0.9053907
0.95447063
0.64093393
0.7986343
0.8301396
0.8331864
0.8910433
0.9773999
0.898484
0.9855361
0.86171925
0.7507578
0.7347908
0.9598856
0.9687287
0.9258865
0.91694665
0.85531306
0.89375025
0.7313421
0.984829
0.92489016
0.7738362
0.7920998
0.90843266
0.9518426
0.6740093
0.85275877
0.97005296
0.93509376
0.93372905
0.9727798
0.6928092
0.73245025
0.9600459
0.8419479
0.9646566
0.8658152
0.9369687
0.9780619
0.9617348
0.86049926
0.7858683
0.9908657
0.9542723
0.9049649
0.96706015
0.98987985
0.737345
0.8967125
0.94600886
0.9277774
0.8915782
0.91382444
0.42802352
0.96346974
0.53886044
0.7596615
0.99218535
0.85881424
0.9819711
0.95110905
0.7832892
0.8855515
0.5340898
0.9978614
0.8923313
0.7974315
0.52277696
0.99225926
0.55057764
0.8130758
0.7708634
0.92774755
0.82226765
0.9174064
0.9262574
0.89015514
0.8945994
0.90220684
0.99435496
0.9909445
0.7877263
0.9287787
0.7568734
0.9963086
0.9934327
0.56414294
0.7788428
0.952645
0.8588216
0.9253396
0.9515816
0.90344864
0.9563768
0.8585851
0.80639887
0.8565729
0.9887786
0.96537817
0.97209996
0.9032036
0.6619071
0.9018282
0.7913456
0.855357
0.87721825
0.82217336
0.9472234
0.6937018
0.92061806
0.7133963
0.75964904
0.99070334
0.9532945
0.92724895
0.9252322
0.9807245
0.6010535
0.86365175
0.940931
0.9474659
0.9437207
0.8530893
0.64676833
0.8797867
0.96730834
0.93404603
0.7320257
0.90208536
0.67522985
0.9132019
0.9896049
0.9120976
0.8393444
0.9890543
0.9698876
0.94411373
0.8194011
0.78984725
0.9591132
0.9645142
0.7668457
0.9195821
0.72581303
0.88944566
0.6937375
0.8579618
0.93310547
0.7996328
0.8866361
0.9637476
0.9421684
0.9581084
0.9512999
0.8895648
0.95127964
0.7504883
0.8087871
0.9636272
0.7960485
0.66300654
0.97401446
0.9151857
0.9899777
0.9300046
0.9710749
0.8776858
0.7911344
0.8788748
0.780187
0.9666981
0.6221014
0.76628906
0.85199875
0.9280525
0.7228463
0.89742124
0.9789287
0.78926134
0.9078193
0.70481914
0.9042251
0.98659295
0.95083416
0.70946854
0.9730233
0.78809154
0.9552381
0.86451805
0.8589704
0.8206184
0.9047327
0.8465401
0.8614178
0.9764705
0.8689774
0.6202097
0.9231517
0.98744166
0.8730664
0.8418256
0.7812742
0.69429034
0.9691715
0.9929389
0.99031734
0.8895535
0.9460243
0.88704026
0.8658836
0.917729
0.7023039
0.7163056
0.90703154
0.9503388
0.6595509
0.5984421
0.97365844
0.94021195
0.9308523
0.9752238
0.6824192
0.95961285
0.7777216
0.60732913
0.94699174
0.82996404
0.84090436
0.93160903
0.9125447
0.87940645
0.6009854
0.9900505
0.9383211
0.9892914
0.95853704
0.97529393
0.8556483
0.8660349
0.95328987
0.8383222
0.948004
0.98068225
0.62774247
0.8088654
0.7737145
0.96685386
0.86799365
0.7211407
0.93131745
0.83303714
0.626902
0.9059229
0.86160797
0.9169019
0.9203512
0.8609776
0.92398834
0.57186043
0.9517747
0.96305835
0.7561212
0.79304373
0.9534539
0.916136
0.82423997
0.9098299
0.7725391
0.9456741
0.94733435
0.8741492
0.9686005
0.9333714
0.98036754
0.85839427
0.70693386
0.58385533
0.9026475
0.81181633
0.73336643
0.9695654
0.84285796
0.6889732
0.91230494
0.8635624
0.9086988
0.9392114
0.93514097
0.9292022
0.9482307
0.94828856
0.78652227
0.81454444
0.7015704
0.7763275
0.8317114
0.7453108
0.96180224
0.901732
0.9959943
0.91700995
0.99632275
0.9798306
0.9621605
0.9483075
0.6918596
0.9692763
0.9399569
0.9109777
0.9627447
0.9815161
0.834621
0.9854791
0.88507336
0.9845092
0.8233235
0.99726653
0.8630339
0.84406877
0.94520473
0.99603343
0.9571992
0.9108268
0.96342623
0.9631205
0.9041937
0.9211341
0.8565293
0.9474276
0.9810568
0.82521933
0.90888184
0.96627665
0.84249413
0.9515692
0.9326509
0.8601934
0.99546134
0.8861221
0.905498
0.8308431
0.8069917
0.8976366
0.86639124
0.50116056
0.9093174
0.7825428
0.80943286
0.8833771
0.5947224
0.9240595
0.92092144
0.9466335
0.840235
0.83517104
0.997159
0.85023177
0.9317106
0.84088236
0.91834414
0.87833
0.7379958
0.9134325
0.97804457
0.9416512
0.97728246
0.96066
0.85928804
0.7282859
0.88319194
0.58743304
0.88117045
0.9606712
0.5271859
0.8948191
0.96341217
0.98510444
0.8962598
0.8297709
0.96115446
0.92984706
0.8867699
1.0
0.97803944
0.6916436
0.86250645
0.7384085
0.9539104
0.8752313
0.99085593
0.7169579
0.73816186
0.67758393
0.7039409
0.80582184
0.85572535
0.9715726
0.9220508
0.7935153
0.8419062
0.7032771
0.8215676
0.5222543
0.6847676
0.9931579
0.94976556
0.89528394
0.9752842
0.9434295
0.99215025
0.8712681
0.7606927
0.991983
0.86300534
0.8909211
0.8896592
0.66059494
0.843368
0.6962465
0.7168164
0.7634973
0.80807585
0.9716057
0.8913636
0.84185845
0.9608153
0.9229407
0.61879605
0.85277796
0.7025324
0.9620333
0.7468177
0.8381711
0.88688356
0.9359771
0.6324047
0.9944999
0.93342376
0.8393951
0.74394834
0.8324161
0.97349906
0.6123079
0.9393729
0.9308879
0.8114963
0.98297626
0.91268665
0.8998668
0.8546734
0.7901329
0.735314
0.80307853
0.7551672
0.8710643
0.89807415
0.6841032
0.6762321
0.7671895
0.59233797
0.8653338
0.9640744
0.8783748
0.9414712
0.9949936
0.9799372
0.95735407
0.9903879
0.9439179
0.90692323
0.7399144
0.9510224
0.8902906
0.96024317
0.9006275
0.8618839
0.8689232
0.75785536
0.9092674
0.7877904
0.77605826
0.904003
0.9767002
0.74007726
0.9846198
0.9350427
0.97586983
0.8704607
0.8916084
0.9083182
0.90066653
0.8428649
0.99675876
0.9859429
0.94591624
0.9599425
0.93124443
0.9762428
0.74310005
0.6695719
0.9228539
0.8668532
0.89782864
0.75857675
0.941727
0.8091973
0.95149446
0.9817862
0.95773345
0.9771837
0.80652237
0.9479999
0.8840884
0.919316
0.91814554
0.94829464
0.86970663
0.91443276
0.8682097
0.8370113
0.9808485
0.89559656
0.84991795
0.908054
0.7766158
0.80854523
0.82855016
0.96067727
0.7185979
0.5798981
0.9169674
0.7591108
0.9127486
0.8325997
0.8884507
0.812263
0.84463197
0.9512203
0.9940861
0.88573456
0.9690149
0.84977865
0.6578974
0.984299
0.97022104
0.6882361
0.8746192
0.96761113
0.9909809
0.9792135
0.8918309
0.9808468
0.97637296
0.79815626
0.60197926
0.9988131
0.6528501
0.7847749
0.87154424
0.9858896
0.9684622
0.77507174
0.75529784
0.97339046
0.7965949
0.9812856
0.9235681
0.9829737
0.6977918
0.8802154
0.73007494
0.91537046
0.81007683
0.7957282
0.90281856
0.9134754
0.8360224
0.98430455
0.8024952
0.9867819
0.89753747
0.99650717
0.87526023
0.9475088
0.9427785
0.82971716
0.93169653
0.8299365
0.87861896
0.9268998
0.89615595
0.93763393
0.86583686
0.8895501
0.8827502
0.9874475
0.80130017
0.93351525
0.84553957
0.96615255
0.7600653
0.9071615
0.9477218
0.8417245
0.8940306
0.9124613
0.9336334
0.8222572
0.9442211
0.9167423
0.9170731
0.9676362
0.5015348
0.76056844
0.643193
0.918383
0.87805504
0.6724369
0.92111343
0.88004404
0.8591955
0.88701546
0.96000576
0.26432976
0.7357484
0.78082156
0.793449
0.979437
0.6499589
0.97720224
0.88514704
0.8444809
0.87024575
0.9109056
0.91989905
0.92459315
0.6121833
0.8921269
0.8624535
0.8452108
0.9184417
0.6972666
0.92690134
0.9845682
0.9181957
0.9964973
0.92899644
0.8000747
0.9959078
0.6989691
0.9714776
0.8171375
0.9333478
0.87682235
0.81633073
0.67489576
0.94055593
0.9571265
0.6648846
0.9187989
0.9723205
0.95602524
0.8397213
0.98215353
0.73646027
0.69196093
0.82193434
0.9564185
0.82659596
0.78616023
0.9888007
0.98647314
0.94150573
0.96351683
0.9972529
0.99818325
0.76281905
0.96438354
0.99344987
0.97274166
0.6697415
0.81479305
0.98711514
0.9420047
0.9305058
0.9292372
0.7121669
0.80502415
0.95564747
0.9246988
0.9782447
0.9286066
0.82396567
0.8115042
0.85278004
0.9945999
0.65475774
0.73764616
0.87533796
0.9368224
0.6380321
0.49533263
0.94164103
0.85403997
0.8735937
0.9946008
0.8372308
0.9890608
0.9003747
0.97792804
0.7948207
0.895104
0.91603816
0.899506
0.8252988
0.80606633
0.9211376
0.97580105
0.9844496
0.9932617
0.80087495
0.85556376
0.91694736
0.9102673
0.93664026
0.94918495
0.9546851
0.88547534
0.88515323
0.9270248
0.9441873
0.9910638
0.64376235
0.9497261
0.9143802
0.77664924
0.92532146
0.8754991
0.7638196
0.87223727
0.88916874
0.58533996
0.78612405
0.9888663
0.8266401
0.9098462
0.918327
0.8126197
0.7164375
0.96448654
0.93187785
0.77898467
0.8687193
0.9887728
0.72503906
0.42863804
0.8760698
0.93156636
0.899927
0.97422254
0.8001607
0.9312313
0.90337414
0.9830538
0.91252923
0.96439326
0.9784084
0.38112348
0.706805
0.5039893
0.9531406
0.79006886
0.8478066
0.89909333
0.9203552
0.90390813
0.9252081
0.9903159
0.9680476
0.91802585
0.91119283
0.9081423
0.87607706
0.56136763
0.76608557
0.9615097
0.9517841
0.9442595
0.8188355
0.95339835
0.9047127
0.8600885
0.93041897
0.83215594
0.94227827
0.7357832
0.9620367
0.7408054
0.9059189
0.14759864
0.6936574
0.97134185
0.9726933
0.79978657
0.9561009
0.90500283
0.95420885
0.86648273
0.8108087
0.9106221
0.8696481
0.9525472
0.82598346
0.86522675
0.9385443
0.85793203
0.95430535
0.43909472
0.9376009
0.6969485
0.9359786
0.9648173
0.8309462
0.78434694
0.7825949
0.99287325
0.83226705
0.84610915
0.9788497
0.8964684
0.89626795
0.95119333
0.91849
0.8601576
0.989468
0.9303622
0.93476546
0.99017066
0.76520455
0.8800169
0.9506999
0.85807574
0.9159104
0.94771373
0.85080504
0.82813543
0.8531804
0.87273717
0.90838915
0.60546273
0.955182
0.9484699
0.8191231
0.6303125
0.8557439
0.9777873
0.8916636
0.82182443
0.93500465
0.86989504
0.88316596
0.8871777
0.96938586
0.92899334
0.94790107
0.7593338
0.9050176
0.95803905
0.9900209
0.7587173
0.85817045
0.91707253
0.7587189
0.86610824
0.9938158
0.7906107
0.9334593
0.7512352
0.98566085
0.9134266
0.8063695
0.9545533
0.74651986
0.8718219
0.8674359
0.90359247
0.8063109
0.8601172
0.87388116
0.885398
0.9364432
0.86414534
0.76209986
0.52710634
0.8596448
0.9468415
0.91511583
0.77550924
0.89767474
0.85512596
0.96978813
0.73623896
0.77406424
0.622556
0.9598799
0.9405192
0.7524889
0.7914044
0.6726878
0.83309495
0.986809
0.8287176
0.9359024
0.81935143
0.8734019
0.9062203
0.89361954
0.73854077
0.75967526
0.7262208
0.92863053
0.65901935
0.8123976
0.77673054
0.70267904
0.8556979
0.9082964
0.9277055
0.79689145
0.7444582
0.77678114
0.79779494
0.83627534
0.89352006
0.96497434
0.881841
0.99021107
0.9387135
0.82679194
0.93879896
0.94612104
0.80822
0.89714897
0.8856735
0.95096684
0.7435464
0.9693738
0.78014684
0.75748205
0.44137874
0.9960841
0.10106204
0.99500513
0.6861515
0.9000819
0.798645
0.9277192
0.68692225
0.6660398
0.9449776
0.7808561
0.7415796
0.6400092
0.811881
0.95194155
0.9938505
0.8626167
0.90388125
0.8079788
0.85990185
0.91059303
0.8146513
0.9303991
0.97294307
0.78948104
0.6454494
0.87258285
0.97724324
0.8102489
0.8723893
0.6863016
0.9969437
0.74047863
0.6361851
0.8732294
0.974403
0.9378271
0.8708898
0.77180725
0.9314074
0.8586242
0.97784764
0.9747164
0.7654164
0.9819343
0.7738394
0.8174782
0.83184886
0.9807056
0.8576722
0.86330587
0.6146824
0.9906188
0.9656648
0.94575113
0.8306001
0.8933099
0.9624844
0.55401754
0.91061145
0.843966
0.84770155
0.842036
0.9643364
0.97887576
0.5326224
0.9810184
0.9954157
0.7514083
0.9198596
0.9299952
0.8460091
0.8951129
0.9606369
0.8488499
0.9315958
0.96579707
0.8877887
0.7806673
0.98925626
0.971709
0.94977254
0.77057135
0.90939033
0.9379305
0.69617856
0.97135305
0.9549776
0.88521147
0.9346442
0.5502783
0.9264895
0.8969128
0.60329777
0.970541
0.7467841
0.612114
0.98733103
0.93598616
0.95219153
0.95781565
0.797498
0.951576
0.9973325
0.9180619
0.8602213
0.8317491
0.7455248
0.8346853
0.81583756
0.8156458
0.8558521
0.68612105
0.7344709
0.9017723
0.9586148
0.88149965
0.8483895
0.7138635
0.96078944
0.8784336
0.70285374
0.8561695
0.75091517
0.8351996
0.89279234
0.84907645
0.86890924
0.75901484
0.83110493
0.67557645
0.8532105
0.81143016
0.85308355
0.8848672
0.82789713
0.8166715
0.8228907
0.9144474
0.962789
0.7497633
0.9037615
0.96398664
0.97785294
0.5568568
0.87218034
0.918935
0.9333143
0.9965981
0.87069845
0.88548565
0.8778913
0.98450243
0.9340523
0.6503849
0.9505334
0.91428494
0.83902717
0.6034733
0.9676454
0.8939828
0.9693577
0.9540605
0.8856423
0.8828669
0.9637704
0.8972128
0.764066
0.8279955
0.95135236
0.7309762
0.60740215
0.9724623
0.6534588
0.9601511
0.7382374
0.9291794
0.71084094
0.90844065
0.9077317
0.7821241
0.71642953
0.78747535
0.661324
0.90483683
0.2568295
0.855371
0.9840113
0.8614893
0.26606554
0.8561059
0.99685097
0.9802964
0.9403043
0.8624751
0.9611922
0.85744053
0.89481694
0.5697655
0.9789898
0.9610688
0.9795928
0.9908879
0.9885863
0.91007674
0.9607546
0.87694335
0.98795795
0.774691
0.7160227
0.9451817
0.4816833
0.88113075
0.91121507
0.8953122
0.9335811
0.71568245
0.99053234
0.88745946
0.8110945
0.90351605
0.99858946
0.85476565
0.92305356
0.9309838
0.95417356
0.83329177
0.9274987
0.9165878
0.7030601
0.95912224
0.7024695
0.8270079
0.9595581
0.96927536
0.7712758
0.96736896
0.85200584
0.91064477
0.87370676
0.90104747
0.96617424
0.7971026
0.9252309
0.7545243
0.9557295
0.9677186
0.86603785
0.9613273
0.8900629
0.930792
0.9634962
0.7565767
0.7104883
0.88649225
0.95466566
0.9340037
0.8690681
0.85575086
0.8896019
0.8108922
0.97389615
0.96019566
0.92401403
0.9075695
0.92730445
0.84023213
0.9434622
0.8293338
0.96699756
0.96349
0.9187577
0.6962122
0.9468256
0.9808591
0.82206464
0.87311536
0.7741778
0.50547993
0.89321584
0.82213867
0.93922186
0.92628443
0.85448086
0.7361426
0.5575822
0.90799975
0.9484635
0.8634865
0.95356023
0.9901645
0.8790295
0.3639833
0.9204339
0.8418319
0.94285244
0.9509201
0.97676265
0.97665966
0.96069336
0.8135477
0.9036447
0.85816246
0.95151323
0.8344592
0.774102
0.9346198
0.67068887
0.9855052
0.62296057
0.84842163
0.79961425
0.8805557
0.9886185
0.9663176
0.87239116
0.78770447
0.9660698
0.9368569
0.9647477
0.7063689
0.69410753
0.8346945
0.9837475
0.91661566
0.647122
0.63666475
0.7558914
0.9753019
0.98703736
0.79776824
0.99388146
0.9216195
0.89815307
0.9269633
0.76690483
0.92780864
0.930273
0.94714093
0.85300976
0.9273571
0.9876208
0.9609651
0.9735336
0.8563728
0.7317897
0.98906946
0.9820489
0.8731719
0.9372025
0.9118216
0.96869487
0.8463068
0.8810921
0.98892975
0.93620586
0.8734534
0.7990267
0.9669661
0.9653837
0.9122961
0.98020273
0.9621626
0.99203527
0.8622967
0.8310709
0.78821635
0.9643692
0.7550049
0.9546488
0.47671238
0.7572063
0.8657643
0.9651984
0.9875097
0.94971526
0.8849864
0.9927853
0.41030195
0.9407404
0.76732385
0.8680464
0.94358164
0.79143214
0.90946543
0.9535546
0.88201934
0.49573308
0.90323144
0.7906334
0.90492076
0.9711095
0.7950046
0.9251206
0.82229495
0.85585326
0.8582093
0.62853235
0.96182245
0.8724571
0.7466287
0.8834692
0.79403985
0.5840542
0.98394275
0.89238834
0.8327394
0.87839013
0.9230733
0.78854644
0.9808217
0.6658489
0.8986243
0.823308
0.95193
0.9646018
0.87304676
0.6164762
0.65897065
0.82918906
0.80313
0.92521137
0.95528305
0.86674243
0.96961457
0.98851925
0.7828799
0.64207786
0.65947145
0.60762054
0.6721827
0.5748376
0.9545393
0.8086157
0.93681407
0.8407371
0.6738662
0.8621247
0.93122476
0.71342856
0.8812701
0.6278017
0.90090925
0.89563966
0.8258835
0.8403015
0.8727019
0.62677723
0.93617463
0.95525134
0.97010386
0.8921264
0.8268808
0.9839495
0.84061325
0.83885646
0.6746607
0.95082045
0.92236304
0.7279743
0.8949437
0.70902914
0.72526616
0.9394384
0.772951
0.6623173
0.75001186
0.8808576
0.7826269
0.8974824
0.85839796
0.6913933
0.8137323
0.94228065
0.96655273
0.9296995
0.85855913
0.96189785
0.7184586
0.8747173
0.93751585
0.9813673
0.9196695
0.84707874
0.79350704
0.8661866
0.935936
0.91259634
0.96546406
0.9372992
0.9453372
0.9318795
0.94289994
0.9745414
0.9521377
0.94780093
0.93937194
0.9760461
0.7532325
0.70339036
0.9837197
0.845411
0.81886965
0.83637416
0.85504496
0.8949828
0.9092356
0.6531372
0.9130065
0.9531256
0.97132367
0.6142765
0.91298854
0.9791895
0.99396265
0.8458971
0.8452397
0.7097189
0.92027515
0.95794713
0.96048635
0.7247782
0.96996474
0.9612397
0.9511393
0.74792767
0.9205716
0.99624544
0.85326046
0.9396436
0.97457105
0.90309733
0.9206424
0.9581163
0.9796207
0.887793
0.95890576
0.96669996
0.91658354
0.7729642
0.9534312
0.9533936
0.77304065
0.9550246
0.9408061
0.90519583
0.90658677
0.9223765
0.7996767
0.8621329
0.85449636
0.9727688
0.92691904
0.8642779
0.7966475
0.96759737
0.958984
0.5956528
0.82000625
0.8514535
0.9885425
0.9349928
0.977621
0.8933464
0.83747524
0.97839844
0.8039631
0.8723158
0.88389
0.9810299
0.9513483
0.94833595
0.87180245
0.9387716
0.85058486
0.9620011
0.87911576
0.75284874
0.91266704
0.8023756
0.8885659
0.6490741
0.9302827
0.8026173
0.8801755
0.9830407
0.758878
0.4856519
0.9380135
0.8651216
0.9953134
0.8333466
0.9306742
0.9344901
0.8829529
0.9409112
0.98178875
0.8010233
0.8622653
0.97817934
0.98500913
0.8872332
0.95631844
0.9646741
0.8476358
0.58723414
0.88078296
0.8589262
0.9575984
0.870858
0.97019124
0.95968163
0.81636375
0.9837486
0.8040906
0.815179
0.9293513
0.65007305
0.9479107
0.9744139
0.9504404
0.7186401
0.9317757
0.5478024
0.90804696
0.9255466
0.90743047
0.81753397
0.89117646
0.62876564
0.93369097
0.93288183
0.84058183
0.9264738
0.96370184
0.8302886
0.8970983
0.8258768
0.68414503
0.95082414
0.87818456
0.79562217
0.9098793
0.91575295
0.92826355
0.61630094
0.88225794
0.9395139
0.8999371
0.772277
0.90378255
0.8428971
0.9028638
0.9849378
0.99386936
0.5651744
0.8670699
0.8305274
0.83730865
0.95602244
0.9012497
0.93323064
0.83989906
0.8091894
0.88938916
0.6422472
0.9812731
0.94888425
0.8780987
0.8119585
0.7559453
0.65201056
0.5972908
0.9203019
0.9250229
0.9478509
0.8781593
0.98916507
0.7709261
0.8587261
0.956278
0.90197736
0.81236017
0.89515316
0.7694203
0.96356094
0.9981992
0.59654385
0.97329736
0.9878002
0.8449846
0.96140563
0.8013775
0.97697705
0.9540839
0.89338505
0.98276687
0.7680172
0.8078251
0.84766716
0.9284136
0.8597046
0.8234253
0.9192803
0.9208455
0.94419557
0.9027652
0.9529709
0.9129436
0.91317475
0.8520538
0.6724694
0.9619311
0.8912628
0.6221767
0.9548229
0.8950948
0.9544212
0.73787403
0.89601785
0.87235415
0.9532323
0.9173337
0.81521356
0.98235196
0.8227284
0.8983218
0.42214137
0.9762773
0.67560005
0.97064173
0.5147832
0.84712124
0.91946566
0.90107954
0.73020273
0.9350741
0.9135306
0.71656585
0.86711097
0.94660425
0.954127
0.8923614
0.96342754
0.68443346
0.8395814
0.89041114
0.97406346
0.9729165
0.84321475
0.91617066
0.8749578
0.85763973
0.62463653
0.94614816
0.97287095
0.82897776
0.88435185
0.926347
0.90159917
0.8466506
0.91738695
0.44075045
0.88978875
0.8568835
0.78968227
0.98994637
0.9477746
0.9584909
0.8920267
0.55207384
0.80301356
0.9783864
0.97474056
0.948884
0.8818539
0.98285973
0.9688449
0.91769964
0.93753946
0.936401
0.96799123
0.98983705
0.9497687
0.96030885
0.9926827
0.93320465
0.859223
0.9338395
0.9551892
0.93194115
0.98509926
0.980898
0.7607388
0.9840297
0.91314423
0.8034958
0.99595267
0.90373003
0.9145026
0.91501373
0.9536187
0.8694619
0.9659191
0.95792913
0.68514264
0.9758294
0.76366186
0.772363
0.63454336
0.7129829
0.87679154
1.0
0.97123
0.8864524
0.93651766
0.9724293
0.69259894
0.91316235
0.86298025
0.4998086
0.7801639
0.97833973
0.9400269
0.70194215
0.44773158
0.50069165
0.98963904
0.7454849
0.919778
0.92809224
0.9575661
0.8650667
0.53891563
0.8997613
0.99233985
0.7840756
0.43442637
0.8518175
0.6426012
0.8316139
0.91463405
0.8010464
0.95886046
0.94033253
0.926194
0.9303033
0.7248698
0.9286548
0.9014696
0.8399665
0.7492219
0.8299162
0.8101845
0.8892536
0.8011963
0.674309
0.81182027
0.9659535
0.7763867
0.84712195
0.95964587
0.9771197
0.9495992
0.66754675
0.8347565
0.98838997
0.9473617
0.9580195
0.8573372
0.9258428
0.9693284
0.74218327
0.55130285
0.83995867
0.6811628
0.95638883
0.7165634
0.7096886
0.8865265
0.8863079
0.7670032
0.8777203
0.41895503
0.92143154
0.7095066
0.89203686
0.87261105
0.834616
0.84633166
0.9166915
0.99845934
0.9655255
0.9221851
0.9837048
0.82633376
0.69216675
0.95300233
0.7827289
0.76182985
0.9657645
0.87670726
0.91326916
0.9622611
0.97037864
0.85374045
0.97389716
0.6701419
0.76970166
0.94085896
0.80302316
0.8076651
0.9742162
0.8267423
0.9621454
0.9242707
0.7960101
0.8122399
0.8709412
0.81141543
0.80990314
0.8046241
0.8902712
0.8267021
0.80463266
0.9284845
0.8202697
0.9557804
0.7383361
0.78995234
0.7190716
0.6121023
0.9981863
0.68805856
0.8634318
0.9591603
0.9303157
0.8624821
0.84993184
0.80149996
0.9850899
0.86995584
0.94498944
0.88121045
0.9145242
0.9169455
0.76664954
0.72937
0.9828103
0.9245859
0.9483954
0.900268
0.7612405
0.94779193
0.9509102
0.5311088
0.7122395
0.70735097
0.96674705
0.9232806
0.86114997
0.90568984
0.64335185
0.9710953
0.93779993
0.748667
0.862018
0.94084966
0.85194695
0.98271525
0.9915391
0.72387826
0.9101134
0.7250675
0.8752807
0.65530646
0.89398277
0.7149242
0.8261717
0.87874424
0.87380344
0.81516594
0.9404981
0.98366356
0.8790492
0.89610386
0.9269435
0.96029025
0.9061744
0.8952414
0.94054234
0.92988783
0.9292362
0.87042147
0.7904201
0.83935565
0.8783511
0.7583991
0.8713825
0.90034246
0.7462991
0.8250308
0.88034815
0.9984522
0.9620567
0.7959745
0.94416726
0.9700401
0.8644471
0.9559702
0.88029325
0.7789633
0.8387805
0.83561945
0.74691314
0.75428903
0.82225245
0.74482757
0.94611114
0.4652419
0.9218914
0.85367775
0.69831955
0.93178606
0.57680887
0.96276045
0.86128926
0.5684309
0.9730122
0.8376564
0.8152609
0.7561973
0.88196343
0.9809023
0.8515967
0.7343332
0.74294657
0.78799534
0.86236954
0.73952466
0.9700803
0.9752536
0.9436092
0.96554226
0.94503605
0.9143762
0.8403548
0.99555135
0.99559426
0.9294932
0.9058517
0.89799684
0.80064285
0.7929121
0.9198664
0.8271817
0.89925253
0.9280929
0.8140462
0.87135977
0.74531883
0.7228422
0.950384
0.9370074
0.88042533
0.9630535
0.84128296
0.91461676
0.90842843
0.9858849
0.8416644
0.78866976
0.81596357
0.8743073
0.70950395
0.92001855
0.9686294
0.9161564
0.84546053
0.9490209
0.9582439
0.7257205
0.9015537
0.9404513
0.9589467
0.9174657
0.9202242
0.84129995
0.8654766
0.9553672
0.9463985
0.8476529
0.916492
0.89349014
0.94744724
0.9917692
0.9464565
0.92540526
0.9908589
0.92727935
0.7507777
0.9404561
0.97933847
0.8377583
0.9576195
0.82848847
0.83745146
0.98465466
0.8936915
0.9559989
0.8940111
0.97971016
0.9678463
0.97040445
0.7729904
0.6084534
0.8361206
0.85059553
0.99119127
0.985538
0.8594959
0.8443401
0.8954266
0.8157407
0.9290429
0.69947135
0.72320145
0.90163887
0.871361
0.9813046
0.9590741
0.64630735
0.9131704
0.864769
0.89194304
0.9316689
0.8723353
0.902906
0.73587954
0.6606138
0.8720018
0.98971814
0.91186947
0.8829742
0.6618199
0.93057895
0.9627541
0.83146065
0.93633515
0.83413357
0.811476
0.86302674
0.8963144
0.96557873
0.9715704
0.9341263
0.9294238
0.91002905
0.9107731
0.80714893
0.8611106
0.9975675
0.5390528
0.8655694
0.92080617
0.68880415
0.953223
0.7991827
0.9823559
0.90867674
0.76649916
0.5958761
0.82984924
0.96945995
0.90905446
0.9690074
0.9483231
0.874007
0.9705516
0.9976561
0.9634713
0.9518904
0.94350576
0.9439266
0.7367365
0.9082705
0.8535348
0.66733015
0.9853908
0.55407685
0.92746174
0.93796325
0.9627244
0.70358014
0.8700659
0.95510614
0.96804464
0.5465765
0.83377266
0.84141624
0.9981454
0.9764427
0.90697587
0.90755403
0.98439145
0.70437616
0.78394765
0.84398395
0.9767029
0.9507367
0.9067828
0.96454614
0.78963757
0.9302451
0.7084788
0.85260284
0.932816
0.9292438
0.87177676
0.8842252
0.87130296
0.8202565
0.94374096
0.9107838
0.959645
0.93562937
0.98437876
0.9733802
0.903306
0.9744408
0.75031817
0.9655788
0.6234339
0.8645573
0.92544085
0.5634769
0.98835623
0.9909214
0.97706074
0.89661676
0.9805357
0.8463118
0.8119011
0.74501747
0.85933083
0.58085424
0.9651086
0.95210314
0.9862134
0.9736225
0.9709778
0.9825262
0.995214
0.874169
0.8226509
0.9750626
0.93765247
0.8625102
0.90230507
0.98807174
0.9100522
0.9263739
0.95967966
0.9271015
0.7621183
0.72549325
0.65514386
0.90105695
0.86074793
0.9719486
0.8570492
0.7559786
0.92424375
0.977345
0.8889369
0.95047194
0.90896064
0.7302053
0.80349606
0.92343354
0.8995994
0.9966259
0.8895474
0.7706446
0.94249845
0.96717304
0.98486936
0.8395227
0.8195741
0.9130634
0.85873944
0.91266394
0.9397362
0.8560071
0.9483938
0.84273946
0.9142017
0.8773529
0.97037905
0.930787
0.9808448
0.9453796
0.9013888
0.81693065
0.797707
0.7553667
0.84496415
0.9699945
0.931166
0.9166738
0.8455396
0.9656246
0.94728035
0.6309335
0.52967083
0.7845938
0.95925224
0.9925063
0.96814084
0.9935364
0.9053868
0.8824856
0.64892995
0.9659216
0.8637035
0.55803293
0.795958
0.73500764
0.9208783
0.7421068
0.8762563
0.65059334
0.938133
0.7872037
0.935974
0.9771055
0.80500746
0.9807301
0.91369087
0.9055005
0.8225522
0.90617806
0.96969014
0.9928788
0.759011
0.98369014
0.8586378
0.9713919
0.7101154
0.8957286
0.9222811
0.99317735
0.86403966
0.9956575
0.94511855
0.73104364
0.9863061
0.68458855
0.88796496
0.95983875
0.9913103
0.966302
0.9480986
0.9751806
0.8833227
0.75077087
0.9360794
0.90205616
0.9869096
0.54121315
0.76489156
0.9954283
0.90393764
0.83796614
0.9240825
0.9370822
0.90721774
0.741475
0.85306656
0.7259056
0.94011486
0.93152106
0.95077336
0.7577353
0.9784472
0.7496052
0.7424233
0.9468987
0.99230456
0.80375046
0.8371248
0.8771403
0.8781935
0.97740686
0.49235916
0.8763508
0.7569792
0.8349571
0.8440002
0.89442503
0.95416427
0.9149978
0.9055981
0.75723004
0.7199851
0.9871211
0.92946106
0.97763425
0.96684563
0.91703564
0.8807578
0.71825767
0.9813882
0.7673539
0.88709754
0.8726311
0.9103445
0.8429988
0.96380335
0.8603339
0.9215789
0.86665463
0.8827552
0.98798144
0.8915609
0.82345784
0.97685516
0.74330807
0.83295053
0.9536018
0.7914228
0.88259315
0.841811
0.8460014
0.9026884
0.9344669
0.7522637
0.9701991
0.74784064
0.9798267
0.7579384
0.73903906
0.87435347
0.8765444
0.9756648
0.84199756
0.83069074
0.868193
0.9842672
0.93932605
0.7502986
0.98545384
0.9845973
0.88234156
0.8266107
0.9508245
0.8596978
0.9292653
0.83561003
0.98703355
0.8327903
0.9507
0.86558473
0.9239723
0.9870878
0.9093509
0.87181675
0.53423804
0.9602659
0.8063331
0.77419466
0.9866141
0.89766526
0.9004282
0.9560032
0.9527972
0.8710518
0.9697318
0.9780493
0.8684871
0.7080914
0.91485536
0.6865964
0.93881774
0.52179974
0.9331163
0.8630082
0.90289235
0.93425494
0.7786481
0.9322188
0.88905776
0.7584327
0.7851637
0.97274655
0.71183
0.9251201
0.9854932
0.8841758
0.98625064
0.9134562
0.90005577
0.8821751
0.96861476
0.9061855
0.8311099
0.88592166
0.7949298
0.8891438
0.97860426
0.8760393
0.9405756
0.9866582
0.86957526
0.97643125
0.98590887
0.7293657
0.920829
0.70131904
0.7287762
0.96760374
0.7500832
0.8991705
0.9036
0.8869264
0.6797125
0.8923862
0.8331856
0.89157104
0.9665476
0.94486666
0.9794004
0.64278114
0.97228855
0.89978737
0.43022478
0.866835
0.88019884
0.8800227
0.9999998
0.6679688
0.83631533
0.86614126
0.8787886
0.89081645
0.804755
0.9862898
0.9147859
0.99464846
0.796965
0.9956776
0.8974673
0.88938636
0.90562844
0.99073917
0.9045343
0.9306026
0.97638345
0.9113822
0.7835866
0.8883387
0.95304954
0.8872786
0.9392135
0.9239499
0.97238517
0.9685024
0.92368233
0.82354426
0.62542146
0.93193895
0.90175956
0.82000446
0.85949457
0.81082267
0.68369967
0.8803179
0.4714326
0.95608014
0.6259012
0.82775354
0.755437
0.9413179
0.9460715
0.9212578
0.61218965
0.9223827
0.9494091
0.9131112
0.9902799
0.97865623
0.7059062
0.59716666
0.9910396
0.93272376
0.9206346
0.99216366
0.7829332
0.93695885
0.627969
0.9763498
0.83168024
0.9468703
0.9688737
0.80020297
0.9785315
0.9136605
0.9674192
0.95649207
0.9006868
0.82343036
0.96231633
0.9513033
0.3353489
0.90997803
0.70907843
0.97165567
0.76276535
0.9764217
0.72637296
0.99067646
0.806258
0.9451733
0.8156899
0.91077286
0.8241281
0.9010838
0.981323
0.9452283
0.76095396
0.83000594
0.25610408
0.8866072
0.9670098
0.9423903
0.8141892
0.89867854
0.8080199
0.90721637
0.9348834
0.9357062
0.9029895
0.90382135
0.8295186
0.838967
0.7081888
0.9790976
0.81908876
0.9605282
0.9929514
0.8838721
0.86270916
0.92001814
0.8537986
0.7019267
0.6626034
0.86697793
0.81205386
0.78506684
0.97505426
0.8929933
0.77900785
0.99698734
0.8785123
0.98052126
0.6416502
0.83382773
0.8889618
0.79776555
0.95869756
0.9945677
0.82725114
0.92123175
0.88855577
0.74650705
0.8103993
0.94292974
0.8852036
0.90755606
0.9588514
0.772699
0.92863804
0.98439735
0.96531916
0.99465746
0.93049556
0.9374635
0.9438494
0.7974638
0.552685
0.9658249
0.93183607
0.8799602
0.7696265
0.8899317
0.7726129
0.99084955
0.9513227
0.9125021
0.73247814
0.5382349
0.8111002
0.8958044
0.37891376
0.8825511
0.9166663
0.6649038
0.968441
0.9451078
0.8066933
0.8977364
0.9981835
0.8820838
0.77900475
0.9245606
0.8235637
0.85494536
0.9498745
0.87117773
0.76205224
0.92319554
0.9298973
0.8120404
0.9297744
0.7911691
0.8279776
0.9114881
0.9699005
0.7091796
0.7153143
0.78830993
0.9112387
0.9069646
0.8122003
0.88173175
0.9215221
0.87557626
0.94870865
0.66812354
0.7337802
0.7764263
0.89917433
0.69934255
0.93714416
0.9657781
0.84935975
0.85699415
0.7367301
0.8337913
0.89202636
0.8866334
0.83721274
0.98359084
0.9738277
0.94677323
0.99748695
0.9474652
0.8561245
0.8337323
0.7925344
0.92621964
0.79985255
0.6554793
0.9370221
0.9622971
0.7557411
0.9039246
0.9272907
0.7857213
0.43749678
0.8164462
0.86850476
0.9228602
0.9408332
0.8448979
0.97106975
0.6436025
0.8327515
0.9315673
0.98986363
0.96520203
0.98540574
0.8149926
0.7118517
0.73311067
0.9721155
0.69680953
0.6071886
0.94633985
0.8797842
0.8644974
0.9664879
0.87650144
0.8851811
0.73555285
0.78791404
0.8977281
0.8350269
0.9894358
0.9076953
0.7853217
0.8512699
0.9110129
0.94243914
0.97884464
0.85054666
0.8647898
0.9917251
0.97114944
0.84175634
0.95544016
0.8344668
0.8302387
0.7826142
0.8594533
0.9111495
0.8399253
0.97186744
0.68799335
0.9603459
0.83683383
0.9080531
0.91572666
0.9569985
0.90827984
0.8398061
0.91676927
0.8703103
0.8387127
0.8449858
1.0000001
0.9313507
0.75617695
0.83740795
0.83459276
0.89789474
0.9681531
0.7659079
0.8157743
0.91545856
0.849913
0.8679644
0.8457465
0.9274007
0.85098016
0.95461154
0.66653687
0.74378663
0.84574103
0.99323595
0.84541214
0.9406177
0.96011496
0.63149863
0.6414516
0.9631343
0.98878336
0.9134523
0.90005714
0.7630942
0.8606197
0.99735725
0.83917606
0.9648104
0.98082423
0.81819224
0.9282373
0.9942469
0.90982455
0.9973318
0.8855473
0.82576483
0.8548614
0.8984076
0.9884456
0.96767306
0.8260954
0.776158
0.9305771
0.80773926
0.82543176
0.9103247
0.9831534
0.701944
0.95801854
0.8347323
0.8751427
0.85882884
0.7385596
0.9672113
0.85005724
0.775105
0.9280791
0.97442985
0.89511585
0.91667175
0.9178454
0.8142532
0.9099704
0.8458144
0.8770222
0.89933324
0.9509485
0.9891232
0.86187184
0.89719474
0.7788062
0.677492
0.8345349
0.66961867
0.97246075
0.79406464
0.98447216
0.960147
0.6648228
0.7778253
0.95767736
0.97966486
0.9690883
0.8539305
0.82440704
0.8376157
0.8561739
0.977765
0.9885012
0.8283752
0.6183406
0.7937478
0.8591766
0.93696934
0.95078635
0.92452663
0.8073148
0.8779336
0.9089684
0.9935767
0.6581222
0.96993303
0.983339
0.9321406
0.96432245
0.8585762
0.82616955
0.98094153
0.7293571
0.7621732
0.907817
0.92969763
0.91646457
0.37142232
0.88679105
0.6589635
0.71514523
0.90698093
0.9488621
0.8853159
0.7567775
0.7303145
1.0
0.91030973
0.9313683
0.9783271
0.9298476
0.9526207
0.78446496
0.9820722
0.8887851
0.9726031
0.8897221
0.9028329
0.89908123
0.8354188
0.76155233
0.8876047
0.9548192
0.9234436
0.9489324
0.9699318
0.6813632
0.7717198
0.91551673
0.9283468
0.7848215
0.8971822
0.46026388
0.9745037
0.9455612
0.8828876
0.8839126
0.91500676
0.9632722
0.98567903
0.8805947
0.9665643
0.8079767
0.9407841
0.6662557
0.9280039
0.79725546
0.7786455
0.751584
0.7590312
0.89089847
0.8907872
0.9007155
0.77121353
0.8420351
0.89607316
0.81902605
0.7892914
0.70673
0.8475352
0.9179505
0.8872977
0.76007175
0.21751785
0.9662542
0.9109267
0.87654626
0.8745413
0.91378
0.9381707
0.9799805
0.8586674
0.93383145
0.9726012
0.83241403
0.9167795
0.9351531
0.9795352
0.68492734
0.98813707
0.95033944
0.95832914
0.9346479
0.7632077
0.72818714
0.9435772
0.982333
0.64823234
0.819817
0.9657092
0.9825674
0.6646502
0.89714855
0.9667241
0.9108142
0.75643337
0.9046969
0.8497885
0.7866571
0.72689843
0.8469975
0.9129015
0.91723585
0.86926836
0.9247045
0.95128584
0.98116416
0.6787774
0.86419475
0.987901
0.82882607
0.7119872
0.9465431
0.89690244
0.97426456
0.80821955
0.9703264
0.9381284
0.7049186
0.80013293
0.66597784
0.8792698
0.93066305
0.87361884
0.8318813
0.8175608
0.7370821
0.97032446
0.7452641
0.5495618
0.7926151
0.8823757
0.9707159
0.9063825
0.8107221
0.89074326
0.98435503
0.9623641
0.83798325
0.9494927
0.7782625
0.9615296
0.6548659
0.9462782
0.92518723
0.9559394
0.9448419
0.88619566
0.7875334
0.9438716
0.7693954
0.9375636
0.8723569
0.5580672
0.93654233
0.72395563
0.9630353
0.84333754
0.78732383
0.8841251
0.78180563
0.92289305
0.5782124
0.55898535
0.62974995
0.88563305
0.70006764
0.60545075
0.8475183
0.9316198
0.8900641
0.94980794
0.94188
0.7343674
0.9839291
0.7020964
0.8833656
0.96914756
0.8382398
0.9705797
0.74312633
0.90951306
0.8802798
0.55569166
0.93437946
0.97369677
0.89914536
0.9813819
0.92020094
0.8146389
0.9297184
0.9842256
0.91308856
0.84157634
0.99029785
0.9329246
0.9682609
0.96415204
0.86259174
0.89117
0.8847226
0.9477502
0.92521745
0.80457294
0.9615741
0.9312419
0.8050629
0.9727173
0.78608763
0.9205633
0.94946873
0.95821244
0.92867666
0.8225769
0.89640725
0.985579
0.8486048
0.99003184
0.7673493
0.9615067
0.8197039
0.829368
0.975348
0.94248974
0.9129014
0.80178416
0.9505536
0.5435142
0.93038505
0.9583382
0.8079999
0.9685831
0.9677726
0.93394905
0.90365773
0.9322731
0.83196044
0.61812735
0.9080839
0.90648454
0.95819736
0.9680747
0.7954473
0.9713234
0.9863544
0.7398584
0.83446676
0.87866277
0.9021063
0.937895
0.83593607
0.655913
0.91815114
0.79524285
0.8160267
0.7125548
0.7674398
0.89669263
0.9581411
0.8909309
0.87000036
0.7432555
0.93085647
0.92285013
0.95409423
0.9829014
0.8206835
0.58577704
0.94499934
0.9204741
0.8291271
0.9815315
0.9082395
0.9012481
0.89708215
0.8468167
0.93603987
0.8864856
0.86530226
0.7469778
0.94774634
0.9909669
0.7020289
0.050270937
0.8269134
0.8854458
0.9415082
0.9651375
0.86993176
0.9449837
0.8607181
0.97466564
0.64582855
0.8314266
0.8954374
0.80737215
0.7521292
0.90615773
0.8565614
0.80494404
0.7936814
0.83926916
0.93891925
0.90871656
0.96558315
0.9210901
0.86901534
0.792735
0.9528476
0.9710384
0.9450341
0.8819083
0.76356137
0.9365799
0.92477584
0.7593804
0.9643109
0.85121554
0.9295772
0.88768834
0.95029587
0.9007124
0.87584686
0.9293252
0.90178424
0.6913162
0.92845565
0.93078613
0.88877714
0.66971713
0.96699274
0.9230349
0.93407553
0.9858076
0.85721517
0.41448689
0.6815882
0.7212204
0.80703926
0.86445653
0.9249588
0.67738956
0.9832357
0.9071798
0.6447174
0.8545477
0.70869386
0.94491833
0.54659826
0.8222761
0.90121126
0.9415492
0.69288045
0.7187674
0.8247965
0.96061754
0.68303967
0.810476
0.9860743
0.68685484
0.78009707
0.9916162
0.9877086
0.9331208
0.9674503
0.9252669
0.8621875
0.85256654
0.9675359
0.90744793
0.8039217
0.65193105
0.86727935
0.7819725
0.79422504
0.98223615
0.7035659
0.97396934
0.9227499
0.8844099
0.86115074
0.8237854
0.7711596
0.7630335
0.77372855
0.9736475
0.9702779
0.9796987
0.8612628
0.72020185
0.7253112
0.9841209
0.97759116
0.855996
0.92414045
0.94089365
0.99809575
0.7889942
0.70252436
0.9591225
0.87901115
0.74538445
0.89949924
0.9194136
0.974268
0.7079424
0.9164268
0.88716245
0.87195694
0.87410474
0.913862
0.6582807
0.8971611
0.661049
0.8307301
0.93351734
0.9436239
0.9514954
0.95437187
0.73407006
0.7541083
0.9635333
0.681493
0.8069185
0.84862226
0.58852565
0.9719276
0.8815616
0.84645283
0.95471656
0.90090966
0.98181045
0.6884817
0.97891754
0.65464526
0.8900594
0.7371473
0.9751252
0.84255993
0.8882088
0.9661064
0.8309645
0.8264599
0.8444981
0.9973396
0.8341491
0.93641746
0.788385
0.9894479
0.8520805
0.96842927
1.0
0.89898413
0.6479905
0.9319116
0.7346173
0.9234351
0.77301645
0.92522097
0.90941894
0.89095813
0.8861944
0.9176259
0.9091108
0.99430007
0.81438524
0.91793334
0.80870336
0.8613129
0.9310819
0.82641655
0.5511097
0.74152046
0.94174886
0.7749314
0.9739353
0.9196086
0.9507196
0.8580686
0.61156493
0.72331494
0.9130566
0.9550744
0.57851297
0.9178161
0.81406015
0.64668226
0.88453346
0.78628945
0.6752162
0.8955984
0.90250254
0.9429619
0.9579702
0.98671436
0.9383627
0.84824526
0.99441093
0.82211655
0.97028995
0.7956978
0.7435621
0.902696
0.93302596
0.7720004
0.7786742
0.8376564
0.85176677
0.8602101
0.7502437
0.95056844
0.8110919
0.69136745
0.8441483
0.9177858
0.854126
0.95653856
0.8851807
0.7152243
0.89828515
0.7700914
0.7479972
0.87147874
0.5544141
0.8535309
0.72876465
0.7657954
0.9640134
0.98598534
0.39349994
0.89734685
0.9379458
0.9885472
0.71728706
0.94637907
0.9907463
0.89271957
0.8825863
0.9664741
0.8242629
0.8604268
0.8867461
0.9429322
0.6491896
0.9231471
0.69971377
0.98984414
0.8996121
0.9709653
0.68221873
0.77240145
0.5883566
0.9225615
0.8883838
0.76028687
0.94429326
0.83914566
0.8116987
0.9131098
0.98535
0.82088065
0.5579829
0.7780299
0.814161
0.9092721
0.9327357
0.87722695
0.92139584
0.91551864
0.95438075
0.8417225
0.9543579
0.8380109
0.87547195
0.6364442
0.9801395
0.919948
0.9744446
0.95746434
0.81711894
0.9026383
0.75729215
0.7552973
0.76189303
0.9115692
0.9943756
0.7440188
0.62731266
0.59937304
0.94681364
0.73143107
0.95001984
0.5526373
0.963166
0.93259317
0.7095938
0.98407453
0.7722613
0.8035869
0.9766757
0.8952796
0.9126426
0.8617608
0.8889911
0.82720524
0.9554676
0.8335961
0.9402225
0.861826
0.9208372
0.978451
0.8633183
0.86451215
0.9148774
0.8557642
0.84920156
0.9913717
0.9884511
0.97623056
0.9527311
0.97887117
0.5423581
0.99033135
0.9407852
0.96668464
0.9471427
0.97866017
0.97051394
0.86512256
0.8904988
0.9032062
0.9717755
0.95434725
0.69328743
0.9424802
0.97855675
0.70221996
0.8941137
0.9613523
0.96704847
0.90866673
0.6983162
0.8318819
0.9980862
0.85696065
0.88420963
0.8917516
0.9131764
0.8597052
0.95490336
0.948117
0.99385184
0.9858191
0.34754115
0.99740523
0.7282928
0.9603513
0.85588837
0.9075124
0.94235903
0.97647035
0.81472945
0.96106184
0.93292457
0.88654673
0.798438
0.9016735
0.8700391
0.6785633
0.84776676
0.7532897
0.9208283
0.8935863
0.8009572
0.88430256
0.8531133
0.91640425
0.6552123
0.93083775
0.70711565
0.98932254
0.94770926
0.8255048
0.90777975
0.8322441
0.91054684
0.81808823
0.9973939
0.8138501
0.9360889
0.841639
0.8995851
0.97306144
0.89925456
0.9450886
0.86020404
0.86424375
0.8267308
0.9761838
0.92011416
0.8469855
0.96385455
0.80583304
0.92130446
0.8151281
0.90411794
0.9654911
0.8666658
0.97431034
0.95472455
0.96166134
0.7356014
0.7262273
0.9278109
0.8539521
0.9312185
0.8919431
0.86607134
0.9167735
0.9342836
0.97464675
0.7382206
0.8125434
0.89278686
0.9724338
0.59333897
0.9230917
0.7456606
0.98985463
0.5553766
0.90959156
0.8431734
0.9339571
0.6851143
0.93364733
0.8698072
0.9646648
0.73706466
0.7811722
0.93207264
0.9641525
0.8433825
0.88622606
0.97769755
0.8934747
0.65778
0.84039646
0.9593032
0.8390157
0.7849382
0.72044605
0.9661759
0.90684617
0.99524087
0.974754
0.6798383
0.6561531
0.81466156
0.892782
0.8232614
0.8227608
0.92762846
0.74681836
0.92898166
0.88999456
0.8654006
0.8240384
0.56851137
0.97792673
0.9255595
0.8949998
0.9509719
0.9489302
0.86517066
0.9797716
0.9972573
0.9030359
0.5840838
0.89499784
0.85297096
0.8829544
0.81531996
0.93888354
0.9140466
0.81709796
0.6892731
0.92151326
0.754753
0.9571881
0.97686285
0.8981974
0.8612847
0.629383
0.6265046
0.9068845
0.9932267
0.75309265
0.97992355
0.90779024
0.96525896
0.8377589
0.9741718
0.95902425
0.8228322
0.6197594
0.7391933
0.87250054
0.94337976
0.99643236
0.6517422
0.95632875
0.7348318
0.9716341
0.90553266
0.896836
0.8536922
0.8368528
0.8151702
0.8004025
0.66604453
0.7675743
0.89448965
0.8496749
0.89348066
0.8543315
0.8492196
0.6565503
0.8440297
0.86201537
0.66945386
0.9087751
0.89751834
0.77469015
0.85053754
0.7693863
0.8504923
0.97031474
0.89139974
0.9851391
0.8519145
0.9711134
0.85103863
0.60758346
0.88504505
0.96989053
0.97875214
0.9563127
0.88251495
0.6748018
0.9591608
0.8885286
0.9081832
0.9499153
0.96095705
0.89645237
0.9369305
0.94699556
0.97135985
0.88391215
0.8160591
0.87012964
0.49622333
0.8834983
0.58613616
0.9583514
0.7820427
0.9188919
0.97914255
0.97226334
0.9960879
0.63410264
0.8757322
0.9267083
0.9133036
0.98415333
0.8423326
0.6348392
0.9138631
0.989673
0.7009461
0.9617876
0.93528557
0.9206118
0.9489608
0.89025354
0.49094734
0.706524
0.95837146
0.91450113
0.92015636
0.83218575
0.7561702
0.87800854
0.7985948
0.9769542
0.7400932
0.83508784
0.9810616
0.8782473
0.96324664
0.924958
0.8461647
0.70153415
0.64699113
0.8273033
0.9488176
0.68854606
0.8801288
0.8907199
0.84726274
0.9882076
0.8306792
0.80489665
0.91168654
0.9615996
0.9127228
0.9574678
0.7747339
0.94621587
0.6781436
0.93370354
0.87893426
0.67187864
0.84456545
0.94276816
0.8966224
0.8503158
0.9670013
0.72193515
0.86849856
0.8981015
0.72555083
0.9203706
0.9528332
0.97877896
0.83299315
0.9776347
0.70116884
0.9169314
0.9542826
0.90434253
0.9179866
0.73894167
0.9495693
0.95293486
0.86483246
0.98179907
0.78925663
0.8091714
0.8096814
0.9920722
0.9697547
0.86515987
0.7010504
0.9916704
0.9696138
0.9443903
0.8410398
0.53525513
0.70015365
0.68814296
0.5766259
0.9179761
0.72250825
0.98677295
0.9691485
0.9119299
0.90534925
0.9374043
0.93819827
0.83368367
0.9314018
0.7098675
0.9240601
0.95826924
0.9835372
0.95654666
0.7812295
0.7342585
0.8825185
0.98975146
0.8146778
0.718721
0.9790603
0.9154978
0.88519716
0.98234755
0.7427906
0.6334765
0.6732839
0.7873045
0.6259048
0.9149806
0.9387731
0.80441177
0.95558685
0.80107266
0.9233774
0.977531
0.8540598
0.8630152
0.8495123
0.89457256
0.93329144
0.84155184
0.9728428
0.8438058
0.9738327
0.95971787
0.977962
0.58325905
0.9019944
0.95621675
0.8430182
0.8335062
0.93204826
0.9004664
0.799131
0.8604748
0.59922427
0.9447066
0.71074605
0.9113396
0.7294162
0.9527738
0.9459076
0.76724505
0.96850634
0.9032775
0.96302575
0.919999
0.95089656
0.7146634
0.6943314
0.8104983
0.97401655
0.8989627
0.77790374
0.7838601
0.76395226
0.9000319
0.9059066
0.76305753
0.9881803
0.8338158
0.85641676
0.9415766
0.99237657
0.94811594
0.93888605
0.92658246
0.97938937
0.7812747
0.98708117
0.9210007
0.8829171
0.93318033
0.71545494
0.8461101
0.9891063
0.9372276
0.8346193
0.85247254
0.9267159
0.9788471
0.97130907
0.9752068
0.80305374
0.89379567
0.7067136
0.921783
0.9727983
0.8895571
0.8762252
0.9921996
0.9493657
0.98368376
0.98683524
0.8726901
0.97906375
0.96957564
0.96669024
0.8385703
0.7869815
0.8596515
0.662766
0.76312673
0.86112505
0.900552
0.6336388
0.9255521
0.891878
0.8578609
0.76449823
0.8471247
0.9128798
0.93792427
0.9586164
0.69413215
0.93549514
0.6962891
0.91859114
0.9925726
0.6247405
0.58857745
0.9276901
0.70191133
0.96090937
0.7360794
0.9841945
0.9478443
0.8624329
0.9179017
0.9387587
0.87934303
0.78019404
0.8595805
0.9530294
0.94637793
0.71938396
0.7302153
0.93916464
0.9375833
0.9643259
0.91404456
0.87943274
0.96031207
0.7690406
0.8706243
0.8421589
0.9180554
0.83378875
0.7646518
0.8111515
0.86961186
0.90556693
0.76782435
0.89551014
0.8310581
0.88592917
0.8533486
0.90899724
0.9339685
0.63116264
0.83825445
0.85821015
0.92995894
0.91268367
0.91840744
0.83674973
0.76128125
0.8218507
0.9953555
0.901241
0.9039908
0.8050951
0.93414813
0.77717537
0.7216036
0.837368
0.7244824
0.7894434
0.81607693
0.5262473
0.9607611
0.9877447
0.7480293
0.9696655
0.94095737
0.8642782
0.89646
0.9126599
0.8831027
0.97768676
0.9640502
0.8526107
0.92115813
0.9352378
0.9502324
0.8966409
0.89871716
0.90543455
0.7593725
0.9622933
0.67400247
0.99364066
0.87234896
0.65452814
0.7518768
0.8390021
0.859166
0.7218475
0.7412192
0.7507117
0.90336436
0.9971218
0.7086994
0.8092791
0.73650515
0.9712469
0.97348136
0.8425078
0.93907523
0.72903264
0.914878
0.93241
0.6513171
0.8473218
0.81251454
0.883262
0.8849875
0.848514
0.91279566
0.9228225
0.9837956
0.9039032
0.9716664
0.74522525
0.85602605
0.9896987
0.88061863
0.6880151
0.91372144
0.7698879
0.96111774
0.9630397
0.93797565
0.9459728
0.9714105
0.77468
0.87342256
0.8918287
0.99735886
0.9668412
0.885055
0.85482
0.7748305
0.7862737
0.71499825
0.70396316
0.9975074
0.9332332
0.91702414
0.7140879
0.897174
0.6361711
0.9136537
0.8505532
0.92077976
0.71505845
0.7789906
0.9568173
0.90958863
0.9671372
0.97837657
0.76120746
0.7793085
0.9754249
0.8714143
0.9177879
0.92674255
0.7749115
0.77283037
0.9441576
0.9331993
0.86174965
0.8571944
0.84734815
0.9337016
0.82776666
0.8360069
0.7585069
0.88819104
0.1450158
0.8895206
0.99278206
0.9151788
0.7864101
0.78544164
0.8275584
0.8789373
0.9975629
0.8595186
0.9245357
0.81239015
0.74083924
0.94632
0.9816253
0.81317043
0.79533434
0.9747865
0.9203713
0.64581186
0.9934872
0.7134949
0.83582956
0.95788443
0.94174796
0.82243633
0.9629413
0.8615523
0.9120928
0.8519089
0.8640736
0.8846168
0.8719009
0.98360157
0.97927046
0.941824
0.956605
0.92697614
0.81923187
0.87072146
0.9207406
0.7676481
0.60028595
0.7192585
0.99063534
0.97517604
0.9782382
0.94440174
0.9494963
0.5708405
0.8906942
0.8839548
0.98191917
0.8742039
0.8604024
0.9411876
0.95683604
0.8205878
0.370096
0.91833144
0.80619895
0.89822
0.7210682
0.88980603
0.7800964
0.9742412
0.91323596
0.8232067
0.8531
0.41941422
0.8414191
0.49838397
0.87446237
0.9244983
0.7746884
0.71462125
0.93770206
0.9645408
0.6736423
0.95443237
0.78525746
0.9181257
0.9334735
0.85122406
0.9723462
0.71880597
0.88281155
0.8067917
0.8589566
0.82070684
0.74731183
0.3118148
0.89577353
0.8705187
0.904615
0.9546085
0.8055074
0.8952029
0.90709466
0.84569454
0.9877398
0.89431787
0.9893316
0.8823359
0.9068055
0.84445
0.8538353
0.8520453
0.5136298
0.91615665
0.9702322
0.9382417
0.86308247
0.97046196
0.8216839
0.98516214
0.8040145
0.566735
0.60537446
0.9093218
0.8813295
0.89989173
0.93818605
0.53808165
0.67035764
0.8260331
0.4294086
0.86056423
0.9746725
0.9671303
0.86698925
0.8413784
0.76542324
0.9532433
0.9017759
0.6422283
0.81961405
0.9207921
0.9053354
0.9111826
0.9652643
0.8872959
0.91891146
0.84782326
0.64590126
0.8686651
0.6781105
0.976917
0.5924946
0.7790852
0.5645108
0.910717
0.7845784
0.9557044
0.8313451
0.7820951
0.7917417
0.47265926
0.6827587
0.9523021
0.69076294
0.8948917
0.96751505
0.97704464
0.9010924
0.9123324
0.90713465
0.9578156
0.97765404
0.6319413
0.58189064
0.9270376
0.8366261
0.91217947
0.8850293
0.82760316
0.79761404
0.88661873
0.78607184
0.82687366
0.91532123
0.81380916
0.6354059
0.83073425
0.79227173
0.8981985
0.9910206
0.99268186
0.9558277
0.92865014
0.9867422
0.7498313
0.8978727
0.76650345
0.9158837
0.90898734
0.9288065
0.88801795
0.95274764
0.9656223
0.3969823
0.96524906
0.8709478
0.5082871
0.95895934
0.81386405
0.7035257
0.7049016
0.9662672
0.9430365
0.95214194
0.6543415
0.8377254
0.9497105
0.94338495
0.95125484
0.9582579
0.8164785
0.891249
0.95319986
0.96394944
0.9634754
0.92776585
0.98774695
0.8606754
0.6788388
0.86495656
0.7802375
0.84834576
0.73109496
0.8382249
0.76452625
0.6662999
0.8362609
0.9270903
0.9707699
0.9390805
0.9469981
0.8864791
0.6107837
0.8884363
0.96301174
0.99092656
0.9472817
0.7663877
0.98588085
0.8928528
0.9384318
0.9027861
0.86441815
0.98769486
0.86978364
0.7816276
0.98991054
0.81082475
0.42827606
0.7406835
0.91641545
0.8257686
0.9500452
0.8134838
0.8554832
0.94508034
0.655918
0.9538594
0.9331865
0.9484998
0.8361994
0.80188227
0.64295536
0.77238494
0.7561318
0.77153546
0.91944695
0.8746656
0.6384913
0.7902744
0.9190528
0.9124456
0.77184623
0.8555662
0.8442738
0.8562553
0.7353084
0.9479442
0.96673167
0.87533563
0.88546103
0.9588299
0.90625805
0.83063734
0.7112913
0.83911395
0.9560937
0.92953813
0.7568723
0.6849199
0.90103734
0.93986636
0.721916
0.96431816
0.718077
0.70994866
0.937225
0.92679024
0.90397894
0.67690444
0.7194239
0.93660676
0.7700319
0.8684905
0.866984
0.8797891
0.9390091
0.9122017
0.7625264
0.8074768
0.9098833
0.7857076
0.8550602
0.78202116
0.86572456
0.96804756
0.7872684
0.6134606
0.8942085
0.9666155
0.98799086
0.45553556
0.6548915
0.79615015
0.81827575
0.90504354
0.9207586
0.9621975
0.8461313
0.93508476
0.8970803
0.7663074
0.6826543
0.7954353
0.8459559
0.98683614
0.81857646
0.79205847
0.86854446
0.8506707
0.8716373
0.8471178
0.8628387
0.82497776
0.99678355
0.88521445
0.91862094
0.86757076
0.9395385
0.96696234
0.900884
0.9238461
0.96757704
0.6849683
0.9548436
0.83889014
0.65074
0.97361124
0.8351237
0.9525035
0.9320935
0.2930752
0.81485116
0.7136847
0.81825507
0.7910137
0.8379499
0.9745563
0.7204616
0.6292511
0.85286325
0.71504444
0.6417728
0.9154639
0.754572
0.9618279
0.95629036
0.9680174
0.90928054
0.9031339
0.87729484
0.87374574
0.9355968
0.9521626
0.78145236
0.81283873
0.9837067
0.8050873
0.9209596
0.9005158
0.7759898
0.649136
0.98279023
0.97839
0.92511094
0.9706681
0.8507203
0.7592121
0.8399181
0.88408893
0.7315715
0.4924747
0.5317188
0.96531695
0.559036
0.9164154
0.9665166
0.8492054
0.9642817
0.94538194
0.7802876
0.7180959
0.99525124
0.9237363
0.8499813
0.7548319
0.9532118
0.98222405
0.6125569
0.8845246
0.9344196
0.93149
0.9450107
0.9230623
0.9985717
0.9887397
0.82196605
0.7920318
0.9782841
0.88067204
0.6232074
0.96648824
0.9367927
0.6533727
0.7647152
0.6099841
0.9383576
0.9636683
0.93494296
0.9504679
0.9335207
0.6517899
0.8915577
0.8266693
0.98118246
0.8302548
0.84308034
0.884584
0.44656494
0.8171597
0.9972789
0.91107565
0.94547886
0.87128794
0.9089254
0.789559
0.7605581
0.85118604
0.95501405
0.41882786
0.9240086
0.9550721
0.9376186
0.9194682
0.890595
0.7126543
0.7540825
0.9839549
0.97097033
0.9567801
0.93189657
0.8060098
0.944887
0.9042027
0.7578974
0.9834692
0.80624557
0.96940374
0.8691573
0.72351444
0.9143831
0.8571539
0.7991067
0.97129345
0.7750145
0.8631403
0.8648874
0.8420488
0.8474068
0.6958784
0.9677558
0.97167546
0.9034565
0.99472696
0.897055
0.9430629
0.90725434
0.8966863
0.8567521
0.7766081
0.81166
0.8008285
0.9513197
0.78933394
0.97346425
0.80059814
0.99074453
0.6949221
0.84185016
0.95170677
0.8912007
0.8147279
0.92609423
0.77515584
0.9056937
0.96546084
0.85398865
0.9742652
0.7689148
0.8553151
0.90074366
0.7354315
0.897674
0.9503231
0.7682475
0.8444606
0.9505402
0.9823926
0.8822992
0.697031
0.83962756
0.7577205
0.7896459
0.9189757
0.9098149
0.7407916
0.80776656
0.98230743
0.8812913
0.6541758
0.7888927
0.8527548
0.8415692
0.45971736
0.990451
0.7670461
0.9572052
0.7506326
0.6495053
0.95846164
0.72233367
0.6666115
0.91014105
0.97591317
0.94813037
0.84348327
0.83016634
0.80980176
0.9163171
0.93352467
0.86301386
0.7665658
0.95000327
0.68424374
0.94328696
0.348395
0.92046
0.51719445
0.9263582
0.93300736
0.87434334
0.97316873
0.858538
0.867293
0.9199353
0.845529
0.7821629
0.815778
0.89118326
0.8786288
0.97652596
0.8163597
0.8827869
0.89864314
0.8550524
0.9869571
0.9170946
0.8482908
0.9522366
0.9407028
0.86191785
0.97972023
0.95057154
0.88363457
0.8818819
0.9886329
0.89629287
0.8309164
0.98705053
0.8951139
0.9125657
0.63626707
0.91786027
0.9168994
0.79503095
0.54117763
0.83625484
0.94290733
0.9067066
0.920372
0.9023995
0.8145758
0.67122656
0.9266218
0.8619197
0.9974148
0.77180547
0.87016976
0.9119941
0.9508861
0.90095145
0.86090946
0.9686104
0.816349
0.8437186
0.8489788
0.9689957
0.6211529
0.80092585
0.9493784
0.7221464
0.8400105
0.95835817
0.91207904
0.8789729
0.83910775
0.8976613
0.62503695
0.92010134
0.9452194
0.9324802
0.99169314
0.98397315
0.82329166
0.8032495
0.7347381
0.98118395
0.9256331
0.9231554
0.94573355
0.9786569
0.9109617
0.7561264
0.96836215
0.9484825
0.8940109
0.77105755
0.8878354
0.8024602
0.7915983
0.9294653
0.79780614
0.9108821
0.782428
0.8541731
0.8920241
0.87991214
0.944052
0.89531565
0.8290891
0.8870819
0.9596724
0.9060438
0.98155606
0.72799695
0.91743547
0.6410961
0.64785343
0.920433
0.84029686
0.92148787
0.79936314
0.9630689
0.92661387
0.73107755
0.97361916
0.8705236
0.7360858
0.90664333
0.95899373
0.87323207
0.83985364
0.8432598
0.93645334
0.8711002
0.82382274
0.8122764
0.9497751
0.94915676
0.98129123
0.6284984
0.7572009
0.849681
0.98523706
0.8179036
0.89182436
0.9027358
0.7621225
0.9727598
0.9611805
0.8064732
0.95768595
0.8661256
0.87653357
0.7568504
0.94226575
0.93673676
0.9530117
0.89563483
0.9892112
0.8600354
0.85165477
0.8923735
0.79124284
0.9031677
0.93408334
0.951077
0.85358286
0.9302913
0.46971926
0.9239165
0.9251739
0.9279579
0.95394945
0.87260866
0.9757781
0.9626236
0.6701107
0.72339284
0.7819497
0.6730813
0.8567315
0.67644906
0.72454864
0.73043406
0.87130344
0.8864549
0.9417456
0.90965176
0.7142926
0.7771033
0.90776545
0.91989076
0.9305671
0.74333495
0.9440914
0.6730646
0.8549861
0.9874767
0.86763
0.87977034
0.8133442
0.75374854
0.9322188
0.8589104
0.8476156
0.9456084
0.8843159
0.97367346
0.9142573
0.9177122
0.73437023
0.69808424
0.49607944
0.8978833
0.839076
0.86102366
0.96582234
0.8346048
0.95316434
0.9362202
0.9595725
0.83268875
0.9329586
0.7317887
0.9219942
0.93092537
0.985677
0.9348158
0.7562654
0.8419218
0.98953635
0.9304269
0.7875782
0.5723993
0.9400117
0.573881
0.96544385
0.7586737
0.7729828
0.9611056
0.8923392
0.81879926
0.7888483
0.897884
0.7888279
0.5878831
0.847888
0.99599326
0.8764615
0.95375204
0.9394667
0.9477255
0.80344075
0.7717569
0.95488393
0.8543891
0.9360886
0.7490949
0.92022276
0.9443758
0.9827602
0.88355047
0.8902651
0.9159402
0.90723443
0.7857799
0.9421841
0.86771923
0.93329054
0.88464046
0.8604837
0.8397161
0.92647856
0.85523933
0.93134594
0.8630986
0.960312
0.6643897
0.9079928
0.89989835
0.94260615
0.8319021
0.6646773
0.8418421
0.95331067
0.76867306
0.8879347
0.7395318
0.9965439
0.7342679
0.8405205
0.81940293
0.8345933
0.86575186
0.63970613
0.9464683
0.97124773
0.9094752
0.88549465
0.92533517
0.72950417
0.8950685
0.9199777
0.98759866
0.8650444
0.94673306
0.84295267
0.8912263
0.82043207
0.9710172
0.7181083
0.9756282
0.63693357
0.9171406
0.941921
0.94560605
0.94463015
0.89544207
0.75438017
0.7735767
0.49034083
0.8427927
0.83392745
0.9355185
0.9134428
0.9868116
0.6698394
0.78773975
0.86782557
0.9673664
0.83444667
0.60810065
0.9549718
0.92138153
0.711722
0.9099032
0.43349105
0.7652094
0.8939849
0.9187635
0.9314715
0.9920871
0.97208333
0.82238567
0.97547376
0.73729354
0.9448966
0.9881564
0.88060504
0.937451
0.81464124
0.78036034
0.935664
0.9202833
0.93150973
0.9103318
0.8998252
0.7914701
0.97057664
0.68753266
0.8105123
0.95177007
0.8824002
0.828979
0.57296
0.9876956
0.83009505
0.97843945
0.77584964
0.9219214
0.6348804
0.8786339
0.87169254
0.9369467
0.9506426
0.65481853
0.8910885
0.88479185
0.72471124
0.9325391
0.53532296
0.85634416
0.93611646
0.70149446
0.86553
0.85355365
0.89666635
0.99373287
0.9069874
0.99176216
0.981296
0.9419113
0.7702932
0.9392364
0.83724743
0.9013093
0.99213815
0.84094393
0.95022154
0.9629859
0.8692305
0.6528954
0.7854278
0.95258904
0.38979447
0.85223544
0.83246654
0.79771084
0.7113315
0.89364195
0.8802016
0.5942828
0.9245575
0.80385745
0.8921844
0.816634
0.8533149
0.91434693
0.9670712
0.93424034
0.9347721
0.7326364
0.446079
0.8832017
0.8342421
0.99803936
0.73770386
0.89080334
0.96171254
0.9165258
0.8180926
0.811479
0.9814793
0.9737091
0.7649769
0.8574043
0.8791698
0.93561274
0.91359115
0.8712321
0.84459037
0.84450436
0.9037893
0.7875866
0.9347447
0.76182675
0.89878714
0.86106986
0.6692158
0.9983471
0.776075
0.8936652
0.92036927
0.9538034
0.76472926
0.90181047
0.9824527
0.90430117
0.8633567
0.918576
0.90595514
0.9591291
0.8598557
0.62532926
0.9419615
0.8175205
0.9736471
0.9628877
0.91034913
0.85560703
0.7812637
0.86111295
0.81623566
0.83437514
0.93300396
0.79815644
0.5538415
0.85548115
0.9463041
0.9844346
0.84157866
0.73894453
0.7587313
0.9791085
0.9785392
0.8122011
0.8041083
0.94003856
0.93905425
0.9009466
0.7359043
0.782019
0.6977398
0.9273676
0.86121845
0.8762016
0.7932798
0.89280707
0.84897524
0.97701645
0.9002385
0.7397636
0.7507467
0.9111996
0.8715754
0.9393449
0.7723187
0.98828626
0.8985358
0.8337902
0.7008329
0.68879545
0.81315184
0.8608864
0.9746934
0.85613245
0.9471495
0.9662159
0.795238
0.664469
0.59366435
0.8957291
0.8194556
0.9006053
0.99007356
0.9981913
0.99570245
0.70934516
0.95769846
0.9118243
0.95000166
0.83038425
0.7853514
0.71505046
0.6548504
0.92500395
0.7531604
0.6663852
0.9980625
0.98169374
0.7586514
0.7813446
0.9598657
0.75112873
0.94171184
0.995303
0.8776832
0.98077315
0.8728389
0.943318
0.98557436
0.9953525
0.9338804
0.9500908
0.6028047
0.98752826
0.8462172
0.8003866
0.85451776
0.97698015
0.9121324
0.8042683
0.9034727
0.98894227
0.60608983
0.9236789
0.95422226
0.96231353
0.9856614
0.969632
0.99254024
0.93645483
0.7652999
0.94499576
0.9582543
0.95533663
0.90620744
0.8406906
0.97951645
0.95949745
0.6912857
0.635048
0.96967965
0.9449571
0.9000582
0.9466325
0.8854348
0.93389666
0.9972747
0.8721004
0.9149242
0.83645856
0.9783337
0.96486926
0.6616982
0.95548105
0.82359517
0.86920154
0.94730586
0.80616856
0.9872356
0.8339602
0.86888874
0.9406147
0.92404646
0.8688736
0.7895981
0.76027405
0.9034913
0.8294589
0.5736843
0.8064221
0.6749486
0.87116313
0.87688214
0.7145795
0.99673957
0.7471732
0.955743
0.9890235
0.9921528
0.8096783
0.9561708
0.6562036
0.96119404
0.9388543
0.93077004
0.98751354
0.73793465
0.732859
0.9639398
0.9077547
0.8986175
0.9489071
0.8396683
0.8812988
0.55124825
0.7893816
0.9646232
0.7904207
0.9557531
0.75475574
0.93741673
0.9802935
0.7966237
0.92020905
0.7746123
0.79704756
0.80665934
0.93457
0.7521469
0.8921
0.6738831
0.95241106
0.6228938
0.8893573
0.9021221
0.8851102
0.92277676
0.71946853
0.8879384
0.92076015
0.9292773
0.8920138
0.8034057
0.92623115
0.979655
0.93464077
0.95553803
0.9534635
0.745849
0.81696975
0.8490327
0.9202601
0.99838936
0.67475533
0.9252896
0.92128414
0.8482137
0.8617023
0.9964609
0.9249075
0.93996215
0.92114717
0.9506478
0.90663105
0.9733944
0.8274848
0.85639596
0.74042666
0.9559295
0.9654743
0.92996234
0.9409422
0.9596287
0.7541998
0.8750269
0.90051806
0.74443156
0.9591606
0.9806762
0.9152639
0.9788228
0.96316683
0.81301534
0.7226106
0.96800035
0.95644647
0.9626868
0.7942183
0.75760144
0.94300157
0.9312775
0.8981402
0.87699234
0.91108555
0.84543115
0.8504586
0.8357936
0.89203477
0.9295718
0.8794354
0.67893404
0.9445201
0.9386107
0.69793594
0.9035796
0.9014236
0.88265574
0.9192043
0.890426
0.93812793
0.9876431
0.8851869
0.9018205
0.8467791
0.8764181
0.83328456
0.7645686
0.9401091
0.55920625
0.864784
0.60132873
0.87775975
0.7246687
0.8181957
0.68367887
0.9656204
0.80887264
0.95082134
0.96736443
0.68683624
0.72328
0.98814064
0.9401854
0.9296622
0.7502197
0.7852149
0.7957984
0.9768801
0.9972004
0.79973644
0.99102926
0.95947903
0.96727246
0.7414942
0.9233538
0.8749869
0.97263175
0.9223106
0.9549191
0.8075246
0.91757953
0.8826845
0.9330184
0.97399646
0.9506284
0.97626925
0.97092706
0.84750426
0.97903615
0.9698113
0.92307043
0.9769838
0.963993
0.8859556
0.97626615
0.93870074
0.94594944
0.8931382
0.4846135
0.94185096
0.6075885
0.89915144
0.9753463
0.8241483
0.29904613
0.9735354
0.9748231
0.8870249
0.8103142
0.73000354
0.59968275
0.9154524
0.97869956
0.7264329
0.7052619
0.93357855
0.7477375
0.890309
0.84251714
0.7770381
0.84884465
0.7327623
0.9420941
0.8735466
0.9090245
0.93186766
0.8272949
0.95973957
0.8982501
0.8893601
0.8500699
0.86011654
0.67880917
0.64242244
0.9588986
0.987411
0.87377495
0.8288414
0.92408174
0.93200684
0.84454215
0.8856702
0.81717753
0.96395326
0.74486524
0.945377
0.90706456
0.80432594
0.97201866
0.9555553
0.98159254
0.7452003
0.7239483
0.8813381
0.9307469
0.64491785
0.97086066
0.8232601
0.83265066
0.90909207
0.9337588
0.9558931
0.8647828
0.99444366
0.76101166
0.8767004
0.9667071
0.8483925
0.94941336
0.82721364
0.91844827
0.89540875
0.777081
0.9515198
0.8603059
0.8931798
0.92987806
0.8274579
0.27624306
0.9010444
0.77896863
0.68265027
0.53718513
0.62883234
0.79041797
0.9350272
0.8449725
0.8633555
0.72476166
0.837506
0.97195727
0.9179766
0.9457228
0.68662035
0.8492817
0.918306
0.9812188
0.67104584
0.9061957
0.74905264
0.6784396
0.79396
0.99514043
0.8386576
0.97202206
0.70608926
0.44550025
0.9489038
0.90948856
0.8604416
0.9353532
0.97871804
0.79027534
0.9268029
0.96014667
0.829035
0.96406764
0.7396569
0.9302994
0.79978126
0.9892625
0.96952206
0.61850977
0.81047595
0.991811
0.91784304
0.9350275
0.9779027
0.8104272
0.80534893
0.90163004
0.8288789
0.7512683
0.8356212
0.8998441
0.92828643
0.9590666
0.88321066
0.9207035
0.8487591
0.83202887
0.8737599
0.7854865
0.79825664
0.94394827
0.93057895
0.89445746
0.9300523
0.9842762
0.9030869
0.98173076
0.74925077
0.9085771
0.8918818
0.9543753
0.9664048
0.959703
0.97220945
0.61643475
0.8247013
0.959371
0.8897058
0.69384027
0.9014906
0.88513887
0.935678
0.7745669
0.98389506
0.9775541
0.8679141
0.89088136
0.74543846
0.9434642
0.847633
0.7037494
0.8819426
0.76239383
0.88638645
0.827857
0.9435371
0.99842703
0.9462867
0.47339064
0.84052736
0.8168111
0.89076906
0.9877453
0.7880996
0.7487419
0.87142336
0.32318413
0.8567499
0.9498835
0.6856898
0.97090244
0.95122004
0.8272473
0.79977554
0.9460061
0.90099525
0.9266574
0.8590324
0.99249303
0.8511071
0.997211
0.63936913
0.8682229
0.9828701
0.9853928
0.7205014
0.91112095
0.9179703
0.7539176
0.925636
0.89038265
0.8795501
0.96183854
0.7021729
0.9373597
0.83282304
0.7832108
0.9264292
0.86070585
0.69225293
0.9564889
0.60703176
0.70317113
0.7478218
0.88724077
0.9778857
0.8098223
0.975568
0.9384435
0.98512864
0.92264825
0.8806421
0.7168067
0.97719324
0.832132
0.95418113
0.5648467
0.9148622
0.74691993
0.88437533
0.8765807
0.9294887
0.77774477
0.9579968
0.68003637
0.9659024
0.9165391
0.9442053
0.87608105
0.9779582
0.95789534
0.69960546
0.92821395
0.8276581
0.80817914
0.9936726
0.9561284
0.89801127
0.9224672
0.9615725
0.86403793
0.45301706
0.9890988
0.6866407
0.8900679
0.7372826
0.822966
0.8261408
0.9482864
0.8506561
0.7207155
0.7596136
0.92233664
0.9165229
0.92206234
0.76512885
0.7810947
0.76415
0.91344947
0.9108904
0.95608056
0.887934
0.7026329
0.8768634
0.8583541
0.93135506
0.7160455
0.86772525
0.5985321
0.80827206
0.8503375
0.7552398
0.906169
0.7962994
0.85300493
0.9356961
0.96528536
0.7851277
0.5579745
0.85362893
0.92320037
0.8579102
0.89946336
0.9289437
0.91048616
0.7978756
0.941683
0.97718835
0.9118065
0.8868316
0.97036564
0.9035806
0.7961898
0.8822299
0.5508988
0.65381706
0.7319131
0.7888513
0.9304455
0.9375658
0.845628
0.75121206
0.95316315
0.63562375
0.6704602
0.8011434
0.7732391
0.9652747
0.92080224
0.9218739
0.9198252
0.9017932
0.97989357
0.9066955
0.9612801
0.9472036
0.7987812
0.87063015
0.92162466
0.9387958
0.8257699
0.90140736
0.86985135
0.95990366
0.761431
0.88337314
0.83874
0.82594234
0.9521455
0.85074687
0.90454215
0.9610357
0.82265073
0.84581685
0.9226187
0.7486868
0.95794994
0.9190174
0.8299446
0.93460494
0.88367414
0.6765642
0.9665209
0.9436879
0.93170106
0.9153267
0.6587164
0.88304967
0.90452063
0.92455435
0.8980115
0.90824884
0.77931166
0.9044109
0.8289449
0.88752365
0.9896298
0.878163
0.94085705
0.92580575
0.81276464
0.9866976
0.7414249
0.8825892
0.8592497
0.8973625
0.9578022
0.9239838
0.95262814
0.9009611
0.6844178
0.7246852
0.95920783
0.96143365
0.71021426
0.86143494
0.7773353
0.8020465
0.7569581
0.72353476
0.93298125
0.8711157
0.8764299
0.88088
0.5734196
0.88411254
0.74266344
0.838785
0.8320508
0.8683542
0.81515497
0.96120346
0.94864094
0.8159885
0.7045205
0.8363983
0.9673697
0.8797466
0.92879707
0.95718896
0.84843004
0.68431616
0.89285225
0.9463247
0.9241522
0.96805847
0.81854177
0.99143434
0.8242308
0.9418492
0.9095153
0.87816215
0.9017223
0.6268013
0.94548774
0.9820659
0.70906484
0.7745422
0.62770677
0.8877403
0.9952555
0.8796207
0.94639283
0.34175372
0.87986046
0.8129494
0.9578977
0.9438411
0.7111642
0.92486644
0.9840118
0.8394117
0.92557627
0.90065485
0.812209
0.7106697
0.84512615
0.74639046
0.9545341
0.7016755
0.89766824
0.5196414
0.9012358
0.9580412
0.9912851
0.8371724
0.91343087
0.8702444
0.6758307
0.6708222
0.72903293
0.8913493
0.69102573
0.89138246
0.86194265
0.7612311
0.977619
0.86566156
0.85963523
0.9007926
0.98446095
0.87894535
0.7305559
0.8440065
0.98569566
0.9385987
0.7488586
0.8473295
0.42276534
0.86116886
0.8859303
0.70483315
0.97856283
0.90015393
0.9698435
0.9714152
0.8771069
0.9011849
0.8917222
0.84743565
0.75974
0.8098413
0.7451027
0.93925935
0.74832016
0.99309903
0.900367
0.94949734
0.9902994
0.87486964
0.7192032
0.9340608
0.8408634
0.8638325
0.94909036
0.985637
0.840109
0.63278705
0.785334
0.9479337
0.9612875
0.8256085
0.8906068
0.88761514
0.9368129
0.7662843
0.9624117
0.8976532
0.7773345
0.8706527
0.8983044
0.9958188
0.9032583
0.9865241
0.9860821
0.90021026
0.924723
0.87447345
0.9031662
0.8016592
0.8235743
0.6853381
0.983582
0.7837175
0.6616828
0.9271876
0.9368152
0.94793254
0.9160362
0.8409677
0.9165984
0.5495484
0.8516184
0.93117493
0.90054566
0.9802687
0.85251033
0.98559356
0.63745344
0.95000184
0.9320028
0.82868963
0.9148067
0.8312177
0.7864224
0.9471819
0.9723942
0.9405025
0.7941238
0.8542027
0.80018973
0.8764018
0.98886853
0.982128
0.90158105
0.94188404
0.96955997
0.8251155
0.9059624
0.9267073
0.63718754
0.7845418
0.9765099
0.9541773
0.7905526
0.8606075
0.7743586
0.8406324
0.77806175
0.8774315
0.95706224
0.7547271
0.8912473
0.8010943
0.85236764
0.787485
0.75768095
0.9340894
0.9300148
0.88606954
0.9840449
0.93493736
0.8976487
0.98861605
0.8580107
0.3717283
0.7991732
0.7860356
0.7925325
0.93707055
0.41548252
0.9075476
0.5637533
0.9841359
0.7812062
0.9680299
0.8467798
0.8751817
0.5895578
0.8911611
0.8809068
0.76245946
0.9787269
0.922192
0.76702195
0.9825746
0.9624251
0.8601571
0.76760745
0.77655846
0.90979517
0.9000923
0.7533748
0.737303
0.4269463
0.81700927
0.8908009
0.8081299
0.872542
0.79933137
0.928015
0.93891096
0.93882304
0.9574968
0.9872066
0.7397146
0.8478833
0.73982495
0.9619563
0.76772726
0.9862083
0.7495311
0.645658
0.9087633
0.5836988
0.9022815
0.82092196
0.94138193
0.8631605
0.7811364
0.86610734
0.98867416
0.7905729
0.97868705
0.9018628
0.86437845
0.79066336
0.8819558
0.8621433
0.92578954
0.90098983
0.8044551
0.6590351
0.8682575
0.61989355
0.91231865
0.88164943
0.9127736
0.8712821
0.8566223
0.902527
0.9336295
0.97916186
0.88067925
0.7889596
0.8653547
0.8767801
0.93239236
0.92413133
0.9446786
0.8639505
0.8520048
0.68396235
0.9326969
0.9925415
0.7448115
0.9109905
0.85085964
0.8582549
0.88414407
0.758741
0.8434618
0.9460875
0.7694044
0.7257668
0.9535556
0.94258136
0.8091131
0.83322036
0.75809216
0.9416199
0.8442658
0.99568075
0.8989856
0.9643258
0.89379185
0.97402394
0.9969008
0.7952481
0.9561573
0.9625867
0.92627275
0.8821574
0.83250475
0.9665688
0.6473545
0.9033279
0.91836995
0.8329922
0.7503913
0.85847604
0.9294969
0.8402507
0.90458554
0.7632519
0.87744
0.85617507
0.9062328
0.86012346
0.9701478
0.7170022
0.79058737
0.6859121
0.97888
0.9339931
0.9053071
0.98688513
0.9381916
0.8519765
0.6593584
0.8361593
0.89433795
0.86540645
0.6543037
0.919484
0.97369146
0.9806638
0.65456516
0.7944565
0.88352066
0.9274526
0.91154516
0.75883746
0.8504872
0.8794828
0.87282556
0.97268486
0.97831625
0.91215414
0.75448436
0.90751225
0.7526684
0.96300596
0.9218777
0.95786744
0.9692606
0.66926074
0.95081663
0.58731383
0.86594224
0.9884594
0.81817865
0.9251782
0.19431347
0.9159074
0.9293402
0.92581755
0.9191321
0.9236661
0.97876
0.91526943
0.87641656
0.75175554
0.76423174
0.99733496
0.924923
0.6962048
0.9107656
0.88335544
0.88507235
0.9868204
0.7693153
0.9766536
0.9071092
0.92362905
0.87213886
0.5832549
0.96995
0.74982303
0.5107597
0.8375517
0.71853507
0.94082075
0.933054
0.65915614
0.869781
0.6984627
0.90202266
0.9196281
0.792599
0.9052347
0.9237136
0.82523686
0.7606061
0.7920195
0.96136266
0.8737599
0.87735236
0.9398461
0.93392926
0.99810266
0.9641598
0.95424867
0.87714076
0.8340683
0.88336235
0.9810816
0.9282646
0.98297566
0.9008553
0.54366726
0.9586978
0.83253336
0.8315896
0.7918314
0.9851546
0.82091594
0.869912
0.9137645
0.7204839
0.912854
0.89808583
0.9647317
0.8009663
0.8964741
0.83259475
0.99434185
0.93145
0.9117268
0.9477037
0.8286982
0.8436857
0.531913
0.8051372
0.9505077
0.83360744
0.89300203
0.8061309
0.89025354
0.86493516
0.8554715
0.97147435
0.83603203
0.7275975
0.93192214
0.8970481
0.8087077
0.96506953
0.9639075
0.774322
0.53091604
0.9070057
0.81514823
0.9888367
0.86454797
0.80712897
0.6945485
0.8919266
0.8780728
0.87625337
0.40565073
0.82314545
0.93007076
0.85046434
0.8755104
0.96171105
0.9850747
0.86439383
0.8514053
0.8675292
0.86551166
0.84606653
0.9497536
0.80050594
0.93799055
0.8588916
0.72337806
0.5881421
0.84236765
0.9369198
0.9485144
0.9823157
0.69964415
0.5278388
0.6327004
0.9658305
0.77246386
0.9298093
0.727484
0.6420773
0.973856
0.8184039
0.967536
0.9690694
0.85313576
0.8350195
0.55975187
0.5118091
0.95787585
0.9862565
0.9571474
0.82042354
0.9589691
0.951123
0.94855726
0.8449041
0.9359329
0.8295732
0.8927687
0.97339916
0.9878835
0.9585922
0.38273516
0.84367865
0.7941633
0.7715535
0.9693442
0.49839944
0.6859989
0.83135283
0.75691134
0.67822844
0.89409196
0.7050041
0.69193184
0.7908387
0.9079835
0.8981036
0.72828704
0.94330055
0.9108758
0.92559874
0.9682034
0.98433656
0.9434923
0.8853003
0.89746624
0.9526627
0.8395654
0.916222
0.7708324
0.9246491
0.67350936
0.82768387
0.8080169
0.8847877
0.34270254
0.9520718
0.6704141
0.868468
0.763317
0.8933854
0.71747166
0.8438912
0.89601576
0.6110142
0.90406495
0.9152616
0.83173794
0.9570908
0.94000506
0.8702283
0.8090016
0.8661212
0.7337425
0.9377611
0.5781382
0.8984562
0.8322783
0.4870288
0.7814697
0.8280226
0.70020455
0.9613317
0.9892333
0.93026656
0.8877418
0.9173039
0.90438324
0.97807753
0.7988272
0.7898063
0.72042423
0.892215
0.6971152
0.9443015
0.8075088
0.9386734
0.9430233
0.89734155
0.9811888
0.8999196
0.7713623
0.84057117
0.9949945
0.76360077
0.83992606
0.92763907
0.69608134
0.91482234
0.6788436
0.9211409
0.8559662
0.835359
0.8284984
0.9823408
0.7279967
0.99641836
0.9282491
0.9794239
0.7436759
0.84120685
0.8138666
0.9029778
0.8763845
0.7549606
0.88600546
0.88760287
0.7447481
0.94025797
0.8912124
0.93760645
0.85388696
0.91543967
0.771367
0.8933257
0.6900926
0.94509435
0.5646069
0.9710998
0.73367715
0.86097765
0.94811183
0.8675993
0.8025541
0.9212395
0.98151135
0.7532594
0.8251325
0.96168184
0.8591394
0.94191825
0.912261
0.97513366
0.78061086
0.79577816
0.27465343
0.71510774
0.99638784
0.7721758
0.63416797
0.9913581
0.88667667
0.8852437
0.96182036
0.92388016
0.89737314
0.7542546
0.96404433
0.9267911
0.9871813
0.80536366
0.943215
0.721113
0.9386145
0.9262628
0.95967627
0.8536167
0.7858644
0.89199084
0.93089116
0.92502
0.8655434
0.90666306
0.6009871
0.9152593
0.81909585
0.9799971
0.6372001
0.87023836
0.97112894
0.53654736
0.86512893
0.8105227
0.8439213
0.78907806
0.8373262
0.90746874
0.9254929
0.94807756
0.89087385
0.8481557
0.97397184
0.8425138
0.97401714
0.6609045
0.7640667
0.9288323
0.91897476
0.85715544
0.86549675
0.9353069
0.7231856
0.83491045
0.9693571
0.97409666
0.9186037
0.8116492
0.96977824
0.85644877
0.98657286
0.9214879
0.9398487
0.6333238
0.662761
0.8088563
0.72345555
0.78712726
0.9487168
0.9923602
0.99475473
0.9024508
0.8083036
0.9394993
0.8827849
0.5899235
0.93240297
0.87318164
0.72259915
0.7521556
0.92383444
0.91816413
0.86556953
0.9875175
0.9285799
0.64745224
0.7673119
0.8703929
0.7261094
0.96335095
0.8978687
0.96008444
0.8031644
0.6590131
0.88146436
0.6879696
0.9777463
0.97059226
0.8881767
0.8427125
0.9057484
0.83399576
0.6137407
0.74327815
0.37634706
0.92131424
0.9775804
0.94233614
0.96905935
0.58342636
0.8072772
0.7612395
0.7920073
0.86100024
0.98187935
0.64554495
0.8412005
0.83613396
0.9683459
0.6938695
0.92921007
0.81927747
0.97054625
0.9201277
0.9260446
0.87497157
0.95541835
0.93230456
0.9573594
0.8604696
0.9169285
0.8872708
0.9710648
0.8609684
0.7243612
0.82436943
0.9704435
0.89578235
0.7296273
0.79243904
0.86019707
0.77863383
0.9550365
0.97828543
0.89163923
0.9218474
0.7938409
0.845433
0.8097619
0.9618454
0.68265873
0.8348649
0.9711809
0.91910136
0.5873021
0.8819042
0.6769
0.98542184
0.9511801
0.9440881
0.9113567
0.919845
0.87661695
0.99850243
0.94761384
0.8565379
0.9885219
0.9559736
0.84566456
0.9501232
0.6917446
0.91779476
0.9135599
0.7517991
0.995808
0.9422747
0.7286966
0.9981012
0.70747024
0.9020375
0.91034085
0.9076536
0.796542
0.94248927
0.99108803
0.9706368
0.67248875
0.7685686
0.9512073
0.95443565
0.9346777
0.91270405
0.89624995
0.71781164
0.9035129
0.47747314
0.79201746
0.93969375
0.81327355
0.9959211
0.98258406
0.7546072
0.6979814
0.88790065
0.98856187
0.8537522
0.71627355
0.95902747
0.9920747
0.8504881
0.95754594
0.9780377
0.922557
0.9203745
0.8861155
0.80284834
0.99342597
0.8183508
0.89097655
0.9718864
0.80738926
0.9293145
0.9250222
0.9100462
0.94251406
0.9729099
0.7915367
0.81035197
0.6299365
0.8376527
0.8896786
0.91990554
0.79512566
0.8132936
0.70274013
0.793865
0.8978189
0.94082665
0.8872814
0.9147048
0.9622066
0.93750155
0.85630167
0.94358164
0.9748745
0.9919358
0.7668807
0.9540068
0.94926965
0.85017085
0.760712
0.9912523
0.92031634
0.97514665
0.73372966
0.8533864
0.8529283
0.8886764
0.99163026
0.9118088
0.98840445
0.9506556
0.98853433
0.9406963
0.8019057
0.7272727
0.79933864
0.9764883
0.5849884
0.80499446
0.9686912
0.94244426
0.9635582
0.7759924
0.9926214
0.905071
0.8975105
0.8505457
0.99070746
0.9540903
0.9055575
0.93407905
0.8589313
0.9570904
0.7749037
0.8743326
0.8533431
0.89038473
0.86607826
0.9824457
0.92565167
0.72962946
0.7265026
0.877525
0.9525675
0.9027144
0.82613164
0.93851143
0.89848506
0.9262714
0.9461972
0.5551307
0.9649336
0.96753055
0.87953675
0.89849836
0.64362615
0.9518554
0.9737322
0.9038882
0.71419257
0.9811343
0.81993115
0.8779011
0.96698225
0.98501587
0.84289944
0.9340883
0.7425728
0.8937883
0.97745985
0.86183006
0.87737787
0.6279382
0.60305905
0.9323013
0.7408309
0.9529946
0.9007288
0.9009058
0.9471888
0.8723682
0.99804336
0.96552825
0.99851966
0.93305165
0.90606785
0.9506804
0.7945318
0.9690942
0.53341323
0.94721544
0.9917098
0.5948453
0.9358632
0.89105445
0.88482875
0.9674637
0.823691
0.89771855
0.82473177
0.93705094
0.87686026
0.88606983
0.84324235
0.95606315
0.92862564
0.7063206
0.96856266
0.906744
0.7362274
0.90888464
0.9974547
0.79620785
0.96530443
0.965227
0.576728
0.87490237
0.9410135
0.9227555
0.7152333
0.9409336
0.92237437
0.77675676
0.8884022
0.8489481
0.92543375
0.9818681
0.8542739
0.9574654
0.92462426
0.9685939
0.8495321
0.8771001
0.9541687
0.72575337
0.92170966
0.81598306
0.9224781
0.9399439
0.8253418
0.94935334
0.6858418
0.9323152
0.84608424
0.8563995
0.98095495
0.6716981
0.93342566
0.91544175
0.90209484
0.88977975
0.5042169
0.79752487
0.90183014
0.8590454
0.8407894
0.71582824
0.93194467
0.7613824
0.8446573
0.9909781
0.6064648
0.8067875
0.89018995
0.92042404
0.9130574
0.9065494
0.7477849
0.747107
0.95986307
0.9347285
0.99617517
0.95633405
0.93606555
0.8837698
0.7863332
0.48732796
0.72933125
0.72679496
0.9643325
0.75042987
0.87995285
0.959005
0.96831095
0.7483847
0.81909245
0.8686306
0.9954245
0.68457866
0.7625791
0.88881004
0.6186632
0.9783997
0.96876866
0.8665682
0.98778194
0.9657796
0.46371484
0.84314126
0.8110053
0.8966558
0.98293495
0.72300494
0.8110721
0.76562166
0.8368435
0.9054071
0.97355235
0.79400516
0.8952236
0.951418
0.91298455
0.9050883
0.74140203
0.9554633
0.9864992
0.53915745
0.8439598
0.9493945
0.88012326
0.9196839
0.94234675
0.7379731
0.8445945
0.91426504
0.9326885
0.9212541
0.67280394
0.9846238
0.9333238
0.9648027
0.8204984
0.9721368
0.7430239
0.96873236
0.65884376
0.80551064
0.9185902
0.93994355
0.8462788
0.7185825
0.9472727
0.52818024
0.69267714
0.8894345
0.8312168
0.5578825
0.8831482
0.9680531
0.7290273
0.88612354
0.9904686
0.73415256
0.9904266
0.28644162
0.99291193
0.95718026
0.7135184
0.5859566
0.92802846
0.7900082
0.84206396
0.80730945
0.8357073
0.7528479
0.99763185
0.9449411
0.90510553
0.94648826
0.98323166
0.8883619
0.84522855
0.81404954
0.93501765
0.8970784
0.63380206
0.9537512
0.8537648
0.77882046
0.9931924
0.77903783
0.8374289
0.8746745
0.5294099
0.9796033
0.95381683
0.98608345
0.9377684
0.79682356
0.6768385
0.9260119
0.72800106
0.9158352
0.7531132
0.8911659
0.7933655
0.9824294
0.84355104
0.83673483
0.7332584
0.88418055
0.9139248
0.74409753
0.8838464
0.8109391
0.6564711
0.856774
0.806246
0.8251843
0.94519943
0.8400091
0.87040955
0.9377763
0.99482286
0.9544556
0.8615453
0.9839288
0.70753586
0.94624746
0.9583214
0.91505426
0.92320496
0.88263327
0.90821344
0.8891698
0.98619807
0.8190394
0.9979631
0.9009598
0.5512985
0.94361484
0.94925344
0.74210876
0.7661334
0.9718976
0.95551616
0.9860651
0.8737982
0.87704283
0.709931
0.8074739
0.93408644
0.7872306
0.7344096
0.87122977
0.9061662
0.96133727
0.7489154
0.70591414
0.8716162
0.95059705
0.6420763
0.80081993
0.82077277
0.88673615
0.8940281
0.93388987
0.6178612
0.87128705
0.8638005
0.9618418
0.9198282
0.7959181
0.99591666
0.92666423
0.6324811
0.8944984
0.8375776
0.7449137
0.9896943
0.7300912
0.89322245
0.95733356
0.9794675
0.6435562
0.8324666
0.897012
0.8388335
0.93892217
0.90932
0.8312008
0.6248595
0.9358636
0.95096606
0.841136
0.9488653
0.81445813
0.8802748
0.8168814
0.7175574
0.8893236
0.8821063
0.8840179
0.9226573
0.9744725
0.9388099
0.79165995
0.8693345
0.85665673
0.93742543
0.8331872
0.9080643
0.89715105
0.8598549
0.94913435
0.9473025
0.97506046
0.9982015
0.80834746
0.5953903
0.64189523
0.95640767
0.9642042
0.8602367
0.88465995
0.587429
0.9366404
0.8506986
0.87882835
0.96994424
0.86010045
0.8741511
0.71519506
0.91179997
0.94589436
0.8381673
0.97557867
0.8503119
0.87100226
0.8377901
0.76572835
0.8556157
0.8310262
0.74535996
0.9778807
0.93075454
0.92829156
0.8013614
0.95456713
0.9658928
0.94611156
0.83341074
0.8261858
0.971194
0.99527895
0.9665253
0.9337293
0.9366386
0.9147108
0.89273655
0.7353067
0.6734204
0.73949957
0.75114524
0.92000616
0.8570996
0.8593859
0.92343307
0.91803235
0.8682645
0.74308175
0.7823044
0.7957548
0.6170837
0.97483224
0.76418006
0.9725109
0.9725862
0.9924691
0.6344181
0.7202161
0.8118737
0.9012037
0.78469557
0.7731093
0.60624826
0.71563685
0.83061564
0.88525397
0.85564625
0.84968746
0.8870603
0.9468961
0.9792069
0.9435569
0.94152516
0.88000304
0.6966613
0.97406155
0.94127804
0.9700577
0.98114246
0.94551337
0.9322236
0.61751187
0.9728948
0.8363099
0.8203974
0.66336393
0.9615406
0.9628127
0.9549401
0.8175076
0.8892668
0.9056935
0.966096
0.84099215
0.9075575
0.880807
0.80023575
0.93203884
0.96060115
0.98828924
0.6960307
0.6247483
0.43680155
0.9428936
0.873394
0.8550147
0.8899391
0.93747807
0.32283068
0.9320422
0.953555
0.93014085
0.49881437
0.20122375
0.95172465
0.85617185
0.9008662
0.8879669
0.9897319
0.6172236
0.75242215
0.8034346
0.6701983
0.793151
0.89642006
0.95919466
0.6293429
0.87103164
0.89814943
0.9097476
0.9963687
0.9243832
0.9169286
0.73408175
0.79286385
0.9324214
0.9390503
0.71209216
0.7836472
0.9388633
0.80473
0.8663545
0.83337593
0.90523434
0.88747334
0.97929394
0.84770894
0.79628325
0.9926542
0.6852098
0.9781555
0.9133852
0.78238606
0.83670497
0.91088
0.7800692
0.9233213
0.850976
0.9478581
0.9725512
0.70246994
0.8579647
0.85195494
0.9673226
0.9840947
0.9606728
0.6860769
0.8328688
0.98010385
0.8076233
0.36737856
0.64269495
0.9161464
0.73333037
0.9841726
0.9096447
0.80657035
0.93501717
0.97990346
0.9340668
0.66840935
0.8712583
0.9610756
0.9451829
0.7710465
0.5158075
0.73035276
0.8838047
0.9736285
0.95329547
0.6622869
0.96645117
0.9269711
0.84799117
0.93918264
0.91335917
0.86342126
0.88750815
0.9404515
0.90472794
0.9140841
0.9655479
0.9402673
0.88163644
0.8801836
0.8461949
0.8566177
0.88477546
0.8438542
0.7608616
0.783954
0.97920996
0.96942663
0.90526116
0.95682
0.82581925
0.9595448
0.6724213
0.8849866
0.9404859
0.99062186
0.9463594
0.96283394
0.8618687
0.83660513
0.90958667
0.79102546
0.8935796
0.9439319
0.89670175
0.9663212
0.9233392
0.8258174
0.83070207
0.9128768
0.9119712
0.4776109
0.9468186
0.99889743
0.9689158
0.8989972
0.92987037
0.91029274
0.9087427
0.69044596
0.90303195
0.87971926
0.68240803
0.8770631
0.7416801
0.98707634
0.791828
0.9774731
0.9235003
0.9704803
0.82835436
0.8687396
0.83699983
0.8214239
0.8784627
0.8601237
0.92281896
0.9964374
0.75454605
0.93055886
0.91706645
0.42621636
0.92903894
0.9953735
0.96383125
0.82312095
0.9445578
0.7285914
0.9107007
0.95392805
0.9920703
0.8882853
0.910716
0.92387605
0.94184226
0.8886452
0.9451709
0.8734837
0.8419051
0.95883906
0.9703069
0.8812211
0.82817256
0.8763686
0.46307653
0.85726756
0.88280797
0.7200321
0.67059565
0.90406907
0.95871353
0.78245354
0.72109294
0.7744442
0.95442665
0.90226895
0.9759201
0.9189569
0.8654106
0.92858386
0.32504618
0.9452064
0.76582634
0.7412796
0.7577764
0.5233479
0.94270563
0.9764091
0.9951876
0.5999154
0.9799875
0.6938153
0.8725
0.8114991
0.6747949
0.8459018
0.87939584
0.9842112
0.95428604
0.81517917
0.52404106
0.804374
0.9660585
0.89564836
0.84033483
0.90508795
0.79499817
0.8345969
0.87158966
0.9637117
0.43329713
0.8884934
0.5758806
0.46943098
0.80875164
0.9445462
0.9623708
0.52432525
0.7695578
0.83273065
0.9655744
0.92517537
0.8187641
0.9518328
0.9108522
0.9712373
0.91870046
0.86992884
0.81110513
0.9898658
0.9162107
0.95576113
0.8520417
0.97070277
0.942374
0.6960955
0.8716252
0.9709046
0.60645616
0.5126494
0.912361
0.92815334
0.8340235
0.98283595
0.9929425
0.84743917
0.81513226
0.92965126
0.8524184
0.77214587
0.8140053
0.98921835
0.70766145
0.9977628
0.8873297
0.9789328
0.8868253
0.7598015
0.96222
0.76149696
0.82125944
0.7765318
0.9492619
0.74022865
0.9817853
0.6229624
0.9684097
0.9910644
0.84185666
0.8024466
0.8822304
0.79388785
0.9119151
0.6560167
0.8604392
0.8159866
0.84305936
0.97131324
0.9310255
0.80120075
0.77571106
0.92620414
0.900636
0.842085
0.8731755
0.6309534
0.8390488
0.8892307
0.9065683
0.9533132
0.92156523
0.8455819
0.73184
0.94665647
0.934686
0.85879767
0.85267675
0.91867864
0.650377
0.81782156
0.81218857
0.5255368
0.96739596
0.98771524
0.84426284
0.8501063
0.8679418
0.86945105
0.90967596
0.9785058
0.74895835
0.9883629
0.880973
0.97121704
0.9222235
0.70743847
0.72618747
0.9346269
0.92562634
0.8705818
0.96255815
0.9680939
0.67828023
0.890143
0.8106185
0.85945606
0.85888106
0.98936987
0.7089728
0.9963333
0.935923
0.92274404
0.76985407
0.88358736
0.95050484
0.94027156
0.69751745
0.92219496
0.9261657
0.9421403
0.87133706
0.8797476
0.85087717
0.8857426
0.9389297
0.9743079
0.9332384
0.99670404
0.9420478
0.8054674
0.97934675
0.9208001
0.94242895
0.61702585
0.9415977
0.8197925
0.96876293
0.85760254
0.87506396
0.96930057
0.9195191
0.7784207
0.85842115
0.9600755
0.92510283
0.9406789
0.9717399
0.9377159
0.9139291
0.93236
0.9020801
0.8653699
0.8552397
0.57203275
0.9428504
0.79984003
0.9153894
0.7098432
0.95429695
0.8758574
0.7980292
0.99508184
0.9422337
0.8633746
0.8591054
0.79872584
0.8480758
0.9410676
0.7968656
0.97873235
0.773276
0.9232979
0.8343135
0.80096805
0.99670166
0.8473792
0.9891699
0.8445179
0.8045331
0.9626001
0.9445183
0.88949
0.8057075
0.8439316
0.83399075
0.8616717
0.9066354
0.9430709
0.9448805
0.9000024
0.9521806
0.8845103
0.9620258
0.9181143
0.66152966
0.9842341
0.9534136
0.9205947
0.82078075
0.84889364
0.906002
0.46542436
0.94840944
0.90860736
0.9818882
0.8438518
0.9065399
0.8676905
0.8603815
0.9741004
0.90146405
0.9750297
0.91904855
0.8030534
0.96300304
0.8702087
0.9241936
0.7265948
0.9192588
0.8284939
0.95830834
0.94598866
0.8878623
0.8623117
0.9522973
0.7765811
0.98700225
0.8382281
0.88394606
0.94377786
0.8374549
0.83412325
0.94935167
0.9766638
0.9255446
0.93147475
0.91163564
0.6942936
0.79234695
0.77259016
0.922418
0.8653823
0.938771
0.72797567
0.98583215
0.9446143
0.7889014
0.97996676
0.8134355
0.92838687
0.85900414
0.8775251
0.53873026
0.9270869
0.9182049
0.9075602
0.9467496
0.9049777
0.84352183
0.7488034
0.7779587
0.8388891
0.9306243
0.9187102
0.97179884
0.8981023
0.94365984
0.58057594
0.4287928
0.88873744
0.82184464
0.80653185
0.53818244
0.9241898
0.7618104
0.8574025
0.8827433
0.89373803
0.864098
0.9061841
0.8712243
0.8720222
0.82132083
0.85513127
0.9589366
0.8312606
0.91447794
0.8534481
0.9238328
0.9187415
0.98960614
0.73280853
0.69693846
0.80852646
0.86237216
0.9409324
0.81572765
0.054646153
0.8239975
0.8081318
0.71762323
0.66121805
0.877591
0.9206016
0.85600674
0.7566893
0.87116605
0.80356085
0.8120288
0.9366625
0.72198653
0.9028447
0.91540647
0.9610118
0.899849
0.9654295
0.82300866
0.97327065
0.9598677
0.74037975
0.9014573
0.968758
0.98159105
0.528738
0.8093268
0.9123244
0.67048603
0.98628056
0.88272035
0.8897414
0.78762937
0.8568251
0.9100761
0.79459625
0.93506753
0.92740566
0.92683405
0.8929401
0.94427466
0.69569075
0.77571845
0.9638879
0.81316376
0.930488
0.88764864
0.68379676
0.7091713
0.87313724
0.74431103
0.9662988
0.67985684
0.80158776
0.8682453
0.96321905
0.97956103
0.77511555
0.7694811
0.87153816
0.8212025
0.8518614
0.79243106
0.9881363
0.71945894
0.9430528
0.7369111
0.7137642
0.9585421
0.6430006
0.98303366
0.9242499
0.80813766
0.9116885
0.9275919
0.8743788
0.9937712
0.8662418
0.97293746
0.95834196
0.98624736
0.8290824
0.8376474
0.77217305
0.87583023
0.9988655
0.8264191
0.9715872
0.59651923
0.89709157
0.85178936
0.3705172
0.88062143
0.75492
0.78909415
0.8304358
0.903578
0.49712035
0.8803726
0.9748615
0.6831867
0.72385025
0.90600586
0.88322175
0.84912866
0.9220911
0.7895837
0.95721143
0.8562475
0.15469342
0.7115979
0.88758117
0.7608086
0.94784135
0.93850726
0.9809899
0.9187402
0.93487895
0.95953804
0.83338904
0.86318564
0.6417272
0.79486775
0.886192
0.8952575
0.58802575
0.8093839
0.59364355
0.6772162
0.8868092
0.983966
0.7265882
0.9991248
0.93572944
0.97108245
0.78012514
0.93246675
0.91732347
0.68206066
0.78184426
0.8815027
0.9544307
0.8747986
0.97089136
0.90258425
0.95021135
0.6770921
0.78480434
0.9711134
0.63037205
0.79978585
0.90831476
0.904883
0.98188776
0.9558814
0.7101655
0.93831867
0.7998218
0.7991587
0.936636
0.8582642
0.959376
0.82826895
0.9483327
0.7659273
0.83806497
0.77681774
0.9245847
0.81244326
0.77047974
0.71439445
0.97557884
0.9546364
0.8728268
0.98023987
0.906006
0.9629029
0.9342827
0.90067106
0.92705244
0.8031434
0.92265475
0.9512375
0.87011856
0.9737829
0.8899195
0.8174255
0.85647446
0.9528038
0.8385351
0.8638581
0.91419697
0.56880754
0.7861401
0.81643236
0.94769114
0.92449987
0.69498646
0.7654871
0.6972769
0.94237596
0.8590984
0.78269106
0.96353
0.88527745
0.9686955
0.71687186
0.6624912
0.8290835
0.9066997
0.94532317
0.7940342
0.6183197
0.93719137
0.860278
0.9756274
0.92088664
0.89543015
0.8222812
0.92719835
0.9161577
0.95039487
0.7956317
0.9281181
0.8126313
0.9562303
0.56846744
0.87220156
0.7921706
0.9112474
0.96581244
0.9481508
0.9386798
0.91772527
0.93941516
0.9034128
0.8363777
0.86621785
0.8962103
0.80425113
0.79941386
0.8319365
0.98190945
0.99360454
0.85781145
0.7703794
0.98103917
0.852815
0.77663374
0.98241436
0.89503205
0.94729316
0.94147956
0.93323845
0.6304064
0.9726715
0.967372
0.8793919
0.9843543
0.83811426
0.86731005
0.96250284
0.82738626
0.95508945
0.9631726
0.9024514
0.7901517
0.99636847
0.97038746
0.82657164
0.9628848
0.71204907
0.7985841
0.73969245
0.9038643
0.8876754
0.70133215
0.9794613
0.9356372
0.8335674
0.94574547
0.8393555
0.9307886
0.8121128
0.699161
0.9304736
0.9011603
0.747977
0.92672294
0.8868088
0.753832
0.9809383
0.8817694
0.68461126
0.9123001
0.6467462
0.8377499
0.82768184
0.6658817
0.89535725
0.82736516
0.8666715
0.96364546
0.90245986
0.9649318
0.69822186
0.97341806
0.90272903
0.9212301
0.9701177
0.9492665
0.7331307
0.6573064
0.91015714
0.77427614
0.8287229
0.82822514
0.5547942
0.8962668
0.91802627
0.81279236
0.49316424
0.81111324
0.6687732
0.96005875
0.7467882
0.87018955
0.84093374
0.9639372
0.9020817
0.9343494
0.9651128
0.95049703
0.5739095
0.940085
0.9239303
0.8575032
0.6984808
0.99086815
0.9644668
0.98322046
0.9860042
0.5644858
0.38541102
0.87660646
0.91163623
0.95623904
0.68281066
0.96892375
0.6649029
0.9798384
0.93798614
0.9800887
0.84863186
0.86477125
0.87177926
0.9578184
0.9801294
0.63506687
0.9103848
0.748515
0.9394871
0.8975009
0.68577635
0.88428473
0.94866675
0.83800614
0.81116766
0.93067366
0.795764
0.95202404
0.9588276
0.901469
0.7661736
0.874003
0.8818582
0.96313304
0.9121618
0.96778256
0.9494204
0.873852
0.7970569
0.88413197
0.8906879
0.7198467
0.42882356
0.88840157
0.93823045
0.82020503
0.92720145
0.9240845
0.6870973
0.9582077
0.91301167
0.97050375
0.43847427
0.9185057
0.87159014
0.93390983
0.9238996
0.9526668
0.8195228
0.9157887
0.8618914
0.9315409
0.89987206
0.7924405
0.8854965
0.95642865
0.8801579
0.86408377
0.5462527
0.9340966
0.5342306
0.9762318
0.8858391
0.9148368
0.94573104
0.95408165
0.70751846
0.9425988
0.9218556
0.8944157
0.9788979
0.87344605
0.9513188
0.99458635
0.808532
0.81281066
0.657395
0.82861084
0.8844
0.7613093
0.9472207
0.92734075
0.7584261
0.828099
0.96997255
0.8701247
0.930445
0.92685294
0.7289431
0.89122224
0.989746
0.80008304
0.9335137
0.8658373
0.9805263
0.8818513
0.8272754
0.8225726
0.9340637
0.8349266
0.7697545
0.749113
0.9685635
0.817845
0.8413844
0.6120538
0.9923276
0.9112794
0.9381486
0.77982616
0.94214165
0.82685566
0.9638388
0.9420844
0.97647405
0.7071529
0.94900936
0.88241047
0.58495206
0.8834949
0.967183
0.90513945
0.8709413
0.8867032
0.941059
0.94981647
0.7914578
0.726592
0.87201464
0.9239353
0.9906056
0.8724656
0.9013389
0.9304092
0.80385846
0.7551328
0.61633676
0.8352392
0.8251433
0.6529721
0.6794246
0.9518853
0.6801612
0.6021266
0.8762488
0.9175183
0.8612523
0.92032945
0.92400223
0.93657
0.7858362
0.88267165
0.9042777
0.87846565
0.92560804
0.9270463
0.97214246
0.8765071
0.9664585
0.9204831
0.9610621
0.77494544
0.8121847
0.8482483
0.9738183
0.967175
0.996163
0.83234227
0.91369724
0.9495703
0.9621974
0.9379359
0.9817543
0.9275749
0.8421164
0.88922715
0.94217527
0.86667204
0.94948554
0.6662854
0.82639396
0.80595905
0.9625325
0.9386228
0.9254264
0.67345345
0.83891344
0.9483879
0.93516123
0.8741572
0.9903108
0.9800831
0.5371714
0.90783507
0.87961394
0.9820482
0.78965545
0.98794866
0.9497502
0.85726917
0.8907416
0.8921909
0.96868837
0.94172144
0.94380444
0.8917409
0.9943479
0.8580389
0.90138143
0.9142759
0.86351454
0.9695697
0.98781776
0.6986304
0.69302404
0.67698526
0.852207
0.6738493
0.6659616
0.79271054
0.5890341
0.6461843
0.9871334
0.61370987
0.95267797
0.9669573
0.9034941
0.93308926
0.8405063
0.76838106
0.88444376
0.89668846
0.81046414
0.8236872
0.8019736
0.67869073
0.6455581
0.65032685
0.7538354
0.7959084
0.91150624
0.95824885
0.68383014
0.9594459
0.9519614
0.8365995
0.88258094
0.98468953
0.67309654
0.94211686
0.7856655
0.8846812
0.94548774
0.93241036
0.75302786
0.91788536
0.9609831
0.9343463
0.62115467
0.9370097
0.8981104
0.79896986
0.96880305
0.7145254
0.68601143
0.7707997
0.90750563
0.9552648
0.9550112
0.8509781
0.8229779
0.88580424
0.9932711
0.85459703
0.88124925
0.9611011
0.72623664
0.95057607
0.91785955
0.86600274
0.7859943
0.81648463
0.9687253
0.981738
0.69965535
0.76395214
0.89679325
0.6544085
0.69352233
0.85176706
0.65041435
0.987811
0.8024456
0.76709306
0.8506458
0.915713
0.61910725
0.9292818
0.8775307
0.7752066
0.9240615
0.9458508
0.7962146
0.896396
0.9856328
0.7580128
0.9722506
0.7815255
0.8634961
0.9391652
0.7481311
0.92699915
0.9792053
0.7053529
0.8155
0.89654773
0.8912291
0.9603566
0.86258113
0.5989251
0.60698456
0.9277953
0.85742354
0.8467339
0.64953554
0.9634998
0.90701497
0.8988415
0.9315002
0.8935846
0.87747747
0.76412606
0.99594843
0.803099
0.5368302
0.9779511
0.9748424
0.9707402
0.96409595
0.9588031
0.96143204
0.9849292
0.9538815
0.8895122
0.8173744
0.6496746
0.72828054
0.9841676
0.97248024
0.9407355
0.9254391
0.883626
0.91647583
0.9130784
0.9451524
0.9527894
0.7122741
0.88097835
0.9371891
0.9160917
0.96384406
0.78159803
0.9589129
0.8060646
0.92869425
0.723529
0.6179201
0.5923199
0.85866743
0.975466
0.8410599
0.8233563
0.8819051
0.8253641
0.6924412
0.9077359
0.82739246
0.9583678
0.9052029
0.95252526
0.8920796
0.8618897
0.95845
0.73933667
0.8130435
0.9021125
0.97836787
0.9727365
0.93043435
0.9261274
0.816151
0.8331945
0.937307
0.83152586
0.84467596
0.91106296
0.9146482
0.9101541
0.9484637
0.96263933
0.8758043
0.89993024
0.48770374
0.8551427
0.9362595
0.8951022
0.964576
0.9446488
0.96489996
0.90442014
0.9499772
0.93243957
0.7624713
0.9358774
0.6910741
0.9164247
0.7576712
0.90843993
0.77492094
0.92183834
0.6775684
0.84506714
0.9436455
0.890241
0.99102056
0.91218036
0.7419851
0.80940163
0.4470126
0.8374928
0.26847434
0.9058646
0.7217481
0.58130276
0.953305
0.98630905
0.9049884
0.94980013
0.92712873
0.8843217
0.7936403
0.9767735
0.9610809
0.9609793
0.97320694
0.73794055
0.8050139
0.8793849
0.54699606
0.74517125
0.94084775
0.78010625
0.8249411
0.9084435
0.90829843
0.90600955
0.79378176
0.9479097
0.9585932
0.91347927
0.8394933
0.86860937
0.9415012
0.7702182
0.98903173
0.8768891
0.6770266
0.7668715
0.935202
0.68076116
0.9709098
0.8627104
0.889676
0.9933025
0.9271194
0.81625664
0.88839006
0.9636529
0.8927546
0.77614975
0.76556104
0.8314496
0.8062428
0.56469417
0.89858675
0.6717303
0.7856061
0.9010427
0.7331189
0.8450501
0.7804711
0.8331322
0.835896
0.94549876
0.7972765
0.8877194
0.953911
0.8334573
0.855851
0.9911154
0.85901344
0.97846204
0.7627896
0.8021134
0.7636536
0.90748256
0.93522084
0.8559226
0.89924884
0.64688265
0.8448452
0.4769659
0.95253044
0.9240442
0.89869845
0.7503775
0.95878845
0.8986526
0.88982075
0.9229447
0.9081131
0.9565612
0.93295133
0.9900825
0.9337371
0.73880136
0.89838266
0.87256444
0.8077975
0.7332247
0.86979306
0.90380615
0.3739975
0.94465864
0.9147264
0.78683645
0.7795604
0.8542657
0.91878664
0.65940577
0.7603732
0.8747025
0.90289986
0.9167738
0.7402369
0.8183179
0.92679274
0.95902485
0.8628007
0.92276543
0.8959864
0.79949605
0.99261016
0.80339867
0.9718462
0.95345503
0.7586761
0.9379488
0.93181974
0.9625428
0.8036272
0.93431664
0.65668344
0.8790562
0.85517704
0.67139673
0.803207
0.8048093
0.81990415
0.9835957
0.8456551
0.7874708
0.84925604
0.93668437
0.96895385
0.7015583
0.92848015
0.9784475
0.9939866
0.82330745
0.9547486
0.55788
0.8037389
0.59052
0.62165964
0.97743744
0.9034738
0.9156806
0.84703207
0.8952485
0.87449425
0.7782984
0.95791316
0.79320484
0.7217264
0.838151
0.53847516
0.79260164
0.78346604
0.86649245
0.85621774
0.8858098
0.9262299
0.9567139
0.9100362
0.84333813
0.7302584
0.87643397
0.8733472
0.9140178
0.7999618
0.8534152
0.93833935
0.87776226
0.92524076
0.87095785
0.8588578
0.93926656
0.7679788
0.8569545
0.6849615
0.9029603
0.8061535
0.64270175
0.87718153
0.8531429
0.73075277
0.95478904
0.93115264
0.89449394
0.8220576
0.9317025
0.9474613
0.952224
0.58428496
0.9018109
0.67998785
0.881667
0.8545868
0.7445254
0.93699276
0.8557359
0.9776599
0.99266374
0.940269
0.94648725
0.7989783
0.8781375
0.7712672
0.9349284
0.72295153
0.7803844
0.75733024
0.80950415
0.845587
0.84156966
0.9133264
0.982862
0.6550976
0.90812707
0.97691655
0.9852743
0.8019223
0.6729413
0.96041626
0.83967394
0.9738456
0.81172806
0.9256937
0.88630193
0.90891236
0.96353114
0.99476177
0.91034234
0.98466146
0.7846562
0.9303771
0.9550243
0.9270152
0.8359017
0.901845
0.8178529
0.98002917
0.69258225
0.9080835
0.85178816
0.9600387
0.79095507
0.9835563
0.9341973
0.89900124
0.85154235
0.70262116
0.73583555
0.9808029
0.86177385
0.82744026
0.8868886
0.73863614
0.8726387
0.8144082
0.9292649
0.8172325
0.84314585
0.71469074
0.9144631
0.89859736
0.97511446
0.95193946
0.94884604
0.9953626
0.89191747
0.9157777
0.9093546
0.96427417
0.7391023
0.94712734
0.6906531
0.9976762
0.9001056
0.9879851
0.69287664
0.8251702
0.97948694
0.5756806
0.9590819
0.9034252
0.9686758
0.9154659
0.9626833
0.9564263
0.91794014
0.9641454
0.8986726
0.91301167
0.8400382
0.8016369
0.71517724
0.8210283
0.92595136
0.9498329
0.77521306
0.7266527
0.8613414
0.7737477
0.8937846
0.95638376
0.9606456
0.8489505
0.9188682
0.9018529
0.90682566
0.9211496
0.9765856
0.9672622
0.91743714
0.67807484
0.82340187
0.73330164
0.71284735
0.7654233
0.92205596
0.97471446
0.9647677
0.9813184
0.7999169
0.68093777
0.96733105
0.9744878
0.78730714
0.79418457
0.8268847
0.8820931
0.91269225
0.97315156
0.7628241
0.95803905
0.96608025
0.98404837
0.93607116
0.76961786
0.89840275
0.9859931
0.8735975
0.89499193
0.62170225
0.9865056
0.82145745
0.96491337
0.99043095
0.86217266
0.7641064
0.8376771
0.7509712
0.6217839
0.7625616
0.92704165
0.88602495
0.9296806
0.97508603
0.7413011
0.9941741
0.855175
0.85798013
0.8772175
0.8623611
0.96524525
0.7213763
0.8942111
0.98870134
0.94619656
0.80894214
0.77854145
0.72794515
0.9752921
0.88759136
0.9336358
0.86734384
0.665375
0.9695255
0.97379875
0.82161313
0.9895435
0.88482213
0.6254352
0.89503336
0.9353512
0.8017277
0.96900016
0.8501089
0.7492289
0.9183099
0.9155996
0.9085661
0.8510195
0.737514
0.9110191
0.90708816
0.78979445
0.8051314
0.9509422
0.794115
0.9114205
0.7793683
0.9565147
0.8596689
0.9599009
0.6801241
0.94108564
0.8416678
0.8569243
0.88242877
0.6939125
0.71182257
0.9131342
0.943003
0.9330448
0.85294676
0.71147037
0.7537963
0.80225486
0.87749946
0.7613897
0.8916918
0.9795791
0.9512625
0.9305014
0.83997285
0.78020406
0.8496167
0.81963253
0.8307023
0.9462432
0.806558
0.81017697
0.73390734
0.90644336
0.8158026
0.9784358
0.9278631
0.97867286
0.89781713
0.7769024
0.9295829
0.94034344
0.92007047
0.6265276
0.6840159
0.8870549
0.8450874
0.87956184
0.85984266
0.9863057
0.7157073
0.8926116
0.81342936
0.86341727
0.9260882
0.98338795
0.72357696
0.94658095
0.97591126
0.7480193
0.8319982
0.774549
0.99171984
0.99350584
0.89294
0.8739424
0.8333304
0.75989515
0.92298436
0.8760456
0.9495839
0.93545735
0.9873215
0.7396362
0.93508834
0.96139544
0.91778296
0.82238644
0.6554615
0.546541
0.9260814
0.68178946
0.9853702
0.83576155
0.7502618
0.9296733
0.93627006
0.9042984
0.842274
0.7851488
0.84685403
0.88714707
0.9381095
0.8941201
0.8530166
0.6453977
0.85876817
0.94431406
0.9611226
0.81828386
0.7873444
0.7980273
0.6400866
0.94137645
0.73511636
0.9317557
0.9315717
0.52325076
0.88214314
0.9630914
0.84694445
0.8449136
0.62802315
0.6570928
0.9560944
0.89581156
0.81973964
0.68431276
0.7906831
0.9707826
0.83560795
0.3702559
0.6778364
0.9863022
0.8890091
0.764861
0.98866165
0.8982357
0.9439657
0.57639754
0.94392526
0.8356081
0.77556044
0.8942701
0.91092217
0.96616256
0.9402115
0.9340929
0.82891333
0.98958135
0.8457563
0.8601867
0.89681
0.9124915
0.47239172
0.9381582
0.9495176
0.8446859
0.8476982
0.7961855
0.8482656
0.93338907
0.9558011
0.74741244
0.84402746
0.26894528
0.89369327
0.799343
0.8959906
0.91538286
0.88198227
0.95243824
0.71213245
0.92979586
0.9028155
0.9632985
0.7399166
0.79577523
0.8141687
0.8026311
0.88839066
0.97201174
0.93476856
0.92715394
0.91685116
0.44173604
0.7670107
0.97225976
0.65905523
0.827336
0.85919964
0.9570123
0.9416463
0.8762899
0.7650173
0.7650267
0.7817488
0.5590292
0.97156686
0.97485375
0.76888853
0.8099736
0.9138465
0.8893742
0.88834155
0.9593683
0.98798805
0.82332087
0.9159082
0.966364
0.8664727
0.7956105
0.7609383
0.5723953
0.9585994
0.8650328
0.9518039
0.6691758
0.5462959
0.6924734
0.83844537
0.84819615
0.867513
0.8516198
0.71368176
0.8135507
0.9426345
0.8390982
0.9622829
0.7446822
0.995437
0.41799048
0.8536757
0.83375084
0.94043505
0.39679444
0.99419546
0.92990255
0.98430943
0.98967826
0.23412007
0.9736473
0.8836464
0.8539868
0.70003587
0.9166224
0.80003154
0.96808475
0.7019474
0.6589709
0.9761156
0.92486
0.81536293
0.7781933
0.78174984
0.91349983
0.8938232
0.8401415
0.6775943
0.9963284
0.9592703
0.88997173
0.7978724
0.9339721
0.8860861
0.84762716
0.80404407
0.98491395
0.86431885
0.8154988
0.8529023
0.8644936
0.97110003
0.679106
0.9135818
0.5845
0.892098
0.89478683
0.81345993
0.8162453
0.8335606
0.5974706
0.9498783
0.9001255
0.9810358
0.82554716
0.8992006
0.62701184
0.98696715
0.8446749
0.88699394
0.7606904
0.99782544
0.93355554
0.9212927
0.80936295
0.94233924
0.73138213
0.85655063
0.75360227
0.66877496
0.8666624
0.88782394
0.8939461
0.6917362
0.951223
0.86109996
0.97406226
0.95579165
0.8747965
0.9638455
0.8921528
0.88339543
0.78478986
0.8928517
0.94945043
0.8968151
0.97656184
0.5414488
0.93651414
0.98274463
0.8482226
0.8406861
0.8866565
0.9137714
0.95979327
0.64871943
0.87158036
0.93667436
0.99687326
0.9278771
0.95078325
0.9450774
0.92684096
0.853365
0.93159914
0.95566434
0.7979651
0.9610892
0.88780653
0.9028165
0.80492187
0.78238416
0.803975
0.9405601
0.9231647
0.85668087
0.809181
0.9715141
0.9258364
0.61014146
0.5890727
0.83326685
0.9792607
0.9406154
0.93060833
0.93199515
0.6178676
0.6917919
0.65229255
0.8035315
0.84610534
0.9554341
0.67132246
0.904205
0.9560179
0.93446803
0.8181417
0.9403957
0.9677545
0.923453
0.67849964
0.95465016
0.9234799
0.63530177
0.8980192
0.989771
0.95194554
0.91329986
0.8863565
0.938048
0.9677132
0.9568781
0.55519867
0.96105754
0.87426543
0.92379034
0.8801664
0.6849633
0.79134065
0.85869884
0.9767294
0.78687185
0.8671632
0.95350826
0.9208224
0.891972
0.8483034
0.8388066
0.8281579
0.9086532
0.78489923
0.8757216
0.91242284
0.8689658
0.92305064
0.6554477
0.6389569
0.8720934
0.7329847
0.8781589
0.7974121
0.8008994
0.6123996
0.78704256
0.8093082
0.8677802
0.85333824
0.8127671
0.8841633
0.7920942
0.9903358
0.9391646
0.8939172
0.8980621
0.8691724
0.97899854
0.49760106
0.95632005
0.6997508
0.81897175
0.8593128
0.94703555
0.3217046
0.819467
0.7241909
0.96637774
0.7652218
0.7691028
0.6501876
0.98826474
0.8653213
0.9144648
0.96455103
0.77844965
0.88308316
0.6497212
0.84618443
0.8823873
0.91842824
0.7337786
0.922775
0.43152586
0.95940185
0.719901
0.74188244
0.6138294
0.83446944
0.83543986
0.9293284
0.9309633
0.98306847
0.71718746
0.9016198
0.7137149
0.9788187
0.92270374
0.4726894
0.9356438
0.68393004
0.91259
0.8640575
0.8413782
0.9015143
0.8418488
0.8773362
0.93677753
0.7415047
0.9084925
0.5890937
0.9461775
0.81166303
0.7427352
0.98982406
0.90169007
0.8281859
0.89221483
0.94331706
0.81487423
0.9974874
0.7624237
0.92169845
0.8646909
0.9612617
0.82119656
0.92829865
0.9550605
0.98817515
0.9633828
0.8617893
0.75767606
0.75814676
0.928998
0.9778412
0.79632866
0.9795964
0.9429966
0.88951236
0.85741174
0.9978251
0.9253643
0.8732937
0.82195735
0.62417257
0.9815614
0.91613275
0.8506985
0.9896257
0.9611204
0.74846053
0.84897566
0.9192506
0.95864826
0.7765682
0.77478456
0.7946449
0.8808341
0.95612216
0.89078236
0.7986425
0.8109212
0.8819441
0.83952504
0.9379362
0.9167316
0.7896312
0.68173414
0.8667432
0.94984716
0.9542448
0.75910467
0.73684955
0.77765715
0.98976547
0.75558156
0.955979
0.96824557
0.7600934
0.68896884
0.7440505
0.94509524
0.96198493
0.9116459
0.808805
0.64554054
0.9199418
0.77447975
0.98345906
0.8149043
0.6359155
0.9198503
0.7550935
0.74836934
0.8835065
0.93980086
0.78378963
0.94889724
0.9219288
0.7411245
0.9607636
0.90506154
0.9569864
0.9577519
0.83694214
0.89749604
0.8495428
0.95510465
0.568016
0.9304849
0.8986483
0.6124052
0.88734686
0.8787904
0.9294413
0.7419837
0.9090447
0.7464414
0.694682
0.7287581
0.7774006
0.9191663
0.7406883
0.94544816
0.9639281
0.8850491
0.7847493
0.7710835
0.9866603
0.85340536
0.8733713
0.8079541
0.9957695
0.8979498
0.88798225
0.8338582
0.9371251
0.9671454
0.8849092
0.7769513
0.6092136
0.9532351
0.78188
0.5341981
0.81615514
0.93086284
0.64696884
0.8872646
0.997875
0.97538805
0.93672454
0.92739946
0.7908757
0.933483
0.9294831
0.8145602
0.7960514
0.97515523
0.6516236
0.94280446
0.6352945
0.9192548
0.9762026
0.73543227
0.6506423
0.8165502
0.8318228
0.43146592
0.6560671
0.9280149
0.60841596
0.62893283
0.7479356
0.7538811
0.6867361
0.80904776
0.600397
0.8459048
0.676611
0.94602454
0.6973464
0.8311318
0.40158638
0.7856484
0.6951978
0.93029547
0.9663838
0.80124414
0.84275544
0.66374815
0.61719257
0.9682311
0.956723
0.95925057
0.99741477
0.9492637
0.73597395
0.90335613
0.8478381
0.7654363
0.4148223
0.8986572
0.90431416
0.92933565
0.8763487
0.6683853
0.95558286
0.8226755
0.7167574
0.94853455
0.885839
0.75130075
0.6538227
0.7914727
0.8217974
0.9312129
0.850147
0.8703702
0.7294246
0.96079165
0.827252
0.5366026
0.75444216
0.929849
0.6375279
0.6689223
0.93800277
0.9306529
0.99272776
0.9030267
0.93062353
0.9277979
0.8968031
0.65914375
0.9308784
0.82230395
0.9601028
0.95172876
0.94652814
0.71308005
0.9217207
0.8435084
0.8115168
0.94927245
0.8673908
0.87346584
0.83795285
0.6301473
0.9424671
0.7697701
0.662362
0.93017304
0.89271855
0.8681584
0.7318572
0.9703855
0.82034624
0.81898487
0.91723883
0.9448304
0.81893224
0.65473527
0.7747284
0.7397735
0.7698656
0.9351021
0.7572829
0.93860775
0.8917053
0.67497283
0.8328748
0.9964758
0.9350584
0.8694946
0.7286132
0.81843543
0.98666644
0.7722219
0.7099353
0.80351096
0.8647796
0.9855505
0.97085845
0.76737607
0.47274226
0.83588934
0.88170505
0.6828188
0.54638183
0.8958741
0.80172545
0.7873397
0.95990705
0.8302468
0.73340714
0.99419
0.9296294
0.92891514
0.9297855
0.6056969
0.94278413
0.817106
0.95276153
0.8651739
0.89664245
0.8939774
0.689013
0.8836115
0.95793325
0.9591328
0.78596044
0.84594655
0.7844993
0.95696837
0.82203496
0.8796902
0.77840215
0.74600244
0.9121526
0.9317441
0.886678
0.83779603
0.7009781
0.6653053
0.4297107
0.6224308
0.9501025
0.86388415
0.94798267
0.9019829
0.93565845
0.9018521
0.9141204
0.9570878
0.9630966
0.8111393
0.954949
0.90954626
0.82116884
0.78478265
0.7718086
0.95483035
0.7119325
0.9519896
0.8644649
0.8997935
0.9169548
0.8333123
0.9569361
0.86633235
0.839685
0.99273944
0.923791
0.83022654
0.99809617
0.8313158
0.87892866
0.90181804
0.7728089
0.82976866
0.9723425
0.82779676
0.88404775
0.93372
0.8806765
0.8767103
0.61100507
0.90822273
0.9318478
0.76930964
0.50922227
0.88713753
0.86096627
0.8446449
0.74599355
0.9092626
0.96494913
0.91128165
0.909296
0.94228184
0.9959413
0.6992173
0.92290664
0.8458195
0.81835073
0.7604042
0.99416244
0.9178058
0.37400416
0.87364316
0.85052925
0.8576754
0.7778944
0.9345034
0.8053739
0.6342534
0.8980403
0.74560654
0.6756017
0.7946394
0.86886984
0.79897195
0.73673165
0.69627404
0.70656234
0.8681041
0.7410295
0.8831788
0.6158142
0.8714186
0.9419876
0.71383244
0.90002596
0.8985114
0.6939963
0.9076934
0.941631
0.87724465
0.84737146
0.7783262
0.8753243
0.94767195
0.7539459
0.92179275
0.9798579
0.84040666
0.7871989
0.85583454
0.95484877
0.93825316
0.81025124
0.7761314
0.9679966
0.86657506
0.7985008
0.93909925
0.95677507
0.8209685
0.7657771
0.9624078
0.8341669
0.87373525
0.9700239
0.7957645
0.9195951
0.7495321
0.9515682
0.64740217
0.82999265
0.9704379
0.84886265
0.7264513
0.8871125
0.9465999
0.8352399
0.9026462
0.8939554
0.878257
0.8888211
0.9784209
0.83369106
0.87247515
0.9004615
0.90583223
0.7459873
0.6925774
0.87211514
0.85429454
0.84324396
0.62385046
0.75666755
0.8303133
0.84315085
0.6973349
0.88824373
0.8609372
0.766527
0.703619
0.6453309
0.981887
0.9279765
0.8388325
0.92898786
0.75108147
0.8554178
0.96484536
0.5121363
0.9184949
0.76681376
0.7626798
0.9454065
0.621107
0.9252232
0.9078999
0.9066317
0.97484756
0.7651507
0.8162103
0.92637104
0.6587433
0.84808856
0.98445916
0.86993486
0.8135345
0.8021959
0.81661284
0.9012294
0.70895404
0.98746574
0.75373995
0.8012757
0.8962027
0.50802153
0.9429477
0.83437204
0.6226388
0.88390213
0.777054
0.7120219
0.8487952
0.7540287
0.97916996
0.637492
0.9583112
0.9698844
0.53057337
0.96284056
0.98480123
0.9683291
0.83694977
0.98682547
0.9581178
0.8542747
0.8701174
0.75142276
0.9064456
0.94357127
0.86818045
0.8964876
0.91128844
0.7673328
0.9200707
0.8347412
0.88503486
0.9444313
0.89299047
0.6962653
0.78856146
0.6798253
0.67841154
0.88896596
0.8682326
0.85421383
0.6850609
0.9136654
0.8775346
0.8534166
0.7874794
0.9367092
0.92206323
0.8854654
0.99148184
0.7064255
0.61236966
0.97422695
0.96620655
0.9153883
0.98753273
0.9388496
0.92727065
0.45947564
0.9852378
0.72732633
0.88397515
0.6452425
0.86500895
0.96732
0.8831431
0.68853086
0.8905993
0.6508467
0.88193583
0.87943745
0.7870487
0.87998855
0.833804
0.49880195
0.7277049
0.7992619
0.9050042
0.83856875
0.81365687
0.84874177
0.9062723
0.37004977
0.83169013
0.82619363
0.883634
0.8489732
0.6750316
0.95348096
0.76189953
0.8867238
0.8123429
0.8924733
0.92251897
0.57725036
0.8741404
0.774961
0.9885629
0.79710853
0.8095873
0.9570434
0.93461275
0.94772446
0.69055265
0.8804641
0.80432665
0.9720866
0.7800668
0.9308751
0.94848543
0.9373094
0.7696977
0.8036397
0.80820024
0.8906912
0.85665137
0.8200793
0.9531849
0.9954155
0.959275
0.73074067
0.7541958
0.9716588
0.90700895
0.9528332
0.95788664
0.8375816
0.54898995
0.9063142
0.974983
0.8318894
0.9141996
0.87111646
0.7446602
0.90484166
0.95854634
0.97310853
0.82346255
0.648717
0.9799286
0.9093841
0.48583573
0.90650487
0.86822927
0.6341067
0.9259844
0.9444864
0.87292576
0.9794525
0.9706493
0.96115005
0.9259682
0.82784927
0.95639
0.98231274
0.58374274
0.9168012
0.9804522
0.88480103
0.8508309
0.9588644
0.88195527
0.9309119
0.9794974
0.97684073
0.86093056
0.82149124
0.7935804
0.90273964
0.89667726
0.66365165
0.88298327
0.96343505
0.9482111
0.95463574
0.8205102
0.9430546
0.8687352
0.90081567
0.9240473
0.8866974
0.94545496
0.896285
0.89048994
0.9353565
0.95162535
0.945223
0.7339723
0.86108804
0.94460094
0.80378276
0.76222765
0.8926964
0.9263321
0.84056747
0.82787645
0.97283036
0.9268492
0.8792678
0.8983731
0.9445163
0.90108824
0.71068704
0.9341574
0.8453985
0.7496045
0.9304432
0.5748999
0.99027973
0.87780416
0.7156937
0.6725273
0.88636106
0.7527722
0.7511947
0.75041425
0.9332561
0.9032208
0.9938933
0.8853232
0.757386
0.9343595
0.58282816
0.43862948
0.8708893
0.93031627
0.8391479
0.95138866
0.924547
0.34827393
0.77943695
0.8501355
0.96536875
0.7012325
0.9561615
0.7874424
0.76060367
0.72321475
0.67183876
0.849549
0.74972177
0.9218273
0.98137736
0.8727003
0.88229144
0.91466105
0.6403088
0.95799375
0.83647376
0.8558197
0.9750942
0.996649
0.84870476
0.79039615
0.7804853
0.90840423
0.94512457
0.8173664
0.39870098
0.7908025
0.6467501
0.8610828
0.8814153
0.77494836
0.83451325
0.7306548
0.60551226
0.96761847
0.915765
0.88475204
0.9507596
0.826505
0.7566235
0.94577146
0.8153996
0.9094834
0.8570914
0.7998347
0.7282326
0.84835184
0.9007924
0.7376943
0.8653547
0.49354374
0.97285956
0.69837344
0.93605614
0.7590607
0.9378619
0.88147146
0.74363416
0.88917375
0.83768904
0.89264876
0.6825501
0.9037112
0.9284224
0.813743
0.95976084
0.7919378
0.8138528
0.848439
0.6548598
0.862584
0.8995001
0.9459959
0.8036147
0.98802376
0.9235771
0.749365
0.78067034
0.9269548
0.75098455
0.7166401
0.69769657
0.8082193
0.73244214
0.8925787
0.96551335
0.84120965
0.94408953
0.8946613
0.9757112
0.8773643
0.5418904
0.84028167
0.5762575
0.8331551
0.7937473
0.97577477
0.8327966
0.89023024
0.9514243
0.4866755
0.93082607
0.5820142
0.86095977
0.76078075
0.7000773
0.82660556
0.9787121
0.81144387
0.82508427
0.7849043
0.95250607
0.61293894
0.66247255
0.7666604
0.95367837
0.8852563
0.64241195
0.9916326
0.8748834
0.98639166
0.7718631
0.8417892
0.96554327
0.92838186
0.9019134
0.91436374
0.6691598
0.9513207
0.99017096
0.5576491
0.9310148
0.87938243
0.8932312
0.77122307
0.9715414
0.9731405
0.7590678
0.72984654
0.8976233
0.78330606
0.8533313
0.84998184
0.75660336
0.90818906
0.93170816
0.8894099
0.8690043
0.9578919
0.7837859
0.8442629
0.9211739
0.78712815
0.9710752
0.93361783
0.9545823
0.8096
0.95835304
0.8745742
0.94529134
0.697651
0.87890923
0.82709616
0.90575564
0.855999
0.7330036
0.6842823
0.8213598
0.9186839
0.9460471
0.7617588
0.8227199
0.9758823
0.8817745
0.7872294
0.86308527
0.746871
0.9348835
0.88873875
0.7959908
0.9114617
0.97685266
0.48887736
0.9713417
0.852613
0.64478964
0.99511015
0.4369376
0.7879189
0.966725
0.85712236
0.55796367
0.82391816
0.9647119
0.9407352
0.97781503
0.9242894
0.9875621
0.9619286
0.97915304
0.9323755
0.83134353
0.8081217
0.95176876
0.63833857
0.76340646
0.9297898
0.9238595
0.81985873
0.61327195
0.88221717
0.72997296
0.7386402
0.6308915
0.90867114
0.97621804
0.92642653
0.6586327
0.8511569
0.95267767
0.84428215
0.77175564
0.87736464
0.7344586
0.9668898
0.94732493
0.87988317
0.9066073
0.96502304
0.9429667
0.8520035
0.6714225
0.9225165
0.83366
0.8962571
0.967797
0.8773472
0.56098956
0.8545266
0.9057919
0.9507761
0.8280377
0.82585126
0.9131963
0.9886136
0.8297709
0.85964745
0.9360739
0.8727848
0.96173763
0.63450915
0.72736675
0.7599045
0.97348666
0.98504794
0.710868
0.99730754
0.9043952
0.76854324
0.9777002
0.807948
0.8244747
0.85213125
0.8541926
0.9169392
0.74209565
0.8749996
0.81130123
0.97178614
0.95498544
0.7498212
0.8394268
0.78381944
0.82150143
0.8832287
0.5883211
0.83591664
0.90718865
0.9363099
0.8913223
0.91723806
0.94032073
0.8986412
0.95355165
0.9501989
0.6873891
0.89219403
0.7097121
0.8771302
0.90591884
0.84938204
0.91738015
0.8479119
0.8585695
0.48435155
0.92986023
0.90366113
0.78991324
0.758828
0.9023168
0.9679404
0.89322025
0.79783916
0.9930805
0.9925723
0.91974646
0.6731807
0.8438732
0.89890367
0.9377515
0.85573864
0.87524885
0.9589018
0.99289197
0.5640107
0.67284584
0.42231286
0.93066365
0.8983026
0.7941688
0.62689114
0.7295378
0.7484929
0.96183103
0.9047287
0.89119524
0.811829
0.8889382
0.72397256
0.971691
0.93133277
0.87014467
0.67589253
0.9423784
0.9118643
0.9958072
0.87383527
0.86377317
0.8189754
0.91585463
0.9401674
0.7013854
0.935857
0.734519
0.8939223
0.86814916
0.8123653
0.9621222
0.80592215
0.860882
0.90786964
0.7052398
0.9643247
0.800073
0.69529194
0.80737716
0.7948343
0.8588861
0.7528212
0.9791851
0.8563132
0.9909932
0.9203758
0.84933746
0.85576427
0.8499886
0.99301994
0.994352
0.6490734
0.646925
0.8412695
0.8511309
0.37424517
0.56285405
0.7998806
0.7469732
0.8343148
0.99236006
0.9710704
0.96251094
0.70234746
0.94560486
0.95338947
0.9951904
0.7103967
0.8861262
0.7370989
0.6758266
0.8561523
0.7857753
0.96704775
0.9821036
0.90580356
0.9069182
0.7086742
0.64602226
0.9229362
0.87724316
0.9114771
0.8559185
0.8345638
0.94889235
0.83802897
0.74840724
0.8218585
0.80771327
0.8647026
0.8730028
0.77287227
0.9307731
0.8802992
0.8041758
0.8431323
0.81601876
0.95691603
0.89037704
0.77962947
0.9562735
0.88679916
0.99016356
0.6296328
0.8985741
0.95611125
0.5501366
0.8723776
0.73632294
0.7848804
0.7815316
0.80677843
0.9522046
0.7787926
0.9838714
0.8859481
0.9417535
0.73225546
0.82450867
0.91309136
0.9510453
0.816612
0.97221476
0.8620496
0.91433954
0.8241557
0.95879626
0.97650975
0.92069113
0.89426947
0.44496462
0.9845692
0.882372
0.90309113
0.7137202
0.7494949
0.7457882
0.89121985
0.76078707
0.9136808
0.67227954
0.80228233
0.9182296
0.8619312
0.8983405
0.81068236
0.6603165
0.71120733
0.69063675
0.97950035
0.63904387
0.89424604
0.68633085
0.7732631
0.8714498
0.9229876
0.7352107
0.9508021
0.7061217
0.8992275
0.8187492
0.80635667
0.8584425
0.6341171
0.5544951
0.6591642
0.94203085
0.8729154
0.93357795
0.70841944
0.88310933
0.91924983
0.7967162
0.857092
0.94382316
0.5425763
0.5292831
0.7671575
0.9790179
0.65943044
0.8378568
0.9056533
0.96794224
0.85097384
0.71882486
0.9085943
0.8310871
0.8624636
0.55292404
0.8875629
0.96509737
0.8243221
0.93078136
0.7139691
0.85164255
0.8776192
0.750621
0.704357
0.7697817
0.6751521
0.8770046
0.95347977
0.89114976
0.8657733
0.48574284
0.9872397
0.76880115
0.7370937
0.94679624
0.8161042
0.97150433
0.9027702
0.9677657
0.76964855
0.97525597
0.8072453
0.8828157
0.9806898
0.9032984
0.77461284
0.85568124
0.84101194
0.9126084
0.91160357
0.72106403
0.8122654
0.6810407
0.83302027
0.69677806
0.8035687
0.95294476
0.6071286
0.89810586
0.85644853
0.8396354
0.7063265
0.7678009
0.8197814
0.895963
0.9947916
0.813284
0.9769448
0.87171483
0.8619068
0.8876431
0.611158
0.7751772
0.95092267
0.51682556
0.79427254
0.8328679
0.99823916
0.7077007
0.9730367
0.83888847
0.75098604
0.71840405
0.7994611
0.9189749
0.83460873
0.6101695
0.9282249
0.7624361
0.89704335
0.89214015
0.99467105
0.94919556
0.9284651
0.73164254
0.66959697
0.70256686
0.8955827
0.6996479
0.9019189
0.7985775
0.9951731
0.8912304
0.92283595
0.89387774
0.7772592
0.98997676
0.8491946
0.81785524
0.6750008
0.86208326
0.7497992
0.8265318
0.7312509
0.80331206
0.6770442
0.7740199
0.90479606
0.74968356
0.79721564
0.5469507
0.8810128
0.7469193
0.85333574
0.77736294
0.7902696
0.61894643
0.7740397
0.894022
0.8881311
0.7602446
0.82221466
0.64511573
0.8658879
0.927195
0.7604896
0.8818439
0.8747432
0.8757173
0.9158298
0.8992164
0.77394813
0.94279885
0.6408568
0.8051064
0.9357363
0.80461437
0.7187659
0.9273417
0.8720203
0.82930297
0.8942283
0.9575239
0.9233917
0.9172539
0.7222306
0.9529958
0.9094776
0.8510687
0.9476124
0.63163525
0.7157067
0.8847082
0.88430685
0.9481118
0.9737419
0.9519811
0.91100353
0.8561142
0.8158491
0.81770927
0.86621505
0.9960596
0.7759832
0.602676
0.85873073
0.8303937
0.7464064
0.5421191
0.733435
0.681952
0.8376861
0.94994724
0.66724527
0.8962482
0.91711104
0.9755552
0.86896354
0.89448005
0.76556295
0.98242223
0.8916206
0.9188268
0.79595023
0.96218646
0.671167
0.738007
0.88354564
0.87906146
0.8440998
0.96601534
0.7357734
0.9692654
0.9250893
0.9717495
0.6733253
0.58824885
0.94790864
0.99228907
0.7385987
0.87481225
0.8685762
0.9017419
0.7725215
0.86035174
0.9215572
0.8890493
0.9175836
0.4153427
0.8068711
0.9218914
0.9193429
0.836264
0.88367367
0.40469012
0.8929509
0.95125246
0.873067
0.7531357
0.9473648
0.85493344
0.9058477
0.83571804
0.9091358
0.5774356
0.9309859
0.58759063
0.935285
0.95978373
0.8095938
0.9921807
0.92743516
0.71973914
0.98536533
0.9679843
0.80737615
0.90854406
0.9514671
0.9798638
0.9431387
0.8888785
0.85693634
0.82069033
0.82304806
0.8576559
0.86946774
0.9408021
0.94608843
0.78802043
0.8145023
0.91803753
0.87265074
0.63067365
0.7420032
0.9201215
0.94832575
0.6525683
0.83258575
0.93585885
0.72359526
0.85462934
0.96426773
0.74801636
0.889395
0.9806942
0.9340153
0.9313233
0.65106434
0.9745548
0.8572887
0.9178924
0.9602308
0.77072465
0.72976136
0.80712837
0.8268957
0.91777563
0.87737834
0.8328917
0.7868904
0.7482469
0.8402169
0.5382042
0.9903623
0.87129736
0.66523606
0.9587929
0.9742808
0.857174
0.9087169
0.73754084
0.98951375
0.86002314
0.87619174
0.95214427
0.5628216
0.7446275
0.951214
0.9489028
0.85848975
0.8315048
0.9922284
0.82160896
0.8941353
0.8557571
0.74461603
0.81031203
0.8993299
0.85606825
0.8840413
0.9457747
0.91934496
0.8943346
0.6535374
0.74824756
0.7889645
0.8830759
0.6984055
0.7781708
0.89784545
0.74060285
0.98140275
0.81240904
0.7026713
0.7238678
0.8676461
0.8897367
0.87396526
0.9630359
0.80103964
0.8868418
0.7866163
0.83070004
0.94781077
0.7525314
0.8093853
0.7934409
0.81131744
0.84679157
0.64186764
0.9778995
0.7752515
0.8158852
0.91629255
0.8019883
0.8863465
0.861616
0.9436332
0.5457043
0.7392978
0.98474926
0.757231
0.9450773
0.861949
0.7618662
0.9088942
0.7670356
0.715848
0.93528503
0.84265804
0.72199064
0.82319856
0.7924304
0.888304
0.692026
0.9493237
0.9080623
0.8084593
0.954723
0.753876
0.5500528
0.8490103
0.93528473
0.72485006
0.9883721
0.72342116
0.9309051
0.8052741
0.7893115
0.9305942
0.91836536
0.84695804
0.95453215
0.7963161
0.9721465
0.774578
0.8957298
0.8578933
0.94446963
0.889756
0.7053001
0.7238036
0.9501713
0.72799444
0.44582927
0.96024513
0.98494995
0.9276604
0.8481994
0.92447233
0.88666815
0.8579658
0.9001739
0.90228844
0.4024613
0.8661058
0.9433001
0.80209225
0.7589886
0.44136265
0.9387504
0.96494275
0.87207955
0.8635874
0.728814
0.8822254
0.9564512
0.9518983
0.9310355
0.7794113
0.9588909
0.8593962
0.7929359
0.9717904
0.6390173
0.9167121
0.49185872
0.869173
0.86064136
0.9365166
0.926214
0.7098532
0.7583585
0.9565537
0.7147523
0.5779315
0.916226
0.9306499
0.95365185
0.79441345
0.96979666
0.9690676
0.9152994
0.6972806
0.97640634
0.8999232
0.8500454
0.85145104
0.7684559
0.9173047
0.75672
0.85579085
0.9535221
0.9855416
0.7554438
0.57287306
0.9339289
0.68991745
0.8574105
0.8361313
0.82713425
0.9928965
0.8429124
0.7565042
0.8996278
0.7867615
0.92765296
0.82148844
0.6678777
0.81180555
0.97043014
0.9297481
0.94674265
0.9737448
0.93741983
0.7192453
0.95498633
0.8439369
0.9526814
0.7729603
0.9098225
0.8225838
0.6439569
0.89859754
0.9693608
0.6603653
0.70554864
0.87171364
0.80325
0.93292475
0.60476315
0.8954959
0.9800294
0.971534
0.8568611
0.84511274
0.8116145
0.8740622
0.9037486
0.8662711
0.88596404
0.878658
0.47098106
0.90972596
0.8687104
0.9918008
0.6988701
0.82698107
0.4861186
0.82294506
0.8115039
0.8839998
0.73149866
0.8195851
0.6466586
0.84307444
0.9394648
0.76847947
0.8677066
0.81697524
0.7371006
0.89673424
0.99732494
0.89994645
0.78449464
0.9190613
0.5823494
0.97452426
0.83992577
0.83900964
0.9269127
0.7953967
0.7998786
0.9005406
0.78456223
0.90729225
0.84037155
0.8066003
0.83796114
0.8262043
0.74831736
0.8983238
0.65151924
0.9569654
0.722782
0.80426097
0.8802936
0.9760343
0.8822228
0.7874828
0.81177086
0.74687654
0.95978373
0.8144646
0.8708949
0.82084143
0.89156175
0.99779284
0.71450883
0.68366337
0.41057184
0.56651473
0.9767183
0.80732274
0.9060389
0.9003751
0.97899425
0.92692566
0.79421794
0.9337932
0.85924476
0.94869447
0.40435833
0.9030229
0.8206948
0.7444433
0.7453841
0.7912405
0.853306
0.92409486
0.8444433
0.85755146
0.58606577
0.71548325
0.9032843
0.66361237
0.9418975
0.88720024
0.83247375
0.98009443
0.9644002
0.9027234
0.984263
0.92159265
0.8358581
0.90852654
0.7967944
0.73428905
0.9226031
0.578102
0.8119497
0.8782157
0.97207296
0.84391636
0.6874779
0.950123
0.80507076
0.8243064
0.6939208
0.9372278
0.7397747
0.5465167
0.97339416
0.8940515
0.8353357
0.9430202
0.85918415
0.92334795
0.7665592
0.92766833
0.86687905
0.8821608
0.6765319
0.8682264
0.9053289
0.91411877
0.800887
0.65549165
0.8534269
0.89802694
0.80286604
0.95496607
0.80465096
0.8936576
0.8151008
0.8284676
0.95210046
0.9265547
0.9200828
0.8447536
0.23458268
0.92409015
0.85507166
0.94275516
0.61336815
0.9119889
0.90745246
0.6888919
0.71925557
0.9246316
0.73295504
0.5934901
0.94594514
0.4502714
0.9493871
0.95352024
0.74986744
0.70508164
0.9083386
0.9298266
0.90872383
0.7173655
0.91168594
0.88769746
0.9270632
0.9006635
0.8909279
0.7685083
0.98214155
0.8881052
0.92644835
0.8971939
0.9495321
0.9334984
0.7125188
0.89408386
0.9497133
0.73289704
0.7461519
0.62463653
0.8931066
0.9805007
0.8816122
0.7412607
0.7171803
0.7742307
0.7619883
0.9942656
0.96887124
0.7663479
0.74038815
0.7374906
0.9137793
0.37787858
0.8353467
0.8040509
0.7777214
0.6367511
0.9771676
0.94841003
0.949306
0.9148898
0.8398248
0.79026824
0.85759413
0.79112023
0.6313903
0.94945455
0.7594198
0.85680103
0.67345124
0.6492396
0.8871608
0.8405987
0.86298287
0.9064487
0.96048164
0.8678131
0.97599125
0.9038303
0.9529935
0.9097991
0.8726893
0.9812322
0.5337437
0.90163493
0.8514543
0.7982348
0.86114717
0.8151195
0.94495535
0.8638966
0.798765
0.76307315
0.8445657
0.8315866
0.64776266
0.9867053
0.70309615
0.73688465
0.98426354
0.9060476
0.539639
0.7660111
0.9477335
0.81397974
0.8666987
0.8682445
0.87070465
0.98580784
0.91215354
0.93175524
0.82767546
0.8641978
0.3719953
0.959824
0.44532815
0.95582736
0.8695444
0.71028984
0.76762486
0.8251407
0.86607087
0.79645145
0.7393781
0.888827
0.8577083
0.95092934
0.8940232
0.8464534
0.88345474
0.84327024
0.69063437
0.58439386
0.6410531
0.8457702
0.8880946
0.6574241
0.7177942
0.8684074
0.7813275
0.8170073
0.9265894
0.97691953
0.9486349
0.30669633
0.82708997
0.7610391
0.6667636
0.9428138
0.88619936
0.9380412
0.6110101
0.79766315
0.94555366
0.5367637
0.99606216
0.7258458
0.9113885
0.9890691
0.54202694
0.85918516
0.92384255
0.7996002
0.74252015
0.964098
0.98149765
0.9496898
0.85633284
0.91337323
0.7053442
0.9231701
0.91406024
0.846106
0.8408394
0.8789477
0.57589674
0.9598763
0.90038264
0.8701236
0.68307686
0.96683943
0.93606436
0.9212385
0.9336138
0.61725914
0.81355155
0.9216034
0.7168694
0.92470324
0.84848106
0.89736795
0.9216959
0.57880723
0.95060325
0.77100414
0.7707757
0.92086804
0.92917705
0.86163163
0.8774697
0.81957585
0.92719424
0.99099904
0.90871114
0.8441451
0.79057777
0.9007858
0.9447032
0.9096198
0.8787519
0.76415104
0.38336673
0.97081566
0.89914393
0.87246025
0.9375007
0.72974336
0.967574
0.7620721
0.9295339
0.88932705
0.85566294
0.8565
0.9326931
0.6729194
0.95451367
0.7088972
0.8321083
0.71105516
0.70534116
0.89822125
0.9367042
0.9526828
0.99651396
0.91149724
0.9250968
0.7647525
0.7814616
0.85048455
0.95749134
0.89737386
0.9532277
0.9031141
0.92172456
0.95616937
0.95715636
0.8711331
0.94783944
0.6393107
0.49250796
0.94076705
0.9441675
0.8787383
0.80910283
0.88703984
0.77251875
0.9794097
0.9204782
0.94065166
0.8646635
0.9062951
0.9364526
0.81812334
0.9147482
0.83056843
0.98630583
0.8322034
0.8937007
0.9649291
0.9527059
0.8038501
0.88575625
0.7513349
0.9205634
0.6875857
0.46884578
0.793754
0.868382
0.9645296
0.8380809
0.5406242
0.9635308
0.86708695
0.8057937
0.87031233
0.54627997
0.87099326
0.93857205
0.9205785
0.79895306
0.78346205
0.8504006
0.95195156
0.73076254
0.8918178
0.7186567
0.987208
0.93389076
0.7035419
0.9057718
0.77064794
0.92380285
0.78061724
0.85218847
0.850221
0.8877481
0.8934508
0.8943226
0.5985203
0.7578657
0.957446
0.8808737
0.95105696
0.9575692
0.8223827
0.7062021
0.7400447
0.40715668
0.93830025
0.933795
0.92580855
0.96965665
0.9594494
0.84402597
0.8259746
0.714263
0.8882379
0.94735646
0.9239439
0.8614545
0.86640906
0.5991526
0.82276106
0.9610752
0.806772
0.91622764
0.86914915
0.88388896
0.89202404
0.64363027
0.8384484
0.96046335
0.88710195
0.58904886
0.80511916
0.2788
0.86661243
0.70736086
0.62877786
0.8749477
0.8102726
0.9369966
0.8881232
0.93236196
0.94742674
0.91247636
0.8620776
0.86664563
0.93439865
0.8536292
0.837425
0.80276775
0.57751065
0.71027225
0.8137217
0.7990794
0.76754975
0.989604
0.5558727
0.7886295
0.96109533
0.9268436
0.94691527
0.9538367
0.8565424
0.99655116
0.8607832
0.66234607
0.8992277
0.80386144
0.8856198
0.8069214
0.83810735
0.9546381
0.83894336
0.8043942
0.68185467
0.74617124
0.66543424
0.748842
0.96063
0.6573413
0.61574966
0.7343532
0.7762313
0.74263346
0.81554556
0.94025266
0.9647487
0.60917705
0.8751321
0.62021786
0.8294474
0.774266
0.9400062
0.7427346
0.85547614
0.9507103
0.8435571
0.5145472
0.5957412
0.9641487
0.84044874
0.5137611
0.92140824
0.9754949
0.8581896
0.8028223
0.853708
0.91975534
0.3570831
0.9592198
0.9353582
0.8970111
0.8435402
0.6853718
0.5350016
0.9719932
0.8195595
0.8963764
0.9114241
0.9079943
0.79957944
0.7322119
0.7942036
0.89110255
0.97056925
0.8380941
0.4611044
0.7744002
0.80647874
0.8361242
0.7938767
0.91520125
0.9316056
0.97047913
0.7031417
0.7226765
0.8864411
0.82077086
0.9370638
0.97623444
0.8485465
0.46789196
0.9286231
0.5947722
0.56075764
0.9139027
0.7031142
0.684307
0.69545716
0.6478162
0.91150236
0.87331134
0.70810986
0.9099382
0.7943417
0.63506025
0.95458317
0.2628493
0.6952654
0.94683295
0.86002785
0.9614682
0.9071927
0.7851717
0.8560714
0.976946
0.982375
0.85890776
0.95249677
0.9023086
0.8616238
0.84173816
0.8488991
0.7367472
0.9209745
0.95910597
0.8429703
0.9762462
0.8821602
0.7419949
0.79279774
0.75897884
0.8388714
0.61731726
0.94235265
0.6485491
0.9030841
0.49299014
0.99164766
0.8688801
0.8547126
0.95653355
0.9121371
0.89466757
0.90219104
0.72883147
0.49846423
0.6050327
0.7044775
0.6849091
0.8516151
0.5771148
0.35131836
0.7108659
0.8519274
0.8938735
0.86901253
0.9526766
0.88272107
0.87904704
0.84445363
0.7537024
0.8620203
0.8949312
0.9692273
0.84467924
0.83311903
0.8340452
0.86196244
0.87521964
0.8505338
0.9187621
0.906564
0.81678987
0.93979865
0.89162683
0.54459894
0.9701805
0.9718524
0.85158384
0.78166974
0.6416958
0.45612073
0.6725169
0.7825018
0.99064523
0.94098353
0.82305294
0.81593204
0.8268628
0.843076
0.95588344
0.9213601
0.73011035
0.86285126
0.8040757
0.92149144
0.80783355
0.8072079
0.7571492
0.9140365
0.96126103
0.9641067
0.6346356
0.66208506
0.9415714
0.8595676
0.9323518
0.6455818
0.90887845
0.9469319
0.78230345
0.92559457
0.79475844
0.9861898
0.9827442
0.7146036
0.88051426
0.7842259
0.8380505
0.8911685
0.83284825
0.9488442
0.8235129
0.9314901
0.9708079
0.72614145
0.9453241
0.5489119
0.75949705
0.7253003
0.7733543
0.70980644
0.88268703
0.8916254
0.9059725
0.8082267
0.84239376
0.6757835
0.8742575
0.9482195
0.913929
0.86312926
0.94598514
0.856549
0.8377188
0.6917248
0.6135313
0.95312446
0.7798146
0.90631175
0.7616612
0.7318174
0.96711767
0.8798982
0.8449141
0.91642386
1.0
0.83670413
0.5486295
0.897768
0.92185885
0.9121598
0.73291737
0.8702574
0.7458252
0.94068635
0.9057245
0.61233914
0.6313237
0.9415674
0.40310967
0.8618609
0.75267094
0.8233125
0.91031384
0.8349956
0.8420525
0.9900051
0.93489254
0.8429886
0.8305199
0.9364713
0.6185743
0.8108373
0.9405056
0.94464785
0.64023346
0.8542428
0.55576587
0.93839204
0.906564
0.8363778
0.9764141
0.95159143
0.94020474
0.8363588
0.98897505
0.8463168
0.9745645
0.7097757
0.52227503
0.71424377
0.7432233
0.8998104
0.53997606
0.86983067
0.8968562
0.8664127
0.922554
0.6971449
0.9197484
0.8130258
0.9785277
0.90028346
0.901672
0.7576876
0.92239934
0.93231076
0.977582
0.6864879
0.48369816
0.8608311
0.4987923
0.9023401
0.81036294
0.81018996
0.9489243
0.86103135
0.84257996
0.5996494
0.7425488
0.70725524
0.87128276
0.86557966
0.42365962
0.8421799
0.77639145
0.8973669
0.9459725
0.95606315
0.8364367
0.82036984
0.7404836
0.75547576
0.7530459
0.57074344
0.9354246
0.7639967
0.8664348
0.90394115
0.885368
0.76329595
0.96527874
0.97391117
0.6978326
0.95479333
0.8514325
0.9571409
0.98337424
0.94633925
0.62876284
0.9569348
0.7865019
0.9358515
0.85621536
0.9602632
0.64499694
0.9317641
0.798106
0.98581743
0.64282954
0.8993811
0.945793
0.77851975
0.65338814
0.8090303
0.8450381
0.8990625
0.8104304
0.91938853
0.87606627
0.651451
0.6794606
0.7614021
0.805349
0.87464035
0.83310306
0.9535667
0.7656317
0.9225652
0.9206869
0.9644958
0.9267639
0.55609626
0.80535173
0.94724256
0.98044777
0.82783633
0.76323724
0.7407032
0.9012462
0.785673
0.8367224
0.7173876
0.9925306
0.75650716
0.8466737
0.89923877
0.7853788
0.9194815
0.89245355
0.94897217
0.9374153
0.6869297
0.9264241
0.93710274
0.8323338
0.8665035
0.95977277
0.8010013
0.82325494
0.8372376
0.5536244
0.89610267
0.86427927
0.8991352
0.7090374
0.90185094
0.52587575
0.7158406
0.9869894
0.98037326
0.61749023
0.92035216
0.7658281
0.85401255
0.87595946
0.7590508
0.7455239
0.93227607
0.78468466
0.9175817
0.9825095
0.91313416
0.66892684
0.6761221
0.9186154
0.72005135
0.93135774
0.981675
0.72199917
0.9150831
0.6459242
0.941344
0.7289189
0.89828193
0.71206045
0.8005341
0.96447927
0.8711841
0.7993712
0.9551277
0.5403289
0.9240118
0.8974928
0.5609014
0.7658495
0.9166695
0.87258565
0.93374646
0.9324381
0.8492877
0.74990183
0.95293796
0.8373618
0.91648567
0.9218508
0.8674469
0.7680892
0.76828647
0.74644715
0.96988696
0.7702052
0.79874957
0.43870366
0.8854639
0.89385605
0.949384
0.9039275
0.9578368
0.7797304
0.7863516
0.9584477
0.9250995
0.705598
0.9862287
0.8995709
0.69692075
0.7294455
0.36868227
0.7356575
0.9548086
0.8849797
0.9615721
0.94845945
0.78858924
0.9535395
0.77620363
0.9191069
0.9096832
0.7632571
0.8854884
0.9104383
0.89609754
0.83460104
0.9230217
0.58509
0.7356776
0.9663243
0.83892506
0.91395473
0.8194382
0.72602075
0.82591164
0.7792962
0.78201187
0.86771727
0.8459188
0.82879084
0.86842185
0.8206745
0.9454089
0.77943677
0.89421594
0.93970805
0.84744596
0.836854
0.90086985
0.91832733
0.8282834
0.95545703
0.8694254
0.78077567
0.7991835
0.87555796
0.76064533
0.44470212
0.7978549
0.9262477
0.83480555
0.8188017
0.74942607
0.9394641
0.9293504
0.86164856
0.9399387
0.9272511
0.8551679
0.9341705
0.85141206
0.94143254
0.9503886
0.9377674
0.98702013
0.95648205
0.95291424
0.93840766
0.67745906
0.9698119
0.7547642
0.9120235
0.82283074
0.85362554
0.9923806
0.90387225
0.8982633
0.96376276
0.883425
0.66887045
0.82138574
0.9183543
0.8467242
0.9291842
0.9340437
0.9139449
0.8434736
0.8276535
0.71586335
0.68024224
0.84731615
0.89715326
0.9737419
0.7879422
0.842234
0.8629201
0.7873788
0.8752856
0.93831414
0.8680196
0.96021914
0.9050929
0.965282
0.9761261
0.8984301
0.6479711
0.980271
0.9513954
0.7110646
0.6870819
0.8754394
0.9000428
0.6488842
0.97142005
0.92588663
0.7067206
0.91924906
0.8101841
0.6004181
0.9846565
0.7088901
0.6954144
0.76272887
0.81288135
0.97083014
0.84293586
0.81393856
0.8395818
0.9503415
0.8439903
0.7486207
0.58379775
0.9731199
0.86377466
0.7601185
0.87761605
0.9217602
0.9384575
0.82037157
0.8384347
0.97442925
0.8483138
0.8148486
0.77767473
0.962438
0.6868197
0.9734908
0.9696647
0.6194341
0.46233922
0.40850928
0.6261648
0.86511576
0.871919
0.89279914
0.8314377
0.71601135
0.75141776
0.88855016
0.76893955
0.6511613
0.8694002
0.9338233
0.990626
0.8329627
0.69433343
0.6634284
0.90061396
0.800371
0.74247104
0.9430173
0.89411986
0.8344468
0.77579844
0.73720276
0.572861
0.92207575
0.6653168
0.9567749
0.8051493
0.9570749
0.9438773
0.9047099
0.006173525
0.9220902
0.74680007
0.9689418
0.8938594
0.83024234
0.86877316
0.9382254
0.8435179
0.7074339
0.8986435
0.7443882
0.81480026
0.91521573
0.9323498
0.8451786
0.6624707
0.4889583
0.8402066
0.8678913
0.72560376
0.8556701
0.9555751
0.7987087
0.79858357
0.7523978
0.8407315
0.8384954
0.82851815
0.7112117
0.7152147
0.8660588
0.91389287
0.71408266
0.82516587
0.9731146
0.85602534
0.83630544
0.84396285
0.41525558
0.63103306
0.6963429
0.6878874
0.8352047
0.8790056
0.65042996
0.8048544
0.95011705
0.6524304
0.9180049
0.87393475
0.9001425
0.87228006
0.52089906
0.92370605
0.94172156
0.6845876
0.8541429
0.8123123
0.7945727
0.52563083
0.6318841
0.8775586
0.82657236
0.56913394
0.65382785
0.71225524
0.8570492
0.794451
0.9554663
0.90112233
0.92074883
0.7155831
0.6546637
0.88651776
0.80564636
0.5373009
0.7557578
0.7934866
0.82151574
0.7009247
0.9001159
0.5348973
0.7898139
0.7404217
0.8518895
0.98877895
0.8085804
0.91144216
0.6322791
0.45711043
0.90410835
0.86256194
0.93149364
0.7472741
0.8764044
0.8560046
0.79027873
0.9257369
0.8847618
0.9763112
0.9548616
0.71893835
0.78401065
0.96606815
0.91107935
0.8635645
0.96294945
0.88171506
0.95486677
0.7849777
0.91872185
0.9688976
0.9701152
0.9708348
0.9298512
0.81159663
0.85508686
0.91993165
0.98597753
0.91467994
0.76974064
0.8938776
0.936374
0.9187976
0.87008667
0.9662793
0.81639576
0.8392551
0.86138564
0.5884377
0.9303733
0.71075726
0.9388791
0.8051493
0.8763223
0.9967378
0.9843222
0.88135433
0.7403676
0.54699826
0.72733116
0.74155337
0.920457
0.68879354
0.7073022
0.85446125
0.7879172
0.79205453
0.89779425
0.5871261
0.8305504
0.903412
0.88895434
0.81596446
0.835381
0.70699555
0.82249427
0.9881362
0.958322
0.90461445
0.8558183
0.8767562
0.8938031
0.7908106
0.9745375
0.90744644
0.9353327
0.9309341
0.58776987
0.9709813
0.91822684
0.5548095
0.7880902
0.92551583
0.8400014
0.73222
0.858828
0.95703435
0.78746676
0.8816446
0.6582367
0.74486214
0.88422424
0.74250853
0.84511745
0.7857597
0.800869
0.8230779
0.95011324
0.86521375
0.9509016
0.7453235
0.89692926
0.8187615
0.8082486
0.46894377
0.75044954
0.8084843
0.89181924
0.55226165
0.9434068
0.9812339
0.9297597
0.8750406
0.7552133
0.6853076
0.7578611
0.7708131
0.8228103
0.9597932
0.9843449
0.81362766
0.9364593
0.9138427
0.8986223
0.66192067
0.83663636
0.93605256
0.9109734
0.68145406
0.8664916
0.63628453
0.85770273
0.9851939
0.85529065
0.49144614
0.6042869
0.8007126
0.82562613
0.9733772
0.9874464
0.7467538
0.9059506
0.8306541
0.913648
0.98837024
0.90706605
0.6319041
0.8862211
0.63016033
0.772504
0.76579654
0.9058185
0.8630538
0.86486536
0.94631004
0.9351322
0.78116703
0.7771634
0.6071615
0.7174214
0.90047395
0.932153
0.8204948
0.6209146
0.97403324
0.9104641
0.9064019
0.72261
0.69324124
0.9464687
0.63603014
0.6117691
0.8843315
0.85187095
0.9742496
0.8612614
0.88018304
0.735893
0.5226752
0.6276953
0.8122909
0.8228633
0.6774459
0.761623
0.95787126
0.87374896
0.997879
0.81246644
0.8368479
0.78101516
0.7808741
0.9268513
0.5666746
0.71733177
0.90582037
0.8035096
0.7936946
0.70638204
0.7264822
0.9929296
0.6243027
0.9794209
0.89586437
0.9530666
0.5800629
0.8627079
0.9511874
0.84642947
0.9246837
0.98119605
0.7422208
0.85054386
0.89937097
0.587064
0.9419603
0.63784987
0.78026366
0.9207939
0.82438815
0.8210837
0.8409192
0.98971325
0.77721953
0.92296666
0.71479857
0.9302875
0.83348835
0.8371655
0.86967516
0.69808865
0.90249133
0.76781064
0.790432
0.8805127
0.7178071
0.9163994
0.65505046
0.82430786
0.887201
0.83560556
0.77625155
0.8083904
0.80958414
0.7396636
0.59202576
0.97758216
0.82443947
0.9164907
0.80234915
0.80669
0.94217175
0.73240685
0.7908801
0.79563224
0.8688595
0.9802304
0.9089026
0.6606143
0.7955245
0.85720897
0.77308744
0.87413025
0.7757386
0.8708561
0.7397971
0.9223927
0.8999174
0.8107507
0.9520924
0.7583387
0.4811722
0.75217324
0.68731374
0.6653717
0.7743074
0.9386194
0.31666115
0.96534324
0.8012778
0.862244
0.827109
0.93492794
0.9420823
0.8714181
0.883872
0.90960485
0.95613164
0.85416603
0.91334313
0.94535
0.77920634
0.8149695
0.9593327
0.67004496
0.7531941
0.8064612
0.8706945
0.8766651
0.93415534
0.76532173
0.9833464
0.9865767
0.7969059
0.8496065
0.8366305
0.9015477
0.89557976
0.9102866
0.88306713
0.9415238
0.7987433
0.66663677
0.971367
0.9504386
0.9569931
0.88330895
0.8287208
0.89806044
0.9616517
0.70701236
0.9077137
0.42937872
0.5414721
0.88189876
0.9047181
0.7934254
0.7165971
0.887952
0.6344721
0.85228086
0.90504366
0.9175142
0.9809135
0.9817541
0.5966018
0.7543601
0.91509897
0.7416862
0.84278864
0.7542162
0.58170116
0.7194058
0.95231456
0.78056407
0.61329615
0.66970193
0.7533803
0.9171802
0.9488907
0.92645466
0.9416818
0.8467732
0.9180934
0.8387139
0.95107687
0.9396076
0.7870104
0.80492806
0.92374384
0.90201557
0.7555036
0.9030287
0.7527815
0.9537735
0.72863096
0.68866706
0.9488078
0.9351554
0.8307456
0.76020205
0.58175564
0.9518366
0.79159856
0.93722486
0.8695192
0.8145948
0.8739433
0.8655461
0.8364177
0.92981553
0.98284936
0.9756853
0.96879447
0.63399225
0.6178089
0.88628143
0.9565463
0.9210907
0.82897455
0.96048266
0.8190371
0.89849496
0.8532285
0.8962481
0.9849879
0.8485697
0.9917913
0.85189027
0.89519083
0.91631883
0.889454
0.94334805
0.7507477
0.8304311
0.95864
0.96083295
0.89168507
0.8708911
0.8865699
0.7604345
0.92906076
0.7281051
0.73164386
0.8692955
0.7447842
0.76951617
0.9971416
0.5234564
0.863616
0.90811
0.9318067
0.73783267
0.9787338
0.8094522
0.9462025
0.8904257
0.86597896
0.9431649
0.9363784
0.7940695
0.9287895
0.8939287
0.87201184
0.97497237
0.7648028
0.8418668
0.936277
0.76393056
0.80163157
0.87729895
0.8026179
0.9324646
0.9451698
0.7571353
0.8339861
0.7031247
0.62402344
0.9010657
0.9716756
0.84993607
0.64803815
0.83175313
0.83397293
0.9121735
0.99675673
0.92147386
0.8704237
0.925265
0.58369297
0.85346794
0.8111801
0.8461532
0.9623753
0.9451359
0.7871657
0.87105966
0.80062675
0.82034785
0.89268804
0.71576834
0.7802016
0.5649354
0.91772133
0.9343984
0.55889416
0.9547794
0.8654032
0.79268396
0.8778825
0.9448711
0.74532926
0.8969725
0.6788082
0.89256924
0.9049977
0.8303535
0.759195
0.7381487
0.90698916
0.7169337
0.7126096
0.88806105
0.94966763
0.92648375
0.6792886
0.8776916
0.64274377
0.8790865
0.9375153
0.88988364
0.92269087
0.96448946
0.87767494
0.88945115
0.60654783
0.9957283
0.89463353
0.89475536
0.98047817
0.93554336
0.74231815
0.851651
0.8310697
0.90777355
0.7102995
0.87293303
0.99175596
0.9109191
0.71022964
0.9189218
0.98020005
0.89668816
0.80200166
0.7817643
0.8750857
0.88811684
0.71559614
0.658622
0.70022094
0.8751566
0.8797672
0.83574957
0.9244134
0.9089518
0.9159197
0.9605751
0.90382636
0.9547111
0.97441983
0.8426112
0.8595904
0.63650745
0.89496315
0.8699346
0.89650303
0.64644045
0.6902683
0.82961774
0.70698327
0.9283047
0.8640741
0.9052105
0.78400797
0.8737085
0.91112006
0.880942
0.8607754
0.993079
0.90854406
0.9766321
0.6639616
0.95828617
0.78389466
0.9324771
0.8591927
0.80228984
0.89173186
0.8415977
0.87470615
0.8172864
0.7622868
0.9654953
0.9613659
0.8327699
0.5230082
0.86711
0.59996235
0.718195
0.7125038
0.9206196
0.9159958
0.92815995
0.5331919
0.74409926
0.81047255
0.55006146
0.69123584
0.93245876
0.85023236
0.9979259
0.7684037
0.8895155
0.6852993
0.9631188
0.92434025
0.9520487
0.9675999
0.99137694
0.9342056
0.9243336
0.8350909
0.91301596
0.9466383
0.8090254
0.893041
0.9256835
0.67783946
0.81828856
0.7555995
0.9247917
0.70530146
0.80131507
0.9859989
0.9078195
0.55223936
0.35581315
0.87728995
0.87291646
0.932409
0.7069018
0.96327615
0.93626153
0.93757063
0.8804014
0.963907
0.9340534
0.94863117
0.9526659
0.7872025
0.98614186
0.7210181
0.77017105
0.96294904
0.92463505
0.9608602
0.90145373
0.83869153
0.87581027
0.47044456
0.8902797
0.9885706
0.8089515
0.89434147
0.70136875
0.9801516
0.9563984
0.8539479
0.91888523
0.84247273
0.7729547
0.92257816
0.6302091
0.9047128
0.35923478
0.99670756
0.94424415
0.94013095
0.925224
0.85881823
0.9378253
0.70384824
0.7323629
0.9278075
0.73593277
0.96507514
0.8239105
0.74788284
0.83638537
0.95026255
0.8863369
0.91590786
0.92659724
0.89198196
0.93414354
0.90159065
0.870517
0.96852726
0.8358189
0.9004309
0.8062993
0.9835306
0.49780598
0.6169653
0.78137535
0.8500667
0.8836025
0.8901041
0.576081
0.85392505
0.64113194
0.648483
0.97162664
0.79261833
0.8721798
0.8336213
0.9805011
0.7384627
0.96190816
0.8956397
0.6912318
0.75683975
0.7674935
0.7393694
0.514821
0.8421618
0.7598426
0.9692058
0.86768556
0.9661042
0.86608666
0.9164606
0.92700833
0.96120524
0.8801673
0.6584463
0.88214517
0.9146473
0.9592129
0.90576285
0.76209694
0.9818033
0.80179745
0.8033669
0.9674778
0.68636227
0.85434496
0.96751213
0.65576935
0.8866853
0.8790063
0.97957605
0.92746776
0.9831235
0.792622
0.7223666
0.7750961
0.55518687
0.84195924
0.9467512
0.8463782
0.91469383
0.5907843
0.69691396
0.80028474
0.89135605
0.90529
0.69124866
0.7396427
0.9534974
0.71730816
0.73973316
0.83740044
0.6379516
0.8169483
0.8800614
0.7811595
0.9270552
0.8849722
0.9132004
0.708454
0.61008275
0.5375099
0.70136297
0.91494703
0.93084264
0.6290985
0.87788993
0.8910923
0.926855
0.8932626
0.90754116
0.8097209
0.8137367
0.9246567
0.87726855
0.8316065
0.9409673
0.9470042
0.9813479
0.8479724
0.79206777
0.740152
0.85809493
0.70480174
0.9485718
0.83399725
0.92432916
0.623741
0.96742725
0.61294866
0.9026288
0.98868525
0.778352
0.8811544
0.919605
0.9095279
0.9447453
0.8957242
0.80665314
0.8312902
0.979882
0.88281107
0.74810517
0.79564446
0.8365426
0.76655346
0.9044634
0.8310218
0.5389689
0.8795069
0.93581754
0.8466442
0.57161486
0.91806537
0.8321614
0.87965995
0.9671056
0.76278377
0.48069003
0.8684836
0.8147569
0.7011398
0.79135406
0.9073888
0.7362164
0.80224836
0.92724705
0.78878146
0.91578054
0.9782387
0.2611786
0.90369505
0.9627276
0.446719
0.72699237
0.9106163
0.8652973
0.66637605
0.9578024
0.9236089
0.84009135
0.9134945
0.8781357
0.78516763
0.83684206
0.9610517
0.93130904
0.83304787
0.9517735
0.92897016
0.9924642
0.74870265
0.90384966
0.865186
0.8111426
0.8381467
0.93695045
0.6975622
0.73520947
0.78730536
0.93393356
0.9024731
0.709999
0.828169
0.750834
0.75730014
0.87690395
0.6050464
0.7917088
0.7763688
0.9281188
0.7909682
0.5200097
0.934527
0.97228044
0.827718
0.9146521
0.91095984
0.6561974
0.7873426
0.7680051
0.75273335
0.71994436
0.690559
0.9127351
0.9442312
0.76805043
0.78176373
0.8181592
0.9451356
0.79293925
0.75943637
0.80277765
0.5503585
0.77114344
0.9297778
0.68645704
0.73548335
0.56256026
0.8550426
0.7434008
0.861717
0.9613834
0.8583743
0.848445
0.66373855
0.6460696
0.9829358
0.8074369
0.8745375
0.8885576
0.68084687
0.7944824
0.8404435
0.8658627
0.91764355
0.85782206
0.9674331
0.71850985
0.8618183
0.7416595
0.686018
0.9474195
0.93694377
0.9244464
0.97841287
0.9869241
0.99436045
0.9023067
0.7875202
0.8986716
0.6293515
0.8598875
0.78200793
0.8438193
0.7559254
0.5833051
0.926689
0.6625731
0.8366373
0.80312717
0.91571224
0.37306258
0.956686
0.4806323
0.6668994
0.8242828
0.72139037
0.5648658
0.84852386
0.81754863
0.85724473
0.82990056
0.8933767
0.88412154
0.70532036
0.97242653
0.66560984
0.8870492
0.80695814
0.7443907
0.82666636
0.93627644
0.8486046
0.9815324
0.745266
0.8954145
0.9360425
0.73827815
0.5505847
0.9632205
0.5152733
0.771049
0.8584083
0.64634883
0.92525023
0.9292332
0.9594063
0.9875113
0.95199424
0.91062605
0.5820645
0.75318515
0.7195053
0.70921224
0.791686
0.87962544
0.8492274
0.9084121
0.9847367
0.7656322
0.8749554
0.8862122
0.91373456
0.9602715
0.7639294
0.91307056
0.83747756
0.8394147
0.7205131
0.947262
0.8044693
0.80317545
0.76803607
0.77520853
0.5569813
0.96034336
0.9496105
0.98989594
0.8585751
0.983963
0.9181274
0.8239143
0.82872784
0.87617505
0.88473976
0.6924125
0.6960726
0.8959556
0.92522264
0.6559067
0.80556816
0.86996037
0.7674235
0.8091703
0.8893755
0.9234892
0.7126594
0.4212982
0.42669648
0.82880723
0.593449
0.91690177
0.6757751
0.97555345
0.9249976
0.796871
0.94414145
0.86468697
0.7747086
0.7953054
0.85317814
0.6753904
0.9263698
0.80023855
0.6340683
0.5833581
0.7136285
0.8410292
0.95031244
0.96171093
0.51215714
0.75981903
0.7299864
0.8125633
0.743933
0.70191514
0.7028874
0.57457364
0.9594702
0.94374645
0.83414257
0.9092276
0.80400085
0.7618153
0.90553516
0.71752465
0.9123684
0.71770835
0.8712622
0.8170187
0.75314283
0.77820253
0.7914403
0.9142033
0.77694476
0.83049643
0.97223794
0.9406823
0.8338721
0.965053
0.91206217
0.98470306
0.7966831
0.8901556
0.9080055
0.6233132
0.9451878
0.81827945
0.8964857
0.9079201
0.84407693
0.7054367
0.7957343
0.7813531
0.81744987
0.7899455
0.8344747
0.7572371
0.868513
0.8952084
0.9521429
0.90429866
0.7940231
0.89632416
0.9061663
0.9241959
0.6443453
0.8714703
0.9291937
0.8016583
0.74258924
0.8082816
0.87067676
0.8738197
0.79806995
0.7283166
0.7892769
0.73904
0.5894747
0.92087793
0.76287854
0.88086945
0.8005997
0.9371103
0.8236157
0.6950182
0.9073632
0.86114013
0.89203256
0.9631311
0.9329252
0.77472687
0.78960586
0.5476915
0.9370807
0.8914616
0.84124774
0.70615107
0.9283111
0.94732267
0.93376184
0.9034154
0.5741794
0.94848907
0.8132881
0.9322504
0.8228348
0.86779004
0.9528912
0.78122926
0.72799146
0.6086075
0.9476484
0.27111953
0.79846567
0.91209453
0.54513305
0.856057
0.6861936
0.68225867
0.7540235
0.81743366
0.8964193
0.7560823
0.9136584
0.9220921
0.84643686
0.86717
0.7632228
0.85343
0.50027096
0.9731379
0.82017773
0.98057586
0.87693954
0.8607681
0.8774607
0.8957034
0.651449
0.9055521
0.89979434
0.7118941
0.8269597
0.94679666
0.583159
0.9400905
0.89060724
0.8644501
0.5226227
0.809096
0.9086271
0.88582987
0.7471023
0.92918336
0.94629335
0.9546933
0.82009035
0.67437303
0.5494163
0.90200543
0.66134477
0.50276566
0.8180375
0.8624469
0.64998907
0.813338
0.53385556
0.6492528
0.9835221
0.9496148
0.9117302
0.81694037
0.93032503
0.7594589
0.84283006
0.98731464
0.79046094
0.9364346
0.8959786
0.8235173
0.59625393
0.5135955
0.5373499
0.6159309
0.8749415
0.9786049
0.95822287
0.69022286
0.9003442
0.9563079
0.8719156
0.91360414
0.4999862
0.93547344
0.8682615
0.8654084
0.9105223
0.70795465
0.76880085
0.86724186
0.9552019
0.7226888
0.920914
0.9117984
0.77358365
0.9058838
0.9451898
0.98252916
0.902353
0.89437413
0.9600968
0.9723137
0.98876625
0.8248904
0.9463451
0.8684926
0.83025444
0.98575234
0.94758415
0.9812502
0.69502896
0.82694954
0.70909816
0.7566727
0.85821337
0.7555597
0.8719681
0.81183916
0.9153836
0.5371574
0.9242936
0.9198518
0.5988138
0.74206436
0.86538374
0.9261888
0.83349365
0.6941907
0.63910866
0.9154719
0.9777791
0.71118045
0.6449149
0.76216793
0.8953153
0.74981487
0.86446995
0.85686684
0.88310033
0.9650186
0.74413633
0.9062782
0.95972157
0.86727244
0.78534293
0.74789524
0.96474314
0.77728575
0.9243486
0.89718366
0.82005376
0.988466
0.8284504
0.9435819
0.87158436
0.8576297
0.68085825
0.74115133
0.30202818
0.8254225
0.85728353
0.5596555
0.8891751
0.64935726
0.792343
0.37424812
0.81112206
0.367984
0.63559383
0.9271194
0.45821872
0.81457675
0.93006957
0.85136
0.9078845
0.89236724
0.79858804
0.9481875
0.90703505
0.93367493
0.88325363
0.9774034
0.9785569
0.8886084
0.9766311
0.7721452
0.89649785
0.7663572
0.9698602
0.93310356
0.94209564
0.804372
0.96527326
0.74842095
0.9166994
0.7837253
0.6972057
0.8806023
0.7301446
0.4730788
0.79106283
0.59996104
0.95338356
0.9603327
0.85435015
0.97139585
0.83290935
0.98891926
0.9666363
0.8539755
0.88163984
0.94571507
0.51766074
0.832127
0.8615993
0.7561241
0.8941629
0.96140754
0.8618161
0.8071102
0.81012017
0.96913046
0.75245816
0.80308396
0.9705537
0.9315841
0.8824629
0.86846864
0.8348335
0.9006571
0.81575483
0.78203356
0.79885256
0.5268532
0.88738596
0.8278872
0.5845355
0.8349656
0.91218245
0.8885852
0.9559649
0.9724045
0.88365006
0.9214254
0.7587554
0.2082047
0.8721872
0.99701405
0.6999937
0.5237992
0.9289129
0.86829495
0.9438661
0.6537174
0.71872413
0.545383
0.6573619
0.86445767
0.8535099
0.90167123
0.81402457
0.98565733
0.8171194
0.9369302
0.415173
0.89154565
0.7555667
0.95297885
0.9306701
0.27733687
0.782182
0.7773959
0.8199819
0.82353663
0.9604773
0.820802
0.9949697
0.28595266
0.9625476
0.89562553
0.856517
0.93840224
0.87904143
0.50974625
0.73809904
0.700553
0.7938561
0.783079
0.9040346
0.81618285
0.79376173
0.8263698
0.8102748
0.63733065
0.9548644
0.9110819
0.7748195
0.7619748
0.84970313
0.7399704
0.9607441
0.7275609
0.88450927
0.7506003
0.84791565
0.8679765
0.6047356
0.91639405
0.9275637
0.91871595
0.6880399
0.994926
0.7620668
0.81645894
0.82013214
0.9547305
0.918085
0.8364999
0.74671006
0.97681105
0.83360064
0.6275507
0.8782055
0.9269158
0.7455914
0.8753019
0.79260397
0.7692996
0.89873743
0.67225665
0.9478675
0.7196235
0.9289546
0.96269643
0.94021547
0.55276656
0.80399275
0.7051536
0.8384141
0.92800593
0.94754106
0.87986016
0.806936
0.8458237
0.7249928
0.88741255
0.911617
0.9433414
0.80163056
0.98590785
0.95122373
0.75943893
0.6450499
0.6721074
0.9718617
0.531511
0.9083393
0.9590946
0.74429864
0.9764649
0.6685366
0.69045836
0.8359461
0.8757203
0.8164162
0.9921618
0.9321956
0.9755124
1.0
0.85882366
0.8837686
0.74185836
0.8824843
0.78303206
0.71105
0.8942727
0.75486594
0.73303294
0.89195585
0.853943
0.9556033
0.7910021
0.9506427
0.8334237
0.9314399
0.62997544
0.88198733
0.9813135
0.9711414
0.8870218
0.804153
0.8231319
0.80000484
0.9188972
0.9901749
0.9136627
0.94310665
0.90322495
0.6137522
0.8371018
0.7647719
0.90379107
0.93414545
0.97927654
0.7017546
0.99646205
0.8645771
0.6802567
0.7867902
0.890805
0.95244586
0.9393874
0.9652587
0.87486863
0.9599018
0.848956
0.7439469
0.9286153
0.8867686
0.92610466
0.85649776
0.8540498
0.89565176
0.9798993
0.89677477
0.91852856
0.7973956
0.72148883
0.9853264
0.7069496
0.730106
0.9210287
0.9733872
0.5668318
0.8840666
0.88945735
0.98031706
0.818552
0.96338457
0.69522554
0.9952551
0.9821912
0.7857488
0.9253267
0.9272203
0.97902375
0.8588335
0.9866743
0.97507465
0.90652394
0.71161693
0.8533847
0.86008793
0.62351274
0.90545714
0.9631566
0.89581585
0.96788776
0.8949386
0.8589361
0.95434105
0.8030454
0.9375853
0.8878117
0.9826299
0.9682398
0.8779368
0.90094453
0.9078034
0.99141616
0.8367164
0.82256055
0.9089292
0.9302043
0.7848201
0.38359112
0.99739677
0.74653506
0.9324273
0.9628278
0.97520715
0.92510784
0.7137057
0.9230939
0.9446043
0.8264142
0.88829476
0.5571905
0.94946027
0.6267946
0.9170011
0.86262375
0.9787601
0.87561756
0.86610764
0.6107596
0.7887367
0.9519228
0.9159539
0.97024494
0.87083584
0.6727494
0.88706696
0.9843596
0.8949143
0.9108128
0.839138
0.9553356
0.72871506
0.68702173
0.8606998
0.929495
0.7453957
0.9032662
0.82629013
0.9890938
0.91235256
0.96496046
0.9294218
0.9786321
0.9900397
0.88208306
0.80159926
0.81753284
0.7949469
0.7734125
0.96630335
0.7742493
0.93803704
0.68826824
0.93417466
0.9010265
0.874662
0.66469777
0.7691589
0.7986666
0.875399
0.8915883
0.9902644
0.9044633
0.92224807
0.77659523
0.92686933
0.9776907
0.74694824
0.96858364
0.9399688
0.9709815
0.43126705
0.5825745
0.9361103
0.9695332
0.7828706
0.8826112
0.893973
0.92579496
0.9538111
0.85628194
0.9427371
0.65601486
0.83898216
0.9405645
0.8556952
0.9063616
0.894019
0.8816122
0.8775549
0.8191526
0.87466633
0.9065245
0.59948593
0.78888905
0.94983125
0.87461686
0.7170836
0.96871674
0.6693951
0.98024976
0.9336916
0.9907671
0.99303865
0.7694038
0.81032515
0.9922173
0.7932886
0.97100925
0.85727304
0.99102986
0.7948647
0.84055376
0.7912337
0.8020242
0.9339438
0.89709634
0.9563457
0.96349627
0.9657764
0.8987604
0.55463403
0.9695517
0.5333648
0.9843304
0.76667297
0.76114684
0.80559164
0.9978982
0.8972142
0.95057404
0.73123324
0.99815637
0.7904047
0.8659831
0.8382412
0.83314157
0.92800105
0.69806856
0.6817262
0.6588306
0.7087729
0.96212447
0.9307704
0.83129746
0.9142225
0.9956437
0.73246086
0.994043
0.9413657
0.9038542
0.90447444
0.99372065
0.917843
0.52891695
0.7605688
0.76421815
0.8781508
0.8815782
0.71853065
