0.89859426
0.83260405
0.81258255
0.87103415
0.7859897
0.8493962
0.6998685
0.94260275
0.9316367
0.9229417
0.7814244
0.75560063
0.9236337
0.83113986
0.8824085
0.628184
0.8619797
0.8460436
0.79643536
0.84138644
0.80909014
0.93567795
0.3673167
0.93879986
0.7838656
0.90895844
0.87700033
0.8528732
0.8187501
0.8739457
0.88172257
0.8795788
0.95276755
0.9133503
0.69067657
0.83090687
0.783862
0.86903375
0.6494121
0.94500875
0.6007458
0.78898996
0.60186493
0.88117754
0.81983507
0.9178431
0.7691042
0.7521877
0.8902381
0.90531504
0.86923933
0.8747742
0.93028164
0.84756225
0.8198477
0.8207733
0.845244
0.8242342
0.92119664
0.51981324
0.8752301
0.8665794
0.5465004
0.59145707
0.7895452
0.9186641
0.8358062
0.8279904
0.88817924
0.84203804
0.7807472
0.68906474
0.8543817
0.76001996
0.84630215
0.82289034
0.62626904
0.8444533
0.8968987
0.73458093
0.79618704
0.6905448
0.7425808
0.94515646
0.6905426
0.89715266
0.83306897
0.87952554
0.79471636
0.87944406
0.9446913
0.90628105
0.7264161
0.8800857
0.91863567
0.85159427
0.88135076
0.6496241
0.71180284
0.7830058
0.87434703
0.86355174
0.71714026
0.88579077
0.8884193
0.79653215
0.9223593
0.95525074
0.9237989
0.8351682
0.7095071
0.9503929
0.7327141
0.9523726
0.73735636
0.87500495
0.7348055
0.9147557
0.75403357
0.9379593
0.8779852
0.84779006
0.93179154
0.6329321
0.6878624
0.89059275
0.5121039
0.8901949
0.8973116
0.80903167
0.7246583
0.629222
0.85744035
0.7689974
0.8560711
0.88034713
0.6661353
0.8433196
0.82800627
0.8831754
0.888918
0.7433485
0.89530396
0.8295623
0.8328352
0.915101
0.85269046
0.78629255
0.88560444
0.7213757
0.44670847
0.9231858
0.9299652
0.9228034
0.9060202
0.8451637
0.734399
0.8248924
0.8992856
0.88231575
0.95793706
0.83983403
0.8211441
0.87192374
0.8833183
0.8866326
0.6508448
0.9025713
0.8180282
0.7838259
0.87119377
0.8987484
0.568317
0.7873753
0.89819014
0.72687554
0.8956445
0.828186
0.75377905
0.75716645
0.7802197
0.7846949
0.760072
0.7420529
0.80109143
0.9425502
0.80350614
0.8921031
0.9434899
0.8161522
0.8464115
0.86135185
0.8369143
0.8108125
0.70916533
0.66571254
0.80384517
0.6963749
0.7600228
0.50706744
0.90458935
0.9297089
0.92086804
0.86451674
0.82851183
0.78802425
0.8687505
0.89376706
0.8595535
0.76599056
0.90754807
0.7148746
0.96324855
0.7762843
0.5759153
0.80171776
0.52899736
0.82598555
0.5710776
0.75509876
0.9427596
0.7651774
0.91459686
0.6449427
0.797264
0.82885635
0.9337464
0.5934918
0.81085396
0.8870303
0.84246397
0.90253776
0.7552435
0.8364459
0.76049143
0.8817692
0.8124467
0.89944005
0.9394917
0.5755846
0.8533878
0.72117627
0.86000943
0.88334817
0.7818605
0.9724758
0.67767113
0.74653935
0.74213034
0.7106494
0.877621
0.7616686
0.5937958
0.93862003
0.9298488
0.81758136
0.7957885
0.8381669
0.88018465
0.8200273
0.85227597
0.6873672
0.6782539
0.88398
0.61693835
0.7669051
0.90189624
0.88942075
0.82246983
0.8044894
0.93350774
0.69760793
0.90388304
0.7613032
0.83844644
0.8657693
0.95965385
0.86831003
0.77724993
0.7878611
0.81223506
0.88595504
0.6287216
0.7932497
0.7552043
0.88716257
0.9148477
0.8306509
0.7324265
0.9123013
0.8762486
0.9188013
0.6876258
0.7904833
0.63905853
0.8031144
0.9238288
0.72220397
0.86130893
0.77484
0.7948581
0.9478097
0.90796614
0.7506641
0.65236205
0.85398483
0.82695705
0.7421051
0.5513095
0.8114321
0.9348862
0.9625892
0.8746648
0.8634904
0.8261235
0.93433505
0.92953
0.8684491
0.7001051
0.89406145
0.89017165
0.8773197
0.84821093
0.6856022
0.631369
0.6008899
0.90778613
0.88279927
0.8936299
0.8239509
0.82009757
0.90626895
0.9464935
0.77560025
0.4144318
0.72547674
0.6309493
0.8103837
0.8629272
0.7806798
0.71527344
0.4664623
0.8862687
0.8776545
0.87825924
0.9506142
0.6642679
0.8514979
0.7203388
0.8258414
0.79342914
0.72451645
0.87490654
0.7074872
0.8186743
0.79861593
0.9259669
0.857678
0.55354255
0.9414097
0.8200471
0.7125549
0.8103402
0.8083814
0.6150816
0.82063234
0.84412855
0.6272105
0.7477691
0.9326314
0.879291
0.854404
0.8580664
0.6129107
0.89807916
0.8912187
0.85194314
0.78333604
0.82262325
0.9112788
0.9237679
0.91322386
0.6788734
0.8197098
0.8442688
0.8210035
0.7630162
0.57514787
0.71782833
0.94092494
0.7192833
0.9528128
0.73073673
0.89679825
0.8235098
0.8630098
0.41671762
0.6864907
0.8633701
0.8233938
0.89973104
0.81513995
0.47826302
0.8082973
0.77213866
0.78435236
0.9130689
0.9405054
0.911104
0.89340866
0.8400421
0.7776424
0.87170583
0.94261754
0.9006766
0.5935956
0.73843443
0.7119537
0.76890004
0.93613356
0.93519396
0.8694651
0.8226715
0.6680912
0.77861106
0.8462044
0.8558905
0.91139805
0.9220971
0.52992463
0.9591191
0.91956276
0.69293016
0.60107994
0.81476367
0.7399871
0.86773247
0.7978184
0.7603878
0.713602
0.8939642
0.9049492
0.5460286
0.7894156
0.9040239
0.9230635
0.7820202
0.90893936
0.7502155
0.9489013
0.82590574
0.8733352
0.82255757
0.7428916
0.82503325
0.66303223
0.91827613
0.86519754
0.78546035
0.8912393
0.8653324
0.67978555
0.9537417
0.8442949
0.91858304
0.873416
0.8792615
0.570834
0.8372365
0.811749
0.8890279
0.86770815
0.8457371
0.710302
0.6180396
0.8572831
0.939508
0.81833667
0.7414353
0.8462349
0.8532369
0.9016596
0.8549161
0.67139775
0.9699037
0.824915
0.90403545
0.9115447
0.8238316
0.7940656
0.906777
0.7846203
0.74912107
0.90420324
0.87949365
0.9480946
0.8690429
0.9210096
0.64530814
0.80157137
0.96381795
0.8991318
0.854622
0.9143396
0.8896759
0.5628989
0.64002943
0.8572509
0.6566992
0.7733587
0.8890062
0.8660637
0.900426
0.8564588
0.8013114
0.82888806
0.8272674
0.54751855
0.9567137
0.7136966
0.590724
0.85738677
0.85566014
0.9063653
0.8560643
0.915869
0.68506783
0.7548158
0.6935849
0.7198464
0.6921171
0.8722827
0.8749433
0.9252286
0.65618104
0.7635161
0.8366682
0.9122156
0.78891593
0.68163824
0.9038763
0.881938
0.9369459
0.764821
0.8761484
0.89986104
0.9379976
0.9350058
0.86933446
0.929208
0.8904752
0.92297214
0.7627826
0.87246996
0.897211
0.871412
0.88758683
0.64844686
0.8712717
0.82933563
0.9333261
0.9235121
0.8059935
0.82765484
0.8860649
0.93670917
0.7807301
0.8985424
0.8217459
0.8474117
0.71417683
0.87505174
0.90198207
0.8979473
0.7766989
0.87213683
0.73815084
0.7849597
0.587855
0.9674433
0.84005404
0.92233485
0.7069093
0.8001096
0.8500192
0.81544507
0.67535406
0.9159489
0.70508254
0.9258063
0.85816544
0.8962592
0.965752
0.925972
0.95200247
0.84559345
0.78567624
0.8225931
0.6218622
0.62392205
0.77789646
0.7981168
0.88230324
0.8023904
0.86485755
0.7623253
0.93989897
0.85238785
0.76967585
0.7417231
0.77337235
0.7649485
0.96386236
0.88353515
0.91966337
0.8750274
0.87418026
0.89052975
0.9568222
0.90074146
0.85333526
0.8837408
0.7493712
0.90798753
0.89737225
0.87705004
0.7027652
0.8269818
0.68685615
0.828972
0.863095
0.76591
0.80104125
0.9407652
0.93970287
0.78677803
0.7632683
0.8229153
0.76914763
0.71371686
0.8296407
0.79073423
0.8415925
0.961035
0.6380396
0.9443668
0.83533376
0.8468255
0.83178204
0.8351877
0.5533924
0.8270883
0.957322
0.82891047
0.8372383
0.7623247
0.6217397
0.95712954
0.8454524
0.8715961
0.8288714
0.94803476
0.73908794
0.87082654
0.81494546
0.62552464
0.6960192
0.8301693
0.87011194
0.9402138
0.8755374
0.8675394
0.9619537
0.80539984
0.6442562
0.65854895
0.87126267
0.8581695
0.8371192
0.9101553
0.75459564
0.81304413
0.7942211
0.8736514
0.5591836
0.66845
0.8773267
0.7093135
0.8474852
0.75769466
0.8599414
0.82028055
0.8215825
0.78177863
0.8685613
0.9628875
0.94797295
0.94187385
0.9372148
0.8593898
0.9122668
0.92534167
0.7653825
0.9040918
0.8798784
0.870643
0.7854007
0.743588
0.9127528
0.703251
0.7918193
0.73040557
0.7650088
0.5634669
0.7400529
0.90895665
0.93679416
0.7557003
0.6861023
0.813556
0.7560494
0.6626644
0.92251074
0.83937204
0.8154101
0.9013355
0.7957647
0.81143343
0.96408623
0.8338084
0.96315104
0.8339272
0.8510922
0.93550295
0.897007
0.8068179
0.86387134
0.8456784
0.9556765
0.66052127
0.72851133
0.6113374
0.7494091
0.9277089
0.93348736
0.9024241
0.7985597
0.93124825
0.8727313
0.63926303
0.9652761
0.90146637
0.8484529
0.8397863
0.8511448
0.81048024
0.71501446
0.86072683
0.7625708
0.89171493
0.9677345
0.9006168
0.8415109
0.764012
0.94504374
0.84410095
0.83090603
0.7514494
0.81546086
0.7911965
0.8570055
0.8638738
0.81732225
0.78322613
0.912985
0.6986195
0.8165778
0.80065477
0.8557765
0.92883885
0.72071034
0.7837331
0.7298019
0.85513854
0.8898267
0.6407536
0.7344863
0.86685425
0.8731484
0.8806841
0.88882935
0.8666702
0.87667
0.8423427
0.70869786
0.71678674
0.792018
0.93783844
0.86034405
0.9035068
0.90623343
0.91781145
0.880388
0.6051558
0.93542224
0.8933915
0.59584564
0.8009768
0.71945214
0.855624
0.5587232
0.73082364
0.7481806
0.9811827
0.89258647
0.68982196
0.72472805
0.9248771
0.8299632
0.9254356
0.9764743
0.7379139
0.9008528
0.71266496
0.88798463
0.88431054
0.61199296
0.81211936
0.9370174
0.73539287
0.9017468
0.82012296
0.78368944
0.751247
0.9442265
0.596454
0.88253504
0.67713284
0.55971277
0.5881424
0.82447904
0.897529
0.8222759
0.8539506
0.9037513
0.83521086
0.8867918
0.91506433
0.95039487
0.72468317
0.7481873
0.62935436
0.87872374
0.6874857
0.82287794
0.9350435
0.92940784
0.65874696
0.82486415
0.7122538
0.85339135
0.8943924
0.89282644
0.7747084
0.8909409
0.9281619
0.91722727
0.8967343
0.91275716
0.83765566
0.85849607
0.8845726
0.8384434
0.9040054
0.8068513
0.8072109
0.8449859
0.79051554
0.8443928
0.8818688
0.8870151
0.6456054
0.6146192
0.88983655
0.5250396
0.87931114
0.8147881
0.80809236
0.5774372
0.86636573
0.70700496
0.82507163
0.93485886
0.8634839
0.93447834
0.5920331
0.7049813
0.77412635
0.89144236
0.7582832
0.86889297
0.75362945
0.73216885
0.8546959
0.8053867
0.8467259
0.8458011
0.7403897
0.9583895
0.8273218
0.88021755
0.8723713
0.84395653
0.70948917
0.9607499
0.7343549
0.91819906
0.8035391
0.460381
0.84629214
0.96025
0.8058609
0.77221704
0.7084901
0.6746989
0.8643062
0.84920007
0.82263064
0.9227169
0.7076395
0.743427
0.8613827
0.6756124
0.7714002
0.8294903
0.7841246
0.7137195
0.9357165
0.7291744
0.66896135
0.7251843
0.8176466
0.8432045
0.9150927
0.8792489
0.7199117
0.7874043
0.8916483
0.8404485
0.6759567
0.9193207
0.8503165
0.8542104
0.7964697
0.802716
0.91040075
0.7273757
0.90450037
0.8712432
0.764482
0.9375369
0.89731544
0.46561518
0.87014616
0.88498116
0.74434215
0.8979571
0.7917651
0.90622133
0.74392724
0.7381943
0.9169805
0.9011106
0.73530847
0.74684095
0.92527825
0.72884
0.90498954
0.72138584
0.5241998
0.9203097
0.673181
0.86191016
0.7172378
0.88078606
0.81897193
0.8496394
0.8514885
0.7507158
0.73238266
0.8929347
0.84886426
0.77616704
0.8660302
0.76121706
0.8522613
0.8592478
0.8099344
0.8929585
0.8987713
0.6826109
0.8508188
0.79735523
0.90027153
0.9133437
0.9547732
0.87892574
0.8682535
0.949252
0.8219428
0.81587994
0.8535025
0.8826786
0.7721231
0.39660883
0.6478056
0.9533288
0.7444376
0.8223041
0.9281743
0.92649066
0.9531939
0.8949379
0.8674467
0.91822374
0.87650925
0.55852824
0.86698353
0.7796742
0.73275447
0.8388574
0.8135503
0.716066
0.8830094
0.8861474
0.82157785
0.8048495
0.6357227
0.9589135
0.75741255
0.8198507
0.93165284
0.905349
0.8635175
0.78385484
0.8547075
0.82080454
0.866555
0.78523445
0.7569296
0.72854984
0.7604136
0.92853296
0.9234342
0.94693434
0.8615794
0.7704342
0.8231162
0.8326451
0.51800406
0.9132154
0.92643976
0.79169834
0.64731306
0.75021434
0.8612192
0.8038887
0.67541003
0.78813446
0.90793145
0.7939274
0.94574654
0.72559345
0.7272802
0.912649
0.50994915
0.90872085
0.7063974
0.9446106
0.83679724
0.6568513
0.859344
0.8763598
0.6667348
0.7893527
0.7092733
0.9607646
0.9568228
0.93279815
0.82525826
0.9503685
0.87192076
0.79709387
0.5968578
0.7076469
0.75083876
0.8223457
0.5920906
0.9297816
0.90028095
0.7181391
0.728562
0.91716146
0.7664069
0.445383
0.6463012
0.8731817
0.7430926
0.9049474
0.8135855
0.6966352
0.76902586
0.79747176
0.69548255
0.6873059
0.52812207
0.8093689
0.92774844
0.8090955
0.73681784
0.8717538
0.92475575
0.8607035
0.9070498
0.8130579
0.8284173
0.846904
0.7193556
0.92902005
0.70257425
0.8691355
0.8368115
0.9394833
0.8556461
0.78916776
0.79374766
0.84750915
0.7846313
0.7296169
0.8171126
0.8259544
0.84034026
0.85853505
0.9635471
0.95622987
0.8567381
0.6348626
0.71812177
0.7743604
0.8786434
0.79042697
0.8008001
0.58728874
0.94714534
0.5473687
0.7669725
0.84881806
0.7856972
0.98313653
0.67990386
0.8698876
0.87508345
0.78374124
0.8183913
0.75530714
0.6077708
0.9123024
0.94359446
0.92057085
0.87705755
0.94608575
0.5751824
0.94819826
0.64994913
0.7041177
0.5956438
0.8252163
0.83256733
0.93691677
0.91715896
0.9238795
0.89735264
0.96332014
0.95208263
0.84519225
0.9110171
0.91333133
0.9257099
0.93073136
0.80937994
0.80024433
0.70874465
0.65983665
0.94787836
0.8539915
0.6873312
0.7167101
0.9113408
0.96644485
0.90672237
0.9172796
0.880374
0.9688766
0.9691598
0.89601976
0.7667934
0.7334939
0.7141065
0.9183487
0.6929215
0.93462497
0.8679671
0.7976233
0.86558443
0.90119755
0.935741
0.93508846
0.85964715
0.54079896
0.79766613
0.8675741
0.83660513
0.7468816
0.94242144
0.85752034
0.85498804
0.91020584
0.9542091
0.38431308
0.8923453
0.9718732
0.66020215
0.89634585
0.8885492
0.8446307
0.87984174
0.84899974
0.7848164
0.6190292
0.76674104
0.9234759
0.86176777
0.81553996
0.716603
0.9181329
0.7774653
0.8246021
0.68844736
0.643988
0.81605816
0.81491685
0.6510166
0.92821115
0.77558756
0.5648513
0.92230797
0.72967553
0.8859862
0.8053472
0.8904371
0.8249775
0.71837854
0.88097537
0.8484056
0.7348304
0.68439335
0.60396147
0.76395106
0.8487747
0.6653759
0.80887043
0.7918236
0.83990294
0.7420852
0.92132044
0.9119774
0.7955342
0.9364816
0.8945052
0.8685925
0.97328776
0.8632213
0.72941095
0.79619473
0.7677208
0.65443856
0.9486932
0.8012324
0.6040877
0.7915815
0.9273331
0.7857318
0.73735476
0.8646792
0.73417354
0.86688024
0.78702646
0.6888098
0.92056125
0.79179394
0.90731704
0.8873842
0.69541
0.7410161
0.8328357
0.83479923
0.6144038
0.8536026
0.9420904
0.94448894
0.7661892
0.75716573
0.91853595
0.6849469
0.8861248
0.81166875
0.9040731
0.9270342
0.91535354
0.6551305
0.8335868
0.9536473
0.8124342
0.75047016
0.9575204
0.6684162
0.6975537
0.79178524
0.83811873
0.8277562
0.9088608
0.85449624
0.7307083
0.7976808
0.70518064
0.6425352
0.78872746
0.80116487
0.7778175
0.85512197
0.85416424
0.86865747
0.68865937
0.6632003
0.90652555
0.75945616
0.8240992
0.8504411
0.8302827
0.89490044
0.6519051
0.78782415
0.86393994
0.75097615
0.682236
0.62768877
0.8862927
0.70874906
0.9219911
0.78472674
0.86276853
0.7807577
0.9325904
0.7686217
0.37361175
0.87530565
0.9122376
0.80326605
0.68951905
0.90326333
0.441001
0.91449
0.91909313
0.970591
0.7292254
0.76859266
0.5568824
0.7853219
0.7856938
0.87920237
0.95509946
0.84051275
0.7832067
0.6084019
0.6859369
0.77199507
0.7054217
0.82346606
0.78912747
0.85014254
0.91075873
0.8021842
0.6347267
0.85811365
0.6008813
0.7121825
0.8707462
0.78549266
0.71135247
0.670696
0.85509175
0.71199936
0.9349089
0.883758
0.844661
0.7732168
0.8180498
0.8109276
0.66921973
0.8708947
0.71142703
0.74342644
0.7073945
0.8586147
0.79453397
0.649604
0.50793153
0.72185594
0.6859176
0.7336735
0.7876817
0.84608537
0.7830599
0.5413786
0.71243227
0.8981849
0.91932297
0.7676531
0.6941946
0.85448843
0.9446329
0.9600562
0.721441
0.8777787
0.7361965
0.8484176
0.9183203
0.70465124
0.7028812
0.90407753
0.9217585
0.8720663
0.86214197
0.5581712
0.68157005
0.9328625
0.64008516
0.89656764
0.83535814
0.7414682
0.873881
0.94075656
0.7468487
0.84784496
0.8371105
0.66369575
0.8887328
0.65380543
0.79190195
0.8288925
0.79734355
0.921474
0.80963105
0.73289007
0.54904175
0.28311354
0.87607074
0.5256896
0.7651359
0.75219345
0.7680928
0.8844495
0.9177846
0.9261901
0.8122945
0.9120518
0.6276356
0.9417963
0.83249587
0.8959219
0.8794247
0.85723066
0.9066489
0.8458072
0.84957916
0.85821354
0.64370596
0.8230621
0.92588735
0.9065863
0.7923959
0.7460825
0.957551
0.8902441
0.8884425
0.94600576
0.9467815
0.90895426
0.7435136
0.73043096
0.7738665
0.7804025
0.93853086
0.71321845
0.83285165
0.8430737
0.84871143
0.88092685
0.8136866
0.8360617
0.74824214
0.95451283
0.8590338
0.9027128
0.8962086
0.74125916
0.7492352
0.62068963
0.8976712
0.69621295
0.7960518
0.9398406
0.91170716
0.94167984
0.86802745
0.8927907
0.6393887
0.9312164
0.9044498
0.8443692
0.93515223
0.8882936
0.8072353
0.85669845
0.9005188
0.90206456
0.8223277
0.6102147
0.9001551
0.95011485
0.7754347
0.9245801
0.8628932
0.83285874
0.42846712
0.7983085
0.909073
0.88495505
0.9557838
0.7879283
0.70890117
0.81212896
0.82127535
0.76674557
0.8518067
0.79654217
0.9195136
0.8165196
0.8212497
0.9294342
0.912431
0.84484553
0.7502334
0.94634163
0.33542162
0.81824017
0.89100975
0.89138246
0.8642211
0.8684084
0.9108263
0.8080751
0.9399529
0.82770187
0.67648566
0.8164073
0.89694756
0.8827362
0.9408455
0.67967176
0.97765464
0.91997564
0.83725023
0.9129935
0.76798713
0.889539
0.84296894
0.8886512
0.81311643
0.8058152
0.9488847
0.9493579
0.69997954
0.8176037
0.9035209
0.90235
0.8644165
0.9595494
0.6392096
0.8759747
0.83319896
0.76899236
0.8576017
0.73130745
0.8275455
0.8988899
0.6741855
0.8487901
0.93161035
0.7491787
0.8798454
0.9552509
0.81777126
0.9345962
0.95537496
0.8837859
0.8372863
0.92666113
0.8850759
0.83396006
0.9048455
0.9199333
0.74535125
0.7675803
0.6978592
0.9671612
0.8937551
0.66266686
0.7206123
0.734949
0.9264633
0.59037673
0.82038707
0.7535405
0.93066096
0.8793849
0.93372226
0.8950224
0.8669448
0.8826819
0.7890763
0.89149344
0.56421584
0.80875677
0.95552367
0.9122026
0.9197962
0.8869314
0.7260219
0.62682927
0.8073977
0.9389492
0.7362704
0.8865854
0.79188293
0.89895236
0.77656144
0.9279382
0.92846406
0.87193555
0.87815547
0.71695185
0.806799
0.7162782
0.93568146
0.88320017
0.91602826
0.945243
0.7555512
0.88283455
0.9514297
0.86496216
0.50767416
0.7945519
0.9550142
0.83668244
0.86118436
0.8690434
0.66693485
0.94318336
0.6577355
0.7792524
0.9388464
0.6818061
0.8199832
0.9095761
0.7999294
0.864181
0.896984
0.6071751
0.8968987
0.8805134
0.66467637
0.9283371
0.8223409
0.63146806
0.7070286
0.88613397
0.9202517
0.7062827
0.73053694
0.7898797
0.8360705
0.64122975
0.4329245
0.90882874
0.9008078
0.9285202
0.9226731
0.70270866
0.6725156
0.87685883
0.82491606
0.8564166
0.9152125
0.5532959
0.76849407
0.7334492
0.9062789
0.93068624
0.77623695
0.6078148
0.954498
0.9158595
0.8072247
0.7588594
0.86467606
0.70609003
0.84791434
0.83116555
0.91375285
0.8213676
0.9264034
0.8466993
0.9156708
0.9115437
0.81796736
0.7504535
0.76586413
0.86808634
0.75385576
0.92930216
0.8838587
0.8869381
0.8231184
0.81586117
0.96991265
0.7413137
0.8952206
0.87731206
0.42905518
0.85956544
0.7043083
0.8419106
0.9190106
0.75548685
0.78121036
0.7886739
0.7722336
0.90072954
0.9749805
0.72525924
0.915048
0.8719943
0.92569447
0.8794888
0.74014777
0.8891652
0.9291998
0.68040687
0.79996777
0.8662935
0.5657175
0.8144078
0.8638278
0.6374017
0.7170251
0.836635
0.8603184
0.895545
0.89581776
0.9152064
0.8547346
0.8334571
0.7530006
0.8345574
0.76676816
0.6703288
0.7368102
0.68079495
0.7364034
0.5037214
0.79940677
0.6107834
0.9507736
0.8700839
0.90460885
0.8789417
0.52253103
0.8349832
0.84301835
0.69782513
0.85612315
0.7466514
0.9828144
0.81081957
0.7862133
0.85417354
0.758157
0.8295047
0.70665514
0.825082
0.2451019
0.8069028
0.87120074
0.48508194
0.7974496
0.8136672
0.7313333
0.6993092
0.67540246
0.54553455
0.4387069
0.8060725
0.8889855
0.8250465
0.8085464
0.9387171
0.5816328
0.7028903
0.7915388
0.78193367
0.89154124
0.805841
0.93341035
0.7712872
0.8761718
0.8964503
0.7660951
0.9021182
0.539451
0.8135793
0.8541805
0.7520975
0.78557307
0.8462535
0.9542543
0.43230957
0.63825566
0.92652684
0.8376596
0.69204515
0.8717197
0.68379116
0.75515527
0.76730263
0.667848
0.6795148
0.8250392
0.693988
0.91572547
0.8243766
0.8082911
0.82326865
0.88211083
0.79865515
0.937832
0.8447524
0.76378894
0.7738017
0.76364774
0.52322257
0.8346612
0.82734185
0.56250924
0.88548076
0.7557115
0.8651971
0.6953651
0.82110524
0.8027084
0.6757219
0.9626835
0.69435894
0.75963145
0.73177516
0.91460794
0.7946247
0.8955573
0.8044184
0.75596774
0.92329884
0.86041874
0.5969465
0.7777532
0.91501683
0.90866864
0.90296954
0.8338344
0.76744545
0.7130773
0.72753596
0.84307325
0.739432
0.6905648
0.93881655
0.7450471
0.71045005
0.42420143
0.8411456
0.6712382
0.9088113
0.9094039
0.8539982
0.89493775
0.8248204
0.61760694
0.78243
0.8120171
0.7462519
0.8236026
0.8802266
0.82817435
0.9155878
0.9231551
0.7573301
0.6827543
0.85050696
0.85048336
0.7647501
0.9242012
0.7373454
0.82579035
0.7658179
0.8242048
0.74575716
0.85075235
0.9592397
0.7428557
0.77766174
0.8643237
0.76376015
0.78016937
0.7661288
0.7272543
0.74292195
0.930051
0.81112546
0.6619275
0.85160905
0.93304706
0.92707294
0.63583976
0.84354234
0.98518676
0.700474
0.868248
0.74647003
0.83858275
0.9189404
0.73657846
0.7715032
0.6594671
0.77688026
0.8656879
0.70824283
0.8712536
0.7255783
0.9407905
0.8651669
0.8191899
0.6915696
0.80529964
0.7309179
0.86460006
0.69698423
0.7638793
0.92158544
0.9568295
0.7672062
0.81708896
0.84026027
0.7285006
0.940238
0.5769173
0.85323375
0.90778786
0.5190287
0.8849276
0.77802485
0.74254215
0.826356
0.6244079
0.7781557
0.9255732
0.76661587
0.6616879
0.90682536
0.78853405
0.9050675
0.8569454
0.71968246
0.7407136
0.8877683
0.27141663
0.71340096
0.9726535
0.77726614
0.94715244
0.65679836
0.90778863
0.65612286
0.86176646
0.8704228
0.6201625
0.8817801
0.58380455
0.834638
0.95714134
0.9065013
0.6026877
0.8788161
0.79261744
0.7822627
0.59217155
0.89968175
0.8990314
0.9603134
0.7775792
0.75662315
0.90024257
0.8613503
0.8670446
0.77348876
0.7909824
0.6416898
0.97734576
0.6667154
0.73093534
0.7556629
0.92978305
0.7280351
0.9422491
0.8884022
0.8484025
0.502755
0.66192585
0.75572383
0.64130235
0.8734499
0.7335223
0.805201
0.75549906
0.9421403
0.87410533
0.8671831
0.7673612
0.71059865
0.6656753
0.7195002
0.55054235
0.9587106
0.8904346
0.8683069
0.9307587
0.9290093
0.84770304
0.8767973
0.93888795
0.6638112
0.8223261
0.9675564
0.67264855
0.8913663
0.9453375
0.87963176
0.91606647
0.92439544
0.9440328
0.8508115
0.79846704
0.745984
0.9197624
0.7731963
0.816895
0.65795004
0.907941
0.8386208
0.8858254
0.86978596
0.6586691
0.94913274
0.5741826
0.7834902
0.73062754
0.84211946
0.885723
0.75246054
0.87643224
0.9465465
0.93428916
0.80772
0.9385555
0.92868435
0.8824023
0.95554566
0.79996896
0.86547726
0.7082549
0.83185214
0.7008418
0.85314286
0.78551453
0.68634564
0.72501457
0.84330964
0.9354654
0.89074945
0.9461523
0.83945835
0.7767447
0.8252298
0.9071465
0.91555023
0.9124619
0.797434
0.7004055
0.634886
0.9157755
0.80603397
0.50026774
0.7933707
0.9336259
0.9434848
0.70337534
0.78331923
0.5907096
0.67538774
0.94754183
0.73386645
0.7849907
0.85169
0.86019415
0.8363463
0.82786876
0.84451485
0.8148565
0.79256433
0.87783563
0.79538876
0.51224685
0.77161515
0.66249377
0.92711186
0.7876662
0.8554314
0.9536141
0.88123864
0.8254221
0.7827863
0.88603747
0.7379117
0.84185314
0.71619254
0.7573327
0.8790609
0.814411
0.83722967
0.91606754
0.8511104
0.6733444
0.8107333
0.7431743
0.83287585
0.8222427
0.5356071
0.6060519
0.7446048
0.5753056
0.8823037
0.63256437
0.67163855
0.6706216
0.8543285
0.8712536
0.85764116
0.3633945
0.8820944
0.7026272
0.8225484
0.92272073
0.7304655
0.7227138
0.7409982
0.37188032
0.61350924
0.834302
0.8534176
0.95778817
0.8631672
0.9461494
0.84978324
0.63209724
0.90807116
0.8796902
0.8374704
0.9250875
0.7398664
0.6036582
0.86523795
0.8843914
0.8952499
0.6967033
0.8249789
0.7231261
0.581905
0.4690346
0.8827261
0.8904871
0.737043
0.81475353
0.67514217
0.48437983
0.9655566
0.9296864
0.66599184
0.8784167
0.6504157
0.4893384
0.5088204
0.7419593
0.8219196
0.6532357
0.8306396
0.4449106
0.89195144
0.9541791
0.91974396
0.7724259
0.74219877
0.925261
0.92135817
0.84164894
0.86104816
0.7992423
0.6674503
0.9318627
0.6859046
0.74892
0.7943549
0.7103102
0.5884388
0.9238895
0.6551328
0.84957916
0.9225321
0.7586084
0.7633773
0.76292324
0.78627205
0.80620337
0.53549564
0.8095815
0.8556648
0.8162393
0.82240283
0.78865135
0.90062284
0.87027156
0.95172703
0.90066946
0.8909215
0.81250465
0.8474038
0.9294679
0.85851926
0.7909254
0.95011055
0.517631
0.72088754
0.8208825
0.93400687
0.74764246
0.63332456
0.9057422
0.8454521
0.86722606
0.79966223
0.6577491
0.8326292
0.8775842
0.91864854
0.6078305
0.84101504
0.7764786
0.79792845
0.73852813
0.7481127
0.841035
0.8381723
0.53172475
0.8895145
0.9399803
0.65435153
0.90641654
0.88463235
0.69954693
0.9277065
0.9153068
0.92624223
0.73871773
0.8573893
0.49977592
0.76730436
0.7364314
0.88449585
0.8017516
0.7836253
0.7462687
0.8421161
0.6995009
0.90563726
0.92375994
0.84662455
0.8809155
0.7889141
0.46996856
0.87473476
0.8496441
0.9211634
0.8056598
0.9185464
0.84605813
0.7414045
0.925647
0.9200476
0.9419137
0.866
0.7254115
0.79588896
0.5340698
0.80810416
0.8362817
0.92249584
0.9071313
0.7883495
0.80985034
0.90083
0.69220406
0.6749005
0.77159834
0.8973421
0.8564173
0.93062705
0.60170776
0.93905485
0.9780892
0.91238564
0.8916668
0.7603682
0.71502423
0.8329182
0.81138015
0.7731544
0.89817744
0.8293724
0.8283033
0.84900814
0.6462698
0.8950642
0.86120397
0.85669917
0.9020284
0.84157425
0.7683648
0.8304173
0.7392054
0.8384572
0.664702
0.87376463
0.80135345
0.7983843
0.87157816
0.91583425
0.5935421
0.96735114
0.7961252
0.83830196
0.8331602
0.9489157
0.83252996
0.9086949
0.79726565
0.85167646
0.8396448
0.7906414
0.87455684
0.9636317
0.9329231
0.7715175
0.72233206
0.72843575
0.6876442
0.8494644
0.9249942
0.8508287
0.89235836
0.85044783
0.9275415
0.814271
0.74087644
0.9282072
0.6651179
0.77024984
0.84776795
0.7628206
0.927305
0.7280131
0.7856798
0.54111207
0.80849206
0.93094516
0.82470095
0.5025004
0.6557444
0.7328383
0.76555187
0.73941445
0.82443213
0.8280711
0.78058916
0.5461722
0.79372925
0.87146896
0.88537145
0.70665
0.46520913
0.8074936
0.7963959
0.87748003
0.827526
0.8811341
0.92200655
0.6926005
0.6185146
0.9524336
0.86303234
0.924298
0.7947923
0.87463975
0.936424
0.7977516
0.6879933
0.77960587
0.818562
0.62198913
0.74219584
0.8164743
0.43248713
0.83844626
0.53256446
0.77905583
0.88700885
0.86142737
0.79596233
0.7915673
0.8591474
0.7032826
0.9263944
0.9305222
0.9101405
0.8641906
0.93353784
0.753703
0.7998322
0.9456948
0.91622937
0.867779
0.83046633
0.5224469
0.5858678
0.74313504
0.7725581
0.56792665
0.62857616
0.8954182
0.5179922
0.88271296
0.9599052
0.72248024
0.7126007
0.7153592
0.91483206
0.8129371
0.858166
0.82953787
0.8332994
0.85148466
0.63505554
0.8508001
0.76086426
0.7536536
0.79952824
0.8956971
0.95125175
0.93698406
0.75260323
0.8777182
0.9606456
0.6476518
0.5126816
0.84479165
0.8326894
0.7370417
0.9068763
0.92830473
0.8762241
0.81393075
0.6319099
0.8656362
0.9442569
0.7735706
0.8120531
0.82670534
0.81170034
0.75552887
0.85209405
0.7480558
0.9516525
0.8659539
0.90459824
0.51598114
0.8067151
0.84288615
0.73246086
0.68787426
0.9521411
0.9620609
0.87798
0.87566185
0.76976943
0.82808435
0.7858017
0.965813
0.94670075
0.84358746
0.9311818
0.77610123
0.8186537
0.7732949
0.70557827
0.81774676
0.9502481
0.6757982
0.7687185
0.8507515
0.78370994
0.75510395
0.83860767
0.8704047
0.82950187
0.8471807
0.73896253
0.9259328
0.8164786
0.9307386
0.7119172
0.94249856
0.79323834
0.7072393
0.89662576
0.69512063
0.9593971
0.7352321
0.7808975
0.7363635
0.9316337
0.85450697
0.44531313
0.65071356
0.74779326
0.8887149
0.8920323
0.752819
0.9322828
0.8308962
0.75693935
0.88038284
0.8230969
0.84127176
0.867657
0.8804462
0.9271893
0.61540776
0.7133204
0.92884296
0.9513711
0.9668606
0.84704363
0.77154976
0.77998465
0.6651878
0.78387964
0.5090651
0.72324175
0.8521989
0.82671595
0.9403864
0.5629515
0.7378499
0.7763752
0.6738002
0.8978751
0.64193803
0.39521936
0.79084307
0.91016984
0.88927037
0.87523377
0.8408298
0.8166189
0.8228862
0.7061331
0.8318151
0.56388813
0.70740694
0.8768937
0.5824062
0.8840537
0.8897868
0.8124912
0.8684069
0.79123306
0.77007836
0.81227434
0.8338146
0.8621002
0.9177877
0.63236904
0.3759484
0.76091236
0.7871763
0.7495337
0.7063944
0.9440381
0.80269647
0.7364895
0.6831342
0.60974896
0.8487285
0.88101447
0.83144045
0.84016633
0.88903713
0.92311275
0.8981145
0.735517
0.73804915
0.7976826
0.9039474
0.88750434
0.80195206
0.9097451
0.7059866
0.87039053
0.9399152
0.8748061
0.91624695
0.7663591
0.6390095
0.786394
0.76337874
0.7311564
0.82320184
0.8682919
0.7626678
0.9736363
0.88743496
0.6259523
0.8052753
0.9444091
0.8693994
0.6837559
0.92245007
0.8155979
0.88505095
0.7837101
0.91843987
0.7442335
0.8683009
0.9295254
0.8145242
0.8350241
0.897069
0.8674378
0.83723843
0.9363899
0.6796012
0.91216385
0.85832053
0.7576745
0.6733092
0.7566592
0.807456
0.5046271
0.780518
0.5970163
0.51782453
0.8831357
0.756906
0.816129
0.60751235
0.8541376
0.7874446
0.79678774
0.7700415
0.83264303
0.94623494
0.7275312
0.74047166
0.5623282
0.8928047
0.6729412
0.73679686
0.8616592
0.8095995
0.9262172
0.89515525
0.25109342
0.92289174
0.9634277
0.8529435
0.9329537
0.77197105
0.7781077
0.9210934
0.6234444
0.7586755
0.860252
0.9239151
0.6566943
0.7654022
0.653845
0.6522796
0.8125529
0.55227107
0.8419847
0.7635035
0.54024357
0.8674349
0.97944903
0.8683575
0.76014835
0.837413
0.917782
0.9066617
0.7405895
0.8887831
0.87216824
0.6089582
0.7583345
0.82752556
0.7498457
0.73344976
0.7614267
0.8843227
0.8772671
0.8882429
0.8711214
0.8578794
0.83888066
0.6145859
0.90288043
0.6878053
0.7730732
0.8659944
0.7966289
0.827948
0.7288251
0.90597385
0.7950748
0.7866093
0.9363733
0.74914706
0.90105844
0.8683063
0.44232714
0.8923965
0.85060084
0.81552625
0.92542
0.7178497
0.709359
0.9464361
0.7206869
0.891783
0.79586864
0.7753002
0.91522515
0.914909
0.55915546
0.6032937
0.9053785
0.84986264
0.9403215
0.41700065
0.7749784
0.82489026
0.8782872
0.8414306
0.6932685
0.8409671
0.7402755
0.7434134
0.94907475
0.9645147
0.962898
0.8527238
0.6481858
0.8176333
0.7822962
0.8263615
0.9655719
0.9150365
0.931952
0.8591583
0.93070185
0.7605534
0.8587935
0.83343625
0.54229873
0.72506213
0.88597184
0.9227609
0.695232
0.6259358
0.7665201
0.86688334
0.69395417
0.8763406
0.56200004
0.77165824
0.82063985
0.74558866
0.6512484
0.88731104
0.62805957
0.7149191
0.8797468
0.7608445
0.85838675
0.93341
0.9174811
0.9173794
0.5228565
0.83928204
0.74720985
0.7492908
0.89607066
0.8868962
0.9245675
0.92665166
0.85018516
0.9000513
0.69953746
0.6310305
0.72374576
0.665022
0.8104546
0.91569495
0.93182147
0.8530928
0.9466437
0.7496236
0.91860557
0.9187134
0.9340659
0.7798206
0.6735078
0.8329489
0.9626516
0.92288435
0.81160504
0.6683038
0.69777036
0.8938534
0.91151625
0.69040304
0.8089547
0.9019234
0.92703956
0.88216525
0.74265575
0.84749377
0.8617303
0.7531468
0.9116284
0.8112798
0.7083114
0.77719396
0.92440474
0.89798
0.45636433
0.79241395
0.92574626
0.86855495
0.8374843
0.6822899
0.9397119
0.69224083
0.9153558
0.79562414
0.6783235
0.8309299
0.87204003
0.7614052
0.8447047
0.78435767
0.5617256
0.8102217
0.9133272
0.8633354
0.6935953
0.9559252
0.60875887
0.5220086
0.829562
0.6919433
0.82949483
0.92069364
0.8624892
0.8339147
0.8519852
0.88454795
0.9414873
0.94593525
0.8527249
0.72705615
0.940646
0.66375107
0.8431314
0.7525936
0.8282269
0.799529
0.94571805
0.8323201
0.60741603
0.58675146
0.8770294
0.762782
0.8801449
0.8967472
0.9636588
0.82849956
0.7149464
0.9553054
0.9356609
0.88458276
0.92107403
0.768717
0.93872595
0.70329875
0.5665382
0.5058151
0.66423833
0.78198075
0.9038614
0.6264646
0.80399346
0.9277594
0.96736336
0.72541374
0.81294996
0.74690735
0.40867275
0.87766457
0.83726573
0.8476037
0.96381927
0.8061489
0.92056364
0.9283183
0.7098024
0.78250813
0.86672825
0.85763854
0.8198342
0.8625696
0.73448265
0.8431673
0.90676415
0.93517184
0.5592683
0.9156218
0.72839475
0.81618166
0.8748693
0.6727441
0.77399504
0.85476226
0.89454085
0.7024131
0.9010901
0.83528817
0.8705313
0.6510395
0.90777665
0.7610015
0.81370777
0.6817524
0.89263755
0.8203154
0.72143686
0.84213364
0.8869045
0.85483634
0.8687032
0.7139599
0.8419305
0.81810164
0.824587
0.78820217
0.974399
0.82847583
0.8807839
0.6065555
0.84252656
0.882934
0.86825895
0.8638113
0.91600794
0.84900147
0.8287697
0.8992091
0.90232384
0.86727387
0.88048255
0.88429147
0.7825887
0.8257231
0.5949494
0.8452532
0.8449402
0.9270578
0.9272009
0.9162342
0.87920785
0.8010279
0.8705552
0.8822857
0.8250888
0.9174893
0.8878227
0.62642044
0.8955591
0.92312795
0.69416076
0.7017782
0.45677122
0.9245914
0.860757
0.6744645
0.8852211
0.7359768
0.54400563
0.82152593
0.88618696
0.82878006
0.73379856
0.89731395
0.7798806
0.77619714
0.40336895
0.8490553
0.9232713
0.8056475
0.5938385
0.89557815
0.4498144
0.9502515
0.49912283
0.7718714
0.63979363
0.8848548
0.87075543
0.8866985
0.81975234
0.81791717
0.8010335
0.8139668
0.9449934
0.7156548
0.8753178
0.71797526
0.82560676
0.6290067
0.9497138
0.94610876
0.64301723
0.7526085
0.6839862
0.82466507
0.8487667
0.89817226
0.8772902
0.6649613
0.80695724
0.9499588
0.8312305
0.7190702
0.91183704
0.5772787
0.7971431
0.80233896
0.90348065
0.92032915
0.8481899
0.68599105
0.8430629
0.87366635
0.9339605
0.82125974
0.82324857
0.83415824
0.5998115
0.65472853
0.7965391
0.8897707
0.5106714
0.8540543
0.83887386
0.77507854
0.6518041
0.8063524
0.8861598
0.8012426
0.7341753
0.712028
0.86293834
0.6493031
0.78646505
0.8864941
0.59881943
0.88085175
0.89666706
0.69536114
0.81642646
0.83265376
0.7029302
0.7806292
0.86274946
0.87016946
0.76707006
0.86659026
0.7110136
0.754611
0.9006499
0.71138895
0.9100389
0.9194241
0.75084335
0.8973146
0.8853549
0.8159337
0.9488874
0.8250176
0.88234466
0.73251534
0.75947064
0.95481277
0.8757006
0.88918376
0.8652738
0.8844122
0.7145554
0.7854451
0.84425163
0.7516282
0.40016478
0.7639667
0.8633698
0.8728907
0.90839845
0.8427188
0.53301764
0.9328138
0.912016
0.7711012
0.47383878
0.85926336
0.7751302
0.7137744
0.6693248
0.8394144
0.79393053
0.5729665
0.7845224
0.873913
0.88535124
0.9597367
0.9559645
0.92159057
0.8769546
0.86178786
0.7217314
0.7351546
0.73596
0.7296868
0.93680674
0.7171969
0.4928726
0.7276972
0.7969843
0.8415783
0.9385524
0.80196804
0.75264215
0.76901084
0.6722972
0.52211165
0.8998399
0.62944365
0.64344645
0.87806046
0.39360088
0.69818866
0.88422257
0.6175708
0.6581417
0.73251665
0.79305655
0.85119635
0.906179
0.95718133
0.8601182
0.8214199
0.8722081
0.80685735
0.87711906
0.7745613
0.8262514
0.9532912
0.7492357
0.87930703
0.5298096
0.91479576
0.79452634
0.9554789
0.64642966
0.6860748
0.9100436
0.9005357
0.8974816
0.9058392
0.8350338
0.715696
0.48575562
0.90902877
0.89572215
0.8579676
0.5875798
0.76404667
0.95934045
0.6762364
0.6504395
0.7348201
0.66693777
0.90940654
0.83197
0.8150187
0.81201035
0.74962413
0.9038632
0.76147264
0.78166157
0.80846435
0.91713744
0.7781859
0.8331255
0.41928664
0.80787563
0.84566903
0.78474826
0.573274
0.9016086
0.8205668
0.7204429
0.913985
0.9749355
0.7359021
0.6052319
0.9235588
0.74537086
0.83949494
0.9028519
0.7404945
0.7806743
0.9006889
0.71988946
0.7140095
0.7921763
0.7122669
0.6262165
0.92587554
0.7553995
0.79160357
0.74019265
0.86334455
0.8703672
0.92029285
0.65176743
0.8070361
0.519774
0.9566214
0.89918554
0.89156127
0.6909379
0.75751704
0.96360284
0.8397917
0.8180141
0.91501343
0.7491427
0.72474563
0.8487501
0.60542524
0.6549947
0.71887904
0.28749305
0.65226465
0.86973476
0.8368536
0.826539
0.89745516
0.88896877
0.673416
0.86837745
0.8686797
0.93194973
0.85032004
0.47326708
0.84824204
0.72482157
0.9003375
0.82476676
0.7968859
0.726461
0.71105874
0.7628689
0.49761963
0.8768933
0.88534474
0.92443115
0.8925793
0.89258873
0.5093045
0.92078406
0.8118167
0.79568815
0.70847857
0.873994
0.9071561
0.85639167
0.8853574
0.9066194
0.6330862
0.75477403
0.9541662
0.904737
0.9258553
0.887395
0.7026779
0.77941287
0.86875856
0.808364
0.9343954
0.80681896
0.8061163
0.6234846
0.9044213
0.79620856
0.8718851
0.9461786
0.89091665
0.81604385
0.7760093
0.871626
0.6113585
0.50298405
0.7742624
0.7883414
0.87602043
0.72130615
0.90649426
0.86071557
0.57870215
0.97619015
0.80664724
0.72241837
0.80121464
0.6352275
0.815411
0.4100849
0.95455474
0.7257471
0.91241866
0.7845088
0.83552074
0.9788628
0.53450054
0.45237717
0.91755366
0.94435406
0.91572505
0.8545332
0.7522028
0.9010394
0.92094034
0.8058809
0.7517505
0.8908425
0.80407643
0.85059935
0.85743904
0.8559084
0.9475581
0.41311663
0.86325306
0.73894745
0.8998067
0.9096561
0.8072057
0.9715547
0.85778946
0.7765582
0.57602876
0.8899516
0.8528777
0.905122
0.7291282
0.7819866
0.86693585
0.82311016
0.77292925
0.90136206
0.9061401
0.7407982
0.79535073
0.8812482
0.8609885
0.9321059
0.86840165
0.7908178
0.79544514
0.8151666
0.7815516
0.801677
0.7336042
0.8067978
0.8280154
0.7611183
0.827945
0.87432915
0.7081291
0.8856835
0.9133075
0.69596374
0.9105313
0.6409223
0.85386115
0.72315294
0.8500722
0.8615806
0.7241687
0.87419474
0.5721967
0.8248323
0.7925287
0.87686026
0.89625156
0.83880836
0.85295427
0.9489892
0.9257504
0.94884706
0.9326165
0.85723406
0.84706545
0.7800265
0.760113
0.7760303
0.86723185
0.9239925
0.5658333
0.90838593
0.92195386
0.9199871
0.7900007
0.92794526
0.845734
0.8303927
0.57284963
0.5772144
0.838276
0.91293216
0.85995007
0.5149635
0.6630662
0.9174527
0.5969363
0.77048975
0.86843884
0.78428876
0.86294454
0.94752246
0.95792747
0.751534
0.63384366
0.80951166
0.8901494
0.9646995
0.80208254
0.4169435
0.88152134
0.7892816
0.8714581
0.6838989
0.84002763
0.88619626
0.96069264
0.75851554
0.89280355
0.8192059
0.89919764
0.68041277
0.8814014
0.8824873
0.70972794
0.52245843
0.74607
0.6576594
0.7985619
0.83935827
0.76739335
0.9013068
0.9386399
0.6933703
0.8798933
0.89527094
0.6426292
0.7013337
0.79738814
0.6257459
0.8129287
0.86765164
0.89127946
0.87601954
0.9123392
0.7789096
0.68298644
0.89388496
0.8333944
0.891986
0.846494
0.9234216
0.6385226
0.7803992
0.78898025
0.5686754
0.7670156
0.9570992
0.8318616
0.9481205
0.8744047
0.6735897
0.90065897
0.7825196
0.8792578
0.8217257
0.9204933
0.8715975
0.87106544
0.8803981
0.8891953
0.8760593
0.2749477
0.89075816
0.6396718
0.62331355
0.9397231
0.87799764
0.8940096
0.9459857
0.8808246
0.94924736
0.6654123
0.93950474
0.8996283
0.816207
0.8938793
0.82165974
0.8280933
0.83725864
0.9193121
0.5529484
0.52514625
0.713264
0.906518
0.7978473
0.79765415
0.6371673
0.81182855
0.8773313
0.860808
0.81375295
0.902452
0.9332172
0.5258472
0.79109985
0.84240085
0.34723574
0.89077395
0.8097695
0.8806802
0.79533625
0.74877703
0.85650575
0.6526651
0.81791013
0.905088
0.8818854
0.8065819
0.8664724
0.754161
0.8698709
0.97205144
0.79836196
0.84512335
0.92088616
0.5559613
0.73505515
0.7351016
0.8920997
0.907465
0.84009683
0.853966
0.9486471
0.63883716
0.9639652
0.914115
0.55019385
0.7700196
0.8630467
0.8990983
0.82761204
0.83729416
0.89299774
0.84787184
0.91734916
0.7091061
0.7687524
0.49611026
0.8383324
0.86194813
0.87002796
0.77636003
0.7718026
0.78877085
0.77083105
0.9253935
0.8154959
0.7897941
0.467675
0.8325848
0.64340025
0.7174213
0.83242846
0.8169688
0.68140924
0.7533962
0.9176519
0.8001537
0.7754298
0.51876974
0.5759349
0.7306276
0.7219397
0.65156245
0.9472271
0.8580729
0.87574226
0.8969712
0.8092015
0.7989086
0.90858305
0.8797685
0.7760742
0.9079137
0.7674813
0.8573765
0.21376304
0.58712196
0.9340418
0.94156486
0.76680374
0.9330597
0.87757546
0.8276519
0.8481815
0.91740555
0.83423764
0.8662373
0.85797554
0.8584401
0.87839323
0.7658467
0.4978478
0.88769966
0.9595024
0.74786204
0.82745075
0.7851031
0.83617306
0.7904047
0.6754483
0.8801166
0.9337693
0.6913307
0.93373185
0.82107514
0.799265
0.92609406
0.80999255
0.7994446
0.843685
0.8796184
0.8952091
0.53665143
0.41728118
0.89330107
0.88456446
0.6128615
0.81329155
0.6994493
0.93684244
0.8900905
0.9135502
0.9390395
0.79507864
0.7576815
0.76445746
0.8716821
0.57112855
0.84260076
0.83247507
0.74830616
0.86963034
0.6882251
0.97054124
0.9389861
0.81272185
0.9099137
0.9186656
0.8256232
0.8109968
0.8314816
0.9356793
0.8726327
0.9377161
0.9325826
0.8657886
0.81147707
0.78159803
0.8128901
0.9300984
0.86455864
0.8529346
0.83894897
0.79528344
0.7909015
0.86398923
0.91167253
0.829008
0.83435416
0.7161017
0.8836077
0.76121205
0.83843344
0.7177003
0.8224383
0.6696501
0.9154489
0.97355413
0.81694245
0.6620868
0.866202
0.7532068
0.81096
0.87308586
0.77998513
0.9196816
0.6982255
0.88122654
0.6851048
0.89558655
0.9071537
0.80368507
0.9480061
0.84808874
0.7834367
0.88354015
0.7875443
0.7415181
0.70039725
0.9075606
0.69572634
0.87748706
0.8094496
0.87801915
0.7646909
0.6216801
0.8641315
0.7198731
0.9104245
0.92751014
0.7363608
0.78943396
0.8638666
0.9621359
0.733675
0.8519247
0.8819457
0.78619784
0.7350107
0.7863139
0.821387
0.70593363
0.8290614
0.92335826
0.6854927
0.64162177
0.7244407
0.9565258
0.916446
0.880702
0.8727649
0.72155905
0.756668
0.8333067
0.78272843
0.9218998
0.80933344
0.51226926
0.85552865
0.93944216
0.6843016
0.783878
0.7206049
0.5976509
0.72167903
0.864992
0.8959141
0.86474085
0.77794313
0.70010084
0.863574
0.94780463
0.8019475
0.49071735
0.7239452
0.8622641
0.91237366
0.85401964
0.76189
0.91423327
0.8488125
0.9676227
0.68795687
0.81036836
0.5677781
0.8847361
0.8597085
0.8379284
0.87202996
0.8646364
0.79327846
0.8534066
0.6468731
0.40905052
0.6088074
0.50559497
0.7578176
0.70350677
0.7457249
0.778078
0.8341094
0.8721096
0.8895772
0.9525976
0.800618
0.8635824
0.9424721
0.73001313
0.7038354
0.94855225
0.8792909
0.78910184
0.5068256
0.7737384
0.8163783
0.9108109
0.9389968
0.9020714
0.90217936
0.8550149
0.94658315
0.9141848
0.93312496
0.84288526
0.84450996
0.8952063
0.88260627
0.71050495
0.6673062
0.5460762
0.6762102
0.7827475
0.6142868
0.9172493
0.8384259
0.855232
0.84005606
0.7500428
0.64790356
0.77087146
0.88732177
0.81824255
0.8356748
0.76738125
0.8909372
0.9797356
0.84654653
0.9321592
0.82576054
0.73084915
0.78201085
0.7351132
0.9156419
0.7046107
0.87141883
0.8269886
0.7558779
0.8474887
0.884755
0.7154441
0.79721326
0.7558783
0.867965
0.6951467
0.94991225
0.93039227
0.8250759
0.77167594
0.72716916
0.8582814
0.95523024
0.82284725
0.91408825
0.9080125
0.75535107
0.7361206
0.77194136
0.8881088
0.9477547
0.82804227
0.82320285
0.84422207
0.7970724
0.6361599
0.86176574
0.78848433
0.7798832
0.97900206
0.879526
0.8268048
0.94411975
0.8716254
0.86641
0.934269
0.8532994
0.8031393
0.9336445
0.8718857
0.8557197
0.82956284
0.85946554
0.7195685
0.6837526
0.86071193
0.92946506
0.84640473
0.8236683
0.75673467
0.87259245
0.8905904
0.89034104
0.47528222
0.68437624
0.8857849
0.74937814
0.9211029
0.91746235
0.78108275
0.8822674
0.9026832
0.61214185
0.85343224
0.92597294
0.56765443
0.73259425
0.9069209
0.5697161
0.79601216
0.7497791
0.830446
0.7575189
0.7930155
0.8603609
0.7293998
0.8780868
0.7838569
0.8430739
0.94184524
0.7806529
0.6833778
0.91358
0.51684815
0.6767299
0.7859641
0.5865739
0.8216059
0.6490254
0.86563313
0.8347634
0.88742226
0.8550054
0.78036463
0.8229323
0.5601495
0.71711475
0.8039222
0.9381051
0.6891809
0.7988838
0.790936
0.64979184
0.7385907
0.8460437
0.6402032
0.94892025
0.7791146
0.8674577
0.9610243
0.76882744
0.9527563
0.93893373
0.72862864
0.8864473
0.9658706
0.86052334
0.822245
0.8652256
0.9017585
0.91329604
0.56515735
0.8992784
0.521316
0.8075763
0.5399487
0.8225174
0.7843039
0.89048594
0.78584814
0.77340376
0.7751651
0.7825541
0.65489316
0.87017965
0.89611363
0.6003192
0.875461
0.86881715
0.86100435
0.8806991
0.9335629
0.75047493
0.6256119
0.7321189
0.82698035
0.85344577
0.86196566
0.79478693
0.3708702
0.85457855
0.8943157
0.7149665
0.7430629
0.9527682
0.96655875
0.89910924
0.9446125
0.7045661
0.81788814
0.91476005
0.8902152
0.8299458
0.8755905
0.77915525
0.852673
0.8622432
0.90078
0.823326
0.7149569
0.5844468
0.7045979
0.5932522
0.93272823
0.7236713
0.82131565
0.80246496
0.88450676
0.67612934
0.8003195
0.88135326
0.80573946
0.825832
0.90210545
0.9579003
0.7616469
0.96278125
0.80221695
0.8860121
0.7512044
0.73218894
0.70515925
0.70444167
0.69286275
0.7947805
0.94359034
0.893662
0.689099
0.49391612
0.91073364
0.62412685
0.6158337
0.52355605
0.6196826
0.9120189
0.8350488
0.8625007
0.9098615
0.8426734
0.41549572
0.8832698
0.89684796
0.80778706
0.68562305
0.70197415
0.9096755
0.81582797
0.9184258
0.88047636
0.8822247
0.8527236
0.95887905
0.8837914
0.93664753
0.7852013
0.66490257
0.7208754
0.8951137
0.7408257
0.9396812
0.82288814
0.9570304
0.8166164
0.87198496
0.7486897
0.8488958
0.838137
0.6125395
0.8263484
0.7226386
0.91862905
0.89300025
0.8016463
0.9387387
0.8040574
0.4750316
0.862567
0.7646311
0.88490397
0.6803585
0.78116035
0.9397962
0.9043317
0.8916679
0.6731684
0.832809
0.7046937
0.9137594
0.7654339
0.82118857
0.97865206
0.9212172
0.8453476
0.7998383
0.89866865
0.7044947
0.6645067
0.7274722
0.956457
0.6635197
0.8424158
0.6086935
0.73336494
0.58571005
0.8569714
0.54519516
0.9569129
0.64949167
0.870268
0.8813559
0.7334321
0.47059497
0.8087307
0.74319416
0.72802395
0.8362585
0.93875074
0.8685789
0.8687193
0.723089
0.919808
0.5582135
0.70427334
0.8892323
0.9194604
0.7982793
0.96177155
0.65473443
0.79723465
0.54630697
0.74253523
0.72709054
0.9522251
0.87266403
0.8700099
0.9422088
0.8372127
0.81532717
0.78203386
0.95240873
0.9405205
0.8688916
0.6517099
0.8749678
0.90410316
0.7475674
0.8503604
0.64320713
0.92007977
0.92832917
0.7219014
0.70616084
0.51586944
0.59313774
0.9107478
0.88579446
0.8743616
0.7359292
0.9096017
0.9699961
0.9249724
0.7934185
0.93493223
0.7679358
0.87818444
0.6933779
0.774529
0.83537346
0.89885515
0.8410769
0.80236244
0.97316265
0.4936445
0.7663761
0.76843953
0.8775791
0.8030366
0.8156104
0.95192945
0.7035991
0.77776664
0.6920223
0.80877423
0.558133
0.898525
0.8159106
0.75594026
0.75460213
0.81006074
0.9222857
0.7695589
0.9483227
0.80376613
0.90709853
0.8840615
0.8737501
0.83288586
0.5685254
0.9545517
0.7408345
0.9220713
0.9002771
0.6488064
0.87340504
0.86658835
0.8447757
0.83954173
0.87628233
0.8556917
0.82805485
0.79028046
0.89465
0.725057
0.87403035
0.8145057
0.76589274
0.47438914
0.4393537
0.7207276
0.9193451
0.87403417
0.9354944
0.82840717
0.7792306
0.9033054
0.84651977
0.9287149
0.70159525
0.79109704
0.7202743
0.84314007
0.59047896
0.93745375
0.7231219
0.8583307
0.82033855
0.4904539
0.5408256
0.7452111
0.6633619
0.753479
0.7024414
0.87788147
0.6341598
0.8248915
0.9555576
0.94652766
0.7201046
0.6450887
0.81369764
0.6630525
0.7909922
0.88482726
0.7288407
0.9248649
0.43399048
0.90787053
0.816081
0.87422043
0.9455706
0.9145799
0.562006
0.6279495
0.86512184
0.7079368
0.80510116
0.85413766
0.8845309
0.76951385
0.8100464
0.626912
0.6785516
0.7458245
0.78939474
0.9008547
0.90030974
0.93446666
0.9389268
0.9157744
0.88783026
0.8223221
0.7595296
0.83095086
0.5761415
0.6776906
0.35853595
0.9315162
0.83730185
0.8620365
0.6630894
0.8057359
0.8684542
0.66371584
0.8918889
0.6809268
0.8655267
0.7528456
0.84793824
0.76526016
0.7029379
0.9124205
0.9245233
0.8699714
0.7879635
0.89953405
0.7344212
0.90983933
0.6894931
0.8526433
0.61481094
0.87984425
0.8947969
0.7665216
0.9104489
0.8557603
0.96145713
0.78235936
0.8689058
0.82083654
0.84035116
0.8930622
0.901488
0.7347808
0.81491584
0.6474626
0.90423954
0.9576711
0.86012846
0.84039825
0.91536564
0.88076085
0.6560142
0.94074667
0.6971711
0.8098708
0.9112561
0.8977272
0.9068655
0.83103806
0.75061285
0.8883405
0.8917358
0.9484599
0.8228786
0.85615766
0.7803601
0.96554893
0.78721684
0.8297599
0.7593037
0.7640277
0.39476895
0.9570905
0.9460277
0.9511669
0.9068446
0.6812995
0.92074805
0.8254925
0.83070004
0.8981759
0.752063
0.969386
0.85612047
0.5830409
0.9008264
0.8866149
0.9462862
0.88681734
0.7817427
0.8062485
0.8577179
0.8356888
0.8760753
0.30730042
0.71143156
0.88724256
0.9324147
0.81727403
0.8873955
0.83174485
0.96437293
0.944316
0.8169226
0.84354615
0.81096774
0.76454794
0.89078724
0.7585267
0.91457236
0.8217914
0.78745127
0.7161069
0.82402265
0.92160785
0.5116541
0.8169639
0.95466065
0.8755647
0.8240461
0.7210115
0.88316035
0.6871729
0.86538815
0.7585328
0.850393
0.8192421
0.72947013
0.834784
0.46673858
0.858278
0.89359
0.8942316
0.594752
0.8464873
0.9439011
0.9099862
0.78620076
0.8785331
0.9281743
0.9232203
0.8349959
0.86056215
0.8101709
0.61809206
0.79329705
0.85526353
0.551533
0.8224956
0.81752783
0.7909825
0.73241544
0.73285675
0.7625241
0.71085405
0.8655685
0.94480324
0.8486898
0.9231278
0.958409
0.93376607
0.8172972
0.88769424
0.90576005
0.80463266
0.83133364
0.88958293
0.6734878
0.77623737
0.9142882
0.72900736
0.69205064
0.8926122
0.7717087
0.7917746
0.66913724
0.9331751
0.79559815
0.79062176
0.90626705
0.9292129
0.8117801
0.836378
0.76298666
0.6068573
0.8746534
0.803191
0.22837204
0.8470616
0.6543902
0.8755606
0.76701593
0.887264
0.8164017
0.9053439
0.7850815
0.91415524
0.8568324
0.8392366
0.8098186
0.74170184
0.9112781
0.9032503
0.7886338
0.8025737
0.9260687
0.7996856
0.7089841
0.8634368
0.7390492
0.9238225
0.7985472
0.8759884
0.6533555
0.827411
0.82627857
0.7684874
0.6832039
0.75191617
0.7278823
0.9044254
0.7392748
0.6957331
0.91899705
0.9737973
0.76681864
0.7853266
0.858952
0.8593953
0.74348855
0.8775883
0.94167745
0.8105131
0.7854023
0.9206943
0.85058373
0.9371865
0.8909484
0.8107633
0.8731989
0.73049486
0.8816974
0.89230824
0.834043
0.7111682
0.88320184
0.9480706
0.95961773
0.84362
0.80759853
0.71480286
0.8583816
0.8365892
0.8943254
0.6594047
0.8302428
0.531363
0.6802499
0.89498067
0.6412494
0.8603604
0.8468305
0.918437
0.8854891
0.7799239
0.72973555
0.77458984
0.6946047
0.907411
0.64136124
0.67571473
0.8876579
0.9606532
0.5853528
0.76702726
0.7773029
0.93592644
0.8020202
0.63233614
0.7407622
0.90509737
0.92501765
0.9195966
0.59105283
0.79031634
0.93174285
0.7308126
0.79836947
0.85494244
0.8756971
0.9194857
0.67562306
0.9010657
0.7390358
0.8827763
0.5959389
0.80029577
0.951657
0.8401443
0.8655879
0.8563683
0.89935523
0.939749
0.6883995
0.88968307
0.87419724
0.89963406
0.6368964
0.73982847
0.9252208
0.51676583
0.82538766
0.7144481
0.7142204
0.89664984
0.7454468
0.89499325
0.9618004
0.78339297
0.7619206
0.89745045
0.073656835
0.8745532
0.7381896
0.69818306
0.81633765
0.9072628
0.8270463
0.9204095
0.79983383
0.84524924
0.60732937
0.86956626
0.81296724
0.66812015
0.83085597
0.9203925
0.9596345
0.81421757
0.84509605
0.70038617
0.72565913
0.90674835
0.9010133
0.76633835
0.86669934
0.8006878
0.79141814
0.8856527
0.76195246
0.93751335
0.7304051
0.7755013
0.9121107
0.7654282
0.8469167
0.6033259
0.72154593
0.89842415
0.6614623
0.95882374
0.8804132
0.66618216
0.8196463
0.87682605
0.77731204
0.76237506
0.89607036
0.420961
0.79721797
0.7402071
0.8880981
0.87357
0.9321407
0.6107911
0.9598954
0.84554005
0.8688044
0.8331137
0.9167526
0.5856018
0.96546286
0.7179791
0.83979213
0.79089266
0.58619833
0.77578443
0.92462575
0.8589947
0.79318804
0.88365597
0.6635255
0.7585277
0.86200565
0.8852693
0.6688713
0.9529683
0.9310926
0.8895641
0.88243186
0.94053054
0.84903777
0.8798361
0.7999801
0.8390372
0.84136134
0.66438377
0.76043063
0.8008582
0.5701997
0.8683208
0.7629697
0.80272645
0.91186225
0.91603994
0.59219486
0.88709974
0.8055043
0.7041416
0.9169567
0.84217376
0.74364054
0.7561486
0.9191078
0.7126507
0.92735547
0.85696644
0.93738914
0.9188288
0.7017949
0.85345024
0.8620813
0.8626504
0.63994575
0.7165967
0.8166409
0.8104703
0.7862006
0.7570424
0.8212275
0.9112884
0.8625369
0.5943972
0.8497616
0.82657367
0.87140965
0.6088556
0.8676755
0.798368
0.8312937
0.90343976
0.88699585
0.7011881
0.7896306
0.84813786
0.5983856
0.9046437
0.96238536
0.7469766
0.8810516
0.88747346
0.8684516
0.7033023
0.8838769
0.7377482
0.8055805
0.74532956
0.860624
0.8838272
0.9484984
0.71413654
0.9417937
0.9442945
0.9588195
0.9236231
0.6258423
0.91122365
0.9418321
0.96371084
0.817852
0.8426086
0.8249201
0.95020235
0.71103746
0.91753334
0.7208469
0.84632677
0.8791791
0.76281345
0.7536225
0.8526614
0.76899636
0.9235615
0.8140633
0.87817985
0.76651216
0.81493294
0.8425094
0.7231759
0.82829225
0.8347907
0.52517027
0.7928167
0.9355757
0.5432885
0.90016097
0.85689217
0.4253082
0.9076674
0.90522885
0.83158755
0.8303382
0.8200106
0.97872066
0.5651212
0.87637246
0.92310685
0.56101274
0.68236554
0.66862416
0.6489874
0.75786006
0.9464797
0.71306586
0.7532127
0.7127214
0.85230184
0.73422974
0.8603648
0.91570896
0.7305956
0.6554337
0.7673306
0.7851081
0.86038315
0.8572698
0.89302903
0.91055876
0.7284749
0.8730639
0.49994773
0.7538866
0.8516357
0.85405296
0.9318005
0.956766
0.60947627
0.5181378
0.87550193
0.87819964
0.57337594
0.912679
0.6824158
0.9109959
0.78483045
0.88793564
0.8321598
0.7277659
0.93299115
0.6734284
0.7497373
0.63215417
0.91796505
0.7917167
0.87774545
0.83448875
0.624764
0.86984307
0.7638986
0.881873
0.6670987
0.8620162
0.9230528
0.75693184
0.5616308
0.66588914
0.93403685
0.8161054
0.23060292
0.8727762
0.82549804
0.8034889
0.8161081
0.5963751
0.9276159
0.7626465
0.87432337
0.88186514
0.863093
0.62535256
0.93038
0.7316607
0.7396921
0.4361885
0.8537046
0.83233035
0.6140503
0.66037893
0.69461215
0.6496482
0.83579916
0.6117389
0.70125425
0.75209695
0.83584243
0.8547468
0.8154183
0.76182944
0.63676846
0.85807633
0.76972246
0.4363346
0.80711347
0.65343213
0.8665843
0.4637243
0.7270063
0.8033992
0.9376929
0.7176329
0.83609533
0.44719386
0.7833905
0.78938925
0.847076
0.79831433
0.7990118
0.87486744
0.79125154
0.7417674
0.9179727
0.943611
0.86962944
0.83717966
0.6641994
0.72776276
0.9230827
0.77626884
0.803838
0.7228098
0.8829297
0.8740115
0.7771073
0.91847706
0.675977
0.9256563
0.78407633
0.90258276
0.9495355
0.9084346
0.70790267
0.69539535
0.44709438
0.94796485
0.9099337
0.84073615
0.7457799
0.7507608
0.9080349
0.8614136
0.55186903
0.78625655
0.7402711
0.81505495
0.8345958
0.86517674
0.859945
0.7565712
0.82436377
0.9004046
0.82907313
0.74252796
0.7218058
0.78408444
0.8841366
0.9026284
0.82637745
0.7957227
0.89344853
0.80097955
0.69111454
0.6819803
0.6585494
0.56243646
0.7205132
0.8652367
0.65198886
0.7404196
0.71236473
0.7695137
0.9096576
0.85994345
0.9247872
0.9248001
0.87546366
0.9524105
0.69040656
0.83100915
0.8950482
0.73647785
0.7399463
0.87768865
0.8427894
0.73612297
0.66219205
0.96758884
0.8374847
0.67015445
0.7839569
0.8730514
0.779967
0.8813149
0.8492236
0.9328239
0.95265055
0.5989494
0.76484966
0.55046135
0.72463644
0.8610797
0.78010446
0.8252344
0.59094584
0.8235281
0.82973
0.1842717
0.8375884
0.8937577
0.7425554
0.7182549
0.7900063
0.8106825
0.86521256
0.40952978
0.6964482
0.82095945
0.8315352
0.6892836
0.8474199
0.8016081
0.76985013
0.9060597
0.7946253
0.9085354
0.75479984
0.78274536
0.7290032
0.59935975
0.6379462
0.46838498
0.7035659
0.78835815
0.66524035
0.7985215
0.6876244
0.74254
0.71808684
0.7592025
0.78531736
0.38546902
0.782366
0.64103335
0.8148844
0.97095037
0.9273476
0.792461
0.6829145
0.6453517
0.79430413
0.7077986
0.89625686
0.6574584
0.7305225
0.8586182
0.8224315
0.961588
0.8221124
0.8508076
0.943406
0.8791377
0.83363825
0.92102146
0.6750422
0.6986612
0.8578222
0.9019539
0.60052824
0.40175718
0.89628315
0.8074145
0.7634491
0.76716274
0.78642553
0.7159033
0.8964534
0.85306674
0.4545745
0.9205266
0.9289874
0.7730629
0.6834841
0.91948533
0.69544756
0.8823559
0.72366
0.8632677
0.41673383
0.9343907
0.9006815
0.84244287
0.9729578
0.77631086
0.80482924
0.76625335
0.47605452
0.8327566
0.85474634
0.42732203
0.84090054
0.9037533
0.6403435
0.76922715
0.8730572
0.9029998
0.83329105
0.8624432
0.83995956
0.8229775
0.5174578
0.97186893
0.79023325
0.9543194
0.8730687
0.79896384
0.7542541
0.89222324
0.78906757
0.34651923
0.92191505
0.86558425
0.79332405
0.8490062
0.9201306
0.68470997
0.8680657
0.9013511
0.9000498
0.63112044
0.6869579
0.94297886
0.47521907
0.8114052
0.6763449
0.8434652
0.86871946
0.9151077
0.79555005
0.8997074
0.76779306
0.93772334
0.563413
0.79502857
0.70962286
0.9030972
0.8130095
0.5322626
0.5451808
0.86958003
0.804121
0.81516904
0.8436488
0.85729545
0.825934
0.94147265
0.92366993
0.81629395
0.86002994
0.7636765
0.8969473
0.8531144
0.72766143
0.9443763
0.84310246
0.7533895
0.34176338
0.7116978
0.93766487
0.8474741
0.5761518
0.7255182
0.78401536
0.6696423
0.6887935
0.7709746
0.8149703
0.89683414
0.86820537
0.9558629
0.55977875
0.9330369
0.7425577
0.65050703
0.9215814
0.81923825
0.91281927
0.75645286
0.7155632
0.7599956
0.9428941
0.69356513
0.7805773
0.83369535
0.8792455
0.91318643
0.91748667
0.6684552
0.9559952
0.93522155
0.78315544
0.83741117
0.77146536
0.9147028
0.88704085
0.85824865
0.95388055
0.88314354
0.91224617
0.8485962
0.89098907
0.7084948
0.65164036
0.64353436
0.8721448
0.93748665
0.9151549
0.6875925
0.83546823
0.7899108
0.6797982
0.79148406
0.8729249
0.7572547
0.87648207
0.80512875
0.7955197
0.8515111
0.722635
0.8053932
0.7136645
0.4931004
0.8404834
0.65212166
0.76989627
0.18565291
0.87308073
0.96896297
0.7749723
0.507954
0.9297843
0.7844565
0.8056763
0.8366515
0.756973
0.80614257
0.7311864
0.89008003
0.65503085
0.59881884
0.6567458
0.9073571
0.84052926
0.6619836
0.5544759
0.85352486
0.8210879
0.83172774
0.7937279
0.54638374
0.9116992
0.79344845
0.643881
0.5343982
0.82388234
0.87193346
0.85929954
0.55617464
0.9266269
0.7482635
0.9034087
0.90930915
0.7964653
0.8179955
0.9110818
0.6291648
0.8655338
0.8260817
0.5162567
0.8867854
0.8563479
0.7582832
0.70565003
0.85337955
0.8735777
0.61331636
0.93425155
0.72931343
0.8543426
0.68608195
0.7867707
0.91078883
0.7640505
0.7606568
0.91033024
0.9647883
0.78811353
0.8447649
0.7933114
0.9085237
0.7759406
0.83798087
0.92610216
0.871404
0.8649627
0.6408956
0.8348466
0.7601466
0.87086856
0.74352956
0.73751044
0.89588964
0.93922883
0.74241585
0.8827132
0.8194656
0.71209085
0.82113874
0.8759658
0.8762517
0.8425374
0.622608
0.8101297
0.83621055
0.64697367
0.86045635
0.5946978
0.8082766
0.82160413
0.79413295
0.88549423
0.9001736
0.89919066
0.80283177
0.87585634
0.77584493
0.881049
0.83804244
0.96124595
0.94681656
0.8103718
0.9109723
0.788036
0.75349814
0.94093066
0.88516027
0.84363866
0.61627764
0.7267543
0.7378245
0.74415016
0.6593903
0.67499363
0.8193339
0.82805896
0.71304464
0.58016837
0.8107103
0.7988161
0.86746144
0.8039426
0.753549
0.94442785
0.80482286
0.7233313
0.9152252
0.6823858
0.91662943
0.9463371
0.8144523
0.905083
0.9262638
0.68610847
0.6240234
0.5435214
0.83570284
0.7371237
0.9638355
0.62067133
0.89136577
0.73853725
0.7855512
0.68600166
0.9395735
0.84620214
0.9185338
0.7333436
0.916482
0.81338936
0.9281764
0.9184324
0.8421747
0.8430821
0.62640977
0.718554
0.8129931
0.89012414
0.29525104
0.75933915
0.81752145
0.8134968
0.86338717
0.7418054
0.8782127
0.90169847
0.75716937
0.78595316
0.93615186
0.9400922
0.83644426
0.801884
0.87716645
0.5664198
0.93822825
0.44166744
0.8429101
0.6841244
0.61472607
0.6956376
0.9129033
0.9259505
0.69586056
0.9172654
0.90111864
0.8443495
0.6663704
0.7911379
0.89989996
0.8492826
0.7468761
0.5463735
0.84313524
0.9266522
0.94893754
0.89850533
0.94906867
0.82005644
0.9262684
0.8450305
0.849244
0.8603617
0.83675945
0.8048579
0.9500085
0.9126788
0.54302686
0.901895
0.9271687
0.51836437
0.78582746
0.60346043
0.7574759
0.83842856
0.87058985
0.8111191
0.7545236
0.5994901
0.91151625
0.9133368
0.93526626
0.85831666
0.9186381
0.85460544
0.70361054
0.814673
0.92133427
0.7964672
0.90209526
0.65064514
0.7199626
0.79491365
0.88144886
0.6902425
0.80401254
0.7801297
0.9361246
0.83766645
0.8182626
0.77656937
0.8888307
0.7796348
0.64624155
0.9145777
0.9272367
0.8901177
0.88469386
0.7006419
0.79922956
0.9473497
0.7838043
0.75861406
0.8523974
0.93666124
0.9544491
0.66755235
0.8592321
0.7952858
0.72742504
0.8469291
0.9387375
0.64821905
0.76955783
0.7792146
0.8105794
0.8981905
0.8116536
0.8171776
0.92637795
0.8299508
0.7308519
0.7659237
0.7061615
0.8299603
0.9831201
0.8820596
0.80294174
0.72511226
0.88937354
0.80976003
0.78471667
0.91606057
0.8416373
0.8819767
0.87548745
0.6824404
0.9072085
0.67192125
0.9528501
0.84011275
0.9022769
0.6677183
0.9494477
0.72765166
0.65493745
0.91775715
0.9203298
0.84944093
0.9303563
0.9577228
0.60310256
0.76646227
0.91657823
0.8534328
0.9484414
0.8733437
0.68647116
0.6776151
0.9104472
0.78267825
0.8344288
0.94665146
0.8346503
0.9191577
0.8789675
0.87045735
0.91356796
0.94153464
0.7081979
0.79497945
0.8063173
0.8274138
0.9253184
0.3007582
0.7721528
0.8365327
0.80870676
0.7719654
0.8342176
0.81962997
0.77052116
0.88006526
0.877005
0.9081905
0.9411186
0.7029774
0.6837366
0.9004977
0.8482673
0.6651552
0.79293317
0.8464211
0.8683442
0.9401661
0.67018354
0.75409365
0.78440076
0.95544773
0.95737493
0.64792085
0.80485505
0.90775204
0.87346804
0.88823426
0.8053163
0.85551614
0.797294
0.7732267
0.9328848
0.6978823
0.86161804
0.71453375
0.8259867
0.8746576
0.8279712
0.77029586
0.97036403
0.85894984
0.8083144
0.8944454
0.7743677
0.8051148
0.87166053
0.81184363
0.91877747
0.708452
0.66076386
0.92589283
0.726057
0.93988013
0.92324245
0.7250241
0.73886216
0.84624696
0.8681774
0.7340573
0.80569196
0.8030431
0.6875548
0.8155408
0.8891544
0.7456787
0.94714737
0.87679887
0.915112
0.8706178
0.79718137
0.8552322
0.9702373
0.9543024
0.9320234
0.92564636
0.90085673
0.87840086
0.72385085
0.82075983
0.8308888
0.79242504
0.8257607
0.85299027
0.9339801
0.8947918
0.94164395
0.9394007
0.86670125
0.73750615
0.8320006
0.5582037
0.79288757
0.4709656
0.48666763
0.79783654
0.8417784
0.9476004
0.7701554
0.81239784
0.79772806
0.8414273
0.9377745
0.730983
0.95756
0.8780631
0.6965537
0.9163271
0.8001485
0.7476434
0.68062985
0.8942195
0.61279
0.561569
0.7198021
0.838863
0.8036984
0.707764
0.8672733
0.856726
0.9491423
0.46367532
0.79890126
0.89253485
0.9124888
0.8854916
0.6116591
0.8961502
0.79259783
0.86422765
0.92294157
0.9604919
0.7381246
0.79733896
0.8589456
0.947052
0.96395797
0.9118627
0.73824
0.9413167
0.56868434
0.94966096
0.673138
0.8693532
0.80374527
0.86999035
0.9441352
0.8413972
0.91874355
0.83305347
0.98099893
0.9162028
0.94181144
0.80709743
0.85127485
0.7663653
0.9000249
0.80667454
0.6779944
0.9163793
0.87879187
0.9153037
0.6621711
0.7734276
0.7810826
0.7684927
0.95178854
0.88679737
0.7747453
0.9368069
0.8126162
0.8453107
0.9643655
0.95139635
0.68266237
0.7987412
0.8134998
0.94172895
0.8416131
0.8870746
0.8544179
0.8404361
0.75042063
0.82293594
0.8229301
0.82058716
0.75305843
0.8118022
0.7723476
0.9219692
0.83803046
0.68816835
0.65369344
0.6903578
0.927165
0.7801864
0.88295984
0.8411629
0.85441774
0.86887336
0.9613977
0.7807901
0.784146
0.7644899
0.6790303
0.76715285
0.95782435
0.8227259
0.8311652
0.8418493
0.6976243
0.87681085
0.91935325
0.8589841
0.86640817
0.93626094
0.88666666
0.8218456
0.9420001
0.6271323
0.9361918
0.83758825
0.8583485
0.90619373
0.901132
0.880617
0.91809356
0.81433606
0.8784809
0.8824372
0.8732458
0.9541448
0.92823374
0.9230437
0.5126237
0.8898526
0.9295678
0.89126235
0.94465536
0.8537925
0.7083237
0.577199
0.8631445
0.8606707
0.6835759
0.92362785
0.603995
0.9479519
0.95723474
0.88977414
0.8394664
0.8579607
0.8469018
0.89413756
0.8582704
0.735921
0.9197075
0.7920432
0.8580457
0.930709
0.8985109
0.8395278
0.5612581
0.896652
0.7476734
0.7889174
0.92826104
0.88846636
0.6341695
0.80249316
0.7798208
0.95352006
0.877666
0.9294824
0.46502507
0.763627
0.9067284
0.9559916
0.8923359
0.40018892
0.78324324
0.85930675
0.87827045
0.8621889
0.927971
0.7386466
0.61542493
0.9626932
0.91780233
0.8644108
0.8901494
0.8461262
0.9161443
0.6999819
0.8366218
0.8403961
0.46485433
0.8829855
0.8831382
0.9174205
0.8590554
0.8004504
0.73750657
0.8312128
0.92558074
0.7342737
0.9020267
0.92732155
0.8765806
0.70140713
0.8790896
0.8822151
0.8450633
0.83713007
0.5239073
0.91226125
0.79459405
0.93207955
0.7134274
0.7707427
0.73609644
0.89459556
0.54632694
0.9399859
0.98627436
0.8652698
0.93094146
0.9442142
0.7366872
0.89289457
0.62259954
0.76647204
0.58321285
0.91610146
0.91255665
0.88023376
0.8490474
0.8569145
0.913603
0.7967754
0.7461955
0.8852762
0.9301482
0.8653166
0.83201116
0.7654772
0.66507983
0.77370775
0.8616617
0.7485371
0.5708045
0.62312657
0.7246903
0.9171579
0.815586
0.8235768
0.8445417
0.9252983
0.8284377
0.8420848
0.8018167
0.90987796
0.9446224
0.9360659
0.8275293
0.88894624
0.753209
0.90556455
0.7921119
0.7631551
0.9134537
0.94188094
0.78592116
0.68596286
0.86481327
0.9185056
0.7155284
0.9066579
0.8195035
0.9498912
0.9563941
0.6494061
0.9391871
0.9251064
0.84584767
0.9169134
0.89585143
0.8947971
0.8304445
0.8933929
0.58569765
0.89895254
0.9223724
0.83835655
0.899442
0.8373823
0.698932
0.88519496
0.8578265
0.9230049
0.54119873
0.77908987
0.9222864
0.89160335
0.90199786
0.91992825
0.8203439
0.679139
0.8617697
0.8776943
0.8851908
0.8608956
0.91325957
0.8012379
0.8411546
0.48244968
0.87650365
0.83144885
0.903288
0.59233356
0.74367535
0.7454518
0.9309128
0.95106673
0.8333424
0.88697016
0.9135849
0.8184333
0.7801896
0.82749736
0.7686285
0.8323976
0.6888846
0.73192984
0.8663104
0.8891138
0.89552283
0.8821948
0.55649865
0.8860899
0.78517354
0.857408
0.83392
0.7955264
0.8956316
0.85238534
0.9669148
0.85380775
0.7231695
0.95328677
0.80533457
0.7251341
0.8965739
0.86334836
0.8493796
0.88892347
0.9030703
0.89322376
0.82266814
0.9022542
0.8479379
0.70186174
0.71206945
0.9271684
0.8202518
0.6910469
0.78720284
0.87675875
0.9686142
0.86108327
0.9002045
0.6452013
0.86307114
0.9412055
0.7707309
0.932979
0.6859586
0.84740275
0.9666426
0.8992816
0.5635712
0.9067748
0.7520928
0.8832915
0.6713761
0.9143149
0.7720456
0.8637599
0.6696163
0.76223207
0.8329795
0.84202117
0.94834733
0.8070991
0.7090433
0.74256533
0.75025225
0.76185584
0.6111239
0.83948725
0.8176139
0.7059008
0.8733841
0.77756
0.78781533
0.9359225
0.97102046
0.7507301
0.774062
0.8668426
0.8112561
0.76812947
0.90189195
0.9045706
0.88734984
0.8322987
0.9246226
0.9315173
0.9157207
0.9020132
0.85855144
0.7946068
0.9088064
0.7110705
0.8743036
0.94312346
0.8555198
0.9304204
0.9179964
0.8239882
0.8846954
0.842098
0.744672
0.74898577
0.89352804
0.8696061
0.9463988
0.7517714
0.9518292
0.91523695
0.85923487
0.84835505
0.6206973
0.670739
0.8817642
0.83149225
0.7422644
0.9677299
0.7146551
0.8038355
0.8353593
0.90003705
0.7884603
0.9310205
0.9025973
0.8482573
0.67416763
0.9140295
0.93239796
0.81810164
0.5321546
0.85002995
0.8177327
0.92783344
0.7855228
0.83559525
0.4067462
0.83779746
0.44464207
0.771922
0.8466271
0.8273971
0.8317637
0.7955025
0.8703496
0.8280929
0.82778865
0.80324256
0.8146285
0.9224858
0.5070206
0.8667855
0.71095157
0.94098824
0.7166097
0.62725407
0.8428132
0.8807297
0.753813
0.93547034
0.8084973
0.87653196
0.6942894
0.89630157
0.9664575
0.96244246
0.74885005
0.81121504
0.76318073
0.7142694
0.8600621
0.94478625
0.82865
0.85411555
0.5677907
0.68728125
0.8572342
0.8326062
0.6169313
0.79070055
0.75665814
0.8673803
0.526313
0.9375895
0.8111181
0.8146611
0.63689417
0.76533324
0.8035974
0.6855682
0.6754034
0.9202392
0.8109815
0.62704843
0.8188703
0.9437394
0.9457517
0.4252885
0.914141
0.6819204
0.8297516
0.85085166
0.76234996
0.81302893
0.78559524
0.87280226
0.84622896
0.659363
0.4853536
0.84420455
0.93131936
0.8236364
0.8996945
0.62551475
0.75596505
0.91245687
0.8218575
0.8123005
0.77474415
0.856576
0.78808445
0.721705
0.8682212
0.6505607
0.95748854
0.87383324
0.8665974
0.53111875
0.9446236
0.812901
0.8921701
0.8986721
0.79639953
0.8571737
0.67535543
0.88123715
0.8867217
0.8379457
0.85433805
0.9342231
0.81256723
0.7493847
0.8090451
0.84474796
0.66131026
0.9288013
0.8892473
0.8480879
0.7408757
0.8117521
0.96808434
0.8022247
0.5566438
0.8232222
0.7874023
0.89221597
0.7604098
0.8736515
0.7856455
0.78693277
0.68044484
0.9286893
0.92259574
0.8371486
0.7433998
0.8157667
0.8591969
0.8427754
0.9703409
0.9280967
0.8105581
0.886856
0.9594256
0.80599004
0.8655552
0.918648
0.75506055
0.8333813
0.86792433
0.90701693
0.9280294
0.902648
0.93332076
0.9474539
0.7954536
0.95438325
0.60835814
0.95079464
0.8622878
0.8989653
0.79872143
0.90739334
0.9499918
0.82990015
0.95564765
0.77663624
0.8733109
0.9187217
0.87228334
0.52923733
0.9489403
0.75279915
0.83077115
0.83587873
0.8452922
0.97425705
0.8638456
0.741763
0.7942558
0.8604331
0.9142261
0.6939537
0.70288754
0.7057222
0.8796722
0.68850076
0.8798853
0.64391905
0.8427804
0.80087376
0.7883363
0.848434
0.9496323
0.89903796
0.6777461
0.9171446
0.57032514
0.89211386
0.930624
0.9005581
0.67962354
0.8713273
0.92576826
0.8483475
0.86561936
0.8379546
0.72675264
0.72803426
0.7811324
0.9237425
0.8073092
0.8536954
0.7020671
0.88579285
0.5875301
0.952976
0.5461561
0.7368088
0.7167934
0.80322134
0.80824256
0.8431858
0.9198379
0.8611554
0.8575882
0.83304536
0.8366327
0.74533284
0.93722975
0.6664418
0.8273653
0.84671324
0.91764987
0.8788649
0.90440905
0.87929153
0.7203102
0.89213854
0.86902344
0.8155391
0.80204237
0.8834125
0.6612156
0.81228197
0.8989618
0.8195594
0.949152
0.7228812
0.781553
0.78452766
0.88513225
0.85223246
0.91536546
0.95300174
0.7537574
0.85666335
0.7939497
0.87717664
0.80411696
0.92931867
0.64502573
0.7736491
0.7082565
0.6046269
0.8778332
0.61242115
0.91629124
0.9219229
0.8852051
0.8974882
0.8820727
0.62920463
0.9330486
0.8912264
0.90395296
0.937144
0.86000395
0.8911228
0.8065511
0.81583565
0.8204334
0.8500882
0.94916844
0.9347679
0.7747765
0.9025032
0.7732642
0.7686255
0.91332513
0.8644749
0.789133
0.79989946
0.8873937
0.72693217
0.8362775
0.83343536
0.844273
0.639066
0.59674984
0.86081463
0.91018873
0.83609873
0.8491805
0.7995332
0.58818793
0.78360236
0.7194893
0.6309364
0.59116614
0.9069954
0.8927957
0.8641035
0.8397665
0.89973056
0.9405457
0.81508994
0.74122745
0.8075183
0.81491816
0.6720854
0.8206709
0.8938285
0.8216466
0.67878044
0.9656563
0.82510734
0.589342
0.78024936
0.8155718
0.7403735
0.8926277
0.9549787
0.84558016
0.9044416
0.91557527
0.8606
0.937489
0.808376
0.9052435
0.92245805
0.5544877
0.67107314
0.8755074
0.82251316
0.7601218
0.87924504
0.85168105
0.7623802
0.9469642
0.6773047
0.90546566
0.89638126
0.8783506
0.86065274
0.850343
0.9056397
0.7668265
0.5579722
0.8547425
0.8609785
0.86121583
0.72506684
0.71316415
0.8724946
0.8251447
0.81684995
0.5608487
0.8020162
0.91866136
0.78486943
0.71428007
0.7695237
0.6098902
0.9105334
0.8972167
0.84331644
0.91268605
0.8735521
0.8891117
0.8329053
0.95591426
0.90475416
0.6811348
0.5881107
0.82194746
0.7467337
0.73084086
0.7906666
0.86162883
0.90703076
0.43317547
0.7933063
0.89353067
0.8509773
0.85365963
0.7697931
0.89331734
0.75857747
0.89213514
0.8232496
0.76748466
0.8633846
0.677521
0.6569296
0.70772374
0.87522596
0.74843276
0.81400937
0.8838557
0.93056303
0.7226025
0.88342696
0.88974607
0.7377819
0.96368366
0.6186042
0.8354659
0.7693262
0.83473223
0.946881
0.6652159
0.8385048
0.7348056
0.59392965
0.7616142
0.87040806
0.93193734
0.84486496
0.85370326
0.90101725
0.8218125
0.78039896
0.8924678
0.6088547
0.5387563
0.7448553
0.5155196
0.82714903
0.8265989
0.8592825
0.81092405
0.7095231
0.73794353
0.7320597
0.87106645
0.8306286
0.9574319
0.91050977
0.76107323
0.6725092
0.9373369
0.81118864
0.8186212
0.8235888
0.6953715
0.66653174
0.74234176
0.8897321
0.8978435
0.6804576
0.78514403
0.8123437
0.9345202
0.8799036
0.73864573
0.9173114
0.7611161
0.73075
0.6459546
0.7788333
0.81874126
0.87412554
0.8814199
0.9253457
0.8795475
0.9141539
0.8233493
0.6404985
0.89437693
0.887723
0.7902121
0.7851955
0.6091524
0.65431404
0.84601265
0.8101524
0.8921343
0.77500975
0.73127013
0.51884365
0.8098269
0.8510306
0.8496014
0.88104576
0.90179664
0.90944284
0.89743364
0.903993
0.9615577
0.66978025
0.8980677
0.8753334
0.6845449
0.6011906
0.6478686
0.8185221
0.76346034
0.8486311
0.94308203
0.7528969
0.8776413
0.90810174
0.82448494
0.9496516
0.9203285
0.6682526
0.40160722
0.9053709
0.785142
0.75117254
0.8866037
0.7419453
0.7751294
0.5924142
0.93091285
0.9430448
0.76868206
0.7390663
0.9606609
0.7964815
0.7038356
0.96406513
0.9067674
0.9031874
0.900524
0.6913398
0.9492069
0.62572265
0.92840075
0.6006557
0.7442257
0.85925853
0.7712618
0.7750479
0.82777995
0.92220044
0.9554164
0.7593463
0.84852827
0.846992
0.8014484
0.6941652
0.77096486
0.63443387
0.63576007
0.9029558
0.6732997
0.89741313
0.7223084
0.46363252
0.86045337
0.8816045
0.9144801
0.83539087
0.943954
0.9434669
0.9191503
0.80052036
0.47136626
0.9279135
0.8892657
0.7642704
0.9686719
0.8025142
0.8732324
0.8238094
0.78249454
0.8232276
0.74036825
0.71484375
0.8639172
0.83867353
0.74231774
0.92619145
0.586338
0.7975277
0.87908566
0.81920797
0.7173251
0.7930494
0.78134435
0.844993
0.8440895
0.52872217
0.70687056
0.7660606
0.86115587
0.8869115
0.5705731
0.8885888
0.81275237
0.893709
0.91313976
0.8939621
0.9044039
0.73137236
0.852075
0.85341376
0.9216087
0.893587
0.95815235
0.6394909
0.57180655
0.9582249
0.92423105
0.9047182
0.89423674
0.6842649
0.76758975
0.9445045
0.7084133
0.9088246
0.64032304
0.89828855
0.94971013
0.8952384
0.82584965
0.7164816
0.8980854
0.8459639
0.8567821
0.74849844
0.82244617
0.7467944
0.5715797
0.8617246
0.79871035
0.83751005
0.80657804
0.8340112
0.91008246
0.77535135
0.8782109
0.7788436
0.77759683
0.87094766
0.8040701
0.8282568
0.7977701
0.8196728
0.7026515
0.74212885
0.77157533
0.89410657
0.7949937
0.81194365
0.85148203
0.75686634
0.9349255
0.85425663
0.87315845
0.70910007
0.71835387
0.7592134
0.72881114
0.8481538
0.48221594
0.8944483
0.6368051
0.66558146
0.8349478
0.76094705
0.8992461
0.73860884
0.93112683
0.75313336
0.79598296
0.81603694
0.89058876
0.92449296
0.72825986
0.942099
0.5207775
0.72538906
0.9448226
0.94473445
0.8447417
0.9281978
0.8703033
0.78298056
0.8965868
0.88963926
0.84340924
0.6986752
0.9321042
0.9188585
0.69673175
0.54024583
0.6919057
0.86213255
0.86980176
0.725614
0.9019053
0.9401532
0.61828727
0.6538959
0.7412419
0.6340213
0.90979254
0.64079803
0.7531455
0.8108771
0.74043924
0.8829778
0.79886246
0.9069562
0.5630155
0.9626084
0.9255399
0.9150519
0.9539031
0.9556446
0.36199746
0.8809285
0.9505397
0.8705328
0.8955944
0.84592414
0.8107962
0.69752496
0.9369049
0.87567145
0.97099954
0.8199126
0.80266166
0.88597095
0.9302977
0.9624651
0.82565606
0.84666115
0.81341964
0.74266773
0.93645513
0.77468663
0.8241472
0.9318045
0.7565733
0.8760538
0.919497
0.78788835
0.9282037
0.9599084
0.7964047
0.83101153
0.9157524
0.80125207
0.5487665
0.8716955
0.95665085
0.90805167
0.8209062
0.753876
0.87393594
0.4252407
0.49225664
0.8792174
0.882707
0.8234615
0.72440034
0.9054871
0.75450087
0.90009
0.7716268
0.71922314
0.8725036
0.7936795
0.7249654
0.81456906
0.6537093
0.85370886
0.7935419
0.94172025
0.87866706
0.58293283
0.87359977
0.86168265
0.40141982
0.62002754
0.815174
0.73950166
0.70770276
0.8060793
0.84520596
0.9214635
0.9016041
0.7495926
0.95540744
0.82518256
0.56406665
0.86092067
0.9492206
0.52166533
0.77097046
0.8360574
0.8130834
0.860328
0.90664494
0.85200816
0.85983145
0.66048366
0.98121476
0.8648192
0.8424917
0.85963136
0.7795225
0.7868199
0.77562857
0.64758927
0.86354035
0.8721197
0.94831395
0.7058187
0.75271773
0.8379647
0.7416258
0.94601107
0.84739536
0.9059549
0.9680094
0.7792337
0.8342293
0.70041925
0.5672316
0.83549106
0.8165523
0.82423604
0.763152
0.8846475
0.88918364
0.8284476
0.5920077
0.8430737
0.6306922
0.86281586
0.9262782
0.8732768
0.8218533
0.8394655
0.9401102
0.7140932
0.87776726
0.7597631
0.6991974
0.88480353
0.80119514
0.9533641
0.91872644
0.741808
0.91742605
0.7203469
0.5980539
0.7522968
0.92040634
0.90155625
0.86787933
0.8909428
0.81840825
0.8487497
0.8794287
0.9086544
0.88679785
0.9011388
0.89719725
0.8796853
0.9565082
0.8793323
0.8160413
0.8107019
0.80172884
0.81731737
0.9674436
0.81933296
0.92762536
0.84449345
0.8587693
0.90308046
0.93772876
0.92885256
0.667636
0.6924993
0.8585805
0.8511464
0.87715733
0.7705119
0.93165696
0.8705167
0.86723304
0.8632042
0.7309337
0.8441723
0.81529486
0.85849327
0.85404485
0.87308085
0.86253077
0.8336697
0.8495938
0.8253202
0.64297503
0.61663973
0.84184253
0.8450451
0.73593354
0.72683144
0.9225399
0.7384193
0.82061833
0.62316054
0.71018064
0.84428155
0.8243869
0.57850003
0.9433073
0.8934125
0.9332342
0.7623022
0.7960662
0.78039616
0.897041
0.72601247
0.91537637
0.941507
0.8709519
0.8114287
0.94927037
0.84372675
0.8639785
0.9259644
0.43633592
0.8153484
0.88679236
0.93406844
0.79996854
0.78877246
0.97261006
0.9680206
0.71531624
0.76962686
0.80799145
0.81917477
0.85303295
0.9611828
0.62663317
0.6559407
0.79694945
0.81466883
0.38419482
0.92248034
0.9076097
0.818311
0.8469075
0.82711464
0.8353504
0.90585536
0.65694207
0.7980882
0.86712873
0.79180986
0.8256371
0.72994155
0.8539116
0.76211977
0.8697325
0.90741855
0.7396451
0.8826914
0.64417505
0.7228329
0.770535
0.8203995
0.9308136
0.5683353
0.8926178
0.6911246
0.72514945
0.764819
0.900617
0.804687
0.6497739
0.67204994
0.82842106
0.81439227
0.8736867
0.7821731
0.9249518
0.9454343
0.72599185
0.88635004
0.8395499
0.9192761
0.9350068
0.75179875
0.7644334
0.6608467
0.7930913
0.70621544
0.51031274
0.6991715
0.93718076
0.79711634
0.80327624
0.8322248
0.72732544
0.6636359
0.79615355
0.8425547
0.65906405
0.76506656
0.94393516
0.4887207
0.70172095
0.7061092
0.6738018
0.8644413
0.64016545
0.8660845
0.95309544
0.6933925
0.8058313
0.87068707
0.80997473
0.8893068
0.89790094
0.96269095
0.8290775
0.741845
0.94325644
0.80329204
0.8995336
0.81453997
0.91529775
0.73194873
0.6655018
0.76753545
0.8152461
0.8594347
0.5142352
0.7279308
0.8744787
0.7209232
0.8551705
0.90564173
0.823093
0.6292029
0.81897396
0.72060645
0.62232673
0.7588264
0.717873
0.84319776
0.72601885
0.8551329
0.8137667
0.8802539
0.97777206
0.92583144
0.6950896
0.867828
0.8136325
0.93028396
0.92536885
0.8423022
0.8067007
0.84466314
0.8231962
0.7357366
0.74316573
0.8624233
0.87819517
0.77346766
0.94085217
0.87490845
0.9436759
0.7448864
0.95781356
0.8251847
0.9461083
0.94249356
0.8774547
0.79699403
0.9332532
0.6245257
0.91124994
0.91671586
0.85085684
0.6883617
0.9335044
0.6384629
0.9125154
0.9575954
0.8269348
0.88762987
0.89394194
0.91925937
0.71465
0.6523971
0.8646221
0.9338671
0.8375575
0.66155547
0.7895335
0.8993923
0.6137425
0.74638754
0.8985268
0.73648643
0.76237404
0.694322
0.87235844
0.90704757
0.7608403
0.85217714
0.8869649
0.80352783
0.78391373
0.7648754
0.6887292
0.8901495
0.83493984
0.9566213
0.88460296
0.9135976
0.9200092
0.8606087
0.8136858
0.7640329
0.5835838
0.73792845
0.7808747
0.8261284
0.81557196
0.9236624
0.69221693
0.7994348
0.90257
0.681239
0.83658004
0.8741952
0.7469031
0.83302456
0.7668983
0.90311974
0.8917228
0.9120109
0.9168359
0.9274895
0.8402879
0.8678651
0.90409994
0.83972204
0.8081693
0.813847
0.79547536
0.7296207
0.75979567
0.7158341
0.9043393
0.88785875
0.6492688
0.8300892
0.9320915
0.8671146
0.9373745
0.8035643
0.9461808
0.8051168
0.6947807
0.9852175
0.9241903
0.6241684
0.8578967
0.8391183
0.51321036
0.80048084
0.82237893
0.8813394
0.90587133
0.7345455
0.8829416
0.89354944
0.9238376
0.9219985
0.8191403
0.65868276
0.3840216
0.78830206
0.72032475
0.78660226
0.9044189
0.716934
0.7984296
0.862632
0.8571
0.5740764
0.8466936
0.65901035
0.9435499
0.859759
0.89990807
0.8798363
0.78922904
0.9461683
0.786711
0.84098816
0.787635
0.9082956
0.93331206
0.8626083
0.8385553
0.8747943
0.6965986
0.78566813
0.8183268
0.80361724
0.7195974
0.81301904
0.80641043
0.71674466
0.7740493
0.8168227
0.6915717
0.5736313
0.69264615
0.8569571
0.75778174
0.6434109
0.60282505
0.8770744
0.9180544
0.7295629
0.86661553
0.80752903
0.78454435
0.94725907
0.8459397
0.7995344
0.8963346
0.7794372
0.91015255
0.7864107
0.8236215
0.8012339
0.89415777
0.92844284
0.8993925
0.7384571
0.8289588
0.69657356
0.60389024
0.7973437
0.8608895
0.73113906
0.9238646
0.8227129
0.64942914
0.8129292
0.8074373
0.82938516
0.8177248
0.8433338
0.87095404
0.96852916
0.6370101
0.8775015
0.86257315
0.8785334
0.8930991
0.7907894
0.6130602
0.9008473
0.81081396
0.81040317
0.91967326
0.7892266
0.906812
0.72829235
0.77014947
0.70762587
0.6160412
0.90384626
0.85439116
0.8817731
0.7720343
0.81007683
0.9067344
0.7158191
0.9534236
0.87426424
0.95619994
0.8760828
0.8565544
0.70261145
0.83368397
0.8132775
0.7306359
0.76723886
0.78912127
0.76749176
0.49088973
0.32231444
0.87302023
0.7967035
0.87590396
0.87992203
0.8110416
0.8551979
0.59437853
0.80972075
0.9444801
0.9170355
0.85496986
0.7926134
0.90012896
0.9098948
0.9425638
0.79978085
0.7731826
0.97636425
0.9605007
0.82389265
0.8002125
0.86926436
0.86198837
0.82406884
0.92607164
0.9257385
0.7261907
0.79412425
0.9221088
0.7155857
0.8696082
0.8216283
0.7968377
0.8551859
0.86885214
0.9524574
0.8493323
0.8263012
0.9248841
0.78568333
0.49624097
0.76911163
0.7146911
0.6714572
0.79669726
0.8975815
0.82371926
0.9307733
0.81864744
0.74474645
0.92301726
0.91474575
0.8896599
0.93648684
0.95027894
0.8599097
0.887123
0.86526024
0.6210226
0.69895434
0.7987908
0.71935314
0.90819377
0.8570922
0.9171826
0.9048408
0.8534837
0.8131167
0.7847951
0.8008691
0.7083558
0.9024312
0.8808936
0.7854403
0.64548326
0.8406569
0.9470977
0.8281756
0.9317678
0.73765546
0.7743777
0.8276534
0.8530827
0.8765937
0.75321376
0.8412827
0.7861002
0.9115765
0.9452921
0.8583697
0.8013527
0.8232672
0.897164
0.7484572
0.6652943
0.78607386
0.90550727
0.8882533
0.46721765
0.5704839
0.79638165
0.7575755
0.6811586
0.8172231
0.7984509
0.7341014
0.8864617
0.833327
0.8869982
0.8646365
0.91007155
0.8559321
0.7655715
0.80154496
0.8977076
0.945385
0.820621
0.88248956
0.84849584
0.80281866
0.8028753
0.88379824
0.84568393
0.9369146
0.9198358
0.9066958
0.8601611
0.9183216
0.90663445
0.91497666
0.5628896
0.63005847
0.90401626
0.9456939
0.8984387
0.84743184
0.83154786
0.7733566
0.9262224
0.8601711
0.9173013
0.96369135
0.9314364
0.7733833
0.9524962
0.8535614
0.8568115
0.8005392
0.9047467
0.9131911
0.64949685
0.8953625
0.89166737
0.8966474
0.9275493
0.76885945
0.8968501
0.7048866
0.8120849
0.86842084
0.78622043
0.9333178
0.93535817
0.88090616
0.7965979
0.93791384
0.9289992
0.97171533
0.7181106
0.82167673
0.9086141
0.7937517
0.8562669
0.88536465
0.8978772
0.66315204
0.5719732
0.918437
0.8985502
0.92318517
0.92522097
0.855546
0.62937635
0.7520819
0.94718075
0.8768527
0.95669657
0.8480076
0.895849
0.7618564
0.87857544
0.6681711
0.89830726
0.8004588
0.9079813
0.9013487
0.56088084
0.7219777
0.9298627
0.63770854
0.64053255
0.868878
0.8255974
0.67488104
0.94035846
0.49252796
0.7684583
0.86322176
0.73957366
0.7332636
0.89228
0.67985934
0.9096426
0.8397186
0.7519574
0.7922344
0.9550771
0.859295
0.81859577
0.87770486
0.7170271
0.8519142
0.6716358
0.9499218
0.6689198
0.70431757
0.8408253
0.8128495
0.93053687
0.84589636
0.8179848
0.8518362
0.60760325
0.5584042
0.6557534
0.4063921
0.9249945
0.87466264
0.8231421
0.7961336
0.971582
0.82234526
0.84290427
0.8597951
0.7150804
0.7414414
0.8883751
0.88051903
0.8762957
0.87864316
0.9304586
0.8953317
0.9493844
0.74614984
0.86220056
0.8328103
0.5998854
0.635792
0.7626526
0.92218333
0.9110012
0.70638156
0.80325437
0.87027216
0.7321321
0.73164797
0.85962296
0.8432106
0.7059773
0.96841455
0.88842726
0.90435964
0.87814474
0.912959
0.84086317
0.7044027
0.65365374
0.7609842
0.83659714
0.8966857
0.7702624
0.82586163
0.86953604
0.6946126
0.913923
0.6189589
0.8417276
0.51825935
0.87321407
0.82478386
0.80196965
0.71619666
0.8291112
0.90551347
0.86967766
0.8369353
0.77954465
0.80008435
0.77460504
0.93496025
0.7911065
0.76540464
0.93039274
0.875545
0.49546382
0.7804282
0.5521724
0.97103786
0.9090945
0.949454
0.90310323
0.66205776
0.673164
0.74029744
0.9028849
0.939476
0.9327562
0.7557391
0.90572405
0.77613854
0.9230668
0.8816756
0.757314
0.70438635
0.979589
0.78920794
0.92817336
0.7944559
0.7031953
0.8879383
0.93506837
0.852488
0.90259737
0.77318954
0.7436931
0.79595363
0.95430833
0.69479865
0.8474801
0.88732064
0.8413007
0.64387965
0.5639249
0.9447033
0.89212686
0.9676636
0.70535314
0.9622127
0.87969315
0.6215674
0.8169727
0.9080344
0.89718974
0.7597315
0.87836087
0.8565196
0.9471764
0.84352577
0.82222396
0.9129259
0.6082664
0.8924627
0.717889
0.7882483
0.7441278
0.8565628
0.87862647
0.93832463
0.8543955
0.63647836
0.45114645
0.90959984
0.8901494
0.91387665
0.8100692
0.86061156
0.738549
0.7902823
0.69035184
0.94427675
0.8364282
0.91185665
0.8790679
0.9044945
0.7981902
0.80328196
0.8625546
0.9319304
0.9289727
0.60333073
0.886731
0.9437789
0.88597584
0.7870013
0.8583577
0.7514182
0.8308907
0.82351196
0.91275513
0.30239427
0.67307734
0.9022712
0.9444033
0.9411895
0.76597464
0.8218953
0.9176136
0.7489671
0.5386309
0.56783396
0.94050753
0.7968986
0.745293
0.94584405
0.7857377
0.90919065
0.93302643
0.7195341
0.8212489
0.77791804
0.7616949
0.9108487
0.6238195
0.8854368
0.83392686
0.76028943
0.61667275
0.8386126
0.8520314
0.72687817
0.9118526
0.86549
0.85616267
0.8404492
0.9193741
0.9009905
0.68044883
0.7935686
0.959516
0.81648755
0.80351186
0.8268988
0.75715804
0.7534292
0.89464444
0.8108984
0.85740775
0.76966953
0.70832485
0.9054272
0.83323634
0.6810303
0.59079176
0.8874954
0.9366944
0.8869081
0.65343964
0.78189576
0.8044377
0.44478798
0.8980727
0.7945384
0.7046879
0.85784185
0.8283705
0.8974856
0.84390473
0.87371516
0.4774402
0.8047501
0.8892856
0.8464722
0.8564635
0.8463465
0.79378736
0.8624158
0.8877621
0.8519724
0.801472
0.83325887
0.8526638
0.86194026
0.6539401
0.7177245
0.7407782
0.81792295
0.6920463
0.9326582
0.9137202
0.78853136
0.9144225
0.8210095
0.9021818
0.89748275
0.92066973
0.78865623
0.4917446
0.72832257
0.8657087
0.5270898
0.9019097
0.844568
0.89020324
0.48188308
0.8032828
0.8961451
0.8209186
0.7669062
0.6737001
0.52802825
0.8523482
0.7187805
0.76215607
0.74712074
0.80800253
0.77448636
0.8351482
0.92566586
0.8190192
0.86106956
0.8847522
0.6736078
0.7521825
0.92492896
0.85014516
0.7698525
0.9216938
0.67147756
0.74029565
0.7022388
0.8073437
0.59885156
0.7307169
0.6490557
0.54804325
0.8194653
0.6776566
0.72413135
0.86127895
0.7536141
0.8540384
0.62268364
0.8290704
0.7900883
0.6117919
0.7589861
0.9491688
0.6889646
0.66837883
0.90006304
0.8502137
0.8323813
0.74412584
0.91056687
0.7497133
0.659173
0.7040311
0.8636116
0.7188456
0.7220839
0.7796221
0.6680317
0.93964195
0.80600023
0.86813205
0.87813246
0.93036747
0.7770241
0.6068094
0.8417716
0.83974516
0.83497137
0.85564655
0.8785099
0.7548815
0.8262382
0.6551243
0.8168659
0.89234173
0.87479794
0.7075339
0.81051344
0.7276008
0.7988756
0.94231427
0.8555759
0.84340423
0.90106124
0.8505057
0.80060786
0.6255342
0.7745379
0.67613626
0.8959699
0.7766492
0.8895233
0.9229946
0.8930448
0.58867514
0.7928642
0.6321255
0.84663683
0.8289334
0.80602
0.9329034
0.8184428
0.9040674
0.9649386
0.90258694
0.8909787
0.93358743
0.38352814
0.9560496
0.9410323
0.9334978
0.63782895
0.89636916
0.7916201
0.9015994
0.7389847
0.7280307
0.7841296
0.6940754
0.7697289
0.8468868
0.85022926
0.9110547
0.8308945
0.7697298
0.62825584
0.73597854
0.7952311
0.87160397
0.8707925
0.8909795
0.7407125
0.9026005
0.6805493
0.75225395
0.69486463
0.81602705
0.8701876
0.9388749
0.95363224
0.8738413
0.7339862
0.8948308
0.86554915
0.5273875
0.8532862
0.924176
0.883379
0.5755776
0.85965353
0.7801836
0.9099107
0.85785484
0.9140864
0.755506
0.7732099
0.8333111
0.5821436
0.87571526
0.8779767
0.7702097
0.9588194
0.8945638
0.949595
0.7776574
0.8754158
0.7912074
0.86992735
0.6441442
0.7948721
0.8913808
0.84155196
0.7942296
0.83507234
0.9525056
0.7586027
0.82706726
0.75209177
0.90996367
0.93383616
0.8795662
0.89837843
0.9441912
0.95211565
0.885443
0.7840459
0.9351139
0.57109386
0.9318267
0.8019465
0.7345986
0.9081634
0.66991544
0.7883017
0.94707954
0.73971313
0.8818191
0.6780846
0.8949024
0.9033587
0.7342565
0.879542
0.8052022
0.8568809
0.84601724
0.7772889
0.9181548
0.45594615
0.9483634
0.66634136
0.8850024
0.89533156
0.9001396
0.7947388
0.8357316
0.8741551
0.83820593
0.7691811
0.6292715
0.92454046
0.934731
0.53850704
0.9347135
0.93102527
0.8602635
0.93203187
0.93461573
0.8000473
0.82922566
0.6276513
0.8644528
0.90877753
0.9163718
0.6463259
0.67730707
0.9401238
0.8405297
0.8078159
0.77691317
0.8581358
0.47793096
0.87656
0.8409268
0.6908114
0.7769096
0.6599113
0.83183587
0.64829254
0.8594885
0.8391846
0.7337653
0.8063828
0.5160532
0.88679224
0.8587082
0.8923845
0.9492521
0.7527199
0.86660093
0.87183714
0.8873484
0.72544783
0.8014302
0.73541045
0.6728558
0.6237154
0.94905066
0.79871225
0.9155544
0.7455913
0.8925408
0.8562202
0.9095597
0.836313
0.6521477
0.72192395
0.83811057
0.62438905
0.54285073
0.82239616
0.9536005
0.78193647
0.95413756
0.8519221
0.6206112
0.86368513
0.8441468
0.5407883
0.8731719
0.92639446
0.9430467
0.7720969
0.804618
0.6469384
0.789608
0.9055127
0.75987005
0.8680024
0.91474485
0.8385383
0.7884596
0.81925523
0.8774172
0.73882043
0.83532983
0.8064805
0.79446685
0.6754037
0.6536132
0.892952
0.6640209
0.91299146
0.59264237
0.8439759
0.88920873
0.76695794
0.83673716
0.68991154
0.7522246
0.7760079
0.8624489
0.8109442
0.8684433
0.8664613
0.7901052
0.7825097
0.84086335
0.9338883
0.5412466
0.7788648
0.8541517
0.86118054
0.88135
0.8831035
0.7131872
0.6965486
0.8994524
0.64616466
0.848907
0.6166473
0.87782073
0.7699143
0.8253045
0.7192227
0.91864204
0.7060006
0.8270416
0.70545995
0.8989551
0.81509113
0.82453513
0.7827442
0.70969003
0.84744954
0.8979423
0.9482374
0.94934845
0.8835909
0.48069996
0.81410235
0.8991589
0.83851373
0.8287015
0.8898423
0.91292644
0.85207546
0.9170072
0.92106116
0.8108084
0.8269534
0.854212
0.96365166
0.8725248
0.8527551
0.8793416
0.89614683
0.7840298
0.8617763
0.95920724
0.86422324
0.8628197
0.801762
0.8012432
0.72417015
0.66336477
0.76379
0.8504815
0.5121907
0.7762657
0.89826554
0.8592638
0.7444374
0.9383015
0.862155
0.7978671
0.8374096
0.6711171
0.7025404
0.9351472
0.79534084
0.91841286
0.9196439
0.7090537
0.7386762
0.92478764
0.8951025
0.9287348
0.859133
0.8218144
0.501374
0.7738529
0.752884
0.74169964
0.54099214
0.7234568
0.4865756
0.9037308
0.8586041
0.7550327
0.9023623
0.9435362
0.7336559
0.9155235
0.7889769
0.7308995
0.6627795
0.79765284
0.80919003
0.8548187
0.87733525
0.7039955
0.7006272
0.9421796
0.8565569
0.8723767
0.8522649
0.62668115
0.81102324
0.8843913
0.9251026
0.81161135
0.92008495
0.89449275
0.8051982
0.87539905
0.8765725
0.93820435
0.9055917
0.4382239
0.838638
0.87459826
0.95974994
0.93686944
0.87101936
0.8862139
0.8649708
0.94640887
0.8163095
0.9175937
0.6848004
0.85755587
0.8340444
0.7995859
0.7780334
0.49683142
0.87443924
0.9289123
0.7895763
0.925846
0.7779058
0.9715762
0.8778
0.74291563
0.6788729
0.90615076
0.6707636
0.84017515
0.87312376
0.5683867
0.86468685
0.72048616
0.7743569
0.8743495
0.8553252
0.63011605
0.5221311
0.9221875
0.8903262
0.84351456
0.8052123
0.564471
0.7931042
0.8473458
0.8133796
0.77279884
0.8140798
0.9338343
0.81931436
0.47926912
0.9286716
0.8606698
0.7766701
0.9361902
0.90576124
0.6192534
0.9051993
0.9681681
0.83834195
0.5976034
0.85217583
0.9132927
0.89647245
0.94185436
0.7756517
0.868015
0.70613635
0.8070035
0.559233
0.91160065
0.6493397
0.87309873
0.9568412
0.9267288
0.7053255
0.77674633
0.9367081
0.9478018
0.8270417
0.7877991
0.8915018
0.8034817
0.80543697
0.94131154
0.94218427
0.91926205
0.79046106
0.88607675
0.8537266
0.8393932
0.7359566
0.90166074
0.86603415
0.8527753
0.88016087
0.7127944
0.6377592
0.7677045
0.53623194
0.8558294
0.81693476
0.8807344
0.80134916
0.7612195
0.8819959
0.9284718
0.9146233
0.7566473
0.8892985
0.92775136
0.90334284
0.6743516
0.75939447
0.7295663
0.9032832
0.7633515
0.8909325
0.84783727
0.6684619
0.52655065
0.8111121
0.77925026
0.87834334
0.7750122
0.80128974
0.88593054
0.8796746
0.9169558
0.6466146
0.95312876
0.8661362
0.8292507
0.74615216
0.7228757
0.49095416
0.8540602
0.87837255
0.83239794
0.7492702
0.68908656
0.9681846
0.9737248
0.9492216
0.9572461
0.8563123
0.9150988
0.7189389
0.70861197
0.7508648
0.88334197
0.84459734
0.905401
0.84352535
0.7336227
0.8830589
0.76672333
0.8892165
0.55795604
0.8205005
0.9153228
0.72974235
0.9209723
0.9564469
0.83736324
0.36265785
0.5527575
0.6826676
0.91589594
0.78363335
0.88645065
0.7636555
0.77710783
0.8538773
0.7434915
0.7121524
0.8225642
0.8001289
0.90130746
0.76696205
0.95720917
0.79690635
0.7169843
0.80993533
0.7149444
0.7251793
0.8083825
0.77480245
0.9498981
0.9107057
0.7157885
0.52529484
0.83703333
0.9034134
0.74234045
0.5898987
0.69419646
0.8671275
0.7360166
0.7502832
0.4980536
0.9432944
0.80417097
0.84281284
0.8673118
0.8241829
0.8738811
0.9084499
0.9008593
0.84233344
0.97495997
0.9271588
0.82221
0.9176671
0.64590734
0.7454253
0.7011737
0.64983714
0.72384226
0.8484306
0.82569396
0.65239507
0.9044401
0.7318522
0.85644484
0.75005376
0.9410285
0.87511116
0.9319636
0.8079697
0.84685016
0.7661067
0.8292469
0.8821026
0.89120233
0.95821226
0.8721225
0.8189312
0.78616697
0.8619206
0.96426505
0.6993137
0.6845411
0.83305943
0.9506425
0.65670013
0.8128182
0.78114617
0.7432314
0.9523791
0.57098913
0.8964034
0.866469
0.65272355
0.8310321
0.88432205
0.87328756
0.8388298
0.7583004
0.89356565
0.5093464
0.8118074
0.8670082
0.6652899
0.8741554
0.83756566
0.69929385
0.7215815
0.66843826
0.8636628
0.8873774
0.8979697
0.94429076
0.86563945
0.7465981
0.7879565
0.88310266
0.8307132
0.8962855
0.83408153
0.89414996
0.66676134
0.77362883
0.83912903
0.8575547
0.8388702
0.7370972
0.8623562
0.89854145
0.8661147
0.8756972
0.7215828
0.643989
0.66999763
0.7680206
0.8960707
0.8708034
0.78150415
0.7739314
0.9648135
0.9232263
0.8144642
0.4112425
0.7762652
0.9218106
0.6204497
0.9411578
0.63208634
0.82865334
0.8291109
0.802959
0.7294865
0.6303669
0.876787
0.5242111
0.810246
0.8762872
0.84980273
0.5878384
0.87397945
0.7488917
0.749791
0.90283597
0.582695
0.88764834
0.9458927
0.9390438
0.7372314
0.9377463
0.8168017
0.6384086
0.71068144
0.81978357
0.8712313
0.89127666
0.89760727
0.9097309
0.9029462
0.63743424
0.73775375
0.931602
0.87831575
0.40109977
0.8331555
0.5973856
0.81162536
0.8502183
0.8144842
0.93142855
0.7160272
0.72302735
0.8762816
0.8011709
0.9615935
0.8733898
0.69139934
0.8280077
0.82258093
0.7870984
0.82422376
0.73387706
0.6979078
0.91952586
0.5599841
0.8648356
0.9249001
0.7681175
0.78361666
0.5229622
0.7685356
0.9134418
0.6389363
0.7006822
0.86237735
0.7420738
0.8892597
0.90599453
0.89160913
0.76688635
0.88199556
0.9260632
0.79594797
0.84701777
0.857214
0.7963627
0.9339467
0.93539506
0.8271676
0.9565383
0.83672297
0.61845016
0.8685772
0.76358855
0.8490383
0.76007473
0.73042184
0.796117
0.90278554
0.729681
0.82830685
0.83005244
0.9006167
0.48728955
0.8511692
0.9020119
0.6133885
0.68947774
0.90656996
0.8199714
0.7448247
0.6661846
0.8252783
0.8850154
0.90190774
0.7481672
0.6154783
0.86997765
0.70501244
0.5598092
0.8403946
0.9046305
0.77376753
0.9349705
0.93307954
0.91313547
0.85672104
0.7361678
0.93308127
0.80817133
0.93152684
0.83034503
0.9124631
0.92359585
0.9098771
0.77669674
0.81910765
0.6742609
0.7925438
0.79675317
0.7569106
0.74049515
0.82228565
0.89600474
0.796968
0.907726
0.67134935
0.77604634
0.893974
0.6758772
0.84608245
0.9502176
0.85473
0.68493205
0.7289774
0.72602284
0.64036155
0.73797315
0.62656605
0.6645622
0.62035143
0.60405785
0.93688774
0.8511452
0.7192594
0.9215691
0.8129054
0.9576972
0.75613844
0.93644005
0.9516668
0.8285922
0.861689
0.74288553
0.6600774
0.90504867
0.8638364
0.7334367
0.8636957
0.27180398
0.72478604
0.9016351
0.9220436
0.7747047
0.7994899
0.7714922
0.80822
0.92931074
0.668949
0.6518656
0.92125696
0.8096733
0.88176006
0.87233
0.8642616
0.83442515
0.95493394
0.8567932
0.8379862
0.8474974
0.86823577
0.9134029
0.81344175
0.46463397
0.7471094
0.8534804
0.8317243
0.67188185
0.88870966
0.79714334
0.77545977
0.7630191
0.7157302
0.8855546
0.796582
0.7580507
0.8329738
0.78578055
0.86466587
0.8832489
0.9223374
0.7311393
0.81797355
0.75354266
0.79880536
0.88507444
0.854852
0.89598185
0.8729153
0.83344114
0.8803072
0.80864424
0.87960964
0.78877324
0.8246475
0.7889184
0.78672016
0.93184793
0.8894089
0.74443185
0.82057536
0.73500985
0.68825865
0.9208865
0.83004135
0.81709427
0.9004584
0.64772135
0.88002276
0.8125449
0.7710237
0.9478867
0.6157364
0.67041296
0.3788157
0.7249765
0.76543564
0.881433
0.641613
0.77882457
0.922096
0.862458
0.89139503
0.8049324
0.59361136
0.59064615
0.930843
0.8461379
0.8990979
0.9060755
0.7661467
0.71847737
0.84213114
0.87449765
0.72772217
0.9406811
0.8572828
0.92353654
0.7158054
0.8851443
0.7780361
0.8394487
0.89947534
0.88351434
0.9177326
0.7196342
0.90977114
0.89618397
0.62524825
0.7565757
0.8830804
0.8890136
0.7799501
0.76776206
0.8547517
0.9164527
0.87533087
0.8123989
0.77498955
0.85424376
0.66972196
0.9709101
0.7706647
0.6662777
0.8614059
0.6668428
0.46699494
0.70747876
0.8406568
0.7701069
0.70945096
0.9349667
0.8071784
0.5664897
0.9560169
0.77897435
0.9174722
0.560307
0.82526416
0.8908918
0.7484495
0.9359373
0.8486818
0.95652866
0.7399546
0.78359556
0.79269993
0.8532633
0.7374412
0.8645126
0.7258159
0.8415999
0.69919115
0.7700411
0.71486884
0.91771185
0.86417073
0.609021
0.66245425
0.8871397
0.7765594
0.88322324
0.937391
0.6784134
0.67008245
0.853648
0.8149575
0.7900013
0.684279
0.93443376
0.8947461
0.73847115
0.9122068
0.7484656
0.7489824
0.9505286
0.8156307
0.8421108
0.95825315
0.8208313
0.9051027
0.96164834
0.8399112
0.7780826
0.71414495
0.916591
0.8954888
0.9153613
0.7566154
0.872147
0.8509209
0.84542525
0.93339354
0.80393577
0.89055854
0.84750605
0.8127204
0.6281093
0.9500196
0.8363999
0.8408725
0.87874615
0.6822333
0.9247886
0.88289195
0.6278734
0.7712101
0.8045286
0.9012963
0.5833242
0.7983057
0.6930226
0.883044
0.2577389
0.83872366
0.8075998
0.9268457
0.9202035
0.9151235
0.7578241
0.71077716
0.88635457
0.43109986
0.9341071
0.97120404
0.917805
0.7786329
0.8300035
0.8417165
0.6998418
0.85991704
0.6244673
0.9363674
0.7011089
0.87398684
0.90496385
0.66224927
0.93405
0.7170591
0.9488774
0.90894216
0.8324777
0.9254484
0.93374246
0.73015493
0.64950114
0.83919156
0.82332814
0.94687235
0.9495231
0.5983479
0.7499209
0.6605082
0.88060516
0.738592
0.81159216
0.9256017
0.8008774
0.7619372
0.7294706
0.8574414
0.7715858
0.88312656
0.8130262
0.8347007
0.7171606
0.6420733
0.7960804
0.923909
0.92343956
0.7816388
0.6488754
0.33482432
0.8814012
0.63605297
0.9052356
0.772579
0.76965046
0.7901794
0.89599574
0.7910084
0.7788396
0.86884964
0.85812527
0.71952385
0.55997866
0.40351903
0.6614806
0.6888981
0.766829
0.9150927
0.7753044
0.86888754
0.77597266
0.6712821
0.6883627
0.8643423
0.76849854
0.76944745
0.83560586
0.9120314
0.931026
0.61012805
0.92807406
0.63281256
0.8192209
0.86958027
0.96437436
0.743533
0.8049167
0.75032634
0.7056526
0.9060062
0.5322316
0.80805326
0.71125346
0.7608969
0.79017293
0.85315794
0.77141213
0.73553115
0.8854755
0.9600078
0.9323304
0.8745227
0.8188406
0.9102339
0.88683224
0.89326817
0.6432285
0.8004103
0.6614791
0.893888
0.86033034
0.9174938
0.9170502
0.9072371
0.92523193
0.7713341
0.7923743
0.8904674
0.94210064
0.6173982
0.8378477
0.7383126
0.7068906
0.9759003
0.7171059
0.90015
0.64560854
0.8897968
0.6788616
0.76235473
0.94535816
0.9645092
0.7816573
0.88323
0.75232846
0.83988166
0.74904805
0.3927479
0.74246025
0.8078191
0.75169814
0.50542986
0.7551936
0.9664142
0.7840983
0.5894264
0.87188846
0.55984753
0.9749404
0.74421424
0.6628145
0.6145532
0.857004
0.80243635
0.7555724
0.7741557
0.58420944
0.87100065
0.8166105
0.57611793
0.85196817
0.6986309
0.73371017
0.80925715
0.9058771
0.8096343
0.5661287
0.68849623
0.8270414
0.86032206
0.9072214
0.48609763
0.96485317
0.6600464
0.9074935
0.8455852
0.92634
0.883532
0.7649806
0.8486569
0.8819055
0.9177166
0.9191768
0.7276002
0.85897356
0.8946672
0.9084875
0.89856225
0.69401115
0.8761287
0.8293477
0.899252
0.89827913
0.8455055
0.9603813
0.86018795
0.86821187
0.85001194
0.8300818
0.8802698
0.67067397
0.9289284
0.8785658
0.76157016
0.9594028
0.8020997
0.7966
0.78985196
0.8189321
0.79198146
0.9275913
0.8206397
0.84244174
0.8344241
0.8113961
0.91956705
0.87958175
0.7970543
0.8153193
0.6347058
0.87360024
0.66903496
0.9547728
0.87108934
0.7377183
0.82739156
0.85013115
0.98269254
0.96579677
0.73837256
0.6161828
0.9111833
0.71323085
0.8058832
0.894539
0.8924126
0.9365034
0.84974265
0.6937475
0.84514606
0.8717528
0.68118995
0.9178083
0.8936337
0.8882763
0.51390177
0.7415281
0.86634153
0.82307637
0.88123006
0.6238395
0.75179464
0.7113906
0.8863783
0.7228041
0.9143526
0.76413804
0.7957854
0.85661405
0.8923609
0.8810177
0.68701434
0.9219995
0.6900045
0.73331195
0.8143385
0.9622514
0.93936545
0.87392163
0.92726254
0.86606085
0.7304145
0.8566489
0.7122983
0.8308721
0.6717674
0.91337514
0.731724
0.9110838
0.92351556
0.71748406
0.9240821
0.8386754
0.8944992
0.86253315
0.74131614
0.9131122
0.9189792
0.61953527
0.7345212
0.86217093
0.82734734
0.8706759
0.97118783
0.9704834
0.6744468
0.9425465
0.89034325
0.8015311
0.83565754
0.759464
0.5585514
0.8262796
0.8755274
0.6373471
0.7658684
0.8450388
0.76589876
0.8906044
0.84127074
0.9023264
0.72506034
0.8221964
0.4608037
0.81547797
0.92433035
0.4525364
0.8585533
0.73688585
0.61275804
0.7404498
0.94280845
0.73477167
0.88895214
0.7979596
0.79471195
0.83807
0.7573867
0.9372663
0.8806153
0.4229755
0.83701885
0.65387326
0.790947
0.9388981
0.6685499
0.9343978
0.9305285
0.89646477
0.4649561
0.8767464
0.8778321
0.8819446
0.87213016
0.90625966
0.8940085
0.7714964
0.79206026
0.7730912
0.8527219
0.7988452
0.88714004
0.75458527
0.7815221
0.80815953
0.8293229
0.93999404
0.83713615
0.897939
0.69361603
0.92368245
0.9398094
0.8993559
0.8187378
0.9344055
0.8906713
0.8989239
0.86164397
0.9553611
0.8042673
0.96941185
0.86970913
0.97005767
0.94024044
0.69410723
0.89531285
0.8026451
0.9072702
0.7791735
0.7890033
0.5587173
0.5576196
0.92225397
0.82209444
0.6693499
0.7601401
0.89927965
0.94209784
0.6611814
0.68986857
0.38620615
0.46521673
0.90090424
0.88772357
0.77873003
0.9075574
0.8154763
0.87866247
0.729598
0.8426255
0.68951625
0.84332615
0.8440683
0.8616946
0.8964371
0.7964505
0.8501329
0.7725107
0.8142217
0.70657593
0.44295534
0.78511673
0.6301999
0.726455
0.59153545
0.8585347
0.8651619
0.67855585
0.7203187
0.47815618
0.7581097
0.8016734
0.7992009
0.5052055
0.90810394
0.84456867
0.8195199
0.81408155
0.9158453
0.5975359
0.5186885
0.7439957
0.87305
0.8583995
0.9148215
0.65492845
0.9160937
0.7258199
0.8740552
0.8246965
0.67352605
0.84248745
0.7032903
0.97230375
0.6578807
0.80311966
0.8671258
0.717569
0.8248056
0.8630033
0.8647169
0.7686182
0.6605437
0.74303883
0.5967807
0.8628215
0.8306464
0.84572506
0.92755276
0.8955284
0.9632
0.9091177
0.9428289
0.783053
0.9027748
0.95487475
0.88357794
0.868664
0.8845393
0.73606026
0.6371115
0.5943221
0.7907342
0.92688435
0.9034193
0.8097056
0.8738957
0.77322
0.90078294
0.8009103
0.9208766
0.8450326
0.9253652
0.73300916
0.80635995
0.7415915
0.9056669
0.941682
0.5957082
0.8909061
0.93768907
0.7864976
0.5486444
0.9314631
0.75349456
0.8406144
0.9014082
0.88528687
0.66145307
0.7707817
0.84812903
0.92705876
0.7716838
0.75256354
0.7894726
0.75976056
0.8935354
0.8556257
0.71815205
0.81585884
0.8701863
0.79671675
0.5261146
0.7414532
0.8926968
0.78746057
0.9123083
0.7887688
0.9082115
0.8987156
0.6488548
0.84714633
0.6726191
0.85752755
0.9216353
0.8965016
0.92107403
0.9219619
0.7938395
0.85698825
0.70947874
0.68783253
0.8572209
0.8195242
0.5706365
0.79116225
0.85095745
0.7223443
0.9453294
0.89757186
0.83560324
0.7774483
0.8608079
0.89413595
0.8946729
0.8714222
0.9560904
0.7156718
0.7635221
0.7638363
0.8183116
0.89007264
0.81955886
0.76697767
0.73531413
0.53351086
0.92251337
0.9282357
0.6929224
0.9035421
0.7891672
0.56567556
0.9106623
0.7729904
0.7459132
0.8490871
0.5031662
0.95606923
0.7667064
0.79756695
0.8698556
0.7951013
0.9144132
0.76207924
0.8078772
0.7752823
0.6578847
0.5555334
0.91323346
0.77198607
0.8317943
0.74800277
0.7321426
0.79893845
0.79981196
0.82282305
0.8102052
0.6945195
0.6881128
0.7455732
0.8343854
0.8231653
0.88772535
0.8085264
0.86039054
0.91345906
0.7996051
0.5999595
0.9312484
0.92566407
0.776373
0.87000763
0.6255892
0.7339368
0.82653236
0.9052699
0.8695742
0.89488614
0.6279714
0.84238374
0.728742
0.53959566
0.7069119
0.86308205
0.71733624
0.6814623
0.85388345
0.83002126
0.8827321
0.58005863
0.70038974
0.94933665
0.71816623
0.8955449
0.8219692
0.8832159
0.9025768
0.8996805
0.8071265
0.6220615
0.916794
0.6801636
0.87259305
0.7828084
0.67233664
0.79306144
0.86457443
0.732644
0.9252206
0.88670325
0.561121
0.85116184
0.9240375
0.77786845
0.9541677
0.81606126
0.73498464
0.27513242
0.829921
0.7032327
0.6218152
0.6328664
0.8119286
0.7358106
0.7504488
0.8255466
0.71841955
0.94764125
0.5952114
0.84265906
0.84766173
0.89195824
0.6785102
0.7433264
0.7759594
0.87657595
0.90782356
0.8218941
0.80651826
0.92998004
0.7589752
0.8931574
0.782619
0.9253564
0.79599243
0.7630887
0.94511354
0.76435137
0.78259325
0.88722026
0.6527868
0.86373675
0.62555045
0.9627924
0.92468166
0.7609484
0.9124256
0.95855695
0.76010805
0.80324256
0.8261922
0.92188805
0.55582476
0.82331437
0.9449489
0.87910086
0.8270892
0.6781498
0.9212446
0.85229963
0.7380823
0.8669245
0.9303235
0.889221
0.7516155
0.9302973
0.5976453
0.91761804
0.88665164
0.7192712
0.90153956
0.9072362
0.8522294
0.83409345
0.9118266
0.8860466
0.86301214
0.60409623
0.84711003
0.517417
0.7302838
0.9438367
0.6752265
0.81259936
0.8352914
0.92245865
0.88128364
0.8723313
0.85503477
0.9448649
0.8493276
0.74931705
0.64224374
0.97159046
0.91208124
0.7901597
0.4216829
0.74564385
0.8619184
0.8338853
0.88592386
0.6671089
0.70080423
0.8320836
0.9560177
0.95375335
0.4416278
0.8863589
0.5890999
0.8855762
0.9600229
0.86586845
0.8491494
0.7992446
0.8742296
0.63986284
0.84949815
0.8331487
0.6365187
0.58969736
0.6608201
0.84317446
0.5787602
0.62339973
0.93078506
0.9321122
0.7934931
0.6373936
0.9498243
0.70930505
0.80534554
0.9579307
0.7913107
0.8769982
0.8151064
0.8101177
0.9254116
0.50223273
0.8826317
0.90555835
0.8591421
0.8217614
0.8718764
0.7722244
0.5891645
0.78377825
0.75498456
0.76207036
0.84618133
0.6168672
0.81367016
0.94291174
0.79332846
0.88372386
0.8302801
0.8138928
0.8029846
0.6929799
0.7531538
0.8671651
0.7480576
0.79200304
0.67473304
0.790916
0.96381414
0.6083309
0.50584996
0.79283786
0.88590336
0.7965626
0.88420725
0.3619745
0.88688415
0.7215696
0.80890197
0.86884946
0.92254865
0.8151401
0.9463291
0.8454043
0.7824679
0.7217057
0.95874155
0.7972846
0.68961155
0.7867356
0.7082926
0.9043015
0.96059334
0.8993728
0.8009459
0.91166514
0.8922058
0.65033364
0.76287043
0.7690977
0.9653442
0.8738861
0.6876418
0.8096704
0.68071616
0.9226505
0.8938794
0.9394055
0.7513631
0.83578104
0.9239728
0.85894835
0.7122294
0.9170404
0.9263219
0.9183675
0.8315569
0.7976726
0.8924645
0.9221113
0.9052553
0.93467796
0.93253744
0.83276206
0.87222123
0.92216206
0.8001737
0.8370469
0.8655565
0.8392222
0.782761
0.8632533
0.6964099
0.8883786
0.8101999
0.8678873
0.8351786
0.91281956
0.8602172
0.97049326
0.83903295
0.6247475
0.84911025
0.7287518
0.7816414
0.8933198
0.860642
0.82708335
0.8276914
0.82438946
0.93865913
0.57508767
0.81774455
0.77081984
0.740569
0.89921194
0.6281776
0.9002222
0.79112405
0.7218602
0.8610697
0.83080184
0.5998466
0.886408
0.71942925
0.83850694
0.9271674
0.703599
0.76809764
0.87021875
0.8395563
0.9155171
0.81623286
0.9170166
0.924976
0.74448776
0.8140735
0.5985882
0.8783391
0.6634186
0.71943825
0.8298584
0.7887895
0.7303432
0.80045104
0.91578203
0.8098992
0.7660017
0.6196863
0.74428284
0.83444333
0.8036013
0.8839281
0.85782397
0.6953889
0.8750012
0.5957675
0.92818666
0.87446976
0.70569086
0.93781936
0.5933744
0.55177605
0.7435597
0.74417216
0.7673981
0.8552688
0.7962584
0.94366515
0.86587656
0.69891715
0.64136505
0.8257999
0.75083756
0.6239294
0.9129834
0.89062524
0.75863504
0.9632795
0.86010295
0.8462331
0.9347701
0.7667245
0.8400812
0.6580197
0.90075445
0.6240287
0.90737295
0.8418094
0.9363611
0.8712371
0.9160426
0.9174533
0.76960486
0.9276174
0.8164058
0.90038717
0.8172744
0.68933755
0.5476358
0.85721505
0.9220835
0.88174576
0.6634745
0.80352306
0.77315354
0.6216106
0.75920653
0.7967516
0.4866809
0.7527449
0.61715466
0.89166063
0.84623784
0.7416899
0.94983774
0.9158335
0.90566087
0.94508386
0.7469003
0.7809202
0.773363
0.9345978
0.8029611
0.95993733
0.91710055
0.7236486
0.8387576
0.88167095
0.7541053
0.8645791
0.6612363
0.8441348
0.7531434
0.761801
0.90791875
0.8263676
0.8409566
0.40882277
0.9671189
0.69597375
0.7115211
0.8690809
0.8279489
0.86122113
0.9006664
0.8753468
0.8149371
0.7276098
0.70391756
0.8144462
0.9133854
0.26339158
0.75356454
0.9073108
0.7345297
0.90104467
0.8744722
0.8469582
0.849676
0.75712234
0.45458344
0.7168572
0.71874064
0.97971606
0.7368553
0.8208863
0.532027
0.7083247
0.8519267
0.83210504
0.89154553
0.7822665
0.6995201
0.6173024
0.70484495
0.8484839
0.8883221
0.89565873
0.5241435
0.65633947
0.76531005
0.92516303
0.9586696
0.85587406
0.9092747
0.6441815
0.7786821
0.6608709
0.8404818
0.74064726
0.7635141
0.8923858
0.9104886
0.491011
0.77246845
0.9212682
0.70972127
0.8132379
0.69223726
0.7745978
0.9028177
0.9368775
0.6987329
0.8611713
0.851826
0.63819176
0.95081025
0.79681766
0.9242288
0.8847251
0.86365014
0.95704055
0.84079474
0.9329487
0.76649606
0.7461822
0.8364433
0.95970786
0.8874017
0.90018046
0.39230594
0.8710991
0.6257843
0.8227951
0.7863731
0.8451754
0.84107935
0.8409792
0.88629097
0.9086201
0.61567086
0.7411508
0.6729067
0.72400284
0.65460277
0.5035665
0.8919699
0.80506086
0.8614867
0.47993958
0.8124229
0.97469455
0.7561187
0.6049341
0.729218
0.7316874
0.89968866
0.78663814
0.8205738
0.85998017
0.8525779
0.9764806
0.9439547
0.6430503
0.72712314
0.91489935
0.7752007
0.9121927
0.77252996
0.3457641
0.75414366
0.7550685
0.91937757
0.85518885
0.71068376
0.7839861
0.8290584
0.5073153
0.898607
0.81691444
0.8343265
0.73480594
0.8279635
0.608527
0.8674913
0.64311075
0.87048954
0.7668301
0.9428611
0.7547346
0.7854289
0.89072603
0.8161493
0.8919499
0.6691171
0.85986465
0.7571924
0.6322219
0.8057634
0.95080155
0.8299418
0.85499936
0.8154621
0.84489304
0.7488259
0.86798996
0.6948746
0.9055147
0.89565927
0.69517076
0.8021831
0.9154941
0.7280984
0.836804
0.86684716
0.73163223
0.90491426
0.9076915
0.8293741
0.902019
0.7522718
0.9396212
0.74078864
0.83180726
0.6046493
0.9274368
0.64241534
0.9191007
0.6244974
0.77595395
0.9557689
0.82300055
0.7757783
0.62856567
0.63387895
0.76453054
0.8421183
0.70475537
0.93419486
0.8257168
0.62048805
0.8720839
0.7335112
0.8723066
0.40804243
0.87509286
0.8164966
0.74099016
0.8073051
0.50005436
0.8906821
0.77011
0.9547899
0.7323575
0.92615426
0.79159606
0.9188081
0.49903452
0.8192359
0.84466004
0.8274939
0.8052754
0.82633185
0.70710766
0.7846277
0.7449445
0.7700325
0.8218181
0.9311878
0.90046626
0.7556779
0.734393
0.49401814
0.8780204
0.8938312
0.8563149
0.8449173
0.7609147
0.77535325
0.6714771
0.8013922
0.4763343
0.8724999
0.9677905
0.7731685
0.67745113
0.82218105
0.74311745
0.7637104
0.85096765
0.93102044
0.8863218
0.6552435
0.68471307
0.7370086
0.81857765
0.678315
0.8922199
0.9293113
0.93505687
0.7786758
0.94055134
0.90481216
0.92938864
0.9139283
0.7080445
0.833923
0.9426338
0.771983
0.7107316
0.7404908
0.7460692
0.8490797
0.79145527
0.5854927
0.78485936
0.87680423
0.90119666
0.8760884
0.8002969
0.9145106
0.854853
0.79956347
0.8800365
0.9111893
0.8374841
0.8511228
0.84257215
0.92564595
0.6561886
0.80012953
0.60079575
0.7610255
0.8165762
0.850911
0.88160586
0.7022472
0.7370753
0.5009622
0.86092335
0.8408962
0.66554725
0.7140518
0.8918811
0.75076044
0.9521047
0.8194227
0.87682587
0.76157653
0.8428118
0.68964267
0.8031932
0.85005754
0.93410385
0.7720506
0.9175815
0.8392061
0.9253529
0.8600423
0.8509422
0.8816742
0.812601
0.8746844
0.7218721
0.7079259
0.8861528
0.7821091
0.6814733
0.4960112
0.79688156
0.7030694
0.90144277
0.8620156
0.64745265
0.71608603
0.8872885
0.90889394
0.8264708
0.7946543
0.84054816
0.86292636
0.9509358
0.82545763
0.6819347
0.80797744
0.84314144
0.97009873
0.7573327
0.6523439
0.8977796
0.7209068
0.8078536
0.8083946
0.64340174
0.6297867
0.82776195
0.946178
0.6404507
0.7993594
0.77664965
0.87740105
0.45070034
0.6636276
0.60403615
0.8045415
0.9791297
0.821046
0.8853644
0.95734346
0.9430682
0.7904522
0.7513921
0.8545654
0.9242923
0.87872094
0.7878736
0.9406444
0.8635648
0.78255504
0.65576804
0.795459
0.624915
0.96125054
0.84489435
0.82540625
0.68513405
0.59719336
0.8226576
0.92642194
0.76446474
0.68455213
0.90663713
0.8265275
0.81365925
0.7214762
0.8129373
0.67301005
0.864395
0.7717744
0.6051479
0.8540726
0.84072626
0.8356747
0.70548594
0.86643386
0.9015732
0.877327
0.6887331
0.9082836
0.68176925
0.8244298
0.940275
0.89255476
0.79358447
0.76192373
0.68878406
0.92418575
0.65557384
0.92085123
0.7897833
0.66423005
0.89771664
0.69281614
0.9067052
0.8334012
0.7352917
0.8150951
0.8963592
0.86364275
0.71222395
0.7385172
0.8876187
0.7549919
0.7948008
0.82748294
0.5392572
0.89769286
0.7287728
0.91042894
0.88010633
0.7217583
0.8353783
0.8588995
0.799687
0.7988226
0.8686218
0.6534616
0.89757514
0.9254866
0.75433433
0.6371788
0.95856154
0.8656559
0.8067951
0.9360126
0.8131889
0.8342731
0.8682312
0.7664109
0.83602786
0.75325197
0.8009046
0.7908619
0.66399056
0.84941775
0.95962775
0.81585383
0.8432065
0.8766212
0.6377106
0.7361909
0.67764086
0.9204958
0.7341518
0.8893075
0.7985588
0.7844336
0.8103017
0.834388
0.9733697
0.8060922
0.7905622
0.84393716
0.7552068
0.8387358
0.7573422
0.71738046
0.8209341
0.65277326
0.73483694
0.71473706
0.8366983
0.9274914
0.8504937
0.65885603
0.86906755
0.6521249
0.81878644
0.9528178
0.79577446
0.94439983
0.36084864
0.86632985
0.8069185
0.9399394
0.78795016
0.91264784
0.82998013
0.78419065
0.9044255
0.8936715
0.91241443
0.82543474
0.7442591
0.7827418
0.5757502
0.8944932
0.77053726
0.8637608
0.69408
0.8877843
0.9571056
0.84616256
0.9151851
0.84832686
0.9178113
0.81138486
0.91727734
0.6278339
0.93367267
0.73437434
0.843953
0.6037412
0.8469842
0.90950024
0.77284265
0.7389346
0.96690667
0.651183
0.89686257
0.7276479
0.7793275
0.8612812
0.37903988
0.87819284
0.67336965
0.6891953
0.8769464
0.785051
0.8090846
0.7353412
0.78665435
0.9090451
0.8711114
0.827645
0.94918436
0.704619
0.84251374
0.78047997
0.6831685
0.8487532
0.79241484
0.93907225
0.89031285
0.7259407
0.90095174
0.87228787
0.8840604
0.92918766
0.9171877
0.9595842
0.74016
0.8282713
0.9353475
0.8789855
0.8567758
0.7325494
0.77977383
0.71166486
0.7464068
0.6599659
0.70538145
0.73389053
0.73711836
0.83710694
0.8406862
0.55779576
0.9141395
0.89639175
0.800248
0.76011115
0.821506
0.9391352
0.8155574
0.83888376
0.9308322
0.92459273
0.9269251
0.88515186
0.6966283
0.9116238
0.6697451
0.8523382
0.6161797
0.56846684
0.8485552
0.8609166
0.665736
0.62415856
0.833546
0.90735024
0.7927787
0.68609124
0.7493983
0.70041263
0.9573813
0.9335598
0.90892935
0.71928614
0.60153526
0.9668561
0.8716338
0.9142275
0.9187973
0.7747898
0.80367255
0.67652714
0.5442136
0.76485324
0.81074834
0.8640445
0.6540452
0.63410515
0.80463123
0.833637
0.82296216
0.9352449
0.8990245
0.6914862
0.9644989
0.94911885
0.9539017
0.8422563
0.8654652
0.77517694
0.50057733
0.72290087
0.89470536
0.926858
0.77648455
0.74054253
0.58478576
0.8698226
0.6984967
0.6894695
0.8314784
0.78801614
0.86684304
0.51621443
0.86782736
0.89620745
0.47975615
0.9308405
0.73139054
0.9316503
0.91427463
0.8534056
0.8973921
0.85617936
0.8419353
0.87509066
0.92047316
0.6547484
0.86541057
0.89728236
0.7737373
0.93419015
0.7860366
0.8098473
0.81852597
0.988142
0.8321499
0.8341255
0.82476133
0.7983775
0.926273
0.868196
0.91989005
0.80423474
0.85328627
0.8942441
0.8371036
0.8590963
0.69819313
0.9363769
0.8065274
0.91024196
0.90292156
0.76767826
0.5908071
0.706232
0.76852703
0.83677137
0.70870656
0.6905075
0.8931687
0.46808895
0.93368804
0.8992544
0.703172
0.9450415
0.84938127
0.75060296
0.7917496
0.9053874
0.123403974
0.6761061
0.69891185
0.91417634
0.9821846
0.6573681
0.79301775
0.9614151
0.9410411
0.7105324
0.8225206
0.8635359
0.84408593
0.91960603
0.93331873
0.7010742
0.68666744
0.9022143
0.6893354
0.8555671
0.92116416
0.8529602
0.67450166
0.6965678
0.79612267
0.80850464
0.87362105
0.7499655
0.73181874
0.7602165
0.7028995
0.933308
0.9178935
0.6024847
0.65619856
0.73685634
0.9043871
0.9142121
0.92842865
0.8596437
0.8887871
0.89152545
0.8968416
0.7620504
0.91276836
0.8247363
0.9124498
0.8854319
0.86498183
0.8074764
0.90747416
0.9308712
0.8261269
0.83151215
0.8750473
0.8438353
0.959551
0.63794816
0.7852737
0.7899021
0.8270148
0.8014837
0.78310174
0.9329394
0.6693138
0.8835985
0.8232663
0.88484585
0.66118586
0.8858098
0.80058587
0.88858783
0.9397521
0.9476753
0.95211184
0.7118178
0.71364594
0.94931674
0.92996645
0.92926025
0.8644158
0.8362376
0.8235558
0.9406966
0.7760999
0.8842327
0.6736815
0.81231254
0.85925925
0.7795786
0.901767
0.8463002
0.6829184
0.6971308
0.8877954
0.779345
0.8155873
0.87112623
0.86599445
0.90756464
0.64667743
0.62642324
0.5914779
0.67030436
0.6645679
0.8421554
0.7984513
0.9253051
0.94118154
0.75204986
0.93931293
0.79157764
0.79677296
0.5177523
0.9223918
0.83663005
0.72612906
0.7990615
0.92812455
0.8099555
0.8896661
0.8093362
0.9331365
0.7903684
0.6974513
0.8765707
0.78645825
0.71818113
0.46450013
0.8697591
0.6036372
0.7823918
0.56034434
0.8987368
0.8864287
0.74186426
0.8996508
0.95305467
0.8875482
0.9259733
0.9523226
0.63552463
0.9304709
0.5855243
0.79923385
0.90702957
0.856385
0.7894929
0.7582049
0.84242713
0.84745824
0.8580818
0.94947046
0.9259916
0.7627499
0.84893334
0.76919115
0.7994241
0.92445236
0.6664709
0.90295964
0.889885
0.83586115
0.9140065
0.8834655
0.24857295
0.91199243
0.80865586
0.87807477
0.87878275
0.80483514
0.78517
0.20825438
0.7220049
0.9190634
0.97128516
0.8145621
0.78844076
0.7468183
0.7629027
0.7997906
0.9614198
0.8208231
0.84534633
0.8720967
0.88246435
0.77751684
0.4781057
0.71056956
0.7455925
0.7146457
0.6719083
0.77380085
0.9195611
0.8465972
0.87312406
0.85576034
0.753572
0.8402199
0.3116192
0.8377359
0.82610595
0.9001794
0.8914425
0.8724511
0.93248284
0.8584899
0.8797771
0.8449092
0.8253952
0.69549143
0.9174167
0.8188791
0.8863301
0.94736224
0.70856214
0.6627425
0.7497325
0.9168953
0.48250908
0.6734186
0.78641087
0.89220834
0.8031071
0.9287739
0.75472045
0.5759225
0.87745523
0.76856726
0.96501213
0.7663112
0.92568624
0.7848541
0.88633764
0.9109608
0.83368176
0.90696466
0.8253159
0.9325758
0.7586392
0.75678545
0.8545934
0.8283429
0.4563272
0.9408956
0.7498888
0.94324076
0.93416
0.91679394
0.92257845
0.851145
0.8391074
0.798157
0.6948854
0.8972403
0.67127305
0.8696166
0.7392876
0.8095528
0.7634076
0.9189994
0.842025
0.9632027
0.84873533
0.873119
0.83109015
0.8968953
0.9215944
0.6244707
0.68167937
0.7688465
0.87355953
0.80588794
0.6549443
0.8145339
0.88376576
0.7980955
0.8537591
0.90905464
0.4207886
0.9230634
0.7798364
0.6084067
0.84606445
0.7330457
0.6622422
0.74522746
0.90172464
0.8164373
0.83572596
0.6830977
0.90838665
0.7680135
0.90736914
0.7717014
0.9041661
0.7161704
0.80995804
0.8873594
0.82662886
0.88916636
0.77181005
0.65710384
0.796509
0.84630924
0.35750088
0.7664638
0.8350094
0.50552
0.8556681
0.90887916
0.91645
0.8911567
0.8143468
0.7871537
0.77265024
0.9635828
0.8172965
0.7236173
0.80315256
0.889242
0.7960295
0.8770233
0.916882
0.78841543
0.87295467
0.88978016
0.83948964
0.72957695
0.7815112
0.7136153
0.7924076
0.7496014
0.76030797
0.790683
0.8022998
0.7926626
0.95724213
0.83977014
0.9024292
0.82491386
0.76758456
0.93432313
0.82806796
0.8164101
0.80809915
0.77839965
0.91727376
0.94890565
0.58856064
0.59710014
0.9132328
0.795277
0.9160418
0.7129938
0.86080784
0.59272885
0.8538977
0.9261279
0.6790057
0.7970373
0.84966207
0.7623955
0.9456923
0.9321041
0.74172664
0.6374546
0.816726
0.55506
0.90582496
0.843645
0.7018646
0.87002194
0.5901308
0.67564774
0.8937466
0.697645
0.59242904
0.7765383
0.83702385
0.8380073
0.91658777
0.55039823
0.69326055
0.67451644
0.7319335
0.4688663
0.9153036
0.95159537
0.701019
0.9456954
0.8125174
0.9048932
0.8517822
0.67636424
0.78674024
0.7508293
0.829517
0.92784894
0.92332906
0.75355476
0.8308884
0.9335666
0.89503324
0.7517087
0.8592843
0.79558194
0.86168265
0.86792266
0.68024325
0.7157562
0.94314426
0.79155123
0.79313827
0.89643747
0.81436527
0.87497675
0.73282075
0.6537864
0.93748796
0.70739007
0.90937185
0.9296586
0.7087416
0.84905076
0.8067895
0.59983516
0.6768456
0.8975619
0.9333892
0.9183734
0.585654
0.8747587
0.9273765
0.8828415
0.8437392
0.6169519
0.5013718
0.6485048
0.5541611
0.84066224
0.8457939
0.9078173
0.77619714
0.5323616
0.7803511
0.63742423
0.8814582
0.8782462
0.81809366
0.8472803
0.7938775
0.8041693
0.839369
0.82525074
0.81042
0.7638975
0.7923185
0.8604843
0.8731541
0.907207
0.73575556
0.9458942
0.6068349
0.78956497
0.8458775
0.27004674
0.92513967
0.8513113
0.82005423
0.8267075
0.6386415
0.82522696
0.7711693
0.8892476
0.92932457
0.81285787
0.7874695
0.9143642
0.8893613
0.85615706
0.7819876
0.7105615
0.85264564
0.8121015
0.6281675
0.87420195
0.83973104
0.8590625
0.84704834
0.501757
0.8087708
0.893224
0.66787803
0.89348775
0.7197628
0.91991925
0.81404996
0.955265
0.8187481
0.7926536
0.76255184
0.95560247
0.9070389
0.85629535
0.8379561
0.8122296
0.6609
0.93522596
0.90311927
0.77591854
0.8578675
0.9173394
0.80582744
0.7324131
0.89908904
0.71908617
0.7840164
0.9065143
0.76228136
0.87388015
0.743572
0.7940108
0.32714182
0.8317078
0.53933257
0.6973985
0.8782629
0.8992984
0.9094072
0.77869004
0.66971636
0.9104846
0.8525838
0.46134508
0.85558367
0.8742534
0.6997868
0.6154932
0.7926979
0.6190469
0.85218585
0.74367744
0.8530589
0.88154066
0.87218344
0.5608851
0.9090633
0.76782745
0.87754536
0.9218132
0.85987794
0.9078
0.83270586
0.7428393
0.7989855
0.8466673
0.8628266
0.8990393
0.7255593
0.91805327
0.73870623
0.8050933
0.89244956
0.88034344
0.9164046
0.4352808
0.8946974
0.77471775
0.91901183
0.85948557
0.771356
0.32279032
0.89083195
0.86910546
0.74695617
0.77389747
0.9427241
0.9602121
0.88387
0.8297333
0.90772533
0.65120506
0.69496274
0.7880256
0.93351454
0.78364897
0.8768885
0.8736892
0.90202916
0.66834694
0.97787654
0.68908477
0.6967894
0.98131615
0.9395467
0.91726136
0.8416283
0.7649776
0.6573224
0.94906247
0.9469022
0.85805726
0.8728019
0.858945
0.621151
0.4574132
0.8199776
0.9342033
0.85332346
0.64719534
0.8505549
0.90605927
0.8401195
0.37008622
0.8123089
0.8148073
0.8645621
0.8750434
0.8777322
0.90810585
0.9197178
0.8114613
0.77368593
0.7539169
0.8828479
0.59364563
0.71688193
0.49651968
0.7925468
0.93606025
0.9123306
0.9213058
0.851598
0.8742595
0.96460694
0.88572454
0.8915448
0.86064774
0.7002823
0.93666553
0.9093321
0.7695417
0.71920913
0.9120327
0.63542545
0.7898506
0.5288907
0.87696284
0.8732754
0.92362034
0.82676435
0.82068604
0.82130694
0.7613824
0.8192035
0.8849629
0.807946
0.94891113
0.77450657
0.9468868
0.9002932
0.6040738
0.94774604
0.5381514
0.8453896
0.72225755
0.53316617
0.58116984
0.6856754
0.8753884
0.7199614
0.8642613
0.7506951
0.6374123
0.8413949
0.4102261
0.8782569
0.87480843
0.89493495
0.8116366
0.72243917
0.8914371
0.7101715
0.68808204
0.7672333
0.73594975
0.9515519
0.71436906
0.75724053
0.8265368
0.74756193
0.8142111
0.52598685
0.9024279
0.7190679
0.736012
0.8400231
0.8825592
0.9087281
0.7925584
0.739593
0.73091054
0.9723023
0.7601708
0.90602756
0.7617234
0.8808607
0.9099854
0.89782655
0.77037597
0.7785939
0.73640746
0.7992564
0.7692153
0.77499497
0.7245416
0.8715665
0.9374274
0.900571
0.58995724
0.7724046
0.78787005
0.7928469
0.8814929
0.88649356
0.8907572
0.6560395
0.82694507
0.8140239
0.91422296
0.88378626
0.89768153
0.82494557
0.5972274
0.5552633
0.92144275
0.5323842
0.68748814
0.8661327
0.75651056
0.6805876
0.88575006
0.6242182
0.8802411
0.88022995
0.80051273
0.8746163
0.72370726
0.90935224
0.57672256
0.93972987
0.89212686
0.71832126
0.94158024
0.4962049
0.631129
0.6628027
0.6335544
0.9461185
0.9225355
0.7959466
0.75710326
0.86217767
0.8130603
0.54821765
0.49930495
0.83924365
0.8419976
0.7715777
0.80061203
0.7001761
0.9329192
0.8810719
0.93152285
0.86353964
0.8314437
0.7321751
0.97836363
0.8210016
0.8565199
0.88531303
0.8641027
0.86128825
0.80801266
0.7073462
0.81578064
0.7891316
0.90624195
0.8160276
0.8834586
0.75774264
0.83244675
0.86306465
0.9232676
0.795368
0.94272625
0.8299607
0.93258655
0.8847813
0.91147727
0.8478998
0.8444756
0.87508214
0.52576655
0.8089139
0.67424035
0.7495114
0.6884231
0.6627468
0.9027046
0.9645289
0.85112774
0.8242473
0.8861073
0.6561763
0.8372462
0.9671782
0.95436305
0.7860433
0.54383624
0.9075419
0.66613203
0.8382671
0.8275281
0.85458636
0.9102369
0.45697498
0.8290485
0.8847319
0.9670598
0.9076681
0.96388644
0.9473536
0.7390429
0.77606297
0.6939286
0.77534133
0.89413756
0.867005
0.7169175
0.6239606
0.8310764
0.86877894
0.72480965
0.8940519
0.9366237
0.95719683
0.78374064
0.8009833
0.3582237
0.834015
0.78771335
0.7281892
0.69921374
0.8919985
0.7377828
0.8131972
0.62913513
0.87024605
0.6795496
0.74400353
0.75584203
0.9376024
0.8167844
0.9086868
0.7849076
0.82109773
0.777146
0.83687454
0.87911105
0.8645079
0.6713429
0.9179073
0.9106755
0.80324525
0.8431059
0.7106528
0.7853106
0.67618906
0.92452794
0.808202
0.98003155
0.8953861
0.784533
0.7904974
0.6824375
0.88048875
0.81577945
0.7056142
0.8113178
0.8552819
0.8501394
0.63632834
0.9097477
0.8640736
0.93361306
0.92790854
0.9055733
0.71360296
0.8131113
0.84077626
0.94388497
0.71148837
0.82031435
0.8470299
0.724899
0.8640228
0.9116064
0.87885225
0.7664119
0.6768025
0.7793492
0.87687737
0.6055974
0.8277395
0.85312897
0.67898
0.80527467
0.92101157
0.95804936
0.8662001
0.85375804
0.9576788
0.8262385
0.6493279
0.8150134
0.9550581
0.71259195
0.72059995
0.8273242
0.9078995
0.87503016
0.8035694
0.82395446
0.9718403
0.7879533
0.73711836
0.8664083
0.69283724
0.87223804
0.8695476
0.7068791
0.6391333
0.796702
0.7423878
0.82270586
0.8953118
0.85144544
0.90035015
0.6697656
0.9428009
0.9064161
0.9050668
0.9385755
0.82124174
0.8564787
0.74359965
0.87680984
0.9187428
0.8503649
0.8306385
0.9562217
0.778047
0.82830936
0.8970745
0.7592204
0.9191427
0.92660034
0.8752615
0.8057717
0.85138655
0.8389138
0.9084873
0.6847176
0.86962223
0.9445051
0.8301959
0.7576872
0.76135576
0.8697106
0.89768827
0.8113895
0.8335578
0.9463536
0.7361385
0.956731
0.8883684
0.89956516
0.8101121
0.8529892
0.70991737
0.75073105
0.731934
0.71762246
0.8132418
0.7669673
0.9226829
0.9755894
0.71106255
0.961036
0.72790504
0.8880092
0.8257967
0.7638359
0.86336017
0.68379986
0.77025795
0.5389285
0.79580593
0.7139141
0.81860787
0.6216376
0.96414626
0.7415215
0.88533276
0.7510342
0.8095695
0.38343388
0.85471773
0.74555343
0.56373024
0.821579
0.8510145
0.74854934
0.8330407
0.7998906
0.94412196
0.8336643
0.8550212
0.85492706
0.9439646
0.7489202
0.81282884
0.48658115
0.8768438
0.84771186
0.76702857
0.6609721
0.8189363
0.79694116
0.82330203
0.8513401
0.7960514
0.694581
0.91550875
0.8566195
0.73824716
0.8086184
0.5116412
0.7479237
0.90169036
0.6693641
0.7176147
0.70637226
0.7749228
0.84685683
0.82406247
0.8308769
0.90489
0.761955
0.78167754
0.6747363
0.8522769
0.7439699
0.87792337
0.71529394
0.8589885
0.544289
0.8728865
0.6658697
0.9132338
0.94823474
0.65623754
0.9523612
0.92544156
0.786948
0.5825982
0.86913294
0.81961334
0.87952405
0.6559843
0.63132334
0.88535845
0.36900413
0.95480525
0.8259575
0.64927363
0.62406486
0.9052195
0.67353976
0.9292792
0.84035707
0.850722
0.94497615
0.7832404
0.90824854
0.73882604
0.9088731
0.8376998
0.8839356
0.8992716
0.8958849
0.7968092
0.7351349
0.8981563
0.7797175
0.7684438
0.8281054
0.72775984
0.92702436
0.94295645
0.9545967
0.6583917
0.96877396
0.6281115
0.6276734
0.8359699
0.5685594
0.8908621
0.9274545
0.8404791
0.90844333
0.6705127
0.5304915
0.7652135
0.7263731
0.62287074
0.88617396
0.8937915
0.9084606
0.83957326
0.69158083
0.74533355
0.85068476
0.88108474
0.70242596
0.5964301
0.55047077
0.8112969
0.80250657
0.5799525
0.77698827
0.6590264
0.8136848
0.88957
0.75857484
0.9218142
0.9155416
0.96862566
0.97857165
0.85349834
0.72595084
0.76514196
0.8569675
0.77647114
0.5823936
0.78742015
0.695653
0.92715716
0.74888045
0.94510573
0.8053029
0.87672293
0.6356289
0.8801226
0.9058712
0.9240099
0.8253186
0.7360159
0.8806467
0.8081825
0.85898405
0.8803145
0.91621906
0.7824326
0.8228981
0.6124048
0.70207566
0.51174664
0.77851045
0.73861825
0.46319968
0.8572493
0.69157887
0.9592807
0.82523924
0.68083936
0.45502946
0.896563
0.720976
0.9386253
0.64565563
0.8325984
0.8723964
0.88293815
0.76790816
0.94070655
0.5937896
0.9390154
0.8559121
0.9234356
0.9039824
0.9389832
0.85392433
0.48296753
0.8972163
0.737323
0.7021396
0.92207247
0.92509305
0.9560603
0.6329632
0.56491244
0.5469269
0.7953779
0.53386354
0.8979701
0.8840228
0.9439458
0.8603768
0.9534981
0.9332254
0.8270906
0.7635283
0.89159983
0.91479987
0.92123574
0.9143212
0.8639271
0.9260021
0.39593384
0.7288799
0.75408024
0.7150436
0.96862406
0.93413734
0.93069047
0.88156915
0.8730516
0.85683626
0.79595786
0.91864777
0.8023937
0.95158595
0.9784912
0.86644715
0.8309306
0.7009986
0.9637076
0.8071849
0.9516086
0.8863467
0.79334587
0.6023223
0.939367
0.9512078
0.6280376
0.76450056
0.8948205
0.8761176
0.8731024
0.7709384
0.71496594
0.94369674
0.78493744
0.80259174
0.7868559
0.78636515
0.9415009
0.58009636
0.88925374
0.86308116
0.7760428
0.9577301
0.9141527
0.6031764
0.87304676
0.87729204
0.55545336
0.80019957
0.9038954
0.46351254
0.92962027
0.7501462
0.89809984
0.76497597
0.7463958
0.9380886
0.8878523
0.82094085
0.47285897
0.8368854
0.88427854
0.89469486
0.842982
0.7676891
0.81412256
0.5857669
0.767192
0.61976206
0.7261941
0.88765013
0.82577896
0.7672392
0.77889454
0.70050764
0.7906327
0.8567777
0.6306034
0.86058444
0.82350034
0.77795523
0.7902522
0.75584364
0.8601563
0.80460966
0.75649655
0.66783106
0.8441164
0.787008
0.8231448
0.88289446
0.87666696
0.80533695
0.6495659
0.7719301
0.65393496
0.82175267
0.7416321
0.92442584
0.840235
0.6210458
0.8097273
0.52744377
0.8678477
0.6634379
0.75123817
0.8956263
0.8899301
0.5227778
0.6839028
0.7536057
0.9477206
0.5885951
0.725072
0.578762
0.82352865
0.88533825
0.72690207
0.9522767
0.82911724
0.45889676
0.67995894
0.95841926
0.84522605
0.85751855
0.7934772
0.9295388
0.86220294
0.7401794
0.70126724
0.87575185
0.88691396
0.9118947
0.86051327
0.7122759
0.85279584
0.7735107
0.8588396
0.6469352
0.83122337
0.77473444
0.6410564
0.81313187
0.89263064
0.7810592
0.8019558
0.8769404
0.78426385
0.7871861
0.8910563
0.8583386
0.7869664
0.71796346
0.75828373
0.9268387
0.7270591
0.94110096
0.5514931
0.77197564
0.8132775
0.8901121
0.6903873
0.7211457
0.93391675
0.42477542
0.8995782
0.8615379
0.6596634
0.74263674
0.91788894
0.86060095
0.7264556
0.8899377
0.9004983
0.77794
0.9283331
0.7952169
0.90489316
0.737587
0.8371915
0.611991
0.9700855
0.7940115
0.8618582
0.79089767
0.9091955
0.8539493
0.7121144
0.83185184
0.83801174
0.8208367
0.8212229
0.58554316
0.795617
0.7924438
0.8555667
0.85163116
0.86829275
0.8184682
0.88307655
0.7911416
0.55698174
0.96155137
0.7038076
0.76010275
0.9215833
0.69968575
0.90240884
0.7702043
0.8590805
0.9518323
0.9295748
0.67926455
0.79852164
0.7559336
0.48361182
0.90354794
0.8330791
0.64871716
0.8163321
0.7721037
0.72123986
0.91625714
0.9451468
0.93716526
0.84772235
0.8995734
0.85566175
0.7465677
0.59393454
0.9011501
0.72975254
0.7443656
0.86521494
0.7493182
0.7614327
0.9336685
0.8561169
0.809029
0.66335094
0.56187207
0.7746967
0.61829704
0.8070265
0.8681005
0.9107227
0.7036412
0.9273525
0.78418934
0.8354794
0.9134227
0.76032865
0.816201
0.8897104
0.7279002
0.93170714
0.7273537
0.65923345
0.83185416
0.6316097
0.83221686
0.5675678
0.6618818
0.778481
0.9031096
0.8953446
0.84301317
0.951112
0.7468729
0.84832484
0.7641369
0.7515478
0.878697
0.833222
0.7464935
0.579586
0.7372539
0.82333076
0.89726347
0.76780164
0.9303307
0.7432816
0.95325816
0.8800396
0.7410023
0.88457805
0.74474424
0.93231285
0.89992255
0.7922613
0.7427488
0.81972146
0.93106997
0.76979303
0.67439973
0.77810663
0.8733511
0.24671862
0.8961946
0.6615561
0.9221515
0.9023261
0.71970177
0.62301683
0.95109355
0.8543143
0.8233886
0.8191117
0.86953074
0.7830968
0.6139957
0.86084676
0.89314777
0.69459325
0.91954017
0.59693164
0.65397394
0.8698811
0.7277221
0.8612442
0.7897601
0.94892526
0.7161752
0.6383153
0.74712586
0.6774504
0.9089707
0.83925074
0.78561974
0.63294667
0.6590447
0.46117622
0.7076778
0.8114093
0.80668724
0.54998827
0.650778
0.7425963
0.5136011
0.7389337
0.8727696
0.6640002
0.92319685
0.66594964
0.8058105
0.8080322
0.88454235
0.90509677
0.6844338
0.94783735
0.9071109
0.71623874
0.636263
0.90994614
0.9031127
0.933752
0.8838462
0.8392932
0.86157036
0.9362776
0.64865047
0.6391531
0.87697697
0.93297803
0.8703786
0.86140156
0.6518797
0.8642459
0.95098037
0.8050992
0.7842288
0.87369025
0.8866546
0.86117274
0.74139154
0.8444348
0.9150432
0.6180665
0.86657375
0.8806846
0.83130866
0.8228242
0.94033563
0.8736519
0.76702344
0.7743313
0.4175365
0.8720517
0.7376645
0.9505505
0.79088503
0.8540464
0.85313666
0.9248262
0.88990533
0.7837853
0.2853266
0.9064184
0.56876785
0.8378719
0.8720791
0.8754647
0.7911193
0.673585
0.79958737
0.7517376
0.9291155
0.73145545
0.5558538
0.5571434
0.8748381
0.6827992
0.813243
0.9114346
0.63124245
0.7791306
0.6947572
0.88594425
0.851904
0.9120537
0.7871896
0.798298
0.88017213
0.944091
0.5937692
0.7998656
0.7477049
0.8214921
0.77292496
0.84859264
0.8417405
0.8690884
0.97609645
0.8335732
0.82356215
0.87140524
0.80626106
0.74336535
0.41410002
0.9571973
0.5872511
0.773139
0.6621654
0.79190534
0.6642591
0.84359634
0.695708
0.56326526
0.6834847
0.8457194
0.90688336
0.84436125
0.84456843
0.80870616
0.92261463
0.74122286
0.68295616
0.7500738
0.6720449
0.9244134
0.72775316
0.79123336
0.868409
0.5702994
0.8570652
0.8041964
0.82604015
0.8724747
0.5835162
0.93611604
0.92994165
0.86609566
0.7871772
0.80018914
0.8965008
0.8939117
0.91472924
0.92411524
0.8754352
0.82159185
0.92938596
0.75138533
0.90677863
0.7569169
0.7865404
0.76639163
0.8475128
0.9573145
0.62897205
0.8196948
0.71337974
0.9066995
0.8773682
0.9178268
0.6686891
0.7743173
0.7877028
0.71403503
0.59342915
0.9471092
0.74098575
0.93344194
0.72485083
0.800467
0.8752256
0.8663461
0.8600941
0.8798139
0.85200083
0.6411915
0.837304
0.76799786
0.6941854
0.85540444
0.6482261
0.73610556
0.907438
0.8857041
0.9100228
0.7820248
0.8912557
0.89617336
0.78659415
0.8891195
0.8761949
0.8646878
0.47411904
0.70255435
0.8092772
0.72438407
0.8103048
0.77874815
0.76866245
0.77936924
0.79293114
0.8912115
0.83723396
0.76806617
0.91041005
0.91801167
0.92076373
0.84662205
0.886618
0.73365206
0.43999225
0.738831
0.89532465
0.8322257
0.86749625
0.7959309
0.6216573
0.9107368
0.7522218
0.8301625
0.47652078
0.9516555
0.6190561
0.84031093
0.7869739
0.8458421
0.93279284
0.8478987
0.89711934
0.85642624
0.93855965
0.7935623
0.90287304
0.77226
0.9384899
0.9195248
0.907492
0.63646764
0.95556015
0.7897592
0.6734984
0.49950436
0.93928784
0.80324036
0.8391465
0.39480114
0.7975241
0.90193045
0.8708454
0.8720635
0.80541515
0.91431385
0.7744071
0.692614
0.7424062
0.93019044
0.79398215
0.9383512
0.61586887
0.8521025
0.8671042
0.80619204
0.94192106
0.87030786
0.83947325
0.934295
0.84825647
0.82404566
0.7189353
0.82106173
0.8853698
0.83257514
0.8480551
0.9671558
0.85853446
0.8782014
0.8518577
0.47265774
0.8512262
0.8888879
0.6949648
0.7702718
0.89696115
0.7545221
0.8229004
0.9304869
0.7954365
0.683264
0.9466273
0.9383017
0.7753606
0.68372923
0.9814143
0.78933406
0.8914172
0.90598816
0.7043083
0.68544924
0.92531186
0.97004586
0.86753285
0.80757266
0.6865761
0.87686616
0.94760597
0.9309159
0.6463816
0.88789856
0.9428148
0.8406253
0.8102233
0.93903923
0.9190184
0.8727851
0.91224945
0.86283934
0.9529551
0.8387887
0.5457575
0.76806664
0.8574668
0.82584274
0.6745956
0.7048643
0.5823554
0.9122648
0.8200955
0.6621193
0.79529476
0.79359627
0.68493956
0.9699192
0.9199659
0.7815063
0.768057
0.83773166
0.7213042
0.8015542
0.6751776
0.7989551
0.73338693
0.64281094
0.81698775
0.96813905
0.6883846
0.8723853
0.6794153
0.8730456
0.67565304
0.7516639
0.9239259
0.8560826
0.30321777
0.8130064
0.91691583
0.6502295
0.77449775
0.57981855
0.8378236
0.7938395
0.5811494
0.8669104
0.88749516
0.9119469
0.87856096
0.89407724
0.80995154
0.6272932
0.8066659
0.51974636
0.61650115
0.78841305
0.95063496
0.9225568
0.75316787
0.87501144
0.7640776
0.89016736
0.72304106
0.9333174
0.83874935
0.76438403
0.79498667
0.8778938
0.7164947
0.9490364
0.7759874
0.70187354
0.899281
0.75548655
0.899935
0.37567893
0.8613546
0.8055048
0.97308093
0.81854606
0.7704011
0.83882546
0.61935174
0.83442634
0.8801347
0.7852423
0.91185594
0.85494876
0.6864632
0.58049303
0.745891
0.9362397
0.7897297
0.951342
0.8536723
0.6584438
0.8248751
0.8416314
0.8882847
0.8351884
0.74677956
0.8492279
0.7279421
0.7340406
0.70279056
0.62666094
0.73436433
0.8964929
0.83305466
0.73063344
0.84539604
0.7457115
0.85286117
0.7364221
0.83262575
0.9321479
0.85181713
0.77115405
0.9395189
0.92003185
0.76526594
0.6823091
0.79425913
0.8219513
0.6209469
0.75476587
0.8063982
0.89399964
0.83041745
0.8870444
0.71300626
0.5110014
0.74337715
0.71721697
0.79051656
0.72281086
0.9077518
0.7902099
0.8742654
0.6384785
0.778956
0.6441172
0.8849797
0.6814982
0.8759984
0.8176224
0.7800046
0.8769958
0.62627447
0.8224099
0.75129104
0.8215234
0.8140311
0.58009493
0.8111757
0.82879245
0.5824627
0.8019849
0.79826
0.8539972
0.83411574
0.8238045
0.92923445
0.6958821
0.95946383
0.84836555
0.8067106
0.7040551
0.6951003
0.700768
0.87693423
0.9007193
0.61498576
0.91747427
0.80758995
0.62837166
0.607726
0.7906089
0.8302459
0.83172756
0.9452465
0.84163165
0.8176923
0.83939064
0.9053375
0.9449396
0.8025939
0.823374
0.88789
0.75355124
0.9637884
0.7748996
0.81032073
0.52464247
0.93110853
0.584137
0.9279387
0.47777066
0.6915376
0.4587277
0.6266851
0.8687916
0.9328436
0.69322884
0.7146028
0.7355932
0.82089585
0.7726118
0.93699455
0.65015817
0.97990346
0.7817086
0.7643162
0.85086846
0.9112053
0.65408516
0.85518986
0.871498
0.90139663
0.918696
0.9522997
0.85743284
0.9834798
0.84364665
0.86391205
0.9265801
0.8271923
0.9275201
0.6946786
0.7095996
0.8853992
0.8831337
0.8268708
0.91766834
0.7336007
0.92455024
0.8844079
0.8790496
0.7463549
0.6810516
0.72359717
0.8169032
0.7066593
0.89585125
0.68446755
0.73816687
0.8734509
0.9123306
0.58171076
0.773892
0.9600286
0.42173278
0.89771616
0.91410214
0.79236245
0.89077365
0.8683689
0.8131812
0.8297348
0.9233977
0.589539
0.8602217
0.81703514
0.8033622
0.9348862
0.88776076
0.9012178
0.802098
0.9158367
0.78101987
0.9574367
0.80396837
0.8326983
0.8740525
0.83948356
0.84016997
0.9092202
0.8216402
0.91335034
0.76521045
0.6869166
0.6525078
0.66739464
0.70936537
0.8246127
0.7092901
0.8640141
0.85328525
0.7654668
0.91192853
0.6446173
0.5676787
0.7833671
0.9121576
0.573521
0.80966425
0.8415174
0.8911116
0.94315493
0.8616516
0.662313
0.7659782
0.78036094
0.82955337
0.7858529
0.47103754
0.93883806
0.83673584
0.6376227
0.78946555
0.8774946
0.8298203
0.41502246
0.6712813
0.90485466
0.6922705
0.9266043
0.75726444
0.8377576
0.7961287
0.8948622
0.6905813
0.5002188
0.8911257
0.93010217
0.74847895
0.6348633
0.68866205
0.8869295
0.8490568
0.9496174
0.9048196
0.67274904
0.67831635
0.60723937
0.8625336
0.96620375
0.8182076
0.9069561
0.8703318
0.72839427
0.69342756
0.8419448
0.56813014
0.87878627
0.73292524
0.9139892
0.79145485
0.79691017
0.8605441
0.6554278
0.78138417
0.50335425
0.868247
0.7313381
0.62400174
0.8138225
0.82979834
0.6681363
0.78825414
0.8291399
0.93731046
0.765538
0.7941423
0.8686455
0.7439021
0.855818
0.7786319
0.79896027
0.9285274
0.8496842
0.7431651
0.6657713
0.8332436
0.61259
0.7191293
0.8161504
0.8146174
0.8069047
0.85253495
0.8111534
0.8547932
0.6331724
0.82293963
0.92158973
0.78129953
0.6609106
0.9657656
0.7679693
0.79323727
0.94507253
0.79123193
0.8582047
0.7808244
0.8132886
0.6724572
0.8958156
0.73705
0.81027055
0.80397415
0.45243114
0.7986588
0.73662734
0.93970716
0.87844586
0.70105135
0.77029157
0.774228
0.69169
0.8188896
0.9385049
0.70979494
0.7753209
0.703209
0.94085455
0.92871803
0.88084805
0.87819576
0.81537104
0.81927824
0.81515056
0.92687964
0.95664
0.93497896
0.736513
0.8821671
0.7285601
0.6943961
0.66989326
0.6367453
0.82023245
0.8584248
0.44111443
0.77853876
0.81898487
0.8901894
0.8831337
0.7443302
0.9018482
0.9527877
0.94393617
0.8373683
0.8682604
0.85925454
0.88983953
0.7945999
0.8035446
0.4777457
0.6731094
0.81928223
0.8692878
0.94170463
0.95767623
0.94048154
0.54919213
0.74359936
0.5946838
0.9254575
0.7864888
0.7901063
0.9406671
0.79791284
0.8546652
0.6692429
0.8279097
0.86921066
0.9402219
0.5448749
0.91123146
0.6336081
0.6441329
0.8131168
0.6098458
0.7399967
0.8399361
0.8427071
0.8429113
0.9179028
0.85593355
0.8460672
0.52880883
0.6041739
0.8803503
0.88989174
0.814234
0.8431294
0.9397319
0.54883564
0.8951514
0.8875065
0.92014664
0.83904123
0.6812887
0.9232813
0.84799343
0.75365806
0.87967277
0.926704
0.93673444
0.92744863
0.8955562
0.6777736
0.74985445
0.8916997
0.8828017
0.8478917
0.7897946
0.7332553
0.38414767
0.8584308
0.7840155
0.6431804
0.8036525
0.6880201
0.6122921
0.92945105
0.8318923
0.89427924
0.73099643
0.8805486
0.74830073
0.85269874
0.9059361
0.75321615
0.7002587
0.7645836
0.8005772
0.8318474
0.5448845
0.5912507
0.85716033
0.7917611
0.9246627
0.55388916
0.68933475
0.64812756
0.86135674
0.80061746
0.565833
0.83241916
0.9758785
0.8248976
0.41787833
0.7757726
0.941705
0.83767503
0.8284853
0.8692355
0.5909897
0.96377426
0.8883068
0.6130384
0.7582743
0.70099604
0.9118699
0.9620753
0.93335354
0.90263605
0.5826053
0.8527759
0.81462014
0.78851044
0.6629638
0.725734
0.9313195
0.77572846
0.71929294
0.7838902
0.81555593
0.7646089
0.87366045
0.84251267
0.5306523
0.7220829
0.8481207
0.6794922
0.8626181
0.64855325
0.7182902
0.7691547
0.70440495
0.91125435
0.91657746
0.79389876
0.85468364
0.8688451
0.80943465
0.6399909
0.86598504
0.84860444
0.8813964
0.64349186
0.61987036
0.8828741
0.59874475
0.5449396
0.6632983
0.8484031
0.9650325
0.93079513
0.92705566
0.8684932
0.7355444
0.84348035
0.6721358
0.71774936
0.7948191
0.77737296
0.806051
0.8271464
0.8346141
0.7290815
0.67391545
0.92877734
0.5952784
0.9167348
0.70459867
0.73470396
0.781089
0.80813116
0.8026751
0.7599814
0.578531
0.87911105
0.8267649
0.76945305
0.8233267
0.6210499
0.80368906
0.565753
0.44027454
0.71584976
0.86212116
0.85458297
0.73778725
0.90844774
0.9269196
0.88213754
0.6565023
0.7877992
0.8855487
0.77404857
0.59088236
0.9213983
0.81870306
0.7166014
0.9409118
0.8496039
0.75879204
0.8813402
0.90256023
0.8303916
0.82701325
0.7951887
0.6350556
0.87863374
0.8571718
0.8045311
0.8284064
0.9507362
0.7703998
0.9182546
0.76112634
0.8070204
0.86631274
0.821769
0.77632284
0.61411524
0.72027135
0.87551004
0.90137327
0.89834267
0.87889946
0.82424855
0.9121703
0.86547714
0.9178297
0.89645153
0.7858316
0.78955925
0.8755326
0.82461524
0.8617221
0.57223505
0.9718203
0.8211336
0.8039942
0.7569208
0.8287025
0.85329777
0.81812507
0.8140031
0.95287865
0.8958013
0.8523457
0.88713896
0.7124114
0.90489346
0.84167427
0.81253135
0.81527346
0.8485495
0.79395175
0.70847315
0.86965656
0.8590921
0.66337174
0.799879
0.81145346
0.8631824
0.7449948
0.4541778
0.73594236
0.7129616
0.8264942
0.84064066
0.75350493
0.8286562
0.9125957
0.8305112
0.7348317
0.91083413
0.5387822
0.8166653
0.63003266
0.8701935
0.64991105
0.8548228
0.9760793
0.93431246
0.7054565
0.78555334
0.94738054
0.7700668
0.674657
0.91947305
0.7440228
0.87974006
0.8004935
0.83966833
0.67050534
0.8980553
0.8251085
0.8981912
0.7373579
0.9421606
0.45249084
0.77099794
0.6381481
0.87642276
0.6768295
0.83709586
0.67843324
0.7549224
0.76052547
0.8754777
0.9283323
0.9040381
0.865105
0.904215
0.9701979
0.8687477
0.70102566
0.4976741
0.7258513
0.8965515
0.9130484
0.8753358
0.8937946
0.9091448
0.8736267
0.7671145
0.9402269
0.6063429
0.8137354
0.8872388
0.8408798
0.905326
0.8859552
0.84780806
0.95977163
0.7467813
0.94983494
0.9078504
0.9278906
0.7886361
0.733832
0.9216096
0.89401925
0.6723868
0.77705735
0.9149277
0.91700053
0.6532969
0.816763
0.8380661
0.88012725
0.9693307
0.77305484
0.6635951
0.8563647
0.4958512
0.7985351
0.7818177
0.965794
0.70602655
0.8823701
0.9061598
0.8697999
0.86943907
0.83712435
0.91751593
0.9054047
0.93907285
0.81081796
0.7500439
0.83846134
0.6547669
0.82269484
0.8434241
0.85400957
0.8955548
0.7289752
0.56282055
0.5804456
0.76323444
0.8325528
0.9313236
0.85330266
0.88297284
0.9474618
0.5814867
0.8250085
0.90623224
0.79775834
0.5714848
0.7693806
0.7568799
0.9472498
0.8865039
0.8921199
0.84957176
0.9115269
0.6784723
0.86340773
0.8382256
0.83097714
0.88016814
0.89992476
0.8147408
0.9104037
0.8273027
0.8691683
0.7902217
0.74544686
0.8643933
0.79176337
0.7787064
0.83966976
0.8274794
0.92850775
0.71572506
0.9017082
0.8089024
0.86993897
0.8051877
0.90215737
0.97103786
0.9393306
0.7787715
0.8395229
0.88363904
0.6581344
0.7523491
0.8541142
0.88467
0.9225337
0.97128236
0.95142204
0.89381254
0.94835305
0.9014101
0.90707546
0.7665088
0.74656683
0.94372296
0.8756753
0.7171813
0.96232146
0.67463046
0.6415079
0.91348106
0.7947348
0.8281766
0.8164543
0.8663466
0.79112965
0.7755954
0.9655396
0.77946526
0.7721998
0.8420063
0.8254109
0.73658866
0.685254
0.8714986
0.85865533
0.884711
0.6823729
0.9376145
0.4753163
0.5728807
0.8565309
0.8247794
0.8478733
0.7883566
0.76671624
0.61564994
0.913807
0.7687815
0.63223255
0.7587785
0.776216
0.76086897
0.7677362
0.9303501
0.6973421
0.82803994
0.9547109
0.87214166
0.8968987
0.8937853
0.5909383
0.9434638
0.94094783
0.74254817
0.55464494
0.6998217
0.709405
0.8578323
0.7532538
0.51519847
0.5617903
0.8667624
0.84134805
0.805691
0.66937447
0.89122784
0.6011956
0.805251
0.7812381
0.89673996
0.82221776
0.89137113
0.8453488
0.78240466
0.8637074
0.8999921
0.71457434
0.71778286
0.7905565
0.8499534
0.7940824
0.91133773
0.6526274
0.8697085
0.6525412
0.9198812
0.86830634
0.8928024
0.8083745
0.94543046
0.77451265
0.903263
0.7025563
0.9183532
0.86691415
0.61943996
0.58115077
0.82537264
0.9404987
0.89923996
0.79235613
0.8130526
0.9201181
0.70016116
0.8886406
0.8862427
0.6914353
0.7908977
0.851208
0.8238574
0.8387233
0.86893535
0.8070748
0.9572979
0.7109116
0.9244584
0.7050907
0.7887951
0.638238
0.7724975
0.5878185
0.68909264
0.80869555
0.8967105
0.80270135
0.9331743
0.94698906
0.86777574
0.77080655
0.9361627
0.5916146
0.9108615
0.8652379
0.61733603
0.7108544
0.6238085
0.809139
0.87526834
0.81275
0.78726465
0.7286084
0.4410405
0.7857501
0.62564236
0.5979527
0.5880151
0.6525187
0.7457968
0.67455226
0.8994229
0.73745847
0.793881
0.91939235
0.6455102
0.6824055
0.50702584
0.8524
0.6652446
0.8065329
0.89917433
0.8658753
0.71922815
0.7861048
0.8352182
0.89482236
0.89695907
0.8710427
0.8720664
0.85278285
0.7456032
0.9409877
0.8975993
0.8641861
0.72267103
0.87317395
0.7690837
0.9215809
0.70928884
0.5645379
0.8120033
0.872816
0.7313528
0.9266752
0.78524524
0.73796105
0.7975946
0.8407309
0.87725085
0.70926285
0.76216567
0.89319307
0.88124585
0.94455814
0.7415146
0.7915949
0.77608347
0.94437575
0.79678893
0.8966948
0.916152
0.84905607
0.94247836
0.83982307
0.7239193
0.52589756
0.88534427
0.91688204
0.9343448
0.7899789
0.6186517
0.7857225
0.74542713
0.82291603
0.95185035
0.9489727
0.95203
0.68513995
0.69658977
0.9751656
0.81504107
0.8376723
0.9118439
0.8147322
0.839095
0.8572819
0.9034867
0.9376551
0.91845304
0.8097877
0.90906084
0.7553695
0.7270368
0.46045876
0.93434507
0.9381422
0.9366067
0.75676554
0.76437795
0.8335664
0.8093033
0.8255936
0.54755694
0.8115753
0.94214463
0.67423123
0.67510086
0.7449744
0.79504716
0.8321724
0.8654104
0.86998427
0.86078405
0.3866369
0.93806213
0.9428264
0.8672209
0.75650513
0.98026997
0.551037
0.89912516
0.9525368
0.8378622
0.9098154
0.88220346
0.95103455
0.7289918
0.90266204
0.8335929
0.5349957
0.90439343
0.55643225
0.9095786
0.84972876
0.7959103
0.9277481
0.8050994
0.84187615
0.84131116
0.7621478
0.89432234
0.6911828
0.8544296
0.7158146
0.7503152
0.9411873
0.81652737
0.6593729
0.94622684
0.73363036
0.7729414
0.6091816
0.79508203
0.7662283
0.8744617
0.7502216
0.48740745
0.93537134
0.80894613
0.9290832
0.67653364
0.63902885
0.90749866
0.9687804
0.8784017
0.8664937
0.8888528
0.9801313
0.83659595
0.66657996
0.73688126
0.8167154
0.88708746
0.8293118
0.7967609
0.6094619
0.8838781
0.91742456
0.72990245
0.7748157
0.8061726
0.6304699
0.8670215
0.7260302
0.81491995
0.8273466
0.8198942
0.95506
0.85249984
0.92483425
0.5988391
0.67928934
0.8125304
0.80279726
0.80825615
0.7321736
0.9446152
0.9335593
0.80273837
0.618415
0.8159925
0.7367228
0.7920487
0.77166414
0.95541954
0.5695826
0.6700015
0.76828825
0.8128161
0.87207955
0.59438086
0.76400733
0.86718893
0.72052133
0.88823825
0.6088205
0.6836239
0.8803535
0.8966613
0.9586586
0.78465986
0.7095922
0.7977401
0.73696196
0.7137721
0.8659658
0.8186587
0.9060379
0.833834
0.7821224
0.65647674
0.92305267
0.8302484
0.82988375
0.6968061
0.8031238
0.91581047
0.8548494
0.8796222
0.92360145
0.91145104
0.95346546
0.8529501
0.9726634
0.7622275
0.9457792
0.82586205
0.818367
0.9188845
0.8290587
0.72713494
0.6928677
0.8338678
0.8843587
0.8911207
0.75648403
0.8819126
0.8093516
0.7992877
0.9215132
0.82544255
0.7458949
0.8910643
0.92977273
0.93079376
0.82199585
0.58747363
0.9267415
0.7024337
0.78336996
0.6703316
0.902516
0.8046915
0.7159352
0.8591442
0.8152335
0.7808861
0.68476826
0.6239721
0.7715089
0.76163363
0.83562243
0.7595798
0.7795908
0.6770729
0.90362597
0.94450486
0.7722116
0.9456887
0.7782178
0.92506534
0.77705604
0.76415265
0.9096601
0.73379517
0.91500163
0.9256683
0.81306064
0.77173835
0.9665784
0.88005817
0.93623215
0.9408183
0.49026468
0.718157
0.40440425
0.93052846
0.78148043
0.9457781
0.96166927
0.83206564
0.73657036
0.8995241
0.8567872
0.9338186
0.6552277
0.77731055
0.8522642
0.8606261
0.72346187
0.7507447
0.8732326
0.82798153
0.78686327
0.83269083
0.7267026
0.88237125
0.84659696
0.7129317
0.60394347
0.7146726
0.9005355
0.8579626
0.8597873
0.8463716
0.8620884
0.9118274
0.8491691
0.844319
0.66641116
0.8365088
0.90053487
0.9209536
0.9211874
0.9390609
0.872864
0.7757888
0.6331074
0.9480002
0.67412937
0.9099599
0.74280614
0.7196214
0.8746933
0.72983575
0.9156418
0.723914
0.86037886
0.67597175
0.6739184
0.8843403
0.7488823
0.62006134
0.8818874
0.847162
0.8344716
0.81192493
0.7861035
0.7752281
0.89259833
0.8103861
0.8679593
0.43025222
0.7250616
0.89282835
0.6212248
0.89785117
0.8052267
0.89075613
0.8901494
0.86587614
0.63039005
0.9544936
0.86711705
0.67109454
0.9063117
0.80066097
0.8669998
0.79537576
0.90149754
0.75339234
0.83390653
0.9525323
0.7776129
0.86877763
0.86691624
0.74043334
0.70961237
0.7277211
0.84538096
0.8484462
0.61397195
0.7458733
0.67299426
0.81745946
0.8962473
0.95016176
0.76823443
0.96093
0.6040108
0.88289535
0.6641405
0.78330314
0.96819997
0.9345301
0.7874386
0.8216377
0.9040091
0.92828053
0.7489464
0.6654732
0.77900696
0.7897386
0.9636878
0.95915306
0.91336507
0.72581416
0.8898931
0.85212946
0.7325129
0.8956044
0.68089426
0.7355852
0.9360787
0.8623607
0.69737804
0.9373204
0.83971953
0.33426154
0.8152339
0.74947906
0.7509061
0.70112777
0.8580062
0.8385254
0.82820755
0.8118077
0.66734064
0.84594345
0.85165143
0.8635462
0.7869307
0.96348554
0.87920773
0.43693846
0.7820475
0.7025368
0.70538616
0.79833174
0.93827754
0.94390345
0.71204054
0.7561398
0.7321297
0.5665794
0.8840141
0.9209937
0.8884406
0.8717835
0.80660015
0.6796719
0.70641875
0.6365262
0.72196347
0.84138435
0.7500346
0.8845394
0.8634839
0.81083596
0.7268693
0.6132525
0.7908925
0.88179946
0.89807534
0.8827498
0.9563403
0.9432076
0.89575577
0.7846843
0.91652524
0.8272147
0.8095201
0.9133886
0.75360674
0.83339286
0.9302837
0.5528804
0.821915
0.73282456
0.6157484
0.8125911
0.69311523
0.86765087
0.8276136
0.8275768
0.76722157
0.71279883
0.9299369
0.88590324
0.78296226
0.83399594
0.69686043
0.65797275
0.7919337
0.9342938
0.7073318
0.9400358
0.8810411
0.84782463
0.941645
0.78810287
0.7858111
0.83839047
0.8149605
0.86674196
0.67973363
0.86000776
0.82214403
0.97833884
0.81694806
0.70663595
0.6624743
0.9083329
0.6333838
0.7837091
0.8199012
0.9217488
0.70760924
0.8249156
0.7120025
0.7385299
0.80931866
0.91679746
0.7722633
0.79851663
0.5806357
0.8539199
0.7404717
0.86322343
0.9452722
0.8116069
0.8244036
0.7852739
0.90094393
0.91365576
0.8295271
0.15386045
0.92704684
0.7355825
0.8518128
0.84457964
0.82622814
0.5441326
0.65447134
0.82933795
0.80366045
0.79333574
0.73314816
0.69128567
0.86729884
0.9179801
0.77567077
0.92769665
0.5446543
0.8183951
0.8482896
0.8721964
0.7162916
0.37637144
0.74214065
0.90412974
0.6474671
0.8802645
0.9207557
0.7778371
0.4941028
0.94365084
0.8687465
0.75544655
0.8905912
0.96149296
0.76312345
0.9223406
0.8289359
0.8541535
0.85816544
0.9457227
0.8010385
0.74085766
0.88376474
0.8187596
0.68778104
0.8764815
0.9688244
0.8377799
0.75048524
0.89322394
0.7959606
0.6924264
0.8430861
0.8155161
0.7525489
0.70790625
0.8393047
0.85938525
0.9151418
0.759919
0.7876845
0.84964615
0.8662414
0.88166815
0.81829
0.82288545
0.94067734
0.8281856
0.83204174
0.87064207
0.5579974
0.84307885
0.7417373
0.67090046
0.6940573
0.65001726
0.8732066
0.7327028
0.6963613
0.8280626
0.71761924
0.7885847
0.7903907
0.9231654
0.7343172
0.94046825
0.9274702
0.8415575
0.84039533
0.82137704
0.9207881
0.8632954
0.5201527
0.9285075
0.91993195
0.9405543
0.7515829
0.7894043
0.5099932
0.90702844
0.8899
0.91536874
0.7958203
0.84041303
0.8301016
0.8839043
0.95801604
0.9203678
0.7568473
0.6923555
0.9403162
0.81837404
0.71238905
0.81637657
0.73544264
0.75079536
0.887269
0.8423284
0.79759735
0.89586234
0.93068445
0.8546586
0.80416965
0.94367546
0.5857768
0.9345968
0.880924
0.8694124
0.8405261
0.53579736
0.7492905
0.85089225
0.927078
0.9027968
0.87439644
0.9498244
0.771903
0.7012842
0.82926345
0.9165788
0.7912564
0.8923188
0.6376316
0.7551773
0.67124534
0.8933635
0.5880151
0.7305578
0.890851
0.9040246
0.78900504
0.761511
0.92206585
0.81089675
0.7052925
0.7970162
0.7629567
0.8489151
0.9086423
0.87492627
0.7358271
0.9127642
0.8735516
0.79610395
0.89317703
0.7403173
0.92384696
0.69857603
0.69253004
0.7491245
0.9000746
0.6870639
0.4823252
0.6939111
0.90328074
0.6941031
0.8107058
0.76058304
0.5929495
0.9304123
0.77155966
0.68969697
0.8476342
0.8945173
0.79491544
0.7076988
0.79325294
0.5863153
0.84153306
0.7429461
0.9234376
0.86481154
0.72714984
0.8391047
0.941362
0.8725393
0.8215029
0.9279986
0.7728102
0.70222455
0.8561393
0.7179056
0.890166
0.960773
0.7912853
0.7189882
0.7711916
0.8354848
0.6448447
0.799059
0.7823171
0.65351903
0.9436908
0.57529217
0.8589005
0.8758423
0.65074235
0.8646179
0.68538564
0.34806862
0.8923613
0.9133025
0.7419784
0.91177136
0.9219805
0.8688841
0.8522943
0.90951633
0.7266629
0.9190211
0.8711681
0.77707636
0.7782322
0.77599066
0.9317709
0.8609992
0.7598132
0.7980308
0.9403343
0.9409305
0.658632
0.86632454
0.9477528
0.89627504
0.85613894
0.9139966
0.90766233
0.66137624
0.85224396
0.80921173
0.8654366
0.9100458
0.8062676
0.96171695
0.9117145
0.7297869
0.8308307
0.886901
0.79710644
0.8099168
0.89605975
0.9589407
0.7791602
0.80452937
0.8429561
0.8575268
0.7751114
0.92772186
0.83681333
0.85700256
0.5592612
0.88674504
0.6744291
0.9517087
0.89572966
0.93554604
0.793156
0.90335864
0.89867705
0.97893673
0.9209626
0.8508296
0.71555024
0.9030678
0.71504736
0.73773336
0.73520887
0.9206937
0.71310025
0.5905927
0.6883903
0.7917088
0.84138346
0.874763
0.9584995
0.9633631
0.71161747
0.83519685
0.76716954
0.8570881
0.7314848
0.90188855
0.7814116
0.8555489
0.83423126
0.8542699
0.81801844
0.8351474
0.84647244
0.8272645
0.7811401
0.7907912
0.8979865
0.80078346
0.8985911
0.80652916
0.6283789
0.6885618
0.87940556
0.88102865
0.86976266
0.7753591
0.86972773
0.67438054
0.7721045
0.7159052
0.4980742
0.7914944
0.8957216
0.73752433
0.44396335
0.93967015
0.437329
0.8570001
0.83890915
0.76802105
0.8464153
0.73520285
0.51965654
0.8377968
0.9667588
0.90521157
0.74862725
0.88358307
0.5609711
0.83910185
0.9247673
0.79637945
0.8170945
0.8368597
0.87451285
0.75377405
0.8153827
0.4856619
0.8670184
0.84655464
0.7004891
0.6667146
0.66327393
0.8709178
0.8226611
0.77418435
0.8285398
0.66451377
0.87668383
0.8214981
0.9447166
0.76441294
0.9102267
0.8937885
0.78149515
0.73058647
0.74633867
0.8310274
0.8252537
0.9177828
0.8819567
0.80700684
0.7615087
0.6510751
0.9594345
0.85052514
0.7634017
0.8800046
0.87707144
0.77352345
0.68711686
0.78648657
0.83588904
0.85753584
0.65204525
0.78813654
0.67628986
0.8024039
0.84669614
0.62032205
0.8606711
0.86277074
0.68549657
0.80770993
0.5927705
0.68421435
0.90380394
0.87305
0.84400374
0.92700803
0.85278165
0.7507414
0.8304313
0.90365344
0.8519847
0.70760316
0.6994629
0.8853438
0.77042407
0.876036
0.83657694
0.74452025
0.80572516
0.8175828
0.9078505
0.87854224
0.82453287
0.9122985
0.87405866
0.86861336
0.7036314
0.69570714
0.68770236
0.9088291
0.79287136
0.5383335
0.8571909
0.7832967
0.8613715
0.91550195
0.677461
0.8229167
0.84615576
0.61316276
0.96034396
0.83820915
0.8899946
0.8097614
0.8971006
0.8731908
0.7435191
0.8916532
0.81014127
0.86823404
0.7821169
0.8938203
0.66093934
0.8277481
0.8970089
0.7024677
0.82374597
0.9504034
0.47652104
0.786808
0.7630508
0.90644026
0.92480624
0.83812666
0.9075279
0.92009455
0.6484229
0.83477736
0.87193847
0.67486197
0.92003596
0.81279176
0.8984451
0.7456826
0.8134007
0.88331014
0.85479724
0.8341428
0.84494317
0.91032773
0.8038308
0.81446725
0.71609104
0.80582374
0.94752544
0.9260119
0.907511
0.8972352
0.8002348
0.80977315
0.8200269
0.85880566
0.8655357
0.74511856
0.81440276
0.6815192
0.80346465
0.54505074
0.8132334
0.77891076
0.85392904
0.8880192
0.9577724
0.7738348
0.64256376
0.77743447
0.82686883
0.89534485
0.67014533
0.76390177
0.840475
0.86020064
0.9325649
0.77618337
0.97776127
0.8232111
0.9535835
0.82384455
0.71085125
0.9009677
0.8024405
0.9442179
0.7676946
0.7734061
0.7749046
0.94410336
0.8670727
0.88580877
0.7840631
0.86214346
0.712733
0.69486946
0.83194566
0.8950471
0.753952
0.93551207
0.9184913
0.8433158
0.88640577
0.8750985
0.71037626
0.8116347
0.9374982
0.70666397
0.97330534
0.6770699
0.60870856
0.8530245
0.7226562
0.63962626
0.5413087
0.7880595
0.944266
0.7737913
0.78453755
0.8072831
0.9413533
0.92329484
0.8378613
0.7222812
0.67747253
0.7968249
0.9095041
0.8164534
0.59871274
0.83867025
0.8430896
0.8006496
0.8219901
0.6034404
0.80493075
0.9098106
0.86101556
0.7561934
0.8529996
0.91309166
0.8570851
0.78093725
0.8596894
0.81012917
0.9227638
0.93478847
0.861864
0.71460116
0.75178653
0.61372066
0.8610155
0.77654773
0.94093835
0.7639084
0.80604607
0.9279417
0.90132743
0.72270715
0.81815857
0.63463914
0.91757476
0.93824
0.71823746
0.7415924
0.7499225
0.72643054
0.5557737
0.7765623
0.943804
0.93183297
0.62660116
0.8768054
0.7057298
0.69328034
0.87686974
0.8328541
0.92689794
0.8178803
0.842859
0.53697777
0.8949929
0.5041042
0.81231135
0.96119756
0.9371651
0.8873193
0.8303126
0.86694384
0.86811686
0.78461933
0.79314053
0.91570747
0.86905754
0.8607143
0.9360645
0.7326975
0.88586915
0.9234877
0.71849835
0.6862258
0.79518944
0.839596
0.82767534
0.9314331
0.9089966
0.53207695
0.73823696
0.87351966
0.45817494
0.8987907
0.81088424
0.8785664
0.91808224
0.82724315
0.7185003
0.929723
0.93076515
0.8935247
0.6115334
0.74676585
0.89147234
0.7858444
0.6871547
0.89487004
0.5400548
0.9466209
0.9308126
0.91606665
0.7505763
0.7161032
0.7688411
0.7710397
0.87573874
0.80519724
0.62552845
0.901149
0.6316954
0.70380425
0.32463688
0.8629159
0.9306693
0.79528797
0.9291582
0.69831455
0.93992615
0.72215927
0.81895167
0.71048194
0.9009393
0.5861945
0.88497204
0.75970024
0.9465526
0.8786147
0.9000546
0.7055372
0.92638093
0.75175595
0.72902894
0.8798474
0.8385538
0.85102135
0.7363081
0.87459594
0.9287909
0.9300422
0.9410213
0.9416677
0.8106681
0.9050301
0.93807757
0.9193435
0.87519705
0.9190838
0.8444775
0.8731774
0.8411207
0.69273686
0.7230447
0.8045699
0.786161
0.9294356
0.72558355
0.7511433
0.8539852
0.8295741
0.9722062
0.68669933
0.8908472
0.83348036
0.8234606
0.7994411
0.8911022
0.80775845
0.8636869
0.77831924
0.85725474
0.7201418
0.82430696
0.73275137
0.82065886
0.7571071
0.9077138
0.797678
0.8191262
0.67393535
0.9176378
0.8265016
0.903927
0.91314864
0.7222519
0.86026216
0.6821883
0.73562026
0.46852356
0.88903946
0.8938328
0.84735334
0.7806584
0.7499156
0.8542307
0.75468975
0.9310316
0.7666682
0.6653165
0.9012579
0.84199476
0.86018264
0.71801686
0.9360693
0.95019865
0.8058337
0.8997367
0.90869975
0.8872515
0.60371494
0.56969535
0.8047814
0.6862504
0.78606397
0.72007054
0.79926765
0.9083518
0.7561719
0.9388865
0.8491479
0.82667184
0.772904
0.90159947
0.6686724
0.9021167
0.7948901
0.9218588
0.9017811
0.7703743
0.5451184
0.8593818
0.8417849
0.7852543
0.82810056
0.68541783
0.7022033
0.80137587
0.89504945
0.72008383
0.7562762
0.7674264
0.7803279
0.7840962
0.7696395
0.86517066
0.93237966
0.74165857
0.689842
0.8443576
0.72164345
0.50361246
0.76103103
0.93471456
0.6034078
0.71204644
0.84205925
0.8883994
0.8478066
0.7355612
0.92990893
0.710543
0.6159702
0.87086815
0.7401164
0.8235272
0.6072677
0.70979273
0.6951762
0.7240335
0.8666374
0.77671033
0.7201829
0.8608178
0.8408624
0.83626765
0.8836952
0.48404408
0.9306192
0.77842116
0.9122139
0.6177746
0.70525473
0.94911665
0.89974695
0.8256476
0.86411357
0.7972702
0.8575395
0.87602884
0.7087333
0.5798138
0.86788225
0.7394833
0.8451709
0.827723
0.7409022
0.5915514
0.85961306
0.84650624
0.70867074
0.64473337
0.9540255
0.6170727
0.9132153
0.8991224
0.8036681
0.8744246
0.70376337
0.86479485
0.9012885
0.6856855
0.6809851
0.927292
0.785806
0.9153805
0.750368
0.78163296
0.7523811
0.7360195
0.73706895
0.7543265
0.72969306
0.8670362
0.9003911
0.936616
0.93686366
0.91219985
0.9672933
0.9273236
0.6533106
0.8196293
0.89273465
0.9071753
0.7607504
0.8189169
0.92608505
0.9261219
0.91371936
0.8669769
0.605973
0.89765036
0.8531867
0.6860775
0.8560801
0.75355214
0.78365594
0.75699776
0.68049145
0.94406587
0.9195411
0.74021095
0.7922686
0.75863755
0.7834412
0.83064735
0.8803233
0.90819407
0.90198016
0.9709973
0.70440006
0.9055871
0.89492047
0.94429064
0.7868776
0.8915561
0.8331623
0.92142177
0.82211626
0.6457457
0.9327784
0.94542265
0.957096
0.9638554
0.8458996
0.7576037
0.7865483
0.8442428
0.7171143
0.9003625
0.959285
0.70502937
0.94200516
0.94277185
0.8328651
0.94805604
0.7936038
0.8779529
0.8729572
0.71875757
0.7352249
0.71521604
0.6390527
0.88970697
0.9193329
0.80837756
0.8595388
0.8260435
0.8630748
0.8612906
0.8056551
0.78932005
0.73581934
0.76859313
0.90717596
0.79908925
0.8286075
0.69958144
0.7078408
0.4244366
0.7839682
0.8330657
0.8130134
0.87440526
0.8939278
0.65756714
0.6821867
0.95524037
0.87862664
0.9301294
0.8021823
0.5510272
0.76546097
0.8379103
0.74519914
0.5647823
0.8895826
0.57609224
0.63657683
0.549839
0.81250083
0.94096184
0.6033024
0.92567337
0.8482926
0.86644465
0.8712286
0.66550285
0.73999935
0.7222581
0.87930524
0.9600862
0.87186074
0.79662687
0.7684244
0.56001085
0.9029733
0.84806913
0.67196244
0.7235351
0.92577505
0.5363592
0.8005891
0.12821694
0.772556
0.859183
0.77613276
0.7357545
0.93332005
0.7165767
0.8245888
0.88727033
0.7310529
0.82168555
0.83486736
0.8312179
0.89478505
0.74638355
0.8168959
0.8650363
0.9402975
0.57026654
0.96011925
0.54609764
0.7997899
0.9606575
0.91863185
0.85113657
0.834761
0.9566995
0.80783314
0.5894912
0.9251837
0.86769944
0.9099545
0.8038635
0.7677217
0.5644746
0.84238017
0.888796
0.83420026
0.90288407
0.7210955
0.83525586
0.9223781
0.8528359
0.85609657
0.86759496
0.8856015
0.7316127
0.80490136
0.81436217
0.8180363
0.9000069
0.8215204
0.9297085
0.7216224
0.5578597
0.82620466
0.9108857
0.84127414
0.9012923
0.88533235
0.8613095
0.80608654
0.8639389
0.86574924
0.8576504
0.86473393
0.6753537
0.80735993
0.95145035
0.93032086
0.67961824
0.86141753
0.7588831
0.7662278
0.9204181
0.8807426
0.93506193
0.72260183
0.58120584
0.87578416
0.9529768
0.7377744
0.7822404
0.78939134
0.8427441
0.8623255
0.85686517
0.8626462
0.93776673
0.87070036
0.8628803
0.83469695
0.67718863
0.7709049
0.3427074
0.41294453
0.8018842
0.6401322
0.71576804
0.8929246
0.48137525
0.91130805
0.909195
0.85899526
0.8654584
0.9064874
0.9225437
0.71397793
0.757766
0.6404187
0.88753164
0.8640903
0.97366416
0.9397934
0.83094746
0.93208116
0.912259
0.92700386
0.690358
0.60896665
0.8180631
0.91093624
0.6374357
0.67822164
0.83330727
0.7300941
0.8357473
0.83590543
0.7795572
0.86213136
0.95935196
0.89868003
0.5152796
0.64709896
0.84456795
0.94690406
0.71742594
0.9236075
0.83444625
0.7007494
0.85116786
0.91619104
0.739294
0.80643314
0.7253961
0.9172231
0.6148065
0.82127976
0.9529813
0.72977054
0.60359585
0.9178978
0.36914203
0.8248999
0.9113593
0.8876719
0.89680976
0.90149367
0.7190443
0.8567486
0.961238
0.8827073
0.86385494
0.7891653
0.7485687
0.7893971
0.96911657
0.7999973
0.94819546
0.74070877
0.7144855
0.81998104
0.8777362
0.8313005
0.9436439
0.8093359
0.64920783
0.705298
0.93796206
0.808445
0.86664855
0.7038501
0.9389472
0.9245102
0.7234109
0.62704563
0.9510423
0.93318164
0.7978165
0.7210219
0.79938984
0.4643787
0.88068426
0.92612374
0.6896728
0.89396214
0.7174275
0.85570073
0.7088613
0.8558014
0.6315448
0.814445
0.8422028
0.9565604
0.86013186
0.82703733
0.7596766
0.9164715
0.81931674
0.581748
0.84595114
0.8014794
0.8256991
0.66472596
0.73595107
0.6628635
0.81367815
0.8327492
0.6763301
0.75158024
0.6658118
0.8795731
0.72183156
0.94838506
0.77794546
0.8324958
0.90871483
0.92773795
0.8202744
0.7775317
0.88554573
0.9455118
0.91212755
0.8359545
0.9370245
0.94179446
0.72965723
0.9162581
0.94314814
0.798586
0.88201636
0.5674655
0.7987319
0.9132489
0.8926767
0.7554379
0.8930502
0.629062
0.7167981
0.60269046
0.92981434
0.8779269
0.8331517
0.8019856
0.95435196
0.7401986
0.79029286
0.661311
0.6620534
0.7594566
0.9014076
0.8316064
0.8741968
0.65670556
0.8938042
0.8871196
0.9290536
0.8817928
0.70421505
0.6628535
0.6208773
0.88531584
0.6703472
0.838314
0.86743224
0.47960132
0.75386584
0.8045653
0.7108989
0.7096902
0.86637104
0.7436589
0.83982366
0.72950476
0.8918539
0.8715058
0.63661236
0.9210428
0.62279177
0.9506133
0.91050255
0.74018455
0.90391153
0.96229756
0.92685205
0.8690254
0.91468596
0.5631852
0.86550826
0.88539594
0.80979174
0.8959428
0.8672223
0.850551
0.86021423
0.73649895
0.7482412
0.9459209
0.9205644
0.9151331
0.83183074
0.6380366
0.95754397
0.814301
0.8674737
0.91910297
0.85973513
0.8829261
0.5897734
0.84775716
0.9051862
0.49649212
0.72537297
0.94267106
0.84812367
0.75615656
0.79649144
0.71294224
0.8385375
0.63564765
0.82812786
0.90951455
0.68615043
0.71137154
0.87195146
0.78108007
0.54607385
0.83423895
0.9387929
0.7729113
0.41957754
0.91206217
0.92201895
0.8725768
0.7712756
0.85794353
0.9451427
0.8546566
0.8465324
0.7957893
0.92930645
0.95228755
0.8344346
0.89187133
0.92793477
0.8558568
0.8941525
0.7363979
0.8273258
0.7959304
0.71375495
0.9261682
0.42994195
0.7869272
0.7914507
0.7933156
0.7738266
0.7002072
0.9762791
0.8896719
0.89780444
0.858621
0.94586146
0.91977346
0.82990366
0.96003413
0.6408121
0.68448555
0.8952022
0.72335595
0.7875438
0.90152824
0.78163207
0.82304245
0.8268623
0.85034204
0.83583593
0.8987124
0.89976573
0.9048485
0.58631796
0.7836739
0.9050048
0.8199923
0.91900647
0.82956445
0.8158341
0.833802
0.57953846
0.93058443
0.8394409
0.84507716
0.8394
0.83567894
0.8257597
0.7657399
0.83644044
0.79192793
0.9408097
0.8346896
0.9054742
0.7904652
0.74952793
0.86134374
0.8009496
0.8495521
0.83153766
0.758781
0.9207603
0.845276
0.84404784
0.93205106
0.8672702
0.6305449
0.86970806
0.8393513
0.67170894
0.86879265
0.7125945
0.61620486
0.72579837
0.6646942
0.927986
0.74440455
0.8550182
0.7660449
0.43074667
0.8552992
0.8284642
0.87976253
0.7347053
0.87995356
0.8024457
0.61781573
0.74277073
0.83201367
0.6794641
0.84946346
0.8223578
0.74258775
0.76067364
0.83479774
0.906739
0.85664487
0.78561044
0.8971305
0.6720292
0.66963696
0.8424564
0.75328517
0.5397084
0.88631296
0.8238162
0.7593225
0.8925848
0.74613726
0.91071904
0.8380666
0.8706018
0.846155
0.9454211
0.82817376
0.73605585
0.5223953
0.8390387
0.80784357
0.41862535
0.8582391
0.76188797
0.9706066
0.9510525
0.8556262
0.96014607
0.7373727
0.9428376
0.95569324
0.79141897
0.86858946
0.8968377
0.8032097
0.9073652
0.83758265
0.91729355
0.94976145
0.88598907
0.9301634
0.9160943
0.95027757
0.9718669
0.72732687
0.83361715
0.82329404
0.89833724
0.87995994
0.7085608
0.9367384
0.97541684
0.9549161
0.80833244
0.85999787
0.7645927
0.86958784
0.9403457
0.8036628
0.89429504
0.8575616
0.8267082
0.8693986
0.896512
0.6370078
0.8508377
0.5135187
0.83889276
0.871637
0.9437801
0.9301808
0.84746885
0.80443394
0.8925148
0.7678932
0.66456145
0.70285505
0.28582615
0.6475967
0.7220468
0.7918741
0.7478968
0.76335937
0.7415068
0.74314666
0.80447894
0.78019106
0.893537
0.7865291
0.803804
0.91101414
0.8293625
0.7057152
0.8194287
0.7547335
0.9412632
0.86707085
0.8387794
0.8713493
0.7810266
0.946724
0.8601592
0.7112136
0.9095032
0.7824687
0.72319597
0.87007344
0.60972095
0.86241555
0.9278425
0.88272023
0.79511464
0.95217395
0.67147934
0.9055764
0.836806
0.64114946
0.92412376
0.8391547
0.7595033
0.9570663
0.95536685
0.81171393
0.65132797
0.6779572
0.50575364
0.8026227
0.62990475
0.7666479
0.75753117
0.8789961
0.66330385
0.8108726
0.7295131
0.88966554
0.61891305
0.831011
0.6093204
0.775355
0.56641465
0.75568545
0.8312728
0.7950664
0.5635125
0.8879595
0.7778826
0.8356692
0.8465925
0.7464663
0.8748721
0.76120096
0.9588896
0.7381743
0.7907926
0.8607618
0.6243051
0.7412798
0.6216125
0.83961296
0.91367817
0.72609615
0.7912989
0.685513
0.7023777
0.8145137
0.8828701
0.75886
0.53288394
0.7704444
0.7105
0.7832828
0.86804366
0.8659399
0.79602027
0.84137005
0.9400027
0.89834565
0.8783369
0.9124136
0.6853484
0.9267426
0.8730204
0.8188871
0.7797587
0.91480374
0.7812943
0.86113477
0.87778795
0.71318465
0.7660353
0.7340695
0.60207605
0.95723194
0.6661259
0.75823945
0.78396136
0.8368726
0.7972004
0.76539785
0.84834784
0.865041
0.9153903
0.7094886
0.71659636
0.80952823
0.94485974
0.94522434
0.48027575
0.8625023
0.82369757
0.950037
0.8479942
0.8451829
0.8749611
0.8902881
0.7632116
0.8563609
0.8320243
0.97084975
0.76660407
0.9270181
0.85960305
0.8965666
0.9327155
0.6699797
0.8946815
0.9387603
0.88536036
0.9505655
0.46890575
0.8003315
0.9015093
0.9303306
0.84231514
0.8788197
0.86337197
0.9153745
0.9400755
0.689148
0.8712249
0.91817874
0.95395356
0.8344624
0.8922305
0.86198556
0.7253695
0.9285821
0.9148438
0.9213623
0.87035143
0.69782615
0.71681124
0.8033797
0.79619634
0.9100002
0.80690116
0.8566092
0.8726622
0.7169315
0.8464883
0.79108715
0.86311626
0.84445065
0.87914467
0.7828937
0.9474149
0.9033202
0.89704514
0.87727815
0.8639663
0.7256466
0.9543458
0.7422571
0.79682004
0.5992204
0.8231038
0.90557456
0.43866754
0.6054592
0.79395014
0.6197528
0.89009583
0.7841035
0.81886303
0.9435158
0.8345992
0.87485486
0.8127724
0.95203674
0.88242924
0.7779345
0.8518547
0.81346977
0.70232785
0.88678944
0.6480876
0.76604664
0.6667049
0.91084903
0.6411894
0.7981195
0.8920592
0.7609286
0.73666835
0.7636949
0.6879574
0.8739194
0.87540084
0.84412235
0.8639258
0.5988531
0.6414268
0.9428732
0.60467464
0.9401908
0.90973234
0.9082876
0.6234143
0.8661575
0.5291634
0.8468164
0.8117789
0.8620094
0.85927665
0.7798715
0.7351143
0.9213891
0.96611524
0.76411396
0.56977826
0.9721036
0.6893051
0.7898291
0.85024184
0.84557104
0.6984674
0.80876815
0.7801559
0.93024504
0.8787856
0.87361425
0.7724774
0.82311493
0.81090665
0.8556237
0.58285874
0.9425186
0.5036815
0.89273274
0.89187825
0.9067676
0.65241444
0.89848673
0.6956899
0.7097789
0.84364235
0.80187106
0.9338538
0.81290436
0.7453507
0.86603737
0.6777721
0.9742708
0.9528672
0.8534453
0.7976278
0.76753205
0.8310355
0.571719
0.8539996
0.8525111
0.94911766
0.9241781
0.9556543
0.7782297
0.7740428
0.91733325
0.8877765
0.84537816
0.69220793
0.55108917
0.7849757
0.9599555
0.4578303
0.9609505
0.7520714
0.79859364
0.8457368
0.6357262
0.8528356
0.86651075
0.7214492
0.94345796
0.88572717
0.7904012
0.8424388
0.88899255
0.8504468
0.5347535
0.8787625
0.8186493
0.89246655
0.7041701
0.8088259
0.8518083
0.89283395
0.9169778
0.82380474
0.9381645
0.8734304
0.76925665
0.77403903
0.74655586
0.7752342
0.75503737
0.80889803
0.7721851
0.95140314
0.747517
0.7524961
0.9698851
0.7721313
0.7953419
0.77233267
0.9467573
0.8010474
0.737134
0.48754713
0.89907074
0.9201123
0.9422361
0.82213956
0.96130764
0.81889784
0.77236134
0.8815211
0.9034414
0.92990714
0.71634614
0.9669646
0.57082176
0.89155376
0.8865509
0.68048126
0.90474397
0.8012247
0.9178115
0.8394098
0.70305383
0.8576821
0.862243
0.93160886
0.73683304
0.7741776
0.92491984
0.8059075
0.68935907
0.931559
0.7750644
0.7198761
0.9140679
0.760717
0.93356633
0.90942454
0.8365178
0.73642516
0.8890952
0.8124815
0.9600057
0.7216747
0.9122147
0.95169365
0.9454227
0.7471541
0.8653632
0.8140189
0.8180914
0.9381974
0.9607821
0.9099406
0.75830394
0.8065168
0.8503566
0.9284117
0.7563138
0.9351535
0.828548
0.9096999
0.8720132
0.717304
0.8915303
0.7997618
0.6088544
0.7624126
0.7113551
0.8781737
0.8747323
0.9043453
0.8723298
0.86589336
0.834534
0.7696528
0.9442446
0.73796165
0.76528287
0.5517484
0.76409113
0.8649902
0.9592638
0.8300358
0.9194171
0.955329
0.82274854
0.7895171
0.91277933
0.84378695
0.6227962
0.8053582
0.7018381
0.7939014
0.67511976
0.62072986
0.82956874
0.92222357
0.8304416
0.6751946
0.80681515
0.89299035
0.79076993
0.68864363
0.88106376
0.97060496
0.70001024
0.83024114
0.7707413
0.69785035
0.8709099
0.89538753
0.8672408
0.7531246
0.82259786
0.6614425
0.80109704
0.7679011
0.9078805
0.91235644
0.752663
0.4529743
0.7790214
0.7188166
0.7506908
0.46354806
0.9359001
0.76076156
0.7321398
0.586431
0.9272294
0.8516033
0.78832024
0.75903225
0.7961577
0.8888384
0.9276828
0.8982557
0.82979405
0.8839544
0.8126273
0.7804593
0.6582012
0.7637453
0.8361443
0.66260207
0.7599791
0.8609949
0.70002866
0.8954704
0.9005607
0.66669786
0.8283291
0.6619391
0.79724956
0.78973085
0.8455209
0.636743
0.7272433
0.81443727
0.76296693
0.96739775
0.8693628
0.9554465
0.93165797
0.88979274
0.7032696
0.9302634
0.57106733
0.9054173
0.7568703
0.70267844
0.8440956
0.8635369
0.9025567
0.94000703
0.92197716
0.35284692
0.7658719
0.82757515
0.8050348
0.82961315
0.87720776
0.8430189
0.96597457
0.90112305
0.80870014
0.5534163
0.7765519
0.71891624
0.79305613
0.6880414
0.7379643
0.6772567
0.8311519
0.82828385
0.804032
0.5590324
0.66706985
0.78349024
0.7911163
0.46575245
0.72622937
0.4666407
0.7581453
0.88886744
0.9104395
0.87658286
0.7587272
0.7490606
0.9146892
0.8407155
0.91628414
0.74121696
0.91176796
0.9122408
0.7639676
0.7060606
0.9554323
0.64896536
0.73231196
0.8880577
0.74643886
0.63782924
0.8640297
0.7683877
0.9009372
0.6757834
0.84526587
0.9406219
0.8357082
0.854026
0.67299515
0.8006878
0.90445143
0.70125246
0.85520214
0.8279091
0.83028233
0.9508837
0.8984418
0.8384331
0.9545294
0.68291104
0.9040018
0.7779624
0.85915834
0.7848826
0.6748849
0.8119668
0.7412821
0.7606976
0.8865229
0.9349369
0.8027596
0.929929
0.8778894
0.90425086
0.8765862
0.8201826
0.93294245
0.9448451
0.8948401
0.86627555
0.8755424
0.6674678
0.7853104
0.8562928
0.950207
0.8188853
0.7252131
0.6124231
0.82282597
0.9637604
0.8543836
0.69295853
0.72720134
0.8294655
0.7890735
0.8809885
0.6878326
0.77225643
0.93896896
0.58335215
0.9214502
0.8653103
0.8751151
0.7771332
0.9054159
0.6480224
0.70559734
0.68160474
0.78462005
0.84151226
0.68436396
0.8251862
0.65486103
0.8199748
0.9458548
0.8115947
0.6910982
0.63844436
0.7489232
0.9243076
0.65807164
0.76322126
0.74207103
0.919548
0.9481907
0.80809015
0.89023
0.9391459
0.9589025
0.8910337
0.9023243
0.92616045
0.8117673
0.90903765
0.9069269
0.6482037
0.8938182
0.6508383
0.7861851
0.8397151
0.9035107
0.8319828
0.80795836
0.9113248
0.861065
0.7857433
0.65301627
0.78280574
0.90459013
0.8299589
0.79832315
0.84394765
0.8263184
0.9185231
0.8281812
0.7767497
0.7426671
0.85092366
0.8897591
0.91777843
0.65359205
0.9659637
0.89580894
0.87124556
0.72544366
0.73086315
0.919355
0.85682964
0.7864721
0.8715428
0.8913976
0.9396777
0.79607415
0.65019006
0.8362175
0.776745
0.7979244
0.74809945
0.7964523
0.898584
0.8852396
0.9463772
0.8210125
0.90386194
0.86460567
0.7108983
0.710448
0.8084348
0.5856123
0.8285004
0.8422756
0.83837724
0.902499
0.87978864
0.88167465
0.87148124
0.90232813
0.7793281
0.869225
0.8395529
0.710664
0.43119264
0.7725159
0.9178979
0.8641059
0.8457637
0.88654244
0.90009725
0.7810048
0.91627246
0.5495845
0.6544187
0.7128073
0.9431225
0.65814334
0.94256574
0.7801844
0.5647489
0.8392813
0.62503755
0.7633387
0.9014338
0.75843555
0.7636654
0.6979959
0.5453634
0.6746186
0.97517043
0.8382114
0.926298
0.72351044
0.8389454
0.5595518
0.820929
0.8448256
0.86556274
0.8949552
0.8352157
0.9408422
0.7552154
0.9558397
0.8220109
0.8030433
0.68496823
0.7646422
0.7591139
0.8925717
0.76807815
0.5953999
0.8930568
0.7386984
0.7980396
0.79054034
0.7657333
0.97394085
0.71947813
0.72273284
0.68922925
0.8764463
0.8731978
0.85141045
0.9186875
0.7260561
0.62142
0.8916176
0.92702633
0.9336385
0.78028595
0.8016647
0.447483
0.8946346
0.91328233
0.8435186
0.7404061
0.94736695
0.76566565
0.8094839
0.8639579
0.699396
0.6815717
0.83356005
0.77799773
0.9418699
0.4683017
0.75089204
0.7926458
0.84517425
0.9113392
0.5233108
0.64276534
0.8329247
0.885067
0.6875018
0.6924607
0.9566138
0.9328816
0.8984485
0.86573
0.640344
0.9593675
0.7411645
0.8945036
0.76605386
0.8997091
0.5005324
0.69246453
0.8543282
0.8119936
0.76442456
0.6864194
0.8138009
0.83595216
0.88854337
0.8564723
0.9441466
0.8147013
0.7177047
0.9526497
0.8369579
0.62983906
0.9134271
0.73995066
0.8846481
0.8833226
0.8886172
0.80721575
0.8593336
0.6826457
0.7923956
0.7750194
0.7266043
0.282877
0.8192652
0.8641094
0.719711
0.80843383
0.92089903
0.61044806
0.77438813
0.9010965
0.8208824
0.77947843
0.8858266
0.8127962
0.81201476
0.94371074
0.84828466
0.6968177
0.96663284
0.87034607
0.866508
0.6986642
0.8054496
0.8366027
0.584467
0.6580076
0.90625525
0.76641905
0.79679966
0.8516526
0.91111684
0.82482153
0.91812044
0.8176656
0.8392896
0.8008938
0.88030374
0.94543916
0.78337663
0.7725202
0.9125281
0.7781064
0.9468857
0.852158
0.6123936
0.9399003
0.8740519
0.881071
0.7409316
0.9316235
0.7882599
0.79661036
0.81372726
0.8227678
0.85821605
0.70246816
0.7281422
0.79216516
0.8124714
0.80588275
0.75226766
0.67897344
0.8173554
0.9126483
0.7464745
0.92107403
0.85768676
0.6364969
0.82682335
0.84659636
0.46237743
0.7837666
0.9567491
0.9195384
0.94915783
0.8626971
0.708946
0.7599422
0.8057985
0.917267
0.8315998
0.40582922
0.72032917
0.86832505
0.90089226
0.87193745
0.66214764
0.8007117
0.6060091
0.69292647
0.9297718
0.8888789
0.9029271
0.88608956
0.7452633
0.9327065
0.84635097
0.90928805
0.9228234
0.8994436
0.80419475
0.93179005
0.76337105
0.934265
0.9233938
0.8019016
0.8740033
0.77325374
0.80751455
0.97326255
0.9317644
0.5650172
0.8725431
0.74856985
0.7158919
0.9357334
0.9638257
0.7463553
0.8951824
0.9112988
0.78669375
0.8564707
0.8969687
0.8716822
0.90330863
0.6705605
0.73826444
0.95057946
0.8506364
0.65762174
0.55821455
0.9560132
0.8936813
0.8265298
0.6945567
0.7173459
0.9247811
0.8067956
0.96526873
0.7868792
0.8669395
0.71027887
0.87360495
0.98112106
0.8864727
0.8422712
0.6843443
0.8484316
0.85795933
0.90114117
0.74026704
0.8278321
0.5610291
0.7668328
0.8538772
0.77651477
0.8741387
0.82492965
0.83538604
0.90703464
0.8023313
0.93522024
0.85140216
0.8352124
0.85493374
0.8126893
0.9259486
0.68270266
0.7955229
0.8674498
0.882391
0.9086163
0.9678196
0.69506407
0.8363402
0.6837004
0.93903637
0.8256967
0.8749404
0.9625709
0.59496737
0.8113236
0.87706137
0.80780673
0.703344
0.87881535
0.9152459
0.76583064
0.75501835
0.80736583
0.8699826
0.90196586
0.7209415
0.8668307
0.9019519
0.95228565
0.6826036
0.6463816
0.89531296
0.9091478
0.88120383
0.8432184
0.8053476
0.9205272
0.64733773
0.8801185
0.81399983
0.95070577
0.87433684
0.96773404
0.89536965
0.91114837
0.7638296
0.8398096
0.6242855
0.8069744
0.6215897
0.8139726
0.8710594
0.8391416
0.8637445
0.7893421
0.78477323
0.5231073
0.7027595
0.6695671
0.7247274
0.93779093
0.7461672
0.7932359
0.85528517
0.92189795
0.7749913
0.7941977
0.869835
0.66618556
0.8095285
0.9244444
0.7582258
0.87759686
0.6689289
0.8134411
0.9105639
0.9005336
0.9491188
0.9120496
0.8791909
0.6770719
0.6480808
0.7937133
0.9097158
0.8320101
0.9085566
0.8023743
0.78465116
0.8883872
0.9246328
0.82029414
0.47003704
0.9313669
0.8708395
0.8149564
0.9166368
0.76142764
0.7381128
0.7223631
0.7217456
0.86388147
0.94376844
0.7847431
0.84529495
0.9423276
0.7742361
0.94416606
0.6707016
0.76675737
0.92495924
0.64982224
0.93929195
0.900954
0.90608317
0.68983763
0.87357885
0.81386787
0.6349408
0.7754379
0.89967245
0.8498924
0.5749805
0.91729695
0.8173516
0.78757423
0.7535284
0.85778946
0.78240633
0.74292463
0.69274133
0.8736266
0.76271975
0.87674993
0.8273983
0.76008326
0.9438757
0.69986176
0.8204742
0.80140424
0.8228318
0.9647934
0.86232793
0.909911
0.96088916
0.76620626
0.792621
0.8118786
0.72264963
0.7894247
0.91724813
0.83998185
0.9103118
0.73053503
0.8860992
0.78086334
0.76671433
0.9397968
0.7376951
0.78000295
0.92506886
0.9274881
0.82819873
0.84120816
0.8004237
0.9368838
0.79933417
0.43839228
0.90907264
0.90994847
0.70865226
0.7995361
0.83889544
0.90681034
0.82122725
0.8572308
0.86394453
0.875462
0.9195757
0.9123002
0.96308255
0.8563913
0.7056544
0.88732153
0.8603349
0.92155933
0.96812767
0.7981083
0.948164
0.6302366
0.68989974
0.7781004
0.8874065
0.9071197
0.65267247
0.9008255
0.7847212
0.9791929
0.8797552
0.7201803
0.91012746
0.87302697
0.80257004
0.5934726
0.8975239
0.6807466
0.89167094
0.81480837
0.7252891
0.38520882
0.87918013
0.73779297
0.94592583
0.91198033
0.87667215
0.6756396
0.9169985
0.68884254
0.8063941
0.71519244
0.7748409
0.3714
0.8369125
0.85522497
0.8032889
0.8032712
0.8935701
0.9121212
0.89775336
0.7494487
0.90471965
0.74504435
0.8273066
0.5899372
0.79984915
0.71767294
0.91268647
0.38313454
0.9248944
0.8866043
0.7858318
0.90915596
0.82250917
0.77211934
0.9375795
0.7163044
0.89342165
0.9128742
0.82281995
0.95527613
0.47262907
0.78234977
0.87921184
0.8737956
0.8394816
0.5637708
0.72697234
0.7178388
0.8533972
0.929424
0.85166824
0.7766525
0.75822026
0.8479305
0.81885517
0.85848993
0.8148697
0.8628155
0.75797313
0.9006573
0.84772134
0.77321184
0.83761615
0.9187878
0.87724227
0.899224
0.7870202
0.82798284
0.7041895
0.76700103
0.8363325
0.6966524
0.795684
0.70942736
0.6424403
0.8740169
0.7767554
0.95430934
0.7964248
0.78389734
0.6410889
0.8239637
0.781073
0.6672341
0.7700561
0.7715524
0.7124506
0.9544697
0.8520596
0.8674283
0.89826804
0.972706
0.7979926
0.8251486
0.9363361
0.50017935
0.89489603
0.9011915
0.64943755
0.81163156
0.93813145
0.84273773
0.6834448
0.8987862
0.6780484
0.8012569
0.88359946
0.85071975
0.8315845
0.6977433
0.86689264
0.8870021
0.8840378
0.8159443
0.8986925
0.91526747
0.7433669
0.8720186
0.86405754
0.60562235
0.84413844
0.8482559
0.9375202
0.90926766
0.90013933
0.870402
0.76475316
0.6971524
0.82841384
0.80039024
0.87710875
0.8895419
0.96260273
0.8711566
0.9375381
0.7798152
0.8677925
0.8516487
0.8096628
0.84551233
0.72618085
0.72160983
0.5084478
0.91725916
0.8673545
0.8220381
0.9125719
0.7909135
0.67319745
0.5447184
0.9544534
0.7122643
0.7246683
0.9110042
0.80836916
0.86035043
0.93114585
0.9002659
0.7411115
0.9062346
0.68972105
0.88917905
0.8321309
0.86079127
0.726663
0.87516713
0.8042163
0.7331086
0.7741308
0.68204206
0.8405763
0.9738561
0.77979803
0.6508923
0.71439004
0.88643235
0.75202566
0.85645777
0.9378165
0.63463515
0.83927214
0.8937515
0.86666495
0.8987007
0.7994504
0.912581
0.8488904
0.91914856
0.81607777
0.6810338
0.8993136
0.89580536
0.86543024
0.85771495
0.6399803
0.7463287
0.7947937
0.8899619
0.72456604
0.87007356
0.75003105
0.87582207
0.6605915
0.94747424
0.66684973
0.84626746
0.9164719
0.83376193
0.7515171
0.75993097
0.8661825
0.95793366
0.6825405
0.721478
0.83239317
0.74846303
0.75040466
0.6715288
0.79173017
0.9209971
0.50653183
0.69827956
0.80767685
0.93897337
0.8586929
0.94381136
0.576326
0.7763651
0.6934949
0.90800834
0.8922069
0.8199332
0.93658745
0.8388084
0.7964689
0.8424439
0.91369325
0.76807857
0.8719019
0.73471117
0.8411288
0.93771136
0.8815858
0.96550965
0.8996762
0.8826702
0.7825475
0.95589423
0.8680088
0.7842031
0.8616068
0.9136385
0.8086085
0.8743892
0.91718185
0.9136253
0.8756149
0.7533747
0.9221016
0.93083906
0.76364577
0.87485576
0.95666575
0.85890996
0.8993243
0.56425285
0.8046944
0.5002767
0.7476418
0.7821667
0.8444114
0.92749286
0.71982074
0.81914425
0.8370507
0.53390217
0.90425634
0.93338495
0.84660274
0.6499611
0.7101985
0.79673624
0.8339491
0.9661973
0.8339887
0.8222372
0.719404
0.8189917
0.9030526
0.6141968
0.96621597
0.91627294
0.86618984
0.8776214
0.7399458
0.73943865
0.91762364
0.93380725
0.80100805
0.9119119
0.675928
0.5398442
0.7868436
0.879173
0.8378714
0.88496125
0.72838557
0.8062419
0.8014262
0.848077
0.8776059
0.94215286
0.87036014
0.9301578
0.90267205
0.9557997
0.49050462
0.9574815
0.7256082
0.8186734
0.8013823
0.7127109
0.78550065
0.80729073
0.7236165
0.7288283
0.83152944
0.80186486
0.7095699
0.5232955
0.913814
0.64485073
0.550303
0.8321419
0.8623247
0.830006
0.71922123
0.8762429
0.91242385
0.71292543
0.87482065
0.9113463
0.94329906
0.9202139
0.75455964
0.96185374
0.58612853
0.77799463
0.8039084
0.86199903
0.92864716
0.7996005
0.64586407
0.9330652
0.73846817
0.8819331
0.6898159
0.90472806
0.80295277
0.818056
0.8046653
0.8503791
0.9140508
0.8570848
0.38679054
0.7706979
0.67146915
0.9269737
0.89446765
0.808499
0.9184251
0.9491501
0.82756054
0.94249594
0.75442994
0.84785235
0.5250693
0.86763835
0.85181123
0.7347742
0.7587786
0.74748623
0.8995026
0.5819427
0.9442547
0.84796935
0.656698
0.8452124
0.70562726
0.7497921
0.77538604
0.7876023
0.85045123
0.8668702
0.7281165
0.32282043
0.95472276
0.8127486
0.9436336
0.84568304
0.91114557
0.87771386
0.95949215
0.91007096
0.7818724
0.9441826
0.8147439
0.825194
0.8745123
0.973148
0.71745384
0.9669956
0.73855907
0.8916751
0.9604975
0.77404743
0.49768353
0.7787032
0.8398289
0.7072088
0.4751585
0.8379394
0.89174134
0.7855357
0.91179866
0.90924543
0.90364754
0.92120093
0.9402777
0.8435763
0.67497754
0.916862
0.86793077
0.7645118
0.8972855
0.744395
0.9163007
0.9288179
0.7985501
0.8660528
0.87671065
0.7775261
0.64532816
0.83594954
0.8894239
0.70717365
0.8897688
0.8391353
0.84013987
0.93610895
0.7612044
0.7559146
0.72846085
0.68782496
0.95613235
0.9291682
0.82772905
0.8589535
0.6810427
0.58469814
0.8025117
0.45903873
0.9219886
0.78692865
0.8668966
0.71797466
0.9025025
0.81712687
0.94417894
0.84937125
0.8379125
0.85817546
0.84024626
0.75798273
0.5117244
0.84964705
0.82624316
0.9368691
0.8799196
0.8567961
0.69296867
0.785597
0.7987505
0.776737
0.77655053
0.5917569
0.8260187
0.4666402
0.80138665
0.5741212
0.8086326
0.7672533
0.7953099
0.66776854
0.40894422
0.5243173
0.76063585
0.83696294
0.6988242
0.89406395
0.757777
0.72202027
0.90057045
0.9194197
0.83028436
0.71912783
0.9315092
0.9094464
0.7934811
0.853279
0.82904845
0.9181554
0.8031668
0.84051377
0.71802723
0.4196115
0.8243307
0.86594164
0.9136596
0.8977841
0.89638567
0.59804356
0.8639277
0.8577993
0.88779104
0.7443976
0.81504464
0.85196877
0.960575
0.8211904
0.77552444
0.89355224
0.8538423
0.9521917
0.85051346
0.82783747
0.90437824
0.9335193
0.6392113
0.9329828
0.66855943
0.9314387
0.8465219
0.83500266
0.7641578
0.82372844
0.8540951
0.92574114
0.6754512
0.9716704
0.8026614
0.74987197
0.9156642
0.78357023
0.76214284
0.8960959
0.7068882
0.7858049
0.86251193
0.7217885
0.8699222
0.8404125
0.69422555
0.83019036
0.7978177
0.6757109
0.7685524
0.85526186
0.86010647
0.66908973
0.9326234
0.73147106
0.8712452
0.958841
0.71880627
0.7653625
0.8825902
0.4733758
0.7748746
0.7818883
0.92720574
0.85844725
0.8494342
0.6646884
0.6959473
0.8531715
0.8968924
0.6381707
0.7598898
0.88314074
0.89015746
0.69885385
0.599485
0.5834878
0.78192115
0.7895387
0.9577038
0.9605981
0.6527089
0.58129394
0.792183
0.85987806
0.7700994
0.91030276
0.8365882
0.7768329
0.86190295
0.88442785
0.8078884
0.9638419
0.87806994
0.7221809
0.6632093
0.9455814
0.68724537
0.64586407
0.75050676
0.8967032
0.6948956
0.9500055
0.74209327
0.9055286
0.903408
0.9018425
0.5510798
0.900436
0.9120584
0.55319387
0.5669482
0.92617977
0.79884124
0.7972192
0.7333455
0.47771928
0.71593523
0.6620163
0.929355
0.88865393
0.9146129
0.8065249
0.8944625
0.58117
0.9293505
0.67728996
0.7322625
0.95794123
0.8238547
0.9022936
0.9480377
0.8794352
0.91942
0.8770282
0.8422512
0.8505069
0.7901993
0.9218467
0.77622956
0.6524146
0.7625635
0.70155066
0.8360595
0.94573313
0.7591509
0.88520837
0.82241994
0.9296049
0.94135046
0.30214098
0.73169386
0.7380918
0.81832856
0.86150205
0.9246872
0.93811274
0.91499686
0.82707727
0.7591102
0.6257754
0.6783093
0.9243165
0.6808918
0.7068172
0.8368525
0.9227241
0.72625244
0.75576586
0.8839679
0.9271977
0.72503024
0.6699781
0.9089527
0.71134126
0.81105614
0.8575493
0.930378
0.915443
0.8607614
0.8771958
0.901801
0.7990683
0.81259274
0.82443655
0.78584653
0.6063542
0.7379068
0.6923152
0.7120314
0.89228046
0.88124377
0.79572964
0.9218365
0.7305287
0.85701764
0.94246715
0.8432652
0.8116711
0.63074493
0.84327215
0.91252214
0.8747025
0.61923397
0.84963596
0.71619385
0.951293
0.9341094
0.91625565
0.9352139
0.92516416
0.83034104
0.9034258
0.73348635
0.8412327
0.86881673
0.8048775
0.6795878
0.9238367
0.84688383
0.6763131
0.8501481
0.65006226
0.89186037
0.9009572
0.7959118
0.7640325
0.80985504
0.76356333
0.7512257
0.9207072
0.90596694
0.9094252
0.91864216
0.93730265
0.85194004
0.9312981
0.8038067
0.8865401
0.79563105
0.642222
0.72053885
0.8916524
0.71202564
0.9818652
0.7963846
0.9243763
0.6213012
0.95104235
0.72153115
0.8526292
0.77845424
0.89425284
0.90764016
0.79097646
0.9240892
0.817514
0.68544143
0.6666623
0.88887906
0.6813479
0.8424305
0.92363906
0.8021634
0.85339063
0.7727343
0.97352403
0.9250206
0.68321514
0.9401166
0.6822595
0.94623953
0.78729284
0.8227019
0.80691665
0.737631
0.8858142
0.9180243
0.9787706
0.95981324
0.7668848
0.9386176
0.8879753
0.8687611
0.8233509
0.7432282
0.6123715
0.67022437
0.8711771
0.64548755
0.8846406
0.8628775
0.5436162
0.7828239
0.5709369
0.70430684
0.7966641
0.85677314
0.5786288
0.8645519
0.7886275
0.43498453
0.7175953
0.6709069
0.7048133
0.8750037
0.9222525
0.9150882
0.9472461
0.8775307
0.9312831
0.6619075
0.95633715
0.84908897
0.9596897
0.80257136
0.7550352
0.8320965
0.79282403
0.6706861
0.78107643
0.9385729
0.6262926
0.840248
0.7201081
0.74827766
0.68976104
0.56550664
0.7135706
0.86179054
0.78901803
0.8089509
0.854775
0.9555775
0.7461194
0.7006721
0.80778337
0.8508099
0.4398913
0.6574608
0.9441644
0.73181987
0.8540079
0.9634109
0.25714254
0.86315185
0.8988677
0.935554
0.65584683
0.8374181
0.9183955
0.8078731
0.8596193
0.75234246
0.81252444
0.7883381
0.8052423
0.9209639
0.6148609
0.8298568
0.77139074
0.7393489
0.74474823
0.9464234
0.73269695
0.7359362
0.90540177
0.86587983
0.9132904
0.69381833
0.7392057
0.8065294
0.87297386
0.77950114
0.9058569
0.82007384
0.7900205
0.75250626
0.8580694
0.813196
0.92353404
0.7952803
0.8853768
0.76690006
0.91645193
0.8755388
0.8950435
0.83765024
0.7599468
0.68386996
0.9123069
0.7857839
0.95965004
0.92303693
0.8774322
0.8899693
0.90116394
0.6495076
0.72246855
0.79125863
0.7944336
0.84250844
0.87894064
0.82615167
0.9262987
0.6353657
0.8317501
0.6163791
0.888324
0.8267556
0.8635443
0.7924186
0.57180357
0.84326065
0.67192686
0.8687831
0.8601738
0.49799928
0.80268127
0.6515568
0.9483075
0.88581455
0.88434345
0.8258193
0.8430376
0.8958788
0.8718621
0.23377043
0.8821577
0.89450717
0.831118
0.9228566
0.9351249
0.907721
0.85396767
0.910721
0.6208137
0.9488797
0.9259339
0.9360421
0.777362
0.9354155
0.9669093
0.858683
0.8334158
0.7534647
0.94260985
0.9212938
0.90750796
0.9543688
0.95782095
0.7296784
0.9214436
0.89295816
0.8605983
0.8182945
0.7931969
0.7975941
0.9469058
0.52357054
0.8704438
0.8610349
0.73552746
0.9241128
0.89643574
0.8616296
0.93362826
0.8417201
0.5317272
0.77078694
0.85991883
0.86786526
0.9030504
0.7333927
0.7203015
0.9223892
0.8760072
0.93291456
0.8267798
0.8893294
0.7004647
0.91239995
0.7301668
0.7933434
0.86411715
0.6909546
0.790415
0.73438364
0.8210742
0.8386532
0.8396245
0.8427366
0.8025161
0.8801727
0.8413496
0.91889715
0.9501405
0.7383866
0.8368775
0.795069
0.898734
0.7083725
0.94205797
0.80915594
0.7414146
0.92139804
0.67532176
0.81429803
0.760296
0.89241195
0.84703135
0.843554
0.76124597
0.90136325
0.834275
0.7678237
0.91678625
0.80225915
0.63286895
0.85558134
0.89942217
0.84421325
0.73827595
0.94614744
0.90585494
0.84562784
0.7548284
0.6341594
0.8889705
0.7636715
0.9293307
0.8311945
0.90535355
0.8794068
0.6269317
0.7929776
0.7787047
0.7335417
0.81579137
0.7834519
0.8305673
0.73974335
0.55090564
0.8946704
0.3310442
0.87883997
0.8494433
0.5449388
0.7784375
0.8377014
0.4951651
0.9596185
0.8338827
0.8378232
0.9563086
0.88391435
0.8164559
0.9383685
0.7752624
0.8388833
0.81854534
0.79594684
0.929809
0.8368149
0.62698513
0.74545884
0.96055245
0.70888084
0.8564055
0.8387239
0.8070015
0.7040235
0.56439173
0.8147531
0.87154126
0.83288103
0.95084375
0.75816125
0.8132083
0.7870554
0.8350596
0.74289495
0.7322264
0.66420066
0.7854548
0.9243778
0.7487507
0.9102377
0.8535249
0.90617275
0.6189725
0.8469598
0.4964078
0.955389
0.9114414
0.69961977
0.73727596
0.89329255
0.94635206
0.8439982
0.8425966
0.7521468
0.78803855
0.8379997
0.7268679
0.7135288
0.83311796
0.8528541
0.65511686
0.92272425
0.7642841
0.7335001
0.94888794
0.7803782
0.94731313
0.87775034
0.80965406
0.8552493
0.90163106
0.7105403
0.8369484
0.767501
0.79201996
0.8935965
0.7311791
0.8340749
0.67332786
0.8619655
0.8304782
0.79432446
0.8228989
0.95051
0.8279343
0.77968824
0.7437817
0.8056904
0.7450685
0.91565955
0.71492994
0.7579764
0.8736044
0.5915931
0.8131234
0.77020824
0.5465013
0.8491831
0.87209094
0.8295274
0.4075336
0.88721436
0.8510426
0.9430448
0.9179923
0.94927585
0.8423779
0.9229847
0.83768535
0.70222914
0.7379904
0.8982835
0.55733216
0.92670894
0.855105
0.8416734
0.8856969
0.8408338
0.91594803
0.74300975
0.9261248
0.66630596
0.85994977
0.96679157
0.83434784
0.67898214
0.66690886
0.8210102
0.526201
0.8721154
0.7768034
0.72183824
0.90862715
0.79892635
0.9457967
0.8167986
0.92827576
0.6410245
0.8140749
0.7247958
0.6322131
0.81054616
0.3713257
0.80508757
0.903423
0.9097227
0.77018
0.9502058
0.91341543
0.9034579
0.8897941
0.673114
0.44312772
0.66696703
0.9230837
0.83399224
0.8937833
0.8436172
0.954393
0.6165046
0.6795509
0.7156761
0.6663262
0.8161428
0.7981871
0.8129161
0.80603987
0.8926264
0.8422733
0.76335704
0.83520204
0.64655375
0.8368193
0.4673178
0.8832873
0.84927547
0.8415268
0.89926946
0.8695497
0.73475295
0.91718084
0.72440845
0.8984587
0.89681005
0.6352291
0.7159465
0.56611717
0.86841345
0.9198512
0.76297766
0.73833203
0.9244684
0.8674223
0.6954235
0.9300329
0.8301983
0.96775275
0.80409545
0.621529
0.8389438
0.75939447
0.95728695
0.73618853
0.9438243
0.7333707
0.9609312
0.8367419
0.76525366
0.7179071
0.83935434
0.9256817
0.93547183
0.93749547
0.8326447
0.80089164
0.65809536
0.9233445
0.83761466
0.928611
0.65320104
0.8385849
0.7993529
0.7555464
0.9500419
0.88655
0.6652526
0.73338294
0.80317074
0.5964694
0.93970394
0.6745149
0.85943824
0.8721885
0.8041753
0.8053602
0.870938
0.8348128
0.78610146
0.92729133
0.75923383
0.8861767
0.93442947
0.9690794
0.9547174
0.77680707
0.9368146
0.8982829
0.9309589
0.5745529
0.6669644
0.8379553
0.8338975
0.65685624
0.96457696
0.38189483
0.57769895
0.79240406
0.6244739
0.4409077
0.92850935
0.9216884
0.78568494
0.8273393
0.6783726
0.89460915
0.79751384
0.7193468
0.79238224
0.35759217
0.8781402
0.8751888
0.8077626
0.9089992
0.8616033
0.9339933
0.88046944
0.93412024
0.7630427
0.91318995
0.89948946
0.7796582
0.8280281
0.5699442
0.8164127
0.8958827
0.876734
0.39882737
0.80782145
0.8047841
0.7041159
0.6876371
0.7613943
0.80643344
0.8636059
0.950218
0.8123805
0.8832507
0.91624594
0.3324726
0.7750864
0.7047819
0.8130064
0.70981026
0.7355048
0.86368823
0.80430233
0.873986
0.7953807
0.9558297
0.88565075
0.96219873
0.66417015
0.7181492
0.8458613
0.7934625
0.91524327
0.7103683
0.8691393
0.9227224
0.8116555
0.8936676
0.9548685
0.8087218
0.9456424
0.7305484
0.8221303
0.9292981
0.8991815
0.8514281
0.8203615
0.9689959
0.9285391
0.9542587
0.9019361
0.72047484
0.84008265
0.60218817
0.8507688
0.90158606
0.9494721
0.89622676
0.84539586
0.85667634
0.8510413
0.8489799
0.8619566
0.61198187
0.90848434
0.92023283
0.83903813
0.81247634
0.8161237
0.81098056
0.6921551
0.85359716
0.70810777
0.9112827
0.9259528
0.5644609
0.8679693
0.6679225
0.77506906
0.7849909
0.7841625
0.91457796
0.42577845
0.9532776
0.65819263
0.83789676
0.9701242
0.61980885
0.6686592
0.93800944
0.69660485
0.9423305
0.5840701
0.8578927
0.924253
0.8562395
0.87896276
0.8477024
0.7698185
0.81250507
0.84820676
0.74583405
0.777048
0.7231927
0.73369616
0.94558126
0.84478384
0.8791652
0.8254249
0.6927295
0.9307348
0.88860595
0.5681946
0.8434971
0.8753781
0.77937526
0.73477566
0.8601391
0.9350482
0.8336651
0.7431077
0.94877577
0.78920555
0.8781387
0.75117767
0.74298084
0.9124886
0.61853313
0.8626547
0.6707126
0.8783622
0.77355134
0.9206618
0.7610434
0.80222607
0.5848965
0.87999284
0.94379807
0.88929915
0.7860917
0.8499889
0.87051904
0.88527584
0.6894392
0.6395923
0.7984728
0.75767964
0.70601654
0.93764585
0.95449847
0.7794509
0.8222107
0.71569115
0.8446803
0.85969377
0.94097716
0.8236432
0.81867486
0.9305711
0.81174034
0.8211453
0.9744704
0.9349822
0.90714526
0.74451375
0.8336163
0.6152892
0.892846
0.8040592
0.90669876
0.938931
0.42076072
0.68833995
0.92090654
0.81488246
0.736514
0.8145405
0.8568398
0.863855
0.83891284
0.93162286
0.83874387
0.8970813
0.8793263
0.9237718
0.8386381
0.830379
0.68921715
0.609334
0.7609636
0.73288
0.80140054
0.7937323
0.92527485
0.9197242
0.75102484
0.8685446
0.66433406
0.8835618
0.8452879
0.82151467
0.8520194
0.93196976
0.8357662
0.8977242
0.7666648
0.9456838
0.7607657
0.87353414
0.9530023
0.8246126
0.90403265
0.92911935
0.84195125
0.7785723
0.9395068
0.93903637
0.9092103
0.8102132
0.8950979
0.821025
0.83597636
0.9035573
0.82902324
0.9166043
0.90964997
0.7480989
0.713441
0.9124401
0.75903845
0.8759347
0.83942646
0.83106124
0.90059584
0.85560226
0.6362122
0.86413336
0.83374596
0.74308187
0.813434
0.59648156
0.87073666
0.79034644
0.82550037
0.7611043
0.83740723
0.86060965
0.8729093
0.88084364
0.8430196
0.8862674
0.72701013
0.92068076
0.9065696
0.67611426
0.6309774
0.8773803
0.962692
0.7141749
0.9597328
0.8705558
0.9046065
0.72349036
0.45210075
0.8574052
0.90910697
0.8352238
0.81705093
0.6697669
0.7709239
0.78166354
0.87221414
0.7638567
0.8706589
0.7974949
0.7053834
0.7157488
0.800628
0.7077234
0.75006163
0.7899429
0.66373
0.70598376
0.8356769
0.7579553
0.87093186
0.79218763
0.8043289
0.897231
0.813213
0.89905953
0.7418754
0.8542743
0.94764787
0.905964
0.6781047
0.96343815
0.887617
0.73811734
0.9206757
0.27525282
0.744379
0.65590805
0.9653994
0.8717415
0.793014
0.86708057
0.6877918
0.93265057
0.86948293
0.8236012
0.8405137
0.69133097
0.7326795
0.8184979
0.43012252
0.87733364
0.8207536
0.7595997
0.6584346
0.74707747
0.329743
0.90243304
0.777021
0.6350999
0.8746214
0.05713936
0.66746
0.8829201
0.7172412
0.863486
0.8457631
0.8200303
0.894343
0.85730505
0.77837265
0.82897186
0.7083108
0.77145004
0.95417976
0.71611893
0.9529119
0.6931467
0.87557447
0.8496795
0.87680346
0.82961345
0.72793496
0.7628926
0.8938495
0.6256985
0.886582
0.79486716
0.7833165
0.787935
0.8996589
0.877002
0.9104402
0.9173541
0.8672602
0.9348219
0.94318205
0.83379114
0.8709098
0.8752888
0.49757165
0.7953985
0.8726293
0.9410316
0.7887922
0.908965
0.8143339
0.953485
0.8902157
0.56501806
0.7903037
0.8130456
0.6977243
0.81272113
0.64352715
0.8317717
0.6114806
0.61854094
0.6400633
0.6720625
0.9141902
0.83175343
0.87053704
0.87969387
0.9497095
0.93643457
0.9325737
0.8198137
0.43788883
0.8558018
0.6581739
0.9226436
0.9096073
0.85796523
0.83424956
0.8583433
0.9291263
0.739811
0.4684375
0.9129275
0.48190874
0.62565494
0.8460801
0.5964725
0.90363497
0.9188907
0.6088643
0.62059623
0.6299112
0.89135665
0.6748513
0.71814865
0.7008545
0.7653263
0.75345165
0.8186823
0.8727927
0.9035314
0.5142559
0.890026
0.92122203
0.6174454
0.8147727
0.88916016
0.82341117
0.7015196
0.94964516
0.88057494
0.69460934
0.91268003
0.72970784
0.8449288
0.8721897
0.5430789
0.4464379
0.9094203
0.76480556
0.88232154
0.7667373
0.9545182
0.92546725
0.8503227
0.9488239
0.628332
0.8796989
0.6561502
0.70863706
0.87465006
0.87678677
0.94522774
0.88510996
0.9401878
0.4633767
0.75276464
0.6843037
0.48996836
0.9254116
0.79792964
0.7840939
0.7712476
0.8405686
0.7876692
0.9322058
0.7306732
0.73396224
0.9131536
0.86609286
0.82238233
0.93534994
0.8583072
0.8148098
0.9219965
0.7614335
0.8693195
0.8420776
0.91827005
0.7958653
0.7570918
0.93387145
0.7754908
0.77926505
0.7111718
0.9269526
0.70521325
0.6955764
0.8279769
0.8681172
0.9546407
0.8093846
0.72198284
0.6767704
0.80169535
0.8825537
0.856472
0.90068716
0.64269316
0.6569608
0.86615944
0.8799773
0.712204
0.8291777
0.709053
0.93117845
0.88744336
0.2911892
0.9641603
0.7495376
0.649742
0.8546282
0.8459592
0.66402245
0.84755385
0.81618947
0.9428878
0.8095436
0.75947714
0.7497026
0.8638286
0.8934518
0.8785821
0.87993
0.77795166
0.7632765
0.70809734
0.62764937
0.48699912
0.6305961
0.79335445
0.7337158
0.90161854
0.80736667
0.79135793
0.80698806
0.80698746
0.8910564
0.90873003
0.7692716
0.83141494
0.85874164
0.8722731
0.89790094
0.7471127
0.6899199
0.7850831
0.77406335
0.7725369
0.8511538
0.7679386
0.84597236
0.43480584
0.8291153
0.8312144
0.6932805
0.72712964
0.97368646
0.8378905
0.8228112
0.810825
0.88620454
0.61123645
0.8386015
0.88950145
0.73725367
0.7657598
0.8627183
0.8969823
0.8130456
0.6024442
0.8033917
0.8359846
0.92811
0.7838032
0.7979124
0.8629391
0.89639056
0.92627996
0.7766425
0.88502014
0.8217151
0.7539557
0.7389805
0.5840766
0.7879527
0.84414
0.76862407
0.82832247
0.9525391
0.8394299
0.6303208
0.7243484
0.8350035
0.8752465
0.70016664
0.8974174
0.9604784
0.73700005
0.6600572
0.8759357
0.8688266
0.8984724
0.88334477
0.7000706
0.83429396
0.7946375
0.48372275
0.8351164
0.58717895
0.8816018
0.8441389
0.9067558
0.8739611
0.8462758
0.711368
0.9327037
0.88982993
0.74763304
0.90480334
0.9220137
0.8546138
0.8406788
0.34396893
0.74258584
0.6780499
0.806692
0.75817555
0.62515885
0.75171125
0.52528393
0.776212
0.854612
0.6867779
0.6152773
0.85136056
0.8382969
0.9178882
0.961871
0.9003613
0.66849643
0.93248296
0.8261227
0.77976894
0.7549059
0.8624842
0.7524887
0.97561693
0.9296008
0.79565245
0.9207609
0.8830055
0.8401219
0.76761204
0.94375527
0.9210038
0.8110638
0.9156689
0.64375126
0.8513659
0.8843539
0.73887014
0.9126362
0.6618271
0.42811596
0.94175655
0.68720675
0.6490542
0.9109627
0.92943794
0.85140324
0.8876015
0.8509444
0.7399638
0.94677764
0.8268759
0.7158732
0.85522765
0.8482287
0.9715444
0.78699857
0.60608816
0.6196758
0.883144
0.77436733
0.791409
0.819561
0.39172107
0.8668095
0.6303732
0.8887087
0.8200138
0.5290789
0.8022274
0.92043334
0.6360595
0.8275976
0.6215198
0.53367406
0.8188511
0.73111284
0.7483678
0.93629086
0.89541274
0.903521
0.92694294
0.96517605
0.7955637
0.6410977
0.88295704
0.34716073
0.7516754
0.8343244
0.8567978
0.9002178
0.87921745
0.789412
0.93778425
0.7624806
0.8183203
0.9075745
0.68939674
0.87851006
0.85883135
0.9188669
0.59276325
0.8706632
0.7497483
0.88376975
0.91351944
0.8428453
0.9665036
0.8858406
0.8095834
0.82758945
0.8333335
0.8385103
0.91829896
0.51599956
0.8590098
0.90011376
0.29476577
0.9165279
0.78367436
0.8945041
0.90042573
0.71028554
0.746013
0.8005975
0.8914876
0.8013028
0.67240024
0.91457033
0.8946972
0.6324446
0.96323705
0.86101556
0.68366915
0.82154834
0.84987664
0.8430716
0.6426984
0.828525
0.7850598
0.66178906
0.73804855
0.89961064
0.7501057
0.9319014
0.7130034
0.7005793
0.77281225
0.9497943
0.6281056
0.8134756
0.93771064
0.9495687
0.8292203
0.7884775
0.94445896
0.7901785
0.83271646
0.7700981
0.81083226
0.87824637
0.9376422
0.8958229
0.9368257
0.89483726
0.8386352
0.9153078
0.6865344
0.83140016
0.77402437
0.91574544
0.88248646
0.875912
0.8563155
0.7938142
0.9281843
0.81750154
0.7173341
0.91137934
0.61262614
0.7083257
0.48209396
0.86375576
0.8014259
0.7565788
0.80703324
0.52450407
0.9372574
0.7701923
0.7872798
0.72776484
0.95024645
0.724394
0.8638082
0.7402602
0.47215068
0.85882366
0.83874726
0.8911667
0.789443
0.8473175
0.7321958
0.9194795
0.4799473
0.92916495
0.47419003
0.92063797
0.79058903
0.88067365
0.8195548
0.8414451
0.89595824
0.73948133
0.94321424
0.7724521
0.7591354
0.7867139
0.8421771
0.7749212
0.8899893
0.89951813
0.8365174
0.8650653
0.85771286
0.91937053
0.63513243
0.79570943
0.89272016
0.66815853
0.7595284
0.8752217
0.8501517
0.8089068
0.81629515
0.9043176
0.786254
0.8471426
0.92396927
0.92012656
0.76510465
0.9252891
0.8360721
0.8202778
0.66927433
0.72941196
0.88960236
0.86566883
0.88086355
0.8959438
0.75316465
0.821677
0.7640727
0.932966
0.86626565
0.8767538
0.86522657
0.82517815
0.7648413
0.79802316
0.71744686
0.7470211
0.74033344
0.74569577
0.8955001
0.85771567
0.7184283
0.62383115
0.6698501
0.79973847
0.7570759
0.94469655
0.9348302
0.54928327
0.84671867
0.8474001
0.7748618
0.74768084
0.9290746
0.9227239
0.7927544
0.92124844
0.6201619
0.91479313
0.9651464
0.83427024
0.7353215
0.8286267
0.8815681
0.8960448
0.8332007
0.63341373
0.8976685
0.9414339
0.9044873
0.6696471
0.88772553
0.87244296
0.74034846
0.7677888
0.62674844
0.8875859
0.741773
0.8792788
0.8823223
0.89641654
0.77346975
0.8513372
0.8818994
0.85988384
0.8250671
0.7080345
0.8659051
0.8851075
0.6451918
0.60875297
0.7310921
0.85298216
0.8565432
0.84461236
0.7015389
0.8231777
0.8806589
0.7284604
0.70825505
0.7247051
0.8075335
0.841903
0.7848985
0.84576774
0.7492571
0.769467
0.90058243
0.77688015
0.8452127
0.8097012
0.77957463
0.8176728
0.88741046
0.88531
0.90465206
0.9623562
0.9081182
0.7755077
0.6302712
0.8157388
0.87630504
0.95621806
0.8372282
0.8847898
0.6678327
0.89381194
0.7390953
0.8215878
0.8203963
0.72746706
0.8451077
0.6390261
0.9115495
0.87483644
0.21861626
0.86329335
0.7477359
0.9069365
0.6945447
0.85189676
0.8840177
0.786912
0.67460334
0.8415566
0.6994895
0.8773316
0.91016185
0.7402235
0.895846
0.91910625
0.5368693
0.76428735
0.5338419
0.7066672
0.8669904
0.61934185
0.74085367
0.5571287
0.71631503
0.82908833
0.7983412
0.8928754
0.6788595
0.82018983
0.72875655
0.88355637
0.86872303
0.87161756
0.6177782
0.8409607
0.8951321
0.93031746
0.8542546
0.9486648
0.906509
0.7150826
0.9112911
0.83909655
0.8528391
0.73238766
0.7303422
0.9282528
0.727193
0.90656984
0.9081209
0.7596625
0.5903628
0.7981709
0.844589
0.7591982
0.9174024
0.77001995
0.6347617
0.9304615
0.969748
0.72507834
0.81891525
0.7061126
0.94075555
0.85563195
0.6269405
0.83768296
0.5876889
0.87837666
0.9196144
0.89055705
0.8845079
0.625141
0.8685892
0.63235986
0.96260583
0.72034764
0.6456603
0.82570386
0.8182481
0.73337525
0.7019136
0.8194672
0.7104742
0.71729213
0.6608858
0.89464426
0.68039525
0.90251344
0.90491056
0.81119746
0.68800575
0.9074328
0.83355
0.70086074
0.91408974
0.79505414
0.61992985
0.9129175
0.9165689
0.88737905
0.349988
0.7514202
0.88125724
0.7399517
0.8982749
0.88669515
0.9136639
0.9309309
0.8489375
0.8283488
0.8130603
0.85636044
0.91605645
0.5748713
0.78531593
0.6585136
0.9589652
0.8667695
0.9067599
0.7902655
0.9116065
0.8651038
0.65563214
0.64536667
0.89721733
0.8506354
0.7570592
0.72451764
0.93425053
0.8275571
0.7621306
0.74463004
0.784549
0.95475376
0.85461205
0.8854605
0.7808421
0.9150019
0.70365447
0.83512664
0.8460656
0.94476277
0.6133115
0.8377999
0.7516121
0.8383968
0.63325554
0.8689549
0.7136888
0.9542893
0.6017682
0.8290427
0.9057254
0.79683685
0.86377233
0.9230372
0.71554035
0.7179327
0.6817865
0.7068451
0.8246281
0.8945366
0.72331464
0.81588906
0.6792106
0.84841764
0.88622624
0.96828157
0.78069943
0.6363793
0.86963135
0.8427423
0.64052105
0.9733842
0.6398187
0.6132051
0.7881435
0.8461504
0.64724433
0.8688577
0.83667296
0.818422
0.9241699
0.7213037
0.80170536
0.95777607
0.80202955
0.86295503
0.86666524
0.65577996
0.9017013
0.90676147
0.909953
0.89147085
0.91949844
0.8452931
0.9239607
0.72909486
0.8679103
0.6476998
0.7730537
0.8446876
0.6905503
0.8303184
0.83778733
0.9039367
0.5964842
0.88780546
0.51247734
0.6361734
0.69944465
0.77228796
0.89594495
0.71331805
0.7092585
0.9431887
0.75220907
0.863905
0.52913356
0.95733166
0.64856493
0.8178669
0.7400828
0.84198546
0.9057901
0.97557276
0.94712365
0.86548567
0.96745163
0.89870197
0.664749
0.8537277
0.86151564
0.88129145
0.96157515
0.7256407
0.8959919
0.8553608
0.8140473
0.9094924
0.81013525
0.868706
0.52506614
0.85886645
0.6482069
0.7960557
0.7096959
0.9065941
0.7437599
0.58000016
0.91200584
0.7691041
0.8342011
0.7508863
0.93033314
0.9521128
0.812447
0.85752654
0.87135154
0.58984107
0.38841826
0.8222376
0.8953475
0.940493
0.7226518
0.6008276
0.9229715
0.83202296
0.77771455
0.7833411
0.8163654
0.9370537
0.750031
0.8269605
0.696196
0.9166411
0.6287724
0.8818461
0.8636441
0.68688184
0.8229999
0.7561597
0.92014575
0.6459471
0.9022872
0.6136024
0.8437683
0.9666702
0.70308524
0.6142298
0.92014897
0.8873806
0.8342637
0.71315557
0.9455112
0.7543541
0.6143402
0.60210365
0.870036
0.8656524
0.9323164
0.69869506
0.78950393
0.6945444
0.89021575
0.8178099
0.9523001
0.84684074
0.75889874
0.8730403
0.77377826
0.7917595
0.7034088
0.6218209
0.7502789
0.8467868
0.91054803
0.9081546
0.79325557
0.8686165
0.61677784
0.8525943
0.9605007
0.8845215
0.9109607
0.8992836
0.69218403
0.8793297
0.7275996
0.7881876
0.96267974
0.90376824
0.7254747
0.85634196
0.55733836
0.84819806
0.68507576
0.84149873
0.8484812
0.8258056
0.82474405
0.7155092
0.82413113
0.9076308
0.7875529
0.96803236
0.8291582
0.8471138
0.7383755
0.7940918
0.8624876
0.7153451
0.5899886
0.837417
0.898273
0.4723533
0.889723
0.61059576
0.8102781
0.7992402
0.7059946
0.8155261
0.623759
0.82469517
0.916858
0.69969213
0.8169583
0.7894593
0.93767035
0.68350536
0.82988846
0.76956654
0.74660546
0.80138636
0.6766692
0.61096567
0.88640034
0.85040224
0.48154762
0.8885098
0.9439744
0.64092517
0.92128074
0.8556355
0.647182
0.8584956
0.8881989
0.90596074
0.9014582
0.93451166
0.9514414
0.7701876
0.9411268
0.95512533
0.7750509
0.69974273
0.8305019
0.82944244
0.72386354
0.655748
0.88374066
0.9725289
0.8938467
0.8877137
0.8851078
0.7695917
0.80919635
0.85458505
0.87846893
0.8873317
0.9164675
0.8191172
0.61076933
0.94825107
0.8769758
0.9318679
0.9039452
0.960367
0.63482374
0.8223586
0.9507521
0.87269354
0.783059
0.73553073
0.7596114
0.9183257
0.9440036
0.865443
0.90333056
0.77235746
0.9809511
0.9573273
0.5479354
0.86549497
0.7862864
0.8367096
0.8593782
0.8865235
0.82985634
0.82468116
0.6538484
0.9388432
0.8318171
0.8507596
0.7718741
0.75961983
0.80432534
0.8304802
0.861054
0.7384188
0.67371035
0.7203914
0.8702269
0.3652183
0.94596034
0.63806397
0.8731649
0.857232
0.8894856
0.86736476
0.93432724
0.8124601
0.93174684
0.9143326
0.910889
0.9220529
0.8731765
0.7915061
0.55585474
0.8835994
0.8523632
0.94376373
0.76655036
0.7020554
0.7582549
0.81939876
0.7718004
0.7693515
0.6529133
0.86354846
0.9260977
0.9455047
0.8005878
0.9238088
0.5237378
0.70838165
0.8941954
0.65416235
0.73636466
0.86969346
0.6446434
0.93823135
0.6692611
0.8782113
0.72642493
0.6359812
0.7778876
0.77763045
0.77786976
0.8156074
0.7203373
0.7970992
0.83012694
0.8053858
0.96023166
0.8471555
0.7271416
0.9340292
0.68560845
0.7288874
0.92111737
0.9277019
0.966834
0.7112967
0.75224537
0.88840127
0.76874673
0.80815136
0.8654454
0.82980335
0.81978655
0.9115539
0.8136801
0.7418849
0.7872229
0.652803
0.47283232
0.90815586
0.92208225
0.7477116
0.965608
0.6560466
0.8867508
0.6449369
0.9308077
0.8218342
0.79031867
0.7685685
0.9445298
0.8317587
0.81991386
0.7813218
0.8022008
0.65095264
0.7774794
0.91116613
0.92114747
0.71858954
0.9004159
0.9555196
0.7330744
0.9193586
0.80869377
0.8451059
0.8395543
0.920303
0.73313093
0.91632897
0.873813
0.8619872
0.8075604
0.8517214
0.9083451
0.68174386
0.8712377
0.90794706
0.7430891
0.85054517
0.82997304
0.85497445
0.8960872
0.8175067
0.88461435
0.85051405
0.78623205
0.65200347
0.69593227
0.75459784
0.72730064
0.86940485
0.7536068
0.83387744
0.77224946
0.78611594
0.698737
0.9039364
0.8538705
0.79353434
0.868986
0.74959016
0.7110867
0.8621839
0.7197223
0.88152266
0.7521949
0.88108253
0.6010783
0.8592685
0.68392104
0.76334864
0.87082267
0.91009
0.645047
0.67831665
0.90804297
0.8966783
0.9342722
0.81287843
0.9299576
0.87417406
0.8774158
0.81063163
0.93359447
0.76061654
0.9483841
0.8619062
0.82216036
0.90683824
0.93418515
0.8599598
0.90871733
0.9356371
0.7867253
0.79662323
0.742959
0.8806468
0.90748584
0.89518607
0.82667196
0.95487636
0.84269464
0.7499869
0.8207188
0.81115943
0.8014599
0.85050046
0.63574636
0.7045914
0.8792356
0.60574186
0.5661292
0.8322221
0.9436524
0.4496949
0.5136742
0.9639552
0.81111157
0.90298843
0.882416
0.6963803
0.8680777
0.7315684
0.91353023
0.88057077
0.84420985
0.8765385
0.8380585
0.8894175
0.8033065
0.7693515
0.7823458
0.712448
0.5102602
0.79756343
0.8884987
0.9110261
0.88597697
0.90051895
0.93309224
0.8465096
0.7798041
0.8912335
0.8504647
0.88704085
0.7029209
0.90752697
0.94218993
0.89731133
0.9218898
0.95749307
0.89373326
0.81327397
0.7379016
0.58989656
0.86069566
0.793576
0.8693447
0.8594436
0.9164839
0.88028276
0.8378921
0.8818216
0.92202103
0.94705164
0.79489017
0.7872126
0.7164505
0.8888247
0.94807374
0.57929426
0.8074359
0.87716085
0.77070314
0.93951887
0.8560433
0.8754616
0.81799775
0.7542168
0.61272
0.75509346
0.5430186
0.6802681
0.9068428
0.7004531
0.79600465
0.8451018
0.8026098
0.8633071
0.73830116
0.8562578
0.92711043
0.6137619
0.6259744
0.7100418
0.6968303
0.72452384
0.90479064
0.7876878
0.7866994
0.844581
0.88374686
0.8801867
0.67269117
0.85969675
0.84234405
0.8113018
0.8449533
0.78453183
0.9026743
0.8927736
0.9596881
0.7984317
0.74178874
0.88814175
0.85856956
0.6144019
0.92242014
0.6929796
0.7712613
0.93608946
0.9755543
0.79873776
0.70772314
0.7823174
0.9535563
0.6167501
0.92592806
0.82504445
0.898014
0.86324704
0.87396425
0.7352602
0.64281386
0.9489891
0.9298998
0.91328764
0.80432737
0.9045291
0.822014
0.7250697
0.92554355
0.95276004
0.8723913
0.82175475
0.8758278
0.82658756
0.9128947
0.72094613
0.92289037
0.9448616
0.8393397
0.81792694
0.91472083
0.8096435
0.93773514
0.7621819
0.7332204
0.8661933
0.4751765
0.3052664
0.83085185
0.7505286
0.8184023
0.90686417
0.85613066
0.61399287
0.76687354
0.93768764
0.95079505
0.56648344
0.67850137
0.8646009
0.7833866
0.6885787
0.5678522
0.6775296
0.59404856
0.8968386
0.9345833
0.96420866
0.9782483
0.7288008
0.7285214
0.7566705
0.6834132
0.7715963
0.93767005
0.78997606
0.94288373
0.81531453
0.19759132
0.92885095
0.8337098
0.5627439
0.8101008
0.9254214
0.50575984
0.7227474
0.89471066
0.9373391
0.8453981
0.6454818
0.943554
0.8951571
0.8050715
0.7234832
0.7726864
0.9534406
0.9520927
0.9378222
0.7815697
0.8071378
0.77318716
0.8439967
0.87343055
0.68293566
0.87697095
0.7127088
0.95613265
0.6726457
0.8651533
0.82232344
0.7529575
0.79957944
0.9310798
0.8466909
0.9381468
0.8565762
0.91227084
0.7377314
0.82444245
0.785857
0.84615105
0.8823815
0.8998871
0.86536276
0.87708163
0.9251391
0.88176227
0.92712086
0.50252014
0.8990698
0.75839025
0.83915865
0.8696877
0.90033215
0.74772775
0.6205893
0.8250187
0.8724146
0.830868
0.67340654
0.7869296
0.7169869
0.97522515
0.68120027
0.8508219
0.67435974
0.90490824
0.7879173
0.81840277
0.9778762
0.858409
0.8631575
0.6732831
0.5518568
0.9692214
0.67240894
0.87399733
0.6563078
0.78300816
0.8471416
0.72623307
0.9060056
0.754008
0.709517
0.85358053
0.87679845
0.8668605
0.5565298
0.8871685
0.6475755
0.9241208
0.77154404
0.91415113
0.8840499
0.66860086
0.8660928
0.89829975
0.7399631
0.67899895
0.7982991
0.7163981
0.9050435
0.85595053
0.7849486
0.77592796
0.8176581
0.95009285
0.8552232
0.9297862
0.8941554
0.6739515
0.90402025
0.746239
0.7798425
0.8232992
0.82648695
0.7790638
0.7789362
0.9250502
0.79221743
0.9631362
0.78684175
0.9130123
0.86396044
0.60072315
0.8000821
0.83744025
0.78201985
0.7846716
0.81048036
0.931945
0.70381844
0.670968
0.7884235
0.9259691
0.8820807
0.7501328
0.8939363
0.7745983
0.73434746
0.62490195
0.9345183
0.91344905
0.92255974
0.83138394
0.762631
0.9376216
0.83431417
0.62949944
0.7737596
0.91333973
0.71994096
0.6999167
0.85406816
0.83973175
0.7290249
0.8299991
0.71079624
0.77983576
0.8386537
0.9277727
0.9478412
0.92198443
0.73750395
0.78614855
0.7169398
0.8689918
0.82873416
0.8059373
0.9085578
0.733229
0.93433315
0.9095033
0.5598123
0.7460948
0.8181134
0.91395926
0.8887662
0.83480024
0.88301593
0.83400893
0.82076466
0.743473
0.70625454
0.8322661
0.7221965
0.4804985
0.7069237
0.5796975
0.90607584
0.82418454
0.94974506
0.7751241
0.7660861
0.95135474
0.84809023
0.81215644
0.8427205
0.72133905
0.87818784
0.8403559
0.80828255
0.5245246
0.80732036
0.8661615
0.8766511
0.9138366
0.78882277
0.802153
0.85416263
0.82295036
0.78293276
0.5916277
0.69674695
0.8057791
0.7554987
0.48867607
0.86008626
0.7443936
0.8959881
0.9198449
0.80350536
0.86903024
0.88576335
0.8596152
0.75732833
0.60142106
0.8832529
0.8943341
0.7318311
0.8962372
0.83976364
0.84680945
0.6955441
0.65822375
0.9503868
0.7827416
0.9075241
0.8746065
0.88262045
0.7383444
0.9398469
0.91330767
0.8222692
0.771599
0.84455645
0.8859756
0.9007103
0.9072442
0.7924397
0.7220212
0.89682966
0.90968716
0.9048262
0.9413478
0.732381
0.91145986
0.8729082
0.7639018
0.701054
0.713817
0.76126117
0.9551329
0.80658066
0.75144994
0.8612612
0.8872043
0.58551687
0.9088258
0.5740079
0.9249281
0.871285
0.74625516
0.7982726
0.894333
0.880073
0.8426484
0.7656883
0.76823884
0.8468052
0.67517453
0.5314553
0.7026812
0.87752694
0.7107775
0.8061846
0.8589982
0.6963519
0.77207
0.8262771
0.84465086
0.7757767
0.91752917
0.7283398
0.83364826
0.6593125
0.8565654
0.87257135
0.7368705
0.7506012
0.8594826
0.7921799
0.8751582
0.80299497
0.9089051
0.7281295
0.9636694
0.9208666
0.71991825
0.91065407
0.75651914
0.92181975
0.86599374
0.727708
0.7708548
0.8990278
0.866658
0.6685411
0.85567427
0.74232084
0.96801645
0.79979277
0.7780683
0.97271186
0.7743627
0.9033936
0.87728035
0.94407415
0.8899642
0.67889214
0.91304046
0.78879297
0.83114195
0.87922084
0.91008294
0.7912664
0.9078831
0.86467874
0.8935317
0.8908625
0.9461533
0.92943
0.8584155
0.8436627
0.801439
0.94166946
0.86840045
0.80356413
0.8501029
0.87315214
0.77250874
0.82040524
0.7851831
0.72956926
0.6051718
0.79022044
0.688474
0.90613055
0.7008332
0.86005515
0.7339103
0.7604578
0.83950436
0.90243953
0.8071804
0.88125527
0.81788504
0.8489889
0.8879555
0.85232127
0.5928217
0.9061829
0.6378182
0.8844295
0.8624727
0.8272598
0.8437288
0.8417064
0.91809565
0.7904682
0.79149085
0.8123842
0.9109074
0.877784
0.84503627
0.8391013
0.87729347
0.8402785
0.8270333
0.7924926
0.6725942
0.91113305
0.6418446
0.7642944
0.9253973
0.8904544
0.6372322
0.4989087
0.90644956
0.70359385
0.91229284
0.84070814
0.856188
0.58440006
0.8144952
0.9453256
0.9032665
0.73991644
0.86848474
0.74515516
0.91968983
0.9018185
0.9403696
0.91706836
0.82200015
0.94670296
0.8458576
0.47635722
0.79010254
0.82615805
0.8445538
0.64585227
0.60325897
0.90505016
0.3517854
0.944204
0.88559103
0.96376777
0.7990375
0.88108754
0.6344308
0.7686089
0.5850326
0.57393897
0.6842473
0.8940684
0.76891196
0.86986756
0.8703216
0.8079964
0.9183722
0.76001114
0.9339972
0.81735384
0.80621326
0.85229385
0.6504678
0.8201538
0.8080701
0.6867635
0.86433864
0.8447063
0.8117257
0.7349889
0.74594384
0.8270399
0.7363571
0.8329036
0.8303564
0.7705368
0.8442452
0.8602428
0.9737835
0.71186
0.80583876
0.78615856
0.6569151
0.8861403
0.7358484
0.80345
0.90158254
0.8502452
0.78752935
0.9502189
0.5828514
0.8457288
0.71606046
0.86682415
0.96214455
0.8447192
0.8940178
0.839503
0.8754331
0.7623978
0.71127766
0.78528076
0.55137974
0.8458145
0.85014534
0.951984
0.8301831
0.7107777
0.88180435
0.8085338
0.9062287
0.8622333
0.8104451
0.78779393
0.7556894
0.8673525
0.74495447
0.9100668
0.90511626
0.8282982
0.5920348
0.73025256
0.926039
0.8224181
0.94572383
0.80756134
0.72681767
0.7576538
0.8461926
0.65637976
0.85562706
0.8792955
0.7757298
0.814873
0.8772245
0.6921563
0.78169864
0.5943977
0.96724737
0.83991706
0.8479071
0.7816023
0.7539917
0.8516534
0.8504792
0.81857103
0.8259943
0.9301388
0.8444948
0.8842063
0.89025164
0.80761385
0.8938941
0.9294958
0.72244555
0.88729596
0.7519025
0.7641807
0.7659054
0.91381496
0.64191353
0.9181156
0.8150387
0.68029964
0.6295297
0.8675331
0.84887534
0.9080734
0.6778991
0.7968259
0.84978145
0.86676586
0.8252171
0.7190157
0.9407855
0.7498477
0.88144267
0.5535682
0.58671206
0.76340425
0.72930384
0.8261179
0.83653575
0.80918676
0.89520246
0.68592685
0.7577628
0.8215093
0.9197407
0.90784186
0.85876304
0.87130505
0.9412885
0.46170545
0.61068785
0.95918554
0.9382592
0.74057674
0.9487753
0.7472106
0.92656934
0.78829944
0.89097834
0.89131916
0.69199765
0.75365734
0.88581496
0.8581482
0.8376472
0.79207444
0.793846
0.9306324
0.961041
0.9308189
0.9161793
0.8506783
0.95356977
0.85925496
0.73525494
0.93884164
0.76083535
0.68509096
0.94765675
0.8791517
0.5194995
0.9153991
0.75282454
0.91966254
0.9582368
0.7884552
0.90373474
0.8637614
0.97278976
0.77951425
0.8010326
0.82385653
0.88151246
0.7352362
0.70641565
0.8957739
0.9329385
0.6165115
0.6696348
0.86515534
0.76994634
0.9353281
0.9255229
0.85915405
0.89257765
0.88328433
0.71651524
0.71020186
0.8584993
0.8223245
0.8680816
0.71590865
0.89044094
0.8932347
0.8527907
0.85234505
0.8890093
0.8839242
0.7048516
0.85146946
0.9244934
0.86044765
0.7299048
0.8625171
0.5847643
0.85459983
0.6945418
0.8685342
0.81598485
0.8190619
0.89547735
0.78911513
0.9268601
0.5936469
0.78810954
0.9079651
0.4910642
0.7762868
0.6805367
0.8157939
0.9404323
0.850783
0.9514366
0.84710836
0.85542023
0.8826543
0.8159643
0.816608
0.9621897
0.89895535
0.9641044
0.7706931
0.9095406
0.83355963
0.8334496
0.81623703
0.7076564
0.9184249
0.9286058
0.7903081
0.8344273
0.92276144
0.83637327
0.62477356
0.57222664
0.44444838
0.76583123
0.96071106
0.7884816
0.80880547
0.86244357
0.8354654
0.92561543
0.8675461
0.61277956
0.9466421
0.6956333
0.896546
0.86007047
0.8671576
0.90973336
0.8284604
0.5433003
0.8391283
0.6085944
0.8449619
0.87359345
0.77189887
0.8509973
0.8001002
0.85469
0.6481454
0.78071356
0.69963825
0.75248504
0.9585463
0.55673087
0.7693111
0.8910568
0.87404585
0.82714605
0.70743984
0.77896273
0.6969172
0.7303833
0.94345576
0.9187428
0.7981055
0.8581792
0.89648414
0.60753846
0.43271887
0.9521305
0.74358666
0.7882112
0.95073974
0.8470871
0.8852141
0.8131286
0.8857007
0.9336035
0.74279153
0.8624325
0.9045667
0.91316605
0.89769316
0.5204735
0.71988016
0.8246283
0.79911363
0.9121991
0.6011718
0.8102704
0.7090496
0.71125585
0.7297396
0.81701577
0.684926
0.80028313
0.80043715
0.9202169
0.80746293
0.6333752
0.8225497
0.86230445
0.7655583
0.9702822
0.9478475
0.86737967
0.85735947
0.88547707
0.8523121
0.6986198
0.776415
0.8699584
0.74858564
0.84311724
0.80030406
0.7255434
0.8066242
0.34315622
0.91783994
0.7001259
0.8706619
0.8375701
0.8661575
0.8444199
0.7507363
0.8611562
0.8708338
0.8191436
0.40183613
0.8928882
0.90137684
0.8827573
0.795789
0.80773675
0.7972109
0.88182604
0.82342243
0.7263485
0.85590607
0.8151225
0.7786919
0.76680386
0.8661511
0.77538943
0.9246434
0.95289046
0.8767892
0.827279
0.9038949
0.79666907
0.78271514
0.7558972
0.812493
0.7436572
0.8705139
0.7009236
0.89452165
0.9450761
0.93273395
0.89610314
0.93558013
0.7973344
0.7911276
0.9559089
0.83542717
0.94686204
0.67928237
0.8890341
0.9034874
0.6743238
0.8553808
0.6240344
0.77757126
0.721216
0.8119524
0.7732563
0.9602063
0.6937899
0.79882133
0.8840616
0.7530522
0.5656587
0.878658
0.79838103
0.71086454
0.3057025
0.75386953
0.5659811
0.8318169
0.8033499
0.9095253
0.85281646
0.86394
0.8495604
0.92553425
0.7884806
0.91685843
0.62416834
0.93952835
0.3576256
0.87401485
0.8600948
0.91888064
0.9020917
0.91497564
0.38877073
0.6405193
0.93441176
0.88500625
0.89652884
0.79330647
0.8250502
0.8377455
0.5303507
0.7227723
0.42534333
0.389874
0.62193555
0.8942549
0.66426015
0.75187254
0.6426824
0.89216363
0.93336135
0.91850334
0.9411438
0.9438976
0.82594097
0.7875072
0.9091311
0.85923064
0.86271256
0.70148337
0.95843065
0.8228128
0.8461791
0.94693017
0.96171623
0.89630604
0.8496463
0.69337994
0.8109556
0.8703763
0.8410886
0.78842074
0.67905194
0.74782914
0.8004457
0.8998592
0.77540964
0.8854474
0.81705093
0.6331281
0.7032165
0.6102564
0.8689152
0.8503716
0.65474457
0.6449553
0.8618986
0.7723821
0.9557534
0.90189296
0.9625142
0.9318193
0.68156564
0.5354323
0.69583625
0.62324
0.8571081
0.95715594
0.9097706
0.7739067
0.90147007
0.66361356
0.8755899
0.8084473
0.914751
0.80700743
0.9460844
0.7821856
0.91980124
0.81821734
0.8308931
0.7698026
0.80468583
0.95375836
0.61763823
0.90563977
0.9341415
0.81495565
0.82032144
0.81489456
0.93963695
0.8364813
0.89643955
0.79540604
0.8960499
0.8372881
0.60824776
0.7879288
0.83032393
0.63137484
0.8104936
0.8835929
0.79224944
0.58010614
0.7062991
0.68008465
0.6710746
0.7490119
0.90215796
0.779497
0.915956
0.6677964
0.8641206
0.92848706
0.7352605
0.9586661
0.9494333
0.92786473
0.923862
0.7958766
0.7916958
0.92406315
0.5313838
0.79510725
0.9693624
0.91939545
0.9383713
0.7800594
0.8489687
0.7658813
0.81214416
0.7268503
0.89562047
0.79872054
0.85999095
0.7262341
0.9520092
0.7343833
0.89547336
0.83668566
0.8349397
0.93835473
0.8292289
0.87254107
0.8362018
0.8084883
0.8696899
0.8138175
0.84514606
0.80959487
0.76078117
0.6073053
0.77967334
0.7918112
0.80461633
0.77746123
0.8452238
0.82359546
0.8641329
0.74281174
0.9542587
0.9609601
0.74921274
0.86611396
0.76044697
0.5133497
0.9563687
0.85234416
0.7111311
0.8748945
0.9449058
0.8127421
0.54715973
0.73027444
0.81660235
0.905601
0.8102117
0.6411482
0.8901248
0.87539
0.83767277
0.84592915
0.8761517
0.8513071
0.7928035
0.8968199
0.5698842
0.93145955
0.7956007
0.6804955
0.91936874
0.67869616
0.8928539
0.95686257
0.6202577
0.9065566
0.5572687
0.9697576
0.6142868
0.57840705
0.62220293
0.9257625
0.84176713
0.9437089
0.697475
0.7892089
0.7069768
0.8903525
0.73700136
0.9247441
0.97547615
0.8676252
0.9345397
0.8434598
0.827181
0.8077444
0.8112457
0.79452467
0.7120374
0.6434754
0.7371645
0.9257867
0.6714946
0.7837043
0.64986056
0.83758646
0.88003016
0.7569888
0.6010693
0.9496434
0.80792063
0.7582184
0.8460764
0.851985
0.6701153
0.697853
0.91925335
0.6750015
0.8669269
0.8811597
0.6110308
0.88360155
0.877452
0.62499696
0.73906857
0.8120938
0.6807279
0.76521426
0.76755595
0.8858074
0.9290899
0.83080584
0.82795596
0.8007654
0.83883643
0.8834495
0.7431327
0.87017435
0.92884225
0.8409051
0.9247259
0.82029974
0.81581724
0.91818404
0.8354331
0.81450164
0.7888363
0.9253065
0.98005146
0.95189077
0.8604035
0.8241463
0.718803
0.724719
0.7358707
0.57601196
0.6682878
0.9012004
0.82136136
0.93787724
0.9074707
0.9175542
0.773926
0.795755
0.9026165
0.8665794
0.7221514
0.8800688
0.7347493
0.87236345
0.91886437
0.8069231
0.93952364
0.7902538
0.94499224
0.8198573
0.9258717
0.81358767
0.89151967
0.9140209
0.61724854
0.9488215
0.7075084
0.895393
0.8307693
0.9042852
0.861917
0.9692493
0.75040346
0.70683604
0.8339065
0.85404795
0.91589904
0.8316259
0.9005151
0.87473863
0.7525929
0.81493413
0.9595655
0.90980333
0.8985484
0.7977429
0.74165297
0.70604956
0.8076738
0.93234277
0.8600191
0.75626683
0.8758426
0.8872574
0.8619697
0.78662753
0.8797002
0.8828927
0.5874421
0.7757245
0.9100331
0.92507684
0.61774325
0.8000526
0.8365959
0.61874145
0.63551056
0.89997685
0.72749
0.949819
0.89595217
0.9016687
0.84615827
0.7376126
0.98679096
0.8369496
0.9591983
0.8455873
0.9458928
0.8562366
0.9230889
0.9393829
0.68479514
0.88355446
0.9607569
0.668466
0.8688643
0.81834286
0.7344159
0.91994333
0.5870067
0.9422279
0.9418689
0.89899516
0.79089123
0.8936603
0.77910566
0.95263517
0.72202677
0.678707
0.88436544
0.887092
0.81645614
0.95601994
0.8244489
0.7026599
0.8326862
0.85758686
0.7205602
0.7383625
0.79697156
0.8669691
0.67767155
0.87910503
0.5908961
0.8597764
0.7483347
0.7895411
0.9331695
0.92640746
0.72239727
0.9563714
0.8728865
0.9273801
0.64799553
0.7907706
0.73756355
0.9259165
0.81803054
0.57553846
0.9298621
0.8630454
0.8033333
0.8045746
0.84355474
0.787006
0.83840305
0.8061625
0.8988226
0.66469675
0.9433125
0.8043631
0.55468744
0.81601024
0.76516104
0.87131774
0.8731377
0.82943386
0.73359376
0.8618404
0.8914879
0.6830769
0.9620342
0.930933
0.5916524
0.68958735
0.7814074
0.78052354
0.70010245
0.904567
0.8490857
0.3696179
0.90043503
0.78905934
0.71677494
0.8516179
0.94031256
0.81525505
0.5942261
0.7049172
0.7931699
0.73028064
0.6583487
0.744942
0.6741374
0.90040004
0.7651183
0.8894576
0.8627876
0.9030181
0.78012913
0.742936
0.79071474
0.77243984
0.856248
0.8616265
0.7813536
0.7531461
0.7142982
0.8985313
0.6066879
0.81357694
0.69977605
0.8796537
0.9121219
0.7926459
0.85294235
0.6680325
0.7425952
0.8227904
0.9507396
0.8852004
0.79598683
0.70986503
0.8040526
0.71848583
0.78711087
0.79893124
0.9703376
0.8072083
0.71455526
0.84624517
0.7587421
0.82866776
0.8568439
0.7101853
0.8104162
0.7359006
0.93205374
0.88876265
0.9267353
0.8678616
0.89259005
0.8278163
0.84659696
0.9129857
0.843066
0.89112735
0.8144337
0.80288386
0.7855834
0.78491706
0.8681499
0.65297616
0.9071547
0.62605155
0.71067715
0.89805144
0.7177346
0.66568786
0.76178074
0.85989815
0.4201349
0.75421333
0.71082854
0.8063939
0.9749586
0.44014192
0.94829863
0.9150685
0.5608734
0.36740398
0.87657493
0.8624028
0.7944406
0.62339675
0.852645
0.7791712
0.89339423
0.88649684
0.88532203
0.9393284
0.89111054
0.8414382
0.82486427
0.9222903
0.76314735
0.84579325
0.77329695
0.9382093
0.89848614
0.69334626
0.9192959
0.7799463
0.83175755
0.65586466
0.7108187
0.93151134
0.57187283
0.84930396
0.9237097
0.79029953
0.8098291
0.846212
0.91270417
0.864896
0.628923
0.9472116
0.81047165
0.9483601
0.8997076
0.8387989
0.64292896
0.7360258
0.8678098
0.7887137
0.7024773
0.8116883
0.8118879
0.7842381
0.91998893
0.8940933
0.7131236
0.6944681
0.73988616
0.9224247
0.702486
0.80944353
0.7647282
0.87601495
0.9009419
0.71434057
0.8638749
0.8480152
0.7626487
0.89009887
0.7295635
0.7497118
0.888341
0.7541362
0.80159557
0.83181566
0.5681717
0.890029
0.9541311
0.6568555
0.61065733
0.8644447
0.86628824
0.5698849
0.3478317
0.76977277
0.7957731
0.81582195
0.93600106
0.7696048
0.9059304
0.8997265
0.8749124
0.8844324
0.77365094
0.8433016
0.7884306
0.9272052
0.7336226
0.80839473
0.89756864
0.8122384
0.8177185
0.7389056
0.5601061
0.86286306
0.8187031
0.78774565
0.7890608
0.8581458
0.91386783
0.8363057
0.8176508
0.91314054
0.7236702
0.57199305
0.9069089
0.54174787
0.78570086
0.94772863
0.9054435
0.67493653
0.5065367
0.8961263
0.8946259
0.8837554
0.926449
0.8330976
0.67656934
0.9042511
0.9389416
0.71962416
0.6519753
0.8893106
0.80145997
0.6259073
0.78168625
0.87818754
0.9187348
0.6414657
0.91324675
0.89150393
0.85668874
0.85424715
0.8391098
0.7938497
0.90899
0.8517237
0.41096872
0.9330324
0.85141796
0.8062583
0.9035195
0.8642522
0.9263702
0.8040302
0.8723197
0.7080395
0.8879663
0.9435702
0.8512534
0.9102882
0.685629
0.70480376
0.70386934
0.7645178
0.8544173
0.54496145
0.7862556
0.84829235
0.9146268
0.88904303
0.8764342
0.9731134
0.8194767
0.87502426
0.7970627
0.7452167
0.7487333
0.9254024
0.5636793
0.86771077
0.8653797
0.7403079
0.7838754
0.8072873
0.7258166
0.92848665
0.79292613
0.80154365
0.9404047
0.93932366
0.66398513
0.8885994
0.8828698
0.83962715
0.8048719
0.8037553
0.75732017
0.8224766
0.55305547
0.87144613
0.8622613
0.8694884
0.961048
0.783911
0.82861763
0.8030221
0.81351864
0.7908432
0.63825506
0.9261803
0.8391201
0.887533
0.9036578
0.91329813
0.6763421
0.8824574
0.82942665
0.80415267
0.7369746
0.895552
0.571111
0.90019
0.6232388
0.64190996
0.70166016
0.7282046
0.8437441
0.83724546
0.93664
0.9201384
0.8379547
0.87643
0.6607473
0.88262963
0.8626892
0.9561194
0.9285755
0.88101995
0.713714
0.818368
0.91622615
0.7270348
0.87755185
0.68454564
0.7899944
0.7800856
0.86584544
0.94083416
0.84418035
0.89619154
0.89673555
0.51275384
0.82575846
0.7969037
0.7163696
0.8018745
0.96211207
0.96976614
0.49469024
0.6553138
0.51668173
0.94934076
0.62925994
0.79596394
0.77795464
0.8318823
0.45319146
0.8263962
0.7559778
0.84862304
0.63968974
0.29012483
0.6760596
0.92016363
0.8172095
0.7401191
0.8842668
0.60847425
0.91295993
0.8492818
0.83179873
0.89444584
0.80771786
0.9244339
0.7010003
0.75913763
0.72416544
0.9147662
0.9193541
0.9209071
0.70846426
0.8946996
0.64519894
0.8595362
0.92165893
0.7370089
0.90150577
0.87177944
0.86904216
0.79107213
0.7159097
0.9145409
0.90042585
0.81739503
0.69687027
0.68010795
0.7721884
0.7242219
0.9197203
0.7782446
0.8280532
0.6726664
0.9232804
0.83509904
0.797704
0.5774996
0.8978519
0.9339819
0.65122616
0.7770384
0.9346729
0.9237248
0.9063239
0.8328695
0.82637596
0.75574505
0.96340495
0.73312604
0.7278045
0.71905196
0.873829
0.6501705
0.83930373
0.8734394
0.85979486
0.79633224
0.7639731
0.8021897
0.476896
0.8347216
0.9082525
0.9034213
0.9254619
0.43458518
0.7618997
0.7472771
0.9116872
0.8365233
0.45260948
0.89005786
0.8469472
0.82646346
0.8424192
0.9321133
0.6807744
0.86307454
0.674245
0.82333565
0.7076319
0.8455012
0.8332437
0.88122404
0.93869376
0.8609709
0.7392298
0.92078596
0.7699987
0.60174483
0.82957166
0.8899565
0.8274188
0.89589584
0.8804858
0.8353195
0.86252326
0.6989027
0.9052286
0.9094898
0.88804334
0.8695549
0.94503754
0.91722506
0.66159755
0.7879636
0.65549046
0.8093677
0.9234185
0.9022254
0.66833496
0.91414636
0.79011446
0.877235
0.7287333
0.61724675
0.7000282
0.877648
0.8259476
0.64496255
0.7857646
0.90874404
0.9147182
0.903416
0.7143186
0.6793564
0.83691067
0.8704505
0.94448924
0.8562888
0.7916149
0.71723443
0.82974744
0.7738896
0.6480339
0.7693065
0.7813405
0.68801975
0.6611343
0.8263943
0.92759275
0.8763126
0.85735214
0.8322102
0.6901437
0.8918129
0.51018274
0.7736363
0.89201504
0.93300354
0.7728641
0.8434603
0.9030668
0.80317605
0.8345848
0.90146315
0.85331947
0.8703834
0.83909523
0.5527774
0.86453575
0.93155843
0.89277136
0.85105944
0.73738426
0.96388113
0.81624264
0.796405
0.9068554
0.6035434
0.8521995
0.8052372
0.8301642
0.81344336
0.6650379
0.825772
0.7682632
0.67138195
0.70114213
0.874792
0.73720837
0.8778196
0.9197725
0.81054616
0.91913694
0.85921025
0.8934645
0.67770505
0.9296231
0.6214872
0.45551962
0.96189195
0.89049053
0.93309486
0.9204805
0.90600246
0.83460784
0.8030951
0.4923249
0.7043236
0.83426976
0.8512803
0.9291446
0.9242285
0.79683053
0.6205387
0.6942538
0.86616683
0.8700981
0.8300147
0.85722303
0.83159983
0.7969244
0.85387343
0.9340183
0.3934698
0.9415382
0.7352345
0.52342224
0.78668
0.8271718
0.9082374
0.7180336
0.62864965
0.7980167
0.84264493
0.7910813
0.7960276
0.7329839
0.77034926
0.9446503
0.9380994
0.79125917
0.8031161
0.9185793
0.9379473
0.9391985
0.81020993
0.890048
0.8428706
0.63113123
0.56370205
0.95824677
0.840263
0.5986607
0.7885609
0.7489464
0.9630934
0.8597914
0.95042944
0.7286916
0.8039386
0.93122184
0.71898097
0.80023146
0.6025425
0.8301504
0.75764924
0.94721895
0.8993293
0.8182137
0.9026148
0.68386465
0.7804631
0.6944178
0.7825912
0.8814253
0.75350314
0.8640703
0.89864665
0.8328146
0.83371687
0.8194696
0.8140844
0.80943316
0.89714795
0.7445578
0.94058466
0.66290474
0.746259
0.8913655
0.7124745
0.91112465
0.92510444
0.7769455
0.7322833
0.73668164
0.7752865
0.78144544
0.77158
0.57438266
0.6633173
0.8783257
0.8295946
0.6869047
0.898147
0.57903564
0.8315494
0.97375995
0.7132014
0.79345316
0.75126183
0.81255853
0.63182557
0.8785353
0.8690945
0.5321534
0.954805
0.8760486
0.8717868
0.745016
0.9354881
0.76059544
0.8397547
0.5977578
0.7717014
0.8806913
0.72167814
0.90525883
0.8320633
0.73842275
0.7694655
0.87447244
0.69863605
0.8797681
0.77590036
0.85722464
0.75272596
0.89976305
0.78915334
0.80905646
0.881446
0.8883132
0.7361449
0.9724921
0.7032225
0.8700805
0.86906666
0.8041485
0.8821918
0.8980096
0.79655945
0.86158955
0.9082543
0.7877087
0.9143599
0.85279727
0.9445788
0.85906434
0.84657407
0.83170956
0.9018024
0.86642635
0.84860945
0.7961078
0.9644953
0.9044181
0.90645844
0.791293
0.9056548
0.58790344
0.8447038
0.8467462
0.79331523
0.8510264
0.87201214
0.6569376
0.80612105
0.8480221
0.8469445
0.8210792
0.9368905
0.8675392
0.9063631
0.7924837
0.89181304
0.8449419
0.5163126
0.6216767
0.6787028
0.7709763
0.65327215
0.8594173
0.7827773
0.88209885
0.7737115
0.9351824
0.9313268
0.8148514
0.8429449
0.91849244
0.74529016
0.7006817
0.830027
0.8551261
0.8691973
0.8124676
0.8815383
0.7584364
0.88994217
0.7547266
0.92838943
0.771736
0.76679504
0.91599727
0.89634615
0.83084345
0.9212779
0.8668877
0.70444375
0.7072803
0.8102845
0.79563695
0.9272359
0.95781755
0.87870204
0.87428355
0.8563808
0.7652563
0.7593375
0.9652264
0.83927345
0.7737278
0.92403364
0.7021509
0.9360642
0.46018323
0.92241406
0.7308903
0.962818
0.8399065
0.8976419
0.76549786
0.7206769
0.9198625
0.91635704
0.87012136
0.9380472
0.7084429
0.9382115
0.9316321
0.8653765
0.8173797
0.8694436
0.7999687
0.86286736
0.8411708
0.9364281
0.8914879
0.95118886
0.8627599
0.9021019
0.8562832
0.7619159
0.9214966
0.88675934
0.76429707
0.7347569
0.9477067
0.7959037
0.9410899
0.8135449
0.6953819
0.69483805
0.743648
0.81906
0.8008563
0.85444415
0.37616342
0.8036311
0.6453344
0.6145563
0.8781422
0.67678237
0.9442269
0.85674644
0.93146145
0.62261784
0.9347704
0.8286679
0.88364464
0.71427363
0.90741175
0.7575134
0.63356566
0.70884484
0.9265879
0.70337117
0.9010561
0.96319854
0.8941744
0.91062313
0.5639003
0.7108908
0.75675106
0.9061506
0.89283717
0.59370834
0.96338385
0.84537685
0.88977075
0.76838195
0.80272406
0.5901537
0.67961246
0.8462263
0.8148661
0.8527413
0.88222814
0.55194795
0.8130298
0.8225108
0.8273626
0.8742579
0.8775126
0.8219937
0.5575689
0.548793
0.7322979
0.9433563
0.9470596
0.6837642
0.647618
0.7241588
0.6530142
0.75186676
0.534288
0.8339298
0.72370505
0.84074205
0.791316
0.8885767
0.9363381
0.81640166
0.9147173
0.8163757
0.7752405
0.69928145
0.8619133
0.5450051
0.87163514
0.6565607
0.8293864
0.9477811
0.6972181
0.86422503
0.7361288
0.8095357
0.5122842
0.68577105
0.85621554
0.6791819
0.8968636
0.8560953
0.86825657
0.795612
0.7334734
0.8860269
0.8467463
0.9430248
0.8270534
0.8791202
0.917801
0.8062107
0.7822057
0.8714797
0.90979785
0.7232008
0.72533095
0.74937606
0.73479503
0.48817596
0.9521457
0.6427586
0.80041856
0.71319777
0.9069587
0.6328994
0.9383453
0.8555081
0.7331798
0.8911532
0.86003786
0.7900605
0.5285651
0.95545393
0.9335981
0.8770015
0.9580431
0.74719024
0.81412166
0.716303
0.5518297
0.8536297
0.84534705
0.9089197
0.8314363
0.8558899
0.85587406
0.7939234
0.7331184
0.736001
0.7762839
0.9118662
0.81713766
0.85852164
0.9648024
0.7440864
0.9645933
0.8472295
0.91390914
0.86377585
0.70368636
0.82480824
0.57840526
0.89141345
0.727353
0.73741055
0.6001552
0.69992626
0.7379478
0.86881274
0.6196707
0.826945
0.8670192
0.8248969
0.8492039
0.8540694
0.9236938
0.8752207
0.9450923
0.8096223
0.88928044
0.8728082
0.7494175
0.8583762
0.91495633
0.78854436
0.95171434
0.88599634
0.8995919
0.9009386
0.63990235
0.8933102
0.5877275
0.7786872
0.87960684
0.83833724
0.710822
0.7984948
0.5029993
0.7438807
0.8276557
0.86644787
0.8194614
0.80416876
0.906871
0.7489012
0.4340527
0.9298193
0.83597726
0.6585615
0.7389748
0.73481125
0.9415729
0.8134625
0.5144493
0.8169423
0.88867384
0.6590522
0.860026
0.92915773
0.65588284
0.77334404
0.9176374
0.9155892
0.9733849
0.8878062
0.8375533
0.8655119
0.7547592
0.6085889
0.72094977
0.7059933
0.8012234
0.6999554
0.7409502
0.754356
0.64769924
0.8061418
0.8651668
0.89955527
0.7665951
0.78293407
0.8648143
0.915968
0.87586707
0.97712004
0.7537396
0.8726221
0.8964974
0.8317234
0.82918584
0.70851356
0.7529131
0.79600066
0.8667127
0.9503224
0.8629089
0.7764642
0.85905814
0.72960025
0.6707505
0.82486045
0.90537447
0.83124644
0.81140673
0.8802984
0.93441457
0.79362524
0.5335748
0.7667477
0.87506324
0.7226398
0.8608974
0.70505774
0.9005125
0.6510064
0.9065183
0.61257803
0.5822911
0.7630693
0.8053188
0.78639793
0.8164418
0.7885489
0.8168658
0.7979361
0.8877
0.9511446
0.8621788
0.8640984
0.91703814
0.8941512
0.60572815
0.92168385
0.88876396
0.6205306
0.7957858
0.6310175
0.8553673
0.796844
0.72402483
0.86779565
0.8599319
0.81727016
0.8637537
0.89371705
0.9737178
0.8571669
0.69721574
0.94176143
0.74866235
0.8344212
0.6319842
0.95049655
0.84155506
0.6563399
0.7164515
0.8286447
0.7697003
0.72957647
0.78587604
0.72426945
0.9223439
0.71718514
0.84430575
0.73392993
0.65185636
0.91224
0.8920116
0.8540385
0.63532794
0.84830964
0.9051615
0.35641775
0.8611578
0.84421426
0.77774554
0.7196038
0.94012576
0.78225446
0.9152482
0.91764754
0.90899485
0.80970734
0.6919961
0.7696287
0.69201446
0.6322582
0.9353148
0.9057744
0.8834126
0.77486247
0.91417426
0.9279746
0.65563226
0.8858925
0.9530866
0.83971673
0.8741716
0.82698995
0.8624462
0.76599795
0.8303195
0.82523906
0.65016496
0.9223335
0.85613084
0.6650106
0.879792
0.875886
0.8644258
0.8258736
0.8438897
0.9142927
0.93125844
0.6307717
0.71473104
0.89450157
0.73856246
0.86455554
0.96064305
0.74592036
0.60143405
0.87168235
0.8191255
0.6853708
0.92188156
0.8025925
0.73702806
0.76041424
0.75604594
0.7773833
0.59872234
0.84396327
0.61913973
0.69097954
0.7779353
0.687159
0.73146546
0.9331203
0.8294231
0.9369336
0.5851777
0.83881295
0.6344426
0.8818606
0.9236058
0.79040146
0.81170356
0.5888098
0.771624
0.82763666
0.88312733
0.5674582
0.58431697
0.93826425
0.9387791
0.864996
0.59979767
0.9005147
0.7025262
0.8265735
0.79076123
0.84158134
0.77600086
0.76926416
0.84299207
0.9453858
0.9299074
0.32565564
0.742784
0.4639694
0.8671787
0.6705379
0.68807214
0.90473324
0.9162305
0.81209534
0.95440525
0.93249154
0.74548393
0.936878
0.92752004
0.687103
0.3486274
0.757489
0.89523304
0.8906815
0.89225084
0.93227285
0.87119925
0.9434622
0.83401185
0.81340766
0.76547146
0.81172967
0.6259584
0.47190207
0.90624017
0.8592696
0.8479947
0.935181
0.42079297
0.85945946
0.9292444
0.9142566
0.70553994
0.7969708
0.86614424
0.92588145
0.6451915
0.8229843
0.8415761
0.91465497
0.64599216
0.7636471
0.8708762
0.73699945
0.8762239
0.83315325
0.7484568
0.87412745
0.7643801
0.95382917
0.7175596
0.88739234
0.55758655
0.81748873
0.8494029
0.8137144
0.7818334
0.81975687
0.82831955
0.9481016
0.96290624
0.8152591
0.6953654
0.8421178
0.82964194
0.7792323
0.76664007
0.84652174
0.82843286
0.66029185
0.9656562
0.93518865
0.6400345
0.8027309
0.9281941
0.60812575
0.78161705
0.7855157
0.68992996
0.8899114
0.7719438
0.6753861
0.88332474
0.8721752
0.93271
0.8571841
0.7732772
0.7886685
0.86709124
0.75745094
0.7254946
0.8063163
0.91131574
0.83085394
0.66874516
0.8183104
0.97410834
0.8932153
0.94587535
0.5199065
0.7330207
0.75623864
0.8493907
0.51263446
0.93333244
0.62909615
0.9234165
0.7664449
0.93270034
0.86595124
0.87539905
0.87434626
0.5407058
0.83588827
0.9682789
0.9396067
0.4526615
0.6949438
0.9034049
0.83611184
0.75076455
0.926413
0.6922832
0.8728986
0.70318615
0.7570554
0.6951095
0.7404034
0.62371504
0.70412946
0.6936636
0.86728615
0.6914931
0.36203128
0.7849709
0.75175905
0.65087533
0.9552178
0.870937
0.739272
0.776285
0.6369413
0.81733906
0.79679847
0.9199131
0.8105255
0.8431854
0.82786876
0.93966746
0.7213742
0.81522095
0.8929263
0.886798
0.7957935
0.8668998
0.9123837
0.8228472
0.9142601
0.7854243
0.8060275
0.86885446
0.8864719
0.7865391
0.87053585
0.84803075
0.8698594
0.76784915
0.8277316
0.8783219
0.6570965
0.8430185
0.88147676
0.8061459
0.912563
0.8767529
0.74323523
0.9428401
0.79637617
0.68523353
0.6364195
0.9281646
0.921731
0.7691575
0.73602325
0.81294113
0.9489274
0.83274966
0.9566637
0.84695596
0.61469656
0.8517934
0.76020676
0.5510896
0.83449924
0.87871027
0.9021437
0.9551572
0.53977454
0.91824114
0.60984045
0.88552827
0.83589983
0.9045112
0.85291886
0.41428396
0.7538363
0.7033721
0.76487434
0.8473085
0.77054745
0.7651444
0.83474445
0.8730532
0.50402164
0.8775381
0.80963874
0.8160627
0.911167
0.9244515
0.76880157
0.95656043
0.7658479
0.90002054
0.7328626
0.81284755
0.71489775
0.5748475
0.45664936
0.6253844
0.7565972
0.93591815
0.78404206
0.7418931
0.86966157
0.91503614
0.90139616
0.9099474
0.91467935
0.93058676
0.85520667
0.8084748
0.8233622
0.8845096
0.8658287
0.91544974
0.80303603
0.92048687
0.75065756
0.941487
0.80837834
0.80469155
0.81999356
0.6985799
0.81287766
0.6176686
0.61398107
0.7868202
0.712904
0.8608672
0.91347784
0.92487335
0.84746325
0.92897725
0.887143
0.6681309
0.897163
0.5768162
0.9510502
0.9049607
0.88928044
0.7166997
0.7375282
0.9165896
0.7748196
0.61475927
0.59008515
0.72185576
0.79873484
0.7200098
0.5888591
0.63530385
0.8741252
0.9247565
0.7203245
0.83698857
0.79641706
0.65107805
0.8896061
0.8045352
0.7906355
0.8812885
0.91011417
0.80991906
0.87785316
0.7872441
0.7864647
0.9341823
0.6539622
0.85901815
0.8562177
0.9166679
0.7054467
0.96918666
0.8880304
0.6587809
0.8584224
0.829013
0.9261674
0.7222497
0.6293204
0.51238793
0.6494733
0.73089474
0.87316215
0.6790348
0.5798557
0.82624197
0.87178767
0.88849735
0.80726945
0.8625212
0.73698467
0.80641687
0.6065581
0.8253671
0.861315
0.8536227
0.8454951
0.8796436
0.85284746
0.97475696
0.90231943
0.7910369
0.83469325
0.7471427
0.7443648
0.60599697
0.91185755
0.8441351
0.92364043
0.88229454
0.8182544
0.93130136
0.85394967
0.791382
0.91783404
0.46369973
0.8049514
0.76412153
0.82120514
0.8735682
0.55403864
0.7418131
0.7685163
0.8480885
0.75100815
0.62720406
0.6198865
0.8565888
0.8639884
0.8481208
0.9362668
0.77714247
0.78911936
0.5890287
0.6169725
0.8861146
0.9146806
0.89928997
0.8267719
0.6046214
0.7785013
0.80962795
0.87632024
0.7896059
0.90792334
0.88890266
0.9561373
0.70436645
0.9129252
0.8815556
0.82994854
0.84166956
0.8658176
0.54126704
0.92872894
0.8833499
0.92257655
0.93584013
0.8570373
0.70808786
0.8560647
0.77991086
0.92116326
0.8002091
0.8585733
0.7804552
0.9065147
0.75450134
0.9224098
0.8838469
0.6722983
0.75751555
0.9363336
0.64855283
0.6153183
0.79564667
0.9080731
0.75386494
0.7760644
0.6607884
0.9102121
0.97917795
0.6882333
0.7698304
0.7401548
0.8255557
0.5281847
0.80486596
0.5054711
0.87799335
0.7179475
0.63478005
0.7033515
0.8588006
0.70631576
0.87452495
0.77414894
0.90131605
0.8976294
0.6003948
0.9377129
0.7311383
0.94231707
0.8887694
0.75958693
0.7586874
0.84660363
0.8792418
0.785538
0.9115505
0.74294865
0.70127
0.8665677
0.5339853
0.7489716
0.5941332
0.8899773
0.7767261
0.82293487
0.74610937
0.6953982
0.93574387
0.7832453
0.97523874
0.51238596
0.601175
0.7359718
0.9135012
0.7676908
0.8429546
0.81268847
0.8952586
0.9402089
0.5100686
0.89235044
0.8710106
0.67816395
0.7465632
0.6920394
0.9324802
0.7641385
0.7227885
0.5668806
0.72453237
0.8974161
0.71268165
0.76800656
0.71259296
0.8104588
0.78374016
0.89267087
0.8607728
0.8770675
0.8161175
0.64450604
0.92859423
0.9027082
0.70889485
0.901914
0.930144
0.92558026
0.85835356
0.86193347
0.5372362
0.89839274
0.7165183
0.79002017
0.70773333
0.7465987
0.71841013
0.5321121
0.8932134
0.68844765
0.86374366
0.69111216
0.9700487
0.7908349
0.8796313
0.6589235
0.9121254
0.7740576
0.7788365
0.91927475
0.89666563
0.7613628
0.92655116
0.68141025
0.8138727
0.61682546
0.8525524
0.87299305
0.42040104
0.58505267
0.858504
0.80596346
0.5992688
0.8726735
0.9224372
0.4489398
0.8332624
0.7295974
0.7541396
0.9183312
0.7523894
0.8199174
0.8550732
0.90929353
0.83081484
0.82091665
0.9368216
0.74768615
0.96190274
0.5491205
0.950401
0.87080646
0.7633434
0.7730232
0.82478523
0.75149125
0.72135186
0.8982662
0.7282602
0.7655998
0.9028063
0.6785817
0.79745173
0.68752646
0.84711784
0.86715686
0.66034776
0.6083495
0.785442
0.7035982
0.91877884
0.55260074
0.86789614
0.8989965
0.955995
0.8534543
0.8532007
0.80015033
0.82371384
0.7576195
0.7723143
0.8762239
0.86892164
0.65951806
0.9158863
0.92544013
0.7288692
0.62599
0.91952324
0.7155095
0.4612886
0.6846558
0.6697264
0.43365574
0.93759227
0.8583643
0.89384884
0.79406685
0.8659775
0.95596176
0.7411432
0.79220927
0.8614801
0.9188076
0.8499999
0.7289994
0.73588103
0.5507639
0.92705536
0.93364245
0.83379805
0.8081338
0.77960473
0.93409276
0.761894
0.8735426
0.9262939
0.82936174
0.61986786
0.74474984
0.822945
0.81098706
0.8756322
0.88241035
0.5722664
0.9616567
0.81507254
0.9295613
0.8115822
0.91948235
0.75780463
0.9136108
0.7032341
0.80107826
0.874552
0.72720563
0.8712657
0.7759508
0.8345145
0.82771075
0.86501455
0.8617268
0.86088884
0.76729006
0.8406273
0.88726234
0.8744918
0.7855821
0.7328262
0.6040536
0.7966383
0.8151662
0.83544445
0.8603008
0.8848336
0.7649692
0.9247616
0.936599
0.79635465
0.7036216
0.9197447
0.72173184
0.940031
0.71425724
0.70126307
0.90238446
0.8285073
0.96792305
0.8807394
0.87424254
0.7773155
0.70005095
0.88586587
0.90370154
0.9128302
0.7644918
0.70126045
0.8668163
0.84744585
0.858817
0.87428683
0.88169247
0.76452625
0.8419639
0.95830756
0.90947706
0.90982604
0.80821997
0.6970665
0.8146569
0.93616074
0.697883
0.8616049
0.71160764
0.7385577
0.64959633
0.6750626
0.4884324
0.89711905
0.7503956
0.6344011
0.7550308
0.6708988
0.8668321
0.94854337
0.9007813
0.63460064
0.7625394
0.66672456
0.7905451
0.8658972
0.5715271
0.7859174
0.69864666
0.9361691
0.8015883
0.90871537
0.7775728
0.8894803
0.8541603
0.5930829
0.91722393
0.7980046
0.91124403
0.73246014
0.81343246
0.8107301
0.734357
0.8102749
0.9022673
0.8932633
0.7914158
0.7385427
0.7866065
0.9178402
0.9338454
0.855507
0.82753605
0.5521075
0.8115554
0.9655949
0.47430548
0.9381857
0.6120501
0.7271533
0.9135494
0.74306256
0.92245686
0.66185635
0.9421164
0.84019375
0.7279775
0.7628423
0.7824325
0.8115509
0.747127
0.84580696
0.67560625
0.9329151
0.840938
0.74320066
0.8098979
0.63710374
0.7952373
0.96165437
0.86414886
0.8942103
0.8992339
0.76917344
0.84380007
0.95912486
0.6526059
0.90416986
0.8617143
0.8269829
0.92468715
0.7270359
0.9014278
0.8910897
0.79955274
0.9028992
0.7319367
0.73250884
0.6246524
0.8348396
0.8771815
0.65165967
0.7604277
0.8726374
0.87914217
0.6222312
0.8955746
0.8843747
0.86191106
0.90418667
0.8845266
0.73544645
0.9664631
0.65084875
0.78080606
0.85483986
0.7222014
0.88305163
0.77314544
0.8717139
0.8267655
0.77810216
0.72114927
0.78470105
0.5865856
0.80594593
0.77537936
0.8962307
0.8609726
0.8511931
0.857898
0.87583035
0.73324513
0.9387934
0.9030811
0.7584475
0.83666843
0.69472724
0.76096773
0.86847323
0.8500879
0.72481334
0.8456757
0.7955735
0.8237085
0.6544577
0.8495559
0.6400456
0.9061575
0.7478576
0.6868943
0.60782546
0.8651221
0.7622147
0.83345073
0.74467605
0.68254596
0.9559868
0.7254237
0.79440695
0.90456337
0.7143672
0.8096277
0.8827145
0.54796726
0.7756374
0.9365685
0.6377892
0.74848723
0.4881137
0.80408615
0.908244
0.7998262
0.8831617
0.82111263
0.8533134
0.83685535
0.8445287
0.84488595
0.8168017
0.67892987
0.89125186
0.8132345
0.8971463
0.7231136
0.88454425
0.7355234
0.8493329
0.7257017
0.9581674
0.6419682
0.95646316
0.853794
0.81400096
0.9165844
0.84187955
0.82405865
0.58785164
0.47453615
0.82747763
0.7536315
0.6412388
0.689333
0.96626216
0.75415707
0.8825114
0.8496824
0.8028481
0.61973816
0.92577296
0.9380845
0.85470754
0.907614
0.8385777
0.73826313
0.5515284
0.8715913
0.8158175
0.9557189
0.58054286
0.8857802
0.6080425
0.7381941
0.6257452
0.9653409
0.9252685
0.840859
0.7608985
0.8017359
0.91816634
0.9014658
0.7332142
0.5668366
0.82097447
0.73926425
0.5953574
0.7271256
0.6216521
0.7674553
0.8958078
0.8766458
0.7268755
0.89927423
0.80236655
0.6909808
0.6215771
0.92320263
0.8403043
0.86263806
0.74434197
0.69641554
0.8077601
0.9560638
0.93701017
0.52413386
0.77501154
0.6556911
0.94146824
0.65413374
0.9568837
0.9100778
0.70169973
0.7917455
0.9627533
0.794669
0.8073466
0.8345617
0.6900938
0.9541162
0.8262057
0.83922416
0.78334284
0.79448617
0.96667635
0.74526024
0.5910804
0.729084
0.9302513
0.7591223
0.77008194
0.9059968
0.9258364
0.9171086
0.53569
0.9403371
0.8358885
0.702994
0.955994
0.9178077
0.7673034
0.86758584
0.91333836
0.83882165
0.89133537
0.7516582
0.57081294
0.9132204
0.91131
0.6495353
0.72304106
0.91860354
0.8080293
0.8526915
0.885023
0.6871662
0.77793574
0.85205656
0.8358507
0.9087861
0.48471472
0.8601869
0.85741884
0.8389957
0.91797495
0.8234955
0.90396494
0.77843595
0.4144068
0.77891904
0.7970773
0.8826078
0.65464306
0.7610705
0.89411783
0.7959368
0.9304116
0.94594544
0.8406269
0.6102286
0.37971997
0.9262887
0.7691436
0.7948531
0.7018974
0.8003634
0.89201784
0.89288604
0.9085475
0.8962714
0.8218281
0.69919235
0.53997916
0.9191378
0.7636007
0.53788614
0.7733559
0.8820589
0.8084537
0.86643946
0.7480301
0.85886025
0.9038677
0.8470273
0.91832674
0.798517
0.70180494
0.9004845
0.76499295
0.88226163
0.587256
0.8930044
0.8443891
0.519279
0.674335
0.83579177
0.9066244
0.7174791
0.8403454
0.7494808
0.7166616
0.8877551
0.78283226
0.8191747
0.8443283
0.79872537
0.52850693
0.7114204
0.8102653
0.8397564
0.80021745
0.9611008
0.8570698
0.82656056
0.82504267
0.35736185
0.91790575
0.8645794
0.8784759
0.6444745
0.94085974
0.7667081
0.91441584
0.7674668
0.7654684
0.8248745
0.81318164
0.6925943
0.7680182
0.827114
0.8021284
0.82924074
0.5133052
0.39169067
0.9012289
0.8493358
0.9324268
0.75998086
0.9300546
0.913552
0.95917976
0.5922488
0.9591868
0.7773511
0.45669845
0.8869178
0.8849488
0.87225854
0.7001544
0.81629384
0.6145959
0.7936201
0.85398275
0.8345926
0.79648757
0.89730513
0.7468329
0.9039959
0.8867191
0.8129726
0.75878495
0.87732947
0.5168115
0.78682774
0.65314925
0.773855
0.64326584
0.6939698
0.8480947
0.80636495
0.7895477
0.7281902
0.61414254
0.72456115
0.3921082
0.7005126
0.67638904
0.8325893
0.8275815
0.7190369
0.92827153
0.87247133
0.5299798
0.90738195
0.6834919
0.90836304
0.63903344
0.78666216
0.83080274
0.95128644
0.7627475
0.9188256
0.925361
0.5858625
0.8421553
0.85409
0.82219815
0.6797579
0.8363411
0.8317207
0.8053986
0.6934544
0.6628734
0.90791154
0.8061438
0.89832467
0.90644395
0.8988264
0.9006593
0.7318891
0.90276104
0.9162163
0.84656096
0.79421073
0.86509824
0.87631124
0.59276134
0.88853896
0.75469005
0.88693005
0.86267835
0.85393745
0.8317055
0.8287816
0.9446973
0.71202487
0.5857914
0.6998527
0.88415205
0.5150674
0.85152715
0.8022247
0.80152416
0.6890743
0.6011329
0.6933721
0.797333
0.9397856
0.7781527
0.902327
0.96969634
0.87022364
0.65584123
0.824207
0.8395824
0.86497754
0.73362243
0.9604984
0.8511354
0.733158
0.8967327
0.8074324
0.94260067
0.5777046
0.9276058
0.9175159
0.79594755
0.7632643
0.65803003
0.9351092
0.8510303
0.8934874
0.85255563
0.9059123
0.9229293
0.8031651
0.83726627
0.76792455
0.70221263
0.9151599
0.92414296
0.6873734
0.8798395
0.6420798
0.87299114
0.77988946
0.7508641
0.7940296
0.8594235
0.7111446
0.6309207
0.7599219
0.859608
0.85863495
0.8423363
0.5524268
0.5743526
0.79002434
0.67034703
0.66948843
0.76689327
0.8304829
0.87025154
0.6782721
0.79622424
0.88003576
0.9449009
0.9480643
0.826527
0.78731
0.8433192
0.94325954
0.7761905
0.85731614
0.86444354
0.9121648
0.6329287
0.8889318
0.14895056
0.7597218
0.7688453
0.9223041
0.87619483
0.84645313
0.74839646
0.8943767
0.841112
0.7978164
0.91022205
0.9278775
0.79675776
0.5934994
0.9068366
0.8521705
0.9137795
0.7143511
0.85357094
0.8308013
0.9186017
0.6411281
0.8077087
0.6692585
0.70333743
0.65347815
0.71063113
0.7173703
0.88683224
0.80286485
0.9455203
0.5696669
0.8139331
0.8519858
0.6360771
0.8217402
0.3647756
0.89584184
0.9464133
0.940084
0.9202095
0.8056483
0.6546092
0.90019864
0.7181664
0.93905365
0.3556156
0.85898405
0.8360434
0.79151267
0.88172203
0.7081008
0.7309637
0.86671925
0.8843365
0.7936499
0.9219513
0.68762285
0.80762464
0.83840406
0.83861387
0.78480554
0.8147487
0.65616304
0.74756896
0.8045901
0.56371677
0.6586775
0.5286149
0.8853994
0.8573327
0.8697657
0.818891
0.7378173
0.8747278
0.86463046
0.66165394
0.91338813
0.7403021
0.8111999
0.6252403
0.9131932
0.902154
0.6941402
0.87291944
0.75758463
0.8237406
0.680877
0.79537666
0.88069934
0.818907
0.7768098
0.7489572
0.8859728
0.95689154
0.6838969
0.8097968
0.74915946
0.77079403
0.76103187
0.82167935
0.76148915
0.6809481
0.88484967
0.7525297
0.88982695
0.8586402
0.7185581
0.93912274
0.8971499
0.87530154
0.6730846
0.93335253
0.8828047
0.6151923
0.66406345
0.8232667
0.9278147
0.8883094
0.91687024
0.69117117
0.79381377
0.8806859
0.66828465
0.5659361
0.9106058
0.69316864
0.77098364
0.6505949
0.7533232
0.8688644
0.6461839
0.9259453
0.8962169
0.813849
0.9042036
0.8279024
0.76325613
0.7791166
0.88842016
0.7891543
0.7372608
0.83870995
0.9690482
0.85866225
0.8878837
0.8318159
0.86078244
0.75946903
0.81030506
0.6710439
0.8660205
0.6482418
0.79358107
0.6092209
0.47730768
0.35963362
0.8754574
0.80248564
0.94133234
0.8851046
0.7023971
0.89284676
0.8157409
0.8972874
0.8753933
0.85693496
0.7836333
0.8952008
0.8455745
0.83587885
0.77902913
0.8027727
0.94764394
0.8102439
0.82448155
0.8880213
0.86700135
0.35926467
0.5577694
0.7591442
0.8635461
0.57844126
0.83054304
0.86669236
0.63496315
0.7469072
0.92558193
0.5730821
0.73064893
0.699873
0.8886044
0.79045063
0.845585
0.78021383
0.8649845
0.79824364
0.8409636
0.9489883
0.9249716
0.51294684
0.6253683
0.5935266
0.7931079
0.88496566
0.8326227
0.73337865
0.87540376
0.7117335
0.7273167
0.8610118
0.8643209
0.60485744
0.8372062
0.8243545
0.91869164
0.7794425
0.83055115
0.71559876
0.86463094
0.8014504
0.7631602
0.87855
0.9176699
0.6433505
0.85351807
0.64558136
0.88480085
0.82638526
0.51191473
0.93710905
0.80027187
0.6147641
0.85635835
0.6495143
0.8179094
0.60903585
0.8530208
0.90044224
0.69200253
0.86311245
0.79012734
0.931347
0.9077522
0.87923926
0.8645182
0.78839576
0.7176105
0.82590306
0.7853882
0.8453088
0.9311291
0.82834005
0.88458854
0.8122313
0.79339886
0.6784173
0.665925
0.86662686
0.9321557
0.62018716
0.58572197
0.5273648
0.79917467
0.8765274
0.7894461
0.8775444
0.89696443
0.81815064
0.86831725
0.9475918
0.8890077
0.9260266
0.88529134
0.91627
0.65158784
0.8707297
0.6055356
0.8236338
0.8951092
0.7972975
0.8769364
0.6940064
0.8480494
0.84372985
0.8840166
0.9269624
0.90658313
0.93024117
0.8539244
0.78922683
0.9304309
0.8774859
0.847204
0.82201356
0.8749596
0.8604857
0.68317485
0.81676275
0.84302336
0.807342
0.89989996
0.8410229
0.8253793
0.88401926
0.884593
0.6951618
0.9554022
0.8248367
0.85377973
0.7141335
0.9300536
0.9312236
0.7530546
0.5651779
0.8348608
0.9456019
0.9071425
0.64167345
0.71345466
0.80122155
0.8127965
0.82253575
0.72960913
0.7405325
0.81208843
0.8522998
0.88051033
0.9043486
0.8228693
0.7704822
0.87818825
0.7691288
0.939173
0.7994436
0.8136449
0.8929682
0.58317345
0.9143125
0.6443958
0.7187928
0.685908
0.7534858
0.904299
0.6670852
0.94894975
0.7627405
0.4673276
0.7325461
0.85792863
0.88100564
0.79648846
0.8078126
0.8438144
0.7404372
0.8894931
0.88690156
0.8095937
0.69694483
0.69095963
0.37150347
0.72451633
0.8283288
0.7141999
0.7686733
0.91046554
0.77883655
0.9081429
0.89922804
0.9309734
0.7902045
0.92445314
0.65180874
0.7353707
0.90784764
0.80832446
0.6265193
0.8841903
0.8104358
0.9500767
0.846239
0.61908984
0.7984201
0.8735867
0.89094377
0.8329468
0.7627312
0.9254555
0.74123436
0.70974195
0.8280313
0.9410404
0.70951575
0.9611969
0.75636697
0.69728196
0.68543184
0.87662345
0.7175989
0.91449267
0.8122914
0.7909882
0.41655123
0.87433624
0.7648415
0.8449068
0.51603544
0.8135087
0.80531424
0.87687683
0.7700642
0.88377154
0.8869687
0.77251613
0.8031058
0.8694766
0.7339462
0.6772705
0.6717165
0.9144403
0.73991394
0.6465061
0.92194843
0.62891734
0.5563402
0.91803896
0.7997967
0.8032256
0.8947159
0.82015985
0.7737185
0.7798487
0.55699193
0.8764685
0.7483767
0.79492825
0.84044164
0.83699244
0.6962756
0.84317267
0.65910107
0.8155435
0.7801844
0.71030027
0.73249274
0.92678523
0.76481134
0.6515154
0.7403977
0.5732936
0.81176865
0.9307397
0.88003516
0.83345723
0.80383134
0.68225616
0.6919582
0.6376567
0.7241589
0.7313385
0.69008076
0.90271527
0.86588854
0.857786
0.92257106
0.8605636
0.7357917
0.8942119
0.93705976
0.7737788
0.88274086
0.7398489
0.9322854
0.6624596
0.69964224
0.8739898
0.83366257
0.7794553
0.9017461
0.73292756
0.82553923
0.7680814
0.9288752
0.68684036
0.7976542
0.9667764
0.5117143
0.83178353
0.8234633
0.8486884
0.61742723
0.91319627
0.81421024
0.8550391
0.91540325
0.9430157
0.7468458
0.8235565
0.8605513
0.75677264
0.6692807
0.8181253
0.8036221
0.85806394
0.9383191
0.83083826
0.758532
0.75486964
0.93656343
0.73101324
0.92271906
0.7901626
0.579596
0.48691624
0.47090587
0.82976735
0.7735032
0.86572766
0.73944366
0.86551577
0.88872105
0.7026962
0.39504394
0.86657035
0.61054015
0.7375159
0.8114941
0.39534423
0.89700985
0.88381666
0.87152416
0.9466883
0.8356458
0.7606995
0.9288061
0.75593454
0.8531587
0.83895963
0.8813695
0.79986405
0.83416784
0.79590297
0.811471
0.7824597
0.9410628
0.7589854
0.64743376
0.8549061
0.8405961
0.8049592
0.38334167
0.5760247
0.9401238
0.91191596
0.6633732
0.8646129
0.74216473
0.69168496
0.59963423
0.8806321
0.9151643
0.80572855
0.91926384
0.8982779
0.9325634
0.8632692
0.9652519
0.92186624
0.79891783
0.87161624
0.6746495
0.86484015
0.7490508
0.73958945
0.8610466
0.83969367
0.85919505
0.7080697
0.87364197
0.7965166
0.7439176
0.86422366
0.6236014
0.92144823
0.7232775
0.6757659
0.85501075
0.8006724
0.88148165
0.80970067
0.8667971
0.97120845
0.9677426
0.7513481
0.9081406
0.80007756
0.8208461
0.9354714
0.6702143
0.90905476
0.77524376
0.81469214
0.86942315
0.9118801
0.71333545
0.8391517
0.71854097
0.91309893
0.8033901
0.8258527
0.71870685
0.62624735
0.9208572
0.79464054
0.71029234
0.8297559
0.58532333
0.92255926
0.6591012
0.7679277
0.9185678
0.8426174
0.68731916
0.86204225
0.7177215
0.669064
0.89999586
0.7762205
0.75361806
0.86019564
0.7196667
0.8175135
0.6087988
0.81418407
0.74652666
0.71326625
0.9740877
0.67788565
0.90317494
0.67332196
0.88012236
0.9551189
0.5969267
0.8018238
0.6215872
0.8609695
0.92714465
0.85265505
0.8397687
0.82506084
0.94031054
0.7916427
0.6169219
0.81712556
0.8697623
0.81554735
0.6963538
0.71766984
0.8548899
0.745257
0.9287295
0.7231295
0.82767814
0.76929545
0.896358
0.81938696
0.96659243
0.9008629
0.7900697
0.7110958
0.8740917
0.85380435
0.75939447
0.69707626
0.86197037
0.7539073
0.76642233
0.89053315
0.8769991
0.5578877
0.8156968
0.89056087
0.7653448
0.8489615
0.9328109
0.7283624
0.8461232
0.90655845
0.6512346
0.58323145
0.83109903
0.75151926
0.7218158
0.8865779
0.88340694
0.9160157
0.9425959
0.77881175
0.89217484
0.87066966
0.9296742
0.95022184
0.94879156
0.70717496
0.8620558
0.8955984
0.7321505
0.74829274
0.9706699
0.7649711
0.80080163
0.872203
0.9011652
0.8136567
0.80096596
0.77748734
0.791237
0.8836289
0.8953115
0.86972475
0.7252402
0.8605911
0.93541086
0.800902
0.87425303
0.80561656
0.87732434
0.85822046
0.74594176
0.74602675
0.88375413
0.9007497
0.8453918
0.8608848
0.86261034
0.7133087
0.68958205
0.8457737
0.85825217
0.7486836
0.7688885
0.80989975
0.93902767
0.7284777
0.9177449
0.7720176
0.6264294
0.6849355
0.8981144
0.8225972
0.67399675
0.8676723
0.62603706
0.6953685
0.64224064
0.5293738
0.84076416
0.7832081
0.83263445
0.42055237
0.5859322
0.7420255
0.8199924
0.90746605
0.9054811
0.7493199
0.8577799
0.6979875
0.8358713
0.8600158
0.7860359
0.6835499
0.89053416
0.9014523
0.68154925
0.7218796
0.90448433
0.6913133
0.7028941
0.9440763
0.8191849
0.6827023
0.9426878
0.8603164
0.80553067
0.7234567
0.6778029
0.48584795
0.855495
0.8934891
0.96332175
0.9010264
0.66840655
0.8983016
0.71448183
0.8915331
0.7078289
0.5810133
0.88509536
0.9630158
0.59305334
0.72196615
0.91881907
0.67870694
0.831657
0.831267
0.7424154
0.8084278
0.54028046
0.9466959
0.9019729
0.7672403
0.63879716
0.72300696
0.57526064
0.9616339
0.79166293
0.72601485
0.86694837
0.8062006
0.65604466
0.88260746
0.9134908
0.91482514
0.88173723
0.6852199
0.72882926
0.838455
0.5506333
0.69288003
0.8243084
0.77972054
0.8872384
0.87636864
0.6730802
0.8258099
0.8920354
0.7985375
0.6789416
0.9296886
0.8781606
0.8258622
0.7349196
0.92732483
0.91319346
0.8405334
0.7084566
0.88120776
0.9413398
0.78140867
0.85705674
0.84986615
0.84497863
0.8286108
0.783196
0.8142605
0.52335835
0.7204225
0.7102997
0.76574945
0.79396147
0.6239042
0.7181873
0.8197833
0.76675373
0.891563
0.7567341
0.94959307
0.82246995
0.9113818
0.9257435
0.8873155
0.6585977
0.8548737
0.6584395
0.8527052
0.8616844
0.96032596
0.5312532
0.8489919
0.8456114
0.7590612
0.8026054
0.4088096
0.85699546
0.8068768
0.8867066
0.7589239
0.8714603
0.47086003
0.64342105
0.7162526
0.93321633
0.7658641
0.76061547
0.8376117
0.954903
0.6631838
0.6332401
0.9293506
0.927463
0.87002367
0.85685545
0.7824223
0.88840026
0.81708795
0.9308134
0.90968215
0.709111
0.91881824
0.9483274
0.56828177
0.9690052
0.94425803
0.8445009
0.8720839
0.8150359
0.957041
0.9371364
0.8032428
0.88386464
0.8792674
0.84263307
0.8578878
0.64759725
0.83640575
0.9004308
0.9310807
0.9538688
0.8471841
0.8865825
0.91133106
0.65282923
0.8339329
0.7959444
0.85229886
0.9323063
0.83660924
0.91027087
0.8185592
0.9035524
0.79631424
0.77401084
0.77816176
0.8160075
0.7762215
0.68485767
0.83459663
0.40204307
0.74156773
0.8979353
0.73820806
0.8770757
0.7783645
0.8716037
0.59846663
0.8875965
0.8226888
0.80664635
0.7364173
0.8033844
0.82888556
0.75797296
0.58142424
0.8970354
0.9209895
0.73008406
0.9058908
0.8714069
0.80456007
0.7430639
0.8969428
0.6729689
0.78896797
0.9087876
0.7301838
0.6501217
0.75561696
0.9207456
0.89674103
0.9646929
0.91241956
0.5946582
0.7016934
0.95620275
0.83161426
0.83274907
0.8287222
0.87369794
0.67453945
0.81376797
0.87445956
0.7816045
0.45268822
0.8605501
0.8912643
0.8715048
0.9531164
0.85049474
0.8101908
0.8129103
0.88731474
0.8602011
0.7281637
0.6942914
0.9484208
0.9092429
0.90808433
0.9064589
0.8469367
0.9158543
0.9178143
0.5595154
0.8602039
0.93496287
0.8084634
0.8306889
0.7575253
0.7085552
0.815156
0.8553022
0.70572954
0.7935489
0.8472636
0.8832635
0.76891065
0.7876948
0.89802146
0.857305
0.8123046
0.9046351
0.8245799
0.64879584
0.8229371
0.9296836
0.9580451
0.6952757
0.9166383
0.7474354
0.5933047
0.83179307
0.73031354
0.800918
0.89061093
0.86224264
0.8299248
0.7743877
0.76095027
0.3662969
0.7441899
0.85548306
0.8019264
0.8877006
0.7726927
0.7845162
0.7141184
0.8557788
0.8855217
0.88225156
0.76977885
0.89554584
0.84028375
0.90305686
0.86129594
0.8659934
0.7577586
0.88434845
0.81978625
0.6726677
0.77007973
0.9288345
0.89095634
0.69077677
0.7996305
0.6306925
0.61795765
0.8923466
0.53858715
0.83270806
0.7300867
0.8333825
0.8287886
0.83767354
0.42462853
0.906604
0.9173052
0.8930696
0.8063208
0.8676886
0.8799947
0.7947426
0.72246474
0.8824656
0.759165
0.87502396
0.5389877
0.6867194
0.654782
0.9201795
0.7992045
0.9149624
0.58925295
0.6377706
0.7743298
0.83111686
0.9034602
0.7934853
0.93546504
0.8846016
0.9008181
0.7536988
0.7632505
0.7459141
0.66450644
0.69515413
0.8384775
0.90256715
0.8442428
0.9301813
0.713627
0.911911
0.8344324
0.78744143
0.92380875
0.90601933
0.93148994
0.8344243
0.806758
0.9288335
0.9482786
0.7211617
0.86348283
0.8931443
0.7838824
0.63073385
0.7560839
0.84107447
0.81636345
0.83061486
0.882375
0.9503169
0.9304747
0.94168246
0.80738556
0.8358742
0.8173213
0.88883424
0.96463686
0.7494377
0.6282893
0.8098441
0.8402865
0.7261246
0.46565586
0.92918086
0.8021172
0.8698192
0.8481008
0.89303887
0.84749454
0.8633127
0.7502025
0.92698795
0.6939882
0.9500296
0.7733858
0.85557723
0.8051047
0.74351954
0.80317277
0.7715101
0.8428615
0.89516526
0.8964123
0.78005475
0.7744625
0.5234921
0.89016044
0.79713976
0.8334713
0.8048076
0.8293498
0.9461808
0.85720956
0.706381
0.74995005
0.8887428
0.7846771
0.7795553
0.7455622
0.819117
0.84137297
0.92273754
0.76601475
0.82488465
0.8400123
0.9140468
0.84327585
0.89070266
0.8710767
0.9347265
0.7647283
0.8495039
0.9507762
0.9046684
0.9366699
0.89737535
0.82476604
0.65488076
0.70445234
0.89684176
0.72172475
0.9252989
0.7377533
0.77972484
0.6961475
0.9164325
0.8616492
0.86067873
0.84703636
0.93935555
0.7960199
0.8213551
0.83296394
0.8840603
0.9522358
0.668599
0.791853
0.7599103
0.90178716
0.9387628
0.92115366
0.8032219
0.6542687
0.8163195
0.87819934
0.5755102
0.7397635
0.8059726
0.7867197
0.88683313
0.64537597
0.89999783
0.85188335
0.22077483
0.53395176
0.7263509
0.6856034
0.77729094
0.64654195
0.69282806
0.84045374
0.91258186
0.80125237
0.7870624
0.90035915
0.79002666
0.8152778
0.7698398
0.78064317
0.42152834
0.81624615
0.54881126
0.6636471
0.7677335
0.82526875
0.85835624
0.7368184
0.83494437
0.84113306
0.60417706
0.65762824
0.9012599
0.48570538
0.44142136
0.7715541
0.91197103
0.874107
0.70460314
0.89453995
0.7692014
0.83888817
0.63517004
0.91909236
0.6613142
0.8892473
0.6552681
0.8538006
0.81305254
0.75013566
0.58690333
0.55885774
0.8348467
0.68129545
0.89903176
0.8809286
0.82166123
0.78436685
0.7711603
0.7739923
0.83894664
0.8344935
0.5816974
0.62042093
0.75667363
0.6979911
0.7250624
0.7460185
0.90396416
0.7608492
0.93540066
0.84149534
0.86297286
0.87675065
0.78339225
0.8861904
0.90333694
0.75970876
0.6740145
0.8480021
0.7893412
0.9221853
0.7746445
0.9383666
0.75721496
0.74204266
0.5994649
0.8936003
0.6468588
0.57666415
0.84350073
0.8841271
0.8129379
0.6833749
0.6176688
0.78560495
0.82754934
0.8396665
0.7882763
0.8658133
0.79166347
0.7657333
0.88441366
0.64334214
0.7934783
0.8334831
0.7417774
0.9363147
0.7466872
0.875705
0.8865154
0.8249459
0.7099453
0.70679194
0.6030657
0.91702163
0.693455
0.91404176
0.6383352
0.8745887
0.80674547
0.84694
0.9451159
0.9007007
0.8654742
0.900452
0.79049283
0.58496904
0.76852715
0.7315812
0.754586
0.91583407
0.7975652
0.83898044
0.8478286
0.8996649
0.83775693
0.69296896
0.9615868
0.80122936
0.49200875
0.59322727
0.774368
0.88048255
0.6438985
0.8930656
0.87807035
0.6754859
0.7026239
0.81686527
0.7353879
0.8561697
0.78847003
0.85197747
0.6828071
0.88889337
0.7377201
0.9299646
0.72316295
0.7944159
0.84152323
0.8392112
0.8320683
0.8053441
0.7688581
0.7084073
0.847912
0.6925446
0.5512949
0.849915
0.77635264
0.81850076
0.90193135
0.5961982
0.9081503
0.70687264
0.8005793
0.9515096
0.83990705
0.7970677
0.8014912
0.7822422
0.7778325
0.8423295
0.9388343
0.9387859
0.6622256
0.7370486
0.85645854
0.6789621
0.7884844
0.8977595
0.6535541
0.39595357
0.9080105
0.75783634
0.95493734
0.90091527
0.8216531
0.9090516
0.86969024
0.8693732
0.794563
0.88918424
0.8373354
0.8094789
0.87173116
0.78208196
0.65831584
0.8229268
0.88416314
0.7793847
0.6061973
0.87953377
0.8875484
0.8386852
0.68597937
0.8766853
0.9322802
0.7160299
0.84806335
0.6622792
0.9591067
0.82257575
0.8495613
0.76903504
0.9048461
0.61269146
0.19956376
0.8249846
0.87736726
0.75311214
0.8267319
0.7264211
0.950632
0.86139023
0.77966166
0.82263505
0.89424807
0.7989117
0.93900794
0.9391342
0.87834114
0.84540516
0.8032589
0.76489663
0.8717259
0.8426306
0.80865973
0.9495029
0.34435463
0.74982816
0.81986296
0.8867594
0.67589563
0.8288483
0.61350685
0.8126092
0.84850836
0.7640089
0.7879461
0.9388119
0.7384531
0.7300259
0.5768219
0.95194596
0.811311
0.894943
0.9689768
0.8768778
0.8072296
0.8049388
0.8868596
0.8161193
0.665252
0.930199
0.94305867
0.89345133
0.9210347
0.91790247
0.7802493
0.8114815
0.7784876
0.72995985
0.68424636
0.845783
0.7273228
0.84384066
0.8234914
0.80299634
0.69179064
0.69966984
0.7833438
0.8155451
0.68135107
0.81976926
0.88101476
0.7080029
0.7774266
0.7994746
0.8862945
0.7085303
0.8946417
0.7665202
0.78647244
0.9492949
0.9733777
0.77410793
0.8848827
0.6988951
0.9646313
0.94480664
0.73764193
0.8833915
0.7155751
0.7248866
0.8180821
0.6359255
0.9307554
0.731828
0.7518688
0.7939161
0.6661271
0.80921304
0.5910038
0.8750961
0.7622366
0.5309924
0.84898883
0.9179421
0.86105996
0.92909616
0.71788514
0.6605675
0.7938452
0.8630383
0.80075955
0.6056486
0.6398023
0.8507875
0.8014515
0.91668755
0.8596584
0.85353404
0.8030852
0.9011318
0.80189925
0.7338287
0.79649013
0.8437966
0.7510272
0.8325254
0.77959585
0.80859405
0.7796937
0.80820334
0.8672101
0.8832383
0.7624566
0.5802008
0.7086014
0.9120685
0.79882646
0.7989026
0.87800634
0.54005015
0.7074334
0.91875994
0.86295223
0.83230454
0.8495703
0.8181024
0.69951665
0.8685709
0.58467436
0.9078099
0.7102943
0.8373786
0.8721883
0.8315835
0.81040585
0.7474002
0.9424087
0.75349325
0.6444924
0.96540457
0.8169522
0.8602514
0.6514733
0.9263507
0.73793334
0.8549205
0.9074235
0.8862288
0.739411
0.90396947
0.8295444
0.9013601
0.79452777
0.7491771
0.79787487
0.77741474
0.76006323
0.8462254
0.89822996
0.76085794
0.7045903
0.7746889
0.8491319
0.6685811
0.9270037
0.74549323
0.72469324
0.8149158
0.8352152
0.9316129
0.6259205
0.76566434
0.87554276
0.7376757
0.8097156
0.9020164
0.71756256
0.6745239
0.6445471
0.8388697
0.695145
0.76119834
0.89515734
0.8209958
0.88937026
0.85460126
0.7178748
0.62815386
0.9168625
0.8167232
0.8627779
0.9310205
0.92498773
0.7259086
0.71388423
0.8767441
0.88866293
0.6275377
0.8207274
0.8922546
0.50279456
0.9340247
0.7266456
0.65128714
0.7677833
0.62790173
0.9325226
0.79902
0.8199946
0.9144831
0.72421145
0.7698959
0.89868486
0.93890727
0.76276207
0.8319397
0.92908067
0.8628215
0.8479275
0.9078214
0.62799823
0.89244056
0.68372715
0.7338264
0.90082705
0.8165034
0.91783535
0.68416864
0.8516824
0.9323541
0.7627001
0.6414316
0.46497256
0.8262415
0.9460061
0.7684488
0.86293226
0.8292345
0.86840117
0.56212914
0.9572853
0.7052876
0.7800491
0.86630464
0.7458595
0.89149165
0.72545624
0.65449655
0.76335573
0.9296104
0.67087185
0.66986877
0.87850773
0.70267475
0.6923143
0.72887284
0.87913734
0.91861284
0.94000125
0.86973727
0.8182791
0.753003
0.8509259
0.8168692
0.7853826
0.83444464
0.8879376
0.9252347
0.9139471
0.75602263
0.9487276
0.885363
0.79304516
0.80476344
0.9131625
0.6096522
0.87406695
0.84841454
0.6669421
0.8862257
0.8413704
0.6905961
0.75311285
0.77132666
0.7391714
0.893222
0.6517083
0.8647986
0.9367909
0.8222477
0.79641765
0.89171785
0.5552781
0.6695215
0.8506603
0.8272191
0.8187524
0.8880247
0.4822948
0.9175981
0.85385865
0.9211966
0.49243286
0.93611574
0.6011278
0.86520463
0.64966464
0.6832001
0.6989426
0.8884683
0.7033316
0.6871078
0.7813628
0.81008655
0.8513931
0.76874363
0.7064413
0.74306595
0.9451726
0.84885967
0.7400272
0.9049065
0.66270274
0.9045587
0.75153637
0.9434916
0.83399034
0.81200486
0.8865384
0.8531908
0.83166647
0.83582115
0.79826164
0.718194
0.8203028
0.86280763
0.6607206
0.8378658
0.78889793
0.9476993
0.74819845
0.75243235
0.7539593
0.9473042
0.9074188
0.8343496
0.83297366
0.8281861
0.5965086
0.71912086
0.7558382
0.7813721
0.91862166
0.6251372
0.6200866
0.7486995
0.5509183
0.74248046
0.86151695
0.79353505
0.8460919
0.89442974
0.7736758
0.88347805
0.8394569
0.79073876
0.7447175
0.9009652
0.71392375
0.89792436
0.6835291
0.932621
0.79104555
0.8534715
0.73777306
0.9452569
0.655502
0.76613396
0.62322444
0.7511526
0.9331516
0.7972423
0.86146724
0.8656719
0.90299594
0.84793687
0.9577963
0.899633
0.9445916
0.82520103
0.5538461
0.8812156
0.74006927
0.53455377
0.9026433
0.7994263
0.8306382
0.89245105
0.95716923
0.84541065
0.76240313
0.89695555
0.9193382
0.8202714
0.7681836
0.54835355
0.6003699
0.667471
0.78372574
0.8259047
0.9335802
0.9255269
0.8677528
0.9438411
0.6614564
0.8863119
0.8448055
0.8877418
0.7125993
0.84226847
0.77585936
0.83442765
0.9334971
0.8554894
0.85676736
0.9152729
0.48913842
0.88256687
0.6995092
0.87384844
0.56510496
0.7974021
0.92871743
0.90926766
0.63798666
0.7853062
0.4897712
0.8573795
0.8336324
0.91038215
0.82966214
0.819969
0.89900684
0.7516891
0.7906028
0.8663763
0.4101924
0.6199469
0.73456204
0.75106496
0.8206015
0.77944416
0.76786184
0.45279542
0.886662
0.7391394
0.91747034
0.9193937
0.91452265
0.880169
0.7907251
0.9463308
0.81653965
0.87189174
0.96075237
0.7765578
0.78561044
0.8076796
0.8285129
0.87889004
0.83080435
0.7888153
0.72665054
0.55448234
0.78913146
0.5276917
0.68254024
0.8994115
0.7240711
0.7333168
0.9392377
0.89698607
0.657394
0.96775824
0.9167187
0.8663314
0.63072157
0.8070085
0.8014732
0.8488242
0.6337583
0.8570631
0.7318466
0.77620196
0.9314152
0.78130627
0.87037057
0.64863765
0.78411216
0.87202066
0.9343325
0.69892704
0.60345626
0.7516439
0.74095035
0.7626539
0.6203596
0.6509627
0.72807413
0.8205168
0.82797694
0.8662152
0.8475185
0.9238325
0.7068004
0.7750574
0.92247164
0.93520486
0.5693021
0.86101353
0.638964
0.64562726
0.64562166
0.630214
0.8212707
0.80131555
0.9434096
0.7472231
0.764249
0.8601744
0.9055949
0.7973324
0.7587031
0.9237562
0.85170835
0.9652529
0.65031236
0.80603933
0.42965996
0.8302231
0.83489466
0.8201622
0.8776626
0.77785426
0.69283104
0.84569603
0.88267213
0.8602889
0.65995276
0.8194328
0.3945955
0.6600734
0.35722467
0.96092397
0.8792281
0.7948896
0.8523036
0.64766824
0.9509563
0.5736776
0.8328701
0.87747383
0.7275071
0.8261343
0.8056182
0.8003388
0.6890402
0.8827789
0.8160854
0.74371415
0.5234858
0.5915546
0.8387809
0.6972548
0.7566167
0.71909946
0.64475334
0.6918429
0.91627645
0.8779469
0.8379357
0.41267198
0.8865837
0.80485874
0.8587738
0.8431691
0.7713539
0.78806865
0.83178145
0.6893997
0.95048916
0.8035048
0.9112295
0.6510037
0.83894116
0.93715185
0.4110137
0.7926379
0.91990614
0.5971598
0.845265
0.85007995
0.8908854
0.91375875
0.9309814
0.9666206
0.86000764
0.84433305
0.8705675
0.81180483
0.7169847
0.79100144
0.8668985
0.9096494
0.8666351
0.66034496
0.5191419
0.9029206
0.8163195
0.8779123
0.82314146
0.8634869
0.9396947
0.83510214
0.6421084
0.93115187
0.9308389
0.7257226
0.93527836
0.59547216
0.7511077
0.6725818
0.71265054
0.7605796
0.9126856
0.7348954
0.8434515
0.87841773
0.60580194
0.91875124
0.89625984
0.82786334
0.8131646
0.8276599
0.8144797
0.78249514
0.7912531
0.7553821
0.5942265
0.7428792
0.8562731
0.854671
0.8535024
0.6857921
0.9048071
0.90824556
0.8760457
0.8088525
0.7141855
0.88542
0.90729064
0.8462381
0.73839295
0.75660044
0.8885461
0.70951957
0.5486572
0.5014784
0.88946563
0.8352487
0.742244
0.86290723
0.88938195
0.8347076
0.71079624
0.821456
0.58482313
0.8982095
0.931316
0.6970005
0.80695117
0.8629782
0.808216
0.9277274
0.9403443
0.68894404
0.8187731
0.8483784
0.7929984
0.84387803
0.8444205
0.90739596
0.60554653
0.8416838
0.8073022
0.8034494
0.74931914
0.6079411
0.961433
0.7989292
0.69104207
0.9375418
0.9503679
0.7296986
0.91667926
0.94491
0.91654074
0.8448493
0.89355713
0.72277117
0.495873
0.8580196
0.68929964
0.8829371
0.632201
0.9477305
0.7392395
0.58519
0.88217664
0.8393935
0.7039221
0.8196421
0.818553
0.8302314
0.9111539
0.83070374
0.8211194
0.93195355
0.91413987
0.9330457
0.8086567
0.805706
0.70292556
0.6923176
0.8302821
0.72290236
0.75247526
0.8176732
0.866966
0.7852448
0.7869797
0.8112143
0.8608414
0.83801943
0.9396274
0.551544
0.598083
0.7536831
0.55231637
0.7529164
0.7973484
0.82018745
0.7388449
0.79555935
0.7346163
0.8025157
0.9249194
0.8716204
0.86226225
0.86822444
0.7604217
0.8736421
0.901774
0.80018866
0.8401817
0.66709226
0.70639426
0.7385167
0.819316
0.6849778
0.8909136
0.8363828
0.70680887
0.68848985
0.8710654
0.80895966
0.6940056
0.5909448
0.84556186
0.7333801
0.8466079
0.74021935
0.579983
0.9450196
0.6811984
0.42059904
0.803683
0.7314756
0.8560904
0.81471306
0.7864481
0.81060624
0.8340487
0.8453165
0.6936118
0.8777333
0.83261454
0.77660817
0.8414541
0.80166113
0.76965964
0.74994576
0.7495782
0.8083766
0.82536775
0.8868285
0.96789604
0.8608553
0.88363934
0.8899468
0.86700165
0.8083386
0.8379625
0.7824027
0.65278786
0.8464431
0.5672601
0.8708439
0.8598116
0.8460277
0.831838
0.81038177
0.76762027
0.59920704
0.8371561
0.51283
0.617831
0.751783
0.64701474
0.72670007
0.8842703
0.838966
0.7957123
0.8835759
0.87340105
0.7842616
0.8853735
0.87123156
0.7745531
0.746194
0.7382891
0.86770934
0.7901915
0.94724053
0.85343826
0.8060952
0.43689907
0.7882899
0.8567655
0.72137356
0.6560798
0.9020846
0.85082304
0.7074828
0.81039137
0.80596226
0.87516177
0.6384583
0.8843174
0.9055196
0.86107016
0.7749315
0.7148394
0.59975743
0.87894094
0.7998504
0.91950643
0.8859654
0.73736495
0.8301902
0.8471462
0.7844117
0.8564398
0.9512244
0.5877459
0.6467604
0.5947356
0.66438764
0.6757399
0.8504361
0.910787
0.8566359
0.7349426
0.82696146
0.61891055
0.80867535
0.7592679
0.8308993
0.8155144
0.7940382
0.7957231
0.8995879
0.7457134
0.88256097
0.62679476
0.8546876
0.7903264
0.73978454
0.7777859
0.8298944
0.87712526
0.8292472
0.92804354
0.7595885
0.7529352
0.81998235
0.5228976
0.7911806
0.8746687
0.9049841
0.9369357
0.6441187
0.77056694
0.77648354
0.8924135
0.7909517
0.9372335
0.9519067
0.6434677
0.7446915
0.8491993
0.79716414
0.72577786
0.8344155
0.86890286
0.72942215
0.88206255
0.7978448
0.8265923
0.7738892
0.8342289
0.7971891
0.698112
0.8558533
0.8969483
0.9108969
0.75778544
0.88481027
0.8960483
0.78310406
0.8383372
0.84798455
0.71123314
0.8880839
0.8920026
0.51432675
0.6850813
0.5759403
0.79520535
0.64362323
0.8832708
0.511927
0.68394107
0.8051989
0.9374633
0.7719608
0.9481725
0.7297385
0.60836345
0.6504285
0.8012652
0.67014277
0.7016383
0.9221341
0.8770989
0.82287264
0.6433464
0.7286114
0.9293693
0.858154
0.925479
0.87793565
0.68689674
0.8947312
0.79987895
0.7645265
0.9740263
0.92552954
0.7192142
0.76755464
0.74787474
0.4533378
0.8318539
0.81583285
0.78731763
0.90374917
0.78461236
0.8312842
0.7738824
0.72886467
0.9584513
0.93219364
0.88468707
0.7775563
0.69002134
0.9152185
0.81097126
0.62390727
0.836154
0.7252822
0.93077594
0.8735057
0.8390794
0.7374702
0.9041526
0.89343345
0.7940672
0.82697403
0.7576072
0.86371195
0.79166114
0.51438075
0.7772662
0.8824933
0.9202766
0.6371542
0.82009035
0.46279988
0.82811457
0.8354646
0.87284887
0.89853364
0.7349825
0.8937565
0.89766526
0.752514
0.7839637
0.74197584
0.7190273
0.53742576
0.92006147
0.6060337
0.8525813
0.89770514
0.8355238
0.825593
0.7220749
0.73858815
0.8032967
0.44074738
0.88158494
0.84634364
0.9101423
0.80235934
0.7870675
0.64114577
0.6333587
0.8588343
0.7999679
0.58086246
0.78027076
0.798949
0.9441796
0.87580264
0.58485997
0.89807594
0.90039676
0.7943053
0.6700436
0.9173317
0.8113313
0.87437224
0.82178897
0.61171585
0.89097214
0.89515465
0.7523498
0.5752495
0.737922
0.584903
0.7376285
0.7200289
0.7196491
0.9437557
0.90437496
0.7812029
0.75121534
0.73552924
0.8535987
0.82008326
0.805205
0.95043683
0.57714033
0.9425291
0.8624345
0.9188306
0.869984
0.85676706
0.6657202
0.90742433
0.74817836
0.89387274
0.9094682
0.8655052
0.9462231
0.8446486
0.8964567
0.88956887
0.92186826
0.70647395
0.5022712
0.8576385
0.71495116
0.7742249
0.6629997
0.7105291
0.84633046
0.79731274
0.86244774
0.62742466
0.89557344
0.82647717
0.6886982
0.8454032
0.85953367
0.72951543
0.7728602
0.69063354
0.5927777
0.84881794
0.6356123
0.7080274
0.58199173
0.85298115
0.8227792
0.9169292
0.8990279
0.88121784
0.836678
0.78021437
0.81211674
0.8672102
0.8371472
0.83839357
0.74238193
0.8448309
0.6733394
0.8871039
0.9055187
0.90652335
0.86361414
0.88471514
0.8231235
0.73706377
0.78436935
0.52157223
0.8747746
0.7853619
0.6550697
0.8238243
0.8887953
0.5632927
0.77718145
0.8087009
0.8454736
0.91997504
0.82115066
0.83579236
0.8735046
0.78925294
0.8782728
0.905219
0.83733517
0.8712021
0.8907861
0.85508436
0.67265034
0.80119866
0.70436686
0.81084824
0.8907724
0.7840413
0.9556764
0.76206505
0.7713618
0.7986415
0.8211397
0.7874131
0.6591656
0.8201357
0.7884228
0.65836906
0.70344335
0.6875414
0.874504
0.7559779
0.6347828
0.773616
0.83148205
0.7929902
0.7843112
0.8889634
0.91016114
0.7486196
0.9263268
0.7705613
0.92153513
0.670304
0.82947755
0.7664856
0.93378174
0.77721167
0.8139716
0.8161707
0.8561147
0.85923
0.8042235
0.8395027
0.81841713
0.85706615
0.9384719
0.9057158
0.87090546
0.55428356
0.88208073
0.8958676
0.8789887
0.848161
0.7715681
0.7621969
0.76248705
0.7504877
0.63769233
0.8193576
0.8601714
0.72951925
0.62560666
0.9380878
0.5911149
0.82775044
0.91850495
0.85742056
0.6247454
0.87228113
0.7912905
0.6890376
0.65747327
0.695552
0.38671958
0.92104137
0.80946696
0.88823116
0.87600064
0.66743916
0.8052743
0.5874758
0.64850974
0.59552073
0.9187871
0.7973627
0.5555397
0.80514073
0.6897198
0.6589433
0.66651833
0.7506269
0.87457347
0.81963474
0.8223686
0.8185327
0.6041423
0.93005097
0.62274605
0.8149437
0.8687745
0.57458943
0.762621
0.88842875
0.81497496
0.9167801
0.7108705
0.8603238
0.7932618
0.8006438
0.8632184
0.92382866
0.8336793
0.91974866
0.57900524
0.86879104
0.78071356
0.82285464
0.79060197
0.8211161
0.52155256
0.8674067
0.8420495
0.9596981
0.8817595
0.83108157
0.7318612
0.6820509
0.8990724
0.7719748
0.5144666
0.9261183
0.8341583
0.7631933
0.825821
0.36808854
0.9222739
0.9251178
0.798481
0.931018
0.8995078
0.8316901
0.8530558
0.76682955
0.7690668
0.8637516
0.51167166
0.91437316
0.8925874
0.71859276
0.79037356
0.5590983
0.8895017
0.86810213
0.92645067
0.60408294
0.90380526
0.72090244
0.58033925
0.81657887
0.59816146
0.78348804
0.5697448
0.8066151
0.38769835
0.8168094
0.935006
0.8970912
0.9142904
0.67131495
0.86800015
0.7820191
0.6765554
0.88940006
0.8708477
0.81125206
0.93819505
0.85711616
0.66141504
0.8752627
0.8112351
0.7194032
0.67579305
0.9391021
0.9233478
0.7350651
0.8103778
0.86020327
0.8312232
0.7679313
0.84284705
0.8322741
0.933352
0.75410414
0.8113619
0.7991464
0.90054065
0.84103924
0.76675135
0.9156014
0.9097657
0.91065896
0.9661094
0.696263
0.90029293
0.8188548
0.9132186
0.6369107
0.93133295
0.93340486
0.88089013
0.8476647
0.7988801
0.86223143
0.7594545
0.85445714
0.851858
0.7285954
0.7979697
0.73100746
0.8940955
0.7062427
0.6923847
0.8122308
0.89491016
0.9394716
0.6774809
0.6189446
0.9021582
0.8078549
0.9043913
0.7983391
0.79577893
0.8791706
0.8726324
0.888178
0.86677015
0.9537239
0.7243036
0.8505778
0.51958275
0.89331645
0.70408195
0.89354134
0.85085243
0.78977966
0.89627945
0.7534759
0.84165007
0.75167996
0.77213174
0.8976134
0.74343336
0.9409894
0.8169615
0.59971136
0.7161174
0.7232573
0.8180269
0.8978154
0.75887024
0.81164587
0.7941231
0.913942
0.71733123
0.47836018
0.72896445
0.80664104
0.89065117
0.7593905
0.8219382
0.79865074
0.83345574
0.83541214
0.8486681
0.7855383
0.7257699
0.863443
0.55282134
0.91759276
0.442729
0.85858643
0.6585703
0.7441165
0.6251102
0.5016792
0.7373117
0.8181955
0.8812095
0.86946315
0.65133667
0.8749414
0.6165084
0.8642299
0.7377463
0.88135815
0.8929826
0.79389894
0.93689287
0.87784004
0.61842996
0.8799911
0.84648615
0.7244662
0.709658
0.91291845
0.8550973
0.8636966
0.8673055
0.71560717
0.8686795
0.65669256
0.5794059
0.7909501
0.85608155
0.90968347
0.9268657
0.856626
0.63567704
0.7214562
0.7723677
0.95780385
0.48733965
0.7740545
0.89716405
0.9132509
0.7909084
0.5299814
0.6660838
0.55501294
0.79603666
0.8793454
0.9161066
0.8895238
0.87781966
0.555482
0.9470669
0.8788925
0.83110964
0.8077989
0.8128856
0.83684677
0.846693
0.8352864
0.800871
0.8288084
0.7581519
0.82606125
0.9141131
0.8501791
0.88797045
0.7940633
0.8690315
0.8590546
0.86150247
0.867572
0.77187085
0.43541276
0.47246334
0.74893206
0.89099663
0.8864835
0.67015445
0.73995423
0.78769535
0.94044924
0.60387725
0.81495625
0.91151047
0.9363613
0.6400752
0.5590624
0.8558094
0.8259354
0.53720784
0.73067784
0.8422346
0.66793233
0.5854602
0.7615069
0.8744557
0.85566354
0.34918308
0.75601697
0.74456847
0.81958455
0.5763306
0.8723159
0.94259906
0.93035007
0.7743554
0.72390664
0.72070944
0.8166184
0.6650978
0.8543266
0.74950397
0.90832984
0.69406044
0.8734184
0.6496165
0.8223675
0.41642916
0.7521345
0.80246353
0.85481626
0.87337613
0.7173977
0.4657144
0.8726558
0.8282704
0.8225185
0.6120004
0.79696393
0.83901775
0.6596598
0.8173987
0.7350231
0.9307349
0.9423042
0.78211176
0.8990704
0.9580035
0.72828305
0.8826345
0.7098181
0.8936547
0.8802192
0.8326184
0.9452221
0.9305256
0.8530879
0.91720474
0.7884526
0.48393387
0.9561859
0.7678783
0.86866844
0.8568487
0.7211498
0.78829247
0.8485025
0.8710282
0.72394717
0.92520344
0.73804426
0.91608137
0.709111
0.61981726
0.88903564
0.54637367
0.9190283
0.67756724
0.7929041
0.9624024
0.8630667
0.7748406
0.89534086
0.6804912
0.7592362
0.7901015
0.85694194
0.7669835
0.6908331
0.88964087
0.71999633
0.7734232
0.7981405
0.59099483
0.6699099
0.6695523
0.6499587
0.6982992
0.88388866
0.7629715
0.7620997
0.8608326
0.9025444
0.8022074
0.840833
0.74273574
0.9291357
0.8263348
0.8356122
0.91915596
0.89329416
0.9014263
0.79085296
0.7893261
0.7368197
0.82718956
0.62695956
0.88730377
0.86802197
0.80688906
0.5826829
0.8329194
0.75717187
0.7817557
0.8082778
0.7566594
0.9359939
0.88766897
0.8508224
0.756261
0.65498734
0.7390634
0.8292199
0.85892045
0.8477115
0.67016363
0.9183455
0.7825834
0.7952601
0.59203273
0.7109859
0.8103214
0.88266397
0.73010254
0.90665144
0.48082423
0.82378244
0.8712474
0.66498506
0.70987713
0.7860795
0.77047265
0.90099496
0.7448524
0.947166
0.88219476
0.8581101
0.8921711
0.78208166
0.7649344
0.8889119
0.7413843
0.8551283
0.60618407
0.64069706
0.47816515
0.6396769
0.89783525
0.7950531
0.68075347
0.66754866
0.87197214
0.8726487
0.9547597
0.91082716
0.7916487
0.8505433
0.74183685
0.77531177
0.90920645
0.6946132
0.67666936
0.875159
0.69242644
0.6673481
0.69653076
0.7656913
0.5359833
0.77748674
0.9535078
0.73705417
0.7618128
0.7410917
0.7775748
0.77565366
0.77526355
0.6473799
0.8544256
0.7575228
0.9717313
0.6725068
0.74618596
0.7557759
0.7416085
0.92273986
0.58825773
0.63859427
0.7937912
0.71488863
0.81047076
0.9008077
0.6672645
0.8090452
0.744665
0.61382896
0.88666266
0.8329835
0.71128863
0.67852867
0.8961225
0.74582076
0.9365344
0.8706406
0.88405794
0.72097117
0.812004
0.7250297
0.64791465
0.8367497
0.7622435
0.7555578
0.7009502
0.6142532
0.7701052
0.9431022
0.746243
0.8894534
0.8761441
0.88818264
0.92320037
0.80215824
0.8851507
0.9300734
0.8096441
0.83258414
0.4934324
0.7552973
0.8370781
0.66061664
0.96054137
0.7905392
0.871063
0.67065156
0.83197886
0.6984837
0.85997355
0.7267009
0.5928835
0.5253323
0.6560741
0.88826394
0.88717
0.6340736
0.8346083
0.73822486
0.8509022
0.81401324
0.8800194
0.8089495
0.5976037
0.6709328
0.8066597
0.82390237
0.94996226
0.67034876
0.86986315
0.8547473
0.78025997
0.6809193
0.67685485
0.9267684
0.50938004
0.8418385
0.81427574
0.7708455
0.89789134
0.71952987
0.92182785
0.8323053
0.88056415
0.92453265
0.7743867
0.7849132
0.7976789
0.6110806
0.73825604
0.81831646
0.7091981
0.88037395
0.85761815
0.6840605
0.8464853
0.704819
0.8847694
0.6211975
0.6213277
0.87418616
0.61355937
0.7354304
0.8389632
0.8486642
0.53957075
0.9509216
0.77936476
0.7803159
0.8216772
0.92730594
0.7512769
0.8082234
0.7666703
0.85864353
0.73106056
0.8656372
0.9187437
0.70194787
0.7686502
0.8425434
0.84668803
0.84634423
0.7727533
0.8640117
0.8590763
0.9131152
0.9394504
0.8272775
0.85814697
0.86068714
0.77531075
0.87325275
0.7923588
0.74354494
0.8962745
0.85118103
0.68457866
0.88702047
0.8089301
0.7983629
0.87141573
0.9272119
0.96182966
0.7870027
0.83555895
0.819059
0.919135
0.6644143
0.8019141
0.843424
0.5415015
0.7278568
0.8413862
0.9088652
0.5955843
0.89251
0.8128313
0.83383656
0.5592468
0.8770136
0.86125153
0.9094796
0.34374756
0.85679615
0.87230456
0.76107967
0.71706533
0.71089965
0.50554395
0.5727897
0.9312388
0.7362881
0.77828145
0.6808968
0.69460356
0.8493726
0.9086187
0.77539057
0.72498524
0.71635354
0.91297483
0.7390546
0.8088419
0.88381433
0.78613746
0.8527542
0.7944331
0.91552174
0.60190463
0.8530326
0.77412474
0.9163427
0.7546585
0.8067166
0.74901843
0.8531692
0.8436947
0.88070446
0.8018583
0.77068025
0.8799195
0.8766898
0.88145816
0.8804749
0.77520114
0.71237504
0.82229006
0.827511
0.8509195
0.89261365
0.8871697
0.5752089
0.83050215
0.7779373
0.8985902
0.7563271
0.9143578
0.7989226
0.80548525
0.85211015
0.78381884
0.8111116
0.7912512
0.8433136
0.86481094
0.74258775
0.7698548
0.9107767
0.8470315
0.78844255
0.74607694
0.8696829
0.8002951
0.9103648
0.9011128
0.87973845
0.7716092
0.8829621
0.39644104
0.6385778
0.59571993
0.81203955
0.8053344
0.8180511
0.71288085
0.526003
0.82295513
0.914976
0.7982925
0.8167836
0.9636638
0.9155266
0.74519193
0.8877308
0.6814705
0.7938042
0.76165575
0.81019664
0.88289773
0.8737823
0.91935587
0.4271834
0.9176961
0.7809098
0.8833129
0.7060997
0.8351423
0.79363346
0.930333
0.78285056
0.83991176
0.79587555
0.8662241
0.6965532
0.71160305
0.9305066
0.8837921
0.8328819
0.8800962
0.81577134
0.78393024
0.8251568
0.93526936
0.840501
0.6007322
0.649465
0.8028321
0.7921293
0.7990109
0.77786064
0.83638823
0.69448495
0.81844354
0.71817315
0.8876512
0.86855745
0.912243
0.75829303
0.68061864
0.6270909
0.723828
0.8527232
0.87879896
0.81860995
0.84523976
0.78260213
0.92755926
0.822109
0.56750786
0.7360814
0.5345871
0.82262725
0.8856707
0.79187226
0.88523144
0.72797567
0.89761794
0.9337453
0.57483274
0.7767676
0.8339603
0.80972886
0.7509879
0.6845886
0.49051425
0.82439077
0.82146174
0.8579602
0.7359874
0.79996955
0.553429
0.7388933
0.60862786
0.81082565
0.89937276
0.9395742
0.9063108
0.86368495
0.7694179
0.8094811
0.9416455
0.8320904
0.7805625
0.7835325
0.9215678
0.79485554
0.72374904
0.7494408
0.96473306
0.93297005
0.8081557
0.6908223
0.85116255
0.6704753
0.89985454
0.7566103
0.7552293
0.8755575
0.74730575
0.8955511
0.87767833
0.8998205
0.67784756
0.7827189
0.7921054
0.93684274
0.91912425
0.80557805
0.9274018
0.8495003
0.8821969
0.7709093
0.94222724
0.6318857
0.89507127
0.8008802
0.72055537
0.91062933
0.8624098
0.89363885
0.7893268
0.9021557
0.8802128
0.65816796
0.9580528
0.9617762
0.8765222
0.81327075
0.70030034
0.90091354
0.8071023
0.909238
0.8593577
0.85564834
0.81279635
0.83233833
0.84814405
0.8127263
0.7493924
0.8640631
0.88046914
0.7890319
0.4309376
0.7628069
0.5977749
0.73156524
0.8628973
0.68076766
0.90304744
0.70213395
0.92231655
0.8387548
0.8652316
0.64501953
0.6753118
0.87321615
0.8457941
0.96923536
0.84773713
0.8312686
0.682776
0.8440455
0.9002186
0.91498756
0.9381784
0.8171972
0.74207187
0.7934356
0.79511553
0.8599254
0.8796837
0.7707535
0.7706078
0.8978507
0.9120928
0.6831064
0.83396536
0.9150251
0.86711866
0.7614406
0.6783878
0.72985005
0.4716318
0.77624977
0.8100434
0.82410413
0.89190125
0.70963407
0.81160635
0.9164672
0.8747293
0.9080863
0.8880577
0.9263529
0.7144402
0.69568104
0.7427796
0.81219643
0.5250572
0.80186015
0.84621567
0.9269961
0.96043044
0.8835509
0.91969645
0.8548548
0.873352
0.90934616
0.8805448
0.803967
0.91819036
0.56948346
0.9296155
0.9173513
0.8753059
0.93519557
0.869559
0.8123157
0.7977418
0.5485555
0.91341954
0.5054334
0.8890066
0.83329326
0.9107581
0.8109908
0.7478483
0.8559116
0.6272316
0.8433809
0.9457221
0.74018097
0.8600662
0.81613964
0.7751438
0.80223715
0.8836562
0.64064056
0.9074623
0.823998
0.8607053
0.8121747
0.8747416
0.82743
0.95987296
0.76306564
0.8805684
0.75805974
0.94272155
0.8275322
0.77879316
0.6839368
0.6368769
0.8433847
0.85094255
0.7771854
0.79126096
0.72574574
0.82200575
0.88465106
0.7566645
0.8270841
0.78554887
0.93498755
0.59555113
0.8013413
0.90730995
0.6965854
0.8149589
0.74732614
0.69448763
0.7105908
0.8121352
0.73624814
0.93115115
0.89191014
0.79513526
0.85731536
0.8631042
0.93599534
0.70892465
0.7762009
0.5447603
0.8246525
0.8708416
0.9454891
0.79303986
0.86116755
0.9368392
0.8473827
0.90158427
0.9039238
0.47791603
0.7509652
0.8731687
0.75752276
0.8977027
0.77777
0.86179477
0.829225
0.9101876
0.82460713
0.69325835
0.8725034
0.87290674
0.6773305
0.88465786
0.8416344
0.8694046
0.5642392
0.7400298
0.5232429
0.92232704
0.8196244
0.67633885
0.8648479
0.9092342
0.76626784
0.71305376
0.8950795
0.9165715
0.90548384
0.84281814
0.7699308
0.8520246
0.7908734
0.86161834
0.8788167
0.7776544
0.6260082
0.6181421
0.85979295
0.70203143
0.83066833
0.8009517
0.88030505
0.92316735
0.77750015
0.9118835
0.78639096
0.85541064
0.88097227
0.89200556
0.87803763
0.8159396
0.73349786
0.94347167
0.96699286
0.7949254
0.5768423
0.5391139
0.8066377
0.89304084
0.81425595
0.723954
0.6940278
0.94002837
0.60712016
0.73691744
0.97187
0.9341777
0.71957093
0.72027415
0.78252393
0.84328985
0.74574614
0.61115414
0.7359595
0.9108222
0.8860989
0.6379846
0.69232136
0.9202353
0.7021243
0.86678195
0.7843236
0.42688182
0.7020552
0.87510717
0.92211837
0.703666
0.82075
0.6179685
0.8007412
0.89779717
0.8085557
0.5333688
0.87349856
0.80437726
0.5629651
0.86027324
0.7874509
0.7261789
0.56628156
0.8994394
0.88100976
0.9091363
0.84891456
0.67903334
0.8222063
0.74554336
0.46931672
0.7593936
0.87946004
0.75511515
0.70128316
0.7402146
0.7100559
0.80049366
0.8142141
0.8654097
0.7315472
0.6014663
0.8937186
0.87050855
0.790856
0.77633256
0.842302
0.87222075
0.8144461
0.80804306
0.7807144
0.65571713
0.78761977
0.8127714
0.9236928
0.729666
0.8644797
0.89105386
0.69151855
0.66903543
0.89928705
0.8151668
0.88072693
0.63244736
0.71370554
0.8201401
0.85597134
0.67899996
0.87733364
0.5700007
0.788839
0.8522243
0.8033673
0.9049026
0.8465041
0.60525393
0.71756023
0.7154728
0.73575187
0.5531656
0.7965355
0.8546948
0.7340181
0.59077716
0.76491964
0.6990881
0.9465683
0.8085135
0.8131142
0.8418662
0.7931204
0.738385
0.7861115
0.59600216
0.89151806
0.6853251
0.91588366
0.72748625
0.78729653
0.8042322
0.7223652
0.76961565
0.7416116
0.83094764
0.9328013
0.7625501
0.89799196
0.9172409
0.791262
0.6005641
0.80527925
0.93287134
0.7373114
0.8811914
0.7548177
0.7203077
0.88471776
0.66812354
0.84597886
0.77214074
0.9276366
0.7071061
0.93480384
0.7801028
0.90688896
0.8825947
0.81237763
0.84255743
0.73907995
0.9135158
0.7549322
0.8484547
0.7974525
0.59338737
0.8709861
0.8354433
0.7793057
0.81599426
0.9236979
0.45372194
0.9557251
0.5562471
0.8049797
0.85388345
0.9215025
0.54333997
0.8558609
0.5589869
0.8902738
0.6029779
0.8579137
0.8272403
0.89462256
0.88016695
0.5809032
0.81693625
0.85835016
0.8283389
0.7977218
0.57547224
0.8806161
0.92712927
0.59770256
0.7239667
0.90894586
0.7474463
0.64499396
0.90318173
0.6819944
0.7204389
0.9030616
0.66537905
0.71960485
0.7421987
0.89858633
0.9483957
0.66537213
0.7803654
0.79680467
0.5641153
0.65467936
0.71232706
0.85057193
0.6588636
0.8657527
0.8820307
0.8677332
0.80983675
0.8050189
0.9551989
0.8998237
0.80047685
0.8147313
0.9036378
0.66231567
0.7839929
0.6633082
0.96119946
0.9211507
0.74029595
0.83909976
0.87062216
0.86290354
0.67312324
0.8034917
0.90728617
0.91728115
0.89203453
0.85903347
0.85802585
0.84472287
0.9263209
0.6117826
0.27414784
0.78714746
0.70111084
0.69417346
0.53810716
0.86919224
0.834693
0.92445993
0.5808728
0.8169529
0.86959165
0.8236791
0.7853792
0.7638925
0.8464511
0.74857527
0.7718412
0.7522381
0.8975253
0.9078764
0.90045863
0.85365045
0.8586267
0.8469646
0.8242867
0.79389733
0.7236992
0.66475505
0.6496823
0.71218055
0.6589223
0.69535995
0.78206354
0.74048215
0.91819274
0.718799
0.6743555
0.70161736
0.88932294
0.9160753
0.6239773
0.638432
0.5690841
0.8386846
0.85653985
0.8825222
0.91045034
0.7385606
0.6194715
0.8572904
0.8220147
0.84099895
0.82816917
0.7886981
0.72236484
0.5800812
0.8416997
0.8203546
0.4754474
0.80303264
0.977464
0.894433
0.7905303
0.8512971
0.8417232
0.9191889
0.9076995
0.8762697
0.6471786
0.89321417
0.60691524
0.71773386
0.67612964
0.84203315
0.8741014
0.8492203
0.72739255
0.88607824
0.7280088
0.76344115
0.96774244
0.92655206
0.7921616
0.7124537
0.87317157
0.9688386
0.9535061
0.78025115
0.74870616
0.77948076
0.3512811
0.7752728
0.77957124
0.87563276
0.8161908
0.7729942
0.922192
0.83305705
0.7131045
0.61451286
0.80468917
0.8619297
0.8410478
0.6002844
0.69547904
0.83419126
0.8416116
0.7755404
0.7780807
0.86985195
0.62219256
0.7718269
0.79920614
0.8780742
0.8431363
0.96433926
0.50906986
0.8420273
0.6378975
0.85851043
0.92781293
0.8631674
0.9540287
0.68557495
0.9211181
0.83876073
0.78294975
0.7841316
0.97370267
0.5347912
0.90539
0.82174367
0.8081815
0.9224504
0.7810348
0.7166651
0.63766444
0.8315752
0.897581
0.7731445
0.80110943
0.4553373
0.9020812
0.7872678
0.62088114
0.7464951
0.81129736
0.9229105
0.65913063
0.897423
0.89242715
0.81296194
0.8246215
0.71399754
0.81882966
0.6836153
0.82318217
0.6900289
0.8773385
0.78097355
0.799314
0.80731976
0.81774145
0.31307992
0.85218924
0.747936
0.83948696
0.8954001
0.91041017
0.8648987
0.876503
0.8463367
0.8140749
0.6312534
0.84970397
0.70686746
0.89395
0.82053316
0.929484
0.9247994
0.8398016
0.6344358
0.6950878
0.36329716
0.8910322
0.7812874
0.4655031
0.8257421
0.7235302
0.85535175
0.54725826
0.6867108
0.40221104
0.9002332
0.79287815
0.84966034
0.72538954
0.9045728
0.83254874
0.95125616
0.9295174
0.7251328
0.81192577
0.8951009
0.7229369
0.7662724
0.61991334
0.8655433
0.61922723
0.923825
0.7046099
0.8986803
0.7495973
0.81292826
0.83449674
0.8552869
0.8704784
0.6309897
0.6883903
0.88225716
0.5423667
0.82587904
0.7726917
0.78583336
0.78002346
0.9156486
0.83293396
0.8833445
0.7152765
0.6953365
0.88660306
0.8807508
0.9122277
0.8144237
0.78567797
0.77717596
0.9673692
0.862394
0.7248571
0.92117804
0.907413
0.8041681
0.9391068
0.8269962
0.8254
0.58388835
0.7917684
0.5953798
0.78683704
0.8070871
0.4770829
0.767107
0.8011915
0.82425106
0.5271186
0.78126943
0.4574213
0.6287604
0.73721486
0.7625384
0.8743895
0.9304818
0.8059474
0.7158986
0.8559073
0.84316796
0.67661685
0.86321557
0.77387804
0.8348975
0.7903001
0.7157939
0.88832086
0.83575845
0.89816296
0.70590436
0.93084544
0.92031157
0.7090308
0.92950004
0.8162478
0.9431916
0.63735974
0.9323391
0.7760844
0.92668253
0.94600844
0.83453315
0.8819929
0.79407054
0.70601046
0.6251948
0.6952205
0.11989376
0.70483804
0.86964285
0.40985695
0.82857144
0.5237236
0.6275392
0.56347495
0.6540387
0.6737327
0.78960073
0.94136643
0.47744256
0.57016987
0.8259232
0.7420923
0.78892124
0.8365292
0.6283827
0.9366847
0.8581479
0.8618702
0.72695214
0.8373774
0.9472953
0.8453454
0.9020921
0.7484428
0.82841957
0.88492
0.8681762
0.6670574
0.82223934
0.96105903
0.7621874
0.7816062
0.8289303
0.6357228
0.8146309
0.7412023
0.57343745
0.7484803
0.74703354
0.5977383
0.7679789
0.8458422
0.7461007
0.9357388
0.88669926
0.8711815
0.81865686
0.4939922
0.6369071
0.85545814
0.60039943
0.88060623
0.95326316
0.72554916
0.8772451
0.88867754
0.78955567
0.7875044
0.9163246
0.8257976
0.7212994
0.84237033
0.85135543
0.86982054
0.80278933
0.8674679
0.93356705
0.9384543
0.7124186
0.80448055
0.6989601
0.71706575
0.7861573
0.744922
0.6173233
0.7797506
0.86122215
0.90037346
0.84689957
0.87300575
0.8554987
0.85444665
0.88217914
0.26304883
0.8585045
0.8901494
0.88405603
0.60561705
0.8532701
0.8133888
0.8973557
0.7371924
0.8656883
0.5630417
0.563535
0.8992645
0.823397
0.8812545
0.81033605
0.8784512
0.8046303
0.8703441
0.4868098
0.8089913
0.7569931
0.9123877
0.7935959
0.40822446
0.8996253
0.8316119
0.7840006
0.7552229
0.8751202
0.86722475
0.87518513
0.23143387
0.9612426
0.5399472
0.7966643
0.6403534
0.90699655
0.52222425
0.8356987
0.8681617
0.7202516
0.88721335
0.6970899
0.9002422
0.79102427
0.8014202
0.8578722
0.8169334
0.857869
0.84568894
0.64022946
0.7290726
0.9280655
0.84345096
0.97620046
0.7860837
0.83796036
0.9127393
0.82775164
0.9156425
0.4965674
0.92691624
0.7575383
0.8921604
0.88523656
0.883664
0.6163895
0.80578506
0.87010515
0.7059763
0.8916442
0.8637477
0.80180013
0.7354018
0.85210425
0.712174
0.79320824
0.68721133
0.921456
0.88130856
0.88845825
0.75550556
0.8564276
0.69805837
0.8402672
0.8433711
0.76075935
0.937523
0.8238448
0.41193554
0.7904634
0.9326508
0.8251263
0.86071444
0.93870115
0.64234394
0.7072411
0.56767
0.7453591
0.835801
0.8868661
0.46203256
0.66558427
0.8471953
0.709599
0.7334289
0.6505215
0.83556473
0.8994014
0.502236
0.8748273
0.68246686
0.8092344
0.9461808
0.72190976
0.66496265
0.77698064
0.7318862
0.7905231
0.6996912
0.8626765
0.9273406
0.9745661
0.7918864
0.9151691
0.6162049
0.6668704
0.58345294
0.52916765
0.76889455
0.80382353
0.71380365
0.84091353
0.768068
0.8849912
0.951572
0.95584565
0.8093516
0.9181437
0.8543478
0.72105217
0.92905986
0.9042807
0.8316511
0.8244557
0.78666115
0.9405589
0.93041044
0.91490376
0.94674957
0.7949386
0.7580093
0.71239305
0.843289
0.74840117
0.6560871
0.6673275
0.7688041
0.71369964
0.7433772
0.7923161
0.46834928
0.91830087
0.9086575
0.67117476
0.93725353
0.77961385
0.8747684
0.9099897
0.89505863
0.7718508
0.8541795
0.79199356
0.8431587
0.8415757
0.8949071
0.8562149
0.70251447
0.8171602
0.9514799
0.84341204
0.7644189
0.6951344
0.71698654
0.9092423
0.8458673
0.92771924
0.8321123
0.70901096
0.8639892
0.8280327
0.7958677
0.74802166
0.72991896
0.9240788
0.78970975
0.6080968
0.62519217
0.82455784
0.9347261
0.84271944
0.8175787
0.8452378
0.84692276
0.6610868
0.83757627
0.92223525
0.7470642
0.7790054
0.903085
0.78857964
0.77849627
0.75751376
0.79681563
0.7432005
0.83373386
0.6493356
0.88609284
0.92250204
0.96892744
0.78569317
0.87186956
0.88892484
0.853053
0.63854015
0.7475635
0.9421291
0.8400302
0.69717723
0.34629914
0.7260194
0.7881063
0.9505028
0.84760195
0.92456645
0.9024603
0.8469294
0.83181345
0.7069433
0.7522892
0.8345964
0.6318585
0.84108645
0.8204418
0.7205711
0.8029764
0.9520669
0.91956306
0.77327
0.5528938
0.66889066
0.71642566
0.94161105
0.9449213
0.85327274
0.74109066
0.75828415
0.72369415
0.9180461
0.84328204
0.7849712
0.62336284
0.8941194
0.64220536
0.9038554
0.93414986
0.5963054
0.69885385
0.80858505
0.8568407
0.85493475
0.88690245
0.8774054
0.8908701
0.7727099
0.7114873
0.80059445
0.7347762
0.78301686
0.59023786
0.8693308
0.8057292
0.79000646
0.7110856
0.8749472
0.6607769
0.70728886
0.6814703
0.5304642
0.8643167
0.5430343
0.8820987
0.7899637
0.8106019
0.9404569
0.736084
0.8448385
0.8819847
0.8202417
0.8390331
0.8933646
0.95089
0.7767422
0.6414833
0.68968964
0.6125572
0.83000517
0.9196231
0.8401531
0.8051566
0.853217
0.83456403
0.9090955
0.81971526
0.9383835
0.8709716
0.736632
0.83893234
0.9081133
0.9639401
0.8782132
0.8645745
0.81366515
0.8131969
0.8210191
0.78080475
0.9266585
0.7956272
0.7815335
0.95504
0.7155668
0.51035255
0.8851397
0.9303528
0.8471578
0.7144013
0.7990632
0.94039464
0.86145467
0.7163042
0.84934413
0.8570838
0.59826463
0.89996386
0.87057954
0.92715514
0.92327505
0.7196945
0.7897107
0.8961656
0.8295723
0.9392942
0.62072164
0.9657408
0.4784944
0.9624656
0.64252836
0.3638415
0.9121386
0.9475652
0.80186415
0.70827985
0.6534477
0.6120242
0.7838005
0.46652684
0.8866527
0.61275816
0.8908854
0.79776806
0.7610857
0.6742101
0.55812514
0.8905771
0.8084887
0.7641459
0.8072037
0.966997
0.70748425
0.71464133
0.9470511
0.75826794
0.81079096
0.9190475
0.80355257
0.580982
0.80609614
0.58581793
0.80344236
0.77303165
0.63925123
